Annotation Name,Area (µm^2),Cell Count,Transcript Count
Y2-TA-2_LGD-1,33992.65,429,0
Y2-TA-2_LGD-2,67313.05,573,0
T1-TA-1_LGD-1,240297.07,2028,0
Y1-TA-1_LGD-1,626162.13,6642,0
Y1-TA-2_LGD-1,24029.42,363,0
Y1-TA-2_LGD-2,12726.25,183,0
Y1-TA-2_LGD-3,16006.05,180,0
Y1-TA-2_LGD-4,10246.09,93,0
R1-CA-2_LGD-1,788938.79,6022,0

Annotation Name,Cell ID,Cluster ID,Total Transcripts,Cell Area
Y2-TA-2_LGD-1,jffnokde-1,Cluster 7,0,26.24
Y2-TA-2_LGD-1,jfmhdcoc-1,Cluster 3,0,15.76
Y2-TA-2_LGD-1,jfgemfpc-1,Cluster 7,0,90.18
Y2-TA-2_LGD-1,jfgdiikc-1,Cluster 3,0,75.09
Y2-TA-2_LGD-1,jfgehlha-1,Cluster 1,0,34.73
Y2-TA-2_LGD-1,jfknajbp-1,Cluster 3,0,36.08
Y2-TA-2_LGD-1,jfknnpip-1,Cluster 7,0,49.63
Y2-TA-2_LGD-1,ahlhkpli-1,Cluster 7,0,70.35
Y2-TA-2_LGD-1,jfcpgben-1,Cluster 7,0,22.08
Y2-TA-2_LGD-1,jfkockpc-1,Cluster 7,0,26.82
Y2-TA-2_LGD-1,jfkocnfj-1,Cluster 7,0,34.95
Y2-TA-2_LGD-1,ahlhliic-1,Cluster 1,0,50.48
Y2-TA-2_LGD-1,jfllbhan-1,Cluster 6,0,41.41
Y2-TA-2_LGD-1,jfgboojh-1,Cluster 5,0,48.32
Y2-TA-2_LGD-1,jflkmmmd-1,Cluster 17,0,41.77
Y2-TA-2_LGD-1,jflmcbbk-1,Cluster 1,0,43.53
Y2-TA-2_LGD-1,jfgdpocm-1,Cluster 8,0,93.20
Y2-TA-2_LGD-1,jfgcjlpo-1,Cluster 8,0,67.51
Y2-TA-2_LGD-1,jfgfheam-1,Cluster 3,0,25.87
Y2-TA-2_LGD-1,jfgfecka-1,Cluster 1,0,60.83
Y2-TA-2_LGD-1,jflkpdll-1,Cluster 17,0,34.32
Y2-TA-2_LGD-1,jflmlbfh-1,Cluster 1,0,48.18
Y2-TA-2_LGD-1,ahlbacjd-1,Cluster 1,0,54.50
Y2-TA-2_LGD-1,jfgbojbc-1,Cluster 1,0,42.27
Y2-TA-2_LGD-1,jfgeidbm-1,Cluster 5,0,142.42
Y2-TA-2_LGD-1,jfgekjlb-1,Cluster 3,0,26.06
Y2-TA-2_LGD-1,jfkoblid-1,Cluster 7,0,69.09
Y2-TA-2_LGD-1,jfdalhaj-1,Cluster 3,0,26.64
Y2-TA-2_LGD-1,jfkmknkm-1,Cluster 13,0,28.49
Y2-TA-2_LGD-1,jfcpibha-1,Cluster 12,0,59.06
Y2-TA-2_LGD-1,jfgfejch-1,Cluster 1,0,48.81
Y2-TA-2_LGD-1,jfcplcad-1,Cluster 5,0,42.27
Y2-TA-2_LGD-1,jfcplnpj-1,Cluster 12,0,50.48
Y2-TA-2_LGD-1,jfcpnlmm-1,Cluster 3,0,24.75
Y2-TA-2_LGD-1,jfkjfebe-1,Cluster 16,0,67.37
Y2-TA-2_LGD-1,jfdaceea-1,Cluster 7,0,87.02
Y2-TA-2_LGD-1,jfdaeeac-1,Cluster 12,0,69.45
Y2-TA-2_LGD-1,jfgfhfge-1,Cluster 3,0,16.39
Y2-TA-2_LGD-1,jflmhegj-1,Cluster 13,0,121.15
Y2-TA-2_LGD-1,jfdafanc-1,Cluster 4,0,44.12
Y2-TA-2_LGD-1,jfkjfmee-1,Cluster 5,0,36.22
Y2-TA-2_LGD-1,jfgegpaf-1,Cluster 12,0,80.97
Y2-TA-2_LGD-1,jfgeobhm-1,Cluster 12,0,64.08
Y2-TA-2_LGD-1,jfgenbbh-1,Cluster 12,0,28.40
Y2-TA-2_LGD-1,jfcpdffp-1,Cluster 1,0,35.40
Y2-TA-2_LGD-1,jfgedcnb-1,Cluster 1,0,61.01
Y2-TA-2_LGD-1,ahliicci-1,Cluster 17,0,50.48
Y2-TA-2_LGD-1,jfgnglcp-1,Cluster 6,0,46.83
Y2-TA-2_LGD-1,jfgeepdd-1,Cluster 7,0,56.58
Y2-TA-2_LGD-1,jfgebcnn-1,Cluster 6,0,114.29
Y2-TA-2_LGD-1,jfgdocea-1,Cluster 12,0,165.59
Y2-TA-2_LGD-1,jfgdkmka-1,Cluster 3,0,68.01
Y2-TA-2_LGD-1,jfgmoikm-1,Cluster 6,0,96.54
Y2-TA-2_LGD-1,jfgdiggn-1,Cluster 6,0,102.10
Y2-TA-2_LGD-1,jfgeflad-1,Cluster 6,0,74.19
Y2-TA-2_LGD-1,jfgdjoob-1,Cluster 7,0,93.11
Y2-TA-2_LGD-1,jfgedcjd-1,Cluster 12,0,19.37
Y2-TA-2_LGD-1,jffngfjb-1,Cluster 4,0,22.67
Y2-TA-2_LGD-1,jffogfmo-1,Cluster 3,0,25.11
Y2-TA-2_LGD-1,jffnfodb-1,Cluster 3,0,26.15
Y2-TA-2_LGD-1,jffnnnaj-1,Cluster 12,0,27.00
Y2-TA-2_LGD-1,jffnplce-1,Cluster 5,0,29.98
Y2-TA-2_LGD-1,jffnbjin-1,Cluster 1,0,75.46
Y2-TA-2_LGD-1,jffndcan-1,Cluster 3,0,40.37
Y2-TA-2_LGD-1,jfgmlcbb-1,Cluster 17,0,40.37
Y2-TA-2_LGD-1,ahliiihn-1,Cluster 17,0,50.71
Y2-TA-2_LGD-1,jfgnigfp-1,Cluster 17,0,52.34
Y2-TA-2_LGD-1,jffodppf-1,Cluster 17,0,62.90
Y2-TA-2_LGD-1,ahlidmna-1,Cluster 17,0,51.84
Y2-TA-2_LGD-1,jfgnfpjn-1,Cluster 6,0,38.92
Y2-TA-2_LGD-1,jfgmnoap-1,Cluster 8,0,62.36
Y2-TA-2_LGD-1,ahliigkh-1,Cluster 3,0,56.85
Y2-TA-2_LGD-1,jfgnenhh-1,Cluster 3,0,27.14
Y2-TA-2_LGD-1,jfmdhiij-1,Cluster 17,0,38.83
Y2-TA-2_LGD-1,ahlklmbl-1,Cluster 17,0,52.07
Y2-TA-2_LGD-1,ahlkkdbf-1,Cluster 17,0,48.18
Y2-TA-2_LGD-1,jfgmdepd-1,Cluster 6,0,31.25
Y2-TA-2_LGD-1,jfgdccpf-1,Cluster 17,0,35.45
Y2-TA-2_LGD-1,ahlagjjj-1,Cluster 17,0,32.06
Y2-TA-2_LGD-1,ahladbdk-1,Cluster 3,0,22.58
Y2-TA-2_LGD-1,ahlaheli-1,Cluster 2,0,51.66
Y2-TA-2_LGD-1,ahlbfmjf-1,Cluster 17,0,45.38
Y2-TA-2_LGD-1,ahlkjjfb-1,Cluster 17,0,36.08
Y2-TA-2_LGD-1,jfgdahmo-1,Cluster 12,0,5.10
Y2-TA-2_LGD-1,jfgcaggi-1,Cluster 8,0,50.12
Y2-TA-2_LGD-1,ahlannmi-1,Cluster 2,0,84.76
Y2-TA-2_LGD-1,jfgcincl-1,Cluster 5,0,54.82
Y2-TA-2_LGD-1,jfgdddea-1,Cluster 12,0,51.70
Y2-TA-2_LGD-1,jfgddkla-1,Cluster 17,0,31.47
Y2-TA-2_LGD-1,ahlkfked-1,Cluster 17,0,48.99
Y2-TA-2_LGD-1,ahlklkon-1,Cluster 2,0,50.94
Y2-TA-2_LGD-1,jfgdfnlg-1,Cluster 3,0,24.52
Y2-TA-2_LGD-1,ahlklphc-1,Cluster 2,0,31.65
Y2-TA-2_LGD-1,ahlaeonc-1,Cluster 2,0,45.11
Y2-TA-2_LGD-1,jfgcomab-1,Cluster 17,0,42.90
Y2-TA-2_LGD-1,ahlbbpgo-1,Cluster 10,0,38.11
Y2-TA-2_LGD-1,jfgliigd-1,Cluster 3,0,13.95
Y2-TA-2_LGD-1,jfgdghml-1,Cluster 6,0,58.66
Y2-TA-2_LGD-1,ahlbcjdi-1,Cluster 2,0,93.65
Y2-TA-2_LGD-1,jfgdgiho-1,Cluster 6,0,68.55
Y2-TA-2_LGD-1,ahlknhno-1,Cluster 18,0,42.90
Y2-TA-2_LGD-1,ahlkieec-1,Cluster 6,0,38.92
Y2-TA-2_LGD-1,jfgmadin-1,Cluster 3,0,9.53
Y2-TA-2_LGD-1,jfgmgjhh-1,Cluster 3,0,11.02
Y2-TA-2_LGD-1,jfglpdjf-1,Cluster 17,0,29.76
Y2-TA-2_LGD-1,ahlkcgal-1,Cluster 2,0,68.86
Y2-TA-2_LGD-1,jfgbihlo-1,Cluster 8,0,51.88
Y2-TA-2_LGD-1,jfgdmbje-1,Cluster 7,0,46.65
Y2-TA-2_LGD-1,jflldijb-1,Cluster 2,0,30.44
Y2-TA-2_LGD-1,jfgbhmhp-1,Cluster 3,0,11.83
Y2-TA-2_LGD-1,jfgakjlo-1,Cluster 11,0,74.10
Y2-TA-2_LGD-1,jfgbdbdf-1,Cluster 17,0,43.26
Y2-TA-2_LGD-1,jfgbdbkc-1,Cluster 3,0,13.10
Y2-TA-2_LGD-1,jfgbfjfm-1,Cluster 6,0,111.58
Y2-TA-2_LGD-1,jfgbblpf-1,Cluster 2,0,42.85
Y2-TA-2_LGD-1,jfgknkhp-1,Cluster 2,0,84.49
Y2-TA-2_LGD-1,jfgbdlpd-1,Cluster 6,0,50.44
Y2-TA-2_LGD-1,jfgainji-1,Cluster 6,0,24.47
Y2-TA-2_LGD-1,ahliminc-1,Cluster 17,0,16.53
Y2-TA-2_LGD-1,ahliahij-1,Cluster 2,0,99.61
Y2-TA-2_LGD-1,ahliljpo-1,Cluster 2,0,73.65
Y2-TA-2_LGD-1,jfglebpl-1,Cluster 6,0,18.79
Y2-TA-2_LGD-1,jfgbclbn-1,Cluster 2,0,25.78
Y2-TA-2_LGD-1,jfgbcdcp-1,Cluster 17,0,48.05
Y2-TA-2_LGD-1,ahlidfkh-1,Cluster 19,0,82.27
Y2-TA-2_LGD-1,ahliklkm-1,Cluster 2,0,85.44
Y2-TA-2_LGD-1,jfgllojo-1,Cluster 2,0,44.12
Y2-TA-2_LGD-1,jfglkodd-1,Cluster 6,0,26.46
Y2-TA-2_LGD-1,jfmfhcbn-1,Cluster 3,0,43.80
Y2-TA-2_LGD-1,jfglmebp-1,Cluster 17,0,29.44
Y2-TA-2_LGD-1,jfgknlgc-1,Cluster 2,0,42.13
Y2-TA-2_LGD-1,jfgleibf-1,Cluster 17,0,64.93
Y2-TA-2_LGD-1,jfglkhlf-1,Cluster 6,0,47.14
Y2-TA-2_LGD-1,jfgldgbd-1,Cluster 2,0,47.14
Y2-TA-2_LGD-1,jfmfhhbd-1,Cluster 2,0,113.79
Y2-TA-2_LGD-1,ahliljco-1,Cluster 2,0,52.16
Y2-TA-2_LGD-1,jfglflng-1,Cluster 3,0,10.84
Y2-TA-2_LGD-1,jflljkbb-1,Cluster 17,0,13.05
Y2-TA-2_LGD-1,jfmfghka-1,Cluster 3,0,56.72
Y2-TA-2_LGD-1,jfglonel-1,Cluster 3,0,32.56
Y2-TA-2_LGD-1,jfgmfdlc-1,Cluster 6,0,20.55
Y2-TA-2_LGD-1,jfgmjden-1,Cluster 3,0,27.09
Y2-TA-2_LGD-1,jfglfimf-1,Cluster 17,0,43.67
Y2-TA-2_LGD-1,jfgljflm-1,Cluster 6,0,49.40
Y2-TA-2_LGD-1,jfglmmeh-1,Cluster 3,0,24.47
Y2-TA-2_LGD-1,jflloghb-1,Cluster 17,0,25.74
Y2-TA-2_LGD-1,jfjpiemn-1,Cluster 3,0,12.19
Y2-TA-2_LGD-1,jflhalah-1,Cluster 3,0,19.28
Y2-TA-2_LGD-1,jfjomnph-1,Cluster 3,0,29.13
Y2-TA-2_LGD-1,jfknidgc-1,Cluster 3,0,20.95
Y2-TA-2_LGD-1,jfklcpmf-1,Cluster 7,0,38.79
Y2-TA-2_LGD-1,jfkmcdnp-1,Cluster 3,0,23.53
Y2-TA-2_LGD-1,jfjonhoo-1,Cluster 1,0,50.85
Y2-TA-2_LGD-1,jfklfkje-1,Cluster 7,0,36.17
Y2-TA-2_LGD-1,jflhbfnn-1,Cluster 12,0,67.64
Y2-TA-2_LGD-1,jfkmioee-1,Cluster 7,0,46.19
Y2-TA-2_LGD-1,jfjomhoc-1,Cluster 3,0,50.58
Y2-TA-2_LGD-1,jfkjfpjj-1,Cluster 16,0,62.23
Y2-TA-2_LGD-1,jfkpiaom-1,Cluster 17,0,32.47
Y2-TA-2_LGD-1,jfllpoig-1,Cluster 12,0,65.21
Y2-TA-2_LGD-1,jflgpklm-1,Cluster 3,0,44.75
Y2-TA-2_LGD-1,jfkplpkp-1,Cluster 3,0,26.10
Y2-TA-2_LGD-1,ahlhokcp-1,Cluster 17,0,60.33
Y2-TA-2_LGD-1,jfkjekol-1,Cluster 12,0,60.10
Y2-TA-2_LGD-1,jfkpoacl-1,Cluster 3,0,32.74
Y2-TA-2_LGD-1,jfkoijlj-1,Cluster 2,0,47.28
Y2-TA-2_LGD-1,jfkjgbni-1,Cluster 5,0,40.32
Y2-TA-2_LGD-1,ahlhniop-1,Cluster 2,0,69.31
Y2-TA-2_LGD-1,jfkoicdf-1,Cluster 3,0,12.78
Y2-TA-2_LGD-1,jfkofphl-1,Cluster 17,0,50.98
Y2-TA-2_LGD-1,jfkpegkk-1,Cluster 3,0,46.38
Y2-TA-2_LGD-1,jflgieap-1,Cluster 12,0,47.50
Y2-TA-2_LGD-1,jflglgmf-1,Cluster 5,0,26.01
Y2-TA-2_LGD-1,jfkjkhbg-1,Cluster 5,0,62.09
Y2-TA-2_LGD-1,jflgkici-1,Cluster 3,0,34.77
Y2-TA-2_LGD-1,jfknbool-1,Cluster 13,0,50.08
Y2-TA-2_LGD-1,jfkjkgde-1,Cluster 5,0,33.24
Y2-TA-2_LGD-1,jfkjmmmn-1,Cluster 13,0,44.12
Y2-TA-2_LGD-1,jfkoobab-1,Cluster 6,0,32.42
Y2-TA-2_LGD-1,jfkpdgcd-1,Cluster 17,0,68.77
Y2-TA-2_LGD-1,jfkjmmgi-1,Cluster 5,0,78.35
Y2-TA-2_LGD-1,jflgjhfb-1,Cluster 5,0,64.62
Y2-TA-2_LGD-1,jfllmmed-1,Cluster 17,0,46.15
Y2-TA-2_LGD-1,jfkoginn-1,Cluster 3,0,21.68
Y2-TA-2_LGD-1,ahlhickc-1,Cluster 17,0,100.70
Y2-TA-2_LGD-1,jflhgghe-1,Cluster 16,0,66.70
Y2-TA-2_LGD-1,ahlhnnmf-1,Cluster 1,0,47.05
Y2-TA-2_LGD-1,jflhmilb-1,Cluster 12,0,43.26
Y2-TA-2_LGD-1,jflhkmob-1,Cluster 12,0,36.40
Y2-TA-2_LGD-1,jflhkdgb-1,Cluster 3,0,31.79
Y2-TA-2_LGD-1,jfknaiei-1,Cluster 3,0,43.26
Y2-TA-2_LGD-1,jfkjlppl-1,Cluster 8,0,61.73
Y2-TA-2_LGD-1,jfkjjfhd-1,Cluster 3,0,21.09
Y2-TA-2_LGD-1,jfjolohg-1,Cluster 4,0,66.88
Y2-TA-2_LGD-1,jfjpcfjf-1,Cluster 17,0,48.18
Y2-TA-2_LGD-1,jfjpmohg-1,Cluster 17,0,47.59
Y2-TA-2_LGD-1,jfkainnf-1,Cluster 4,0,66.20
Y2-TA-2_LGD-1,jfjpjpcf-1,Cluster 3,0,24.88
Y2-TA-2_LGD-1,jflhhknm-1,Cluster 12,0,51.93
Y2-TA-2_LGD-1,jfjpkmee-1,Cluster 5,0,118.04
Y2-TA-2_LGD-1,jfjpaafp-1,Cluster 4,0,83.40
Y2-TA-2_LGD-1,jfjpcgnh-1,Cluster 2,0,15.22
Y2-TA-2_LGD-1,jfjpmapm-1,Cluster 16,0,95.42
Y2-TA-2_LGD-1,jfjpmmhh-1,Cluster 16,0,84.44
Y2-TA-2_LGD-1,jfjpmlfj-1,Cluster 17,0,23.57
Y2-TA-2_LGD-1,jfjpgnba-1,Cluster 17,0,84.04
Y2-TA-2_LGD-1,jfkaioab-1,Cluster 5,0,16.62
Y2-TA-2_LGD-1,jfkoddno-1,Cluster 3,0,9.53
Y2-TA-2_LGD-1,jfjpnhcn-1,Cluster 12,0,41.50
Y2-TA-2_LGD-1,ahlhipdf-1,Cluster 3,0,41.77
Y2-TA-2_LGD-1,oehegbff-1,Cluster 5,0,15.49
Y2-TA-2_LGD-1,jflnonce-1,Cluster 3,0,46.74
Y2-TA-2_LGD-1,jflkgmfc-1,Cluster 17,0,70.17
Y2-TA-2_LGD-1,jflmlikk-1,Cluster 6,0,98.44
Y2-TA-2_LGD-1,ahlanndl-1,Cluster 17,0,48.99
Y2-TA-2_LGD-1,jflmmedh-1,Cluster 14,0,59.65
Y2-TA-2_LGD-1,jflmlmjj-1,Cluster 3,0,60.24
Y2-TA-2_LGD-1,jflmohfa-1,Cluster 18,0,38.70
Y2-TA-2_LGD-1,jflmmako-1,Cluster 3,0,22.04
Y2-TA-2_LGD-1,jflkikdc-1,Cluster 14,0,191.96
Y2-TA-2_LGD-1,jfmdlmho-1,Cluster 2,0,75.46
Y2-TA-2_LGD-1,ahlakdmf-1,Cluster 18,0,53.96
Y2-TA-2_LGD-1,jflnockj-1,Cluster 3,0,30.80
Y2-TA-2_LGD-1,jflnjphc-1,Cluster 3,0,77.76
Y2-TA-2_LGD-1,jfllfhcm-1,Cluster 3,0,58.75
Y2-TA-2_LGD-1,ahlheeoe-1,Cluster 17,0,65.39
Y2-TA-2_LGD-1,ahlamhah-1,Cluster 21,0,79.48
Y2-TA-2_LGD-1,jflobjhk-1,Cluster 17,0,44.84
Y2-TA-2_LGD-1,ahlahpkf-1,Cluster 2,0,54.32
Y2-TA-2_LGD-1,jflmilpp-1,Cluster 3,0,36.98
Y2-TA-2_LGD-1,jfjopgmm-1,Cluster 3,0,49.22
Y2-TA-2_LGD-1,jflnhokh-1,Cluster 17,0,65.52
Y2-TA-2_LGD-1,jfllkglj-1,Cluster 17,0,64.30
Y2-TA-2_LGD-1,jflkoijo-1,Cluster 17,0,25.11
Y2-TA-2_LGD-1,jflloenk-1,Cluster 3,0,13.82
Y2-TA-2_LGD-1,ahlhkhaj-1,Cluster 3,0,37.93
Y2-TA-2_LGD-1,jflnhjif-1,Cluster 3,0,12.33
Y2-TA-2_LGD-1,jfllpccg-1,Cluster 3,0,21.86
Y2-TA-2_LGD-1,jflldocc-1,Cluster 17,0,49.18
Y2-TA-2_LGD-1,jflngilp-1,Cluster 17,0,78.30
Y2-TA-2_LGD-1,jflobadh-1,Cluster 3,0,114.52
Y2-TA-2_LGD-1,jfkpodhb-1,Cluster 17,0,60.42
Y2-TA-2_LGD-1,jflmolpd-1,Cluster 3,0,47.73
Y2-TA-2_LGD-1,jfllhmbn-1,Cluster 3,0,12.06
Y2-TA-2_LGD-1,jflleoop-1,Cluster 6,0,25.24
Y2-TA-2_LGD-1,jfllkcbp-1,Cluster 17,0,43.53
Y2-TA-2_LGD-1,ahkflnjn-1,Cluster 21,0,76.81
Y2-TA-2_LGD-1,jfkojpdg-1,Cluster 1,0,48.86
Y2-TA-2_LGD-1,ahlhplme-1,Cluster 2,0,50.71
Y2-TA-2_LGD-1,jfjeaoog-1,Cluster 6,0,64.93
Y2-TA-2_LGD-1,jfmhgmce-1,Cluster 6,0,76.13
Y2-TA-2_LGD-1,jflojfjp-1,Cluster 10,0,146.04
Y2-TA-2_LGD-1,jfmhfpak-1,Cluster 6,0,43.85
Y2-TA-2_LGD-1,jflokdpm-1,Cluster 3,0,46.56
Y2-TA-2_LGD-1,jfmhgnag-1,Cluster 6,0,28.99
Y2-TA-2_LGD-1,jflokple-1,Cluster 17,0,50.94
Y2-TA-2_LGD-1,ahljfkjd-1,Cluster 2,0,73.65
Y2-TA-2_LGD-1,jfjbbaal-1,Cluster 17,0,76.54
Y2-TA-2_LGD-1,jfmdnnkm-1,Cluster 3,0,9.35
Y2-TA-2_LGD-1,jfmdgkdh-1,Cluster 6,0,183.88
Y2-TA-2_LGD-1,jfmenacb-1,Cluster 6,0,43.67
Y2-TA-2_LGD-1,ahliblia-1,Cluster 2,0,110.32
Y2-TA-2_LGD-1,jfmefpdo-1,Cluster 17,0,38.25
Y2-TA-2_LGD-1,jfmeljfh-1,Cluster 6,0,110.50
Y2-TA-2_LGD-1,jfmekcko-1,Cluster 17,0,25.06
Y2-TA-2_LGD-1,jfmealnk-1,Cluster 17,0,33.91
Y2-TA-2_LGD-1,jfmhdkee-1,Cluster 2,0,51.07
Y2-TA-2_LGD-1,jfmeghoa-1,Cluster 3,0,27.95
Y2-TA-2_LGD-1,ahljkmmb-1,Cluster 2,0,86.79
Y2-TA-2_LGD-1,ahljaipa-1,Cluster 2,0,96.72
Y2-TA-2_LGD-1,jfmdpkmf-1,Cluster 3,0,47.50
Y2-TA-2_LGD-1,jfmddbjc-1,Cluster 3,0,24.20
Y2-TA-2_LGD-1,jfmehloh-1,Cluster 17,0,31.02
Y2-TA-2_LGD-1,jfmdlcge-1,Cluster 3,0,44.48
Y2-TA-2_LGD-1,oehfomlb-1,Cluster 3,0,30.48
Y2-TA-2_LGD-1,jfmdgfmf-1,Cluster 1,0,24.97
Y2-TA-2_LGD-1,jfmdfmii-1,Cluster 12,0,30.03
Y2-TA-2_LGD-1,jfmfajmi-1,Cluster 2,0,52.20
Y2-TA-2_LGD-1,jflkikga-1,Cluster 17,0,19.37
Y2-TA-2_LGD-1,jfmdnkhm-1,Cluster 2,0,84.49
Y2-TA-2_LGD-1,ahljjjcf-1,Cluster 17,0,56.67
Y2-TA-2_LGD-1,jflkjfpm-1,Cluster 17,0,62.59
Y2-TA-2_LGD-1,jfmecoaj-1,Cluster 17,0,18.24
Y2-TA-2_LGD-1,jfmeephd-1,Cluster 17,0,23.26
Y2-TA-2_LGD-1,jfjdciib-1,Cluster 17,0,76.99
Y2-TA-2_LGD-1,jfjdahgm-1,Cluster 17,0,46.42
Y2-TA-2_LGD-1,jflppkkd-1,Cluster 5,0,132.26
Y2-TA-2_LGD-1,jfmajbfl-1,Cluster 6,0,86.34
Y2-TA-2_LGD-1,jfmadipj-1,Cluster 5,0,61.77
Y2-TA-2_LGD-1,jflpfkan-1,Cluster 3,0,14.95
Y2-TA-2_LGD-1,jflplahm-1,Cluster 6,0,66.42
Y2-TA-2_LGD-1,jflpmcic-1,Cluster 17,0,72.88
Y2-TA-2_LGD-1,jfmaeplc-1,Cluster 17,0,59.15
Y2-TA-2_LGD-1,jflpibif-1,Cluster 3,0,35.40
Y2-TA-2_LGD-1,jfmakfih-1,Cluster 16,0,69.63
Y2-TA-2_LGD-1,jflninhd-1,Cluster 12,0,30.53
Y2-TA-2_LGD-1,jfloaipo-1,Cluster 3,0,39.83
Y2-TA-2_LGD-1,jflpnpec-1,Cluster 3,0,37.12
Y2-TA-2_LGD-1,jflnijkp-1,Cluster 3,0,24.07
Y2-TA-2_LGD-1,ahkfcofh-1,Cluster 1,0,63.04
Y2-TA-2_LGD-1,jfmajbfn-1,Cluster 3,0,38.29
Y2-TA-2_LGD-1,jflpfojc-1,Cluster 3,0,28.76
Y2-TA-2_LGD-1,jflpfego-1,Cluster 3,0,31.34
Y2-TA-2_LGD-1,jflnfmaa-1,Cluster 3,0,54.41
Y2-TA-2_LGD-1,jflogjfg-1,Cluster 3,0,45.29
Y2-TA-2_LGD-1,jflogggc-1,Cluster 17,0,44.93
Y2-TA-2_LGD-1,jflodnge-1,Cluster 3,0,33.01
Y2-TA-2_LGD-1,jfmcclfd-1,Cluster 3,0,35.36
Y2-TA-2_LGD-1,jfjpmabb-1,Cluster 3,0,49.85
Y2-TA-2_LGD-1,jflnfenn-1,Cluster 3,0,70.13
Y2-TA-2_LGD-1,jfjcpadh-1,Cluster 6,0,127.39
Y2-TA-2_LGD-1,jflogdmh-1,Cluster 17,0,65.43
Y2-TA-2_LGD-1,jfjcpinf-1,Cluster 17,0,30.93
Y2-TA-2_LGD-1,jfmgfmja-1,Cluster 2,0,160.44
Y2-TA-2_LGD-1,jfjblbdl-1,Cluster 3,0,17.25
Y2-TA-2_LGD-1,jfmfoane-1,Cluster 17,0,71.48
Y2-TA-2_LGD-1,jfmgmjhg-1,Cluster 12,0,48.18
Y2-TA-2_LGD-1,jfmghfmd-1,Cluster 6,0,86.34
Y2-TA-2_LGD-1,jfmgimol-1,Cluster 3,0,33.14
Y2-TA-2_LGD-1,jfjdkiao-1,Cluster 3,0,15.13
Y2-TA-2_LGD-1,jfmhajaf-1,Cluster 3,0,17.39
Y2-TA-2_LGD-1,jfjbbhjb-1,Cluster 3,0,31.74
Y2-TA-2_LGD-1,jfjdnbca-1,Cluster 17,0,28.00
Y2-TA-2_LGD-1,jfjdmjhf-1,Cluster 17,0,25.33
Y2-TA-2_LGD-1,jfjdgfec-1,Cluster 17,0,42.58
Y2-TA-2_LGD-1,jfmhbfak-1,Cluster 3,0,64.80
Y2-TA-2_LGD-1,jfjbafil-1,Cluster 17,0,72.11
Y2-TA-2_LGD-1,jfmgdeco-1,Cluster 3,0,57.30
Y2-TA-2_LGD-1,jfmgenad-1,Cluster 3,0,95.87
Y2-TA-2_LGD-1,jfmhbkjo-1,Cluster 17,0,30.98
Y2-TA-2_LGD-1,jfjclbjo-1,Cluster 17,0,62.63
Y2-TA-2_LGD-1,ahkfmipc-1,Cluster 10,0,76.18
Y2-TA-2_LGD-1,jfmfpgem-1,Cluster 17,0,27.41
Y2-TA-2_LGD-1,jfmgnnib-1,Cluster 17,0,45.43
Y2-TA-2_LGD-1,jfmgpchh-1,Cluster 17,0,23.89
Y2-TA-2_LGD-1,jfmgcnco-1,Cluster 17,0,65.34
Y2-TA-2_LGD-1,jfjcoofj-1,Cluster 6,0,71.75
Y2-TA-2_LGD-1,jffkinbm-1,Cluster 2,0,25.87
Y2-TA-2_LGD-1,jffkdohd-1,Cluster 17,0,119.71
Y2-TA-2_LGD-1,jffkhjhe-1,Cluster 8,0,55.50
Y2-TA-2_LGD-1,jffkgkgm-1,Cluster 12,0,52.70
Y2-TA-2_LGD-1,ahllmokh-1,Cluster 1,0,52.70
Y2-TA-2_LGD-1,jffplndh-1,Cluster 17,0,100.92
Y2-TA-2_LGD-1,jffkjbnc-1,Cluster 1,0,56.99
Y2-TA-2_LGD-1,jfhnjfpp-1,Cluster 3,0,58.03
Y2-TA-2_LGD-1,jffkjabd-1,Cluster 1,0,84.89
Y2-TA-2_LGD-1,jffnneaa-1,Cluster 7,0,29.17
Y2-TA-2_LGD-1,jfgbfgod-1,Cluster 17,0,46.42
Y2-TA-2_LGD-1,oehdbggb-1,Cluster 3,0,17.11
Y2-TA-2_LGD-1,jfljnban-1,Cluster 17,0,61.82
Y2-TA-2_LGD-1,jfljknah-1,Cluster 12,0,32.78
Y2-TA-2_LGD-1,jfljbhgl-1,Cluster 13,0,43.53
Y2-TA-2_LGD-1,jflifcma-1,Cluster 3,0,25.65
Y2-TA-2_LGD-1,jflifabm-1,Cluster 1,0,54.01
Y2-TA-2_LGD-1,jflidhak-1,Cluster 5,0,38.02
Y2-TA-2_LGD-1,agobdiil-1,Cluster 2,0,51.03
Y2-TA-2_LGD-1,jfljhenb-1,Cluster 3,0,14.72
Y2-TA-2_LGD-1,jfljjkdl-1,Cluster 3,0,33.73
Y2-TA-2_LGD-1,jfhkeodn-1,Cluster 6,0,92.62
Y2-TA-2_LGD-1,jflijpag-1,Cluster 6,0,90.31
Y2-TA-2_LGD-1,agoameje-1,Cluster 3,0,24.66
Y2-TA-2_LGD-1,ahlknjam-1,Cluster 2,0,22.35
Y2-TA-2_LGD-1,ahllgefe-1,Cluster 21,0,62.63
Y2-TA-2_LGD-1,jfgalnei-1,Cluster 6,0,89.36
Y2-TA-2_LGD-1,ahllplmj-1,Cluster 2,0,53.01
Y2-TA-2_LGD-1,agoampon-1,Cluster 2,0,102.23
Y2-TA-2_LGD-1,agoakiad-1,Cluster 17,0,44.12
Y2-TA-2_LGD-1,agobagok-1,Cluster 2,0,109.37
Y2-TA-2_LGD-1,ahllhjmj-1,Cluster 2,0,80.20
Y2-TA-2_LGD-1,ahllnkdg-1,Cluster 17,0,32.20
Y2-TA-2_LGD-1,jffkfjcf-1,Cluster 6,0,59.83
Y2-TA-2_LGD-1,ahllaici-1,Cluster 2,0,42.45
Y2-TA-2_LGD-1,ahllmede-1,Cluster 2,0,29.08
Y2-TA-2_LGD-1,jfmheiib-1,Cluster 6,0,114.20
Y2-TA-2_LGD-1,ahlmaikf-1,Cluster 2,0,43.53
Y2-TA-2_LGD-1,jflihbbm-1,Cluster 6,0,69.00
Y2-TA-2_LGD-1,agobkacc-1,Cluster 6,0,60.24
Y2-TA-2_LGD-1,ahlmemco-1,Cluster 2,0,25.15
Y2-TA-2_LGD-1,agoblkip-1,Cluster 17,0,58.70
Y2-TA-2_LGD-1,ahlldfae-1,Cluster 2,0,21.86
Y2-TA-2_LGD-1,ahlmafph-1,Cluster 2,0,48.00
Y2-TA-2_LGD-1,ahlmaojf-1,Cluster 2,0,38.38
Y2-TA-2_LGD-1,ahllmiio-1,Cluster 21,0,40.23
Y2-TA-2_LGD-1,ahllplmm-1,Cluster 21,0,25.15
Y2-TA-2_LGD-1,agoapepo-1,Cluster 2,0,64.75
Y2-TA-2_LGD-1,ahllclbl-1,Cluster 2,0,47.59
Y2-TA-2_LGD-1,jfijlkbf-1,Cluster 3,0,41.50
Y2-TA-2_LGD-1,jflhpmcg-1,Cluster 3,0,25.06
Y2-TA-2_LGD-1,jfijhepi-1,Cluster 3,0,48.05
Y2-TA-2_LGD-1,jfikbfga-1,Cluster 13,0,22.49
Y2-TA-2_LGD-1,jfijefol-1,Cluster 12,0,49.63
Y2-TA-2_LGD-1,jfhjphgl-1,Cluster 6,0,134.34
Y2-TA-2_LGD-1,jflikfbc-1,Cluster 13,0,58.61
Y2-TA-2_LGD-1,jfijhbhg-1,Cluster 3,0,31.20
Y2-TA-2_LGD-1,jfljbief-1,Cluster 3,0,50.53
Y2-TA-2_LGD-1,jflighbp-1,Cluster 3,0,107.97
Y2-TA-2_LGD-1,jfhjocfc-1,Cluster 3,0,50.30
Y2-TA-2_LGD-1,jfljafbf-1,Cluster 3,0,53.10
Y2-TA-2_LGD-1,jflipbei-1,Cluster 6,0,32.15
Y2-TA-2_LGD-1,jflkglpi-1,Cluster 3,0,48.09
Y2-TA-2_LGD-1,agobfglc-1,Cluster 2,0,30.89
Y2-TA-2_LGD-1,jflkaabk-1,Cluster 2,0,31.34
Y2-TA-2_LGD-1,jfliklnf-1,Cluster 6,0,139.58
Y2-TA-2_LGD-1,agobeicf-1,Cluster 2,0,76.36
Y2-TA-2_LGD-1,jfljoaik-1,Cluster 6,0,53.74
Y2-TA-2_LGD-1,jflkccah-1,Cluster 3,0,29.31
Y2-TA-2_LGD-1,jfjekiec-1,Cluster 3,0,31.56
Y2-TA-2_LGD-1,agobfmde-1,Cluster 17,0,69.36
Y2-TA-2_LGD-1,agoblopj-1,Cluster 2,0,61.28
Y2-TA-2_LGD-1,jflioabj-1,Cluster 3,0,30.25
Y2-TA-2_LGD-1,agobhfbh-1,Cluster 2,0,78.75
Y2-TA-2_LGD-1,jfjcialb-1,Cluster 6,0,46.69
Y2-TA-2_LGD-1,jfjejmlg-1,Cluster 14,0,93.38
Y2-TA-2_LGD-1,jfjejdja-1,Cluster 17,0,25.83
Y2-TA-2_LGD-1,ahkfnpml-1,Cluster 2,0,75.37
Y2-TA-2_LGD-1,agocddof-1,Cluster 6,0,94.29
Y2-TA-2_LGD-1,agoccdgg-1,Cluster 2,0,97.58
Y2-TA-2_LGD-1,agobnpln-1,Cluster 17,0,99.12
Y2-TA-2_LGD-1,jfjejinp-1,Cluster 6,0,65.16
Y2-TA-2_LGD-1,jfjegcdk-1,Cluster 17,0,35.58
Y2-TA-2_LGD-1,jfjefcoa-1,Cluster 14,0,44.43
Y2-TA-2_LGD-1,jfjeannd-1,Cluster 14,0,80.06
Y2-TA-2_LGD-1,agobojad-1,Cluster 2,0,80.29
Y2-TA-2_LGD-1,jfjbheha-1,Cluster 6,0,145.72
Y2-TA-2_LGD-1,jfjcelhh-1,Cluster 3,0,16.80
Y2-TA-2_LGD-1,jfjchaip-1,Cluster 17,0,20.73
Y2-TA-2_LGD-1,ahkfmcgj-1,Cluster 6,0,36.17
Y2-TA-2_LGD-1,jflomndh-1,Cluster 3,0,27.59
Y2-TA-2_LGD-1,jflolcjk-1,Cluster 3,0,13.64
Y2-TA-2_LGD-2,jddpepmj-1,Cluster 3,0,19.06
Y2-TA-2_LGD-2,jddngfil-1,Cluster 3,0,47.37
Y2-TA-2_LGD-2,jddpjhjd-1,Cluster 3,0,7.36
Y2-TA-2_LGD-2,jddkiifj-1,Cluster 3,0,40.32
Y2-TA-2_LGD-2,jddngndl-1,Cluster 20,0,22.26
Y2-TA-2_LGD-2,jddmfgmc-1,Cluster 3,0,40.60
Y2-TA-2_LGD-2,jddmccmo-1,Cluster 3,0,21.54
Y2-TA-2_LGD-2,jddmceef-1,Cluster 17,0,25.29
Y2-TA-2_LGD-2,jddpkcil-1,Cluster 3,0,42.63
Y2-TA-2_LGD-2,jddlpgnd-1,Cluster 17,0,125.26
Y2-TA-2_LGD-2,jddmbjon-1,Cluster 3,0,11.02
Y2-TA-2_LGD-2,jddnepln-1,Cluster 20,0,5.64
Y2-TA-2_LGD-2,ahoilabi-1,Cluster 17,0,38.34
Y2-TA-2_LGD-2,jddpfphp-1,Cluster 17,0,129.28
Y2-TA-2_LGD-2,jddpnpoh-1,Cluster 3,0,21.40
Y2-TA-2_LGD-2,jddlppph-1,Cluster 1,0,53.83
Y2-TA-2_LGD-2,jclfhime-1,Cluster 8,0,86.07
Y2-TA-2_LGD-2,jclgjcdp-1,Cluster 12,0,41.86
Y2-TA-2_LGD-2,jclginej-1,Cluster 8,0,34.73
Y2-TA-2_LGD-2,jddlkoeh-1,Cluster 3,0,28.54
Y2-TA-2_LGD-2,jddmapnb-1,Cluster 7,0,29.67
Y2-TA-2_LGD-2,jcplbacc-1,Cluster 17,0,91.62
Y2-TA-2_LGD-2,jcpldbco-1,Cluster 17,0,99.71
Y2-TA-2_LGD-2,jcplfehm-1,Cluster 17,0,50.48
Y2-TA-2_LGD-2,jddpbpkd-1,Cluster 3,0,14.63
Y2-TA-2_LGD-2,jddpdbcl-1,Cluster 2,0,92.07
Y2-TA-2_LGD-2,jcplalod-1,Cluster 17,0,52.16
Y2-TA-2_LGD-2,jclfmmki-1,Cluster 16,0,50.71
Y2-TA-2_LGD-2,jclggccp-1,Cluster 3,0,40.69
Y2-TA-2_LGD-2,ahndbben-1,Cluster 2,0,71.75
Y2-TA-2_LGD-2,jclfenci-1,Cluster 1,0,47.87
Y2-TA-2_LGD-2,jclggpma-1,Cluster 3,0,37.25
Y2-TA-2_LGD-2,ahngcgjb-1,Cluster 2,0,44.66
Y2-TA-2_LGD-2,jclflmoi-1,Cluster 12,0,45.97
Y2-TA-2_LGD-2,jddkhpcc-1,Cluster 3,0,49.94
Y2-TA-2_LGD-2,ahngickg-1,Cluster 2,0,49.36
Y2-TA-2_LGD-2,ahnecmid-1,Cluster 20,0,70.31
Y2-TA-2_LGD-2,ahndcgjf-1,Cluster 2,0,61.01
Y2-TA-2_LGD-2,jcplicbd-1,Cluster 9,0,78.35
Y2-TA-2_LGD-2,jddlffgj-1,Cluster 17,0,39.42
Y2-TA-2_LGD-2,ahngekpb-1,Cluster 17,0,48.72
Y2-TA-2_LGD-2,jclgccnh-1,Cluster 3,0,22.71
Y2-TA-2_LGD-2,jcplglcg-1,Cluster 12,0,44.93
Y2-TA-2_LGD-2,ahngebnj-1,Cluster 17,0,39.06
Y2-TA-2_LGD-2,jcplhgfl-1,Cluster 8,0,92.21
Y2-TA-2_LGD-2,jclfobog-1,Cluster 12,0,35.13
Y2-TA-2_LGD-2,jclgbeoo-1,Cluster 12,0,53.60
Y2-TA-2_LGD-2,ahnhfgci-1,Cluster 2,0,82.95
Y2-TA-2_LGD-2,jclfoboe-1,Cluster 8,0,224.83
Y2-TA-2_LGD-2,jddpfcng-1,Cluster 19,0,61.37
Y2-TA-2_LGD-2,jclfmhip-1,Cluster 12,0,14.13
Y2-TA-2_LGD-2,jclfhonf-1,Cluster 3,0,20.00
Y2-TA-2_LGD-2,jclhcghi-1,Cluster 12,0,10.48
Y2-TA-2_LGD-2,jclhibjl-1,Cluster 12,0,38.79
Y2-TA-2_LGD-2,ahnejbil-1,Cluster 2,0,52.65
Y2-TA-2_LGD-2,ahmihajd-1,Cluster 3,0,29.62
Y2-TA-2_LGD-2,ahnfpidk-1,Cluster 21,0,63.90
Y2-TA-2_LGD-2,jcpbhbaj-1,Cluster 3,0,10.88
Y2-TA-2_LGD-2,ahngpbea-1,Cluster 2,0,70.26
Y2-TA-2_LGD-2,ahngfpjn-1,Cluster 6,0,49.54
Y2-TA-2_LGD-2,jcppfnci-1,Cluster 2,0,54.73
Y2-TA-2_LGD-2,ahmhipmj-1,Cluster 2,0,54.05
Y2-TA-2_LGD-2,ahngbmjc-1,Cluster 2,0,72.34
Y2-TA-2_LGD-2,jcpkmbno-1,Cluster 6,0,22.67
Y2-TA-2_LGD-2,jcpkmlfh-1,Cluster 3,0,27.41
Y2-TA-2_LGD-2,jcpkikge-1,Cluster 6,0,35.00
Y2-TA-2_LGD-2,jcpkokoo-1,Cluster 6,0,40.05
Y2-TA-2_LGD-2,jcpbhdfo-1,Cluster 2,0,94.51
Y2-TA-2_LGD-2,jcpbhboj-1,Cluster 2,0,119.57
Y2-TA-2_LGD-2,ahmiehbk-1,Cluster 2,0,41.36
Y2-TA-2_LGD-2,ahmigdfn-1,Cluster 17,0,40.69
Y2-TA-2_LGD-2,ahmiglcm-1,Cluster 17,0,20.55
Y2-TA-2_LGD-2,ahmieiki-1,Cluster 2,0,76.36
Y2-TA-2_LGD-2,ahneappk-1,Cluster 2,0,83.18
Y2-TA-2_LGD-2,ahnebpga-1,Cluster 2,0,106.52
Y2-TA-2_LGD-2,ahndaphf-1,Cluster 8,0,33.82
Y2-TA-2_LGD-2,ahmibpam-1,Cluster 2,0,78.84
Y2-TA-2_LGD-2,ahndpepb-1,Cluster 2,0,75.55
Y2-TA-2_LGD-2,ahndfkil-1,Cluster 17,0,64.17
Y2-TA-2_LGD-2,ahndekgc-1,Cluster 17,0,55.00
Y2-TA-2_LGD-2,ahnfpiia-1,Cluster 17,0,36.40
Y2-TA-2_LGD-2,jcpkobag-1,Cluster 2,0,25.92
Y2-TA-2_LGD-2,jclhjjhn-1,Cluster 4,0,71.48
Y2-TA-2_LGD-2,ahmibbof-1,Cluster 17,0,58.57
Y2-TA-2_LGD-2,jclflckj-1,Cluster 1,0,51.43
Y2-TA-2_LGD-2,jcopbfnf-1,Cluster 12,0,23.21
Y2-TA-2_LGD-2,jcpdjbbe-1,Cluster 6,0,24.38
Y2-TA-2_LGD-2,ahnekjlg-1,Cluster 2,0,73.15
Y2-TA-2_LGD-2,jcpdopab-1,Cluster 2,0,41.05
Y2-TA-2_LGD-2,ahnejpbe-1,Cluster 2,0,98.89
Y2-TA-2_LGD-2,ahnehpoh-1,Cluster 2,0,60.42
Y2-TA-2_LGD-2,ahnfadlg-1,Cluster 17,0,31.74
Y2-TA-2_LGD-2,jcoopnme-1,Cluster 17,0,29.71
Y2-TA-2_LGD-2,jcokhcgd-1,Cluster 1,0,74.24
Y2-TA-2_LGD-2,jcokibbn-1,Cluster 1,0,26.28
Y2-TA-2_LGD-2,jcopefmc-1,Cluster 5,0,58.39
Y2-TA-2_LGD-2,jcopfimc-1,Cluster 5,0,47.64
Y2-TA-2_LGD-2,jcopdgbh-1,Cluster 8,0,41.45
Y2-TA-2_LGD-2,jcoklggo-1,Cluster 8,0,42.18
Y2-TA-2_LGD-2,jcolepbd-1,Cluster 8,0,56.76
Y2-TA-2_LGD-2,ahmicjfg-1,Cluster 2,0,56.81
Y2-TA-2_LGD-2,jcokldaf-1,Cluster 11,0,89.14
Y2-TA-2_LGD-2,jcokfdme-1,Cluster 12,0,12.15
Y2-TA-2_LGD-2,ahmiiapo-1,Cluster 1,0,44.80
Y2-TA-2_LGD-2,jcpdffbl-1,Cluster 16,0,153.08
Y2-TA-2_LGD-2,jcokdalk-1,Cluster 12,0,32.20
Y2-TA-2_LGD-2,jcolihlf-1,Cluster 11,0,51.52
Y2-TA-2_LGD-2,jcopiimc-1,Cluster 1,0,66.56
Y2-TA-2_LGD-2,ahmikcff-1,Cluster 2,0,33.46
Y2-TA-2_LGD-2,jcopbcbb-1,Cluster 12,0,32.15
Y2-TA-2_LGD-2,jcpbhjim-1,Cluster 2,0,33.42
Y2-TA-2_LGD-2,ahnenaae-1,Cluster 17,0,20.37
Y2-TA-2_LGD-2,ahmilpmi-1,Cluster 2,0,43.30
Y2-TA-2_LGD-2,ahmiahfb-1,Cluster 2,0,70.44
Y2-TA-2_LGD-2,jcopceeb-1,Cluster 5,0,67.51
Y2-TA-2_LGD-2,jcpbhmnb-1,Cluster 17,0,32.60
Y2-TA-2_LGD-2,jcpcfnkb-1,Cluster 12,0,78.12
Y2-TA-2_LGD-2,jcpdegoo-1,Cluster 4,0,50.12
Y2-TA-2_LGD-2,jcopmcme-1,Cluster 1,0,48.32
Y2-TA-2_LGD-2,jcopnned-1,Cluster 5,0,28.95
Y2-TA-2_LGD-2,jcpaeclp-1,Cluster 16,0,58.03
Y2-TA-2_LGD-2,jcpdbhpb-1,Cluster 8,0,79.16
Y2-TA-2_LGD-2,jcpcbnfj-1,Cluster 1,0,15.99
Y2-TA-2_LGD-2,jcpchgae-1,Cluster 5,0,39.65
Y2-TA-2_LGD-2,jcoojnke-1,Cluster 8,0,33.87
Y2-TA-2_LGD-2,jclckebn-1,Cluster 6,0,27.73
Y2-TA-2_LGD-2,jcppnfkg-1,Cluster 2,0,121.83
Y2-TA-2_LGD-2,jcpjbmjp-1,Cluster 17,0,36.71
Y2-TA-2_LGD-2,ahoilleb-1,Cluster 9,0,66.38
Y2-TA-2_LGD-2,jcpjblio-1,Cluster 17,0,45.47
Y2-TA-2_LGD-2,jcpkbmhf-1,Cluster 6,0,145.04
Y2-TA-2_LGD-2,jdebdngp-1,Cluster 17,0,37.84
Y2-TA-2_LGD-2,jcpjihhi-1,Cluster 17,0,17.79
Y2-TA-2_LGD-2,jdeaonhb-1,Cluster 6,0,53.92
Y2-TA-2_LGD-2,jdeaohgb-1,Cluster 1,0,97.27
Y2-TA-2_LGD-2,jcpjjhog-1,Cluster 17,0,56.26
Y2-TA-2_LGD-2,jcpkchhn-1,Cluster 17,0,36.85
Y2-TA-2_LGD-2,jcpkalkh-1,Cluster 17,0,25.15
Y2-TA-2_LGD-2,jcpjifbd-1,Cluster 17,0,41.23
Y2-TA-2_LGD-2,jcpjkiki-1,Cluster 17,0,34.77
Y2-TA-2_LGD-2,jcpjglgb-1,Cluster 17,0,42.54
Y2-TA-2_LGD-2,jcpjnlpi-1,Cluster 6,0,46.74
Y2-TA-2_LGD-2,jcpjliep-1,Cluster 17,0,56.49
Y2-TA-2_LGD-2,jddpbodj-1,Cluster 2,0,148.88
Y2-TA-2_LGD-2,jcpjleig-1,Cluster 2,0,58.03
Y2-TA-2_LGD-2,jdedeamc-1,Cluster 6,0,100.43
Y2-TA-2_LGD-2,ahnibgfo-1,Cluster 17,0,57.26
Y2-TA-2_LGD-2,jdedplmh-1,Cluster 10,0,39.11
Y2-TA-2_LGD-2,jdednfeb-1,Cluster 17,0,90.54
Y2-TA-2_LGD-2,jdedmcgm-1,Cluster 17,0,34.09
Y2-TA-2_LGD-2,ahoinflh-1,Cluster 19,0,181.80
Y2-TA-2_LGD-2,ahnigjjg-1,Cluster 14,0,67.87
Y2-TA-2_LGD-2,ahnhiina-1,Cluster 17,0,41.14
Y2-TA-2_LGD-2,jcppiffm-1,Cluster 6,0,51.43
Y2-TA-2_LGD-2,jcppngce-1,Cluster 17,0,38.83
Y2-TA-2_LGD-2,ahniojcf-1,Cluster 17,0,48.05
Y2-TA-2_LGD-2,jcppjmic-1,Cluster 17,0,90.27
Y2-TA-2_LGD-2,jcppmbca-1,Cluster 17,0,56.36
Y2-TA-2_LGD-2,ahnigekg-1,Cluster 6,0,94.60
Y2-TA-2_LGD-2,ahninhga-1,Cluster 6,0,63.85
Y2-TA-2_LGD-2,jdedlmcg-1,Cluster 6,0,82.50
Y2-TA-2_LGD-2,ahniefgp-1,Cluster 3,0,44.80
Y2-TA-2_LGD-2,jcpoakip-1,Cluster 6,0,118.40
Y2-TA-2_LGD-2,jcpnjchf-1,Cluster 17,0,36.31
Y2-TA-2_LGD-2,jcpjeomb-1,Cluster 3,0,9.03
Y2-TA-2_LGD-2,ahnflkac-1,Cluster 19,0,76.72
Y2-TA-2_LGD-2,ahniiool-1,Cluster 17,0,48.45
Y2-TA-2_LGD-2,ahnifjbc-1,Cluster 6,0,90.99
Y2-TA-2_LGD-2,jcpjdjfm-1,Cluster 17,0,12.33
Y2-TA-2_LGD-2,ahniehmh-1,Cluster 2,0,58.66
Y2-TA-2_LGD-2,ahnfimkl-1,Cluster 6,0,102.37
Y2-TA-2_LGD-2,jddppink-1,Cluster 10,0,146.62
Y2-TA-2_LGD-2,ahnijaio-1,Cluster 6,0,49.85
Y2-TA-2_LGD-2,ahnfhmfi-1,Cluster 21,0,72.43
Y2-TA-2_LGD-2,jcpinjhp-1,Cluster 6,0,157.82
Y2-TA-2_LGD-2,ahnjfldb-1,Cluster 17,0,32.74
Y2-TA-2_LGD-2,jcpllfno-1,Cluster 2,0,164.05
Y2-TA-2_LGD-2,ahnjdgmb-1,Cluster 18,0,71.21
Y2-TA-2_LGD-2,ahnfpdhj-1,Cluster 2,0,75.41
Y2-TA-2_LGD-2,jcppaeke-1,Cluster 6,0,41.77
Y2-TA-2_LGD-2,jcplmljl-1,Cluster 6,0,28.90
Y2-TA-2_LGD-2,jcponakn-1,Cluster 6,0,48.86
Y2-TA-2_LGD-2,jcppdfkm-1,Cluster 6,0,184.24
Y2-TA-2_LGD-2,jcpologl-1,Cluster 6,0,55.90
Y2-TA-2_LGD-2,jcpjaokc-1,Cluster 1,0,49.54
Y2-TA-2_LGD-2,jcplpeak-1,Cluster 6,0,230.97
Y2-TA-2_LGD-2,jcplpfmc-1,Cluster 6,0,68.01
Y2-TA-2_LGD-2,jcplpmoa-1,Cluster 6,0,71.03
Y2-TA-2_LGD-2,jcpjcehi-1,Cluster 19,0,71.53
Y2-TA-2_LGD-2,jcpllpad-1,Cluster 3,0,13.55
Y2-TA-2_LGD-2,jcpjgknl-1,Cluster 3,0,31.34
Y2-TA-2_LGD-2,jcpilfem-1,Cluster 5,0,112.30
Y2-TA-2_LGD-2,jcplokbj-1,Cluster 6,0,50.26
Y2-TA-2_LGD-2,jcpkhejn-1,Cluster 12,0,48.90
Y2-TA-2_LGD-2,jcpkcilk-1,Cluster 17,0,33.42
Y2-TA-2_LGD-2,jcppfcke-1,Cluster 6,0,27.23
Y2-TA-2_LGD-2,ahmhpgkg-1,Cluster 17,0,40.78
Y2-TA-2_LGD-2,jcplnjlp-1,Cluster 2,0,87.83
Y2-TA-2_LGD-2,ahmhmmin-1,Cluster 2,0,45.61
Y2-TA-2_LGD-2,ahnhggil-1,Cluster 2,0,81.37
Y2-TA-2_LGD-2,ahnfodoc-1,Cluster 21,0,48.23
Y2-TA-2_LGD-2,ahngmmko-1,Cluster 2,0,57.03
Y2-TA-2_LGD-2,jcppgkhl-1,Cluster 2,0,44.07
Y2-TA-2_LGD-2,jclckggc-1,Cluster 6,0,47.50
Y2-TA-2_LGD-2,jcpmaoel-1,Cluster 2,0,76.04
Y2-TA-2_LGD-2,jcplmpfo-1,Cluster 6,0,53.74
Y2-TA-2_LGD-2,jcppgmib-1,Cluster 2,0,46.96
Y2-TA-2_LGD-2,jcpkdcio-1,Cluster 13,0,170.37
Y2-TA-2_LGD-2,jcpeampb-1,Cluster 2,0,47.82
Y2-TA-2_LGD-2,jcldmhba-1,Cluster 6,0,74.37
Y2-TA-2_LGD-2,jcpnankd-1,Cluster 12,0,96.09
Y2-TA-2_LGD-2,jdaahhdp-1,Cluster 3,0,23.62
Y2-TA-2_LGD-2,jcpmikno-1,Cluster 13,0,70.76
Y2-TA-2_LGD-2,jdaaednn-1,Cluster 17,0,39.87
Y2-TA-2_LGD-2,jdaabjic-1,Cluster 3,0,30.98
Y2-TA-2_LGD-2,jdaaclmf-1,Cluster 17,0,34.18
Y2-TA-2_LGD-2,ahnjcono-1,Cluster 17,0,38.47
Y2-TA-2_LGD-2,jcpmoclj-1,Cluster 6,0,34.54
Y2-TA-2_LGD-2,jcpmefod-1,Cluster 17,0,29.67
Y2-TA-2_LGD-2,jcpmbcnf-1,Cluster 17,0,50.08
Y2-TA-2_LGD-2,jdaagbmk-1,Cluster 2,0,50.94
Y2-TA-2_LGD-2,jcppmhfp-1,Cluster 17,0,40.28
Y2-TA-2_LGD-2,jcpmndjl-1,Cluster 19,0,59.52
Y2-TA-2_LGD-2,jcpmcheb-1,Cluster 6,0,65.84
Y2-TA-2_LGD-2,ahnhgpjd-1,Cluster 2,0,62.68
Y2-TA-2_LGD-2,jcldmgem-1,Cluster 3,0,32.33
Y2-TA-2_LGD-2,jcpmmjhe-1,Cluster 17,0,26.46
Y2-TA-2_LGD-2,ahnjcppa-1,Cluster 21,0,33.96
Y2-TA-2_LGD-2,jcpmlefi-1,Cluster 17,0,20.09
Y2-TA-2_LGD-2,jcpnejpe-1,Cluster 20,0,34.14
Y2-TA-2_LGD-2,ahnjfoab-1,Cluster 2,0,64.80
Y2-TA-2_LGD-2,jcppclag-1,Cluster 18,0,253.87
Y2-TA-2_LGD-2,jcpoinaa-1,Cluster 17,0,31.97
Y2-TA-2_LGD-2,jcppbkib-1,Cluster 17,0,33.91
Y2-TA-2_LGD-2,jcpofnol-1,Cluster 6,0,38.74
Y2-TA-2_LGD-2,jcpogbno-1,Cluster 1,0,40.32
Y2-TA-2_LGD-2,jcpnebfn-1,Cluster 6,0,79.25
Y2-TA-2_LGD-2,jcpncfjh-1,Cluster 5,0,133.39
Y2-TA-2_LGD-2,jcpodidg-1,Cluster 17,0,16.03
Y2-TA-2_LGD-2,jcpnaceb-1,Cluster 17,0,38.20
Y2-TA-2_LGD-2,jcpnglkj-1,Cluster 13,0,25.87
Y2-TA-2_LGD-2,jcpodaig-1,Cluster 6,0,27.59
Y2-TA-2_LGD-2,jcpmnmgc-1,Cluster 17,0,24.97
Y2-TA-2_LGD-2,jcpmkghn-1,Cluster 6,0,27.09
Y2-TA-2_LGD-2,jcpebnpf-1,Cluster 17,0,20.73
Y2-TA-2_LGD-2,ahoinghk-1,Cluster 17,0,143.69
Y2-TA-2_LGD-2,jcpejfhm-1,Cluster 6,0,76.45
Y2-TA-2_LGD-2,jcpejoob-1,Cluster 6,0,71.21
Y2-TA-2_LGD-2,jfhcflla-1,Cluster 6,0,250.75
Y2-TA-2_LGD-2,jfhcdkik-1,Cluster 3,0,33.64
Y2-TA-2_LGD-2,jcpembbe-1,Cluster 10,0,73.97
Y2-TA-2_LGD-2,jcpekagd-1,Cluster 19,0,73.70
Y2-TA-2_LGD-2,jdeeknpe-1,Cluster 14,0,39.83
Y2-TA-2_LGD-2,ahojfngn-1,Cluster 18,0,55.41
Y2-TA-2_LGD-2,jdefhegf-1,Cluster 17,0,26.33
Y2-TA-2_LGD-2,jdefgglb-1,Cluster 6,0,63.35
Y2-TA-2_LGD-2,jdedpkla-1,Cluster 2,0,19.42
Y2-TA-2_LGD-2,oefhfmcj-1,Cluster 9,0,61.01
Y2-TA-2_LGD-2,jdedddkl-1,Cluster 14,0,221.27
Y2-TA-2_LGD-2,jdedebdp-1,Cluster 6,0,93.83
Y2-TA-2_LGD-2,ahnhjejl-1,Cluster 2,0,95.51
Y2-TA-2_LGD-2,jdedeelh-1,Cluster 14,0,25.56
Y2-TA-2_LGD-2,jcpfdbhp-1,Cluster 10,0,27.36
Y2-TA-2_LGD-2,jcpgajci-1,Cluster 2,0,78.21
Y2-TA-2_LGD-2,jcpfoccm-1,Cluster 17,0,74.55
Y2-TA-2_LGD-2,jcppojpn-1,Cluster 20,0,9.53
Y2-TA-2_LGD-2,jcpgbpcf-1,Cluster 17,0,36.22
Y2-TA-2_LGD-2,jcpfpbpl-1,Cluster 19,0,66.15
Y2-TA-2_LGD-2,jcpfdagb-1,Cluster 2,0,41.36
Y2-TA-2_LGD-2,ahoiphbb-1,Cluster 2,0,112.08
Y2-TA-2_LGD-2,ahokopoi-1,Cluster 6,0,27.82
Y2-TA-2_LGD-2,jfhbmbig-1,Cluster 17,0,55.90
Y2-TA-2_LGD-2,jdecdlbc-1,Cluster 1,0,16.12
Y2-TA-2_LGD-2,ahoiooif-1,Cluster 2,0,84.53
Y2-TA-2_LGD-2,jdecdlga-1,Cluster 1,0,31.43
Y2-TA-2_LGD-2,jfhbekdb-1,Cluster 17,0,45.47
Y2-TA-2_LGD-2,jdeinoji-1,Cluster 17,0,47.50
Y2-TA-2_LGD-2,jdeinoeh-1,Cluster 17,0,51.30
Y2-TA-2_LGD-2,ahojdbhf-1,Cluster 6,0,52.65
Y2-TA-2_LGD-2,ahojdgil-1,Cluster 3,0,75.82
Y2-TA-2_LGD-2,jfhbjadp-1,Cluster 1,0,48.95
Y2-TA-2_LGD-2,ahojegmf-1,Cluster 17,0,74.69
Y2-TA-2_LGD-2,ahnbiakd-1,Cluster 2,0,74.28
Y2-TA-2_LGD-2,jfhbjcbm-1,Cluster 17,0,19.37
Y2-TA-2_LGD-2,ahoiklcl-1,Cluster 19,0,138.18
Y2-TA-2_LGD-2,jdejbojn-1,Cluster 3,0,38.43
Y2-TA-2_LGD-2,ahojdafg-1,Cluster 17,0,63.99
Y2-TA-2_LGD-2,jfhbnaen-1,Cluster 6,0,56.36
Y2-TA-2_LGD-2,jfhbgbaj-1,Cluster 17,0,34.36
Y2-TA-2_LGD-2,ahncbgie-1,Cluster 17,0,49.58
Y2-TA-2_LGD-2,aholdmld-1,Cluster 14,0,81.96
Y2-TA-2_LGD-2,ahncefcc-1,Cluster 17,0,42.13
Y2-TA-2_LGD-2,ahoknlng-1,Cluster 17,0,45.83
Y2-TA-2_LGD-2,ahokplih-1,Cluster 6,0,72.16
Y2-TA-2_LGD-2,ahncahlg-1,Cluster 17,0,38.70
Y2-TA-2_LGD-2,jfhbheke-1,Cluster 6,0,27.05
Y2-TA-2_LGD-2,jfhbghni-1,Cluster 3,0,40.01
Y2-TA-2_LGD-2,jcpgcnjd-1,Cluster 17,0,31.25
Y2-TA-2_LGD-2,jcpihmmj-1,Cluster 6,0,203.79
Y2-TA-2_LGD-2,jcpelojl-1,Cluster 2,0,50.44
Y2-TA-2_LGD-2,jcpgiifa-1,Cluster 6,0,74.51
Y2-TA-2_LGD-2,jcpfjjlc-1,Cluster 17,0,65.12
Y2-TA-2_LGD-2,ahnbmcei-1,Cluster 17,0,45.38
Y2-TA-2_LGD-2,jcpifonn-1,Cluster 6,0,29.62
Y2-TA-2_LGD-2,jcpikjmk-1,Cluster 17,0,54.50
Y2-TA-2_LGD-2,jcpijgcn-1,Cluster 17,0,26.19
Y2-TA-2_LGD-2,jclajpdh-1,Cluster 6,0,64.53
Y2-TA-2_LGD-2,jcpicnnk-1,Cluster 2,0,53.15
Y2-TA-2_LGD-2,jcpidogh-1,Cluster 6,0,72.20
Y2-TA-2_LGD-2,jcphmnjl-1,Cluster 6,0,288.86
Y2-TA-2_LGD-2,jcpgpogm-1,Cluster 3,0,10.43
Y2-TA-2_LGD-2,ahnbkilo-1,Cluster 17,0,55.59
Y2-TA-2_LGD-2,jcpicpin-1,Cluster 6,0,36.62
Y2-TA-2_LGD-2,jcpgnikp-1,Cluster 17,0,66.61
Y2-TA-2_LGD-2,jcphlono-1,Cluster 6,0,62.99
Y2-TA-2_LGD-2,jcphknob-1,Cluster 3,0,13.77
Y2-TA-2_LGD-2,jcpfeckm-1,Cluster 3,0,12.24
Y2-TA-2_LGD-2,jcpfekjn-1,Cluster 3,0,27.41
Y2-TA-2_LGD-2,ahnclgpp-1,Cluster 6,0,90.67
Y2-TA-2_LGD-2,jcpfakdp-1,Cluster 2,0,73.06
Y2-TA-2_LGD-2,jcphojdk-1,Cluster 17,0,46.24
Y2-TA-2_LGD-2,jcphggln-1,Cluster 17,0,29.31
Y2-TA-2_LGD-2,jcpicgbi-1,Cluster 6,0,58.03
Y2-TA-2_LGD-2,jcpfibpi-1,Cluster 17,0,34.23
Y2-TA-2_LGD-2,ahnhnhba-1,Cluster 2,0,77.35
Y2-TA-2_LGD-2,jdaaceco-1,Cluster 3,0,19.82
Y2-TA-2_LGD-2,jcppndpf-1,Cluster 6,0,76.77
Y2-TA-2_LGD-2,jdaajgcb-1,Cluster 6,0,39.20
Y2-TA-2_LGD-2,ahnhnmah-1,Cluster 17,0,51.52
Y2-TA-2_LGD-2,jdaaiide-1,Cluster 6,0,23.26
Y2-TA-2_LGD-2,jdaafcef-1,Cluster 18,0,71.66
Y2-TA-2_LGD-2,jcphgodo-1,Cluster 6,0,47.32
Y2-TA-2_LGD-2,jcppmgpp-1,Cluster 14,0,224.83
Y2-TA-2_LGD-2,jcpppfho-1,Cluster 19,0,72.20
Y2-TA-2_LGD-2,jfgpmkhm-1,Cluster 1,0,115.74
Y2-TA-2_LGD-2,ahncgnmf-1,Cluster 17,0,45.20
Y2-TA-2_LGD-2,jfhbbhaj-1,Cluster 3,0,40.96
Y2-TA-2_LGD-2,jfhbbobo-1,Cluster 20,0,14.18
Y2-TA-2_LGD-2,ahncdnda-1,Cluster 17,0,112.48
Y2-TA-2_LGD-2,jfhdjfhp-1,Cluster 6,0,144.23
Y2-TA-2_LGD-2,jfhbeblg-1,Cluster 20,0,19.82
Y2-TA-2_LGD-2,jfhcpokf-1,Cluster 1,0,80.78
Y2-TA-2_LGD-2,ahnbncka-1,Cluster 17,0,67.15
Y2-TA-2_LGD-2,jfhcimng-1,Cluster 3,0,24.25
Y2-TA-2_LGD-2,jfhdmkoi-1,Cluster 3,0,42.45
Y2-TA-2_LGD-2,jfhdnedn-1,Cluster 17,0,21.31
Y2-TA-2_LGD-2,jfhdpoic-1,Cluster 17,0,66.24
Y2-TA-2_LGD-2,jfhaekih-1,Cluster 6,0,85.03
Y2-TA-2_LGD-2,ahnbenol-1,Cluster 17,0,74.10
Y2-TA-2_LGD-2,ahmnlcfk-1,Cluster 17,0,57.89
Y2-TA-2_LGD-2,ahnbopek-1,Cluster 17,0,70.53
Y2-TA-2_LGD-2,jfhdibbi-1,Cluster 17,0,45.43
Y2-TA-2_LGD-2,ahmpdlom-1,Cluster 6,0,87.11
Y2-TA-2_LGD-2,jfhdbiko-1,Cluster 6,0,354.21
Y2-TA-2_LGD-2,jcpedank-1,Cluster 19,0,84.80
Y2-TA-2_LGD-2,jfhclebd-1,Cluster 17,0,43.21
Y2-TA-2_LGD-2,jcpehpan-1,Cluster 17,0,34.77
Y2-TA-2_LGD-2,jcpgppoa-1,Cluster 6,0,48.63
Y2-TA-2_LGD-2,jcpehbhn-1,Cluster 17,0,44.52
Y2-TA-2_LGD-2,jcphcjfj-1,Cluster 6,0,87.11
Y2-TA-2_LGD-2,jcphecpj-1,Cluster 3,0,22.49
Y2-TA-2_LGD-2,jcphdahp-1,Cluster 17,0,12.15
Y2-TA-2_LGD-2,ahnbhglh-1,Cluster 19,0,49.08
Y2-TA-2_LGD-2,jfgpmbha-1,Cluster 14,0,225.87
Y2-TA-2_LGD-2,jcpegnmh-1,Cluster 17,0,46.19
Y2-TA-2_LGD-2,jcpebhma-1,Cluster 17,0,52.83
Y2-TA-2_LGD-2,jcphammn-1,Cluster 6,0,39.33
Y2-TA-2_LGD-2,jcpfahpm-1,Cluster 17,0,44.30
Y2-TA-2_LGD-2,jcpidppi-1,Cluster 6,0,57.53
Y2-TA-2_LGD-2,jclbdncg-1,Cluster 6,0,81.82
Y2-TA-2_LGD-2,jcldfcfj-1,Cluster 2,0,48.00
Y2-TA-2_LGD-2,jclcklji-1,Cluster 2,0,97.22
Y2-TA-2_LGD-2,jcldbdoh-1,Cluster 21,0,47.55
Y2-TA-2_LGD-2,jclbfcng-1,Cluster 1,0,39.06
Y2-TA-2_LGD-2,jclbimkb-1,Cluster 16,0,72.39
Y2-TA-2_LGD-2,jclckdnh-1,Cluster 6,0,17.52
Y2-TA-2_LGD-2,jclbgpjl-1,Cluster 8,0,78.12
Y2-TA-2_LGD-2,ahnfhebh-1,Cluster 2,0,28.36
Y2-TA-2_LGD-2,jcpdfgol-1,Cluster 2,0,36.31
Y2-TA-2_LGD-2,jcpdmkjb-1,Cluster 2,0,63.31
Y2-TA-2_LGD-2,ahnffinj-1,Cluster 2,0,73.56
Y2-TA-2_LGD-2,jcpdiiei-1,Cluster 6,0,58.16
Y2-TA-2_LGD-2,ahnffjea-1,Cluster 2,0,67.19
Y2-TA-2_LGD-2,ahmhiffp-1,Cluster 2,0,98.12
Y2-TA-2_LGD-2,ahnekfkd-1,Cluster 2,0,48.81
Y2-TA-2_LGD-2,jconpcjo-1,Cluster 5,0,58.43
Y2-TA-2_LGD-2,jconihae-1,Cluster 1,0,50.71
Y2-TA-2_LGD-2,jconjjpi-1,Cluster 12,0,54.05
Y2-TA-2_LGD-2,ahnfadna-1,Cluster 1,0,66.20
Y2-TA-2_LGD-2,ahnegjkb-1,Cluster 2,0,93.74
Y2-TA-2_LGD-2,ahmholcl-1,Cluster 2,0,69.86
Y2-TA-2_LGD-2,jconplmi-1,Cluster 5,0,58.03
Y2-TA-2_LGD-2,jconopak-1,Cluster 1,0,40.37
Y2-TA-2_LGD-2,oefdakpg-1,Cluster 5,0,108.78
Y2-TA-2_LGD-2,ahnckpjb-1,Cluster 3,0,71.57
Y2-TA-2_LGD-2,jclemepe-1,Cluster 17,0,31.29
Y2-TA-2_LGD-2,jclfbjah-1,Cluster 17,0,44.70
Y2-TA-2_LGD-2,jclfemee-1,Cluster 17,0,46.38
Y2-TA-2_LGD-2,jclegeei-1,Cluster 16,0,158.59
Y2-TA-2_LGD-2,jclecaap-1,Cluster 6,0,43.76
Y2-TA-2_LGD-2,jcldngai-1,Cluster 3,0,10.34
Y2-TA-2_LGD-2,jclfdldo-1,Cluster 6,0,64.66
Y2-TA-2_LGD-2,ahncmgld-1,Cluster 2,0,41.18
Y2-TA-2_LGD-2,ahncmnbm-1,Cluster 2,0,57.62
Y2-TA-2_LGD-2,jcldjpoi-1,Cluster 17,0,45.97
Y2-TA-2_LGD-2,jcledcla-1,Cluster 3,0,37.62
Y2-TA-2_LGD-2,jcldgdlp-1,Cluster 17,0,27.91
Y2-TA-2_LGD-2,jclbbaoi-1,Cluster 12,0,24.66
Y2-TA-2_LGD-2,jcldohhh-1,Cluster 2,0,22.76
Y2-TA-2_LGD-2,jcldojmi-1,Cluster 18,0,106.66
Y2-TA-2_LGD-2,jclekodf-1,Cluster 1,0,36.85
Y2-TA-2_LGD-2,jcleeiij-1,Cluster 5,0,84.67
Y2-TA-2_LGD-2,jcldegch-1,Cluster 2,0,66.20
Y2-TA-2_LGD-2,jclcjaka-1,Cluster 1,0,55.50
Y2-TA-2_LGD-2,jclcghab-1,Cluster 2,0,71.44
Y2-TA-2_LGD-2,jclckdla-1,Cluster 21,0,94.65
Y2-TA-2_LGD-2,jclbbbme-1,Cluster 16,0,58.21
Y2-TA-2_LGD-2,jclchfmi-1,Cluster 21,0,68.32
Y2-TA-2_LGD-2,jcldfoek-1,Cluster 2,0,58.84
Y2-TA-2_LGD-2,jclbdaeo-1,Cluster 12,0,37.80
Y2-TA-2_LGD-2,jclceghf-1,Cluster 12,0,50.03
Y2-TA-2_LGD-2,jcldfnpe-1,Cluster 2,0,83.63
Y2-TA-2_LGD-2,ahmodohk-1,Cluster 19,0,28.04
Y2-TA-2_LGD-2,ahmoelib-1,Cluster 17,0,34.77
Y2-TA-2_LGD-2,ahmoglaj-1,Cluster 2,0,38.52
Y2-TA-2_LGD-2,ahmoboih-1,Cluster 2,0,90.40
Y2-TA-2_LGD-2,jcladfac-1,Cluster 5,0,104.36
Y2-TA-2_LGD-2,jclabpeb-1,Cluster 8,0,87.65
Y2-TA-2_LGD-2,ahnckaia-1,Cluster 2,0,71.44
Y2-TA-2_LGD-2,ahmoiajo-1,Cluster 2,0,60.19
Y2-TA-2_LGD-2,ahmnpopi-1,Cluster 21,0,69.86
Y2-TA-2_LGD-2,jclalgbk-1,Cluster 2,0,50.08
Y2-TA-2_LGD-2,jclagbfm-1,Cluster 17,0,24.20
Y2-TA-2_LGD-2,jfgpkmif-1,Cluster 1,0,50.67
Y2-TA-2_LGD-2,jfgplfgj-1,Cluster 2,0,86.34
Y2-TA-2_LGD-2,ahmoceoi-1,Cluster 2,0,48.68
Y2-TA-2_LGD-2,ahmnfcji-1,Cluster 2,0,113.48
Y2-TA-2_LGD-2,ahmpficb-1,Cluster 2,0,79.25
Y2-TA-2_LGD-2,jfgpligk-1,Cluster 3,0,36.31
Y2-TA-2_LGD-2,ahmnfpdc-1,Cluster 2,0,78.62
Y2-TA-2_LGD-2,ahmpahmi-1,Cluster 2,0,87.33
Y2-TA-2_LGD-2,jfgpmehc-1,Cluster 2,0,71.39
Y2-TA-2_LGD-2,jfgpmknj-1,Cluster 12,0,40.14
Y2-TA-2_LGD-2,jfhacepb-1,Cluster 3,0,35.09
Y2-TA-2_LGD-2,ahnanikj-1,Cluster 17,0,26.51
Y2-TA-2_LGD-2,ahmpoikk-1,Cluster 1,0,49.54
Y2-TA-2_LGD-2,ahmpdogc-1,Cluster 2,0,89.32
Y2-TA-2_LGD-2,ahmppddp-1,Cluster 17,0,27.77
Y2-TA-2_LGD-2,ahmodioi-1,Cluster 2,0,63.94
Y2-TA-2_LGD-2,ahnacddc-1,Cluster 2,0,53.10
Y2-TA-2_LGD-2,ahmpdjpl-1,Cluster 6,0,34.36
Y2-TA-2_LGD-2,ahmpgdcj-1,Cluster 2,0,68.23
Y2-TA-2_LGD-2,ahnacfoh-1,Cluster 21,0,66.11
Y2-TA-2_LGD-2,jfhaccnd-1,Cluster 5,0,45.88
Y2-TA-2_LGD-2,ahnaicmb-1,Cluster 21,0,58.88
Y2-TA-2_LGD-2,ahmpdebg-1,Cluster 6,0,54.55
Y2-TA-2_LGD-2,jfhbbcgf-1,Cluster 17,0,37.71
Y2-TA-2_LGD-2,jfhgacnp-1,Cluster 9,0,167.85
Y2-TA-2_LGD-2,jddihdol-1,Cluster 17,0,25.65
Y2-TA-2_LGD-2,jddihada-1,Cluster 3,0,26.42
Y2-TA-2_LGD-2,jddifabm-1,Cluster 3,0,15.17
Y2-TA-2_LGD-2,oehdjbmg-1,Cluster 3,0,7.04
Y2-TA-2_LGD-2,ahokjcgi-1,Cluster 2,0,142.56
Y2-TA-2_LGD-2,jfhhbfgc-1,Cluster 11,0,61.19
Y2-TA-2_LGD-2,jfhgplpm-1,Cluster 17,0,91.71
Y2-TA-2_LGD-2,jddijllp-1,Cluster 17,0,155.52
Y2-TA-2_LGD-2,jddifljj-1,Cluster 3,0,49.63
Y2-TA-2_LGD-2,ahokgplk-1,Cluster 17,0,71.48
Y2-TA-2_LGD-2,jddjfdog-1,Cluster 1,0,30.39
Y2-TA-2_LGD-2,jddjebei-1,Cluster 1,0,25.33
Y2-TA-2_LGD-2,jddijkhb-1,Cluster 3,0,11.02
Y2-TA-2_LGD-2,jdebodfj-1,Cluster 10,0,46.33
Y2-TA-2_LGD-2,jddjabnl-1,Cluster 3,0,37.34
Y2-TA-2_LGD-2,jddijhae-1,Cluster 6,0,23.17
Y2-TA-2_LGD-2,aholholk-1,Cluster 10,0,212.37
Y2-TA-2_LGD-2,aholgalb-1,Cluster 3,0,43.26
Y2-TA-2_LGD-2,jdecodol-1,Cluster 17,0,21.95
Y2-TA-2_LGD-2,aholkmhn-1,Cluster 3,0,38.83
Y2-TA-2_LGD-2,jddinhnh-1,Cluster 3,0,54.86
Y2-TA-2_LGD-2,jdecbfof-1,Cluster 3,0,28.27
Y2-TA-2_LGD-2,jddiffhm-1,Cluster 3,0,41.23
Y2-TA-2_LGD-2,jdedaefn-1,Cluster 10,0,142.42
Y2-TA-2_LGD-2,jdecpjal-1,Cluster 6,0,42.36
Y2-TA-2_LGD-2,jfhfpmdm-1,Cluster 17,0,72.66
Y2-TA-2_LGD-2,jfhfplid-1,Cluster 3,0,26.10
Y2-TA-2_LGD-2,jfhfmohm-1,Cluster 6,0,82.46
Y2-TA-2_LGD-2,jfhbaheh-1,Cluster 3,0,28.81
Y2-TA-2_LGD-2,jfhaighb-1,Cluster 17,0,42.72
Y2-TA-2_LGD-2,jdecngjh-1,Cluster 17,0,54.10
Y2-TA-2_LGD-2,jfhgkdho-1,Cluster 6,0,54.50
Y2-TA-2_LGD-2,jfhgkcab-1,Cluster 3,0,54.19
Y2-TA-2_LGD-2,jfhgnmbd-1,Cluster 11,0,65.61
Y2-TA-2_LGD-2,jfhgkmbf-1,Cluster 17,0,38.16
Y2-TA-2_LGD-2,jdkdbibk-1,Cluster 17,0,70.62
Y2-TA-2_LGD-2,jdkdecdl-1,Cluster 17,0,73.29
Y2-TA-2_LGD-2,jfhhefpl-1,Cluster 3,0,65.21
Y2-TA-2_LGD-2,jfhgafdm-1,Cluster 2,0,53.56
Y2-TA-2_LGD-2,jdkdnkmk-1,Cluster 9,0,108.78
Y2-TA-2_LGD-2,jfhgbaac-1,Cluster 6,0,32.51
Y2-TA-2_LGD-2,jdkdchnl-1,Cluster 3,0,15.49
Y2-TA-2_LGD-2,jdkdakfb-1,Cluster 3,0,40.05
Y2-TA-2_LGD-2,jdkdkffo-1,Cluster 7,0,14.00
Y2-TA-2_LGD-2,jdkdgbhj-1,Cluster 11,0,73.11
Y2-TA-2_LGD-2,jdjmeipl-1,Cluster 17,0,64.12
Y2-TA-2_LGD-2,jdkdapmb-1,Cluster 3,0,43.71
Y2-TA-2_LGD-2,ahokceoo-1,Cluster 17,0,48.77
Y2-TA-2_LGD-2,jfhhlkhh-1,Cluster 6,0,142.33
Y2-TA-2_LGD-2,jfgopjkj-1,Cluster 3,0,69.90
Y2-TA-2_LGD-2,agpjmhpp-1,Cluster 17,0,92.16
Y2-TA-2_LGD-2,jfhiedcb-1,Cluster 2,0,103.45
Y2-TA-2_LGD-2,agpinopi-1,Cluster 17,0,67.87
Y2-TA-2_LGD-2,agpjoeoi-1,Cluster 17,0,105.85
Y2-TA-2_LGD-2,agpjpikj-1,Cluster 17,0,88.64
Y2-TA-2_LGD-2,jfhiapai-1,Cluster 17,0,133.26
Y2-TA-2_LGD-2,agpklpmo-1,Cluster 6,0,79.48
Y2-TA-2_LGD-2,agplcpni-1,Cluster 6,0,71.62
Y2-TA-2_LGD-2,jfhihjjb-1,Cluster 17,0,76.49
Y2-TA-2_LGD-2,jfgobiif-1,Cluster 2,0,111.27
Y2-TA-2_LGD-2,ahoikdma-1,Cluster 21,0,64.57
Y2-TA-2_LGD-2,jfhidoel-1,Cluster 3,0,20.32
Y2-TA-2_LGD-2,agplbdie-1,Cluster 2,0,79.34
Y2-TA-2_LGD-2,jfhibpif-1,Cluster 17,0,36.85
Y2-TA-2_LGD-2,jfhicjpb-1,Cluster 17,0,61.01
Y2-TA-2_LGD-2,jfhhoimb-1,Cluster 17,0,89.05
Y2-TA-2_LGD-2,jfhifklb-1,Cluster 17,0,163.10
Y2-TA-2_LGD-2,ahoiffkb-1,Cluster 3,0,51.48
Y2-TA-2_LGD-2,jfhihped-1,Cluster 3,0,61.32
Y2-TA-2_LGD-2,agpkphfp-1,Cluster 17,0,46.38
Y2-TA-2_LGD-2,agpkokhh-1,Cluster 2,0,51.34
Y2-TA-2_LGD-2,agpkmeap-1,Cluster 2,0,86.56
Y2-TA-2_LGD-2,ahnbecga-1,Cluster 17,0,78.84
Y2-TA-2_LGD-2,ahmnkgdp-1,Cluster 2,0,107.43
Y2-TA-2_LGD-2,jfhafanc-1,Cluster 20,0,48.09
Y2-TA-2_LGD-2,ahmnndeo-1,Cluster 2,0,113.70
Y2-TA-2_LGD-2,ahmnmohh-1,Cluster 17,0,154.03
Y2-TA-2_LGD-2,jfgobimm-1,Cluster 17,0,104.81
Y2-TA-2_LGD-2,jfhaillb-1,Cluster 3,0,31.07
Y2-TA-2_LGD-2,oehdghlf-1,Cluster 11,0,35.36
Y2-TA-2_LGD-2,ahojbmeb-1,Cluster 2,0,61.05
Y2-TA-2_LGD-2,ahmnnaea-1,Cluster 17,0,99.07
Y2-TA-2_LGD-2,ahnbhdoo-1,Cluster 2,0,63.22
Y2-TA-2_LGD-2,jfhahcfd-1,Cluster 3,0,34.32
Y2-TA-2_LGD-2,jfhfgbim-1,Cluster 17,0,80.78
Y2-TA-2_LGD-2,agpddgfc-1,Cluster 3,0,50.48
Y2-TA-2_LGD-2,agpdikgp-1,Cluster 17,0,48.86
Y2-TA-2_LGD-2,jfhfbbci-1,Cluster 17,0,116.14
Y2-TA-2_LGD-2,agpilpbi-1,Cluster 3,0,59.61
Y2-TA-2_LGD-2,agpimmio-1,Cluster 17,0,74.73
Y2-TA-2_LGD-2,jfhhghlh-1,Cluster 17,0,75.14
Y2-TA-2_LGD-2,jfhemgff-1,Cluster 8,0,118.54
Y2-TA-2_LGD-2,agpdgejd-1,Cluster 19,0,118.04
Y2-TA-2_LGD-2,jfhfalic-1,Cluster 17,0,63.49
Y2-TA-2_LGD-2,agpimcah-1,Cluster 17,0,48.86
Y2-TA-2_LGD-2,agpilfka-1,Cluster 3,0,34.77
Y2-TA-2_LGD-2,agpdjhig-1,Cluster 3,0,43.71
Y2-TA-2_LGD-2,agpdliik-1,Cluster 17,0,75.28
Y2-TA-2_LGD-2,agpjdbal-1,Cluster 2,0,42.36
Y2-TA-2_LGD-2,jfhhhdij-1,Cluster 6,0,183.61
Y2-TA-2_LGD-2,agpjjjbd-1,Cluster 3,0,42.31
Y2-TA-2_LGD-2,agpjjjmp-1,Cluster 17,0,62.00
Y2-TA-2_LGD-2,jfhhgpej-1,Cluster 6,0,98.98
Y2-TA-2_LGD-2,jfhfjplp-1,Cluster 17,0,52.38
Y2-TA-2_LGD-2,jfhficmn-1,Cluster 7,0,55.90
Y2-TA-2_LGD-2,agpjbnnf-1,Cluster 17,0,76.31
Y2-TA-2_LGD-2,ahoienpi-1,Cluster 3,0,66.38
Y2-TA-2_LGD-2,agpinien-1,Cluster 17,0,91.62
Y2-TA-2_LGD-2,agpjkcle-1,Cluster 17,0,183.65
Y2-TA-2_LGD-2,agpinmeb-1,Cluster 17,0,51.07
Y2-TA-2_LGD-2,ahoidnkl-1,Cluster 17,0,84.40
Y2-TA-2_LGD-2,jfhiamki-1,Cluster 19,0,100.29
Y2-TA-2_LGD-2,jfgplihg-1,Cluster 6,0,83.54
Y2-TA-2_LGD-2,jfgojdil-1,Cluster 5,0,61.23
Y2-TA-2_LGD-2,jfgpakap-1,Cluster 3,0,19.55
T1-TA-1_LGD-1,cplpfomc-1,Cluster 22,0,62.99
T1-TA-1_LGD-1,dacioalm-1,Cluster 22,0,38.11
T1-TA-1_LGD-1,mogbccdc-1,Cluster 4,0,12.87
T1-TA-1_LGD-1,cpnmfomh-1,Cluster 2,0,27.73
T1-TA-1_LGD-1,mogaccne-1,Cluster 22,0,59.15
T1-TA-1_LGD-1,daehofpo-1,Cluster 22,0,65.97
T1-TA-1_LGD-1,daeofjfh-1,Cluster 22,0,137.86
T1-TA-1_LGD-1,mofognpl-1,Cluster 10,0,36.44
T1-TA-1_LGD-1,ogcedefn-1,Cluster 3,0,77.04
T1-TA-1_LGD-1,daenpecl-1,Cluster 22,0,104.81
T1-TA-1_LGD-1,daenpedn-1,Cluster 18,0,84.94
T1-TA-1_LGD-1,daeikobo-1,Cluster 22,0,29.35
T1-TA-1_LGD-1,mofocihn-1,Cluster 2,0,48.14
T1-TA-1_LGD-1,mofofgom-1,Cluster 6,0,35.13
T1-TA-1_LGD-1,daeinhjl-1,Cluster 2,0,29.49
T1-TA-1_LGD-1,daennebg-1,Cluster 6,0,20.37
T1-TA-1_LGD-1,mofnombb-1,Cluster 2,0,38.79
T1-TA-1_LGD-1,daejcjmh-1,Cluster 2,0,24.47
T1-TA-1_LGD-1,daenppga-1,Cluster 22,0,77.62
T1-TA-1_LGD-1,daejaodo-1,Cluster 22,0,28.09
T1-TA-1_LGD-1,daeoioch-1,Cluster 22,0,43.58
T1-TA-1_LGD-1,daehkkhg-1,Cluster 22,0,26.37
T1-TA-1_LGD-1,mofocanm-1,Cluster 2,0,47.32
T1-TA-1_LGD-1,daehcedf-1,Cluster 2,0,31.88
T1-TA-1_LGD-1,daehihdf-1,Cluster 22,0,35.36
T1-TA-1_LGD-1,daejfffe-1,Cluster 2,0,22.26
T1-TA-1_LGD-1,daennnnn-1,Cluster 22,0,32.92
T1-TA-1_LGD-1,daehfbhg-1,Cluster 22,0,20.73
T1-TA-1_LGD-1,daenebjc-1,Cluster 2,0,23.75
T1-TA-1_LGD-1,daeioibl-1,Cluster 22,0,52.92
T1-TA-1_LGD-1,daehfedc-1,Cluster 6,0,17.61
T1-TA-1_LGD-1,daehjbpc-1,Cluster 2,0,34.45
T1-TA-1_LGD-1,mofobajo-1,Cluster 1,0,30.25
T1-TA-1_LGD-1,mogdelof-1,Cluster 2,0,74.01
T1-TA-1_LGD-1,daejcibi-1,Cluster 2,0,20.59
T1-TA-1_LGD-1,daeifmkj-1,Cluster 22,0,22.71
T1-TA-1_LGD-1,daeijinb-1,Cluster 22,0,28.81
T1-TA-1_LGD-1,daehnane-1,Cluster 22,0,42.85
T1-TA-1_LGD-1,daeikcob-1,Cluster 2,0,27.50
T1-TA-1_LGD-1,daeifedo-1,Cluster 22,0,30.07
T1-TA-1_LGD-1,daeidgap-1,Cluster 22,0,51.43
T1-TA-1_LGD-1,mofpnpjn-1,Cluster 6,0,17.11
T1-TA-1_LGD-1,cpnkliki-1,Cluster 22,0,32.33
T1-TA-1_LGD-1,cpnkblkd-1,Cluster 6,0,18.24
T1-TA-1_LGD-1,cpnkofkh-1,Cluster 6,0,18.83
T1-TA-1_LGD-1,cpnkdefp-1,Cluster 22,0,21.18
T1-TA-1_LGD-1,cpnknoln-1,Cluster 6,0,26.37
T1-TA-1_LGD-1,cpnkgfjl-1,Cluster 22,0,26.15
T1-TA-1_LGD-1,cpnjobmm-1,Cluster 22,0,42.58
T1-TA-1_LGD-1,cpnjndmp-1,Cluster 22,0,103.90
T1-TA-1_LGD-1,cpnkgheg-1,Cluster 22,0,41.63
T1-TA-1_LGD-1,mogijjfp-1,Cluster 22,0,58.16
T1-TA-1_LGD-1,cpnlbbhd-1,Cluster 22,0,50.08
T1-TA-1_LGD-1,cpnjggmd-1,Cluster 22,0,76.90
T1-TA-1_LGD-1,cpnjgmed-1,Cluster 22,0,88.55
T1-TA-1_LGD-1,daeomnea-1,Cluster 2,0,41.14
T1-TA-1_LGD-1,cpnnhean-1,Cluster 6,0,19.87
T1-TA-1_LGD-1,cpnmbeef-1,Cluster 6,0,22.94
T1-TA-1_LGD-1,cpnlhefl-1,Cluster 22,0,46.38
T1-TA-1_LGD-1,cpnmbfgl-1,Cluster 22,0,27.23
T1-TA-1_LGD-1,cpnkpkih-1,Cluster 22,0,48.32
T1-TA-1_LGD-1,cpnmboig-1,Cluster 6,0,19.42
T1-TA-1_LGD-1,cpnnjdnp-1,Cluster 6,0,20.86
T1-TA-1_LGD-1,cpnmngna-1,Cluster 22,0,82.64
T1-TA-1_LGD-1,cpnnapii-1,Cluster 2,0,39.20
T1-TA-1_LGD-1,cpnnaafh-1,Cluster 22,0,97.04
T1-TA-1_LGD-1,cpnmolbe-1,Cluster 22,0,37.80
T1-TA-1_LGD-1,cpnmkdak-1,Cluster 22,0,17.66
T1-TA-1_LGD-1,cpnmlgge-1,Cluster 6,0,15.94
T1-TA-1_LGD-1,cpnmhkai-1,Cluster 22,0,31.88
T1-TA-1_LGD-1,cpnllgfi-1,Cluster 6,0,36.03
T1-TA-1_LGD-1,cpnjgefa-1,Cluster 22,0,169.25
T1-TA-1_LGD-1,cpnnjmim-1,Cluster 6,0,31.65
T1-TA-1_LGD-1,cpnlldne-1,Cluster 2,0,51.43
T1-TA-1_LGD-1,cpnllafj-1,Cluster 2,0,72.25
T1-TA-1_LGD-1,cpnlkaja-1,Cluster 22,0,60.33
T1-TA-1_LGD-1,cpnlilkd-1,Cluster 2,0,69.41
T1-TA-1_LGD-1,daeolhij-1,Cluster 2,0,147.53
T1-TA-1_LGD-1,daeolkkc-1,Cluster 22,0,79.57
T1-TA-1_LGD-1,cpnlbmdn-1,Cluster 22,0,43.80
T1-TA-1_LGD-1,cpnlenhd-1,Cluster 22,0,30.80
T1-TA-1_LGD-1,cpnleceb-1,Cluster 6,0,25.24
T1-TA-1_LGD-1,mogaamfm-1,Cluster 6,0,34.41
T1-TA-1_LGD-1,mogabenp-1,Cluster 6,0,19.24
T1-TA-1_LGD-1,mogaapag-1,Cluster 10,0,35.72
T1-TA-1_LGD-1,cpnkfidg-1,Cluster 6,0,26.10
T1-TA-1_LGD-1,cpnkenen-1,Cluster 22,0,50.94
T1-TA-1_LGD-1,cpneebkl-1,Cluster 14,0,57.62
T1-TA-1_LGD-1,cpnpnfco-1,Cluster 6,0,25.92
T1-TA-1_LGD-1,cpnpnbcn-1,Cluster 2,0,41.45
T1-TA-1_LGD-1,cpnekdjb-1,Cluster 22,0,26.82
T1-TA-1_LGD-1,cpoagihk-1,Cluster 2,0,24.57
T1-TA-1_LGD-1,cpneloni-1,Cluster 22,0,27.55
T1-TA-1_LGD-1,mogikkpk-1,Cluster 22,0,187.13
T1-TA-1_LGD-1,cpoacjfa-1,Cluster 6,0,15.17
T1-TA-1_LGD-1,cpoagpkn-1,Cluster 2,0,26.15
T1-TA-1_LGD-1,cpoaedjo-1,Cluster 2,0,41.00
T1-TA-1_LGD-1,cpoabfjg-1,Cluster 2,0,28.40
T1-TA-1_LGD-1,mogijkng-1,Cluster 22,0,164.46
T1-TA-1_LGD-1,cpoaclec-1,Cluster 6,0,21.36
T1-TA-1_LGD-1,cpnpamfm-1,Cluster 22,0,49.99
T1-TA-1_LGD-1,cpnopjmm-1,Cluster 22,0,52.97
T1-TA-1_LGD-1,cpnpicjp-1,Cluster 6,0,28.09
T1-TA-1_LGD-1,cpnoonkh-1,Cluster 22,0,29.26
T1-TA-1_LGD-1,cpnodpeo-1,Cluster 6,0,51.97
T1-TA-1_LGD-1,cpnohghg-1,Cluster 6,0,40.23
T1-TA-1_LGD-1,cpnokblj-1,Cluster 6,0,27.50
T1-TA-1_LGD-1,cpnojbnh-1,Cluster 6,0,26.55
T1-TA-1_LGD-1,cpnokpof-1,Cluster 22,0,35.90
T1-TA-1_LGD-1,cpnjlanc-1,Cluster 22,0,86.02
T1-TA-1_LGD-1,cpnkfnnn-1,Cluster 22,0,56.99
T1-TA-1_LGD-1,cpnoepfb-1,Cluster 22,0,40.96
T1-TA-1_LGD-1,cpnphibp-1,Cluster 6,0,37.34
T1-TA-1_LGD-1,cpnofjoh-1,Cluster 22,0,40.19
T1-TA-1_LGD-1,cpnpfldk-1,Cluster 22,0,31.70
T1-TA-1_LGD-1,cpnjnmpk-1,Cluster 22,0,69.13
T1-TA-1_LGD-1,cpnnncpm-1,Cluster 10,0,22.26
T1-TA-1_LGD-1,cpnojakm-1,Cluster 2,0,38.25
T1-TA-1_LGD-1,cpnnmgal-1,Cluster 2,0,26.33
T1-TA-1_LGD-1,cpnpiooh-1,Cluster 6,0,34.59
T1-TA-1_LGD-1,cpnofmfj-1,Cluster 22,0,37.62
T1-TA-1_LGD-1,cpnohoei-1,Cluster 10,0,116.91
T1-TA-1_LGD-1,cpnpclgk-1,Cluster 22,0,37.80
T1-TA-1_LGD-1,cpneikhl-1,Cluster 2,0,33.64
T1-TA-1_LGD-1,cpoaecji-1,Cluster 2,0,29.94
T1-TA-1_LGD-1,cpnjhing-1,Cluster 22,0,76.22
T1-TA-1_LGD-1,cpnhccoa-1,Cluster 22,0,143.78
T1-TA-1_LGD-1,cpnflifp-1,Cluster 14,0,29.13
T1-TA-1_LGD-1,cpngpeoa-1,Cluster 22,0,92.71
T1-TA-1_LGD-1,cpnhcckd-1,Cluster 22,0,107.34
T1-TA-1_LGD-1,cpndmfdh-1,Cluster 22,0,51.07
T1-TA-1_LGD-1,cpobbnfp-1,Cluster 22,0,55.36
T1-TA-1_LGD-1,cpnfkmdc-1,Cluster 22,0,127.52
T1-TA-1_LGD-1,cpngndmk-1,Cluster 22,0,59.47
T1-TA-1_LGD-1,cpndmmhc-1,Cluster 6,0,19.96
T1-TA-1_LGD-1,mofpoppe-1,Cluster 22,0,221.40
T1-TA-1_LGD-1,cpnjklng-1,Cluster 22,0,110.05
T1-TA-1_LGD-1,cpndkafo-1,Cluster 14,0,30.75
T1-TA-1_LGD-1,cpngpmme-1,Cluster 22,0,111.81
T1-TA-1_LGD-1,cpoaippg-1,Cluster 22,0,50.67
T1-TA-1_LGD-1,cpngneck-1,Cluster 22,0,31.25
T1-TA-1_LGD-1,cpnnemge-1,Cluster 6,0,24.88
T1-TA-1_LGD-1,cpnfmplj-1,Cluster 22,0,55.05
T1-TA-1_LGD-1,cpnfokjb-1,Cluster 6,0,58.88
T1-TA-1_LGD-1,cpnjcede-1,Cluster 2,0,72.61
T1-TA-1_LGD-1,cpniomih-1,Cluster 6,0,19.24
T1-TA-1_LGD-1,cpnenplg-1,Cluster 10,0,45.52
T1-TA-1_LGD-1,cpoajjjh-1,Cluster 6,0,19.55
T1-TA-1_LGD-1,cpobelfl-1,Cluster 22,0,54.46
T1-TA-1_LGD-1,cpnenanp-1,Cluster 6,0,22.94
T1-TA-1_LGD-1,mofmodda-1,Cluster 6,0,15.90
T1-TA-1_LGD-1,cpoaodkl-1,Cluster 22,0,47.69
T1-TA-1_LGD-1,cpobehkd-1,Cluster 22,0,44.93
T1-TA-1_LGD-1,cpoammih-1,Cluster 6,0,27.77
T1-TA-1_LGD-1,cpobcmpa-1,Cluster 22,0,86.02
T1-TA-1_LGD-1,mofmmjph-1,Cluster 6,0,9.57
T1-TA-1_LGD-1,cpnepfcp-1,Cluster 2,0,28.22
T1-TA-1_LGD-1,cpoallnm-1,Cluster 22,0,46.29
T1-TA-1_LGD-1,cpneliep-1,Cluster 22,0,25.60
T1-TA-1_LGD-1,cpnpjlod-1,Cluster 22,0,76.40
T1-TA-1_LGD-1,cpnhekgf-1,Cluster 22,0,54.23
T1-TA-1_LGD-1,cpnepdfh-1,Cluster 6,0,28.00
T1-TA-1_LGD-1,cpnienjb-1,Cluster 22,0,67.37
T1-TA-1_LGD-1,cpnfadkj-1,Cluster 2,0,38.20
T1-TA-1_LGD-1,cpnfbmck-1,Cluster 2,0,22.49
T1-TA-1_LGD-1,cpniical-1,Cluster 22,0,39.06
T1-TA-1_LGD-1,cpniidie-1,Cluster 22,0,110.18
T1-TA-1_LGD-1,cpnffipf-1,Cluster 6,0,23.66
T1-TA-1_LGD-1,cpnfegch-1,Cluster 6,0,23.21
T1-TA-1_LGD-1,cpniiabe-1,Cluster 22,0,47.32
T1-TA-1_LGD-1,cpnfefpo-1,Cluster 2,0,25.42
T1-TA-1_LGD-1,cpniendp-1,Cluster 14,0,20.73
T1-TA-1_LGD-1,cpnehack-1,Cluster 2,0,25.65
T1-TA-1_LGD-1,cpnhoocl-1,Cluster 22,0,29.98
T1-TA-1_LGD-1,cpnicdmh-1,Cluster 22,0,60.69
T1-TA-1_LGD-1,cpnefnmm-1,Cluster 22,0,51.97
T1-TA-1_LGD-1,cpnhmeef-1,Cluster 22,0,116.05
T1-TA-1_LGD-1,cpnhpdch-1,Cluster 22,0,56.90
T1-TA-1_LGD-1,cpnegokc-1,Cluster 22,0,41.36
T1-TA-1_LGD-1,cpnhmbne-1,Cluster 22,0,35.40
T1-TA-1_LGD-1,cpnefpcd-1,Cluster 22,0,32.42
T1-TA-1_LGD-1,cpnhkgjp-1,Cluster 22,0,36.31
T1-TA-1_LGD-1,cpnejagg-1,Cluster 2,0,25.47
T1-TA-1_LGD-1,cpnhmdbf-1,Cluster 22,0,29.17
T1-TA-1_LGD-1,mohoocnc-1,Cluster 22,0,123.95
T1-TA-1_LGD-1,cpmhfjkf-1,Cluster 22,0,72.11
T1-TA-1_LGD-1,cpmhmpgm-1,Cluster 22,0,52.79
T1-TA-1_LGD-1,cpmiepfn-1,Cluster 22,0,66.83
T1-TA-1_LGD-1,cpmhkhbe-1,Cluster 22,0,110.14
T1-TA-1_LGD-1,cpmhiepd-1,Cluster 22,0,135.88
T1-TA-1_LGD-1,cpmhmhkf-1,Cluster 22,0,30.53
T1-TA-1_LGD-1,mohpdgnp-1,Cluster 22,0,84.49
T1-TA-1_LGD-1,cpmihhpk-1,Cluster 2,0,50.67
T1-TA-1_LGD-1,cpmhpboj-1,Cluster 2,0,53.87
T1-TA-1_LGD-1,cpmhipbk-1,Cluster 22,0,101.06
T1-TA-1_LGD-1,cpmialom-1,Cluster 22,0,94.65
T1-TA-1_LGD-1,cpngllfh-1,Cluster 22,0,65.75
T1-TA-1_LGD-1,cpnggbmc-1,Cluster 22,0,21.04
T1-TA-1_LGD-1,cpngakke-1,Cluster 2,0,44.39
T1-TA-1_LGD-1,cpncmaea-1,Cluster 14,0,29.44
T1-TA-1_LGD-1,moglgpdk-1,Cluster 3,0,27.91
T1-TA-1_LGD-1,cpnglpge-1,Cluster 22,0,52.47
T1-TA-1_LGD-1,mogilkam-1,Cluster 5,0,33.96
T1-TA-1_LGD-1,mogmjknc-1,Cluster 17,0,39.33
T1-TA-1_LGD-1,cpndigcl-1,Cluster 22,0,44.75
T1-TA-1_LGD-1,cpnglcae-1,Cluster 14,0,46.33
T1-TA-1_LGD-1,cpncnkoj-1,Cluster 22,0,42.36
T1-TA-1_LGD-1,cpndjnbe-1,Cluster 14,0,26.06
T1-TA-1_LGD-1,cpncncfh-1,Cluster 6,0,21.81
T1-TA-1_LGD-1,mogmgicb-1,Cluster 3,0,39.51
T1-TA-1_LGD-1,cpngacpi-1,Cluster 22,0,79.75
T1-TA-1_LGD-1,cpngddkd-1,Cluster 22,0,61.73
T1-TA-1_LGD-1,mogldbin-1,Cluster 6,0,18.56
T1-TA-1_LGD-1,mogniepd-1,Cluster 6,0,87.96
T1-TA-1_LGD-1,mofnaacp-1,Cluster 6,0,43.44
T1-TA-1_LGD-1,mogldmdp-1,Cluster 3,0,19.51
T1-TA-1_LGD-1,cpngliij-1,Cluster 22,0,90.27
T1-TA-1_LGD-1,cpncfnbn-1,Cluster 22,0,62.54
T1-TA-1_LGD-1,mogljdbe-1,Cluster 6,0,39.47
T1-TA-1_LGD-1,cpnchook-1,Cluster 22,0,58.12
T1-TA-1_LGD-1,cpncgclf-1,Cluster 6,0,59.88
T1-TA-1_LGD-1,daeogbgk-1,Cluster 22,0,67.60
T1-TA-1_LGD-1,cpndmoal-1,Cluster 6,0,24.57
T1-TA-1_LGD-1,cpnikang-1,Cluster 22,0,55.54
T1-TA-1_LGD-1,cpnhccoo-1,Cluster 22,0,51.03
T1-TA-1_LGD-1,cpnimoja-1,Cluster 22,0,28.99
T1-TA-1_LGD-1,cpnhfbdb-1,Cluster 22,0,35.63
T1-TA-1_LGD-1,cpnecgll-1,Cluster 22,0,32.47
T1-TA-1_LGD-1,cpnhfmkd-1,Cluster 22,0,37.57
T1-TA-1_LGD-1,cpndocmb-1,Cluster 2,0,23.80
T1-TA-1_LGD-1,cpnildpl-1,Cluster 22,0,36.03
T1-TA-1_LGD-1,dackemeb-1,Cluster 6,0,28.54
T1-TA-1_LGD-1,mohmaonf-1,Cluster 7,0,30.35
T1-TA-1_LGD-1,mohmgnpo-1,Cluster 8,0,82.68
T1-TA-1_LGD-1,dadafnbn-1,Cluster 1,0,83.13
T1-TA-1_LGD-1,mohbhmoc-1,Cluster 3,0,29.08
T1-TA-1_LGD-1,mohfmikm-1,Cluster 12,0,24.57
T1-TA-1_LGD-1,mohgdaod-1,Cluster 8,0,55.81
T1-TA-1_LGD-1,mohangdj-1,Cluster 3,0,16.75
T1-TA-1_LGD-1,mohbmcnp-1,Cluster 3,0,16.30
T1-TA-1_LGD-1,mohflfgi-1,Cluster 7,0,59.29
T1-TA-1_LGD-1,mohapcgd-1,Cluster 7,0,65.97
T1-TA-1_LGD-1,mohbhhea-1,Cluster 7,0,69.72
T1-TA-1_LGD-1,mohbgcno-1,Cluster 8,0,88.69
T1-TA-1_LGD-1,mohbggka-1,Cluster 12,0,64.48
T1-TA-1_LGD-1,mohaekfm-1,Cluster 4,0,9.44
T1-TA-1_LGD-1,mohckgii-1,Cluster 4,0,77.67
T1-TA-1_LGD-1,mogcojdm-1,Cluster 3,0,24.52
T1-TA-1_LGD-1,mogbfljg-1,Cluster 8,0,59.47
T1-TA-1_LGD-1,mogcipad-1,Cluster 8,0,105.03
T1-TA-1_LGD-1,mogdbcnj-1,Cluster 4,0,44.25
T1-TA-1_LGD-1,mohfmnab-1,Cluster 7,0,42.31
T1-TA-1_LGD-1,mohfjenm-1,Cluster 3,0,17.20
T1-TA-1_LGD-1,mogcphbb-1,Cluster 4,0,24.25
T1-TA-1_LGD-1,mohfjmdj-1,Cluster 3,0,9.17
T1-TA-1_LGD-1,mogcnkjf-1,Cluster 1,0,48.14
T1-TA-1_LGD-1,mogcdlah-1,Cluster 11,0,131.72
T1-TA-1_LGD-1,mogbhcdn-1,Cluster 3,0,47.46
T1-TA-1_LGD-1,mogbkbog-1,Cluster 7,0,50.03
T1-TA-1_LGD-1,mogbiapm-1,Cluster 12,0,47.64
T1-TA-1_LGD-1,mogbimnh-1,Cluster 3,0,21.77
T1-TA-1_LGD-1,mogbjpag-1,Cluster 3,0,41.41
T1-TA-1_LGD-1,moganimd-1,Cluster 3,0,27.95
T1-TA-1_LGD-1,mogamfhd-1,Cluster 1,0,44.30
T1-TA-1_LGD-1,mogaikim-1,Cluster 8,0,30.93
T1-TA-1_LGD-1,mogacfii-1,Cluster 1,0,25.42
T1-TA-1_LGD-1,ogcegpep-1,Cluster 3,0,15.58
T1-TA-1_LGD-1,mogchdbl-1,Cluster 7,0,105.80
T1-TA-1_LGD-1,mogcioid-1,Cluster 8,0,109.73
T1-TA-1_LGD-1,mogaonnk-1,Cluster 16,0,97.67
T1-TA-1_LGD-1,mogacmpe-1,Cluster 13,0,40.19
T1-TA-1_LGD-1,mohdekgn-1,Cluster 7,0,48.50
T1-TA-1_LGD-1,mohdhcoo-1,Cluster 7,0,65.34
T1-TA-1_LGD-1,mohdeefa-1,Cluster 12,0,66.47
T1-TA-1_LGD-1,mohdeakh-1,Unassigned,0,14.54
T1-TA-1_LGD-1,mohddlea-1,Cluster 3,0,12.69
T1-TA-1_LGD-1,mohdjcel-1,Cluster 3,0,59.70
T1-TA-1_LGD-1,mohmgepk-1,Cluster 3,0,25.92
T1-TA-1_LGD-1,mohllgih-1,Cluster 3,0,15.76
T1-TA-1_LGD-1,mohlnpll-1,Cluster 3,0,21.68
T1-TA-1_LGD-1,mohdhmma-1,Cluster 3,0,43.67
T1-TA-1_LGD-1,mohmebni-1,Cluster 3,0,33.33
T1-TA-1_LGD-1,mohlpnhm-1,Cluster 3,0,20.95
T1-TA-1_LGD-1,mohliinf-1,Cluster 7,0,39.69
T1-TA-1_LGD-1,mohmblgn-1,Cluster 7,0,73.33
T1-TA-1_LGD-1,dacpojdi-1,Cluster 3,0,42.00
T1-TA-1_LGD-1,mohchbbl-1,Cluster 3,0,12.64
T1-TA-1_LGD-1,mohbfiel-1,Cluster 1,0,29.49
T1-TA-1_LGD-1,mohkaehi-1,Cluster 1,0,61.28
T1-TA-1_LGD-1,mohkachn-1,Cluster 12,0,54.19
T1-TA-1_LGD-1,mohjpbaf-1,Cluster 4,0,38.61
T1-TA-1_LGD-1,mohjlcnj-1,Cluster 1,0,40.46
T1-TA-1_LGD-1,mohcmbch-1,Cluster 3,0,34.95
T1-TA-1_LGD-1,mohjmfbh-1,Cluster 8,0,54.10
T1-TA-1_LGD-1,mohcgppk-1,Cluster 12,0,20.32
T1-TA-1_LGD-1,mohbjiae-1,Cluster 3,0,32.69
T1-TA-1_LGD-1,mohbblfd-1,Cluster 20,0,39.42
T1-TA-1_LGD-1,mohkcelo-1,Cluster 7,0,45.97
T1-TA-1_LGD-1,mohcgkcl-1,Cluster 5,0,34.77
T1-TA-1_LGD-1,mohcljhn-1,Cluster 8,0,44.75
T1-TA-1_LGD-1,mohadogb-1,Cluster 3,0,25.60
T1-TA-1_LGD-1,mohkeaip-1,Cluster 1,0,25.33
T1-TA-1_LGD-1,dadaidee-1,Cluster 3,0,70.22
T1-TA-1_LGD-1,mohkcfmb-1,Cluster 3,0,24.57
T1-TA-1_LGD-1,mohkbnce-1,Cluster 12,0,31.56
T1-TA-1_LGD-1,mohcfnbm-1,Cluster 5,0,46.60
T1-TA-1_LGD-1,mohcdakh-1,Cluster 12,0,36.22
T1-TA-1_LGD-1,dadajikj-1,Cluster 22,0,36.40
T1-TA-1_LGD-1,dadalhli-1,Cluster 6,0,53.01
T1-TA-1_LGD-1,mohhafep-1,Cluster 8,0,221.45
T1-TA-1_LGD-1,mohgdpdm-1,Cluster 6,0,26.73
T1-TA-1_LGD-1,mohggpej-1,Cluster 14,0,76.22
T1-TA-1_LGD-1,mohgjejc-1,Cluster 14,0,62.41
T1-TA-1_LGD-1,mohgfahj-1,Cluster 6,0,30.48
T1-TA-1_LGD-1,mohginhh-1,Cluster 6,0,28.31
T1-TA-1_LGD-1,mohflpfo-1,Cluster 12,0,89.45
T1-TA-1_LGD-1,mohgfngj-1,Cluster 6,0,66.83
T1-TA-1_LGD-1,mohggopb-1,Cluster 16,0,154.07
T1-TA-1_LGD-1,mogbgajp-1,Cluster 8,0,106.48
T1-TA-1_LGD-1,moheohdb-1,Cluster 6,0,61.64
T1-TA-1_LGD-1,mohfdmgh-1,Cluster 8,0,143.46
T1-TA-1_LGD-1,mohfnago-1,Cluster 8,0,29.53
T1-TA-1_LGD-1,mogcmfjc-1,Cluster 1,0,31.79
T1-TA-1_LGD-1,mogcbjcg-1,Cluster 3,0,39.06
T1-TA-1_LGD-1,mofoolhf-1,Cluster 8,0,50.44
T1-TA-1_LGD-1,mofpfcbb-1,Cluster 1,0,16.53
T1-TA-1_LGD-1,mogbfiic-1,Cluster 3,0,10.34
T1-TA-1_LGD-1,mogcmkjf-1,Cluster 12,0,36.31
T1-TA-1_LGD-1,mogbmkdf-1,Cluster 5,0,19.51
T1-TA-1_LGD-1,mofoidcb-1,Cluster 7,0,88.42
T1-TA-1_LGD-1,mofonohl-1,Cluster 3,0,44.39
T1-TA-1_LGD-1,mogbfihg-1,Cluster 1,0,46.87
T1-TA-1_LGD-1,mofojpad-1,Cluster 3,0,44.21
T1-TA-1_LGD-1,mogcgbac-1,Cluster 1,0,40.23
T1-TA-1_LGD-1,mogclnhh-1,Cluster 4,0,33.87
T1-TA-1_LGD-1,mofpdido-1,Cluster 1,0,25.65
T1-TA-1_LGD-1,mogbbpmf-1,Cluster 3,0,33.73
T1-TA-1_LGD-1,mofopmah-1,Cluster 12,0,60.74
T1-TA-1_LGD-1,mogkmbab-1,Cluster 8,0,63.04
T1-TA-1_LGD-1,mogkkmpg-1,Cluster 8,0,44.80
T1-TA-1_LGD-1,mogkjhik-1,Cluster 3,0,21.45
T1-TA-1_LGD-1,mogkkbne-1,Cluster 5,0,54.59
T1-TA-1_LGD-1,mofpafic-1,Cluster 13,0,27.18
T1-TA-1_LGD-1,mogkjnco-1,Cluster 12,0,41.00
T1-TA-1_LGD-1,mohjgebh-1,Cluster 3,0,48.45
T1-TA-1_LGD-1,mohhokfc-1,Cluster 1,0,50.58
T1-TA-1_LGD-1,mohmhacm-1,Cluster 8,0,34.73
T1-TA-1_LGD-1,mohlaghk-1,Cluster 1,0,33.24
T1-TA-1_LGD-1,mohldgik-1,Cluster 17,0,25.38
T1-TA-1_LGD-1,ogcffbmo-1,Cluster 3,0,13.23
T1-TA-1_LGD-1,mohieokb-1,Cluster 6,0,77.89
T1-TA-1_LGD-1,mohlfocj-1,Cluster 4,0,33.24
T1-TA-1_LGD-1,mohiacgj-1,Cluster 3,0,12.64
T1-TA-1_LGD-1,mohmedai-1,Cluster 8,0,47.41
T1-TA-1_LGD-1,mohiojci-1,Cluster 3,0,18.69
T1-TA-1_LGD-1,mohknacg-1,Cluster 4,0,42.45
T1-TA-1_LGD-1,mohihmdn-1,Cluster 5,0,87.15
T1-TA-1_LGD-1,mohjbcnm-1,Cluster 12,0,42.99
T1-TA-1_LGD-1,mohipihc-1,Cluster 3,0,36.49
T1-TA-1_LGD-1,mohlabpb-1,Cluster 3,0,11.38
T1-TA-1_LGD-1,daclgbln-1,Cluster 6,0,33.91
T1-TA-1_LGD-1,mohmcdkn-1,Cluster 3,0,57.08
T1-TA-1_LGD-1,mohmfgdh-1,Cluster 3,0,27.50
T1-TA-1_LGD-1,daclfkib-1,Cluster 6,0,56.08
T1-TA-1_LGD-1,dadanmhn-1,Cluster 6,0,71.71
T1-TA-1_LGD-1,daclbcen-1,Cluster 2,0,53.74
T1-TA-1_LGD-1,mohkomco-1,Cluster 6,0,108.83
T1-TA-1_LGD-1,mohkfjhk-1,Cluster 8,0,62.68
T1-TA-1_LGD-1,dadamnje-1,Cluster 6,0,28.00
T1-TA-1_LGD-1,dadaekbo-1,Cluster 6,0,66.24
T1-TA-1_LGD-1,daclcjno-1,Cluster 6,0,36.53
T1-TA-1_LGD-1,dadamhen-1,Cluster 6,0,31.79
T1-TA-1_LGD-1,mohkfofk-1,Cluster 3,0,41.95
T1-TA-1_LGD-1,dadammeg-1,Cluster 6,0,83.63
T1-TA-1_LGD-1,mohgmofl-1,Cluster 1,0,45.29
T1-TA-1_LGD-1,mohjjmii-1,Cluster 6,0,30.30
T1-TA-1_LGD-1,mohjiecp-1,Cluster 6,0,39.38
T1-TA-1_LGD-1,dadajbfl-1,Cluster 14,0,54.37
T1-TA-1_LGD-1,mohhagec-1,Cluster 6,0,14.81
T1-TA-1_LGD-1,mohdlaek-1,Cluster 20,0,15.58
T1-TA-1_LGD-1,mohmflhd-1,Cluster 3,0,25.47
T1-TA-1_LGD-1,dacmbemg-1,Cluster 2,0,38.02
T1-TA-1_LGD-1,dacpnokp-1,Cluster 2,0,38.43
T1-TA-1_LGD-1,dacpncoa-1,Cluster 6,0,42.09
T1-TA-1_LGD-1,mohfhlkk-1,Cluster 6,0,36.62
T1-TA-1_LGD-1,mohfhpof-1,Cluster 14,0,74.73
T1-TA-1_LGD-1,dacpcmlg-1,Cluster 22,0,60.55
T1-TA-1_LGD-1,mofmkcpn-1,Cluster 10,0,16.57
T1-TA-1_LGD-1,dacpmhbj-1,Cluster 6,0,45.02
T1-TA-1_LGD-1,mohffncm-1,Cluster 14,0,27.00
T1-TA-1_LGD-1,mofmfidf-1,Cluster 6,0,43.03
T1-TA-1_LGD-1,mofmeiaa-1,Cluster 6,0,19.37
T1-TA-1_LGD-1,mofmecll-1,Cluster 6,0,57.03
T1-TA-1_LGD-1,mofmblab-1,Cluster 6,0,41.41
T1-TA-1_LGD-1,mohffhkg-1,Cluster 1,0,33.96
T1-TA-1_LGD-1,mofkneap-1,Cluster 6,0,28.95
T1-TA-1_LGD-1,mofpfkmj-1,Cluster 5,0,53.01
T1-TA-1_LGD-1,mofmaghi-1,Cluster 8,0,79.79
T1-TA-1_LGD-1,ogcefakp-1,Cluster 3,0,26.60
T1-TA-1_LGD-1,mofljmpm-1,Cluster 3,0,16.84
T1-TA-1_LGD-1,moflhien-1,Cluster 8,0,64.08
T1-TA-1_LGD-1,mofpfmig-1,Cluster 3,0,27.64
T1-TA-1_LGD-1,ogcefibp-1,Cluster 3,0,21.09
T1-TA-1_LGD-1,mofpjlim-1,Cluster 8,0,47.69
T1-TA-1_LGD-1,moflenla-1,Cluster 3,0,29.98
T1-TA-1_LGD-1,mofmccnb-1,Cluster 3,0,15.35
T1-TA-1_LGD-1,mohfhjep-1,Cluster 6,0,27.73
T1-TA-1_LGD-1,moflaoic-1,Cluster 4,0,36.40
T1-TA-1_LGD-1,mofpkgok-1,Cluster 1,0,38.47
T1-TA-1_LGD-1,mofpmaid-1,Cluster 12,0,24.97
T1-TA-1_LGD-1,mohfgdei-1,Cluster 6,0,35.31
T1-TA-1_LGD-1,mofplenf-1,Cluster 8,0,54.46
T1-TA-1_LGD-1,dacpehpa-1,Cluster 22,0,46.87
T1-TA-1_LGD-1,mofpbfjb-1,Cluster 3,0,27.73
T1-TA-1_LGD-1,mohfdlck-1,Cluster 3,0,55.54
T1-TA-1_LGD-1,mofpffkh-1,Cluster 1,0,33.33
T1-TA-1_LGD-1,mofkoeia-1,Cluster 14,0,71.57
T1-TA-1_LGD-1,mofnfofk-1,Cluster 12,0,30.16
T1-TA-1_LGD-1,mofmeblh-1,Cluster 6,0,76.77
T1-TA-1_LGD-1,mokiddim-1,Cluster 3,0,14.54
T1-TA-1_LGD-1,daclgnki-1,Cluster 22,0,57.30
T1-TA-1_LGD-1,mohikbdd-1,Cluster 6,0,95.64
T1-TA-1_LGD-1,mohhnfje-1,Cluster 6,0,18.60
T1-TA-1_LGD-1,dacmjehi-1,Cluster 22,0,57.53
T1-TA-1_LGD-1,mohhcllm-1,Cluster 6,0,25.47
T1-TA-1_LGD-1,dacmhbgi-1,Cluster 6,0,48.77
T1-TA-1_LGD-1,mohigbho-1,Cluster 8,0,89.73
T1-TA-1_LGD-1,mohhdmef-1,Cluster 6,0,37.57
T1-TA-1_LGD-1,mohhcalk-1,Cluster 6,0,32.33
T1-TA-1_LGD-1,mohignmk-1,Cluster 6,0,33.64
T1-TA-1_LGD-1,mohioljk-1,Cluster 12,0,47.50
T1-TA-1_LGD-1,daclpoac-1,Cluster 22,0,89.82
T1-TA-1_LGD-1,dacmchbe-1,Cluster 6,0,29.71
T1-TA-1_LGD-1,daclammd-1,Cluster 22,0,32.92
T1-TA-1_LGD-1,dacmiiej-1,Cluster 18,0,39.06
T1-TA-1_LGD-1,daclojei-1,Cluster 2,0,52.92
T1-TA-1_LGD-1,daclmdmo-1,Cluster 2,0,21.22
T1-TA-1_LGD-1,mohekldi-1,Cluster 6,0,14.36
T1-TA-1_LGD-1,dacpkhlg-1,Cluster 14,0,39.74
T1-TA-1_LGD-1,daclpnll-1,Cluster 6,0,30.84
T1-TA-1_LGD-1,dacmgepf-1,Cluster 6,0,33.64
T1-TA-1_LGD-1,mohfieig-1,Cluster 6,0,17.39
T1-TA-1_LGD-1,daclhbdl-1,Cluster 6,0,48.63
T1-TA-1_LGD-1,dacmcmmf-1,Cluster 14,0,30.53
T1-TA-1_LGD-1,dackhlgk-1,Cluster 6,0,35.63
T1-TA-1_LGD-1,dacmagao-1,Cluster 6,0,32.87
T1-TA-1_LGD-1,mohhkhpf-1,Cluster 6,0,17.52
T1-TA-1_LGD-1,mohjhapo-1,Cluster 6,0,24.20
T1-TA-1_LGD-1,mohhlpgb-1,Cluster 22,0,61.77
T1-TA-1_LGD-1,dacpnegl-1,Cluster 2,0,16.35
T1-TA-1_LGD-1,dacmpicg-1,Cluster 6,0,29.94
T1-TA-1_LGD-1,dacnfjap-1,Cluster 6,0,17.34
T1-TA-1_LGD-1,dacpnlmc-1,Cluster 6,0,15.31
T1-TA-1_LGD-1,moginbmm-1,Cluster 8,0,43.12
T1-TA-1_LGD-1,daconjgk-1,Cluster 2,0,31.07
T1-TA-1_LGD-1,daejiopn-1,Cluster 6,0,53.15
T1-TA-1_LGD-1,dacpjlgn-1,Cluster 6,0,25.38
T1-TA-1_LGD-1,dacoofoj-1,Cluster 2,0,27.68
T1-TA-1_LGD-1,daejijia-1,Cluster 22,0,87.33
T1-TA-1_LGD-1,dacolemb-1,Cluster 2,0,35.63
T1-TA-1_LGD-1,dacnmnkh-1,Cluster 22,0,37.12
T1-TA-1_LGD-1,dacpafnk-1,Cluster 6,0,40.55
T1-TA-1_LGD-1,mofmoiai-1,Cluster 8,0,48.59
T1-TA-1_LGD-1,dacoknek-1,Cluster 6,0,18.51
T1-TA-1_LGD-1,daejpnng-1,Cluster 22,0,53.78
T1-TA-1_LGD-1,mofmodnh-1,Cluster 3,0,33.91
T1-TA-1_LGD-1,daejoemi-1,Cluster 2,0,31.25
T1-TA-1_LGD-1,daejlinl-1,Cluster 6,0,28.40
T1-TA-1_LGD-1,mofnmepd-1,Cluster 6,0,27.05
T1-TA-1_LGD-1,mofnceon-1,Cluster 1,0,39.33
T1-TA-1_LGD-1,dacokfif-1,Cluster 2,0,23.26
T1-TA-1_LGD-1,dacokmfh-1,Cluster 22,0,50.89
T1-TA-1_LGD-1,dacncebm-1,Cluster 2,0,41.09
T1-TA-1_LGD-1,dacolcah-1,Cluster 6,0,13.41
T1-TA-1_LGD-1,mofnklgj-1,Cluster 14,0,74.87
T1-TA-1_LGD-1,mofnflfl-1,Cluster 14,0,94.42
T1-TA-1_LGD-1,mogmgnnp-1,Cluster 8,0,60.83
T1-TA-1_LGD-1,mogjchde-1,Cluster 22,0,86.38
T1-TA-1_LGD-1,mofnicla-1,Cluster 6,0,25.02
T1-TA-1_LGD-1,moglmjko-1,Cluster 1,0,41.32
T1-TA-1_LGD-1,daelclpg-1,Cluster 2,0,30.35
T1-TA-1_LGD-1,mogiolef-1,Cluster 14,0,29.67
T1-TA-1_LGD-1,mofnhfcd-1,Cluster 3,0,34.50
T1-TA-1_LGD-1,dacpeile-1,Cluster 2,0,56.04
T1-TA-1_LGD-1,dacpabed-1,Cluster 6,0,61.37
T1-TA-1_LGD-1,daejmjdp-1,Cluster 22,0,51.88
T1-TA-1_LGD-1,mohhbchf-1,Cluster 22,0,108.10
T1-TA-1_LGD-1,mohhhmnb-1,Cluster 6,0,42.00
T1-TA-1_LGD-1,dacjdncn-1,Cluster 22,0,77.13
T1-TA-1_LGD-1,dacjfaja-1,Cluster 6,0,36.13
T1-TA-1_LGD-1,mokidabk-1,Cluster 3,0,31.61
T1-TA-1_LGD-1,dacijefi-1,Cluster 2,0,28.95
T1-TA-1_LGD-1,dacinadm-1,Cluster 6,0,35.13
T1-TA-1_LGD-1,dacjmhhb-1,Cluster 22,0,61.05
T1-TA-1_LGD-1,dacjnpfa-1,Cluster 2,0,21.99
T1-TA-1_LGD-1,dacjenmc-1,Cluster 2,0,28.00
T1-TA-1_LGD-1,dacmiabl-1,Cluster 22,0,45.79
T1-TA-1_LGD-1,moephhld-1,Cluster 6,0,29.71
T1-TA-1_LGD-1,dacjdkbi-1,Cluster 6,0,22.13
T1-TA-1_LGD-1,daciopkc-1,Cluster 2,0,29.71
T1-TA-1_LGD-1,mohhecbn-1,Cluster 6,0,53.28
T1-TA-1_LGD-1,moepiggd-1,Cluster 2,0,52.43
T1-TA-1_LGD-1,dacjoich-1,Cluster 2,0,77.58
T1-TA-1_LGD-1,dacnhhok-1,Cluster 2,0,37.12
T1-TA-1_LGD-1,dacpannj-1,Cluster 2,0,34.77
T1-TA-1_LGD-1,dackamoo-1,Cluster 6,0,26.46
T1-TA-1_LGD-1,dacjnphf-1,Cluster 6,0,34.45
T1-TA-1_LGD-1,dacmnlhe-1,Cluster 22,0,30.98
T1-TA-1_LGD-1,dacpameg-1,Cluster 2,0,20.46
T1-TA-1_LGD-1,dacjpigg-1,Cluster 2,0,22.13
T1-TA-1_LGD-1,dacnhmmo-1,Cluster 6,0,18.29
T1-TA-1_LGD-1,dacnkpbi-1,Cluster 18,0,26.78
T1-TA-1_LGD-1,dadmiaki-1,Cluster 2,0,39.24
T1-TA-1_LGD-1,moiblhgm-1,Cluster 6,0,46.19
T1-TA-1_LGD-1,mohopomc-1,Cluster 22,0,132.49
T1-TA-1_LGD-1,cpmikddh-1,Cluster 2,0,86.65
T1-TA-1_LGD-1,cpmijaea-1,Cluster 22,0,37.03
T1-TA-1_LGD-1,cpmgoimn-1,Cluster 2,0,36.03
T1-TA-1_LGD-1,mohpccdn-1,Cluster 22,0,43.49
T1-TA-1_LGD-1,mohoggpp-1,Cluster 5,0,103.27
T1-TA-1_LGD-1,cpmgoldh-1,Cluster 6,0,52.56
T1-TA-1_LGD-1,cpmfklek-1,Cluster 22,0,45.79
T1-TA-1_LGD-1,cpmfkbob-1,Cluster 10,0,92.84
T1-TA-1_LGD-1,cpmgicdb-1,Cluster 22,0,72.48
T1-TA-1_LGD-1,mohpfgpi-1,Cluster 6,0,21.95
T1-TA-1_LGD-1,cpmfkncl-1,Cluster 2,0,34.18
T1-TA-1_LGD-1,cpmfppkn-1,Cluster 10,0,49.58
T1-TA-1_LGD-1,cpmfeljf-1,Cluster 22,0,31.29
T1-TA-1_LGD-1,cpmgcecf-1,Cluster 6,0,43.12
T1-TA-1_LGD-1,mohpmndh-1,Cluster 22,0,150.87
T1-TA-1_LGD-1,cpmfjoad-1,Cluster 22,0,98.94
T1-TA-1_LGD-1,cpmfgelf-1,Cluster 22,0,70.71
T1-TA-1_LGD-1,cpmfhmgh-1,Cluster 2,0,43.21
T1-TA-1_LGD-1,cpmfkboj-1,Cluster 6,0,47.32
T1-TA-1_LGD-1,mognonka-1,Cluster 17,0,12.10
T1-TA-1_LGD-1,mognmfnc-1,Cluster 6,0,36.89
T1-TA-1_LGD-1,ogcekiga-1,Cluster 3,0,6.01
T1-TA-1_LGD-1,cpmphiil-1,Cluster 22,0,59.97
T1-TA-1_LGD-1,cpmplefe-1,Cluster 22,0,47.73
T1-TA-1_LGD-1,mogmjpdd-1,Cluster 6,0,32.60
T1-TA-1_LGD-1,mogmpmnj-1,Cluster 6,0,56.40
T1-TA-1_LGD-1,mogodclb-1,Cluster 22,0,58.03
T1-TA-1_LGD-1,cpmpcfnd-1,Cluster 22,0,58.97
T1-TA-1_LGD-1,cpmkciih-1,Cluster 10,0,19.87
T1-TA-1_LGD-1,cpmkccgf-1,Cluster 6,0,63.81
T1-TA-1_LGD-1,cpmejphe-1,Cluster 2,0,83.67
T1-TA-1_LGD-1,cpmkabdh-1,Cluster 2,0,54.68
T1-TA-1_LGD-1,cpmpfdbd-1,Cluster 22,0,43.12
T1-TA-1_LGD-1,cpmphlla-1,Cluster 22,0,112.26
T1-TA-1_LGD-1,cpmpcplg-1,Cluster 6,0,23.53
T1-TA-1_LGD-1,moiccgji-1,Cluster 22,0,89.64
T1-TA-1_LGD-1,cpmipepg-1,Cluster 6,0,98.03
T1-TA-1_LGD-1,cpmjclia-1,Cluster 2,0,48.90
T1-TA-1_LGD-1,cpmhbnlg-1,Cluster 14,0,50.58
T1-TA-1_LGD-1,cpmkbjbc-1,Cluster 22,0,32.60
T1-TA-1_LGD-1,cpmjidpn-1,Cluster 22,0,87.47
T1-TA-1_LGD-1,cpmjdnfa-1,Cluster 17,0,32.47
T1-TA-1_LGD-1,mohpbbgp-1,Cluster 10,0,24.02
T1-TA-1_LGD-1,cpmkbfgo-1,Cluster 2,0,52.25
T1-TA-1_LGD-1,cpmkbihi-1,Cluster 2,0,47.19
T1-TA-1_LGD-1,cpmipcaa-1,Cluster 2,0,113.03
T1-TA-1_LGD-1,cpmipdkf-1,Cluster 2,0,36.26
T1-TA-1_LGD-1,cpmhbjnb-1,Cluster 22,0,104.67
T1-TA-1_LGD-1,cpmhblhk-1,Cluster 22,0,61.14
T1-TA-1_LGD-1,cpmimhhj-1,Cluster 2,0,68.77
T1-TA-1_LGD-1,cpmidaeg-1,Cluster 2,0,58.93
T1-TA-1_LGD-1,mohpbdjk-1,Cluster 6,0,18.15
T1-TA-1_LGD-1,mohonddi-1,Cluster 22,0,80.42
T1-TA-1_LGD-1,mohpalek-1,Cluster 22,0,48.23
T1-TA-1_LGD-1,mohpaoka-1,Cluster 6,0,46.92
T1-TA-1_LGD-1,mohodgjk-1,Cluster 22,0,158.81
T1-TA-1_LGD-1,moholbnp-1,Cluster 6,0,91.76
T1-TA-1_LGD-1,moibcmme-1,Cluster 5,0,58.48
T1-TA-1_LGD-1,cpmeoeme-1,Cluster 22,0,75.55
T1-TA-1_LGD-1,cpmepbbf-1,Cluster 22,0,56.17
T1-TA-1_LGD-1,cpmeoddg-1,Cluster 22,0,40.55
T1-TA-1_LGD-1,cpmelamh-1,Cluster 22,0,54.86
T1-TA-1_LGD-1,cpnbidml-1,Cluster 6,0,28.95
T1-TA-1_LGD-1,cpmglkop-1,Cluster 6,0,58.12
T1-TA-1_LGD-1,mohojnom-1,Cluster 1,0,36.31
T1-TA-1_LGD-1,cpmfabee-1,Cluster 10,0,51.25
T1-TA-1_LGD-1,cpmgihki-1,Cluster 2,0,34.00
T1-TA-1_LGD-1,cpmgpgml-1,Cluster 22,0,98.49
T1-TA-1_LGD-1,mohoeihn-1,Cluster 1,0,28.36
T1-TA-1_LGD-1,cpnbkgea-1,Cluster 2,0,49.54
T1-TA-1_LGD-1,cpnblgfh-1,Cluster 22,0,104.22
T1-TA-1_LGD-1,cpmfaobd-1,Cluster 2,0,52.70
T1-TA-1_LGD-1,cpmgffia-1,Cluster 22,0,48.41
T1-TA-1_LGD-1,mohpnpkf-1,Cluster 6,0,83.72
T1-TA-1_LGD-1,cpmfiifb-1,Cluster 6,0,23.71
T1-TA-1_LGD-1,cpmlbanc-1,Cluster 6,0,20.82
T1-TA-1_LGD-1,cpmpbejd-1,Cluster 6,0,37.71
T1-TA-1_LGD-1,cpmppppp-1,Cluster 2,0,25.83
T1-TA-1_LGD-1,cpmmnbii-1,Cluster 6,0,22.94
T1-TA-1_LGD-1,cpmppphd-1,Cluster 22,0,41.63
T1-TA-1_LGD-1,cpmmngfp-1,Cluster 2,0,25.29
T1-TA-1_LGD-1,cpmpohmn-1,Cluster 22,0,41.27
T1-TA-1_LGD-1,cpmpoiel-1,Cluster 22,0,16.08
T1-TA-1_LGD-1,cpmookkf-1,Cluster 6,0,18.83
T1-TA-1_LGD-1,cpmoklck-1,Cluster 22,0,23.62
T1-TA-1_LGD-1,cpmoebfj-1,Cluster 2,0,25.29
T1-TA-1_LGD-1,cpmplonm-1,Cluster 22,0,67.60
T1-TA-1_LGD-1,cpmmgbhc-1,Cluster 6,0,32.38
T1-TA-1_LGD-1,cpmohmeb-1,Cluster 6,0,14.09
T1-TA-1_LGD-1,cpmmmdkk-1,Cluster 6,0,16.71
T1-TA-1_LGD-1,cpmmhbgl-1,Cluster 6,0,42.63
T1-TA-1_LGD-1,cpmnbegg-1,Cluster 14,0,24.97
T1-TA-1_LGD-1,cpmonidl-1,Cluster 6,0,19.10
T1-TA-1_LGD-1,cpmdkfmm-1,Cluster 2,0,61.46
T1-TA-1_LGD-1,cpmncben-1,Cluster 6,0,20.18
T1-TA-1_LGD-1,cpmdobck-1,Cluster 6,0,44.89
T1-TA-1_LGD-1,cpmefdlp-1,Cluster 2,0,60.69
T1-TA-1_LGD-1,cpmjpman-1,Cluster 3,0,27.55
T1-TA-1_LGD-1,cpmedafj-1,Cluster 6,0,53.74
T1-TA-1_LGD-1,cpmjieji-1,Cluster 22,0,52.47
T1-TA-1_LGD-1,cpmoncgl-1,Cluster 6,0,19.91
T1-TA-1_LGD-1,cpmnfobo-1,Cluster 22,0,22.89
T1-TA-1_LGD-1,cpmdpmbj-1,Cluster 6,0,25.60
T1-TA-1_LGD-1,cpmdkkhk-1,Cluster 2,0,34.09
T1-TA-1_LGD-1,cpmdlonn-1,Cluster 2,0,49.36
T1-TA-1_LGD-1,cpmolhna-1,Cluster 6,0,28.09
T1-TA-1_LGD-1,moibkllb-1,Cluster 17,0,105.39
T1-TA-1_LGD-1,moicaoea-1,Cluster 6,0,39.87
T1-TA-1_LGD-1,cpmjnhld-1,Cluster 6,0,37.62
T1-TA-1_LGD-1,cpmjmfah-1,Cluster 2,0,56.90
T1-TA-1_LGD-1,cpnagonl-1,Cluster 22,0,22.40
T1-TA-1_LGD-1,cpnbegcg-1,Cluster 10,0,62.36
T1-TA-1_LGD-1,cpnanldm-1,Cluster 2,0,73.29
T1-TA-1_LGD-1,cpnahfic-1,Cluster 2,0,42.00
T1-TA-1_LGD-1,moiakgfk-1,Cluster 6,0,33.05
T1-TA-1_LGD-1,cpnamgmb-1,Cluster 2,0,53.51
T1-TA-1_LGD-1,cpnbcmgn-1,Cluster 6,0,71.62
T1-TA-1_LGD-1,cpnbcnfb-1,Cluster 2,0,52.52
T1-TA-1_LGD-1,cpnbhghj-1,Cluster 22,0,33.82
T1-TA-1_LGD-1,cpnamfng-1,Cluster 2,0,17.66
T1-TA-1_LGD-1,cpnbglaf-1,Cluster 6,0,34.41
T1-TA-1_LGD-1,cpnapfep-1,Cluster 22,0,49.90
T1-TA-1_LGD-1,cpmcdccd-1,Cluster 6,0,32.47
T1-TA-1_LGD-1,cpmdfagp-1,Cluster 6,0,52.02
T1-TA-1_LGD-1,cpmdabck-1,Cluster 2,0,49.94
T1-TA-1_LGD-1,cpmdhpch-1,Cluster 6,0,17.20
T1-TA-1_LGD-1,cpmckhpl-1,Cluster 2,0,33.33
T1-TA-1_LGD-1,cpmdaigl-1,Cluster 22,0,33.96
T1-TA-1_LGD-1,moibnjnh-1,Cluster 2,0,65.88
T1-TA-1_LGD-1,moiceclf-1,Cluster 6,0,11.42
T1-TA-1_LGD-1,cpmdkeae-1,Cluster 2,0,38.07
T1-TA-1_LGD-1,cpmdaaab-1,Cluster 22,0,61.82
T1-TA-1_LGD-1,moibjfki-1,Cluster 6,0,34.09
T1-TA-1_LGD-1,cpmcmoec-1,Cluster 22,0,48.86
T1-TA-1_LGD-1,cpmdigll-1,Cluster 2,0,65.43
T1-TA-1_LGD-1,cpmcmgcf-1,Cluster 22,0,41.18
T1-TA-1_LGD-1,cpmcmdgj-1,Cluster 2,0,32.29
T1-TA-1_LGD-1,cpmclkbn-1,Cluster 10,0,50.30
T1-TA-1_LGD-1,moibbmhh-1,Cluster 2,0,48.86
T1-TA-1_LGD-1,cpmckbnj-1,Cluster 2,0,54.73
T1-TA-1_LGD-1,mohobmbf-1,Cluster 17,0,13.37
T1-TA-1_LGD-1,mohobnjk-1,Cluster 2,0,56.85
T1-TA-1_LGD-1,cpmchgdn-1,Cluster 2,0,59.25
T1-TA-1_LGD-1,moibcagh-1,Cluster 2,0,68.59
T1-TA-1_LGD-1,cpnagoho-1,Cluster 6,0,44.39
T1-TA-1_LGD-1,moibckka-1,Cluster 6,0,21.58
T1-TA-1_LGD-1,cpnbogkm-1,Cluster 22,0,104.27
T1-TA-1_LGD-1,moiapehf-1,Cluster 17,0,25.02
T1-TA-1_LGD-1,mohobjjc-1,Cluster 6,0,32.15
T1-TA-1_LGD-1,cpnbmlik-1,Cluster 22,0,51.34
T1-TA-1_LGD-1,cpnbopad-1,Cluster 2,0,42.81
T1-TA-1_LGD-1,cpmchijj-1,Cluster 17,0,41.50
T1-TA-1_LGD-1,cpnadggo-1,Cluster 22,0,44.84
T1-TA-1_LGD-1,moibdaaf-1,Cluster 6,0,34.05
T1-TA-1_LGD-1,cpncamne-1,Cluster 22,0,48.36
T1-TA-1_LGD-1,cpncallg-1,Cluster 22,0,179.13
T1-TA-1_LGD-1,cpnbpicb-1,Cluster 22,0,61.28
T1-TA-1_LGD-1,cpnbihnk-1,Cluster 2,0,65.43
T1-TA-1_LGD-1,cpnbnnak-1,Cluster 22,0,147.66
T1-TA-1_LGD-1,moicbjeh-1,Cluster 2,0,66.33
T1-TA-1_LGD-1,dadlfljh-1,Cluster 6,0,21.86
T1-TA-1_LGD-1,dadlgadg-1,Cluster 2,0,16.48
T1-TA-1_LGD-1,cpmkpjpg-1,Cluster 6,0,18.88
T1-TA-1_LGD-1,cpmknckp-1,Cluster 2,0,24.75
T1-TA-1_LGD-1,cpmkofcc-1,Cluster 2,0,23.80
T1-TA-1_LGD-1,moijlpdh-1,Cluster 2,0,13.64
T1-TA-1_LGD-1,dadlpgdo-1,Cluster 2,0,21.22
T1-TA-1_LGD-1,dadljagl-1,Cluster 6,0,14.81
T1-TA-1_LGD-1,cpmljeah-1,Cluster 22,0,22.22
T1-TA-1_LGD-1,cpmnbnbi-1,Cluster 22,0,56.90
T1-TA-1_LGD-1,cpmljjnc-1,Cluster 2,0,21.40
T1-TA-1_LGD-1,mohmohjc-1,Cluster 22,0,54.01
T1-TA-1_LGD-1,cpmcapgn-1,Cluster 14,0,47.14
T1-TA-1_LGD-1,cpmdgmmo-1,Cluster 22,0,86.84
T1-TA-1_LGD-1,cpmnilgm-1,Cluster 6,0,20.55
T1-TA-1_LGD-1,dadmbfaa-1,Cluster 2,0,27.23
T1-TA-1_LGD-1,mohnbeaj-1,Cluster 6,0,12.82
T1-TA-1_LGD-1,dadlnpme-1,Cluster 6,0,20.37
T1-TA-1_LGD-1,dadmeibo-1,Cluster 6,0,25.15
T1-TA-1_LGD-1,mohncinp-1,Cluster 6,0,17.66
T1-TA-1_LGD-1,dadlklnf-1,Cluster 6,0,20.37
T1-TA-1_LGD-1,cpmncabj-1,Cluster 6,0,18.29
T1-TA-1_LGD-1,cpmcflnm-1,Cluster 22,0,48.32
T1-TA-1_LGD-1,cpmdffle-1,Cluster 22,0,52.97
T1-TA-1_LGD-1,dadlbgcm-1,Cluster 6,0,20.77
T1-TA-1_LGD-1,cpmcdali-1,Cluster 6,0,35.31
T1-TA-1_LGD-1,cpmlhnbj-1,Cluster 2,0,28.99
T1-TA-1_LGD-1,cpmlmhod-1,Cluster 6,0,26.60
T1-TA-1_LGD-1,cpmlfbam-1,Cluster 6,0,15.71
T1-TA-1_LGD-1,dadmbbfh-1,Cluster 6,0,24.47
T1-TA-1_LGD-1,dadlkjng-1,Cluster 22,0,51.52
T1-TA-1_LGD-1,mohmohif-1,Cluster 22,0,55.99
T1-TA-1_LGD-1,dadllmnd-1,Cluster 6,0,14.95
T1-TA-1_LGD-1,moibgada-1,Cluster 6,0,91.80
T1-TA-1_LGD-1,cpmdgaak-1,Cluster 6,0,30.75
T1-TA-1_LGD-1,cpmaiclh-1,Cluster 22,0,59.88
T1-TA-1_LGD-1,cpmbenpg-1,Cluster 6,0,24.66
T1-TA-1_LGD-1,cpmbepkm-1,Cluster 6,0,22.44
T1-TA-1_LGD-1,cpmaikbd-1,Cluster 22,0,56.26
T1-TA-1_LGD-1,cpmbelia-1,Cluster 6,0,18.06
T1-TA-1_LGD-1,cpmbbfjl-1,Cluster 2,0,26.78
T1-TA-1_LGD-1,cpmdjnhp-1,Cluster 6,0,18.74
T1-TA-1_LGD-1,cpmbmccp-1,Cluster 2,0,46.15
T1-TA-1_LGD-1,cpmbhjmj-1,Cluster 22,0,61.23
T1-TA-1_LGD-1,cpmbndkb-1,Cluster 22,0,97.63
T1-TA-1_LGD-1,cplojkga-1,Cluster 6,0,36.71
T1-TA-1_LGD-1,cpmaojeb-1,Cluster 2,0,29.40
T1-TA-1_LGD-1,cpmbahlf-1,Cluster 6,0,26.24
T1-TA-1_LGD-1,cpmbmmln-1,Cluster 6,0,52.11
T1-TA-1_LGD-1,cpmalppg-1,Cluster 2,0,27.59
T1-TA-1_LGD-1,cpmaoopd-1,Cluster 2,0,59.70
T1-TA-1_LGD-1,cpmapkoe-1,Cluster 22,0,34.77
T1-TA-1_LGD-1,moiamfdg-1,Cluster 6,0,43.03
T1-TA-1_LGD-1,cpmaiaej-1,Cluster 10,0,57.53
T1-TA-1_LGD-1,moiaaobk-1,Cluster 6,0,18.33
T1-TA-1_LGD-1,moiagmmm-1,Cluster 6,0,37.25
T1-TA-1_LGD-1,cpmaggbi-1,Cluster 6,0,57.98
T1-TA-1_LGD-1,cpnacnlj-1,Cluster 2,0,36.08
T1-TA-1_LGD-1,cpnafbfl-1,Cluster 2,0,42.81
T1-TA-1_LGD-1,cpnabfdl-1,Cluster 10,0,57.89
T1-TA-1_LGD-1,cpncbghk-1,Cluster 22,0,40.96
T1-TA-1_LGD-1,cpmabnep-1,Cluster 6,0,62.77
T1-TA-1_LGD-1,cplpafmo-1,Cluster 22,0,78.03
T1-TA-1_LGD-1,cplopfcf-1,Cluster 22,0,103.32
T1-TA-1_LGD-1,cpnagomi-1,Cluster 22,0,115.01
T1-TA-1_LGD-1,cplpbcbl-1,Cluster 6,0,21.86
T1-TA-1_LGD-1,cpmadeol-1,Cluster 22,0,72.61
T1-TA-1_LGD-1,moiaiiih-1,Cluster 6,0,141.20
T1-TA-1_LGD-1,cpmaefin-1,Cluster 2,0,45.83
T1-TA-1_LGD-1,cplpbnng-1,Cluster 2,0,36.85
T1-TA-1_LGD-1,cpnafkij-1,Cluster 22,0,99.98
T1-TA-1_LGD-1,cpncbcbn-1,Cluster 22,0,44.34
T1-TA-1_LGD-1,cplohbik-1,Cluster 6,0,42.58
T1-TA-1_LGD-1,cpmbonni-1,Cluster 2,0,26.28
T1-TA-1_LGD-1,dadkkhen-1,Cluster 6,0,15.13
T1-TA-1_LGD-1,dadkkdbi-1,Cluster 2,0,16.66
T1-TA-1_LGD-1,mohnieah-1,Cluster 6,0,9.98
T1-TA-1_LGD-1,dadkogep-1,Cluster 2,0,28.13
T1-TA-1_LGD-1,dadkpdck-1,Cluster 6,0,21.99
T1-TA-1_LGD-1,dadleeac-1,Cluster 2,0,18.88
T1-TA-1_LGD-1,cploapfb-1,Cluster 22,0,42.90
T1-TA-1_LGD-1,dadmmnif-1,Cluster 6,0,36.13
T1-TA-1_LGD-1,dadmippn-1,Cluster 22,0,38.97
T1-TA-1_LGD-1,cplojicj-1,Cluster 2,0,24.52
T1-TA-1_LGD-1,dadoiigm-1,Cluster 6,0,26.28
T1-TA-1_LGD-1,dadoaeap-1,Cluster 6,0,38.16
T1-TA-1_LGD-1,dadofhne-1,Cluster 6,0,31.34
T1-TA-1_LGD-1,dadoaaam-1,Cluster 6,0,23.66
T1-TA-1_LGD-1,dadokmgd-1,Cluster 2,0,52.97
T1-TA-1_LGD-1,cplohafa-1,Cluster 2,0,16.48
T1-TA-1_LGD-1,mohmlmki-1,Cluster 6,0,27.50
T1-TA-1_LGD-1,moibncjh-1,Cluster 6,0,16.30
T1-TA-1_LGD-1,cplnfbkj-1,Cluster 6,0,36.03
T1-TA-1_LGD-1,mohnkkie-1,Cluster 22,0,43.35
T1-TA-1_LGD-1,cplohboi-1,Cluster 6,0,21.31
T1-TA-1_LGD-1,cploabcb-1,Cluster 22,0,47.19
T1-TA-1_LGD-1,cplodjap-1,Cluster 22,0,64.17
T1-TA-1_LGD-1,cplnmobk-1,Cluster 22,0,82.59
T1-TA-1_LGD-1,mohmhieb-1,Cluster 6,0,16.75
T1-TA-1_LGD-1,cplnneal-1,Cluster 6,0,39.06
T1-TA-1_LGD-1,mohmkgdh-1,Cluster 6,0,68.10
T1-TA-1_LGD-1,cplnoaip-1,Cluster 22,0,47.37
T1-TA-1_LGD-1,cplnlejj-1,Cluster 22,0,49.49
T1-TA-1_LGD-1,mogmmoek-1,Cluster 6,0,123.86
T1-TA-1_LGD-1,moibgnlg-1,Cluster 6,0,60.69
T1-TA-1_LGD-1,cpmbhdel-1,Cluster 10,0,31.11
T1-TA-1_LGD-1,cpmbaldd-1,Cluster 22,0,70.08
T1-TA-1_LGD-1,mogpadob-1,Cluster 8,0,17.52
T1-TA-1_LGD-1,mofbjkge-1,Cluster 6,0,88.82
T1-TA-1_LGD-1,mogjlmin-1,Cluster 4,0,33.64
T1-TA-1_LGD-1,daekpmde-1,Cluster 2,0,36.31
T1-TA-1_LGD-1,daelpfkj-1,Cluster 2,0,41.77
T1-TA-1_LGD-1,daekokgi-1,Cluster 2,0,38.79
T1-TA-1_LGD-1,mogfikac-1,Cluster 6,0,27.46
T1-TA-1_LGD-1,daemlndh-1,Cluster 22,0,140.48
T1-TA-1_LGD-1,mogjamjk-1,Cluster 6,0,21.49
T1-TA-1_LGD-1,daemjoai-1,Cluster 22,0,26.96
T1-TA-1_LGD-1,daelpjfi-1,Cluster 2,0,55.90
T1-TA-1_LGD-1,daemjcno-1,Cluster 2,0,51.70
T1-TA-1_LGD-1,daeknleo-1,Cluster 6,0,22.94
T1-TA-1_LGD-1,daemaodp-1,Cluster 2,0,43.67
T1-TA-1_LGD-1,mogjanei-1,Cluster 6,0,45.88
T1-TA-1_LGD-1,mogioejf-1,Cluster 12,0,41.36
T1-TA-1_LGD-1,mogiljjc-1,Cluster 8,0,82.95
T1-TA-1_LGD-1,mogkeefh-1,Cluster 3,0,38.29
T1-TA-1_LGD-1,mogkndnh-1,Cluster 20,0,19.82
T1-TA-1_LGD-1,mogipbae-1,Cluster 17,0,47.50
T1-TA-1_LGD-1,ogceihnd-1,Unassigned,0,17.75
T1-TA-1_LGD-1,moglbggg-1,Cluster 3,0,30.80
T1-TA-1_LGD-1,daeljjfb-1,Cluster 3,0,41.09
T1-TA-1_LGD-1,daekknne-1,Cluster 1,0,49.58
T1-TA-1_LGD-1,daemhnni-1,Cluster 1,0,65.16
T1-TA-1_LGD-1,moglcmie-1,Cluster 6,0,29.80
T1-TA-1_LGD-1,daencipn-1,Cluster 22,0,69.77
T1-TA-1_LGD-1,daeneacn-1,Cluster 22,0,113.21
T1-TA-1_LGD-1,mogjmdoh-1,Cluster 3,0,60.92
T1-TA-1_LGD-1,daendppl-1,Cluster 22,0,60.78
T1-TA-1_LGD-1,daemoofa-1,Cluster 22,0,175.25
T1-TA-1_LGD-1,cpndbhlg-1,Cluster 22,0,185.68
T1-TA-1_LGD-1,cpncnlbk-1,Cluster 22,0,99.66
T1-TA-1_LGD-1,cpndaiaa-1,Cluster 22,0,210.20
T1-TA-1_LGD-1,cpncoclc-1,Cluster 22,0,126.62
T1-TA-1_LGD-1,mogjkkge-1,Cluster 3,0,29.31
T1-TA-1_LGD-1,cpncohje-1,Cluster 22,0,136.37
T1-TA-1_LGD-1,ogcehomb-1,Cluster 3,0,7.59
T1-TA-1_LGD-1,mognhfcf-1,Cluster 6,0,59.11
T1-TA-1_LGD-1,mogmhndi-1,Cluster 6,0,27.77
T1-TA-1_LGD-1,dadbiakk-1,Cluster 6,0,62.45
T1-TA-1_LGD-1,daciggln-1,Cluster 2,0,47.91
T1-TA-1_LGD-1,dadbiimc-1,Cluster 22,0,92.80
T1-TA-1_LGD-1,mofdljgk-1,Cluster 6,0,21.13
T1-TA-1_LGD-1,mofedigh-1,Cluster 2,0,39.24
T1-TA-1_LGD-1,dadblmfn-1,Cluster 22,0,86.88
T1-TA-1_LGD-1,moephmcd-1,Cluster 6,0,32.51
T1-TA-1_LGD-1,dacmmblf-1,Cluster 22,0,40.46
T1-TA-1_LGD-1,moghehbn-1,Cluster 22,0,121.65
T1-TA-1_LGD-1,dadaomib-1,Cluster 22,0,74.37
T1-TA-1_LGD-1,mofebmbj-1,Cluster 2,0,62.41
T1-TA-1_LGD-1,dacndmac-1,Cluster 6,0,28.27
T1-TA-1_LGD-1,dacoihji-1,Cluster 14,0,32.15
T1-TA-1_LGD-1,dacnemfj-1,Cluster 6,0,30.03
T1-TA-1_LGD-1,dacmjhep-1,Cluster 22,0,37.57
T1-TA-1_LGD-1,dadbafea-1,Cluster 2,0,56.54
T1-TA-1_LGD-1,mofeaklj-1,Cluster 22,0,101.87
T1-TA-1_LGD-1,dacodpag-1,Cluster 22,0,89.00
T1-TA-1_LGD-1,dacncpmf-1,Cluster 22,0,52.20
T1-TA-1_LGD-1,dacnpngk-1,Cluster 2,0,24.11
T1-TA-1_LGD-1,dacnpmgc-1,Cluster 6,0,29.53
T1-TA-1_LGD-1,daekmnpc-1,Cluster 2,0,57.94
T1-TA-1_LGD-1,dacocjeo-1,Cluster 6,0,14.31
T1-TA-1_LGD-1,dacoialj-1,Cluster 22,0,36.40
T1-TA-1_LGD-1,dacnojip-1,Cluster 22,0,42.18
T1-TA-1_LGD-1,dacoajpe-1,Cluster 6,0,31.61
T1-TA-1_LGD-1,dacohkgo-1,Cluster 22,0,64.26
T1-TA-1_LGD-1,dacocaam-1,Cluster 10,0,50.53
T1-TA-1_LGD-1,dacofach-1,Cluster 6,0,18.11
T1-TA-1_LGD-1,daemeabn-1,Cluster 6,0,36.85
T1-TA-1_LGD-1,daemnpbl-1,Cluster 22,0,32.74
T1-TA-1_LGD-1,daemdnpc-1,Cluster 6,0,16.80
T1-TA-1_LGD-1,daekjija-1,Cluster 2,0,44.75
T1-TA-1_LGD-1,daelacan-1,Cluster 22,0,63.76
T1-TA-1_LGD-1,daemfdal-1,Cluster 2,0,29.35
T1-TA-1_LGD-1,daemhhon-1,Cluster 2,0,32.78
T1-TA-1_LGD-1,moidnkkl-1,Cluster 3,0,15.22
T1-TA-1_LGD-1,daelohgd-1,Cluster 8,0,109.50
T1-TA-1_LGD-1,mogofbpk-1,Cluster 1,0,24.97
T1-TA-1_LGD-1,moifchhg-1,Cluster 3,0,44.89
T1-TA-1_LGD-1,moifagkm-1,Cluster 3,0,35.94
T1-TA-1_LGD-1,moienkig-1,Cluster 8,0,27.64
T1-TA-1_LGD-1,ogcenhdb-1,Cluster 13,0,14.13
T1-TA-1_LGD-1,mogofdoe-1,Cluster 8,0,70.76
T1-TA-1_LGD-1,moieehlf-1,Cluster 6,0,83.27
T1-TA-1_LGD-1,cpmpkdoa-1,Cluster 22,0,63.72
T1-TA-1_LGD-1,ogcekooe-1,Cluster 3,0,16.89
T1-TA-1_LGD-1,mognggle-1,Cluster 7,0,47.96
T1-TA-1_LGD-1,mogneana-1,Cluster 1,0,31.70
T1-TA-1_LGD-1,mogogmfl-1,Cluster 6,0,62.99
T1-TA-1_LGD-1,cpmnnmda-1,Cluster 2,0,30.44
T1-TA-1_LGD-1,moieaach-1,Cluster 1,0,30.44
T1-TA-1_LGD-1,moieidpb-1,Cluster 3,0,12.10
T1-TA-1_LGD-1,moiebkdb-1,Cluster 3,0,22.22
T1-TA-1_LGD-1,mognbmai-1,Cluster 3,0,34.05
T1-TA-1_LGD-1,mognagcg-1,Cluster 3,0,14.50
T1-TA-1_LGD-1,mogncaab-1,Cluster 12,0,36.76
T1-TA-1_LGD-1,moieckgd-1,Cluster 4,0,39.11
T1-TA-1_LGD-1,mogooobc-1,Cluster 3,0,50.71
T1-TA-1_LGD-1,mogkgeop-1,Cluster 3,0,13.01
T1-TA-1_LGD-1,moiedeni-1,Cluster 3,0,22.40
T1-TA-1_LGD-1,mogoahij-1,Cluster 3,0,12.55
T1-TA-1_LGD-1,mogkclho-1,Cluster 3,0,10.79
T1-TA-1_LGD-1,moieiaab-1,Cluster 1,0,46.19
T1-TA-1_LGD-1,mogoacdi-1,Cluster 8,0,25.33
T1-TA-1_LGD-1,daelgnlg-1,Cluster 8,0,73.11
T1-TA-1_LGD-1,cpmoiook-1,Cluster 2,0,30.53
T1-TA-1_LGD-1,moifbcbj-1,Cluster 3,0,33.01
T1-TA-1_LGD-1,mognaanj-1,Cluster 7,0,44.21
T1-TA-1_LGD-1,mogkegdb-1,Cluster 3,0,20.73
T1-TA-1_LGD-1,cpmnjphp-1,Cluster 22,0,31.02
T1-TA-1_LGD-1,mogkfklm-1,Cluster 8,0,35.40
T1-TA-1_LGD-1,ogcfgpfk-1,Cluster 3,0,55.59
T1-TA-1_LGD-1,dadbbcbh-1,Cluster 22,0,126.93
T1-TA-1_LGD-1,mofaapdj-1,Cluster 22,0,45.25
T1-TA-1_LGD-1,dadbgngj-1,Cluster 22,0,156.69
T1-TA-1_LGD-1,dadcgike-1,Cluster 6,0,24.20
T1-TA-1_LGD-1,dadanoja-1,Cluster 22,0,51.97
T1-TA-1_LGD-1,moepklpa-1,Cluster 22,0,172.59
T1-TA-1_LGD-1,dadbmppg-1,Cluster 6,0,37.93
T1-TA-1_LGD-1,moepnajj-1,Cluster 22,0,119.71
T1-TA-1_LGD-1,mofafdob-1,Cluster 3,0,17.84
T1-TA-1_LGD-1,dadbckid-1,Cluster 18,0,110.23
T1-TA-1_LGD-1,mofakpkf-1,Cluster 20,0,28.13
T1-TA-1_LGD-1,dadbcegc-1,Cluster 22,0,112.80
T1-TA-1_LGD-1,mofbcgae-1,Cluster 12,0,19.60
T1-TA-1_LGD-1,dadbgmpj-1,Cluster 22,0,109.10
T1-TA-1_LGD-1,dadbanbb-1,Cluster 22,0,98.40
T1-TA-1_LGD-1,moepmibk-1,Cluster 22,0,119.75
T1-TA-1_LGD-1,mogfbhgm-1,Cluster 2,0,163.87
T1-TA-1_LGD-1,mogegdpl-1,Cluster 6,0,104.76
T1-TA-1_LGD-1,daelpahc-1,Cluster 22,0,141.29
T1-TA-1_LGD-1,mogeiphp-1,Cluster 10,0,108.69
T1-TA-1_LGD-1,mogedhkh-1,Cluster 6,0,54.41
T1-TA-1_LGD-1,moggekkj-1,Cluster 3,0,29.58
T1-TA-1_LGD-1,moggcdgo-1,Cluster 3,0,14.04
T1-TA-1_LGD-1,mogfgjlb-1,Cluster 8,0,47.10
T1-TA-1_LGD-1,moggabbo-1,Cluster 12,0,91.35
T1-TA-1_LGD-1,mogecigd-1,Cluster 22,0,115.15
T1-TA-1_LGD-1,mogfkpjf-1,Cluster 8,0,47.05
T1-TA-1_LGD-1,mogebiie-1,Cluster 22,0,57.21
T1-TA-1_LGD-1,mogfhkco-1,Cluster 8,0,81.91
T1-TA-1_LGD-1,daelddci-1,Cluster 22,0,142.74
T1-TA-1_LGD-1,mogfggeo-1,Cluster 1,0,42.76
T1-TA-1_LGD-1,moidnkhg-1,Cluster 8,0,30.57
T1-TA-1_LGD-1,mogfknmo-1,Cluster 3,0,20.05
T1-TA-1_LGD-1,mogfbkcm-1,Cluster 1,0,25.02
T1-TA-1_LGD-1,moidogac-1,Cluster 8,0,39.33
T1-TA-1_LGD-1,mofdkjpd-1,Cluster 22,0,150.23
T1-TA-1_LGD-1,mofigdii-1,Cluster 8,0,59.43
T1-TA-1_LGD-1,mofefpkn-1,Cluster 6,0,84.35
T1-TA-1_LGD-1,mokidacn-1,Cluster 3,0,31.56
T1-TA-1_LGD-1,mofeafdb-1,Cluster 6,0,84.80
T1-TA-1_LGD-1,mofefjhp-1,Cluster 6,0,77.13
T1-TA-1_LGD-1,mofamldj-1,Cluster 3,0,7.86
T1-TA-1_LGD-1,mofajhpc-1,Cluster 8,0,127.21
T1-TA-1_LGD-1,dadflkff-1,Cluster 1,0,48.99
T1-TA-1_LGD-1,mogihkda-1,Cluster 3,0,22.85
T1-TA-1_LGD-1,moiciafd-1,Cluster 12,0,26.55
T1-TA-1_LGD-1,moifgmcc-1,Cluster 12,0,30.89
T1-TA-1_LGD-1,dadfjpem-1,Cluster 12,0,57.57
T1-TA-1_LGD-1,moiclijl-1,Cluster 1,0,41.05
T1-TA-1_LGD-1,moidacan-1,Cluster 1,0,33.24
T1-TA-1_LGD-1,moidnjhj-1,Cluster 4,0,55.81
T1-TA-1_LGD-1,moidfebf-1,Cluster 8,0,83.22
T1-TA-1_LGD-1,moidmjda-1,Cluster 12,0,40.23
T1-TA-1_LGD-1,moignnkj-1,Cluster 3,0,19.96
T1-TA-1_LGD-1,moidefpm-1,Cluster 3,0,14.90
T1-TA-1_LGD-1,ogcfgaen-1,Cluster 3,0,23.98
T1-TA-1_LGD-1,moicnhbm-1,Cluster 3,0,28.45
T1-TA-1_LGD-1,moijgmkd-1,Cluster 4,0,70.22
T1-TA-1_LGD-1,moijhmka-1,Cluster 3,0,45.79
T1-TA-1_LGD-1,cpmlbhgg-1,Cluster 6,0,34.68
T1-TA-1_LGD-1,dadlepjn-1,Cluster 6,0,28.95
T1-TA-1_LGD-1,moijlfak-1,Cluster 6,0,51.30
T1-TA-1_LGD-1,moikbmbm-1,Cluster 22,0,56.58
T1-TA-1_LGD-1,moikbpid-1,Cluster 12,0,35.94
T1-TA-1_LGD-1,cpmlcgml-1,Cluster 22,0,27.41
T1-TA-1_LGD-1,cpmkhnpp-1,Cluster 2,0,26.51
T1-TA-1_LGD-1,cpmlbjoi-1,Cluster 2,0,33.82
T1-TA-1_LGD-1,dadlhpml-1,Cluster 2,0,27.36
T1-TA-1_LGD-1,moikcjak-1,Cluster 20,0,24.11
T1-TA-1_LGD-1,cpmkhcie-1,Cluster 6,0,41.91
T1-TA-1_LGD-1,cpmkhpad-1,Cluster 2,0,29.80
T1-TA-1_LGD-1,moikcihi-1,Cluster 3,0,40.46
T1-TA-1_LGD-1,moicmgdl-1,Cluster 1,0,27.41
T1-TA-1_LGD-1,moicmhgc-1,Cluster 3,0,68.28
T1-TA-1_LGD-1,mogoojlj-1,Cluster 7,0,63.76
T1-TA-1_LGD-1,ogcfgoho-1,Cluster 3,0,45.83
T1-TA-1_LGD-1,mogohcpd-1,Cluster 3,0,24.61
T1-TA-1_LGD-1,moicmagl-1,Cluster 3,0,42.67
T1-TA-1_LGD-1,moikbjkg-1,Cluster 6,0,31.20
T1-TA-1_LGD-1,moikelmk-1,Cluster 1,0,21.54
T1-TA-1_LGD-1,ogcfinmb-1,Cluster 3,0,24.97
T1-TA-1_LGD-1,moggopcn-1,Cluster 12,0,34.23
T1-TA-1_LGD-1,mogecfdn-1,Cluster 3,0,40.51
T1-TA-1_LGD-1,mogdncki-1,Cluster 3,0,19.06
T1-TA-1_LGD-1,mogdkeac-1,Cluster 8,0,57.98
T1-TA-1_LGD-1,mogiippf-1,Cluster 1,0,19.42
T1-TA-1_LGD-1,mogdkakf-1,Cluster 6,0,24.88
T1-TA-1_LGD-1,mogghdhm-1,Cluster 3,0,40.64
T1-TA-1_LGD-1,mofellcg-1,Cluster 3,0,49.72
T1-TA-1_LGD-1,mogijfpo-1,Cluster 3,0,37.71
T1-TA-1_LGD-1,mogflgbo-1,Cluster 3,0,32.15
T1-TA-1_LGD-1,mofemjom-1,Cluster 3,0,39.65
T1-TA-1_LGD-1,mofeoiaj-1,Cluster 20,0,33.73
T1-TA-1_LGD-1,mogejjcj-1,Cluster 12,0,43.80
T1-TA-1_LGD-1,ogcehlld-1,Cluster 3,0,14.09
T1-TA-1_LGD-1,mofbmpjj-1,Cluster 8,0,18.88
T1-TA-1_LGD-1,mofbncbi-1,Cluster 12,0,60.55
T1-TA-1_LGD-1,mofffjep-1,Cluster 8,0,96.00
T1-TA-1_LGD-1,moffjpmp-1,Cluster 8,0,18.92
T1-TA-1_LGD-1,mogdkaje-1,Cluster 3,0,26.24
T1-TA-1_LGD-1,mogfoefp-1,Cluster 8,0,11.65
T1-TA-1_LGD-1,mogidbpp-1,Cluster 7,0,99.48
T1-TA-1_LGD-1,mogijcea-1,Cluster 3,0,25.24
T1-TA-1_LGD-1,mogfjdpa-1,Cluster 1,0,82.55
T1-TA-1_LGD-1,moifnfcf-1,Cluster 8,0,85.98
T1-TA-1_LGD-1,dadfpaja-1,Cluster 1,0,45.83
T1-TA-1_LGD-1,moihfnjb-1,Cluster 3,0,37.98
T1-TA-1_LGD-1,moigpjff-1,Cluster 4,0,65.12
T1-TA-1_LGD-1,moihibjg-1,Cluster 8,0,59.29
T1-TA-1_LGD-1,moihgkjn-1,Cluster 1,0,77.49
T1-TA-1_LGD-1,moihmagp-1,Cluster 8,0,22.44
T1-TA-1_LGD-1,moiianfe-1,Cluster 3,0,29.17
T1-TA-1_LGD-1,moiipcid-1,Cluster 12,0,17.20
T1-TA-1_LGD-1,moihjpom-1,Cluster 8,0,44.21
T1-TA-1_LGD-1,moiififl-1,Cluster 3,0,37.52
T1-TA-1_LGD-1,moiipheh-1,Cluster 8,0,33.73
T1-TA-1_LGD-1,moijcmbh-1,Cluster 8,0,29.94
T1-TA-1_LGD-1,moihjpmo-1,Cluster 8,0,19.01
T1-TA-1_LGD-1,moijdnom-1,Cluster 4,0,49.22
T1-TA-1_LGD-1,moiimlbc-1,Cluster 3,0,33.51
T1-TA-1_LGD-1,moijakph-1,Cluster 8,0,12.37
T1-TA-1_LGD-1,moiimggk-1,Cluster 6,0,118.72
T1-TA-1_LGD-1,dadnebkl-1,Cluster 1,0,49.04
T1-TA-1_LGD-1,dadilpep-1,Cluster 6,0,27.23
T1-TA-1_LGD-1,dabejihd-1,Cluster 2,0,36.85
T1-TA-1_LGD-1,mpekkfmn-1,Cluster 6,0,146.40
T1-TA-1_LGD-1,ogdecelj-1,Cluster 3,0,35.54
T1-TA-1_LGD-1,mpekclle-1,Cluster 6,0,44.80
T1-TA-1_LGD-1,moiallkp-1,Cluster 17,0,18.02
T1-TA-1_LGD-1,daapiili-1,Cluster 2,0,61.19
T1-TA-1_LGD-1,dabannad-1,Cluster 6,0,52.34
T1-TA-1_LGD-1,dabaokgm-1,Cluster 22,0,110.95
T1-TA-1_LGD-1,dabbblag-1,Cluster 2,0,80.38
T1-TA-1_LGD-1,dabammeg-1,Cluster 2,0,43.26
T1-TA-1_LGD-1,dabaoekj-1,Cluster 2,0,51.57
T1-TA-1_LGD-1,mpekkola-1,Cluster 17,0,32.92
T1-TA-1_LGD-1,dabapcnd-1,Cluster 22,0,94.47
T1-TA-1_LGD-1,daapfchm-1,Cluster 2,0,109.68
T1-TA-1_LGD-1,dabbbjin-1,Cluster 2,0,85.57
T1-TA-1_LGD-1,daapifin-1,Cluster 2,0,102.19
T1-TA-1_LGD-1,dabbdodp-1,Cluster 2,0,77.71
T1-TA-1_LGD-1,mpekdcjd-1,Cluster 2,0,70.58
T1-TA-1_LGD-1,dabclolc-1,Cluster 6,0,64.26
T1-TA-1_LGD-1,daapboic-1,Cluster 2,0,101.10
T1-TA-1_LGD-1,dabcmekp-1,Cluster 2,0,78.80
T1-TA-1_LGD-1,cplpmmnc-1,Cluster 22,0,115.83
T1-TA-1_LGD-1,cplomgdf-1,Cluster 14,0,40.32
T1-TA-1_LGD-1,dadiimjk-1,Cluster 6,0,31.56
T1-TA-1_LGD-1,dabeolic-1,Cluster 6,0,32.02
T1-TA-1_LGD-1,dabfemgj-1,Cluster 22,0,27.18
T1-TA-1_LGD-1,cplonogl-1,Cluster 22,0,54.73
T1-TA-1_LGD-1,dabdiikh-1,Cluster 6,0,27.18
T1-TA-1_LGD-1,dadiikab-1,Cluster 2,0,40.55
T1-TA-1_LGD-1,cplopcfk-1,Cluster 2,0,34.05
T1-TA-1_LGD-1,moiahclj-1,Cluster 6,0,34.82
T1-TA-1_LGD-1,dablggfe-1,Cluster 6,0,59.70
T1-TA-1_LGD-1,ogdebdcg-1,Cluster 3,0,27.05
T1-TA-1_LGD-1,dabbfhed-1,Cluster 2,0,44.12
T1-TA-1_LGD-1,dabcclln-1,Cluster 6,0,20.73
T1-TA-1_LGD-1,dabbokhl-1,Cluster 6,0,65.61
T1-TA-1_LGD-1,mpfhlgne-1,Cluster 8,0,79.75
T1-TA-1_LGD-1,cplomcol-1,Cluster 2,0,51.39
T1-TA-1_LGD-1,dabkmoal-1,Cluster 22,0,47.32
T1-TA-1_LGD-1,mpfhkefn-1,Cluster 1,0,62.63
T1-TA-1_LGD-1,dablccda-1,Cluster 2,0,42.81
T1-TA-1_LGD-1,dadilcan-1,Cluster 6,0,17.57
T1-TA-1_LGD-1,dabbkibp-1,Cluster 22,0,48.00
T1-TA-1_LGD-1,moiagpli-1,Cluster 17,0,16.53
T1-TA-1_LGD-1,dabkpgdl-1,Cluster 2,0,59.56
T1-TA-1_LGD-1,dabcbgnn-1,Cluster 22,0,104.36
T1-TA-1_LGD-1,dadilicl-1,Cluster 22,0,47.14
T1-TA-1_LGD-1,cpmabifa-1,Cluster 6,0,22.71
T1-TA-1_LGD-1,mohppblh-1,Cluster 3,0,58.66
T1-TA-1_LGD-1,dabcaggb-1,Cluster 6,0,41.95
T1-TA-1_LGD-1,cplpckng-1,Cluster 2,0,101.01
T1-TA-1_LGD-1,dabldbkl-1,Cluster 22,0,55.36
T1-TA-1_LGD-1,dabcdpfd-1,Cluster 22,0,50.03
T1-TA-1_LGD-1,cplppggn-1,Cluster 2,0,48.90
T1-TA-1_LGD-1,cpmablfb-1,Cluster 6,0,36.13
T1-TA-1_LGD-1,mpekbnkg-1,Cluster 6,0,113.61
T1-TA-1_LGD-1,dabccooh-1,Cluster 6,0,20.46
T1-TA-1_LGD-1,daapklae-1,Cluster 22,0,64.08
T1-TA-1_LGD-1,daapofcm-1,Cluster 22,0,81.15
T1-TA-1_LGD-1,mpekdhdg-1,Cluster 2,0,35.90
T1-TA-1_LGD-1,dabanifh-1,Cluster 10,0,61.77
T1-TA-1_LGD-1,daapmcap-1,Cluster 22,0,64.08
T1-TA-1_LGD-1,mpekjabe-1,Cluster 6,0,66.29
T1-TA-1_LGD-1,mpekkbnl-1,Cluster 22,0,63.17
T1-TA-1_LGD-1,mpekiecj-1,Cluster 17,0,29.22
T1-TA-1_LGD-1,dabaincp-1,Cluster 22,0,72.61
T1-TA-1_LGD-1,daaplbgn-1,Cluster 22,0,94.78
T1-TA-1_LGD-1,dabafnkm-1,Cluster 22,0,87.11
T1-TA-1_LGD-1,daaofbal-1,Cluster 22,0,90.36
T1-TA-1_LGD-1,dabanked-1,Cluster 22,0,83.31
T1-TA-1_LGD-1,daapoljb-1,Cluster 22,0,68.59
T1-TA-1_LGD-1,dabafinh-1,Cluster 22,0,70.44
T1-TA-1_LGD-1,daballmi-1,Cluster 10,0,30.71
T1-TA-1_LGD-1,mpekicml-1,Cluster 22,0,49.31
T1-TA-1_LGD-1,dabakgic-1,Cluster 22,0,86.47
T1-TA-1_LGD-1,mpfhkeej-1,Cluster 8,0,45.52
T1-TA-1_LGD-1,dabfhibc-1,Cluster 22,0,55.95
T1-TA-1_LGD-1,dabkgldk-1,Cluster 6,0,45.83
T1-TA-1_LGD-1,dabfbmlg-1,Cluster 6,0,44.93
T1-TA-1_LGD-1,mpfhhiee-1,Cluster 8,0,35.09
T1-TA-1_LGD-1,dabfbjhf-1,Cluster 2,0,34.59
T1-TA-1_LGD-1,mpekpfmm-1,Cluster 6,0,45.25
T1-TA-1_LGD-1,dabfcmld-1,Cluster 18,0,46.10
T1-TA-1_LGD-1,mpfhleic-1,Cluster 20,0,30.21
T1-TA-1_LGD-1,mpabpjmc-1,Cluster 8,0,163.29
T1-TA-1_LGD-1,mpekpjii-1,Cluster 17,0,23.66
T1-TA-1_LGD-1,dabehaea-1,Cluster 2,0,77.71
T1-TA-1_LGD-1,mpfhioge-1,Cluster 8,0,59.52
T1-TA-1_LGD-1,dabfepid-1,Cluster 2,0,53.19
T1-TA-1_LGD-1,dabfffpg-1,Cluster 22,0,83.22
T1-TA-1_LGD-1,dabelfen-1,Cluster 22,0,57.57
T1-TA-1_LGD-1,ogdfieia-1,Cluster 3,0,7.41
T1-TA-1_LGD-1,mpabjfhl-1,Cluster 1,0,61.95
T1-TA-1_LGD-1,dabfepcj-1,Cluster 22,0,96.50
T1-TA-1_LGD-1,dabclcjh-1,Cluster 22,0,56.85
T1-TA-1_LGD-1,dabfdoec-1,Cluster 22,0,42.81
T1-TA-1_LGD-1,dabdcmkc-1,Cluster 22,0,86.93
T1-TA-1_LGD-1,dabcepjo-1,Cluster 6,0,44.66
T1-TA-1_LGD-1,dabcodji-1,Cluster 22,0,119.98
T1-TA-1_LGD-1,dabcnilp-1,Cluster 6,0,44.39
T1-TA-1_LGD-1,dabdmhpl-1,Cluster 6,0,22.22
T1-TA-1_LGD-1,dabdlamd-1,Cluster 2,0,42.76
T1-TA-1_LGD-1,dabdmecf-1,Cluster 22,0,62.81
T1-TA-1_LGD-1,dabdpdih-1,Cluster 22,0,95.69
T1-TA-1_LGD-1,dabcpgdd-1,Cluster 22,0,92.84
T1-TA-1_LGD-1,mpeknaoe-1,Cluster 6,0,26.46
T1-TA-1_LGD-1,dabcnbej-1,Cluster 22,0,76.22
T1-TA-1_LGD-1,mpcmjobm-1,Cluster 6,0,46.51
T1-TA-1_LGD-1,mpekhfed-1,Cluster 22,0,94.65
T1-TA-1_LGD-1,mpekelkm-1,Cluster 2,0,108.33
T1-TA-1_LGD-1,dadjdpbi-1,Cluster 22,0,98.89
T1-TA-1_LGD-1,glegddlf-1,Cluster 3,0,31.16
T1-TA-1_LGD-1,glefknhp-1,Cluster 3,0,15.90
T1-TA-1_LGD-1,glegdgbb-1,Cluster 8,0,110.32
T1-TA-1_LGD-1,glegnaap-1,Cluster 8,0,43.17
T1-TA-1_LGD-1,cplnhbli-1,Cluster 2,0,58.48
T1-TA-1_LGD-1,mohneefk-1,Cluster 22,0,43.62
T1-TA-1_LGD-1,glefjolk-1,Cluster 8,0,69.99
T1-TA-1_LGD-1,dadnmeco-1,Cluster 22,0,70.94
T1-TA-1_LGD-1,cplnibgi-1,Cluster 22,0,85.62
T1-TA-1_LGD-1,dadnnobk-1,Cluster 22,0,97.00
T1-TA-1_LGD-1,cplneode-1,Cluster 6,0,28.09
T1-TA-1_LGD-1,dadnomna-1,Cluster 2,0,47.37
T1-TA-1_LGD-1,dadnbdhn-1,Cluster 2,0,43.44
T1-TA-1_LGD-1,dadmnmaa-1,Cluster 6,0,30.25
T1-TA-1_LGD-1,dadnpokp-1,Cluster 22,0,281.59
T1-TA-1_LGD-1,glednael-1,Cluster 6,0,50.94
T1-TA-1_LGD-1,cplnheag-1,Cluster 2,0,48.00
T1-TA-1_LGD-1,dadmobei-1,Cluster 2,0,34.54
T1-TA-1_LGD-1,dadnibom-1,Cluster 22,0,37.21
T1-TA-1_LGD-1,gleebhgm-1,Cluster 6,0,34.05
T1-TA-1_LGD-1,dadnbdfi-1,Cluster 6,0,26.78
T1-TA-1_LGD-1,dadidiab-1,Cluster 2,0,35.00
T1-TA-1_LGD-1,mohmofof-1,Cluster 2,0,37.25
T1-TA-1_LGD-1,glednkll-1,Cluster 6,0,17.29
T1-TA-1_LGD-1,dadidiee-1,Cluster 2,0,31.74
T1-TA-1_LGD-1,gledmjoo-1,Cluster 2,0,43.94
T1-TA-1_LGD-1,gledphgl-1,Cluster 6,0,106.03
T1-TA-1_LGD-1,mohmnbpe-1,Cluster 22,0,93.61
T1-TA-1_LGD-1,cpmajgnk-1,Cluster 14,0,59.65
T1-TA-1_LGD-1,dadjdajm-1,Cluster 22,0,46.24
T1-TA-1_LGD-1,dadhpped-1,Cluster 6,0,51.52
T1-TA-1_LGD-1,gleebahc-1,Cluster 14,0,46.92
T1-TA-1_LGD-1,cplnlahl-1,Cluster 6,0,25.29
T1-TA-1_LGD-1,cplnjgbk-1,Cluster 22,0,50.85
T1-TA-1_LGD-1,gledpmik-1,Cluster 22,0,57.57
T1-TA-1_LGD-1,gledohpn-1,Cluster 22,0,34.50
T1-TA-1_LGD-1,dadimldf-1,Cluster 22,0,108.01
T1-TA-1_LGD-1,gleflolk-1,Cluster 8,0,47.28
T1-TA-1_LGD-1,glibbabi-1,Cluster 1,0,46.15
T1-TA-1_LGD-1,dadkjpmf-1,Cluster 3,0,46.19
T1-TA-1_LGD-1,glegcajf-1,Cluster 20,0,29.80
T1-TA-1_LGD-1,glehcmlb-1,Cluster 3,0,15.35
T1-TA-1_LGD-1,glefoklb-1,Cluster 4,0,59.97
T1-TA-1_LGD-1,glefgmnd-1,Cluster 8,0,56.72
T1-TA-1_LGD-1,glegaeig-1,Cluster 3,0,37.07
T1-TA-1_LGD-1,glegcopk-1,Cluster 3,0,31.70
T1-TA-1_LGD-1,glefldcn-1,Cluster 8,0,65.75
T1-TA-1_LGD-1,glehiang-1,Cluster 1,0,66.06
T1-TA-1_LGD-1,glegnfkm-1,Cluster 3,0,30.80
T1-TA-1_LGD-1,dadjfilm-1,Cluster 1,0,46.74
T1-TA-1_LGD-1,gljkolkh-1,Cluster 1,0,37.71
T1-TA-1_LGD-1,gleggfep-1,Cluster 12,0,12.46
T1-TA-1_LGD-1,glegjfjk-1,Cluster 20,0,28.99
T1-TA-1_LGD-1,glegfhgi-1,Cluster 3,0,18.69
T1-TA-1_LGD-1,gledmcdi-1,Cluster 2,0,50.17
T1-TA-1_LGD-1,glegmfcc-1,Cluster 8,0,45.97
T1-TA-1_LGD-1,gleghgnf-1,Unassigned,0,9.53
T1-TA-1_LGD-1,dadhdmmc-1,Cluster 6,0,59.61
T1-TA-1_LGD-1,dadgnbmm-1,Cluster 2,0,54.10
T1-TA-1_LGD-1,dadhlcdj-1,Cluster 6,0,44.84
T1-TA-1_LGD-1,glegmpdl-1,Cluster 8,0,46.96
T1-TA-1_LGD-1,dadidgce-1,Cluster 6,0,39.42
T1-TA-1_LGD-1,dadhndbe-1,Cluster 22,0,101.42
T1-TA-1_LGD-1,glegefgg-1,Cluster 12,0,16.62
T1-TA-1_LGD-1,dadgkbgp-1,Cluster 2,0,76.49
T1-TA-1_LGD-1,dadnfjeh-1,Cluster 6,0,91.71
T1-TA-1_LGD-1,glegfifa-1,Cluster 8,0,58.30
T1-TA-1_LGD-1,glijmkll-1,Cluster 8,0,41.86
T1-TA-1_LGD-1,dadhahgd-1,Cluster 22,0,93.79
T1-TA-1_LGD-1,glehimaa-1,Cluster 11,0,48.50
T1-TA-1_LGD-1,gledmmaa-1,Cluster 6,0,22.04
T1-TA-1_LGD-1,dadhefai-1,Cluster 6,0,110.59
T1-TA-1_LGD-1,dadncgjj-1,Cluster 8,0,48.05
T1-TA-1_LGD-1,dadnlnkb-1,Cluster 6,0,53.15
T1-TA-1_LGD-1,dadglkmp-1,Cluster 18,0,99.03
T1-TA-1_LGD-1,glegefbg-1,Cluster 12,0,46.56
T1-TA-1_LGD-1,dadiekja-1,Cluster 22,0,88.24
T1-TA-1_LGD-1,ociibbem-1,Cluster 3,0,52.25
T1-TA-1_LGD-1,dadigfpi-1,Cluster 22,0,68.01
T1-TA-1_LGD-1,dadilpno-1,Cluster 2,0,74.73
T1-TA-1_LGD-1,dadiebaa-1,Cluster 2,0,47.01
T1-TA-1_LGD-1,ocihopgj-1,Cluster 3,0,15.08
T1-TA-1_LGD-1,dadnilaf-1,Cluster 2,0,77.31
T1-TA-1_LGD-1,dadhojcd-1,Cluster 2,0,30.57
T1-TA-1_LGD-1,glegpnbd-1,Cluster 3,0,9.35
T1-TA-1_LGD-1,dadjgoog-1,Cluster 3,0,38.61
T1-TA-1_LGD-1,daefgapn-1,Cluster 6,0,58.84
T1-TA-1_LGD-1,mpddldll-1,Cluster 22,0,73.56
T1-TA-1_LGD-1,daaogdbc-1,Cluster 22,0,104.67
T1-TA-1_LGD-1,daaocmkc-1,Cluster 22,0,83.40
T1-TA-1_LGD-1,cpoekhnd-1,Cluster 22,0,41.77
T1-TA-1_LGD-1,cpoelmkn-1,Cluster 10,0,109.77
T1-TA-1_LGD-1,cpoemkic-1,Cluster 22,0,148.97
T1-TA-1_LGD-1,cpoepknk-1,Cluster 22,0,61.19
T1-TA-1_LGD-1,cpoekkne-1,Cluster 22,0,62.36
T1-TA-1_LGD-1,cpoelccg-1,Cluster 2,0,76.63
T1-TA-1_LGD-1,mpcmiolb-1,Cluster 6,0,31.79
T1-TA-1_LGD-1,cpoibjak-1,Cluster 22,0,93.02
T1-TA-1_LGD-1,daefadeg-1,Cluster 2,0,84.08
T1-TA-1_LGD-1,mpabnkco-1,Cluster 20,0,41.86
T1-TA-1_LGD-1,daanlfbf-1,Cluster 22,0,77.26
T1-TA-1_LGD-1,daeelhgf-1,Cluster 22,0,62.86
T1-TA-1_LGD-1,mpabjnoh-1,Cluster 8,0,69.04
T1-TA-1_LGD-1,daanpdng-1,Cluster 22,0,86.84
T1-TA-1_LGD-1,mpabknjd-1,Cluster 3,0,30.21
T1-TA-1_LGD-1,mpabkmag-1,Cluster 5,0,47.69
T1-TA-1_LGD-1,ogdafifl-1,Cluster 17,0,55.50
T1-TA-1_LGD-1,daefcjeh-1,Cluster 22,0,100.25
T1-TA-1_LGD-1,mpajjfkk-1,Cluster 6,0,37.03
T1-TA-1_LGD-1,daaoopja-1,Cluster 22,0,158.86
T1-TA-1_LGD-1,mpdbgphi-1,Cluster 22,0,64.30
T1-TA-1_LGD-1,daaonael-1,Cluster 22,0,101.42
T1-TA-1_LGD-1,mpdbgohb-1,Cluster 22,0,53.69
T1-TA-1_LGD-1,cpoblaeo-1,Cluster 22,0,56.26
T1-TA-1_LGD-1,mpddllnb-1,Cluster 6,0,28.36
T1-TA-1_LGD-1,cpobjcmm-1,Cluster 22,0,116.23
T1-TA-1_LGD-1,daapbgbg-1,Cluster 22,0,177.15
T1-TA-1_LGD-1,daaocdfn-1,Cluster 22,0,110.45
T1-TA-1_LGD-1,daanoojh-1,Cluster 22,0,82.05
T1-TA-1_LGD-1,cpobkdml-1,Cluster 6,0,21.58
T1-TA-1_LGD-1,cpobpdmn-1,Cluster 6,0,45.20
T1-TA-1_LGD-1,cpobfagl-1,Cluster 2,0,47.64
T1-TA-1_LGD-1,cpobjfgp-1,Cluster 2,0,102.60
T1-TA-1_LGD-1,mpcnanac-1,Cluster 22,0,34.91
T1-TA-1_LGD-1,daanoloc-1,Cluster 6,0,35.13
T1-TA-1_LGD-1,daaokaig-1,Cluster 22,0,70.62
T1-TA-1_LGD-1,mpajhgle-1,Cluster 22,0,51.39
T1-TA-1_LGD-1,daapagfe-1,Cluster 22,0,167.21
T1-TA-1_LGD-1,daaohdoj-1,Cluster 22,0,126.30
T1-TA-1_LGD-1,daaokaml-1,Cluster 6,0,28.31
T1-TA-1_LGD-1,cpobmahp-1,Cluster 22,0,64.71
T1-TA-1_LGD-1,cpobooka-1,Cluster 6,0,85.35
T1-TA-1_LGD-1,mpcmiabf-1,Cluster 22,0,95.19
T1-TA-1_LGD-1,mpcmndeb-1,Cluster 22,0,60.83
T1-TA-1_LGD-1,cpoicmci-1,Cluster 22,0,59.65
T1-TA-1_LGD-1,cpoiepil-1,Cluster 10,0,34.68
T1-TA-1_LGD-1,cpoidlfh-1,Cluster 6,0,43.94
T1-TA-1_LGD-1,cpoibndf-1,Cluster 22,0,121.83
T1-TA-1_LGD-1,cpoiihgl-1,Cluster 22,0,92.03
T1-TA-1_LGD-1,cpoigeph-1,Cluster 22,0,102.91
T1-TA-1_LGD-1,cpoianjh-1,Cluster 22,0,110.86
T1-TA-1_LGD-1,cpoifoed-1,Cluster 22,0,90.45
T1-TA-1_LGD-1,cpoihecg-1,Cluster 22,0,221.85
T1-TA-1_LGD-1,mpaihieh-1,Cluster 22,0,87.92
T1-TA-1_LGD-1,daegdpoh-1,Cluster 22,0,30.48
T1-TA-1_LGD-1,daeffpjp-1,Cluster 22,0,128.11
T1-TA-1_LGD-1,daegafkj-1,Cluster 6,0,33.28
T1-TA-1_LGD-1,daegehoj-1,Cluster 2,0,74.69
T1-TA-1_LGD-1,daeficph-1,Cluster 22,0,145.49
T1-TA-1_LGD-1,daeflhid-1,Cluster 22,0,121.33
T1-TA-1_LGD-1,daefnknj-1,Cluster 2,0,67.15
T1-TA-1_LGD-1,daefodln-1,Cluster 6,0,57.89
T1-TA-1_LGD-1,daefenbp-1,Cluster 22,0,137.77
T1-TA-1_LGD-1,daefefcf-1,Cluster 22,0,123.01
T1-TA-1_LGD-1,daeejkfj-1,Cluster 22,0,81.15
T1-TA-1_LGD-1,mpajeono-1,Cluster 22,0,39.20
T1-TA-1_LGD-1,mpajelhl-1,Cluster 2,0,26.91
T1-TA-1_LGD-1,daeeigpg-1,Cluster 22,0,70.08
T1-TA-1_LGD-1,daeegcdp-1,Cluster 22,0,74.33
T1-TA-1_LGD-1,daeefkde-1,Cluster 2,0,71.12
T1-TA-1_LGD-1,daeeejao-1,Cluster 2,0,75.50
T1-TA-1_LGD-1,mpabigfm-1,Cluster 22,0,123.55
T1-TA-1_LGD-1,mpacegpg-1,Cluster 22,0,78.53
T1-TA-1_LGD-1,daegangc-1,Cluster 22,0,46.29
T1-TA-1_LGD-1,mpajecne-1,Cluster 2,0,32.29
T1-TA-1_LGD-1,mpaihmid-1,Cluster 2,0,24.88
T1-TA-1_LGD-1,mpacgcbk-1,Cluster 22,0,79.66
T1-TA-1_LGD-1,mpackgjc-1,Cluster 22,0,70.53
T1-TA-1_LGD-1,mpacklcb-1,Cluster 2,0,50.89
T1-TA-1_LGD-1,daanodik-1,Cluster 22,0,83.40
T1-TA-1_LGD-1,cpoccagl-1,Cluster 22,0,101.96
T1-TA-1_LGD-1,cpocdepp-1,Cluster 22,0,82.50
T1-TA-1_LGD-1,mpajlmfg-1,Cluster 22,0,115.10
T1-TA-1_LGD-1,ogdahhji-1,Cluster 3,0,187.85
T1-TA-1_LGD-1,cpoiknbc-1,Cluster 6,0,37.48
T1-TA-1_LGD-1,cpoifkgb-1,Cluster 22,0,80.33
T1-TA-1_LGD-1,cpoiljmd-1,Cluster 22,0,45.20
T1-TA-1_LGD-1,mpcmjenb-1,Cluster 6,0,21.40
T1-TA-1_LGD-1,gljklhgf-1,Cluster 8,0,54.32
T1-TA-1_LGD-1,daeankai-1,Cluster 7,0,64.48
T1-TA-1_LGD-1,dadjmdjb-1,Cluster 3,0,43.49
T1-TA-1_LGD-1,gljkoicn-1,Cluster 3,0,30.07
T1-TA-1_LGD-1,daeandpf-1,Cluster 3,0,43.21
T1-TA-1_LGD-1,gljlpaao-1,Cluster 1,0,46.60
T1-TA-1_LGD-1,gljlgeoe-1,Cluster 3,0,36.76
T1-TA-1_LGD-1,gljliakh-1,Cluster 12,0,31.84
T1-TA-1_LGD-1,gljlmdkn-1,Cluster 3,0,18.92
T1-TA-1_LGD-1,gljlndfm-1,Unassigned,0,4.83
T1-TA-1_LGD-1,daeampii-1,Cluster 1,0,55.72
T1-TA-1_LGD-1,gljlombp-1,Cluster 3,0,7.68
T1-TA-1_LGD-1,gljkngbg-1,Cluster 3,0,40.14
T1-TA-1_LGD-1,gljlfpmd-1,Cluster 3,0,31.07
T1-TA-1_LGD-1,gljlgfim-1,Cluster 3,0,25.38
T1-TA-1_LGD-1,gljlfgnn-1,Cluster 3,0,7.63
T1-TA-1_LGD-1,gljlfnlh-1,Cluster 20,0,31.11
T1-TA-1_LGD-1,gljlabkc-1,Cluster 8,0,46.06
T1-TA-1_LGD-1,gljndjba-1,Cluster 8,0,76.72
T1-TA-1_LGD-1,ociieocc-1,Cluster 8,0,62.14
T1-TA-1_LGD-1,gljnjkan-1,Cluster 3,0,16.48
T1-TA-1_LGD-1,gljnlnhj-1,Cluster 3,0,27.18
T1-TA-1_LGD-1,gljmcmmj-1,Cluster 20,0,46.60
T1-TA-1_LGD-1,gljnfleg-1,Cluster 16,0,76.63
T1-TA-1_LGD-1,gljnlibl-1,Cluster 3,0,17.02
T1-TA-1_LGD-1,gljndiko-1,Cluster 8,0,34.05
T1-TA-1_LGD-1,gljnekji-1,Cluster 20,0,36.98
T1-TA-1_LGD-1,gljmnmdk-1,Cluster 8,0,38.25
T1-TA-1_LGD-1,gljnmhic-1,Cluster 8,0,70.90
T1-TA-1_LGD-1,gljmemih-1,Cluster 8,0,68.23
T1-TA-1_LGD-1,gljnfmmd-1,Cluster 3,0,99.71
T1-TA-1_LGD-1,gljnifng-1,Cluster 3,0,33.24
T1-TA-1_LGD-1,gljnfacg-1,Cluster 3,0,34.18
T1-TA-1_LGD-1,gljnglnj-1,Cluster 16,0,95.55
T1-TA-1_LGD-1,ociifaej-1,Cluster 3,0,88.55
T1-TA-1_LGD-1,mpabnfcc-1,Cluster 8,0,80.51
T1-TA-1_LGD-1,gljkgkoa-1,Cluster 3,0,19.91
T1-TA-1_LGD-1,dadjoafc-1,Cluster 3,0,45.43
T1-TA-1_LGD-1,ocifinco-1,Cluster 3,0,15.22
T1-TA-1_LGD-1,ociihcdm-1,Cluster 3,0,13.86
T1-TA-1_LGD-1,ociifndc-1,Cluster 20,0,23.84
T1-TA-1_LGD-1,glikhgki-1,Cluster 3,0,59.11
T1-TA-1_LGD-1,daedaadk-1,Cluster 6,0,36.03
T1-TA-1_LGD-1,daednmef-1,Cluster 2,0,100.70
T1-TA-1_LGD-1,daedmmnc-1,Cluster 2,0,72.39
T1-TA-1_LGD-1,daedjaih-1,Cluster 2,0,71.48
T1-TA-1_LGD-1,gljohleb-1,Cluster 3,0,23.66
T1-TA-1_LGD-1,daedmnjk-1,Cluster 6,0,45.02
T1-TA-1_LGD-1,daefffff-1,Cluster 22,0,95.91
T1-TA-1_LGD-1,daeedocg-1,Cluster 2,0,50.89
T1-TA-1_LGD-1,daeeehfh-1,Cluster 22,0,84.62
T1-TA-1_LGD-1,daedimec-1,Cluster 22,0,84.53
T1-TA-1_LGD-1,daeeegjb-1,Cluster 6,0,69.00
T1-TA-1_LGD-1,glikjhcf-1,Cluster 3,0,14.40
T1-TA-1_LGD-1,daeecgcg-1,Cluster 6,0,74.15
T1-TA-1_LGD-1,gljopohi-1,Cluster 3,0,14.18
T1-TA-1_LGD-1,glikhmhj-1,Cluster 8,0,60.64
T1-TA-1_LGD-1,glikhgmm-1,Cluster 3,0,41.27
T1-TA-1_LGD-1,gljpbgij-1,Cluster 13,0,19.06
T1-TA-1_LGD-1,glikicfa-1,Cluster 1,0,44.39
T1-TA-1_LGD-1,gljogijh-1,Cluster 3,0,33.37
T1-TA-1_LGD-1,glkcgfli-1,Cluster 6,0,31.65
T1-TA-1_LGD-1,gljmalka-1,Cluster 3,0,17.25
T1-TA-1_LGD-1,gljofpml-1,Cluster 8,0,13.82
T1-TA-1_LGD-1,gljobkid-1,Cluster 8,0,72.93
T1-TA-1_LGD-1,daedilek-1,Cluster 22,0,49.85
T1-TA-1_LGD-1,gljpboek-1,Cluster 1,0,32.60
T1-TA-1_LGD-1,gljomnpm-1,Cluster 7,0,76.13
T1-TA-1_LGD-1,daedcigl-1,Cluster 22,0,72.61
T1-TA-1_LGD-1,gljoefeo-1,Cluster 8,0,22.62
T1-TA-1_LGD-1,daedgopp-1,Cluster 2,0,65.39
T1-TA-1_LGD-1,gljoknme-1,Cluster 8,0,49.36
T1-TA-1_LGD-1,gljoaflk-1,Cluster 1,0,25.60
T1-TA-1_LGD-1,gljmdaol-1,Cluster 8,0,32.51
T1-TA-1_LGD-1,gljmaobn-1,Cluster 3,0,9.98
T1-TA-1_LGD-1,gljnnnhb-1,Cluster 3,0,37.48
T1-TA-1_LGD-1,ocifjlop-1,Cluster 3,0,27.86
T1-TA-1_LGD-1,glikmeok-1,Cluster 13,0,33.51
T1-TA-1_LGD-1,daebajeh-1,Cluster 8,0,65.12
T1-TA-1_LGD-1,ocifghfb-1,Cluster 12,0,18.79
T1-TA-1_LGD-1,gljnoijd-1,Cluster 3,0,16.75
T1-TA-1_LGD-1,gljohlmj-1,Cluster 3,0,37.89
T1-TA-1_LGD-1,gljokpfd-1,Cluster 3,0,61.50
T1-TA-1_LGD-1,mpaeikpe-1,Cluster 6,0,10.48
T1-TA-1_LGD-1,cpojgnec-1,Cluster 22,0,81.28
T1-TA-1_LGD-1,cpogcgdf-1,Cluster 22,0,22.35
T1-TA-1_LGD-1,cpogffip-1,Cluster 6,0,21.00
T1-TA-1_LGD-1,cpogfbck-1,Cluster 22,0,40.28
T1-TA-1_LGD-1,cpofkmci-1,Cluster 14,0,23.84
T1-TA-1_LGD-1,cpogeebn-1,Cluster 14,0,23.66
T1-TA-1_LGD-1,mpcneaoa-1,Cluster 22,0,179.09
T1-TA-1_LGD-1,cpofjpkm-1,Cluster 6,0,25.92
T1-TA-1_LGD-1,cpogaaae-1,Cluster 2,0,85.12
T1-TA-1_LGD-1,mpcniegf-1,Cluster 22,0,65.84
T1-TA-1_LGD-1,cpofmddc-1,Cluster 2,0,66.38
T1-TA-1_LGD-1,mpcnfcja-1,Cluster 22,0,113.93
T1-TA-1_LGD-1,cpofkbik-1,Cluster 6,0,20.37
T1-TA-1_LGD-1,cpogalgi-1,Cluster 22,0,58.70
T1-TA-1_LGD-1,cpofiodf-1,Cluster 2,0,48.23
T1-TA-1_LGD-1,cpoilnkl-1,Cluster 22,0,127.57
T1-TA-1_LGD-1,mpaenlkc-1,Cluster 6,0,27.55
T1-TA-1_LGD-1,cpojokhh-1,Cluster 22,0,117.32
T1-TA-1_LGD-1,cpojagoe-1,Cluster 22,0,112.98
T1-TA-1_LGD-1,cpoecdmf-1,Cluster 22,0,53.33
T1-TA-1_LGD-1,cpockkla-1,Cluster 6,0,33.73
T1-TA-1_LGD-1,cpoipedn-1,Cluster 22,0,99.71
T1-TA-1_LGD-1,cpojpbmf-1,Cluster 22,0,66.29
T1-TA-1_LGD-1,cpokdcdp-1,Cluster 22,0,56.76
T1-TA-1_LGD-1,cpocofii-1,Cluster 2,0,44.30
T1-TA-1_LGD-1,cpockdjm-1,Cluster 22,0,204.83
T1-TA-1_LGD-1,mpacloop-1,Cluster 22,0,97.76
T1-TA-1_LGD-1,cpoebiek-1,Cluster 6,0,68.59
T1-TA-1_LGD-1,cpodappk-1,Cluster 22,0,121.56
T1-TA-1_LGD-1,cpoddoca-1,Cluster 10,0,28.31
T1-TA-1_LGD-1,cpoebhll-1,Cluster 22,0,51.61
T1-TA-1_LGD-1,cpojoflp-1,Cluster 22,0,60.78
T1-TA-1_LGD-1,cpodcddd-1,Cluster 22,0,93.83
T1-TA-1_LGD-1,cpoeclgg-1,Cluster 22,0,73.02
T1-TA-1_LGD-1,mpaeoiom-1,Cluster 22,0,41.14
T1-TA-1_LGD-1,cpojjiff-1,Cluster 10,0,63.53
T1-TA-1_LGD-1,cpojnchd-1,Cluster 22,0,106.57
T1-TA-1_LGD-1,cpogjlaj-1,Cluster 22,0,23.26
T1-TA-1_LGD-1,cpojnmil-1,Cluster 22,0,70.40
T1-TA-1_LGD-1,cpogifhf-1,Cluster 6,0,28.58
T1-TA-1_LGD-1,cpojinkh-1,Cluster 22,0,34.14
T1-TA-1_LGD-1,cpojfbcp-1,Cluster 22,0,42.22
T1-TA-1_LGD-1,cpohhckd-1,Cluster 22,0,32.33
T1-TA-1_LGD-1,cpohpnnh-1,Cluster 22,0,22.58
T1-TA-1_LGD-1,cpoheilf-1,Cluster 22,0,50.85
T1-TA-1_LGD-1,cpohimog-1,Cluster 10,0,35.67
T1-TA-1_LGD-1,cpoijlnf-1,Cluster 6,0,36.94
T1-TA-1_LGD-1,cpogiofc-1,Cluster 22,0,26.64
T1-TA-1_LGD-1,cpogomhb-1,Cluster 22,0,17.97
T1-TA-1_LGD-1,cpogkbae-1,Cluster 22,0,47.87
T1-TA-1_LGD-1,mpcnbhdj-1,Cluster 14,0,36.03
T1-TA-1_LGD-1,mpaeonmh-1,Cluster 2,0,55.00
T1-TA-1_LGD-1,cpojdffh-1,Cluster 22,0,47.10
T1-TA-1_LGD-1,mpcniiae-1,Cluster 6,0,141.11
T1-TA-1_LGD-1,cpoffkjn-1,Cluster 14,0,52.56
T1-TA-1_LGD-1,cpofjckk-1,Cluster 2,0,75.77
T1-TA-1_LGD-1,dafapmcc-1,Cluster 22,0,44.43
T1-TA-1_LGD-1,cpoeinje-1,Cluster 22,0,52.79
T1-TA-1_LGD-1,cpoekchf-1,Cluster 2,0,38.97
T1-TA-1_LGD-1,dafcbnjd-1,Cluster 2,0,85.57
T1-TA-1_LGD-1,dafcacpp-1,Cluster 22,0,43.85
T1-TA-1_LGD-1,dafbolni-1,Cluster 2,0,29.40
T1-TA-1_LGD-1,mpadbpef-1,Cluster 2,0,37.57
T1-TA-1_LGD-1,mpadeajn-1,Cluster 6,0,41.86
T1-TA-1_LGD-1,cpoejoic-1,Cluster 22,0,92.25
T1-TA-1_LGD-1,mpadhabc-1,Cluster 22,0,102.60
T1-TA-1_LGD-1,cpodhhna-1,Cluster 2,0,39.60
T1-TA-1_LGD-1,mpadfgcm-1,Cluster 22,0,38.70
T1-TA-1_LGD-1,cpoedanb-1,Cluster 22,0,70.26
T1-TA-1_LGD-1,mpaepfhl-1,Cluster 22,0,52.25
T1-TA-1_LGD-1,cpodelln-1,Cluster 22,0,64.93
T1-TA-1_LGD-1,mpahfnbf-1,Cluster 6,0,23.26
T1-TA-1_LGD-1,mpafhlne-1,Cluster 17,0,14.09
T1-TA-1_LGD-1,mpacokfj-1,Cluster 6,0,21.72
T1-TA-1_LGD-1,mpacnifp-1,Cluster 2,0,26.06
T1-TA-1_LGD-1,mpaefjgb-1,Cluster 6,0,15.53
T1-TA-1_LGD-1,mpafaieh-1,Cluster 6,0,55.18
T1-TA-1_LGD-1,cpocjgfn-1,Cluster 22,0,47.10
T1-TA-1_LGD-1,mpafibaf-1,Cluster 6,0,30.53
T1-TA-1_LGD-1,mpaffolj-1,Cluster 1,0,11.56
T1-TA-1_LGD-1,cpoehjci-1,Cluster 22,0,39.69
T1-TA-1_LGD-1,cpocifch-1,Cluster 2,0,39.69
T1-TA-1_LGD-1,cpocdlfb-1,Cluster 22,0,56.26
T1-TA-1_LGD-1,mpaekfam-1,Cluster 1,0,56.76
T1-TA-1_LGD-1,mpagjoep-1,Cluster 6,0,57.12
T1-TA-1_LGD-1,mpaghefo-1,Cluster 12,0,51.84
T1-TA-1_LGD-1,ogdagenh-1,Cluster 3,0,28.04
T1-TA-1_LGD-1,cpoceilb-1,Cluster 22,0,115.69
T1-TA-1_LGD-1,mpagebad-1,Cluster 22,0,83.58
T1-TA-1_LGD-1,mpaekanc-1,Cluster 6,0,147.66
T1-TA-1_LGD-1,mpagffjh-1,Cluster 22,0,107.97
T1-TA-1_LGD-1,glkbepim-1,Cluster 6,0,16.84
T1-TA-1_LGD-1,glikecda-1,Cluster 3,0,27.82
T1-TA-1_LGD-1,glkenhhp-1,Cluster 20,0,50.76
T1-TA-1_LGD-1,glkfbkbo-1,Cluster 3,0,79.20
T1-TA-1_LGD-1,glkcneja-1,Cluster 8,0,31.29
T1-TA-1_LGD-1,glkcnnlo-1,Cluster 3,0,10.70
T1-TA-1_LGD-1,glkdeeoa-1,Cluster 5,0,25.38
T1-TA-1_LGD-1,glkbkoio-1,Cluster 6,0,35.22
T1-TA-1_LGD-1,glkdblhj-1,Cluster 6,0,11.65
T1-TA-1_LGD-1,glkdgdab-1,Cluster 6,0,21.31
T1-TA-1_LGD-1,daecahhm-1,Cluster 22,0,105.53
T1-TA-1_LGD-1,daecbbab-1,Cluster 22,0,96.82
T1-TA-1_LGD-1,daechohd-1,Cluster 22,0,34.45
T1-TA-1_LGD-1,daecajnj-1,Cluster 22,0,77.49
T1-TA-1_LGD-1,daecpjij-1,Cluster 22,0,125.44
T1-TA-1_LGD-1,glkbmjah-1,Cluster 22,0,76.68
T1-TA-1_LGD-1,glkcipgp-1,Cluster 22,0,83.54
T1-TA-1_LGD-1,daedbmli-1,Cluster 22,0,96.59
T1-TA-1_LGD-1,daecoenm-1,Cluster 22,0,83.67
T1-TA-1_LGD-1,daebpoih-1,Cluster 6,0,41.63
T1-TA-1_LGD-1,daecogfh-1,Cluster 22,0,155.02
T1-TA-1_LGD-1,daecccnb-1,Cluster 22,0,102.50
T1-TA-1_LGD-1,daedciam-1,Cluster 22,0,117.68
T1-TA-1_LGD-1,daecakig-1,Cluster 6,0,34.59
T1-TA-1_LGD-1,glkbnfhc-1,Cluster 22,0,82.82
T1-TA-1_LGD-1,dafcokmi-1,Cluster 6,0,59.11
T1-TA-1_LGD-1,dafcainj-1,Cluster 22,0,100.16
T1-TA-1_LGD-1,daebnmjl-1,Cluster 22,0,108.01
T1-TA-1_LGD-1,mpahabkn-1,Cluster 6,0,46.42
T1-TA-1_LGD-1,daebljmn-1,Cluster 6,0,73.60
T1-TA-1_LGD-1,daebnfll-1,Cluster 22,0,165.95
T1-TA-1_LGD-1,dafchoml-1,Cluster 2,0,36.62
T1-TA-1_LGD-1,dafcgpde-1,Cluster 22,0,33.96
T1-TA-1_LGD-1,dafclkeb-1,Cluster 22,0,47.01
T1-TA-1_LGD-1,daeboibk-1,Cluster 22,0,67.01
T1-TA-1_LGD-1,dafcfjal-1,Cluster 6,0,32.78
T1-TA-1_LGD-1,dafdcdfh-1,Cluster 22,0,65.03
T1-TA-1_LGD-1,glkcgajg-1,Cluster 22,0,152.63
T1-TA-1_LGD-1,glikfmko-1,Cluster 3,0,19.78
T1-TA-1_LGD-1,glikagbo-1,Cluster 3,0,32.47
T1-TA-1_LGD-1,glkfbbai-1,Cluster 3,0,24.93
T1-TA-1_LGD-1,ocifhdia-1,Cluster 3,0,9.53
T1-TA-1_LGD-1,glikapcj-1,Cluster 20,0,20.55
T1-TA-1_LGD-1,daebhaph-1,Cluster 2,0,114.74
T1-TA-1_LGD-1,glkakhol-1,Cluster 22,0,58.52
T1-TA-1_LGD-1,glkajmnl-1,Cluster 6,0,21.00
T1-TA-1_LGD-1,daecolng-1,Cluster 2,0,46.51
T1-TA-1_LGD-1,glkajngg-1,Cluster 22,0,75.95
T1-TA-1_LGD-1,glkbbdfj-1,Cluster 22,0,56.54
T1-TA-1_LGD-1,daebkhkj-1,Cluster 22,0,53.51
T1-TA-1_LGD-1,daebkjmo-1,Cluster 22,0,83.86
T1-TA-1_LGD-1,daebimkh-1,Cluster 22,0,58.61
T1-TA-1_LGD-1,daebjmbc-1,Cluster 22,0,70.17
T1-TA-1_LGD-1,dafblddg-1,Cluster 22,0,29.49
T1-TA-1_LGD-1,dafafhih-1,Cluster 22,0,39.92
T1-TA-1_LGD-1,dafdlcib-1,Cluster 6,0,60.55
T1-TA-1_LGD-1,mpaidmjk-1,Cluster 22,0,54.14
T1-TA-1_LGD-1,dafaolfi-1,Cluster 2,0,24.29
T1-TA-1_LGD-1,dafehdai-1,Cluster 22,0,35.94
T1-TA-1_LGD-1,dafdljil-1,Cluster 22,0,54.86
T1-TA-1_LGD-1,mpaihdfl-1,Cluster 6,0,22.31
T1-TA-1_LGD-1,dafaikoi-1,Cluster 22,0,41.09
T1-TA-1_LGD-1,mpaigajn-1,Cluster 14,0,19.78
T1-TA-1_LGD-1,mpahbpkd-1,Cluster 2,0,21.18
T1-TA-1_LGD-1,mpadbkkm-1,Cluster 6,0,14.50
T1-TA-1_LGD-1,mpagpfpo-1,Cluster 6,0,11.56
T1-TA-1_LGD-1,mpacppeb-1,Cluster 22,0,22.44
T1-TA-1_LGD-1,mpabhjgl-1,Cluster 22,0,178.55
T1-TA-1_LGD-1,mpaeeknl-1,Cluster 6,0,10.75
T1-TA-1_LGD-1,dafbnofj-1,Cluster 2,0,37.98
T1-TA-1_LGD-1,mpahjflm-1,Cluster 6,0,11.38
T1-TA-1_LGD-1,mpahjacp-1,Cluster 6,0,17.07
T1-TA-1_LGD-1,dafbdhmd-1,Cluster 22,0,28.36
T1-TA-1_LGD-1,dafcpggm-1,Cluster 22,0,44.98
T1-TA-1_LGD-1,dafanfhi-1,Cluster 22,0,40.60
T1-TA-1_LGD-1,mpabgbam-1,Cluster 6,0,81.33
T1-TA-1_LGD-1,dafahpkd-1,Cluster 22,0,29.44
T1-TA-1_LGD-1,dafdjpee-1,Cluster 22,0,52.52
T1-TA-1_LGD-1,dafclhhj-1,Cluster 22,0,46.51
T1-TA-1_LGD-1,dafcgehg-1,Cluster 2,0,27.86
T1-TA-1_LGD-1,glkdhhnn-1,Cluster 6,0,27.46
T1-TA-1_LGD-1,glkajnpc-1,Cluster 8,0,110.32
T1-TA-1_LGD-1,glkaoagd-1,Cluster 6,0,46.60
T1-TA-1_LGD-1,glkbcmbe-1,Cluster 3,0,22.31
T1-TA-1_LGD-1,daebhfap-1,Cluster 2,0,67.06
T1-TA-1_LGD-1,glkbijag-1,Cluster 3,0,28.00
T1-TA-1_LGD-1,glkbfgbn-1,Cluster 8,0,41.91
T1-TA-1_LGD-1,glkangib-1,Cluster 2,0,29.44
T1-TA-1_LGD-1,daebiepg-1,Cluster 2,0,48.18
T1-TA-1_LGD-1,mpadngid-1,Cluster 6,0,31.38
T1-TA-1_LGD-1,cppelpla-1,Cluster 2,0,34.91
T1-TA-1_LGD-1,cpommfkc-1,Cluster 22,0,45.02
T1-TA-1_LGD-1,cpolggml-1,Cluster 22,0,22.71
T1-TA-1_LGD-1,cpolgfpf-1,Cluster 22,0,30.07
T1-TA-1_LGD-1,cpolejpn-1,Cluster 6,0,24.57
T1-TA-1_LGD-1,cpolobjb-1,Cluster 22,0,33.46
T1-TA-1_LGD-1,cpolgkfm-1,Cluster 22,0,35.13
T1-TA-1_LGD-1,cpoloahm-1,Cluster 6,0,42.94
T1-TA-1_LGD-1,cpolipcg-1,Cluster 6,0,49.40
T1-TA-1_LGD-1,mpaflbei-1,Cluster 13,0,30.30
T1-TA-1_LGD-1,mpagkflg-1,Cluster 20,0,24.43
T1-TA-1_LGD-1,mpadkkbc-1,Cluster 6,0,36.22
T1-TA-1_LGD-1,moalnojl-1,Cluster 8,0,91.17
T1-TA-1_LGD-1,mpaflgbb-1,Cluster 12,0,18.83
T1-TA-1_LGD-1,moalnohc-1,Cluster 8,0,43.44
T1-TA-1_LGD-1,moanikho-1,Cluster 1,0,32.06
T1-TA-1_LGD-1,mpagbifp-1,Cluster 6,0,66.15
T1-TA-1_LGD-1,moanlili-1,Cluster 6,0,33.05
T1-TA-1_LGD-1,moallldk-1,Cluster 1,0,41.00
T1-TA-1_LGD-1,moalfmpk-1,Cluster 1,0,41.77
T1-TA-1_LGD-1,mpafmgge-1,Cluster 8,0,42.45
T1-TA-1_LGD-1,mpaghbeh-1,Cluster 3,0,21.77
T1-TA-1_LGD-1,moaleblc-1,Cluster 6,0,45.25
T1-TA-1_LGD-1,mpagoaid-1,Cluster 20,0,19.55
T1-TA-1_LGD-1,mpagfpae-1,Cluster 3,0,47.28
T1-TA-1_LGD-1,moalkoah-1,Cluster 12,0,16.80
T1-TA-1_LGD-1,mpafmpnn-1,Cluster 8,0,36.89
T1-TA-1_LGD-1,moalocij-1,Cluster 6,0,36.03
T1-TA-1_LGD-1,mpaglpja-1,Cluster 13,0,23.07
T1-TA-1_LGD-1,mpafpbnk-1,Cluster 8,0,24.43
T1-TA-1_LGD-1,mpagjgdh-1,Cluster 8,0,142.20
T1-TA-1_LGD-1,mpaghjpp-1,Cluster 3,0,29.85
T1-TA-1_LGD-1,cppegnhn-1,Cluster 2,0,43.98
T1-TA-1_LGD-1,cppednhf-1,Cluster 22,0,57.17
T1-TA-1_LGD-1,moanehjj-1,Cluster 6,0,31.70
T1-TA-1_LGD-1,mpagfjpk-1,Cluster 14,0,117.77
T1-TA-1_LGD-1,moanaabd-1,Cluster 6,0,31.25
T1-TA-1_LGD-1,cpokddha-1,Cluster 22,0,73.83
T1-TA-1_LGD-1,cppdlppg-1,Cluster 22,0,64.12
T1-TA-1_LGD-1,cppdjfko-1,Cluster 2,0,56.17
T1-TA-1_LGD-1,cppdjdpk-1,Cluster 2,0,80.06
T1-TA-1_LGD-1,mpagddlp-1,Cluster 6,0,35.76
T1-TA-1_LGD-1,ogbnplil-1,Cluster 17,0,205.37
T1-TA-1_LGD-1,moakjmgc-1,Cluster 22,0,75.50
T1-TA-1_LGD-1,cpomndpm-1,Cluster 22,0,45.07
T1-TA-1_LGD-1,cpooihlo-1,Cluster 22,0,51.70
T1-TA-1_LGD-1,cpomioib-1,Cluster 22,0,61.55
T1-TA-1_LGD-1,cpomignc-1,Cluster 22,0,37.98
T1-TA-1_LGD-1,cpooeggf-1,Cluster 6,0,37.71
T1-TA-1_LGD-1,cponojmi-1,Cluster 22,0,35.81
T1-TA-1_LGD-1,cpomhfdf-1,Cluster 18,0,27.41
T1-TA-1_LGD-1,cpombkcl-1,Cluster 14,0,17.75
T1-TA-1_LGD-1,cpolomdf-1,Cluster 22,0,40.96
T1-TA-1_LGD-1,cpolegae-1,Cluster 2,0,45.11
T1-TA-1_LGD-1,cpomkbek-1,Cluster 6,0,23.71
T1-TA-1_LGD-1,cponpefm-1,Cluster 22,0,22.58
T1-TA-1_LGD-1,cpomnfka-1,Cluster 6,0,25.06
T1-TA-1_LGD-1,cponhpen-1,Cluster 22,0,39.06
T1-TA-1_LGD-1,cpomcbaa-1,Cluster 6,0,17.34
T1-TA-1_LGD-1,cponfdcd-1,Cluster 22,0,36.35
T1-TA-1_LGD-1,cponcpnj-1,Cluster 22,0,42.13
T1-TA-1_LGD-1,cponbheb-1,Cluster 22,0,40.19
T1-TA-1_LGD-1,cpomabbh-1,Cluster 6,0,15.26
T1-TA-1_LGD-1,cpolpdhk-1,Cluster 6,0,25.11
T1-TA-1_LGD-1,cpombkin-1,Cluster 22,0,32.20
T1-TA-1_LGD-1,cpolileb-1,Cluster 22,0,27.59
T1-TA-1_LGD-1,cpolmgpb-1,Cluster 22,0,40.51
T1-TA-1_LGD-1,cpolfaoe-1,Cluster 22,0,25.74
T1-TA-1_LGD-1,cpoloknp-1,Cluster 22,0,29.44
T1-TA-1_LGD-1,moamnafm-1,Cluster 6,0,35.76
T1-TA-1_LGD-1,moaodhmp-1,Cluster 8,0,72.43
T1-TA-1_LGD-1,cppelpdn-1,Cluster 6,0,47.78
T1-TA-1_LGD-1,moaopdcb-1,Cluster 6,0,106.61
T1-TA-1_LGD-1,moaoocii-1,Cluster 6,0,54.37
T1-TA-1_LGD-1,cpoleabo-1,Cluster 22,0,107.97
T1-TA-1_LGD-1,cppehlaf-1,Cluster 22,0,58.84
T1-TA-1_LGD-1,cpokhlco-1,Cluster 22,0,26.37
T1-TA-1_LGD-1,cpokoiee-1,Cluster 2,0,26.82
T1-TA-1_LGD-1,moaongco-1,Cluster 2,0,26.28
T1-TA-1_LGD-1,cppdamma-1,Cluster 22,0,114.79
T1-TA-1_LGD-1,cpoldnfb-1,Cluster 22,0,120.75
T1-TA-1_LGD-1,cppcjmlo-1,Cluster 22,0,56.99
T1-TA-1_LGD-1,moaolmhe-1,Cluster 6,0,41.59
T1-TA-1_LGD-1,cpokfjaa-1,Cluster 22,0,51.88
T1-TA-1_LGD-1,moaoohcj-1,Cluster 22,0,68.10
T1-TA-1_LGD-1,cpolccam-1,Cluster 2,0,33.69
T1-TA-1_LGD-1,cpokhipn-1,Cluster 22,0,55.00
T1-TA-1_LGD-1,moaolfga-1,Cluster 6,0,33.60
T1-TA-1_LGD-1,cpokofed-1,Cluster 2,0,41.68
T1-TA-1_LGD-1,moakkefn-1,Cluster 22,0,33.14
T1-TA-1_LGD-1,cppenpab-1,Cluster 6,0,37.03
T1-TA-1_LGD-1,cpokjapp-1,Cluster 22,0,67.01
T1-TA-1_LGD-1,cpolccoh-1,Cluster 22,0,73.92
T1-TA-1_LGD-1,cppeccld-1,Cluster 22,0,127.21
T1-TA-1_LGD-1,cppediga-1,Cluster 22,0,165.81
T1-TA-1_LGD-1,cpokechm-1,Cluster 6,0,61.68
T1-TA-1_LGD-1,cppefmel-1,Cluster 22,0,96.18
T1-TA-1_LGD-1,cppddbpn-1,Cluster 22,0,93.07
T1-TA-1_LGD-1,cppeifil-1,Cluster 22,0,33.37
T1-TA-1_LGD-1,cppciecm-1,Cluster 22,0,49.58
T1-TA-1_LGD-1,cpomdphp-1,Cluster 6,0,37.03
T1-TA-1_LGD-1,cpooinah-1,Cluster 22,0,27.91
T1-TA-1_LGD-1,cpomgnap-1,Cluster 22,0,51.70
T1-TA-1_LGD-1,cpomfohm-1,Cluster 2,0,30.66
T1-TA-1_LGD-1,gljgdong-1,Cluster 6,0,62.77
T1-TA-1_LGD-1,gljgfpfh-1,Cluster 8,0,79.34
T1-TA-1_LGD-1,daffaiok-1,Cluster 22,0,160.26
T1-TA-1_LGD-1,dafelann-1,Cluster 6,0,72.70
T1-TA-1_LGD-1,dafelpaj-1,Cluster 2,0,60.87
T1-TA-1_LGD-1,dafeljad-1,Cluster 22,0,98.67
T1-TA-1_LGD-1,daffcjap-1,Cluster 22,0,194.89
T1-TA-1_LGD-1,daephebc-1,Cluster 22,0,24.29
T1-TA-1_LGD-1,daepdcko-1,Cluster 2,0,31.43
T1-TA-1_LGD-1,daepdgpj-1,Cluster 22,0,33.37
T1-TA-1_LGD-1,daepneje-1,Cluster 2,0,24.75
T1-TA-1_LGD-1,daepmmgd-1,Cluster 6,0,28.63
T1-TA-1_LGD-1,daepdaac-1,Cluster 2,0,22.31
T1-TA-1_LGD-1,mpaeejkm-1,Cluster 6,0,11.88
T1-TA-1_LGD-1,daeoooja-1,Cluster 22,0,27.36
T1-TA-1_LGD-1,dafedfkl-1,Cluster 22,0,27.95
T1-TA-1_LGD-1,daephaag-1,Cluster 2,0,36.53
T1-TA-1_LGD-1,dafeknde-1,Cluster 6,0,35.45
T1-TA-1_LGD-1,daepgbbn-1,Cluster 2,0,24.20
T1-TA-1_LGD-1,daepimdh-1,Cluster 22,0,24.75
T1-TA-1_LGD-1,dafehbon-1,Cluster 22,0,72.02
T1-TA-1_LGD-1,mpadohpf-1,Cluster 6,0,24.57
T1-TA-1_LGD-1,daepofed-1,Cluster 22,0,34.73
T1-TA-1_LGD-1,dafebooo-1,Cluster 22,0,152.40
T1-TA-1_LGD-1,daeonmpj-1,Cluster 22,0,59.11
T1-TA-1_LGD-1,daeppcpa-1,Cluster 22,0,46.65
T1-TA-1_LGD-1,moakpfie-1,Cluster 2,0,26.15
T1-TA-1_LGD-1,dafdljji-1,Cluster 22,0,74.69
T1-TA-1_LGD-1,dafdocod-1,Cluster 22,0,48.05
T1-TA-1_LGD-1,dafeobfk-1,Cluster 22,0,178.41
T1-TA-1_LGD-1,dafemmab-1,Cluster 22,0,113.66
T1-TA-1_LGD-1,daeppfpe-1,Cluster 2,0,56.85
T1-TA-1_LGD-1,daeoofbo-1,Cluster 22,0,44.80
T1-TA-1_LGD-1,moakndap-1,Cluster 6,0,26.73
T1-TA-1_LGD-1,cpodeiji-1,Cluster 22,0,53.74
T1-TA-1_LGD-1,moakmgff-1,Cluster 6,0,38.20
T1-TA-1_LGD-1,mpadinfe-1,Cluster 22,0,57.57
T1-TA-1_LGD-1,mpadigll-1,Cluster 6,0,49.04
T1-TA-1_LGD-1,gljfohdd-1,Cluster 12,0,31.74
T1-TA-1_LGD-1,gljfnbgn-1,Cluster 7,0,25.74
T1-TA-1_LGD-1,gljgakhj-1,Cluster 4,0,32.69
T1-TA-1_LGD-1,ocihjhmc-1,Cluster 3,0,12.46
T1-TA-1_LGD-1,gljgbkfd-1,Cluster 22,0,188.98
T1-TA-1_LGD-1,gljdhmja-1,Cluster 3,0,25.33
T1-TA-1_LGD-1,gljdhhib-1,Cluster 1,0,30.80
T1-TA-1_LGD-1,daffbhph-1,Cluster 6,0,62.95
T1-TA-1_LGD-1,gljgfnoa-1,Cluster 6,0,36.58
T1-TA-1_LGD-1,dafemjbl-1,Cluster 6,0,36.94
T1-TA-1_LGD-1,moapjekn-1,Cluster 6,0,50.03
T1-TA-1_LGD-1,mobfmeal-1,Cluster 8,0,38.92
T1-TA-1_LGD-1,moapfiml-1,Cluster 8,0,30.57
T1-TA-1_LGD-1,dafenfom-1,Cluster 22,0,84.53
T1-TA-1_LGD-1,gljdhenm-1,Cluster 1,0,32.60
T1-TA-1_LGD-1,moapefgo-1,Cluster 6,0,50.89
T1-TA-1_LGD-1,dafabane-1,Cluster 6,0,55.41
T1-TA-1_LGD-1,daeppijb-1,Cluster 2,0,71.17
T1-TA-1_LGD-1,moappcfb-1,Cluster 22,0,73.47
T1-TA-1_LGD-1,moapcfph-1,Cluster 6,0,35.94
T1-TA-1_LGD-1,moapbpaa-1,Cluster 8,0,46.51
T1-TA-1_LGD-1,dafeaido-1,Cluster 6,0,19.33
T1-TA-1_LGD-1,moapeddg-1,Cluster 6,0,44.48
T1-TA-1_LGD-1,moalpplp-1,Cluster 6,0,35.90
T1-TA-1_LGD-1,dafaenga-1,Cluster 22,0,72.66
T1-TA-1_LGD-1,moapokam-1,Cluster 20,0,42.58
T1-TA-1_LGD-1,dafeflmn-1,Cluster 22,0,64.48
T1-TA-1_LGD-1,mobadmjn-1,Cluster 3,0,24.38
T1-TA-1_LGD-1,daepokag-1,Cluster 1,0,51.07
T1-TA-1_LGD-1,mobadfcp-1,Cluster 3,0,38.70
T1-TA-1_LGD-1,moalbldf-1,Cluster 6,0,23.66
T1-TA-1_LGD-1,daaeeenf-1,Cluster 22,0,50.98
T1-TA-1_LGD-1,cppmmhdd-1,Cluster 22,0,26.82
T1-TA-1_LGD-1,moakjgcc-1,Cluster 6,0,16.89
T1-TA-1_LGD-1,cpopomab-1,Cluster 6,0,25.06
T1-TA-1_LGD-1,cpoodfbl-1,Cluster 6,0,20.18
T1-TA-1_LGD-1,cppahmdi-1,Cluster 22,0,38.61
T1-TA-1_LGD-1,cppaaioc-1,Cluster 6,0,19.28
T1-TA-1_LGD-1,cpopkedb-1,Cluster 2,0,31.20
T1-TA-1_LGD-1,cpomoeci-1,Cluster 22,0,22.67
T1-TA-1_LGD-1,cppaadim-1,Cluster 22,0,19.51
T1-TA-1_LGD-1,cpondbdd-1,Cluster 10,0,38.65
T1-TA-1_LGD-1,cponcdeh-1,Cluster 22,0,41.54
T1-TA-1_LGD-1,cpopfpge-1,Cluster 22,0,42.63
T1-TA-1_LGD-1,cpopdonl-1,Cluster 22,0,42.45
T1-TA-1_LGD-1,cpopbgek-1,Cluster 22,0,44.80
T1-TA-1_LGD-1,cponbklp-1,Cluster 22,0,46.24
T1-TA-1_LGD-1,cpopcnfp-1,Cluster 6,0,18.74
T1-TA-1_LGD-1,cppagkcp-1,Cluster 22,0,64.44
T1-TA-1_LGD-1,cppagnhj-1,Cluster 22,0,44.39
T1-TA-1_LGD-1,cpopjham-1,Cluster 22,0,37.43
T1-TA-1_LGD-1,cpopkibh-1,Cluster 22,0,44.61
T1-TA-1_LGD-1,cppmebpo-1,Cluster 22,0,31.25
T1-TA-1_LGD-1,cpopodhk-1,Cluster 22,0,40.41
T1-TA-1_LGD-1,cpoogbja-1,Cluster 6,0,21.04
T1-TA-1_LGD-1,cppofpnn-1,Cluster 22,0,32.38
T1-TA-1_LGD-1,cppoolip-1,Cluster 6,0,22.89
T1-TA-1_LGD-1,cppbkbof-1,Cluster 2,0,33.64
T1-TA-1_LGD-1,cpopalmp-1,Cluster 22,0,30.62
T1-TA-1_LGD-1,cpppecoj-1,Cluster 22,0,56.22
T1-TA-1_LGD-1,moamgpaj-1,Cluster 6,0,11.97
T1-TA-1_LGD-1,cppainjo-1,Cluster 2,0,39.06
T1-TA-1_LGD-1,cpokofif-1,Cluster 2,0,27.14
T1-TA-1_LGD-1,cppaelhh-1,Cluster 22,0,26.69
T1-TA-1_LGD-1,cpppbdcg-1,Cluster 2,0,21.99
T1-TA-1_LGD-1,cppmhdld-1,Cluster 6,0,25.20
T1-TA-1_LGD-1,cppaieel-1,Cluster 22,0,31.11
T1-TA-1_LGD-1,cppablfp-1,Cluster 2,0,22.58
T1-TA-1_LGD-1,cpoojafg-1,Cluster 6,0,18.65
T1-TA-1_LGD-1,cppapglh-1,Cluster 2,0,38.43
T1-TA-1_LGD-1,cppaeomp-1,Cluster 22,0,19.19
T1-TA-1_LGD-1,cppbdiem-1,Cluster 2,0,65.16
T1-TA-1_LGD-1,moammokm-1,Cluster 6,0,30.53
T1-TA-1_LGD-1,cppaiffi-1,Cluster 22,0,62.04
T1-TA-1_LGD-1,cppamkck-1,Cluster 22,0,25.15
T1-TA-1_LGD-1,moamfeog-1,Cluster 6,0,18.60
T1-TA-1_LGD-1,cppapkeg-1,Cluster 22,0,18.74
T1-TA-1_LGD-1,mobghpco-1,Cluster 22,0,102.64
T1-TA-1_LGD-1,cppaiklk-1,Cluster 6,0,30.75
T1-TA-1_LGD-1,cpoolfcb-1,Cluster 6,0,16.30
T1-TA-1_LGD-1,cppajghc-1,Cluster 22,0,66.70
T1-TA-1_LGD-1,cppbdidh-1,Cluster 2,0,36.71
T1-TA-1_LGD-1,moamhggh-1,Cluster 17,0,6.14
T1-TA-1_LGD-1,moammgdn-1,Cluster 6,0,83.09
T1-TA-1_LGD-1,cppmkhdn-1,Cluster 6,0,24.93
T1-TA-1_LGD-1,cppbdfoo-1,Cluster 6,0,30.75
T1-TA-1_LGD-1,cpoooafd-1,Cluster 22,0,23.48
T1-TA-1_LGD-1,cpoogpof-1,Cluster 22,0,30.21
T1-TA-1_LGD-1,cppablnl-1,Cluster 6,0,28.36
T1-TA-1_LGD-1,cppaiand-1,Cluster 22,0,34.36
T1-TA-1_LGD-1,daaeehdb-1,Cluster 22,0,41.23
T1-TA-1_LGD-1,cppmmnhe-1,Cluster 2,0,26.46
T1-TA-1_LGD-1,daaemoed-1,Cluster 22,0,27.27
T1-TA-1_LGD-1,cppmeflj-1,Cluster 22,0,45.20
T1-TA-1_LGD-1,cppmfpdl-1,Cluster 22,0,33.24
T1-TA-1_LGD-1,cppkloei-1,Cluster 6,0,20.23
T1-TA-1_LGD-1,cppkilip-1,Cluster 22,0,28.67
T1-TA-1_LGD-1,cppljgla-1,Cluster 22,0,30.66
T1-TA-1_LGD-1,cppkhobe-1,Cluster 22,0,24.38
T1-TA-1_LGD-1,cpplfhol-1,Cluster 22,0,47.28
T1-TA-1_LGD-1,cppmfddp-1,Cluster 22,0,37.80
T1-TA-1_LGD-1,cppkeepp-1,Cluster 2,0,29.62
T1-TA-1_LGD-1,moakhfbd-1,Cluster 6,0,15.80
T1-TA-1_LGD-1,cppkmlej-1,Cluster 2,0,27.73
T1-TA-1_LGD-1,cpplbpmf-1,Cluster 22,0,30.89
T1-TA-1_LGD-1,cpplkfjl-1,Cluster 22,0,32.69
T1-TA-1_LGD-1,cpplmeeh-1,Cluster 2,0,34.32
T1-TA-1_LGD-1,cppkfkda-1,Cluster 22,0,44.66
T1-TA-1_LGD-1,moajnmki-1,Cluster 22,0,16.84
T1-TA-1_LGD-1,moakajof-1,Cluster 22,0,11.88
T1-TA-1_LGD-1,cppljfbm-1,Cluster 22,0,50.48
T1-TA-1_LGD-1,cpplphpo-1,Cluster 22,0,18.83
T1-TA-1_LGD-1,cppjpnik-1,Cluster 22,0,45.07
T1-TA-1_LGD-1,cppkboaj-1,Cluster 6,0,15.58
T1-TA-1_LGD-1,cppkbapa-1,Cluster 22,0,34.00
T1-TA-1_LGD-1,cppjmakc-1,Cluster 22,0,18.79
T1-TA-1_LGD-1,cppljege-1,Cluster 22,0,34.59
T1-TA-1_LGD-1,cppjondo-1,Cluster 22,0,42.04
T1-TA-1_LGD-1,moajeojd-1,Cluster 2,0,117.32
T1-TA-1_LGD-1,cppmdkaa-1,Cluster 22,0,34.27
T1-TA-1_LGD-1,moakjalb-1,Cluster 22,0,78.75
T1-TA-1_LGD-1,cppmdeli-1,Cluster 22,0,30.62
T1-TA-1_LGD-1,cppphjhk-1,Cluster 22,0,44.66
T1-TA-1_LGD-1,daaddkde-1,Cluster 6,0,15.26
T1-TA-1_LGD-1,cpppfajh-1,Cluster 22,0,36.67
T1-TA-1_LGD-1,cppmogpo-1,Cluster 22,0,38.88
T1-TA-1_LGD-1,daafgjpd-1,Cluster 6,0,18.20
T1-TA-1_LGD-1,cppobdpk-1,Cluster 22,0,35.04
T1-TA-1_LGD-1,daadeeif-1,Cluster 22,0,27.46
T1-TA-1_LGD-1,daadjimd-1,Cluster 2,0,30.62
T1-TA-1_LGD-1,cpppkggm-1,Cluster 6,0,36.58
T1-TA-1_LGD-1,cpppkaae-1,Cluster 2,0,32.51
T1-TA-1_LGD-1,cpppccla-1,Cluster 6,0,32.29
T1-TA-1_LGD-1,cppmopmm-1,Cluster 22,0,39.06
T1-TA-1_LGD-1,cppmmhjl-1,Cluster 6,0,27.95
T1-TA-1_LGD-1,cppnckjp-1,Cluster 22,0,81.78
T1-TA-1_LGD-1,mobggijg-1,Cluster 6,0,59.92
T1-TA-1_LGD-1,moaklnmm-1,Cluster 6,0,13.05
T1-TA-1_LGD-1,cppmpnkc-1,Cluster 22,0,81.46
T1-TA-1_LGD-1,mobggnad-1,Cluster 22,0,111.67
T1-TA-1_LGD-1,cppnajem-1,Cluster 22,0,64.12
T1-TA-1_LGD-1,cppphhdc-1,Cluster 22,0,51.52
T1-TA-1_LGD-1,daadbgcb-1,Cluster 6,0,22.35
T1-TA-1_LGD-1,daaddgjk-1,Cluster 6,0,25.11
T1-TA-1_LGD-1,daafdled-1,Cluster 22,0,29.13
T1-TA-1_LGD-1,cppolmie-1,Cluster 22,0,32.42
T1-TA-1_LGD-1,cppndcel-1,Cluster 18,0,31.61
T1-TA-1_LGD-1,daadbcnl-1,Cluster 2,0,18.11
T1-TA-1_LGD-1,cppkjlfl-1,Cluster 2,0,16.89
T1-TA-1_LGD-1,cpppbjmj-1,Cluster 22,0,55.59
T1-TA-1_LGD-1,daaclbcl-1,Cluster 2,0,37.07
T1-TA-1_LGD-1,cppjhkph-1,Cluster 6,0,35.58
T1-TA-1_LGD-1,cppjipch-1,Cluster 22,0,53.56
T1-TA-1_LGD-1,cppjkdfb-1,Cluster 22,0,31.34
T1-TA-1_LGD-1,daadecgn-1,Cluster 22,0,41.41
T1-TA-1_LGD-1,cppmpkaf-1,Cluster 2,0,29.76
T1-TA-1_LGD-1,cppkgkej-1,Cluster 22,0,48.63
T1-TA-1_LGD-1,daaambbb-1,Cluster 22,0,76.45
T1-TA-1_LGD-1,daagafcg-1,Cluster 22,0,34.23
T1-TA-1_LGD-1,daablkon-1,Cluster 22,0,109.32
T1-TA-1_LGD-1,daafphoj-1,Cluster 22,0,28.81
T1-TA-1_LGD-1,daaanmfp-1,Cluster 22,0,148.47
T1-TA-1_LGD-1,daaaojhd-1,Cluster 22,0,49.36
T1-TA-1_LGD-1,moakacdm-1,Cluster 22,0,77.31
T1-TA-1_LGD-1,daabcged-1,Cluster 22,0,42.85
T1-TA-1_LGD-1,daimdcdk-1,Cluster 22,0,80.47
T1-TA-1_LGD-1,daabhhmn-1,Cluster 6,0,109.91
T1-TA-1_LGD-1,daabldna-1,Cluster 22,0,118.17
T1-TA-1_LGD-1,daabkopo-1,Cluster 22,0,58.70
T1-TA-1_LGD-1,moajeece-1,Cluster 2,0,28.63
T1-TA-1_LGD-1,daadcjgk-1,Cluster 2,0,79.79
T1-TA-1_LGD-1,daaaifcj-1,Cluster 22,0,71.89
T1-TA-1_LGD-1,daaebpin-1,Cluster 22,0,21.22
T1-TA-1_LGD-1,daagidka-1,Cluster 22,0,22.35
T1-TA-1_LGD-1,daagbpbk-1,Cluster 22,0,123.23
T1-TA-1_LGD-1,daagifej-1,Cluster 22,0,78.53
T1-TA-1_LGD-1,daaajdbm-1,Cluster 22,0,47.73
T1-TA-1_LGD-1,daaceimj-1,Cluster 6,0,18.92
T1-TA-1_LGD-1,mobgoegd-1,Cluster 14,0,45.38
T1-TA-1_LGD-1,cpppkhcg-1,Cluster 22,0,91.76
T1-TA-1_LGD-1,daagihkm-1,Cluster 2,0,40.51
T1-TA-1_LGD-1,cpppljnf-1,Cluster 22,0,153.98
T1-TA-1_LGD-1,daafefdo-1,Cluster 22,0,37.75
T1-TA-1_LGD-1,daahmhga-1,Cluster 2,0,29.13
T1-TA-1_LGD-1,daaglaek-1,Cluster 22,0,76.99
T1-TA-1_LGD-1,daagpchf-1,Cluster 22,0,47.37
T1-TA-1_LGD-1,moaillfe-1,Cluster 6,0,9.26
T1-TA-1_LGD-1,daagjmdm-1,Cluster 22,0,53.56
T1-TA-1_LGD-1,daahhijj-1,Cluster 22,0,60.92
T1-TA-1_LGD-1,moaiohel-1,Cluster 22,0,47.41
T1-TA-1_LGD-1,daahbink-1,Cluster 10,0,29.85
T1-TA-1_LGD-1,daaaikej-1,Cluster 2,0,52.65
T1-TA-1_LGD-1,cpppklid-1,Cluster 2,0,121.79
T1-TA-1_LGD-1,daacfcgm-1,Cluster 22,0,37.43
T1-TA-1_LGD-1,daafcbbj-1,Cluster 22,0,24.29
T1-TA-1_LGD-1,mobhaigd-1,Cluster 22,0,76.54
T1-TA-1_LGD-1,daadobea-1,Cluster 22,0,41.63
T1-TA-1_LGD-1,daaenojh-1,Cluster 2,0,18.06
T1-TA-1_LGD-1,daacehea-1,Cluster 22,0,38.07
T1-TA-1_LGD-1,daacacpf-1,Cluster 22,0,29.26
T1-TA-1_LGD-1,daaeaccg-1,Cluster 2,0,17.79
T1-TA-1_LGD-1,daacbpla-1,Cluster 22,0,18.56
T1-TA-1_LGD-1,daabloam-1,Cluster 22,0,36.35
T1-TA-1_LGD-1,daaflccf-1,Cluster 22,0,25.02
T1-TA-1_LGD-1,daagcgng-1,Cluster 22,0,14.63
T1-TA-1_LGD-1,mobppgif-1,Cluster 13,0,19.73
T1-TA-1_LGD-1,mobppcbc-1,Cluster 3,0,26.55
T1-TA-1_LGD-1,mocabahp-1,Cluster 12,0,31.38
T1-TA-1_LGD-1,daaajohl-1,Cluster 6,0,28.54
T1-TA-1_LGD-1,cpppkpcf-1,Cluster 22,0,69.36
T1-TA-1_LGD-1,daaacagl-1,Cluster 2,0,93.56
T1-TA-1_LGD-1,daaajmok-1,Cluster 22,0,122.83
T1-TA-1_LGD-1,cpppmfll-1,Cluster 2,0,33.24
T1-TA-1_LGD-1,daaacjgk-1,Cluster 2,0,121.02
T1-TA-1_LGD-1,cpppmipm-1,Cluster 2,0,42.36
T1-TA-1_LGD-1,daablaig-1,Cluster 22,0,56.22
T1-TA-1_LGD-1,daaakmjn-1,Cluster 22,0,44.48
T1-TA-1_LGD-1,daaacfoc-1,Cluster 22,0,79.11
T1-TA-1_LGD-1,modajeoi-1,Cluster 8,0,102.28
T1-TA-1_LGD-1,mocaaheo-1,Cluster 6,0,29.31
T1-TA-1_LGD-1,modbimbi-1,Cluster 6,0,126.12
T1-TA-1_LGD-1,modahcgp-1,Cluster 3,0,17.25
T1-TA-1_LGD-1,ogcadaep-1,Cluster 20,0,174.66
T1-TA-1_LGD-1,mobfpjgb-1,Cluster 6,0,50.17
T1-TA-1_LGD-1,mobcjcpp-1,Cluster 3,0,17.16
T1-TA-1_LGD-1,mobcgnne-1,Cluster 3,0,32.83
T1-TA-1_LGD-1,mobaehom-1,Cluster 12,0,31.25
T1-TA-1_LGD-1,mobaegnk-1,Cluster 8,0,35.67
T1-TA-1_LGD-1,cppcdegp-1,Cluster 2,0,37.30
T1-TA-1_LGD-1,moanhjob-1,Cluster 22,0,32.56
T1-TA-1_LGD-1,cppcaamd-1,Cluster 2,0,44.39
T1-TA-1_LGD-1,moaobpdl-1,Cluster 22,0,91.17
T1-TA-1_LGD-1,moanggop-1,Cluster 6,0,43.08
T1-TA-1_LGD-1,cppbolgh-1,Cluster 22,0,56.81
T1-TA-1_LGD-1,cppbkpmk-1,Cluster 22,0,67.01
T1-TA-1_LGD-1,cppdncje-1,Cluster 22,0,146.13
T1-TA-1_LGD-1,cppebflo-1,Cluster 22,0,53.01
T1-TA-1_LGD-1,moaoepjj-1,Cluster 22,0,150.78
T1-TA-1_LGD-1,moaogngf-1,Cluster 6,0,20.91
T1-TA-1_LGD-1,mobadndh-1,Cluster 13,0,48.27
T1-TA-1_LGD-1,cppchhfm-1,Cluster 22,0,39.87
T1-TA-1_LGD-1,cppcdelo-1,Cluster 6,0,38.88
T1-TA-1_LGD-1,moaoiedh-1,Cluster 6,0,22.94
T1-TA-1_LGD-1,cppcdfch-1,Cluster 2,0,52.61
T1-TA-1_LGD-1,cppcbaml-1,Cluster 22,0,40.05
T1-TA-1_LGD-1,mobggemj-1,Cluster 22,0,73.02
T1-TA-1_LGD-1,cpphicdn-1,Cluster 22,0,87.33
T1-TA-1_LGD-1,cppdfkok-1,Cluster 22,0,154.57
T1-TA-1_LGD-1,cppdiela-1,Cluster 22,0,72.97
T1-TA-1_LGD-1,cppdigem-1,Cluster 22,0,100.02
T1-TA-1_LGD-1,cppgfcdp-1,Cluster 22,0,65.07
T1-TA-1_LGD-1,cppgfjjm-1,Cluster 22,0,134.61
T1-TA-1_LGD-1,cppgfich-1,Cluster 2,0,97.99
T1-TA-1_LGD-1,cppdedoj-1,Cluster 22,0,99.34
T1-TA-1_LGD-1,cppdhcpk-1,Cluster 6,0,54.91
T1-TA-1_LGD-1,mobgimgb-1,Cluster 22,0,64.71
T1-TA-1_LGD-1,cppgfhna-1,Cluster 22,0,142.69
T1-TA-1_LGD-1,mobgfklk-1,Cluster 6,0,54.73
T1-TA-1_LGD-1,mobgjiib-1,Cluster 22,0,22.04
T1-TA-1_LGD-1,cpokfkmh-1,Cluster 22,0,90.90
T1-TA-1_LGD-1,cppddpkg-1,Cluster 14,0,39.47
T1-TA-1_LGD-1,mobdhaag-1,Cluster 8,0,28.00
T1-TA-1_LGD-1,moapohem-1,Cluster 1,0,17.11
T1-TA-1_LGD-1,mobfkgeb-1,Cluster 3,0,22.49
T1-TA-1_LGD-1,mobaeogd-1,Cluster 12,0,36.67
T1-TA-1_LGD-1,mobeppmb-1,Cluster 3,0,84.22
T1-TA-1_LGD-1,mobcfcan-1,Cluster 12,0,50.12
T1-TA-1_LGD-1,mobchodp-1,Cluster 8,0,68.37
T1-TA-1_LGD-1,ogbnpmbj-1,Cluster 3,0,13.19
T1-TA-1_LGD-1,mobgeckp-1,Cluster 2,0,46.15
T1-TA-1_LGD-1,mobfnmmo-1,Cluster 6,0,52.43
T1-TA-1_LGD-1,mobganpn-1,Cluster 6,0,38.34
T1-TA-1_LGD-1,cppfkhhh-1,Cluster 22,0,134.16
T1-TA-1_LGD-1,mobggfjo-1,Cluster 6,0,84.80
T1-TA-1_LGD-1,mobhlpea-1,Cluster 2,0,58.12
T1-TA-1_LGD-1,cpphidoj-1,Cluster 22,0,88.73
T1-TA-1_LGD-1,ogboacel-1,Cluster 12,0,121.52
T1-TA-1_LGD-1,cppglbpg-1,Cluster 22,0,67.33
T1-TA-1_LGD-1,mobgocmn-1,Cluster 22,0,52.70
T1-TA-1_LGD-1,cppjgemm-1,Cluster 2,0,72.30
T1-TA-1_LGD-1,mobhhiha-1,Cluster 5,0,57.66
T1-TA-1_LGD-1,mobglnca-1,Cluster 2,0,56.49
T1-TA-1_LGD-1,mobghnbb-1,Cluster 6,0,24.11
T1-TA-1_LGD-1,cppjfppi-1,Cluster 22,0,113.61
T1-TA-1_LGD-1,cpphjnih-1,Cluster 22,0,64.93
T1-TA-1_LGD-1,cppfogdd-1,Cluster 22,0,88.87
T1-TA-1_LGD-1,cppgebpp-1,Cluster 22,0,96.18
T1-TA-1_LGD-1,mobghkon-1,Cluster 6,0,38.34
T1-TA-1_LGD-1,cpphlije-1,Cluster 22,0,154.93
T1-TA-1_LGD-1,cppjgcik-1,Cluster 22,0,194.89
T1-TA-1_LGD-1,cppincop-1,Cluster 22,0,135.97
T1-TA-1_LGD-1,mobglpfb-1,Cluster 6,0,28.76
T1-TA-1_LGD-1,cppjekbc-1,Cluster 22,0,111.72
T1-TA-1_LGD-1,cppidloj-1,Cluster 6,0,59.06
T1-TA-1_LGD-1,cppimomh-1,Cluster 22,0,114.79
T1-TA-1_LGD-1,cpphjmhj-1,Cluster 22,0,47.23
T1-TA-1_LGD-1,mobgkblk-1,Cluster 22,0,59.47
T1-TA-1_LGD-1,cppfmldo-1,Cluster 22,0,97.40
T1-TA-1_LGD-1,mobhjijj-1,Cluster 8,0,56.04
T1-TA-1_LGD-1,mobgdlgm-1,Cluster 22,0,102.87
T1-TA-1_LGD-1,mobdcmgm-1,Cluster 8,0,63.67
T1-TA-1_LGD-1,mobeaenb-1,Cluster 3,0,40.05
T1-TA-1_LGD-1,mobckhdi-1,Cluster 17,0,72.79
T1-TA-1_LGD-1,ogbocjfa-1,Cluster 3,0,11.06
T1-TA-1_LGD-1,mobhkjhc-1,Cluster 8,0,64.39
T1-TA-1_LGD-1,mobhjmgh-1,Cluster 8,0,122.01
T1-TA-1_LGD-1,ogbocknd-1,Cluster 3,0,27.00
T1-TA-1_LGD-1,moccbmep-1,Cluster 8,0,71.35
T1-TA-1_LGD-1,ogbompbo-1,Cluster 3,0,8.49
T1-TA-1_LGD-1,mobhjkmc-1,Cluster 8,0,56.04
T1-TA-1_LGD-1,mocbmfml-1,Cluster 12,0,36.67
T1-TA-1_LGD-1,mocbjamd-1,Cluster 3,0,36.03
T1-TA-1_LGD-1,mocbkhgi-1,Cluster 5,0,69.90
Y1-TA-1_LGD-1,gnmmlfmh-1,Cluster 13,0,59.20
Y1-TA-1_LGD-1,giljpjon-1,Cluster 3,0,14.77
Y1-TA-1_LGD-1,gilgljjo-1,Cluster 12,0,27.82
Y1-TA-1_LGD-1,gilglpfl-1,Cluster 13,0,42.81
Y1-TA-1_LGD-1,amdefmla-1,Cluster 1,0,52.47
Y1-TA-1_LGD-1,gilnbnmp-1,Cluster 3,0,39.42
Y1-TA-1_LGD-1,amdebkcj-1,Cluster 1,0,42.54
Y1-TA-1_LGD-1,amdeeojk-1,Cluster 3,0,53.56
Y1-TA-1_LGD-1,amdaghng-1,Cluster 1,0,48.00
Y1-TA-1_LGD-1,gkbmkpdd-1,Cluster 7,0,18.06
Y1-TA-1_LGD-1,gkkgnfjb-1,Cluster 13,0,82.32
Y1-TA-1_LGD-1,gkbbionk-1,Cluster 3,0,62.18
Y1-TA-1_LGD-1,gkbengfa-1,Cluster 3,0,24.61
Y1-TA-1_LGD-1,gkbmnemh-1,Cluster 7,0,32.60
Y1-TA-1_LGD-1,gkbekbnn-1,Cluster 5,0,46.47
Y1-TA-1_LGD-1,gkbdgbfa-1,Cluster 12,0,33.46
Y1-TA-1_LGD-1,gkbfkdoj-1,Cluster 1,0,23.84
Y1-TA-1_LGD-1,amchonin-1,Cluster 1,0,49.85
Y1-TA-1_LGD-1,gkbegddh-1,Cluster 3,0,21.90
Y1-TA-1_LGD-1,gkbbghkn-1,Cluster 7,0,52.70
Y1-TA-1_LGD-1,gkbfgeaf-1,Cluster 7,0,38.92
Y1-TA-1_LGD-1,gkbbiedg-1,Cluster 3,0,43.71
Y1-TA-1_LGD-1,gkbfpamn-1,Cluster 3,0,29.35
Y1-TA-1_LGD-1,gkbmmiim-1,Cluster 7,0,49.58
Y1-TA-1_LGD-1,gkbgbipa-1,Cluster 7,0,47.37
Y1-TA-1_LGD-1,amchdifm-1,Cluster 1,0,53.15
Y1-TA-1_LGD-1,gkbgbmjh-1,Cluster 3,0,11.29
Y1-TA-1_LGD-1,gkbfbbid-1,Cluster 12,0,55.54
Y1-TA-1_LGD-1,gkbeiekl-1,Cluster 7,0,13.41
Y1-TA-1_LGD-1,gkbejnil-1,Cluster 7,0,47.10
Y1-TA-1_LGD-1,gkbfgoej-1,Cluster 7,0,39.02
Y1-TA-1_LGD-1,gkbikgma-1,Cluster 8,0,32.06
Y1-TA-1_LGD-1,gkbijang-1,Cluster 7,0,14.40
Y1-TA-1_LGD-1,gkbihngb-1,Cluster 3,0,17.43
Y1-TA-1_LGD-1,gkbiilma-1,Cluster 7,0,54.68
Y1-TA-1_LGD-1,gkbilkob-1,Cluster 13,0,55.45
Y1-TA-1_LGD-1,gkbjeldo-1,Cluster 13,0,30.07
Y1-TA-1_LGD-1,gkbjcdkc-1,Cluster 13,0,83.99
Y1-TA-1_LGD-1,gjjpbdhl-1,Cluster 12,0,30.21
Y1-TA-1_LGD-1,ambfjced-1,Cluster 1,0,62.32
Y1-TA-1_LGD-1,gjjongmh-1,Cluster 1,0,25.87
Y1-TA-1_LGD-1,gjjpckmo-1,Cluster 12,0,31.29
Y1-TA-1_LGD-1,ambfmedp-1,Cluster 1,0,46.10
Y1-TA-1_LGD-1,gjjmofem-1,Cluster 7,0,36.80
Y1-TA-1_LGD-1,ambfncge-1,Cluster 5,0,44.66
Y1-TA-1_LGD-1,gjjoofjf-1,Cluster 3,0,18.97
Y1-TA-1_LGD-1,gimpehnp-1,Cluster 12,0,46.15
Y1-TA-1_LGD-1,gkbglpaa-1,Cluster 1,0,45.16
Y1-TA-1_LGD-1,ochpdplj-1,Cluster 20,0,7.04
Y1-TA-1_LGD-1,gkbgjmab-1,Cluster 13,0,24.34
Y1-TA-1_LGD-1,gkkihbbk-1,Cluster 13,0,84.76
Y1-TA-1_LGD-1,gkbghioe-1,Cluster 3,0,14.99
Y1-TA-1_LGD-1,ambhgihc-1,Cluster 7,0,67.46
Y1-TA-1_LGD-1,gkkhpdim-1,Cluster 3,0,27.77
Y1-TA-1_LGD-1,gkkfndbg-1,Cluster 7,0,40.01
Y1-TA-1_LGD-1,gjjnjehg-1,Cluster 1,0,38.47
Y1-TA-1_LGD-1,gjjogldj-1,Cluster 7,0,21.18
Y1-TA-1_LGD-1,gjjnlbdn-1,Cluster 3,0,22.08
Y1-TA-1_LGD-1,gjjodofd-1,Cluster 5,0,21.49
Y1-TA-1_LGD-1,gjjognem-1,Cluster 3,0,16.53
Y1-TA-1_LGD-1,gjjockpd-1,Cluster 4,0,35.13
Y1-TA-1_LGD-1,gkbkiffh-1,Cluster 3,0,31.84
Y1-TA-1_LGD-1,gkbkelci-1,Cluster 12,0,59.88
Y1-TA-1_LGD-1,gkbfmcpc-1,Cluster 3,0,8.04
Y1-TA-1_LGD-1,gkbjdcdl-1,Cluster 8,0,49.63
Y1-TA-1_LGD-1,gkbkgicl-1,Cluster 7,0,45.83
Y1-TA-1_LGD-1,amcolcoa-1,Cluster 1,0,47.23
Y1-TA-1_LGD-1,gkbeobkp-1,Cluster 5,0,43.53
Y1-TA-1_LGD-1,gkbkccpc-1,Cluster 3,0,14.77
Y1-TA-1_LGD-1,gimnphpa-1,Cluster 3,0,34.14
Y1-TA-1_LGD-1,gkbfnmgp-1,Cluster 7,0,49.54
Y1-TA-1_LGD-1,gkbkfcce-1,Cluster 7,0,80.78
Y1-TA-1_LGD-1,ochgldmo-1,Cluster 3,0,22.40
Y1-TA-1_LGD-1,gkbfcnge-1,Cluster 13,0,29.04
Y1-TA-1_LGD-1,gimobcol-1,Cluster 3,0,22.08
Y1-TA-1_LGD-1,gkbjlihc-1,Cluster 4,0,59.38
Y1-TA-1_LGD-1,gkbkegdn-1,Cluster 3,0,16.89
Y1-TA-1_LGD-1,gkbfmhao-1,Cluster 7,0,44.89
Y1-TA-1_LGD-1,gkbfnpne-1,Cluster 7,0,7.72
Y1-TA-1_LGD-1,gkbaplmh-1,Cluster 12,0,20.68
Y1-TA-1_LGD-1,gimphcbc-1,Cluster 13,0,46.10
Y1-TA-1_LGD-1,gkbepkic-1,Cluster 7,0,37.43
Y1-TA-1_LGD-1,gkbfannb-1,Cluster 7,0,40.78
Y1-TA-1_LGD-1,ginaepkd-1,Cluster 7,0,72.48
Y1-TA-1_LGD-1,amcojgbe-1,Cluster 7,0,57.35
Y1-TA-1_LGD-1,amcogbhc-1,Cluster 7,0,59.47
Y1-TA-1_LGD-1,gimnojod-1,Cluster 7,0,36.13
Y1-TA-1_LGD-1,gkbjekmk-1,Cluster 12,0,23.35
Y1-TA-1_LGD-1,gkbifjjf-1,Cluster 12,0,34.00
Y1-TA-1_LGD-1,gimnlooa-1,Cluster 5,0,54.46
Y1-TA-1_LGD-1,gimnoecj-1,Cluster 3,0,18.02
Y1-TA-1_LGD-1,gkbigbca-1,Cluster 7,0,35.22
Y1-TA-1_LGD-1,amcogmaf-1,Cluster 1,0,30.93
Y1-TA-1_LGD-1,gkbglgki-1,Cluster 7,0,42.18
Y1-TA-1_LGD-1,gkbgfchf-1,Cluster 5,0,38.97
Y1-TA-1_LGD-1,gkbgkmgl-1,Cluster 13,0,69.50
Y1-TA-1_LGD-1,gkbhckaj-1,Cluster 5,0,44.03
Y1-TA-1_LGD-1,gkbhbeje-1,Cluster 3,0,14.81
Y1-TA-1_LGD-1,gkbgegeb-1,Cluster 3,0,8.85
Y1-TA-1_LGD-1,gkbgdmlo-1,Cluster 13,0,55.32
Y1-TA-1_LGD-1,gkbhjbmi-1,Cluster 13,0,54.55
Y1-TA-1_LGD-1,coemcebd-1,Cluster 1,0,42.04
Y1-TA-1_LGD-1,gkbhiamg-1,Cluster 3,0,19.33
Y1-TA-1_LGD-1,gjjniifn-1,Cluster 3,0,16.66
Y1-TA-1_LGD-1,gkkeaich-1,Unassigned,0,10.12
Y1-TA-1_LGD-1,gkbhgagj-1,Cluster 13,0,32.69
Y1-TA-1_LGD-1,ambillbj-1,Cluster 1,0,43.26
Y1-TA-1_LGD-1,ambingfm-1,Cluster 3,0,48.05
Y1-TA-1_LGD-1,ambickgn-1,Cluster 1,0,45.20
Y1-TA-1_LGD-1,gjjojokb-1,Cluster 3,0,7.36
Y1-TA-1_LGD-1,gjjojejg-1,Cluster 1,0,27.73
Y1-TA-1_LGD-1,ambjaigc-1,Cluster 8,0,40.60
Y1-TA-1_LGD-1,gjjnidje-1,Cluster 5,0,36.67
Y1-TA-1_LGD-1,ambjdchf-1,Cluster 3,0,40.51
Y1-TA-1_LGD-1,gjjmejnm-1,Cluster 13,0,44.70
Y1-TA-1_LGD-1,gjjnnepi-1,Cluster 12,0,20.09
Y1-TA-1_LGD-1,gjjnblok-1,Cluster 3,0,28.04
Y1-TA-1_LGD-1,gjjncefm-1,Cluster 5,0,21.86
Y1-TA-1_LGD-1,ambhmbpi-1,Cluster 1,0,41.23
Y1-TA-1_LGD-1,ambiaimh-1,Cluster 1,0,31.07
Y1-TA-1_LGD-1,gjjmbjfa-1,Cluster 3,0,6.32
Y1-TA-1_LGD-1,gjjmeoam-1,Cluster 1,0,24.34
Y1-TA-1_LGD-1,gjjohgjg-1,Unassigned,0,19.33
Y1-TA-1_LGD-1,ambfcelo-1,Cluster 1,0,43.40
Y1-TA-1_LGD-1,gjjpcemg-1,Cluster 3,0,13.55
Y1-TA-1_LGD-1,gjjmidan-1,Cluster 13,0,15.13
Y1-TA-1_LGD-1,gkbhjiij-1,Cluster 3,0,21.00
Y1-TA-1_LGD-1,gjjlgkdp-1,Cluster 3,0,31.38
Y1-TA-1_LGD-1,gjjllpdf-1,Cluster 13,0,39.42
Y1-TA-1_LGD-1,gjjllidi-1,Cluster 3,0,12.46
Y1-TA-1_LGD-1,gjjlpade-1,Cluster 3,0,9.21
Y1-TA-1_LGD-1,gjjlhnan-1,Cluster 7,0,59.92
Y1-TA-1_LGD-1,ambfnook-1,Cluster 3,0,35.94
Y1-TA-1_LGD-1,coengacf-1,Cluster 6,0,46.10
Y1-TA-1_LGD-1,coempchb-1,Cluster 3,0,32.65
Y1-TA-1_LGD-1,ginahngc-1,Cluster 20,0,60.74
Y1-TA-1_LGD-1,amcpbhpa-1,Cluster 12,0,27.91
Y1-TA-1_LGD-1,amconhfd-1,Cluster 2,0,106.57
Y1-TA-1_LGD-1,amcpbmpi-1,Cluster 18,0,110.86
Y1-TA-1_LGD-1,ginafmlp-1,Cluster 1,0,31.65
Y1-TA-1_LGD-1,coemnceh-1,Cluster 2,0,82.73
Y1-TA-1_LGD-1,gimndffk-1,Cluster 12,0,71.08
Y1-TA-1_LGD-1,gimoejii-1,Cluster 3,0,6.10
Y1-TA-1_LGD-1,gkbiebil-1,Cluster 12,0,30.80
Y1-TA-1_LGD-1,ocglaifb-1,Cluster 3,0,42.04
Y1-TA-1_LGD-1,gimnjdld-1,Cluster 7,0,27.23
Y1-TA-1_LGD-1,gimnjila-1,Cluster 1,0,36.13
Y1-TA-1_LGD-1,gimodcnb-1,Cluster 7,0,87.96
Y1-TA-1_LGD-1,gkbhnihl-1,Cluster 4,0,42.81
Y1-TA-1_LGD-1,gimnmbmn-1,Cluster 7,0,23.75
Y1-TA-1_LGD-1,gkbiehof-1,Cluster 5,0,17.75
Y1-TA-1_LGD-1,gimndfjb-1,Cluster 3,0,22.53
Y1-TA-1_LGD-1,gimofkjd-1,Cluster 8,0,33.91
Y1-TA-1_LGD-1,gkbkkkfa-1,Cluster 1,0,45.83
Y1-TA-1_LGD-1,coembaja-1,Cluster 2,0,80.92
Y1-TA-1_LGD-1,gimofoap-1,Cluster 1,0,52.74
Y1-TA-1_LGD-1,gimojlni-1,Cluster 6,0,51.66
Y1-TA-1_LGD-1,gimoepna-1,Cluster 3,0,25.20
Y1-TA-1_LGD-1,amcobdfk-1,Cluster 7,0,67.10
Y1-TA-1_LGD-1,gimnlmio-1,Cluster 1,0,35.13
Y1-TA-1_LGD-1,gimnecpd-1,Cluster 12,0,64.08
Y1-TA-1_LGD-1,gimnidde-1,Cluster 3,0,18.74
Y1-TA-1_LGD-1,gkbhpmpm-1,Cluster 4,0,67.87
Y1-TA-1_LGD-1,gimniiob-1,Cluster 8,0,23.53
Y1-TA-1_LGD-1,ochglngb-1,Unassigned,0,21.18
Y1-TA-1_LGD-1,gkbhdech-1,Cluster 12,0,11.42
Y1-TA-1_LGD-1,ochgmdbn-1,Cluster 3,0,26.87
Y1-TA-1_LGD-1,gkbgpdmc-1,Cluster 13,0,24.84
Y1-TA-1_LGD-1,gkbacmph-1,Cluster 5,0,43.35
Y1-TA-1_LGD-1,amddioln-1,Cluster 3,0,49.36
Y1-TA-1_LGD-1,ochgmjde-1,Unassigned,0,11.51
Y1-TA-1_LGD-1,ginkgppg-1,Cluster 3,0,37.21
Y1-TA-1_LGD-1,amdgbbie-1,Cluster 3,0,44.34
Y1-TA-1_LGD-1,ginllmpm-1,Cluster 3,0,37.98
Y1-TA-1_LGD-1,gkbkphej-1,Cluster 1,0,68.46
Y1-TA-1_LGD-1,ginklfoj-1,Cluster 8,0,58.97
Y1-TA-1_LGD-1,ginkgnad-1,Cluster 12,0,40.28
Y1-TA-1_LGD-1,amdaignj-1,Cluster 1,0,53.01
Y1-TA-1_LGD-1,gimcdidj-1,Cluster 4,0,48.41
Y1-TA-1_LGD-1,ocgklnfj-1,Cluster 3,0,53.83
Y1-TA-1_LGD-1,amdgmeoc-1,Cluster 3,0,17.97
Y1-TA-1_LGD-1,ginjhncm-1,Cluster 8,0,35.94
Y1-TA-1_LGD-1,ocglfefb-1,Cluster 3,0,45.02
Y1-TA-1_LGD-1,amdgglfp-1,Cluster 3,0,31.70
Y1-TA-1_LGD-1,gingdmgc-1,Cluster 7,0,79.48
Y1-TA-1_LGD-1,gingbhfp-1,Cluster 3,0,31.20
Y1-TA-1_LGD-1,ginmeojm-1,Cluster 5,0,23.26
Y1-TA-1_LGD-1,ginjjbjn-1,Cluster 3,0,17.43
Y1-TA-1_LGD-1,ginmdnnh-1,Cluster 8,0,19.51
Y1-TA-1_LGD-1,gilmnbbc-1,Cluster 7,0,56.17
Y1-TA-1_LGD-1,amddmbjh-1,Cluster 8,0,57.39
Y1-TA-1_LGD-1,ginjkjkf-1,Cluster 8,0,25.69
Y1-TA-1_LGD-1,ginjgaol-1,Cluster 16,0,26.96
Y1-TA-1_LGD-1,ginjednc-1,Cluster 12,0,72.39
Y1-TA-1_LGD-1,gilmolmk-1,Cluster 8,0,90.54
Y1-TA-1_LGD-1,ginhjbea-1,Cluster 3,0,22.58
Y1-TA-1_LGD-1,gimchope-1,Cluster 3,0,12.82
Y1-TA-1_LGD-1,amdgknge-1,Cluster 3,0,39.24
Y1-TA-1_LGD-1,gilpjade-1,Cluster 7,0,53.47
Y1-TA-1_LGD-1,gilpkgfa-1,Cluster 8,0,51.66
Y1-TA-1_LGD-1,ginhigin-1,Unassigned,0,15.26
Y1-TA-1_LGD-1,gkbpcdmk-1,Cluster 13,0,44.25
Y1-TA-1_LGD-1,ginmdclp-1,Cluster 3,0,40.91
Y1-TA-1_LGD-1,ginmglnh-1,Cluster 8,0,22.85
Y1-TA-1_LGD-1,ginmdfef-1,Cluster 3,0,19.69
Y1-TA-1_LGD-1,ginkgheh-1,Cluster 3,0,38.34
Y1-TA-1_LGD-1,ginjplbg-1,Cluster 3,0,42.31
Y1-TA-1_LGD-1,ginlgiee-1,Cluster 1,0,34.82
Y1-TA-1_LGD-1,ginmaged-1,Cluster 16,0,36.80
Y1-TA-1_LGD-1,ginkkjme-1,Cluster 3,0,28.67
Y1-TA-1_LGD-1,amdfoolf-1,Cluster 17,0,21.04
Y1-TA-1_LGD-1,amdbffdn-1,Cluster 2,0,52.65
Y1-TA-1_LGD-1,amcpefjd-1,Cluster 3,0,54.55
Y1-TA-1_LGD-1,amdbcknh-1,Cluster 3,0,27.86
Y1-TA-1_LGD-1,amdbbple-1,Cluster 3,0,43.62
Y1-TA-1_LGD-1,amdbbdfg-1,Cluster 3,0,58.61
Y1-TA-1_LGD-1,ginkfgpd-1,Cluster 20,0,48.50
Y1-TA-1_LGD-1,amdapbbf-1,Cluster 3,0,38.47
Y1-TA-1_LGD-1,amcpdplb-1,Cluster 3,0,35.09
Y1-TA-1_LGD-1,amcpdekd-1,Cluster 3,0,47.32
Y1-TA-1_LGD-1,amdgbpan-1,Cluster 3,0,19.37
Y1-TA-1_LGD-1,amcpmelp-1,Cluster 3,0,51.84
Y1-TA-1_LGD-1,ginkeaoh-1,Cluster 3,0,13.55
Y1-TA-1_LGD-1,ginkdgmm-1,Cluster 3,0,10.48
Y1-TA-1_LGD-1,ginkdghc-1,Cluster 20,0,51.34
Y1-TA-1_LGD-1,gkblphci-1,Cluster 3,0,19.46
Y1-TA-1_LGD-1,gkbkpnep-1,Cluster 3,0,14.90
Y1-TA-1_LGD-1,gkblbofh-1,Cluster 5,0,94.11
Y1-TA-1_LGD-1,gkbldkjh-1,Cluster 3,0,30.25
Y1-TA-1_LGD-1,gkblbljn-1,Cluster 3,0,31.47
Y1-TA-1_LGD-1,gkblojce-1,Cluster 3,0,14.04
Y1-TA-1_LGD-1,ochgmlfa-1,Cluster 3,0,9.21
Y1-TA-1_LGD-1,gkblfgbl-1,Cluster 5,0,59.02
Y1-TA-1_LGD-1,gkbadbcp-1,Cluster 5,0,53.65
Y1-TA-1_LGD-1,gkblnfgd-1,Cluster 12,0,57.98
Y1-TA-1_LGD-1,gkblkffg-1,Cluster 5,0,41.05
Y1-TA-1_LGD-1,gkbnalkf-1,Cluster 7,0,26.64
Y1-TA-1_LGD-1,gkbmcgpa-1,Cluster 7,0,47.01
Y1-TA-1_LGD-1,gkbmipah-1,Cluster 3,0,13.91
Y1-TA-1_LGD-1,gkbnjlkj-1,Cluster 7,0,55.27
Y1-TA-1_LGD-1,gkbnlmlo-1,Cluster 5,0,39.06
Y1-TA-1_LGD-1,gkblpnli-1,Cluster 7,0,30.12
Y1-TA-1_LGD-1,gkbnifba-1,Cluster 12,0,33.24
Y1-TA-1_LGD-1,gkbnafjh-1,Cluster 7,0,54.82
Y1-TA-1_LGD-1,gkbaacpo-1,Cluster 7,0,49.76
Y1-TA-1_LGD-1,gkbnedop-1,Cluster 12,0,14.45
Y1-TA-1_LGD-1,gkbbkpmd-1,Cluster 7,0,57.53
Y1-TA-1_LGD-1,amdgdgpn-1,Cluster 3,0,35.40
Y1-TA-1_LGD-1,ginhbdkh-1,Cluster 8,0,23.62
Y1-TA-1_LGD-1,gingampg-1,Cluster 1,0,32.60
Y1-TA-1_LGD-1,amdbgnfm-1,Cluster 2,0,37.80
Y1-TA-1_LGD-1,amddnjkd-1,Cluster 1,0,43.67
Y1-TA-1_LGD-1,ginhgnpo-1,Cluster 12,0,29.94
Y1-TA-1_LGD-1,ginhcaoa-1,Cluster 3,0,24.38
Y1-TA-1_LGD-1,ginjbama-1,Cluster 3,0,37.43
Y1-TA-1_LGD-1,amdgdgah-1,Cluster 3,0,30.57
Y1-TA-1_LGD-1,gingjlhl-1,Cluster 12,0,22.53
Y1-TA-1_LGD-1,ginheldd-1,Cluster 12,0,48.09
Y1-TA-1_LGD-1,ginpfakn-1,Cluster 17,0,42.67
Y1-TA-1_LGD-1,amdbdnjd-1,Cluster 2,0,53.96
Y1-TA-1_LGD-1,ginhcnif-1,Cluster 3,0,21.27
Y1-TA-1_LGD-1,amdgjeap-1,Cluster 3,0,44.34
Y1-TA-1_LGD-1,amdbfdbl-1,Cluster 6,0,21.99
Y1-TA-1_LGD-1,amdbfhfk-1,Cluster 6,0,24.93
Y1-TA-1_LGD-1,amdbdhhp-1,Cluster 2,0,44.48
Y1-TA-1_LGD-1,gingmeef-1,Cluster 5,0,139.08
Y1-TA-1_LGD-1,ginffijj-1,Cluster 5,0,65.12
Y1-TA-1_LGD-1,amdbdbmo-1,Cluster 16,0,64.98
Y1-TA-1_LGD-1,giniffjc-1,Cluster 12,0,57.30
Y1-TA-1_LGD-1,amdgkgjj-1,Cluster 3,0,25.24
Y1-TA-1_LGD-1,amdbegpb-1,Cluster 3,0,55.14
Y1-TA-1_LGD-1,ginfalef-1,Cluster 16,0,64.62
Y1-TA-1_LGD-1,amdfmejc-1,Cluster 6,0,29.08
Y1-TA-1_LGD-1,ginmhajk-1,Cluster 3,0,5.51
Y1-TA-1_LGD-1,amdflpem-1,Cluster 2,0,41.95
Y1-TA-1_LGD-1,ginjbjjh-1,Cluster 17,0,53.24
Y1-TA-1_LGD-1,amdbfklc-1,Cluster 6,0,22.89
Y1-TA-1_LGD-1,amdflclf-1,Cluster 6,0,35.63
Y1-TA-1_LGD-1,ginjbkbf-1,Cluster 3,0,20.37
Y1-TA-1_LGD-1,amdbidcb-1,Cluster 6,0,28.54
Y1-TA-1_LGD-1,ginjnbck-1,Cluster 3,0,21.58
Y1-TA-1_LGD-1,amdflffh-1,Cluster 6,0,31.20
Y1-TA-1_LGD-1,giljmhdf-1,Cluster 5,0,46.87
Y1-TA-1_LGD-1,giljopcf-1,Cluster 13,0,48.77
Y1-TA-1_LGD-1,gililifk-1,Cluster 12,0,48.14
Y1-TA-1_LGD-1,amddhpdl-1,Cluster 1,0,40.23
Y1-TA-1_LGD-1,amddhobo-1,Cluster 1,0,46.74
Y1-TA-1_LGD-1,amddfjlf-1,Cluster 3,0,62.41
Y1-TA-1_LGD-1,amddfgfh-1,Cluster 7,0,61.23
Y1-TA-1_LGD-1,gilinpam-1,Cluster 13,0,52.38
Y1-TA-1_LGD-1,ginhlbjc-1,Cluster 3,0,18.69
Y1-TA-1_LGD-1,giljijkp-1,Cluster 3,0,23.21
Y1-TA-1_LGD-1,giljpkcg-1,Cluster 3,0,13.05
Y1-TA-1_LGD-1,gilikpap-1,Cluster 13,0,98.17
Y1-TA-1_LGD-1,giljlfpk-1,Cluster 5,0,61.59
Y1-TA-1_LGD-1,ocgkafmj-1,Cluster 3,0,39.11
Y1-TA-1_LGD-1,giljaphm-1,Cluster 13,0,37.75
Y1-TA-1_LGD-1,gilgedjn-1,Cluster 5,0,56.54
Y1-TA-1_LGD-1,gilgfkbf-1,Cluster 5,0,60.83
Y1-TA-1_LGD-1,gilgcigk-1,Cluster 5,0,52.02
Y1-TA-1_LGD-1,gilghpob-1,Cluster 4,0,30.25
Y1-TA-1_LGD-1,gilglfma-1,Cluster 1,0,26.55
Y1-TA-1_LGD-1,gilijnnp-1,Cluster 8,0,23.93
Y1-TA-1_LGD-1,giliimdp-1,Cluster 5,0,36.80
Y1-TA-1_LGD-1,gilihdln-1,Cluster 12,0,25.15
Y1-TA-1_LGD-1,amddeakj-1,Cluster 1,0,51.79
Y1-TA-1_LGD-1,giliecol-1,Cluster 13,0,57.98
Y1-TA-1_LGD-1,gilgfmjn-1,Cluster 8,0,22.71
Y1-TA-1_LGD-1,ocgjmckh-1,Cluster 12,0,14.04
Y1-TA-1_LGD-1,gilgaked-1,Cluster 13,0,50.44
Y1-TA-1_LGD-1,ocglemkf-1,Cluster 3,0,16.80
Y1-TA-1_LGD-1,ginemikp-1,Cluster 7,0,50.76
Y1-TA-1_LGD-1,giliekpe-1,Cluster 3,0,11.88
Y1-TA-1_LGD-1,gilidceb-1,Cluster 5,0,59.06
Y1-TA-1_LGD-1,gilgljel-1,Cluster 4,0,40.55
Y1-TA-1_LGD-1,gilickii-1,Cluster 13,0,43.03
Y1-TA-1_LGD-1,gilipiaf-1,Cluster 13,0,14.68
Y1-TA-1_LGD-1,amcmdfbk-1,Cluster 6,0,71.93
Y1-TA-1_LGD-1,amcmakgj-1,Cluster 3,0,42.76
Y1-TA-1_LGD-1,ginpgigj-1,Cluster 1,0,48.45
Y1-TA-1_LGD-1,ginopcde-1,Unassigned,0,13.10
Y1-TA-1_LGD-1,ginpcpae-1,Cluster 8,0,104.99
Y1-TA-1_LGD-1,ginojkig-1,Cluster 8,0,78.03
Y1-TA-1_LGD-1,giobikoh-1,Cluster 2,0,72.34
Y1-TA-1_LGD-1,giobkngl-1,Cluster 6,0,30.39
Y1-TA-1_LGD-1,gkbaicgf-1,Cluster 3,0,21.09
Y1-TA-1_LGD-1,gkbakbgg-1,Cluster 3,0,30.03
Y1-TA-1_LGD-1,amcpgamo-1,Cluster 3,0,30.98
Y1-TA-1_LGD-1,ginognij-1,Cluster 16,0,113.07
Y1-TA-1_LGD-1,ginnojhi-1,Cluster 16,0,84.17
Y1-TA-1_LGD-1,gkbaehfc-1,Cluster 12,0,77.62
Y1-TA-1_LGD-1,ginodinp-1,Cluster 8,0,18.15
Y1-TA-1_LGD-1,amdbjcij-1,Cluster 2,0,80.97
Y1-TA-1_LGD-1,gkbalpgg-1,Cluster 16,0,96.68
Y1-TA-1_LGD-1,giobidbk-1,Cluster 17,0,55.63
Y1-TA-1_LGD-1,gkbcicdi-1,Cluster 16,0,99.71
Y1-TA-1_LGD-1,gkbcnkfl-1,Cluster 12,0,35.72
Y1-TA-1_LGD-1,gkapgidk-1,Cluster 5,0,37.34
Y1-TA-1_LGD-1,gkbclndd-1,Cluster 12,0,23.66
Y1-TA-1_LGD-1,gkbbcich-1,Cluster 5,0,44.43
Y1-TA-1_LGD-1,amcomapc-1,Cluster 13,0,45.16
Y1-TA-1_LGD-1,gkbbjona-1,Cluster 7,0,21.31
Y1-TA-1_LGD-1,gkapmaoe-1,Cluster 16,0,41.54
Y1-TA-1_LGD-1,gimpmpmn-1,Cluster 5,0,47.41
Y1-TA-1_LGD-1,gkbbfgom-1,Cluster 12,0,18.38
Y1-TA-1_LGD-1,gkbcclgh-1,Cluster 3,0,17.57
Y1-TA-1_LGD-1,gkbambfd-1,Cluster 13,0,40.60
Y1-TA-1_LGD-1,gkbanofl-1,Cluster 13,0,36.80
Y1-TA-1_LGD-1,gkbbooib-1,Cluster 13,0,11.11
Y1-TA-1_LGD-1,gkapdgag-1,Cluster 16,0,32.24
Y1-TA-1_LGD-1,ochgkggm-1,Cluster 3,0,6.64
Y1-TA-1_LGD-1,gkbbmddd-1,Cluster 7,0,37.25
Y1-TA-1_LGD-1,gkapfoed-1,Cluster 7,0,59.92
Y1-TA-1_LGD-1,gkbbkffm-1,Cluster 7,0,44.07
Y1-TA-1_LGD-1,gkapffpf-1,Cluster 16,0,63.85
Y1-TA-1_LGD-1,gkbbdaoe-1,Cluster 3,0,17.25
Y1-TA-1_LGD-1,ginikcnm-1,Cluster 12,0,38.61
Y1-TA-1_LGD-1,gillbcok-1,Cluster 3,0,11.79
Y1-TA-1_LGD-1,ginfgmhf-1,Cluster 12,0,26.51
Y1-TA-1_LGD-1,gilgkfce-1,Cluster 5,0,148.25
Y1-TA-1_LGD-1,gilgjhbc-1,Cluster 12,0,32.33
Y1-TA-1_LGD-1,gineopbb-1,Cluster 5,0,76.18
Y1-TA-1_LGD-1,gilgjijg-1,Cluster 12,0,34.09
Y1-TA-1_LGD-1,gilhmmko-1,Cluster 2,0,55.99
Y1-TA-1_LGD-1,gilhpfaa-1,Cluster 3,0,66.79
Y1-TA-1_LGD-1,gilhphah-1,Cluster 3,0,37.57
Y1-TA-1_LGD-1,giliahjo-1,Cluster 6,0,68.95
Y1-TA-1_LGD-1,gilibbog-1,Cluster 12,0,24.25
Y1-TA-1_LGD-1,gilglcnk-1,Cluster 5,0,26.33
Y1-TA-1_LGD-1,gilhnnfa-1,Cluster 3,0,34.54
Y1-TA-1_LGD-1,ginpfggi-1,Cluster 8,0,31.02
Y1-TA-1_LGD-1,ginfkado-1,Cluster 5,0,68.05
Y1-TA-1_LGD-1,giniifmf-1,Cluster 3,0,23.66
Y1-TA-1_LGD-1,giniplmc-1,Cluster 8,0,35.45
Y1-TA-1_LGD-1,ginffpdm-1,Cluster 13,0,49.76
Y1-TA-1_LGD-1,ginhnelg-1,Cluster 8,0,60.74
Y1-TA-1_LGD-1,ginidpeh-1,Cluster 5,0,43.85
Y1-TA-1_LGD-1,ginjbfic-1,Cluster 12,0,29.76
Y1-TA-1_LGD-1,amcmdcgl-1,Cluster 3,0,38.92
Y1-TA-1_LGD-1,giniilho-1,Cluster 3,0,35.81
Y1-TA-1_LGD-1,amddanaf-1,Cluster 17,0,97.27
Y1-TA-1_LGD-1,amddabfm-1,Cluster 3,0,35.76
Y1-TA-1_LGD-1,ginfopkc-1,Cluster 5,0,25.02
Y1-TA-1_LGD-1,ginpibke-1,Cluster 8,0,34.45
Y1-TA-1_LGD-1,amdcncch-1,Cluster 8,0,48.45
Y1-TA-1_LGD-1,ginhmkep-1,Cluster 12,0,26.28
Y1-TA-1_LGD-1,ginfebcd-1,Cluster 12,0,25.47
Y1-TA-1_LGD-1,ginflpbe-1,Cluster 5,0,21.45
Y1-TA-1_LGD-1,ginopjpi-1,Cluster 8,0,24.43
Y1-TA-1_LGD-1,ginfbmho-1,Cluster 5,0,50.62
Y1-TA-1_LGD-1,ginpgiof-1,Cluster 3,0,22.22
Y1-TA-1_LGD-1,ginpfahe-1,Cluster 12,0,29.40
Y1-TA-1_LGD-1,ginmnffm-1,Cluster 16,0,49.13
Y1-TA-1_LGD-1,amdbjbma-1,Cluster 1,0,53.10
Y1-TA-1_LGD-1,ginocodp-1,Cluster 12,0,10.97
Y1-TA-1_LGD-1,ginmmgln-1,Cluster 8,0,28.00
Y1-TA-1_LGD-1,ginnlkaf-1,Cluster 5,0,77.85
Y1-TA-1_LGD-1,gioafhad-1,Cluster 8,0,21.18
Y1-TA-1_LGD-1,ginohfpm-1,Cluster 8,0,29.76
Y1-TA-1_LGD-1,ginnjgne-1,Cluster 7,0,60.19
Y1-TA-1_LGD-1,gioaelcj-1,Cluster 8,0,17.57
Y1-TA-1_LGD-1,ocglgbkd-1,Cluster 3,0,25.56
Y1-TA-1_LGD-1,ginniffk-1,Cluster 8,0,140.75
Y1-TA-1_LGD-1,gimpmoef-1,Cluster 7,0,57.94
Y1-TA-1_LGD-1,ginaojhe-1,Cluster 17,0,21.13
Y1-TA-1_LGD-1,ocglhifl-1,Cluster 3,0,35.58
Y1-TA-1_LGD-1,amcomhfg-1,Cluster 5,0,58.97
Y1-TA-1_LGD-1,gkbciakn-1,Cluster 17,0,70.71
Y1-TA-1_LGD-1,amcnlfhj-1,Cluster 2,0,72.66
Y1-TA-1_LGD-1,gimmobic-1,Cluster 16,0,19.19
Y1-TA-1_LGD-1,gimmlgmm-1,Cluster 8,0,120.97
Y1-TA-1_LGD-1,ginoicho-1,Cluster 8,0,76.27
Y1-TA-1_LGD-1,ginoijdd-1,Cluster 5,0,64.66
Y1-TA-1_LGD-1,ginbbdha-1,Cluster 6,0,125.76
Y1-TA-1_LGD-1,amcnjdmd-1,Cluster 6,0,73.83
Y1-TA-1_LGD-1,gimpcnmi-1,Cluster 1,0,47.50
Y1-TA-1_LGD-1,amcneoep-1,Cluster 2,0,72.34
Y1-TA-1_LGD-1,ginnmanp-1,Cluster 17,0,47.82
Y1-TA-1_LGD-1,ocglipka-1,Cluster 8,0,10.97
Y1-TA-1_LGD-1,amcolgdk-1,Cluster 12,0,20.77
Y1-TA-1_LGD-1,ginojjnl-1,Cluster 12,0,35.40
Y1-TA-1_LGD-1,amcnmnek-1,Cluster 21,0,46.87
Y1-TA-1_LGD-1,gimpphoj-1,Cluster 3,0,23.89
Y1-TA-1_LGD-1,ginaoimm-1,Cluster 6,0,82.46
Y1-TA-1_LGD-1,gimpkcmn-1,Cluster 16,0,69.86
Y1-TA-1_LGD-1,ginakmei-1,Cluster 2,0,48.99
Y1-TA-1_LGD-1,ginaoilk-1,Cluster 6,0,81.91
Y1-TA-1_LGD-1,ginamhbn-1,Cluster 2,0,79.70
Y1-TA-1_LGD-1,gimpjonn-1,Cluster 13,0,33.33
Y1-TA-1_LGD-1,gilknmhh-1,Cluster 3,0,59.88
Y1-TA-1_LGD-1,gineoamm-1,Cluster 21,0,76.00
Y1-TA-1_LGD-1,amdcjngg-1,Cluster 17,0,33.78
Y1-TA-1_LGD-1,amdcpgoj-1,Cluster 2,0,59.70
Y1-TA-1_LGD-1,amddcblo-1,Cluster 2,0,42.36
Y1-TA-1_LGD-1,gimldeem-1,Cluster 17,0,88.51
Y1-TA-1_LGD-1,amddcgjj-1,Cluster 18,0,55.95
Y1-TA-1_LGD-1,coeegfbk-1,Cluster 6,0,46.47
Y1-TA-1_LGD-1,gimoofgg-1,Cluster 12,0,20.05
Y1-TA-1_LGD-1,coeeccho-1,Cluster 1,0,53.74
Y1-TA-1_LGD-1,amdbmpbk-1,Cluster 17,0,47.96
Y1-TA-1_LGD-1,gimlckid-1,Cluster 6,0,33.33
Y1-TA-1_LGD-1,ginaefmf-1,Cluster 3,0,11.51
Y1-TA-1_LGD-1,gimppoof-1,Cluster 3,0,29.53
Y1-TA-1_LGD-1,gimmbmkg-1,Cluster 17,0,59.79
Y1-TA-1_LGD-1,gimmdoci-1,Cluster 2,0,250.08
Y1-TA-1_LGD-1,gimmocmb-1,Cluster 3,0,34.14
Y1-TA-1_LGD-1,amdbmjdh-1,Cluster 17,0,28.72
Y1-TA-1_LGD-1,gimmbnpd-1,Cluster 3,0,23.98
Y1-TA-1_LGD-1,amdceagg-1,Cluster 19,0,49.99
Y1-TA-1_LGD-1,gimlpfij-1,Cluster 3,0,68.95
Y1-TA-1_LGD-1,amdcehgi-1,Cluster 2,0,66.11
Y1-TA-1_LGD-1,gimnbhfi-1,Cluster 17,0,50.62
Y1-TA-1_LGD-1,ginnalkh-1,Cluster 5,0,59.20
Y1-TA-1_LGD-1,ginfgdfc-1,Cluster 5,0,74.96
Y1-TA-1_LGD-1,ginacgbi-1,Cluster 5,0,24.66
Y1-TA-1_LGD-1,ginolkgl-1,Cluster 5,0,38.29
Y1-TA-1_LGD-1,gimmojkb-1,Cluster 3,0,32.60
Y1-TA-1_LGD-1,ginnbdom-1,Cluster 3,0,19.33
Y1-TA-1_LGD-1,ginnanhc-1,Cluster 8,0,62.59
Y1-TA-1_LGD-1,gimmikga-1,Cluster 3,0,71.84
Y1-TA-1_LGD-1,ginmkjdn-1,Cluster 3,0,17.11
Y1-TA-1_LGD-1,ginmpjcl-1,Cluster 8,0,47.87
Y1-TA-1_LGD-1,ginnggfb-1,Cluster 13,0,66.29
Y1-TA-1_LGD-1,ginmobai-1,Cluster 13,0,41.14
Y1-TA-1_LGD-1,gilfojdi-1,Cluster 3,0,65.16
Y1-TA-1_LGD-1,gimmgbln-1,Cluster 17,0,39.51
Y1-TA-1_LGD-1,gimllonf-1,Cluster 6,0,60.60
Y1-TA-1_LGD-1,gimikppl-1,Cluster 6,0,23.93
Y1-TA-1_LGD-1,gimlkfhl-1,Cluster 2,0,33.10
Y1-TA-1_LGD-1,gimmfkjh-1,Cluster 3,0,60.96
Y1-TA-1_LGD-1,gillepfh-1,Cluster 17,0,72.97
Y1-TA-1_LGD-1,gimlicaa-1,Cluster 6,0,36.71
Y1-TA-1_LGD-1,gimllggc-1,Cluster 2,0,140.35
Y1-TA-1_LGD-1,coedgeah-1,Cluster 2,0,56.54
Y1-TA-1_LGD-1,gimmgfmj-1,Cluster 17,0,26.01
Y1-TA-1_LGD-1,ggnahnhe-1,Cluster 3,0,9.89
Y1-TA-1_LGD-1,ghnnalbi-1,Cluster 13,0,18.15
Y1-TA-1_LGD-1,ghnmmdee-1,Cluster 3,0,12.91
Y1-TA-1_LGD-1,ggllgmmc-1,Cluster 12,0,65.03
Y1-TA-1_LGD-1,ghnmkojj-1,Cluster 3,0,17.48
Y1-TA-1_LGD-1,gglnoeeo-1,Unassigned,0,15.58
Y1-TA-1_LGD-1,ghnmlogj-1,Cluster 3,0,35.00
Y1-TA-1_LGD-1,gglmjebn-1,Cluster 8,0,37.30
Y1-TA-1_LGD-1,cllcndid-1,Cluster 1,0,51.25
Y1-TA-1_LGD-1,ghnkfnfp-1,Cluster 3,0,16.71
Y1-TA-1_LGD-1,gjongidf-1,Cluster 3,0,16.39
Y1-TA-1_LGD-1,gjonfope-1,Cluster 3,0,22.26
Y1-TA-1_LGD-1,gjompnoh-1,Cluster 3,0,23.80
Y1-TA-1_LGD-1,ochdpofg-1,Cluster 3,0,20.37
Y1-TA-1_LGD-1,gjomomko-1,Cluster 7,0,42.99
Y1-TA-1_LGD-1,gjpiioao-1,Cluster 5,0,56.85
Y1-TA-1_LGD-1,gglkdpja-1,Cluster 13,0,47.32
Y1-TA-1_LGD-1,gglmnhoj-1,Cluster 12,0,29.17
Y1-TA-1_LGD-1,cllcdbhg-1,Cluster 1,0,47.32
Y1-TA-1_LGD-1,gglkpkdn-1,Cluster 12,0,53.37
Y1-TA-1_LGD-1,gglmlbbo-1,Cluster 3,0,20.77
Y1-TA-1_LGD-1,gglmmjfn-1,Cluster 7,0,43.89
Y1-TA-1_LGD-1,gglnlnfp-1,Cluster 5,0,16.21
Y1-TA-1_LGD-1,gglkmpad-1,Cluster 13,0,30.80
Y1-TA-1_LGD-1,gglnlkhe-1,Cluster 8,0,65.75
Y1-TA-1_LGD-1,gglnjian-1,Cluster 1,0,57.48
Y1-TA-1_LGD-1,gglkmmbi-1,Cluster 12,0,30.21
Y1-TA-1_LGD-1,gglmnjeh-1,Cluster 3,0,23.35
Y1-TA-1_LGD-1,gglmnpnf-1,Cluster 12,0,26.42
Y1-TA-1_LGD-1,cllclgnm-1,Cluster 1,0,45.47
Y1-TA-1_LGD-1,gglkojom-1,Cluster 3,0,26.96
Y1-TA-1_LGD-1,gglkpapl-1,Cluster 3,0,8.53
Y1-TA-1_LGD-1,ggllpfii-1,Cluster 3,0,18.51
Y1-TA-1_LGD-1,gglmfpce-1,Cluster 3,0,23.66
Y1-TA-1_LGD-1,gglkkcef-1,Cluster 5,0,50.08
Y1-TA-1_LGD-1,gglmaolf-1,Cluster 7,0,46.10
Y1-TA-1_LGD-1,gglmgjdc-1,Cluster 12,0,26.64
Y1-TA-1_LGD-1,gglmjncm-1,Cluster 3,0,35.49
Y1-TA-1_LGD-1,gglgdldk-1,Cluster 3,0,14.18
Y1-TA-1_LGD-1,ggllmmpc-1,Cluster 3,0,19.19
Y1-TA-1_LGD-1,gjomgnii-1,Cluster 7,0,32.06
Y1-TA-1_LGD-1,gjomhonh-1,Cluster 3,0,37.03
Y1-TA-1_LGD-1,gglkpagf-1,Cluster 3,0,26.78
Y1-TA-1_LGD-1,gglkolgf-1,Cluster 12,0,20.14
Y1-TA-1_LGD-1,gjommdgl-1,Cluster 1,0,57.35
Y1-TA-1_LGD-1,clldpcnm-1,Cluster 12,0,47.87
Y1-TA-1_LGD-1,gjonfijb-1,Cluster 7,0,29.71
Y1-TA-1_LGD-1,gglgbdli-1,Cluster 3,0,40.46
Y1-TA-1_LGD-1,ggllgnph-1,Cluster 3,0,32.65
Y1-TA-1_LGD-1,gglllhhg-1,Cluster 3,0,24.75
Y1-TA-1_LGD-1,gjpejagl-1,Cluster 5,0,54.19
Y1-TA-1_LGD-1,gjpdfock-1,Cluster 3,0,56.04
Y1-TA-1_LGD-1,ochedelm-1,Cluster 3,0,17.20
Y1-TA-1_LGD-1,gjpdgidh-1,Cluster 5,0,71.12
Y1-TA-1_LGD-1,gjpdiekm-1,Cluster 3,0,25.06
Y1-TA-1_LGD-1,gjpdgckf-1,Cluster 7,0,35.31
Y1-TA-1_LGD-1,gjpeebko-1,Cluster 3,0,33.82
Y1-TA-1_LGD-1,gjpdpokg-1,Cluster 7,0,11.51
Y1-TA-1_LGD-1,gjphfcoc-1,Cluster 12,0,22.80
Y1-TA-1_LGD-1,gjphfnfl-1,Cluster 5,0,39.38
Y1-TA-1_LGD-1,gjpiifbg-1,Cluster 1,0,38.43
Y1-TA-1_LGD-1,gjpggkmc-1,Cluster 7,0,31.56
Y1-TA-1_LGD-1,gjpgolio-1,Cluster 3,0,22.31
Y1-TA-1_LGD-1,ocheincc-1,Cluster 3,0,28.95
Y1-TA-1_LGD-1,gjphllhb-1,Cluster 3,0,18.51
Y1-TA-1_LGD-1,gjpinfaj-1,Cluster 3,0,24.02
Y1-TA-1_LGD-1,gjphhlfo-1,Cluster 8,0,48.72
Y1-TA-1_LGD-1,gjpihdkj-1,Cluster 7,0,56.04
Y1-TA-1_LGD-1,clldgmcb-1,Cluster 3,0,43.08
Y1-TA-1_LGD-1,gjpijcee-1,Cluster 12,0,40.69
Y1-TA-1_LGD-1,gjpgglff-1,Cluster 7,0,46.60
Y1-TA-1_LGD-1,gjpgmopc-1,Cluster 3,0,11.83
Y1-TA-1_LGD-1,gjpghile-1,Cluster 3,0,15.31
Y1-TA-1_LGD-1,gjpekclm-1,Cluster 3,0,54.64
Y1-TA-1_LGD-1,gjphbpmb-1,Cluster 3,0,20.14
Y1-TA-1_LGD-1,gjphejdh-1,Cluster 13,0,52.88
Y1-TA-1_LGD-1,ggldelpd-1,Cluster 3,0,50.26
Y1-TA-1_LGD-1,gglmogig-1,Cluster 1,0,39.51
Y1-TA-1_LGD-1,ggldmmig-1,Cluster 6,0,19.82
Y1-TA-1_LGD-1,codpmmln-1,Cluster 6,0,43.76
Y1-TA-1_LGD-1,ggldipid-1,Cluster 17,0,14.72
Y1-TA-1_LGD-1,gglddicf-1,Cluster 3,0,12.33
Y1-TA-1_LGD-1,ggldcgag-1,Cluster 17,0,29.31
Y1-TA-1_LGD-1,gglngbnh-1,Cluster 8,0,46.33
Y1-TA-1_LGD-1,codplbgi-1,Cluster 1,0,42.09
Y1-TA-1_LGD-1,gglgjoje-1,Cluster 5,0,45.38
Y1-TA-1_LGD-1,gglngiha-1,Cluster 8,0,44.61
Y1-TA-1_LGD-1,gglggnoc-1,Cluster 12,0,63.08
Y1-TA-1_LGD-1,gglgkbcl-1,Cluster 8,0,44.80
Y1-TA-1_LGD-1,ggllclci-1,Cluster 7,0,68.59
Y1-TA-1_LGD-1,ggllbdkl-1,Cluster 12,0,31.52
Y1-TA-1_LGD-1,ggllabji-1,Cluster 3,0,14.77
Y1-TA-1_LGD-1,gglfiena-1,Cluster 12,0,47.73
Y1-TA-1_LGD-1,gglgiook-1,Cluster 3,0,26.51
Y1-TA-1_LGD-1,gglggmag-1,Unassigned,0,17.75
Y1-TA-1_LGD-1,gglgegdg-1,Cluster 3,0,18.51
Y1-TA-1_LGD-1,gglfgpdp-1,Cluster 5,0,33.60
Y1-TA-1_LGD-1,clldimai-1,Cluster 3,0,38.20
Y1-TA-1_LGD-1,ocfneapi-1,Cluster 3,0,37.66
Y1-TA-1_LGD-1,gglgemnh-1,Cluster 3,0,36.85
Y1-TA-1_LGD-1,gglggidl-1,Cluster 3,0,24.79
Y1-TA-1_LGD-1,gglflffh-1,Cluster 12,0,44.84
Y1-TA-1_LGD-1,gglficbd-1,Cluster 5,0,36.22
Y1-TA-1_LGD-1,ggllbagd-1,Cluster 3,0,39.65
Y1-TA-1_LGD-1,ocfncgbp-1,Cluster 3,0,17.34
Y1-TA-1_LGD-1,gglflipo-1,Cluster 5,0,62.36
Y1-TA-1_LGD-1,gglfpblf-1,Cluster 13,0,89.77
Y1-TA-1_LGD-1,clkocjoh-1,Cluster 1,0,48.50
Y1-TA-1_LGD-1,gglfjkih-1,Cluster 3,0,18.60
Y1-TA-1_LGD-1,gjpeiijh-1,Cluster 1,0,46.51
Y1-TA-1_LGD-1,ocheicch-1,Cluster 3,0,26.82
Y1-TA-1_LGD-1,gjnjmicd-1,Cluster 3,0,25.02
Y1-TA-1_LGD-1,cllblgfe-1,Cluster 1,0,54.28
Y1-TA-1_LGD-1,gjngifgl-1,Cluster 5,0,20.23
Y1-TA-1_LGD-1,cllbopmb-1,Cluster 1,0,36.31
Y1-TA-1_LGD-1,gjngoien-1,Cluster 13,0,32.83
Y1-TA-1_LGD-1,gjngnoli-1,Cluster 7,0,41.41
Y1-TA-1_LGD-1,gjnffchc-1,Cluster 7,0,44.89
Y1-TA-1_LGD-1,gjnddibl-1,Cluster 1,0,39.42
Y1-TA-1_LGD-1,gjndeldb-1,Cluster 7,0,31.97
Y1-TA-1_LGD-1,gjnkkpeb-1,Cluster 12,0,72.07
Y1-TA-1_LGD-1,gjndanjn-1,Cluster 16,0,80.69
Y1-TA-1_LGD-1,gjnfbbjn-1,Cluster 12,0,50.21
Y1-TA-1_LGD-1,gjnfcega-1,Cluster 3,0,17.34
Y1-TA-1_LGD-1,gjnfmhcm-1,Cluster 3,0,11.42
Y1-TA-1_LGD-1,gjnefodf-1,Cluster 8,0,103.72
Y1-TA-1_LGD-1,gjnfbggj-1,Cluster 5,0,25.15
Y1-TA-1_LGD-1,gjnegbic-1,Cluster 1,0,34.18
Y1-TA-1_LGD-1,gjngcpbf-1,Unassigned,0,8.13
Y1-TA-1_LGD-1,gjnebobj-1,Cluster 3,0,15.62
Y1-TA-1_LGD-1,clncaggf-1,Cluster 12,0,75.46
Y1-TA-1_LGD-1,gjnebebb-1,Cluster 7,0,31.11
Y1-TA-1_LGD-1,gjndmpkc-1,Cluster 16,0,36.49
Y1-TA-1_LGD-1,gjnganek-1,Cluster 7,0,34.68
Y1-TA-1_LGD-1,gjngbecm-1,Cluster 8,0,35.31
Y1-TA-1_LGD-1,gjnfdmdo-1,Cluster 3,0,17.70
Y1-TA-1_LGD-1,cllahfkl-1,Cluster 8,0,62.72
Y1-TA-1_LGD-1,gjnfncdi-1,Cluster 8,0,60.42
Y1-TA-1_LGD-1,cllakgna-1,Cluster 1,0,38.88
Y1-TA-1_LGD-1,gjnejmok-1,Cluster 16,0,35.22
Y1-TA-1_LGD-1,gjnehepe-1,Cluster 8,0,96.18
Y1-TA-1_LGD-1,gjegnmkm-1,Cluster 1,0,50.98
Y1-TA-1_LGD-1,clkmcoom-1,Cluster 2,0,95.28
Y1-TA-1_LGD-1,gjnecgmh-1,Cluster 5,0,97.13
Y1-TA-1_LGD-1,gjnechcj-1,Cluster 13,0,79.97
Y1-TA-1_LGD-1,clkpkgcp-1,Cluster 2,0,84.62
Y1-TA-1_LGD-1,gjmomgml-1,Cluster 6,0,107.16
Y1-TA-1_LGD-1,clkopipn-1,Cluster 2,0,88.51
Y1-TA-1_LGD-1,clkoplgg-1,Cluster 2,0,85.48
Y1-TA-1_LGD-1,clkolcce-1,Cluster 6,0,102.64
Y1-TA-1_LGD-1,gjmolhip-1,Cluster 12,0,151.18
Y1-TA-1_LGD-1,gjnefjpe-1,Cluster 2,0,97.36
Y1-TA-1_LGD-1,gjmpaplb-1,Cluster 12,0,36.62
Y1-TA-1_LGD-1,gjpedkbl-1,Cluster 8,0,44.07
Y1-TA-1_LGD-1,gjmofghj-1,Cluster 1,0,30.71
Y1-TA-1_LGD-1,clkmbipb-1,Cluster 2,0,74.82
Y1-TA-1_LGD-1,clkopfej-1,Cluster 2,0,64.39
Y1-TA-1_LGD-1,gjphggjo-1,Cluster 12,0,46.42
Y1-TA-1_LGD-1,cllaelfc-1,Cluster 2,0,89.00
Y1-TA-1_LGD-1,gjphglen-1,Cluster 17,0,42.00
Y1-TA-1_LGD-1,cllacmfd-1,Cluster 2,0,93.61
Y1-TA-1_LGD-1,gjpfaflp-1,Cluster 8,0,24.02
Y1-TA-1_LGD-1,clklaioo-1,Cluster 2,0,69.59
Y1-TA-1_LGD-1,clklenpj-1,Cluster 2,0,55.86
Y1-TA-1_LGD-1,clkpipbo-1,Cluster 2,0,96.59
Y1-TA-1_LGD-1,gjpfmjcf-1,Cluster 8,0,46.42
Y1-TA-1_LGD-1,gjmpcifb-1,Cluster 5,0,50.67
Y1-TA-1_LGD-1,gjpekfpb-1,Cluster 1,0,44.80
Y1-TA-1_LGD-1,clkpjmdj-1,Cluster 2,0,87.83
Y1-TA-1_LGD-1,gjpfoejn-1,Cluster 8,0,20.86
Y1-TA-1_LGD-1,clkkoice-1,Cluster 6,0,45.11
Y1-TA-1_LGD-1,clkpbaaf-1,Cluster 5,0,39.38
Y1-TA-1_LGD-1,gjmpcche-1,Cluster 1,0,43.40
Y1-TA-1_LGD-1,clkpbjpf-1,Cluster 1,0,46.78
Y1-TA-1_LGD-1,gjpffnbi-1,Cluster 13,0,65.48
Y1-TA-1_LGD-1,clkpcngm-1,Cluster 8,0,62.54
Y1-TA-1_LGD-1,clkpehjc-1,Cluster 1,0,48.23
Y1-TA-1_LGD-1,gjnhjogc-1,Cluster 12,0,18.74
Y1-TA-1_LGD-1,codnkmkn-1,Cluster 1,0,36.94
Y1-TA-1_LGD-1,clknibii-1,Cluster 21,0,51.12
Y1-TA-1_LGD-1,gglcpadh-1,Cluster 17,0,38.52
Y1-TA-1_LGD-1,clkoefbb-1,Cluster 21,0,70.53
Y1-TA-1_LGD-1,gglegjcc-1,Cluster 5,0,16.80
Y1-TA-1_LGD-1,clknhfhe-1,Cluster 21,0,80.51
Y1-TA-1_LGD-1,gglehgpl-1,Cluster 3,0,22.44
Y1-TA-1_LGD-1,clkmojlm-1,Cluster 2,0,61.86
Y1-TA-1_LGD-1,ggldpodo-1,Cluster 6,0,57.66
Y1-TA-1_LGD-1,clkolabb-1,Cluster 2,0,68.91
Y1-TA-1_LGD-1,clkobjod-1,Cluster 2,0,99.30
Y1-TA-1_LGD-1,clkncmjm-1,Cluster 21,0,54.23
Y1-TA-1_LGD-1,clknebkh-1,Cluster 18,0,78.44
Y1-TA-1_LGD-1,clkoagih-1,Cluster 2,0,60.10
Y1-TA-1_LGD-1,clkoacbc-1,Cluster 2,0,47.14
Y1-TA-1_LGD-1,codinkjd-1,Cluster 2,0,87.92
Y1-TA-1_LGD-1,codiohie-1,Cluster 2,0,80.24
Y1-TA-1_LGD-1,clkoebnc-1,Cluster 21,0,59.79
Y1-TA-1_LGD-1,ggledjii-1,Cluster 2,0,82.59
Y1-TA-1_LGD-1,clkoibkl-1,Cluster 2,0,47.96
Y1-TA-1_LGD-1,gglegbii-1,Cluster 1,0,26.15
Y1-TA-1_LGD-1,gglejbli-1,Cluster 5,0,48.18
Y1-TA-1_LGD-1,clknbead-1,Cluster 2,0,26.42
Y1-TA-1_LGD-1,clkncljd-1,Cluster 6,0,21.40
Y1-TA-1_LGD-1,clkodblf-1,Cluster 1,0,33.60
Y1-TA-1_LGD-1,clkmmkia-1,Cluster 21,0,64.35
Y1-TA-1_LGD-1,gglemdoi-1,Cluster 6,0,46.92
Y1-TA-1_LGD-1,clkocbhi-1,Cluster 1,0,45.61
Y1-TA-1_LGD-1,gjpefojd-1,Cluster 7,0,67.06
Y1-TA-1_LGD-1,clkmbnoe-1,Cluster 2,0,48.95
Y1-TA-1_LGD-1,gjmpjjgf-1,Cluster 13,0,60.06
Y1-TA-1_LGD-1,gjpddmga-1,Cluster 5,0,31.65
Y1-TA-1_LGD-1,gjpdfcgp-1,Cluster 1,0,41.00
Y1-TA-1_LGD-1,gjmpcmbp-1,Cluster 12,0,70.76
Y1-TA-1_LGD-1,gjneepif-1,Cluster 12,0,43.89
Y1-TA-1_LGD-1,gjmocebo-1,Cluster 7,0,37.16
Y1-TA-1_LGD-1,gjmogdih-1,Cluster 6,0,68.37
Y1-TA-1_LGD-1,clklhehl-1,Cluster 2,0,76.13
Y1-TA-1_LGD-1,gjmnpjpi-1,Cluster 5,0,62.77
Y1-TA-1_LGD-1,gjmnhhel-1,Cluster 16,0,35.36
Y1-TA-1_LGD-1,gjnmcbki-1,Cluster 7,0,85.39
Y1-TA-1_LGD-1,clklghpk-1,Cluster 2,0,69.68
Y1-TA-1_LGD-1,gjnaeace-1,Cluster 3,0,19.73
Y1-TA-1_LGD-1,gjmpmepj-1,Cluster 3,0,18.83
Y1-TA-1_LGD-1,cllcbofp-1,Cluster 2,0,31.70
Y1-TA-1_LGD-1,cllcbejo-1,Cluster 2,0,29.13
Y1-TA-1_LGD-1,gjmpclab-1,Cluster 17,0,25.06
Y1-TA-1_LGD-1,clklipee-1,Cluster 3,0,20.73
Y1-TA-1_LGD-1,cllcccgh-1,Cluster 3,0,33.28
Y1-TA-1_LGD-1,cllcbfpl-1,Cluster 2,0,30.30
Y1-TA-1_LGD-1,cllccmcf-1,Cluster 2,0,29.26
Y1-TA-1_LGD-1,cllcande-1,Cluster 3,0,21.22
Y1-TA-1_LGD-1,clkliboj-1,Cluster 2,0,71.93
Y1-TA-1_LGD-1,clkkkokl-1,Cluster 2,0,61.95
Y1-TA-1_LGD-1,cllcckbd-1,Cluster 2,0,24.38
Y1-TA-1_LGD-1,cllccdkg-1,Cluster 21,0,43.89
Y1-TA-1_LGD-1,gjnkfpff-1,Cluster 3,0,21.04
Y1-TA-1_LGD-1,cllapifm-1,Cluster 2,0,56.90
Y1-TA-1_LGD-1,gjnacanj-1,Cluster 21,0,44.52
Y1-TA-1_LGD-1,gjnjnamj-1,Cluster 3,0,12.46
Y1-TA-1_LGD-1,cllbjlgb-1,Cluster 3,0,37.21
Y1-TA-1_LGD-1,cllbjjgm-1,Cluster 21,0,35.40
Y1-TA-1_LGD-1,gjnaabkc-1,Cluster 5,0,48.63
Y1-TA-1_LGD-1,cllcakme-1,Cluster 2,0,74.19
Y1-TA-1_LGD-1,cllbkkgi-1,Cluster 2,0,36.94
Y1-TA-1_LGD-1,cllahagn-1,Cluster 2,0,53.10
Y1-TA-1_LGD-1,cllbiaoa-1,Cluster 3,0,27.05
Y1-TA-1_LGD-1,cllanmeh-1,Cluster 2,0,36.40
Y1-TA-1_LGD-1,gjnjmpfd-1,Cluster 3,0,13.05
Y1-TA-1_LGD-1,cllapbbg-1,Cluster 21,0,30.07
Y1-TA-1_LGD-1,cllbiidk-1,Cluster 3,0,15.31
Y1-TA-1_LGD-1,gjnkkppl-1,Cluster 3,0,13.50
Y1-TA-1_LGD-1,gglfbmeo-1,Cluster 1,0,36.94
Y1-TA-1_LGD-1,gjnikbnc-1,Cluster 6,0,55.59
Y1-TA-1_LGD-1,clkmggna-1,Cluster 21,0,72.88
Y1-TA-1_LGD-1,gjmpkkmi-1,Cluster 5,0,33.28
Y1-TA-1_LGD-1,clkmnhke-1,Cluster 21,0,76.18
Y1-TA-1_LGD-1,clkmlhmk-1,Cluster 21,0,99.61
Y1-TA-1_LGD-1,gglepbpj-1,Cluster 6,0,16.39
Y1-TA-1_LGD-1,clkmfkoe-1,Cluster 2,0,106.43
Y1-TA-1_LGD-1,codjdifn-1,Cluster 14,0,122.06
Y1-TA-1_LGD-1,clkmdojh-1,Cluster 2,0,45.16
Y1-TA-1_LGD-1,gjmndbfo-1,Cluster 6,0,60.42
Y1-TA-1_LGD-1,gglogina-1,Cluster 20,0,47.46
Y1-TA-1_LGD-1,gglendjj-1,Cluster 3,0,33.14
Y1-TA-1_LGD-1,clkkcabm-1,Cluster 18,0,114.83
Y1-TA-1_LGD-1,ggmadjih-1,Cluster 18,0,46.83
Y1-TA-1_LGD-1,codjnhhm-1,Cluster 6,0,42.45
Y1-TA-1_LGD-1,ggleppld-1,Cluster 2,0,120.93
Y1-TA-1_LGD-1,clkkhkjk-1,Cluster 2,0,31.16
Y1-TA-1_LGD-1,clkljfkp-1,Cluster 19,0,60.64
Y1-TA-1_LGD-1,clkkkjmd-1,Cluster 18,0,82.55
Y1-TA-1_LGD-1,gglfceoe-1,Cluster 6,0,97.00
Y1-TA-1_LGD-1,clkkfonl-1,Cluster 2,0,115.46
Y1-TA-1_LGD-1,clklnibg-1,Cluster 6,0,35.36
Y1-TA-1_LGD-1,clkkfcfj-1,Cluster 18,0,104.22
Y1-TA-1_LGD-1,gjmnginl-1,Cluster 16,0,31.25
Y1-TA-1_LGD-1,clklllee-1,Cluster 2,0,66.47
Y1-TA-1_LGD-1,gjmnddho-1,Cluster 16,0,47.59
Y1-TA-1_LGD-1,gjnljpie-1,Cluster 17,0,48.86
Y1-TA-1_LGD-1,gjniiidl-1,Cluster 12,0,46.60
Y1-TA-1_LGD-1,clklkjha-1,Cluster 7,0,62.54
Y1-TA-1_LGD-1,gjmoenmd-1,Cluster 5,0,29.40
Y1-TA-1_LGD-1,gjnmfmcg-1,Cluster 8,0,33.28
Y1-TA-1_LGD-1,gjmofael-1,Cluster 1,0,54.14
Y1-TA-1_LGD-1,gjmngmhf-1,Cluster 8,0,44.89
Y1-TA-1_LGD-1,clklfjma-1,Cluster 7,0,48.14
Y1-TA-1_LGD-1,gjnakkmp-1,Cluster 2,0,61.73
Y1-TA-1_LGD-1,clnbeapm-1,Cluster 3,0,36.71
Y1-TA-1_LGD-1,coliakac-1,Cluster 2,0,45.25
Y1-TA-1_LGD-1,gjnagkia-1,Cluster 6,0,154.21
Y1-TA-1_LGD-1,cllbfjho-1,Cluster 3,0,45.52
Y1-TA-1_LGD-1,gjnahfdi-1,Cluster 3,0,10.48
Y1-TA-1_LGD-1,gjnjndaf-1,Cluster 3,0,58.39
Y1-TA-1_LGD-1,gnmjkpld-1,Cluster 17,0,32.83
Y1-TA-1_LGD-1,gjekaokh-1,Cluster 1,0,18.20
Y1-TA-1_LGD-1,gjnbgpdn-1,Cluster 3,0,43.98
Y1-TA-1_LGD-1,gjndegkg-1,Cluster 5,0,48.50
Y1-TA-1_LGD-1,gjnbdeje-1,Cluster 2,0,109.28
Y1-TA-1_LGD-1,gjndgnmi-1,Cluster 12,0,66.52
Y1-TA-1_LGD-1,clnbhbmh-1,Cluster 8,0,56.63
Y1-TA-1_LGD-1,clnbpjgp-1,Cluster 21,0,68.01
Y1-TA-1_LGD-1,gjnbigel-1,Cluster 6,0,59.88
Y1-TA-1_LGD-1,gjeioiji-1,Cluster 8,0,80.56
Y1-TA-1_LGD-1,gjnbkcpj-1,Cluster 6,0,119.94
Y1-TA-1_LGD-1,gjndamap-1,Cluster 8,0,58.12
Y1-TA-1_LGD-1,gjnapdng-1,Cluster 2,0,61.05
Y1-TA-1_LGD-1,clnbepil-1,Cluster 1,0,63.76
Y1-TA-1_LGD-1,gjejdgkm-1,Cluster 8,0,40.28
Y1-TA-1_LGD-1,colgecbh-1,Cluster 2,0,72.16
Y1-TA-1_LGD-1,clnblogc-1,Cluster 2,0,53.42
Y1-TA-1_LGD-1,gjejjipa-1,Cluster 8,0,71.30
Y1-TA-1_LGD-1,colgkacp-1,Cluster 21,0,79.02
Y1-TA-1_LGD-1,gjndgjnp-1,Cluster 5,0,53.24
Y1-TA-1_LGD-1,gnmipkph-1,Cluster 3,0,13.73
Y1-TA-1_LGD-1,gnmjgabm-1,Cluster 8,0,29.67
Y1-TA-1_LGD-1,gnmjdngc-1,Cluster 16,0,40.23
Y1-TA-1_LGD-1,colfmnkf-1,Cluster 6,0,43.12
Y1-TA-1_LGD-1,gnindaie-1,Cluster 8,0,79.97
Y1-TA-1_LGD-1,gnmjenid-1,Cluster 8,0,113.61
Y1-TA-1_LGD-1,colfolnp-1,Cluster 17,0,60.96
Y1-TA-1_LGD-1,gnmlpepi-1,Cluster 3,0,31.47
Y1-TA-1_LGD-1,gnmmnojm-1,Cluster 16,0,94.20
Y1-TA-1_LGD-1,gnmmcalo-1,Cluster 2,0,147.89
Y1-TA-1_LGD-1,colfjmaf-1,Cluster 2,0,31.34
Y1-TA-1_LGD-1,gnmlpjaj-1,Cluster 3,0,15.17
Y1-TA-1_LGD-1,colfjeol-1,Cluster 6,0,40.96
Y1-TA-1_LGD-1,gnmjdmjd-1,Cluster 3,0,18.97
Y1-TA-1_LGD-1,gnmipdgp-1,Cluster 3,0,28.54
Y1-TA-1_LGD-1,gnmimjma-1,Cluster 5,0,86.56
Y1-TA-1_LGD-1,gnmkflol-1,Cluster 8,0,88.01
Y1-TA-1_LGD-1,gnmkfppp-1,Cluster 16,0,67.42
Y1-TA-1_LGD-1,colhadia-1,Cluster 18,0,216.34
Y1-TA-1_LGD-1,colgejel-1,Cluster 2,0,118.76
Y1-TA-1_LGD-1,colgbikk-1,Cluster 2,0,28.49
Y1-TA-1_LGD-1,colifiga-1,Cluster 2,0,119.03
Y1-TA-1_LGD-1,gnmkbjac-1,Cluster 6,0,19.33
Y1-TA-1_LGD-1,coliadgo-1,Cluster 2,0,23.53
Y1-TA-1_LGD-1,gnmkckip-1,Cluster 6,0,63.67
Y1-TA-1_LGD-1,gnmjkmgj-1,Cluster 6,0,49.81
Y1-TA-1_LGD-1,gnmpmokc-1,Cluster 21,0,35.81
Y1-TA-1_LGD-1,colhokmn-1,Cluster 17,0,33.64
Y1-TA-1_LGD-1,colgccgd-1,Cluster 2,0,26.01
Y1-TA-1_LGD-1,gnmmpjnm-1,Cluster 1,0,33.42
Y1-TA-1_LGD-1,colgcflh-1,Cluster 6,0,37.21
Y1-TA-1_LGD-1,colgpimj-1,Cluster 2,0,108.24
Y1-TA-1_LGD-1,colhldjn-1,Cluster 17,0,26.82
Y1-TA-1_LGD-1,colgcjdo-1,Cluster 2,0,73.97
Y1-TA-1_LGD-1,colgcmdb-1,Cluster 2,0,83.13
Y1-TA-1_LGD-1,coliahnm-1,Cluster 2,0,71.66
Y1-TA-1_LGD-1,colhgckl-1,Cluster 18,0,84.80
Y1-TA-1_LGD-1,gnmjbmob-1,Cluster 13,0,25.24
Y1-TA-1_LGD-1,colfmoli-1,Cluster 18,0,40.14
Y1-TA-1_LGD-1,colgnpcm-1,Cluster 14,0,106.88
Y1-TA-1_LGD-1,gnmndmfg-1,Cluster 16,0,61.01
Y1-TA-1_LGD-1,gnmkbmmo-1,Cluster 2,0,82.37
Y1-TA-1_LGD-1,colhgdnp-1,Cluster 2,0,52.56
Y1-TA-1_LGD-1,gnmjihdp-1,Cluster 21,0,93.97
Y1-TA-1_LGD-1,colhfiea-1,Cluster 18,0,67.92
Y1-TA-1_LGD-1,colhdakf-1,Cluster 18,0,96.95
Y1-TA-1_LGD-1,gnmmonic-1,Cluster 13,0,88.51
Y1-TA-1_LGD-1,coleibpm-1,Cluster 2,0,22.08
Y1-TA-1_LGD-1,gnmmjdml-1,Cluster 13,0,38.92
Y1-TA-1_LGD-1,gnmngpno-1,Cluster 18,0,83.00
Y1-TA-1_LGD-1,coledlpm-1,Cluster 21,0,113.03
Y1-TA-1_LGD-1,colicejk-1,Cluster 21,0,72.43
Y1-TA-1_LGD-1,gnmikmgf-1,Cluster 17,0,16.66
Y1-TA-1_LGD-1,gnmnknin-1,Cluster 3,0,24.38
Y1-TA-1_LGD-1,clkjmjne-1,Cluster 1,0,51.39
Y1-TA-1_LGD-1,gnmnlckp-1,Cluster 3,0,26.60
Y1-TA-1_LGD-1,gjnlbnol-1,Cluster 16,0,43.30
Y1-TA-1_LGD-1,gnmnipco-1,Cluster 12,0,55.50
Y1-TA-1_LGD-1,gjnlgilf-1,Cluster 16,0,52.61
Y1-TA-1_LGD-1,gjnmbmhk-1,Cluster 5,0,38.52
Y1-TA-1_LGD-1,gjnlncmc-1,Cluster 13,0,44.03
Y1-TA-1_LGD-1,gnmpooan-1,Cluster 12,0,19.87
Y1-TA-1_LGD-1,gjnldmnk-1,Cluster 16,0,27.55
Y1-TA-1_LGD-1,gjnlbnmk-1,Cluster 3,0,36.76
Y1-TA-1_LGD-1,ochcnbfi-1,Cluster 3,0,9.48
Y1-TA-1_LGD-1,gjnlaich-1,Cluster 3,0,45.83
Y1-TA-1_LGD-1,gjnkmdjh-1,Cluster 3,0,51.30
Y1-TA-1_LGD-1,gjnlnofb-1,Cluster 13,0,35.72
Y1-TA-1_LGD-1,gjnjkkln-1,Cluster 3,0,35.18
Y1-TA-1_LGD-1,gjnjjdkl-1,Cluster 2,0,44.21
Y1-TA-1_LGD-1,gjnkoack-1,Cluster 3,0,19.42
Y1-TA-1_LGD-1,gjnkmkcg-1,Cluster 3,0,78.75
Y1-TA-1_LGD-1,gnmplimj-1,Cluster 17,0,43.17
Y1-TA-1_LGD-1,gjnlahfe-1,Cluster 13,0,30.53
Y1-TA-1_LGD-1,clkjkmbc-1,Cluster 4,0,86.56
Y1-TA-1_LGD-1,gnmpjjop-1,Cluster 2,0,16.57
Y1-TA-1_LGD-1,gnmpgimk-1,Cluster 6,0,18.42
Y1-TA-1_LGD-1,gjnlalgj-1,Cluster 6,0,73.92
Y1-TA-1_LGD-1,coldeifn-1,Cluster 2,0,63.08
Y1-TA-1_LGD-1,gnmpohna-1,Cluster 12,0,40.82
Y1-TA-1_LGD-1,gnmpmahm-1,Cluster 17,0,8.40
Y1-TA-1_LGD-1,colhoaim-1,Cluster 2,0,29.98
Y1-TA-1_LGD-1,coliijmb-1,Cluster 2,0,30.44
Y1-TA-1_LGD-1,gjnambpj-1,Cluster 2,0,65.34
Y1-TA-1_LGD-1,coliidnc-1,Cluster 21,0,33.37
Y1-TA-1_LGD-1,gnmpihmp-1,Cluster 3,0,6.32
Y1-TA-1_LGD-1,coliljnf-1,Cluster 21,0,46.92
Y1-TA-1_LGD-1,cllbfoid-1,Cluster 21,0,65.97
Y1-TA-1_LGD-1,gnmpiaok-1,Cluster 3,0,26.06
Y1-TA-1_LGD-1,gnmpfjnn-1,Cluster 17,0,78.30
Y1-TA-1_LGD-1,gjnkcfld-1,Cluster 6,0,37.66
Y1-TA-1_LGD-1,clkjfcdd-1,Cluster 2,0,60.19
Y1-TA-1_LGD-1,clkioifg-1,Cluster 2,0,38.47
Y1-TA-1_LGD-1,clkilegl-1,Cluster 6,0,53.56
Y1-TA-1_LGD-1,clkiofnd-1,Cluster 2,0,62.27
Y1-TA-1_LGD-1,gglbnceb-1,Cluster 10,0,30.89
Y1-TA-1_LGD-1,clkihfhg-1,Cluster 2,0,31.02
Y1-TA-1_LGD-1,clkjdodh-1,Cluster 2,0,25.47
Y1-TA-1_LGD-1,clkihmdp-1,Cluster 18,0,73.29
Y1-TA-1_LGD-1,colkoajm-1,Cluster 18,0,61.01
Y1-TA-1_LGD-1,clkjcjpm-1,Cluster 2,0,81.78
Y1-TA-1_LGD-1,colkkckd-1,Cluster 2,0,73.70
Y1-TA-1_LGD-1,clkjplcj-1,Cluster 2,0,46.65
Y1-TA-1_LGD-1,clkjbbko-1,Cluster 2,0,50.44
Y1-TA-1_LGD-1,clkjinde-1,Cluster 10,0,102.64
Y1-TA-1_LGD-1,clkiplbk-1,Cluster 14,0,103.63
Y1-TA-1_LGD-1,clkjofpi-1,Cluster 2,0,137.95
Y1-TA-1_LGD-1,colklopc-1,Cluster 10,0,102.60
Y1-TA-1_LGD-1,colklfif-1,Cluster 2,0,173.54
Y1-TA-1_LGD-1,gglcamem-1,Cluster 14,0,71.35
Y1-TA-1_LGD-1,gjnimodl-1,Cluster 14,0,160.67
Y1-TA-1_LGD-1,gjnjinnn-1,Cluster 2,0,105.98
Y1-TA-1_LGD-1,gjnjenmj-1,Cluster 6,0,33.01
Y1-TA-1_LGD-1,gjniojol-1,Cluster 2,0,213.05
Y1-TA-1_LGD-1,gjnllgjh-1,Cluster 19,0,34.54
Y1-TA-1_LGD-1,gjnioobh-1,Cluster 6,0,55.77
Y1-TA-1_LGD-1,clkjnohp-1,Cluster 6,0,145.00
Y1-TA-1_LGD-1,gjnlkjjp-1,Cluster 2,0,97.90
Y1-TA-1_LGD-1,gnmoildn-1,Cluster 18,0,176.56
Y1-TA-1_LGD-1,gjnjfnip-1,Cluster 18,0,113.25
Y1-TA-1_LGD-1,colcmiml-1,Cluster 2,0,94.24
Y1-TA-1_LGD-1,gjnleijk-1,Cluster 6,0,50.48
Y1-TA-1_LGD-1,gjnlhagc-1,Cluster 17,0,28.18
Y1-TA-1_LGD-1,gjnkmcag-1,Cluster 6,0,32.42
Y1-TA-1_LGD-1,gnmnnnob-1,Cluster 17,0,15.71
Y1-TA-1_LGD-1,gjnklfbb-1,Cluster 6,0,110.54
Y1-TA-1_LGD-1,gnmokahn-1,Cluster 6,0,73.97
Y1-TA-1_LGD-1,gnmnhmpd-1,Cluster 18,0,39.42
Y1-TA-1_LGD-1,coldjjpl-1,Cluster 2,0,66.47
Y1-TA-1_LGD-1,gnmogekl-1,Cluster 6,0,47.69
Y1-TA-1_LGD-1,gnmoagpk-1,Cluster 19,0,67.60
Y1-TA-1_LGD-1,gnmhcmpo-1,Cluster 17,0,27.41
Y1-TA-1_LGD-1,colcomnf-1,Cluster 6,0,54.91
Y1-TA-1_LGD-1,coleaopg-1,Cluster 22,0,83.67
Y1-TA-1_LGD-1,gnmoafni-1,Cluster 17,0,59.70
Y1-TA-1_LGD-1,gnmppmoe-1,Cluster 2,0,97.54
Y1-TA-1_LGD-1,coleaaej-1,Cluster 2,0,38.02
Y1-TA-1_LGD-1,coldkhao-1,Cluster 2,0,38.97
Y1-TA-1_LGD-1,colianjg-1,Cluster 2,0,51.39
Y1-TA-1_LGD-1,colebchb-1,Cluster 2,0,29.49
Y1-TA-1_LGD-1,gnikdkka-1,Cluster 17,0,40.91
Y1-TA-1_LGD-1,coldfoel-1,Cluster 2,0,87.02
Y1-TA-1_LGD-1,gnmoiiie-1,Cluster 17,0,43.44
Y1-TA-1_LGD-1,coldfocn-1,Cluster 2,0,43.67
Y1-TA-1_LGD-1,gnmpgecc-1,Cluster 3,0,21.77
Y1-TA-1_LGD-1,coldgmfm-1,Cluster 21,0,56.26
Y1-TA-1_LGD-1,gnmpbdbj-1,Cluster 2,0,64.98
Y1-TA-1_LGD-1,gnmpnibj-1,Cluster 3,0,31.52
Y1-TA-1_LGD-1,coldemfi-1,Cluster 2,0,60.28
Y1-TA-1_LGD-1,coldijjj-1,Cluster 2,0,48.99
Y1-TA-1_LGD-1,gnmollag-1,Cluster 17,0,55.18
Y1-TA-1_LGD-1,colhmidp-1,Cluster 21,0,30.03
Y1-TA-1_LGD-1,gnmpnmij-1,Cluster 8,0,59.70
Y1-TA-1_LGD-1,colhmdlg-1,Cluster 2,0,29.58
Y1-TA-1_LGD-1,gnmomhjn-1,Cluster 6,0,18.88
Y1-TA-1_LGD-1,colhmfcn-1,Cluster 21,0,44.80
Y1-TA-1_LGD-1,gnmpdflh-1,Cluster 2,0,52.38
Y1-TA-1_LGD-1,gnmppdno-1,Cluster 2,0,23.53
Y1-TA-1_LGD-1,coliibjg-1,Cluster 2,0,85.16
Y1-TA-1_LGD-1,colddmoa-1,Cluster 3,0,41.23
Y1-TA-1_LGD-1,gnmnafok-1,Cluster 3,0,63.58
Y1-TA-1_LGD-1,colifnom-1,Cluster 2,0,64.62
Y1-TA-1_LGD-1,gnmmppdi-1,Cluster 17,0,30.66
Y1-TA-1_LGD-1,colmflnc-1,Cluster 2,0,28.76
Y1-TA-1_LGD-1,colkkfna-1,Cluster 2,0,108.01
Y1-TA-1_LGD-1,colkmnme-1,Cluster 2,0,39.78
Y1-TA-1_LGD-1,gglbghae-1,Cluster 12,0,35.81
Y1-TA-1_LGD-1,colmgkoc-1,Cluster 2,0,28.72
Y1-TA-1_LGD-1,gglbhfbf-1,Cluster 16,0,53.33
Y1-TA-1_LGD-1,colmjflb-1,Cluster 2,0,75.77
Y1-TA-1_LGD-1,gglbphjn-1,Cluster 6,0,28.63
Y1-TA-1_LGD-1,colmbaof-1,Cluster 2,0,27.77
Y1-TA-1_LGD-1,collnbbl-1,Cluster 2,0,44.75
Y1-TA-1_LGD-1,colndaha-1,Cluster 6,0,18.74
Y1-TA-1_LGD-1,gglcgoei-1,Cluster 6,0,28.22
Y1-TA-1_LGD-1,colnaamg-1,Cluster 2,0,38.11
Y1-TA-1_LGD-1,colmdjpk-1,Cluster 2,0,62.23
Y1-TA-1_LGD-1,colmbmme-1,Cluster 18,0,32.06
Y1-TA-1_LGD-1,gglccoko-1,Cluster 6,0,29.13
Y1-TA-1_LGD-1,collkbdd-1,Cluster 6,0,18.11
Y1-TA-1_LGD-1,colkjeag-1,Cluster 12,0,41.23
Y1-TA-1_LGD-1,colnahkp-1,Cluster 17,0,25.20
Y1-TA-1_LGD-1,ggnaaodc-1,Cluster 2,0,79.34
Y1-TA-1_LGD-1,gglbolcg-1,Cluster 18,0,122.96
Y1-TA-1_LGD-1,ggnadfam-1,Cluster 2,0,49.08
Y1-TA-1_LGD-1,colcldjl-1,Cluster 2,0,109.19
Y1-TA-1_LGD-1,gglcalfd-1,Cluster 14,0,149.83
Y1-TA-1_LGD-1,colmibfn-1,Cluster 14,0,37.43
Y1-TA-1_LGD-1,combalep-1,Cluster 2,0,32.47
Y1-TA-1_LGD-1,gnmhfopi-1,Cluster 3,0,33.28
Y1-TA-1_LGD-1,gglcahcp-1,Cluster 10,0,115.06
Y1-TA-1_LGD-1,gnijmkjl-1,Cluster 6,0,84.58
Y1-TA-1_LGD-1,collhfde-1,Cluster 2,0,82.46
Y1-TA-1_LGD-1,colldglg-1,Cluster 2,0,26.19
Y1-TA-1_LGD-1,colljlmo-1,Cluster 2,0,31.25
Y1-TA-1_LGD-1,gglcieph-1,Cluster 3,0,74.55
Y1-TA-1_LGD-1,gnmhhajm-1,Cluster 17,0,30.98
Y1-TA-1_LGD-1,colecfhd-1,Cluster 2,0,42.99
Y1-TA-1_LGD-1,cocbkejm-1,Cluster 18,0,39.20
Y1-TA-1_LGD-1,ghonigen-1,Cluster 3,0,32.02
Y1-TA-1_LGD-1,codmgkbc-1,Cluster 2,0,33.14
Y1-TA-1_LGD-1,ghoiepch-1,Cluster 13,0,105.49
Y1-TA-1_LGD-1,ghnppaee-1,Cluster 5,0,34.68
Y1-TA-1_LGD-1,ghmpfhdb-1,Cluster 1,0,43.85
Y1-TA-1_LGD-1,coeiabgi-1,Cluster 3,0,41.95
Y1-TA-1_LGD-1,ghmpdmid-1,Cluster 3,0,38.83
Y1-TA-1_LGD-1,ghmpgdah-1,Cluster 1,0,45.52
Y1-TA-1_LGD-1,ghmpgkcn-1,Cluster 12,0,34.18
Y1-TA-1_LGD-1,coehldda-1,Cluster 13,0,50.98
Y1-TA-1_LGD-1,ghmoafak-1,Cluster 3,0,14.50
Y1-TA-1_LGD-1,ghmpbmnj-1,Cluster 5,0,58.84
Y1-TA-1_LGD-1,ghmomlje-1,Cluster 13,0,47.23
Y1-TA-1_LGD-1,ghmpdhkm-1,Cluster 13,0,37.84
Y1-TA-1_LGD-1,ghmofcge-1,Cluster 3,0,30.71
Y1-TA-1_LGD-1,ghmolkfn-1,Cluster 5,0,18.51
Y1-TA-1_LGD-1,ghoboibi-1,Cluster 13,0,39.33
Y1-TA-1_LGD-1,gjjnaoeg-1,Cluster 20,0,31.11
Y1-TA-1_LGD-1,ghnoocob-1,Cluster 3,0,16.57
Y1-TA-1_LGD-1,coejaafm-1,Cluster 3,0,35.94
Y1-TA-1_LGD-1,ghnofldh-1,Cluster 5,0,134.75
Y1-TA-1_LGD-1,gjjnbdkn-1,Cluster 3,0,28.72
Y1-TA-1_LGD-1,ghnogpdd-1,Cluster 12,0,46.42
Y1-TA-1_LGD-1,gjjolbio-1,Unassigned,0,20.73
Y1-TA-1_LGD-1,ghnnpooc-1,Cluster 13,0,58.07
Y1-TA-1_LGD-1,ochboglo-1,Cluster 3,0,40.41
Y1-TA-1_LGD-1,ghnpnfon-1,Cluster 13,0,58.25
Y1-TA-1_LGD-1,ghnpmpkl-1,Cluster 13,0,37.16
Y1-TA-1_LGD-1,ghnojpni-1,Cluster 5,0,85.84
Y1-TA-1_LGD-1,gjjolfdk-1,Cluster 1,0,36.76
Y1-TA-1_LGD-1,ghoanbga-1,Cluster 3,0,21.18
Y1-TA-1_LGD-1,ghoameoj-1,Cluster 3,0,21.68
Y1-TA-1_LGD-1,ghoalkdk-1,Cluster 13,0,21.40
Y1-TA-1_LGD-1,ghocmmfd-1,Cluster 3,0,33.19
Y1-TA-1_LGD-1,gjjokfph-1,Cluster 1,0,19.78
Y1-TA-1_LGD-1,gjjmnmll-1,Cluster 13,0,96.36
Y1-TA-1_LGD-1,ghnpjdgb-1,Cluster 3,0,20.73
Y1-TA-1_LGD-1,ghnobpaa-1,Cluster 3,0,22.71
Y1-TA-1_LGD-1,ghoagiah-1,Cluster 3,0,11.70
Y1-TA-1_LGD-1,ghobkngi-1,Cluster 13,0,53.51
Y1-TA-1_LGD-1,ghobnpgp-1,Cluster 13,0,45.43
Y1-TA-1_LGD-1,ghobnnoc-1,Cluster 13,0,32.15
Y1-TA-1_LGD-1,ghoadoko-1,Cluster 3,0,10.84
Y1-TA-1_LGD-1,ghocdbie-1,Cluster 3,0,10.61
Y1-TA-1_LGD-1,ghobapib-1,Cluster 3,0,34.18
Y1-TA-1_LGD-1,ghoaeopc-1,Cluster 3,0,33.96
Y1-TA-1_LGD-1,ghoanjhi-1,Cluster 5,0,55.72
Y1-TA-1_LGD-1,gjjmniln-1,Cluster 3,0,17.70
Y1-TA-1_LGD-1,ghocadkc-1,Unassigned,0,7.50
Y1-TA-1_LGD-1,ghoblpbp-1,Cluster 1,0,26.87
Y1-TA-1_LGD-1,ghmnknce-1,Cluster 13,0,42.13
Y1-TA-1_LGD-1,ghogfdae-1,Cluster 3,0,43.58
Y1-TA-1_LGD-1,ghnmbink-1,Cluster 12,0,14.77
Y1-TA-1_LGD-1,ocgdfbie-1,Cluster 3,0,30.30
Y1-TA-1_LGD-1,ghnmdooo-1,Cluster 12,0,50.98
Y1-TA-1_LGD-1,ghnmkchj-1,Cluster 12,0,30.21
Y1-TA-1_LGD-1,ghnmhidh-1,Cluster 5,0,26.55
Y1-TA-1_LGD-1,ghnmgbhn-1,Cluster 13,0,110.99
Y1-TA-1_LGD-1,ghofieno-1,Cluster 3,0,7.32
Y1-TA-1_LGD-1,ghogflem-1,Cluster 3,0,31.70
Y1-TA-1_LGD-1,ghogdcbl-1,Cluster 3,0,13.41
Y1-TA-1_LGD-1,ghninlhm-1,Cluster 12,0,54.50
Y1-TA-1_LGD-1,ghogaebo-1,Cluster 5,0,48.72
Y1-TA-1_LGD-1,ghofdiih-1,Cluster 3,0,46.42
Y1-TA-1_LGD-1,ghofhpho-1,Cluster 12,0,12.51
Y1-TA-1_LGD-1,coehkkie-1,Cluster 3,0,50.89
Y1-TA-1_LGD-1,ghofpbad-1,Cluster 5,0,48.95
Y1-TA-1_LGD-1,ghofekmk-1,Cluster 1,0,59.61
Y1-TA-1_LGD-1,ghofcimj-1,Cluster 3,0,15.49
Y1-TA-1_LGD-1,coehmchm-1,Cluster 1,0,44.89
Y1-TA-1_LGD-1,ghogfijb-1,Cluster 7,0,25.29
Y1-TA-1_LGD-1,ghnmcaph-1,Cluster 13,0,20.86
Y1-TA-1_LGD-1,ghnmbjid-1,Cluster 5,0,18.51
Y1-TA-1_LGD-1,ggllfico-1,Cluster 3,0,17.97
Y1-TA-1_LGD-1,gglldljc-1,Cluster 3,0,24.29
Y1-TA-1_LGD-1,ghnlnocb-1,Cluster 5,0,32.47
Y1-TA-1_LGD-1,ghnlomnf-1,Cluster 12,0,37.66
Y1-TA-1_LGD-1,ghnlmkbb-1,Cluster 12,0,71.35
Y1-TA-1_LGD-1,ghnimgaa-1,Cluster 3,0,32.15
Y1-TA-1_LGD-1,ghnijhdm-1,Cluster 17,0,22.85
Y1-TA-1_LGD-1,ghninbde-1,Cluster 3,0,11.61
Y1-TA-1_LGD-1,ghnincag-1,Cluster 3,0,37.16
Y1-TA-1_LGD-1,ghnlnghh-1,Cluster 3,0,21.09
Y1-TA-1_LGD-1,ocgdachb-1,Cluster 3,0,81.96
Y1-TA-1_LGD-1,ocgcnjmc-1,Cluster 3,0,15.08
Y1-TA-1_LGD-1,ghnlmmdg-1,Cluster 3,0,29.53
Y1-TA-1_LGD-1,ghnmlmoo-1,Cluster 1,0,37.12
Y1-TA-1_LGD-1,ocgdbobe-1,Cluster 13,0,34.82
Y1-TA-1_LGD-1,ghoaajia-1,Cluster 5,0,48.68
Y1-TA-1_LGD-1,ghnnoakm-1,Cluster 3,0,13.10
Y1-TA-1_LGD-1,coehioci-1,Cluster 1,0,54.91
Y1-TA-1_LGD-1,ocgdcgoo-1,Unassigned,0,8.13
Y1-TA-1_LGD-1,ghnnobaf-1,Cluster 13,0,30.35
Y1-TA-1_LGD-1,ghoghloi-1,Cluster 3,0,22.67
Y1-TA-1_LGD-1,ghogjblh-1,Cluster 3,0,8.44
Y1-TA-1_LGD-1,ghohfmck-1,Cluster 5,0,51.48
Y1-TA-1_LGD-1,ghoaidap-1,Cluster 3,0,24.02
Y1-TA-1_LGD-1,ghohnpdh-1,Cluster 3,0,22.17
Y1-TA-1_LGD-1,ghoahjfb-1,Cluster 5,0,42.40
Y1-TA-1_LGD-1,coeheoff-1,Cluster 7,0,44.84
Y1-TA-1_LGD-1,coehheei-1,Cluster 1,0,53.74
Y1-TA-1_LGD-1,ghohoodh-1,Cluster 3,0,13.01
Y1-TA-1_LGD-1,ghohnlfc-1,Cluster 5,0,22.80
Y1-TA-1_LGD-1,ghofbpol-1,Cluster 3,0,16.12
Y1-TA-1_LGD-1,ghohieop-1,Cluster 13,0,90.31
Y1-TA-1_LGD-1,ghohcbkg-1,Cluster 5,0,59.06
Y1-TA-1_LGD-1,ghoaaepm-1,Cluster 5,0,47.10
Y1-TA-1_LGD-1,ghoiicof-1,Cluster 1,0,54.91
Y1-TA-1_LGD-1,ghogoinb-1,Cluster 7,0,19.01
Y1-TA-1_LGD-1,ghnpdflb-1,Cluster 8,0,38.47
Y1-TA-1_LGD-1,ghoeibmn-1,Cluster 7,0,42.09
Y1-TA-1_LGD-1,coehhkhg-1,Cluster 3,0,45.07
Y1-TA-1_LGD-1,ghoibclp-1,Cluster 1,0,43.80
Y1-TA-1_LGD-1,ghnpplfo-1,Cluster 12,0,25.65
Y1-TA-1_LGD-1,ghnlblph-1,Cluster 7,0,32.65
Y1-TA-1_LGD-1,ghoaikok-1,Cluster 7,0,54.05
Y1-TA-1_LGD-1,ghnldngc-1,Cluster 7,0,55.36
Y1-TA-1_LGD-1,ghoenkff-1,Cluster 8,0,71.71
Y1-TA-1_LGD-1,ghoeibod-1,Cluster 3,0,17.97
Y1-TA-1_LGD-1,ghoadmmi-1,Cluster 8,0,52.16
Y1-TA-1_LGD-1,ghogcmej-1,Cluster 5,0,53.47
Y1-TA-1_LGD-1,ghoflhni-1,Cluster 12,0,21.00
Y1-TA-1_LGD-1,ghokbjlj-1,Cluster 12,0,32.78
Y1-TA-1_LGD-1,coemdjmn-1,Cluster 1,0,49.54
Y1-TA-1_LGD-1,coelciff-1,Cluster 3,0,72.02
Y1-TA-1_LGD-1,gholjfhe-1,Cluster 12,0,22.26
Y1-TA-1_LGD-1,gkbiajmd-1,Cluster 1,0,40.78
Y1-TA-1_LGD-1,ghomdbla-1,Cluster 12,0,22.67
Y1-TA-1_LGD-1,gkbiabdl-1,Cluster 3,0,16.21
Y1-TA-1_LGD-1,ghombppo-1,Cluster 5,0,51.21
Y1-TA-1_LGD-1,ghojoohe-1,Cluster 12,0,29.85
Y1-TA-1_LGD-1,gkbiahkf-1,Cluster 3,0,20.05
Y1-TA-1_LGD-1,coemblhi-1,Cluster 1,0,45.07
Y1-TA-1_LGD-1,gholkpcb-1,Cluster 12,0,27.41
Y1-TA-1_LGD-1,ghollcpi-1,Cluster 3,0,12.19
Y1-TA-1_LGD-1,gholaggi-1,Cluster 8,0,54.50
Y1-TA-1_LGD-1,coemdkje-1,Cluster 8,0,61.10
Y1-TA-1_LGD-1,gkbhdieh-1,Cluster 12,0,10.16
Y1-TA-1_LGD-1,ghokmcfg-1,Cluster 12,0,50.30
Y1-TA-1_LGD-1,ghokpgod-1,Cluster 3,0,12.87
Y1-TA-1_LGD-1,gholdncn-1,Cluster 1,0,25.56
Y1-TA-1_LGD-1,ochboabp-1,Cluster 3,0,10.21
Y1-TA-1_LGD-1,gjjlafdd-1,Cluster 13,0,30.44
Y1-TA-1_LGD-1,ghnoljan-1,Cluster 5,0,25.74
Y1-TA-1_LGD-1,gjjldbpo-1,Cluster 13,0,22.17
Y1-TA-1_LGD-1,gjjkombf-1,Cluster 13,0,47.41
Y1-TA-1_LGD-1,gjjlbjdo-1,Cluster 13,0,21.90
Y1-TA-1_LGD-1,gjjleghe-1,Cluster 13,0,17.75
Y1-TA-1_LGD-1,coeipofm-1,Cluster 7,0,45.38
Y1-TA-1_LGD-1,ghojdgoa-1,Cluster 13,0,57.98
Y1-TA-1_LGD-1,ghojdfhn-1,Cluster 3,0,15.26
Y1-TA-1_LGD-1,ocgdigci-1,Cluster 3,0,13.14
Y1-TA-1_LGD-1,ghokloae-1,Cluster 5,0,39.92
Y1-TA-1_LGD-1,ghojndpc-1,Cluster 3,0,7.68
Y1-TA-1_LGD-1,ghojilpj-1,Cluster 3,0,12.42
Y1-TA-1_LGD-1,gholikpf-1,Cluster 7,0,61.32
Y1-TA-1_LGD-1,ocgdgfdk-1,Cluster 3,0,17.34
Y1-TA-1_LGD-1,ghojihig-1,Cluster 7,0,38.29
Y1-TA-1_LGD-1,gjjlbhhf-1,Cluster 13,0,74.10
Y1-TA-1_LGD-1,gjjlbjjn-1,Cluster 3,0,30.89
Y1-TA-1_LGD-1,gimolkcd-1,Cluster 2,0,102.37
Y1-TA-1_LGD-1,ginajdjd-1,Cluster 6,0,67.51
Y1-TA-1_LGD-1,gimojbeh-1,Cluster 21,0,44.03
Y1-TA-1_LGD-1,coemlbcn-1,Cluster 2,0,120.43
Y1-TA-1_LGD-1,gimokpkf-1,Cluster 10,0,125.62
Y1-TA-1_LGD-1,coemmipm-1,Cluster 2,0,42.72
Y1-TA-1_LGD-1,coepdjep-1,Cluster 2,0,55.14
Y1-TA-1_LGD-1,ginaeibf-1,Cluster 6,0,119.39
Y1-TA-1_LGD-1,coelofdi-1,Cluster 21,0,49.94
Y1-TA-1_LGD-1,coemjbfc-1,Cluster 6,0,36.13
Y1-TA-1_LGD-1,coeoidcn-1,Cluster 17,0,81.24
Y1-TA-1_LGD-1,coepommb-1,Cluster 2,0,57.85
Y1-TA-1_LGD-1,coeompmj-1,Cluster 2,0,40.05
Y1-TA-1_LGD-1,gimokcml-1,Cluster 10,0,95.91
Y1-TA-1_LGD-1,coejnpaf-1,Cluster 2,0,134.48
Y1-TA-1_LGD-1,coemgfcn-1,Cluster 21,0,103.05
Y1-TA-1_LGD-1,coemefib-1,Cluster 2,0,118.81
Y1-TA-1_LGD-1,coeloicm-1,Cluster 2,0,57.66
Y1-TA-1_LGD-1,ghpcfdpd-1,Cluster 17,0,16.21
Y1-TA-1_LGD-1,ghpceomd-1,Cluster 17,0,36.35
Y1-TA-1_LGD-1,coelndio-1,Cluster 17,0,95.64
Y1-TA-1_LGD-1,coelnnpe-1,Cluster 2,0,70.40
Y1-TA-1_LGD-1,coemgbge-1,Cluster 17,0,99.71
Y1-TA-1_LGD-1,gimogkgh-1,Cluster 17,0,42.90
Y1-TA-1_LGD-1,coellgom-1,Cluster 2,0,53.78
Y1-TA-1_LGD-1,coekdfkp-1,Cluster 2,0,74.64
Y1-TA-1_LGD-1,coekgndh-1,Cluster 2,0,56.40
Y1-TA-1_LGD-1,gimoiefb-1,Cluster 16,0,52.43
Y1-TA-1_LGD-1,ghpcedbd-1,Cluster 2,0,60.78
Y1-TA-1_LGD-1,ghpccpep-1,Cluster 17,0,29.98
Y1-TA-1_LGD-1,coekinhh-1,Cluster 6,0,19.46
Y1-TA-1_LGD-1,gimoinio-1,Cluster 5,0,42.58
Y1-TA-1_LGD-1,coelbnjh-1,Cluster 17,0,108.28
Y1-TA-1_LGD-1,ghpccldg-1,Cluster 2,0,38.16
Y1-TA-1_LGD-1,gkbhokpp-1,Cluster 1,0,15.44
Y1-TA-1_LGD-1,gkbhogce-1,Cluster 8,0,33.82
Y1-TA-1_LGD-1,coeckafl-1,Cluster 6,0,65.52
Y1-TA-1_LGD-1,coeckehl-1,Cluster 6,0,69.09
Y1-TA-1_LGD-1,coekgbic-1,Cluster 2,0,102.69
Y1-TA-1_LGD-1,coekfkmi-1,Cluster 2,0,121.38
Y1-TA-1_LGD-1,coelbkki-1,Cluster 17,0,58.25
Y1-TA-1_LGD-1,ghokadjf-1,Cluster 3,0,22.85
Y1-TA-1_LGD-1,coelddin-1,Cluster 6,0,121.06
Y1-TA-1_LGD-1,coelhnmo-1,Cluster 6,0,35.13
Y1-TA-1_LGD-1,ghomdofh-1,Cluster 17,0,121.20
Y1-TA-1_LGD-1,coelglnm-1,Cluster 2,0,108.92
Y1-TA-1_LGD-1,coekkgcd-1,Cluster 18,0,135.83
Y1-TA-1_LGD-1,coelkgka-1,Cluster 21,0,214.31
Y1-TA-1_LGD-1,gholjdph-1,Cluster 3,0,86.97
Y1-TA-1_LGD-1,ghomfcdo-1,Cluster 3,0,15.17
Y1-TA-1_LGD-1,coekmhel-1,Cluster 3,0,38.11
Y1-TA-1_LGD-1,ghomgfde-1,Cluster 2,0,110.68
Y1-TA-1_LGD-1,coeceadf-1,Cluster 2,0,88.55
Y1-TA-1_LGD-1,ghomdkbp-1,Cluster 19,0,31.56
Y1-TA-1_LGD-1,coekolln-1,Cluster 6,0,96.32
Y1-TA-1_LGD-1,ghokcbjj-1,Cluster 16,0,79.25
Y1-TA-1_LGD-1,ghomikpo-1,Cluster 17,0,39.65
Y1-TA-1_LGD-1,ghokgckk-1,Cluster 5,0,91.62
Y1-TA-1_LGD-1,ghojkcbk-1,Cluster 16,0,30.71
Y1-TA-1_LGD-1,coehbppi-1,Cluster 17,0,44.89
Y1-TA-1_LGD-1,coegpdke-1,Cluster 2,0,72.48
Y1-TA-1_LGD-1,coecheic-1,Cluster 6,0,31.65
Y1-TA-1_LGD-1,coecemoo-1,Cluster 17,0,34.09
Y1-TA-1_LGD-1,ghojjbbo-1,Cluster 12,0,52.70
Y1-TA-1_LGD-1,ghojmehb-1,Cluster 3,0,12.28
Y1-TA-1_LGD-1,coegpkbk-1,Cluster 17,0,35.49
Y1-TA-1_LGD-1,ghojnlpj-1,Cluster 12,0,23.89
Y1-TA-1_LGD-1,ghoklkag-1,Cluster 5,0,109.59
Y1-TA-1_LGD-1,ghojkpbn-1,Cluster 3,0,51.25
Y1-TA-1_LGD-1,ghohjnje-1,Cluster 13,0,114.02
Y1-TA-1_LGD-1,ghojoeeg-1,Cluster 3,0,16.48
Y1-TA-1_LGD-1,ghomihfi-1,Cluster 5,0,35.00
Y1-TA-1_LGD-1,ghnpokeb-1,Cluster 3,0,18.88
Y1-TA-1_LGD-1,ghpabema-1,Cluster 7,0,38.61
Y1-TA-1_LGD-1,coeniogc-1,Cluster 6,0,94.96
Y1-TA-1_LGD-1,ghopjegh-1,Cluster 5,0,66.88
Y1-TA-1_LGD-1,ghpabfjp-1,Cluster 5,0,41.36
Y1-TA-1_LGD-1,coeoagdb-1,Cluster 6,0,20.32
Y1-TA-1_LGD-1,coenmnjf-1,Cluster 2,0,107.56
Y1-TA-1_LGD-1,coenmecj-1,Cluster 2,0,90.09
Y1-TA-1_LGD-1,coennjec-1,Cluster 2,0,80.92
Y1-TA-1_LGD-1,ghpbppml-1,Cluster 16,0,46.96
Y1-TA-1_LGD-1,ghoppjlk-1,Cluster 12,0,14.77
Y1-TA-1_LGD-1,ghopnlok-1,Cluster 17,0,22.98
Y1-TA-1_LGD-1,ghoppndn-1,Cluster 12,0,17.25
Y1-TA-1_LGD-1,ghopldog-1,Cluster 6,0,35.36
Y1-TA-1_LGD-1,ghoplhjj-1,Cluster 2,0,55.09
Y1-TA-1_LGD-1,ghopldje-1,Cluster 5,0,73.83
Y1-TA-1_LGD-1,coepbboa-1,Cluster 6,0,57.57
Y1-TA-1_LGD-1,ginedeoi-1,Cluster 8,0,22.98
Y1-TA-1_LGD-1,ghoppkli-1,Cluster 13,0,56.08
Y1-TA-1_LGD-1,coepnhok-1,Cluster 2,0,52.61
Y1-TA-1_LGD-1,coeockhl-1,Cluster 6,0,121.92
Y1-TA-1_LGD-1,coedbjha-1,Cluster 10,0,44.84
Y1-TA-1_LGD-1,coejgami-1,Cluster 2,0,31.88
Y1-TA-1_LGD-1,coeoicbl-1,Cluster 6,0,39.51
Y1-TA-1_LGD-1,coeoamme-1,Cluster 10,0,76.63
Y1-TA-1_LGD-1,coejbofc-1,Cluster 2,0,67.60
Y1-TA-1_LGD-1,coedeigc-1,Cluster 6,0,47.82
Y1-TA-1_LGD-1,coedajjo-1,Cluster 6,0,55.99
Y1-TA-1_LGD-1,coeddpbl-1,Cluster 2,0,59.06
Y1-TA-1_LGD-1,coejcbcn-1,Cluster 2,0,57.75
Y1-TA-1_LGD-1,coejniff-1,Cluster 10,0,60.15
Y1-TA-1_LGD-1,ocgdiold-1,Cluster 3,0,74.87
Y1-TA-1_LGD-1,coekddbd-1,Cluster 2,0,43.49
Y1-TA-1_LGD-1,coejmigh-1,Cluster 2,0,71.62
Y1-TA-1_LGD-1,coejjjjl-1,Cluster 22,0,87.42
Y1-TA-1_LGD-1,coejjobc-1,Cluster 2,0,56.76
Y1-TA-1_LGD-1,cochlcfc-1,Cluster 2,0,30.89
Y1-TA-1_LGD-1,ghodfcof-1,Cluster 13,0,56.26
Y1-TA-1_LGD-1,ocgdckah-1,Cluster 3,0,28.85
Y1-TA-1_LGD-1,ghogmbgk-1,Cluster 12,0,21.49
Y1-TA-1_LGD-1,gglobpfi-1,Cluster 1,0,40.05
Y1-TA-1_LGD-1,codmdaed-1,Cluster 2,0,36.62
Y1-TA-1_LGD-1,cockjnfg-1,Cluster 6,0,129.82
Y1-TA-1_LGD-1,codnbgfo-1,Cluster 2,0,203.25
Y1-TA-1_LGD-1,ggljpdee-1,Cluster 18,0,144.86
Y1-TA-1_LGD-1,cockhanm-1,Cluster 6,0,36.89
Y1-TA-1_LGD-1,ghogldbp-1,Cluster 7,0,43.80
Y1-TA-1_LGD-1,ghoebime-1,Cluster 3,0,28.00
Y1-TA-1_LGD-1,codmpchi-1,Cluster 2,0,102.10
Y1-TA-1_LGD-1,ghoggcoj-1,Cluster 3,0,29.44
Y1-TA-1_LGD-1,codmnifd-1,Cluster 21,0,75.09
Y1-TA-1_LGD-1,codmnaki-1,Cluster 21,0,24.02
Y1-TA-1_LGD-1,codmhcja-1,Cluster 21,0,61.10
Y1-TA-1_LGD-1,ggloebef-1,Cluster 8,0,74.87
Y1-TA-1_LGD-1,codmhapa-1,Cluster 21,0,58.93
Y1-TA-1_LGD-1,codmfgpc-1,Cluster 2,0,52.65
Y1-TA-1_LGD-1,codmfgia-1,Cluster 2,0,45.47
Y1-TA-1_LGD-1,codmeioo-1,Cluster 21,0,27.95
Y1-TA-1_LGD-1,gglkcino-1,Cluster 6,0,34.41
Y1-TA-1_LGD-1,ghogkaaf-1,Cluster 3,0,31.02
Y1-TA-1_LGD-1,coehdnbl-1,Cluster 2,0,71.93
Y1-TA-1_LGD-1,codmpecg-1,Cluster 2,0,71.57
Y1-TA-1_LGD-1,gglkabbh-1,Cluster 2,0,53.42
Y1-TA-1_LGD-1,coehdoao-1,Cluster 1,0,51.84
Y1-TA-1_LGD-1,codmnpib-1,Cluster 2,0,39.92
Y1-TA-1_LGD-1,ocfnfcce-1,Cluster 3,0,16.39
Y1-TA-1_LGD-1,ghoghgbl-1,Cluster 12,0,87.29
Y1-TA-1_LGD-1,cockgelh-1,Cluster 21,0,40.60
Y1-TA-1_LGD-1,codmcmhb-1,Cluster 2,0,65.16
Y1-TA-1_LGD-1,codmkaed-1,Cluster 21,0,72.07
Y1-TA-1_LGD-1,cocknjcj-1,Cluster 2,0,76.86
Y1-TA-1_LGD-1,cockgcgl-1,Cluster 6,0,30.53
Y1-TA-1_LGD-1,ghoikiic-1,Cluster 7,0,18.02
Y1-TA-1_LGD-1,ghnjbjad-1,Cluster 17,0,10.48
Y1-TA-1_LGD-1,codnfpmn-1,Cluster 2,0,70.08
Y1-TA-1_LGD-1,cochflgb-1,Cluster 2,0,35.72
Y1-TA-1_LGD-1,ghomiogp-1,Cluster 6,0,35.36
Y1-TA-1_LGD-1,coehcaph-1,Cluster 2,0,33.42
Y1-TA-1_LGD-1,coehbdpk-1,Cluster 17,0,30.44
Y1-TA-1_LGD-1,cocidjkk-1,Cluster 2,0,49.27
Y1-TA-1_LGD-1,coebenoh-1,Cluster 2,0,50.98
Y1-TA-1_LGD-1,coeaogbe-1,Cluster 18,0,33.42
Y1-TA-1_LGD-1,coebjama-1,Cluster 6,0,23.03
Y1-TA-1_LGD-1,cochjidc-1,Cluster 18,0,53.37
Y1-TA-1_LGD-1,coclccha-1,Cluster 6,0,41.14
Y1-TA-1_LGD-1,cochfeop-1,Cluster 17,0,55.18
Y1-TA-1_LGD-1,cochigio-1,Cluster 2,0,32.78
Y1-TA-1_LGD-1,coecdnni-1,Cluster 2,0,80.29
Y1-TA-1_LGD-1,ghognnch-1,Cluster 12,0,46.78
Y1-TA-1_LGD-1,ghodmaac-1,Cluster 16,0,66.88
Y1-TA-1_LGD-1,ghoedadi-1,Cluster 1,0,47.91
Y1-TA-1_LGD-1,coegpfkj-1,Cluster 6,0,58.34
Y1-TA-1_LGD-1,ghoihlel-1,Cluster 5,0,93.25
Y1-TA-1_LGD-1,coehcifc-1,Cluster 7,0,44.34
Y1-TA-1_LGD-1,coclafhg-1,Cluster 1,0,51.43
Y1-TA-1_LGD-1,ocgdgeog-1,Cluster 5,0,13.73
Y1-TA-1_LGD-1,ghoeeomb-1,Cluster 12,0,44.89
Y1-TA-1_LGD-1,ghoecaii-1,Cluster 7,0,42.04
Y1-TA-1_LGD-1,coclggpo-1,Cluster 6,0,85.03
Y1-TA-1_LGD-1,coebonck-1,Cluster 1,0,39.51
Y1-TA-1_LGD-1,ocgdfmdc-1,Cluster 12,0,17.25
Y1-TA-1_LGD-1,ghogmalg-1,Cluster 3,0,47.78
Y1-TA-1_LGD-1,ghodbbbp-1,Cluster 5,0,39.38
Y1-TA-1_LGD-1,ghoebfhi-1,Cluster 13,0,49.45
Y1-TA-1_LGD-1,ghodbgml-1,Cluster 17,0,19.55
Y1-TA-1_LGD-1,coclbakf-1,Cluster 3,0,35.49
Y1-TA-1_LGD-1,ghocoddl-1,Cluster 3,0,40.14
Y1-TA-1_LGD-1,ghodcmdb-1,Cluster 17,0,16.93
Y1-TA-1_LGD-1,coclheje-1,Cluster 2,0,83.09
Y1-TA-1_LGD-1,coecafkb-1,Cluster 6,0,59.70
Y1-TA-1_LGD-1,ghohagen-1,Cluster 12,0,26.33
Y1-TA-1_LGD-1,ghmkpndf-1,Cluster 5,0,53.83
Y1-TA-1_LGD-1,ghmlabcn-1,Cluster 13,0,73.33
Y1-TA-1_LGD-1,ghoijkhg-1,Cluster 1,0,42.36
Y1-TA-1_LGD-1,ghmjigkp-1,Cluster 7,0,105.35
Y1-TA-1_LGD-1,ghmjiiga-1,Cluster 7,0,65.66
Y1-TA-1_LGD-1,ghoiniob-1,Cluster 12,0,21.45
Y1-TA-1_LGD-1,ghmkaadb-1,Cluster 8,0,42.18
Y1-TA-1_LGD-1,ghodploe-1,Cluster 5,0,26.60
Y1-TA-1_LGD-1,ghmjibnk-1,Cluster 5,0,28.54
Y1-TA-1_LGD-1,ghmjmfpl-1,Cluster 12,0,18.60
Y1-TA-1_LGD-1,ghmkaihj-1,Cluster 8,0,27.55
Y1-TA-1_LGD-1,cocmfnfk-1,Cluster 2,0,69.90
Y1-TA-1_LGD-1,ghmjinhp-1,Cluster 8,0,59.97
Y1-TA-1_LGD-1,cocmcjbg-1,Cluster 1,0,31.47
Y1-TA-1_LGD-1,ghmkalob-1,Cluster 7,0,43.89
Y1-TA-1_LGD-1,codpephj-1,Cluster 6,0,87.78
Y1-TA-1_LGD-1,codpialg-1,Cluster 2,0,50.85
Y1-TA-1_LGD-1,codonkpg-1,Cluster 2,0,56.72
Y1-TA-1_LGD-1,codokdgn-1,Cluster 2,0,132.80
Y1-TA-1_LGD-1,codopbhc-1,Cluster 6,0,64.57
Y1-TA-1_LGD-1,codpbfbc-1,Cluster 2,0,79.02
Y1-TA-1_LGD-1,codpcfbi-1,Cluster 2,0,94.11
Y1-TA-1_LGD-1,codnggpp-1,Cluster 2,0,49.13
Y1-TA-1_LGD-1,ggljakdb-1,Cluster 17,0,32.96
Y1-TA-1_LGD-1,codnbmok-1,Cluster 2,0,93.25
Y1-TA-1_LGD-1,ghmjekbo-1,Cluster 5,0,52.65
Y1-TA-1_LGD-1,codnmplc-1,Cluster 21,0,47.46
Y1-TA-1_LGD-1,codppeff-1,Cluster 2,0,93.43
Y1-TA-1_LGD-1,codppbnc-1,Cluster 2,0,50.67
Y1-TA-1_LGD-1,codngcmc-1,Cluster 18,0,84.98
Y1-TA-1_LGD-1,codpkffm-1,Cluster 2,0,129.46
Y1-TA-1_LGD-1,codplfhf-1,Cluster 2,0,248.13
Y1-TA-1_LGD-1,ggljcjng-1,Cluster 17,0,33.96
Y1-TA-1_LGD-1,codofacc-1,Cluster 2,0,56.04
Y1-TA-1_LGD-1,codobdfn-1,Cluster 17,0,72.97
Y1-TA-1_LGD-1,codnoagn-1,Cluster 2,0,95.05
Y1-TA-1_LGD-1,codpcnpc-1,Cluster 21,0,77.04
Y1-TA-1_LGD-1,cockbbin-1,Cluster 3,0,28.85
Y1-TA-1_LGD-1,cockafeo-1,Cluster 2,0,48.23
Y1-TA-1_LGD-1,ghmjcgdk-1,Cluster 6,0,15.35
Y1-TA-1_LGD-1,cockdlaj-1,Cluster 6,0,68.10
Y1-TA-1_LGD-1,ghmmbcin-1,Cluster 5,0,62.50
Y1-TA-1_LGD-1,cocmgiaf-1,Cluster 2,0,89.91
Y1-TA-1_LGD-1,cocmnlgi-1,Cluster 2,0,84.13
Y1-TA-1_LGD-1,ghodhgoc-1,Cluster 12,0,79.25
Y1-TA-1_LGD-1,ghmmcflj-1,Cluster 3,0,80.47
Y1-TA-1_LGD-1,cocjhnmm-1,Cluster 18,0,90.94
Y1-TA-1_LGD-1,cocicljm-1,Cluster 6,0,52.43
Y1-TA-1_LGD-1,ghodndhd-1,Cluster 1,0,50.35
Y1-TA-1_LGD-1,ghodkhjd-1,Cluster 13,0,17.75
Y1-TA-1_LGD-1,cocjmifh-1,Cluster 2,0,117.00
Y1-TA-1_LGD-1,ghmmcjkf-1,Cluster 17,0,24.20
Y1-TA-1_LGD-1,cocjpkjp-1,Cluster 2,0,157.60
Y1-TA-1_LGD-1,cocmllpc-1,Cluster 19,0,44.21
Y1-TA-1_LGD-1,ghoeaojj-1,Cluster 5,0,41.09
Y1-TA-1_LGD-1,ghmkkiah-1,Cluster 6,0,16.62
Y1-TA-1_LGD-1,cockbneh-1,Cluster 3,0,55.68
Y1-TA-1_LGD-1,ghmmdfdm-1,Cluster 17,0,31.65
Y1-TA-1_LGD-1,ghmldpfb-1,Cluster 5,0,23.98
Y1-TA-1_LGD-1,ghmmbiij-1,Cluster 18,0,106.34
Y1-TA-1_LGD-1,ghmlebdf-1,Cluster 5,0,42.90
Y1-TA-1_LGD-1,ghodfggb-1,Cluster 16,0,59.43
Y1-TA-1_LGD-1,ghmlghbk-1,Cluster 6,0,59.83
Y1-TA-1_LGD-1,cocijmam-1,Cluster 2,0,40.46
Y1-TA-1_LGD-1,cocjnhdk-1,Cluster 6,0,115.96
Y1-TA-1_LGD-1,cocjebmk-1,Cluster 10,0,86.79
Y1-TA-1_LGD-1,ghmmbcpo-1,Cluster 12,0,18.69
Y1-TA-1_LGD-1,cociioih-1,Cluster 2,0,122.78
Y1-TA-1_LGD-1,cocjkgci-1,Cluster 6,0,33.19
Y1-TA-1_LGD-1,cockaejp-1,Cluster 2,0,60.60
Y1-TA-1_LGD-1,ghoehcgh-1,Cluster 3,0,86.52
Y1-TA-1_LGD-1,cocknobf-1,Cluster 7,0,56.58
Y1-TA-1_LGD-1,codbeklm-1,Cluster 2,0,37.21
Y1-TA-1_LGD-1,coecncfn-1,Cluster 2,0,89.91
Y1-TA-1_LGD-1,codbmbgk-1,Cluster 2,0,72.97
Y1-TA-1_LGD-1,ghpcfkjp-1,Cluster 8,0,58.48
Y1-TA-1_LGD-1,codbikae-1,Cluster 6,0,40.32
Y1-TA-1_LGD-1,cochkceg-1,Cluster 6,0,32.74
Y1-TA-1_LGD-1,codbkpel-1,Cluster 2,0,55.36
Y1-TA-1_LGD-1,codbmaih-1,Cluster 2,0,81.96
Y1-TA-1_LGD-1,cocomikh-1,Cluster 2,0,35.63
Y1-TA-1_LGD-1,cocokpkl-1,Cluster 10,0,40.05
Y1-TA-1_LGD-1,cocpamik-1,Cluster 2,0,42.99
Y1-TA-1_LGD-1,codbmfcm-1,Cluster 2,0,56.13
Y1-TA-1_LGD-1,cochilol-1,Cluster 6,0,22.80
Y1-TA-1_LGD-1,codbmkga-1,Cluster 6,0,33.33
Y1-TA-1_LGD-1,codbjiph-1,Cluster 2,0,60.28
Y1-TA-1_LGD-1,coeakofh-1,Cluster 2,0,99.34
Y1-TA-1_LGD-1,cocognal-1,Cluster 10,0,21.99
Y1-TA-1_LGD-1,cochkmfd-1,Cluster 2,0,26.82
Y1-TA-1_LGD-1,cocpenhl-1,Cluster 6,0,16.21
Y1-TA-1_LGD-1,cocooebb-1,Cluster 2,0,48.23
Y1-TA-1_LGD-1,coebfbel-1,Cluster 2,0,71.08
Y1-TA-1_LGD-1,cochjodj-1,Cluster 6,0,24.70
Y1-TA-1_LGD-1,ghpcfmde-1,Cluster 6,0,27.91
Y1-TA-1_LGD-1,ghojbnoo-1,Cluster 2,0,26.73
Y1-TA-1_LGD-1,coebgnhg-1,Cluster 14,0,40.82
Y1-TA-1_LGD-1,cocpganp-1,Cluster 6,0,34.86
Y1-TA-1_LGD-1,cocpgkfl-1,Cluster 14,0,46.92
Y1-TA-1_LGD-1,coeckgcb-1,Cluster 2,0,66.74
Y1-TA-1_LGD-1,cocinbej-1,Cluster 2,0,61.01
Y1-TA-1_LGD-1,ghojcbbj-1,Cluster 6,0,15.40
Y1-TA-1_LGD-1,cocpgnoh-1,Cluster 21,0,37.71
Y1-TA-1_LGD-1,coebfmfk-1,Cluster 2,0,61.55
Y1-TA-1_LGD-1,ghoinnoi-1,Cluster 6,0,57.39
Y1-TA-1_LGD-1,ghmlpjeh-1,Cluster 3,0,10.88
Y1-TA-1_LGD-1,ghpcgenm-1,Cluster 10,0,55.63
Y1-TA-1_LGD-1,ghoiodla-1,Cluster 6,0,53.78
Y1-TA-1_LGD-1,codblnjc-1,Cluster 2,0,79.11
Y1-TA-1_LGD-1,cocpbmoa-1,Cluster 2,0,25.29
Y1-TA-1_LGD-1,coceiiol-1,Cluster 2,0,76.27
Y1-TA-1_LGD-1,ghoppeoj-1,Cluster 16,0,56.81
Y1-TA-1_LGD-1,ghplagfd-1,Cluster 13,0,50.21
Y1-TA-1_LGD-1,ghpaeakh-1,Cluster 13,0,43.03
Y1-TA-1_LGD-1,ghopnogc-1,Cluster 8,0,70.58
Y1-TA-1_LGD-1,ghpacgid-1,Cluster 13,0,59.43
Y1-TA-1_LGD-1,ghoofoha-1,Cluster 12,0,59.15
Y1-TA-1_LGD-1,ghpafjal-1,Cluster 5,0,49.49
Y1-TA-1_LGD-1,ghpamhfm-1,Cluster 3,0,14.04
Y1-TA-1_LGD-1,ghpcmeph-1,Cluster 16,0,67.92
Y1-TA-1_LGD-1,ghpcbmko-1,Cluster 12,0,80.42
Y1-TA-1_LGD-1,coceanmm-1,Cluster 17,0,28.18
Y1-TA-1_LGD-1,ghpaockn-1,Cluster 1,0,45.07
Y1-TA-1_LGD-1,ghongoad-1,Cluster 3,0,67.33
Y1-TA-1_LGD-1,cocehono-1,Cluster 17,0,36.98
Y1-TA-1_LGD-1,cocedhod-1,Cluster 6,0,56.31
Y1-TA-1_LGD-1,cocegdln-1,Cluster 2,0,55.36
Y1-TA-1_LGD-1,ghpaihle-1,Cluster 17,0,83.90
Y1-TA-1_LGD-1,ghoogahj-1,Cluster 12,0,15.40
Y1-TA-1_LGD-1,cocefmmg-1,Cluster 2,0,64.48
Y1-TA-1_LGD-1,ghonefjh-1,Cluster 16,0,66.38
Y1-TA-1_LGD-1,ghonngcf-1,Cluster 5,0,47.10
Y1-TA-1_LGD-1,coecjfml-1,Cluster 17,0,101.69
Y1-TA-1_LGD-1,cocdpkga-1,Cluster 12,0,31.11
Y1-TA-1_LGD-1,ghpdchfh-1,Cluster 17,0,38.43
Y1-TA-1_LGD-1,ghpcpkic-1,Cluster 6,0,22.53
Y1-TA-1_LGD-1,ghpcmbcj-1,Cluster 6,0,128.33
Y1-TA-1_LGD-1,ghpccehd-1,Cluster 2,0,47.87
Y1-TA-1_LGD-1,codbcmfe-1,Cluster 2,0,51.84
Y1-TA-1_LGD-1,coecmgfi-1,Cluster 6,0,45.97
Y1-TA-1_LGD-1,ghpcgpfj-1,Cluster 6,0,42.49
Y1-TA-1_LGD-1,ghpdccpi-1,Cluster 5,0,30.44
Y1-TA-1_LGD-1,codbdkpc-1,Cluster 6,0,23.35
Y1-TA-1_LGD-1,coecobgi-1,Cluster 10,0,77.31
Y1-TA-1_LGD-1,coedahmp-1,Cluster 2,0,96.68
Y1-TA-1_LGD-1,cocpklkl-1,Cluster 2,0,53.92
Y1-TA-1_LGD-1,codaahpi-1,Cluster 2,0,34.91
Y1-TA-1_LGD-1,ghmnjhdi-1,Cluster 6,0,9.26
Y1-TA-1_LGD-1,codalbna-1,Cluster 2,0,23.12
Y1-TA-1_LGD-1,cocnpjkg-1,Cluster 2,0,45.88
Y1-TA-1_LGD-1,cocpklli-1,Cluster 2,0,25.96
Y1-TA-1_LGD-1,cocpnbbl-1,Cluster 2,0,17.43
Y1-TA-1_LGD-1,codagije-1,Cluster 2,0,20.18
Y1-TA-1_LGD-1,codajonl-1,Cluster 6,0,18.69
Y1-TA-1_LGD-1,codaglhn-1,Cluster 3,0,27.82
Y1-TA-1_LGD-1,codafpnp-1,Cluster 21,0,40.37
Y1-TA-1_LGD-1,cocnmanf-1,Cluster 2,0,33.33
Y1-TA-1_LGD-1,codabbbp-1,Cluster 2,0,28.36
Y1-TA-1_LGD-1,codaehmm-1,Cluster 6,0,27.41
Y1-TA-1_LGD-1,ghmnigde-1,Cluster 5,0,75.68
Y1-TA-1_LGD-1,ghmngkhk-1,Cluster 6,0,65.70
Y1-TA-1_LGD-1,ghmmgbpd-1,Cluster 13,0,29.62
Y1-TA-1_LGD-1,ghmifmee-1,Cluster 16,0,61.28
Y1-TA-1_LGD-1,ghmnfeje-1,Cluster 19,0,26.82
Y1-TA-1_LGD-1,cocpfljf-1,Cluster 18,0,80.24
Y1-TA-1_LGD-1,ghmmjacm-1,Cluster 16,0,56.26
Y1-TA-1_LGD-1,ghmmnmej-1,Cluster 16,0,68.32
Y1-TA-1_LGD-1,cocnkaec-1,Cluster 18,0,41.59
Y1-TA-1_LGD-1,ghmmpijn-1,Cluster 8,0,81.69
Y1-TA-1_LGD-1,ghmnfcoa-1,Cluster 6,0,113.12
Y1-TA-1_LGD-1,ghmljjph-1,Cluster 1,0,61.23
Y1-TA-1_LGD-1,codbjnml-1,Cluster 2,0,54.23
Y1-TA-1_LGD-1,ghmmedid-1,Cluster 8,0,45.02
Y1-TA-1_LGD-1,ghmmmakd-1,Cluster 8,0,100.20
Y1-TA-1_LGD-1,ghmlmnkj-1,Cluster 3,0,18.74
Y1-TA-1_LGD-1,ghmlnlnc-1,Cluster 8,0,64.26
Y1-TA-1_LGD-1,ghmllbbm-1,Cluster 12,0,21.86
Y1-TA-1_LGD-1,ghmmdpln-1,Cluster 3,0,63.94
Y1-TA-1_LGD-1,ghmmdfol-1,Cluster 16,0,83.99
Y1-TA-1_LGD-1,ghmljnhk-1,Cluster 17,0,109.50
Y1-TA-1_LGD-1,ghmlkgna-1,Cluster 5,0,93.70
Y1-TA-1_LGD-1,ghmmafmj-1,Cluster 3,0,21.31
Y1-TA-1_LGD-1,cocfdhoo-1,Cluster 2,0,63.40
Y1-TA-1_LGD-1,cocefmef-1,Cluster 2,0,76.68
Y1-TA-1_LGD-1,cocfjmek-1,Cluster 2,0,50.80
Y1-TA-1_LGD-1,ghpimemj-1,Cluster 13,0,43.80
Y1-TA-1_LGD-1,cocepnih-1,Cluster 2,0,56.81
Y1-TA-1_LGD-1,cocfhigb-1,Cluster 6,0,35.22
Y1-TA-1_LGD-1,ghpdohnc-1,Cluster 13,0,93.52
Y1-TA-1_LGD-1,codanoam-1,Cluster 3,0,33.28
Y1-TA-1_LGD-1,ghpilfid-1,Cluster 13,0,61.01
Y1-TA-1_LGD-1,cocfaejh-1,Cluster 17,0,29.80
Y1-TA-1_LGD-1,ghpdfcgo-1,Cluster 12,0,34.68
Y1-TA-1_LGD-1,ghpiknbf-1,Cluster 13,0,47.37
Y1-TA-1_LGD-1,ghpddjio-1,Cluster 8,0,48.72
Y1-TA-1_LGD-1,cocfdloj-1,Cluster 6,0,30.98
Y1-TA-1_LGD-1,ghpeeagd-1,Cluster 8,0,42.00
Y1-TA-1_LGD-1,ghpecfbl-1,Cluster 13,0,12.10
Y1-TA-1_LGD-1,ghpebmje-1,Cluster 5,0,56.72
Y1-TA-1_LGD-1,ghpeaoje-1,Cluster 1,0,34.82
Y1-TA-1_LGD-1,cocfgbpd-1,Cluster 2,0,114.47
Y1-TA-1_LGD-1,cocfnadf-1,Cluster 21,0,53.10
Y1-TA-1_LGD-1,cocfajco-1,Cluster 2,0,84.40
Y1-TA-1_LGD-1,ghpdppoa-1,Cluster 12,0,33.19
Y1-TA-1_LGD-1,ghpdpjon-1,Cluster 5,0,80.60
Y1-TA-1_LGD-1,ghpdpjmm-1,Cluster 16,0,38.07
Y1-TA-1_LGD-1,ghpeeooh-1,Cluster 5,0,52.92
Y1-TA-1_LGD-1,ghpdgill-1,Cluster 16,0,74.73
Y1-TA-1_LGD-1,ghpdgbjf-1,Cluster 1,0,46.33
Y1-TA-1_LGD-1,cocfaeeb-1,Cluster 2,0,44.12
Y1-TA-1_LGD-1,codbiadk-1,Cluster 2,0,55.14
Y1-TA-1_LGD-1,codbbebo-1,Cluster 17,0,45.92
Y1-TA-1_LGD-1,codapmkp-1,Cluster 6,0,23.80
Y1-TA-1_LGD-1,codbpocp-1,Cluster 2,0,34.36
Y1-TA-1_LGD-1,codbcdbj-1,Cluster 17,0,23.17
Y1-TA-1_LGD-1,codcbnoo-1,Cluster 6,0,23.93
Y1-TA-1_LGD-1,codalpbk-1,Cluster 2,0,45.02
Y1-TA-1_LGD-1,cobikofp-1,Cluster 2,0,48.32
Y1-TA-1_LGD-1,gimkagng-1,Cluster 2,0,89.18
Y1-TA-1_LGD-1,ginbfmop-1,Cluster 17,0,41.36
Y1-TA-1_LGD-1,ginndoln-1,Cluster 5,0,63.22
Y1-TA-1_LGD-1,ginnepem-1,Cluster 16,0,92.98
Y1-TA-1_LGD-1,ginndelh-1,Cluster 12,0,37.98
Y1-TA-1_LGD-1,gioabcak-1,Cluster 5,0,54.50
Y1-TA-1_LGD-1,giobgidp-1,Cluster 16,0,55.95
Y1-TA-1_LGD-1,ginedcob-1,Cluster 3,0,15.67
Y1-TA-1_LGD-1,gioamako-1,Cluster 3,0,23.71
Y1-TA-1_LGD-1,ginppcnj-1,Cluster 13,0,34.68
Y1-TA-1_LGD-1,gioaahgc-1,Cluster 7,0,64.12
Y1-TA-1_LGD-1,gioaacjd-1,Cluster 13,0,24.61
Y1-TA-1_LGD-1,ginebica-1,Cluster 3,0,50.80
Y1-TA-1_LGD-1,gioaijfa-1,Cluster 3,0,31.29
Y1-TA-1_LGD-1,gioakohd-1,Cluster 16,0,87.33
Y1-TA-1_LGD-1,gioapakp-1,Cluster 12,0,26.96
Y1-TA-1_LGD-1,ginpnkgg-1,Cluster 7,0,108.87
Y1-TA-1_LGD-1,ghpbbhkb-1,Cluster 7,0,116.73
Y1-TA-1_LGD-1,ghpbbpkf-1,Cluster 1,0,61.77
Y1-TA-1_LGD-1,ginpjkcn-1,Cluster 5,0,50.26
Y1-TA-1_LGD-1,gioajiao-1,Cluster 16,0,65.21
Y1-TA-1_LGD-1,ginpjgfk-1,Cluster 8,0,33.28
Y1-TA-1_LGD-1,ghpbfgnk-1,Cluster 13,0,51.03
Y1-TA-1_LGD-1,ghoogfli-1,Cluster 1,0,68.46
Y1-TA-1_LGD-1,ginpkeep-1,Cluster 5,0,38.74
Y1-TA-1_LGD-1,ginaiaab-1,Cluster 5,0,80.78
Y1-TA-1_LGD-1,coemikkf-1,Cluster 21,0,33.64
Y1-TA-1_LGD-1,coemkgja-1,Cluster 2,0,53.87
Y1-TA-1_LGD-1,coeokilo-1,Cluster 2,0,48.68
Y1-TA-1_LGD-1,coeomjfp-1,Cluster 6,0,51.93
Y1-TA-1_LGD-1,coeokdon-1,Cluster 2,0,51.39
Y1-TA-1_LGD-1,ghoohhbf-1,Cluster 6,0,14.72
Y1-TA-1_LGD-1,coepnibc-1,Cluster 2,0,59.74
Y1-TA-1_LGD-1,ghoohnho-1,Cluster 16,0,68.68
Y1-TA-1_LGD-1,cofabkbi-1,Cluster 2,0,29.89
Y1-TA-1_LGD-1,coepnnca-1,Cluster 17,0,72.52
Y1-TA-1_LGD-1,ghoopjli-1,Cluster 12,0,28.76
Y1-TA-1_LGD-1,ghpbhbmc-1,Cluster 5,0,80.47
Y1-TA-1_LGD-1,coemhcmj-1,Cluster 6,0,59.02
Y1-TA-1_LGD-1,gimjnhoc-1,Cluster 2,0,90.54
Y1-TA-1_LGD-1,coefplnd-1,Cluster 3,0,29.22
Y1-TA-1_LGD-1,gincpein-1,Cluster 17,0,101.42
Y1-TA-1_LGD-1,gimmkmip-1,Cluster 3,0,101.10
Y1-TA-1_LGD-1,ginmkckn-1,Cluster 5,0,60.42
Y1-TA-1_LGD-1,ginbfoij-1,Cluster 17,0,56.85
Y1-TA-1_LGD-1,gindmdko-1,Cluster 20,0,93.88
Y1-TA-1_LGD-1,coeecgfk-1,Cluster 2,0,57.98
Y1-TA-1_LGD-1,ginbdenc-1,Cluster 3,0,12.91
Y1-TA-1_LGD-1,ginmhdom-1,Cluster 3,0,88.82
Y1-TA-1_LGD-1,gineabae-1,Cluster 3,0,34.63
Y1-TA-1_LGD-1,coegbcmb-1,Cluster 3,0,57.08
Y1-TA-1_LGD-1,gimkmmhc-1,Cluster 10,0,61.91
Y1-TA-1_LGD-1,coeeckek-1,Cluster 2,0,51.88
Y1-TA-1_LGD-1,ginchnlb-1,Cluster 3,0,44.34
Y1-TA-1_LGD-1,ginbkild-1,Cluster 3,0,29.89
Y1-TA-1_LGD-1,ginchbeg-1,Cluster 3,0,48.95
Y1-TA-1_LGD-1,coefkcfo-1,Cluster 2,0,51.75
Y1-TA-1_LGD-1,gindemao-1,Cluster 3,0,32.69
Y1-TA-1_LGD-1,ginmjmbn-1,Cluster 3,0,42.09
Y1-TA-1_LGD-1,ginccdhk-1,Cluster 3,0,35.54
Y1-TA-1_LGD-1,gincjlca-1,Cluster 20,0,13.14
Y1-TA-1_LGD-1,coefmkaf-1,Cluster 2,0,78.12
Y1-TA-1_LGD-1,coeflbmb-1,Cluster 3,0,51.48
Y1-TA-1_LGD-1,gimkphgp-1,Cluster 3,0,21.49
Y1-TA-1_LGD-1,gindhgdf-1,Cluster 3,0,47.96
Y1-TA-1_LGD-1,coefhdhn-1,Cluster 2,0,78.35
Y1-TA-1_LGD-1,gindfman-1,Cluster 20,0,22.13
Y1-TA-1_LGD-1,coeefkfc-1,Cluster 2,0,87.02
Y1-TA-1_LGD-1,gimkhgdg-1,Cluster 3,0,87.38
Y1-TA-1_LGD-1,gindncke-1,Cluster 3,0,110.63
Y1-TA-1_LGD-1,coeebcjg-1,Cluster 2,0,64.62
Y1-TA-1_LGD-1,ginbfmpe-1,Cluster 6,0,62.27
Y1-TA-1_LGD-1,ginncpmk-1,Cluster 12,0,19.87
Y1-TA-1_LGD-1,ginellfh-1,Cluster 3,0,28.67
Y1-TA-1_LGD-1,ginngcep-1,Cluster 13,0,57.71
Y1-TA-1_LGD-1,coefaphb-1,Cluster 1,0,39.78
Y1-TA-1_LGD-1,cobhnhnk-1,Cluster 2,0,40.14
Y1-TA-1_LGD-1,cobiaekk-1,Cluster 2,0,89.27
Y1-TA-1_LGD-1,cobikaol-1,Cluster 2,0,59.43
Y1-TA-1_LGD-1,ginemhmi-1,Cluster 6,0,32.56
Y1-TA-1_LGD-1,cobhojee-1,Cluster 2,0,43.17
Y1-TA-1_LGD-1,cobglncd-1,Cluster 2,0,64.75
Y1-TA-1_LGD-1,ghplhfjb-1,Cluster 3,0,37.39
Y1-TA-1_LGD-1,ginejpdp-1,Cluster 3,0,27.82
Y1-TA-1_LGD-1,cobiicao-1,Cluster 6,0,23.48
Y1-TA-1_LGD-1,ghooniba-1,Cluster 5,0,60.96
Y1-TA-1_LGD-1,ghpaphji-1,Cluster 3,0,64.98
Y1-TA-1_LGD-1,coeaiekm-1,Cluster 18,0,80.38
Y1-TA-1_LGD-1,ghpboeoc-1,Cluster 6,0,46.15
Y1-TA-1_LGD-1,gineemlo-1,Cluster 3,0,29.26
Y1-TA-1_LGD-1,cobgipcm-1,Cluster 2,0,47.55
Y1-TA-1_LGD-1,cobifhbi-1,Cluster 2,0,31.84
Y1-TA-1_LGD-1,ghoonlnk-1,Cluster 1,0,21.22
Y1-TA-1_LGD-1,ghplhkob-1,Cluster 1,0,14.04
Y1-TA-1_LGD-1,ghopdkee-1,Cluster 5,0,22.17
Y1-TA-1_LGD-1,ghpbkled-1,Cluster 17,0,36.76
Y1-TA-1_LGD-1,ghpbllid-1,Cluster 1,0,52.61
Y1-TA-1_LGD-1,ghplkhdg-1,Cluster 17,0,61.77
Y1-TA-1_LGD-1,ghophgoh-1,Cluster 1,0,19.15
Y1-TA-1_LGD-1,cobgmkji-1,Cluster 2,0,24.34
Y1-TA-1_LGD-1,ghpbcfok-1,Cluster 16,0,41.95
Y1-TA-1_LGD-1,coeafled-1,Cluster 1,0,29.26
Y1-TA-1_LGD-1,cobgognl-1,Cluster 2,0,69.72
Y1-TA-1_LGD-1,ghopbbpo-1,Cluster 12,0,22.17
Y1-TA-1_LGD-1,cobgmcfg-1,Cluster 2,0,48.27
Y1-TA-1_LGD-1,coeaigfa-1,Cluster 2,0,128.02
Y1-TA-1_LGD-1,gineiimn-1,Cluster 6,0,33.64
Y1-TA-1_LGD-1,ghpljfol-1,Cluster 12,0,54.68
Y1-TA-1_LGD-1,ghoojaak-1,Cluster 8,0,41.72
Y1-TA-1_LGD-1,ghoonbhi-1,Cluster 5,0,56.85
Y1-TA-1_LGD-1,ghplgahf-1,Cluster 13,0,60.96
Y1-TA-1_LGD-1,ghoonghc-1,Cluster 12,0,34.23
Y1-TA-1_LGD-1,cobjoemn-1,Cluster 2,0,72.39
Y1-TA-1_LGD-1,cobkjdlj-1,Cluster 17,0,44.61
Y1-TA-1_LGD-1,coeelfme-1,Cluster 2,0,61.91
Y1-TA-1_LGD-1,cobjejgf-1,Cluster 2,0,54.32
Y1-TA-1_LGD-1,coeehmfc-1,Cluster 18,0,103.09
Y1-TA-1_LGD-1,cobjoapa-1,Cluster 2,0,63.90
Y1-TA-1_LGD-1,coeeofic-1,Cluster 2,0,111.76
Y1-TA-1_LGD-1,cobjniji-1,Cluster 2,0,78.71
Y1-TA-1_LGD-1,giaapfmp-1,Cluster 6,0,54.73
Y1-TA-1_LGD-1,coegejbe-1,Cluster 2,0,62.04
Y1-TA-1_LGD-1,coegeoda-1,Cluster 3,0,39.74
Y1-TA-1_LGD-1,gimindfc-1,Cluster 3,0,77.17
Y1-TA-1_LGD-1,coeejnpk-1,Cluster 2,0,41.45
Y1-TA-1_LGD-1,coegnobj-1,Cluster 6,0,51.61
Y1-TA-1_LGD-1,gincbijo-1,Cluster 17,0,80.87
Y1-TA-1_LGD-1,coefohab-1,Cluster 17,0,46.15
Y1-TA-1_LGD-1,cobmdmaa-1,Cluster 2,0,90.31
Y1-TA-1_LGD-1,ginbibpo-1,Cluster 6,0,45.20
Y1-TA-1_LGD-1,coefhahb-1,Cluster 2,0,137.91
Y1-TA-1_LGD-1,cobmcjga-1,Cluster 2,0,59.70
Y1-TA-1_LGD-1,coblmdna-1,Cluster 10,0,76.59
Y1-TA-1_LGD-1,ghpkklei-1,Cluster 10,0,46.19
Y1-TA-1_LGD-1,ginbpmgd-1,Cluster 2,0,49.90
Y1-TA-1_LGD-1,gincammj-1,Cluster 6,0,15.22
Y1-TA-1_LGD-1,giminpmk-1,Cluster 3,0,21.13
Y1-TA-1_LGD-1,coeffkhc-1,Cluster 6,0,42.18
Y1-TA-1_LGD-1,coefaoac-1,Cluster 2,0,67.10
Y1-TA-1_LGD-1,gimjdijp-1,Cluster 1,0,49.31
Y1-TA-1_LGD-1,giaallan-1,Cluster 2,0,34.14
Y1-TA-1_LGD-1,coblldmn-1,Cluster 2,0,71.26
Y1-TA-1_LGD-1,ginbmhpa-1,Cluster 2,0,53.74
Y1-TA-1_LGD-1,giaakgga-1,Cluster 10,0,41.05
Y1-TA-1_LGD-1,cobiemco-1,Cluster 18,0,56.40
Y1-TA-1_LGD-1,coefeagp-1,Cluster 6,0,22.13
Y1-TA-1_LGD-1,ginbdjeb-1,Cluster 2,0,55.77
Y1-TA-1_LGD-1,gimicfcd-1,Cluster 10,0,50.30
Y1-TA-1_LGD-1,coedeklk-1,Cluster 2,0,39.51
Y1-TA-1_LGD-1,coedgfcb-1,Cluster 2,0,46.06
Y1-TA-1_LGD-1,coedggmc-1,Cluster 6,0,50.08
Y1-TA-1_LGD-1,gimiafij-1,Cluster 17,0,54.77
Y1-TA-1_LGD-1,coedfdae-1,Cluster 10,0,56.08
Y1-TA-1_LGD-1,gimidlhe-1,Cluster 3,0,25.15
Y1-TA-1_LGD-1,gimildpb-1,Cluster 18,0,50.08
Y1-TA-1_LGD-1,gimigeji-1,Cluster 3,0,52.65
Y1-TA-1_LGD-1,gimlaebl-1,Cluster 2,0,75.91
Y1-TA-1_LGD-1,gimimdbb-1,Cluster 17,0,45.11
Y1-TA-1_LGD-1,gimicgja-1,Cluster 6,0,33.60
Y1-TA-1_LGD-1,gimkoinh-1,Cluster 3,0,73.11
Y1-TA-1_LGD-1,gimjfncn-1,Cluster 18,0,157.28
Y1-TA-1_LGD-1,coedodnj-1,Cluster 17,0,30.30
Y1-TA-1_LGD-1,gimihege-1,Cluster 2,0,87.60
Y1-TA-1_LGD-1,gimhbnng-1,Cluster 2,0,79.25
Y1-TA-1_LGD-1,ocgdplim-1,Unassigned,0,28.31
Y1-TA-1_LGD-1,gimhdnkn-1,Cluster 6,0,63.90
Y1-TA-1_LGD-1,giaebmbk-1,Cluster 2,0,67.24
Y1-TA-1_LGD-1,gimhbfbi-1,Cluster 3,0,28.81
Y1-TA-1_LGD-1,gimibdmk-1,Cluster 17,0,54.41
Y1-TA-1_LGD-1,gimholif-1,Cluster 4,0,18.60
Y1-TA-1_LGD-1,gimhophj-1,Cluster 4,0,46.24
Y1-TA-1_LGD-1,giafcdlg-1,Cluster 3,0,31.16
Y1-TA-1_LGD-1,gimhibon-1,Cluster 3,0,11.61
Y1-TA-1_LGD-1,ocgeaaml-1,Cluster 20,0,19.01
Y1-TA-1_LGD-1,gimiahpd-1,Cluster 17,0,10.30
Y1-TA-1_LGD-1,gimhibdc-1,Cluster 3,0,24.29
Y1-TA-1_LGD-1,coedmgkp-1,Cluster 2,0,48.23
Y1-TA-1_LGD-1,cobfhhpn-1,Cluster 2,0,46.24
Y1-TA-1_LGD-1,cocgefan-1,Cluster 17,0,51.61
Y1-TA-1_LGD-1,cobodbhj-1,Cluster 3,0,46.96
Y1-TA-1_LGD-1,ghplncmd-1,Cluster 17,0,25.74
Y1-TA-1_LGD-1,giaaoibn-1,Cluster 2,0,36.13
Y1-TA-1_LGD-1,ghplobob-1,Cluster 6,0,44.25
Y1-TA-1_LGD-1,giaamnhb-1,Cluster 22,0,43.21
Y1-TA-1_LGD-1,giaadfcc-1,Cluster 3,0,54.50
Y1-TA-1_LGD-1,giaaooin-1,Cluster 6,0,33.37
Y1-TA-1_LGD-1,giaaejcl-1,Cluster 6,0,30.57
Y1-TA-1_LGD-1,cobgdkij-1,Cluster 2,0,47.14
Y1-TA-1_LGD-1,cobncodm-1,Cluster 2,0,122.28
Y1-TA-1_LGD-1,ghpllpff-1,Cluster 3,0,37.52
Y1-TA-1_LGD-1,cobgbcjp-1,Cluster 2,0,56.99
Y1-TA-1_LGD-1,ghomofpn-1,Cluster 6,0,47.46
Y1-TA-1_LGD-1,cobgffdj-1,Cluster 10,0,50.80
Y1-TA-1_LGD-1,cobgmnag-1,Cluster 3,0,31.97
Y1-TA-1_LGD-1,cobgbgck-1,Cluster 2,0,53.92
Y1-TA-1_LGD-1,cobimlgj-1,Cluster 10,0,28.63
Y1-TA-1_LGD-1,cobidgcp-1,Cluster 6,0,25.47
Y1-TA-1_LGD-1,cobgfmfl-1,Cluster 6,0,33.05
Y1-TA-1_LGD-1,cobhhmgf-1,Cluster 21,0,105.85
Y1-TA-1_LGD-1,cobhhiai-1,Cluster 6,0,76.45
Y1-TA-1_LGD-1,cobgdjgc-1,Cluster 2,0,53.33
Y1-TA-1_LGD-1,cobgknlk-1,Cluster 2,0,30.66
Y1-TA-1_LGD-1,cobncicm-1,Cluster 6,0,22.31
Y1-TA-1_LGD-1,cobnbfga-1,Cluster 2,0,64.30
Y1-TA-1_LGD-1,cobmkflb-1,Cluster 2,0,162.92
Y1-TA-1_LGD-1,cobnafid-1,Cluster 2,0,85.35
Y1-TA-1_LGD-1,ghonjnae-1,Cluster 2,0,103.90
Y1-TA-1_LGD-1,ghpkaacb-1,Cluster 6,0,26.06
Y1-TA-1_LGD-1,ghpkhpml-1,Cluster 12,0,60.87
Y1-TA-1_LGD-1,giaadkdb-1,Cluster 1,0,49.54
Y1-TA-1_LGD-1,cobibdbj-1,Cluster 10,0,71.26
Y1-TA-1_LGD-1,cobhkmoo-1,Cluster 6,0,44.03
Y1-TA-1_LGD-1,ghpllibn-1,Cluster 2,0,55.90
Y1-TA-1_LGD-1,codppjim-1,Cluster 10,0,63.04
Y1-TA-1_LGD-1,ghpkngno-1,Cluster 17,0,82.59
Y1-TA-1_LGD-1,ghoncecg-1,Cluster 3,0,77.04
Y1-TA-1_LGD-1,cobnmlhb-1,Cluster 17,0,37.30
Y1-TA-1_LGD-1,cobkdhem-1,Cluster 2,0,27.73
Y1-TA-1_LGD-1,cobinmoi-1,Cluster 2,0,43.98
Y1-TA-1_LGD-1,cobfpbne-1,Cluster 2,0,30.44
Y1-TA-1_LGD-1,cobjdfpo-1,Cluster 2,0,44.48
Y1-TA-1_LGD-1,cobnedki-1,Cluster 2,0,29.67
Y1-TA-1_LGD-1,cobjcohj-1,Cluster 6,0,26.01
Y1-TA-1_LGD-1,giackmfa-1,Cluster 2,0,37.39
Y1-TA-1_LGD-1,giackpmc-1,Cluster 6,0,21.63
Y1-TA-1_LGD-1,giaabeig-1,Cluster 6,0,31.65
Y1-TA-1_LGD-1,cobfpjho-1,Cluster 10,0,57.80
Y1-TA-1_LGD-1,cobfipla-1,Cluster 2,0,37.93
Y1-TA-1_LGD-1,cobfkplg-1,Cluster 2,0,24.29
Y1-TA-1_LGD-1,cobfkhdo-1,Cluster 6,0,46.65
Y1-TA-1_LGD-1,giabdgkm-1,Cluster 3,0,19.60
Y1-TA-1_LGD-1,cobnhhhg-1,Cluster 2,0,35.94
Y1-TA-1_LGD-1,cobnfnka-1,Cluster 2,0,67.42
Y1-TA-1_LGD-1,cocblbao-1,Cluster 2,0,40.87
Y1-TA-1_LGD-1,coccdjnh-1,Cluster 2,0,37.93
Y1-TA-1_LGD-1,giaabipe-1,Cluster 6,0,40.01
Y1-TA-1_LGD-1,giabcdpf-1,Cluster 10,0,67.01
Y1-TA-1_LGD-1,cobmhnak-1,Cluster 2,0,89.23
Y1-TA-1_LGD-1,ghppplno-1,Cluster 2,0,19.73
Y1-TA-1_LGD-1,giaahgeg-1,Cluster 6,0,51.30
Y1-TA-1_LGD-1,giaacold-1,Cluster 6,0,71.30
Y1-TA-1_LGD-1,cobmgmep-1,Cluster 2,0,38.34
Y1-TA-1_LGD-1,cobkoicj-1,Cluster 2,0,71.17
Y1-TA-1_LGD-1,cobklpei-1,Cluster 6,0,44.12
Y1-TA-1_LGD-1,cobknecf-1,Cluster 2,0,88.33
Y1-TA-1_LGD-1,giaaghec-1,Cluster 2,0,22.76
Y1-TA-1_LGD-1,giaajeln-1,Cluster 6,0,66.92
Y1-TA-1_LGD-1,giaafopa-1,Cluster 17,0,16.17
Y1-TA-1_LGD-1,cobmhjfk-1,Cluster 17,0,74.19
Y1-TA-1_LGD-1,ocgdljno-1,Cluster 20,0,17.02
Y1-TA-1_LGD-1,cobldadp-1,Cluster 18,0,55.45
Y1-TA-1_LGD-1,coblidpe-1,Cluster 6,0,39.29
Y1-TA-1_LGD-1,ghppfpgk-1,Cluster 3,0,62.81
Y1-TA-1_LGD-1,ghpolpak-1,Cluster 10,0,21.45
Y1-TA-1_LGD-1,cocaodlj-1,Cluster 3,0,53.83
Y1-TA-1_LGD-1,ghpgpkpc-1,Cluster 17,0,20.05
Y1-TA-1_LGD-1,ghppbpib-1,Cluster 18,0,31.02
Y1-TA-1_LGD-1,cobocija-1,Cluster 3,0,64.17
Y1-TA-1_LGD-1,ghphjlck-1,Cluster 3,0,80.51
Y1-TA-1_LGD-1,ghpgopho-1,Cluster 3,0,24.20
Y1-TA-1_LGD-1,ghphidma-1,Cluster 6,0,32.33
Y1-TA-1_LGD-1,cocadofj-1,Cluster 3,0,56.58
Y1-TA-1_LGD-1,ghpigdgl-1,Cluster 16,0,94.60
Y1-TA-1_LGD-1,cocbedbl-1,Cluster 2,0,110.86
Y1-TA-1_LGD-1,cocbbdal-1,Cluster 3,0,75.86
Y1-TA-1_LGD-1,cocbdmme-1,Cluster 10,0,67.06
Y1-TA-1_LGD-1,cobppdkk-1,Cluster 17,0,41.14
Y1-TA-1_LGD-1,ghpiifcj-1,Cluster 1,0,39.78
Y1-TA-1_LGD-1,ghphidpo-1,Cluster 6,0,46.65
Y1-TA-1_LGD-1,cocaginm-1,Cluster 18,0,77.44
Y1-TA-1_LGD-1,cocabjpp-1,Cluster 17,0,46.15
Y1-TA-1_LGD-1,ghphogpn-1,Cluster 16,0,41.63
Y1-TA-1_LGD-1,cocaenhm-1,Cluster 2,0,56.26
Y1-TA-1_LGD-1,ghphabmj-1,Cluster 6,0,62.99
Y1-TA-1_LGD-1,ghphioea-1,Cluster 2,0,52.70
Y1-TA-1_LGD-1,ghpjkjoi-1,Cluster 6,0,68.91
Y1-TA-1_LGD-1,ghpigpod-1,Cluster 16,0,59.06
Y1-TA-1_LGD-1,ghpjiefp-1,Cluster 16,0,42.90
Y1-TA-1_LGD-1,ghpicjch-1,Cluster 5,0,55.14
Y1-TA-1_LGD-1,ghphngcg-1,Cluster 5,0,118.63
Y1-TA-1_LGD-1,cocdgdmg-1,Cluster 18,0,48.50
Y1-TA-1_LGD-1,ghpinecj-1,Cluster 13,0,57.17
Y1-TA-1_LGD-1,ghpibpnm-1,Cluster 6,0,28.27
Y1-TA-1_LGD-1,ghpiappj-1,Cluster 6,0,34.95
Y1-TA-1_LGD-1,ghpjbdge-1,Cluster 12,0,36.13
Y1-TA-1_LGD-1,ghphpane-1,Cluster 10,0,22.94
Y1-TA-1_LGD-1,ghpjdabp-1,Cluster 13,0,60.06
Y1-TA-1_LGD-1,cocgclfl-1,Cluster 2,0,29.31
Y1-TA-1_LGD-1,ghpkkace-1,Cluster 3,0,28.22
Y1-TA-1_LGD-1,cobfnefe-1,Cluster 2,0,62.00
Y1-TA-1_LGD-1,ghppoomf-1,Cluster 2,0,33.96
Y1-TA-1_LGD-1,cocbpbhj-1,Cluster 2,0,20.73
Y1-TA-1_LGD-1,cobfmgfa-1,Cluster 6,0,18.56
Y1-TA-1_LGD-1,cobfnaop-1,Cluster 2,0,52.65
Y1-TA-1_LGD-1,cocckagg-1,Cluster 10,0,33.42
Y1-TA-1_LGD-1,cocbphdj-1,Cluster 2,0,27.00
Y1-TA-1_LGD-1,cocbnbmo-1,Cluster 2,0,32.69
Y1-TA-1_LGD-1,ghppmlne-1,Cluster 17,0,32.96
Y1-TA-1_LGD-1,cobmjkhk-1,Cluster 2,0,54.14
Y1-TA-1_LGD-1,ocgdnjpk-1,Cluster 3,0,70.17
Y1-TA-1_LGD-1,ghppolge-1,Cluster 17,0,18.47
Y1-TA-1_LGD-1,coccoakj-1,Cluster 18,0,92.80
Y1-TA-1_LGD-1,cobnpdaa-1,Cluster 17,0,53.10
Y1-TA-1_LGD-1,ghpplpih-1,Cluster 10,0,93.16
Y1-TA-1_LGD-1,ghppofgn-1,Cluster 3,0,12.78
Y1-TA-1_LGD-1,ghppmmoj-1,Cluster 14,0,86.16
Y1-TA-1_LGD-1,cocckboh-1,Cluster 17,0,43.53
Y1-TA-1_LGD-1,coccjedk-1,Cluster 2,0,49.94
Y1-TA-1_LGD-1,cocdamij-1,Cluster 17,0,21.09
Y1-TA-1_LGD-1,ghppfgmk-1,Cluster 3,0,45.97
Y1-TA-1_LGD-1,cocbjnnm-1,Cluster 6,0,13.91
Y1-TA-1_LGD-1,ghppjgpe-1,Cluster 6,0,39.78
Y1-TA-1_LGD-1,cocamocb-1,Cluster 2,0,56.26
Y1-TA-1_LGD-1,coccifjf-1,Cluster 2,0,32.42
Y1-TA-1_LGD-1,ghppkigp-1,Cluster 3,0,19.10
Y1-TA-1_LGD-1,cocajone-1,Cluster 2,0,50.71
Y1-TA-1_LGD-1,cocanodl-1,Cluster 2,0,45.74
Y1-TA-1_LGD-1,cocbjnmp-1,Cluster 2,0,52.34
Y1-TA-1_LGD-1,ghppdcid-1,Cluster 2,0,28.36
Y1-TA-1_LGD-1,ghpplclg-1,Cluster 6,0,28.22
Y1-TA-1_LGD-1,ghppigol-1,Cluster 6,0,76.00
Y1-TA-1_LGD-1,cocbiohc-1,Cluster 2,0,37.30
Y1-TA-1_LGD-1,cocbgohp-1,Cluster 6,0,38.47
Y1-TA-1_LGD-1,ghpohngn-1,Cluster 3,0,11.70
Y1-TA-1_LGD-1,giaefdmn-1,Cluster 17,0,70.44
Y1-TA-1_LGD-1,giaeiipc-1,Cluster 3,0,28.09
Y1-TA-1_LGD-1,giaffhih-1,Cluster 5,0,66.83
Y1-TA-1_LGD-1,cobpddcl-1,Cluster 3,0,42.13
Y1-TA-1_LGD-1,giafgpkg-1,Cluster 3,0,23.35
Y1-TA-1_LGD-1,giaecfba-1,Cluster 6,0,55.86
Y1-TA-1_LGD-1,giaedlcf-1,Cluster 3,0,23.12
Y1-TA-1_LGD-1,giafhbnc-1,Cluster 16,0,66.92
Y1-TA-1_LGD-1,giaeamao-1,Cluster 8,0,71.17
Y1-TA-1_LGD-1,giaehldd-1,Cluster 3,0,40.37
Y1-TA-1_LGD-1,cobpckmp-1,Cluster 3,0,45.52
Y1-TA-1_LGD-1,cobooedd-1,Cluster 2,0,49.49
Y1-TA-1_LGD-1,cobolhkk-1,Cluster 2,0,68.59
Y1-TA-1_LGD-1,coedmpda-1,Cluster 2,0,49.76
Y1-TA-1_LGD-1,giacjbnm-1,Cluster 6,0,22.44
Y1-TA-1_LGD-1,giafbmia-1,Cluster 2,0,78.44
Y1-TA-1_LGD-1,giafapbh-1,Cluster 6,0,78.08
Y1-TA-1_LGD-1,giaejljh-1,Cluster 3,0,20.46
Y1-TA-1_LGD-1,cobfhgkf-1,Cluster 2,0,20.18
Y1-TA-1_LGD-1,giaciamg-1,Cluster 17,0,31.16
Y1-TA-1_LGD-1,cobfpknj-1,Cluster 2,0,60.37
Y1-TA-1_LGD-1,giaaadjp-1,Cluster 17,0,35.85
Y1-TA-1_LGD-1,cobfnhmm-1,Cluster 2,0,41.05
Y1-TA-1_LGD-1,giacjoam-1,Cluster 3,0,9.98
Y1-TA-1_LGD-1,cobonofb-1,Cluster 2,0,36.35
Y1-TA-1_LGD-1,cobkfepb-1,Cluster 17,0,19.01
Y1-TA-1_LGD-1,cobkkcnm-1,Cluster 6,0,53.56
Y1-TA-1_LGD-1,coedjjhm-1,Cluster 17,0,22.17
Y1-TA-1_LGD-1,cobkeboe-1,Cluster 17,0,45.61
Y1-TA-1_LGD-1,giabponi-1,Cluster 6,0,63.85
Y1-TA-1_LGD-1,giafcdln-1,Cluster 5,0,30.98
Y1-TA-1_LGD-1,giacekjn-1,Cluster 2,0,176.02
Y1-TA-1_LGD-1,giafcpan-1,Cluster 13,0,79.48
Y1-TA-1_LGD-1,giafdpgo-1,Cluster 16,0,62.81
Y1-TA-1_LGD-1,giaccial-1,Cluster 2,0,110.27
Y1-TA-1_LGD-1,giacalgh-1,Cluster 6,0,50.94
Y1-TA-1_LGD-1,giabifpi-1,Cluster 6,0,74.73
Y1-TA-1_LGD-1,giadeehd-1,Cluster 3,0,31.74
Y1-TA-1_LGD-1,giadffng-1,Cluster 10,0,51.34
Y1-TA-1_LGD-1,giadehmk-1,Cluster 3,0,35.72
Y1-TA-1_LGD-1,giafknmj-1,Cluster 12,0,18.06
Y1-TA-1_LGD-1,giafimbi-1,Cluster 3,0,10.39
Y1-TA-1_LGD-1,ghpodeon-1,Cluster 22,0,45.43
Y1-TA-1_LGD-1,giabhmgp-1,Cluster 3,0,8.22
Y1-TA-1_LGD-1,cobfiacj-1,Cluster 14,0,26.96
Y1-TA-1_LGD-1,ghpnklbl-1,Cluster 17,0,78.75
Y1-TA-1_LGD-1,giafikkh-1,Cluster 16,0,37.52
Y1-TA-1_LGD-1,giabmdej-1,Cluster 6,0,89.32
Y1-TA-1_LGD-1,giadiepc-1,Cluster 17,0,131.31
Y1-TA-1_LGD-1,cobpckfg-1,Cluster 3,0,78.17
Y1-TA-1_LGD-1,cobpcnim-1,Cluster 1,0,45.47
Y1-TA-1_LGD-1,giabooll-1,Cluster 17,0,76.99
Y1-TA-1_LGD-1,cobfidml-1,Cluster 22,0,78.12
Y1-TA-1_LGD-1,giacoejc-1,Cluster 3,0,19.78
Y1-TA-1_LGD-1,giafmkmj-1,Cluster 16,0,18.15
Y1-TA-1_LGD-1,cobfgnil-1,Cluster 2,0,73.70
Y1-TA-1_LGD-1,giadmhfa-1,Cluster 3,0,33.64
Y1-TA-1_LGD-1,giadbfal-1,Cluster 2,0,130.95
Y1-TA-1_LGD-1,ghpnplgd-1,Cluster 3,0,56.13
Y1-TA-1_LGD-1,giacoajj-1,Cluster 3,0,35.36
Y1-TA-1_LGD-1,coihpehg-1,Cluster 2,0,37.52
Y1-TA-1_LGD-1,ghlnlbhm-1,Cluster 13,0,70.26
Y1-TA-1_LGD-1,ghlngedc-1,Cluster 1,0,38.47
Y1-TA-1_LGD-1,gglgndli-1,Cluster 3,0,27.09
Y1-TA-1_LGD-1,ghlkdoga-1,Cluster 8,0,43.40
Y1-TA-1_LGD-1,ghlkhpba-1,Cluster 1,0,50.76
Y1-TA-1_LGD-1,gglimkca-1,Cluster 1,0,22.98
Y1-TA-1_LGD-1,gglipkbi-1,Cluster 12,0,29.58
Y1-TA-1_LGD-1,ggljcfid-1,Cluster 6,0,48.50
Y1-TA-1_LGD-1,gglijboo-1,Cluster 3,0,16.98
Y1-TA-1_LGD-1,gglihfhh-1,Cluster 16,0,37.12
Y1-TA-1_LGD-1,ggljbadk-1,Cluster 3,0,19.73
Y1-TA-1_LGD-1,gglglegk-1,Cluster 17,0,24.57
Y1-TA-1_LGD-1,gglihpkk-1,Cluster 5,0,44.66
Y1-TA-1_LGD-1,ggljdnmb-1,Cluster 6,0,197.78
Y1-TA-1_LGD-1,codojjfl-1,Cluster 2,0,53.56
Y1-TA-1_LGD-1,cododeih-1,Cluster 2,0,19.01
Y1-TA-1_LGD-1,ggliljeb-1,Cluster 12,0,35.27
Y1-TA-1_LGD-1,ggliaejb-1,Cluster 17,0,34.86
Y1-TA-1_LGD-1,codoaggh-1,Cluster 2,0,34.36
Y1-TA-1_LGD-1,codobhhn-1,Cluster 2,0,45.07
Y1-TA-1_LGD-1,codipmnn-1,Cluster 19,0,57.17
Y1-TA-1_LGD-1,gglifobh-1,Cluster 17,0,40.41
Y1-TA-1_LGD-1,codnpokc-1,Cluster 3,0,16.66
Y1-TA-1_LGD-1,codnlhoc-1,Cluster 2,0,49.18
Y1-TA-1_LGD-1,codipoac-1,Cluster 2,0,38.20
Y1-TA-1_LGD-1,codindhm-1,Cluster 2,0,51.34
Y1-TA-1_LGD-1,codngldj-1,Cluster 21,0,62.14
Y1-TA-1_LGD-1,codnimni-1,Cluster 19,0,44.03
Y1-TA-1_LGD-1,ggldfmam-1,Cluster 17,0,56.49
Y1-TA-1_LGD-1,ggljhjff-1,Cluster 3,0,10.97
Y1-TA-1_LGD-1,codnmbkm-1,Cluster 2,0,37.07
Y1-TA-1_LGD-1,ggljmhnn-1,Cluster 3,0,9.57
Y1-TA-1_LGD-1,codjblhh-1,Cluster 2,0,36.85
Y1-TA-1_LGD-1,gglgnllc-1,Cluster 17,0,27.27
Y1-TA-1_LGD-1,gglhinaj-1,Cluster 2,0,86.29
Y1-TA-1_LGD-1,ggldncon-1,Cluster 21,0,71.57
Y1-TA-1_LGD-1,ggliekop-1,Cluster 2,0,50.85
Y1-TA-1_LGD-1,gglicppf-1,Cluster 17,0,43.53
Y1-TA-1_LGD-1,gglhjifn-1,Cluster 17,0,70.99
Y1-TA-1_LGD-1,ggljlolo-1,Cluster 2,0,100.52
Y1-TA-1_LGD-1,codefmgp-1,Cluster 6,0,53.69
Y1-TA-1_LGD-1,ghlolbnp-1,Cluster 14,0,110.41
Y1-TA-1_LGD-1,ghljljda-1,Cluster 3,0,40.82
Y1-TA-1_LGD-1,ghmlihbo-1,Cluster 3,0,21.90
Y1-TA-1_LGD-1,codekpgi-1,Cluster 2,0,57.66
Y1-TA-1_LGD-1,ghljjgpc-1,Cluster 2,0,37.07
Y1-TA-1_LGD-1,ghljkibn-1,Cluster 11,0,62.50
Y1-TA-1_LGD-1,ghljmmca-1,Cluster 6,0,29.53
Y1-TA-1_LGD-1,ghljldjb-1,Cluster 3,0,24.88
Y1-TA-1_LGD-1,ghmlijdi-1,Cluster 2,0,97.81
Y1-TA-1_LGD-1,cocjbcka-1,Cluster 6,0,142.60
Y1-TA-1_LGD-1,ghmliobe-1,Cluster 3,0,65.21
Y1-TA-1_LGD-1,cociniaj-1,Cluster 6,0,64.93
Y1-TA-1_LGD-1,ghljnbak-1,Cluster 6,0,190.65
Y1-TA-1_LGD-1,ocgcafhn-1,Cluster 3,0,18.24
Y1-TA-1_LGD-1,coddlmli-1,Cluster 18,0,47.41
Y1-TA-1_LGD-1,ghlkbhfb-1,Cluster 4,0,34.54
Y1-TA-1_LGD-1,ghljfgke-1,Cluster 14,0,61.64
Y1-TA-1_LGD-1,ghlkcblg-1,Cluster 6,0,106.16
Y1-TA-1_LGD-1,coddkmea-1,Cluster 6,0,88.19
Y1-TA-1_LGD-1,ghmjdnkb-1,Cluster 6,0,74.06
Y1-TA-1_LGD-1,cociogja-1,Cluster 17,0,72.70
Y1-TA-1_LGD-1,ghmkbfnp-1,Cluster 5,0,68.91
Y1-TA-1_LGD-1,codeihll-1,Cluster 2,0,112.21
Y1-TA-1_LGD-1,cocioged-1,Cluster 18,0,86.97
Y1-TA-1_LGD-1,codechch-1,Cluster 2,0,173.85
Y1-TA-1_LGD-1,codefbcc-1,Cluster 2,0,89.59
Y1-TA-1_LGD-1,codehpjk-1,Cluster 18,0,97.67
Y1-TA-1_LGD-1,coddofgl-1,Cluster 6,0,65.57
Y1-TA-1_LGD-1,ghlkjenc-1,Cluster 12,0,34.27
Y1-TA-1_LGD-1,codidlip-1,Cluster 2,0,44.25
Y1-TA-1_LGD-1,ghmjdobd-1,Cluster 7,0,79.38
Y1-TA-1_LGD-1,ghlkkgbl-1,Cluster 12,0,42.99
Y1-TA-1_LGD-1,ghlkfdfd-1,Cluster 3,0,22.62
Y1-TA-1_LGD-1,ghlklnpo-1,Cluster 2,0,79.70
Y1-TA-1_LGD-1,ghlkjhoc-1,Cluster 16,0,34.27
Y1-TA-1_LGD-1,codlocmn-1,Cluster 18,0,65.39
Y1-TA-1_LGD-1,codincmn-1,Cluster 6,0,42.58
Y1-TA-1_LGD-1,gglolben-1,Cluster 8,0,26.51
Y1-TA-1_LGD-1,codkheip-1,Cluster 2,0,43.58
Y1-TA-1_LGD-1,codkfblk-1,Cluster 2,0,114.29
Y1-TA-1_LGD-1,ggloihkd-1,Cluster 12,0,30.25
Y1-TA-1_LGD-1,codkjebb-1,Cluster 6,0,45.16
Y1-TA-1_LGD-1,codkoeah-1,Cluster 10,0,71.53
Y1-TA-1_LGD-1,gglpajcd-1,Cluster 8,0,61.23
Y1-TA-1_LGD-1,codifdkl-1,Cluster 17,0,35.45
Y1-TA-1_LGD-1,gglopidf-1,Cluster 8,0,56.90
Y1-TA-1_LGD-1,codlncab-1,Cluster 6,0,77.85
Y1-TA-1_LGD-1,ggloinmb-1,Cluster 12,0,25.60
Y1-TA-1_LGD-1,ggmamgef-1,Cluster 8,0,48.36
Y1-TA-1_LGD-1,codmadbn-1,Cluster 2,0,60.28
Y1-TA-1_LGD-1,gglgnkpo-1,Cluster 5,0,79.34
Y1-TA-1_LGD-1,ggloffgn-1,Cluster 17,0,65.70
Y1-TA-1_LGD-1,gglojhbh-1,Cluster 1,0,17.34
Y1-TA-1_LGD-1,ggmallgk-1,Cluster 13,0,27.82
Y1-TA-1_LGD-1,gglokaah-1,Cluster 16,0,57.57
Y1-TA-1_LGD-1,ggloiien-1,Cluster 3,0,43.21
Y1-TA-1_LGD-1,ggloilal-1,Cluster 17,0,23.89
Y1-TA-1_LGD-1,codjnafg-1,Cluster 2,0,29.35
Y1-TA-1_LGD-1,codkfade-1,Cluster 21,0,77.58
Y1-TA-1_LGD-1,codkabfg-1,Cluster 2,0,39.15
Y1-TA-1_LGD-1,codjpfia-1,Cluster 2,0,60.06
Y1-TA-1_LGD-1,codjnpcg-1,Cluster 21,0,62.99
Y1-TA-1_LGD-1,codkanmh-1,Cluster 2,0,54.50
Y1-TA-1_LGD-1,codjoaae-1,Cluster 2,0,48.68
Y1-TA-1_LGD-1,codjmnee-1,Cluster 2,0,64.66
Y1-TA-1_LGD-1,gglhbeja-1,Cluster 6,0,120.12
Y1-TA-1_LGD-1,codiefoc-1,Cluster 18,0,39.24
Y1-TA-1_LGD-1,codjhcoj-1,Cluster 18,0,89.68
Y1-TA-1_LGD-1,ggmaignb-1,Cluster 18,0,29.76
Y1-TA-1_LGD-1,codjdape-1,Cluster 2,0,29.94
Y1-TA-1_LGD-1,ggmakakm-1,Cluster 2,0,28.27
Y1-TA-1_LGD-1,codjfbbh-1,Cluster 10,0,112.44
Y1-TA-1_LGD-1,ghlmofji-1,Cluster 10,0,77.49
Y1-TA-1_LGD-1,ghllndia-1,Cluster 3,0,36.80
Y1-TA-1_LGD-1,ghlodbkk-1,Cluster 1,0,55.59
Y1-TA-1_LGD-1,codeloan-1,Cluster 2,0,120.48
Y1-TA-1_LGD-1,ocgcdbao-1,Cluster 3,0,18.06
Y1-TA-1_LGD-1,ghlnnikk-1,Cluster 1,0,33.28
Y1-TA-1_LGD-1,codepfnf-1,Cluster 2,0,59.88
Y1-TA-1_LGD-1,ghlmmjpg-1,Cluster 6,0,16.08
Y1-TA-1_LGD-1,ghlmagpi-1,Cluster 17,0,30.53
Y1-TA-1_LGD-1,ghlljgdo-1,Cluster 1,0,55.81
Y1-TA-1_LGD-1,ghlmhbie-1,Cluster 6,0,77.35
Y1-TA-1_LGD-1,codfcaeg-1,Cluster 2,0,40.55
Y1-TA-1_LGD-1,ghllliic-1,Cluster 17,0,67.01
Y1-TA-1_LGD-1,codfplbc-1,Cluster 17,0,60.19
Y1-TA-1_LGD-1,ghlmbgka-1,Cluster 2,0,204.42
Y1-TA-1_LGD-1,ghlmlnie-1,Cluster 6,0,40.01
Y1-TA-1_LGD-1,codghlek-1,Cluster 8,0,102.28
Y1-TA-1_LGD-1,ghloipkk-1,Cluster 3,0,34.36
Y1-TA-1_LGD-1,ghlojenp-1,Cluster 3,0,60.10
Y1-TA-1_LGD-1,ghlommcl-1,Cluster 17,0,80.51
Y1-TA-1_LGD-1,ghlppohl-1,Cluster 17,0,97.63
Y1-TA-1_LGD-1,ghmafjji-1,Cluster 17,0,57.71
Y1-TA-1_LGD-1,ghlonmel-1,Cluster 6,0,67.69
Y1-TA-1_LGD-1,ghlomgme-1,Cluster 3,0,52.92
Y1-TA-1_LGD-1,ghlpiaip-1,Cluster 3,0,60.78
Y1-TA-1_LGD-1,ghlpjdme-1,Cluster 3,0,14.77
Y1-TA-1_LGD-1,ghlpfbpk-1,Cluster 3,0,36.26
Y1-TA-1_LGD-1,ghlpjlli-1,Cluster 3,0,36.03
Y1-TA-1_LGD-1,ghlpemdb-1,Cluster 3,0,38.16
Y1-TA-1_LGD-1,ghlpnemd-1,Cluster 5,0,36.80
Y1-TA-1_LGD-1,ghlpbjmo-1,Cluster 18,0,68.05
Y1-TA-1_LGD-1,ghlpdlin-1,Cluster 3,0,55.32
Y1-TA-1_LGD-1,ghlpbjll-1,Cluster 10,0,118.94
Y1-TA-1_LGD-1,codilalm-1,Cluster 18,0,77.17
Y1-TA-1_LGD-1,codmbkjl-1,Cluster 2,0,37.12
Y1-TA-1_LGD-1,cobdbbbk-1,Cluster 16,0,50.08
Y1-TA-1_LGD-1,ghldlkfc-1,Cluster 6,0,33.60
Y1-TA-1_LGD-1,ghmenhdm-1,Cluster 10,0,92.07
Y1-TA-1_LGD-1,ghmlfolf-1,Cluster 3,0,31.84
Y1-TA-1_LGD-1,cocnmlij-1,Cluster 1,0,49.04
Y1-TA-1_LGD-1,ghmlefek-1,Cluster 5,0,97.04
Y1-TA-1_LGD-1,ghmgokjk-1,Cluster 1,0,40.37
Y1-TA-1_LGD-1,ghmgpgpo-1,Cluster 8,0,49.76
Y1-TA-1_LGD-1,ghmhgmfk-1,Cluster 3,0,14.63
Y1-TA-1_LGD-1,ghmhhdap-1,Cluster 7,0,13.32
Y1-TA-1_LGD-1,ghmhldjh-1,Cluster 16,0,98.31
Y1-TA-1_LGD-1,ghmiaall-1,Cluster 5,0,23.93
Y1-TA-1_LGD-1,ghmiabmn-1,Cluster 1,0,73.47
Y1-TA-1_LGD-1,ghmgmica-1,Cluster 16,0,75.19
Y1-TA-1_LGD-1,ghmgmdgc-1,Cluster 16,0,132.53
Y1-TA-1_LGD-1,ghmhagpm-1,Cluster 1,0,20.68
Y1-TA-1_LGD-1,ghmhbhac-1,Cluster 1,0,45.34
Y1-TA-1_LGD-1,ghmghknf-1,Cluster 17,0,34.91
Y1-TA-1_LGD-1,ghmgfbci-1,Cluster 17,0,32.20
Y1-TA-1_LGD-1,ghmhbfpp-1,Cluster 6,0,90.54
Y1-TA-1_LGD-1,ghmgpjjj-1,Cluster 18,0,101.15
Y1-TA-1_LGD-1,ghmglbii-1,Cluster 3,0,25.69
Y1-TA-1_LGD-1,ghldipdc-1,Cluster 12,0,34.05
Y1-TA-1_LGD-1,ghmgogkp-1,Cluster 1,0,55.36
Y1-TA-1_LGD-1,ghllbdid-1,Cluster 2,0,69.22
Y1-TA-1_LGD-1,ghmlffdi-1,Cluster 6,0,38.92
Y1-TA-1_LGD-1,ghlknnnn-1,Cluster 2,0,81.60
Y1-TA-1_LGD-1,ghllbgna-1,Cluster 17,0,89.36
Y1-TA-1_LGD-1,coddkdko-1,Cluster 3,0,54.91
Y1-TA-1_LGD-1,ghllclbm-1,Cluster 17,0,104.49
Y1-TA-1_LGD-1,ghllchab-1,Cluster 4,0,61.14
Y1-TA-1_LGD-1,ghlklono-1,Cluster 13,0,16.93
Y1-TA-1_LGD-1,codejimp-1,Cluster 2,0,77.44
Y1-TA-1_LGD-1,cochlgla-1,Cluster 2,0,52.20
Y1-TA-1_LGD-1,ghlknjne-1,Cluster 2,0,47.37
Y1-TA-1_LGD-1,ghlnbobf-1,Cluster 3,0,16.80
Y1-TA-1_LGD-1,ghlkndci-1,Cluster 13,0,143.19
Y1-TA-1_LGD-1,ghmlfmbk-1,Cluster 3,0,33.60
Y1-TA-1_LGD-1,cocobafb-1,Cluster 17,0,31.25
Y1-TA-1_LGD-1,ghlhkoln-1,Cluster 17,0,78.89
Y1-TA-1_LGD-1,cocnclha-1,Cluster 2,0,51.16
Y1-TA-1_LGD-1,cocofmog-1,Cluster 2,0,30.16
Y1-TA-1_LGD-1,cocndbnk-1,Cluster 6,0,60.10
Y1-TA-1_LGD-1,ghlheoed-1,Cluster 12,0,67.15
Y1-TA-1_LGD-1,ghpdgmhd-1,Cluster 17,0,110.09
Y1-TA-1_LGD-1,ghlhpdni-1,Cluster 1,0,36.76
Y1-TA-1_LGD-1,cocnmkop-1,Cluster 21,0,43.53
Y1-TA-1_LGD-1,ghpdllid-1,Cluster 3,0,46.15
Y1-TA-1_LGD-1,cocoaimo-1,Cluster 2,0,71.08
Y1-TA-1_LGD-1,ghlhfifd-1,Cluster 3,0,38.92
Y1-TA-1_LGD-1,ghleajki-1,Cluster 6,0,125.85
Y1-TA-1_LGD-1,ghlecmal-1,Cluster 12,0,41.32
Y1-TA-1_LGD-1,ghlcplbl-1,Cluster 12,0,73.42
Y1-TA-1_LGD-1,ghlhhpgl-1,Cluster 1,0,72.57
Y1-TA-1_LGD-1,cocnmdia-1,Cluster 3,0,45.47
Y1-TA-1_LGD-1,ghlhgjbk-1,Cluster 20,0,69.09
Y1-TA-1_LGD-1,cocnojca-1,Cluster 6,0,25.92
Y1-TA-1_LGD-1,ghlhjjnk-1,Cluster 6,0,62.45
Y1-TA-1_LGD-1,cocnoakh-1,Cluster 17,0,57.35
Y1-TA-1_LGD-1,cocnfpdp-1,Cluster 2,0,39.29
Y1-TA-1_LGD-1,ghldccih-1,Cluster 6,0,66.92
Y1-TA-1_LGD-1,cocoglpb-1,Cluster 6,0,58.07
Y1-TA-1_LGD-1,ghmjahen-1,Cluster 6,0,14.50
Y1-TA-1_LGD-1,cocneimb-1,Cluster 2,0,19.42
Y1-TA-1_LGD-1,cocndphn-1,Cluster 17,0,41.00
Y1-TA-1_LGD-1,ghleaboc-1,Cluster 17,0,30.57
Y1-TA-1_LGD-1,cocnboif-1,Cluster 2,0,49.76
Y1-TA-1_LGD-1,cocnfkgn-1,Cluster 21,0,43.12
Y1-TA-1_LGD-1,cocnhffn-1,Cluster 2,0,39.38
Y1-TA-1_LGD-1,cocndjij-1,Cluster 2,0,48.09
Y1-TA-1_LGD-1,cocnlkjf-1,Cluster 2,0,28.63
Y1-TA-1_LGD-1,ghldgpfj-1,Cluster 3,0,31.70
Y1-TA-1_LGD-1,ghldpmje-1,Cluster 6,0,50.76
Y1-TA-1_LGD-1,ghlechgo-1,Cluster 12,0,42.22
Y1-TA-1_LGD-1,ghmfbmjc-1,Cluster 16,0,79.16
Y1-TA-1_LGD-1,ghmfjhag-1,Cluster 6,0,59.15
Y1-TA-1_LGD-1,codenpap-1,Cluster 2,0,30.25
Y1-TA-1_LGD-1,codhoamn-1,Cluster 2,0,35.09
Y1-TA-1_LGD-1,codgbibc-1,Cluster 2,0,28.18
Y1-TA-1_LGD-1,ghmenljg-1,Cluster 6,0,34.23
Y1-TA-1_LGD-1,codfniga-1,Cluster 2,0,39.83
Y1-TA-1_LGD-1,ghmfeeja-1,Cluster 3,0,31.61
Y1-TA-1_LGD-1,ghmgejlb-1,Cluster 2,0,21.00
Y1-TA-1_LGD-1,ghmfjick-1,Cluster 2,0,26.37
Y1-TA-1_LGD-1,codgeokp-1,Cluster 1,0,48.68
Y1-TA-1_LGD-1,ghmfhkmn-1,Cluster 2,0,64.62
Y1-TA-1_LGD-1,ghmgaefk-1,Cluster 6,0,45.02
Y1-TA-1_LGD-1,ghmfmljh-1,Cluster 18,0,84.26
Y1-TA-1_LGD-1,ghloiamk-1,Cluster 13,0,18.65
Y1-TA-1_LGD-1,ghlmhibk-1,Cluster 20,0,45.52
Y1-TA-1_LGD-1,ghmfgipi-1,Cluster 6,0,41.41
Y1-TA-1_LGD-1,ghloflgb-1,Cluster 5,0,7.36
Y1-TA-1_LGD-1,ghmfjacp-1,Cluster 14,0,91.89
Y1-TA-1_LGD-1,ghmfcnlc-1,Cluster 17,0,43.44
Y1-TA-1_LGD-1,ghlnklnp-1,Cluster 13,0,39.38
Y1-TA-1_LGD-1,codghakf-1,Cluster 1,0,46.10
Y1-TA-1_LGD-1,ghmfgcig-1,Cluster 17,0,20.50
Y1-TA-1_LGD-1,ghloigib-1,Cluster 1,0,21.54
Y1-TA-1_LGD-1,ghmfoffa-1,Cluster 2,0,57.21
Y1-TA-1_LGD-1,ghloghli-1,Cluster 16,0,47.50
Y1-TA-1_LGD-1,ghlmlmop-1,Cluster 5,0,28.95
Y1-TA-1_LGD-1,ghlndand-1,Cluster 1,0,24.66
Y1-TA-1_LGD-1,ghlohcam-1,Cluster 13,0,50.71
Y1-TA-1_LGD-1,ghlnhcfn-1,Cluster 16,0,79.88
Y1-TA-1_LGD-1,ghlmphfb-1,Cluster 1,0,36.58
Y1-TA-1_LGD-1,ghlnmljo-1,Cluster 7,0,52.29
Y1-TA-1_LGD-1,ghlnjolg-1,Cluster 12,0,39.29
Y1-TA-1_LGD-1,ghlnaknk-1,Cluster 16,0,45.83
Y1-TA-1_LGD-1,ghlnokkl-1,Cluster 5,0,44.75
Y1-TA-1_LGD-1,ghloanng-1,Cluster 13,0,10.34
Y1-TA-1_LGD-1,ghlmhpie-1,Cluster 5,0,38.34
Y1-TA-1_LGD-1,ghlgklpg-1,Cluster 2,0,78.44
Y1-TA-1_LGD-1,ghlfobom-1,Cluster 8,0,16.26
Y1-TA-1_LGD-1,ghlhofkd-1,Cluster 1,0,32.38
Y1-TA-1_LGD-1,ghlhdcaa-1,Cluster 5,0,118.13
Y1-TA-1_LGD-1,ghlfpgkf-1,Cluster 6,0,70.76
Y1-TA-1_LGD-1,ghlflilo-1,Cluster 10,0,27.18
Y1-TA-1_LGD-1,ghlghggi-1,Cluster 3,0,20.41
Y1-TA-1_LGD-1,ghlfpgha-1,Cluster 8,0,99.61
Y1-TA-1_LGD-1,ghlichlg-1,Cluster 1,0,57.53
Y1-TA-1_LGD-1,ghlgbnmf-1,Cluster 3,0,20.09
Y1-TA-1_LGD-1,ghliahkl-1,Cluster 8,0,205.46
Y1-TA-1_LGD-1,ghmeogcn-1,Cluster 18,0,42.04
Y1-TA-1_LGD-1,ghliabjj-1,Cluster 16,0,78.93
Y1-TA-1_LGD-1,ghmepjmh-1,Cluster 6,0,53.06
Y1-TA-1_LGD-1,ghmfakme-1,Cluster 6,0,71.03
Y1-TA-1_LGD-1,ghledkko-1,Cluster 16,0,74.82
Y1-TA-1_LGD-1,ghlfgibg-1,Cluster 1,0,33.33
Y1-TA-1_LGD-1,ghlekpno-1,Cluster 16,0,85.93
Y1-TA-1_LGD-1,ghlfedgd-1,Cluster 8,0,24.66
Y1-TA-1_LGD-1,ghlekafj-1,Cluster 13,0,45.70
Y1-TA-1_LGD-1,ghlficcc-1,Cluster 8,0,34.59
Y1-TA-1_LGD-1,ghlfhome-1,Cluster 8,0,45.38
Y1-TA-1_LGD-1,ocgcacnp-1,Cluster 12,0,14.99
Y1-TA-1_LGD-1,ghlehphh-1,Cluster 7,0,85.07
Y1-TA-1_LGD-1,ghleikca-1,Cluster 1,0,62.95
Y1-TA-1_LGD-1,ghlelipb-1,Cluster 4,0,60.19
Y1-TA-1_LGD-1,ghmegaoh-1,Cluster 6,0,49.58
Y1-TA-1_LGD-1,ghlepeej-1,Cluster 16,0,75.50
Y1-TA-1_LGD-1,codhfkie-1,Cluster 6,0,27.64
Y1-TA-1_LGD-1,codhjlhf-1,Cluster 1,0,47.05
Y1-TA-1_LGD-1,codhfmhn-1,Cluster 2,0,36.26
Y1-TA-1_LGD-1,ghmehjnd-1,Cluster 3,0,18.88
Y1-TA-1_LGD-1,codhjici-1,Cluster 6,0,27.55
Y1-TA-1_LGD-1,codfmaco-1,Cluster 17,0,20.14
Y1-TA-1_LGD-1,ghmejpkn-1,Cluster 6,0,29.22
Y1-TA-1_LGD-1,gihdjekm-1,Cluster 3,0,21.68
Y1-TA-1_LGD-1,gglpncda-1,Cluster 2,0,116.19
Y1-TA-1_LGD-1,gighabno-1,Cluster 17,0,154.84
Y1-TA-1_LGD-1,giggpegl-1,Cluster 3,0,47.73
Y1-TA-1_LGD-1,gighaloc-1,Cluster 20,0,44.61
Y1-TA-1_LGD-1,giggiagb-1,Cluster 3,0,87.06
Y1-TA-1_LGD-1,codldkbf-1,Cluster 6,0,68.37
Y1-TA-1_LGD-1,colkeglj-1,Cluster 3,0,48.41
Y1-TA-1_LGD-1,gigheppb-1,Cluster 18,0,86.34
Y1-TA-1_LGD-1,gglpnfga-1,Cluster 2,0,103.18
Y1-TA-1_LGD-1,codlioeg-1,Cluster 2,0,64.48
Y1-TA-1_LGD-1,ggmaoacg-1,Cluster 16,0,82.73
Y1-TA-1_LGD-1,gglpkalf-1,Cluster 12,0,56.67
Y1-TA-1_LGD-1,gglpejeg-1,Cluster 6,0,25.15
Y1-TA-1_LGD-1,ggmahbhn-1,Cluster 1,0,25.29
Y1-TA-1_LGD-1,ggmankfb-1,Cluster 8,0,22.76
Y1-TA-1_LGD-1,gglpjagb-1,Cluster 1,0,45.20
Y1-TA-1_LGD-1,gglpglig-1,Cluster 6,0,41.23
Y1-TA-1_LGD-1,gglpileg-1,Cluster 12,0,31.43
Y1-TA-1_LGD-1,gglpffdp-1,Cluster 8,0,129.82
Y1-TA-1_LGD-1,ggmahkji-1,Cluster 2,0,24.07
Y1-TA-1_LGD-1,codlmafj-1,Cluster 8,0,87.60
Y1-TA-1_LGD-1,gglphpad-1,Cluster 2,0,125.53
Y1-TA-1_LGD-1,clkipjmi-1,Cluster 2,0,137.55
Y1-TA-1_LGD-1,codlbopd-1,Cluster 17,0,53.33
Y1-TA-1_LGD-1,codkpnef-1,Cluster 16,0,50.85
Y1-TA-1_LGD-1,codlmkea-1,Cluster 2,0,60.01
Y1-TA-1_LGD-1,gglpgnck-1,Cluster 8,0,47.73
Y1-TA-1_LGD-1,gglpmcpa-1,Cluster 8,0,40.23
Y1-TA-1_LGD-1,codlenii-1,Cluster 2,0,58.07
Y1-TA-1_LGD-1,colkiaam-1,Cluster 2,0,57.94
Y1-TA-1_LGD-1,gglppppf-1,Cluster 2,0,29.17
Y1-TA-1_LGD-1,colkfdjb-1,Cluster 2,0,35.00
Y1-TA-1_LGD-1,colkeojg-1,Cluster 2,0,57.12
Y1-TA-1_LGD-1,gglblidh-1,Cluster 8,0,57.35
Y1-TA-1_LGD-1,ggmagicj-1,Cluster 18,0,76.09
Y1-TA-1_LGD-1,colkieim-1,Cluster 2,0,59.52
Y1-TA-1_LGD-1,gglbhlbi-1,Cluster 5,0,48.81
Y1-TA-1_LGD-1,codkokgj-1,Cluster 3,0,64.12
Y1-TA-1_LGD-1,gihbkmkp-1,Cluster 12,0,20.23
Y1-TA-1_LGD-1,gihcfmfo-1,Cluster 5,0,75.19
Y1-TA-1_LGD-1,gihcfhec-1,Cluster 8,0,42.40
Y1-TA-1_LGD-1,codfpjob-1,Cluster 1,0,47.46
Y1-TA-1_LGD-1,gigijjni-1,Cluster 4,0,54.82
Y1-TA-1_LGD-1,gihciklj-1,Cluster 12,0,37.80
Y1-TA-1_LGD-1,gihcdjjl-1,Cluster 13,0,25.51
Y1-TA-1_LGD-1,gigiffdi-1,Cluster 16,0,85.53
Y1-TA-1_LGD-1,gigiimon-1,Cluster 16,0,111.08
Y1-TA-1_LGD-1,gigicdlg-1,Cluster 8,0,91.17
Y1-TA-1_LGD-1,gigimcjg-1,Cluster 16,0,111.72
Y1-TA-1_LGD-1,gigimklg-1,Cluster 16,0,108.56
Y1-TA-1_LGD-1,gigimfge-1,Cluster 1,0,46.01
Y1-TA-1_LGD-1,gighnpgb-1,Cluster 16,0,107.20
Y1-TA-1_LGD-1,gighnegh-1,Cluster 8,0,81.06
Y1-TA-1_LGD-1,gigifmnp-1,Cluster 5,0,72.34
Y1-TA-1_LGD-1,gigibjbl-1,Cluster 8,0,73.88
Y1-TA-1_LGD-1,gigifbgn-1,Cluster 6,0,106.03
Y1-TA-1_LGD-1,gigieehe-1,Cluster 18,0,93.56
Y1-TA-1_LGD-1,gighmkjf-1,Cluster 2,0,44.03
Y1-TA-1_LGD-1,ghlmdean-1,Cluster 17,0,6.64
Y1-TA-1_LGD-1,ghlppkhd-1,Cluster 6,0,44.98
Y1-TA-1_LGD-1,gigjofkj-1,Cluster 10,0,40.51
Y1-TA-1_LGD-1,gigkhnck-1,Cluster 6,0,68.64
Y1-TA-1_LGD-1,gigkejok-1,Cluster 17,0,102.46
Y1-TA-1_LGD-1,codfpbmf-1,Cluster 18,0,122.64
Y1-TA-1_LGD-1,gigjlndk-1,Cluster 2,0,106.43
Y1-TA-1_LGD-1,gigjkfcl-1,Cluster 17,0,43.12
Y1-TA-1_LGD-1,gigkjjgp-1,Cluster 19,0,44.80
Y1-TA-1_LGD-1,gigklpln-1,Cluster 2,0,44.89
Y1-TA-1_LGD-1,ghlmggho-1,Cluster 2,0,29.08
Y1-TA-1_LGD-1,gigjphhh-1,Cluster 17,0,79.07
Y1-TA-1_LGD-1,gigjohei-1,Cluster 3,0,46.10
Y1-TA-1_LGD-1,gigkkhpe-1,Cluster 2,0,65.34
Y1-TA-1_LGD-1,giggjddi-1,Cluster 10,0,129.73
Y1-TA-1_LGD-1,gigkleoo-1,Cluster 6,0,87.78
Y1-TA-1_LGD-1,gigleekg-1,Cluster 3,0,58.12
Y1-TA-1_LGD-1,gighhpdg-1,Cluster 3,0,46.19
Y1-TA-1_LGD-1,gighjgfh-1,Cluster 3,0,14.00
Y1-TA-1_LGD-1,coidmmgn-1,Cluster 3,0,23.44
Y1-TA-1_LGD-1,coidneha-1,Cluster 3,0,25.87
Y1-TA-1_LGD-1,gighlkja-1,Cluster 3,0,27.50
Y1-TA-1_LGD-1,gglclpjn-1,Cluster 17,0,13.64
Y1-TA-1_LGD-1,coljhpcb-1,Cluster 1,0,40.28
Y1-TA-1_LGD-1,colnhccg-1,Cluster 6,0,62.50
Y1-TA-1_LGD-1,colmkacm-1,Cluster 2,0,77.17
Y1-TA-1_LGD-1,gighfbhn-1,Cluster 3,0,64.71
Y1-TA-1_LGD-1,colmkcfe-1,Cluster 6,0,32.83
Y1-TA-1_LGD-1,colmkpdk-1,Cluster 18,0,46.83
Y1-TA-1_LGD-1,colnejdo-1,Cluster 18,0,63.40
Y1-TA-1_LGD-1,colnkjmb-1,Cluster 2,0,44.93
Y1-TA-1_LGD-1,coljlmmn-1,Cluster 3,0,21.36
Y1-TA-1_LGD-1,coljhfgo-1,Cluster 17,0,44.52
Y1-TA-1_LGD-1,colnoplm-1,Cluster 3,0,49.18
Y1-TA-1_LGD-1,gighhnip-1,Cluster 3,0,73.11
Y1-TA-1_LGD-1,gglbbkll-1,Cluster 16,0,25.11
Y1-TA-1_LGD-1,coljhmep-1,Cluster 10,0,61.10
Y1-TA-1_LGD-1,colniohj-1,Cluster 3,0,19.10
Y1-TA-1_LGD-1,gglbbmkm-1,Cluster 3,0,33.82
Y1-TA-1_LGD-1,gigldbkn-1,Cluster 3,0,25.65
Y1-TA-1_LGD-1,gglbfhha-1,Cluster 3,0,36.22
Y1-TA-1_LGD-1,gighgmoi-1,Cluster 3,0,72.61
Y1-TA-1_LGD-1,gglbapfe-1,Cluster 16,0,52.52
Y1-TA-1_LGD-1,colimein-1,Cluster 3,0,40.64
Y1-TA-1_LGD-1,gighhelh-1,Cluster 3,0,27.50
Y1-TA-1_LGD-1,coljdbaj-1,Cluster 3,0,32.92
Y1-TA-1_LGD-1,coljjodb-1,Cluster 6,0,38.02
Y1-TA-1_LGD-1,gighllin-1,Cluster 17,0,51.75
Y1-TA-1_LGD-1,colkahde-1,Cluster 2,0,74.15
Y1-TA-1_LGD-1,colmlodo-1,Cluster 2,0,72.75
Y1-TA-1_LGD-1,coljngea-1,Cluster 2,0,83.09
Y1-TA-1_LGD-1,colmmgfc-1,Cluster 10,0,51.79
Y1-TA-1_LGD-1,gglboboi-1,Cluster 5,0,32.38
Y1-TA-1_LGD-1,gigmappn-1,Cluster 17,0,121.33
Y1-TA-1_LGD-1,coidppkh-1,Cluster 17,0,97.27
Y1-TA-1_LGD-1,giglolgb-1,Cluster 20,0,21.09
Y1-TA-1_LGD-1,gigkogpp-1,Cluster 3,0,20.14
Y1-TA-1_LGD-1,gigljffa-1,Cluster 20,0,48.45
Y1-TA-1_LGD-1,gigmdkmp-1,Cluster 17,0,32.33
Y1-TA-1_LGD-1,gigkagmj-1,Cluster 3,0,56.85
Y1-TA-1_LGD-1,gigkdebe-1,Cluster 6,0,139.44
Y1-TA-1_LGD-1,gigmnpkb-1,Cluster 6,0,87.65
Y1-TA-1_LGD-1,coidhfeg-1,Cluster 3,0,50.30
Y1-TA-1_LGD-1,coidhemc-1,Cluster 17,0,107.92
Y1-TA-1_LGD-1,gigmjmad-1,Cluster 3,0,35.94
Y1-TA-1_LGD-1,gihfeiae-1,Cluster 20,0,29.26
Y1-TA-1_LGD-1,gigljkee-1,Cluster 3,0,42.58
Y1-TA-1_LGD-1,coidjnga-1,Cluster 6,0,50.48
Y1-TA-1_LGD-1,coidpkef-1,Cluster 3,0,57.35
Y1-TA-1_LGD-1,coidlmfe-1,Cluster 17,0,87.60
Y1-TA-1_LGD-1,coidpiid-1,Cluster 17,0,112.89
Y1-TA-1_LGD-1,gigmcffk-1,Cluster 14,0,95.64
Y1-TA-1_LGD-1,coidigea-1,Cluster 18,0,124.72
Y1-TA-1_LGD-1,gigghdpd-1,Cluster 17,0,84.13
Y1-TA-1_LGD-1,gigjbgol-1,Cluster 17,0,86.16
Y1-TA-1_LGD-1,gigmccff-1,Cluster 6,0,35.81
Y1-TA-1_LGD-1,coidjche-1,Cluster 3,0,92.66
Y1-TA-1_LGD-1,gigjjbai-1,Cluster 3,0,40.64
Y1-TA-1_LGD-1,gigjiiam-1,Cluster 17,0,69.86
Y1-TA-1_LGD-1,gigmphjb-1,Cluster 3,0,32.60
Y1-TA-1_LGD-1,coidmeob-1,Cluster 3,0,45.25
Y1-TA-1_LGD-1,gigkgfie-1,Cluster 3,0,23.75
Y1-TA-1_LGD-1,coidfdjh-1,Cluster 6,0,131.50
Y1-TA-1_LGD-1,gigkekjf-1,Cluster 6,0,152.04
Y1-TA-1_LGD-1,coidodkk-1,Cluster 3,0,27.09
Y1-TA-1_LGD-1,gighhoka-1,Cluster 17,0,39.78
Y1-TA-1_LGD-1,coidneln-1,Cluster 6,0,28.18
Y1-TA-1_LGD-1,gighlhpp-1,Cluster 3,0,76.04
Y1-TA-1_LGD-1,gieledpn-1,Cluster 3,0,22.40
Y1-TA-1_LGD-1,giejolfc-1,Cluster 6,0,22.53
Y1-TA-1_LGD-1,giekbibc-1,Cluster 3,0,57.80
Y1-TA-1_LGD-1,codhpoom-1,Cluster 18,0,47.32
Y1-TA-1_LGD-1,giejnfmn-1,Cluster 2,0,43.80
Y1-TA-1_LGD-1,giekbkjk-1,Cluster 6,0,30.53
Y1-TA-1_LGD-1,codhpfmp-1,Cluster 12,0,39.11
Y1-TA-1_LGD-1,ghlfhgjb-1,Cluster 8,0,47.96
Y1-TA-1_LGD-1,giejolgc-1,Cluster 6,0,40.64
Y1-TA-1_LGD-1,giejpkom-1,Cluster 3,0,13.19
Y1-TA-1_LGD-1,giehfhih-1,Cluster 16,0,68.91
Y1-TA-1_LGD-1,giehneji-1,Cluster 3,0,26.55
Y1-TA-1_LGD-1,ghmfejhh-1,Cluster 1,0,67.78
Y1-TA-1_LGD-1,giejckmd-1,Cluster 7,0,17.84
Y1-TA-1_LGD-1,giejcgeo-1,Cluster 7,0,10.16
Y1-TA-1_LGD-1,giejiaal-1,Cluster 12,0,29.80
Y1-TA-1_LGD-1,giehknno-1,Cluster 16,0,75.77
Y1-TA-1_LGD-1,giejlafe-1,Cluster 3,0,17.29
Y1-TA-1_LGD-1,ghleoafd-1,Cluster 8,0,89.41
Y1-TA-1_LGD-1,giekdgaa-1,Cluster 3,0,21.13
Y1-TA-1_LGD-1,giehfkfo-1,Cluster 12,0,43.40
Y1-TA-1_LGD-1,giejgman-1,Cluster 16,0,61.23
Y1-TA-1_LGD-1,gieilfea-1,Cluster 13,0,29.22
Y1-TA-1_LGD-1,gieilcgp-1,Cluster 8,0,26.33
Y1-TA-1_LGD-1,ghlnhoal-1,Cluster 16,0,120.07
Y1-TA-1_LGD-1,ghmfcfmn-1,Cluster 12,0,29.71
Y1-TA-1_LGD-1,gieigkep-1,Cluster 5,0,50.71
Y1-TA-1_LGD-1,gihclkcn-1,Cluster 5,0,11.61
Y1-TA-1_LGD-1,codfobeg-1,Cluster 8,0,80.42
Y1-TA-1_LGD-1,gieiljog-1,Cluster 16,0,29.22
Y1-TA-1_LGD-1,gihcohpf-1,Cluster 16,0,96.68
Y1-TA-1_LGD-1,ghmfdnng-1,Cluster 8,0,88.01
Y1-TA-1_LGD-1,gieinbep-1,Cluster 8,0,64.44
Y1-TA-1_LGD-1,gieiolbm-1,Cluster 13,0,76.18
Y1-TA-1_LGD-1,giehpajp-1,Cluster 5,0,52.79
Y1-TA-1_LGD-1,gihbnpnl-1,Cluster 16,0,115.42
Y1-TA-1_LGD-1,gihchmme-1,Cluster 1,0,28.22
Y1-TA-1_LGD-1,gieiancg-1,Cluster 5,0,48.77
Y1-TA-1_LGD-1,giegmkeg-1,Cluster 3,0,10.61
Y1-TA-1_LGD-1,giempmcb-1,Cluster 17,0,14.27
Y1-TA-1_LGD-1,giegohgj-1,Cluster 17,0,17.39
Y1-TA-1_LGD-1,giegdbbc-1,Cluster 3,0,20.77
Y1-TA-1_LGD-1,codicmfj-1,Cluster 2,0,39.69
Y1-TA-1_LGD-1,giemejfn-1,Cluster 3,0,15.67
Y1-TA-1_LGD-1,giemmhif-1,Cluster 17,0,22.31
Y1-TA-1_LGD-1,giemjnlj-1,Cluster 2,0,26.55
Y1-TA-1_LGD-1,gielodhe-1,Cluster 17,0,31.97
Y1-TA-1_LGD-1,giefloac-1,Cluster 3,0,30.62
Y1-TA-1_LGD-1,codidimi-1,Cluster 17,0,23.21
Y1-TA-1_LGD-1,gielefaf-1,Cluster 17,0,19.19
Y1-TA-1_LGD-1,giemcdag-1,Cluster 3,0,20.86
Y1-TA-1_LGD-1,giemclol-1,Cluster 3,0,20.86
Y1-TA-1_LGD-1,gieggaak-1,Cluster 3,0,21.04
Y1-TA-1_LGD-1,ghlgdcnk-1,Cluster 20,0,20.14
Y1-TA-1_LGD-1,giegmedf-1,Cluster 3,0,5.28
Y1-TA-1_LGD-1,giefjhha-1,Cluster 3,0,29.98
Y1-TA-1_LGD-1,giegiepi-1,Cluster 3,0,44.57
Y1-TA-1_LGD-1,giegjkck-1,Cluster 3,0,14.09
Y1-TA-1_LGD-1,giemkbmo-1,Cluster 17,0,62.68
Y1-TA-1_LGD-1,giekjhoj-1,Cluster 17,0,22.58
Y1-TA-1_LGD-1,giefmibe-1,Cluster 3,0,16.17
Y1-TA-1_LGD-1,gieldpjh-1,Cluster 10,0,25.29
Y1-TA-1_LGD-1,giemhnfp-1,Cluster 17,0,125.17
Y1-TA-1_LGD-1,giemnock-1,Cluster 10,0,99.80
Y1-TA-1_LGD-1,giekihin-1,Cluster 3,0,22.40
Y1-TA-1_LGD-1,giekjfaf-1,Cluster 3,0,48.41
Y1-TA-1_LGD-1,giefkgcl-1,Cluster 4,0,13.68
Y1-TA-1_LGD-1,codhnknp-1,Cluster 17,0,37.89
Y1-TA-1_LGD-1,giehdfja-1,Cluster 3,0,12.55
Y1-TA-1_LGD-1,giekmnlg-1,Cluster 6,0,49.40
Y1-TA-1_LGD-1,gieknpge-1,Cluster 3,0,11.06
Y1-TA-1_LGD-1,giehemie-1,Cluster 3,0,8.44
Y1-TA-1_LGD-1,giegaojl-1,Cluster 12,0,90.72
Y1-TA-1_LGD-1,gihcjphp-1,Cluster 3,0,12.15
Y1-TA-1_LGD-1,gihpkhhf-1,Cluster 17,0,71.08
Y1-TA-1_LGD-1,gihbdapd-1,Cluster 3,0,29.08
Y1-TA-1_LGD-1,giejmjch-1,Cluster 3,0,34.50
Y1-TA-1_LGD-1,gihpjleg-1,Cluster 6,0,131.40
Y1-TA-1_LGD-1,coiddkba-1,Cluster 17,0,78.03
Y1-TA-1_LGD-1,coidebdg-1,Cluster 14,0,35.58
Y1-TA-1_LGD-1,coidefdi-1,Cluster 2,0,73.56
Y1-TA-1_LGD-1,gihbccbd-1,Cluster 3,0,35.04
Y1-TA-1_LGD-1,gihepand-1,Cluster 3,0,22.53
Y1-TA-1_LGD-1,giiaccom-1,Cluster 3,0,43.49
Y1-TA-1_LGD-1,giejlbnd-1,Cluster 6,0,76.49
Y1-TA-1_LGD-1,gihdhekg-1,Cluster 3,0,28.95
Y1-TA-1_LGD-1,gihckbkf-1,Cluster 8,0,80.42
Y1-TA-1_LGD-1,gihbdlao-1,Cluster 17,0,86.16
Y1-TA-1_LGD-1,gihdjegi-1,Cluster 3,0,55.32
Y1-TA-1_LGD-1,coidibpk-1,Cluster 3,0,56.54
Y1-TA-1_LGD-1,gihdaehb-1,Cluster 22,0,94.74
Y1-TA-1_LGD-1,gihdfeap-1,Cluster 14,0,63.31
Y1-TA-1_LGD-1,gihepppk-1,Cluster 17,0,33.01
Y1-TA-1_LGD-1,gihdgdmg-1,Cluster 8,0,85.80
Y1-TA-1_LGD-1,coidhlpp-1,Cluster 6,0,55.86
Y1-TA-1_LGD-1,gihellci-1,Cluster 17,0,86.34
Y1-TA-1_LGD-1,gihfkdap-1,Cluster 3,0,19.69
Y1-TA-1_LGD-1,gihdmeke-1,Cluster 8,0,43.21
Y1-TA-1_LGD-1,gihbmfce-1,Cluster 6,0,89.82
Y1-TA-1_LGD-1,gihdbgjj-1,Cluster 17,0,36.58
Y1-TA-1_LGD-1,gihdjhio-1,Cluster 1,0,17.43
Y1-TA-1_LGD-1,gihddgnm-1,Cluster 6,0,125.17
Y1-TA-1_LGD-1,gihcbphj-1,Cluster 1,0,116.59
Y1-TA-1_LGD-1,gihbmhfk-1,Cluster 3,0,22.22
Y1-TA-1_LGD-1,gihffenm-1,Cluster 17,0,52.38
Y1-TA-1_LGD-1,gihfkicj-1,Cluster 6,0,61.37
Y1-TA-1_LGD-1,gihfmobn-1,Cluster 1,0,48.50
Y1-TA-1_LGD-1,gihfnckb-1,Cluster 3,0,19.06
Y1-TA-1_LGD-1,gihdedjp-1,Cluster 1,0,60.19
Y1-TA-1_LGD-1,gihfjclm-1,Cluster 3,0,53.56
Y1-TA-1_LGD-1,giekhioe-1,Cluster 17,0,60.28
Y1-TA-1_LGD-1,gihcipjf-1,Cluster 3,0,32.78
Y1-TA-1_LGD-1,giiapgbb-1,Cluster 9,0,119.35
Y1-TA-1_LGD-1,giiankok-1,Cluster 17,0,64.30
Y1-TA-1_LGD-1,giiapfoe-1,Cluster 17,0,62.95
Y1-TA-1_LGD-1,giibbkaf-1,Cluster 17,0,38.83
Y1-TA-1_LGD-1,giibelhp-1,Cluster 3,0,9.93
Y1-TA-1_LGD-1,coikjemh-1,Cluster 3,0,17.88
Y1-TA-1_LGD-1,coikafck-1,Cluster 2,0,38.47
Y1-TA-1_LGD-1,gigppolk-1,Cluster 17,0,24.84
Y1-TA-1_LGD-1,giiahdab-1,Cluster 3,0,36.44
Y1-TA-1_LGD-1,coikaeec-1,Cluster 17,0,28.18
Y1-TA-1_LGD-1,coiiiibj-1,Cluster 17,0,27.82
Y1-TA-1_LGD-1,coikhloe-1,Cluster 17,0,27.27
Y1-TA-1_LGD-1,coiiklfd-1,Cluster 17,0,15.22
Y1-TA-1_LGD-1,coiifphl-1,Cluster 17,0,26.06
Y1-TA-1_LGD-1,giibjnnk-1,Cluster 17,0,18.06
Y1-TA-1_LGD-1,giibmcoa-1,Cluster 17,0,17.79
Y1-TA-1_LGD-1,coiigphm-1,Cluster 17,0,27.91
Y1-TA-1_LGD-1,giiaghag-1,Cluster 17,0,28.40
Y1-TA-1_LGD-1,giiahgjb-1,Cluster 17,0,20.32
Y1-TA-1_LGD-1,gihababk-1,Cluster 6,0,132.62
Y1-TA-1_LGD-1,giiakbep-1,Cluster 17,0,21.58
Y1-TA-1_LGD-1,gihpopbb-1,Cluster 12,0,57.12
Y1-TA-1_LGD-1,gihpjahj-1,Cluster 3,0,20.73
Y1-TA-1_LGD-1,giiajpnk-1,Cluster 10,0,116.50
Y1-TA-1_LGD-1,giiamoel-1,Cluster 3,0,7.09
Y1-TA-1_LGD-1,gihaghmi-1,Cluster 17,0,35.99
Y1-TA-1_LGD-1,gihbbjam-1,Cluster 3,0,46.06
Y1-TA-1_LGD-1,gihbhjob-1,Cluster 17,0,64.17
Y1-TA-1_LGD-1,gihcjhel-1,Cluster 6,0,160.35
Y1-TA-1_LGD-1,gihpgeem-1,Cluster 3,0,11.51
Y1-TA-1_LGD-1,giekffog-1,Cluster 3,0,26.28
Y1-TA-1_LGD-1,giekdmoc-1,Cluster 6,0,56.58
Y1-TA-1_LGD-1,gihbhcal-1,Cluster 3,0,70.76
Y1-TA-1_LGD-1,cobcpcoc-1,Cluster 17,0,20.73
Y1-TA-1_LGD-1,ghldalhc-1,Cluster 8,0,126.39
Y1-TA-1_LGD-1,ghmdmkdl-1,Cluster 5,0,57.48
Y1-TA-1_LGD-1,ghmdieab-1,Cluster 13,0,25.29
Y1-TA-1_LGD-1,cocdmlje-1,Cluster 2,0,72.39
Y1-TA-1_LGD-1,cocdeadc-1,Cluster 2,0,32.42
Y1-TA-1_LGD-1,cocdiino-1,Cluster 2,0,30.12
Y1-TA-1_LGD-1,cocdfolb-1,Cluster 2,0,51.52
Y1-TA-1_LGD-1,ghmdikod-1,Cluster 10,0,57.98
Y1-TA-1_LGD-1,cocgiboi-1,Cluster 21,0,23.39
Y1-TA-1_LGD-1,cocgljbg-1,Cluster 18,0,51.93
Y1-TA-1_LGD-1,cocggnlo-1,Cluster 2,0,61.23
Y1-TA-1_LGD-1,cocgngbj-1,Cluster 2,0,14.59
Y1-TA-1_LGD-1,cocgejml-1,Cluster 2,0,41.54
Y1-TA-1_LGD-1,ghmcdchl-1,Cluster 21,0,35.54
Y1-TA-1_LGD-1,ghmdgdil-1,Cluster 2,0,62.68
Y1-TA-1_LGD-1,cochckmh-1,Cluster 10,0,44.07
Y1-TA-1_LGD-1,cocgleaa-1,Cluster 2,0,44.52
Y1-TA-1_LGD-1,ghmciahf-1,Cluster 3,0,15.85
Y1-TA-1_LGD-1,ghmclcfb-1,Cluster 3,0,10.61
Y1-TA-1_LGD-1,cocfpkoj-1,Cluster 3,0,28.18
Y1-TA-1_LGD-1,cocgacja-1,Cluster 3,0,21.18
Y1-TA-1_LGD-1,ghlihfbd-1,Cluster 6,0,107.07
Y1-TA-1_LGD-1,ghmchahf-1,Cluster 17,0,30.71
Y1-TA-1_LGD-1,ghmdgbfk-1,Cluster 18,0,56.94
Y1-TA-1_LGD-1,ghlioldm-1,Cluster 13,0,89.64
Y1-TA-1_LGD-1,coceoccc-1,Cluster 6,0,23.93
Y1-TA-1_LGD-1,cocenfmg-1,Cluster 2,0,23.44
Y1-TA-1_LGD-1,cocekifb-1,Cluster 2,0,32.78
Y1-TA-1_LGD-1,ghmcdkej-1,Cluster 6,0,68.10
Y1-TA-1_LGD-1,cocgkmaj-1,Cluster 10,0,17.79
Y1-TA-1_LGD-1,ghlilnel-1,Cluster 3,0,24.07
Y1-TA-1_LGD-1,cocglfif-1,Cluster 10,0,35.22
Y1-TA-1_LGD-1,ghmcnllj-1,Cluster 17,0,31.07
Y1-TA-1_LGD-1,ghpdkpka-1,Cluster 3,0,77.04
Y1-TA-1_LGD-1,ghpdncec-1,Cluster 3,0,29.17
Y1-TA-1_LGD-1,ghlijgci-1,Cluster 13,0,50.76
Y1-TA-1_LGD-1,cocgjdpp-1,Cluster 21,0,68.64
Y1-TA-1_LGD-1,cocfonnc-1,Cluster 2,0,25.11
Y1-TA-1_LGD-1,ghpofjea-1,Cluster 17,0,120.61
Y1-TA-1_LGD-1,ghpgibji-1,Cluster 6,0,95.14
Y1-TA-1_LGD-1,ghpgjicb-1,Cluster 2,0,33.55
Y1-TA-1_LGD-1,cobcpbpl-1,Cluster 3,0,24.07
Y1-TA-1_LGD-1,ghpnnggg-1,Cluster 3,0,65.84
Y1-TA-1_LGD-1,cobpfbdl-1,Cluster 6,0,42.94
Y1-TA-1_LGD-1,cobdkjpa-1,Cluster 17,0,54.55
Y1-TA-1_LGD-1,cobdhaao-1,Cluster 17,0,36.49
Y1-TA-1_LGD-1,cobpidmn-1,Cluster 2,0,95.91
Y1-TA-1_LGD-1,ghpoibfg-1,Cluster 10,0,46.47
Y1-TA-1_LGD-1,ghpgghfm-1,Cluster 6,0,30.53
Y1-TA-1_LGD-1,cobpende-1,Cluster 18,0,130.41
Y1-TA-1_LGD-1,cocceifj-1,Cluster 2,0,38.43
Y1-TA-1_LGD-1,ghppdkpb-1,Cluster 6,0,51.70
Y1-TA-1_LGD-1,ghpgjbec-1,Cluster 10,0,95.19
Y1-TA-1_LGD-1,ghpfedoe-1,Cluster 14,0,119.80
Y1-TA-1_LGD-1,ghpgmocm-1,Cluster 17,0,57.80
Y1-TA-1_LGD-1,cocbghcp-1,Cluster 2,0,43.76
Y1-TA-1_LGD-1,cocaeamo-1,Cluster 2,0,59.97
Y1-TA-1_LGD-1,cobpjkmm-1,Cluster 14,0,85.21
Y1-TA-1_LGD-1,cobpmdnh-1,Cluster 6,0,48.90
Y1-TA-1_LGD-1,giailgen-1,Cluster 6,0,66.74
Y1-TA-1_LGD-1,ghppejik-1,Cluster 10,0,176.15
Y1-TA-1_LGD-1,cobppcof-1,Cluster 2,0,48.18
Y1-TA-1_LGD-1,ghphiaep-1,Cluster 17,0,29.67
Y1-TA-1_LGD-1,cobpnone-1,Cluster 3,0,32.24
Y1-TA-1_LGD-1,cobplpol-1,Cluster 2,0,162.47
Y1-TA-1_LGD-1,ghpheagh-1,Cluster 17,0,12.01
Y1-TA-1_LGD-1,ghmdgllp-1,Cluster 1,0,39.92
Y1-TA-1_LGD-1,cocdhomb-1,Cluster 18,0,69.09
Y1-TA-1_LGD-1,ghmdjcnb-1,Cluster 7,0,82.41
Y1-TA-1_LGD-1,cocdclko-1,Cluster 18,0,34.95
Y1-TA-1_LGD-1,cocdbboe-1,Cluster 6,0,16.57
Y1-TA-1_LGD-1,ghmdgecc-1,Cluster 1,0,56.08
Y1-TA-1_LGD-1,ghphmigh-1,Cluster 16,0,88.64
Y1-TA-1_LGD-1,ghmdkbkd-1,Cluster 12,0,22.80
Y1-TA-1_LGD-1,ghpgjbcd-1,Cluster 18,0,111.90
Y1-TA-1_LGD-1,ghpfdgch-1,Cluster 17,0,15.26
Y1-TA-1_LGD-1,ghmaihmj-1,Cluster 18,0,86.34
Y1-TA-1_LGD-1,ghpfmajj-1,Cluster 17,0,48.00
Y1-TA-1_LGD-1,ghpfhfap-1,Cluster 2,0,50.71
Y1-TA-1_LGD-1,ghpfjeha-1,Cluster 17,0,80.69
Y1-TA-1_LGD-1,ghpelakf-1,Cluster 20,0,95.64
Y1-TA-1_LGD-1,ghmdoafl-1,Cluster 12,0,12.96
Y1-TA-1_LGD-1,ghmbfcgn-1,Cluster 5,0,52.20
Y1-TA-1_LGD-1,ghmecmpi-1,Cluster 5,0,49.58
Y1-TA-1_LGD-1,ghmbmdic-1,Cluster 5,0,60.33
Y1-TA-1_LGD-1,ghmeaffn-1,Cluster 13,0,76.36
Y1-TA-1_LGD-1,ghmcacpm-1,Cluster 5,0,47.64
Y1-TA-1_LGD-1,ghmedbnn-1,Cluster 8,0,49.49
Y1-TA-1_LGD-1,ghmbmgce-1,Cluster 5,0,84.13
Y1-TA-1_LGD-1,ghmdhiob-1,Cluster 7,0,48.05
Y1-TA-1_LGD-1,ghmdhoge-1,Cluster 13,0,15.99
Y1-TA-1_LGD-1,ghljeebg-1,Cluster 7,0,64.17
Y1-TA-1_LGD-1,ghmbbjlp-1,Cluster 5,0,22.17
Y1-TA-1_LGD-1,cobcphge-1,Cluster 7,0,66.97
Y1-TA-1_LGD-1,ghljdcdg-1,Cluster 8,0,34.50
Y1-TA-1_LGD-1,ghmdcaob-1,Cluster 12,0,29.85
Y1-TA-1_LGD-1,ghlikllj-1,Cluster 8,0,43.44
Y1-TA-1_LGD-1,cobdbmgm-1,Cluster 1,0,59.02
Y1-TA-1_LGD-1,ghmecifc-1,Cluster 7,0,63.49
Y1-TA-1_LGD-1,ghmblfcd-1,Cluster 5,0,86.02
Y1-TA-1_LGD-1,ghmbddei-1,Cluster 16,0,49.13
Y1-TA-1_LGD-1,ghmblmbg-1,Cluster 5,0,54.05
Y1-TA-1_LGD-1,coddfiki-1,Cluster 1,0,45.88
Y1-TA-1_LGD-1,ghmdcbaa-1,Cluster 7,0,50.44
Y1-TA-1_LGD-1,ghlfklna-1,Cluster 1,0,50.03
Y1-TA-1_LGD-1,ghliegon-1,Cluster 1,0,48.86
Y1-TA-1_LGD-1,ghlfiogh-1,Cluster 5,0,107.20
Y1-TA-1_LGD-1,ghlficid-1,Cluster 5,0,39.56
Y1-TA-1_LGD-1,ghldbjek-1,Cluster 5,0,98.08
Y1-TA-1_LGD-1,ghlijdla-1,Cluster 8,0,37.93
Y1-TA-1_LGD-1,ghlfkigo-1,Cluster 13,0,166.67
Y1-TA-1_LGD-1,ghpmmaoe-1,Cluster 17,0,68.05
Y1-TA-1_LGD-1,ghpmihbb-1,Cluster 17,0,36.58
Y1-TA-1_LGD-1,ghpnfndl-1,Cluster 3,0,16.26
Y1-TA-1_LGD-1,ghpmmhbc-1,Cluster 6,0,42.99
Y1-TA-1_LGD-1,ghpmlfmj-1,Cluster 3,0,49.58
Y1-TA-1_LGD-1,ghpndjpc-1,Cluster 17,0,50.53
Y1-TA-1_LGD-1,cobbkedn-1,Cluster 10,0,145.09
Y1-TA-1_LGD-1,ghpnadec-1,Cluster 3,0,21.45
Y1-TA-1_LGD-1,ghpnhioh-1,Cluster 3,0,7.99
Y1-TA-1_LGD-1,cobdkffm-1,Cluster 17,0,56.76
Y1-TA-1_LGD-1,ghpnhphp-1,Cluster 3,0,9.30
Y1-TA-1_LGD-1,ghpmhkgp-1,Cluster 17,0,50.85
Y1-TA-1_LGD-1,ghpmljmp-1,Cluster 17,0,57.03
Y1-TA-1_LGD-1,ghpmdkif-1,Cluster 1,0,78.39
Y1-TA-1_LGD-1,ghpmkkcg-1,Cluster 3,0,51.97
Y1-TA-1_LGD-1,cobcbnmj-1,Cluster 17,0,62.32
Y1-TA-1_LGD-1,cobdjpem-1,Cluster 17,0,53.01
Y1-TA-1_LGD-1,ghpmilla-1,Cluster 3,0,26.73
Y1-TA-1_LGD-1,ghpminij-1,Cluster 3,0,33.73
Y1-TA-1_LGD-1,cobcjigp-1,Cluster 3,0,87.11
Y1-TA-1_LGD-1,cobcfmko-1,Cluster 3,0,27.05
Y1-TA-1_LGD-1,ghpnbnap-1,Cluster 3,0,21.22
Y1-TA-1_LGD-1,ghpejkpj-1,Cluster 6,0,110.72
Y1-TA-1_LGD-1,coddeacg-1,Cluster 2,0,47.87
Y1-TA-1_LGD-1,ghpgenhp-1,Cluster 6,0,31.70
Y1-TA-1_LGD-1,coddiofj-1,Cluster 17,0,104.58
Y1-TA-1_LGD-1,cobdiicj-1,Cluster 10,0,82.09
Y1-TA-1_LGD-1,ghpgcdan-1,Cluster 17,0,17.97
Y1-TA-1_LGD-1,ghpeomln-1,Cluster 3,0,13.95
Y1-TA-1_LGD-1,ghpfelhp-1,Cluster 6,0,36.08
Y1-TA-1_LGD-1,cobdhihi-1,Cluster 2,0,48.50
Y1-TA-1_LGD-1,ghpeigao-1,Cluster 17,0,100.11
Y1-TA-1_LGD-1,ghpekhkg-1,Cluster 1,0,35.99
Y1-TA-1_LGD-1,ghpeoich-1,Cluster 2,0,36.53
Y1-TA-1_LGD-1,ghpehbjj-1,Cluster 2,0,72.93
Y1-TA-1_LGD-1,cobbaoie-1,Cluster 14,0,62.36
Y1-TA-1_LGD-1,giabggha-1,Cluster 17,0,33.87
Y1-TA-1_LGD-1,giakjadd-1,Cluster 17,0,46.56
Y1-TA-1_LGD-1,giakjcdi-1,Cluster 3,0,23.71
Y1-TA-1_LGD-1,giabepdj-1,Cluster 17,0,58.30
Y1-TA-1_LGD-1,giakhimp-1,Cluster 17,0,44.57
Y1-TA-1_LGD-1,cobaipgh-1,Cluster 1,0,28.13
Y1-TA-1_LGD-1,giagjcaj-1,Cluster 17,0,30.07
Y1-TA-1_LGD-1,giaklgbf-1,Cluster 3,0,10.84
Y1-TA-1_LGD-1,gialaahh-1,Cluster 6,0,26.69
Y1-TA-1_LGD-1,gialbdpj-1,Cluster 17,0,60.87
Y1-TA-1_LGD-1,cobopefd-1,Cluster 6,0,42.58
Y1-TA-1_LGD-1,cobookdk-1,Cluster 17,0,26.82
Y1-TA-1_LGD-1,giaiboka-1,Cluster 17,0,54.46
Y1-TA-1_LGD-1,giajpfno-1,Cluster 14,0,147.12
Y1-TA-1_LGD-1,giajffdj-1,Cluster 17,0,19.69
Y1-TA-1_LGD-1,giablnab-1,Cluster 14,0,79.84
Y1-TA-1_LGD-1,giaibpkn-1,Cluster 6,0,32.92
Y1-TA-1_LGD-1,gialfdcp-1,Cluster 6,0,100.52
Y1-TA-1_LGD-1,giakkhhg-1,Cluster 17,0,10.48
Y1-TA-1_LGD-1,gialhjgn-1,Cluster 2,0,28.40
Y1-TA-1_LGD-1,giakodgm-1,Cluster 17,0,20.50
Y1-TA-1_LGD-1,cobbgdje-1,Cluster 18,0,38.11
Y1-TA-1_LGD-1,gialgick-1,Cluster 17,0,39.11
Y1-TA-1_LGD-1,giajakcb-1,Cluster 17,0,31.07
Y1-TA-1_LGD-1,giaijgim-1,Cluster 3,0,22.40
Y1-TA-1_LGD-1,cobbcipp-1,Cluster 2,0,56.63
Y1-TA-1_LGD-1,cobpaadl-1,Cluster 2,0,42.90
Y1-TA-1_LGD-1,cobbilgk-1,Cluster 2,0,25.02
Y1-TA-1_LGD-1,giajeamk-1,Cluster 3,0,26.19
Y1-TA-1_LGD-1,cobooklc-1,Cluster 18,0,67.19
Y1-TA-1_LGD-1,gialgllk-1,Cluster 6,0,40.19
Y1-TA-1_LGD-1,coboddgo-1,Cluster 18,0,45.38
Y1-TA-1_LGD-1,coboopca-1,Cluster 14,0,27.05
Y1-TA-1_LGD-1,gialbkpf-1,Cluster 17,0,20.23
Y1-TA-1_LGD-1,cobogdfo-1,Cluster 6,0,18.29
Y1-TA-1_LGD-1,cobopfbi-1,Cluster 14,0,34.36
Y1-TA-1_LGD-1,gialbflj-1,Cluster 10,0,79.84
Y1-TA-1_LGD-1,giakhajl-1,Cluster 3,0,25.78
Y1-TA-1_LGD-1,giabeaaa-1,Cluster 17,0,26.55
Y1-TA-1_LGD-1,giafomcd-1,Cluster 6,0,31.74
Y1-TA-1_LGD-1,giagkbhd-1,Cluster 18,0,70.49
Y1-TA-1_LGD-1,giahkjig-1,Cluster 6,0,113.61
Y1-TA-1_LGD-1,cobaionc-1,Cluster 18,0,39.92
Y1-TA-1_LGD-1,cobolelh-1,Cluster 6,0,26.96
Y1-TA-1_LGD-1,giagedig-1,Cluster 16,0,41.27
Y1-TA-1_LGD-1,cobahkmp-1,Cluster 6,0,50.44
Y1-TA-1_LGD-1,giaggmbm-1,Cluster 4,0,37.93
Y1-TA-1_LGD-1,giagnphp-1,Cluster 10,0,43.30
Y1-TA-1_LGD-1,giafpgcn-1,Cluster 17,0,31.93
Y1-TA-1_LGD-1,giagconc-1,Cluster 20,0,31.56
Y1-TA-1_LGD-1,giahkcfc-1,Cluster 3,0,34.63
Y1-TA-1_LGD-1,giahhpja-1,Cluster 17,0,23.93
Y1-TA-1_LGD-1,giaiaggf-1,Cluster 13,0,83.31
Y1-TA-1_LGD-1,giahjkmg-1,Cluster 3,0,30.03
Y1-TA-1_LGD-1,giahbaid-1,Cluster 6,0,18.83
Y1-TA-1_LGD-1,giahcgfo-1,Cluster 6,0,16.89
Y1-TA-1_LGD-1,cobbilfd-1,Cluster 3,0,41.23
Y1-TA-1_LGD-1,giahikma-1,Cluster 6,0,76.36
Y1-TA-1_LGD-1,coboefbf-1,Cluster 10,0,24.07
Y1-TA-1_LGD-1,giahblgd-1,Cluster 17,0,11.33
Y1-TA-1_LGD-1,giagkomp-1,Cluster 6,0,31.16
Y1-TA-1_LGD-1,cobbepni-1,Cluster 2,0,44.39
Y1-TA-1_LGD-1,giahailk-1,Cluster 17,0,25.60
Y1-TA-1_LGD-1,cobcmamp-1,Cluster 6,0,26.91
Y1-TA-1_LGD-1,ghpnaabj-1,Cluster 6,0,44.93
Y1-TA-1_LGD-1,ghpmnemd-1,Cluster 17,0,35.09
Y1-TA-1_LGD-1,ghpnfpao-1,Cluster 2,0,31.34
Y1-TA-1_LGD-1,cobamkop-1,Cluster 18,0,24.93
Y1-TA-1_LGD-1,ghpnaddj-1,Cluster 17,0,35.09
Y1-TA-1_LGD-1,cobepadg-1,Cluster 6,0,42.94
Y1-TA-1_LGD-1,cobajfno-1,Cluster 17,0,53.60
Y1-TA-1_LGD-1,ocgdmmmc-1,Cluster 3,0,9.98
Y1-TA-1_LGD-1,gifibfmj-1,Cluster 11,0,55.86
Y1-TA-1_LGD-1,gienhnhl-1,Cluster 6,0,26.73
Y1-TA-1_LGD-1,ghmbonah-1,Cluster 2,0,64.12
Y1-TA-1_LGD-1,gieojpcp-1,Cluster 17,0,134.34
Y1-TA-1_LGD-1,gieogkch-1,Cluster 6,0,138.27
Y1-TA-1_LGD-1,ghmcchhi-1,Cluster 6,0,242.17
Y1-TA-1_LGD-1,gieompoo-1,Cluster 3,0,27.55
Y1-TA-1_LGD-1,gieoljmo-1,Cluster 3,0,36.76
Y1-TA-1_LGD-1,coddakon-1,Cluster 1,0,55.00
Y1-TA-1_LGD-1,gieogmgi-1,Cluster 1,0,74.10
Y1-TA-1_LGD-1,codddgpg-1,Cluster 3,0,35.04
Y1-TA-1_LGD-1,gieolabe-1,Cluster 3,0,60.01
Y1-TA-1_LGD-1,gieoelml-1,Cluster 16,0,105.62
Y1-TA-1_LGD-1,coddcmna-1,Cluster 3,0,49.81
Y1-TA-1_LGD-1,ghmallcg-1,Cluster 13,0,63.53
Y1-TA-1_LGD-1,gienanae-1,Cluster 6,0,173.13
Y1-TA-1_LGD-1,gienldgj-1,Cluster 17,0,68.01
Y1-TA-1_LGD-1,ghmbekii-1,Cluster 16,0,177.24
Y1-TA-1_LGD-1,gieofiej-1,Cluster 8,0,50.39
Y1-TA-1_LGD-1,ghlhabeg-1,Cluster 3,0,11.65
Y1-TA-1_LGD-1,ghlhdmie-1,Cluster 12,0,67.10
Y1-TA-1_LGD-1,ghmbeigh-1,Cluster 6,0,110.59
Y1-TA-1_LGD-1,codgnfhd-1,Cluster 18,0,71.12
Y1-TA-1_LGD-1,gieofmcc-1,Cluster 6,0,91.53
Y1-TA-1_LGD-1,ghlgjbck-1,Cluster 2,0,51.57
Y1-TA-1_LGD-1,ghmaokol-1,Cluster 8,0,82.64
Y1-TA-1_LGD-1,giencaej-1,Cluster 14,0,42.49
Y1-TA-1_LGD-1,codicbgc-1,Cluster 18,0,62.41
Y1-TA-1_LGD-1,codhfcge-1,Cluster 2,0,50.62
Y1-TA-1_LGD-1,codhdkfl-1,Cluster 18,0,107.52
Y1-TA-1_LGD-1,codgnkha-1,Cluster 17,0,49.40
Y1-TA-1_LGD-1,giendcmp-1,Cluster 8,0,66.61
Y1-TA-1_LGD-1,giemkmma-1,Cluster 6,0,91.17
Y1-TA-1_LGD-1,giemmfpe-1,Cluster 10,0,68.82
Y1-TA-1_LGD-1,gienddgo-1,Cluster 17,0,18.24
Y1-TA-1_LGD-1,giencofj-1,Cluster 17,0,78.62
Y1-TA-1_LGD-1,codgpacg-1,Cluster 14,0,47.23
Y1-TA-1_LGD-1,gienmlcp-1,Cluster 3,0,100.92
Y1-TA-1_LGD-1,ghlhaigi-1,Cluster 1,0,32.06
Y1-TA-1_LGD-1,cobbmibf-1,Cluster 17,0,65.88
Y1-TA-1_LGD-1,gifddepa-1,Cluster 14,0,51.48
Y1-TA-1_LGD-1,giahgddj-1,Cluster 20,0,21.31
Y1-TA-1_LGD-1,gifhedbk-1,Cluster 17,0,33.82
Y1-TA-1_LGD-1,cobcanld-1,Cluster 17,0,109.01
Y1-TA-1_LGD-1,gielgjmg-1,Cluster 18,0,121.29
Y1-TA-1_LGD-1,gifhkkle-1,Cluster 1,0,43.85
Y1-TA-1_LGD-1,gielhedc-1,Cluster 17,0,41.45
Y1-TA-1_LGD-1,ghplocag-1,Cluster 6,0,83.27
Y1-TA-1_LGD-1,codcehop-1,Cluster 18,0,130.05
Y1-TA-1_LGD-1,ghpejkbg-1,Cluster 3,0,136.87
Y1-TA-1_LGD-1,gifgeicm-1,Cluster 3,0,59.15
Y1-TA-1_LGD-1,gifgibhb-1,Cluster 3,0,60.10
Y1-TA-1_LGD-1,cobcbbek-1,Cluster 19,0,69.13
Y1-TA-1_LGD-1,gielgehp-1,Cluster 3,0,39.69
Y1-TA-1_LGD-1,gifhaccd-1,Cluster 18,0,146.35
Y1-TA-1_LGD-1,cobclbbg-1,Cluster 17,0,127.25
Y1-TA-1_LGD-1,coddafia-1,Cluster 3,0,42.09
Y1-TA-1_LGD-1,cobcalip-1,Cluster 1,0,45.07
Y1-TA-1_LGD-1,gifhkdll-1,Cluster 3,0,27.41
Y1-TA-1_LGD-1,cobbljkf-1,Cluster 3,0,25.29
Y1-TA-1_LGD-1,ghpmahcn-1,Cluster 10,0,49.08
Y1-TA-1_LGD-1,gifgkddp-1,Cluster 19,0,82.41
Y1-TA-1_LGD-1,cobcakbi-1,Cluster 17,0,44.48
Y1-TA-1_LGD-1,giahfpph-1,Cluster 17,0,123.68
Y1-TA-1_LGD-1,coddjoop-1,Cluster 17,0,37.93
Y1-TA-1_LGD-1,gifginen-1,Cluster 3,0,86.07
Y1-TA-1_LGD-1,cobcacgi-1,Cluster 3,0,60.19
Y1-TA-1_LGD-1,ghpeglen-1,Cluster 3,0,24.66
Y1-TA-1_LGD-1,gifgnjlb-1,Cluster 3,0,86.84
Y1-TA-1_LGD-1,gifgpifm-1,Cluster 3,0,30.75
Y1-TA-1_LGD-1,gieljpoi-1,Cluster 3,0,34.45
Y1-TA-1_LGD-1,gielikip-1,Cluster 3,0,9.12
Y1-TA-1_LGD-1,codcpbgd-1,Cluster 3,0,81.19
Y1-TA-1_LGD-1,gielkonp-1,Cluster 3,0,63.40
Y1-TA-1_LGD-1,ghpeidpa-1,Cluster 3,0,52.16
Y1-TA-1_LGD-1,gifefapd-1,Cluster 1,0,43.80
Y1-TA-1_LGD-1,gifaikdc-1,Cluster 1,0,29.13
Y1-TA-1_LGD-1,gifaimmb-1,Cluster 3,0,21.09
Y1-TA-1_LGD-1,gihpedbm-1,Cluster 3,0,97.76
Y1-TA-1_LGD-1,gifagpdd-1,Cluster 17,0,43.94
Y1-TA-1_LGD-1,gihommbp-1,Cluster 3,0,11.33
Y1-TA-1_LGD-1,giiagape-1,Cluster 1,0,39.38
Y1-TA-1_LGD-1,giiacnel-1,Cluster 3,0,26.37
Y1-TA-1_LGD-1,gihpfjce-1,Cluster 6,0,71.80
Y1-TA-1_LGD-1,ocgihjkl-1,Cluster 3,0,8.72
Y1-TA-1_LGD-1,gihpddkj-1,Cluster 3,0,62.27
Y1-TA-1_LGD-1,giiafomp-1,Cluster 3,0,28.40
Y1-TA-1_LGD-1,giibplkg-1,Cluster 17,0,19.87
Y1-TA-1_LGD-1,coihmoca-1,Cluster 1,0,141.38
Y1-TA-1_LGD-1,gifanpmi-1,Cluster 3,0,74.78
Y1-TA-1_LGD-1,gihppkgg-1,Cluster 6,0,46.51
Y1-TA-1_LGD-1,gienlabm-1,Cluster 17,0,66.52
Y1-TA-1_LGD-1,giibolle-1,Cluster 3,0,13.14
Y1-TA-1_LGD-1,gihonfdk-1,Cluster 3,0,32.83
Y1-TA-1_LGD-1,giicelck-1,Cluster 17,0,26.33
Y1-TA-1_LGD-1,giiafdag-1,Cluster 6,0,107.88
Y1-TA-1_LGD-1,coiicofe-1,Cluster 9,0,93.29
Y1-TA-1_LGD-1,giibpjgf-1,Cluster 6,0,113.12
Y1-TA-1_LGD-1,coiicinp-1,Cluster 17,0,43.35
Y1-TA-1_LGD-1,ocgiihim-1,Cluster 3,0,41.32
Y1-TA-1_LGD-1,coijoflb-1,Cluster 6,0,68.14
Y1-TA-1_LGD-1,giichcaa-1,Cluster 17,0,93.56
Y1-TA-1_LGD-1,giickali-1,Cluster 10,0,134.48
Y1-TA-1_LGD-1,giicgjaj-1,Cluster 17,0,38.74
Y1-TA-1_LGD-1,gihplojh-1,Cluster 18,0,89.54
Y1-TA-1_LGD-1,gienfclg-1,Cluster 3,0,19.10
Y1-TA-1_LGD-1,coihofok-1,Cluster 2,0,35.45
Y1-TA-1_LGD-1,gienmmch-1,Cluster 3,0,38.16
Y1-TA-1_LGD-1,gienglkc-1,Unassigned,0,11.83
Y1-TA-1_LGD-1,coihlfmc-1,Cluster 6,0,62.36
Y1-TA-1_LGD-1,coikahcj-1,Cluster 17,0,33.51
Y1-TA-1_LGD-1,coiifddc-1,Cluster 2,0,50.76
Y1-TA-1_LGD-1,gifclech-1,Cluster 17,0,27.23
Y1-TA-1_LGD-1,gifgigmi-1,Cluster 3,0,38.92
Y1-TA-1_LGD-1,gifdggdf-1,Cluster 6,0,73.24
Y1-TA-1_LGD-1,gifbpplk-1,Cluster 3,0,57.35
Y1-TA-1_LGD-1,gifhilap-1,Cluster 3,0,26.87
Y1-TA-1_LGD-1,gifcbmmp-1,Cluster 3,0,8.31
Y1-TA-1_LGD-1,gifjcbeb-1,Cluster 17,0,130.00
Y1-TA-1_LGD-1,gifbnkon-1,Cluster 3,0,32.60
Y1-TA-1_LGD-1,gifdcmko-1,Cluster 17,0,50.08
Y1-TA-1_LGD-1,gifcipjg-1,Cluster 3,0,9.62
Y1-TA-1_LGD-1,gifddhkf-1,Cluster 14,0,101.74
Y1-TA-1_LGD-1,gifcaepf-1,Cluster 17,0,16.89
Y1-TA-1_LGD-1,cohpemnh-1,Cluster 17,0,41.14
Y1-TA-1_LGD-1,gifcdnkl-1,Cluster 3,0,51.57
Y1-TA-1_LGD-1,gifdaflp-1,Cluster 17,0,72.11
Y1-TA-1_LGD-1,gifijieg-1,Cluster 17,0,45.88
Y1-TA-1_LGD-1,gifbnkjo-1,Cluster 17,0,60.92
Y1-TA-1_LGD-1,ocgigppp-1,Cluster 17,0,115.74
Y1-TA-1_LGD-1,gifcdjej-1,Cluster 17,0,29.80
Y1-TA-1_LGD-1,gifdfghd-1,Cluster 6,0,65.16
Y1-TA-1_LGD-1,gifaghoo-1,Cluster 3,0,42.90
Y1-TA-1_LGD-1,gifelfai-1,Cluster 3,0,38.97
Y1-TA-1_LGD-1,gifakldf-1,Cluster 17,0,77.67
Y1-TA-1_LGD-1,gifamdao-1,Cluster 10,0,47.96
Y1-TA-1_LGD-1,gifalfmm-1,Cluster 6,0,52.79
Y1-TA-1_LGD-1,gifemldd-1,Cluster 17,0,118.40
Y1-TA-1_LGD-1,gifbdamh-1,Cluster 3,0,21.90
Y1-TA-1_LGD-1,gifbnjgb-1,Cluster 17,0,28.31
Y1-TA-1_LGD-1,gifbejll-1,Cluster 3,0,12.96
Y1-TA-1_LGD-1,gifbalbd-1,Cluster 18,0,89.54
Y1-TA-1_LGD-1,gifanhpk-1,Cluster 6,0,58.34
Y1-TA-1_LGD-1,gifbdpan-1,Cluster 3,0,54.82
Y1-TA-1_LGD-1,gifehdgo-1,Cluster 17,0,48.27
Y1-TA-1_LGD-1,gihonggo-1,Cluster 18,0,30.80
Y1-TA-1_LGD-1,gifapdhn-1,Cluster 3,0,30.53
Y1-TA-1_LGD-1,cobeonoo-1,Cluster 14,0,124.99
Y1-TA-1_LGD-1,cobepabe-1,Cluster 17,0,86.38
Y1-TA-1_LGD-1,cobdlhol-1,Cluster 10,0,109.59
Y1-TA-1_LGD-1,cobeoipg-1,Cluster 14,0,86.79
Y1-TA-1_LGD-1,giagefbk-1,Cluster 5,0,97.76
Y1-TA-1_LGD-1,cobfaebo-1,Cluster 17,0,41.63
Y1-TA-1_LGD-1,gifidlke-1,Cluster 17,0,97.40
Y1-TA-1_LGD-1,giagfiem-1,Cluster 17,0,76.86
Y1-TA-1_LGD-1,cobdllgp-1,Cluster 17,0,89.05
Y1-TA-1_LGD-1,gifneojj-1,Cluster 17,0,56.90
Y1-TA-1_LGD-1,giflnbfh-1,Cluster 17,0,118.31
Y1-TA-1_LGD-1,gifidefc-1,Cluster 3,0,34.45
Y1-TA-1_LGD-1,giagjlih-1,Cluster 17,0,26.37
Y1-TA-1_LGD-1,giflmbcf-1,Cluster 2,0,16.53
Y1-TA-1_LGD-1,cobdloco-1,Cluster 17,0,89.95
Y1-TA-1_LGD-1,cobedkji-1,Cluster 6,0,124.22
Y1-TA-1_LGD-1,gifmdagc-1,Cluster 20,0,22.67
Y1-TA-1_LGD-1,giflkbme-1,Cluster 3,0,17.61
Y1-TA-1_LGD-1,gififafe-1,Cluster 3,0,39.96
Y1-TA-1_LGD-1,gifmgfpp-1,Cluster 3,0,33.14
Y1-TA-1_LGD-1,gifmgjkp-1,Cluster 6,0,63.08
Y1-TA-1_LGD-1,gifmhdob-1,Cluster 20,0,30.53
Y1-TA-1_LGD-1,cobefaee-1,Cluster 17,0,71.53
Y1-TA-1_LGD-1,ghpmhhek-1,Cluster 17,0,47.73
Y1-TA-1_LGD-1,gifmjbeo-1,Cluster 14,0,33.14
Y1-TA-1_LGD-1,giahfdfb-1,Cluster 1,0,127.75
Y1-TA-1_LGD-1,cobffhgn-1,Cluster 17,0,66.29
Y1-TA-1_LGD-1,cobfejib-1,Cluster 6,0,34.14
Y1-TA-1_LGD-1,ghpmeigj-1,Cluster 6,0,56.49
Y1-TA-1_LGD-1,giagjkoc-1,Cluster 2,0,24.88
Y1-TA-1_LGD-1,gifmjcbo-1,Cluster 19,0,18.60
Y1-TA-1_LGD-1,giflnbce-1,Cluster 1,0,41.91
Y1-TA-1_LGD-1,giflkpfa-1,Cluster 17,0,56.26
Y1-TA-1_LGD-1,gifncdib-1,Cluster 17,0,182.30
Y1-TA-1_LGD-1,gifjmjgh-1,Cluster 3,0,15.22
Y1-TA-1_LGD-1,cohpphlp-1,Cluster 9,0,41.41
Y1-TA-1_LGD-1,cohpecnl-1,Cluster 3,0,28.22
Y1-TA-1_LGD-1,cohphiio-1,Cluster 3,0,41.45
Y1-TA-1_LGD-1,giflegdl-1,Cluster 17,0,55.81
Y1-TA-1_LGD-1,gifnfofp-1,Cluster 17,0,57.89
Y1-TA-1_LGD-1,gifihpho-1,Cluster 3,0,52.79
Y1-TA-1_LGD-1,gifippdj-1,Cluster 17,0,76.13
Y1-TA-1_LGD-1,gifjepgl-1,Cluster 3,0,96.45
Y1-TA-1_LGD-1,gifhlmpi-1,Cluster 17,0,54.19
Y1-TA-1_LGD-1,gifjfehk-1,Cluster 3,0,39.47
Y1-TA-1_LGD-1,gifjnmij-1,Cluster 3,0,24.11
Y1-TA-1_LGD-1,gifkeglc-1,Cluster 9,0,32.56
Y1-TA-1_LGD-1,gifjhfog-1,Cluster 17,0,96.82
Y1-TA-1_LGD-1,gifjjfak-1,Cluster 3,0,23.62
Y1-TA-1_LGD-1,cohppgac-1,Cluster 3,0,18.97
Y1-TA-1_LGD-1,gifjlchf-1,Cluster 17,0,45.34
Y1-TA-1_LGD-1,gifjcmko-1,Cluster 3,0,60.46
Y1-TA-1_LGD-1,giflcnke-1,Cluster 17,0,149.47
Y1-TA-1_LGD-1,gifimipj-1,Cluster 17,0,142.24
Y1-TA-1_LGD-1,cohpghfk-1,Cluster 3,0,22.94
Y1-TA-1_LGD-1,cohpgifl-1,Cluster 3,0,31.65
Y1-TA-1_LGD-1,gififoda-1,Cluster 17,0,45.29
Y1-TA-1_LGD-1,gifimlhe-1,Cluster 3,0,23.57
Y1-TA-1_LGD-1,coiphcid-1,Cluster 3,0,48.77
Y1-TA-1_LGD-1,cofpgpei-1,Cluster 3,0,34.09
Y1-TA-1_LGD-1,gobmagbp-1,Cluster 7,0,40.05
Y1-TA-1_LGD-1,cojbhgnl-1,Cluster 1,0,48.23
Y1-TA-1_LGD-1,gnnjcolb-1,Cluster 21,0,12.96
Y1-TA-1_LGD-1,gnnibpep-1,Cluster 17,0,29.40
Y1-TA-1_LGD-1,gnnghahb-1,Cluster 3,0,39.15
Y1-TA-1_LGD-1,gnnhiemn-1,Cluster 17,0,30.21
Y1-TA-1_LGD-1,gnnggpie-1,Cluster 3,0,18.20
Y1-TA-1_LGD-1,gnnjaoph-1,Cluster 3,0,18.92
Y1-TA-1_LGD-1,gnniljok-1,Cluster 3,0,22.22
Y1-TA-1_LGD-1,gnnfnffl-1,Cluster 17,0,30.39
Y1-TA-1_LGD-1,gnnlafkg-1,Cluster 5,0,50.39
Y1-TA-1_LGD-1,gnlkadpk-1,Cluster 16,0,66.29
Y1-TA-1_LGD-1,gnngbafh-1,Cluster 16,0,62.63
Y1-TA-1_LGD-1,gnngfhja-1,Cluster 16,0,54.37
Y1-TA-1_LGD-1,gnlicmjh-1,Cluster 16,0,35.40
Y1-TA-1_LGD-1,gnlhomac-1,Cluster 16,0,82.91
Y1-TA-1_LGD-1,gnnkneoa-1,Cluster 16,0,31.52
Y1-TA-1_LGD-1,gnlkacnd-1,Cluster 6,0,110.54
Y1-TA-1_LGD-1,gnninmil-1,Cluster 16,0,23.53
Y1-TA-1_LGD-1,gnlihmnj-1,Cluster 16,0,57.17
Y1-TA-1_LGD-1,gnnfomgo-1,Cluster 17,0,19.73
Y1-TA-1_LGD-1,gnlicgbi-1,Cluster 8,0,37.07
Y1-TA-1_LGD-1,gnnjfoea-1,Cluster 17,0,16.26
Y1-TA-1_LGD-1,gnndbpan-1,Cluster 6,0,64.39
Y1-TA-1_LGD-1,gnmmnepn-1,Cluster 6,0,80.42
Y1-TA-1_LGD-1,gnncpann-1,Cluster 3,0,104.54
Y1-TA-1_LGD-1,gnncpoef-1,Cluster 3,0,37.16
Y1-TA-1_LGD-1,gnnaogfl-1,Cluster 3,0,30.35
Y1-TA-1_LGD-1,gnnbdnln-1,Cluster 3,0,77.26
Y1-TA-1_LGD-1,gnnkdnkg-1,Cluster 20,0,77.04
Y1-TA-1_LGD-1,gnnbepam-1,Cluster 3,0,20.68
Y1-TA-1_LGD-1,gnmmfpgi-1,Cluster 3,0,15.17
Y1-TA-1_LGD-1,gnncpfko-1,Cluster 17,0,31.38
Y1-TA-1_LGD-1,gnndpllj-1,Cluster 3,0,30.57
Y1-TA-1_LGD-1,gnnjjpeo-1,Cluster 3,0,11.61
Y1-TA-1_LGD-1,gnnjggfe-1,Cluster 3,0,13.32
Y1-TA-1_LGD-1,gnmmdbnc-1,Cluster 3,0,27.82
Y1-TA-1_LGD-1,gnnbcenj-1,Cluster 3,0,46.69
Y1-TA-1_LGD-1,gnnbcoba-1,Cluster 3,0,35.36
Y1-TA-1_LGD-1,colplkdd-1,Cluster 3,0,60.46
Y1-TA-1_LGD-1,gnmmhlin-1,Cluster 3,0,35.04
Y1-TA-1_LGD-1,gnncbked-1,Cluster 3,0,43.40
Y1-TA-1_LGD-1,gnnbnlpb-1,Cluster 3,0,39.51
Y1-TA-1_LGD-1,gnmmgnfl-1,Cluster 3,0,23.07
Y1-TA-1_LGD-1,gnmmeajg-1,Cluster 17,0,81.60
Y1-TA-1_LGD-1,gnncgola-1,Cluster 17,0,47.05
Y1-TA-1_LGD-1,gnnjkfho-1,Cluster 3,0,51.21
Y1-TA-1_LGD-1,gnnbgafh-1,Cluster 3,0,24.57
Y1-TA-1_LGD-1,cokbpjkj-1,Cluster 6,0,59.56
Y1-TA-1_LGD-1,gnnbmfpb-1,Cluster 17,0,46.60
Y1-TA-1_LGD-1,gnnhffca-1,Cluster 17,0,70.99
Y1-TA-1_LGD-1,gnnjmadh-1,Cluster 3,0,45.74
Y1-TA-1_LGD-1,gnnkdhfn-1,Cluster 17,0,67.64
Y1-TA-1_LGD-1,gnnggjkf-1,Cluster 2,0,70.35
Y1-TA-1_LGD-1,gnnjmocf-1,Cluster 3,0,75.68
Y1-TA-1_LGD-1,cokcajdi-1,Cluster 18,0,65.16
Y1-TA-1_LGD-1,gnncimja-1,Cluster 3,0,17.16
Y1-TA-1_LGD-1,gnnkbcgm-1,Cluster 17,0,69.09
Y1-TA-1_LGD-1,colophig-1,Cluster 17,0,89.45
Y1-TA-1_LGD-1,colhdfin-1,Cluster 17,0,44.70
Y1-TA-1_LGD-1,comalhco-1,Cluster 16,0,65.88
Y1-TA-1_LGD-1,gnmlofog-1,Cluster 12,0,44.34
Y1-TA-1_LGD-1,comagpfh-1,Cluster 18,0,63.04
Y1-TA-1_LGD-1,gnmnhbfg-1,Cluster 3,0,16.75
Y1-TA-1_LGD-1,colonfbb-1,Cluster 3,0,99.84
Y1-TA-1_LGD-1,gnimbmgk-1,Cluster 20,0,24.11
Y1-TA-1_LGD-1,comfbmmp-1,Cluster 10,0,70.71
Y1-TA-1_LGD-1,colpkkij-1,Cluster 6,0,97.54
Y1-TA-1_LGD-1,gnnabjop-1,Cluster 1,0,11.61
Y1-TA-1_LGD-1,gnmlblml-1,Cluster 10,0,60.19
Y1-TA-1_LGD-1,comfdoep-1,Cluster 14,0,46.87
Y1-TA-1_LGD-1,gnmmmahk-1,Cluster 13,0,42.36
Y1-TA-1_LGD-1,gnmnblod-1,Cluster 20,0,57.66
Y1-TA-1_LGD-1,gnmklbii-1,Cluster 13,0,70.08
Y1-TA-1_LGD-1,colpncoc-1,Cluster 13,0,52.34
Y1-TA-1_LGD-1,gnnaegja-1,Cluster 6,0,41.72
Y1-TA-1_LGD-1,colopnoa-1,Cluster 18,0,35.67
Y1-TA-1_LGD-1,gnmknemj-1,Cluster 18,0,94.65
Y1-TA-1_LGD-1,gnnacdkg-1,Cluster 3,0,40.51
Y1-TA-1_LGD-1,colpehjc-1,Cluster 18,0,32.47
Y1-TA-1_LGD-1,gnmkncaj-1,Cluster 3,0,110.41
Y1-TA-1_LGD-1,colpmcop-1,Cluster 3,0,63.53
Y1-TA-1_LGD-1,gnmkojpn-1,Cluster 14,0,53.10
Y1-TA-1_LGD-1,gnmkogab-1,Cluster 18,0,122.60
Y1-TA-1_LGD-1,gnmmoahb-1,Cluster 6,0,56.85
Y1-TA-1_LGD-1,colpggkp-1,Cluster 14,0,32.83
Y1-TA-1_LGD-1,colpgnfi-1,Cluster 18,0,65.16
Y1-TA-1_LGD-1,colpkgke-1,Cluster 6,0,43.03
Y1-TA-1_LGD-1,colpjpek-1,Cluster 2,0,60.83
Y1-TA-1_LGD-1,colpheln-1,Cluster 17,0,43.03
Y1-TA-1_LGD-1,gnndlhda-1,Cluster 3,0,16.66
Y1-TA-1_LGD-1,colopobj-1,Cluster 18,0,78.26
Y1-TA-1_LGD-1,gnndfiea-1,Cluster 3,0,45.02
Y1-TA-1_LGD-1,gnnddfpo-1,Cluster 17,0,87.69
Y1-TA-1_LGD-1,gnnelaek-1,Cluster 14,0,65.88
Y1-TA-1_LGD-1,gnnfceek-1,Cluster 17,0,73.56
Y1-TA-1_LGD-1,gnnkfedg-1,Cluster 3,0,28.40
Y1-TA-1_LGD-1,gnnenjnk-1,Cluster 18,0,83.04
Y1-TA-1_LGD-1,comclmge-1,Cluster 6,0,83.18
Y1-TA-1_LGD-1,gnnealeo-1,Cluster 17,0,59.83
Y1-TA-1_LGD-1,gnneojei-1,Cluster 6,0,12.15
Y1-TA-1_LGD-1,comckffe-1,Cluster 18,0,89.14
Y1-TA-1_LGD-1,gnnebcgi-1,Cluster 3,0,44.66
Y1-TA-1_LGD-1,gnngfakn-1,Cluster 16,0,26.87
Y1-TA-1_LGD-1,gnngfedn-1,Cluster 5,0,54.46
Y1-TA-1_LGD-1,gnnfndnl-1,Cluster 7,0,72.66
Y1-TA-1_LGD-1,gnnedfpk-1,Cluster 13,0,11.83
Y1-TA-1_LGD-1,gnndpgpi-1,Cluster 6,0,50.35
Y1-TA-1_LGD-1,gnnfkhmh-1,Cluster 4,0,60.92
Y1-TA-1_LGD-1,cojbikke-1,Cluster 8,0,71.80
Y1-TA-1_LGD-1,gnnlmplh-1,Cluster 6,0,69.41
Y1-TA-1_LGD-1,gnnechgj-1,Cluster 6,0,50.98
Y1-TA-1_LGD-1,gnneibcm-1,Cluster 3,0,49.45
Y1-TA-1_LGD-1,gnnkimhn-1,Cluster 2,0,68.73
Y1-TA-1_LGD-1,gnnlldfb-1,Cluster 12,0,73.38
Y1-TA-1_LGD-1,cojbgmen-1,Cluster 2,0,60.24
Y1-TA-1_LGD-1,gnnfkhhg-1,Cluster 5,0,79.29
Y1-TA-1_LGD-1,gnnlmbof-1,Cluster 3,0,9.03
Y1-TA-1_LGD-1,gnnfgejg-1,Cluster 5,0,19.06
Y1-TA-1_LGD-1,gnnlljcf-1,Cluster 16,0,87.11
Y1-TA-1_LGD-1,gnnjcmii-1,Cluster 3,0,23.21
Y1-TA-1_LGD-1,gnnfjmlm-1,Cluster 16,0,61.82
Y1-TA-1_LGD-1,gnngcjed-1,Cluster 5,0,18.42
Y1-TA-1_LGD-1,gnnekjbf-1,Cluster 6,0,55.41
Y1-TA-1_LGD-1,gnnfflim-1,Cluster 12,0,49.04
Y1-TA-1_LGD-1,gnnfodja-1,Cluster 6,0,17.70
Y1-TA-1_LGD-1,gnnccpch-1,Cluster 6,0,40.19
Y1-TA-1_LGD-1,gnngbfoe-1,Cluster 13,0,38.29
Y1-TA-1_LGD-1,gnnfomka-1,Cluster 5,0,19.82
Y1-TA-1_LGD-1,gnnclhje-1,Cluster 3,0,7.13
Y1-TA-1_LGD-1,cojbjdoc-1,Cluster 18,0,39.24
Y1-TA-1_LGD-1,comfaiko-1,Cluster 18,0,40.55
Y1-TA-1_LGD-1,comfioli-1,Cluster 18,0,22.17
Y1-TA-1_LGD-1,comfajdf-1,Cluster 18,0,58.21
Y1-TA-1_LGD-1,comcabkk-1,Cluster 18,0,140.75
Y1-TA-1_LGD-1,comfbdll-1,Cluster 2,0,30.98
Y1-TA-1_LGD-1,gnnamkbm-1,Cluster 6,0,64.03
Y1-TA-1_LGD-1,comffogp-1,Cluster 2,0,38.38
Y1-TA-1_LGD-1,gnnakedj-1,Cluster 17,0,20.73
Y1-TA-1_LGD-1,comfbmhm-1,Cluster 2,0,71.89
Y1-TA-1_LGD-1,comfifca-1,Cluster 18,0,51.03
Y1-TA-1_LGD-1,comfckcb-1,Cluster 23,0,34.63
Y1-TA-1_LGD-1,comeldco-1,Cluster 2,0,50.03
Y1-TA-1_LGD-1,comffoff-1,Cluster 14,0,55.90
Y1-TA-1_LGD-1,gnnakcko-1,Cluster 18,0,61.01
Y1-TA-1_LGD-1,gnnagopo-1,Cluster 6,0,32.83
Y1-TA-1_LGD-1,comeikco-1,Cluster 18,0,32.06
Y1-TA-1_LGD-1,comejche-1,Cluster 14,0,19.51
Y1-TA-1_LGD-1,comcajlm-1,Cluster 18,0,68.19
Y1-TA-1_LGD-1,comehhjg-1,Cluster 2,0,59.83
Y1-TA-1_LGD-1,comcambg-1,Cluster 2,0,32.11
Y1-TA-1_LGD-1,comcbimn-1,Cluster 6,0,48.81
Y1-TA-1_LGD-1,comckcfi-1,Cluster 14,0,25.87
Y1-TA-1_LGD-1,comchbfl-1,Cluster 18,0,29.49
Y1-TA-1_LGD-1,gnikgoad-1,Cluster 6,0,28.95
Y1-TA-1_LGD-1,comcdhaf-1,Cluster 18,0,87.69
Y1-TA-1_LGD-1,comcdglk-1,Cluster 18,0,28.27
Y1-TA-1_LGD-1,comcfjpa-1,Cluster 18,0,39.83
Y1-TA-1_LGD-1,gnikicjn-1,Cluster 14,0,100.34
Y1-TA-1_LGD-1,gnnahimo-1,Cluster 18,0,50.98
Y1-TA-1_LGD-1,gnnahkbf-1,Cluster 6,0,79.07
Y1-TA-1_LGD-1,gnnegfmj-1,Cluster 18,0,80.56
Y1-TA-1_LGD-1,gnnkjcbm-1,Cluster 14,0,166.27
Y1-TA-1_LGD-1,gnnenlfn-1,Cluster 2,0,101.06
Y1-TA-1_LGD-1,gnnfcngj-1,Cluster 17,0,38.47
Y1-TA-1_LGD-1,gnnajbkm-1,Cluster 6,0,12.73
Y1-TA-1_LGD-1,cojcofpk-1,Cluster 2,0,26.87
Y1-TA-1_LGD-1,cojclmlm-1,Cluster 2,0,27.95
Y1-TA-1_LGD-1,gnnlbhpe-1,Cluster 7,0,32.38
Y1-TA-1_LGD-1,cojbpdid-1,Cluster 2,0,56.94
Y1-TA-1_LGD-1,cogleaog-1,Cluster 2,0,36.08
Y1-TA-1_LGD-1,cogmalch-1,Cluster 2,0,22.67
Y1-TA-1_LGD-1,gnnlajea-1,Cluster 16,0,35.72
Y1-TA-1_LGD-1,cogmacbl-1,Cluster 2,0,42.72
Y1-TA-1_LGD-1,coglpnjn-1,Cluster 2,0,37.57
Y1-TA-1_LGD-1,gogcdnhj-1,Cluster 6,0,54.10
Y1-TA-1_LGD-1,cojdaffb-1,Cluster 21,0,28.40
Y1-TA-1_LGD-1,gnnkkhfk-1,Cluster 16,0,109.14
Y1-TA-1_LGD-1,cojbpfib-1,Cluster 18,0,52.43
Y1-TA-1_LGD-1,gogbpdec-1,Cluster 8,0,42.67
Y1-TA-1_LGD-1,cojdamla-1,Cluster 2,0,20.23
Y1-TA-1_LGD-1,cojckdjj-1,Cluster 21,0,32.83
Y1-TA-1_LGD-1,cogleglf-1,Cluster 19,0,26.01
Y1-TA-1_LGD-1,cojcaphi-1,Cluster 2,0,53.56
Y1-TA-1_LGD-1,cojclklj-1,Cluster 2,0,49.54
Y1-TA-1_LGD-1,cojddkda-1,Cluster 2,0,17.16
Y1-TA-1_LGD-1,cojdakln-1,Cluster 2,0,18.88
Y1-TA-1_LGD-1,cojdgdba-1,Cluster 2,0,31.02
Y1-TA-1_LGD-1,cojcecad-1,Cluster 14,0,37.75
Y1-TA-1_LGD-1,cogldbnb-1,Cluster 2,0,33.14
Y1-TA-1_LGD-1,cojcoheb-1,Cluster 2,0,20.59
Y1-TA-1_LGD-1,goeaebbb-1,Cluster 7,0,41.18
Y1-TA-1_LGD-1,cogmcdmf-1,Cluster 2,0,25.56
Y1-TA-1_LGD-1,coglbkan-1,Cluster 2,0,26.28
Y1-TA-1_LGD-1,cogmmphe-1,Cluster 2,0,28.27
Y1-TA-1_LGD-1,goecidel-1,Cluster 3,0,30.03
Y1-TA-1_LGD-1,coglbdeg-1,Cluster 2,0,31.74
Y1-TA-1_LGD-1,cogmilaf-1,Cluster 6,0,35.13
Y1-TA-1_LGD-1,coglhfej-1,Cluster 2,0,33.55
Y1-TA-1_LGD-1,goecgnai-1,Cluster 1,0,66.74
Y1-TA-1_LGD-1,goebeidc-1,Cluster 7,0,35.90
Y1-TA-1_LGD-1,gogbjila-1,Cluster 7,0,20.95
Y1-TA-1_LGD-1,gofokedf-1,Cluster 16,0,38.65
Y1-TA-1_LGD-1,goebcljh-1,Cluster 7,0,35.22
Y1-TA-1_LGD-1,gogcjfag-1,Cluster 16,0,64.57
Y1-TA-1_LGD-1,cogmiodf-1,Cluster 6,0,27.91
Y1-TA-1_LGD-1,cogmmlnc-1,Cluster 2,0,33.51
Y1-TA-1_LGD-1,goeccpeb-1,Cluster 7,0,55.05
Y1-TA-1_LGD-1,goecabji-1,Cluster 1,0,63.04
Y1-TA-1_LGD-1,goebpgbd-1,Cluster 7,0,103.81
Y1-TA-1_LGD-1,goegobfl-1,Cluster 17,0,17.93
Y1-TA-1_LGD-1,comdfkin-1,Cluster 2,0,58.48
Y1-TA-1_LGD-1,goehlmpn-1,Cluster 18,0,10.30
Y1-TA-1_LGD-1,gnnkdpcc-1,Cluster 6,0,31.56
Y1-TA-1_LGD-1,cognmnbg-1,Cluster 18,0,53.15
Y1-TA-1_LGD-1,cojfcbap-1,Cluster 6,0,24.61
Y1-TA-1_LGD-1,cojegecf-1,Cluster 6,0,32.83
Y1-TA-1_LGD-1,cojfkjei-1,Cluster 21,0,28.81
Y1-TA-1_LGD-1,cojbepdj-1,Cluster 2,0,30.07
Y1-TA-1_LGD-1,cojbcjhc-1,Cluster 2,0,22.85
Y1-TA-1_LGD-1,gnnlhjji-1,Cluster 18,0,22.22
Y1-TA-1_LGD-1,cojfdaac-1,Cluster 2,0,21.72
Y1-TA-1_LGD-1,cojblgkh-1,Cluster 18,0,60.74
Y1-TA-1_LGD-1,cogohebm-1,Cluster 18,0,36.94
Y1-TA-1_LGD-1,cojejefa-1,Cluster 18,0,55.68
Y1-TA-1_LGD-1,cogoiahj-1,Cluster 2,0,31.25
Y1-TA-1_LGD-1,cogmebno-1,Cluster 2,0,32.78
Y1-TA-1_LGD-1,cogofmkl-1,Cluster 6,0,17.61
Y1-TA-1_LGD-1,cojbplcd-1,Cluster 2,0,33.24
Y1-TA-1_LGD-1,cogokick-1,Cluster 2,0,27.77
Y1-TA-1_LGD-1,goehgjhp-1,Cluster 10,0,19.06
Y1-TA-1_LGD-1,cogomnbh-1,Cluster 2,0,25.60
Y1-TA-1_LGD-1,cojcioem-1,Cluster 18,0,24.93
Y1-TA-1_LGD-1,cojegbfg-1,Cluster 2,0,27.73
Y1-TA-1_LGD-1,cojbpimi-1,Cluster 18,0,53.65
Y1-TA-1_LGD-1,cojbdbik-1,Cluster 2,0,21.72
Y1-TA-1_LGD-1,cojdecdd-1,Cluster 2,0,26.15
Y1-TA-1_LGD-1,cojeoook-1,Cluster 2,0,22.22
Y1-TA-1_LGD-1,cojfaood-1,Cluster 18,0,21.95
Y1-TA-1_LGD-1,cojdlbof-1,Cluster 10,0,15.26
Y1-TA-1_LGD-1,cojenghp-1,Cluster 2,0,33.10
Y1-TA-1_LGD-1,cojdojee-1,Cluster 2,0,17.79
Y1-TA-1_LGD-1,cojfbpeo-1,Cluster 10,0,13.50
Y1-TA-1_LGD-1,cogmcgjm-1,Cluster 2,0,31.38
Y1-TA-1_LGD-1,cojehcjk-1,Cluster 18,0,39.33
Y1-TA-1_LGD-1,cojeeanf-1,Cluster 2,0,21.86
Y1-TA-1_LGD-1,cojcmion-1,Cluster 2,0,13.32
Y1-TA-1_LGD-1,cojffppe-1,Cluster 2,0,33.01
Y1-TA-1_LGD-1,comblpcl-1,Cluster 2,0,66.11
Y1-TA-1_LGD-1,cohaggad-1,Cluster 2,0,40.69
Y1-TA-1_LGD-1,combnibm-1,Cluster 18,0,48.23
Y1-TA-1_LGD-1,combmcib-1,Cluster 18,0,121.56
Y1-TA-1_LGD-1,godkmhnd-1,Cluster 8,0,39.51
Y1-TA-1_LGD-1,comdjpbl-1,Cluster 2,0,44.03
Y1-TA-1_LGD-1,comdkafe-1,Cluster 18,0,36.53
Y1-TA-1_LGD-1,comeecof-1,Cluster 6,0,52.56
Y1-TA-1_LGD-1,cohaffkh-1,Cluster 2,0,36.67
Y1-TA-1_LGD-1,comebfim-1,Cluster 18,0,47.10
Y1-TA-1_LGD-1,combnokg-1,Cluster 18,0,44.07
Y1-TA-1_LGD-1,combobhf-1,Cluster 18,0,86.97
Y1-TA-1_LGD-1,cohbeblp-1,Cluster 2,0,44.12
Y1-TA-1_LGD-1,godklofl-1,Cluster 7,0,65.79
Y1-TA-1_LGD-1,cohbhgng-1,Cluster 18,0,63.58
Y1-TA-1_LGD-1,comclaai-1,Cluster 6,0,22.17
Y1-TA-1_LGD-1,cohaikhp-1,Cluster 2,0,45.74
Y1-TA-1_LGD-1,comeddll-1,Cluster 23,0,73.15
Y1-TA-1_LGD-1,combokmm-1,Cluster 2,0,66.42
Y1-TA-1_LGD-1,godkljaa-1,Cluster 8,0,62.41
Y1-TA-1_LGD-1,comdnmoc-1,Cluster 2,0,27.91
Y1-TA-1_LGD-1,comdlflb-1,Cluster 2,0,40.32
Y1-TA-1_LGD-1,gnikghfn-1,Cluster 18,0,50.39
Y1-TA-1_LGD-1,comehdkn-1,Cluster 18,0,107.02
Y1-TA-1_LGD-1,cohbjodd-1,Cluster 2,0,40.69
Y1-TA-1_LGD-1,comedlga-1,Cluster 2,0,50.39
Y1-TA-1_LGD-1,cognlccc-1,Cluster 6,0,34.86
Y1-TA-1_LGD-1,comdhlcb-1,Cluster 2,0,29.26
Y1-TA-1_LGD-1,comdehbb-1,Cluster 2,0,46.19
Y1-TA-1_LGD-1,comclpac-1,Cluster 2,0,41.09
Y1-TA-1_LGD-1,cognbgcd-1,Cluster 21,0,24.70
Y1-TA-1_LGD-1,comcpidg-1,Cluster 2,0,26.69
Y1-TA-1_LGD-1,comdgbfh-1,Cluster 2,0,53.56
Y1-TA-1_LGD-1,gnnljmik-1,Cluster 14,0,21.31
Y1-TA-1_LGD-1,cogmnigc-1,Cluster 18,0,34.18
Y1-TA-1_LGD-1,goehadoj-1,Cluster 3,0,12.55
Y1-TA-1_LGD-1,goehfelf-1,Cluster 3,0,6.77
Y1-TA-1_LGD-1,cohcaafm-1,Cluster 17,0,47.96
Y1-TA-1_LGD-1,goecnjgd-1,Cluster 7,0,41.54
Y1-TA-1_LGD-1,goehkbfj-1,Cluster 2,0,28.27
Y1-TA-1_LGD-1,goecpknl-1,Cluster 7,0,35.67
Y1-TA-1_LGD-1,goedaomi-1,Cluster 7,0,21.86
Y1-TA-1_LGD-1,goeckahg-1,Cluster 8,0,47.55
Y1-TA-1_LGD-1,goehnbdb-1,Cluster 3,0,16.53
Y1-TA-1_LGD-1,cogpckfj-1,Cluster 17,0,29.40
Y1-TA-1_LGD-1,goehkgag-1,Cluster 6,0,74.01
Y1-TA-1_LGD-1,goehgklp-1,Cluster 6,0,32.29
Y1-TA-1_LGD-1,goecopfo-1,Cluster 7,0,47.55
Y1-TA-1_LGD-1,goecnlkk-1,Cluster 16,0,23.98
Y1-TA-1_LGD-1,goeciihg-1,Cluster 1,0,40.23
Y1-TA-1_LGD-1,cognnhjd-1,Cluster 6,0,26.96
Y1-TA-1_LGD-1,cognngib-1,Cluster 2,0,34.86
Y1-TA-1_LGD-1,goedjgla-1,Cluster 13,0,24.79
Y1-TA-1_LGD-1,goecmiep-1,Cluster 16,0,86.93
Y1-TA-1_LGD-1,goecmomi-1,Cluster 6,0,41.81
Y1-TA-1_LGD-1,goehnpim-1,Cluster 1,0,45.43
Y1-TA-1_LGD-1,cognongd-1,Cluster 21,0,54.23
Y1-TA-1_LGD-1,goehoedf-1,Cluster 1,0,28.72
Y1-TA-1_LGD-1,goedlkda-1,Cluster 13,0,14.59
Y1-TA-1_LGD-1,cogpcemi-1,Cluster 1,0,34.18
Y1-TA-1_LGD-1,cogoeinm-1,Cluster 2,0,35.94
Y1-TA-1_LGD-1,cogndbgg-1,Cluster 21,0,30.98
Y1-TA-1_LGD-1,cogngoih-1,Cluster 2,0,72.43
Y1-TA-1_LGD-1,cogkokfj-1,Cluster 6,0,30.84
Y1-TA-1_LGD-1,cognbmmb-1,Cluster 2,0,47.01
Y1-TA-1_LGD-1,goehgbfa-1,Cluster 17,0,30.48
Y1-TA-1_LGD-1,goehgfbp-1,Cluster 17,0,30.35
Y1-TA-1_LGD-1,goeclhhg-1,Cluster 1,0,35.72
Y1-TA-1_LGD-1,cognjdhb-1,Cluster 21,0,87.60
Y1-TA-1_LGD-1,goeddoig-1,Cluster 16,0,110.86
Y1-TA-1_LGD-1,goeccddd-1,Cluster 8,0,117.27
Y1-TA-1_LGD-1,cogmdmpa-1,Cluster 2,0,24.07
Y1-TA-1_LGD-1,cogkjije-1,Cluster 14,0,26.82
Y1-TA-1_LGD-1,cogpeemp-1,Cluster 1,0,38.20
Y1-TA-1_LGD-1,godlkkkj-1,Cluster 5,0,38.25
Y1-TA-1_LGD-1,godlgcfj-1,Cluster 13,0,53.19
Y1-TA-1_LGD-1,goedomjn-1,Cluster 7,0,18.79
Y1-TA-1_LGD-1,goegloji-1,Cluster 8,0,39.56
Y1-TA-1_LGD-1,goegknmg-1,Cluster 8,0,9.35
Y1-TA-1_LGD-1,godkkmad-1,Cluster 1,0,49.04
Y1-TA-1_LGD-1,goegmhjf-1,Cluster 14,0,53.47
Y1-TA-1_LGD-1,goebjacm-1,Cluster 16,0,37.98
Y1-TA-1_LGD-1,goebknoa-1,Cluster 16,0,29.08
Y1-TA-1_LGD-1,godkekjg-1,Cluster 6,0,18.38
Y1-TA-1_LGD-1,godkhflm-1,Cluster 7,0,66.11
Y1-TA-1_LGD-1,goebknlp-1,Cluster 7,0,37.25
Y1-TA-1_LGD-1,cohbjbee-1,Cluster 18,0,53.69
Y1-TA-1_LGD-1,godlgcda-1,Cluster 16,0,43.89
Y1-TA-1_LGD-1,cogpdggi-1,Cluster 6,0,30.21
Y1-TA-1_LGD-1,goebjihn-1,Cluster 7,0,47.41
Y1-TA-1_LGD-1,cogkmlda-1,Cluster 18,0,70.67
Y1-TA-1_LGD-1,cogkmodf-1,Cluster 18,0,97.09
Y1-TA-1_LGD-1,cogpdaie-1,Cluster 18,0,64.57
Y1-TA-1_LGD-1,godliogl-1,Cluster 5,0,79.25
Y1-TA-1_LGD-1,cogknlki-1,Cluster 6,0,42.54
Y1-TA-1_LGD-1,goeaceof-1,Cluster 5,0,102.14
Y1-TA-1_LGD-1,godkdgli-1,Cluster 5,0,98.17
Y1-TA-1_LGD-1,cohbkiai-1,Cluster 2,0,70.76
Y1-TA-1_LGD-1,goeaalei-1,Cluster 13,0,64.26
Y1-TA-1_LGD-1,godkkmpa-1,Cluster 7,0,38.38
Y1-TA-1_LGD-1,goeabjmb-1,Cluster 2,0,30.84
Y1-TA-1_LGD-1,cogkogbp-1,Cluster 2,0,17.39
Y1-TA-1_LGD-1,goeblkhe-1,Cluster 7,0,42.72
Y1-TA-1_LGD-1,cogpdjab-1,Cluster 2,0,22.08
Y1-TA-1_LGD-1,goegoapj-1,Cluster 17,0,50.44
Y1-TA-1_LGD-1,cohcefpm-1,Cluster 1,0,58.25
Y1-TA-1_LGD-1,cohcbpjb-1,Cluster 7,0,81.46
Y1-TA-1_LGD-1,goddgkjo-1,Cluster 7,0,33.19
Y1-TA-1_LGD-1,godephkh-1,Cluster 12,0,36.26
Y1-TA-1_LGD-1,goebidee-1,Cluster 4,0,41.41
Y1-TA-1_LGD-1,clejnkhp-1,Cluster 8,0,55.18
Y1-TA-1_LGD-1,goeapala-1,Cluster 7,0,25.11
Y1-TA-1_LGD-1,goebgkhn-1,Cluster 12,0,52.83
Y1-TA-1_LGD-1,goebggae-1,Cluster 7,0,80.20
Y1-TA-1_LGD-1,goeddenf-1,Cluster 16,0,39.65
Y1-TA-1_LGD-1,goeibpgp-1,Cluster 16,0,48.41
Y1-TA-1_LGD-1,cldofmfd-1,Cluster 2,0,161.57
Y1-TA-1_LGD-1,clebblgf-1,Cluster 18,0,63.81
Y1-TA-1_LGD-1,goedmgpj-1,Cluster 17,0,24.47
Y1-TA-1_LGD-1,clebbbmj-1,Cluster 2,0,31.07
Y1-TA-1_LGD-1,clecobfi-1,Cluster 2,0,36.53
Y1-TA-1_LGD-1,goegkidh-1,Cluster 8,0,55.23
Y1-TA-1_LGD-1,goedghmn-1,Cluster 8,0,107.65
Y1-TA-1_LGD-1,goeekmnc-1,Cluster 2,0,76.77
Y1-TA-1_LGD-1,goekkobh-1,Cluster 6,0,39.24
Y1-TA-1_LGD-1,clecdhnp-1,Cluster 2,0,36.22
Y1-TA-1_LGD-1,clebhjhb-1,Cluster 2,0,31.11
Y1-TA-1_LGD-1,cldogaja-1,Cluster 2,0,85.03
Y1-TA-1_LGD-1,goegdgmb-1,Cluster 20,0,30.48
Y1-TA-1_LGD-1,clecefce-1,Cluster 2,0,17.39
Y1-TA-1_LGD-1,goeeijia-1,Cluster 17,0,37.07
Y1-TA-1_LGD-1,clecokjl-1,Cluster 21,0,56.40
Y1-TA-1_LGD-1,goeaemmj-1,Cluster 5,0,24.16
Y1-TA-1_LGD-1,goegfhbo-1,Cluster 3,0,38.29
Y1-TA-1_LGD-1,goeipjke-1,Cluster 12,0,55.23
Y1-TA-1_LGD-1,goeibaoo-1,Cluster 16,0,42.45
Y1-TA-1_LGD-1,goeaelha-1,Cluster 8,0,56.58
Y1-TA-1_LGD-1,goeibidk-1,Cluster 3,0,13.82
Y1-TA-1_LGD-1,clebpibn-1,Cluster 21,0,40.28
Y1-TA-1_LGD-1,goegcdpm-1,Cluster 17,0,25.83
Y1-TA-1_LGD-1,goeadfpg-1,Cluster 13,0,37.21
Y1-TA-1_LGD-1,clebmpnh-1,Cluster 2,0,23.84
Y1-TA-1_LGD-1,cleclkeh-1,Cluster 2,0,29.94
Y1-TA-1_LGD-1,clebmkhf-1,Cluster 1,0,59.38
Y1-TA-1_LGD-1,goedmjoc-1,Cluster 2,0,84.26
Y1-TA-1_LGD-1,goedkfkp-1,Cluster 16,0,99.71
Y1-TA-1_LGD-1,goejcmll-1,Cluster 2,0,113.88
Y1-TA-1_LGD-1,goejfigh-1,Cluster 6,0,21.09
Y1-TA-1_LGD-1,clecmdne-1,Cluster 2,0,26.46
Y1-TA-1_LGD-1,cogfjacb-1,Cluster 21,0,75.77
Y1-TA-1_LGD-1,goddincm-1,Cluster 13,0,44.30
Y1-TA-1_LGD-1,cldohifn-1,Cluster 2,0,95.60
Y1-TA-1_LGD-1,godeiekj-1,Cluster 16,0,82.82
Y1-TA-1_LGD-1,goeeickp-1,Cluster 3,0,41.18
Y1-TA-1_LGD-1,goefmein-1,Cluster 3,0,46.60
Y1-TA-1_LGD-1,godeoale-1,Cluster 16,0,30.98
Y1-TA-1_LGD-1,ocjffjfi-1,Cluster 3,0,18.74
Y1-TA-1_LGD-1,ocjflcmp-1,Cluster 3,0,15.76
Y1-TA-1_LGD-1,godenofi-1,Cluster 1,0,56.81
Y1-TA-1_LGD-1,godekdeg-1,Cluster 3,0,9.21
Y1-TA-1_LGD-1,goeeggfk-1,Cluster 3,0,25.92
Y1-TA-1_LGD-1,godekfdi-1,Cluster 20,0,15.08
Y1-TA-1_LGD-1,goefnfgg-1,Cluster 3,0,21.58
Y1-TA-1_LGD-1,cogjihio-1,Cluster 21,0,46.69
Y1-TA-1_LGD-1,goeefgef-1,Cluster 1,0,29.71
Y1-TA-1_LGD-1,cogjghmp-1,Cluster 2,0,62.86
Y1-TA-1_LGD-1,cogkdeio-1,Cluster 2,0,26.33
Y1-TA-1_LGD-1,cogiaafg-1,Cluster 2,0,47.64
Y1-TA-1_LGD-1,cogkbima-1,Cluster 2,0,33.55
Y1-TA-1_LGD-1,cleejnhd-1,Cluster 2,0,34.77
Y1-TA-1_LGD-1,clednfod-1,Cluster 2,0,34.73
Y1-TA-1_LGD-1,goekcjpn-1,Cluster 6,0,46.60
Y1-TA-1_LGD-1,cogjgbgj-1,Cluster 2,0,46.83
Y1-TA-1_LGD-1,goedpikd-1,Cluster 16,0,25.87
Y1-TA-1_LGD-1,clednbbe-1,Cluster 12,0,21.58
Y1-TA-1_LGD-1,goekimea-1,Cluster 17,0,31.88
Y1-TA-1_LGD-1,goedappc-1,Cluster 13,0,51.34
Y1-TA-1_LGD-1,cleedpbk-1,Cluster 6,0,44.66
Y1-TA-1_LGD-1,goeeclpl-1,Cluster 5,0,80.15
Y1-TA-1_LGD-1,cledhihd-1,Cluster 21,0,59.61
Y1-TA-1_LGD-1,goekened-1,Cluster 17,0,24.84
Y1-TA-1_LGD-1,goedmnba-1,Cluster 16,0,26.60
Y1-TA-1_LGD-1,cohcbdom-1,Cluster 1,0,37.57
Y1-TA-1_LGD-1,goejmmao-1,Cluster 16,0,47.46
Y1-TA-1_LGD-1,cledlbmi-1,Cluster 2,0,19.82
Y1-TA-1_LGD-1,goedlbda-1,Cluster 12,0,24.75
Y1-TA-1_LGD-1,goelghck-1,Cluster 6,0,30.57
Y1-TA-1_LGD-1,goednogl-1,Cluster 6,0,12.82
Y1-TA-1_LGD-1,goekmcee-1,Cluster 17,0,52.56
Y1-TA-1_LGD-1,cleappjh-1,Cluster 2,0,66.20
Y1-TA-1_LGD-1,cleebnlg-1,Cluster 2,0,96.36
Y1-TA-1_LGD-1,goekjjme-1,Cluster 17,0,25.47
Y1-TA-1_LGD-1,cledklea-1,Cluster 6,0,41.72
Y1-TA-1_LGD-1,cledohfo-1,Cluster 2,0,71.75
Y1-TA-1_LGD-1,goedmdoe-1,Cluster 8,0,62.00
Y1-TA-1_LGD-1,clechnho-1,Cluster 2,0,27.18
Y1-TA-1_LGD-1,cleefknc-1,Cluster 21,0,64.08
Y1-TA-1_LGD-1,cleebime-1,Cluster 2,0,32.02
Y1-TA-1_LGD-1,clednndp-1,Cluster 6,0,32.02
Y1-TA-1_LGD-1,clebephk-1,Cluster 21,0,38.38
Y1-TA-1_LGD-1,clecidld-1,Cluster 17,0,35.45
Y1-TA-1_LGD-1,cogickdf-1,Cluster 2,0,21.77
Y1-TA-1_LGD-1,godpmlfb-1,Cluster 18,0,25.87
Y1-TA-1_LGD-1,cogjbbmm-1,Cluster 6,0,52.47
Y1-TA-1_LGD-1,cogjbdol-1,Cluster 10,0,75.09
Y1-TA-1_LGD-1,cogkkdpo-1,Cluster 14,0,48.99
Y1-TA-1_LGD-1,cogijfhp-1,Cluster 2,0,33.42
Y1-TA-1_LGD-1,cogjcbci-1,Cluster 18,0,45.07
Y1-TA-1_LGD-1,coghjmfj-1,Cluster 18,0,130.37
Y1-TA-1_LGD-1,cogkcink-1,Cluster 2,0,38.25
Y1-TA-1_LGD-1,coghhgji-1,Cluster 2,0,74.28
Y1-TA-1_LGD-1,cogkafbm-1,Cluster 18,0,58.39
Y1-TA-1_LGD-1,godponal-1,Cluster 14,0,97.00
Y1-TA-1_LGD-1,goejgmaj-1,Cluster 6,0,31.47
Y1-TA-1_LGD-1,cogipaoh-1,Cluster 18,0,76.95
Y1-TA-1_LGD-1,coghocfd-1,Cluster 2,0,38.61
Y1-TA-1_LGD-1,cogiljil-1,Cluster 2,0,87.02
Y1-TA-1_LGD-1,cogicdij-1,Cluster 21,0,45.11
Y1-TA-1_LGD-1,coghgpnc-1,Cluster 18,0,86.38
Y1-TA-1_LGD-1,coginonb-1,Cluster 18,0,65.93
Y1-TA-1_LGD-1,coginhba-1,Cluster 2,0,21.22
Y1-TA-1_LGD-1,cogjfodk-1,Cluster 6,0,42.49
Y1-TA-1_LGD-1,goejijpk-1,Cluster 14,0,125.58
Y1-TA-1_LGD-1,cogkheko-1,Cluster 10,0,38.70
Y1-TA-1_LGD-1,goejjmmm-1,Cluster 6,0,19.69
Y1-TA-1_LGD-1,cogiiiek-1,Cluster 18,0,42.54
Y1-TA-1_LGD-1,cogiacbg-1,Cluster 2,0,23.93
Y1-TA-1_LGD-1,cogiblhm-1,Cluster 2,0,26.42
Y1-TA-1_LGD-1,cogidfcl-1,Cluster 10,0,51.93
Y1-TA-1_LGD-1,cogkghok-1,Cluster 2,0,39.33
Y1-TA-1_LGD-1,goekemhp-1,Cluster 2,0,20.41
Y1-TA-1_LGD-1,coghoghd-1,Cluster 21,0,22.35
Y1-TA-1_LGD-1,cogkboam-1,Cluster 2,0,27.27
Y1-TA-1_LGD-1,cogjiflc-1,Cluster 2,0,37.52
Y1-TA-1_LGD-1,goekkbki-1,Cluster 2,0,22.26
Y1-TA-1_LGD-1,cogicpoa-1,Cluster 2,0,28.67
Y1-TA-1_LGD-1,coggaogd-1,Cluster 2,0,56.36
Y1-TA-1_LGD-1,goblaajh-1,Cluster 13,0,107.70
Y1-TA-1_LGD-1,goblapmf-1,Cluster 13,0,19.78
Y1-TA-1_LGD-1,goblalkl-1,Cluster 13,0,41.23
Y1-TA-1_LGD-1,coggkohb-1,Cluster 2,0,43.67
Y1-TA-1_LGD-1,goblcoof-1,Cluster 13,0,60.28
Y1-TA-1_LGD-1,cogjoloi-1,Cluster 21,0,23.71
Y1-TA-1_LGD-1,coggdhdh-1,Cluster 2,0,22.67
Y1-TA-1_LGD-1,coggglgo-1,Cluster 2,0,41.59
Y1-TA-1_LGD-1,godfjdgd-1,Cluster 1,0,34.95
Y1-TA-1_LGD-1,godfgmlb-1,Cluster 16,0,24.88
Y1-TA-1_LGD-1,godfedal-1,Cluster 13,0,70.40
Y1-TA-1_LGD-1,godgapgl-1,Cluster 8,0,44.25
Y1-TA-1_LGD-1,goddnfai-1,Cluster 7,0,41.00
Y1-TA-1_LGD-1,godefomc-1,Cluster 12,0,31.16
Y1-TA-1_LGD-1,godepmlp-1,Cluster 16,0,36.85
Y1-TA-1_LGD-1,godfhnjp-1,Cluster 16,0,30.44
Y1-TA-1_LGD-1,godebaec-1,Cluster 1,0,15.58
Y1-TA-1_LGD-1,goelbokl-1,Cluster 5,0,27.59
Y1-TA-1_LGD-1,godfdkdb-1,Cluster 13,0,69.27
Y1-TA-1_LGD-1,godfppgl-1,Cluster 1,0,32.11
Y1-TA-1_LGD-1,godecjag-1,Cluster 5,0,43.03
Y1-TA-1_LGD-1,goeegdgl-1,Cluster 3,0,13.91
Y1-TA-1_LGD-1,godfifee-1,Cluster 13,0,42.00
Y1-TA-1_LGD-1,godfokgn-1,Cluster 8,0,63.67
Y1-TA-1_LGD-1,cogfponj-1,Cluster 6,0,26.78
Y1-TA-1_LGD-1,cogfkbjo-1,Cluster 2,0,48.50
Y1-TA-1_LGD-1,godfdbfh-1,Cluster 5,0,24.66
Y1-TA-1_LGD-1,cogfpmdp-1,Cluster 2,0,21.99
Y1-TA-1_LGD-1,goelfokf-1,Cluster 3,0,7.81
Y1-TA-1_LGD-1,goekpine-1,Cluster 3,0,14.63
Y1-TA-1_LGD-1,godfipap-1,Cluster 8,0,54.91
Y1-TA-1_LGD-1,cogfhnjj-1,Cluster 17,0,100.29
Y1-TA-1_LGD-1,godenanh-1,Cluster 16,0,37.66
Y1-TA-1_LGD-1,goelcjpb-1,Cluster 3,0,26.19
Y1-TA-1_LGD-1,cogfkjgg-1,Cluster 2,0,98.85
Y1-TA-1_LGD-1,godfkhon-1,Cluster 8,0,37.07
Y1-TA-1_LGD-1,goblpgha-1,Cluster 12,0,23.12
Y1-TA-1_LGD-1,cogdaeon-1,Cluster 2,0,85.71
Y1-TA-1_LGD-1,gobkoece-1,Cluster 7,0,57.17
Y1-TA-1_LGD-1,gobjidke-1,Cluster 7,0,38.20
Y1-TA-1_LGD-1,gobkdjhl-1,Cluster 8,0,29.35
Y1-TA-1_LGD-1,cogdooho-1,Cluster 8,0,44.52
Y1-TA-1_LGD-1,gobkjklh-1,Cluster 7,0,80.06
Y1-TA-1_LGD-1,goblmnff-1,Cluster 8,0,26.96
Y1-TA-1_LGD-1,gobkllnb-1,Cluster 7,0,34.41
Y1-TA-1_LGD-1,gobhnfhg-1,Cluster 7,0,74.73
Y1-TA-1_LGD-1,cogfflpc-1,Cluster 2,0,69.63
Y1-TA-1_LGD-1,cogddnmg-1,Cluster 21,0,47.28
Y1-TA-1_LGD-1,cogdelhn-1,Cluster 2,0,41.00
Y1-TA-1_LGD-1,cogdggcn-1,Cluster 6,0,40.78
Y1-TA-1_LGD-1,gobldmim-1,Cluster 1,0,51.75
Y1-TA-1_LGD-1,goblobok-1,Cluster 17,0,20.05
Y1-TA-1_LGD-1,gobledlj-1,Cluster 7,0,25.11
Y1-TA-1_LGD-1,goblnlod-1,Cluster 16,0,40.32
Y1-TA-1_LGD-1,cogdcadf-1,Cluster 2,0,62.14
Y1-TA-1_LGD-1,cogfhgjg-1,Cluster 2,0,34.27
Y1-TA-1_LGD-1,goblhlbb-1,Cluster 7,0,52.52
Y1-TA-1_LGD-1,gobmempn-1,Cluster 8,0,22.40
Y1-TA-1_LGD-1,gobklehm-1,Cluster 12,0,24.75
Y1-TA-1_LGD-1,cogfhcca-1,Cluster 2,0,68.50
Y1-TA-1_LGD-1,gobldkap-1,Cluster 5,0,29.89
Y1-TA-1_LGD-1,gobldpka-1,Cluster 5,0,60.60
Y1-TA-1_LGD-1,gobjmoph-1,Cluster 7,0,28.76
Y1-TA-1_LGD-1,gobkkfgm-1,Cluster 3,0,14.13
Y1-TA-1_LGD-1,gobkpcof-1,Cluster 16,0,58.39
Y1-TA-1_LGD-1,cogfhamc-1,Cluster 2,0,54.68
Y1-TA-1_LGD-1,goblccjc-1,Cluster 13,0,27.82
Y1-TA-1_LGD-1,gobjpgok-1,Cluster 5,0,99.98
Y1-TA-1_LGD-1,cogfggel-1,Cluster 2,0,69.22
Y1-TA-1_LGD-1,cogjjjbl-1,Cluster 2,0,26.19
Y1-TA-1_LGD-1,gobipjla-1,Cluster 5,0,29.35
Y1-TA-1_LGD-1,ocjfhoee-1,Cluster 12,0,8.35
Y1-TA-1_LGD-1,goddlpcd-1,Cluster 8,0,37.25
Y1-TA-1_LGD-1,gnidohhk-1,Cluster 3,0,22.35
Y1-TA-1_LGD-1,gnolbkni-1,Cluster 3,0,35.18
Y1-TA-1_LGD-1,gnonfppn-1,Cluster 6,0,58.21
Y1-TA-1_LGD-1,gobikpea-1,Cluster 17,0,90.36
Y1-TA-1_LGD-1,gnonamgg-1,Cluster 14,0,45.34
Y1-TA-1_LGD-1,gnompigd-1,Cluster 14,0,80.78
Y1-TA-1_LGD-1,ckpbdnal-1,Cluster 21,0,61.37
Y1-TA-1_LGD-1,gobiedib-1,Cluster 17,0,71.53
Y1-TA-1_LGD-1,gnoamlhh-1,Cluster 3,0,11.65
Y1-TA-1_LGD-1,gnomphkk-1,Cluster 18,0,32.15
Y1-TA-1_LGD-1,gnolleji-1,Cluster 6,0,89.23
Y1-TA-1_LGD-1,goddglog-1,Cluster 3,0,12.42
Y1-TA-1_LGD-1,gnoljgjh-1,Cluster 17,0,41.09
Y1-TA-1_LGD-1,gnoaolkk-1,Cluster 3,0,20.41
Y1-TA-1_LGD-1,gnobcahl-1,Cluster 3,0,23.98
Y1-TA-1_LGD-1,gnoljeke-1,Cluster 2,0,61.50
Y1-TA-1_LGD-1,gnokoojk-1,Cluster 17,0,97.00
Y1-TA-1_LGD-1,gnobgppp-1,Cluster 17,0,102.69
Y1-TA-1_LGD-1,gniecofk-1,Cluster 6,0,22.98
Y1-TA-1_LGD-1,gnocdjbn-1,Cluster 3,0,22.49
Y1-TA-1_LGD-1,ckpbbhga-1,Cluster 2,0,39.78
Y1-TA-1_LGD-1,goddococ-1,Cluster 16,0,51.75
Y1-TA-1_LGD-1,goddgmmh-1,Cluster 1,0,88.15
Y1-TA-1_LGD-1,gnokhdje-1,Cluster 17,0,29.89
Y1-TA-1_LGD-1,gnieciai-1,Cluster 3,0,14.00
Y1-TA-1_LGD-1,gnoccpkp-1,Cluster 8,0,84.67
Y1-TA-1_LGD-1,goddnbji-1,Cluster 1,0,36.89
Y1-TA-1_LGD-1,goddpcea-1,Cluster 1,0,28.00
Y1-TA-1_LGD-1,gnokhoco-1,Cluster 3,0,24.02
Y1-TA-1_LGD-1,gnollgmb-1,Cluster 17,0,53.69
Y1-TA-1_LGD-1,gnolabja-1,Cluster 8,0,69.04
Y1-TA-1_LGD-1,gnogoemo-1,Cluster 8,0,79.79
Y1-TA-1_LGD-1,godeahmi-1,Cluster 5,0,81.01
Y1-TA-1_LGD-1,gnobnile-1,Cluster 7,0,88.64
Y1-TA-1_LGD-1,goddmpeg-1,Cluster 1,0,49.67
Y1-TA-1_LGD-1,gnomhpek-1,Cluster 6,0,16.93
Y1-TA-1_LGD-1,gobkepjp-1,Cluster 5,0,13.82
Y1-TA-1_LGD-1,gnolmgbn-1,Cluster 3,0,45.38
Y1-TA-1_LGD-1,gnojccmb-1,Cluster 6,0,27.68
Y1-TA-1_LGD-1,gnohghil-1,Cluster 10,0,108.47
Y1-TA-1_LGD-1,ckpaheeo-1,Cluster 18,0,110.99
Y1-TA-1_LGD-1,gnomiagc-1,Cluster 18,0,77.35
Y1-TA-1_LGD-1,gnoikemf-1,Cluster 17,0,13.23
Y1-TA-1_LGD-1,cogebllh-1,Cluster 2,0,42.22
Y1-TA-1_LGD-1,gnohheea-1,Cluster 17,0,28.67
Y1-TA-1_LGD-1,ckpahicl-1,Cluster 17,0,49.18
Y1-TA-1_LGD-1,gnoichib-1,Cluster 2,0,54.96
Y1-TA-1_LGD-1,gnonnijm-1,Cluster 6,0,20.32
Y1-TA-1_LGD-1,gniijahf-1,Cluster 20,0,28.90
Y1-TA-1_LGD-1,gnoildpn-1,Cluster 10,0,60.01
Y1-TA-1_LGD-1,gnojbjfb-1,Cluster 6,0,66.65
Y1-TA-1_LGD-1,gnolicne-1,Cluster 17,0,15.94
Y1-TA-1_LGD-1,gnohpnfi-1,Cluster 6,0,26.33
Y1-TA-1_LGD-1,gobkihcn-1,Cluster 8,0,33.69
Y1-TA-1_LGD-1,gobifhlh-1,Cluster 6,0,65.21
Y1-TA-1_LGD-1,gobkaepj-1,Cluster 11,0,38.65
Y1-TA-1_LGD-1,gniijgbi-1,Cluster 3,0,42.31
Y1-TA-1_LGD-1,ckpabjnn-1,Cluster 20,0,57.48
Y1-TA-1_LGD-1,gnolcnco-1,Cluster 6,0,51.30
Y1-TA-1_LGD-1,gnomjmjd-1,Cluster 6,0,51.88
Y1-TA-1_LGD-1,gnomcgmo-1,Cluster 17,0,17.84
Y1-TA-1_LGD-1,gnokdfeg-1,Cluster 17,0,13.32
Y1-TA-1_LGD-1,gobidafd-1,Cluster 16,0,51.70
Y1-TA-1_LGD-1,gnokalbk-1,Cluster 18,0,25.92
Y1-TA-1_LGD-1,ckpaenbi-1,Cluster 6,0,125.13
Y1-TA-1_LGD-1,gnolinpa-1,Cluster 1,0,48.90
Y1-TA-1_LGD-1,gnonkhil-1,Cluster 14,0,30.66
Y1-TA-1_LGD-1,gobikmeh-1,Cluster 6,0,56.54
Y1-TA-1_LGD-1,gnoniamb-1,Cluster 14,0,66.56
Y1-TA-1_LGD-1,gnomlpnb-1,Cluster 6,0,29.04
Y1-TA-1_LGD-1,gnoafgba-1,Cluster 17,0,58.43
Y1-TA-1_LGD-1,gnnomebo-1,Cluster 16,0,24.34
Y1-TA-1_LGD-1,gnnopimj-1,Cluster 3,0,19.60
Y1-TA-1_LGD-1,gnnppkmb-1,Cluster 17,0,90.45
Y1-TA-1_LGD-1,gnnppjbi-1,Cluster 17,0,59.52
Y1-TA-1_LGD-1,ckpenlii-1,Cluster 10,0,43.76
Y1-TA-1_LGD-1,gnoaccfo-1,Cluster 3,0,28.49
Y1-TA-1_LGD-1,gnnnblme-1,Cluster 3,0,13.23
Y1-TA-1_LGD-1,gnhpekkk-1,Cluster 3,0,21.54
Y1-TA-1_LGD-1,gnnppgeh-1,Cluster 3,0,19.69
Y1-TA-1_LGD-1,ckpfcbkc-1,Cluster 2,0,74.06
Y1-TA-1_LGD-1,ckpeodpj-1,Cluster 2,0,87.92
Y1-TA-1_LGD-1,gnnmclnc-1,Cluster 2,0,39.96
Y1-TA-1_LGD-1,gnolmhbb-1,Cluster 14,0,87.92
Y1-TA-1_LGD-1,gnnmdfjl-1,Cluster 2,0,109.01
Y1-TA-1_LGD-1,gnnppama-1,Cluster 18,0,78.84
Y1-TA-1_LGD-1,gnoaljmk-1,Cluster 2,0,80.15
Y1-TA-1_LGD-1,gnnmfiim-1,Cluster 6,0,31.65
Y1-TA-1_LGD-1,gnohlhmm-1,Cluster 3,0,33.24
Y1-TA-1_LGD-1,gnoalboo-1,Cluster 6,0,95.82
Y1-TA-1_LGD-1,gnnmjlmm-1,Cluster 6,0,57.57
Y1-TA-1_LGD-1,gnnmhdjh-1,Cluster 3,0,23.17
Y1-TA-1_LGD-1,gnnmklpj-1,Cluster 6,0,33.64
Y1-TA-1_LGD-1,gnnmmcjc-1,Cluster 17,0,53.83
Y1-TA-1_LGD-1,gnnmbfap-1,Cluster 12,0,28.27
Y1-TA-1_LGD-1,gnnmkekk-1,Cluster 17,0,34.32
Y1-TA-1_LGD-1,gnnohkea-1,Cluster 3,0,14.50
Y1-TA-1_LGD-1,gniajepg-1,Cluster 2,0,27.86
Y1-TA-1_LGD-1,gnnmfapi-1,Cluster 7,0,66.83
Y1-TA-1_LGD-1,cofgmhan-1,Cluster 21,0,50.85
Y1-TA-1_LGD-1,gnnpndfl-1,Cluster 2,0,41.18
Y1-TA-1_LGD-1,gnnoidpb-1,Cluster 19,0,33.69
Y1-TA-1_LGD-1,gnoahkak-1,Cluster 6,0,37.80
Y1-TA-1_LGD-1,gnnpjpaf-1,Cluster 16,0,42.13
Y1-TA-1_LGD-1,gnnojfek-1,Cluster 6,0,29.49
Y1-TA-1_LGD-1,gnnoiekj-1,Cluster 2,0,51.75
Y1-TA-1_LGD-1,gnnoglmf-1,Cluster 3,0,24.29
Y1-TA-1_LGD-1,gnnpmofg-1,Cluster 16,0,95.91
Y1-TA-1_LGD-1,gnnooikl-1,Cluster 8,0,33.28
Y1-TA-1_LGD-1,gnoaaood-1,Cluster 3,0,112.35
Y1-TA-1_LGD-1,gnnpgdmc-1,Cluster 3,0,59.47
Y1-TA-1_LGD-1,gnnpdlfj-1,Cluster 16,0,26.33
Y1-TA-1_LGD-1,ckpfaeob-1,Cluster 6,0,46.19
Y1-TA-1_LGD-1,gnoalknc-1,Cluster 3,0,165.18
Y1-TA-1_LGD-1,gnoloagl-1,Cluster 10,0,211.15
Y1-TA-1_LGD-1,gnnolajm-1,Cluster 2,0,63.76
Y1-TA-1_LGD-1,gnnpbnid-1,Cluster 16,0,38.65
Y1-TA-1_LGD-1,godhgmoh-1,Cluster 5,0,55.86
Y1-TA-1_LGD-1,ggpjgnff-1,Cluster 12,0,32.51
Y1-TA-1_LGD-1,conelhni-1,Cluster 17,0,72.93
Y1-TA-1_LGD-1,gnmgecld-1,Cluster 17,0,65.21
Y1-TA-1_LGD-1,comijefg-1,Cluster 18,0,54.10
Y1-TA-1_LGD-1,gnilppeo-1,Cluster 14,0,42.58
Y1-TA-1_LGD-1,gnmhhghj-1,Cluster 6,0,59.11
Y1-TA-1_LGD-1,comimoen-1,Cluster 17,0,26.91
Y1-TA-1_LGD-1,gnimlhji-1,Cluster 17,0,88.15
Y1-TA-1_LGD-1,gnmiacjp-1,Cluster 2,0,50.03
Y1-TA-1_LGD-1,gnmlkhcp-1,Cluster 3,0,12.06
Y1-TA-1_LGD-1,gnmlmmle-1,Cluster 6,0,59.61
Y1-TA-1_LGD-1,comagdgf-1,Cluster 2,0,88.37
Y1-TA-1_LGD-1,colppaml-1,Cluster 3,0,51.88
Y1-TA-1_LGD-1,comhiaej-1,Cluster 6,0,137.18
Y1-TA-1_LGD-1,gnmllafd-1,Cluster 2,0,186.81
Y1-TA-1_LGD-1,gnmlhnop-1,Cluster 5,0,33.60
Y1-TA-1_LGD-1,gninacng-1,Cluster 17,0,117.81
Y1-TA-1_LGD-1,gnmhhpjh-1,Cluster 22,0,102.32
Y1-TA-1_LGD-1,comaneod-1,Cluster 14,0,81.15
Y1-TA-1_LGD-1,comhmcci-1,Cluster 17,0,47.91
Y1-TA-1_LGD-1,comgpdgd-1,Cluster 3,0,47.59
Y1-TA-1_LGD-1,comafpod-1,Cluster 6,0,65.16
Y1-TA-1_LGD-1,gnimnakg-1,Cluster 10,0,169.47
Y1-TA-1_LGD-1,gnmlflbj-1,Cluster 2,0,147.07
Y1-TA-1_LGD-1,gnimngoa-1,Cluster 17,0,30.30
Y1-TA-1_LGD-1,comhliol-1,Cluster 18,0,62.45
Y1-TA-1_LGD-1,comajfjf-1,Cluster 17,0,24.88
Y1-TA-1_LGD-1,comallpn-1,Cluster 18,0,27.05
Y1-TA-1_LGD-1,comagjfn-1,Cluster 6,0,48.81
Y1-TA-1_LGD-1,gnimcgdf-1,Cluster 6,0,136.73
Y1-TA-1_LGD-1,comaoebc-1,Cluster 18,0,33.87
Y1-TA-1_LGD-1,gnimiekc-1,Cluster 3,0,66.38
Y1-TA-1_LGD-1,gnimcgbd-1,Cluster 3,0,54.10
Y1-TA-1_LGD-1,gnikpglg-1,Cluster 3,0,28.54
Y1-TA-1_LGD-1,comalndd-1,Cluster 12,0,112.89
Y1-TA-1_LGD-1,comhlpgl-1,Cluster 14,0,112.44
Y1-TA-1_LGD-1,cololmkf-1,Cluster 3,0,111.90
Y1-TA-1_LGD-1,gnimfcck-1,Cluster 17,0,128.70
Y1-TA-1_LGD-1,gnimgefk-1,Cluster 18,0,104.13
Y1-TA-1_LGD-1,comajnif-1,Cluster 16,0,92.03
Y1-TA-1_LGD-1,comaohck-1,Cluster 2,0,60.33
Y1-TA-1_LGD-1,gnmhimgg-1,Cluster 3,0,47.82
Y1-TA-1_LGD-1,gnmgnhlg-1,Cluster 18,0,114.65
Y1-TA-1_LGD-1,gnmgjida-1,Cluster 17,0,30.75
Y1-TA-1_LGD-1,combcmlj-1,Cluster 2,0,43.80
Y1-TA-1_LGD-1,combajaf-1,Cluster 2,0,56.94
Y1-TA-1_LGD-1,combbfpf-1,Cluster 2,0,52.70
Y1-TA-1_LGD-1,coloamal-1,Cluster 6,0,73.20
Y1-TA-1_LGD-1,gnikacnf-1,Cluster 6,0,25.29
Y1-TA-1_LGD-1,gnikdhpf-1,Cluster 6,0,62.81
Y1-TA-1_LGD-1,gnmhggjl-1,Cluster 10,0,30.62
Y1-TA-1_LGD-1,gnijgpdp-1,Cluster 17,0,44.25
Y1-TA-1_LGD-1,gnikedio-1,Cluster 4,0,69.36
Y1-TA-1_LGD-1,combiojm-1,Cluster 2,0,30.62
Y1-TA-1_LGD-1,gnmidccd-1,Cluster 2,0,49.18
Y1-TA-1_LGD-1,gnikejdj-1,Cluster 17,0,61.50
Y1-TA-1_LGD-1,gnmggoji-1,Cluster 3,0,20.23
Y1-TA-1_LGD-1,gnmidpmf-1,Cluster 6,0,15.31
Y1-TA-1_LGD-1,gnmibfhd-1,Cluster 17,0,26.60
Y1-TA-1_LGD-1,combiblb-1,Cluster 6,0,42.54
Y1-TA-1_LGD-1,gniikagg-1,Cluster 17,0,41.63
Y1-TA-1_LGD-1,gnimkmpi-1,Cluster 3,0,20.91
Y1-TA-1_LGD-1,gnijeoij-1,Cluster 3,0,79.29
Y1-TA-1_LGD-1,colocfhb-1,Cluster 17,0,48.81
Y1-TA-1_LGD-1,combenof-1,Cluster 18,0,55.27
Y1-TA-1_LGD-1,gniikkjd-1,Cluster 2,0,50.58
Y1-TA-1_LGD-1,colocmal-1,Cluster 17,0,36.49
Y1-TA-1_LGD-1,coloebgb-1,Cluster 18,0,58.70
Y1-TA-1_LGD-1,coloedal-1,Cluster 18,0,41.00
Y1-TA-1_LGD-1,gnmgfnib-1,Cluster 3,0,21.77
Y1-TA-1_LGD-1,combagad-1,Cluster 17,0,28.81
Y1-TA-1_LGD-1,gnijgoec-1,Cluster 3,0,36.08
Y1-TA-1_LGD-1,combfbdi-1,Cluster 18,0,69.77
Y1-TA-1_LGD-1,gnijgnmh-1,Cluster 3,0,52.65
Y1-TA-1_LGD-1,coloaknl-1,Cluster 17,0,60.60
Y1-TA-1_LGD-1,gnmlniam-1,Cluster 10,0,239.37
Y1-TA-1_LGD-1,gnimmldb-1,Cluster 6,0,56.17
Y1-TA-1_LGD-1,comijajc-1,Cluster 6,0,41.36
Y1-TA-1_LGD-1,comhnded-1,Cluster 2,0,58.97
Y1-TA-1_LGD-1,gnilacnj-1,Cluster 14,0,89.23
Y1-TA-1_LGD-1,godmikpk-1,Cluster 8,0,105.08
Y1-TA-1_LGD-1,godjpefc-1,Cluster 16,0,80.92
Y1-TA-1_LGD-1,comhmpbd-1,Cluster 2,0,36.22
Y1-TA-1_LGD-1,combmhgp-1,Cluster 8,0,76.40
Y1-TA-1_LGD-1,gnikfgok-1,Cluster 16,0,95.32
Y1-TA-1_LGD-1,gnilegnn-1,Cluster 14,0,91.40
Y1-TA-1_LGD-1,gnilkcef-1,Cluster 13,0,91.62
Y1-TA-1_LGD-1,godmmcoh-1,Cluster 8,0,70.71
Y1-TA-1_LGD-1,comhkaef-1,Cluster 18,0,53.92
Y1-TA-1_LGD-1,comhiajo-1,Cluster 18,0,77.08
Y1-TA-1_LGD-1,godjnmdn-1,Cluster 1,0,39.06
Y1-TA-1_LGD-1,comhkbhi-1,Cluster 14,0,60.24
Y1-TA-1_LGD-1,gniljelj-1,Cluster 8,0,38.07
Y1-TA-1_LGD-1,gnilpmng-1,Cluster 14,0,45.07
Y1-TA-1_LGD-1,gnilnpmm-1,Cluster 8,0,51.34
Y1-TA-1_LGD-1,godmknfc-1,Cluster 8,0,48.00
Y1-TA-1_LGD-1,godkkphc-1,Cluster 8,0,29.89
Y1-TA-1_LGD-1,godkbbfn-1,Cluster 5,0,22.49
Y1-TA-1_LGD-1,godkmpke-1,Cluster 8,0,17.43
Y1-TA-1_LGD-1,gnikfpof-1,Cluster 13,0,65.66
Y1-TA-1_LGD-1,gnilmdof-1,Cluster 8,0,28.22
Y1-TA-1_LGD-1,gnilgfjm-1,Cluster 14,0,43.76
Y1-TA-1_LGD-1,gnilpgao-1,Cluster 14,0,51.70
Y1-TA-1_LGD-1,comimjdl-1,Cluster 2,0,149.47
Y1-TA-1_LGD-1,godkppkn-1,Cluster 8,0,40.19
Y1-TA-1_LGD-1,godknnid-1,Cluster 5,0,93.02
Y1-TA-1_LGD-1,godlcggj-1,Cluster 8,0,22.17
Y1-TA-1_LGD-1,comgfdgo-1,Cluster 18,0,90.18
Y1-TA-1_LGD-1,godkmipf-1,Cluster 16,0,89.23
Y1-TA-1_LGD-1,comggoef-1,Cluster 6,0,23.21
Y1-TA-1_LGD-1,comgdjlc-1,Cluster 14,0,89.82
Y1-TA-1_LGD-1,gnilmcdg-1,Cluster 13,0,53.56
Y1-TA-1_LGD-1,godjncif-1,Cluster 5,0,28.09
Y1-TA-1_LGD-1,gnilhiei-1,Cluster 16,0,50.30
Y1-TA-1_LGD-1,ocjbmmfb-1,Cluster 20,0,25.15
Y1-TA-1_LGD-1,gnijcnjb-1,Cluster 3,0,28.72
Y1-TA-1_LGD-1,gnijdlaa-1,Cluster 3,0,9.44
Y1-TA-1_LGD-1,comgckll-1,Cluster 3,0,40.91
Y1-TA-1_LGD-1,comgbffo-1,Cluster 17,0,36.67
Y1-TA-1_LGD-1,comgcbcj-1,Cluster 3,0,29.76
Y1-TA-1_LGD-1,comfkpcd-1,Cluster 14,0,34.18
Y1-TA-1_LGD-1,gniippif-1,Cluster 3,0,18.56
Y1-TA-1_LGD-1,godmflon-1,Cluster 16,0,85.89
Y1-TA-1_LGD-1,comfkaak-1,Cluster 6,0,36.26
Y1-TA-1_LGD-1,comgdclc-1,Cluster 17,0,72.20
Y1-TA-1_LGD-1,ocjbmndf-1,Cluster 3,0,14.31
Y1-TA-1_LGD-1,comiebcp-1,Cluster 18,0,32.24
Y1-TA-1_LGD-1,gnijeloo-1,Cluster 14,0,15.44
Y1-TA-1_LGD-1,comjbkgo-1,Cluster 23,0,53.24
Y1-TA-1_LGD-1,comiabdf-1,Cluster 14,0,19.96
Y1-TA-1_LGD-1,gnikkobg-1,Cluster 6,0,13.68
Y1-TA-1_LGD-1,comhnijb-1,Cluster 10,0,16.71
Y1-TA-1_LGD-1,gnijcmgd-1,Cluster 17,0,18.60
Y1-TA-1_LGD-1,gnikijbf-1,Cluster 3,0,9.71
Y1-TA-1_LGD-1,comjcmhj-1,Cluster 2,0,38.43
Y1-TA-1_LGD-1,comjchha-1,Cluster 14,0,36.08
Y1-TA-1_LGD-1,comihobd-1,Cluster 10,0,26.51
Y1-TA-1_LGD-1,gniklmfn-1,Cluster 6,0,13.28
Y1-TA-1_LGD-1,comioajl-1,Cluster 6,0,32.83
Y1-TA-1_LGD-1,comhmgoo-1,Cluster 14,0,35.31
Y1-TA-1_LGD-1,godkamge-1,Cluster 16,0,110.00
Y1-TA-1_LGD-1,comfkkdc-1,Cluster 18,0,55.59
Y1-TA-1_LGD-1,gnijcebm-1,Cluster 6,0,31.07
Y1-TA-1_LGD-1,godmeeif-1,Cluster 16,0,115.19
Y1-TA-1_LGD-1,comhonkc-1,Cluster 14,0,71.57
Y1-TA-1_LGD-1,comfnbgo-1,Cluster 14,0,51.48
Y1-TA-1_LGD-1,comflipl-1,Cluster 14,0,43.17
Y1-TA-1_LGD-1,comflfcl-1,Cluster 14,0,49.22
Y1-TA-1_LGD-1,comhnfdi-1,Cluster 2,0,68.01
Y1-TA-1_LGD-1,ggnckijm-1,Cluster 17,0,98.17
Y1-TA-1_LGD-1,gigdbakn-1,Cluster 2,0,98.08
Y1-TA-1_LGD-1,gigmakbo-1,Cluster 20,0,26.69
Y1-TA-1_LGD-1,gigkpcpg-1,Cluster 3,0,99.34
Y1-TA-1_LGD-1,gigdajmn-1,Cluster 17,0,124.18
Y1-TA-1_LGD-1,gigdaknp-1,Cluster 10,0,129.28
Y1-TA-1_LGD-1,coinnfdl-1,Cluster 17,0,89.95
Y1-TA-1_LGD-1,ggncdpfe-1,Cluster 14,0,111.49
Y1-TA-1_LGD-1,gigomppa-1,Cluster 2,0,82.68
Y1-TA-1_LGD-1,giglgfop-1,Cluster 17,0,143.33
Y1-TA-1_LGD-1,ggncljam-1,Cluster 3,0,28.27
Y1-TA-1_LGD-1,ggnachkg-1,Cluster 17,0,41.41
Y1-TA-1_LGD-1,ggnancon-1,Cluster 3,0,21.99
Y1-TA-1_LGD-1,ggnckaic-1,Cluster 17,0,30.30
Y1-TA-1_LGD-1,cologflb-1,Cluster 17,0,102.60
Y1-TA-1_LGD-1,colofamf-1,Cluster 6,0,89.23
Y1-TA-1_LGD-1,cologilb-1,Cluster 2,0,112.48
Y1-TA-1_LGD-1,gglcflnl-1,Cluster 2,0,164.05
Y1-TA-1_LGD-1,ggncelfm-1,Cluster 14,0,119.48
Y1-TA-1_LGD-1,coigblgi-1,Cluster 3,0,88.15
Y1-TA-1_LGD-1,ggnaffkj-1,Cluster 3,0,37.34
Y1-TA-1_LGD-1,ggnbacil-1,Cluster 17,0,80.24
Y1-TA-1_LGD-1,ggnajafl-1,Cluster 6,0,59.65
Y1-TA-1_LGD-1,colojeho-1,Cluster 3,0,32.29
Y1-TA-1_LGD-1,coloibad-1,Cluster 17,0,66.83
Y1-TA-1_LGD-1,coloigkb-1,Cluster 10,0,68.64
Y1-TA-1_LGD-1,ggnbmcmm-1,Cluster 14,0,68.28
Y1-TA-1_LGD-1,ggnaamen-1,Cluster 17,0,32.51
Y1-TA-1_LGD-1,ggnahehl-1,Cluster 17,0,41.50
Y1-TA-1_LGD-1,ggnaefae-1,Cluster 17,0,73.06
Y1-TA-1_LGD-1,ggnaelpe-1,Cluster 6,0,178.46
Y1-TA-1_LGD-1,coifpmjc-1,Cluster 17,0,34.50
Y1-TA-1_LGD-1,combjjbo-1,Cluster 10,0,71.35
Y1-TA-1_LGD-1,ggnadddp-1,Cluster 3,0,32.47
Y1-TA-1_LGD-1,coigakfk-1,Cluster 17,0,44.75
Y1-TA-1_LGD-1,gglchkfl-1,Cluster 3,0,23.98
Y1-TA-1_LGD-1,ggnbeoag-1,Cluster 17,0,216.16
Y1-TA-1_LGD-1,coloekih-1,Cluster 17,0,64.08
Y1-TA-1_LGD-1,gigckmbi-1,Cluster 17,0,35.49
Y1-TA-1_LGD-1,coiecgga-1,Cluster 17,0,57.08
Y1-TA-1_LGD-1,gigdemhn-1,Cluster 9,0,22.08
Y1-TA-1_LGD-1,coigdjem-1,Cluster 17,0,50.58
Y1-TA-1_LGD-1,gigdffde-1,Cluster 10,0,25.60
Y1-TA-1_LGD-1,gigcoicc-1,Cluster 17,0,28.36
Y1-TA-1_LGD-1,coigecgo-1,Cluster 17,0,44.89
Y1-TA-1_LGD-1,gigojhab-1,Cluster 17,0,52.29
Y1-TA-1_LGD-1,gigdeepo-1,Cluster 10,0,72.16
Y1-TA-1_LGD-1,gigknfin-1,Cluster 10,0,48.86
Y1-TA-1_LGD-1,gigdfgbi-1,Cluster 18,0,137.28
Y1-TA-1_LGD-1,coifajmk-1,Cluster 17,0,50.17
Y1-TA-1_LGD-1,gigdedfd-1,Cluster 6,0,72.02
Y1-TA-1_LGD-1,gigcngfb-1,Cluster 6,0,120.97
Y1-TA-1_LGD-1,gigohbpp-1,Cluster 17,0,58.84
Y1-TA-1_LGD-1,coigebce-1,Cluster 3,0,48.41
Y1-TA-1_LGD-1,coielkgk-1,Cluster 14,0,66.24
Y1-TA-1_LGD-1,gigcnnbj-1,Cluster 23,0,124.54
Y1-TA-1_LGD-1,coiepabg-1,Cluster 2,0,69.45
Y1-TA-1_LGD-1,coifiacm-1,Cluster 3,0,72.84
Y1-TA-1_LGD-1,gigogpbp-1,Cluster 3,0,26.24
Y1-TA-1_LGD-1,gigofjlo-1,Cluster 1,0,28.85
Y1-TA-1_LGD-1,gigolfgb-1,Cluster 17,0,92.80
Y1-TA-1_LGD-1,coifccae-1,Cluster 6,0,29.40
Y1-TA-1_LGD-1,coifafcc-1,Cluster 10,0,45.92
Y1-TA-1_LGD-1,coifbbpc-1,Cluster 3,0,33.19
Y1-TA-1_LGD-1,coieonmj-1,Cluster 14,0,71.26
Y1-TA-1_LGD-1,gigmbmdj-1,Cluster 3,0,22.49
Y1-TA-1_LGD-1,gigddlli-1,Cluster 3,0,24.29
Y1-TA-1_LGD-1,ocgihffo-1,Cluster 3,0,14.22
Y1-TA-1_LGD-1,gigddnbl-1,Cluster 17,0,85.16
Y1-TA-1_LGD-1,coieonec-1,Cluster 9,0,48.05
Y1-TA-1_LGD-1,coiepfce-1,Cluster 18,0,64.44
Y1-TA-1_LGD-1,coifgjjh-1,Cluster 2,0,45.61
Y1-TA-1_LGD-1,gigdcnok-1,Cluster 3,0,49.72
Y1-TA-1_LGD-1,gigdbdgd-1,Cluster 3,0,46.92
Y1-TA-1_LGD-1,ghbgjggj-1,Cluster 17,0,190.06
Y1-TA-1_LGD-1,ghbgfpdj-1,Cluster 14,0,57.48
Y1-TA-1_LGD-1,conhjdgk-1,Cluster 17,0,57.44
Y1-TA-1_LGD-1,cojajhni-1,Cluster 6,0,76.27
Y1-TA-1_LGD-1,conhfhok-1,Cluster 18,0,103.50
Y1-TA-1_LGD-1,cojakgii-1,Cluster 17,0,178.46
Y1-TA-1_LGD-1,ggpiaoif-1,Cluster 6,0,40.96
Y1-TA-1_LGD-1,cojaldkh-1,Cluster 17,0,166.90
Y1-TA-1_LGD-1,cojanajj-1,Cluster 14,0,93.61
Y1-TA-1_LGD-1,ggncegla-1,Cluster 3,0,38.02
Y1-TA-1_LGD-1,conemnbl-1,Cluster 17,0,98.98
Y1-TA-1_LGD-1,coneoeod-1,Cluster 17,0,77.94
Y1-TA-1_LGD-1,gglcdkda-1,Cluster 3,0,31.20
Y1-TA-1_LGD-1,conghnfa-1,Cluster 2,0,75.77
Y1-TA-1_LGD-1,ggpmchcp-1,Cluster 3,0,30.53
Y1-TA-1_LGD-1,cohelddp-1,Cluster 10,0,67.33
Y1-TA-1_LGD-1,congjgkk-1,Cluster 10,0,95.51
Y1-TA-1_LGD-1,gigpiiog-1,Cluster 1,0,39.20
Y1-TA-1_LGD-1,gigpejmm-1,Cluster 6,0,115.65
Y1-TA-1_LGD-1,conggieo-1,Cluster 17,0,78.71
Y1-TA-1_LGD-1,ggpoigem-1,Cluster 4,0,52.20
Y1-TA-1_LGD-1,congcohj-1,Cluster 17,0,101.38
Y1-TA-1_LGD-1,congcjkj-1,Cluster 17,0,73.24
Y1-TA-1_LGD-1,ggpmbcck-1,Cluster 1,0,29.49
Y1-TA-1_LGD-1,congbcpj-1,Cluster 2,0,101.10
Y1-TA-1_LGD-1,conflnkb-1,Cluster 10,0,89.73
Y1-TA-1_LGD-1,gigpejkm-1,Cluster 3,0,87.60
Y1-TA-1_LGD-1,confkmmh-1,Cluster 10,0,90.27
Y1-TA-1_LGD-1,coifpaok-1,Cluster 14,0,107.83
Y1-TA-1_LGD-1,conflljf-1,Cluster 10,0,130.77
Y1-TA-1_LGD-1,gigonkjh-1,Cluster 17,0,127.70
Y1-TA-1_LGD-1,ggphnkkc-1,Cluster 3,0,14.09
Y1-TA-1_LGD-1,gglccpcp-1,Cluster 3,0,70.26
Y1-TA-1_LGD-1,cojalhgn-1,Cluster 17,0,54.01
Y1-TA-1_LGD-1,gglcdjil-1,Cluster 3,0,81.10
Y1-TA-1_LGD-1,cojalphf-1,Cluster 18,0,90.45
Y1-TA-1_LGD-1,cohenmln-1,Cluster 10,0,25.96
Y1-TA-1_LGD-1,ghbiaili-1,Cluster 17,0,78.03
Y1-TA-1_LGD-1,ghbhnkei-1,Cluster 17,0,103.99
Y1-TA-1_LGD-1,ggpjohij-1,Cluster 16,0,41.00
Y1-TA-1_LGD-1,gigpnoai-1,Cluster 3,0,40.10
Y1-TA-1_LGD-1,gigplafp-1,Cluster 1,0,15.53
Y1-TA-1_LGD-1,ggpjlcfo-1,Cluster 17,0,30.93
Y1-TA-1_LGD-1,ghbhpogp-1,Cluster 2,0,93.25
Y1-TA-1_LGD-1,ggpjpnbe-1,Cluster 5,0,76.18
Y1-TA-1_LGD-1,gigpnabi-1,Cluster 6,0,98.35
Y1-TA-1_LGD-1,ggpjldck-1,Cluster 16,0,21.09
Y1-TA-1_LGD-1,ghbhcmoj-1,Cluster 20,0,20.37
Y1-TA-1_LGD-1,gigpmbhh-1,Cluster 17,0,116.91
Y1-TA-1_LGD-1,ghbidobg-1,Cluster 17,0,47.96
Y1-TA-1_LGD-1,ggpjinlo-1,Cluster 16,0,57.53
Y1-TA-1_LGD-1,ghbibmkb-1,Cluster 17,0,63.63
Y1-TA-1_LGD-1,ghbhpgim-1,Cluster 17,0,38.11
Y1-TA-1_LGD-1,ggpjmhfg-1,Cluster 16,0,17.97
Y1-TA-1_LGD-1,ghbicilp-1,Cluster 6,0,79.48
Y1-TA-1_LGD-1,ghbfhncn-1,Cluster 8,0,54.28
Y1-TA-1_LGD-1,ghbhojhg-1,Cluster 6,0,62.59
Y1-TA-1_LGD-1,cojaiolj-1,Cluster 4,0,59.11
Y1-TA-1_LGD-1,gigobmnm-1,Cluster 3,0,57.94
Y1-TA-1_LGD-1,ghbgcmnl-1,Cluster 16,0,60.42
Y1-TA-1_LGD-1,ghbfmolc-1,Cluster 4,0,26.91
Y1-TA-1_LGD-1,ghbhajli-1,Cluster 3,0,14.72
Y1-TA-1_LGD-1,cojalagp-1,Cluster 3,0,69.54
Y1-TA-1_LGD-1,ggpjommc-1,Cluster 8,0,50.21
Y1-TA-1_LGD-1,ghbghnph-1,Cluster 17,0,64.35
Y1-TA-1_LGD-1,ghbfmojj-1,Cluster 1,0,26.64
Y1-TA-1_LGD-1,ghbhaiop-1,Cluster 17,0,103.14
Y1-TA-1_LGD-1,ghbglpnj-1,Cluster 3,0,91.04
Y1-TA-1_LGD-1,ggphlmpa-1,Cluster 8,0,38.88
Y1-TA-1_LGD-1,ghbfiljg-1,Cluster 25,0,62.99
Y1-TA-1_LGD-1,conhleaa-1,Cluster 1,0,36.98
Y1-TA-1_LGD-1,ggpijghc-1,Cluster 17,0,69.22
Y1-TA-1_LGD-1,ggplkeif-1,Cluster 14,0,42.04
Y1-TA-1_LGD-1,cohegolh-1,Cluster 10,0,30.39
Y1-TA-1_LGD-1,cohhidif-1,Cluster 3,0,33.10
Y1-TA-1_LGD-1,godogcpk-1,Cluster 18,0,61.91
Y1-TA-1_LGD-1,godmagja-1,Cluster 6,0,116.41
Y1-TA-1_LGD-1,cohhfbjf-1,Cluster 3,0,37.52
Y1-TA-1_LGD-1,godjlamb-1,Cluster 17,0,9.57
Y1-TA-1_LGD-1,cohilgjf-1,Cluster 21,0,46.19
Y1-TA-1_LGD-1,gododmjc-1,Cluster 6,0,49.76
Y1-TA-1_LGD-1,godjlejb-1,Cluster 2,0,33.19
Y1-TA-1_LGD-1,godncmfe-1,Cluster 6,0,36.98
Y1-TA-1_LGD-1,godjlina-1,Cluster 18,0,78.84
Y1-TA-1_LGD-1,cohhfbae-1,Cluster 2,0,47.78
Y1-TA-1_LGD-1,cohipmcf-1,Cluster 2,0,35.90
Y1-TA-1_LGD-1,godobegj-1,Cluster 3,0,17.43
Y1-TA-1_LGD-1,cohgpild-1,Cluster 18,0,67.73
Y1-TA-1_LGD-1,cohgjeki-1,Cluster 6,0,41.86
Y1-TA-1_LGD-1,cohioaah-1,Cluster 2,0,25.92
Y1-TA-1_LGD-1,godnbgjh-1,Cluster 17,0,25.56
Y1-TA-1_LGD-1,godjmmge-1,Cluster 3,0,31.02
Y1-TA-1_LGD-1,godndbjm-1,Cluster 6,0,72.79
Y1-TA-1_LGD-1,cohhajae-1,Cluster 8,0,53.15
Y1-TA-1_LGD-1,cohhbhjh-1,Cluster 18,0,34.63
Y1-TA-1_LGD-1,cogpomof-1,Cluster 18,0,79.11
Y1-TA-1_LGD-1,cohadmfi-1,Cluster 6,0,59.88
Y1-TA-1_LGD-1,cogpmefd-1,Cluster 14,0,66.38
Y1-TA-1_LGD-1,cogpjkbb-1,Cluster 17,0,63.31
Y1-TA-1_LGD-1,godmncbe-1,Cluster 14,0,128.83
Y1-TA-1_LGD-1,godpjabb-1,Cluster 14,0,146.40
Y1-TA-1_LGD-1,cogkhdef-1,Cluster 18,0,33.10
Y1-TA-1_LGD-1,godmplhk-1,Cluster 10,0,62.36
Y1-TA-1_LGD-1,cohgpbhm-1,Cluster 2,0,53.74
Y1-TA-1_LGD-1,godlpcfm-1,Cluster 18,0,92.03
Y1-TA-1_LGD-1,cohhbhap-1,Cluster 2,0,76.22
Y1-TA-1_LGD-1,cohgmfka-1,Cluster 17,0,41.50
Y1-TA-1_LGD-1,cogphokc-1,Cluster 8,0,76.49
Y1-TA-1_LGD-1,cogpgoke-1,Cluster 18,0,97.85
Y1-TA-1_LGD-1,cohaaian-1,Cluster 18,0,82.77
Y1-TA-1_LGD-1,cohhanii-1,Cluster 18,0,72.97
Y1-TA-1_LGD-1,ggplaemm-1,Cluster 20,0,22.98
Y1-TA-1_LGD-1,confpagj-1,Cluster 2,0,79.79
Y1-TA-1_LGD-1,cohfcpap-1,Cluster 2,0,36.76
Y1-TA-1_LGD-1,coneohbi-1,Cluster 10,0,37.84
Y1-TA-1_LGD-1,coheojlc-1,Cluster 6,0,21.04
Y1-TA-1_LGD-1,cohebnkg-1,Cluster 2,0,55.81
Y1-TA-1_LGD-1,cohegpcc-1,Cluster 2,0,54.46
Y1-TA-1_LGD-1,ggpkobcf-1,Cluster 3,0,26.10
Y1-TA-1_LGD-1,coheaeac-1,Cluster 10,0,74.78
Y1-TA-1_LGD-1,gniipgol-1,Cluster 3,0,24.02
Y1-TA-1_LGD-1,godoedii-1,Cluster 3,0,26.10
Y1-TA-1_LGD-1,godokiia-1,Cluster 6,0,32.33
Y1-TA-1_LGD-1,confhpgk-1,Cluster 10,0,50.53
Y1-TA-1_LGD-1,cohfcgob-1,Cluster 2,0,61.23
Y1-TA-1_LGD-1,godojegj-1,Cluster 3,0,24.11
Y1-TA-1_LGD-1,confbfbh-1,Cluster 10,0,44.98
Y1-TA-1_LGD-1,cohffjal-1,Cluster 10,0,52.65
Y1-TA-1_LGD-1,cohfjdoj-1,Cluster 10,0,56.94
Y1-TA-1_LGD-1,cohfodec-1,Cluster 2,0,42.58
Y1-TA-1_LGD-1,cohfjdcb-1,Cluster 10,0,23.48
Y1-TA-1_LGD-1,confbaaa-1,Cluster 10,0,22.31
Y1-TA-1_LGD-1,cohfflhh-1,Cluster 10,0,41.00
Y1-TA-1_LGD-1,gniijoog-1,Cluster 3,0,46.42
Y1-TA-1_LGD-1,godpaiio-1,Cluster 3,0,30.98
Y1-TA-1_LGD-1,godoogad-1,Cluster 3,0,9.57
Y1-TA-1_LGD-1,cohhcchg-1,Cluster 3,0,31.38
Y1-TA-1_LGD-1,cohflgfo-1,Cluster 6,0,34.59
Y1-TA-1_LGD-1,cohefkga-1,Cluster 10,0,64.75
Y1-TA-1_LGD-1,cohdkfdh-1,Cluster 10,0,40.96
Y1-TA-1_LGD-1,cohfpcme-1,Cluster 17,0,53.24
Y1-TA-1_LGD-1,godoohjb-1,Cluster 3,0,37.48
Y1-TA-1_LGD-1,cohfkehm-1,Cluster 10,0,30.07
Y1-TA-1_LGD-1,ocfofnip-1,Cluster 20,0,18.29
Y1-TA-1_LGD-1,cohdkhej-1,Cluster 2,0,86.29
Y1-TA-1_LGD-1,cohdobbm-1,Cluster 10,0,131.00
Y1-TA-1_LGD-1,godofifj-1,Cluster 6,0,71.98
Y1-TA-1_LGD-1,godpgkfo-1,Cluster 16,0,81.64
Y1-TA-1_LGD-1,godjhoam-1,Cluster 16,0,33.51
Y1-TA-1_LGD-1,godinbdc-1,Cluster 5,0,138.99
Y1-TA-1_LGD-1,godphmen-1,Cluster 5,0,23.57
Y1-TA-1_LGD-1,cohiolbf-1,Cluster 18,0,50.98
Y1-TA-1_LGD-1,godjfbgd-1,Cluster 8,0,54.32
Y1-TA-1_LGD-1,cohjhcld-1,Cluster 19,0,34.09
Y1-TA-1_LGD-1,godphnld-1,Cluster 8,0,63.81
Y1-TA-1_LGD-1,godjfhhc-1,Cluster 8,0,65.16
Y1-TA-1_LGD-1,godinolb-1,Cluster 13,0,45.25
Y1-TA-1_LGD-1,coghcoki-1,Cluster 18,0,107.07
Y1-TA-1_LGD-1,cohicbii-1,Cluster 10,0,66.56
Y1-TA-1_LGD-1,coggokkc-1,Cluster 18,0,56.08
Y1-TA-1_LGD-1,coghcbnk-1,Cluster 18,0,75.59
Y1-TA-1_LGD-1,cohiahfp-1,Cluster 18,0,43.67
Y1-TA-1_LGD-1,cohhmhcj-1,Cluster 18,0,93.83
Y1-TA-1_LGD-1,godihehp-1,Cluster 18,0,46.74
Y1-TA-1_LGD-1,cohhlgjj-1,Cluster 18,0,61.82
Y1-TA-1_LGD-1,coghnaam-1,Cluster 18,0,88.82
Y1-TA-1_LGD-1,coghakjj-1,Cluster 14,0,41.91
Y1-TA-1_LGD-1,cohicpgo-1,Cluster 18,0,76.04
Y1-TA-1_LGD-1,cohjbida-1,Cluster 17,0,60.64
Y1-TA-1_LGD-1,cohhighg-1,Cluster 6,0,91.85
Y1-TA-1_LGD-1,cohibaog-1,Cluster 14,0,44.48
Y1-TA-1_LGD-1,coghfoam-1,Cluster 18,0,64.71
Y1-TA-1_LGD-1,godippbc-1,Cluster 13,0,30.44
Y1-TA-1_LGD-1,godifggn-1,Cluster 19,0,27.14
Y1-TA-1_LGD-1,coghbbgl-1,Cluster 18,0,37.57
Y1-TA-1_LGD-1,godicimf-1,Cluster 16,0,87.42
Y1-TA-1_LGD-1,cohiipoj-1,Cluster 14,0,63.35
Y1-TA-1_LGD-1,godinpla-1,Cluster 13,0,72.84
Y1-TA-1_LGD-1,godllckp-1,Cluster 3,0,11.51
Y1-TA-1_LGD-1,godiikgn-1,Cluster 18,0,91.76
Y1-TA-1_LGD-1,cohibnch-1,Cluster 8,0,52.61
Y1-TA-1_LGD-1,godidfok-1,Cluster 1,0,42.58
Y1-TA-1_LGD-1,godmaedd-1,Cluster 17,0,32.78
Y1-TA-1_LGD-1,cohiaaed-1,Cluster 18,0,82.23
Y1-TA-1_LGD-1,ggpldcmj-1,Cluster 17,0,26.10
Y1-TA-1_LGD-1,ghaccdpe-1,Cluster 3,0,52.20
Y1-TA-1_LGD-1,ggplghmc-1,Cluster 14,0,68.59
Y1-TA-1_LGD-1,ghacehfp-1,Cluster 17,0,78.80
Y1-TA-1_LGD-1,cohmmhom-1,Cluster 17,0,133.08
Y1-TA-1_LGD-1,ggplmhnc-1,Cluster 6,0,60.15
Y1-TA-1_LGD-1,cohchgbc-1,Cluster 17,0,35.31
Y1-TA-1_LGD-1,cohdjcmh-1,Cluster 17,0,38.56
Y1-TA-1_LGD-1,ggpljflg-1,Cluster 10,0,44.80
Y1-TA-1_LGD-1,cohejjla-1,Cluster 2,0,141.52
Y1-TA-1_LGD-1,godpggpo-1,Cluster 17,0,53.96
Y1-TA-1_LGD-1,godiiofo-1,Cluster 12,0,47.69
Y1-TA-1_LGD-1,cohdjihi-1,Cluster 6,0,24.79
Y1-TA-1_LGD-1,ghabgeam-1,Cluster 6,0,159.18
Y1-TA-1_LGD-1,ghababch-1,Cluster 6,0,41.23
Y1-TA-1_LGD-1,godgbpbo-1,Cluster 17,0,88.69
Y1-TA-1_LGD-1,coheaoof-1,Cluster 10,0,32.02
Y1-TA-1_LGD-1,cohddnli-1,Cluster 10,0,56.22
Y1-TA-1_LGD-1,cohehlmg-1,Cluster 10,0,121.02
Y1-TA-1_LGD-1,ghabjejm-1,Cluster 3,0,30.80
Y1-TA-1_LGD-1,cohdcgnm-1,Cluster 18,0,60.19
Y1-TA-1_LGD-1,ghabfjlf-1,Cluster 10,0,79.66
Y1-TA-1_LGD-1,cohdgdjb-1,Cluster 10,0,45.11
Y1-TA-1_LGD-1,ghabhenp-1,Cluster 3,0,41.59
Y1-TA-1_LGD-1,cohdfgbc-1,Cluster 10,0,94.38
Y1-TA-1_LGD-1,godpdjim-1,Cluster 3,0,87.06
Y1-TA-1_LGD-1,cohekeal-1,Cluster 6,0,38.02
Y1-TA-1_LGD-1,ggplhlfp-1,Cluster 10,0,123.50
Y1-TA-1_LGD-1,godpcifd-1,Cluster 17,0,70.67
Y1-TA-1_LGD-1,cohdemme-1,Cluster 10,0,19.37
Y1-TA-1_LGD-1,godhifcd-1,Cluster 5,0,42.18
Y1-TA-1_LGD-1,godhobnp-1,Cluster 16,0,31.74
Y1-TA-1_LGD-1,godjbiig-1,Cluster 16,0,77.13
Y1-TA-1_LGD-1,godinldh-1,Cluster 1,0,49.67
Y1-TA-1_LGD-1,godpipbi-1,Cluster 16,0,88.91
Y1-TA-1_LGD-1,ggppgdhl-1,Cluster 3,0,23.71
Y1-TA-1_LGD-1,ggpihbjf-1,Cluster 17,0,24.47
Y1-TA-1_LGD-1,ggphlmpi-1,Cluster 3,0,18.83
Y1-TA-1_LGD-1,ocfocfek-1,Cluster 3,0,10.39
Y1-TA-1_LGD-1,ggphoaij-1,Cluster 14,0,81.64
Y1-TA-1_LGD-1,ggpjaibf-1,Cluster 3,0,52.25
Y1-TA-1_LGD-1,ggpmkonh-1,Cluster 3,0,30.53
Y1-TA-1_LGD-1,ggpmcjch-1,Cluster 6,0,69.04
Y1-TA-1_LGD-1,ggpogeko-1,Cluster 14,0,48.81
Y1-TA-1_LGD-1,ggploded-1,Cluster 6,0,145.31
Y1-TA-1_LGD-1,ggpolcja-1,Cluster 17,0,42.63
Y1-TA-1_LGD-1,ggpokalb-1,Cluster 6,0,57.85
Y1-TA-1_LGD-1,ggppbhfj-1,Cluster 14,0,72.66
Y1-TA-1_LGD-1,ggpjbeli-1,Cluster 20,0,50.98
Y1-TA-1_LGD-1,ggpmfjoe-1,Cluster 17,0,141.61
Y1-TA-1_LGD-1,ggpnpolp-1,Cluster 1,0,34.91
Y1-TA-1_LGD-1,ggpolein-1,Cluster 18,0,37.66
Y1-TA-1_LGD-1,ggpoplai-1,Cluster 3,0,19.28
Y1-TA-1_LGD-1,ggpokfme-1,Cluster 9,0,31.84
Y1-TA-1_LGD-1,ggpooloe-1,Cluster 17,0,92.07
Y1-TA-1_LGD-1,ggpofjnp-1,Cluster 10,0,53.69
Y1-TA-1_LGD-1,ggpnjgha-1,Cluster 3,0,65.84
Y1-TA-1_LGD-1,ggpmaijp-1,Cluster 20,0,36.62
Y1-TA-1_LGD-1,ggpnonje-1,Cluster 3,0,22.13
Y1-TA-1_LGD-1,ggponfde-1,Cluster 6,0,116.73
Y1-TA-1_LGD-1,conelook-1,Cluster 1,0,43.49
Y1-TA-1_LGD-1,ggpleeco-1,Cluster 3,0,40.82
Y1-TA-1_LGD-1,ggpoipoh-1,Cluster 3,0,28.81
Y1-TA-1_LGD-1,ggplfbon-1,Cluster 18,0,161.57
Y1-TA-1_LGD-1,ggpojjbd-1,Cluster 3,0,29.76
Y1-TA-1_LGD-1,cohcjjkp-1,Cluster 10,0,76.22
Y1-TA-1_LGD-1,ggpmegpa-1,Cluster 17,0,97.45
Y1-TA-1_LGD-1,ggpnjecb-1,Cluster 17,0,76.54
Y1-TA-1_LGD-1,ggpnkkcg-1,Cluster 3,0,25.02
Y1-TA-1_LGD-1,ggplempp-1,Cluster 6,0,20.18
Y1-TA-1_LGD-1,ggpnjioi-1,Cluster 3,0,31.84
Y1-TA-1_LGD-1,confpopl-1,Cluster 10,0,18.79
Y1-TA-1_LGD-1,ggplpmll-1,Cluster 3,0,14.04
Y1-TA-1_LGD-1,coniaoig-1,Cluster 3,0,76.18
Y1-TA-1_LGD-1,ghamnfmk-1,Cluster 6,0,41.81
Y1-TA-1_LGD-1,ghancakn-1,Cluster 5,0,148.29
Y1-TA-1_LGD-1,ggpjoknd-1,Cluster 17,0,89.00
Y1-TA-1_LGD-1,ggphlkif-1,Cluster 17,0,27.50
Y1-TA-1_LGD-1,conhfgkn-1,Cluster 2,0,67.06
Y1-TA-1_LGD-1,ggpjpbdf-1,Cluster 3,0,48.54
Y1-TA-1_LGD-1,ggpjchdl-1,Cluster 17,0,29.62
Y1-TA-1_LGD-1,conhmcld-1,Cluster 2,0,72.39
Y1-TA-1_LGD-1,ggphidoh-1,Cluster 17,0,26.60
Y1-TA-1_LGD-1,ghaoafaa-1,Cluster 3,0,61.10
Y1-TA-1_LGD-1,ggpjfend-1,Cluster 18,0,175.21
Y1-TA-1_LGD-1,ghaoghlp-1,Cluster 6,0,31.07
Y1-TA-1_LGD-1,ggphifnd-1,Cluster 6,0,90.81
Y1-TA-1_LGD-1,congkpgi-1,Cluster 17,0,43.26
Y1-TA-1_LGD-1,conibaik-1,Cluster 17,0,80.51
Y1-TA-1_LGD-1,congpnfi-1,Cluster 3,0,54.01
Y1-TA-1_LGD-1,conhnpfi-1,Cluster 17,0,47.37
Y1-TA-1_LGD-1,ghamcfgm-1,Cluster 17,0,39.87
Y1-TA-1_LGD-1,ghaobmmc-1,Cluster 17,0,62.63
Y1-TA-1_LGD-1,ghaofckc-1,Cluster 17,0,46.92
Y1-TA-1_LGD-1,ggphgcoh-1,Cluster 3,0,48.05
Y1-TA-1_LGD-1,ggpjpcpn-1,Cluster 14,0,76.90
Y1-TA-1_LGD-1,ggpiolbg-1,Cluster 17,0,100.97
Y1-TA-1_LGD-1,ggpinmfg-1,Cluster 3,0,35.72
Y1-TA-1_LGD-1,ggpilnjl-1,Cluster 3,0,23.39
Y1-TA-1_LGD-1,ggpjephd-1,Cluster 3,0,41.05
Y1-TA-1_LGD-1,ghaoakli-1,Cluster 17,0,32.29
Y1-TA-1_LGD-1,congpeff-1,Cluster 2,0,73.51
Y1-TA-1_LGD-1,ggpicmdo-1,Cluster 17,0,58.03
Y1-TA-1_LGD-1,ggpjcioc-1,Cluster 3,0,35.85
Y1-TA-1_LGD-1,ggpjengk-1,Cluster 17,0,76.04
Y1-TA-1_LGD-1,ggpiiacj-1,Cluster 3,0,40.64
Y1-TA-1_LGD-1,ggpjaajh-1,Cluster 3,0,25.56
Y1-TA-1_LGD-1,congmodk-1,Cluster 3,0,68.55
Y1-TA-1_LGD-1,ghadokbf-1,Cluster 17,0,29.13
Y1-TA-1_LGD-1,ggpneocp-1,Cluster 17,0,47.87
Y1-TA-1_LGD-1,ggpmjole-1,Cluster 17,0,38.83
Y1-TA-1_LGD-1,ggppegbi-1,Cluster 3,0,26.69
Y1-TA-1_LGD-1,cohcfehp-1,Cluster 10,0,72.70
Y1-TA-1_LGD-1,ghaaipen-1,Cluster 20,0,24.75
Y1-TA-1_LGD-1,ggppnifd-1,Cluster 3,0,25.83
Y1-TA-1_LGD-1,ghaaiebj-1,Cluster 20,0,31.56
Y1-TA-1_LGD-1,ghaafglg-1,Cluster 3,0,56.54
Y1-TA-1_LGD-1,ghadbaaj-1,Cluster 3,0,51.84
Y1-TA-1_LGD-1,ghaaendc-1,Cluster 20,0,35.27
Y1-TA-1_LGD-1,ghaaelbk-1,Cluster 3,0,77.44
Y1-TA-1_LGD-1,conkbdml-1,Cluster 17,0,49.04
Y1-TA-1_LGD-1,ghaadlpb-1,Cluster 3,0,45.97
Y1-TA-1_LGD-1,ggppfioo-1,Cluster 3,0,72.70
Y1-TA-1_LGD-1,ghaddjdm-1,Cluster 17,0,86.70
Y1-TA-1_LGD-1,conanjcm-1,Cluster 6,0,55.90
Y1-TA-1_LGD-1,ggpmimkg-1,Cluster 17,0,37.16
Y1-TA-1_LGD-1,conjpbel-1,Cluster 6,0,77.62
Y1-TA-1_LGD-1,ggpmlilk-1,Cluster 17,0,82.82
Y1-TA-1_LGD-1,ghaacggn-1,Cluster 3,0,50.30
Y1-TA-1_LGD-1,ggpncpog-1,Cluster 17,0,16.44
Y1-TA-1_LGD-1,ghadbkhk-1,Cluster 17,0,67.37
Y1-TA-1_LGD-1,ghacpdoc-1,Cluster 17,0,39.60
Y1-TA-1_LGD-1,conkcoki-1,Cluster 2,0,55.63
Y1-TA-1_LGD-1,ggpnjbpk-1,Cluster 3,0,34.86
Y1-TA-1_LGD-1,ggpkmgcj-1,Cluster 6,0,70.31
Y1-TA-1_LGD-1,ggpmoofd-1,Cluster 3,0,39.02
Y1-TA-1_LGD-1,ggpkhegi-1,Cluster 3,0,46.10
Y1-TA-1_LGD-1,ghaaahgj-1,Cluster 17,0,40.60
Y1-TA-1_LGD-1,ghabolep-1,Cluster 3,0,12.78
Y1-TA-1_LGD-1,ggpkfbmc-1,Cluster 14,0,117.90
Y1-TA-1_LGD-1,ghacijlg-1,Cluster 6,0,39.87
Y1-TA-1_LGD-1,ghacekol-1,Cluster 14,0,107.29
Y1-TA-1_LGD-1,ggpkfedn-1,Cluster 14,0,103.23
Y1-TA-1_LGD-1,cohmnpil-1,Cluster 14,0,132.22
Y1-TA-1_LGD-1,conjkedl-1,Cluster 6,0,44.66
Y1-TA-1_LGD-1,ghamlfgk-1,Cluster 3,0,18.65
Y1-TA-1_LGD-1,ghamedhe-1,Cluster 6,0,40.46
Y1-TA-1_LGD-1,ghanfalo-1,Cluster 12,0,55.18
Y1-TA-1_LGD-1,ghanglic-1,Cluster 13,0,77.40
Y1-TA-1_LGD-1,ghamhllc-1,Cluster 1,0,43.85
Y1-TA-1_LGD-1,ghanffmp-1,Cluster 12,0,45.34
Y1-TA-1_LGD-1,ghaoaefg-1,Cluster 12,0,51.21
Y1-TA-1_LGD-1,conkjkjp-1,Cluster 3,0,47.59
Y1-TA-1_LGD-1,conlbklh-1,Cluster 10,0,73.83
Y1-TA-1_LGD-1,ghaajhin-1,Cluster 17,0,78.26
Y1-TA-1_LGD-1,ggppmlff-1,Cluster 17,0,11.92
Y1-TA-1_LGD-1,ggppikea-1,Cluster 6,0,33.91
Y1-TA-1_LGD-1,ghamnfmd-1,Cluster 12,0,67.92
Y1-TA-1_LGD-1,ghallnpk-1,Cluster 10,0,56.76
Y1-TA-1_LGD-1,conlakde-1,Cluster 10,0,57.21
Y1-TA-1_LGD-1,conkpmmf-1,Cluster 15,0,61.73
Y1-TA-1_LGD-1,ggppkafe-1,Cluster 17,0,13.05
Y1-TA-1_LGD-1,ghalomgh-1,Cluster 20,0,14.86
Y1-TA-1_LGD-1,ghaljoce-1,Cluster 9,0,34.32
Y1-TA-1_LGD-1,ghalogjn-1,Cluster 10,0,48.72
Y1-TA-1_LGD-1,conlcepd-1,Cluster 3,0,42.27
Y1-TA-1_LGD-1,ghamaemp-1,Cluster 17,0,35.99
Y1-TA-1_LGD-1,ghalnoal-1,Cluster 15,0,42.22
Y1-TA-1_LGD-1,ghanckom-1,Cluster 3,0,19.69
Y1-TA-1_LGD-1,ghalnkej-1,Cluster 10,0,52.52
Y1-TA-1_LGD-1,conknlhg-1,Cluster 6,0,33.24
Y1-TA-1_LGD-1,conkpcmn-1,Cluster 3,0,63.85
Y1-TA-1_LGD-1,ghanemad-1,Cluster 2,0,224.38
Y1-TA-1_LGD-1,ghaaocmb-1,Cluster 2,0,39.56
Y1-TA-1_LGD-1,conkhcfc-1,Cluster 2,0,65.79
Y1-TA-1_LGD-1,conjfnaj-1,Cluster 17,0,50.76
Y1-TA-1_LGD-1,ghaedmoe-1,Cluster 3,0,15.85
Y1-TA-1_LGD-1,ggpnocdj-1,Cluster 6,0,62.32
Y1-TA-1_LGD-1,ghadhlmj-1,Cluster 6,0,33.91
Y1-TA-1_LGD-1,ghadpgjo-1,Cluster 17,0,20.18
Y1-TA-1_LGD-1,ghbeligo-1,Cluster 3,0,27.23
Y1-TA-1_LGD-1,ghbimpgh-1,Cluster 3,0,8.94
Y1-TA-1_LGD-1,gihnhflp-1,Cluster 3,0,15.80
Y1-TA-1_LGD-1,gignlgip-1,Cluster 3,0,35.81
Y1-TA-1_LGD-1,coifpaeb-1,Cluster 3,0,35.31
Y1-TA-1_LGD-1,gigfbbce-1,Cluster 3,0,37.25
Y1-TA-1_LGD-1,gigopjni-1,Cluster 17,0,134.16
Y1-TA-1_LGD-1,gigemkad-1,Cluster 17,0,42.45
Y1-TA-1_LGD-1,gigedngp-1,Cluster 17,0,29.80
Y1-TA-1_LGD-1,coigkdjd-1,Cluster 3,0,50.21
Y1-TA-1_LGD-1,coigfdog-1,Cluster 17,0,39.74
Y1-TA-1_LGD-1,gigebmbe-1,Cluster 20,0,54.14
Y1-TA-1_LGD-1,gigeafom-1,Cluster 3,0,38.74
Y1-TA-1_LGD-1,gigeffng-1,Cluster 3,0,48.90
Y1-TA-1_LGD-1,gigeaemh-1,Cluster 20,0,31.34
Y1-TA-1_LGD-1,gigdjjpi-1,Cluster 10,0,33.91
Y1-TA-1_LGD-1,gigeloca-1,Cluster 17,0,80.69
Y1-TA-1_LGD-1,gigngfek-1,Cluster 3,0,98.94
Y1-TA-1_LGD-1,gigeoehd-1,Cluster 17,0,137.18
Y1-TA-1_LGD-1,gigfahpe-1,Cluster 17,0,65.48
Y1-TA-1_LGD-1,gigdpace-1,Cluster 17,0,46.24
Y1-TA-1_LGD-1,coiehkfe-1,Cluster 3,0,51.88
Y1-TA-1_LGD-1,gignocal-1,Cluster 17,0,58.66
Y1-TA-1_LGD-1,gigfdpaj-1,Cluster 3,0,42.76
Y1-TA-1_LGD-1,coieiknj-1,Cluster 3,0,51.03
Y1-TA-1_LGD-1,coigffop-1,Cluster 17,0,69.68
Y1-TA-1_LGD-1,coigegjp-1,Cluster 17,0,68.82
Y1-TA-1_LGD-1,gigdinel-1,Cluster 17,0,32.11
Y1-TA-1_LGD-1,gigegjao-1,Cluster 17,0,88.91
Y1-TA-1_LGD-1,coifljod-1,Cluster 3,0,33.91
Y1-TA-1_LGD-1,gihdpfon-1,Cluster 17,0,57.30
Y1-TA-1_LGD-1,gigopoje-1,Cluster 3,0,15.99
Y1-TA-1_LGD-1,gihefoia-1,Cluster 3,0,66.88
Y1-TA-1_LGD-1,gihebpda-1,Cluster 17,0,140.07
Y1-TA-1_LGD-1,gignflbb-1,Cluster 17,0,24.70
Y1-TA-1_LGD-1,gigeonjf-1,Cluster 3,0,5.10
Y1-TA-1_LGD-1,coiejgho-1,Cluster 4,0,135.06
Y1-TA-1_LGD-1,coinopdl-1,Cluster 17,0,49.85
Y1-TA-1_LGD-1,gigpikif-1,Cluster 17,0,48.18
Y1-TA-1_LGD-1,gihechop-1,Cluster 3,0,29.22
Y1-TA-1_LGD-1,gihmeagb-1,Cluster 17,0,77.85
Y1-TA-1_LGD-1,gihaphij-1,Cluster 3,0,48.23
Y1-TA-1_LGD-1,gihmddkd-1,Cluster 6,0,41.18
Y1-TA-1_LGD-1,gihmcgni-1,Cluster 10,0,129.64
Y1-TA-1_LGD-1,gigfgjoh-1,Cluster 6,0,67.01
Y1-TA-1_LGD-1,gigffpco-1,Cluster 2,0,26.69
Y1-TA-1_LGD-1,coiipebl-1,Cluster 2,0,70.94
Y1-TA-1_LGD-1,coiiofaa-1,Cluster 17,0,49.72
Y1-TA-1_LGD-1,gihmgaig-1,Cluster 3,0,20.73
Y1-TA-1_LGD-1,gigcfgfa-1,Cluster 3,0,66.79
Y1-TA-1_LGD-1,gihakdkb-1,Cluster 3,0,28.54
Y1-TA-1_LGD-1,gignamgc-1,Cluster 17,0,30.48
Y1-TA-1_LGD-1,gihmicie-1,Cluster 17,0,76.81
Y1-TA-1_LGD-1,gihalbgd-1,Cluster 3,0,25.29
Y1-TA-1_LGD-1,gignackg-1,Cluster 17,0,63.81
Y1-TA-1_LGD-1,coijhilj-1,Cluster 17,0,49.67
Y1-TA-1_LGD-1,gihmiglk-1,Cluster 3,0,41.41
Y1-TA-1_LGD-1,gigfhloh-1,Cluster 17,0,50.67
Y1-TA-1_LGD-1,gigfjjpb-1,Cluster 17,0,58.93
Y1-TA-1_LGD-1,gihmebdf-1,Cluster 21,0,51.25
Y1-TA-1_LGD-1,gigfhkkb-1,Cluster 17,0,102.91
Y1-TA-1_LGD-1,giggcdjd-1,Cluster 3,0,52.83
Y1-TA-1_LGD-1,coififpb-1,Cluster 3,0,52.92
Y1-TA-1_LGD-1,gihapkne-1,Cluster 3,0,36.35
Y1-TA-1_LGD-1,gigndcdl-1,Cluster 3,0,60.01
Y1-TA-1_LGD-1,gigfhkhf-1,Cluster 3,0,42.63
Y1-TA-1_LGD-1,gignjmca-1,Cluster 6,0,40.69
Y1-TA-1_LGD-1,gihambpi-1,Cluster 3,0,25.02
Y1-TA-1_LGD-1,gihapkej-1,Cluster 3,0,127.97
Y1-TA-1_LGD-1,gigccfde-1,Cluster 3,0,62.36
Y1-TA-1_LGD-1,coiodmac-1,Cluster 3,0,44.98
Y1-TA-1_LGD-1,gihebhka-1,Cluster 20,0,54.77
Y1-TA-1_LGD-1,gignlomk-1,Cluster 3,0,35.27
Y1-TA-1_LGD-1,gignjfod-1,Cluster 3,0,70.94
Y1-TA-1_LGD-1,gigdiecn-1,Cluster 14,0,108.60
Y1-TA-1_LGD-1,gihekgph-1,Cluster 3,0,29.04
Y1-TA-1_LGD-1,ggoidnag-1,Cluster 17,0,40.60
Y1-TA-1_LGD-1,cojanmkj-1,Cluster 2,0,74.78
Y1-TA-1_LGD-1,ghbhjpfa-1,Cluster 3,0,34.59
Y1-TA-1_LGD-1,ghbhmphi-1,Cluster 17,0,107.20
Y1-TA-1_LGD-1,ghbeopan-1,Cluster 17,0,65.25
Y1-TA-1_LGD-1,ghbehpdg-1,Cluster 1,0,32.15
Y1-TA-1_LGD-1,ghbekeli-1,Cluster 3,0,41.59
Y1-TA-1_LGD-1,ghbefmjm-1,Cluster 2,0,95.42
Y1-TA-1_LGD-1,ggohdhcp-1,Cluster 21,0,62.50
Y1-TA-1_LGD-1,ghbeiojk-1,Cluster 1,0,18.60
Y1-TA-1_LGD-1,ggohclka-1,Cluster 2,0,46.06
Y1-TA-1_LGD-1,coioieak-1,Cluster 3,0,45.79
Y1-TA-1_LGD-1,ghbeoeng-1,Cluster 17,0,100.11
Y1-TA-1_LGD-1,ghbhjfjf-1,Cluster 6,0,135.06
Y1-TA-1_LGD-1,coiofonn-1,Cluster 17,0,37.07
Y1-TA-1_LGD-1,ggohmbml-1,Cluster 3,0,41.27
Y1-TA-1_LGD-1,coinheap-1,Cluster 17,0,65.07
Y1-TA-1_LGD-1,ggohkajm-1,Cluster 3,0,22.17
Y1-TA-1_LGD-1,ggohcjkh-1,Cluster 3,0,35.40
Y1-TA-1_LGD-1,ggoiieed-1,Cluster 3,0,14.36
Y1-TA-1_LGD-1,ggohploj-1,Cluster 17,0,49.85
Y1-TA-1_LGD-1,gigpabpn-1,Cluster 17,0,109.77
Y1-TA-1_LGD-1,coioimaf-1,Cluster 3,0,38.20
Y1-TA-1_LGD-1,ggohmofj-1,Cluster 3,0,22.44
Y1-TA-1_LGD-1,coinekmi-1,Cluster 17,0,46.96
Y1-TA-1_LGD-1,ghbefgmk-1,Cluster 17,0,57.39
Y1-TA-1_LGD-1,coinipck-1,Cluster 3,0,33.96
Y1-TA-1_LGD-1,ggoheoke-1,Cluster 3,0,10.70
Y1-TA-1_LGD-1,ggohhhab-1,Cluster 3,0,37.16
Y1-TA-1_LGD-1,ggohkkch-1,Cluster 3,0,15.90
Y1-TA-1_LGD-1,ggohlcpj-1,Cluster 17,0,51.30
Y1-TA-1_LGD-1,ghbekdnc-1,Cluster 17,0,18.83
Y1-TA-1_LGD-1,gigpjkoa-1,Cluster 9,0,57.66
Y1-TA-1_LGD-1,coioefaf-1,Cluster 3,0,87.60
Y1-TA-1_LGD-1,ghbhcoil-1,Cluster 17,0,52.97
Y1-TA-1_LGD-1,ghbhdilg-1,Cluster 17,0,50.12
Y1-TA-1_LGD-1,ghbhepge-1,Cluster 17,0,59.70
Y1-TA-1_LGD-1,ghbjakde-1,Cluster 17,0,62.90
Y1-TA-1_LGD-1,ghbjcfcc-1,Cluster 3,0,44.48
Y1-TA-1_LGD-1,ggokbhgc-1,Cluster 17,0,40.37
Y1-TA-1_LGD-1,ggokclbj-1,Cluster 3,0,37.25
Y1-TA-1_LGD-1,ggojiaof-1,Cluster 3,0,55.45
Y1-TA-1_LGD-1,ggojihbd-1,Cluster 3,0,77.76
Y1-TA-1_LGD-1,ggokbmoo-1,Cluster 3,0,6.50
Y1-TA-1_LGD-1,coipbcic-1,Cluster 3,0,39.92
Y1-TA-1_LGD-1,ggojjpbn-1,Cluster 6,0,155.47
Y1-TA-1_LGD-1,gihnboki-1,Cluster 6,0,49.04
Y1-TA-1_LGD-1,gihobpkb-1,Cluster 17,0,30.21
Y1-TA-1_LGD-1,ggohagdn-1,Cluster 3,0,32.60
Y1-TA-1_LGD-1,ghbjcdno-1,Cluster 17,0,26.96
Y1-TA-1_LGD-1,ggnbalnm-1,Cluster 3,0,13.77
Y1-TA-1_LGD-1,gihnjljg-1,Cluster 6,0,43.58
Y1-TA-1_LGD-1,coimflop-1,Cluster 3,0,27.73
Y1-TA-1_LGD-1,gihnfcif-1,Cluster 17,0,47.41
Y1-TA-1_LGD-1,gihndhdd-1,Cluster 17,0,33.78
Y1-TA-1_LGD-1,ghbimncd-1,Cluster 17,0,81.46
Y1-TA-1_LGD-1,coikllcl-1,Cluster 3,0,38.52
Y1-TA-1_LGD-1,coileaef-1,Cluster 18,0,70.08
Y1-TA-1_LGD-1,coinenfp-1,Cluster 17,0,51.70
Y1-TA-1_LGD-1,coindcan-1,Cluster 6,0,85.16
Y1-TA-1_LGD-1,coioeina-1,Cluster 3,0,47.55
Y1-TA-1_LGD-1,gihnclck-1,Cluster 17,0,33.73
Y1-TA-1_LGD-1,coiolhad-1,Cluster 17,0,83.13
Y1-TA-1_LGD-1,cojanlmo-1,Cluster 17,0,74.55
Y1-TA-1_LGD-1,gihnbiak-1,Cluster 14,0,57.98
Y1-TA-1_LGD-1,ggogppfj-1,Cluster 17,0,27.82
Y1-TA-1_LGD-1,cojbccbp-1,Cluster 18,0,61.14
Y1-TA-1_LGD-1,coinijan-1,Cluster 17,0,76.59
Y1-TA-1_LGD-1,gigppbjm-1,Cluster 17,0,56.67
Y1-TA-1_LGD-1,coiojeek-1,Cluster 3,0,48.77
Y1-TA-1_LGD-1,ggoigjbd-1,Cluster 3,0,29.44
Y1-TA-1_LGD-1,gigppnej-1,Cluster 3,0,34.50
Y1-TA-1_LGD-1,coikkibb-1,Cluster 17,0,31.88
Y1-TA-1_LGD-1,coiknakd-1,Cluster 17,0,43.80
Y1-TA-1_LGD-1,gigcaaeo-1,Cluster 2,0,57.80
Y1-TA-1_LGD-1,gihhjkoe-1,Cluster 17,0,20.09
Y1-TA-1_LGD-1,gihjdmam-1,Cluster 3,0,56.17
Y1-TA-1_LGD-1,giibnhhc-1,Cluster 3,0,5.64
Y1-TA-1_LGD-1,gihldcjh-1,Cluster 17,0,69.36
Y1-TA-1_LGD-1,coikcfof-1,Cluster 17,0,23.89
Y1-TA-1_LGD-1,gihogmam-1,Cluster 17,0,22.26
Y1-TA-1_LGD-1,gihodmcc-1,Cluster 17,0,176.92
Y1-TA-1_LGD-1,gihhkffk-1,Cluster 17,0,13.59
Y1-TA-1_LGD-1,coijigio-1,Cluster 17,0,24.11
Y1-TA-1_LGD-1,giibnbef-1,Cluster 3,0,13.64
Y1-TA-1_LGD-1,coijhnae-1,Cluster 17,0,29.67
Y1-TA-1_LGD-1,gigbgamb-1,Cluster 3,0,38.43
Y1-TA-1_LGD-1,giggdkhi-1,Cluster 17,0,45.11
Y1-TA-1_LGD-1,gigbllda-1,Cluster 17,0,28.00
Y1-TA-1_LGD-1,coijcckm-1,Cluster 3,0,34.77
Y1-TA-1_LGD-1,gigfphec-1,Cluster 2,0,92.89
Y1-TA-1_LGD-1,gihahcel-1,Cluster 3,0,7.23
Y1-TA-1_LGD-1,gihoemll-1,Cluster 17,0,39.65
Y1-TA-1_LGD-1,gihoelci-1,Cluster 3,0,81.55
Y1-TA-1_LGD-1,gigbknok-1,Cluster 3,0,41.36
Y1-TA-1_LGD-1,gigcbknd-1,Cluster 3,0,49.49
Y1-TA-1_LGD-1,gigbkblk-1,Cluster 17,0,29.08
Y1-TA-1_LGD-1,coijdpfj-1,Cluster 3,0,36.71
Y1-TA-1_LGD-1,gigbppkn-1,Cluster 3,0,78.17
Y1-TA-1_LGD-1,coijbpfn-1,Cluster 18,0,58.97
Y1-TA-1_LGD-1,giggbgej-1,Cluster 3,0,53.78
Y1-TA-1_LGD-1,gigbmgng-1,Cluster 1,0,30.03
Y1-TA-1_LGD-1,gigfoinh-1,Cluster 3,0,22.26
Y1-TA-1_LGD-1,gihaejch-1,Cluster 17,0,52.20
Y1-TA-1_LGD-1,coiilgog-1,Cluster 23,0,42.94
Y1-TA-1_LGD-1,gigcjphb-1,Cluster 3,0,51.43
Y1-TA-1_LGD-1,coijbkcp-1,Cluster 19,0,240.91
Y1-TA-1_LGD-1,gigcgknd-1,Cluster 17,0,49.08
Y1-TA-1_LGD-1,gigflpkg-1,Cluster 6,0,40.46
Y1-TA-1_LGD-1,coiklnoi-1,Cluster 17,0,29.26
Y1-TA-1_LGD-1,gihjiali-1,Cluster 3,0,11.70
Y1-TA-1_LGD-1,gihjbkie-1,Cluster 17,0,126.12
Y1-TA-1_LGD-1,gihkjnnb-1,Cluster 3,0,44.66
Y1-TA-1_LGD-1,gihlglel-1,Cluster 20,0,31.70
Y1-TA-1_LGD-1,gihkldab-1,Cluster 3,0,40.73
Y1-TA-1_LGD-1,gihimfma-1,Cluster 3,0,75.73
Y1-TA-1_LGD-1,coihibfc-1,Cluster 3,0,58.79
Y1-TA-1_LGD-1,coihcdek-1,Cluster 6,0,33.46
Y1-TA-1_LGD-1,gihohfjd-1,Cluster 3,0,66.29
Y1-TA-1_LGD-1,gihojccl-1,Cluster 3,0,38.11
Y1-TA-1_LGD-1,gihhgmaf-1,Cluster 3,0,54.73
Y1-TA-1_LGD-1,giibhmkc-1,Cluster 2,0,114.02
Y1-TA-1_LGD-1,gihoiicg-1,Cluster 17,0,39.20
Y1-TA-1_LGD-1,gihjeajh-1,Cluster 3,0,82.00
Y1-TA-1_LGD-1,coihkmic-1,Cluster 3,0,37.39
Y1-TA-1_LGD-1,gihomefp-1,Cluster 14,0,50.48
Y1-TA-1_LGD-1,gihhpdjm-1,Cluster 17,0,46.24
Y1-TA-1_LGD-1,gihidkfj-1,Cluster 17,0,29.62
Y1-TA-1_LGD-1,giibiogl-1,Cluster 3,0,10.75
Y1-TA-1_LGD-1,coikmkmm-1,Cluster 6,0,38.29
Y1-TA-1_LGD-1,gihifkmb-1,Cluster 3,0,30.75
Y1-TA-1_LGD-1,coihkkla-1,Cluster 3,0,59.56
Y1-TA-1_LGD-1,gihjkhof-1,Cluster 3,0,60.83
Y1-TA-1_LGD-1,gihigdjc-1,Cluster 3,0,27.14
Y1-TA-1_LGD-1,giibibdc-1,Cluster 17,0,15.99
Y1-TA-1_LGD-1,giiboame-1,Cluster 17,0,20.64
Y1-TA-1_LGD-1,gihjhmhh-1,Cluster 17,0,60.28
Y1-TA-1_LGD-1,coikngdh-1,Cluster 17,0,36.08
Y1-TA-1_LGD-1,coihbmen-1,Cluster 17,0,81.01
Y1-TA-1_LGD-1,gihidibk-1,Cluster 3,0,65.30
Y1-TA-1_LGD-1,coikcejd-1,Cluster 17,0,18.20
Y1-TA-1_LGD-1,giibnoid-1,Cluster 3,0,23.07
Y1-TA-1_LGD-1,gihjdnpp-1,Cluster 3,0,67.73
Y1-TA-1_LGD-1,gihiccgb-1,Cluster 17,0,56.54
Y1-TA-1_LGD-1,coikfjoa-1,Cluster 17,0,22.08
Y1-TA-1_LGD-1,gihhgpne-1,Cluster 3,0,18.60
Y1-TA-1_LGD-1,coildnhp-1,Cluster 14,0,43.49
Y1-TA-1_LGD-1,coilbkpj-1,Cluster 17,0,98.31
Y1-TA-1_LGD-1,ghbjppln-1,Cluster 17,0,47.91
Y1-TA-1_LGD-1,coilailj-1,Cluster 3,0,39.96
Y1-TA-1_LGD-1,gihldpnl-1,Cluster 3,0,48.68
Y1-TA-1_LGD-1,coilnnfl-1,Cluster 18,0,54.82
Y1-TA-1_LGD-1,coilagnp-1,Cluster 17,0,57.57
Y1-TA-1_LGD-1,ggogbbko-1,Cluster 17,0,52.29
Y1-TA-1_LGD-1,ghbkhpoh-1,Cluster 17,0,60.06
Y1-TA-1_LGD-1,ggogmbhg-1,Cluster 17,0,69.72
Y1-TA-1_LGD-1,ghbkadal-1,Cluster 17,0,15.90
Y1-TA-1_LGD-1,coilijjf-1,Cluster 17,0,45.16
Y1-TA-1_LGD-1,ghbkgjbm-1,Cluster 3,0,20.28
Y1-TA-1_LGD-1,ggogilpp-1,Cluster 17,0,74.01
Y1-TA-1_LGD-1,ghbkcpif-1,Cluster 17,0,34.27
Y1-TA-1_LGD-1,ghbkiobf-1,Cluster 17,0,40.14
Y1-TA-1_LGD-1,gieadmga-1,Cluster 3,0,61.59
Y1-TA-1_LGD-1,ggokeloj-1,Cluster 17,0,71.57
Y1-TA-1_LGD-1,gihoappn-1,Cluster 3,0,12.15
Y1-TA-1_LGD-1,gihmomdp-1,Cluster 17,0,76.54
Y1-TA-1_LGD-1,gihmoelk-1,Cluster 17,0,84.04
Y1-TA-1_LGD-1,ggojobkb-1,Cluster 3,0,47.28
Y1-TA-1_LGD-1,ggoghabm-1,Cluster 3,0,90.90
Y1-TA-1_LGD-1,ghbjfdhl-1,Cluster 4,0,85.57
Y1-TA-1_LGD-1,ggoioobc-1,Cluster 3,0,78.98
Y1-TA-1_LGD-1,ghbijjie-1,Cluster 2,0,78.89
Y1-TA-1_LGD-1,gihmnaod-1,Cluster 3,0,44.66
Y1-TA-1_LGD-1,ghbjgmkl-1,Cluster 3,0,31.07
Y1-TA-1_LGD-1,ghbkflbe-1,Cluster 3,0,58.70
Y1-TA-1_LGD-1,ghbifgkp-1,Cluster 3,0,42.72
Y1-TA-1_LGD-1,gihmmaji-1,Cluster 17,0,81.42
Y1-TA-1_LGD-1,gihmnhlp-1,Cluster 2,0,87.56
Y1-TA-1_LGD-1,ghbjnedc-1,Cluster 3,0,37.71
Y1-TA-1_LGD-1,coimihkd-1,Cluster 17,0,34.00
Y1-TA-1_LGD-1,ghbigdnp-1,Cluster 17,0,16.21
Y1-TA-1_LGD-1,coionhpc-1,Cluster 17,0,49.90
Y1-TA-1_LGD-1,ggojhfoh-1,Cluster 1,0,19.24
Y1-TA-1_LGD-1,ggomgmce-1,Cluster 14,0,75.50
Y1-TA-1_LGD-1,ggognclc-1,Cluster 3,0,27.95
Y1-TA-1_LGD-1,gihlmfpp-1,Cluster 17,0,41.63
Y1-TA-1_LGD-1,ggomocpn-1,Cluster 3,0,32.60
Y1-TA-1_LGD-1,ggolldel-1,Cluster 14,0,60.78
Y1-TA-1_LGD-1,gihligga-1,Cluster 10,0,45.47
Y1-TA-1_LGD-1,gihllomj-1,Cluster 3,0,39.92
Y1-TA-1_LGD-1,coipgigo-1,Cluster 2,0,58.52
Y1-TA-1_LGD-1,gihlnjkm-1,Cluster 3,0,23.71
Y1-TA-1_LGD-1,coipeenp-1,Cluster 17,0,47.91
Y1-TA-1_LGD-1,gihlnikh-1,Cluster 3,0,55.72
Y1-TA-1_LGD-1,ggomienc-1,Cluster 3,0,55.18
Y1-TA-1_LGD-1,ggolpnoe-1,Cluster 6,0,40.14
Y1-TA-1_LGD-1,gihmbgll-1,Cluster 3,0,16.89
Y1-TA-1_LGD-1,ggolkhae-1,Cluster 6,0,19.69
Y1-TA-1_LGD-1,ggomippb-1,Cluster 20,0,12.37
Y1-TA-1_LGD-1,ggomlfcp-1,Cluster 20,0,21.36
Y1-TA-1_LGD-1,ggonaogk-1,Cluster 17,0,111.40
Y1-TA-1_LGD-1,gihllgag-1,Cluster 3,0,4.52
Y1-TA-1_LGD-1,ggogdhec-1,Cluster 17,0,83.86
Y1-TA-1_LGD-1,ggomenoo-1,Cluster 20,0,20.68
Y1-TA-1_LGD-1,ggognfgo-1,Cluster 3,0,27.86
Y1-TA-1_LGD-1,gihlmldj-1,Cluster 17,0,59.15
Y1-TA-1_LGD-1,coimpgfe-1,Cluster 3,0,55.27
Y1-TA-1_LGD-1,coipbffj-1,Cluster 17,0,40.96
Y1-TA-1_LGD-1,coimckoe-1,Cluster 3,0,29.98
Y1-TA-1_LGD-1,coiljbgi-1,Cluster 6,0,73.20
Y1-TA-1_LGD-1,ggogobfd-1,Cluster 3,0,76.18
Y1-TA-1_LGD-1,ggogkgfh-1,Cluster 6,0,80.38
Y1-TA-1_LGD-1,gihldkem-1,Cluster 20,0,31.11
Y1-TA-1_LGD-1,coimpede-1,Cluster 3,0,29.40
Y1-TA-1_LGD-1,ggognhim-1,Cluster 3,0,37.03
Y1-TA-1_LGD-1,coilaomo-1,Cluster 3,0,38.79
Y1-TA-1_LGD-1,coimblib-1,Cluster 18,0,74.91
Y1-TA-1_LGD-1,coimjbih-1,Cluster 3,0,31.52
Y1-TA-1_LGD-1,ghakcabl-1,Cluster 6,0,30.75
Y1-TA-1_LGD-1,ghaihmpo-1,Cluster 8,0,43.30
Y1-TA-1_LGD-1,ghbbadck-1,Cluster 5,0,54.59
Y1-TA-1_LGD-1,ghbbahhc-1,Cluster 6,0,74.10
Y1-TA-1_LGD-1,ghapphmh-1,Cluster 1,0,58.93
Y1-TA-1_LGD-1,ghapeojg-1,Cluster 1,0,39.92
Y1-TA-1_LGD-1,ghappmne-1,Cluster 16,0,58.66
Y1-TA-1_LGD-1,ghbefpgp-1,Cluster 17,0,22.80
Y1-TA-1_LGD-1,ghapbgkh-1,Cluster 8,0,66.47
Y1-TA-1_LGD-1,ghbafooo-1,Cluster 13,0,32.74
Y1-TA-1_LGD-1,conehkie-1,Cluster 2,0,54.96
Y1-TA-1_LGD-1,ghapbjke-1,Cluster 14,0,30.98
Y1-TA-1_LGD-1,ghapbkll-1,Cluster 6,0,59.11
Y1-TA-1_LGD-1,ghbapdmd-1,Cluster 17,0,30.71
Y1-TA-1_LGD-1,ghbagjhl-1,Cluster 16,0,57.30
Y1-TA-1_LGD-1,ghbajnec-1,Cluster 12,0,36.62
Y1-TA-1_LGD-1,ghbagpjn-1,Cluster 12,0,55.95
Y1-TA-1_LGD-1,ghapnlkd-1,Cluster 13,0,24.93
Y1-TA-1_LGD-1,ghbfbhdn-1,Cluster 2,0,60.15
Y1-TA-1_LGD-1,ghbamcbp-1,Cluster 17,0,43.53
Y1-TA-1_LGD-1,conibhla-1,Cluster 18,0,73.60
Y1-TA-1_LGD-1,ggpkedhp-1,Cluster 3,0,32.38
Y1-TA-1_LGD-1,ggpkabfe-1,Cluster 16,0,81.91
Y1-TA-1_LGD-1,conipjnb-1,Cluster 3,0,32.65
Y1-TA-1_LGD-1,coninhlp-1,Cluster 3,0,63.35
Y1-TA-1_LGD-1,conigjgm-1,Cluster 17,0,53.56
Y1-TA-1_LGD-1,ggphedkl-1,Cluster 14,0,29.31
Y1-TA-1_LGD-1,ggpjpman-1,Cluster 17,0,55.00
Y1-TA-1_LGD-1,ghapkigd-1,Cluster 17,0,43.26
Y1-TA-1_LGD-1,ghbfheei-1,Cluster 6,0,39.02
Y1-TA-1_LGD-1,ghbfabhb-1,Cluster 3,0,12.69
Y1-TA-1_LGD-1,conimbam-1,Cluster 18,0,92.75
Y1-TA-1_LGD-1,conipoaa-1,Cluster 2,0,37.12
Y1-TA-1_LGD-1,conjaokl-1,Cluster 17,0,63.76
Y1-TA-1_LGD-1,ggpheipj-1,Cluster 18,0,119.30
Y1-TA-1_LGD-1,conifmic-1,Cluster 18,0,54.59
Y1-TA-1_LGD-1,conihggk-1,Cluster 6,0,35.04
Y1-TA-1_LGD-1,conicpfp-1,Cluster 2,0,75.77
Y1-TA-1_LGD-1,ggpkekjm-1,Cluster 12,0,56.40
Y1-TA-1_LGD-1,ghbckgag-1,Cluster 17,0,69.00
Y1-TA-1_LGD-1,ghbkmpoa-1,Cluster 17,0,79.02
Y1-TA-1_LGD-1,ghbcmnjj-1,Cluster 3,0,50.26
Y1-TA-1_LGD-1,ghbkjlhd-1,Cluster 17,0,67.55
Y1-TA-1_LGD-1,ghbcmiha-1,Cluster 3,0,32.42
Y1-TA-1_LGD-1,ghcckmpj-1,Cluster 2,0,21.95
Y1-TA-1_LGD-1,ghcddfgm-1,Cluster 17,0,60.92
Y1-TA-1_LGD-1,ghbdacno-1,Cluster 16,0,52.79
Y1-TA-1_LGD-1,ghbddhda-1,Cluster 16,0,99.07
Y1-TA-1_LGD-1,ghbdbfgh-1,Cluster 8,0,22.67
Y1-TA-1_LGD-1,ghbagfmk-1,Cluster 6,0,50.35
Y1-TA-1_LGD-1,ghbecoej-1,Cluster 13,0,42.81
Y1-TA-1_LGD-1,ghbcdhbe-1,Cluster 6,0,37.93
Y1-TA-1_LGD-1,ghbcjigm-1,Cluster 6,0,75.14
Y1-TA-1_LGD-1,coofbmhh-1,Cluster 16,0,59.92
Y1-TA-1_LGD-1,cooekeel-1,Cluster 16,0,54.55
Y1-TA-1_LGD-1,conegpbd-1,Cluster 7,0,89.77
Y1-TA-1_LGD-1,ghbcflim-1,Cluster 17,0,82.73
Y1-TA-1_LGD-1,coofdico-1,Cluster 12,0,50.98
Y1-TA-1_LGD-1,ghbdgnep-1,Cluster 1,0,26.42
Y1-TA-1_LGD-1,coneiack-1,Cluster 7,0,45.02
Y1-TA-1_LGD-1,ghbbnkmd-1,Cluster 17,0,18.92
Y1-TA-1_LGD-1,ghbcepbn-1,Cluster 6,0,100.79
Y1-TA-1_LGD-1,ghbcannj-1,Cluster 20,0,52.07
Y1-TA-1_LGD-1,cooelbko-1,Cluster 2,0,56.08
Y1-TA-1_LGD-1,ghbdnglk-1,Cluster 3,0,15.35
Y1-TA-1_LGD-1,ghbdokkk-1,Cluster 16,0,34.14
Y1-TA-1_LGD-1,coofaijb-1,Cluster 1,0,34.63
Y1-TA-1_LGD-1,ghbdmlen-1,Cluster 7,0,28.63
Y1-TA-1_LGD-1,cooemifc-1,Cluster 1,0,36.49
Y1-TA-1_LGD-1,ghbdikca-1,Cluster 13,0,47.37
Y1-TA-1_LGD-1,ghbdinmn-1,Cluster 1,0,49.85
Y1-TA-1_LGD-1,ghbcaiom-1,Cluster 5,0,49.31
Y1-TA-1_LGD-1,ghapcnba-1,Cluster 8,0,43.53
Y1-TA-1_LGD-1,ghbbcogb-1,Cluster 6,0,44.93
Y1-TA-1_LGD-1,ghbdlmdk-1,Cluster 5,0,63.94
Y1-TA-1_LGD-1,ghagemaf-1,Cluster 14,0,38.74
Y1-TA-1_LGD-1,ghaklgjc-1,Cluster 8,0,69.00
Y1-TA-1_LGD-1,conidgmj-1,Cluster 2,0,51.93
Y1-TA-1_LGD-1,ghaogkbk-1,Cluster 16,0,126.98
Y1-TA-1_LGD-1,ghakocml-1,Cluster 3,0,63.44
Y1-TA-1_LGD-1,ghafjend-1,Cluster 16,0,85.89
Y1-TA-1_LGD-1,ghagnenn-1,Cluster 4,0,51.61
Y1-TA-1_LGD-1,ghaflaho-1,Cluster 6,0,32.15
Y1-TA-1_LGD-1,ghalchjg-1,Cluster 6,0,30.03
Y1-TA-1_LGD-1,conlgkja-1,Cluster 3,0,37.62
Y1-TA-1_LGD-1,conlgmog-1,Cluster 8,0,44.98
Y1-TA-1_LGD-1,ghaooene-1,Cluster 10,0,45.07
Y1-TA-1_LGD-1,ghagncli-1,Cluster 6,0,13.77
Y1-TA-1_LGD-1,ghahjnpo-1,Cluster 7,0,38.83
Y1-TA-1_LGD-1,comlagio-1,Cluster 2,0,67.15
Y1-TA-1_LGD-1,ghaichel-1,Cluster 13,0,39.87
Y1-TA-1_LGD-1,ghahodhg-1,Cluster 1,0,65.30
Y1-TA-1_LGD-1,ghaolifm-1,Cluster 14,0,63.67
Y1-TA-1_LGD-1,ghafeima-1,Cluster 16,0,106.30
Y1-TA-1_LGD-1,conihhfg-1,Cluster 14,0,54.23
Y1-TA-1_LGD-1,ghapbcph-1,Cluster 6,0,58.12
Y1-TA-1_LGD-1,ghaibmmn-1,Cluster 3,0,10.66
Y1-TA-1_LGD-1,ghaiaigp-1,Cluster 5,0,84.08
Y1-TA-1_LGD-1,ghakjhgg-1,Cluster 3,0,37.93
Y1-TA-1_LGD-1,ghakkife-1,Cluster 12,0,47.23
Y1-TA-1_LGD-1,ghagajlc-1,Cluster 6,0,69.27
Y1-TA-1_LGD-1,ghaojgbd-1,Cluster 10,0,53.69
Y1-TA-1_LGD-1,conldoif-1,Cluster 2,0,66.70
Y1-TA-1_LGD-1,conidcal-1,Cluster 2,0,58.66
Y1-TA-1_LGD-1,companjb-1,Cluster 3,0,28.72
Y1-TA-1_LGD-1,ghaopmkn-1,Cluster 18,0,51.12
Y1-TA-1_LGD-1,ghaoplle-1,Cluster 10,0,103.50
Y1-TA-1_LGD-1,conikedh-1,Cluster 6,0,52.52
Y1-TA-1_LGD-1,ghaooidd-1,Cluster 6,0,90.81
Y1-TA-1_LGD-1,ghalcfdf-1,Cluster 16,0,157.28
Y1-TA-1_LGD-1,conighbe-1,Cluster 6,0,87.69
Y1-TA-1_LGD-1,ghaomgim-1,Cluster 2,0,47.82
Y1-TA-1_LGD-1,ghafegab-1,Cluster 16,0,73.56
Y1-TA-1_LGD-1,ghahbikj-1,Cluster 17,0,35.27
Y1-TA-1_LGD-1,ghahmefi-1,Cluster 1,0,69.90
Y1-TA-1_LGD-1,ghahfjal-1,Cluster 3,0,21.68
Y1-TA-1_LGD-1,conjfgim-1,Cluster 14,0,60.15
Y1-TA-1_LGD-1,ghajoclk-1,Cluster 18,0,35.72
Y1-TA-1_LGD-1,ghajppjc-1,Cluster 14,0,88.96
Y1-TA-1_LGD-1,ghaiadke-1,Cluster 5,0,95.14
Y1-TA-1_LGD-1,ghahfmoe-1,Cluster 17,0,37.71
Y1-TA-1_LGD-1,comjghop-1,Cluster 3,0,49.13
Y1-TA-1_LGD-1,ghahemoj-1,Cluster 17,0,84.13
Y1-TA-1_LGD-1,ghajahjo-1,Cluster 17,0,26.69
Y1-TA-1_LGD-1,ghajcmfl-1,Cluster 3,0,5.83
Y1-TA-1_LGD-1,ghaifggo-1,Cluster 16,0,98.67
Y1-TA-1_LGD-1,ghajebbc-1,Cluster 2,0,43.12
Y1-TA-1_LGD-1,ghafmmbg-1,Cluster 6,0,68.95
Y1-TA-1_LGD-1,ghaggcln-1,Cluster 6,0,29.31
Y1-TA-1_LGD-1,ghajhgfd-1,Cluster 3,0,30.57
Y1-TA-1_LGD-1,ghagjfcc-1,Cluster 17,0,76.13
Y1-TA-1_LGD-1,comjfdod-1,Cluster 2,0,60.28
Y1-TA-1_LGD-1,ghajlcol-1,Cluster 3,0,13.23
Y1-TA-1_LGD-1,conjbfnf-1,Cluster 18,0,64.44
Y1-TA-1_LGD-1,ghaihfli-1,Cluster 8,0,49.94
Y1-TA-1_LGD-1,ghahpope-1,Cluster 13,0,24.20
Y1-TA-1_LGD-1,ghakbifm-1,Cluster 3,0,25.74
Y1-TA-1_LGD-1,ghaihoag-1,Cluster 8,0,159.94
Y1-TA-1_LGD-1,ghafanko-1,Cluster 3,0,19.91
Y1-TA-1_LGD-1,ghagonpo-1,Cluster 17,0,37.30
Y1-TA-1_LGD-1,ghafbnak-1,Cluster 6,0,75.23
Y1-TA-1_LGD-1,ocfoghge-1,Cluster 20,0,22.58
Y1-TA-1_LGD-1,ghajpaok-1,Cluster 17,0,62.54
Y1-TA-1_LGD-1,ghagoifh-1,Cluster 3,0,32.38
Y1-TA-1_LGD-1,ghajhgbo-1,Cluster 3,0,20.09
Y1-TA-1_LGD-1,ghagpiem-1,Cluster 3,0,45.61
Y1-TA-1_LGD-1,ghafchem-1,Cluster 3,0,66.56
Y1-TA-1_LGD-1,coocfdfc-1,Cluster 17,0,27.50
Y1-TA-1_LGD-1,cooccppi-1,Cluster 17,0,50.67
Y1-TA-1_LGD-1,coogbmif-1,Cluster 9,0,42.04
Y1-TA-1_LGD-1,ghcebhoo-1,Cluster 3,0,71.53
Y1-TA-1_LGD-1,coognkic-1,Cluster 3,0,18.51
Y1-TA-1_LGD-1,ghccecen-1,Cluster 3,0,7.23
Y1-TA-1_LGD-1,coocgdfj-1,Cluster 21,0,27.00
Y1-TA-1_LGD-1,conegmgc-1,Cluster 3,0,30.93
Y1-TA-1_LGD-1,ghceaeao-1,Cluster 3,0,22.62
Y1-TA-1_LGD-1,coogfbnh-1,Cluster 2,0,20.95
Y1-TA-1_LGD-1,coogcglh-1,Cluster 17,0,30.12
Y1-TA-1_LGD-1,coofpfni-1,Cluster 17,0,26.91
Y1-TA-1_LGD-1,coneicib-1,Cluster 6,0,33.14
Y1-TA-1_LGD-1,coogcjgh-1,Cluster 6,0,21.40
Y1-TA-1_LGD-1,coofpjgo-1,Cluster 2,0,53.24
Y1-TA-1_LGD-1,conejpoh-1,Cluster 2,0,23.66
Y1-TA-1_LGD-1,ghcdjflp-1,Cluster 2,0,40.32
Y1-TA-1_LGD-1,ghcdjpdb-1,Cluster 17,0,101.65
Y1-TA-1_LGD-1,ghcechdh-1,Cluster 2,0,30.30
Y1-TA-1_LGD-1,coogailh-1,Cluster 2,0,22.67
Y1-TA-1_LGD-1,coocdded-1,Cluster 21,0,34.05
Y1-TA-1_LGD-1,conekddb-1,Cluster 2,0,21.13
Y1-TA-1_LGD-1,ghcfdcgo-1,Cluster 3,0,35.99
Y1-TA-1_LGD-1,ghaemfpp-1,Cluster 3,0,31.93
Y1-TA-1_LGD-1,cooejpfl-1,Cluster 17,0,65.52
Y1-TA-1_LGD-1,conedamm-1,Cluster 2,0,45.29
Y1-TA-1_LGD-1,ghcdbldd-1,Cluster 3,0,19.10
Y1-TA-1_LGD-1,ghccfmnh-1,Cluster 6,0,80.60
Y1-TA-1_LGD-1,coneihom-1,Cluster 3,0,27.05
Y1-TA-1_LGD-1,conedgkk-1,Cluster 17,0,43.40
Y1-TA-1_LGD-1,ghccodid-1,Cluster 19,0,45.52
Y1-TA-1_LGD-1,coneddcg-1,Cluster 18,0,42.63
Y1-TA-1_LGD-1,ghcfcdkf-1,Cluster 20,0,15.53
Y1-TA-1_LGD-1,cooemkff-1,Cluster 17,0,36.89
Y1-TA-1_LGD-1,ghcdclld-1,Cluster 3,0,37.57
Y1-TA-1_LGD-1,ghcfcnbo-1,Cluster 17,0,52.65
Y1-TA-1_LGD-1,conpocbb-1,Cluster 17,0,71.17
Y1-TA-1_LGD-1,cooeibna-1,Cluster 3,0,53.69
Y1-TA-1_LGD-1,ghcbmonl-1,Cluster 12,0,38.38
Y1-TA-1_LGD-1,coobplcj-1,Cluster 3,0,30.89
Y1-TA-1_LGD-1,ghcefdhd-1,Cluster 3,0,59.56
Y1-TA-1_LGD-1,ghcefagf-1,Cluster 3,0,51.39
Y1-TA-1_LGD-1,coocmpdp-1,Cluster 17,0,21.58
Y1-TA-1_LGD-1,ghceelng-1,Cluster 17,0,35.18
Y1-TA-1_LGD-1,ghceefim-1,Cluster 3,0,16.39
Y1-TA-1_LGD-1,coocapco-1,Cluster 17,0,22.08
Y1-TA-1_LGD-1,ghcenaka-1,Cluster 17,0,133.08
Y1-TA-1_LGD-1,ghcdimap-1,Cluster 2,0,17.16
Y1-TA-1_LGD-1,coohdbgm-1,Cluster 19,0,24.11
Y1-TA-1_LGD-1,ghcdhehc-1,Cluster 6,0,13.37
Y1-TA-1_LGD-1,ghcemphf-1,Cluster 3,0,31.79
Y1-TA-1_LGD-1,ghcencjg-1,Cluster 17,0,71.98
Y1-TA-1_LGD-1,ghceplkg-1,Cluster 17,0,41.00
Y1-TA-1_LGD-1,ghceljee-1,Cluster 6,0,55.68
Y1-TA-1_LGD-1,ghcdgdhp-1,Cluster 17,0,29.67
Y1-TA-1_LGD-1,coocaalj-1,Cluster 6,0,70.35
Y1-TA-1_LGD-1,coofenja-1,Cluster 1,0,40.69
Y1-TA-1_LGD-1,coohdhip-1,Cluster 2,0,44.98
Y1-TA-1_LGD-1,cooffodm-1,Cluster 2,0,59.56
Y1-TA-1_LGD-1,coofmgji-1,Cluster 2,0,54.19
Y1-TA-1_LGD-1,coogoicb-1,Cluster 2,0,40.78
Y1-TA-1_LGD-1,coocopph-1,Cluster 2,0,33.42
Y1-TA-1_LGD-1,ghcdbiam-1,Cluster 17,0,26.10
Y1-TA-1_LGD-1,ghbnipkh-1,Cluster 13,0,28.58
Y1-TA-1_LGD-1,ghccpepe-1,Cluster 3,0,11.70
Y1-TA-1_LGD-1,ghcbmbfi-1,Cluster 5,0,75.09
Y1-TA-1_LGD-1,coocoaoj-1,Cluster 18,0,26.01
Y1-TA-1_LGD-1,ghcdbdph-1,Cluster 3,0,35.85
Y1-TA-1_LGD-1,coogboon-1,Cluster 2,0,23.17
Y1-TA-1_LGD-1,ghbphbjp-1,Cluster 17,0,33.73
Y1-TA-1_LGD-1,coohbele-1,Cluster 18,0,27.23
Y1-TA-1_LGD-1,coofnokd-1,Cluster 18,0,30.93
Y1-TA-1_LGD-1,ghcfdpci-1,Cluster 17,0,96.63
Y1-TA-1_LGD-1,cooalcpl-1,Cluster 21,0,32.02
Y1-TA-1_LGD-1,coocjiee-1,Cluster 2,0,27.73
Y1-TA-1_LGD-1,ghcadhji-1,Cluster 17,0,23.93
Y1-TA-1_LGD-1,conpgjjb-1,Cluster 2,0,35.27
Y1-TA-1_LGD-1,ghbpnbcp-1,Cluster 2,0,52.20
Y1-TA-1_LGD-1,conppami-1,Cluster 21,0,31.29
Y1-TA-1_LGD-1,ghcanjjc-1,Cluster 2,0,22.98
Y1-TA-1_LGD-1,coobmkeg-1,Cluster 6,0,34.32
Y1-TA-1_LGD-1,comjhjmj-1,Cluster 18,0,35.85
Y1-TA-1_LGD-1,ghaenpfc-1,Cluster 3,0,18.65
Y1-TA-1_LGD-1,ghcaimmn-1,Cluster 3,0,16.98
Y1-TA-1_LGD-1,coobicie-1,Cluster 18,0,34.14
Y1-TA-1_LGD-1,ghcaliab-1,Cluster 17,0,19.60
Y1-TA-1_LGD-1,ghbpldnl-1,Cluster 6,0,18.20
Y1-TA-1_LGD-1,ghbpnmme-1,Cluster 6,0,23.71
Y1-TA-1_LGD-1,cooboacn-1,Cluster 2,0,60.28
Y1-TA-1_LGD-1,coobhbmd-1,Cluster 2,0,41.50
Y1-TA-1_LGD-1,ghcamihk-1,Cluster 2,0,18.74
Y1-TA-1_LGD-1,ghaeeakd-1,Cluster 2,0,12.42
Y1-TA-1_LGD-1,ghaejjoi-1,Cluster 17,0,18.51
Y1-TA-1_LGD-1,ghaeimme-1,Cluster 6,0,36.40
Y1-TA-1_LGD-1,cooaelga-1,Cluster 2,0,27.18
Y1-TA-1_LGD-1,ghainhdj-1,Cluster 3,0,12.55
Y1-TA-1_LGD-1,ghaiimoo-1,Cluster 6,0,18.74
Y1-TA-1_LGD-1,cooaiiga-1,Cluster 14,0,39.92
Y1-TA-1_LGD-1,ghaehikb-1,Cluster 3,0,40.82
Y1-TA-1_LGD-1,conpkiia-1,Cluster 6,0,26.55
Y1-TA-1_LGD-1,ghaellhd-1,Cluster 17,0,51.25
Y1-TA-1_LGD-1,conjbado-1,Cluster 18,0,51.34
Y1-TA-1_LGD-1,ghaeodll-1,Cluster 6,0,22.31
Y1-TA-1_LGD-1,coobbica-1,Cluster 14,0,67.10
Y1-TA-1_LGD-1,ghakejfm-1,Cluster 6,0,8.44
Y1-TA-1_LGD-1,cooaifpf-1,Cluster 18,0,50.12
Y1-TA-1_LGD-1,ghakcgpi-1,Cluster 6,0,13.91
Y1-TA-1_LGD-1,cooabnbb-1,Cluster 17,0,28.54
Y1-TA-1_LGD-1,condncgh-1,Cluster 17,0,54.86
Y1-TA-1_LGD-1,ghaejilp-1,Cluster 2,0,23.17
Y1-TA-1_LGD-1,conoglpk-1,Cluster 18,0,57.53
Y1-TA-1_LGD-1,conogjom-1,Cluster 6,0,44.43
Y1-TA-1_LGD-1,ghbnhond-1,Cluster 17,0,8.99
Y1-TA-1_LGD-1,ghbnipkg-1,Cluster 16,0,77.89
Y1-TA-1_LGD-1,ghbnkffb-1,Cluster 11,0,29.89
Y1-TA-1_LGD-1,ghbmfmfk-1,Cluster 7,0,31.52
Y1-TA-1_LGD-1,ghbnieop-1,Cluster 2,0,66.79
Y1-TA-1_LGD-1,ghbnbkcn-1,Cluster 8,0,36.53
Y1-TA-1_LGD-1,conpbpng-1,Cluster 18,0,57.89
Y1-TA-1_LGD-1,ghbmfbdn-1,Cluster 16,0,48.90
Y1-TA-1_LGD-1,ghbncdeb-1,Cluster 8,0,14.95
Y1-TA-1_LGD-1,conoanam-1,Cluster 17,0,33.51
Y1-TA-1_LGD-1,ghbmfhbb-1,Cluster 12,0,20.82
Y1-TA-1_LGD-1,ghbnikod-1,Cluster 2,0,39.38
Y1-TA-1_LGD-1,ghbmddnh-1,Cluster 8,0,54.19
Y1-TA-1_LGD-1,ghbmhfob-1,Cluster 16,0,50.62
Y1-TA-1_LGD-1,conogepc-1,Cluster 18,0,40.51
Y1-TA-1_LGD-1,ghbmapab-1,Cluster 7,0,64.62
Y1-TA-1_LGD-1,conohmlg-1,Cluster 18,0,78.48
Y1-TA-1_LGD-1,coockclh-1,Cluster 2,0,33.73
Y1-TA-1_LGD-1,conohgig-1,Cluster 2,0,27.18
Y1-TA-1_LGD-1,ghbmjcnh-1,Cluster 1,0,36.40
Y1-TA-1_LGD-1,conollec-1,Cluster 14,0,41.91
Y1-TA-1_LGD-1,conpepkj-1,Cluster 2,0,28.49
Y1-TA-1_LGD-1,ghbnffgh-1,Cluster 3,0,14.95
Y1-TA-1_LGD-1,conpfflk-1,Cluster 2,0,19.73
Y1-TA-1_LGD-1,ghbnebic-1,Cluster 3,0,5.33
Y1-TA-1_LGD-1,ghcaodhe-1,Cluster 6,0,29.44
Y1-TA-1_LGD-1,ghcaoeja-1,Cluster 6,0,19.96
Y1-TA-1_LGD-1,coobojif-1,Cluster 17,0,17.11
Y1-TA-1_LGD-1,ghbpnflo-1,Cluster 16,0,46.38
Y1-TA-1_LGD-1,ghbpokaj-1,Cluster 5,0,19.96
Y1-TA-1_LGD-1,ghcaclki-1,Cluster 5,0,22.44
Y1-TA-1_LGD-1,coobngel-1,Cluster 17,0,41.91
Y1-TA-1_LGD-1,conpfbgn-1,Cluster 2,0,29.17
Y1-TA-1_LGD-1,concgehb-1,Cluster 10,0,43.76
Y1-TA-1_LGD-1,gnglfjoc-1,Cluster 3,0,32.65
Y1-TA-1_LGD-1,gnhddlhe-1,Cluster 3,0,39.92
Y1-TA-1_LGD-1,cohmeanp-1,Cluster 6,0,61.59
Y1-TA-1_LGD-1,gnhikepb-1,Cluster 18,0,142.83
Y1-TA-1_LGD-1,gnhkmkbi-1,Cluster 14,0,124.86
Y1-TA-1_LGD-1,cogclbma-1,Cluster 14,0,74.15
Y1-TA-1_LGD-1,godhcacm-1,Cluster 17,0,20.50
Y1-TA-1_LGD-1,cogcnfad-1,Cluster 18,0,110.59
Y1-TA-1_LGD-1,gnhiplhb-1,Cluster 14,0,150.60
Y1-TA-1_LGD-1,gnhkpilk-1,Cluster 10,0,99.66
Y1-TA-1_LGD-1,gnhlcfmp-1,Cluster 6,0,156.78
Y1-TA-1_LGD-1,gnhldpgl-1,Cluster 2,0,108.19
Y1-TA-1_LGD-1,gnhipcgc-1,Cluster 16,0,92.03
Y1-TA-1_LGD-1,cogcohnf-1,Cluster 6,0,54.46
Y1-TA-1_LGD-1,godgfggk-1,Cluster 3,0,10.02
Y1-TA-1_LGD-1,gnhkofhm-1,Cluster 19,0,38.74
Y1-TA-1_LGD-1,godgjhfh-1,Cluster 3,0,24.07
Y1-TA-1_LGD-1,godgijak-1,Cluster 5,0,18.15
Y1-TA-1_LGD-1,gnhkkeaa-1,Cluster 5,0,26.69
Y1-TA-1_LGD-1,gobmecpc-1,Cluster 5,0,50.76
Y1-TA-1_LGD-1,gnhkiajn-1,Cluster 8,0,37.07
Y1-TA-1_LGD-1,cogdelha-1,Cluster 1,0,39.56
Y1-TA-1_LGD-1,goblikij-1,Cluster 7,0,35.54
Y1-TA-1_LGD-1,godgkopf-1,Cluster 3,0,22.04
Y1-TA-1_LGD-1,gnhkghfk-1,Cluster 7,0,73.88
Y1-TA-1_LGD-1,gnhkfboe-1,Cluster 6,0,36.44
Y1-TA-1_LGD-1,gnhkbkci-1,Cluster 1,0,32.11
Y1-TA-1_LGD-1,gnhjlgmd-1,Cluster 2,0,67.24
Y1-TA-1_LGD-1,gnhjmjfg-1,Cluster 6,0,44.70
Y1-TA-1_LGD-1,godgokfl-1,Cluster 13,0,20.28
Y1-TA-1_LGD-1,gnhjpjkg-1,Cluster 6,0,116.91
Y1-TA-1_LGD-1,gnhkkpfn-1,Cluster 18,0,41.77
Y1-TA-1_LGD-1,gnhkckie-1,Cluster 6,0,16.98
Y1-TA-1_LGD-1,cogecknh-1,Cluster 2,0,36.85
Y1-TA-1_LGD-1,goblfgak-1,Cluster 6,0,53.56
Y1-TA-1_LGD-1,cogdkpme-1,Cluster 18,0,90.45
Y1-TA-1_LGD-1,gobicjgp-1,Cluster 5,0,49.81
Y1-TA-1_LGD-1,gobhoibb-1,Cluster 16,0,77.98
Y1-TA-1_LGD-1,gnhkbaih-1,Cluster 12,0,79.16
Y1-TA-1_LGD-1,gnhjpjhp-1,Cluster 17,0,30.39
Y1-TA-1_LGD-1,godhaipi-1,Cluster 20,0,16.03
Y1-TA-1_LGD-1,godgcdbc-1,Cluster 3,0,4.15
Y1-TA-1_LGD-1,gnhjfeel-1,Cluster 3,0,29.40
Y1-TA-1_LGD-1,godhgdhj-1,Cluster 16,0,64.62
Y1-TA-1_LGD-1,cohmebog-1,Cluster 14,0,59.74
Y1-TA-1_LGD-1,gnhegahj-1,Cluster 3,0,29.85
Y1-TA-1_LGD-1,gnhdpaak-1,Cluster 3,0,64.93
Y1-TA-1_LGD-1,cohmaobg-1,Cluster 14,0,43.08
Y1-TA-1_LGD-1,gnhdnikp-1,Cluster 3,0,46.87
Y1-TA-1_LGD-1,gnhjfddj-1,Cluster 3,0,49.58
Y1-TA-1_LGD-1,gnhjfmmi-1,Cluster 17,0,71.17
Y1-TA-1_LGD-1,gnhjjmim-1,Cluster 17,0,40.01
Y1-TA-1_LGD-1,gngnicjc-1,Cluster 14,0,65.97
Y1-TA-1_LGD-1,gnhdmdac-1,Cluster 3,0,57.26
Y1-TA-1_LGD-1,cohlbccl-1,Cluster 17,0,52.20
Y1-TA-1_LGD-1,gnhdjnck-1,Cluster 3,0,51.07
Y1-TA-1_LGD-1,gnhdgcgj-1,Cluster 20,0,12.55
Y1-TA-1_LGD-1,cohlomgh-1,Cluster 2,0,52.47
Y1-TA-1_LGD-1,gnhdfdkd-1,Cluster 20,0,15.26
Y1-TA-1_LGD-1,godgeppi-1,Cluster 3,0,35.90
Y1-TA-1_LGD-1,cohkonhk-1,Cluster 17,0,62.04
Y1-TA-1_LGD-1,cohlhoni-1,Cluster 3,0,61.86
Y1-TA-1_LGD-1,cohljdpd-1,Cluster 3,0,27.95
Y1-TA-1_LGD-1,gnhedajp-1,Cluster 20,0,16.39
Y1-TA-1_LGD-1,cohlfekk-1,Cluster 17,0,49.72
Y1-TA-1_LGD-1,gnhdjkah-1,Cluster 3,0,17.43
Y1-TA-1_LGD-1,cohkpcnl-1,Cluster 3,0,64.80
Y1-TA-1_LGD-1,gnhdlklf-1,Cluster 3,0,57.48
Y1-TA-1_LGD-1,gnhjgamc-1,Cluster 3,0,25.33
Y1-TA-1_LGD-1,godhfcgm-1,Cluster 3,0,21.00
Y1-TA-1_LGD-1,gnhjdjhi-1,Cluster 6,0,34.41
Y1-TA-1_LGD-1,godhompi-1,Cluster 5,0,28.90
Y1-TA-1_LGD-1,cohkocaf-1,Cluster 17,0,55.95
Y1-TA-1_LGD-1,gnhjjahd-1,Cluster 14,0,53.78
Y1-TA-1_LGD-1,godhfjfo-1,Cluster 17,0,23.21
Y1-TA-1_LGD-1,gnhjbdeb-1,Cluster 17,0,45.29
Y1-TA-1_LGD-1,gnhoboke-1,Cluster 5,0,11.06
Y1-TA-1_LGD-1,gnhoclhn-1,Cluster 8,0,36.80
Y1-TA-1_LGD-1,gnhnnpbj-1,Cluster 16,0,46.38
Y1-TA-1_LGD-1,gnhoaleo-1,Cluster 16,0,106.70
Y1-TA-1_LGD-1,gnhofpll-1,Cluster 16,0,103.45
Y1-TA-1_LGD-1,gnhohlmp-1,Cluster 14,0,76.04
Y1-TA-1_LGD-1,gnhomkgc-1,Cluster 18,0,112.48
Y1-TA-1_LGD-1,gnhnmlhf-1,Cluster 16,0,39.78
Y1-TA-1_LGD-1,gnojohnb-1,Cluster 14,0,44.84
Y1-TA-1_LGD-1,cogeiaja-1,Cluster 13,0,237.57
Y1-TA-1_LGD-1,gnhpckpo-1,Cluster 8,0,178.86
Y1-TA-1_LGD-1,gnhlpcah-1,Cluster 16,0,77.89
Y1-TA-1_LGD-1,coffmocd-1,Cluster 17,0,35.04
Y1-TA-1_LGD-1,gnhpbgod-1,Cluster 5,0,88.64
Y1-TA-1_LGD-1,gnhpbneg-1,Cluster 8,0,53.74
Y1-TA-1_LGD-1,gnhopbmp-1,Cluster 16,0,130.77
Y1-TA-1_LGD-1,coffhjhc-1,Cluster 17,0,40.01
Y1-TA-1_LGD-1,gnojjjpn-1,Cluster 3,0,16.21
Y1-TA-1_LGD-1,gnohpjpd-1,Cluster 3,0,10.30
Y1-TA-1_LGD-1,cofgfbkf-1,Cluster 17,0,35.94
Y1-TA-1_LGD-1,cofgeofg-1,Cluster 17,0,41.18
Y1-TA-1_LGD-1,gnoikoji-1,Cluster 1,0,48.86
Y1-TA-1_LGD-1,gnoidici-1,Cluster 6,0,41.14
Y1-TA-1_LGD-1,gnojjfdl-1,Cluster 6,0,32.42
Y1-TA-1_LGD-1,cofgeogi-1,Cluster 4,0,55.81
Y1-TA-1_LGD-1,gnojliie-1,Cluster 3,0,21.13
Y1-TA-1_LGD-1,gnojkham-1,Cluster 3,0,19.73
Y1-TA-1_LGD-1,gobibcnl-1,Cluster 8,0,151.00
Y1-TA-1_LGD-1,gnhokmgi-1,Cluster 17,0,47.41
Y1-TA-1_LGD-1,gnhojbce-1,Cluster 6,0,42.63
Y1-TA-1_LGD-1,cofggohc-1,Cluster 3,0,26.24
Y1-TA-1_LGD-1,gobhghee-1,Cluster 8,0,60.24
Y1-TA-1_LGD-1,cofgejmg-1,Cluster 17,0,29.49
Y1-TA-1_LGD-1,cofggbcc-1,Cluster 2,0,29.80
Y1-TA-1_LGD-1,gnohmimk-1,Cluster 6,0,19.69
Y1-TA-1_LGD-1,cofgcflm-1,Cluster 2,0,58.03
Y1-TA-1_LGD-1,gnojnjog-1,Cluster 1,0,50.94
Y1-TA-1_LGD-1,gnhmnlom-1,Cluster 3,0,79.93
Y1-TA-1_LGD-1,cohmfpgn-1,Cluster 2,0,74.78
Y1-TA-1_LGD-1,gngnkapk-1,Cluster 3,0,12.24
Y1-TA-1_LGD-1,cohkhecl-1,Cluster 18,0,112.44
Y1-TA-1_LGD-1,gnhncmoh-1,Cluster 6,0,44.93
Y1-TA-1_LGD-1,gnihofgl-1,Cluster 3,0,45.61
Y1-TA-1_LGD-1,gnhngdbd-1,Cluster 3,0,123.46
Y1-TA-1_LGD-1,gniibijl-1,Cluster 3,0,43.80
Y1-TA-1_LGD-1,gnhigeek-1,Cluster 6,0,54.05
Y1-TA-1_LGD-1,gnhnihij-1,Cluster 8,0,85.80
Y1-TA-1_LGD-1,gnhimkhl-1,Cluster 18,0,56.40
Y1-TA-1_LGD-1,gnhnghbd-1,Cluster 3,0,65.43
Y1-TA-1_LGD-1,cofemmhm-1,Cluster 10,0,137.00
Y1-TA-1_LGD-1,cohkglbp-1,Cluster 6,0,73.02
Y1-TA-1_LGD-1,gnhkmadf-1,Cluster 6,0,22.04
Y1-TA-1_LGD-1,cofemogc-1,Cluster 3,0,73.51
Y1-TA-1_LGD-1,gnhnghpk-1,Cluster 6,0,85.39
Y1-TA-1_LGD-1,gnhmllhd-1,Cluster 17,0,103.68
Y1-TA-1_LGD-1,gnhmblja-1,Cluster 6,0,83.86
Y1-TA-1_LGD-1,gnhmgdfa-1,Cluster 6,0,83.95
Y1-TA-1_LGD-1,gnhohfjo-1,Cluster 8,0,106.39
Y1-TA-1_LGD-1,coffphjm-1,Cluster 10,0,48.50
Y1-TA-1_LGD-1,gnhmbfkn-1,Cluster 10,0,71.39
Y1-TA-1_LGD-1,gnhnfoel-1,Cluster 1,0,58.30
Y1-TA-1_LGD-1,gnhndomj-1,Cluster 16,0,41.81
Y1-TA-1_LGD-1,gnhndfel-1,Cluster 17,0,97.00
Y1-TA-1_LGD-1,gnhipbdk-1,Cluster 18,0,68.82
Y1-TA-1_LGD-1,coffhdlm-1,Cluster 17,0,92.66
Y1-TA-1_LGD-1,gnhneejn-1,Cluster 1,0,70.04
Y1-TA-1_LGD-1,gnhnmicl-1,Cluster 16,0,74.19
Y1-TA-1_LGD-1,gnhoehmb-1,Cluster 10,0,75.59
Y1-TA-1_LGD-1,gnhnkmpb-1,Cluster 8,0,63.35
Y1-TA-1_LGD-1,coffnihc-1,Cluster 17,0,58.97
Y1-TA-1_LGD-1,gniihlkd-1,Cluster 6,0,83.36
Y1-TA-1_LGD-1,gnhoggel-1,Cluster 16,0,93.34
Y1-TA-1_LGD-1,ggnjehpm-1,Cluster 3,0,27.91
Y1-TA-1_LGD-1,gngojhoc-1,Cluster 8,0,121.74
Y1-TA-1_LGD-1,gnhccabg-1,Cluster 5,0,51.79
Y1-TA-1_LGD-1,ghacffca-1,Cluster 3,0,23.71
Y1-TA-1_LGD-1,gnhcnkkb-1,Cluster 5,0,44.98
Y1-TA-1_LGD-1,conapoac-1,Cluster 1,0,49.54
Y1-TA-1_LGD-1,gnhdccie-1,Cluster 16,0,60.83
Y1-TA-1_LGD-1,ghabmgah-1,Cluster 6,0,59.92
Y1-TA-1_LGD-1,gnhclkhk-1,Cluster 16,0,34.82
Y1-TA-1_LGD-1,cohncjca-1,Cluster 18,0,83.45
Y1-TA-1_LGD-1,cohnchdn-1,Cluster 3,0,43.08
Y1-TA-1_LGD-1,cohmppnm-1,Cluster 2,0,53.74
Y1-TA-1_LGD-1,gnhfbihi-1,Cluster 3,0,29.85
Y1-TA-1_LGD-1,gnhenfkh-1,Cluster 3,0,188.44
Y1-TA-1_LGD-1,gnhcidkh-1,Cluster 12,0,33.24
Y1-TA-1_LGD-1,gnhenchd-1,Cluster 16,0,57.26
Y1-TA-1_LGD-1,cohneche-1,Cluster 14,0,83.86
Y1-TA-1_LGD-1,cohlnhfe-1,Cluster 6,0,109.46
Y1-TA-1_LGD-1,cohmolbg-1,Cluster 20,0,67.10
Y1-TA-1_LGD-1,gnhchiim-1,Cluster 16,0,76.45
Y1-TA-1_LGD-1,gnhfapdi-1,Cluster 17,0,40.32
Y1-TA-1_LGD-1,cohlkheh-1,Cluster 14,0,49.85
Y1-TA-1_LGD-1,ghabfcjd-1,Cluster 17,0,46.60
Y1-TA-1_LGD-1,gnheojfh-1,Cluster 17,0,87.83
Y1-TA-1_LGD-1,cohnenke-1,Cluster 14,0,79.16
Y1-TA-1_LGD-1,cohkjmoc-1,Cluster 17,0,39.51
Y1-TA-1_LGD-1,cohmoona-1,Cluster 18,0,39.51
Y1-TA-1_LGD-1,cohlcjgg-1,Cluster 6,0,46.24
Y1-TA-1_LGD-1,cohmklib-1,Cluster 17,0,34.05
Y1-TA-1_LGD-1,gnhfefog-1,Cluster 14,0,87.15
Y1-TA-1_LGD-1,gnhegkfb-1,Cluster 8,0,114.20
Y1-TA-1_LGD-1,gngnadji-1,Cluster 6,0,90.04
Y1-TA-1_LGD-1,cohngdcc-1,Cluster 17,0,76.04
Y1-TA-1_LGD-1,cohngnjo-1,Cluster 18,0,78.66
Y1-TA-1_LGD-1,cohmkeod-1,Cluster 17,0,99.48
Y1-TA-1_LGD-1,cohmbjkc-1,Cluster 14,0,87.06
Y1-TA-1_LGD-1,gngnkjik-1,Cluster 16,0,116.73
Y1-TA-1_LGD-1,gnheppoh-1,Cluster 17,0,67.19
Y1-TA-1_LGD-1,gnhddjef-1,Cluster 17,0,56.49
Y1-TA-1_LGD-1,ggnjeeeo-1,Cluster 17,0,28.40
Y1-TA-1_LGD-1,ggnkpdia-1,Cluster 17,0,42.27
Y1-TA-1_LGD-1,ggnkdgim-1,Cluster 17,0,49.27
Y1-TA-1_LGD-1,conbjdhf-1,Cluster 2,0,70.44
Y1-TA-1_LGD-1,gnhcmmbn-1,Cluster 3,0,20.73
Y1-TA-1_LGD-1,ggnlfpdd-1,Cluster 6,0,53.33
Y1-TA-1_LGD-1,ghacioio-1,Cluster 3,0,40.73
Y1-TA-1_LGD-1,ggnjnmbg-1,Cluster 6,0,19.28
Y1-TA-1_LGD-1,ghaboden-1,Cluster 18,0,83.76
Y1-TA-1_LGD-1,gnhdahph-1,Cluster 17,0,41.50
Y1-TA-1_LGD-1,conapcde-1,Cluster 2,0,45.02
Y1-TA-1_LGD-1,conbgjgj-1,Cluster 2,0,36.53
Y1-TA-1_LGD-1,ggnjppgf-1,Cluster 17,0,28.31
Y1-TA-1_LGD-1,gnhddbnn-1,Cluster 12,0,63.49
Y1-TA-1_LGD-1,conamcjh-1,Cluster 18,0,67.37
Y1-TA-1_LGD-1,conbenaf-1,Cluster 2,0,16.39
Y1-TA-1_LGD-1,conbcphm-1,Cluster 17,0,34.09
Y1-TA-1_LGD-1,conbpcfd-1,Cluster 2,0,67.06
Y1-TA-1_LGD-1,ggnkmfmh-1,Cluster 17,0,185.05
Y1-TA-1_LGD-1,ghabkpjp-1,Cluster 3,0,31.16
Y1-TA-1_LGD-1,conboknp-1,Cluster 2,0,57.30
Y1-TA-1_LGD-1,conblkgp-1,Cluster 2,0,56.90
Y1-TA-1_LGD-1,concbmbp-1,Cluster 2,0,47.69
Y1-TA-1_LGD-1,conbhlbp-1,Cluster 2,0,52.11
Y1-TA-1_LGD-1,ghacnbnp-1,Cluster 2,0,114.34
Y1-TA-1_LGD-1,gnhclncl-1,Cluster 12,0,55.27
Y1-TA-1_LGD-1,conaoofn-1,Cluster 17,0,91.89
Y1-TA-1_LGD-1,conagcnd-1,Cluster 6,0,36.58
Y1-TA-1_LGD-1,gnhbpikm-1,Cluster 17,0,52.83
Y1-TA-1_LGD-1,ggnkmhdi-1,Cluster 6,0,65.12
Y1-TA-1_LGD-1,ggnknnid-1,Cluster 17,0,27.64
Y1-TA-1_LGD-1,conaoohe-1,Cluster 14,0,85.26
Y1-TA-1_LGD-1,gnhcahhk-1,Cluster 6,0,78.08
Y1-TA-1_LGD-1,ggnkldim-1,Cluster 3,0,20.18
Y1-TA-1_LGD-1,ggnkjfdd-1,Cluster 6,0,12.51
Y1-TA-1_LGD-1,coflkijg-1,Cluster 10,0,79.20
Y1-TA-1_LGD-1,coflbgnk-1,Cluster 2,0,44.89
Y1-TA-1_LGD-1,cohjhjlo-1,Cluster 6,0,66.38
Y1-TA-1_LGD-1,gngnnbha-1,Cluster 3,0,74.15
Y1-TA-1_LGD-1,cofljelh-1,Cluster 2,0,184.15
Y1-TA-1_LGD-1,gnglekim-1,Cluster 6,0,16.48
Y1-TA-1_LGD-1,gnglhbmf-1,Cluster 6,0,33.64
Y1-TA-1_LGD-1,cohkilhm-1,Cluster 2,0,172.32
Y1-TA-1_LGD-1,coflhgce-1,Cluster 10,0,43.76
Y1-TA-1_LGD-1,gnglhpjh-1,Cluster 17,0,19.15
Y1-TA-1_LGD-1,gnglhihg-1,Cluster 6,0,59.65
Y1-TA-1_LGD-1,gnglhfkk-1,Cluster 14,0,120.48
Y1-TA-1_LGD-1,gnglpbig-1,Cluster 6,0,84.31
Y1-TA-1_LGD-1,gngnbglk-1,Cluster 3,0,41.00
Y1-TA-1_LGD-1,gniigcfo-1,Cluster 3,0,27.86
Y1-TA-1_LGD-1,gngnbmde-1,Cluster 17,0,38.34
Y1-TA-1_LGD-1,coffpoad-1,Cluster 6,0,44.12
Y1-TA-1_LGD-1,cofgbbfm-1,Cluster 3,0,38.74
Y1-TA-1_LGD-1,cohkhfda-1,Cluster 17,0,95.60
Y1-TA-1_LGD-1,cohkebpn-1,Cluster 17,0,60.42
Y1-TA-1_LGD-1,cohjjhkm-1,Cluster 17,0,153.53
Y1-TA-1_LGD-1,gnglpidd-1,Cluster 18,0,219.23
Y1-TA-1_LGD-1,gnglnooc-1,Cluster 2,0,113.43
Y1-TA-1_LGD-1,gngndaef-1,Cluster 17,0,80.33
Y1-TA-1_LGD-1,gngllbml-1,Cluster 3,0,31.34
Y1-TA-1_LGD-1,gngnfggk-1,Cluster 17,0,63.49
Y1-TA-1_LGD-1,gniiafkk-1,Cluster 3,0,52.11
Y1-TA-1_LGD-1,gniigail-1,Cluster 3,0,46.51
Y1-TA-1_LGD-1,cofljgee-1,Cluster 6,0,70.35
Y1-TA-1_LGD-1,cofgaonb-1,Cluster 3,0,49.94
Y1-TA-1_LGD-1,cohjpmng-1,Cluster 18,0,163.38
Y1-TA-1_LGD-1,gngnkllo-1,Cluster 8,0,62.27
Y1-TA-1_LGD-1,gngnhpea-1,Cluster 3,0,29.13
Y1-TA-1_LGD-1,gngnfilp-1,Cluster 20,0,41.09
Y1-TA-1_LGD-1,cohkingk-1,Cluster 6,0,205.82
Y1-TA-1_LGD-1,cohkehdd-1,Cluster 2,0,317.63
Y1-TA-1_LGD-1,cohjpdph-1,Cluster 18,0,118.72
Y1-TA-1_LGD-1,ggniegal-1,Cluster 3,0,21.81
Y1-TA-1_LGD-1,ggnjgkaj-1,Cluster 6,0,94.06
Y1-TA-1_LGD-1,conccpgg-1,Cluster 18,0,64.84
Y1-TA-1_LGD-1,ggkalbkl-1,Cluster 17,0,47.23
Y1-TA-1_LGD-1,ggkakdao-1,Cluster 17,0,53.78
Y1-TA-1_LGD-1,concdfkd-1,Cluster 17,0,48.23
Y1-TA-1_LGD-1,cofkehdk-1,Cluster 3,0,77.80
Y1-TA-1_LGD-1,ggnibejo-1,Cluster 3,0,68.77
Y1-TA-1_LGD-1,cofknobh-1,Cluster 6,0,50.03
Y1-TA-1_LGD-1,cofkmmpk-1,Cluster 14,0,63.13
Y1-TA-1_LGD-1,cofkeohk-1,Cluster 17,0,62.77
Y1-TA-1_LGD-1,ggniagio-1,Cluster 17,0,80.15
Y1-TA-1_LGD-1,ggkbhbdp-1,Cluster 1,0,42.40
Y1-TA-1_LGD-1,ggkbglfl-1,Cluster 5,0,47.19
Y1-TA-1_LGD-1,gngodbip-1,Cluster 5,0,52.11
Y1-TA-1_LGD-1,ocjbkcaa-1,Cluster 3,0,12.78
Y1-TA-1_LGD-1,gngkkpef-1,Cluster 8,0,54.64
Y1-TA-1_LGD-1,gngkpona-1,Cluster 1,0,42.76
Y1-TA-1_LGD-1,gngklbon-1,Cluster 8,0,71.66
Y1-TA-1_LGD-1,ocjbknjl-1,Cluster 3,0,8.13
Y1-TA-1_LGD-1,gngnnpcb-1,Cluster 5,0,49.45
Y1-TA-1_LGD-1,gngolflh-1,Cluster 16,0,76.86
Y1-TA-1_LGD-1,gngnpeen-1,Cluster 12,0,23.57
Y1-TA-1_LGD-1,gngkokfh-1,Cluster 16,0,29.62
Y1-TA-1_LGD-1,gngocaeb-1,Cluster 1,0,37.71
Y1-TA-1_LGD-1,gngoefgo-1,Cluster 8,0,35.40
Y1-TA-1_LGD-1,gngkjijd-1,Cluster 8,0,51.75
Y1-TA-1_LGD-1,gngokbde-1,Cluster 12,0,44.89
Y1-TA-1_LGD-1,gngojjam-1,Cluster 5,0,67.19
Y1-TA-1_LGD-1,gngoljnm-1,Cluster 8,0,83.58
Y1-TA-1_LGD-1,gngkjldc-1,Cluster 2,0,56.81
Y1-TA-1_LGD-1,gngojjhj-1,Cluster 16,0,62.09
Y1-TA-1_LGD-1,coflgnej-1,Cluster 2,0,62.04
Y1-TA-1_LGD-1,coflcnjo-1,Cluster 2,0,84.89
Y1-TA-1_LGD-1,cofldbbi-1,Cluster 6,0,163.10
Y1-TA-1_LGD-1,gngmkbad-1,Cluster 3,0,17.70
Y1-TA-1_LGD-1,gnnpndda-1,Cluster 14,0,127.61
Y1-TA-1_LGD-1,cofigfbk-1,Cluster 3,0,21.40
Y1-TA-1_LGD-1,gniacdem-1,Cluster 17,0,45.79
Y1-TA-1_LGD-1,gnhflcoi-1,Cluster 3,0,34.32
Y1-TA-1_LGD-1,gnhlhckp-1,Cluster 3,0,17.84
Y1-TA-1_LGD-1,gnhlionh-1,Cluster 3,0,34.82
Y1-TA-1_LGD-1,gnicengk-1,Cluster 3,0,41.05
Y1-TA-1_LGD-1,gniclkoo-1,Cluster 3,0,39.51
Y1-TA-1_LGD-1,gnhppkhc-1,Cluster 17,0,36.53
Y1-TA-1_LGD-1,gnhljgmf-1,Cluster 3,0,59.29
Y1-TA-1_LGD-1,coficofe-1,Cluster 3,0,35.40
Y1-TA-1_LGD-1,gnhppkba-1,Cluster 3,0,26.87
Y1-TA-1_LGD-1,gnidbldf-1,Cluster 3,0,17.34
Y1-TA-1_LGD-1,gniihinj-1,Cluster 3,0,33.14
Y1-TA-1_LGD-1,gniclehh-1,Cluster 3,0,27.55
Y1-TA-1_LGD-1,gnicijlf-1,Cluster 3,0,56.99
Y1-TA-1_LGD-1,gnidamoc-1,Cluster 3,0,17.39
Y1-TA-1_LGD-1,cofgdaon-1,Cluster 10,0,27.59
Y1-TA-1_LGD-1,cofhnemd-1,Cluster 6,0,189.07
Y1-TA-1_LGD-1,cofffbnj-1,Cluster 2,0,85.66
Y1-TA-1_LGD-1,cofhnhbl-1,Cluster 18,0,62.27
Y1-TA-1_LGD-1,gnhlgaka-1,Cluster 3,0,27.95
Y1-TA-1_LGD-1,cofgbmfg-1,Cluster 6,0,28.81
Y1-TA-1_LGD-1,cofenecf-1,Cluster 10,0,145.22
Y1-TA-1_LGD-1,cofgdhja-1,Cluster 14,0,121.92
Y1-TA-1_LGD-1,gnhmajib-1,Cluster 10,0,96.32
Y1-TA-1_LGD-1,gnibnfkc-1,Cluster 3,0,15.26
Y1-TA-1_LGD-1,gnhlpohd-1,Cluster 6,0,66.47
Y1-TA-1_LGD-1,cofhlfpn-1,Cluster 6,0,158.81
Y1-TA-1_LGD-1,gnibpemh-1,Cluster 3,0,39.83
Y1-TA-1_LGD-1,cofhonde-1,Cluster 17,0,86.97
Y1-TA-1_LGD-1,coffchfk-1,Cluster 2,0,79.88
Y1-TA-1_LGD-1,gnohmfof-1,Cluster 20,0,15.49
Y1-TA-1_LGD-1,gnicoedk-1,Cluster 3,0,32.11
Y1-TA-1_LGD-1,cofhnkpe-1,Cluster 10,0,151.14
Y1-TA-1_LGD-1,cofenknm-1,Cluster 2,0,55.32
Y1-TA-1_LGD-1,cofhpgbe-1,Cluster 2,0,66.15
Y1-TA-1_LGD-1,cofhofba-1,Cluster 10,0,94.02
Y1-TA-1_LGD-1,ghenjcnl-1,Cluster 17,0,62.81
Y1-TA-1_LGD-1,cofgbfln-1,Cluster 2,0,42.27
Y1-TA-1_LGD-1,cofjbhai-1,Cluster 14,0,100.70
Y1-TA-1_LGD-1,gngmhdlp-1,Cluster 3,0,28.67
Y1-TA-1_LGD-1,ghegdndd-1,Cluster 3,0,48.50
Y1-TA-1_LGD-1,cofigpjg-1,Cluster 17,0,50.89
Y1-TA-1_LGD-1,cofiopgi-1,Cluster 17,0,47.37
Y1-TA-1_LGD-1,gngmilkn-1,Cluster 6,0,79.02
Y1-TA-1_LGD-1,ghemhhlp-1,Cluster 3,0,93.74
Y1-TA-1_LGD-1,gnidljdb-1,Cluster 6,0,17.75
Y1-TA-1_LGD-1,gnihldig-1,Cluster 17,0,24.88
Y1-TA-1_LGD-1,gnihjlbb-1,Cluster 15,0,40.32
Y1-TA-1_LGD-1,ghenicfo-1,Cluster 6,0,45.29
Y1-TA-1_LGD-1,ghenhgdj-1,Cluster 6,0,26.64
Y1-TA-1_LGD-1,ghenjifd-1,Cluster 6,0,42.63
Y1-TA-1_LGD-1,ghenllcg-1,Cluster 19,0,17.16
Y1-TA-1_LGD-1,gnihbocf-1,Cluster 17,0,22.89
Y1-TA-1_LGD-1,gnidjloj-1,Cluster 17,0,7.59
Y1-TA-1_LGD-1,gnihnmjd-1,Cluster 15,0,51.97
Y1-TA-1_LGD-1,gniajdfc-1,Cluster 3,0,73.92
Y1-TA-1_LGD-1,gniagmmi-1,Cluster 3,0,34.32
Y1-TA-1_LGD-1,gnihhlhb-1,Cluster 17,0,15.80
Y1-TA-1_LGD-1,gnihhmma-1,Cluster 3,0,14.27
Y1-TA-1_LGD-1,gniaekla-1,Cluster 3,0,51.52
Y1-TA-1_LGD-1,gnihibnm-1,Cluster 17,0,51.57
Y1-TA-1_LGD-1,gngmjjdk-1,Cluster 2,0,127.75
Y1-TA-1_LGD-1,gniacpoo-1,Cluster 17,0,34.77
Y1-TA-1_LGD-1,gniaefcl-1,Cluster 6,0,24.52
Y1-TA-1_LGD-1,cofjdeaj-1,Cluster 17,0,44.70
Y1-TA-1_LGD-1,cofibpim-1,Cluster 17,0,23.26
Y1-TA-1_LGD-1,gnidclbd-1,Cluster 17,0,49.13
Y1-TA-1_LGD-1,gnihceko-1,Cluster 17,0,48.77
Y1-TA-1_LGD-1,gnidhokp-1,Cluster 17,0,26.87
Y1-TA-1_LGD-1,gnihffof-1,Cluster 3,0,15.94
Y1-TA-1_LGD-1,gnhfeobf-1,Cluster 6,0,56.54
Y1-TA-1_LGD-1,gnhfpfpf-1,Cluster 3,0,63.08
Y1-TA-1_LGD-1,cofolahl-1,Cluster 17,0,38.16
Y1-TA-1_LGD-1,cofodgai-1,Cluster 17,0,53.69
Y1-TA-1_LGD-1,cofifdkp-1,Cluster 6,0,26.60
Y1-TA-1_LGD-1,cofohocl-1,Cluster 18,0,75.73
Y1-TA-1_LGD-1,cofjdbmf-1,Cluster 17,0,29.13
Y1-TA-1_LGD-1,cofhcoec-1,Cluster 17,0,24.34
Y1-TA-1_LGD-1,gnibnalj-1,Cluster 3,0,29.44
Y1-TA-1_LGD-1,cofhcodo-1,Cluster 2,0,38.52
Y1-TA-1_LGD-1,cofofoim-1,Cluster 2,0,60.10
Y1-TA-1_LGD-1,gnhidlho-1,Cluster 3,0,26.24
Y1-TA-1_LGD-1,gnhifiie-1,Cluster 3,0,110.59
Y1-TA-1_LGD-1,cofghakp-1,Cluster 3,0,48.18
Y1-TA-1_LGD-1,cofhifeg-1,Cluster 3,0,51.34
Y1-TA-1_LGD-1,gnhfeijh-1,Cluster 3,0,24.79
Y1-TA-1_LGD-1,gnhidpej-1,Cluster 17,0,68.91
Y1-TA-1_LGD-1,gnhhgcml-1,Cluster 3,0,103.86
Y1-TA-1_LGD-1,gnhfpoig-1,Cluster 17,0,129.24
Y1-TA-1_LGD-1,gnhgcfhf-1,Cluster 3,0,69.59
Y1-TA-1_LGD-1,gnhgboco-1,Cluster 3,0,45.29
Y1-TA-1_LGD-1,gnhhebcm-1,Cluster 6,0,29.85
Y1-TA-1_LGD-1,gnhgfene-1,Cluster 19,0,55.27
Y1-TA-1_LGD-1,gnnloika-1,Cluster 2,0,70.08
Y1-TA-1_LGD-1,gnhhfgbm-1,Cluster 17,0,33.64
Y1-TA-1_LGD-1,gnhgceph-1,Cluster 3,0,21.00
Y1-TA-1_LGD-1,gnhhakcd-1,Cluster 6,0,21.31
Y1-TA-1_LGD-1,gnhhgjmm-1,Cluster 3,0,27.73
Y1-TA-1_LGD-1,gnhgngpi-1,Cluster 17,0,35.76
Y1-TA-1_LGD-1,gnhgifli-1,Cluster 2,0,26.73
Y1-TA-1_LGD-1,gnnmogoh-1,Cluster 6,0,24.02
Y1-TA-1_LGD-1,gnhgohic-1,Cluster 2,0,73.29
Y1-TA-1_LGD-1,gnhgffdm-1,Cluster 6,0,172.50
Y1-TA-1_LGD-1,gnhhcemp-1,Cluster 17,0,98.58
Y1-TA-1_LGD-1,gnnmmegd-1,Cluster 6,0,173.17
Y1-TA-1_LGD-1,gnhhmail-1,Cluster 3,0,24.88
Y1-TA-1_LGD-1,gnhgppce-1,Cluster 6,0,62.95
Y1-TA-1_LGD-1,gnhhekbm-1,Cluster 17,0,69.59
Y1-TA-1_LGD-1,gnnmphnh-1,Cluster 6,0,64.62
Y1-TA-1_LGD-1,ghencogh-1,Cluster 6,0,30.66
Y1-TA-1_LGD-1,ghemidom-1,Cluster 3,0,24.52
Y1-TA-1_LGD-1,ghefgjad-1,Cluster 3,0,10.97
Y1-TA-1_LGD-1,cofpgphc-1,Cluster 3,0,48.54
Y1-TA-1_LGD-1,ghemejje-1,Cluster 17,0,49.22
Y1-TA-1_LGD-1,gheophli-1,Cluster 3,0,13.55
Y1-TA-1_LGD-1,cofjienh-1,Cluster 18,0,46.96
Y1-TA-1_LGD-1,ghendbce-1,Cluster 3,0,61.73
Y1-TA-1_LGD-1,gheplkkb-1,Cluster 3,0,21.49
Y1-TA-1_LGD-1,ghemieba-1,Cluster 3,0,27.68
Y1-TA-1_LGD-1,cofpfnic-1,Cluster 3,0,28.76
Y1-TA-1_LGD-1,ghemimdj-1,Cluster 17,0,86.16
Y1-TA-1_LGD-1,gheoaobd-1,Cluster 3,0,34.54
Y1-TA-1_LGD-1,gheoidee-1,Cluster 3,0,15.85
Y1-TA-1_LGD-1,gheojjhp-1,Cluster 3,0,53.33
Y1-TA-1_LGD-1,gheoocpb-1,Cluster 3,0,40.01
Y1-TA-1_LGD-1,ghemmkkm-1,Cluster 3,0,9.35
Y1-TA-1_LGD-1,gheoooog-1,Cluster 1,0,30.03
Y1-TA-1_LGD-1,ghemkjgj-1,Cluster 2,0,24.97
Y1-TA-1_LGD-1,cofjglof-1,Cluster 2,0,26.01
Y1-TA-1_LGD-1,cofpjhjo-1,Cluster 3,0,61.46
Y1-TA-1_LGD-1,gheneppg-1,Cluster 17,0,60.74
Y1-TA-1_LGD-1,cofpebhj-1,Cluster 2,0,47.55
Y1-TA-1_LGD-1,cofpjkgk-1,Cluster 3,0,40.05
Y1-TA-1_LGD-1,ghepdikh-1,Cluster 3,0,21.86
Y1-TA-1_LGD-1,gheoamef-1,Cluster 3,0,33.37
Y1-TA-1_LGD-1,ghepjaoa-1,Cluster 2,0,112.85
Y1-TA-1_LGD-1,ghenalik-1,Cluster 3,0,86.97
Y1-TA-1_LGD-1,cofpjaaa-1,Cluster 3,0,146.44
Y1-TA-1_LGD-1,ghenpfkm-1,Cluster 3,0,84.62
Y1-TA-1_LGD-1,cofphbcc-1,Cluster 2,0,100.83
Y1-TA-1_LGD-1,cofjdaom-1,Cluster 6,0,41.86
Y1-TA-1_LGD-1,cofgnoel-1,Cluster 6,0,72.07
Y1-TA-1_LGD-1,cofooebl-1,Cluster 3,0,65.39
Y1-TA-1_LGD-1,cofjdocf-1,Cluster 21,0,39.06
Y1-TA-1_LGD-1,ggkefogg-1,Cluster 2,0,22.26
Y1-TA-1_LGD-1,coflenbm-1,Cluster 21,0,106.07
Y1-TA-1_LGD-1,gngkcoln-1,Cluster 6,0,64.75
Y1-TA-1_LGD-1,coflpcmh-1,Cluster 17,0,54.68
Y1-TA-1_LGD-1,gngmgial-1,Cluster 17,0,76.95
Y1-TA-1_LGD-1,gngmnhmk-1,Cluster 3,0,17.84
Y1-TA-1_LGD-1,gnhbjlnj-1,Cluster 3,0,6.46
Y1-TA-1_LGD-1,ghegdmcc-1,Cluster 3,0,68.37
Y1-TA-1_LGD-1,gnglenom-1,Cluster 20,0,19.28
Y1-TA-1_LGD-1,gngmlglm-1,Cluster 3,0,32.92
Y1-TA-1_LGD-1,cofigmko-1,Cluster 21,0,49.49
Y1-TA-1_LGD-1,gngmfgbn-1,Cluster 3,0,12.73
Y1-TA-1_LGD-1,coflpolb-1,Cluster 3,0,41.77
Y1-TA-1_LGD-1,cofihdpj-1,Cluster 2,0,34.05
Y1-TA-1_LGD-1,gnhbnhdf-1,Cluster 20,0,34.14
Y1-TA-1_LGD-1,gnhbonef-1,Cluster 17,0,38.25
Y1-TA-1_LGD-1,gnhbobpf-1,Cluster 20,0,33.87
Y1-TA-1_LGD-1,gnhbbohm-1,Cluster 3,0,15.49
Y1-TA-1_LGD-1,coflghhb-1,Cluster 21,0,60.06
Y1-TA-1_LGD-1,gngmgdmn-1,Cluster 17,0,40.60
Y1-TA-1_LGD-1,gnhbilel-1,Cluster 17,0,14.81
Y1-TA-1_LGD-1,cofjnffp-1,Cluster 2,0,39.38
Y1-TA-1_LGD-1,gnhbinmm-1,Cluster 3,0,37.03
Y1-TA-1_LGD-1,gngmaplf-1,Cluster 3,0,21.13
Y1-TA-1_LGD-1,gngmmlpb-1,Cluster 17,0,21.95
Y1-TA-1_LGD-1,gngmljch-1,Cluster 3,0,38.92
Y1-TA-1_LGD-1,gnglafgl-1,Cluster 3,0,11.11
Y1-TA-1_LGD-1,gnhbhlfj-1,Cluster 17,0,40.96
Y1-TA-1_LGD-1,gnhbongi-1,Cluster 6,0,19.10
Y1-TA-1_LGD-1,gngmjncb-1,Cluster 3,0,30.80
Y1-TA-1_LGD-1,ghegeoln-1,Cluster 3,0,41.63
Y1-TA-1_LGD-1,gnhbmmkl-1,Cluster 3,0,12.51
Y1-TA-1_LGD-1,gngpkmgd-1,Cluster 2,0,232.06
Y1-TA-1_LGD-1,gngmgflp-1,Cluster 3,0,26.78
Y1-TA-1_LGD-1,coflpgec-1,Cluster 3,0,47.50
Y1-TA-1_LGD-1,coflfigj-1,Cluster 2,0,23.57
Y1-TA-1_LGD-1,gngmmohd-1,Cluster 3,0,32.65
Y1-TA-1_LGD-1,ghegfipj-1,Cluster 17,0,17.39
Y1-TA-1_LGD-1,ggkfjjnb-1,Cluster 18,0,56.13
Y1-TA-1_LGD-1,ggkblnho-1,Cluster 8,0,118.26
Y1-TA-1_LGD-1,ggkohibj-1,Cluster 12,0,15.40
Y1-TA-1_LGD-1,ggknmjnk-1,Cluster 7,0,34.77
Y1-TA-1_LGD-1,ggkfjifa-1,Cluster 18,0,61.23
Y1-TA-1_LGD-1,coflokei-1,Cluster 18,0,35.40
Y1-TA-1_LGD-1,ggkogkmc-1,Cluster 16,0,50.67
Y1-TA-1_LGD-1,ggkoacja-1,Cluster 8,0,91.80
Y1-TA-1_LGD-1,ggkbijfh-1,Cluster 8,0,38.56
Y1-TA-1_LGD-1,ggkocjnf-1,Cluster 16,0,67.19
Y1-TA-1_LGD-1,ggkodepa-1,Cluster 16,0,59.88
Y1-TA-1_LGD-1,ggkoankm-1,Cluster 8,0,77.08
Y1-TA-1_LGD-1,ggkojfnh-1,Cluster 12,0,43.89
Y1-TA-1_LGD-1,ggkfiacm-1,Cluster 6,0,30.62
Y1-TA-1_LGD-1,ggkbipia-1,Cluster 8,0,65.12
Y1-TA-1_LGD-1,gngkfcgf-1,Cluster 8,0,66.29
Y1-TA-1_LGD-1,gngkjcnh-1,Cluster 16,0,64.17
Y1-TA-1_LGD-1,gngkbojl-1,Cluster 17,0,56.54
Y1-TA-1_LGD-1,gnhalfji-1,Cluster 21,0,56.81
Y1-TA-1_LGD-1,gngpkgff-1,Cluster 8,0,38.34
Y1-TA-1_LGD-1,gngkikjp-1,Cluster 1,0,44.03
Y1-TA-1_LGD-1,gnhacfen-1,Cluster 17,0,24.88
Y1-TA-1_LGD-1,gnhakgbd-1,Cluster 2,0,37.80
Y1-TA-1_LGD-1,cofkpnko-1,Cluster 6,0,132.99
Y1-TA-1_LGD-1,gngkhhgh-1,Cluster 5,0,82.95
Y1-TA-1_LGD-1,gnhamafp-1,Cluster 10,0,35.54
Y1-TA-1_LGD-1,gnhaloml-1,Cluster 6,0,45.97
Y1-TA-1_LGD-1,gnhaalop-1,Cluster 17,0,49.99
Y1-TA-1_LGD-1,gngpkldj-1,Cluster 6,0,167.26
Y1-TA-1_LGD-1,gnhadkeg-1,Cluster 2,0,106.79
Y1-TA-1_LGD-1,cofldfgi-1,Cluster 10,0,106.93
Y1-TA-1_LGD-1,gngkbeej-1,Cluster 17,0,32.06
Y1-TA-1_LGD-1,gnhakcjd-1,Cluster 8,0,83.04
Y1-TA-1_LGD-1,cofleljc-1,Cluster 21,0,74.33
Y1-TA-1_LGD-1,gngpphlb-1,Cluster 17,0,81.78
Y1-TA-1_LGD-1,cofpocmn-1,Cluster 3,0,95.05
Y1-TA-1_LGD-1,gngpgckb-1,Cluster 3,0,36.08
Y1-TA-1_LGD-1,ghelhgll-1,Cluster 3,0,41.09
Y1-TA-1_LGD-1,ghellekp-1,Cluster 17,0,22.26
Y1-TA-1_LGD-1,gnhanefa-1,Cluster 2,0,90.54
Y1-TA-1_LGD-1,gnhanmfn-1,Cluster 6,0,87.74
Y1-TA-1_LGD-1,gnhagoao-1,Cluster 17,0,30.30
Y1-TA-1_LGD-1,ghelieim-1,Cluster 6,0,37.93
Y1-TA-1_LGD-1,gngpikkd-1,Cluster 2,0,36.03
Y1-TA-1_LGD-1,ghelickn-1,Cluster 17,0,66.65
Y1-TA-1_LGD-1,ghekpbjo-1,Cluster 17,0,33.55
Y1-TA-1_LGD-1,ocjbmhel-1,Cluster 20,0,28.90
Y1-TA-1_LGD-1,ghelcimd-1,Cluster 3,0,24.52
Y1-TA-1_LGD-1,ocjblopf-1,Cluster 3,0,11.33
Y1-TA-1_LGD-1,ghejhpnl-1,Cluster 17,0,106.34
Y1-TA-1_LGD-1,cofobiga-1,Cluster 3,0,33.55
Y1-TA-1_LGD-1,cogabipa-1,Cluster 17,0,22.76
Y1-TA-1_LGD-1,cogabjgk-1,Cluster 3,0,24.47
Y1-TA-1_LGD-1,cogacfan-1,Cluster 3,0,27.59
Y1-TA-1_LGD-1,cogakfpa-1,Cluster 3,0,26.28
Y1-TA-1_LGD-1,gnhbnkbp-1,Cluster 6,0,224.65
Y1-TA-1_LGD-1,cogbdpkn-1,Cluster 17,0,26.06
Y1-TA-1_LGD-1,gheoldnb-1,Cluster 3,0,26.82
Y1-TA-1_LGD-1,cofpgonn-1,Cluster 2,0,32.06
Y1-TA-1_LGD-1,ghejinbd-1,Cluster 17,0,53.69
Y1-TA-1_LGD-1,ghejlbkk-1,Cluster 17,0,33.73
Y1-TA-1_LGD-1,ghejobai-1,Cluster 3,0,61.37
Y1-TA-1_LGD-1,ghejpamg-1,Cluster 6,0,43.44
Y1-TA-1_LGD-1,cofjlllo-1,Cluster 2,0,20.09
Y1-TA-1_LGD-1,ghekbfal-1,Cluster 3,0,30.21
Y1-TA-1_LGD-1,ghefgbcl-1,Cluster 3,0,24.07
Y1-TA-1_LGD-1,cofocdei-1,Cluster 3,0,17.66
Y1-TA-1_LGD-1,cofpablb-1,Cluster 3,0,29.35
Y1-TA-1_LGD-1,cofocjdg-1,Cluster 3,0,20.09
Y1-TA-1_LGD-1,ghemmhpk-1,Cluster 2,0,36.94
Y1-TA-1_LGD-1,ghefhlef-1,Cluster 3,0,13.91
Y1-TA-1_LGD-1,cofjenlo-1,Cluster 6,0,47.69
Y1-TA-1_LGD-1,ghejhmbh-1,Cluster 2,0,68.23
Y1-TA-1_LGD-1,ggkedcfg-1,Cluster 2,0,75.68
Y1-TA-1_LGD-1,ggkeomij-1,Cluster 2,0,34.00
Y1-TA-1_LGD-1,ggkegomp-1,Cluster 6,0,31.61
Y1-TA-1_LGD-1,ggkebjpa-1,Cluster 3,0,5.24
Y1-TA-1_LGD-1,cofmhloe-1,Cluster 2,0,22.26
Y1-TA-1_LGD-1,ggkfchjd-1,Cluster 2,0,37.89
Y1-TA-1_LGD-1,ggkedmdi-1,Cluster 2,0,57.44
Y1-TA-1_LGD-1,ggkeoboo-1,Cluster 2,0,38.97
Y1-TA-1_LGD-1,ggkgkdic-1,Cluster 16,0,103.27
Y1-TA-1_LGD-1,ghejeloo-1,Cluster 16,0,47.55
Y1-TA-1_LGD-1,ghejggbg-1,Cluster 16,0,78.35
Y1-TA-1_LGD-1,ggkedhff-1,Cluster 17,0,30.98
Y1-TA-1_LGD-1,gngonlia-1,Cluster 20,0,17.34
Y1-TA-1_LGD-1,ggkggiph-1,Cluster 1,0,40.37
Y1-TA-1_LGD-1,ggkgbakk-1,Cluster 12,0,93.43
Y1-TA-1_LGD-1,ggkgjekf-1,Cluster 6,0,114.74
Y1-TA-1_LGD-1,cogbhacb-1,Cluster 17,0,44.03
Y1-TA-1_LGD-1,gngollkl-1,Cluster 6,0,100.20
Y1-TA-1_LGD-1,gngpdopf-1,Cluster 17,0,28.27
Y1-TA-1_LGD-1,gngpbgce-1,Cluster 3,0,46.56
Y1-TA-1_LGD-1,gngpjdod-1,Cluster 7,0,55.81
Y1-TA-1_LGD-1,ghekklgc-1,Cluster 3,0,19.46
Y1-TA-1_LGD-1,gngopdji-1,Cluster 2,0,29.80
Y1-TA-1_LGD-1,ggkgjife-1,Cluster 16,0,92.48
Y1-TA-1_LGD-1,ghekkpbp-1,Cluster 3,0,50.21
Y1-TA-1_LGD-1,ghejgonm-1,Cluster 2,0,77.40
Y1-TA-1_LGD-1,cogbikeh-1,Cluster 3,0,44.70
Y1-TA-1_LGD-1,ghemechm-1,Cluster 17,0,37.48
Y1-TA-1_LGD-1,gngpejpk-1,Cluster 4,0,88.10
Y1-TA-1_LGD-1,coflljmb-1,Cluster 3,0,35.22
Y1-TA-1_LGD-1,cofllhgb-1,Cluster 2,0,72.20
Y1-TA-1_LGD-1,gnhainpg-1,Cluster 17,0,42.27
Y1-TA-1_LGD-1,ghemdhla-1,Cluster 3,0,57.30
Y1-TA-1_LGD-1,ghemanni-1,Cluster 3,0,77.26
Y1-TA-1_LGD-1,ggkapgog-1,Cluster 3,0,57.35
Y1-TA-1_LGD-1,ggnpnhop-1,Cluster 17,0,29.26
Y1-TA-1_LGD-1,commfmdb-1,Cluster 14,0,49.45
Y1-TA-1_LGD-1,condbdoe-1,Cluster 18,0,61.14
Y1-TA-1_LGD-1,ggnogkkc-1,Cluster 3,0,34.50
Y1-TA-1_LGD-1,condmanp-1,Cluster 2,0,29.76
Y1-TA-1_LGD-1,condbomo-1,Cluster 3,0,24.75
Y1-TA-1_LGD-1,ggnogimo-1,Cluster 3,0,29.49
Y1-TA-1_LGD-1,complnhg-1,Cluster 6,0,54.14
Y1-TA-1_LGD-1,concokep-1,Cluster 2,0,52.29
Y1-TA-1_LGD-1,conddmee-1,Cluster 2,0,17.88
Y1-TA-1_LGD-1,condfold-1,Cluster 21,0,36.03
Y1-TA-1_LGD-1,ggnmaacp-1,Cluster 2,0,65.21
Y1-TA-1_LGD-1,compjkco-1,Cluster 17,0,39.78
Y1-TA-1_LGD-1,conaaafc-1,Cluster 3,0,54.14
Y1-TA-1_LGD-1,complmoc-1,Cluster 10,0,71.12
Y1-TA-1_LGD-1,concljaf-1,Cluster 2,0,38.07
Y1-TA-1_LGD-1,conckmmm-1,Cluster 2,0,45.38
Y1-TA-1_LGD-1,ghamamgb-1,Cluster 10,0,73.83
Y1-TA-1_LGD-1,compobne-1,Cluster 6,0,56.76
Y1-TA-1_LGD-1,conaaakp-1,Cluster 2,0,58.97
Y1-TA-1_LGD-1,ggnojgkn-1,Cluster 2,0,27.82
Y1-TA-1_LGD-1,ggnmdcan-1,Cluster 6,0,78.57
Y1-TA-1_LGD-1,ghacjana-1,Cluster 17,0,38.29
Y1-TA-1_LGD-1,compdgnd-1,Cluster 2,0,75.82
Y1-TA-1_LGD-1,ghalopmi-1,Cluster 10,0,90.81
Y1-TA-1_LGD-1,ggnlgcjn-1,Cluster 3,0,30.75
Y1-TA-1_LGD-1,ggnkjcbi-1,Cluster 3,0,52.07
Y1-TA-1_LGD-1,ggnkhgcb-1,Cluster 6,0,70.94
Y1-TA-1_LGD-1,comphaee-1,Cluster 10,0,76.36
Y1-TA-1_LGD-1,compkdjh-1,Cluster 6,0,74.64
Y1-TA-1_LGD-1,ggnkclol-1,Cluster 6,0,107.34
Y1-TA-1_LGD-1,compccgc-1,Cluster 17,0,56.81
Y1-TA-1_LGD-1,compldbe-1,Cluster 6,0,29.13
Y1-TA-1_LGD-1,ggnkhdnb-1,Cluster 2,0,68.37
Y1-TA-1_LGD-1,ggnmbcgj-1,Cluster 10,0,78.93
Y1-TA-1_LGD-1,ggnoeaef-1,Cluster 2,0,126.17
Y1-TA-1_LGD-1,ggnoihne-1,Cluster 10,0,45.43
Y1-TA-1_LGD-1,ggnlohgj-1,Cluster 18,0,44.07
Y1-TA-1_LGD-1,ghacmcgi-1,Cluster 3,0,16.08
Y1-TA-1_LGD-1,ggnpeehj-1,Cluster 10,0,79.88
Y1-TA-1_LGD-1,comkkgna-1,Cluster 18,0,63.72
Y1-TA-1_LGD-1,ggnpmiih-1,Cluster 18,0,51.12
Y1-TA-1_LGD-1,comkkdkb-1,Cluster 18,0,49.81
Y1-TA-1_LGD-1,comldjhi-1,Cluster 2,0,105.98
Y1-TA-1_LGD-1,ggnpeckk-1,Cluster 10,0,66.56
Y1-TA-1_LGD-1,comkoebe-1,Cluster 2,0,140.12
Y1-TA-1_LGD-1,comlomao-1,Cluster 2,0,76.90
Y1-TA-1_LGD-1,comlcbnm-1,Cluster 14,0,140.93
Y1-TA-1_LGD-1,comoopfd-1,Cluster 2,0,86.38
Y1-TA-1_LGD-1,conafkin-1,Cluster 3,0,42.90
Y1-TA-1_LGD-1,ghakpobg-1,Cluster 17,0,110.99
Y1-TA-1_LGD-1,conabifp-1,Cluster 3,0,68.14
Y1-TA-1_LGD-1,ggnllfbj-1,Cluster 10,0,73.65
Y1-TA-1_LGD-1,ggnmpehf-1,Cluster 17,0,28.99
Y1-TA-1_LGD-1,ggnpleoe-1,Cluster 6,0,90.31
Y1-TA-1_LGD-1,ggnlmcfn-1,Cluster 18,0,73.88
Y1-TA-1_LGD-1,ggnlkgki-1,Cluster 20,0,23.39
Y1-TA-1_LGD-1,conacnnn-1,Cluster 2,0,82.09
Y1-TA-1_LGD-1,ghalckbj-1,Cluster 3,0,30.35
Y1-TA-1_LGD-1,ggnlnhpf-1,Cluster 2,0,51.75
Y1-TA-1_LGD-1,ggnncagc-1,Cluster 6,0,40.41
Y1-TA-1_LGD-1,conaalpp-1,Cluster 2,0,100.79
Y1-TA-1_LGD-1,ggnmiigo-1,Cluster 10,0,100.11
Y1-TA-1_LGD-1,ggnmhbah-1,Cluster 17,0,92.21
Y1-TA-1_LGD-1,comkmgca-1,Cluster 2,0,58.75
Y1-TA-1_LGD-1,ggnoalog-1,Cluster 6,0,108.51
Y1-TA-1_LGD-1,ggnmecmf-1,Cluster 6,0,58.93
Y1-TA-1_LGD-1,ggnnplek-1,Cluster 2,0,99.43
Y1-TA-1_LGD-1,conadcnb-1,Cluster 17,0,83.86
Y1-TA-1_LGD-1,comopboo-1,Cluster 2,0,75.23
Y1-TA-1_LGD-1,ggnmgmjm-1,Cluster 3,0,31.16
Y1-TA-1_LGD-1,ggnohmnf-1,Cluster 2,0,95.64
Y1-TA-1_LGD-1,concncoc-1,Cluster 14,0,81.73
Y1-TA-1_LGD-1,ggnohjej-1,Cluster 3,0,36.62
Y1-TA-1_LGD-1,condmlag-1,Cluster 17,0,55.81
Y1-TA-1_LGD-1,ggkkdban-1,Cluster 3,0,20.41
Y1-TA-1_LGD-1,cofekchj-1,Cluster 14,0,40.73
Y1-TA-1_LGD-1,ggnopofp-1,Cluster 3,0,36.17
Y1-TA-1_LGD-1,ggnopfpn-1,Cluster 14,0,65.30
Y1-TA-1_LGD-1,ggkkbaae-1,Cluster 3,0,18.33
Y1-TA-1_LGD-1,ggkbanfd-1,Cluster 3,0,27.59
Y1-TA-1_LGD-1,ggkaheaa-1,Cluster 6,0,55.95
Y1-TA-1_LGD-1,ggkbfmga-1,Cluster 3,0,17.02
Y1-TA-1_LGD-1,ggnnfmpj-1,Cluster 3,0,22.22
Y1-TA-1_LGD-1,ggkbfmkf-1,Cluster 3,0,36.03
Y1-TA-1_LGD-1,ggnndjci-1,Cluster 3,0,23.03
Y1-TA-1_LGD-1,condjgoo-1,Cluster 3,0,63.31
Y1-TA-1_LGD-1,ggnnfklc-1,Cluster 3,0,32.38
Y1-TA-1_LGD-1,ggkkeald-1,Cluster 3,0,33.24
Y1-TA-1_LGD-1,ggkahmfd-1,Cluster 3,0,48.32
Y1-TA-1_LGD-1,ggnjbhid-1,Cluster 17,0,53.28
Y1-TA-1_LGD-1,condcebh-1,Cluster 17,0,34.59
Y1-TA-1_LGD-1,ggnilgae-1,Cluster 6,0,117.32
Y1-TA-1_LGD-1,ggnngdoi-1,Cluster 17,0,25.65
Y1-TA-1_LGD-1,ggnngfjo-1,Cluster 17,0,41.68
Y1-TA-1_LGD-1,ggnipddm-1,Cluster 17,0,24.97
Y1-TA-1_LGD-1,ggnihmhg-1,Cluster 3,0,21.18
Y1-TA-1_LGD-1,ggkaolbo-1,Cluster 18,0,48.45
Y1-TA-1_LGD-1,conbnhen-1,Cluster 2,0,50.58
Y1-TA-1_LGD-1,ggnigkbg-1,Cluster 3,0,71.30
Y1-TA-1_LGD-1,ggnnfnmh-1,Cluster 3,0,22.22
Y1-TA-1_LGD-1,cofebikf-1,Cluster 18,0,55.59
Y1-TA-1_LGD-1,ggnkeehd-1,Cluster 17,0,46.01
Y1-TA-1_LGD-1,condclpe-1,Cluster 3,0,29.08
Y1-TA-1_LGD-1,ggnngpie-1,Cluster 3,0,53.37
Y1-TA-1_LGD-1,conbnolm-1,Cluster 6,0,41.36
Y1-TA-1_LGD-1,ggkbcdho-1,Cluster 6,0,74.10
Y1-TA-1_LGD-1,ggnihgmc-1,Cluster 6,0,53.06
Y1-TA-1_LGD-1,ggkbbjei-1,Cluster 6,0,88.24
Y1-TA-1_LGD-1,ggnibcnj-1,Cluster 6,0,103.95
Y1-TA-1_LGD-1,ggkbedon-1,Cluster 17,0,25.20
Y1-TA-1_LGD-1,ggnifbjh-1,Cluster 3,0,17.16
Y1-TA-1_LGD-1,cofdbmlb-1,Cluster 3,0,85.30
Y1-TA-1_LGD-1,ggnppjjn-1,Cluster 17,0,60.24
Y1-TA-1_LGD-1,ggnpbcpc-1,Cluster 1,0,13.91
Y1-TA-1_LGD-1,comndnfb-1,Cluster 17,0,115.10
Y1-TA-1_LGD-1,commgeln-1,Cluster 18,0,54.96
Y1-TA-1_LGD-1,ggoacdad-1,Cluster 14,0,59.06
Y1-TA-1_LGD-1,ggkhnbnn-1,Cluster 20,0,14.86
Y1-TA-1_LGD-1,comndldh-1,Cluster 6,0,38.61
Y1-TA-1_LGD-1,commjdnb-1,Cluster 6,0,74.37
Y1-TA-1_LGD-1,comncjhj-1,Cluster 2,0,43.30
Y1-TA-1_LGD-1,ggkilbdi-1,Cluster 2,0,100.02
Y1-TA-1_LGD-1,ggkidmkn-1,Cluster 18,0,132.44
Y1-TA-1_LGD-1,ggkhjdjn-1,Cluster 3,0,8.67
Y1-TA-1_LGD-1,cofdecbh-1,Cluster 21,0,62.36
Y1-TA-1_LGD-1,ggkilhpl-1,Cluster 17,0,57.57
Y1-TA-1_LGD-1,comlnkfm-1,Cluster 6,0,40.37
Y1-TA-1_LGD-1,comlngdk-1,Cluster 10,0,29.71
Y1-TA-1_LGD-1,ggnonpdd-1,Cluster 17,0,67.69
Y1-TA-1_LGD-1,ggnppikn-1,Cluster 10,0,45.61
Y1-TA-1_LGD-1,ggkhnclp-1,Cluster 3,0,25.15
Y1-TA-1_LGD-1,ggnomemn-1,Cluster 10,0,53.56
Y1-TA-1_LGD-1,ggnojina-1,Cluster 10,0,66.38
Y1-TA-1_LGD-1,ggkhhhej-1,Cluster 20,0,18.65
Y1-TA-1_LGD-1,comlmokm-1,Cluster 21,0,67.46
Y1-TA-1_LGD-1,ggkigpjg-1,Cluster 6,0,45.61
Y1-TA-1_LGD-1,ggkikhke-1,Cluster 20,0,11.11
Y1-TA-1_LGD-1,ggoaccag-1,Cluster 6,0,41.00
Y1-TA-1_LGD-1,comlihen-1,Cluster 2,0,34.32
Y1-TA-1_LGD-1,ggoaackm-1,Cluster 14,0,121.70
Y1-TA-1_LGD-1,ggkikpnj-1,Cluster 3,0,22.85
Y1-TA-1_LGD-1,comlljlj-1,Cluster 17,0,51.79
Y1-TA-1_LGD-1,ggkkepob-1,Cluster 6,0,61.77
Y1-TA-1_LGD-1,ggnojkhe-1,Cluster 17,0,38.74
Y1-TA-1_LGD-1,ggkkahje-1,Cluster 3,0,22.76
Y1-TA-1_LGD-1,ggnpanln-1,Cluster 3,0,47.59
Y1-TA-1_LGD-1,ggnhegbj-1,Cluster 3,0,73.60
Y1-TA-1_LGD-1,comkcaab-1,Cluster 2,0,66.06
Y1-TA-1_LGD-1,ggmjcodd-1,Cluster 18,0,36.67
Y1-TA-1_LGD-1,ggmdlhlp-1,Cluster 8,0,75.64
Y1-TA-1_LGD-1,ggmjejid-1,Cluster 10,0,44.80
Y1-TA-1_LGD-1,ggmjnnpo-1,Cluster 6,0,28.13
Y1-TA-1_LGD-1,ggmblmhk-1,Cluster 17,0,51.84
Y1-TA-1_LGD-1,ggmjlach-1,Cluster 6,0,92.93
Y1-TA-1_LGD-1,comjjgjd-1,Cluster 18,0,33.51
Y1-TA-1_LGD-1,ggmjicjp-1,Cluster 17,0,18.51
Y1-TA-1_LGD-1,ggnpddon-1,Cluster 6,0,60.10
Y1-TA-1_LGD-1,ggmjfffl-1,Cluster 17,0,61.82
Y1-TA-1_LGD-1,ggmjhfph-1,Cluster 17,0,34.09
Y1-TA-1_LGD-1,ggmjfjpl-1,Cluster 14,0,55.95
Y1-TA-1_LGD-1,ggmjfcjh-1,Cluster 17,0,74.51
Y1-TA-1_LGD-1,ggmjekde-1,Cluster 6,0,78.03
Y1-TA-1_LGD-1,ggmjkabe-1,Cluster 17,0,35.94
Y1-TA-1_LGD-1,comjnfoi-1,Cluster 6,0,45.74
Y1-TA-1_LGD-1,comjmamb-1,Cluster 18,0,70.31
Y1-TA-1_LGD-1,ggnpcmhl-1,Cluster 17,0,90.94
Y1-TA-1_LGD-1,ggnpdfhl-1,Cluster 3,0,41.14
Y1-TA-1_LGD-1,comkeckk-1,Cluster 6,0,42.90
Y1-TA-1_LGD-1,ggmjkmog-1,Cluster 17,0,34.68
Y1-TA-1_LGD-1,ggmjeklf-1,Cluster 6,0,97.18
Y1-TA-1_LGD-1,ggmjkjpc-1,Cluster 20,0,24.29
Y1-TA-1_LGD-1,ggnpcldm-1,Cluster 17,0,30.62
Y1-TA-1_LGD-1,ggmjoifh-1,Cluster 3,0,24.11
Y1-TA-1_LGD-1,ggmkbpjb-1,Cluster 14,0,26.24
Y1-TA-1_LGD-1,comnggdh-1,Cluster 21,0,46.06
Y1-TA-1_LGD-1,comkgofg-1,Cluster 18,0,59.29
Y1-TA-1_LGD-1,ggnpdaji-1,Cluster 17,0,38.83
Y1-TA-1_LGD-1,comlegdo-1,Cluster 18,0,42.54
Y1-TA-1_LGD-1,ggnpnabn-1,Cluster 18,0,61.86
Y1-TA-1_LGD-1,ggnppgpp-1,Cluster 6,0,52.07
Y1-TA-1_LGD-1,ggnpefbk-1,Cluster 2,0,157.28
Y1-TA-1_LGD-1,comldjji-1,Cluster 2,0,45.02
Y1-TA-1_LGD-1,ggnpiffp-1,Cluster 14,0,95.14
Y1-TA-1_LGD-1,ggnpfmnn-1,Cluster 10,0,51.75
Y1-TA-1_LGD-1,comjoncd-1,Cluster 8,0,72.79
Y1-TA-1_LGD-1,comkelpk-1,Cluster 3,0,63.13
Y1-TA-1_LGD-1,ghbmloml-1,Cluster 16,0,33.46
Y1-TA-1_LGD-1,ggmpmcen-1,Cluster 8,0,91.40
Y1-TA-1_LGD-1,ggmegmop-1,Cluster 13,0,25.47
Y1-TA-1_LGD-1,ggnfegie-1,Cluster 8,0,106.12
Y1-TA-1_LGD-1,ggmlcjlo-1,Cluster 7,0,60.19
Y1-TA-1_LGD-1,ggmljcng-1,Cluster 12,0,38.47
Y1-TA-1_LGD-1,ggmgkkkd-1,Cluster 8,0,45.92
Y1-TA-1_LGD-1,ggmgfkai-1,Cluster 7,0,69.99
Y1-TA-1_LGD-1,ggmhceoi-1,Cluster 16,0,64.17
Y1-TA-1_LGD-1,ggmlbmbf-1,Cluster 1,0,62.90
Y1-TA-1_LGD-1,ggmkfebp-1,Cluster 13,0,39.33
Y1-TA-1_LGD-1,ggmllljh-1,Cluster 1,0,30.71
Y1-TA-1_LGD-1,comjopbn-1,Cluster 2,0,51.30
Y1-TA-1_LGD-1,comjcnla-1,Cluster 1,0,46.33
Y1-TA-1_LGD-1,ggmhedkg-1,Cluster 13,0,14.59
Y1-TA-1_LGD-1,comjgimf-1,Cluster 21,0,48.81
Y1-TA-1_LGD-1,ggmklndm-1,Cluster 13,0,57.85
Y1-TA-1_LGD-1,ggmhbbdi-1,Cluster 16,0,44.98
Y1-TA-1_LGD-1,ggmhfade-1,Cluster 1,0,46.06
Y1-TA-1_LGD-1,comjibjk-1,Cluster 2,0,47.64
Y1-TA-1_LGD-1,ggmkknmm-1,Cluster 16,0,49.04
Y1-TA-1_LGD-1,conlmnon-1,Cluster 1,0,47.28
Y1-TA-1_LGD-1,ggmkhjhk-1,Cluster 8,0,58.34
Y1-TA-1_LGD-1,ggmghdce-1,Cluster 8,0,25.38
Y1-TA-1_LGD-1,ggmkogoj-1,Cluster 8,0,80.74
Y1-TA-1_LGD-1,ggmhejki-1,Cluster 8,0,27.18
Y1-TA-1_LGD-1,ggmkpcbn-1,Cluster 8,0,57.75
Y1-TA-1_LGD-1,ggmglmmk-1,Cluster 8,0,53.28
Y1-TA-1_LGD-1,ggmgkpdg-1,Cluster 7,0,44.43
Y1-TA-1_LGD-1,comkclgb-1,Cluster 1,0,43.49
Y1-TA-1_LGD-1,ggmgnjia-1,Cluster 16,0,64.66
Y1-TA-1_LGD-1,ggmjcjea-1,Cluster 16,0,60.51
Y1-TA-1_LGD-1,comkcaoa-1,Cluster 18,0,55.05
Y1-TA-1_LGD-1,ggmbhjai-1,Cluster 6,0,44.75
Y1-TA-1_LGD-1,ggmbpjfd-1,Cluster 1,0,27.95
Y1-TA-1_LGD-1,comoeloh-1,Cluster 3,0,26.28
Y1-TA-1_LGD-1,ggmbjcoc-1,Cluster 3,0,44.39
Y1-TA-1_LGD-1,ggmcenfd-1,Cluster 6,0,32.96
Y1-TA-1_LGD-1,ggmffhfm-1,Cluster 6,0,49.99
Y1-TA-1_LGD-1,ggmcpiba-1,Cluster 18,0,45.25
Y1-TA-1_LGD-1,comolehd-1,Cluster 17,0,54.10
Y1-TA-1_LGD-1,ggmbkcpd-1,Cluster 3,0,30.44
Y1-TA-1_LGD-1,comomdod-1,Cluster 18,0,55.41
Y1-TA-1_LGD-1,ggmciaek-1,Cluster 3,0,31.47
Y1-TA-1_LGD-1,comolomn-1,Cluster 14,0,29.62
Y1-TA-1_LGD-1,comocnim-1,Cluster 17,0,41.00
Y1-TA-1_LGD-1,ggnglaje-1,Cluster 3,0,9.26
Y1-TA-1_LGD-1,ggmcofap-1,Cluster 18,0,88.51
Y1-TA-1_LGD-1,ggmbmecp-1,Cluster 6,0,25.24
Y1-TA-1_LGD-1,ggngmkak-1,Cluster 17,0,54.14
Y1-TA-1_LGD-1,comooeea-1,Cluster 18,0,53.78
Y1-TA-1_LGD-1,ggngcfak-1,Cluster 6,0,22.04
Y1-TA-1_LGD-1,comoobnm-1,Cluster 2,0,63.13
Y1-TA-1_LGD-1,ggngnhoh-1,Cluster 3,0,24.84
Y1-TA-1_LGD-1,ggnhebkf-1,Cluster 17,0,49.13
Y1-TA-1_LGD-1,ggngecfi-1,Cluster 17,0,52.43
Y1-TA-1_LGD-1,comobgpk-1,Cluster 2,0,36.08
Y1-TA-1_LGD-1,comndpeh-1,Cluster 2,0,120.57
Y1-TA-1_LGD-1,comomfcn-1,Cluster 18,0,60.15
Y1-TA-1_LGD-1,ggkjgoio-1,Cluster 6,0,89.82
Y1-TA-1_LGD-1,ggkjbobl-1,Cluster 14,0,38.34
Y1-TA-1_LGD-1,ggngelca-1,Cluster 17,0,41.68
Y1-TA-1_LGD-1,ggngibnf-1,Cluster 17,0,23.75
Y1-TA-1_LGD-1,ggngjmll-1,Cluster 17,0,36.44
Y1-TA-1_LGD-1,ggkikifg-1,Cluster 6,0,19.19
Y1-TA-1_LGD-1,ggkjaenp-1,Cluster 17,0,54.19
Y1-TA-1_LGD-1,comnpgoe-1,Cluster 17,0,61.68
Y1-TA-1_LGD-1,comnbjpg-1,Cluster 17,0,38.70
Y1-TA-1_LGD-1,ggngchol-1,Cluster 20,0,63.63
Y1-TA-1_LGD-1,comlhkal-1,Cluster 17,0,52.07
Y1-TA-1_LGD-1,ggndcplj-1,Cluster 7,0,76.40
Y1-TA-1_LGD-1,ggmegpbn-1,Cluster 8,0,40.32
Y1-TA-1_LGD-1,ggmplipo-1,Cluster 16,0,35.67
Y1-TA-1_LGD-1,ggmpencp-1,Cluster 13,0,46.78
Y1-TA-1_LGD-1,ggmeeppp-1,Cluster 3,0,34.63
Y1-TA-1_LGD-1,ggmegjln-1,Cluster 6,0,83.58
Y1-TA-1_LGD-1,ggmemfdf-1,Cluster 14,0,29.22
Y1-TA-1_LGD-1,ggndbamc-1,Cluster 16,0,43.12
Y1-TA-1_LGD-1,comnakhl-1,Cluster 3,0,72.79
Y1-TA-1_LGD-1,ggmdpkkp-1,Cluster 3,0,19.73
Y1-TA-1_LGD-1,comodjig-1,Cluster 6,0,22.08
Y1-TA-1_LGD-1,ggmpeopo-1,Cluster 8,0,40.10
Y1-TA-1_LGD-1,ggmpkhpk-1,Cluster 16,0,41.95
Y1-TA-1_LGD-1,ggmendpi-1,Cluster 6,0,25.92
Y1-TA-1_LGD-1,ggmemecb-1,Cluster 18,0,66.02
Y1-TA-1_LGD-1,comokjpl-1,Cluster 18,0,40.82
Y1-TA-1_LGD-1,connohbn-1,Cluster 16,0,60.69
Y1-TA-1_LGD-1,ggmpiclb-1,Cluster 8,0,58.21
Y1-TA-1_LGD-1,ggmedelb-1,Cluster 17,0,21.45
Y1-TA-1_LGD-1,commjpdf-1,Cluster 17,0,60.69
Y1-TA-1_LGD-1,ggmdiake-1,Cluster 17,0,38.02
Y1-TA-1_LGD-1,ggmdbiom-1,Cluster 17,0,9.57
Y1-TA-1_LGD-1,ggmeajph-1,Cluster 17,0,15.85
Y1-TA-1_LGD-1,comoilkg-1,Cluster 17,0,24.70
Y1-TA-1_LGD-1,ggmdmgfl-1,Cluster 14,0,26.91
Y1-TA-1_LGD-1,ggmdjeoj-1,Cluster 17,0,45.43
Y1-TA-1_LGD-1,ggmccheb-1,Cluster 6,0,39.06
Y1-TA-1_LGD-1,ggmengah-1,Cluster 17,0,37.48
Y1-TA-1_LGD-1,commokgc-1,Cluster 6,0,46.06
Y1-TA-1_LGD-1,ggmealeo-1,Cluster 18,0,96.45
Y1-TA-1_LGD-1,comogcpb-1,Cluster 3,0,37.16
Y1-TA-1_LGD-1,ggmdmiad-1,Cluster 17,0,19.73
Y1-TA-1_LGD-1,ggmcbndj-1,Cluster 17,0,45.34
Y1-TA-1_LGD-1,ggmfnogp-1,Cluster 6,0,10.39
Y1-TA-1_LGD-1,ggmceinc-1,Cluster 18,0,26.60
Y1-TA-1_LGD-1,ggjpbaff-1,Cluster 2,0,85.07
Y1-TA-1_LGD-1,ggkgmnla-1,Cluster 1,0,21.58
Y1-TA-1_LGD-1,ggkcceap-1,Cluster 19,0,25.38
Y1-TA-1_LGD-1,gglaimdb-1,Cluster 5,0,56.26
Y1-TA-1_LGD-1,ggkgnpfd-1,Cluster 8,0,66.38
Y1-TA-1_LGD-1,gglaiblj-1,Cluster 8,0,47.91
Y1-TA-1_LGD-1,ggkcpdbb-1,Cluster 4,0,36.58
Y1-TA-1_LGD-1,cofeiloh-1,Cluster 17,0,37.43
Y1-TA-1_LGD-1,ggkcngnn-1,Cluster 12,0,29.13
Y1-TA-1_LGD-1,cofejlde-1,Cluster 17,0,39.11
Y1-TA-1_LGD-1,cofedoaa-1,Cluster 14,0,68.37
Y1-TA-1_LGD-1,ggkomlnp-1,Cluster 16,0,111.13
Y1-TA-1_LGD-1,cofeflfe-1,Cluster 17,0,105.39
Y1-TA-1_LGD-1,gglackfd-1,Cluster 1,0,54.10
Y1-TA-1_LGD-1,gngkdabl-1,Cluster 16,0,75.91
Y1-TA-1_LGD-1,ggkgmlfm-1,Cluster 5,0,47.91
Y1-TA-1_LGD-1,ggkcgdap-1,Cluster 6,0,64.08
Y1-TA-1_LGD-1,ggkcmekb-1,Cluster 1,0,33.01
Y1-TA-1_LGD-1,ghdjaifl-1,Cluster 8,0,55.77
Y1-TA-1_LGD-1,ggkckagm-1,Cluster 18,0,31.11
Y1-TA-1_LGD-1,ggkofgle-1,Cluster 16,0,52.43
Y1-TA-1_LGD-1,cofdndjj-1,Cluster 6,0,50.80
Y1-TA-1_LGD-1,ggkcgacl-1,Cluster 14,0,32.38
Y1-TA-1_LGD-1,ggknldhn-1,Cluster 7,0,27.46
Y1-TA-1_LGD-1,ocfmpiec-1,Cluster 3,0,35.18
Y1-TA-1_LGD-1,ocfnbpbi-1,Cluster 13,0,32.56
Y1-TA-1_LGD-1,ggkolnlj-1,Cluster 13,0,82.32
Y1-TA-1_LGD-1,cofjpcia-1,Cluster 3,0,41.05
Y1-TA-1_LGD-1,cofjokna-1,Cluster 17,0,57.08
Y1-TA-1_LGD-1,cofkeddf-1,Cluster 17,0,41.59
Y1-TA-1_LGD-1,ggkolnjg-1,Cluster 8,0,75.50
Y1-TA-1_LGD-1,ggkgmdpp-1,Cluster 1,0,35.63
Y1-TA-1_LGD-1,ggknkfho-1,Cluster 1,0,39.60
Y1-TA-1_LGD-1,concgfkn-1,Cluster 17,0,29.94
Y1-TA-1_LGD-1,ggknkjoh-1,Cluster 5,0,53.83
Y1-TA-1_LGD-1,cofkccdg-1,Cluster 17,0,57.12
Y1-TA-1_LGD-1,cofkabae-1,Cluster 6,0,32.33
Y1-TA-1_LGD-1,ggknoohi-1,Cluster 7,0,26.19
Y1-TA-1_LGD-1,ggkcnboe-1,Cluster 13,0,85.75
Y1-TA-1_LGD-1,ggkjjeok-1,Cluster 5,0,27.59
Y1-TA-1_LGD-1,ggkhfbdj-1,Cluster 7,0,51.93
Y1-TA-1_LGD-1,ggkcdnhn-1,Cluster 6,0,23.62
Y1-TA-1_LGD-1,gglakheg-1,Cluster 8,0,17.84
Y1-TA-1_LGD-1,gglaaong-1,Cluster 3,0,19.19
Y1-TA-1_LGD-1,ggkpefji-1,Cluster 7,0,27.09
Y1-TA-1_LGD-1,ggkclhbj-1,Cluster 13,0,33.69
Y1-TA-1_LGD-1,ggkajpac-1,Cluster 10,0,40.55
Y1-TA-1_LGD-1,ggkkeank-1,Cluster 3,0,83.95
Y1-TA-1_LGD-1,gglaoeke-1,Cluster 7,0,37.03
Y1-TA-1_LGD-1,ggkjnmga-1,Cluster 18,0,46.56
Y1-TA-1_LGD-1,ggkkaggg-1,Cluster 3,0,60.06
Y1-TA-1_LGD-1,ggkpfbpg-1,Cluster 7,0,61.23
Y1-TA-1_LGD-1,ggkajahp-1,Cluster 6,0,14.45
Y1-TA-1_LGD-1,ggkopmal-1,Cluster 13,0,49.45
Y1-TA-1_LGD-1,ggkpcdnl-1,Cluster 13,0,12.82
Y1-TA-1_LGD-1,cofekeph-1,Cluster 7,0,74.24
Y1-TA-1_LGD-1,gglaahlk-1,Cluster 3,0,16.44
Y1-TA-1_LGD-1,ggkjnifg-1,Cluster 13,0,32.92
Y1-TA-1_LGD-1,cofekkib-1,Cluster 6,0,48.95
Y1-TA-1_LGD-1,ggkjplge-1,Cluster 17,0,38.70
Y1-TA-1_LGD-1,cofelkfh-1,Cluster 17,0,51.30
Y1-TA-1_LGD-1,gglbamnh-1,Cluster 8,0,45.92
Y1-TA-1_LGD-1,gglahbjo-1,Cluster 7,0,49.18
Y1-TA-1_LGD-1,gglahmml-1,Cluster 1,0,24.47
Y1-TA-1_LGD-1,ggkjjihi-1,Cluster 3,0,46.92
Y1-TA-1_LGD-1,ggkcfohj-1,Cluster 14,0,41.68
Y1-TA-1_LGD-1,gglaelhp-1,Cluster 1,0,37.34
Y1-TA-1_LGD-1,ggkbpccp-1,Cluster 6,0,28.72
Y1-TA-1_LGD-1,gglabkig-1,Cluster 16,0,48.00
Y1-TA-1_LGD-1,cofekban-1,Cluster 21,0,46.38
Y1-TA-1_LGD-1,ggkdbanl-1,Cluster 16,0,52.70
Y1-TA-1_LGD-1,ggkapfkc-1,Cluster 17,0,14.36
Y1-TA-1_LGD-1,gglakdfj-1,Cluster 8,0,26.96
Y1-TA-1_LGD-1,ggladmke-1,Cluster 13,0,20.64
Y1-TA-1_LGD-1,ggkcfdib-1,Cluster 2,0,39.24
Y1-TA-1_LGD-1,cofcjepb-1,Cluster 2,0,24.02
Y1-TA-1_LGD-1,cogcijei-1,Cluster 17,0,17.84
Y1-TA-1_LGD-1,cofckmjo-1,Cluster 2,0,48.27
Y1-TA-1_LGD-1,ggkfllai-1,Cluster 18,0,74.10
Y1-TA-1_LGD-1,cogblkkh-1,Cluster 6,0,22.49
Y1-TA-1_LGD-1,cogcbdec-1,Cluster 2,0,24.16
Y1-TA-1_LGD-1,cofcipjb-1,Cluster 2,0,34.00
Y1-TA-1_LGD-1,cogbkkdf-1,Cluster 2,0,18.29
Y1-TA-1_LGD-1,cofbpacm-1,Cluster 2,0,19.64
Y1-TA-1_LGD-1,cogchnpb-1,Cluster 18,0,41.41
Y1-TA-1_LGD-1,cofblmbl-1,Cluster 2,0,35.27
Y1-TA-1_LGD-1,cofpmlmm-1,Cluster 21,0,21.58
Y1-TA-1_LGD-1,cofmkijj-1,Cluster 2,0,42.00
Y1-TA-1_LGD-1,cofpneio-1,Cluster 2,0,20.68
Y1-TA-1_LGD-1,cofpmfgc-1,Cluster 2,0,26.69
Y1-TA-1_LGD-1,cogcadog-1,Cluster 19,0,37.30
Y1-TA-1_LGD-1,cogcbfno-1,Cluster 2,0,34.36
Y1-TA-1_LGD-1,cofcdicm-1,Cluster 2,0,20.41
Y1-TA-1_LGD-1,cofbkned-1,Cluster 2,0,31.34
Y1-TA-1_LGD-1,ggkheged-1,Cluster 2,0,28.27
Y1-TA-1_LGD-1,cofmgfki-1,Cluster 21,0,30.44
Y1-TA-1_LGD-1,ggkfmmih-1,Cluster 14,0,38.47
Y1-TA-1_LGD-1,ggkffidg-1,Cluster 14,0,20.09
Y1-TA-1_LGD-1,cogbpaml-1,Cluster 2,0,13.50
Y1-TA-1_LGD-1,cogcanbi-1,Cluster 2,0,30.66
Y1-TA-1_LGD-1,ggkfmbon-1,Cluster 6,0,40.73
Y1-TA-1_LGD-1,cofbgjmc-1,Cluster 2,0,26.42
Y1-TA-1_LGD-1,cofbdhai-1,Cluster 21,0,29.58
Y1-TA-1_LGD-1,cofllfje-1,Cluster 21,0,31.65
Y1-TA-1_LGD-1,cofchhcp-1,Cluster 2,0,24.61
Y1-TA-1_LGD-1,cogccfef-1,Cluster 18,0,28.31
Y1-TA-1_LGD-1,cofpmhdn-1,Cluster 2,0,24.07
Y1-TA-1_LGD-1,cofblanf-1,Cluster 21,0,19.19
Y1-TA-1_LGD-1,cogbfpol-1,Cluster 6,0,22.62
Y1-TA-1_LGD-1,cogccdpb-1,Cluster 18,0,30.12
Y1-TA-1_LGD-1,ghdjbamg-1,Cluster 8,0,49.31
Y1-TA-1_LGD-1,cogbpeno-1,Cluster 18,0,20.82
Y1-TA-1_LGD-1,ggkdigab-1,Cluster 17,0,37.03
Y1-TA-1_LGD-1,ggjolkpg-1,Cluster 8,0,56.36
Y1-TA-1_LGD-1,ggjonepn-1,Cluster 6,0,60.19
Y1-TA-1_LGD-1,ggkddiii-1,Cluster 18,0,45.43
Y1-TA-1_LGD-1,ggkhfjog-1,Cluster 16,0,37.16
Y1-TA-1_LGD-1,ggkhfmmi-1,Cluster 6,0,102.28
Y1-TA-1_LGD-1,ggjpakgk-1,Cluster 21,0,31.74
Y1-TA-1_LGD-1,ggjonngj-1,Cluster 2,0,30.75
Y1-TA-1_LGD-1,cofnlhhp-1,Cluster 3,0,43.26
Y1-TA-1_LGD-1,cofnnhgh-1,Cluster 17,0,46.60
Y1-TA-1_LGD-1,ggkdnpfj-1,Cluster 17,0,51.34
Y1-TA-1_LGD-1,ggkdilkn-1,Cluster 17,0,38.88
Y1-TA-1_LGD-1,ggkdgdmg-1,Cluster 6,0,38.29
Y1-TA-1_LGD-1,cofnegdb-1,Cluster 2,0,35.00
Y1-TA-1_LGD-1,ggkdheng-1,Cluster 17,0,26.87
Y1-TA-1_LGD-1,ggjopdgl-1,Cluster 19,0,24.66
Y1-TA-1_LGD-1,ggkdehdc-1,Cluster 18,0,27.64
Y1-TA-1_LGD-1,ggkdomfd-1,Cluster 17,0,30.71
Y1-TA-1_LGD-1,ggkdjafl-1,Cluster 2,0,26.37
Y1-TA-1_LGD-1,cofnkdcj-1,Cluster 18,0,38.07
Y1-TA-1_LGD-1,cofnjoob-1,Cluster 2,0,32.33
Y1-TA-1_LGD-1,ggkhgcid-1,Cluster 18,0,22.80
Y1-TA-1_LGD-1,cofobhfe-1,Cluster 18,0,32.06
Y1-TA-1_LGD-1,cofnkahm-1,Cluster 21,0,33.69
Y1-TA-1_LGD-1,ggkdolbe-1,Cluster 3,0,7.09
Y1-TA-1_LGD-1,ggkglmna-1,Cluster 8,0,64.39
Y1-TA-1_LGD-1,cofnnhie-1,Cluster 17,0,47.69
Y1-TA-1_LGD-1,ggkgkfgm-1,Cluster 6,0,14.81
Y1-TA-1_LGD-1,cogbjdnj-1,Cluster 2,0,39.24
Y1-TA-1_LGD-1,ggkfkgen-1,Cluster 6,0,20.00
Y1-TA-1_LGD-1,cogchjfm-1,Cluster 2,0,17.34
Y1-TA-1_LGD-1,cofchpka-1,Cluster 18,0,35.99
Y1-TA-1_LGD-1,cogciobd-1,Cluster 2,0,25.96
Y1-TA-1_LGD-1,cogcdphi-1,Cluster 2,0,30.25
Y1-TA-1_LGD-1,ggkhckhb-1,Cluster 1,0,23.07
Y1-TA-1_LGD-1,cofaifda-1,Cluster 18,0,38.65
Y1-TA-1_LGD-1,ggkjfilg-1,Cluster 6,0,59.47
Y1-TA-1_LGD-1,ggnhjdbe-1,Cluster 17,0,56.81
Y1-TA-1_LGD-1,ggkldnmo-1,Cluster 4,0,46.38
Y1-TA-1_LGD-1,cofafgog-1,Cluster 3,0,73.74
Y1-TA-1_LGD-1,cofahfmd-1,Cluster 17,0,67.73
Y1-TA-1_LGD-1,ggkmbibc-1,Cluster 3,0,15.49
Y1-TA-1_LGD-1,cofamnoi-1,Cluster 3,0,34.23
Y1-TA-1_LGD-1,ggkhioia-1,Cluster 3,0,45.11
Y1-TA-1_LGD-1,ggnhldpc-1,Cluster 3,0,58.97
Y1-TA-1_LGD-1,ggnhpfco-1,Cluster 3,0,61.41
Y1-TA-1_LGD-1,cofaeiek-1,Cluster 3,0,109.37
Y1-TA-1_LGD-1,ggnhjfci-1,Cluster 17,0,33.91
Y1-TA-1_LGD-1,ggkkflmh-1,Cluster 17,0,111.17
Y1-TA-1_LGD-1,ggkkhoab-1,Cluster 17,0,95.32
Y1-TA-1_LGD-1,ggkhidjc-1,Cluster 6,0,33.28
Y1-TA-1_LGD-1,ggkkhnii-1,Cluster 16,0,51.48
Y1-TA-1_LGD-1,ggknffba-1,Cluster 8,0,60.10
Y1-TA-1_LGD-1,ggkhmcma-1,Cluster 3,0,42.58
Y1-TA-1_LGD-1,ggkkpmnk-1,Cluster 3,0,37.25
Y1-TA-1_LGD-1,ggklonfi-1,Cluster 6,0,81.10
Y1-TA-1_LGD-1,ggkjpfbp-1,Cluster 12,0,83.49
Y1-TA-1_LGD-1,cofcoogi-1,Cluster 3,0,64.75
Y1-TA-1_LGD-1,ggkkjmmi-1,Cluster 17,0,50.67
Y1-TA-1_LGD-1,cofdkafe-1,Cluster 3,0,46.29
Y1-TA-1_LGD-1,ggklphml-1,Cluster 17,0,24.97
Y1-TA-1_LGD-1,ggkkfhem-1,Cluster 2,0,40.78
Y1-TA-1_LGD-1,ggkkihoe-1,Cluster 3,0,48.23
Y1-TA-1_LGD-1,ggkllkbl-1,Cluster 3,0,86.34
Y1-TA-1_LGD-1,ggklfjpb-1,Cluster 12,0,41.77
Y1-TA-1_LGD-1,ggkjigem-1,Cluster 13,0,165.18
Y1-TA-1_LGD-1,ggkonfgh-1,Cluster 7,0,78.66
Y1-TA-1_LGD-1,ggkncpeh-1,Cluster 16,0,38.11
Y1-TA-1_LGD-1,ggklgkcb-1,Cluster 8,0,33.33
Y1-TA-1_LGD-1,ggklhmda-1,Cluster 5,0,31.07
Y1-TA-1_LGD-1,ggkhkhbo-1,Cluster 3,0,45.79
Y1-TA-1_LGD-1,ggkljbno-1,Cluster 13,0,50.62
Y1-TA-1_LGD-1,ggkkgajo-1,Cluster 3,0,50.94
Y1-TA-1_LGD-1,ggmgaial-1,Cluster 6,0,66.29
Y1-TA-1_LGD-1,ggmfdnkc-1,Cluster 18,0,63.99
Y1-TA-1_LGD-1,ggndcbgd-1,Cluster 5,0,27.64
Y1-TA-1_LGD-1,ggmeoepi-1,Cluster 6,0,50.58
Y1-TA-1_LGD-1,commlfmj-1,Cluster 2,0,61.55
Y1-TA-1_LGD-1,ggmfoeio-1,Cluster 10,0,40.01
Y1-TA-1_LGD-1,ggmfpcci-1,Cluster 3,0,12.82
Y1-TA-1_LGD-1,connapoc-1,Cluster 18,0,29.08
Y1-TA-1_LGD-1,connaooo-1,Cluster 2,0,61.19
Y1-TA-1_LGD-1,ggndfkoa-1,Cluster 14,0,29.94
Y1-TA-1_LGD-1,conndaie-1,Cluster 2,0,59.52
Y1-TA-1_LGD-1,connbkoc-1,Cluster 18,0,46.96
Y1-TA-1_LGD-1,ggmapbfb-1,Cluster 2,0,14.95
Y1-TA-1_LGD-1,ggmepchp-1,Cluster 2,0,57.39
Y1-TA-1_LGD-1,conmlnma-1,Cluster 18,0,44.30
Y1-TA-1_LGD-1,conmnckf-1,Cluster 18,0,52.92
Y1-TA-1_LGD-1,ggmbgeok-1,Cluster 14,0,130.95
Y1-TA-1_LGD-1,ggmenlcf-1,Cluster 6,0,60.69
Y1-TA-1_LGD-1,conmjpfo-1,Cluster 18,0,31.38
Y1-TA-1_LGD-1,ggmbejga-1,Cluster 14,0,23.07
Y1-TA-1_LGD-1,ggmaphhh-1,Cluster 18,0,41.27
Y1-TA-1_LGD-1,ggmfbloh-1,Cluster 18,0,161.07
Y1-TA-1_LGD-1,ggnhekoi-1,Cluster 2,0,62.68
Y1-TA-1_LGD-1,ggmbflaa-1,Cluster 2,0,64.75
Y1-TA-1_LGD-1,ggkipocc-1,Cluster 17,0,31.56
Y1-TA-1_LGD-1,ggnhpope-1,Cluster 6,0,73.29
Y1-TA-1_LGD-1,ggnhlgip-1,Cluster 17,0,86.20
Y1-TA-1_LGD-1,conmfefi-1,Cluster 18,0,53.37
Y1-TA-1_LGD-1,ggnhfnib-1,Cluster 2,0,38.47
Y1-TA-1_LGD-1,ggmfjkbo-1,Cluster 14,0,67.96
Y1-TA-1_LGD-1,ggnhgdbk-1,Cluster 6,0,44.93
Y1-TA-1_LGD-1,ggnhndai-1,Cluster 17,0,59.79
Y1-TA-1_LGD-1,ggkjgilk-1,Cluster 3,0,19.10
Y1-TA-1_LGD-1,ggnhomam-1,Cluster 18,0,228.72
Y1-TA-1_LGD-1,cofbadca-1,Cluster 6,0,47.19
Y1-TA-1_LGD-1,ggknhbmk-1,Cluster 16,0,70.49
Y1-TA-1_LGD-1,ggjpkmkg-1,Cluster 6,0,45.07
Y1-TA-1_LGD-1,ggjpkimn-1,Cluster 16,0,40.37
Y1-TA-1_LGD-1,ocfmpefa-1,Cluster 20,0,13.14
Y1-TA-1_LGD-1,ggkagggf-1,Cluster 20,0,13.32
Y1-TA-1_LGD-1,ggkmplno-1,Cluster 20,0,14.04
Y1-TA-1_LGD-1,ggkpgnio-1,Cluster 1,0,8.72
Y1-TA-1_LGD-1,ggkmlpji-1,Cluster 13,0,46.78
Y1-TA-1_LGD-1,ggkmnhae-1,Cluster 13,0,41.32
Y1-TA-1_LGD-1,cofbbkfb-1,Cluster 1,0,51.07
Y1-TA-1_LGD-1,ggkmnedp-1,Cluster 1,0,52.11
Y1-TA-1_LGD-1,ggkafena-1,Cluster 13,0,35.54
Y1-TA-1_LGD-1,ggjoilcp-1,Cluster 7,0,42.81
Y1-TA-1_LGD-1,ggkphnnc-1,Cluster 7,0,21.09
Y1-TA-1_LGD-1,cofmphbp-1,Cluster 18,0,53.74
Y1-TA-1_LGD-1,ggkpilbo-1,Cluster 7,0,14.63
Y1-TA-1_LGD-1,ggjoljje-1,Cluster 7,0,43.35
Y1-TA-1_LGD-1,ggkpgkln-1,Cluster 7,0,52.65
Y1-TA-1_LGD-1,ggjokegk-1,Cluster 7,0,51.39
Y1-TA-1_LGD-1,ggkpgeda-1,Cluster 5,0,40.05
Y1-TA-1_LGD-1,gglaagoh-1,Cluster 7,0,51.66
Y1-TA-1_LGD-1,ggkmmjhc-1,Cluster 7,0,40.82
Y1-TA-1_LGD-1,ggjpgjfo-1,Cluster 2,0,76.22
Y1-TA-1_LGD-1,cofbcnnl-1,Cluster 6,0,56.40
Y1-TA-1_LGD-1,ggkaemga-1,Cluster 18,0,26.64
Y1-TA-1_LGD-1,ggkaekpk-1,Cluster 18,0,67.73
Y1-TA-1_LGD-1,ggkncdli-1,Cluster 7,0,88.10
Y1-TA-1_LGD-1,ggkafbhk-1,Cluster 18,0,35.81
Y1-TA-1_LGD-1,cofbbeop-1,Cluster 18,0,46.19
Y1-TA-1_LGD-1,ggkpcfhk-1,Cluster 7,0,44.75
Y1-TA-1_LGD-1,ggkomolm-1,Cluster 7,0,74.19
Y1-TA-1_LGD-1,ggkaehdk-1,Cluster 16,0,26.06
Y1-TA-1_LGD-1,cofmpgka-1,Cluster 2,0,38.25
Y1-TA-1_LGD-1,ggjolfde-1,Cluster 19,0,31.25
Y1-TA-1_LGD-1,cofndlbj-1,Cluster 2,0,45.38
Y1-TA-1_LGD-1,cofndbcp-1,Cluster 21,0,45.16
Y1-TA-1_LGD-1,ggkphngn-1,Cluster 12,0,16.39
Y1-TA-1_LGD-1,ggnfljik-1,Cluster 3,0,22.49
Y1-TA-1_LGD-1,conmndde-1,Cluster 18,0,38.65
Y1-TA-1_LGD-1,cofadmhj-1,Cluster 21,0,128.74
Y1-TA-1_LGD-1,conmhopo-1,Cluster 6,0,51.34
Y1-TA-1_LGD-1,ggmbdbag-1,Cluster 6,0,33.10
Y1-TA-1_LGD-1,cofacfgb-1,Cluster 21,0,65.39
Y1-TA-1_LGD-1,ggnfnadp-1,Cluster 6,0,42.36
Y1-TA-1_LGD-1,cofadige-1,Cluster 2,0,22.94
Y1-TA-1_LGD-1,ggmbeibi-1,Cluster 14,0,161.57
Y1-TA-1_LGD-1,conmdfol-1,Cluster 6,0,34.68
Y1-TA-1_LGD-1,cofablnj-1,Cluster 18,0,84.76
Y1-TA-1_LGD-1,ggmbaogm-1,Cluster 18,0,86.02
Y1-TA-1_LGD-1,ggmbecca-1,Cluster 6,0,47.82
Y1-TA-1_LGD-1,ggnfooik-1,Cluster 16,0,107.92
Y1-TA-1_LGD-1,ggnfooep-1,Cluster 6,0,37.98
Y1-TA-1_LGD-1,ggjoidlb-1,Cluster 18,0,42.36
Y1-TA-1_LGD-1,ggjoggbe-1,Cluster 17,0,4.92
Y1-TA-1_LGD-1,ggnfogon-1,Cluster 6,0,101.06
Y1-TA-1_LGD-1,ggjnmjog-1,Cluster 17,0,21.86
Y1-TA-1_LGD-1,conmihpb-1,Cluster 18,0,41.00
Y1-TA-1_LGD-1,ggjnnokh-1,Cluster 4,0,42.94
Y1-TA-1_LGD-1,ggjnpjbi-1,Cluster 7,0,50.03
Y1-TA-1_LGD-1,ggnfmaol-1,Cluster 18,0,73.83
Y1-TA-1_LGD-1,ggjobojp-1,Cluster 1,0,44.66
Y1-TA-1_LGD-1,ggjofpff-1,Cluster 7,0,19.91
Y1-TA-1_LGD-1,cofabnfi-1,Cluster 6,0,36.85
Y1-TA-1_LGD-1,ggjoenmc-1,Cluster 5,0,33.87
Y1-TA-1_LGD-1,cofacdgk-1,Cluster 21,0,34.77
Y1-TA-1_LGD-1,ggjobhhi-1,Cluster 7,0,43.49
Y1-TA-1_LGD-1,ggkmlaag-1,Cluster 20,0,16.57
Y1-TA-1_LGD-1,ggkmfklc-1,Cluster 1,0,25.33
Y1-TA-1_LGD-1,ggkmfeoe-1,Cluster 16,0,38.97
Y1-TA-1_LGD-1,ggjofibc-1,Cluster 7,0,58.03
Y1-TA-1_LGD-1,ggkmpppi-1,Cluster 12,0,29.08
Y1-TA-1_LGD-1,ggjpcffh-1,Cluster 7,0,43.17
Y1-TA-1_LGD-1,ghepkfni-1,Cluster 3,0,53.60
Y1-TA-1_LGD-1,gheodfob-1,Cluster 12,0,47.78
Y1-TA-1_LGD-1,ghefidnm-1,Cluster 3,0,42.27
Y1-TA-1_LGD-1,ghekdmcg-1,Cluster 12,0,66.61
Y1-TA-1_LGD-1,ghefmabk-1,Cluster 20,0,18.74
Y1-TA-1_LGD-1,ghefmbei-1,Cluster 3,0,31.20
Y1-TA-1_LGD-1,ghegacda-1,Cluster 3,0,40.78
Y1-TA-1_LGD-1,ghejplph-1,Cluster 3,0,15.35
Y1-TA-1_LGD-1,gheofnlo-1,Cluster 3,0,28.58
Y1-TA-1_LGD-1,ghekbbjb-1,Cluster 3,0,18.06
Y1-TA-1_LGD-1,gheflbne-1,Cluster 6,0,95.28
Y1-TA-1_LGD-1,ghejfame-1,Cluster 3,0,32.56
Y1-TA-1_LGD-1,ghefjcee-1,Cluster 7,0,19.28
Y1-TA-1_LGD-1,ghemeijc-1,Cluster 3,0,31.70
Y1-TA-1_LGD-1,ghellfgg-1,Cluster 3,0,40.32
Y1-TA-1_LGD-1,ghekigeh-1,Cluster 3,0,28.72
Y1-TA-1_LGD-1,ghelldbm-1,Cluster 17,0,67.06
Y1-TA-1_LGD-1,gieoncnn-1,Cluster 10,0,201.22
Y1-TA-1_LGD-1,gifdalgk-1,Cluster 17,0,114.16
Y1-TA-1_LGD-1,giepboco-1,Cluster 6,0,129.37
Y1-TA-1_LGD-1,gifdadpj-1,Cluster 3,0,53.65
Y1-TA-1_LGD-1,giepgden-1,Cluster 3,0,4.34
Y1-TA-1_LGD-1,gifcmicf-1,Cluster 6,0,49.90
Y1-TA-1_LGD-1,giepghjk-1,Cluster 3,0,26.91
Y1-TA-1_LGD-1,giffaemd-1,Cluster 17,0,66.88
Y1-TA-1_LGD-1,giepianp-1,Cluster 17,0,70.49
Y1-TA-1_LGD-1,gifempgc-1,Cluster 17,0,53.60
Y1-TA-1_LGD-1,gifdgjan-1,Cluster 3,0,72.61
Y1-TA-1_LGD-1,gifekeke-1,Cluster 20,0,13.82
Y1-TA-1_LGD-1,gifdgoml-1,Cluster 3,0,39.78
Y1-TA-1_LGD-1,gifeafin-1,Cluster 20,0,11.42
Y1-TA-1_LGD-1,gifejich-1,Cluster 3,0,41.86
Y1-TA-1_LGD-1,coibdhin-1,Cluster 3,0,40.96
Y1-TA-1_LGD-1,gihknnoo-1,Cluster 3,0,36.22
Y1-TA-1_LGD-1,gifdigkj-1,Cluster 6,0,59.11
Y1-TA-1_LGD-1,gihjmjac-1,Cluster 3,0,83.95
Y1-TA-1_LGD-1,gihkhpch-1,Cluster 10,0,38.47
Y1-TA-1_LGD-1,gifdpfgi-1,Cluster 3,0,23.35
Y1-TA-1_LGD-1,gifekeii-1,Cluster 20,0,28.13
Y1-TA-1_LGD-1,giichdhb-1,Cluster 6,0,113.34
Y1-TA-1_LGD-1,gifebloc-1,Cluster 17,0,51.66
Y1-TA-1_LGD-1,gifdlhgi-1,Cluster 17,0,49.67
Y1-TA-1_LGD-1,gihjnaie-1,Cluster 10,0,64.44
Y1-TA-1_LGD-1,gihjlcoi-1,Cluster 3,0,30.07
Y1-TA-1_LGD-1,ocgigfef-1,Cluster 3,0,12.64
Y1-TA-1_LGD-1,gihghedc-1,Cluster 3,0,16.48
Y1-TA-1_LGD-1,coibjfko-1,Cluster 3,0,77.58
Y1-TA-1_LGD-1,gihjohfe-1,Cluster 3,0,64.98
Y1-TA-1_LGD-1,gihgflke-1,Cluster 3,0,11.92
Y1-TA-1_LGD-1,gihknmpf-1,Cluster 6,0,70.99
Y1-TA-1_LGD-1,gihglnec-1,Cluster 3,0,75.14
Y1-TA-1_LGD-1,coibecoh-1,Cluster 3,0,61.14
Y1-TA-1_LGD-1,gifdmhha-1,Cluster 3,0,11.74
Y1-TA-1_LGD-1,gifdgkje-1,Cluster 3,0,32.29
Y1-TA-1_LGD-1,gifjpcmj-1,Cluster 17,0,44.39
Y1-TA-1_LGD-1,gifkgahc-1,Cluster 3,0,31.84
Y1-TA-1_LGD-1,cohpeneg-1,Cluster 3,0,43.85
Y1-TA-1_LGD-1,gifkfcnk-1,Cluster 3,0,38.97
Y1-TA-1_LGD-1,gifjojlj-1,Cluster 6,0,113.61
Y1-TA-1_LGD-1,gifkcaoj-1,Cluster 6,0,151.54
Y1-TA-1_LGD-1,coiafigm-1,Cluster 3,0,33.91
Y1-TA-1_LGD-1,coiaghgm-1,Cluster 3,0,38.38
Y1-TA-1_LGD-1,coiafpcb-1,Cluster 3,0,32.06
Y1-TA-1_LGD-1,coiabdde-1,Cluster 9,0,29.71
Y1-TA-1_LGD-1,cohpijje-1,Cluster 3,0,49.13
Y1-TA-1_LGD-1,gifipgjg-1,Cluster 17,0,157.05
Y1-TA-1_LGD-1,coiaegnd-1,Cluster 3,0,57.08
Y1-TA-1_LGD-1,coiaffpl-1,Cluster 3,0,48.50
Y1-TA-1_LGD-1,coiabfik-1,Cluster 17,0,51.34
Y1-TA-1_LGD-1,gifkdnpd-1,Cluster 3,0,62.68
Y1-TA-1_LGD-1,gifkcpaf-1,Cluster 3,0,17.16
Y1-TA-1_LGD-1,gifkcmni-1,Cluster 17,0,136.82
Y1-TA-1_LGD-1,gieoojhh-1,Cluster 17,0,36.80
Y1-TA-1_LGD-1,coicamgb-1,Cluster 18,0,163.10
Y1-TA-1_LGD-1,gifflhfk-1,Cluster 6,0,135.02
Y1-TA-1_LGD-1,giffmemc-1,Cluster 6,0,91.26
Y1-TA-1_LGD-1,giffhbdm-1,Cluster 3,0,70.90
Y1-TA-1_LGD-1,gifgecee-1,Cluster 3,0,27.05
Y1-TA-1_LGD-1,gifgalcp-1,Cluster 17,0,75.05
Y1-TA-1_LGD-1,giffokmd-1,Cluster 6,0,212.28
Y1-TA-1_LGD-1,giepplok-1,Cluster 17,0,65.75
Y1-TA-1_LGD-1,gihkpjep-1,Cluster 3,0,75.59
Y1-TA-1_LGD-1,gifaanep-1,Cluster 6,0,65.07
Y1-TA-1_LGD-1,coibkkdd-1,Cluster 10,0,134.79
Y1-TA-1_LGD-1,giepobci-1,Cluster 6,0,53.83
Y1-TA-1_LGD-1,gihglcan-1,Cluster 3,0,31.84
Y1-TA-1_LGD-1,gihkhhed-1,Cluster 3,0,93.43
Y1-TA-1_LGD-1,gihlagld-1,Cluster 3,0,23.80
Y1-TA-1_LGD-1,gieddgha-1,Cluster 17,0,98.58
Y1-TA-1_LGD-1,giepkbfg-1,Cluster 3,0,15.17
Y1-TA-1_LGD-1,gihlbhmp-1,Cluster 17,0,86.20
Y1-TA-1_LGD-1,giepdjln-1,Cluster 6,0,150.51
Y1-TA-1_LGD-1,gihhcoae-1,Cluster 3,0,36.58
Y1-TA-1_LGD-1,gihkebob-1,Cluster 20,0,10.61
Y1-TA-1_LGD-1,gifaeneo-1,Cluster 17,0,31.47
Y1-TA-1_LGD-1,gihhamob-1,Cluster 3,0,52.11
Y1-TA-1_LGD-1,gihgmbjk-1,Cluster 3,0,27.50
Y1-TA-1_LGD-1,gifdkmbh-1,Cluster 3,0,17.52
Y1-TA-1_LGD-1,gihkccie-1,Cluster 3,0,57.75
Y1-TA-1_LGD-1,giepjmph-1,Cluster 10,0,90.00
Y1-TA-1_LGD-1,gihggejj-1,Cluster 17,0,121.65
Y1-TA-1_LGD-1,gihkhdgd-1,Cluster 20,0,27.32
Y1-TA-1_LGD-1,giepojjc-1,Cluster 9,0,69.99
Y1-TA-1_LGD-1,giepjhkh-1,Cluster 10,0,85.26
Y1-TA-1_LGD-1,gihkhepa-1,Cluster 3,0,128.51
Y1-TA-1_LGD-1,gihggane-1,Cluster 3,0,46.87
Y1-TA-1_LGD-1,coialjco-1,Cluster 3,0,25.11
Y1-TA-1_LGD-1,gihladkh-1,Cluster 3,0,18.83
Y1-TA-1_LGD-1,giiddajm-1,Cluster 3,0,35.31
Y1-TA-1_LGD-1,gihghobn-1,Cluster 11,0,92.53
Y1-TA-1_LGD-1,gifnfpjj-1,Cluster 6,0,98.35
Y1-TA-1_LGD-1,cohoobhg-1,Cluster 1,0,44.25
Y1-TA-1_LGD-1,gifkimkk-1,Cluster 1,0,51.25
Y1-TA-1_LGD-1,giflgocc-1,Cluster 17,0,16.26
Y1-TA-1_LGD-1,gifklhlp-1,Cluster 3,0,41.81
Y1-TA-1_LGD-1,gifnjoka-1,Cluster 6,0,66.74
Y1-TA-1_LGD-1,gifffnpm-1,Cluster 16,0,127.66
Y1-TA-1_LGD-1,coibbepc-1,Cluster 14,0,107.25
Y1-TA-1_LGD-1,giffgbpl-1,Cluster 6,0,36.85
Y1-TA-1_LGD-1,cohpebam-1,Cluster 10,0,94.20
Y1-TA-1_LGD-1,gifffgep-1,Cluster 14,0,55.18
Y1-TA-1_LGD-1,gifknhni-1,Cluster 3,0,50.30
Y1-TA-1_LGD-1,gifnhbcn-1,Cluster 17,0,41.95
Y1-TA-1_LGD-1,coholmeo-1,Cluster 14,0,59.83
Y1-TA-1_LGD-1,coibpcjj-1,Cluster 14,0,133.08
Y1-TA-1_LGD-1,gifokbbo-1,Cluster 2,0,40.91
Y1-TA-1_LGD-1,giebhada-1,Cluster 3,0,43.71
Y1-TA-1_LGD-1,gieeihpo-1,Cluster 3,0,38.38
Y1-TA-1_LGD-1,giecjpge-1,Cluster 3,0,22.62
Y1-TA-1_LGD-1,giedjknl-1,Cluster 3,0,48.95
Y1-TA-1_LGD-1,gieckpej-1,Cluster 3,0,45.47
Y1-TA-1_LGD-1,gieckcnc-1,Cluster 17,0,91.80
Y1-TA-1_LGD-1,gieclifm-1,Cluster 20,0,30.16
Y1-TA-1_LGD-1,giecdgfn-1,Cluster 17,0,21.22
Y1-TA-1_LGD-1,giedahhi-1,Cluster 3,0,11.88
Y1-TA-1_LGD-1,giedhmoa-1,Cluster 17,0,40.28
Y1-TA-1_LGD-1,giiclcnk-1,Cluster 3,0,26.24
Y1-TA-1_LGD-1,giiclino-1,Cluster 20,0,23.12
Y1-TA-1_LGD-1,coiaieob-1,Cluster 10,0,52.56
Y1-TA-1_LGD-1,giedhgdb-1,Cluster 17,0,134.02
Y1-TA-1_LGD-1,giedcjek-1,Cluster 6,0,45.07
Y1-TA-1_LGD-1,giedhppa-1,Cluster 17,0,94.47
Y1-TA-1_LGD-1,coiamjod-1,Cluster 6,0,60.87
Y1-TA-1_LGD-1,coiakfhk-1,Cluster 17,0,70.90
Y1-TA-1_LGD-1,giecpodn-1,Cluster 6,0,56.17
Y1-TA-1_LGD-1,giidikgf-1,Cluster 20,0,47.41
Y1-TA-1_LGD-1,coihcdjp-1,Cluster 3,0,48.36
Y1-TA-1_LGD-1,coippnno-1,Cluster 10,0,64.84
Y1-TA-1_LGD-1,coiglndm-1,Cluster 20,0,92.16
Y1-TA-1_LGD-1,gihodfbe-1,Cluster 3,0,49.22
Y1-TA-1_LGD-1,coipjdoa-1,Cluster 17,0,54.32
Y1-TA-1_LGD-1,giidapmi-1,Cluster 3,0,42.27
Y1-TA-1_LGD-1,gihochik-1,Cluster 3,0,15.44
Y1-TA-1_LGD-1,giicpjph-1,Cluster 3,0,33.10
Y1-TA-1_LGD-1,coihdpdo-1,Cluster 17,0,58.57
Y1-TA-1_LGD-1,giidhbch-1,Cluster 3,0,59.47
Y1-TA-1_LGD-1,giidihgl-1,Cluster 3,0,34.77
Y1-TA-1_LGD-1,giedcmei-1,Cluster 17,0,67.46
Y1-TA-1_LGD-1,giidmebo-1,Cluster 3,0,20.95
Y1-TA-1_LGD-1,giidlaoh-1,Cluster 3,0,34.36
Y1-TA-1_LGD-1,giicojmo-1,Cluster 17,0,42.22
Y1-TA-1_LGD-1,giidccfo-1,Cluster 3,0,50.17
Y1-TA-1_LGD-1,coipnmed-1,Cluster 17,0,82.37
Y1-TA-1_LGD-1,coihcpda-1,Cluster 17,0,75.86
Y1-TA-1_LGD-1,gifpifid-1,Cluster 17,0,72.88
Y1-TA-1_LGD-1,coibnjdb-1,Cluster 6,0,34.36
Y1-TA-1_LGD-1,gifpcbgc-1,Cluster 12,0,98.98
Y1-TA-1_LGD-1,gifpfbdj-1,Cluster 17,0,44.30
Y1-TA-1_LGD-1,gifookfh-1,Cluster 10,0,108.65
Y1-TA-1_LGD-1,gifnllpk-1,Cluster 16,0,57.48
Y1-TA-1_LGD-1,giednfhl-1,Cluster 5,0,65.70
Y1-TA-1_LGD-1,gifoiaff-1,Cluster 16,0,79.25
Y1-TA-1_LGD-1,gifopahf-1,Cluster 18,0,61.19
Y1-TA-1_LGD-1,coicegel-1,Cluster 16,0,89.91
Y1-TA-1_LGD-1,gifpbjjp-1,Cluster 3,0,45.16
Y1-TA-1_LGD-1,cohoklpp-1,Cluster 3,0,37.21
Y1-TA-1_LGD-1,gifonkoi-1,Cluster 6,0,85.44
Y1-TA-1_LGD-1,gifohfec-1,Cluster 8,0,166.22
Y1-TA-1_LGD-1,gifpdnje-1,Cluster 7,0,49.99
Y1-TA-1_LGD-1,gifpkmaj-1,Cluster 17,0,61.01
Y1-TA-1_LGD-1,gifnmknn-1,Cluster 6,0,35.76
Y1-TA-1_LGD-1,gifopeif-1,Cluster 12,0,27.18
Y1-TA-1_LGD-1,gifpfilc-1,Cluster 17,0,45.43
Y1-TA-1_LGD-1,cohohkdh-1,Cluster 17,0,58.93
Y1-TA-1_LGD-1,giefadnj-1,Cluster 3,0,49.85
Y1-TA-1_LGD-1,giefjgno-1,Cluster 17,0,57.48
Y1-TA-1_LGD-1,gieebnhp-1,Cluster 6,0,43.80
Y1-TA-1_LGD-1,giefbpja-1,Cluster 6,0,52.70
Y1-TA-1_LGD-1,gieecebf-1,Cluster 6,0,78.26
Y1-TA-1_LGD-1,giefelhi-1,Cluster 6,0,60.46
Y1-TA-1_LGD-1,gieehnbo-1,Cluster 17,0,48.72
Y1-TA-1_LGD-1,gieeeddf-1,Cluster 6,0,74.37
Y1-TA-1_LGD-1,giefcnpb-1,Cluster 17,0,36.98
Y1-TA-1_LGD-1,giefchne-1,Cluster 17,0,39.02
Y1-TA-1_LGD-1,giedlema-1,Cluster 14,0,40.73
Y1-TA-1_LGD-1,giedmmja-1,Cluster 9,0,47.41
Y1-TA-1_LGD-1,gieeffkl-1,Cluster 17,0,125.22
Y1-TA-1_LGD-1,gieegjhf-1,Cluster 17,0,111.58
Y1-TA-1_LGD-1,gifabffd-1,Cluster 9,0,80.06
Y1-TA-1_LGD-1,gieefomg-1,Cluster 6,0,34.09
Y1-TA-1_LGD-1,coicmnic-1,Cluster 14,0,75.95
Y1-TA-1_LGD-1,coicpclh-1,Cluster 17,0,22.76
Y1-TA-1_LGD-1,coipnhpb-1,Cluster 2,0,78.17
Y1-TA-1_LGD-1,coicmmjf-1,Cluster 14,0,48.45
Y1-TA-1_LGD-1,giecaaba-1,Cluster 17,0,91.62
Y1-TA-1_LGD-1,giebfihe-1,Cluster 3,0,77.08
Y1-TA-1_LGD-1,coicpghk-1,Cluster 17,0,67.60
Y1-TA-1_LGD-1,coippffp-1,Cluster 17,0,81.33
Y1-TA-1_LGD-1,giebglen-1,Cluster 10,0,55.59
Y1-TA-1_LGD-1,giecfpfo-1,Cluster 6,0,72.75
Y1-TA-1_LGD-1,giecjane-1,Cluster 6,0,104.18
Y1-TA-1_LGD-1,coipemng-1,Cluster 3,0,52.16
Y1-TA-1_LGD-1,ggnejlee-1,Cluster 20,0,20.14
Y1-TA-1_LGD-1,giebjknh-1,Cluster 17,0,56.63
Y1-TA-1_LGD-1,coippfne-1,Cluster 17,0,32.06
Y1-TA-1_LGD-1,giebpbib-1,Cluster 3,0,40.87
Y1-TA-1_LGD-1,giecjkmf-1,Cluster 3,0,15.17
Y1-TA-1_LGD-1,coipijjp-1,Cluster 3,0,59.83
Y1-TA-1_LGD-1,giiedebp-1,Cluster 3,0,15.99
Y1-TA-1_LGD-1,cojachda-1,Cluster 18,0,47.32
Y1-TA-1_LGD-1,giebiojm-1,Cluster 17,0,21.77
Y1-TA-1_LGD-1,giieahlc-1,Cluster 17,0,28.22
Y1-TA-1_LGD-1,gihlccoj-1,Cluster 3,0,77.49
Y1-TA-1_LGD-1,coiplpgo-1,Cluster 17,0,65.48
Y1-TA-1_LGD-1,coipkjme-1,Cluster 3,0,32.11
Y1-TA-1_LGD-1,cojaajep-1,Cluster 3,0,25.60
Y1-TA-1_LGD-1,giidoohi-1,Cluster 17,0,42.94
Y1-TA-1_LGD-1,giidookn-1,Cluster 20,0,16.75
Y1-TA-1_LGD-1,giecfojp-1,Cluster 17,0,46.24
Y1-TA-1_LGD-1,coipbdmf-1,Cluster 20,0,35.76
Y1-TA-1_LGD-1,giidoaga-1,Cluster 3,0,4.02
Y1-TA-1_LGD-1,giidneed-1,Cluster 3,0,33.37
Y1-TA-1_LGD-1,gihlcnnm-1,Cluster 14,0,121.24
Y1-TA-1_LGD-1,coippcbj-1,Cluster 17,0,42.67
Y1-TA-1_LGD-1,cojabfel-1,Cluster 17,0,54.50
Y1-TA-1_LGD-1,coipijge-1,Cluster 17,0,48.00
Y1-TA-1_LGD-1,giecgmlb-1,Cluster 3,0,10.79
Y1-TA-1_LGD-1,gigaoiap-1,Cluster 6,0,54.68
Y1-TA-1_LGD-1,gifplgbg-1,Cluster 12,0,49.40
Y1-TA-1_LGD-1,gifpndoe-1,Cluster 13,0,47.01
Y1-TA-1_LGD-1,cohnmnkp-1,Cluster 16,0,58.75
Y1-TA-1_LGD-1,cohnnogk-1,Cluster 6,0,41.45
Y1-TA-1_LGD-1,gigalhoc-1,Cluster 5,0,36.62
Y1-TA-1_LGD-1,gigbenjc-1,Cluster 13,0,41.09
Y1-TA-1_LGD-1,cohnlpno-1,Cluster 6,0,29.04
Y1-TA-1_LGD-1,cohnpmda-1,Cluster 2,0,69.86
Y1-TA-1_LGD-1,cohnhcbh-1,Cluster 6,0,35.04
Y1-TA-1_LGD-1,gigaljfj-1,Cluster 16,0,63.85
Y1-TA-1_LGD-1,gigalgdk-1,Cluster 8,0,108.42
Y1-TA-1_LGD-1,gigbebld-1,Cluster 20,0,24.29
Y1-TA-1_LGD-1,gifppjko-1,Cluster 17,0,13.86
Y1-TA-1_LGD-1,gigadahe-1,Cluster 18,0,27.64
Y1-TA-1_LGD-1,gigaakgl-1,Cluster 17,0,17.79
Y1-TA-1_LGD-1,gigaggai-1,Cluster 5,0,67.96
Y1-TA-1_LGD-1,gifponhj-1,Cluster 1,0,46.83
Y1-TA-1_LGD-1,gigapgic-1,Cluster 6,0,20.95
Y1-TA-1_LGD-1,giefapcf-1,Cluster 18,0,121.88
Y1-TA-1_LGD-1,gieadpmi-1,Cluster 17,0,29.53
Y1-TA-1_LGD-1,gieeihbh-1,Cluster 17,0,24.34
Y1-TA-1_LGD-1,gigajjhk-1,Cluster 3,0,22.17
Y1-TA-1_LGD-1,cohogckh-1,Cluster 3,0,139.94
Y1-TA-1_LGD-1,gieadanl-1,Cluster 3,0,13.59
Y1-TA-1_LGD-1,giebdmli-1,Cluster 6,0,83.31
Y1-TA-1_LGD-1,gigajkgg-1,Cluster 17,0,18.42
Y1-TA-1_LGD-1,gieepldh-1,Cluster 6,0,45.56
Y1-TA-1_LGD-1,gieancdo-1,Cluster 3,0,14.27
Y1-TA-1_LGD-1,gifphoai-1,Cluster 17,0,154.66
Y1-TA-1_LGD-1,gieeoikf-1,Cluster 3,0,20.55
Y1-TA-1_LGD-1,gieahooc-1,Cluster 17,0,11.51
Y1-TA-1_LGD-1,gieadkme-1,Cluster 3,0,6.28
Y1-TA-1_LGD-1,coicohbj-1,Cluster 18,0,91.04
Y1-TA-1_LGD-1,gieeolod-1,Cluster 6,0,55.00
Y1-TA-1_LGD-1,gifnkkif-1,Cluster 6,0,43.53
Y1-TA-1_LGD-1,gifkifhe-1,Cluster 6,0,91.22
Y1-TA-1_LGD-1,gifomlih-1,Cluster 19,0,67.82
Y1-TA-1_LGD-1,ggofomcf-1,Cluster 8,0,19.91
Y1-TA-1_LGD-1,cohnlgje-1,Cluster 21,0,53.96
Y1-TA-1_LGD-1,ggpgknfo-1,Cluster 3,0,99.57
Y1-TA-1_LGD-1,coiddgln-1,Cluster 6,0,66.92
Y1-TA-1_LGD-1,amipldio-1,Cluster 2,0,53.87
Y1-TA-1_LGD-1,coidcaej-1,Cluster 17,0,49.85
Y1-TA-1_LGD-1,amjdbmkj-1,Cluster 18,0,61.37
Y1-TA-1_LGD-1,gieaekah-1,Cluster 6,0,15.31
Y1-TA-1_LGD-1,coicmcna-1,Cluster 21,0,47.50
Y1-TA-1_LGD-1,amjdcgdc-1,Cluster 3,0,65.88
Y1-TA-1_LGD-1,coicnceb-1,Cluster 18,0,49.49
Y1-TA-1_LGD-1,ggpgpieb-1,Cluster 21,0,56.72
Y1-TA-1_LGD-1,cojahfmi-1,Cluster 2,0,38.65
Y1-TA-1_LGD-1,cojafpel-1,Cluster 14,0,92.39
Y1-TA-1_LGD-1,ggokjomg-1,Cluster 17,0,26.06
Y1-TA-1_LGD-1,ggpgmdho-1,Cluster 3,0,8.49
Y1-TA-1_LGD-1,cojacnpe-1,Cluster 6,0,29.49
Y1-TA-1_LGD-1,ggokipal-1,Cluster 6,0,81.87
Y1-TA-1_LGD-1,ggpgcalb-1,Cluster 3,0,26.64
Y1-TA-1_LGD-1,ggpgmmcl-1,Cluster 6,0,56.08
Y1-TA-1_LGD-1,ggpgpflf-1,Cluster 3,0,18.15
Y1-TA-1_LGD-1,amjbpido-1,Cluster 6,0,85.26
Y1-TA-1_LGD-1,ggongkkc-1,Cluster 3,0,27.27
Y1-TA-1_LGD-1,ggneiedm-1,Cluster 17,0,38.65
Y1-TA-1_LGD-1,ggolgnjn-1,Cluster 17,0,93.61
Y1-TA-1_LGD-1,ggonfmea-1,Cluster 2,0,68.73
Y1-TA-1_LGD-1,ggonejgg-1,Cluster 19,0,45.52
Y1-TA-1_LGD-1,ggonddom-1,Cluster 3,0,38.97
Y1-TA-1_LGD-1,ggokmgcd-1,Cluster 3,0,15.90
Y1-TA-1_LGD-1,ggomhpmp-1,Cluster 3,0,35.31
Y1-TA-1_LGD-1,ggokmjho-1,Cluster 17,0,42.36
Y1-TA-1_LGD-1,ocfnmdim-1,Cluster 3,0,30.71
Y1-TA-1_LGD-1,ggondcfl-1,Cluster 17,0,96.63
Y1-TA-1_LGD-1,ggokikce-1,Cluster 9,0,36.31
Y1-TA-1_LGD-1,ocfnibpl-1,Cluster 3,0,25.60
Y1-TA-1_LGD-1,cojaeefa-1,Cluster 3,0,63.22
Y1-TA-1_LGD-1,ggolfhmd-1,Cluster 17,0,87.11
Y1-TA-1_LGD-1,ggokigbi-1,Cluster 3,0,47.96
Y1-TA-1_LGD-1,ggomndhg-1,Cluster 17,0,153.31
Y1-TA-1_LGD-1,ggonheik-1,Cluster 17,0,53.78
Y1-TA-1_LGD-1,gieacppl-1,Cluster 17,0,81.78
Y1-TA-1_LGD-1,amjajmkk-1,Cluster 18,0,154.80
Y1-TA-1_LGD-1,ggocpicg-1,Cluster 6,0,82.95
Y1-TA-1_LGD-1,giganadk-1,Cluster 5,0,52.56
Y1-TA-1_LGD-1,gieanndj-1,Cluster 17,0,37.48
Y1-TA-1_LGD-1,coichffe-1,Cluster 17,0,39.02
Y1-TA-1_LGD-1,ggphdngc-1,Cluster 6,0,76.27
Y1-TA-1_LGD-1,ggodaomp-1,Cluster 12,0,34.59
Y1-TA-1_LGD-1,ggodegia-1,Cluster 17,0,34.82
Y1-TA-1_LGD-1,ggodaagg-1,Cluster 16,0,83.18
Y1-TA-1_LGD-1,ggofapao-1,Cluster 17,0,77.62
Y1-TA-1_LGD-1,ggobeegg-1,Cluster 3,0,21.45
Y1-TA-1_LGD-1,amipeehg-1,Cluster 2,0,79.20
Y1-TA-1_LGD-1,gieacgca-1,Cluster 12,0,22.04
Y1-TA-1_LGD-1,ggoboied-1,Cluster 17,0,119.26
Y1-TA-1_LGD-1,cohodjnl-1,Cluster 3,0,53.83
Y1-TA-1_LGD-1,ggobjnap-1,Cluster 20,0,31.65
Y1-TA-1_LGD-1,amjbabim-1,Cluster 3,0,70.49
Y1-TA-1_LGD-1,ggobcicb-1,Cluster 13,0,108.78
Y1-TA-1_LGD-1,ggobddio-1,Cluster 16,0,60.51
Y1-TA-1_LGD-1,coichaaa-1,Cluster 14,0,30.12
Y1-TA-1_LGD-1,cohnpngb-1,Cluster 3,0,65.70
Y1-TA-1_LGD-1,cohocjaj-1,Cluster 17,0,60.19
Y1-TA-1_LGD-1,ggobdokl-1,Cluster 3,0,32.87
Y1-TA-1_LGD-1,ggoboofp-1,Cluster 12,0,13.19
Y1-TA-1_LGD-1,ggobpfmb-1,Cluster 16,0,45.74
Y1-TA-1_LGD-1,ggobembd-1,Cluster 12,0,13.59
Y1-TA-1_LGD-1,amipkkhn-1,Cluster 3,0,69.90
Y1-TA-1_LGD-1,ggobdlej-1,Cluster 16,0,61.41
Y1-TA-1_LGD-1,ggobfcea-1,Cluster 6,0,98.71
Y1-TA-1_LGD-1,ggobidgc-1,Cluster 3,0,43.80
Y1-TA-1_LGD-1,amjaamcp-1,Cluster 3,0,39.29
Y1-TA-1_LGD-1,coickmck-1,Cluster 18,0,79.38
Y1-TA-1_LGD-1,ggpglgmk-1,Cluster 3,0,49.85
Y1-TA-1_LGD-1,coiclieh-1,Cluster 18,0,44.21
Y1-TA-1_LGD-1,coidaepl-1,Cluster 2,0,44.70
Y1-TA-1_LGD-1,amjceoah-1,Cluster 6,0,49.08
Y1-TA-1_LGD-1,ggpfmlgo-1,Cluster 3,0,32.33
Y1-TA-1_LGD-1,ggpggmhb-1,Cluster 6,0,64.57
Y1-TA-1_LGD-1,amjcolmc-1,Cluster 3,0,43.89
Y1-TA-1_LGD-1,ggpgfill-1,Cluster 17,0,90.04
Y1-TA-1_LGD-1,ggoohalb-1,Cluster 3,0,50.67
Y1-TA-1_LGD-1,ggooeiga-1,Cluster 6,0,271.89
Y1-TA-1_LGD-1,amjchlpf-1,Cluster 14,0,114.16
Y1-TA-1_LGD-1,cooddiif-1,Cluster 2,0,45.92
Y1-TA-1_LGD-1,amjckaah-1,Cluster 17,0,56.85
Y1-TA-1_LGD-1,amjcdfnk-1,Cluster 20,0,39.83
Y1-TA-1_LGD-1,coodkgdg-1,Cluster 18,0,72.16
Y1-TA-1_LGD-1,amjcambp-1,Cluster 2,0,58.75
Y1-TA-1_LGD-1,coodjlll-1,Cluster 2,0,48.77
Y1-TA-1_LGD-1,amjcclmj-1,Cluster 16,0,102.87
Y1-TA-1_LGD-1,coodlopf-1,Cluster 18,0,113.39
Y1-TA-1_LGD-1,ghcbepfd-1,Cluster 16,0,59.61
Y1-TA-1_LGD-1,ghceglni-1,Cluster 17,0,49.72
Y1-TA-1_LGD-1,ggoldcoi-1,Cluster 6,0,62.27
Y1-TA-1_LGD-1,ghccbkgk-1,Cluster 7,0,50.53
Y1-TA-1_LGD-1,ggolacol-1,Cluster 17,0,74.01
Y1-TA-1_LGD-1,ghceefdg-1,Cluster 13,0,28.81
Y1-TA-1_LGD-1,ghceknnb-1,Cluster 6,0,46.29
Y1-TA-1_LGD-1,coodghdp-1,Cluster 12,0,56.17
Y1-TA-1_LGD-1,ggoochih-1,Cluster 16,0,62.95
Y1-TA-1_LGD-1,coodebai-1,Cluster 3,0,66.06
Y1-TA-1_LGD-1,coodhflg-1,Cluster 18,0,66.65
Y1-TA-1_LGD-1,ghceclai-1,Cluster 16,0,25.33
Y1-TA-1_LGD-1,ghcecomc-1,Cluster 13,0,24.47
Y1-TA-1_LGD-1,coodlfce-1,Cluster 14,0,45.70
Y1-TA-1_LGD-1,ghcfgdgh-1,Cluster 13,0,41.23
Y1-TA-1_LGD-1,ggokhpeb-1,Cluster 3,0,45.29
Y1-TA-1_LGD-1,ghcbndmh-1,Cluster 1,0,29.80
Y1-TA-1_LGD-1,ggokihcg-1,Cluster 6,0,53.37
Y1-TA-1_LGD-1,ghcccikg-1,Cluster 8,0,33.78
Y1-TA-1_LGD-1,ghcffljo-1,Cluster 12,0,80.78
Y1-TA-1_LGD-1,coodlhpm-1,Cluster 2,0,133.30
Y1-TA-1_LGD-1,amipjpkd-1,Cluster 10,0,92.80
Y1-TA-1_LGD-1,ggoddobb-1,Cluster 17,0,71.75
Y1-TA-1_LGD-1,ggofgdjp-1,Cluster 6,0,100.47
Y1-TA-1_LGD-1,amipifdb-1,Cluster 6,0,54.82
Y1-TA-1_LGD-1,amiphnag-1,Cluster 10,0,63.35
Y1-TA-1_LGD-1,ggofjghb-1,Cluster 3,0,42.40
Y1-TA-1_LGD-1,ggofglcl-1,Cluster 8,0,30.57
Y1-TA-1_LGD-1,amjenppa-1,Cluster 2,0,49.27
Y1-TA-1_LGD-1,amjeomfj-1,Cluster 17,0,84.22
Y1-TA-1_LGD-1,amjeplmf-1,Cluster 2,0,77.94
Y1-TA-1_LGD-1,ggofjbli-1,Cluster 17,0,38.34
Y1-TA-1_LGD-1,amipmomp-1,Cluster 2,0,54.37
Y1-TA-1_LGD-1,amjbajdg-1,Cluster 2,0,74.24
Y1-TA-1_LGD-1,ggpenmgc-1,Cluster 14,0,66.52
Y1-TA-1_LGD-1,ggpfacfb-1,Cluster 3,0,24.02
Y1-TA-1_LGD-1,amjeppaa-1,Cluster 3,0,90.58
Y1-TA-1_LGD-1,ggofjhpf-1,Cluster 3,0,31.20
Y1-TA-1_LGD-1,ggoepafh-1,Cluster 3,0,52.70
Y1-TA-1_LGD-1,ocfngfog-1,Cluster 3,0,11.51
Y1-TA-1_LGD-1,ggpfaphi-1,Cluster 18,0,141.52
Y1-TA-1_LGD-1,ggoffgja-1,Cluster 17,0,55.77
Y1-TA-1_LGD-1,ggpfdphh-1,Cluster 17,0,132.80
Y1-TA-1_LGD-1,ggofkhop-1,Cluster 3,0,12.19
Y1-TA-1_LGD-1,ggofncjl-1,Cluster 20,0,24.70
Y1-TA-1_LGD-1,ggpfbnao-1,Cluster 3,0,138.45
Y1-TA-1_LGD-1,amjeldlc-1,Cluster 6,0,77.85
Y1-TA-1_LGD-1,ggpfabnh-1,Cluster 2,0,120.97
Y1-TA-1_LGD-1,ggofleda-1,Cluster 20,0,22.04
Y1-TA-1_LGD-1,ggpfdeaf-1,Cluster 17,0,135.20
Y1-TA-1_LGD-1,ggpegmdc-1,Cluster 17,0,72.48
Y1-TA-1_LGD-1,ggpfobna-1,Cluster 6,0,116.64
Y1-TA-1_LGD-1,amjdcjgk-1,Cluster 18,0,78.62
Y1-TA-1_LGD-1,ggpejmha-1,Cluster 17,0,21.36
Y1-TA-1_LGD-1,ggpfoolb-1,Cluster 14,0,89.23
Y1-TA-1_LGD-1,ggpfpdpi-1,Cluster 2,0,37.93
Y1-TA-1_LGD-1,ggodmnod-1,Cluster 16,0,19.24
Y1-TA-1_LGD-1,ggodfkjn-1,Cluster 3,0,10.97
Y1-TA-1_LGD-1,ggodidkc-1,Cluster 5,0,85.57
Y1-TA-1_LGD-1,ggodhgaf-1,Cluster 12,0,11.02
Y1-TA-1_LGD-1,ggodgino-1,Cluster 13,0,146.94
Y1-TA-1_LGD-1,conlgpjl-1,Cluster 2,0,40.96
Y1-TA-1_LGD-1,ghboiflj-1,Cluster 7,0,51.61
Y1-TA-1_LGD-1,ggonoapa-1,Cluster 16,0,43.21
Y1-TA-1_LGD-1,ggpbeooj-1,Cluster 16,0,45.88
Y1-TA-1_LGD-1,ggonikpn-1,Cluster 17,0,74.55
Y1-TA-1_LGD-1,ghbobhcg-1,Cluster 12,0,23.44
Y1-TA-1_LGD-1,ghcbcmlk-1,Cluster 3,0,53.60
Y1-TA-1_LGD-1,ocfogicl-1,Cluster 3,0,13.50
Y1-TA-1_LGD-1,ghcblmem-1,Cluster 16,0,37.43
Y1-TA-1_LGD-1,ghcaohji-1,Cluster 8,0,49.40
Y1-TA-1_LGD-1,ghblamac-1,Cluster 1,0,49.04
Y1-TA-1_LGD-1,ghblbgek-1,Cluster 1,0,58.16
Y1-TA-1_LGD-1,ghbohhcp-1,Cluster 5,0,29.98
Y1-TA-1_LGD-1,ghblcabh-1,Cluster 7,0,42.67
Y1-TA-1_LGD-1,ghbleojm-1,Cluster 7,0,67.60
Y1-TA-1_LGD-1,ghblcoaj-1,Cluster 3,0,15.17
Y1-TA-1_LGD-1,ghbnmano-1,Cluster 7,0,34.36
Y1-TA-1_LGD-1,ghbpeaof-1,Cluster 13,0,41.23
Y1-TA-1_LGD-1,ghbpdfpn-1,Cluster 1,0,30.39
Y1-TA-1_LGD-1,ghbnmgdl-1,Cluster 5,0,22.71
Y1-TA-1_LGD-1,ghbldglf-1,Cluster 1,0,17.43
Y1-TA-1_LGD-1,ghblnijp-1,Cluster 7,0,70.04
Y1-TA-1_LGD-1,ggoocain-1,Cluster 6,0,106.84
Y1-TA-1_LGD-1,ghbpdkkg-1,Cluster 5,0,31.93
Y1-TA-1_LGD-1,ghblopoe-1,Cluster 1,0,15.90
Y1-TA-1_LGD-1,ghblfgdo-1,Cluster 16,0,46.29
Y1-TA-1_LGD-1,ghbloaai-1,Cluster 1,0,41.72
Y1-TA-1_LGD-1,ghbllaal-1,Cluster 7,0,14.04
Y1-TA-1_LGD-1,ghbllolm-1,Cluster 8,0,78.80
Y1-TA-1_LGD-1,ghblgbni-1,Cluster 1,0,25.38
Y1-TA-1_LGD-1,ghbofggd-1,Cluster 13,0,35.31
Y1-TA-1_LGD-1,ghboedpm-1,Cluster 8,0,41.14
Y1-TA-1_LGD-1,ghbodmha-1,Cluster 20,0,41.81
Y1-TA-1_LGD-1,ghbolneb-1,Cluster 7,0,30.44
Y1-TA-1_LGD-1,ghbohnoi-1,Cluster 7,0,59.92
Y1-TA-1_LGD-1,ghcbcfbd-1,Cluster 17,0,9.30
Y1-TA-1_LGD-1,ghblbgfk-1,Cluster 16,0,73.33
Y1-TA-1_LGD-1,ghbkppha-1,Cluster 8,0,52.74
Y1-TA-1_LGD-1,ghbknpeg-1,Cluster 8,0,71.03
Y1-TA-1_LGD-1,ggpcnmpk-1,Cluster 8,0,95.91
Y1-TA-1_LGD-1,ggopgjik-1,Cluster 7,0,88.05
Y1-TA-1_LGD-1,amjfcpha-1,Cluster 3,0,26.60
Y1-TA-1_LGD-1,ggpgiifk-1,Cluster 17,0,23.21
Y1-TA-1_LGD-1,ggpcopfk-1,Cluster 8,0,6.55
Y1-TA-1_LGD-1,coodpibn-1,Cluster 2,0,42.99
Y1-TA-1_LGD-1,cooedkmm-1,Cluster 6,0,66.97
Y1-TA-1_LGD-1,ggpgjalk-1,Cluster 6,0,35.72
Y1-TA-1_LGD-1,cooebdef-1,Cluster 2,0,67.64
Y1-TA-1_LGD-1,ggopfdce-1,Cluster 5,0,73.79
Y1-TA-1_LGD-1,amjgkndc-1,Cluster 3,0,29.31
Y1-TA-1_LGD-1,ggpghkbj-1,Cluster 12,0,49.18
Y1-TA-1_LGD-1,ggpcmiio-1,Cluster 16,0,49.18
Y1-TA-1_LGD-1,ggpckdjl-1,Cluster 12,0,59.25
Y1-TA-1_LGD-1,ggpchnho-1,Cluster 16,0,15.40
Y1-TA-1_LGD-1,ggpcgikc-1,Cluster 8,0,34.86
Y1-TA-1_LGD-1,ggpcgcah-1,Cluster 5,0,21.95
Y1-TA-1_LGD-1,amjfapfa-1,Cluster 6,0,61.77
Y1-TA-1_LGD-1,ggpcejak-1,Cluster 20,0,20.00
Y1-TA-1_LGD-1,ggpbfdhh-1,Cluster 13,0,54.50
Y1-TA-1_LGD-1,ggpbojei-1,Cluster 13,0,70.40
Y1-TA-1_LGD-1,ggpaipgk-1,Cluster 13,0,57.48
Y1-TA-1_LGD-1,ggpbnjdg-1,Cluster 5,0,47.37
Y1-TA-1_LGD-1,ggpceofo-1,Cluster 8,0,28.85
Y1-TA-1_LGD-1,ggonijek-1,Cluster 10,0,39.69
Y1-TA-1_LGD-1,ggpbcebb-1,Cluster 3,0,31.56
Y1-TA-1_LGD-1,ggpcdklk-1,Cluster 1,0,50.58
Y1-TA-1_LGD-1,ggonocji-1,Cluster 3,0,43.44
Y1-TA-1_LGD-1,ggpbmbbh-1,Cluster 12,0,24.93
Y1-TA-1_LGD-1,ggonlgpm-1,Cluster 18,0,108.19
Y1-TA-1_LGD-1,ggpcdbhh-1,Cluster 1,0,31.38
Y1-TA-1_LGD-1,ggpcbbme-1,Cluster 20,0,30.25
Y1-TA-1_LGD-1,ggpbdjdc-1,Cluster 13,0,74.73
Y1-TA-1_LGD-1,ggpcbiaf-1,Cluster 16,0,117.90
Y1-TA-1_LGD-1,ggpcbmgn-1,Cluster 16,0,120.16
Y1-TA-1_LGD-1,ggpbdnpg-1,Cluster 7,0,45.79
Y1-TA-1_LGD-1,ggmnejga-1,Cluster 3,0,36.31
Y1-TA-1_LGD-1,ggmiojll-1,Cluster 2,0,31.97
Y1-TA-1_LGD-1,ghbnmadk-1,Cluster 3,0,10.21
Y1-TA-1_LGD-1,ggnfjnjk-1,Cluster 2,0,36.40
Y1-TA-1_LGD-1,ggmhjnbh-1,Cluster 16,0,20.91
Y1-TA-1_LGD-1,conmdahj-1,Cluster 21,0,48.05
Y1-TA-1_LGD-1,ggmmhooi-1,Cluster 7,0,49.18
Y1-TA-1_LGD-1,ghbpbplc-1,Cluster 5,0,34.09
Y1-TA-1_LGD-1,conljkjk-1,Cluster 8,0,48.32
Y1-TA-1_LGD-1,connkkhm-1,Cluster 2,0,57.71
Y1-TA-1_LGD-1,ggmhhhag-1,Cluster 2,0,61.28
Y1-TA-1_LGD-1,ggnfipcm-1,Cluster 10,0,28.00
Y1-TA-1_LGD-1,ggmhklad-1,Cluster 17,0,25.60
Y1-TA-1_LGD-1,ggmhhlhc-1,Cluster 14,0,22.62
Y1-TA-1_LGD-1,ghbnpjgb-1,Cluster 16,0,56.76
Y1-TA-1_LGD-1,conngpoh-1,Cluster 18,0,57.03
Y1-TA-1_LGD-1,ggmhokla-1,Cluster 8,0,29.44
Y1-TA-1_LGD-1,connlomi-1,Cluster 18,0,44.25
Y1-TA-1_LGD-1,conlmhok-1,Cluster 5,0,42.27
Y1-TA-1_LGD-1,ggmicbbh-1,Cluster 3,0,25.38
Y1-TA-1_LGD-1,ggmmjgco-1,Cluster 7,0,53.74
Y1-TA-1_LGD-1,conngknm-1,Cluster 18,0,47.59
Y1-TA-1_LGD-1,ggmmdbll-1,Cluster 7,0,103.27
Y1-TA-1_LGD-1,ggmmkajj-1,Cluster 16,0,80.97
Y1-TA-1_LGD-1,conlhinb-1,Cluster 6,0,36.76
Y1-TA-1_LGD-1,conljejj-1,Cluster 1,0,40.19
Y1-TA-1_LGD-1,ggnenmkj-1,Cluster 14,0,13.37
Y1-TA-1_LGD-1,conlmkjf-1,Cluster 18,0,66.88
Y1-TA-1_LGD-1,ghbohnin-1,Cluster 8,0,38.11
Y1-TA-1_LGD-1,ghbnpglf-1,Cluster 1,0,58.07
Y1-TA-1_LGD-1,ggnffnno-1,Cluster 17,0,19.15
Y1-TA-1_LGD-1,conlleac-1,Cluster 8,0,73.65
Y1-TA-1_LGD-1,ggmkhgme-1,Cluster 16,0,38.20
Y1-TA-1_LGD-1,conlpfbl-1,Cluster 1,0,43.85
Y1-TA-1_LGD-1,ggmhgilm-1,Cluster 2,0,29.31
Y1-TA-1_LGD-1,ghbpbpld-1,Cluster 16,0,63.85
Y1-TA-1_LGD-1,ggnffcgf-1,Cluster 5,0,30.84
Y1-TA-1_LGD-1,ggmipfcm-1,Cluster 6,0,31.74
Y1-TA-1_LGD-1,conljgon-1,Cluster 3,0,26.28
Y1-TA-1_LGD-1,ggpagmfg-1,Cluster 16,0,101.01
Y1-TA-1_LGD-1,ggmoblli-1,Cluster 3,0,17.25
Y1-TA-1_LGD-1,ggpamjkg-1,Cluster 8,0,47.19
Y1-TA-1_LGD-1,ggmpdhim-1,Cluster 3,0,21.22
Y1-TA-1_LGD-1,ggpaongf-1,Cluster 7,0,40.55
Y1-TA-1_LGD-1,ggnemljf-1,Cluster 3,0,22.67
Y1-TA-1_LGD-1,ggmpacfh-1,Cluster 18,0,54.50
Y1-TA-1_LGD-1,ggmnnjcj-1,Cluster 17,0,35.45
Y1-TA-1_LGD-1,ggmnhecc-1,Cluster 2,0,142.11
Y1-TA-1_LGD-1,ggmlpgpj-1,Cluster 14,0,109.68
Y1-TA-1_LGD-1,ggmmdahi-1,Cluster 14,0,90.22
Y1-TA-1_LGD-1,ggnejnan-1,Cluster 3,0,13.95
Y1-TA-1_LGD-1,ggmoicga-1,Cluster 3,0,47.87
Y1-TA-1_LGD-1,ggmogehl-1,Cluster 3,0,41.86
Y1-TA-1_LGD-1,ggmnompo-1,Cluster 8,0,43.98
Y1-TA-1_LGD-1,ggmonhbc-1,Cluster 2,0,55.77
Y1-TA-1_LGD-1,ggmiihko-1,Cluster 14,0,32.65
Y1-TA-1_LGD-1,ggmodjji-1,Cluster 6,0,65.12
Y1-TA-1_LGD-1,ggmomnbe-1,Cluster 6,0,155.25
Y1-TA-1_LGD-1,ggpbccpi-1,Cluster 6,0,109.37
Y1-TA-1_LGD-1,ggmmmpbg-1,Cluster 21,0,87.02
Y1-TA-1_LGD-1,ggmohina-1,Cluster 6,0,47.41
Y1-TA-1_LGD-1,ggneogmc-1,Cluster 14,0,141.56
Y1-TA-1_LGD-1,ggnekfio-1,Cluster 3,0,46.78
Y1-TA-1_LGD-1,ggmoghkd-1,Cluster 3,0,75.50
Y1-TA-1_LGD-1,ggmoieba-1,Cluster 17,0,23.26
Y1-TA-1_LGD-1,ggmokobi-1,Cluster 6,0,40.01
Y1-TA-1_LGD-1,ggmolpge-1,Cluster 6,0,116.86
Y1-TA-1_LGD-1,ggmnkgia-1,Cluster 17,0,17.07
Y1-TA-1_LGD-1,ggmjcged-1,Cluster 10,0,120.39
Y1-TA-1_LGD-1,ggmommhp-1,Cluster 6,0,48.99
Y1-TA-1_LGD-1,ggmlmlhh-1,Cluster 18,0,67.37
Y1-TA-1_LGD-1,ggmndpoa-1,Cluster 3,0,19.28
Y1-TA-1_LGD-1,ggodmooo-1,Cluster 7,0,102.37
Y1-TA-1_LGD-1,ggoeopmj-1,Cluster 1,0,41.72
Y1-TA-1_LGD-1,ggoeohki-1,Cluster 5,0,49.22
Y1-TA-1_LGD-1,ggoeooio-1,Cluster 16,0,34.18
Y1-TA-1_LGD-1,ggodnfdp-1,Cluster 7,0,29.13
Y1-TA-1_LGD-1,ggoemdcl-1,Cluster 16,0,40.05
Y1-TA-1_LGD-1,ggodnhgl-1,Cluster 7,0,50.85
Y1-TA-1_LGD-1,ggoenadj-1,Cluster 7,0,49.90
Y1-TA-1_LGD-1,ggpfggdl-1,Cluster 5,0,15.85
Y1-TA-1_LGD-1,ggoeedpa-1,Cluster 7,0,52.11
Y1-TA-1_LGD-1,ggpfkbpi-1,Cluster 8,0,29.98
Y1-TA-1_LGD-1,ggpednke-1,Cluster 17,0,54.91
Y1-TA-1_LGD-1,ggpefhep-1,Cluster 16,0,48.32
Y1-TA-1_LGD-1,ggpfloki-1,Cluster 3,0,77.85
Y1-TA-1_LGD-1,ggpdahfg-1,Cluster 7,0,58.34
Y1-TA-1_LGD-1,ggpfljlp-1,Cluster 3,0,33.19
Y1-TA-1_LGD-1,amjelngc-1,Cluster 6,0,56.85
Y1-TA-1_LGD-1,ggpeebcj-1,Cluster 6,0,47.50
Y1-TA-1_LGD-1,amjdaobe-1,Cluster 3,0,40.87
Y1-TA-1_LGD-1,ggpfldgg-1,Cluster 17,0,84.94
Y1-TA-1_LGD-1,amjekmnc-1,Cluster 3,0,48.99
Y1-TA-1_LGD-1,amjdaepf-1,Cluster 3,0,21.99
Y1-TA-1_LGD-1,ggpfiibo-1,Cluster 1,0,32.29
Y1-TA-1_LGD-1,ggpeeojf-1,Cluster 8,0,33.87
Y1-TA-1_LGD-1,amjhgnkl-1,Cluster 7,0,49.81
Y1-TA-1_LGD-1,amjfccni-1,Cluster 6,0,47.23
Y1-TA-1_LGD-1,ggpdcfoj-1,Cluster 8,0,60.01
Y1-TA-1_LGD-1,ggpdcgie-1,Cluster 5,0,40.82
Y1-TA-1_LGD-1,ggpgjehm-1,Cluster 6,0,49.31
Y1-TA-1_LGD-1,ggopccal-1,Cluster 13,0,9.80
Y1-TA-1_LGD-1,amjgaiel-1,Cluster 7,0,41.05
Y1-TA-1_LGD-1,ggpedcem-1,Cluster 7,0,33.01
Y1-TA-1_LGD-1,amjgenjm-1,Cluster 7,0,77.98
Y1-TA-1_LGD-1,amjgiopp-1,Cluster 7,0,41.32
Y1-TA-1_LGD-1,ggpaemkm-1,Cluster 7,0,34.68
Y1-TA-1_LGD-1,amjbojmb-1,Cluster 1,0,42.63
Y1-TA-1_LGD-1,ggmnmccd-1,Cluster 18,0,83.81
Y1-TA-1_LGD-1,ggpaeeph-1,Cluster 7,0,27.77
Y1-TA-1_LGD-1,ggpdebhn-1,Cluster 5,0,21.09
Y1-TA-1_LGD-1,amjgmkeg-1,Cluster 1,0,47.32
Y1-TA-1_LGD-1,amjbhmcp-1,Cluster 1,0,44.34
Y1-TA-1_LGD-1,ggpdhijh-1,Cluster 7,0,39.11
Y1-TA-1_LGD-1,amjbkfel-1,Cluster 7,0,65.34
Y1-TA-1_LGD-1,ggpbpiej-1,Cluster 1,0,54.28
Y1-TA-1_LGD-1,amjgdffa-1,Cluster 7,0,54.86
Y1-TA-1_LGD-1,ggmoaobl-1,Cluster 14,0,155.43
Y1-TA-1_LGD-1,ggoplpkl-1,Cluster 7,0,69.41
Y1-TA-1_LGD-1,ggpbplpi-1,Cluster 7,0,64.30
Y1-TA-1_LGD-1,ggophmih-1,Cluster 16,0,43.08
Y1-TA-1_LGD-1,ggophgfm-1,Cluster 1,0,22.08
Y1-TA-1_LGD-1,ggpacfnk-1,Cluster 16,0,37.12
Y1-TA-1_LGD-1,ggmocegj-1,Cluster 17,0,86.16
Y1-TA-1_LGD-1,ggmnonih-1,Cluster 6,0,99.98
Y1-TA-1_LGD-1,ggopnodf-1,Cluster 16,0,61.23
Y1-TA-1_LGD-1,amjdblhe-1,Cluster 7,0,49.54
Y1-TA-1_LGD-1,amjbbkca-1,Cluster 8,0,60.19
Y1-TA-1_LGD-1,amjgmijc-1,Cluster 1,0,55.99
Y1-TA-1_LGD-1,amjcpgje-1,Cluster 16,0,65.25
Y1-TA-1_LGD-1,ggopnofj-1,Cluster 16,0,22.62
Y1-TA-1_LGD-1,ggpcaaeg-1,Cluster 5,0,74.82
Y1-TA-1_LGD-1,ggmochij-1,Cluster 14,0,56.36
Y1-TA-1_LGD-1,ggpcldmo-1,Cluster 13,0,85.93
Y1-TA-1_LGD-1,ggpacokh-1,Cluster 7,0,34.59
Y1-TA-1_LGD-1,ggmpejah-1,Cluster 3,0,42.49
Y1-TA-1_LGD-1,amjdbdnb-1,Cluster 8,0,60.83
Y1-TA-1_LGD-1,ggpcajpl-1,Cluster 7,0,54.41
Y1-TA-1_LGD-1,ggoegkbk-1,Cluster 1,0,52.83
Y1-TA-1_LGD-1,ggoejnhi-1,Cluster 7,0,46.19
Y1-TA-1_LGD-1,ggoelnjo-1,Cluster 1,0,19.82
Y1-TA-1_LGD-1,ggopdfpm-1,Cluster 8,0,29.04
Y1-TA-1_LGD-1,ggpdlboo-1,Cluster 7,0,18.69
Y1-TA-1_LGD-1,amjhfhhk-1,Cluster 7,0,63.76
Y1-TA-1_LGD-1,amjhknap-1,Cluster 7,0,41.41
Y1-TA-1_LGD-1,amjhhobc-1,Cluster 7,0,52.70
Y1-TA-1_LGD-1,ggophaea-1,Cluster 7,0,35.81
Y1-TA-1_LGD-1,ggopdnif-1,Cluster 12,0,13.91
Y1-TA-1_LGD-1,ggoedbgf-1,Cluster 8,0,68.14
Y1-TA-1_LGD-1,ggoekjic-1,Cluster 1,0,29.26
Y1-TA-1_LGD-1,ggpddmbg-1,Cluster 7,0,42.72
Y1-TA-1_LGD-1,amjbbglc-1,Cluster 7,0,48.41
Y1-TA-1_LGD-1,ggpdmnjl-1,Cluster 7,0,34.05
Y1-TA-1_LGD-1,amjgepic-1,Cluster 7,0,56.31
Y1-TA-1_LGD-1,amjggnlj-1,Cluster 7,0,67.33
Y1-TA-1_LGD-1,ggopdblf-1,Cluster 13,0,28.58
Y1-TA-1_LGD-1,ggoopbmm-1,Cluster 8,0,12.46
Y1-TA-1_LGD-1,ggnfkagh-1,Cluster 18,0,24.66
Y1-TA-1_LGD-1,ggneijld-1,Cluster 10,0,50.85
Y1-TA-1_LGD-1,ggneglfp-1,Cluster 18,0,111.76
Y1-TA-1_LGD-1,ggneckok-1,Cluster 2,0,100.11
Y1-TA-1_LGD-1,ggndnbbh-1,Cluster 2,0,161.07
Y1-TA-1_LGD-1,ggneahpd-1,Cluster 5,0,48.95
Y1-TA-1_LGD-1,ggnednmg-1,Cluster 17,0,55.23
Y1-TA-1_LGD-1,ggnebmli-1,Cluster 2,0,84.85
Y1-TA-1_LGD-1,conmnhop-1,Cluster 18,0,35.27
Y1-TA-1_LGD-1,ggndlkei-1,Cluster 8,0,48.45
Y1-TA-1_LGD-1,ggndolgk-1,Cluster 2,0,65.61
Y1-TA-1_LGD-1,ggndiihe-1,Cluster 16,0,51.97
Y1-TA-1_LGD-1,ggnfbcna-1,Cluster 2,0,150.28
Y1-TA-1_LGD-1,ggnfdmhp-1,Cluster 2,0,70.58
Y1-TA-1_LGD-1,conoabfk-1,Cluster 1,0,36.76
Y1-TA-1_LGD-1,ggncnlbb-1,Cluster 18,0,27.59
Y1-TA-2_LGD-1,fpjomham-1,Cluster 8,0,20.73
Y1-TA-2_LGD-1,gaelihgp-1,Cluster 17,0,18.56
Y1-TA-2_LGD-1,agecgfad-1,Cluster 6,0,39.96
Y1-TA-2_LGD-1,agbjamca-1,Cluster 17,0,52.47
Y1-TA-2_LGD-1,gacfcbpg-1,Cluster 3,0,7.68
Y1-TA-2_LGD-1,gacfcpdd-1,Cluster 3,0,16.03
Y1-TA-2_LGD-1,gaempjcf-1,Cluster 17,0,18.02
Y1-TA-2_LGD-1,gaelhghj-1,Cluster 3,0,13.77
Y1-TA-2_LGD-1,agbikape-1,Cluster 18,0,28.40
Y1-TA-2_LGD-1,gacfjdhn-1,Cluster 3,0,19.01
Y1-TA-2_LGD-1,agbikncg-1,Cluster 18,0,37.34
Y1-TA-2_LGD-1,gacfebmp-1,Cluster 17,0,23.71
Y1-TA-2_LGD-1,agecmfik-1,Cluster 17,0,49.36
Y1-TA-2_LGD-1,gaempnlc-1,Cluster 6,0,19.64
Y1-TA-2_LGD-1,gacfehpo-1,Cluster 17,0,32.47
Y1-TA-2_LGD-1,gaempcbc-1,Cluster 17,0,16.26
Y1-TA-2_LGD-1,gacffhfk-1,Cluster 3,0,13.14
Y1-TA-2_LGD-1,ageckefi-1,Cluster 18,0,22.80
Y1-TA-2_LGD-1,agedhhke-1,Cluster 18,0,42.04
Y1-TA-2_LGD-1,agecfkgc-1,Cluster 6,0,39.42
Y1-TA-2_LGD-1,gacfndgl-1,Cluster 17,0,22.80
Y1-TA-2_LGD-1,gacflgaj-1,Cluster 6,0,27.50
Y1-TA-2_LGD-1,gacfjknf-1,Cluster 3,0,41.23
Y1-TA-2_LGD-1,gacfhobc-1,Cluster 17,0,17.02
Y1-TA-2_LGD-1,agedflnh-1,Cluster 18,0,35.81
Y1-TA-2_LGD-1,agedfpid-1,Cluster 18,0,24.02
Y1-TA-2_LGD-1,gacfbfpd-1,Cluster 3,0,31.93
Y1-TA-2_LGD-1,agbidmpj-1,Cluster 6,0,37.16
Y1-TA-2_LGD-1,agecnncp-1,Cluster 14,0,33.01
Y1-TA-2_LGD-1,agedafbi-1,Cluster 3,0,25.38
Y1-TA-2_LGD-1,agdnjfmm-1,Cluster 2,0,51.75
Y1-TA-2_LGD-1,agedggfb-1,Cluster 3,0,25.29
Y1-TA-2_LGD-1,gackijgi-1,Cluster 17,0,64.80
Y1-TA-2_LGD-1,gaenfmip-1,Cluster 6,0,39.51
Y1-TA-2_LGD-1,gaepgncl-1,Cluster 14,0,56.67
Y1-TA-2_LGD-1,gackiogo-1,Cluster 6,0,25.87
Y1-TA-2_LGD-1,agdnkiem-1,Cluster 19,0,24.97
Y1-TA-2_LGD-1,gaeoddmi-1,Cluster 14,0,69.63
Y1-TA-2_LGD-1,gacjlojm-1,Cluster 3,0,11.33
Y1-TA-2_LGD-1,gacjihpc-1,Cluster 2,0,49.40
Y1-TA-2_LGD-1,gacjeelf-1,Cluster 17,0,53.92
Y1-TA-2_LGD-1,gacjdkan-1,Cluster 3,0,12.78
Y1-TA-2_LGD-1,gaeocfdn-1,Cluster 6,0,76.13
Y1-TA-2_LGD-1,gaeocgal-1,Cluster 14,0,81.10
Y1-TA-2_LGD-1,gacjdffe-1,Cluster 3,0,31.25
Y1-TA-2_LGD-1,gacjjcfk-1,Cluster 6,0,109.96
Y1-TA-2_LGD-1,gaeogkjp-1,Cluster 2,0,34.27
Y1-TA-2_LGD-1,gaeognam-1,Cluster 6,0,19.46
Y1-TA-2_LGD-1,gaeohfch-1,Cluster 2,0,65.30
Y1-TA-2_LGD-1,gaeolcee-1,Cluster 3,0,13.82
Y1-TA-2_LGD-1,agecncbo-1,Cluster 2,0,45.56
Y1-TA-2_LGD-1,gachppkh-1,Cluster 3,0,62.50
Y1-TA-2_LGD-1,gaeoonbg-1,Cluster 6,0,16.48
Y1-TA-2_LGD-1,agecpjea-1,Cluster 17,0,22.22
Y1-TA-2_LGD-1,gaepghfj-1,Cluster 3,0,7.95
Y1-TA-2_LGD-1,gachehmp-1,Cluster 6,0,47.19
Y1-TA-2_LGD-1,ageddkfh-1,Cluster 6,0,42.72
Y1-TA-2_LGD-1,agedbohd-1,Cluster 19,0,33.82
Y1-TA-2_LGD-1,gachfhhf-1,Cluster 14,0,45.56
Y1-TA-2_LGD-1,fpioppaa-1,Cluster 2,0,41.68
Y1-TA-2_LGD-1,fpjapind-1,Cluster 6,0,15.76
Y1-TA-2_LGD-1,fpjamhaj-1,Cluster 6,0,28.95
Y1-TA-2_LGD-1,agbjdlnn-1,Cluster 3,0,29.22
Y1-TA-2_LGD-1,gaeldgid-1,Cluster 3,0,25.78
Y1-TA-2_LGD-1,fpjafoda-1,Cluster 3,0,15.76
Y1-TA-2_LGD-1,agbipika-1,Cluster 17,0,26.42
Y1-TA-2_LGD-1,fpjafpmj-1,Cluster 3,0,37.75
Y1-TA-2_LGD-1,fpjahipp-1,Cluster 17,0,41.18
Y1-TA-2_LGD-1,fpjaipoa-1,Cluster 3,0,22.31
Y1-TA-2_LGD-1,gaelkncf-1,Cluster 3,0,20.46
Y1-TA-2_LGD-1,gaelfaaa-1,Cluster 3,0,15.08
Y1-TA-2_LGD-1,fpjankkm-1,Cluster 3,0,26.01
Y1-TA-2_LGD-1,fpindemf-1,Cluster 3,0,24.07
Y1-TA-2_LGD-1,fpjalafl-1,Cluster 3,0,16.75
Y1-TA-2_LGD-1,fpjalfae-1,Cluster 17,0,20.59
Y1-TA-2_LGD-1,gaeljgfi-1,Cluster 3,0,7.63
Y1-TA-2_LGD-1,fpipbnjm-1,Cluster 3,0,20.73
Y1-TA-2_LGD-1,agbjcmpj-1,Cluster 3,0,30.80
Y1-TA-2_LGD-1,gaemlhoi-1,Cluster 3,0,36.85
Y1-TA-2_LGD-1,gaelefkk-1,Cluster 3,0,29.26
Y1-TA-2_LGD-1,ageeckph-1,Cluster 3,0,32.92
Y1-TA-2_LGD-1,ageeojec-1,Cluster 3,0,24.84
Y1-TA-2_LGD-1,ageegjfl-1,Cluster 17,0,28.76
Y1-TA-2_LGD-1,gaemgllo-1,Cluster 3,0,33.46
Y1-TA-2_LGD-1,gaelpnae-1,Cluster 6,0,25.11
Y1-TA-2_LGD-1,gaeljogp-1,Cluster 3,0,28.58
Y1-TA-2_LGD-1,gaelpben-1,Cluster 3,0,7.99
Y1-TA-2_LGD-1,gaeminfi-1,Cluster 6,0,25.42
Y1-TA-2_LGD-1,gaelnkec-1,Cluster 3,0,48.99
Y1-TA-2_LGD-1,ageefijp-1,Cluster 18,0,45.65
Y1-TA-2_LGD-1,gaekladh-1,Cluster 3,0,23.30
Y1-TA-2_LGD-1,gaelfgam-1,Cluster 3,0,35.94
Y1-TA-2_LGD-1,gaelaeaa-1,Cluster 3,0,26.37
Y1-TA-2_LGD-1,gaeljdkj-1,Cluster 3,0,13.68
Y1-TA-2_LGD-1,gaekonlp-1,Cluster 17,0,10.12
Y1-TA-2_LGD-1,gaeloham-1,Cluster 3,0,26.91
Y1-TA-2_LGD-1,fpimpmed-1,Cluster 3,0,43.76
Y1-TA-2_LGD-1,fpimoeob-1,Cluster 5,0,56.26
Y1-TA-2_LGD-1,fpipfkmk-1,Cluster 3,0,26.37
Y1-TA-2_LGD-1,fpiofghk-1,Cluster 6,0,42.13
Y1-TA-2_LGD-1,fpimgpla-1,Cluster 17,0,40.37
Y1-TA-2_LGD-1,fpimhgam-1,Cluster 3,0,21.40
Y1-TA-2_LGD-1,fpiogceg-1,Cluster 6,0,49.04
Y1-TA-2_LGD-1,fpjabkcd-1,Cluster 6,0,25.20
Y1-TA-2_LGD-1,fpiohhlp-1,Cluster 3,0,42.54
Y1-TA-2_LGD-1,fpjacimf-1,Cluster 3,0,40.41
Y1-TA-2_LGD-1,fpippgkm-1,Cluster 17,0,28.63
Y1-TA-2_LGD-1,gaekkbph-1,Cluster 3,0,17.11
Y1-TA-2_LGD-1,agbjgmcn-1,Cluster 2,0,38.65
Y1-TA-2_LGD-1,gaekiapi-1,Cluster 3,0,18.02
Y1-TA-2_LGD-1,fpipeged-1,Cluster 17,0,61.68
Y1-TA-2_LGD-1,gaekdlog-1,Cluster 17,0,19.33
Y1-TA-2_LGD-1,fpioollh-1,Cluster 17,0,52.43
Y1-TA-2_LGD-1,fpionjah-1,Cluster 19,0,32.69
Y1-TA-2_LGD-1,agdpbiba-1,Cluster 18,0,40.05
Y1-TA-2_LGD-1,fpiooolp-1,Cluster 3,0,64.53
Y1-TA-2_LGD-1,gaekjefk-1,Cluster 3,0,26.78
Y1-TA-2_LGD-1,gaejnibh-1,Cluster 6,0,18.15
Y1-TA-2_LGD-1,gaekgiik-1,Cluster 17,0,44.84
Y1-TA-2_LGD-1,agdonpke-1,Cluster 2,0,40.05
Y1-TA-2_LGD-1,fpiofoim-1,Cluster 6,0,65.93
Y1-TA-2_LGD-1,fpipfcde-1,Cluster 6,0,18.97
Y1-TA-2_LGD-1,gaekdgio-1,Cluster 6,0,35.90
Y1-TA-2_LGD-1,fpipedhn-1,Cluster 3,0,33.33
Y1-TA-2_LGD-1,gaejpjni-1,Cluster 2,0,46.15
Y1-TA-2_LGD-1,gaejoped-1,Cluster 21,0,40.14
Y1-TA-2_LGD-1,agdondih-1,Cluster 3,0,37.84
Y1-TA-2_LGD-1,agbgnbdg-1,Cluster 6,0,20.68
Y1-TA-2_LGD-1,agbglaca-1,Cluster 2,0,24.11
Y1-TA-2_LGD-1,fpjkicif-1,Cluster 3,0,19.60
Y1-TA-2_LGD-1,agbgmoeo-1,Cluster 18,0,41.91
Y1-TA-2_LGD-1,fpjkgonc-1,Cluster 6,0,13.46
Y1-TA-2_LGD-1,fpjkbjhl-1,Cluster 3,0,23.26
Y1-TA-2_LGD-1,agbgmbio-1,Cluster 3,0,15.44
Y1-TA-2_LGD-1,fpjkhlli-1,Cluster 16,0,29.13
Y1-TA-2_LGD-1,agbjknfm-1,Cluster 17,0,19.42
Y1-TA-2_LGD-1,fpjdcfog-1,Cluster 12,0,26.42
Y1-TA-2_LGD-1,agbjngnd-1,Cluster 2,0,25.87
Y1-TA-2_LGD-1,agbkebnp-1,Cluster 2,0,56.31
Y1-TA-2_LGD-1,fpjdkjcd-1,Cluster 2,0,53.37
Y1-TA-2_LGD-1,agbjlpog-1,Cluster 2,0,87.60
Y1-TA-2_LGD-1,agbkcokk-1,Cluster 6,0,37.21
Y1-TA-2_LGD-1,fpjkhkop-1,Cluster 6,0,19.28
Y1-TA-2_LGD-1,fpjdgeip-1,Cluster 12,0,24.84
Y1-TA-2_LGD-1,fpjdjidc-1,Cluster 6,0,44.16
Y1-TA-2_LGD-1,fpimloac-1,Cluster 1,0,53.42
Y1-TA-2_LGD-1,gaehpiaa-1,Cluster 2,0,82.68
Y1-TA-2_LGD-1,gaehngbe-1,Cluster 6,0,56.22
Y1-TA-2_LGD-1,gaeihicj-1,Cluster 12,0,13.86
Y1-TA-2_LGD-1,agdnnici-1,Cluster 3,0,40.51
Y1-TA-2_LGD-1,gaeiecfp-1,Cluster 5,0,35.31
Y1-TA-2_LGD-1,gaehpcng-1,Cluster 17,0,15.44
Y1-TA-2_LGD-1,gaegnddj-1,Cluster 19,0,80.42
Y1-TA-2_LGD-1,gaegjocb-1,Cluster 3,0,16.44
Y1-TA-2_LGD-1,agdniggp-1,Cluster 17,0,37.62
Y1-TA-2_LGD-1,gaeibmpf-1,Cluster 6,0,24.70
Y1-TA-2_LGD-1,gaehbblg-1,Cluster 6,0,44.61
Y1-TA-2_LGD-1,agdoamep-1,Cluster 19,0,35.49
Y1-TA-2_LGD-1,gadfdghm-1,Cluster 17,0,32.20
Y1-TA-2_LGD-1,gadfbpna-1,Cluster 2,0,48.50
Y1-TA-2_LGD-1,gaehafcn-1,Cluster 6,0,56.54
Y1-TA-2_LGD-1,gadfeekd-1,Cluster 1,0,65.07
Y1-TA-2_LGD-1,gaehaieg-1,Cluster 17,0,41.95
Y1-TA-2_LGD-1,gaejnepb-1,Cluster 17,0,12.42
Y1-TA-2_LGD-1,agbkamde-1,Cluster 2,0,72.84
Y1-TA-2_LGD-1,agdgfkhb-1,Cluster 6,0,54.91
Y1-TA-2_LGD-1,agbjpkoc-1,Cluster 2,0,55.32
Y1-TA-2_LGD-1,agdgaglc-1,Cluster 2,0,36.71
Y1-TA-2_LGD-1,agbjpjkl-1,Cluster 3,0,16.57
Y1-TA-2_LGD-1,fpjccccn-1,Cluster 8,0,59.34
Y1-TA-2_LGD-1,fpjbndil-1,Cluster 12,0,37.16
Y1-TA-2_LGD-1,fpimnbfo-1,Cluster 3,0,11.24
Y1-TA-2_LGD-1,fpjccagh-1,Cluster 6,0,30.93
Y1-TA-2_LGD-1,agdnhbcl-1,Cluster 6,0,36.31
Y1-TA-2_LGD-1,fpjcpmjd-1,Cluster 3,0,48.77
Y1-TA-2_LGD-1,fpjbnein-1,Cluster 3,0,16.57
Y1-TA-2_LGD-1,gaefjlhi-1,Cluster 6,0,30.30
Y1-TA-2_LGD-1,agdngljo-1,Cluster 6,0,52.65
Y1-TA-2_LGD-1,fpjcbpfl-1,Cluster 2,0,50.76
Y1-TA-2_LGD-1,fpionehe-1,Cluster 3,0,34.91
Y1-TA-2_LGD-1,fpjccbjf-1,Cluster 17,0,29.13
Y1-TA-2_LGD-1,agdgpnmd-1,Cluster 6,0,121.97
Y1-TA-2_LGD-1,fpjbpmnd-1,Cluster 6,0,44.66
Y1-TA-2_LGD-1,gaegcink-1,Cluster 17,0,23.66
Y1-TA-2_LGD-1,gaefjimk-1,Cluster 6,0,42.85
Y1-TA-2_LGD-1,agdggjom-1,Cluster 2,0,47.82
Y1-TA-2_LGD-1,agdnhbco-1,Cluster 2,0,53.74
Y1-TA-2_LGD-1,gaegdfpn-1,Cluster 18,0,132.99
Y1-TA-2_LGD-1,gaejkcgo-1,Cluster 6,0,122.06
Y1-TA-2_LGD-1,gaepofdd-1,Cluster 2,0,78.17
Y1-TA-2_LGD-1,agdokelf-1,Cluster 6,0,67.96
Y1-TA-2_LGD-1,gaeggdbj-1,Cluster 6,0,89.41
Y1-TA-2_LGD-1,agdogoec-1,Cluster 6,0,150.78
Y1-TA-2_LGD-1,agdggakg-1,Cluster 2,0,67.73
Y1-TA-2_LGD-1,agdggcgi-1,Cluster 17,0,50.76
Y1-TA-2_LGD-1,agdggijh-1,Cluster 2,0,79.84
Y1-TA-2_LGD-1,agdommep-1,Cluster 2,0,87.78
Y1-TA-2_LGD-1,gaegdjii-1,Cluster 17,0,50.30
Y1-TA-2_LGD-1,gaeggjno-1,Cluster 6,0,40.78
Y1-TA-2_LGD-1,gaejjloi-1,Cluster 6,0,57.12
Y1-TA-2_LGD-1,agdodjnc-1,Cluster 2,0,98.49
Y1-TA-2_LGD-1,fpiikhog-1,Cluster 6,0,5.73
Y1-TA-2_LGD-1,fpiikoip-1,Cluster 3,0,32.11
Y1-TA-2_LGD-1,fpijbljo-1,Cluster 4,0,15.26
Y1-TA-2_LGD-1,fpihmpmd-1,Cluster 6,0,38.34
Y1-TA-2_LGD-1,fpiikijc-1,Cluster 3,0,21.49
Y1-TA-2_LGD-1,fpiiimgn-1,Cluster 3,0,15.67
Y1-TA-2_LGD-1,agbgjikc-1,Cluster 18,0,26.78
Y1-TA-2_LGD-1,fpiiphoo-1,Cluster 2,0,28.58
Y1-TA-2_LGD-1,agaobhmi-1,Cluster 19,0,20.09
Y1-TA-2_LGD-1,agannckg-1,Cluster 18,0,34.68
Y1-TA-2_LGD-1,agbhffia-1,Cluster 6,0,20.14
Y1-TA-2_LGD-1,agbgjfkk-1,Cluster 21,0,33.73
Y1-TA-2_LGD-1,agaobfkf-1,Cluster 2,0,15.40
Y1-TA-2_LGD-1,agbgkoem-1,Cluster 6,0,23.07
Y1-TA-2_LGD-1,agannkdn-1,Cluster 17,0,27.73
Y1-TA-2_LGD-1,agbgnfgf-1,Cluster 2,0,24.16
Y1-TA-2_LGD-1,agbhgelm-1,Cluster 6,0,27.50
Y1-TA-2_LGD-1,agbhcjfi-1,Cluster 2,0,22.76
Y1-TA-2_LGD-1,agbgfmik-1,Cluster 19,0,27.00
Y1-TA-2_LGD-1,agbhhfip-1,Cluster 17,0,19.10
Y1-TA-2_LGD-1,fpiifkni-1,Cluster 6,0,32.15
Y1-TA-2_LGD-1,agbggfal-1,Cluster 2,0,26.78
Y1-TA-2_LGD-1,fpiiklla-1,Cluster 3,0,28.40
Y1-TA-2_LGD-1,agbhcppg-1,Cluster 6,0,33.55
Y1-TA-2_LGD-1,agbgmjgl-1,Cluster 17,0,43.53
Y1-TA-2_LGD-1,agbjmihe-1,Cluster 17,0,31.16
Y1-TA-2_LGD-1,fpiidfak-1,Cluster 17,0,37.07
Y1-TA-2_LGD-1,fpjcdmjl-1,Cluster 6,0,37.16
Y1-TA-2_LGD-1,fpjdicbk-1,Cluster 17,0,24.11
Y1-TA-2_LGD-1,agbggdif-1,Cluster 6,0,25.96
Y1-TA-2_LGD-1,fpihnejp-1,Cluster 14,0,32.74
Y1-TA-2_LGD-1,fpihnghn-1,Cluster 6,0,36.89
Y1-TA-2_LGD-1,agbjoalj-1,Cluster 2,0,32.33
Y1-TA-2_LGD-1,agbkcfhf-1,Cluster 6,0,52.34
Y1-TA-2_LGD-1,agbjonfe-1,Cluster 6,0,29.85
Y1-TA-2_LGD-1,gadnlnhl-1,Cluster 4,0,38.79
Y1-TA-2_LGD-1,fpjbgmha-1,Cluster 1,0,58.70
Y1-TA-2_LGD-1,fpjbkhid-1,Cluster 6,0,86.07
Y1-TA-2_LGD-1,fpjbaooi-1,Cluster 8,0,15.13
Y1-TA-2_LGD-1,fpjbfmcj-1,Cluster 17,0,17.43
Y1-TA-2_LGD-1,gadoaild-1,Cluster 8,0,19.78
Y1-TA-2_LGD-1,agdgnjeg-1,Cluster 14,0,68.19
Y1-TA-2_LGD-1,fpjbndfi-1,Cluster 6,0,16.89
Y1-TA-2_LGD-1,fpjbmnmk-1,Cluster 8,0,75.32
Y1-TA-2_LGD-1,gaefoaha-1,Cluster 13,0,21.49
Y1-TA-2_LGD-1,fpjbcngh-1,Cluster 5,0,72.30
Y1-TA-2_LGD-1,gaefnnlc-1,Cluster 16,0,64.66
Y1-TA-2_LGD-1,gaejmgim-1,Cluster 16,0,73.33
Y1-TA-2_LGD-1,gaejmhih-1,Cluster 16,0,71.03
Y1-TA-2_LGD-1,gaeinnkg-1,Cluster 5,0,39.20
Y1-TA-2_LGD-1,gaejlbag-1,Cluster 6,0,124.50
Y1-TA-2_LGD-1,agdgfplk-1,Cluster 2,0,59.20
Y1-TA-2_LGD-1,agdghhpb-1,Cluster 21,0,67.51
Y1-TA-2_LGD-1,agaoechk-1,Cluster 6,0,31.70
Y1-TA-2_LGD-1,fpijdbbm-1,Cluster 3,0,21.72
Y1-TA-2_LGD-1,fpjcjoeh-1,Cluster 12,0,59.20
Y1-TA-2_LGD-1,fpikamkl-1,Cluster 3,0,15.62
Y1-TA-2_LGD-1,agdgbhmn-1,Cluster 17,0,46.38
Y1-TA-2_LGD-1,fpjcpiio-1,Cluster 3,0,13.41
Y1-TA-2_LGD-1,fpijdcmi-1,Cluster 3,0,11.33
Y1-TA-2_LGD-1,fpjchepb-1,Cluster 16,0,88.91
Y1-TA-2_LGD-1,fpjofdmd-1,Cluster 1,0,20.32
Y1-TA-2_LGD-1,fpjbddkc-1,Cluster 7,0,44.25
Y1-TA-2_LGD-1,ocbhmkfi-1,Cluster 3,0,19.15
Y1-TA-2_LGD-1,gadnlknf-1,Cluster 3,0,20.73
Y1-TA-2_LGD-1,agdhghoh-1,Cluster 2,0,82.18
Y1-TA-2_LGD-1,fpjodlpj-1,Cluster 13,0,62.45
Y1-TA-2_LGD-1,agdhkjpg-1,Cluster 2,0,80.38
Y1-TA-2_LGD-1,fpjmgika-1,Cluster 18,0,104.58
Y1-TA-2_LGD-1,agdheafp-1,Cluster 3,0,63.81
Y1-TA-2_LGD-1,fpjbjkeo-1,Cluster 6,0,36.94
Y1-TA-2_LGD-1,fpjoddnl-1,Cluster 1,0,53.47
Y1-TA-2_LGD-1,fpijocbm-1,Cluster 17,0,50.58
Y1-TA-2_LGD-1,agdhlfpm-1,Cluster 17,0,54.55
Y1-TA-2_LGD-1,agaojdee-1,Cluster 3,0,31.07
Y1-TA-2_LGD-1,ocbdhbee-1,Cluster 3,0,10.43
Y1-TA-2_LGD-1,agdheeoh-1,Cluster 17,0,36.13
Y1-TA-2_LGD-1,agdhjlcp-1,Cluster 2,0,44.66
Y1-TA-2_LGD-1,agdfooje-1,Cluster 17,0,73.06
Y1-TA-2_LGD-1,fpjmhgkl-1,Cluster 3,0,30.53
Y1-TA-2_LGD-1,fpiinphl-1,Cluster 3,0,42.13
Y1-TA-2_LGD-1,fpjmiebg-1,Cluster 6,0,46.38
Y1-TA-2_LGD-1,fpiicfnb-1,Cluster 6,0,51.79
Y1-TA-2_LGD-1,agdhhick-1,Cluster 2,0,71.53
Y1-TA-2_LGD-1,fpjcgfcl-1,Cluster 17,0,35.81
Y1-TA-2_LGD-1,fpjbgpje-1,Cluster 8,0,63.63
Y1-TA-2_LGD-1,agdgmgfd-1,Cluster 17,0,68.23
Y1-TA-2_LGD-1,fpjoniml-1,Cluster 8,0,31.70
Y1-TA-2_LGD-1,fpjmappe-1,Cluster 6,0,40.23
Y1-TA-2_LGD-1,fpjnodil-1,Cluster 3,0,28.13
Y1-TA-2_LGD-1,fpjoamgd-1,Cluster 1,0,32.69
Y1-TA-2_LGD-1,fpjlejei-1,Cluster 3,0,21.22
Y1-TA-2_LGD-1,fpjkocle-1,Cluster 12,0,29.58
Y1-TA-2_LGD-1,agapmeij-1,Cluster 6,0,38.25
Y1-TA-2_LGD-1,fpjlhpad-1,Cluster 3,0,42.72
Y1-TA-2_LGD-1,agdhbcdk-1,Cluster 17,0,61.23
Y1-TA-2_LGD-1,fpjmkief-1,Cluster 17,0,101.60
Y1-TA-2_LGD-1,agdhkhdb-1,Cluster 2,0,52.97
Y1-TA-2_LGD-1,agdeeook-1,Cluster 17,0,45.16
Y1-TA-2_LGD-1,fpjlnjbb-1,Cluster 3,0,10.43
Y1-TA-2_LGD-1,agapdlda-1,Cluster 2,0,42.72
Y1-TA-2_LGD-1,agdhbaie-1,Cluster 2,0,68.10
Y1-TA-2_LGD-1,agdecbpp-1,Cluster 2,0,43.21
Y1-TA-2_LGD-1,fpjnkgji-1,Cluster 1,0,61.41
Y1-TA-2_LGD-1,agdecpeg-1,Cluster 2,0,66.11
Y1-TA-2_LGD-1,agdhbgen-1,Cluster 2,0,65.52
Y1-TA-2_LGD-1,agdfaeln-1,Cluster 2,0,56.58
Y1-TA-2_LGD-1,agaofemm-1,Cluster 2,0,37.89
Y1-TA-2_LGD-1,agapdgmb-1,Cluster 3,0,39.74
Y1-TA-2_LGD-1,fpjmbnnc-1,Cluster 2,0,42.58
Y1-TA-2_LGD-1,agdfdedg-1,Cluster 18,0,73.97
Y1-TA-2_LGD-1,agdhlloo-1,Cluster 17,0,41.32
Y1-TA-2_LGD-1,fpjnncch-1,Cluster 4,0,52.97
Y1-TA-2_LGD-1,fpjpjchc-1,Cluster 16,0,57.39
Y1-TA-2_LGD-1,fpjpmlpn-1,Cluster 1,0,57.30
Y1-TA-2_LGD-1,fpjoalii-1,Cluster 1,0,26.01
Y1-TA-2_LGD-1,fpjpmlid-1,Cluster 5,0,26.96
Y1-TA-2_LGD-1,fpjpihfl-1,Cluster 7,0,20.23
Y1-TA-2_LGD-1,fpjpmaao-1,Cluster 1,0,59.74
Y1-TA-2_LGD-1,fpjpkghl-1,Cluster 8,0,69.31
Y1-TA-2_LGD-1,fpkfcbaf-1,Cluster 8,0,29.62
Y1-TA-2_LGD-1,fpkfehbn-1,Cluster 7,0,51.70
Y1-TA-2_LGD-1,fpjlmpga-1,Cluster 8,0,52.43
Y1-TA-2_LGD-1,fpjljgcd-1,Cluster 12,0,19.73
Y1-TA-2_LGD-1,agddiolg-1,Cluster 6,0,31.34
Y1-TA-2_LGD-1,fpjlnbba-1,Cluster 17,0,37.84
Y1-TA-2_LGD-1,fpkcjbol-1,Cluster 8,0,57.89
Y1-TA-2_LGD-1,fpkchpdh-1,Cluster 4,0,35.45
Y1-TA-2_LGD-1,ocbdgnhf-1,Cluster 3,0,6.64
Y1-TA-2_LGD-1,fpihkmib-1,Cluster 3,0,26.33
Y1-TA-2_LGD-1,fpihchlb-1,Cluster 3,0,23.39
Y1-TA-2_LGD-1,fpihhpjn-1,Cluster 6,0,62.09
Y1-TA-2_LGD-1,fpihfajk-1,Cluster 6,0,21.68
Y1-TA-2_LGD-1,fpikdgbo-1,Cluster 6,0,34.36
Y1-TA-2_LGD-1,fpijphpn-1,Cluster 3,0,16.66
Y1-TA-2_LGD-1,fpikdkpl-1,Cluster 3,0,13.41
Y1-TA-2_LGD-1,fpikamnb-1,Cluster 3,0,26.78
Y1-TA-2_LGD-1,fpihcmoi-1,Cluster 3,0,18.02
Y1-TA-2_LGD-1,agaoehmn-1,Cluster 2,0,31.70
Y1-TA-2_LGD-1,fpikkcml-1,Cluster 17,0,17.88
Y1-TA-2_LGD-1,fpikddeh-1,Cluster 3,0,19.15
Y1-TA-2_LGD-1,agaoekfo-1,Cluster 17,0,32.29
Y1-TA-2_LGD-1,agaocmoo-1,Cluster 2,0,24.43
Y1-TA-2_LGD-1,fpjmcabl-1,Cluster 6,0,18.83
Y1-TA-2_LGD-1,fpjnfahp-1,Cluster 17,0,44.70
Y1-TA-2_LGD-1,agapngjm-1,Cluster 2,0,30.03
Y1-TA-2_LGD-1,agaopbii-1,Cluster 3,0,25.02
Y1-TA-2_LGD-1,agaomhdn-1,Cluster 6,0,24.02
Y1-TA-2_LGD-1,agaofcff-1,Cluster 17,0,43.08
Y1-TA-2_LGD-1,fpijhcle-1,Cluster 6,0,35.54
Y1-TA-2_LGD-1,fpijhgbm-1,Cluster 3,0,10.84
Y1-TA-2_LGD-1,fpjmpjck-1,Cluster 3,0,10.30
Y1-TA-2_LGD-1,fpijdemk-1,Cluster 12,0,43.12
Y1-TA-2_LGD-1,fpjmmjpm-1,Cluster 3,0,14.59
Y1-TA-2_LGD-1,agapgcnd-1,Cluster 2,0,42.81
Y1-TA-2_LGD-1,agapjdai-1,Cluster 17,0,44.70
Y1-TA-2_LGD-1,agaoplgd-1,Cluster 2,0,45.29
Y1-TA-2_LGD-1,fpjlbmkf-1,Cluster 12,0,19.73
Y1-TA-2_LGD-1,fpjmkfhe-1,Cluster 12,0,32.38
Y1-TA-2_LGD-1,fpjkogbb-1,Cluster 3,0,14.13
Y1-TA-2_LGD-1,fpjnfbim-1,Cluster 2,0,13.64
Y1-TA-2_LGD-1,fpjngefl-1,Cluster 16,0,48.45
Y1-TA-2_LGD-2,gafmppfo-1,Cluster 12,0,49.18
Y1-TA-2_LGD-2,gahgjdao-1,Cluster 6,0,34.95
Y1-TA-2_LGD-2,gahgkipd-1,Cluster 17,0,12.73
Y1-TA-2_LGD-2,gafmjjhd-1,Cluster 3,0,93.29
Y1-TA-2_LGD-2,gahhbhfg-1,Cluster 6,0,54.59
Y1-TA-2_LGD-2,agejdnpd-1,Cluster 18,0,48.00
Y1-TA-2_LGD-2,gahgocii-1,Cluster 6,0,26.33
Y1-TA-2_LGD-2,gahejdoi-1,Cluster 6,0,52.83
Y1-TA-2_LGD-2,gafnegha-1,Cluster 16,0,35.72
Y1-TA-2_LGD-2,gahegogc-1,Cluster 6,0,25.42
Y1-TA-2_LGD-2,gahfokjb-1,Cluster 6,0,50.39
Y1-TA-2_LGD-2,gagblbeg-1,Cluster 23,0,50.30
Y1-TA-2_LGD-2,gahekdgd-1,Cluster 13,0,105.89
Y1-TA-2_LGD-2,gahfinia-1,Cluster 6,0,32.06
Y1-TA-2_LGD-2,agejhcbh-1,Cluster 18,0,29.80
Y1-TA-2_LGD-2,agekhfmh-1,Cluster 17,0,21.68
Y1-TA-2_LGD-2,gahfngfm-1,Cluster 17,0,28.18
Y1-TA-2_LGD-2,agdcmild-1,Cluster 18,0,31.38
Y1-TA-2_LGD-2,gagbkhbm-1,Cluster 6,0,37.93
Y1-TA-2_LGD-2,gahecflm-1,Cluster 6,0,37.98
Y1-TA-2_LGD-2,agejapee-1,Cluster 2,0,27.14
Y1-TA-2_LGD-2,agekclmb-1,Cluster 19,0,26.69
Y1-TA-2_LGD-2,agejappl-1,Cluster 18,0,44.43
Y1-TA-2_LGD-2,agekkcoe-1,Cluster 19,0,31.47
Y1-TA-2_LGD-2,gahfipio-1,Cluster 6,0,35.13
Y1-TA-2_LGD-2,agekdjmo-1,Cluster 2,0,29.67
Y1-TA-2_LGD-2,agejbdcn-1,Cluster 18,0,35.99
Y1-TA-2_LGD-2,gahedhlb-1,Cluster 17,0,26.37
Y1-TA-2_LGD-2,agejdjhc-1,Cluster 17,0,39.65
Y1-TA-2_LGD-2,ageindfj-1,Cluster 2,0,30.07
Y1-TA-2_LGD-2,gahffdni-1,Cluster 5,0,50.76
Y1-TA-2_LGD-2,gagccfcf-1,Cluster 14,0,72.57
Y1-TA-2_LGD-2,agcpgfoc-1,Cluster 18,0,30.03
Y1-TA-2_LGD-2,agdaofkh-1,Cluster 6,0,28.67
Y1-TA-2_LGD-2,agdagphn-1,Cluster 18,0,57.21
Y1-TA-2_LGD-2,gagddnld-1,Cluster 6,0,18.69
Y1-TA-2_LGD-2,gagcokoo-1,Cluster 3,0,30.25
Y1-TA-2_LGD-2,gagbjloh-1,Cluster 3,0,13.73
Y1-TA-2_LGD-2,agcpfbdj-1,Cluster 6,0,31.70
Y1-TA-2_LGD-2,gagcnjif-1,Cluster 6,0,53.74
Y1-TA-2_LGD-2,gagbkonc-1,Cluster 6,0,27.59
Y1-TA-2_LGD-2,gagcdfmg-1,Cluster 17,0,31.74
Y1-TA-2_LGD-2,gagcgcce-1,Cluster 17,0,37.48
Y1-TA-2_LGD-2,gagcofoo-1,Cluster 6,0,34.95
Y1-TA-2_LGD-2,gagcpalh-1,Cluster 3,0,12.06
Y1-TA-2_LGD-2,gagblnnc-1,Cluster 3,0,30.30
Y1-TA-2_LGD-2,gagdenic-1,Cluster 3,0,12.37
Y1-TA-2_LGD-2,agdbcakp-1,Cluster 6,0,24.79
Y1-TA-2_LGD-2,gagcllah-1,Cluster 2,0,18.11
Y1-TA-2_LGD-2,gagcbjfp-1,Cluster 18,0,25.06
Y1-TA-2_LGD-2,gagbopej-1,Cluster 17,0,32.51
Y1-TA-2_LGD-2,agdcggme-1,Cluster 2,0,32.69
Y1-TA-2_LGD-2,agdclmgd-1,Cluster 2,0,22.98
Y1-TA-2_LGD-2,gagcdhob-1,Cluster 14,0,48.32
Y1-TA-2_LGD-2,agdddlfl-1,Cluster 2,0,34.36
Y1-TA-2_LGD-2,gafkmhij-1,Cluster 3,0,31.16
Y1-TA-2_LGD-2,agddhame-1,Cluster 17,0,30.98
Y1-TA-2_LGD-2,agdcjbpf-1,Cluster 18,0,37.39
Y1-TA-2_LGD-2,agddemao-1,Cluster 19,0,22.62
Y1-TA-2_LGD-2,agdcnpgh-1,Cluster 3,0,23.39
Y1-TA-2_LGD-2,agddhede-1,Cluster 2,0,31.79
Y1-TA-2_LGD-2,agdcphkg-1,Cluster 3,0,35.63
Y1-TA-2_LGD-2,gahdllml-1,Cluster 17,0,12.78
Y1-TA-2_LGD-2,gahdkhod-1,Cluster 19,0,17.16
Y1-TA-2_LGD-2,gahdhghm-1,Cluster 17,0,16.39
Y1-TA-2_LGD-2,gahdpdmc-1,Cluster 17,0,15.67
Y1-TA-2_LGD-2,gahdfjng-1,Cluster 3,0,46.92
Y1-TA-2_LGD-2,agelkjpe-1,Cluster 6,0,52.70
Y1-TA-2_LGD-2,gagdnnlh-1,Cluster 6,0,13.32
Y1-TA-2_LGD-2,gaheaoed-1,Cluster 6,0,33.69
Y1-TA-2_LGD-2,agelaegm-1,Cluster 19,0,47.01
Y1-TA-2_LGD-2,ageilecl-1,Cluster 18,0,25.78
Y1-TA-2_LGD-2,gageekil-1,Cluster 3,0,16.44
Y1-TA-2_LGD-2,gahdnnnh-1,Cluster 6,0,26.28
Y1-TA-2_LGD-2,gahdmdkd-1,Cluster 3,0,31.88
Y1-TA-2_LGD-2,agekkkip-1,Cluster 18,0,40.28
Y1-TA-2_LGD-2,agelkibl-1,Cluster 2,0,27.77
Y1-TA-2_LGD-2,agelcmbm-1,Cluster 18,0,29.31
Y1-TA-2_LGD-2,gagdnnji-1,Cluster 6,0,16.26
Y1-TA-2_LGD-2,gagdoija-1,Cluster 14,0,46.06
Y1-TA-2_LGD-2,ageihcef-1,Cluster 18,0,41.95
Y1-TA-2_LGD-2,gahhbdek-1,Cluster 3,0,10.88
Y1-TA-2_LGD-2,ageiiboh-1,Cluster 17,0,27.91
Y1-TA-2_LGD-2,gahfjafc-1,Cluster 3,0,34.45
Y1-TA-2_LGD-2,gahgimic-1,Cluster 6,0,48.14
Y1-TA-2_LGD-2,gahggfeo-1,Cluster 3,0,33.46
Y1-TA-2_LGD-2,agejfepa-1,Cluster 14,0,28.90
Y1-TA-2_LGD-2,ageigomp-1,Cluster 17,0,33.64
Y1-TA-2_LGD-2,agekaafo-1,Cluster 6,0,42.27
Y1-TA-2_LGD-2,ageigjok-1,Cluster 17,0,36.62
Y1-TA-2_LGD-2,gahggblp-1,Cluster 17,0,7.36
Y1-TA-2_LGD-2,agejhpia-1,Cluster 18,0,36.67
Y1-TA-2_LGD-2,gahfojmk-1,Cluster 14,0,44.98
Y1-TA-2_LGD-2,gagdocid-1,Cluster 6,0,38.07
Y1-TA-2_LGD-2,gagbemha-1,Cluster 6,0,70.49
Y1-TA-2_LGD-2,gagehhji-1,Cluster 3,0,6.86
Y1-TA-2_LGD-2,agcpdkbf-1,Cluster 14,0,40.10
Y1-TA-2_LGD-2,agemgcih-1,Cluster 19,0,31.93
Y1-TA-2_LGD-2,agemcmjj-1,Cluster 6,0,60.46
Y1-TA-2_LGD-2,gageabih-1,Cluster 6,0,98.12
Y1-TA-2_LGD-2,agemehnk-1,Cluster 17,0,31.34
Y1-TA-2_LGD-2,gagdfddp-1,Cluster 6,0,64.21
Y1-TA-2_LGD-2,agelofgi-1,Cluster 3,0,24.16
Y1-TA-2_LGD-2,agellhbn-1,Cluster 18,0,45.20
Y1-TA-2_LGD-2,fphnbjdj-1,Cluster 3,0,10.52
Y1-TA-2_LGD-2,agbdpkjf-1,Cluster 18,0,129.91
Y1-TA-2_LGD-2,ageloejp-1,Cluster 6,0,32.38
Y1-TA-2_LGD-2,agelogmo-1,Cluster 6,0,29.31
Y1-TA-2_LGD-2,gagdpbof-1,Cluster 17,0,23.80
Y1-TA-2_LGD-2,gagdhchk-1,Cluster 6,0,42.45
Y1-TA-2_LGD-2,agejgklf-1,Cluster 18,0,36.35
Y1-TA-2_LGD-2,fphncfcl-1,Cluster 6,0,84.76
Y1-TA-2_LGD-2,gagedogb-1,Cluster 3,0,15.99
Y1-TA-2_LGD-2,agelohca-1,Cluster 17,0,70.22
Y1-TA-2_LGD-2,agbnpmka-1,Cluster 18,0,45.97
Y1-TA-2_LGD-2,agddclji-1,Cluster 18,0,41.41
Y1-TA-2_LGD-2,gagcedba-1,Cluster 6,0,33.37
Y1-TA-2_LGD-2,agddaglp-1,Cluster 2,0,25.96
Y1-TA-2_LGD-2,gaflanlm-1,Cluster 3,0,11.61
Y1-TA-2_LGD-2,agdconob-1,Cluster 6,0,29.13
Y1-TA-2_LGD-2,agbljpho-1,Cluster 18,0,25.96
Y1-TA-2_LGD-2,agbmaahi-1,Cluster 17,0,45.02
Y1-TA-2_LGD-2,agbmhjgi-1,Cluster 6,0,48.81
Y1-TA-2_LGD-2,gafkdmnc-1,Cluster 6,0,13.95
Y1-TA-2_LGD-2,agdainnn-1,Cluster 18,0,43.35
Y1-TA-2_LGD-2,agdaedbb-1,Cluster 6,0,47.91
Y1-TA-2_LGD-2,gagcgkdg-1,Cluster 6,0,35.13
Y1-TA-2_LGD-2,gafpnjkb-1,Cluster 6,0,37.25
Y1-TA-2_LGD-2,gafkgici-1,Cluster 7,0,49.08
Y1-TA-2_LGD-2,gafpponc-1,Cluster 3,0,25.06
Y1-TA-2_LGD-2,gagcdhjp-1,Cluster 23,0,39.56
Y1-TA-2_LGD-2,agdabmlg-1,Cluster 18,0,28.54
Y1-TA-2_LGD-2,gafpnmeb-1,Cluster 17,0,27.59
Y1-TA-2_LGD-2,agcpnfgl-1,Cluster 14,0,45.43
Y1-TA-2_LGD-2,gagcikph-1,Cluster 6,0,47.96
Y1-TA-2_LGD-2,agdcoopi-1,Cluster 2,0,32.42
Y1-TA-2_LGD-2,gafegfoi-1,Cluster 13,0,18.29
Y1-TA-2_LGD-2,agbnmcbe-1,Cluster 2,0,21.99
Y1-TA-2_LGD-2,agblpjdf-1,Cluster 18,0,60.69
Y1-TA-2_LGD-2,agblkiec-1,Cluster 19,0,22.85
Y1-TA-2_LGD-2,agbmhhkn-1,Cluster 18,0,60.55
Y1-TA-2_LGD-2,agblmihg-1,Cluster 18,0,18.33
Y1-TA-2_LGD-2,agbmbkei-1,Cluster 18,0,50.76
Y1-TA-2_LGD-2,gafccekg-1,Cluster 23,0,21.36
Y1-TA-2_LGD-2,agblkkmf-1,Cluster 6,0,24.84
Y1-TA-2_LGD-2,agbdcfjb-1,Cluster 18,0,50.76
Y1-TA-2_LGD-2,fphnfmhe-1,Cluster 14,0,108.42
Y1-TA-2_LGD-2,agbdomkh-1,Cluster 18,0,38.56
Y1-TA-2_LGD-2,agbdjgfn-1,Cluster 18,0,31.56
Y1-TA-2_LGD-2,agbdjhdm-1,Cluster 18,0,89.59
Y1-TA-2_LGD-2,agbdhnhl-1,Cluster 19,0,24.11
Y1-TA-2_LGD-2,gagbedag-1,Cluster 16,0,85.80
Y1-TA-2_LGD-2,agbdnbnn-1,Cluster 18,0,23.53
Y1-TA-2_LGD-2,fphiplga-1,Cluster 3,0,33.05
Y1-TA-2_LGD-2,agbbgffd-1,Cluster 8,0,58.57
Y1-TA-2_LGD-2,agbcfijo-1,Cluster 18,0,57.17
Y1-TA-2_LGD-2,agbdnlgk-1,Cluster 14,0,29.04
Y1-TA-2_LGD-2,agbogcma-1,Cluster 14,0,54.37
Y1-TA-2_LGD-2,agdaefgo-1,Cluster 17,0,19.10
Y1-TA-2_LGD-2,agcplmbl-1,Cluster 2,0,31.84
Y1-TA-2_LGD-2,agbohedf-1,Cluster 14,0,23.44
Y1-TA-2_LGD-2,gagdbnnk-1,Cluster 14,0,65.84
Y1-TA-2_LGD-2,agbokppg-1,Cluster 6,0,16.35
Y1-TA-2_LGD-2,agbodjao-1,Cluster 19,0,21.40
Y1-TA-2_LGD-2,fphjbknl-1,Cluster 14,0,127.43
Y1-TA-2_LGD-2,fphjbclf-1,Cluster 6,0,36.58
Y1-TA-2_LGD-2,agdanpej-1,Cluster 19,0,21.27
Y1-TA-2_LGD-2,gafdniee-1,Cluster 23,0,81.24
Y1-TA-2_LGD-2,fphjciak-1,Cluster 17,0,39.24
Y1-TA-2_LGD-2,fphimiac-1,Cluster 6,0,64.48
Y1-TA-2_LGD-2,agbcdjdj-1,Cluster 14,0,49.08
Y1-TA-2_LGD-2,agbnkile-1,Cluster 6,0,35.04
Y1-TA-2_LGD-2,agbnfjcc-1,Cluster 18,0,63.53
Y1-TA-2_LGD-2,agbbomnf-1,Cluster 18,0,74.91
Y1-TA-2_LGD-2,fphiifbh-1,Cluster 3,0,100.74
Y1-TA-2_LGD-2,agbnhjke-1,Cluster 18,0,59.74
Y1-TA-2_LGD-2,agbbgodb-1,Cluster 14,0,46.38
Y1-TA-2_LGD-2,agbniflc-1,Cluster 19,0,22.71
Y1-TA-2_LGD-2,fphikljm-1,Cluster 1,0,42.18
Y1-TA-2_LGD-2,gafeibkl-1,Cluster 6,0,28.36
Y1-TA-2_LGD-2,agbcampb-1,Cluster 6,0,46.33
Y1-TA-2_LGD-2,agbnkdcf-1,Cluster 18,0,75.91
Y1-TA-2_LGD-2,agbciemc-1,Cluster 18,0,66.65
Y1-TA-2_LGD-3,fpngakne-1,Cluster 18,0,140.26
Y1-TA-2_LGD-3,fpkpapdc-1,Cluster 3,0,26.51
Y1-TA-2_LGD-3,fplcnmlf-1,Cluster 3,0,14.63
Y1-TA-2_LGD-3,fpkpeela-1,Cluster 3,0,14.68
Y1-TA-2_LGD-3,fpkokajh-1,Cluster 3,0,30.25
Y1-TA-2_LGD-3,agfmfkig-1,Cluster 3,0,21.36
Y1-TA-2_LGD-3,agfmghmo-1,Cluster 3,0,38.83
Y1-TA-2_LGD-3,fplckflh-1,Cluster 17,0,83.90
Y1-TA-2_LGD-3,agflphab-1,Cluster 3,0,16.71
Y1-TA-2_LGD-3,agfmeekc-1,Cluster 3,0,41.77
Y1-TA-2_LGD-3,fplddpjn-1,Cluster 6,0,120.70
Y1-TA-2_LGD-3,fpkpinjb-1,Cluster 3,0,49.90
Y1-TA-2_LGD-3,fpkopedi-1,Cluster 14,0,48.68
Y1-TA-2_LGD-3,agfkofal-1,Cluster 17,0,36.31
Y1-TA-2_LGD-3,fpkopdic-1,Cluster 18,0,38.34
Y1-TA-2_LGD-3,agfkpcia-1,Cluster 18,0,51.25
Y1-TA-2_LGD-3,fplchbfp-1,Cluster 5,0,100.83
Y1-TA-2_LGD-3,agfkolfh-1,Cluster 18,0,42.67
Y1-TA-2_LGD-3,fplakcen-1,Cluster 6,0,42.04
Y1-TA-2_LGD-3,fplalmnh-1,Cluster 3,0,32.06
Y1-TA-2_LGD-3,fpkoonlk-1,Cluster 2,0,45.83
Y1-TA-2_LGD-3,fplbkiba-1,Cluster 3,0,48.54
Y1-TA-2_LGD-3,fpnhmnnf-1,Cluster 3,0,38.07
Y1-TA-2_LGD-3,fpkollka-1,Cluster 3,0,14.31
Y1-TA-2_LGD-3,fpkolcbg-1,Cluster 3,0,43.40
Y1-TA-2_LGD-3,agfknden-1,Cluster 18,0,30.16
Y1-TA-2_LGD-3,fpnhnlob-1,Cluster 6,0,50.58
Y1-TA-2_LGD-3,fplambia-1,Cluster 3,0,21.36
Y1-TA-2_LGD-3,fplaogif-1,Cluster 3,0,46.74
Y1-TA-2_LGD-3,agfllndb-1,Cluster 17,0,60.15
Y1-TA-2_LGD-3,fplbdbon-1,Cluster 3,0,53.42
Y1-TA-2_LGD-3,agflocaa-1,Cluster 18,0,47.28
Y1-TA-2_LGD-3,fpkpfcla-1,Cluster 6,0,34.32
Y1-TA-2_LGD-3,fplbdohd-1,Cluster 17,0,46.06
Y1-TA-2_LGD-3,fpkofhlf-1,Cluster 3,0,24.11
Y1-TA-2_LGD-3,fplbjmch-1,Cluster 17,0,24.29
Y1-TA-2_LGD-3,fpkpgmcn-1,Cluster 6,0,26.73
Y1-TA-2_LGD-3,agflloec-1,Cluster 18,0,94.92
Y1-TA-2_LGD-3,fpnhnmkc-1,Cluster 14,0,39.56
Y1-TA-2_LGD-3,fplbgfbb-1,Cluster 3,0,31.16
Y1-TA-2_LGD-3,fplbohfj-1,Cluster 6,0,81.69
Y1-TA-2_LGD-3,fplbamio-1,Cluster 3,0,26.33
Y1-TA-2_LGD-3,agcikpoh-1,Cluster 3,0,36.44
Y1-TA-2_LGD-3,fpnhjoea-1,Cluster 6,0,132.80
Y1-TA-2_LGD-3,agcieppm-1,Cluster 2,0,46.60
Y1-TA-2_LGD-3,fpnfokac-1,Cluster 1,0,42.31
Y1-TA-2_LGD-3,fpnghilm-1,Cluster 3,0,70.81
Y1-TA-2_LGD-3,fpngmaif-1,Cluster 3,0,49.40
Y1-TA-2_LGD-3,fpngncki-1,Cluster 3,0,32.92
Y1-TA-2_LGD-3,fpngofjf-1,Cluster 21,0,97.22
Y1-TA-2_LGD-3,agcicakc-1,Cluster 18,0,70.67
Y1-TA-2_LGD-3,fpnhbdpn-1,Cluster 17,0,120.57
Y1-TA-2_LGD-3,agcidmdi-1,Cluster 3,0,19.33
Y1-TA-2_LGD-3,agcieipe-1,Cluster 3,0,60.15
Y1-TA-2_LGD-3,fpmnblhi-1,Cluster 3,0,66.06
Y1-TA-2_LGD-3,fpnfpidm-1,Cluster 3,0,84.35
Y1-TA-2_LGD-3,fpnfonkm-1,Cluster 18,0,160.71
Y1-TA-2_LGD-3,agcipbed-1,Cluster 3,0,73.24
Y1-TA-2_LGD-3,fpnhjjde-1,Cluster 12,0,35.31
Y1-TA-2_LGD-3,agcioiki-1,Cluster 2,0,69.50
Y1-TA-2_LGD-3,agcjbhog-1,Cluster 18,0,58.84
Y1-TA-2_LGD-3,agcilijg-1,Cluster 2,0,65.88
Y1-TA-2_LGD-3,agciglkp-1,Cluster 6,0,70.99
Y1-TA-2_LGD-3,fpmolkhm-1,Cluster 3,0,20.32
Y1-TA-2_LGD-3,fpmokjeb-1,Cluster 5,0,58.75
Y1-TA-2_LGD-3,fpnfogoa-1,Cluster 3,0,40.32
Y1-TA-2_LGD-3,agcjajgd-1,Cluster 3,0,48.50
Y1-TA-2_LGD-3,agcjaepd-1,Cluster 19,0,92.03
Y1-TA-2_LGD-3,fpnfmale-1,Cluster 17,0,53.87
Y1-TA-2_LGD-3,fpkfihdp-1,Cluster 6,0,66.29
Y1-TA-2_LGD-3,fplbpmcj-1,Cluster 6,0,40.01
Y1-TA-2_LGD-3,fpkopdbd-1,Cluster 17,0,42.36
Y1-TA-2_LGD-3,agfmdkcm-1,Cluster 3,0,31.29
Y1-TA-2_LGD-3,fpkoamip-1,Cluster 6,0,52.16
Y1-TA-2_LGD-3,fpldenmh-1,Cluster 16,0,29.04
Y1-TA-2_LGD-3,fpknohic-1,Cluster 12,0,59.06
Y1-TA-2_LGD-3,fpkfkfgi-1,Cluster 17,0,72.70
Y1-TA-2_LGD-3,fpknndmo-1,Cluster 3,0,30.12
Y1-TA-2_LGD-3,agfmhgbo-1,Cluster 17,0,17.11
Y1-TA-2_LGD-3,agflpkbd-1,Cluster 2,0,18.60
Y1-TA-2_LGD-3,agflhngo-1,Cluster 19,0,25.69
Y1-TA-2_LGD-3,gaflhlea-1,Cluster 12,0,17.70
Y1-TA-2_LGD-3,agcgldgn-1,Cluster 18,0,34.23
Y1-TA-2_LGD-3,agcgijin-1,Cluster 14,0,58.21
Y1-TA-2_LGD-3,fpnkgdhk-1,Cluster 12,0,17.57
Y1-TA-2_LGD-3,agchifln-1,Cluster 14,0,71.21
Y1-TA-2_LGD-3,fpnledpc-1,Cluster 6,0,52.07
Y1-TA-2_LGD-3,fpkhphjm-1,Cluster 3,0,85.89
Y1-TA-2_LGD-3,agchkdom-1,Cluster 3,0,72.25
Y1-TA-2_LGD-3,fpnijkic-1,Cluster 3,0,62.45
Y1-TA-2_LGD-3,fpkopbih-1,Cluster 3,0,20.55
Y1-TA-2_LGD-3,fpkhgiag-1,Cluster 3,0,49.13
Y1-TA-2_LGD-3,agchmipc-1,Cluster 18,0,145.27
Y1-TA-2_LGD-3,fpniaihp-1,Cluster 3,0,52.11
Y1-TA-2_LGD-3,fpkgpcnh-1,Cluster 17,0,38.47
Y1-TA-2_LGD-3,fpkhcabi-1,Cluster 3,0,14.63
Y1-TA-2_LGD-3,fpkhcdbn-1,Cluster 3,0,8.99
Y1-TA-2_LGD-3,fpkhfepg-1,Cluster 3,0,22.49
Y1-TA-2_LGD-3,fpkhpkgn-1,Cluster 3,0,41.05
Y1-TA-2_LGD-3,fpkhhiij-1,Cluster 6,0,38.38
Y1-TA-2_LGD-3,fpkhdkji-1,Cluster 17,0,81.69
Y1-TA-2_LGD-3,fpkhnepa-1,Cluster 14,0,89.77
Y1-TA-2_LGD-3,fpkonigb-1,Cluster 3,0,20.41
Y1-TA-2_LGD-3,agflhoak-1,Cluster 2,0,39.60
Y1-TA-2_LGD-3,fpkhgnfb-1,Cluster 6,0,84.04
Y1-TA-2_LGD-3,agfmbjij-1,Cluster 18,0,29.04
Y1-TA-2_LGD-3,fpniackj-1,Cluster 3,0,25.29
Y1-TA-2_LGD-3,fpkhpmof-1,Cluster 6,0,48.45
Y1-TA-2_LGD-3,agflhgjg-1,Cluster 2,0,28.40
Y1-TA-2_LGD-3,agfmabdh-1,Cluster 6,0,16.62
Y1-TA-2_LGD-3,fpnifiag-1,Cluster 3,0,70.53
Y1-TA-2_LGD-3,fpknnlbm-1,Cluster 3,0,25.51
Y1-TA-2_LGD-3,agfllmja-1,Cluster 18,0,26.37
Y1-TA-2_LGD-3,fpkgofbb-1,Cluster 3,0,38.02
Y1-TA-2_LGD-3,fpkhgipa-1,Cluster 3,0,24.25
Y1-TA-2_LGD-3,fpnibnja-1,Cluster 6,0,101.20
Y1-TA-2_LGD-3,fpnffmoe-1,Cluster 17,0,51.03
Y1-TA-2_LGD-3,fpnkplmb-1,Cluster 16,0,48.27
Y1-TA-2_LGD-3,agcgfjoh-1,Cluster 18,0,53.24
Y1-TA-2_LGD-3,agchdgeb-1,Cluster 18,0,55.36
Y1-TA-2_LGD-3,fpnfoagj-1,Cluster 17,0,103.50
Y1-TA-2_LGD-3,agchabem-1,Cluster 17,0,16.26
Y1-TA-2_LGD-3,fpnflhlf-1,Cluster 3,0,49.81
Y1-TA-2_LGD-3,fpnkcdgn-1,Cluster 6,0,47.55
Y1-TA-2_LGD-3,fpnikmoa-1,Cluster 11,0,68.86
Y1-TA-2_LGD-3,agcfpeni-1,Cluster 18,0,44.25
Y1-TA-2_LGD-3,fpnfdnag-1,Cluster 17,0,58.34
Y1-TA-2_LGD-3,fpnjhkmg-1,Cluster 6,0,58.16
Y1-TA-2_LGD-3,fpnjjhcc-1,Cluster 18,0,66.88
Y1-TA-2_LGD-3,gafnflon-1,Cluster 3,0,36.67
Y1-TA-2_LGD-3,fpnjocmp-1,Cluster 17,0,10.88
Y1-TA-2_LGD-3,fpnjoalf-1,Cluster 6,0,70.44
Y1-TA-2_LGD-3,agcgpbbl-1,Cluster 18,0,66.74
Y1-TA-2_LGD-3,fpnjhdil-1,Cluster 17,0,47.55
Y1-TA-2_LGD-3,agcggdcd-1,Cluster 18,0,68.55
Y1-TA-2_LGD-3,fpkgllnm-1,Cluster 6,0,16.71
Y1-TA-2_LGD-3,fpnlccic-1,Cluster 6,0,41.09
Y1-TA-2_LGD-3,fpnliefc-1,Cluster 6,0,55.50
Y1-TA-2_LGD-3,fpnldoja-1,Cluster 6,0,95.64
Y1-TA-2_LGD-3,agcfpkke-1,Cluster 6,0,101.78
Y1-TA-2_LGD-3,fpnkogjn-1,Cluster 8,0,120.43
Y1-TA-2_LGD-3,fpnkochn-1,Cluster 3,0,13.77
Y1-TA-2_LGD-3,fpnkigmh-1,Cluster 3,0,15.90
Y1-TA-2_LGD-3,fpnikhjp-1,Cluster 16,0,35.49
Y1-TA-2_LGD-3,agckhjjb-1,Cluster 6,0,69.41
Y1-TA-2_LGD-3,agcjnegd-1,Cluster 6,0,56.94
Y1-TA-2_LGD-3,fpnimgmm-1,Cluster 6,0,50.53
Y1-TA-2_LGD-3,fpnkmkna-1,Cluster 6,0,30.44
Y1-TA-2_LGD-3,fpnjbafl-1,Cluster 3,0,32.92
Y1-TA-2_LGD-3,fpnkkdpg-1,Cluster 18,0,61.50
Y1-TA-2_LGD-3,fpnjcpkl-1,Cluster 6,0,41.36
Y1-TA-2_LGD-3,fpngcdgi-1,Cluster 6,0,87.29
Y1-TA-2_LGD-3,fpngfdjp-1,Cluster 2,0,162.83
Y1-TA-2_LGD-3,fpngafjc-1,Cluster 6,0,33.28
Y1-TA-2_LGD-3,fpmmpidj-1,Cluster 12,0,9.12
Y1-TA-2_LGD-3,fpmncleh-1,Cluster 3,0,67.01
Y1-TA-2_LGD-3,agchohdo-1,Cluster 2,0,68.64
Y1-TA-2_LGD-3,agchnalc-1,Cluster 19,0,84.13
Y1-TA-2_LGD-3,fpnlokae-1,Cluster 5,0,78.71
Y1-TA-2_LGD-3,fpnjfncd-1,Cluster 17,0,51.57
Y1-TA-2_LGD-3,agcjhpkd-1,Cluster 6,0,56.72
Y1-TA-2_LGD-3,fpnoahbj-1,Cluster 17,0,46.33
Y1-TA-2_LGD-3,fpnncpci-1,Cluster 2,0,55.90
Y1-TA-2_LGD-3,fpnmndae-1,Cluster 6,0,44.89
Y1-TA-2_LGD-3,fpnnjldb-1,Cluster 6,0,35.58
Y1-TA-2_LGD-3,fpnmpgeg-1,Cluster 2,0,52.11
Y1-TA-2_LGD-3,fpnnebgb-1,Cluster 6,0,86.07
Y1-TA-2_LGD-3,agcjokil-1,Cluster 6,0,42.63
Y1-TA-2_LGD-3,fpnnlnac-1,Cluster 12,0,40.82
Y1-TA-2_LGD-3,agckddnj-1,Cluster 6,0,44.66
Y1-TA-2_LGD-3,fpnmmnog-1,Cluster 6,0,66.20
Y1-TA-2_LGD-3,agcjlgph-1,Cluster 2,0,105.53
Y1-TA-2_LGD-3,fpnmijof-1,Cluster 3,0,65.12
Y1-TA-2_LGD-3,agcjinbi-1,Cluster 6,0,72.07
Y1-TA-2_LGD-3,agchpfij-1,Cluster 17,0,37.25
Y1-TA-2_LGD-3,fpnmiopi-1,Cluster 19,0,86.70
Y1-TA-2_LGD-3,fpnooakh-1,Cluster 1,0,38.92
Y1-TA-2_LGD-3,fpnmmfkh-1,Cluster 12,0,31.74
Y1-TA-2_LGD-3,fpnmonbe-1,Cluster 2,0,59.47
Y1-TA-2_LGD-3,fpnncfnn-1,Cluster 12,0,32.33
Y1-TA-2_LGD-4,hbifogen-1,Cluster 14,0,110.81
Y1-TA-2_LGD-4,hbifimob-1,Cluster 2,0,83.09
Y1-TA-2_LGD-4,hbiicncg-1,Cluster 6,0,126.35
Y1-TA-2_LGD-4,hbiigbhm-1,Cluster 3,0,44.57
Y1-TA-2_LGD-4,hbiielmg-1,Cluster 17,0,73.51
Y1-TA-2_LGD-4,hbicpgpf-1,Cluster 21,0,71.84
Y1-TA-2_LGD-4,aikaafbo-1,Cluster 18,0,40.91
Y1-TA-2_LGD-4,hbidbhah-1,Cluster 17,0,34.05
Y1-TA-2_LGD-4,hbiffcna-1,Cluster 16,0,41.72
Y1-TA-2_LGD-4,aikackag-1,Cluster 18,0,90.58
Y1-TA-2_LGD-4,aikaabep-1,Cluster 2,0,58.66
Y1-TA-2_LGD-4,aijpldbn-1,Cluster 2,0,35.31
Y1-TA-2_LGD-4,hbifjhcn-1,Cluster 17,0,29.94
Y1-TA-2_LGD-4,aikaaicd-1,Cluster 2,0,28.27
Y1-TA-2_LGD-4,hbigbnoo-1,Cluster 6,0,14.22
Y1-TA-2_LGD-4,hbifplml-1,Cluster 6,0,43.30
Y1-TA-2_LGD-4,aijppjdh-1,Cluster 2,0,36.85
Y1-TA-2_LGD-4,hbifkend-1,Cluster 6,0,30.48
Y1-TA-2_LGD-4,aijpoblc-1,Cluster 6,0,42.76
Y1-TA-2_LGD-4,hbifgnid-1,Cluster 17,0,86.16
Y1-TA-2_LGD-4,haodkdel-1,Cluster 3,0,45.07
Y1-TA-2_LGD-4,hbideihk-1,Cluster 18,0,42.90
Y1-TA-2_LGD-4,hbicdnfn-1,Cluster 8,0,42.49
Y1-TA-2_LGD-4,aijmmjhb-1,Cluster 18,0,99.61
Y1-TA-2_LGD-4,hbidepfa-1,Cluster 6,0,18.51
Y1-TA-2_LGD-4,hbidpchf-1,Cluster 17,0,48.95
Y1-TA-2_LGD-4,aijmlkog-1,Cluster 2,0,90.67
Y1-TA-2_LGD-4,hbidnlpa-1,Cluster 2,0,35.27
Y1-TA-2_LGD-4,hbicbmda-1,Cluster 6,0,97.27
Y1-TA-2_LGD-4,hbichlfi-1,Cluster 18,0,89.73
Y1-TA-2_LGD-4,hbidhkld-1,Cluster 18,0,68.41
Y1-TA-2_LGD-4,hbidhegf-1,Cluster 6,0,40.46
Y1-TA-2_LGD-4,hbifpfnm-1,Cluster 21,0,25.02
Y1-TA-2_LGD-4,hbigbkee-1,Cluster 14,0,49.90
Y1-TA-2_LGD-4,hbidbbnd-1,Cluster 6,0,29.26
Y1-TA-2_LGD-4,hbigcbeg-1,Cluster 18,0,77.98
Y1-TA-2_LGD-4,aikadgjf-1,Cluster 2,0,46.60
Y1-TA-2_LGD-4,aikafaii-1,Cluster 18,0,52.20
Y1-TA-2_LGD-4,aijpccle-1,Cluster 18,0,54.91
Y1-TA-2_LGD-4,aijpampc-1,Cluster 18,0,68.55
Y1-TA-2_LGD-4,hbidkaca-1,Cluster 6,0,74.96
Y1-TA-2_LGD-4,aikaghhk-1,Cluster 18,0,51.52
Y1-TA-2_LGD-4,aijpkoig-1,Cluster 18,0,56.58
Y1-TA-2_LGD-4,hbidijal-1,Cluster 6,0,80.29
Y1-TA-2_LGD-4,hbiggnbe-1,Cluster 1,0,49.85
Y1-TA-2_LGD-4,aijpnhgj-1,Cluster 2,0,41.14
Y1-TA-2_LGD-4,hbigmjbp-1,Cluster 17,0,106.16
Y1-TA-2_LGD-4,hbigknpi-1,Cluster 1,0,39.87
Y1-TA-2_LGD-4,hbigokmj-1,Cluster 5,0,68.95
Y1-TA-2_LGD-4,hbigjfef-1,Cluster 7,0,40.73
Y1-TA-2_LGD-4,aijnecon-1,Cluster 18,0,53.28
Y1-TA-2_LGD-4,hbieppla-1,Cluster 2,0,70.94
Y1-TA-2_LGD-4,hbifdilh-1,Cluster 2,0,89.50
Y1-TA-2_LGD-4,hbnplaec-1,Cluster 18,0,151.77
Y1-TA-2_LGD-4,hbihacpc-1,Cluster 6,0,41.18
Y1-TA-2_LGD-4,hboabdoh-1,Cluster 5,0,81.82
Y1-TA-2_LGD-4,hbigomnf-1,Cluster 2,0,45.38
Y1-TA-2_LGD-4,hboacokn-1,Cluster 3,0,54.01
Y1-TA-2_LGD-4,hbiepdln-1,Cluster 9,0,39.42
Y1-TA-2_LGD-4,aikbdgkj-1,Cluster 15,0,80.42
Y1-TA-2_LGD-4,hbigheci-1,Cluster 7,0,56.49
Y1-TA-2_LGD-4,aikbalmk-1,Cluster 9,0,72.25
Y1-TA-2_LGD-4,aikbabok-1,Cluster 17,0,88.05
Y1-TA-2_LGD-4,hbihcphh-1,Cluster 2,0,32.60
Y1-TA-2_LGD-4,hbifbfdn-1,Cluster 6,0,36.08
Y1-TA-2_LGD-4,hboakpim-1,Cluster 6,0,83.81
Y1-TA-2_LGD-4,hboabjfm-1,Cluster 3,0,24.47
Y1-TA-2_LGD-4,hbigiefn-1,Cluster 16,0,36.62
Y1-TA-2_LGD-4,aijnhneg-1,Cluster 2,0,38.70
Y1-TA-2_LGD-4,haolankd-1,Cluster 3,0,13.01
Y1-TA-2_LGD-4,aijmmfne-1,Cluster 6,0,35.99
Y1-TA-2_LGD-4,hboabgfd-1,Cluster 17,0,35.22
Y1-TA-2_LGD-4,hbnpkdnh-1,Cluster 6,0,66.11
Y1-TA-2_LGD-4,aikbapfg-1,Cluster 9,0,34.86
Y1-TA-2_LGD-4,hbiggnig-1,Cluster 13,0,54.50
Y1-TA-2_LGD-4,aijnjecg-1,Cluster 21,0,55.32
Y1-TA-2_LGD-4,haodnaeh-1,Cluster 1,0,43.62
Y1-TA-2_LGD-4,haodklce-1,Cluster 18,0,69.63
Y1-TA-2_LGD-4,haoficah-1,Cluster 17,0,33.82
Y1-TA-2_LGD-4,haolejeh-1,Cluster 3,0,31.93
Y1-TA-2_LGD-4,haofkffk-1,Cluster 17,0,50.17
Y1-TA-2_LGD-4,haofflgc-1,Cluster 5,0,43.80
Y1-TA-2_LGD-4,haofgpka-1,Cluster 3,0,52.07
Y1-TA-2_LGD-4,haokjcbh-1,Cluster 3,0,58.66
Y1-TA-2_LGD-4,hbnnmnjd-1,Cluster 7,0,26.60
Y1-TA-2_LGD-4,haoghgoa-1,Cluster 12,0,26.91
Y1-TA-2_LGD-4,hboaallk-1,Cluster 2,0,78.35
Y1-TA-2_LGD-4,hbnpghbh-1,Cluster 1,0,49.31
Y1-TA-2_LGD-4,hbnpmakf-1,Cluster 18,0,83.49
Y1-TA-2_LGD-4,hbnphlge-1,Cluster 6,0,81.96
Y1-TA-2_LGD-4,ocmabcmc-1,Cluster 12,0,25.02
Y1-TA-2_LGD-4,haokgbeg-1,Cluster 2,0,72.79
Y1-TA-2_LGD-4,haofghhm-1,Cluster 12,0,52.34
R1-CA-2_LGD-1,mhfinice-1,Cluster 3,0,23.89
R1-CA-2_LGD-1,mhdblbec-1,Cluster 3,0,30.93
R1-CA-2_LGD-1,mhfhjgke-1,Cluster 5,0,41.91
R1-CA-2_LGD-1,ofoojbab-1,Cluster 3,0,49.45
R1-CA-2_LGD-1,mhdcadip-1,Cluster 12,0,27.23
R1-CA-2_LGD-1,mhfilmip-1,Cluster 3,0,31.79
R1-CA-2_LGD-1,mhdcaeje-1,Cluster 3,0,18.92
R1-CA-2_LGD-1,mhdcckpd-1,Cluster 3,0,15.62
R1-CA-2_LGD-1,mhdcgnff-1,Cluster 3,0,9.17
R1-CA-2_LGD-1,mhfhingb-1,Cluster 3,0,26.78
R1-CA-2_LGD-1,mhdcalgd-1,Cluster 5,0,36.13
R1-CA-2_LGD-1,mhdcdafg-1,Cluster 3,0,21.31
R1-CA-2_LGD-1,mhdbocfh-1,Cluster 3,0,38.38
R1-CA-2_LGD-1,mhfilckc-1,Cluster 3,0,24.34
R1-CA-2_LGD-1,mhfgllfk-1,Cluster 12,0,25.20
R1-CA-2_LGD-1,mhfhnkdl-1,Cluster 3,0,29.31
R1-CA-2_LGD-1,mhfgnlmg-1,Cluster 2,0,32.65
R1-CA-2_LGD-1,mhfhoahj-1,Cluster 5,0,34.36
R1-CA-2_LGD-1,mhfgimgd-1,Cluster 12,0,39.92
R1-CA-2_LGD-1,mhfiajii-1,Cluster 17,0,31.16
R1-CA-2_LGD-1,dpdhgdja-1,Cluster 2,0,50.67
R1-CA-2_LGD-1,mhfhmmae-1,Cluster 3,0,11.97
R1-CA-2_LGD-1,mhfeikci-1,Cluster 17,0,20.95
R1-CA-2_LGD-1,mhfegdac-1,Cluster 17,0,37.48
R1-CA-2_LGD-1,mhfefcjn-1,Cluster 17,0,29.08
R1-CA-2_LGD-1,mhfefhoc-1,Cluster 17,0,25.02
R1-CA-2_LGD-1,dpdibind-1,Cluster 6,0,33.55
R1-CA-2_LGD-1,mhfehmki-1,Cluster 17,0,20.68
R1-CA-2_LGD-1,mhffdklo-1,Cluster 3,0,14.72
R1-CA-2_LGD-1,mhfhgpcc-1,Cluster 3,0,33.19
R1-CA-2_LGD-1,mhffgdbo-1,Cluster 3,0,17.57
R1-CA-2_LGD-1,mhfhnkmi-1,Cluster 3,0,29.85
R1-CA-2_LGD-1,ofooidle-1,Cluster 3,0,22.98
R1-CA-2_LGD-1,mhfimoif-1,Cluster 3,0,18.38
R1-CA-2_LGD-1,mhficphm-1,Cluster 3,0,37.03
R1-CA-2_LGD-1,mhfiobgg-1,Cluster 1,0,32.38
R1-CA-2_LGD-1,mhffignn-1,Cluster 12,0,40.69
R1-CA-2_LGD-1,mhffdafl-1,Cluster 3,0,27.77
R1-CA-2_LGD-1,mhfjbbhf-1,Cluster 3,0,21.00
R1-CA-2_LGD-1,mhffdghg-1,Cluster 1,0,43.71
R1-CA-2_LGD-1,mhfjibmg-1,Cluster 5,0,25.11
R1-CA-2_LGD-1,mhfifggo-1,Cluster 3,0,15.31
R1-CA-2_LGD-1,mhfhkanc-1,Cluster 12,0,49.31
R1-CA-2_LGD-1,mhfjhenk-1,Cluster 3,0,20.37
R1-CA-2_LGD-1,mhfjeene-1,Cluster 1,0,57.57
R1-CA-2_LGD-1,mhfipfpl-1,Cluster 16,0,26.19
R1-CA-2_LGD-1,mhfgefop-1,Cluster 12,0,25.33
R1-CA-2_LGD-1,mhfhdgok-1,Cluster 5,0,34.05
R1-CA-2_LGD-1,mhfgpgcg-1,Cluster 8,0,42.85
R1-CA-2_LGD-1,ofoohkdm-1,Cluster 1,0,29.58
R1-CA-2_LGD-1,ofoognjj-1,Cluster 3,0,24.52
R1-CA-2_LGD-1,mhfihbgp-1,Cluster 3,0,48.41
R1-CA-2_LGD-1,mhfhjpcc-1,Cluster 12,0,71.75
R1-CA-2_LGD-1,mgokjpka-1,Cluster 7,0,39.33
R1-CA-2_LGD-1,mioemdbd-1,Cluster 7,0,66.88
R1-CA-2_LGD-1,miockclb-1,Cluster 3,0,47.91
R1-CA-2_LGD-1,mgmpeogc-1,Cluster 12,0,25.69
R1-CA-2_LGD-1,mhfgedoc-1,Cluster 5,0,32.74
R1-CA-2_LGD-1,miodmpom-1,Cluster 2,0,64.53
R1-CA-2_LGD-1,mhfgggpl-1,Cluster 3,0,29.58
R1-CA-2_LGD-1,mhffopac-1,Cluster 12,0,47.91
R1-CA-2_LGD-1,mhfhcojk-1,Cluster 3,0,19.42
R1-CA-2_LGD-1,mhfhebpi-1,Cluster 3,0,37.62
R1-CA-2_LGD-1,mhffmlll-1,Cluster 1,0,53.96
R1-CA-2_LGD-1,mhfhdekf-1,Cluster 12,0,27.27
R1-CA-2_LGD-1,mgmpbmdb-1,Cluster 3,0,17.02
R1-CA-2_LGD-1,mgmpeend-1,Cluster 17,0,27.46
R1-CA-2_LGD-1,miodnnjn-1,Cluster 3,0,29.44
R1-CA-2_LGD-1,miocjkpm-1,Cluster 12,0,42.90
R1-CA-2_LGD-1,mhfglmfj-1,Cluster 2,0,94.06
R1-CA-2_LGD-1,mhfglpdk-1,Cluster 6,0,15.90
R1-CA-2_LGD-1,dpdimapn-1,Cluster 6,0,38.25
R1-CA-2_LGD-1,dpdhnpon-1,Cluster 2,0,47.37
R1-CA-2_LGD-1,dpdhdkjd-1,Cluster 2,0,25.60
R1-CA-2_LGD-1,dpdhnomb-1,Cluster 2,0,27.73
R1-CA-2_LGD-1,mhfehbfe-1,Cluster 2,0,93.43
R1-CA-2_LGD-1,dpdiadon-1,Cluster 2,0,96.54
R1-CA-2_LGD-1,dpdibgfc-1,Cluster 6,0,73.38
R1-CA-2_LGD-1,dpdibiem-1,Cluster 6,0,38.29
R1-CA-2_LGD-1,mhfehejd-1,Cluster 2,0,46.69
R1-CA-2_LGD-1,dpdhnlig-1,Cluster 6,0,32.78
R1-CA-2_LGD-1,mhfekllh-1,Cluster 17,0,25.20
R1-CA-2_LGD-1,miodihhi-1,Cluster 2,0,47.73
R1-CA-2_LGD-1,dpdiijhe-1,Cluster 6,0,29.22
R1-CA-2_LGD-1,dpdhkemm-1,Cluster 2,0,46.96
R1-CA-2_LGD-1,dpdhihgo-1,Cluster 2,0,55.77
R1-CA-2_LGD-1,miodkcpa-1,Cluster 6,0,92.66
R1-CA-2_LGD-1,dpdhonek-1,Cluster 6,0,44.12
R1-CA-2_LGD-1,dpdikakj-1,Cluster 2,0,28.54
R1-CA-2_LGD-1,miodhpel-1,Cluster 2,0,82.23
R1-CA-2_LGD-1,dpdhollk-1,Cluster 6,0,41.59
R1-CA-2_LGD-1,miobpdcb-1,Cluster 10,0,39.78
R1-CA-2_LGD-1,miocaioc-1,Cluster 10,0,46.19
R1-CA-2_LGD-1,miocdgdp-1,Cluster 6,0,23.12
R1-CA-2_LGD-1,dpdjhjgb-1,Cluster 2,0,62.50
R1-CA-2_LGD-1,dpdjgppp-1,Cluster 2,0,72.11
R1-CA-2_LGD-1,dpdjonjg-1,Cluster 2,0,38.61
R1-CA-2_LGD-1,dpdjgbib-1,Cluster 10,0,63.76
R1-CA-2_LGD-1,dpdjhikl-1,Cluster 2,0,29.22
R1-CA-2_LGD-1,dpcfaklo-1,Cluster 2,0,19.78
R1-CA-2_LGD-1,dpdjfgaa-1,Cluster 17,0,22.13
R1-CA-2_LGD-1,mimopefd-1,Cluster 2,0,126.75
R1-CA-2_LGD-1,mioehghk-1,Cluster 17,0,43.03
R1-CA-2_LGD-1,dpdkiola-1,Cluster 2,0,82.91
R1-CA-2_LGD-1,miodedbk-1,Cluster 1,0,46.69
R1-CA-2_LGD-1,miodffmg-1,Cluster 12,0,42.94
R1-CA-2_LGD-1,miodchba-1,Cluster 20,0,7.99
R1-CA-2_LGD-1,dpdkgjoc-1,Cluster 2,0,83.18
R1-CA-2_LGD-1,dpdidnhm-1,Cluster 2,0,110.86
R1-CA-2_LGD-1,miocmnec-1,Cluster 3,0,22.53
R1-CA-2_LGD-1,miofalfj-1,Cluster 3,0,23.39
R1-CA-2_LGD-1,mimoceco-1,Cluster 2,0,35.81
R1-CA-2_LGD-1,mioeklao-1,Cluster 5,0,49.63
R1-CA-2_LGD-1,mioemnin-1,Cluster 1,0,47.55
R1-CA-2_LGD-1,dpdkeeof-1,Cluster 2,0,90.00
R1-CA-2_LGD-1,mioejcgg-1,Cluster 12,0,27.41
R1-CA-2_LGD-1,miofbnko-1,Cluster 1,0,35.90
R1-CA-2_LGD-1,dpdkkdbp-1,Cluster 2,0,80.38
R1-CA-2_LGD-1,miodnlfb-1,Cluster 12,0,12.82
R1-CA-2_LGD-1,dpdidbkl-1,Cluster 2,0,109.64
R1-CA-2_LGD-1,dpdkfmih-1,Cluster 6,0,61.37
R1-CA-2_LGD-1,mioeihhc-1,Cluster 17,0,21.63
R1-CA-2_LGD-1,miodjpph-1,Cluster 3,0,24.47
R1-CA-2_LGD-1,dpdiebmj-1,Cluster 2,0,111.08
R1-CA-2_LGD-1,ofphabop-1,Cluster 3,0,121.15
R1-CA-2_LGD-1,dpdkmgem-1,Cluster 6,0,16.08
R1-CA-2_LGD-1,dpdifnil-1,Cluster 10,0,28.00
R1-CA-2_LGD-1,dpdkmidi-1,Cluster 2,0,56.08
R1-CA-2_LGD-1,dpdilihk-1,Cluster 6,0,24.20
R1-CA-2_LGD-1,dpcehgdp-1,Cluster 2,0,41.68
R1-CA-2_LGD-1,dpcfadpe-1,Cluster 2,0,29.49
R1-CA-2_LGD-1,dpdkkpek-1,Cluster 6,0,82.59
R1-CA-2_LGD-1,dpdimaoa-1,Cluster 6,0,22.26
R1-CA-2_LGD-1,dpcehhbb-1,Cluster 2,0,57.12
R1-CA-2_LGD-1,dpcehfnm-1,Cluster 2,0,68.41
R1-CA-2_LGD-1,dpceleee-1,Cluster 2,0,95.32
R1-CA-2_LGD-1,mimkhabi-1,Cluster 2,0,129.55
R1-CA-2_LGD-1,dpdgckfc-1,Cluster 2,0,77.76
R1-CA-2_LGD-1,dpdgannp-1,Cluster 2,0,28.58
R1-CA-2_LGD-1,mimommnm-1,Cluster 2,0,103.14
R1-CA-2_LGD-1,mimojgjp-1,Cluster 2,0,68.55
R1-CA-2_LGD-1,mimoaope-1,Cluster 2,0,43.49
R1-CA-2_LGD-1,mimocell-1,Cluster 2,0,38.65
R1-CA-2_LGD-1,mimnpnbl-1,Cluster 2,0,28.40
R1-CA-2_LGD-1,dpdgakil-1,Cluster 2,0,80.42
R1-CA-2_LGD-1,mimobbgl-1,Cluster 2,0,87.15
R1-CA-2_LGD-1,mimonikj-1,Cluster 2,0,22.58
R1-CA-2_LGD-1,mimnnhka-1,Cluster 10,0,56.45
R1-CA-2_LGD-1,mimnobjl-1,Cluster 6,0,43.80
R1-CA-2_LGD-1,dpdjacem-1,Cluster 10,0,29.26
R1-CA-2_LGD-1,mimkhldi-1,Cluster 2,0,106.30
R1-CA-2_LGD-1,mimkfmcd-1,Cluster 2,0,46.19
R1-CA-2_LGD-1,dpdkamof-1,Cluster 2,0,33.05
R1-CA-2_LGD-1,dpdiphda-1,Cluster 2,0,32.92
R1-CA-2_LGD-1,dpdjegfi-1,Cluster 10,0,56.94
R1-CA-2_LGD-1,dpdkblob-1,Cluster 10,0,24.16
R1-CA-2_LGD-1,dpdimkhg-1,Cluster 2,0,90.67
R1-CA-2_LGD-1,mimljjhg-1,Cluster 2,0,16.48
R1-CA-2_LGD-1,dpdjpgpc-1,Cluster 10,0,71.21
R1-CA-2_LGD-1,mimljeif-1,Cluster 2,0,23.39
R1-CA-2_LGD-1,mimlnngo-1,Cluster 6,0,44.39
R1-CA-2_LGD-1,mimlgcmo-1,Cluster 2,0,40.96
R1-CA-2_LGD-1,mimnikem-1,Cluster 3,0,37.66
R1-CA-2_LGD-1,mimniika-1,Cluster 2,0,58.43
R1-CA-2_LGD-1,mimljakk-1,Cluster 4,0,37.75
R1-CA-2_LGD-1,dpdinkaj-1,Cluster 2,0,59.70
R1-CA-2_LGD-1,mimlhldc-1,Cluster 1,0,39.33
R1-CA-2_LGD-1,mimnhjho-1,Cluster 6,0,34.23
R1-CA-2_LGD-1,ofpgjmlo-1,Cluster 3,0,16.89
R1-CA-2_LGD-1,mildcnib-1,Cluster 6,0,29.71
R1-CA-2_LGD-1,milcpcjn-1,Cluster 2,0,78.57
R1-CA-2_LGD-1,mildjibp-1,Cluster 3,0,102.50
R1-CA-2_LGD-1,mimlaldk-1,Cluster 2,0,72.57
R1-CA-2_LGD-1,mildhjdp-1,Cluster 17,0,54.10
R1-CA-2_LGD-1,mimkhmkj-1,Cluster 6,0,42.00
R1-CA-2_LGD-1,mgofjkbd-1,Cluster 2,0,44.30
R1-CA-2_LGD-1,mildkbmc-1,Cluster 3,0,51.21
R1-CA-2_LGD-1,mgoffllb-1,Cluster 2,0,90.58
R1-CA-2_LGD-1,milekgme-1,Cluster 1,0,31.79
R1-CA-2_LGD-1,mimkclgn-1,Cluster 2,0,67.51
R1-CA-2_LGD-1,mildponh-1,Cluster 12,0,141.75
R1-CA-2_LGD-1,mimkkdab-1,Cluster 2,0,35.94
R1-CA-2_LGD-1,mileboeo-1,Cluster 8,0,60.55
R1-CA-2_LGD-1,mimkinfi-1,Cluster 2,0,54.46
R1-CA-2_LGD-1,mimkipoe-1,Cluster 2,0,39.56
R1-CA-2_LGD-1,mgofedke-1,Cluster 6,0,99.21
R1-CA-2_LGD-1,mimlaagn-1,Cluster 2,0,42.31
R1-CA-2_LGD-1,mimkapfk-1,Cluster 6,0,47.69
R1-CA-2_LGD-1,milcpoco-1,Cluster 6,0,89.23
R1-CA-2_LGD-1,milenfkj-1,Cluster 12,0,39.56
R1-CA-2_LGD-1,mimkflal-1,Cluster 2,0,41.00
R1-CA-2_LGD-1,mildoepi-1,Cluster 8,0,62.81
R1-CA-2_LGD-1,mimkjfij-1,Cluster 2,0,36.35
R1-CA-2_LGD-1,milbemlb-1,Cluster 8,0,68.82
R1-CA-2_LGD-1,mgoffhif-1,Cluster 2,0,87.69
R1-CA-2_LGD-1,milenghe-1,Cluster 12,0,83.99
R1-CA-2_LGD-1,milemdee-1,Cluster 3,0,26.19
R1-CA-2_LGD-1,mgofggol-1,Cluster 2,0,42.22
R1-CA-2_LGD-1,dpdbikkc-1,Cluster 2,0,126.21
R1-CA-2_LGD-1,mgmpgcjc-1,Cluster 16,0,30.30
R1-CA-2_LGD-1,mgmpgoaj-1,Cluster 1,0,26.10
R1-CA-2_LGD-1,miobbhfp-1,Cluster 1,0,64.26
R1-CA-2_LGD-1,mhfgdkpo-1,Cluster 4,0,29.35
R1-CA-2_LGD-1,mheahjhg-1,Cluster 5,0,67.46
R1-CA-2_LGD-1,miobcmcc-1,Cluster 5,0,77.89
R1-CA-2_LGD-1,miobjmnd-1,Cluster 12,0,38.52
R1-CA-2_LGD-1,mhfflccj-1,Cluster 16,0,36.62
R1-CA-2_LGD-1,mhfffmdm-1,Cluster 3,0,14.72
R1-CA-2_LGD-1,miobdnjh-1,Cluster 12,0,8.90
R1-CA-2_LGD-1,mhffpknk-1,Cluster 7,0,46.92
R1-CA-2_LGD-1,mhfgagfl-1,Cluster 7,0,43.17
R1-CA-2_LGD-1,mhfgcmlc-1,Cluster 12,0,34.32
R1-CA-2_LGD-1,miobmppk-1,Cluster 8,0,44.66
R1-CA-2_LGD-1,miobopii-1,Cluster 1,0,44.43
R1-CA-2_LGD-1,miobfiae-1,Cluster 12,0,56.54
R1-CA-2_LGD-1,miobipdi-1,Cluster 5,0,34.54
R1-CA-2_LGD-1,miobkkjo-1,Cluster 1,0,46.56
R1-CA-2_LGD-1,miobddci-1,Cluster 7,0,49.54
R1-CA-2_LGD-1,mhffmlhc-1,Cluster 4,0,44.25
R1-CA-2_LGD-1,mgnidloh-1,Cluster 12,0,47.73
R1-CA-2_LGD-1,mgnidhlj-1,Cluster 3,0,13.86
R1-CA-2_LGD-1,ofokpmjo-1,Cluster 3,0,7.27
R1-CA-2_LGD-1,mgnbcpbo-1,Cluster 4,0,62.32
R1-CA-2_LGD-1,mgnahlea-1,Cluster 3,0,33.19
R1-CA-2_LGD-1,mgnbaoec-1,Cluster 8,0,35.40
R1-CA-2_LGD-1,mioeekin-1,Cluster 12,0,21.31
R1-CA-2_LGD-1,mimpmcad-1,Cluster 1,0,59.02
R1-CA-2_LGD-1,mimpaigk-1,Cluster 17,0,23.75
R1-CA-2_LGD-1,mgnahiio-1,Cluster 3,0,54.19
R1-CA-2_LGD-1,mioegkhp-1,Cluster 5,0,76.00
R1-CA-2_LGD-1,mioehbdc-1,Cluster 7,0,33.60
R1-CA-2_LGD-1,mimpciij-1,Cluster 3,0,47.41
R1-CA-2_LGD-1,mimpmflb-1,Cluster 4,0,35.27
R1-CA-2_LGD-1,mimpaami-1,Cluster 3,0,27.77
R1-CA-2_LGD-1,mimpedhe-1,Cluster 12,0,30.62
R1-CA-2_LGD-1,mimpeoii-1,Cluster 1,0,25.06
R1-CA-2_LGD-1,mgnhlaml-1,Cluster 8,0,43.26
R1-CA-2_LGD-1,mgmnppoa-1,Cluster 1,0,22.26
R1-CA-2_LGD-1,miobdfhg-1,Cluster 12,0,46.29
R1-CA-2_LGD-1,mimpbegk-1,Cluster 2,0,58.03
R1-CA-2_LGD-1,miodoojo-1,Cluster 16,0,75.23
R1-CA-2_LGD-1,mgpdbpdi-1,Cluster 3,0,41.81
R1-CA-2_LGD-1,mgnehike-1,Cluster 12,0,39.69
R1-CA-2_LGD-1,mgnekjnk-1,Cluster 5,0,23.03
R1-CA-2_LGD-1,mgnegicf-1,Cluster 12,0,33.10
R1-CA-2_LGD-1,mgngldog-1,Cluster 5,0,71.62
R1-CA-2_LGD-1,mgnfekgi-1,Cluster 5,0,54.64
R1-CA-2_LGD-1,mgnffgol-1,Cluster 3,0,33.78
R1-CA-2_LGD-1,mgnhnapc-1,Cluster 8,0,81.24
R1-CA-2_LGD-1,mgnhoiil-1,Cluster 12,0,53.06
R1-CA-2_LGD-1,dpdgdjkl-1,Cluster 6,0,82.73
R1-CA-2_LGD-1,mgmoaann-1,Cluster 5,0,90.94
R1-CA-2_LGD-1,minaakfi-1,Cluster 17,0,32.69
R1-CA-2_LGD-1,dpdgnfef-1,Cluster 2,0,81.51
R1-CA-2_LGD-1,dpdgdgii-1,Cluster 2,0,48.14
R1-CA-2_LGD-1,mgnflohf-1,Cluster 5,0,86.93
R1-CA-2_LGD-1,dpdhdkfo-1,Cluster 2,0,160.12
R1-CA-2_LGD-1,minaagih-1,Cluster 17,0,23.84
R1-CA-2_LGD-1,mgnfmfpp-1,Cluster 12,0,19.46
R1-CA-2_LGD-1,dpdgeibb-1,Cluster 6,0,61.86
R1-CA-2_LGD-1,mimnljoa-1,Cluster 6,0,31.38
R1-CA-2_LGD-1,mgnhnonn-1,Cluster 16,0,34.23
R1-CA-2_LGD-1,mgmoblpj-1,Cluster 8,0,27.77
R1-CA-2_LGD-1,mgnhilmn-1,Cluster 5,0,62.45
R1-CA-2_LGD-1,mgnhhjgk-1,Cluster 1,0,29.40
R1-CA-2_LGD-1,dpdfohga-1,Cluster 2,0,56.81
R1-CA-2_LGD-1,dpdgfknk-1,Cluster 2,0,107.79
R1-CA-2_LGD-1,dpdhdeoe-1,Cluster 2,0,98.03
R1-CA-2_LGD-1,mgnianpa-1,Cluster 16,0,98.53
R1-CA-2_LGD-1,mimnlagm-1,Cluster 2,0,83.22
R1-CA-2_LGD-1,mgnfjbfo-1,Cluster 12,0,29.44
R1-CA-2_LGD-1,minaambi-1,Cluster 10,0,90.45
R1-CA-2_LGD-1,mgnfloco-1,Cluster 16,0,54.55
R1-CA-2_LGD-1,mgnjmiik-1,Cluster 7,0,55.99
R1-CA-2_LGD-1,mgoglohi-1,Cluster 12,0,18.42
R1-CA-2_LGD-1,mgnhccie-1,Cluster 8,0,30.30
R1-CA-2_LGD-1,mgnhdacm-1,Cluster 8,0,35.67
R1-CA-2_LGD-1,mgnenkjg-1,Cluster 5,0,39.96
R1-CA-2_LGD-1,mgndjmpe-1,Cluster 12,0,16.26
R1-CA-2_LGD-1,mgohdpid-1,Cluster 3,0,17.93
R1-CA-2_LGD-1,mgnedlkc-1,Cluster 1,0,16.26
R1-CA-2_LGD-1,mgnehbok-1,Cluster 3,0,31.20
R1-CA-2_LGD-1,mgndmhnn-1,Cluster 5,0,54.14
R1-CA-2_LGD-1,dpdlohdn-1,Cluster 2,0,86.93
R1-CA-2_LGD-1,mgngmipk-1,Cluster 5,0,74.64
R1-CA-2_LGD-1,dpdmaoep-1,Cluster 2,0,46.51
R1-CA-2_LGD-1,mgohgmoh-1,Cluster 8,0,86.34
R1-CA-2_LGD-1,mgnepebn-1,Cluster 2,0,136.51
R1-CA-2_LGD-1,mgofllfi-1,Cluster 6,0,33.10
R1-CA-2_LGD-1,dpdllmhh-1,Cluster 2,0,52.20
R1-CA-2_LGD-1,mgohkimi-1,Cluster 16,0,46.42
R1-CA-2_LGD-1,mgoggifn-1,Cluster 2,0,86.56
R1-CA-2_LGD-1,mgnfbmhi-1,Cluster 2,0,57.03
R1-CA-2_LGD-1,mgngkdnf-1,Cluster 12,0,45.16
R1-CA-2_LGD-1,dpdbioho-1,Cluster 2,0,81.37
R1-CA-2_LGD-1,mgnfcjje-1,Cluster 12,0,50.80
R1-CA-2_LGD-1,dpdmckgd-1,Cluster 2,0,69.41
R1-CA-2_LGD-1,dpdmbjkc-1,Cluster 2,0,75.19
R1-CA-2_LGD-1,mgngmnpk-1,Cluster 12,0,27.64
R1-CA-2_LGD-1,mgnfonfl-1,Cluster 2,0,67.01
R1-CA-2_LGD-1,mgnfdjfn-1,Cluster 2,0,93.93
R1-CA-2_LGD-1,mgofmpoi-1,Cluster 2,0,28.63
R1-CA-2_LGD-1,dpdgjffi-1,Cluster 6,0,46.65
R1-CA-2_LGD-1,dpdlneej-1,Cluster 2,0,52.25
R1-CA-2_LGD-1,mgnehbjb-1,Cluster 3,0,28.72
R1-CA-2_LGD-1,mgnhaljd-1,Cluster 5,0,33.05
R1-CA-2_LGD-1,mgngeimk-1,Cluster 5,0,80.51
R1-CA-2_LGD-1,mgnfdlfc-1,Cluster 5,0,70.40
R1-CA-2_LGD-1,mgogdjpl-1,Cluster 6,0,49.90
R1-CA-2_LGD-1,mgngainf-1,Cluster 2,0,47.23
R1-CA-2_LGD-1,mgngdfol-1,Cluster 3,0,11.92
R1-CA-2_LGD-1,mgoghpjk-1,Cluster 2,0,55.95
R1-CA-2_LGD-1,mgofkopm-1,Cluster 2,0,79.61
R1-CA-2_LGD-1,dpdloinj-1,Cluster 6,0,52.02
R1-CA-2_LGD-1,dpdmagfn-1,Cluster 2,0,55.63
R1-CA-2_LGD-1,mgnhapna-1,Cluster 3,0,16.26
R1-CA-2_LGD-1,mgpdehgf-1,Cluster 3,0,18.11
R1-CA-2_LGD-1,mgoilpkb-1,Cluster 1,0,25.65
R1-CA-2_LGD-1,mgojgefl-1,Cluster 13,0,46.92
R1-CA-2_LGD-1,mgoilagp-1,Cluster 3,0,17.48
R1-CA-2_LGD-1,mgpdbpae-1,Cluster 3,0,17.97
R1-CA-2_LGD-1,mgpcodjl-1,Cluster 3,0,23.66
R1-CA-2_LGD-1,mgojlilk-1,Cluster 3,0,11.74
R1-CA-2_LGD-1,mgojimle-1,Cluster 8,0,33.28
R1-CA-2_LGD-1,mgnkknol-1,Cluster 12,0,28.99
R1-CA-2_LGD-1,mgnkiakp-1,Cluster 12,0,36.58
R1-CA-2_LGD-1,mgojnmla-1,Cluster 5,0,63.49
R1-CA-2_LGD-1,mgoijfjh-1,Cluster 3,0,11.83
R1-CA-2_LGD-1,mgoigmib-1,Cluster 3,0,22.98
R1-CA-2_LGD-1,mgnjbopd-1,Cluster 7,0,55.59
R1-CA-2_LGD-1,mgnecjni-1,Cluster 5,0,41.95
R1-CA-2_LGD-1,mgnkmbjp-1,Cluster 3,0,41.14
R1-CA-2_LGD-1,mgnipjaf-1,Cluster 7,0,34.68
R1-CA-2_LGD-1,mgnipcmn-1,Cluster 5,0,55.99
R1-CA-2_LGD-1,mgnjdpnp-1,Cluster 8,0,56.04
R1-CA-2_LGD-1,mgnjfafh-1,Cluster 1,0,59.79
R1-CA-2_LGD-1,mgnjcjcj-1,Cluster 8,0,27.86
R1-CA-2_LGD-1,mgojbnjp-1,Cluster 7,0,64.21
R1-CA-2_LGD-1,mgojcemo-1,Cluster 3,0,33.01
R1-CA-2_LGD-1,mgoikhil-1,Cluster 5,0,52.74
R1-CA-2_LGD-1,mgoihman-1,Cluster 5,0,68.55
R1-CA-2_LGD-1,mgojdgme-1,Cluster 12,0,25.38
R1-CA-2_LGD-1,mgoijeii-1,Cluster 3,0,28.18
R1-CA-2_LGD-1,mgnejjda-1,Cluster 12,0,16.53
R1-CA-2_LGD-1,ofoknhpn-1,Cluster 3,0,26.28
R1-CA-2_LGD-1,mgoiaklb-1,Cluster 1,0,28.58
R1-CA-2_LGD-1,mgnecgel-1,Cluster 3,0,35.49
R1-CA-2_LGD-1,ofokpfco-1,Cluster 3,0,36.80
R1-CA-2_LGD-1,mgohoobo-1,Cluster 1,0,29.67
R1-CA-2_LGD-1,mgnekljk-1,Cluster 4,0,32.29
R1-CA-2_LGD-1,mgohppkm-1,Cluster 5,0,36.80
R1-CA-2_LGD-1,mgpeaedn-1,Cluster 16,0,75.19
R1-CA-2_LGD-1,mgphffno-1,Cluster 16,0,66.97
R1-CA-2_LGD-1,mgpejegg-1,Cluster 12,0,26.19
R1-CA-2_LGD-1,mgpehacm-1,Cluster 12,0,17.88
R1-CA-2_LGD-1,mgpehpkp-1,Cluster 5,0,38.16
R1-CA-2_LGD-1,mgoemfgd-1,Cluster 1,0,78.26
R1-CA-2_LGD-1,mgpopikc-1,Cluster 8,0,98.89
R1-CA-2_LGD-1,mgpmfika-1,Cluster 7,0,27.27
R1-CA-2_LGD-1,mgpmilhk-1,Cluster 16,0,44.57
R1-CA-2_LGD-1,mgpmdnpa-1,Cluster 8,0,44.70
R1-CA-2_LGD-1,mgmfigep-1,Cluster 7,0,57.57
R1-CA-2_LGD-1,mgplpeoe-1,Cluster 1,0,50.94
R1-CA-2_LGD-1,mgofdkjb-1,Cluster 3,0,13.05
R1-CA-2_LGD-1,mgplohbg-1,Cluster 7,0,52.25
R1-CA-2_LGD-1,mgphmjma-1,Cluster 8,0,59.92
R1-CA-2_LGD-1,mgpmnmlk-1,Cluster 3,0,13.01
R1-CA-2_LGD-1,mgphinbc-1,Cluster 16,0,33.91
R1-CA-2_LGD-1,mgpmbkgi-1,Cluster 1,0,18.29
R1-CA-2_LGD-1,mgpmgbed-1,Cluster 5,0,22.94
R1-CA-2_LGD-1,mgpmegol-1,Cluster 5,0,82.68
R1-CA-2_LGD-1,mgpmdhkg-1,Cluster 12,0,24.02
R1-CA-2_LGD-1,mgmffjlo-1,Cluster 7,0,57.03
R1-CA-2_LGD-1,mgplnkhh-1,Cluster 7,0,41.95
R1-CA-2_LGD-1,mgponkhn-1,Cluster 1,0,44.39
R1-CA-2_LGD-1,mgpmmjgf-1,Cluster 16,0,121.47
R1-CA-2_LGD-1,mgpgkfeo-1,Cluster 5,0,99.25
R1-CA-2_LGD-1,mgpgfcbb-1,Cluster 1,0,35.54
R1-CA-2_LGD-1,mgpmecnf-1,Cluster 7,0,30.30
R1-CA-2_LGD-1,mgpgkjnm-1,Cluster 5,0,43.89
R1-CA-2_LGD-1,mgolfbdi-1,Cluster 6,0,40.64
R1-CA-2_LGD-1,mgpcknaj-1,Cluster 8,0,41.91
R1-CA-2_LGD-1,mgolchmo-1,Cluster 12,0,33.96
R1-CA-2_LGD-1,mgommbcm-1,Cluster 1,0,57.26
R1-CA-2_LGD-1,mgpaegjk-1,Cluster 8,0,41.54
R1-CA-2_LGD-1,mgpaegep-1,Cluster 5,0,34.77
R1-CA-2_LGD-1,mgpcicbp-1,Cluster 17,0,32.51
R1-CA-2_LGD-1,mgombdib-1,Cluster 6,0,160.40
R1-CA-2_LGD-1,mgolnnph-1,Cluster 3,0,8.67
R1-CA-2_LGD-1,mgolhlac-1,Cluster 10,0,35.72
R1-CA-2_LGD-1,mgomccko-1,Cluster 6,0,39.24
R1-CA-2_LGD-1,mgpaeodm-1,Cluster 1,0,59.11
R1-CA-2_LGD-1,mgpcdblo-1,Cluster 8,0,27.36
R1-CA-2_LGD-1,mgpcdbka-1,Cluster 12,0,42.63
R1-CA-2_LGD-1,mgpcbpje-1,Cluster 4,0,43.35
R1-CA-2_LGD-1,mgoldbgl-1,Cluster 12,0,32.33
R1-CA-2_LGD-1,mgpabcpp-1,Cluster 1,0,75.73
R1-CA-2_LGD-1,mgolcgjl-1,Cluster 7,0,90.27
R1-CA-2_LGD-1,mgpdjkaj-1,Cluster 8,0,15.71
R1-CA-2_LGD-1,mgolaoch-1,Cluster 5,0,65.61
R1-CA-2_LGD-1,mgpdlhcm-1,Cluster 3,0,44.48
R1-CA-2_LGD-1,mgpdfgfm-1,Cluster 5,0,34.50
R1-CA-2_LGD-1,mgpdknlm-1,Cluster 12,0,61.23
R1-CA-2_LGD-1,mgpdkfgg-1,Cluster 5,0,75.23
R1-CA-2_LGD-1,mgpdgdai-1,Cluster 3,0,90.54
R1-CA-2_LGD-1,mgolackn-1,Cluster 3,0,19.28
R1-CA-2_LGD-1,mgokliam-1,Cluster 7,0,33.87
R1-CA-2_LGD-1,mgpcmmbb-1,Cluster 8,0,26.33
R1-CA-2_LGD-1,mgoknoii-1,Cluster 3,0,22.67
R1-CA-2_LGD-1,mgpdidne-1,Cluster 3,0,21.63
R1-CA-2_LGD-1,mgpdogec-1,Cluster 4,0,60.33
R1-CA-2_LGD-1,mgpdjcfh-1,Cluster 3,0,14.90
R1-CA-2_LGD-1,mgpdfana-1,Cluster 4,0,83.22
R1-CA-2_LGD-1,mgokpmjd-1,Cluster 13,0,55.27
R1-CA-2_LGD-1,mgpdkagj-1,Cluster 4,0,42.76
R1-CA-2_LGD-1,mgokpacj-1,Cluster 1,0,43.26
R1-CA-2_LGD-1,mgokenjj-1,Cluster 12,0,55.59
R1-CA-2_LGD-1,mgmfiabk-1,Cluster 5,0,72.34
R1-CA-2_LGD-1,mgpamknm-1,Cluster 8,0,37.30
R1-CA-2_LGD-1,mhaacjdf-1,Cluster 1,0,21.09
R1-CA-2_LGD-1,mhaabhhg-1,Cluster 16,0,60.87
R1-CA-2_LGD-1,mhaaafao-1,Cluster 8,0,41.91
R1-CA-2_LGD-1,mgmfmjnk-1,Cluster 10,0,40.51
R1-CA-2_LGD-1,mgofdlge-1,Cluster 3,0,22.31
R1-CA-2_LGD-1,mhaadcah-1,Cluster 7,0,33.51
R1-CA-2_LGD-1,mgofciie-1,Cluster 3,0,32.96
R1-CA-2_LGD-1,mgppppkn-1,Cluster 8,0,13.50
R1-CA-2_LGD-1,mgopeoni-1,Cluster 12,0,27.59
R1-CA-2_LGD-1,mgoplggk-1,Cluster 7,0,61.91
R1-CA-2_LGD-1,mgopkaej-1,Cluster 7,0,70.85
R1-CA-2_LGD-1,mgoepmoc-1,Cluster 12,0,81.91
R1-CA-2_LGD-1,mgmfokai-1,Cluster 2,0,95.10
R1-CA-2_LGD-1,mgppkdcb-1,Cluster 16,0,99.39
R1-CA-2_LGD-1,mgmfhjkb-1,Cluster 12,0,22.40
R1-CA-2_LGD-1,mgopefdp-1,Cluster 7,0,33.42
R1-CA-2_LGD-1,mgppfano-1,Cluster 16,0,53.47
R1-CA-2_LGD-1,mgoemkdg-1,Cluster 16,0,139.80
R1-CA-2_LGD-1,mgppmbjd-1,Cluster 7,0,89.14
R1-CA-2_LGD-1,mgmgaedf-1,Cluster 2,0,36.13
R1-CA-2_LGD-1,mgpaknga-1,Cluster 7,0,59.38
R1-CA-2_LGD-1,mgoppegh-1,Cluster 7,0,66.29
R1-CA-2_LGD-1,mgpamhih-1,Cluster 1,0,21.72
R1-CA-2_LGD-1,mgofbkii-1,Cluster 16,0,71.98
R1-CA-2_LGD-1,dpcollbf-1,Cluster 1,0,35.49
R1-CA-2_LGD-1,mgopoahp-1,Cluster 7,0,57.30
R1-CA-2_LGD-1,mgofcncc-1,Cluster 13,0,65.57
R1-CA-2_LGD-1,mgphijpf-1,Cluster 5,0,62.50
R1-CA-2_LGD-1,mgopnole-1,Cluster 8,0,25.47
R1-CA-2_LGD-1,mgolhjnn-1,Cluster 13,0,41.77
R1-CA-2_LGD-1,mgpcbebb-1,Cluster 1,0,40.87
R1-CA-2_LGD-1,mgpaiccc-1,Cluster 4,0,31.84
R1-CA-2_LGD-1,mgolgdak-1,Cluster 13,0,34.91
R1-CA-2_LGD-1,dpdolhjd-1,Cluster 10,0,92.93
R1-CA-2_LGD-1,dpdmhjdp-1,Cluster 17,0,28.72
R1-CA-2_LGD-1,dpbomhcm-1,Cluster 2,0,90.40
R1-CA-2_LGD-1,mildabam-1,Cluster 2,0,73.29
R1-CA-2_LGD-1,dpdbfnfd-1,Cluster 2,0,41.23
R1-CA-2_LGD-1,dpdbbnla-1,Cluster 6,0,40.10
R1-CA-2_LGD-1,dpdbfeme-1,Cluster 2,0,71.89
R1-CA-2_LGD-1,dpdbfclp-1,Cluster 2,0,46.74
R1-CA-2_LGD-1,mildaiia-1,Cluster 1,0,32.87
R1-CA-2_LGD-1,milcjgpb-1,Cluster 6,0,50.58
R1-CA-2_LGD-1,dpcacflb-1,Cluster 6,0,31.38
R1-CA-2_LGD-1,dpdbdbmd-1,Cluster 21,0,48.23
R1-CA-2_LGD-1,milafahh-1,Cluster 6,0,40.51
R1-CA-2_LGD-1,dpcabdnh-1,Cluster 2,0,123.37
R1-CA-2_LGD-1,milcjnih-1,Cluster 2,0,32.83
R1-CA-2_LGD-1,dpcafkem-1,Cluster 2,0,157.91
R1-CA-2_LGD-1,mikocoha-1,Cluster 3,0,9.03
R1-CA-2_LGD-1,dpbneigf-1,Cluster 2,0,71.17
R1-CA-2_LGD-1,mikodojc-1,Cluster 7,0,24.70
R1-CA-2_LGD-1,mikojkmk-1,Cluster 2,0,79.70
R1-CA-2_LGD-1,mikoomnk-1,Cluster 2,0,22.31
R1-CA-2_LGD-1,milciaec-1,Cluster 20,0,21.27
R1-CA-2_LGD-1,ofpfeejm-1,Cluster 3,0,10.75
R1-CA-2_LGD-1,milbdlcf-1,Cluster 2,0,86.29
R1-CA-2_LGD-1,milbipno-1,Cluster 2,0,70.58
R1-CA-2_LGD-1,milafmkb-1,Cluster 2,0,63.22
R1-CA-2_LGD-1,milchfpc-1,Cluster 8,0,33.82
R1-CA-2_LGD-1,milcaeem-1,Cluster 17,0,25.60
R1-CA-2_LGD-1,milabflg-1,Cluster 6,0,51.70
R1-CA-2_LGD-1,milcfnfk-1,Cluster 4,0,54.46
R1-CA-2_LGD-1,milcjmpn-1,Cluster 17,0,9.75
R1-CA-2_LGD-1,mikojgem-1,Cluster 2,0,70.35
R1-CA-2_LGD-1,mikoiicp-1,Cluster 2,0,88.37
R1-CA-2_LGD-1,mikpdhfb-1,Cluster 2,0,40.41
R1-CA-2_LGD-1,milajimc-1,Cluster 2,0,50.94
R1-CA-2_LGD-1,mikoihae-1,Cluster 6,0,17.25
R1-CA-2_LGD-1,mgnnholc-1,Cluster 6,0,52.43
R1-CA-2_LGD-1,mgnpjcjf-1,Cluster 6,0,30.03
R1-CA-2_LGD-1,mgnncfof-1,Cluster 2,0,42.90
R1-CA-2_LGD-1,mgnnhefl-1,Cluster 10,0,58.97
R1-CA-2_LGD-1,mgnphdhh-1,Cluster 6,0,18.33
R1-CA-2_LGD-1,mgnpklae-1,Cluster 10,0,51.03
R1-CA-2_LGD-1,dpdbllea-1,Cluster 2,0,40.14
R1-CA-2_LGD-1,dpdadplg-1,Cluster 18,0,144.27
R1-CA-2_LGD-1,miknnhlf-1,Cluster 16,0,25.11
R1-CA-2_LGD-1,mgnpdanb-1,Cluster 10,0,90.45
R1-CA-2_LGD-1,mikoaeea-1,Cluster 6,0,50.80
R1-CA-2_LGD-1,mgnngmge-1,Cluster 2,0,26.78
R1-CA-2_LGD-1,mgnpdpnb-1,Cluster 6,0,88.19
R1-CA-2_LGD-1,mikoakeh-1,Cluster 2,0,74.01
R1-CA-2_LGD-1,dpdbbidi-1,Cluster 18,0,121.38
R1-CA-2_LGD-1,mgnpheba-1,Cluster 6,0,28.67
R1-CA-2_LGD-1,dpdanefh-1,Cluster 14,0,59.88
R1-CA-2_LGD-1,miknnhbm-1,Cluster 14,0,74.01
R1-CA-2_LGD-1,mikoanmi-1,Cluster 8,0,47.64
R1-CA-2_LGD-1,dpdmbgah-1,Cluster 2,0,56.94
R1-CA-2_LGD-1,dpdmdigk-1,Cluster 2,0,65.30
R1-CA-2_LGD-1,miknnkge-1,Cluster 16,0,57.89
R1-CA-2_LGD-1,dpdbhogm-1,Cluster 2,0,106.16
R1-CA-2_LGD-1,dpdbofef-1,Cluster 14,0,95.32
R1-CA-2_LGD-1,milddmlh-1,Cluster 2,0,108.87
R1-CA-2_LGD-1,dpdafjpb-1,Cluster 18,0,111.04
R1-CA-2_LGD-1,dpdbmdad-1,Cluster 2,0,89.91
R1-CA-2_LGD-1,mikoaebd-1,Cluster 7,0,32.24
R1-CA-2_LGD-1,dpdbmjcp-1,Cluster 6,0,24.29
R1-CA-2_LGD-1,dpdcaedf-1,Cluster 2,0,53.06
R1-CA-2_LGD-1,milclgph-1,Cluster 2,0,70.58
R1-CA-2_LGD-1,dpdcbpog-1,Cluster 2,0,64.98
R1-CA-2_LGD-1,dpdcbfgd-1,Cluster 2,0,59.47
R1-CA-2_LGD-1,mildgamh-1,Cluster 16,0,46.96
R1-CA-2_LGD-1,dpdbfffi-1,Cluster 2,0,50.44
R1-CA-2_LGD-1,dpdbheei-1,Cluster 2,0,32.78
R1-CA-2_LGD-1,dpdcckac-1,Cluster 2,0,102.14
R1-CA-2_LGD-1,dpdccjea-1,Cluster 10,0,35.54
R1-CA-2_LGD-1,milbjmio-1,Cluster 10,0,127.30
R1-CA-2_LGD-1,milbjjgf-1,Cluster 6,0,19.37
R1-CA-2_LGD-1,dpbnjnlf-1,Cluster 2,0,36.40
R1-CA-2_LGD-1,milbkpje-1,Cluster 14,0,76.45
R1-CA-2_LGD-1,dpbmpnnh-1,Cluster 2,0,149.38
R1-CA-2_LGD-1,dpboaeio-1,Cluster 18,0,88.19
R1-CA-2_LGD-1,milakedc-1,Cluster 10,0,100.07
R1-CA-2_LGD-1,dpbnipnm-1,Cluster 6,0,30.03
R1-CA-2_LGD-1,milaeghn-1,Cluster 2,0,116.14
R1-CA-2_LGD-1,milgbigl-1,Cluster 12,0,26.91
R1-CA-2_LGD-1,milgmfbn-1,Cluster 12,0,47.64
R1-CA-2_LGD-1,milappgh-1,Cluster 10,0,152.04
R1-CA-2_LGD-1,dpbpcllj-1,Cluster 2,0,105.98
R1-CA-2_LGD-1,dpbognpi-1,Cluster 2,0,39.38
R1-CA-2_LGD-1,mikpcfmp-1,Cluster 18,0,94.60
R1-CA-2_LGD-1,mikpighe-1,Cluster 17,0,35.67
R1-CA-2_LGD-1,dpbpkadi-1,Cluster 2,0,101.01
R1-CA-2_LGD-1,dpbonaoh-1,Cluster 2,0,53.15
R1-CA-2_LGD-1,dpbnobha-1,Cluster 10,0,38.65
R1-CA-2_LGD-1,dpcahahk-1,Cluster 2,0,55.54
R1-CA-2_LGD-1,dpbppfmk-1,Cluster 2,0,45.47
R1-CA-2_LGD-1,dpbnlkdl-1,Cluster 6,0,48.45
R1-CA-2_LGD-1,milbolom-1,Cluster 18,0,62.99
R1-CA-2_LGD-1,mikpeoen-1,Cluster 6,0,50.48
R1-CA-2_LGD-1,mikpeflj-1,Cluster 18,0,88.19
R1-CA-2_LGD-1,milbnhoc-1,Cluster 2,0,58.97
R1-CA-2_LGD-1,mikpeknh-1,Cluster 6,0,12.73
R1-CA-2_LGD-1,dpbnoomf-1,Cluster 2,0,59.79
R1-CA-2_LGD-1,dpbpiflh-1,Cluster 2,0,60.64
R1-CA-2_LGD-1,dpbnleko-1,Cluster 2,0,87.29
R1-CA-2_LGD-1,milahfdp-1,Cluster 17,0,43.53
R1-CA-2_LGD-1,dpbookjh-1,Cluster 2,0,79.07
R1-CA-2_LGD-1,dpbonhlp-1,Cluster 2,0,59.61
R1-CA-2_LGD-1,milbpcfd-1,Cluster 5,0,21.81
R1-CA-2_LGD-1,dpbnmpae-1,Cluster 2,0,47.59
R1-CA-2_LGD-1,dpddcpgo-1,Cluster 2,0,85.98
R1-CA-2_LGD-1,mgnopmdc-1,Cluster 17,0,30.21
R1-CA-2_LGD-1,dpdnjlfa-1,Cluster 14,0,48.00
R1-CA-2_LGD-1,dpdnacei-1,Cluster 2,0,42.09
R1-CA-2_LGD-1,mikobehh-1,Cluster 5,0,12.60
R1-CA-2_LGD-1,mgnolilh-1,Cluster 8,0,50.89
R1-CA-2_LGD-1,mgnoojmd-1,Cluster 18,0,95.60
R1-CA-2_LGD-1,dpddopch-1,Cluster 14,0,99.43
R1-CA-2_LGD-1,mikociaa-1,Cluster 7,0,49.99
R1-CA-2_LGD-1,dpdnahjg-1,Cluster 14,0,24.88
R1-CA-2_LGD-1,mgnopmok-1,Cluster 6,0,64.66
R1-CA-2_LGD-1,mgnohpld-1,Cluster 18,0,104.63
R1-CA-2_LGD-1,mgnohacl-1,Cluster 14,0,65.34
R1-CA-2_LGD-1,miknhdpp-1,Cluster 5,0,28.31
R1-CA-2_LGD-1,dpdnkjfj-1,Cluster 18,0,133.71
R1-CA-2_LGD-1,dpdddamm-1,Cluster 2,0,92.12
R1-CA-2_LGD-1,mgnohhfc-1,Cluster 14,0,22.62
R1-CA-2_LGD-1,mgnomocg-1,Cluster 2,0,59.47
R1-CA-2_LGD-1,dpddpjhn-1,Cluster 14,0,90.49
R1-CA-2_LGD-1,mgnopmnc-1,Cluster 18,0,150.78
R1-CA-2_LGD-1,dpddchmj-1,Cluster 10,0,89.27
R1-CA-2_LGD-1,miknfndo-1,Cluster 1,0,37.62
R1-CA-2_LGD-1,dpdcledj-1,Cluster 10,0,25.92
R1-CA-2_LGD-1,mgnohgbo-1,Cluster 12,0,38.97
R1-CA-2_LGD-1,mikncdfh-1,Cluster 16,0,46.24
R1-CA-2_LGD-1,mikndima-1,Cluster 5,0,49.18
R1-CA-2_LGD-1,miknmgfe-1,Cluster 16,0,42.27
R1-CA-2_LGD-1,mgnogndd-1,Cluster 5,0,40.37
R1-CA-2_LGD-1,dpddalhe-1,Cluster 2,0,66.61
R1-CA-2_LGD-1,miknedje-1,Cluster 13,0,67.46
R1-CA-2_LGD-1,dpdcpcgl-1,Cluster 2,0,64.03
R1-CA-2_LGD-1,miknlcah-1,Cluster 13,0,16.53
R1-CA-2_LGD-1,dpdcplnj-1,Cluster 10,0,50.48
R1-CA-2_LGD-1,dpdcbajc-1,Cluster 2,0,28.95
R1-CA-2_LGD-1,dpdccbnf-1,Cluster 2,0,70.17
R1-CA-2_LGD-1,dpdlhfob-1,Cluster 2,0,87.42
R1-CA-2_LGD-1,mgnpnjci-1,Cluster 2,0,105.39
R1-CA-2_LGD-1,mgoajenl-1,Cluster 3,0,11.65
R1-CA-2_LGD-1,dpdpkfan-1,Cluster 2,0,64.30
R1-CA-2_LGD-1,mgnpnnnc-1,Cluster 6,0,33.19
R1-CA-2_LGD-1,mgokhhjf-1,Cluster 7,0,34.91
R1-CA-2_LGD-1,mgoagphj-1,Cluster 5,0,65.34
R1-CA-2_LGD-1,mgokgehm-1,Cluster 3,0,14.54
R1-CA-2_LGD-1,mgodgfej-1,Cluster 2,0,36.08
R1-CA-2_LGD-1,mgocjohm-1,Cluster 2,0,75.86
R1-CA-2_LGD-1,mgoejjcd-1,Cluster 2,0,55.50
R1-CA-2_LGD-1,mgodmgfh-1,Cluster 2,0,33.82
R1-CA-2_LGD-1,mgoclnhn-1,Cluster 2,0,59.15
R1-CA-2_LGD-1,mgoiafli-1,Cluster 17,0,47.59
R1-CA-2_LGD-1,mgocmdng-1,Cluster 2,0,39.06
R1-CA-2_LGD-1,mgojgglh-1,Cluster 5,0,47.05
R1-CA-2_LGD-1,mgnpnkah-1,Cluster 17,0,13.82
R1-CA-2_LGD-1,mgocgljn-1,Cluster 2,0,51.57
R1-CA-2_LGD-1,mgodongo-1,Cluster 2,0,102.50
R1-CA-2_LGD-1,mgodfpce-1,Cluster 2,0,63.44
R1-CA-2_LGD-1,dpdllbef-1,Cluster 2,0,133.80
R1-CA-2_LGD-1,mgnmppbm-1,Cluster 2,0,58.70
R1-CA-2_LGD-1,mgnnakhd-1,Cluster 2,0,16.66
R1-CA-2_LGD-1,mgnoaong-1,Cluster 6,0,19.28
R1-CA-2_LGD-1,mgochjmm-1,Cluster 2,0,21.49
R1-CA-2_LGD-1,mgnocfea-1,Cluster 2,0,49.45
R1-CA-2_LGD-1,mgnoepjn-1,Cluster 6,0,23.71
R1-CA-2_LGD-1,mgnmoloc-1,Cluster 2,0,38.61
R1-CA-2_LGD-1,mgnocenc-1,Cluster 2,0,89.73
R1-CA-2_LGD-1,dpdmhdpj-1,Cluster 2,0,51.93
R1-CA-2_LGD-1,mgnnmjpj-1,Cluster 2,0,38.97
R1-CA-2_LGD-1,mgnoaolb-1,Cluster 17,0,18.02
R1-CA-2_LGD-1,dpdlkmhh-1,Cluster 2,0,62.04
R1-CA-2_LGD-1,dpdmkimp-1,Cluster 2,0,73.65
R1-CA-2_LGD-1,mgnnljhd-1,Cluster 6,0,16.53
R1-CA-2_LGD-1,mgnnmgll-1,Cluster 10,0,72.43
R1-CA-2_LGD-1,dpdmhond-1,Cluster 2,0,60.01
R1-CA-2_LGD-1,mgnnmfen-1,Cluster 17,0,9.75
R1-CA-2_LGD-1,dpcmggdl-1,Cluster 10,0,66.56
R1-CA-2_LGD-1,mgmbljjo-1,Cluster 2,0,62.95
R1-CA-2_LGD-1,mgmcbmgh-1,Cluster 10,0,42.72
R1-CA-2_LGD-1,mgmcgieb-1,Cluster 2,0,67.69
R1-CA-2_LGD-1,dpcknnke-1,Cluster 2,0,68.68
R1-CA-2_LGD-1,dpcokenk-1,Cluster 2,0,80.11
R1-CA-2_LGD-1,mgofbpfh-1,Cluster 16,0,36.58
R1-CA-2_LGD-1,dpcombeh-1,Cluster 2,0,83.36
R1-CA-2_LGD-1,dpclplij-1,Cluster 2,0,49.22
R1-CA-2_LGD-1,mgmciinj-1,Cluster 2,0,35.09
R1-CA-2_LGD-1,dpconhkl-1,Cluster 2,0,61.23
R1-CA-2_LGD-1,dpcloifn-1,Cluster 18,0,93.47
R1-CA-2_LGD-1,mgmcgpdp-1,Cluster 2,0,51.43
R1-CA-2_LGD-1,dpclhpkj-1,Cluster 2,0,74.78
R1-CA-2_LGD-1,dpclmljd-1,Cluster 2,0,58.57
R1-CA-2_LGD-1,mgofapnm-1,Cluster 16,0,48.18
R1-CA-2_LGD-1,mgnmnfgd-1,Cluster 10,0,57.71
R1-CA-2_LGD-1,dpcolnap-1,Cluster 2,0,64.89
R1-CA-2_LGD-1,mgolefbe-1,Cluster 16,0,56.13
R1-CA-2_LGD-1,mgnldipi-1,Cluster 2,0,73.20
R1-CA-2_LGD-1,mgoakhmi-1,Cluster 2,0,60.64
R1-CA-2_LGD-1,mgnljjha-1,Cluster 2,0,74.87
R1-CA-2_LGD-1,mgnldkaj-1,Cluster 1,0,76.54
R1-CA-2_LGD-1,mgobfdhj-1,Cluster 8,0,82.73
R1-CA-2_LGD-1,mgolkfpj-1,Cluster 8,0,47.10
R1-CA-2_LGD-1,mgoahpkk-1,Cluster 5,0,29.22
R1-CA-2_LGD-1,mgokkdko-1,Cluster 12,0,36.58
R1-CA-2_LGD-1,mgokngkj-1,Cluster 5,0,30.93
R1-CA-2_LGD-1,mgoldhem-1,Cluster 6,0,31.29
R1-CA-2_LGD-1,mgoapbap-1,Cluster 2,0,139.35
R1-CA-2_LGD-1,dpdljgck-1,Cluster 2,0,101.65
R1-CA-2_LGD-1,mgnllclh-1,Cluster 5,0,50.58
R1-CA-2_LGD-1,mgoaahnd-1,Cluster 5,0,38.38
R1-CA-2_LGD-1,mgoekicg-1,Cluster 2,0,58.70
R1-CA-2_LGD-1,mgokccfj-1,Cluster 1,0,42.99
R1-CA-2_LGD-1,dpdkocga-1,Cluster 10,0,77.08
R1-CA-2_LGD-1,mgobddpc-1,Cluster 2,0,96.68
R1-CA-2_LGD-1,dpdpkgbh-1,Cluster 10,0,134.39
R1-CA-2_LGD-1,mgnpmlhh-1,Cluster 6,0,49.85
R1-CA-2_LGD-1,mgoakedd-1,Cluster 10,0,25.06
R1-CA-2_LGD-1,dpdlfjpb-1,Cluster 2,0,109.96
R1-CA-2_LGD-1,mgnpnbmj-1,Cluster 6,0,22.76
R1-CA-2_LGD-1,mgodbenp-1,Cluster 14,0,71.21
R1-CA-2_LGD-1,dpdpijkj-1,Cluster 10,0,67.37
R1-CA-2_LGD-1,mgoegkhe-1,Cluster 6,0,25.29
R1-CA-2_LGD-1,mgnpnpcn-1,Cluster 2,0,113.43
R1-CA-2_LGD-1,dpdolech-1,Cluster 14,0,246.28
R1-CA-2_LGD-1,mgoblgpl-1,Cluster 10,0,71.03
R1-CA-2_LGD-1,dpdpjpoa-1,Cluster 2,0,154.66
R1-CA-2_LGD-1,mgodejom-1,Cluster 2,0,66.06
R1-CA-2_LGD-1,mgodaghi-1,Cluster 10,0,36.44
R1-CA-2_LGD-1,dpdoiamj-1,Cluster 10,0,104.40
R1-CA-2_LGD-1,mgodpdja-1,Cluster 2,0,108.06
R1-CA-2_LGD-1,dpdmnegk-1,Cluster 10,0,299.61
R1-CA-2_LGD-1,mgobidnl-1,Cluster 2,0,50.89
R1-CA-2_LGD-1,dpdmpclf-1,Cluster 2,0,123.59
R1-CA-2_LGD-1,mgoeicea-1,Cluster 2,0,52.92
R1-CA-2_LGD-1,mgoeggaj-1,Cluster 6,0,51.43
R1-CA-2_LGD-1,dpdmpmic-1,Cluster 10,0,105.58
R1-CA-2_LGD-1,mgobincm-1,Cluster 2,0,36.67
R1-CA-2_LGD-1,mgodpnbj-1,Cluster 2,0,21.00
R1-CA-2_LGD-1,mgobijog-1,Cluster 6,0,44.39
R1-CA-2_LGD-1,mgobgblb-1,Cluster 10,0,140.12
R1-CA-2_LGD-1,dpdnlfae-1,Cluster 6,0,93.52
R1-CA-2_LGD-1,dpdoagll-1,Cluster 14,0,81.96
R1-CA-2_LGD-1,dpdocopn-1,Cluster 2,0,74.37
R1-CA-2_LGD-1,mgocoamk-1,Cluster 17,0,27.59
R1-CA-2_LGD-1,dpdlknld-1,Cluster 2,0,73.83
R1-CA-2_LGD-1,dpdobhdl-1,Cluster 2,0,75.46
R1-CA-2_LGD-1,mgocmjcp-1,Cluster 2,0,42.22
R1-CA-2_LGD-1,dpdnjebn-1,Cluster 2,0,127.39
R1-CA-2_LGD-1,dpdljign-1,Cluster 2,0,115.51
R1-CA-2_LGD-1,dpckkaio-1,Cluster 6,0,39.60
R1-CA-2_LGD-1,dpcljmka-1,Cluster 2,0,142.65
R1-CA-2_LGD-1,mgnloach-1,Cluster 2,0,46.29
R1-CA-2_LGD-1,dpcojmml-1,Cluster 10,0,56.22
R1-CA-2_LGD-1,dpcofdfo-1,Cluster 2,0,53.19
R1-CA-2_LGD-1,dpclnepp-1,Cluster 10,0,57.57
R1-CA-2_LGD-1,mgmccknk-1,Cluster 10,0,69.00
R1-CA-2_LGD-1,dpclkbha-1,Cluster 2,0,31.20
R1-CA-2_LGD-1,mgnlcbko-1,Cluster 17,0,71.66
R1-CA-2_LGD-1,mgnmlacf-1,Cluster 10,0,98.26
R1-CA-2_LGD-1,mgmcnail-1,Cluster 3,0,27.82
R1-CA-2_LGD-1,mgnmieep-1,Cluster 10,0,65.93
R1-CA-2_LGD-1,mgnmefdb-1,Cluster 10,0,62.09
R1-CA-2_LGD-1,dpcpldfo-1,Cluster 6,0,67.51
R1-CA-2_LGD-1,mgnmlmba-1,Cluster 10,0,109.01
R1-CA-2_LGD-1,mgnmimek-1,Cluster 10,0,155.74
R1-CA-2_LGD-1,dpcpnpep-1,Cluster 3,0,26.06
R1-CA-2_LGD-1,mgmcdnjb-1,Cluster 6,0,73.24
R1-CA-2_LGD-1,dpcogcnk-1,Cluster 10,0,65.16
R1-CA-2_LGD-1,dpcpkgho-1,Cluster 10,0,68.68
R1-CA-2_LGD-1,mgmckena-1,Cluster 17,0,52.74
R1-CA-2_LGD-1,dpcopami-1,Cluster 2,0,68.41
R1-CA-2_LGD-1,mgmckoha-1,Cluster 3,0,11.83
R1-CA-2_LGD-1,dpcllmlc-1,Cluster 2,0,84.98
R1-CA-2_LGD-1,mgnmbphi-1,Cluster 2,0,67.60
R1-CA-2_LGD-1,dpdlgkif-1,Cluster 2,0,48.99
R1-CA-2_LGD-1,mgnmbabg-1,Cluster 2,0,41.05
R1-CA-2_LGD-1,dpdlbile-1,Cluster 2,0,82.23
R1-CA-2_LGD-1,mgnlgiek-1,Cluster 2,0,38.56
R1-CA-2_LGD-1,mgnljblo-1,Cluster 6,0,17.48
R1-CA-2_LGD-1,dpdlfbli-1,Cluster 2,0,107.07
R1-CA-2_LGD-1,dpdldnlb-1,Cluster 10,0,42.09
R1-CA-2_LGD-1,dpdknjkn-1,Cluster 2,0,67.78
R1-CA-2_LGD-1,dpdlgece-1,Cluster 2,0,79.79
R1-CA-2_LGD-1,mgnlabna-1,Cluster 2,0,64.08
R1-CA-2_LGD-1,dlhagegi-1,Cluster 2,0,79.16
R1-CA-2_LGD-1,dlgopiea-1,Cluster 2,0,57.53
R1-CA-2_LGD-1,mjaekigb-1,Cluster 14,0,60.74
R1-CA-2_LGD-1,mjaeoelg-1,Cluster 14,0,102.05
R1-CA-2_LGD-1,mjaeloco-1,Cluster 8,0,16.35
R1-CA-2_LGD-1,mjafaofn-1,Cluster 14,0,82.00
R1-CA-2_LGD-1,mjaemeln-1,Cluster 16,0,53.33
R1-CA-2_LGD-1,milboonp-1,Cluster 13,0,29.17
R1-CA-2_LGD-1,mjafkmde-1,Cluster 18,0,41.77
R1-CA-2_LGD-1,mjafofen-1,Cluster 14,0,41.77
R1-CA-2_LGD-1,milbpjen-1,Cluster 5,0,18.47
R1-CA-2_LGD-1,dlhddcon-1,Cluster 18,0,44.16
R1-CA-2_LGD-1,mjdlippf-1,Cluster 5,0,58.07
R1-CA-2_LGD-1,mjahmmpj-1,Cluster 6,0,59.34
R1-CA-2_LGD-1,mikphgbp-1,Cluster 6,0,138.13
R1-CA-2_LGD-1,dlhdeepm-1,Cluster 18,0,75.19
R1-CA-2_LGD-1,mjaikbai-1,Cluster 17,0,21.58
R1-CA-2_LGD-1,mjdlicie-1,Cluster 6,0,57.89
R1-CA-2_LGD-1,dlglaiek-1,Cluster 6,0,59.61
R1-CA-2_LGD-1,dlgopiii-1,Cluster 18,0,72.11
R1-CA-2_LGD-1,mjaenadk-1,Cluster 14,0,45.61
R1-CA-2_LGD-1,dpbnnhhe-1,Cluster 14,0,51.57
R1-CA-2_LGD-1,dlhdfmjf-1,Cluster 14,0,46.15
R1-CA-2_LGD-1,mjafjofa-1,Cluster 18,0,22.53
R1-CA-2_LGD-1,mjafgnio-1,Cluster 14,0,70.85
R1-CA-2_LGD-1,mikpiohn-1,Cluster 2,0,67.42
R1-CA-2_LGD-1,dlgoodpg-1,Cluster 6,0,33.01
R1-CA-2_LGD-1,dlglanfp-1,Cluster 2,0,44.12
R1-CA-2_LGD-1,dlhdinam-1,Cluster 18,0,51.70
R1-CA-2_LGD-1,dlgohhmj-1,Cluster 2,0,38.56
R1-CA-2_LGD-1,mjaibgmf-1,Cluster 6,0,58.39
R1-CA-2_LGD-1,dlgojpad-1,Cluster 2,0,123.68
R1-CA-2_LGD-1,milbkhli-1,Cluster 10,0,91.85
R1-CA-2_LGD-1,dlglcfbl-1,Cluster 18,0,95.19
R1-CA-2_LGD-1,dlhdekll-1,Cluster 18,0,46.83
R1-CA-2_LGD-1,mjdlkgod-1,Cluster 6,0,30.66
R1-CA-2_LGD-1,mjafgope-1,Cluster 18,0,64.30
R1-CA-2_LGD-1,mhlkbpng-1,Cluster 17,0,19.24
R1-CA-2_LGD-1,dlhdkeck-1,Cluster 6,0,38.07
R1-CA-2_LGD-1,dlhdlppg-1,Cluster 2,0,39.29
R1-CA-2_LGD-1,dlhacnhk-1,Cluster 6,0,68.41
R1-CA-2_LGD-1,mgnoifpj-1,Cluster 6,0,74.96
R1-CA-2_LGD-1,dlheailc-1,Cluster 10,0,25.74
R1-CA-2_LGD-1,mhlkbacf-1,Cluster 8,0,24.52
R1-CA-2_LGD-1,dlhedcfb-1,Cluster 2,0,35.40
R1-CA-2_LGD-1,dpdnhdoc-1,Cluster 2,0,102.32
R1-CA-2_LGD-1,dpdnefmg-1,Cluster 2,0,103.68
R1-CA-2_LGD-1,dpdnenoe-1,Cluster 14,0,55.05
R1-CA-2_LGD-1,dpdngpmi-1,Cluster 14,0,46.56
R1-CA-2_LGD-1,dpdngdic-1,Cluster 14,0,29.40
R1-CA-2_LGD-1,dpdngoln-1,Cluster 2,0,96.41
R1-CA-2_LGD-1,dpdndmmi-1,Cluster 10,0,110.59
R1-CA-2_LGD-1,mikoclok-1,Cluster 18,0,36.67
R1-CA-2_LGD-1,dpdcilin-1,Cluster 14,0,134.61
R1-CA-2_LGD-1,dpdckani-1,Cluster 18,0,126.62
R1-CA-2_LGD-1,dpddlela-1,Cluster 14,0,22.67
R1-CA-2_LGD-1,dpdcefll-1,Cluster 14,0,88.10
R1-CA-2_LGD-1,dpdchakc-1,Cluster 10,0,137.00
R1-CA-2_LGD-1,dpdchnjc-1,Cluster 18,0,48.77
R1-CA-2_LGD-1,dpdccnek-1,Cluster 14,0,49.58
R1-CA-2_LGD-1,dpdcebcp-1,Cluster 18,0,91.98
R1-CA-2_LGD-1,dpdcedpp-1,Cluster 14,0,21.68
R1-CA-2_LGD-1,mhlhhppp-1,Cluster 14,0,86.52
R1-CA-2_LGD-1,dpdebehe-1,Cluster 10,0,122.69
R1-CA-2_LGD-1,mhlhfnem-1,Cluster 14,0,67.33
R1-CA-2_LGD-1,mhlhklfj-1,Cluster 17,0,104.81
R1-CA-2_LGD-1,dpddfmhg-1,Cluster 18,0,73.29
R1-CA-2_LGD-1,mhlhjbei-1,Cluster 6,0,145.09
R1-CA-2_LGD-1,dpdcfhbc-1,Cluster 14,0,59.43
R1-CA-2_LGD-1,dpdcekni-1,Cluster 14,0,99.66
R1-CA-2_LGD-1,milboahp-1,Cluster 14,0,84.98
R1-CA-2_LGD-1,mjafdgpj-1,Cluster 14,0,65.43
R1-CA-2_LGD-1,mhlfmkll-1,Cluster 14,0,152.22
R1-CA-2_LGD-1,mhlhflik-1,Cluster 13,0,46.51
R1-CA-2_LGD-1,mhlhffpl-1,Cluster 13,0,42.31
R1-CA-2_LGD-1,mhlgepna-1,Cluster 18,0,130.59
R1-CA-2_LGD-1,mjafobfh-1,Cluster 1,0,30.21
R1-CA-2_LGD-1,dlglgmhj-1,Cluster 18,0,46.42
R1-CA-2_LGD-1,dlhbnlji-1,Cluster 2,0,58.07
R1-CA-2_LGD-1,mjaffbnm-1,Cluster 10,0,122.42
R1-CA-2_LGD-1,mhlgdjal-1,Cluster 14,0,86.75
R1-CA-2_LGD-1,dlgnojpl-1,Cluster 10,0,41.81
R1-CA-2_LGD-1,dlgoondj-1,Cluster 18,0,109.46
R1-CA-2_LGD-1,dlgnkfon-1,Cluster 18,0,110.95
R1-CA-2_LGD-1,mjafgonp-1,Cluster 10,0,109.19
R1-CA-2_LGD-1,mjafhcio-1,Cluster 2,0,28.54
R1-CA-2_LGD-1,dlhbnjef-1,Cluster 18,0,61.14
R1-CA-2_LGD-1,mjaffapf-1,Cluster 14,0,62.41
R1-CA-2_LGD-1,dlgnjbfn-1,Cluster 14,0,82.05
R1-CA-2_LGD-1,dlgndnab-1,Cluster 10,0,35.13
R1-CA-2_LGD-1,dlgmndck-1,Cluster 18,0,107.02
R1-CA-2_LGD-1,mjafifei-1,Cluster 2,0,92.57
R1-CA-2_LGD-1,dlhbpjmo-1,Cluster 18,0,332.49
R1-CA-2_LGD-1,dlgnmlgf-1,Cluster 2,0,65.16
R1-CA-2_LGD-1,dlgmpddl-1,Cluster 18,0,57.62
R1-CA-2_LGD-1,dlglngno-1,Cluster 6,0,49.36
R1-CA-2_LGD-1,dlglnocf-1,Cluster 2,0,59.65
R1-CA-2_LGD-1,mjagbogj-1,Cluster 14,0,50.17
R1-CA-2_LGD-1,dlglcifd-1,Cluster 2,0,84.17
R1-CA-2_LGD-1,dlglemlc-1,Cluster 2,0,48.99
R1-CA-2_LGD-1,dlgobfok-1,Cluster 18,0,78.66
R1-CA-2_LGD-1,mjdkkhja-1,Cluster 12,0,45.47
R1-CA-2_LGD-1,dlglkdfg-1,Cluster 2,0,64.89
R1-CA-2_LGD-1,dlglafal-1,Cluster 2,0,77.40
R1-CA-2_LGD-1,mjahhkcj-1,Cluster 17,0,20.46
R1-CA-2_LGD-1,mjdknhea-1,Cluster 17,0,50.58
R1-CA-2_LGD-1,mjdlckka-1,Cluster 17,0,43.03
R1-CA-2_LGD-1,dlgldcgj-1,Cluster 6,0,48.09
R1-CA-2_LGD-1,dlglleef-1,Cluster 2,0,55.09
R1-CA-2_LGD-1,mjdknbla-1,Cluster 3,0,38.88
R1-CA-2_LGD-1,mhlkihko-1,Cluster 3,0,19.46
R1-CA-2_LGD-1,ofpapnpk-1,Cluster 3,0,112.98
R1-CA-2_LGD-1,dlhaoblf-1,Cluster 18,0,81.06
R1-CA-2_LGD-1,dlgjmedn-1,Cluster 18,0,76.13
R1-CA-2_LGD-1,mhlgdgkd-1,Cluster 5,0,63.44
R1-CA-2_LGD-1,mhlfljdo-1,Cluster 13,0,118.67
R1-CA-2_LGD-1,dlgkmboi-1,Cluster 2,0,42.04
R1-CA-2_LGD-1,dlgkhkgj-1,Cluster 14,0,47.10
R1-CA-2_LGD-1,dlgjlfop-1,Cluster 18,0,55.05
R1-CA-2_LGD-1,mhlejlmf-1,Cluster 10,0,132.40
R1-CA-2_LGD-1,mhlgkmha-1,Cluster 10,0,40.14
R1-CA-2_LGD-1,dlgjikjg-1,Cluster 18,0,132.99
R1-CA-2_LGD-1,dlhapnne-1,Cluster 18,0,169.83
R1-CA-2_LGD-1,mhlfbpkd-1,Cluster 18,0,71.39
R1-CA-2_LGD-1,dlhbihnl-1,Cluster 18,0,52.79
R1-CA-2_LGD-1,dlhaoepi-1,Cluster 18,0,60.83
R1-CA-2_LGD-1,mhlfcafp-1,Cluster 14,0,22.31
R1-CA-2_LGD-1,mhlfcegp-1,Cluster 14,0,57.03
R1-CA-2_LGD-1,dlhapcgh-1,Cluster 2,0,68.95
R1-CA-2_LGD-1,dlhbenjf-1,Cluster 18,0,127.84
R1-CA-2_LGD-1,dlgjkgmi-1,Cluster 14,0,60.10
R1-CA-2_LGD-1,mhlfaibo-1,Cluster 14,0,312.44
R1-CA-2_LGD-1,mhlfaani-1,Cluster 6,0,75.55
R1-CA-2_LGD-1,mhleldjm-1,Cluster 17,0,17.52
R1-CA-2_LGD-1,mhlehhmo-1,Cluster 2,0,55.86
R1-CA-2_LGD-1,dlhaknkj-1,Cluster 17,0,137.37
R1-CA-2_LGD-1,mhlfndnd-1,Cluster 8,0,12.64
R1-CA-2_LGD-1,mhlhckei-1,Cluster 14,0,31.07
R1-CA-2_LGD-1,mhlgafne-1,Cluster 6,0,36.17
R1-CA-2_LGD-1,dlhbgaea-1,Cluster 14,0,323.68
R1-CA-2_LGD-1,dlhakope-1,Cluster 6,0,42.81
R1-CA-2_LGD-1,dpdchmba-1,Cluster 14,0,120.30
R1-CA-2_LGD-1,mhlfnnea-1,Cluster 5,0,39.87
R1-CA-2_LGD-1,mhlhbdfp-1,Cluster 14,0,56.22
R1-CA-2_LGD-1,mhlgdbha-1,Cluster 16,0,63.22
R1-CA-2_LGD-1,mhkbbdci-1,Cluster 8,0,83.67
R1-CA-2_LGD-1,mhkebecj-1,Cluster 18,0,71.08
R1-CA-2_LGD-1,mgnkplgh-1,Cluster 14,0,59.15
R1-CA-2_LGD-1,mhkejaip-1,Cluster 10,0,30.57
R1-CA-2_LGD-1,mhkekdod-1,Cluster 14,0,62.68
R1-CA-2_LGD-1,dkddegbi-1,Cluster 2,0,90.81
R1-CA-2_LGD-1,dpdoeipo-1,Cluster 10,0,253.24
R1-CA-2_LGD-1,dkddneae-1,Cluster 2,0,75.19
R1-CA-2_LGD-1,dpdphgla-1,Cluster 18,0,172.45
R1-CA-2_LGD-1,dpdommfb-1,Cluster 18,0,87.02
R1-CA-2_LGD-1,dpdpahbl-1,Cluster 10,0,23.48
R1-CA-2_LGD-1,dkddnolk-1,Cluster 2,0,80.20
R1-CA-2_LGD-1,dkddlkbd-1,Cluster 10,0,39.83
R1-CA-2_LGD-1,dpdpbhpb-1,Cluster 2,0,85.57
R1-CA-2_LGD-1,dkddpkfm-1,Cluster 6,0,54.55
R1-CA-2_LGD-1,dkddfagp-1,Cluster 2,0,130.41
R1-CA-2_LGD-1,dpdpappf-1,Cluster 10,0,52.16
R1-CA-2_LGD-1,dpdpafcf-1,Cluster 2,0,47.50
R1-CA-2_LGD-1,dkddolml-1,Cluster 2,0,111.58
R1-CA-2_LGD-1,mhleekoe-1,Cluster 6,0,9.44
R1-CA-2_LGD-1,dpdpbkhj-1,Cluster 18,0,101.92
R1-CA-2_LGD-1,mhleghpb-1,Cluster 1,0,29.22
R1-CA-2_LGD-1,dlhdanhc-1,Cluster 6,0,40.46
R1-CA-2_LGD-1,mgocoemi-1,Cluster 6,0,72.16
R1-CA-2_LGD-1,mhldnpkb-1,Cluster 10,0,51.66
R1-CA-2_LGD-1,dlgpkokn-1,Cluster 17,0,44.75
R1-CA-2_LGD-1,dpdoblji-1,Cluster 2,0,52.70
R1-CA-2_LGD-1,dlhdabni-1,Cluster 2,0,145.09
R1-CA-2_LGD-1,dlhckhii-1,Cluster 2,0,90.27
R1-CA-2_LGD-1,dlhcmild-1,Cluster 2,0,63.17
R1-CA-2_LGD-1,mhldkgnl-1,Cluster 6,0,164.19
R1-CA-2_LGD-1,mhldphci-1,Cluster 17,0,52.20
R1-CA-2_LGD-1,mhlkfcbk-1,Cluster 6,0,60.01
R1-CA-2_LGD-1,mhlkghlf-1,Cluster 10,0,63.99
R1-CA-2_LGD-1,mhldllfl-1,Cluster 6,0,92.21
R1-CA-2_LGD-1,dlhadlee-1,Cluster 2,0,66.74
R1-CA-2_LGD-1,mhleedob-1,Cluster 6,0,19.28
R1-CA-2_LGD-1,dkddgdji-1,Cluster 14,0,42.36
R1-CA-2_LGD-1,dkdaeadg-1,Cluster 14,0,35.36
R1-CA-2_LGD-1,dpcphmcd-1,Cluster 14,0,61.05
R1-CA-2_LGD-1,dpcopmgb-1,Cluster 6,0,60.10
R1-CA-2_LGD-1,dpcpfnln-1,Cluster 10,0,88.01
R1-CA-2_LGD-1,dpcpakac-1,Cluster 6,0,42.31
R1-CA-2_LGD-1,dpcpdhfh-1,Cluster 6,0,48.86
R1-CA-2_LGD-1,dkdaecon-1,Cluster 18,0,51.75
R1-CA-2_LGD-1,dpcpgjjd-1,Cluster 10,0,131.68
R1-CA-2_LGD-1,mhkbmnml-1,Cluster 16,0,36.31
R1-CA-2_LGD-1,dkdaaicg-1,Cluster 14,0,45.29
R1-CA-2_LGD-1,dkdadael-1,Cluster 9,0,44.34
R1-CA-2_LGD-1,mhkeagdn-1,Cluster 3,0,113.12
R1-CA-2_LGD-1,dpcpblde-1,Cluster 18,0,103.50
R1-CA-2_LGD-1,dkdabnnp-1,Cluster 18,0,100.29
R1-CA-2_LGD-1,mhkblkbp-1,Cluster 2,0,27.68
R1-CA-2_LGD-1,dpcpcaae-1,Cluster 18,0,81.46
R1-CA-2_LGD-1,mhkdmodd-1,Cluster 3,0,81.60
R1-CA-2_LGD-1,mgnlcjpo-1,Cluster 14,0,96.59
R1-CA-2_LGD-1,mhkbkhoo-1,Cluster 6,0,24.43
R1-CA-2_LGD-1,dkdbdnla-1,Cluster 14,0,73.79
R1-CA-2_LGD-1,mhkbmlbf-1,Cluster 10,0,24.52
R1-CA-2_LGD-1,mgnldfij-1,Cluster 17,0,34.86
R1-CA-2_LGD-1,dkcpbmjp-1,Cluster 10,0,143.33
R1-CA-2_LGD-1,dkcopchc-1,Cluster 2,0,140.75
R1-CA-2_LGD-1,dkdamfkg-1,Cluster 6,0,116.01
R1-CA-2_LGD-1,dkdamlai-1,Cluster 14,0,48.86
R1-CA-2_LGD-1,dkcpajhj-1,Cluster 14,0,99.57
R1-CA-2_LGD-1,mgnkpkkm-1,Cluster 2,0,149.92
R1-CA-2_LGD-1,dkcokgjj-1,Cluster 2,0,82.14
R1-CA-2_LGD-1,mhkegage-1,Cluster 2,0,71.12
R1-CA-2_LGD-1,mgnlbdjg-1,Cluster 14,0,218.69
R1-CA-2_LGD-1,mhkegicm-1,Cluster 14,0,71.39
R1-CA-2_LGD-1,mhkeffmi-1,Cluster 2,0,102.69
R1-CA-2_LGD-1,mhkecpif-1,Cluster 18,0,57.26
R1-CA-2_LGD-1,mhkejhpp-1,Cluster 10,0,97.94
R1-CA-2_LGD-1,dkddfoag-1,Cluster 10,0,56.94
R1-CA-2_LGD-1,mhkelkan-1,Cluster 10,0,131.63
R1-CA-2_LGD-1,mhlbpbfo-1,Cluster 5,0,24.02
R1-CA-2_LGD-1,mhkfcmik-1,Cluster 8,0,48.54
R1-CA-2_LGD-1,mhlckidk-1,Cluster 1,0,60.87
R1-CA-2_LGD-1,mhkemfpj-1,Cluster 5,0,40.51
R1-CA-2_LGD-1,mhlbolhh-1,Cluster 13,0,75.41
R1-CA-2_LGD-1,mhkfibgn-1,Cluster 5,0,73.02
R1-CA-2_LGD-1,mhkffmej-1,Cluster 16,0,46.65
R1-CA-2_LGD-1,mhkenpfe-1,Cluster 16,0,46.19
R1-CA-2_LGD-1,mhkelklc-1,Cluster 8,0,27.59
R1-CA-2_LGD-1,mhlcokfk-1,Cluster 5,0,31.38
R1-CA-2_LGD-1,mhlcclfa-1,Cluster 1,0,34.45
R1-CA-2_LGD-1,mhlccnmc-1,Cluster 3,0,38.70
R1-CA-2_LGD-1,dlhabbnh-1,Cluster 14,0,61.91
R1-CA-2_LGD-1,mhlkkdml-1,Cluster 17,0,25.29
R1-CA-2_LGD-1,dkddkbge-1,Cluster 18,0,161.25
R1-CA-2_LGD-1,dkdcgape-1,Cluster 3,0,86.93
R1-CA-2_LGD-1,dkddefli-1,Cluster 10,0,105.53
R1-CA-2_LGD-1,mhlkkall-1,Cluster 6,0,311.40
R1-CA-2_LGD-1,mhlclbio-1,Cluster 17,0,61.95
R1-CA-2_LGD-1,dlhabagm-1,Cluster 10,0,59.47
R1-CA-2_LGD-1,dkdceilf-1,Cluster 2,0,73.74
R1-CA-2_LGD-1,mhleepip-1,Cluster 10,0,28.22
R1-CA-2_LGD-1,mhldhcbl-1,Cluster 17,0,130.50
R1-CA-2_LGD-1,dkddmiee-1,Cluster 2,0,158.23
R1-CA-2_LGD-1,mhlcniic-1,Cluster 3,0,48.90
R1-CA-2_LGD-1,mhlcfkfo-1,Cluster 8,0,77.71
R1-CA-2_LGD-1,mhlcobod-1,Cluster 3,0,64.57
R1-CA-2_LGD-1,dkdcmbnc-1,Cluster 3,0,84.13
R1-CA-2_LGD-1,mhleaked-1,Cluster 2,0,77.62
R1-CA-2_LGD-1,mhlealfi-1,Cluster 18,0,97.31
R1-CA-2_LGD-1,mhlcbmna-1,Cluster 10,0,74.46
R1-CA-2_LGD-1,mhldgjne-1,Cluster 10,0,41.09
R1-CA-2_LGD-1,mhleahof-1,Cluster 10,0,154.25
R1-CA-2_LGD-1,dlhabelo-1,Cluster 6,0,37.57
R1-CA-2_LGD-1,dlhabndg-1,Cluster 10,0,99.30
R1-CA-2_LGD-1,mhkcgmlf-1,Cluster 5,0,76.00
R1-CA-2_LGD-1,dkcpepap-1,Cluster 10,0,185.10
R1-CA-2_LGD-1,dkdbdnej-1,Cluster 14,0,53.51
R1-CA-2_LGD-1,dkcpcmhk-1,Cluster 10,0,136.60
R1-CA-2_LGD-1,dkdbakob-1,Cluster 2,0,74.24
R1-CA-2_LGD-1,mhkccpld-1,Cluster 5,0,67.19
R1-CA-2_LGD-1,mhkapenj-1,Cluster 16,0,53.37
R1-CA-2_LGD-1,dkdbfool-1,Cluster 18,0,45.29
R1-CA-2_LGD-1,dkcokfib-1,Cluster 10,0,113.75
R1-CA-2_LGD-1,dkcplidn-1,Cluster 18,0,116.82
R1-CA-2_LGD-1,dkcpload-1,Cluster 10,0,86.52
R1-CA-2_LGD-1,mhkfklao-1,Cluster 17,0,48.86
R1-CA-2_LGD-1,dkdaklio-1,Cluster 2,0,34.23
R1-CA-2_LGD-1,dkcokani-1,Cluster 14,0,164.64
R1-CA-2_LGD-1,mhkcplbi-1,Cluster 5,0,37.89
R1-CA-2_LGD-1,mhkanhip-1,Cluster 6,0,53.19
R1-CA-2_LGD-1,dkcohhkn-1,Cluster 10,0,125.76
R1-CA-2_LGD-1,dkcpiglc-1,Cluster 2,0,56.49
R1-CA-2_LGD-1,dkcpgfjm-1,Cluster 10,0,126.62
R1-CA-2_LGD-1,mhkcmkhk-1,Cluster 14,0,139.53
R1-CA-2_LGD-1,mhkchcok-1,Cluster 17,0,32.56
R1-CA-2_LGD-1,mhkbomkh-1,Cluster 14,0,139.58
R1-CA-2_LGD-1,mhkdepcl-1,Cluster 10,0,107.88
R1-CA-2_LGD-1,mhkfikmg-1,Cluster 6,0,24.97
R1-CA-2_LGD-1,mhkfknef-1,Cluster 6,0,187.85
R1-CA-2_LGD-1,mhkdekdk-1,Cluster 14,0,67.15
R1-CA-2_LGD-1,mhkbcgcd-1,Cluster 10,0,64.03
R1-CA-2_LGD-1,mhkfilpo-1,Cluster 6,0,36.31
R1-CA-2_LGD-1,dkdcaljn-1,Cluster 10,0,78.21
R1-CA-2_LGD-1,dkdcdknk-1,Cluster 10,0,117.27
R1-CA-2_LGD-1,mhkfijip-1,Cluster 10,0,47.96
R1-CA-2_LGD-1,mhkehhol-1,Cluster 10,0,65.12
R1-CA-2_LGD-1,mhkeikjf-1,Cluster 10,0,74.24
R1-CA-2_LGD-1,mhkehina-1,Cluster 10,0,122.19
R1-CA-2_LGD-1,mhkeocjg-1,Cluster 8,0,157.01
R1-CA-2_LGD-1,mjeohgmi-1,Cluster 14,0,136.01
R1-CA-2_LGD-1,dkdkfbkl-1,Cluster 10,0,42.04
R1-CA-2_LGD-1,mhllbdjj-1,Cluster 10,0,62.04
R1-CA-2_LGD-1,mjapomgk-1,Cluster 2,0,179.63
R1-CA-2_LGD-1,dlgpibei-1,Cluster 6,0,21.72
R1-CA-2_LGD-1,dlgpfnpo-1,Cluster 10,0,77.17
R1-CA-2_LGD-1,dlgkpjhp-1,Cluster 10,0,60.33
R1-CA-2_LGD-1,mhlijnca-1,Cluster 14,0,61.41
R1-CA-2_LGD-1,dlgmcapj-1,Cluster 2,0,95.91
R1-CA-2_LGD-1,dlgmeaaf-1,Cluster 2,0,35.58
R1-CA-2_LGD-1,mjapolbp-1,Cluster 2,0,43.98
R1-CA-2_LGD-1,dlhbjdff-1,Cluster 2,0,85.48
R1-CA-2_LGD-1,dlghokbj-1,Cluster 2,0,48.45
R1-CA-2_LGD-1,dlghhjcd-1,Cluster 2,0,77.53
R1-CA-2_LGD-1,dlgknjaa-1,Cluster 10,0,59.74
R1-CA-2_LGD-1,dlgkpfbm-1,Cluster 2,0,71.57
R1-CA-2_LGD-1,mhlijmce-1,Cluster 10,0,103.18
R1-CA-2_LGD-1,mhlgfgfi-1,Cluster 14,0,73.56
R1-CA-2_LGD-1,dlgloimi-1,Cluster 2,0,49.85
R1-CA-2_LGD-1,dlgndlof-1,Cluster 2,0,73.56
R1-CA-2_LGD-1,dlgmepfe-1,Cluster 2,0,113.79
R1-CA-2_LGD-1,mhlijnce-1,Cluster 14,0,149.92
R1-CA-2_LGD-1,dlhbnekh-1,Cluster 10,0,76.09
R1-CA-2_LGD-1,mhlihoem-1,Cluster 6,0,89.86
R1-CA-2_LGD-1,dlhcamad-1,Cluster 18,0,73.33
R1-CA-2_LGD-1,mjapkpna-1,Cluster 6,0,48.23
R1-CA-2_LGD-1,dlghfnep-1,Cluster 17,0,80.51
R1-CA-2_LGD-1,dlglaama-1,Cluster 6,0,48.77
R1-CA-2_LGD-1,dlghmkma-1,Cluster 2,0,94.33
R1-CA-2_LGD-1,mjapigkm-1,Cluster 10,0,79.38
R1-CA-2_LGD-1,mhlidbno-1,Cluster 13,0,17.29
R1-CA-2_LGD-1,mhllbjlf-1,Cluster 14,0,44.16
R1-CA-2_LGD-1,dlgcnjml-1,Cluster 2,0,54.64
R1-CA-2_LGD-1,dlgcmiej-1,Cluster 2,0,64.44
R1-CA-2_LGD-1,mhlkjgpb-1,Cluster 14,0,70.62
R1-CA-2_LGD-1,mhlhnlnf-1,Cluster 6,0,27.95
R1-CA-2_LGD-1,mhlholoe-1,Cluster 18,0,109.55
R1-CA-2_LGD-1,mhlkgnhj-1,Cluster 6,0,82.14
R1-CA-2_LGD-1,dlhcenme-1,Cluster 2,0,51.93
R1-CA-2_LGD-1,mhlhpapg-1,Cluster 10,0,53.19
R1-CA-2_LGD-1,mhlideia-1,Cluster 13,0,56.45
R1-CA-2_LGD-1,mhlhpmhg-1,Cluster 14,0,54.82
R1-CA-2_LGD-1,dlgcmcln-1,Cluster 18,0,43.35
R1-CA-2_LGD-1,mhljoekk-1,Cluster 5,0,64.39
R1-CA-2_LGD-1,mhljipdl-1,Cluster 14,0,125.81
R1-CA-2_LGD-1,dlgeakce-1,Cluster 6,0,67.06
R1-CA-2_LGD-1,dlgdkjen-1,Cluster 10,0,82.32
R1-CA-2_LGD-1,mhlfknpd-1,Cluster 6,0,26.96
R1-CA-2_LGD-1,dlhcijof-1,Cluster 10,0,70.31
R1-CA-2_LGD-1,dlhcjohk-1,Cluster 14,0,67.60
R1-CA-2_LGD-1,mhljeahg-1,Cluster 1,0,29.44
R1-CA-2_LGD-1,mhljchpl-1,Cluster 13,0,44.98
R1-CA-2_LGD-1,mhljccmh-1,Cluster 5,0,83.86
R1-CA-2_LGD-1,mhljooge-1,Cluster 5,0,27.50
R1-CA-2_LGD-1,mhljjhfm-1,Cluster 18,0,58.34
R1-CA-2_LGD-1,dlgobeld-1,Cluster 2,0,55.77
R1-CA-2_LGD-1,dlgheodb-1,Cluster 14,0,95.01
R1-CA-2_LGD-1,mhliloig-1,Cluster 14,0,60.83
R1-CA-2_LGD-1,dlgdjgkf-1,Cluster 14,0,208.76
R1-CA-2_LGD-1,mhljbkga-1,Cluster 10,0,20.59
R1-CA-2_LGD-1,dlgnpkdd-1,Cluster 18,0,67.82
R1-CA-2_LGD-1,dlgnpend-1,Cluster 10,0,59.11
R1-CA-2_LGD-1,mhlfjmhn-1,Cluster 14,0,58.03
R1-CA-2_LGD-1,dlgpkelk-1,Cluster 10,0,75.14
R1-CA-2_LGD-1,dlgpdolp-1,Cluster 10,0,155.34
R1-CA-2_LGD-1,dlgpjbbe-1,Cluster 10,0,77.13
R1-CA-2_LGD-1,dlghccjh-1,Cluster 10,0,79.84
R1-CA-2_LGD-1,dlghkmjc-1,Cluster 6,0,42.31
R1-CA-2_LGD-1,dlghoapb-1,Cluster 6,0,37.52
R1-CA-2_LGD-1,ofpmafhc-1,Cluster 6,0,116.19
R1-CA-2_LGD-1,mjbcffcp-1,Cluster 6,0,44.89
R1-CA-2_LGD-1,dlghipkl-1,Cluster 2,0,54.73
R1-CA-2_LGD-1,mjapelob-1,Cluster 14,0,113.66
R1-CA-2_LGD-1,mjaphncn-1,Cluster 2,0,99.93
R1-CA-2_LGD-1,mjbaelpl-1,Cluster 6,0,56.08
R1-CA-2_LGD-1,mjaphhme-1,Cluster 18,0,101.38
R1-CA-2_LGD-1,mjapibma-1,Cluster 18,0,154.43
R1-CA-2_LGD-1,dlghgjec-1,Cluster 2,0,81.60
R1-CA-2_LGD-1,mjapepij-1,Cluster 18,0,105.30
R1-CA-2_LGD-1,mjbbggim-1,Cluster 8,0,102.73
R1-CA-2_LGD-1,mjbbcdod-1,Cluster 6,0,88.87
R1-CA-2_LGD-1,mjbbleje-1,Cluster 5,0,65.52
R1-CA-2_LGD-1,mjbbjikp-1,Cluster 8,0,65.79
R1-CA-2_LGD-1,mjbbklgd-1,Cluster 3,0,89.36
R1-CA-2_LGD-1,mjbblbec-1,Cluster 17,0,60.15
R1-CA-2_LGD-1,mjajgmen-1,Cluster 3,0,8.40
R1-CA-2_LGD-1,mhknnpfb-1,Cluster 3,0,13.32
R1-CA-2_LGD-1,dlgdpifi-1,Cluster 6,0,148.70
R1-CA-2_LGD-1,mhljmpmf-1,Cluster 14,0,62.86
R1-CA-2_LGD-1,mhlknifp-1,Cluster 11,0,35.09
R1-CA-2_LGD-1,dlgdpgnd-1,Cluster 2,0,59.70
R1-CA-2_LGD-1,dlgdlfpe-1,Cluster 2,0,107.74
R1-CA-2_LGD-1,mhlhncmc-1,Cluster 13,0,47.41
R1-CA-2_LGD-1,mhlliemc-1,Cluster 5,0,37.48
R1-CA-2_LGD-1,dlgeacmg-1,Cluster 2,0,81.87
R1-CA-2_LGD-1,mhlhlppo-1,Cluster 6,0,45.43
R1-CA-2_LGD-1,mhkjdmcp-1,Cluster 2,0,61.86
R1-CA-2_LGD-1,dlgdopbd-1,Cluster 18,0,129.82
R1-CA-2_LGD-1,mhllekoc-1,Cluster 14,0,63.35
R1-CA-2_LGD-1,dlgdigeo-1,Cluster 18,0,158.86
R1-CA-2_LGD-1,mhlidfgb-1,Cluster 3,0,21.63
R1-CA-2_LGD-1,mhligdlc-1,Cluster 6,0,114.25
R1-CA-2_LGD-1,ofpbaiij-1,Cluster 12,0,23.71
R1-CA-2_LGD-1,dlgddggm-1,Cluster 10,0,123.64
R1-CA-2_LGD-1,dlgdfoal-1,Cluster 2,0,89.41
R1-CA-2_LGD-1,dlgecimb-1,Cluster 10,0,138.04
R1-CA-2_LGD-1,mhkogkgf-1,Cluster 3,0,14.18
R1-CA-2_LGD-1,mhkohdeh-1,Cluster 3,0,35.36
R1-CA-2_LGD-1,dlgdfifi-1,Cluster 14,0,95.64
R1-CA-2_LGD-1,mhkojgfc-1,Cluster 3,0,55.63
R1-CA-2_LGD-1,mhkjeibh-1,Cluster 6,0,21.18
R1-CA-2_LGD-1,dlgbjhfh-1,Cluster 6,0,34.41
R1-CA-2_LGD-1,dlgbmfen-1,Cluster 10,0,102.50
R1-CA-2_LGD-1,dlgbgkcl-1,Cluster 10,0,110.32
R1-CA-2_LGD-1,mhkocfom-1,Cluster 3,0,47.59
R1-CA-2_LGD-1,dlghbclc-1,Cluster 14,0,93.43
R1-CA-2_LGD-1,mhkoamao-1,Cluster 3,0,78.03
R1-CA-2_LGD-1,mhliklpb-1,Cluster 14,0,74.96
R1-CA-2_LGD-1,mhlifmml-1,Cluster 6,0,63.67
R1-CA-2_LGD-1,mhlihhbl-1,Cluster 17,0,60.83
R1-CA-2_LGD-1,ofpapelj-1,Cluster 17,0,19.24
R1-CA-2_LGD-1,mhlmfbjf-1,Cluster 12,0,24.52
R1-CA-2_LGD-1,mhlcbgko-1,Cluster 5,0,14.36
R1-CA-2_LGD-1,mhlbpgfd-1,Cluster 5,0,34.82
R1-CA-2_LGD-1,dkdggckh-1,Cluster 2,0,59.25
R1-CA-2_LGD-1,mhllpilh-1,Cluster 14,0,86.29
R1-CA-2_LGD-1,dkdboiek-1,Cluster 14,0,39.24
R1-CA-2_LGD-1,mhllpggd-1,Cluster 13,0,32.42
R1-CA-2_LGD-1,mhkgjnlc-1,Cluster 13,0,67.92
R1-CA-2_LGD-1,mhlmeaik-1,Cluster 12,0,9.12
R1-CA-2_LGD-1,dkdbmglf-1,Cluster 2,0,90.00
R1-CA-2_LGD-1,mhkglcfp-1,Cluster 5,0,35.36
R1-CA-2_LGD-1,dkdcafff-1,Cluster 14,0,66.33
R1-CA-2_LGD-1,mhlmejfn-1,Cluster 18,0,154.48
R1-CA-2_LGD-1,mhldaalg-1,Cluster 6,0,142.65
R1-CA-2_LGD-1,dkdcighd-1,Cluster 14,0,114.29
R1-CA-2_LGD-1,mhllpdin-1,Cluster 2,0,45.83
R1-CA-2_LGD-1,dkdcocal-1,Cluster 6,0,29.04
R1-CA-2_LGD-1,dlgdbdcl-1,Cluster 18,0,50.21
R1-CA-2_LGD-1,dkdckeaj-1,Cluster 2,0,45.88
R1-CA-2_LGD-1,dlgdagod-1,Cluster 2,0,76.45
R1-CA-2_LGD-1,mhlmaofn-1,Cluster 10,0,84.49
R1-CA-2_LGD-1,dkdcjmne-1,Cluster 2,0,42.04
R1-CA-2_LGD-1,dlhaiaae-1,Cluster 17,0,44.25
R1-CA-2_LGD-1,mhllngoi-1,Cluster 10,0,82.59
R1-CA-2_LGD-1,dlgdanma-1,Cluster 6,0,73.56
R1-CA-2_LGD-1,dlhakidh-1,Cluster 10,0,80.65
R1-CA-2_LGD-1,dkdcjjed-1,Cluster 2,0,34.27
R1-CA-2_LGD-1,dlhainmk-1,Cluster 2,0,42.13
R1-CA-2_LGD-1,dlgchdmp-1,Cluster 2,0,59.38
R1-CA-2_LGD-1,dlgccmnl-1,Cluster 2,0,150.33
R1-CA-2_LGD-1,dlhaanac-1,Cluster 18,0,84.49
R1-CA-2_LGD-1,dlgpknga-1,Cluster 6,0,30.66
R1-CA-2_LGD-1,dkdchalc-1,Cluster 10,0,89.59
R1-CA-2_LGD-1,dlgchcjh-1,Cluster 2,0,77.22
R1-CA-2_LGD-1,mhllkkhj-1,Cluster 14,0,77.26
R1-CA-2_LGD-1,dkdcmbad-1,Cluster 6,0,61.19
R1-CA-2_LGD-1,dkdcjcmd-1,Cluster 2,0,81.15
R1-CA-2_LGD-1,dlhafndf-1,Cluster 14,0,46.78
R1-CA-2_LGD-1,mhkhmgbp-1,Cluster 5,0,55.00
R1-CA-2_LGD-1,mhkdcilg-1,Cluster 10,0,92.80
R1-CA-2_LGD-1,mhkcnpfm-1,Cluster 1,0,42.13
R1-CA-2_LGD-1,mhkdanfp-1,Cluster 10,0,63.13
R1-CA-2_LGD-1,dkdljchg-1,Cluster 14,0,220.41
R1-CA-2_LGD-1,mhkgfmcg-1,Cluster 14,0,101.65
R1-CA-2_LGD-1,mhkccjbd-1,Cluster 5,0,46.83
R1-CA-2_LGD-1,dkcobkib-1,Cluster 2,0,60.42
R1-CA-2_LGD-1,mhkcckkh-1,Cluster 1,0,66.33
R1-CA-2_LGD-1,mhkhjehb-1,Cluster 1,0,27.55
R1-CA-2_LGD-1,mhkhjojl-1,Cluster 13,0,43.26
R1-CA-2_LGD-1,mhkcoaij-1,Cluster 5,0,18.83
R1-CA-2_LGD-1,dkdblmpd-1,Cluster 2,0,95.05
R1-CA-2_LGD-1,dkdbjcla-1,Cluster 10,0,113.61
R1-CA-2_LGD-1,dkdefdik-1,Cluster 6,0,37.57
R1-CA-2_LGD-1,dkdblmid-1,Cluster 2,0,94.87
R1-CA-2_LGD-1,mhkidghg-1,Cluster 17,0,41.23
R1-CA-2_LGD-1,dkcpfbpa-1,Cluster 2,0,118.58
R1-CA-2_LGD-1,dkcpfloi-1,Cluster 2,0,35.85
R1-CA-2_LGD-1,dkdlkdcc-1,Cluster 3,0,54.96
R1-CA-2_LGD-1,dkdlkcpg-1,Cluster 17,0,98.35
R1-CA-2_LGD-1,mhkhcbmk-1,Cluster 10,0,43.30
R1-CA-2_LGD-1,dkdlpcac-1,Cluster 17,0,70.35
R1-CA-2_LGD-1,dkcpdpho-1,Cluster 10,0,259.11
R1-CA-2_LGD-1,mhkhdahm-1,Cluster 10,0,55.27
R1-CA-2_LGD-1,mhkibhgh-1,Cluster 8,0,62.18
R1-CA-2_LGD-1,mhkiadmf-1,Cluster 10,0,37.25
R1-CA-2_LGD-1,mhkhphnm-1,Cluster 10,0,42.45
R1-CA-2_LGD-1,dkdbjjfh-1,Cluster 18,0,64.98
R1-CA-2_LGD-1,mhkhdcal-1,Cluster 10,0,33.37
R1-CA-2_LGD-1,dkcpfgmm-1,Cluster 2,0,48.63
R1-CA-2_LGD-1,dkdepfjp-1,Cluster 10,0,155.52
R1-CA-2_LGD-1,mhkfgbnn-1,Cluster 13,0,53.78
R1-CA-2_LGD-1,mhkgjjlg-1,Cluster 1,0,51.79
R1-CA-2_LGD-1,mhkgkjhj-1,Cluster 13,0,39.51
R1-CA-2_LGD-1,mhkglbbd-1,Cluster 5,0,64.35
R1-CA-2_LGD-1,dkdehbpn-1,Cluster 18,0,145.90
R1-CA-2_LGD-1,dkdeohde-1,Cluster 14,0,159.09
R1-CA-2_LGD-1,mhkhcank-1,Cluster 8,0,27.46
R1-CA-2_LGD-1,dkdfphhe-1,Cluster 10,0,98.49
R1-CA-2_LGD-1,mhkgnfgn-1,Cluster 8,0,85.66
R1-CA-2_LGD-1,mhkhbapf-1,Cluster 13,0,106.52
R1-CA-2_LGD-1,dkdejbnk-1,Cluster 14,0,145.09
R1-CA-2_LGD-1,dkdghcof-1,Cluster 18,0,139.53
R1-CA-2_LGD-1,dkdgffaf-1,Cluster 14,0,92.71
R1-CA-2_LGD-1,dkdgfnmf-1,Cluster 18,0,110.86
R1-CA-2_LGD-1,dkdfghlo-1,Cluster 18,0,32.51
R1-CA-2_LGD-1,dkdfinnp-1,Cluster 18,0,125.08
R1-CA-2_LGD-1,mhlklbjj-1,Cluster 14,0,57.03
R1-CA-2_LGD-1,mhllpjde-1,Cluster 8,0,77.58
R1-CA-2_LGD-1,dkdfhpkj-1,Cluster 2,0,72.88
R1-CA-2_LGD-1,mhlommnn-1,Cluster 10,0,72.48
R1-CA-2_LGD-1,dkdfmggk-1,Cluster 10,0,49.22
R1-CA-2_LGD-1,dkdfjibk-1,Cluster 18,0,64.03
R1-CA-2_LGD-1,dkdfmigm-1,Cluster 10,0,74.55
R1-CA-2_LGD-1,mhllmjal-1,Cluster 18,0,97.13
R1-CA-2_LGD-1,dkdfgakk-1,Cluster 10,0,115.28
R1-CA-2_LGD-1,dkdffihi-1,Cluster 10,0,67.60
R1-CA-2_LGD-1,dkdfdedp-1,Cluster 14,0,32.74
R1-CA-2_LGD-1,dlgcjakm-1,Cluster 18,0,79.34
R1-CA-2_LGD-1,mhlkpkme-1,Cluster 13,0,56.90
R1-CA-2_LGD-1,mhlldogp-1,Cluster 6,0,109.87
R1-CA-2_LGD-1,mhlkmlig-1,Cluster 1,0,41.00
R1-CA-2_LGD-1,mhlojdjl-1,Cluster 14,0,93.43
R1-CA-2_LGD-1,mhlodidd-1,Cluster 8,0,27.77
R1-CA-2_LGD-1,mhloebci-1,Cluster 14,0,97.40
R1-CA-2_LGD-1,mhkihjgc-1,Cluster 13,0,36.98
R1-CA-2_LGD-1,dkdflkfo-1,Cluster 10,0,41.36
R1-CA-2_LGD-1,dkdfcbab-1,Cluster 14,0,80.56
R1-CA-2_LGD-1,mhkifpan-1,Cluster 16,0,69.36
R1-CA-2_LGD-1,mhkihffo-1,Cluster 5,0,88.37
R1-CA-2_LGD-1,mhkijlgg-1,Cluster 10,0,107.97
R1-CA-2_LGD-1,mhlkljik-1,Cluster 16,0,51.07
R1-CA-2_LGD-1,mhimminf-1,Cluster 23,0,59.88
R1-CA-2_LGD-1,dkdlifpo-1,Cluster 6,0,40.32
R1-CA-2_LGD-1,mhimojei-1,Cluster 10,0,70.13
R1-CA-2_LGD-1,dkdlkaoj-1,Cluster 18,0,138.81
R1-CA-2_LGD-1,mhkfohjm-1,Cluster 14,0,225.65
R1-CA-2_LGD-1,mhkfoaeg-1,Cluster 14,0,93.93
R1-CA-2_LGD-1,mhkgegej-1,Cluster 2,0,128.79
R1-CA-2_LGD-1,mhkgekfc-1,Cluster 2,0,11.79
R1-CA-2_LGD-1,mhkgfamm-1,Cluster 6,0,20.00
R1-CA-2_LGD-1,mhimlfmk-1,Cluster 10,0,80.24
R1-CA-2_LGD-1,mhkheelk-1,Cluster 8,0,43.71
R1-CA-2_LGD-1,mhkhdimo-1,Cluster 5,0,49.72
R1-CA-2_LGD-1,mhkhlkkn-1,Cluster 16,0,40.64
R1-CA-2_LGD-1,mhkhdpoc-1,Cluster 5,0,40.01
R1-CA-2_LGD-1,mhkhhmja-1,Cluster 10,0,79.43
R1-CA-2_LGD-1,mhkhhpil-1,Cluster 10,0,23.53
R1-CA-2_LGD-1,dkdmihcm-1,Cluster 14,0,191.28
R1-CA-2_LGD-1,mhlpocid-1,Cluster 6,0,134.88
R1-CA-2_LGD-1,mhkhilgi-1,Cluster 17,0,38.70
R1-CA-2_LGD-1,dkdmahpp-1,Cluster 14,0,129.73
R1-CA-2_LGD-1,mhkhinom-1,Cluster 6,0,82.37
R1-CA-2_LGD-1,dkdmkbgk-1,Cluster 14,0,165.36
R1-CA-2_LGD-1,dkdemjge-1,Cluster 18,0,150.96
R1-CA-2_LGD-1,dkdfaidn-1,Cluster 6,0,51.25
R1-CA-2_LGD-1,dkdmjjch-1,Cluster 2,0,126.17
R1-CA-2_LGD-1,dkdmbdbp-1,Cluster 6,0,36.40
R1-CA-2_LGD-1,mhkgimej-1,Cluster 10,0,44.30
R1-CA-2_LGD-1,dkdmnmfh-1,Cluster 6,0,196.34
R1-CA-2_LGD-1,mhkgjdff-1,Cluster 10,0,42.63
R1-CA-2_LGD-1,dkdmlaea-1,Cluster 18,0,89.59
R1-CA-2_LGD-1,dkdedlie-1,Cluster 17,0,52.74
R1-CA-2_LGD-1,dkdefdjg-1,Cluster 2,0,63.67
R1-CA-2_LGD-1,mhkhejmi-1,Cluster 17,0,111.67
R1-CA-2_LGD-1,mhlolobl-1,Cluster 14,0,246.42
R1-CA-2_LGD-1,dkdeoplm-1,Cluster 10,0,130.68
R1-CA-2_LGD-1,mhkihndh-1,Cluster 2,0,190.38
R1-CA-2_LGD-1,mjajniod-1,Cluster 17,0,16.30
R1-CA-2_LGD-1,dlgfkjem-1,Cluster 14,0,54.10
R1-CA-2_LGD-1,mjbceifb-1,Cluster 14,0,165.95
R1-CA-2_LGD-1,dlgfjmhn-1,Cluster 10,0,53.28
R1-CA-2_LGD-1,mjajbdpo-1,Cluster 18,0,71.71
R1-CA-2_LGD-1,mjajamif-1,Cluster 6,0,35.00
R1-CA-2_LGD-1,mjbcchkh-1,Cluster 18,0,39.65
R1-CA-2_LGD-1,mjbafaka-1,Cluster 3,0,18.06
R1-CA-2_LGD-1,mjappjki-1,Cluster 8,0,85.39
R1-CA-2_LGD-1,dlgflhlb-1,Cluster 6,0,64.03
R1-CA-2_LGD-1,mjbcemia-1,Cluster 6,0,68.95
R1-CA-2_LGD-1,mjappeil-1,Cluster 12,0,65.39
R1-CA-2_LGD-1,mjajedel-1,Cluster 18,0,159.63
R1-CA-2_LGD-1,mjaohlpe-1,Cluster 5,0,81.01
R1-CA-2_LGD-1,mjbcbdhi-1,Cluster 18,0,97.45
R1-CA-2_LGD-1,dlgbccgh-1,Cluster 17,0,137.41
R1-CA-2_LGD-1,dlgajdgm-1,Cluster 18,0,181.17
R1-CA-2_LGD-1,dlgahpep-1,Cluster 2,0,157.73
R1-CA-2_LGD-1,mhkjikjn-1,Cluster 6,0,20.68
R1-CA-2_LGD-1,mhknlofi-1,Cluster 3,0,23.71
R1-CA-2_LGD-1,mhknkobd-1,Cluster 3,0,16.35
R1-CA-2_LGD-1,mhkmonjp-1,Cluster 17,0,99.16
R1-CA-2_LGD-1,mhknnhma-1,Cluster 3,0,42.45
R1-CA-2_LGD-1,mhknjkef-1,Cluster 3,0,28.13
R1-CA-2_LGD-1,mhknelff-1,Cluster 3,0,40.10
R1-CA-2_LGD-1,mhknjdii-1,Cluster 3,0,36.17
R1-CA-2_LGD-1,dlgbjdgg-1,Cluster 10,0,116.77
R1-CA-2_LGD-1,dlgbecpo-1,Cluster 10,0,77.22
R1-CA-2_LGD-1,mhknflam-1,Cluster 3,0,21.36
R1-CA-2_LGD-1,dlgaaald-1,Cluster 10,0,144.95
R1-CA-2_LGD-1,mhknepif-1,Cluster 3,0,36.62
R1-CA-2_LGD-1,mhkncagg-1,Cluster 3,0,33.01
R1-CA-2_LGD-1,mhkjfidg-1,Cluster 17,0,38.61
R1-CA-2_LGD-1,mhknnipb-1,Cluster 17,0,77.94
R1-CA-2_LGD-1,mhknnccg-1,Cluster 3,0,59.02
R1-CA-2_LGD-1,dlgaljhp-1,Cluster 2,0,57.26
R1-CA-2_LGD-1,dlgaohkh-1,Cluster 14,0,79.75
R1-CA-2_LGD-1,mhkihlee-1,Cluster 10,0,35.00
R1-CA-2_LGD-1,dlgbflpj-1,Cluster 2,0,79.43
R1-CA-2_LGD-1,mhkopdlg-1,Cluster 10,0,159.99
R1-CA-2_LGD-1,mhkjflac-1,Cluster 17,0,25.47
R1-CA-2_LGD-1,ofpaioeb-1,Cluster 17,0,101.87
R1-CA-2_LGD-1,ofpalmmk-1,Cluster 17,0,88.82
R1-CA-2_LGD-1,mjbbpfnc-1,Cluster 3,0,40.96
R1-CA-2_LGD-1,mjbcadcd-1,Cluster 17,0,58.48
R1-CA-2_LGD-1,mjbblffg-1,Cluster 6,0,23.93
R1-CA-2_LGD-1,mjbblggp-1,Cluster 3,0,63.44
R1-CA-2_LGD-1,mjaimlee-1,Cluster 6,0,70.81
R1-CA-2_LGD-1,mjbcfcmk-1,Cluster 3,0,24.70
R1-CA-2_LGD-1,mjbchhae-1,Cluster 3,0,103.72
R1-CA-2_LGD-1,mjajodpb-1,Cluster 14,0,61.32
R1-CA-2_LGD-1,mjahaccp-1,Cluster 17,0,87.33
R1-CA-2_LGD-1,mjaomakm-1,Cluster 4,0,35.04
R1-CA-2_LGD-1,mjaololc-1,Cluster 4,0,31.38
R1-CA-2_LGD-1,mjaopadi-1,Cluster 6,0,84.89
R1-CA-2_LGD-1,mjaocpog-1,Cluster 2,0,91.53
R1-CA-2_LGD-1,mjanimai-1,Cluster 17,0,18.79
R1-CA-2_LGD-1,mjangllp-1,Cluster 6,0,97.90
R1-CA-2_LGD-1,mjapdcfk-1,Cluster 2,0,55.59
R1-CA-2_LGD-1,mjapbpff-1,Cluster 17,0,35.76
R1-CA-2_LGD-1,mjapeadc-1,Cluster 18,0,157.55
R1-CA-2_LGD-1,mjajollb-1,Cluster 18,0,204.56
R1-CA-2_LGD-1,dlggcoeb-1,Cluster 6,0,62.68
R1-CA-2_LGD-1,mjaojagc-1,Cluster 17,0,26.78
R1-CA-2_LGD-1,mjajooed-1,Cluster 17,0,43.98
R1-CA-2_LGD-1,mjaniagi-1,Cluster 6,0,108.10
R1-CA-2_LGD-1,mjaoglmn-1,Cluster 12,0,33.78
R1-CA-2_LGD-1,dlggcbog-1,Cluster 2,0,45.56
R1-CA-2_LGD-1,mjamkiln-1,Cluster 3,0,7.50
R1-CA-2_LGD-1,mjanbggl-1,Cluster 12,0,26.42
R1-CA-2_LGD-1,mjanclbh-1,Cluster 12,0,24.25
R1-CA-2_LGD-1,mhkjnfgm-1,Cluster 17,0,55.59
R1-CA-2_LGD-1,mhlbidie-1,Cluster 3,0,81.78
R1-CA-2_LGD-1,dlgjbehe-1,Cluster 10,0,42.90
R1-CA-2_LGD-1,dlgihbhm-1,Cluster 17,0,100.92
R1-CA-2_LGD-1,mhkkcafp-1,Cluster 3,0,11.56
R1-CA-2_LGD-1,dlgigfkm-1,Cluster 17,0,39.83
R1-CA-2_LGD-1,mhladdhd-1,Cluster 2,0,25.96
R1-CA-2_LGD-1,mhlbjmpp-1,Cluster 17,0,80.78
R1-CA-2_LGD-1,ofpaijkl-1,Cluster 3,0,76.99
R1-CA-2_LGD-1,dlgikmke-1,Cluster 1,0,45.83
R1-CA-2_LGD-1,mhlbkoag-1,Cluster 2,0,26.24
R1-CA-2_LGD-1,mhkjpbio-1,Cluster 17,0,95.42
R1-CA-2_LGD-1,mhlbjmno-1,Cluster 3,0,60.24
R1-CA-2_LGD-1,mhlbhbgg-1,Cluster 17,0,103.05
R1-CA-2_LGD-1,mhkpbmea-1,Cluster 17,0,120.75
R1-CA-2_LGD-1,dlgiphfg-1,Cluster 2,0,44.07
R1-CA-2_LGD-1,mhkoohml-1,Cluster 10,0,54.19
R1-CA-2_LGD-1,dlgilinp-1,Cluster 17,0,116.14
R1-CA-2_LGD-1,mhkolaih-1,Cluster 8,0,158.54
R1-CA-2_LGD-1,mhkpomeb-1,Cluster 10,0,179.18
R1-CA-2_LGD-1,mjahageo-1,Cluster 10,0,35.22
R1-CA-2_LGD-1,mhlbdgdm-1,Cluster 8,0,37.66
R1-CA-2_LGD-1,mjaokmkp-1,Cluster 4,0,49.72
R1-CA-2_LGD-1,mhlaagnl-1,Cluster 3,0,91.94
R1-CA-2_LGD-1,dlggdmne-1,Cluster 10,0,273.92
R1-CA-2_LGD-1,dlggnnfn-1,Cluster 17,0,104.45
R1-CA-2_LGD-1,mhkpkcnm-1,Cluster 3,0,72.79
R1-CA-2_LGD-1,mhkpjdfg-1,Cluster 10,0,137.55
R1-CA-2_LGD-1,mjagpcni-1,Cluster 10,0,122.15
R1-CA-2_LGD-1,mjaghlea-1,Cluster 17,0,88.01
R1-CA-2_LGD-1,mhkpnbla-1,Cluster 17,0,72.52
R1-CA-2_LGD-1,mjaggnpd-1,Cluster 3,0,36.76
R1-CA-2_LGD-1,dlghbahf-1,Cluster 2,0,139.76
R1-CA-2_LGD-1,mhlabcmb-1,Cluster 17,0,80.97
R1-CA-2_LGD-1,mjaonpmc-1,Cluster 12,0,46.65
R1-CA-2_LGD-1,dlgadbkl-1,Cluster 10,0,57.12
R1-CA-2_LGD-1,mhmbagjb-1,Cluster 10,0,73.79
R1-CA-2_LGD-1,mhlpbopd-1,Cluster 1,0,29.53
R1-CA-2_LGD-1,mhloomkf-1,Cluster 10,0,27.18
R1-CA-2_LGD-1,mhlphdhj-1,Cluster 8,0,40.82
R1-CA-2_LGD-1,mhlopndg-1,Cluster 10,0,124.45
R1-CA-2_LGD-1,mhloodji-1,Cluster 10,0,27.68
R1-CA-2_LGD-1,dkdgojbp-1,Cluster 2,0,45.61
R1-CA-2_LGD-1,mhloobcj-1,Cluster 10,0,68.19
R1-CA-2_LGD-1,dkdhehni-1,Cluster 10,0,56.63
R1-CA-2_LGD-1,mhlpbagc-1,Cluster 10,0,17.70
R1-CA-2_LGD-1,dkdgiema-1,Cluster 10,0,86.29
R1-CA-2_LGD-1,dkdhdlpa-1,Cluster 10,0,76.72
R1-CA-2_LGD-1,dkdekgbf-1,Cluster 18,0,58.61
R1-CA-2_LGD-1,dkdgmidd-1,Cluster 10,0,116.01
R1-CA-2_LGD-1,dkdhajbh-1,Cluster 14,0,18.56
R1-CA-2_LGD-1,dkdgneja-1,Cluster 10,0,58.34
R1-CA-2_LGD-1,dkdgkfpe-1,Cluster 10,0,78.66
R1-CA-2_LGD-1,dlfpbbab-1,Cluster 2,0,56.81
R1-CA-2_LGD-1,dlfpdkmh-1,Cluster 10,0,34.50
R1-CA-2_LGD-1,dlfpgnip-1,Cluster 10,0,38.38
R1-CA-2_LGD-1,dlfpcfcg-1,Cluster 2,0,91.49
R1-CA-2_LGD-1,dlfpbbce-1,Cluster 10,0,79.57
R1-CA-2_LGD-1,mhlnmoal-1,Cluster 18,0,64.48
R1-CA-2_LGD-1,dlfpnhcm-1,Cluster 10,0,75.41
R1-CA-2_LGD-1,mhloahnm-1,Cluster 10,0,67.73
R1-CA-2_LGD-1,dlfpoadj-1,Cluster 2,0,89.73
R1-CA-2_LGD-1,dlfpkdci-1,Cluster 2,0,54.64
R1-CA-2_LGD-1,mhkikaak-1,Cluster 6,0,83.99
R1-CA-2_LGD-1,dlgabcfi-1,Cluster 18,0,76.13
R1-CA-2_LGD-1,mhloahee-1,Cluster 10,0,72.48
R1-CA-2_LGD-1,mhloddkc-1,Cluster 14,0,93.74
R1-CA-2_LGD-1,mhlnohoa-1,Cluster 2,0,56.85
R1-CA-2_LGD-1,mhloiioa-1,Cluster 2,0,42.22
R1-CA-2_LGD-1,mhlojdme-1,Cluster 8,0,57.53
R1-CA-2_LGD-1,mhloaglc-1,Cluster 10,0,42.58
R1-CA-2_LGD-1,mhkjdkbj-1,Cluster 10,0,62.99
R1-CA-2_LGD-1,dlfpiloe-1,Cluster 10,0,131.04
R1-CA-2_LGD-1,mhiggjoo-1,Cluster 18,0,104.76
R1-CA-2_LGD-1,dkdhodgi-1,Cluster 10,0,31.38
R1-CA-2_LGD-1,dkdhlpfi-1,Cluster 10,0,30.12
R1-CA-2_LGD-1,mhigoldk-1,Cluster 10,0,35.13
R1-CA-2_LGD-1,dkdhlnhc-1,Cluster 14,0,112.66
R1-CA-2_LGD-1,mhifmjmi-1,Cluster 14,0,179.18
R1-CA-2_LGD-1,mhifpjhe-1,Cluster 6,0,56.36
R1-CA-2_LGD-1,dkdhkiea-1,Cluster 10,0,126.98
R1-CA-2_LGD-1,mhiflani-1,Cluster 16,0,99.25
R1-CA-2_LGD-1,mhilifid-1,Cluster 18,0,31.70
R1-CA-2_LGD-1,dkdibcmn-1,Cluster 10,0,128.15
R1-CA-2_LGD-1,mhigcpgg-1,Cluster 6,0,33.69
R1-CA-2_LGD-1,mhilkbmd-1,Cluster 2,0,40.69
R1-CA-2_LGD-1,mhigmjcd-1,Cluster 6,0,20.32
R1-CA-2_LGD-1,dkdibdpk-1,Cluster 14,0,90.58
R1-CA-2_LGD-1,mhikpjgk-1,Cluster 2,0,84.71
R1-CA-2_LGD-1,mhiggcbo-1,Cluster 10,0,129.91
R1-CA-2_LGD-1,mhihgdec-1,Cluster 10,0,52.83
R1-CA-2_LGD-1,mhignmcj-1,Cluster 6,0,43.40
R1-CA-2_LGD-1,mhiggfal-1,Cluster 14,0,79.79
R1-CA-2_LGD-1,mhifnodk-1,Cluster 14,0,94.06
R1-CA-2_LGD-1,dkdihbhe-1,Cluster 10,0,72.02
R1-CA-2_LGD-1,mhigkfnm-1,Cluster 6,0,77.76
R1-CA-2_LGD-1,mhighbgo-1,Cluster 14,0,259.60
R1-CA-2_LGD-1,mhlpmbfo-1,Cluster 14,0,224.79
R1-CA-2_LGD-1,mhlplpmf-1,Cluster 3,0,14.18
R1-CA-2_LGD-1,dkdihfma-1,Cluster 2,0,57.62
R1-CA-2_LGD-1,mhiglhih-1,Cluster 10,0,67.69
R1-CA-2_LGD-1,mhlpgnkj-1,Cluster 2,0,33.46
R1-CA-2_LGD-1,mhmahpin-1,Cluster 10,0,66.20
R1-CA-2_LGD-1,mhlpohcp-1,Cluster 10,0,58.39
R1-CA-2_LGD-1,mhmanejp-1,Cluster 2,0,34.23
R1-CA-2_LGD-1,mhmbalhl-1,Cluster 10,0,179.00
R1-CA-2_LGD-1,mhmabkdl-1,Cluster 10,0,86.52
R1-CA-2_LGD-1,mhmakfec-1,Cluster 2,0,45.97
R1-CA-2_LGD-1,mhlojefh-1,Cluster 10,0,61.01
R1-CA-2_LGD-1,dkdjgphf-1,Cluster 10,0,137.28
R1-CA-2_LGD-1,dkdikkgb-1,Cluster 10,0,38.07
R1-CA-2_LGD-1,mhlpcofk-1,Cluster 9,0,26.96
R1-CA-2_LGD-1,mhlmfdhi-1,Cluster 10,0,36.62
R1-CA-2_LGD-1,mhlpidlj-1,Cluster 2,0,18.42
R1-CA-2_LGD-1,mhlmljcj-1,Cluster 6,0,68.37
R1-CA-2_LGD-1,mhlplgfo-1,Cluster 10,0,49.94
R1-CA-2_LGD-1,dkdkiagb-1,Cluster 10,0,118.26
R1-CA-2_LGD-1,dkdkfdlf-1,Cluster 10,0,46.24
R1-CA-2_LGD-1,mhlmompn-1,Cluster 10,0,96.68
R1-CA-2_LGD-1,dkdkdnpo-1,Cluster 10,0,145.45
R1-CA-2_LGD-1,mhlpidbc-1,Cluster 8,0,38.47
R1-CA-2_LGD-1,dkdkijcl-1,Cluster 2,0,73.79
R1-CA-2_LGD-1,dkdghibn-1,Cluster 10,0,81.96
R1-CA-2_LGD-1,dkdgjlgl-1,Cluster 10,0,84.17
R1-CA-2_LGD-1,mhlpffip-1,Cluster 10,0,115.74
R1-CA-2_LGD-1,mhlnebcg-1,Cluster 6,0,17.39
R1-CA-2_LGD-1,mhlnephb-1,Cluster 10,0,81.60
R1-CA-2_LGD-1,dlgahlpj-1,Cluster 2,0,68.95
R1-CA-2_LGD-1,dlfoolil-1,Cluster 10,0,85.16
R1-CA-2_LGD-1,mhloekka-1,Cluster 10,0,140.48
R1-CA-2_LGD-1,mhlogkbk-1,Cluster 10,0,108.74
R1-CA-2_LGD-1,mhlohemc-1,Cluster 14,0,127.61
R1-CA-2_LGD-1,dlfpopom-1,Cluster 2,0,77.80
R1-CA-2_LGD-1,mhlnecfb-1,Cluster 10,0,76.86
R1-CA-2_LGD-1,dkdjlfhh-1,Cluster 10,0,166.99
R1-CA-2_LGD-1,mhloehce-1,Cluster 17,0,25.06
R1-CA-2_LGD-1,mhlncdjj-1,Cluster 2,0,93.43
R1-CA-2_LGD-1,mhlnfdpi-1,Cluster 8,0,70.49
R1-CA-2_LGD-1,dlfpakfe-1,Cluster 6,0,70.81
R1-CA-2_LGD-1,mhlohacm-1,Cluster 10,0,343.91
R1-CA-2_LGD-1,dlgaejap-1,Cluster 14,0,68.64
R1-CA-2_LGD-1,mhloiipa-1,Cluster 10,0,74.51
R1-CA-2_LGD-1,dkdjjbbk-1,Cluster 17,0,57.08
R1-CA-2_LGD-1,dlfpbahn-1,Cluster 10,0,47.96
R1-CA-2_LGD-1,mhlnfmno-1,Cluster 8,0,53.28
R1-CA-2_LGD-1,mhiifkdn-1,Cluster 10,0,77.22
R1-CA-2_LGD-1,mhilckoe-1,Cluster 6,0,37.48
R1-CA-2_LGD-1,mhiikeic-1,Cluster 10,0,79.43
R1-CA-2_LGD-1,mhiiclcc-1,Cluster 2,0,90.40
R1-CA-2_LGD-1,mhiilhgl-1,Cluster 2,0,62.45
R1-CA-2_LGD-1,mhlmmfnm-1,Cluster 10,0,83.22
R1-CA-2_LGD-1,mhihgnnd-1,Cluster 6,0,24.84
R1-CA-2_LGD-1,mhiikdjp-1,Cluster 16,0,151.68
R1-CA-2_LGD-1,mhiildgk-1,Cluster 10,0,92.75
R1-CA-2_LGD-1,mhilicla-1,Cluster 17,0,101.10
R1-CA-2_LGD-1,mhiihmen-1,Cluster 10,0,111.54
R1-CA-2_LGD-1,mhiklofn-1,Cluster 6,0,98.53
R1-CA-2_LGD-1,mhildndn-1,Cluster 6,0,54.14
R1-CA-2_LGD-1,mhilfpch-1,Cluster 17,0,92.89
R1-CA-2_LGD-1,mhiihfdm-1,Cluster 10,0,55.23
R1-CA-2_LGD-1,mhiklllm-1,Cluster 6,0,43.12
R1-CA-2_LGD-1,mhihildo-1,Cluster 8,0,59.15
R1-CA-2_LGD-1,mhihlnla-1,Cluster 16,0,58.93
R1-CA-2_LGD-1,mhiiefka-1,Cluster 6,0,60.46
R1-CA-2_LGD-1,dkdlckid-1,Cluster 10,0,34.45
R1-CA-2_LGD-1,dkdlgikm-1,Cluster 2,0,60.10
R1-CA-2_LGD-1,dkdigbmn-1,Cluster 6,0,25.33
R1-CA-2_LGD-1,dkdjdaln-1,Cluster 17,0,27.55
R1-CA-2_LGD-1,dkdkkjca-1,Cluster 10,0,64.30
R1-CA-2_LGD-1,dkdkmmlc-1,Cluster 2,0,27.41
R1-CA-2_LGD-1,dkdjfaap-1,Cluster 17,0,28.90
R1-CA-2_LGD-1,dkdiklho-1,Cluster 10,0,76.77
R1-CA-2_LGD-1,dkdkpbac-1,Cluster 2,0,85.62
R1-CA-2_LGD-1,dkdjbkfm-1,Cluster 2,0,40.46
R1-CA-2_LGD-1,dkdjbhpj-1,Cluster 9,0,43.44
R1-CA-2_LGD-1,dkdippbl-1,Cluster 10,0,47.14
R1-CA-2_LGD-1,dkdipmkg-1,Cluster 10,0,65.97
R1-CA-2_LGD-1,mhlolcof-1,Cluster 9,0,21.45
R1-CA-2_LGD-1,dkdimhdo-1,Cluster 10,0,29.71
R1-CA-2_LGD-1,mhlojklh-1,Cluster 9,0,31.61
R1-CA-2_LGD-1,mjfedcik-1,Cluster 8,0,26.42
R1-CA-2_LGD-1,dkfjadke-1,Cluster 9,0,110.05
R1-CA-2_LGD-1,mjakifaf-1,Cluster 2,0,36.85
R1-CA-2_LGD-1,dkfdpakf-1,Cluster 17,0,27.05
R1-CA-2_LGD-1,mjakchia-1,Cluster 2,0,78.44
R1-CA-2_LGD-1,mjalohbg-1,Cluster 3,0,23.39
R1-CA-2_LGD-1,mjamfjlp-1,Cluster 3,0,23.98
R1-CA-2_LGD-1,mjaloljo-1,Cluster 12,0,61.32
R1-CA-2_LGD-1,mjamdkoa-1,Cluster 4,0,35.81
R1-CA-2_LGD-1,mjamgnhe-1,Cluster 3,0,12.28
R1-CA-2_LGD-1,dkfenmpg-1,Cluster 6,0,48.63
R1-CA-2_LGD-1,dlggbbfc-1,Cluster 2,0,66.52
R1-CA-2_LGD-1,mjamfiop-1,Cluster 3,0,23.17
R1-CA-2_LGD-1,dkfelpkh-1,Cluster 17,0,70.67
R1-CA-2_LGD-1,mjangbmj-1,Cluster 3,0,26.19
R1-CA-2_LGD-1,mjancmoj-1,Cluster 12,0,40.78
R1-CA-2_LGD-1,mjfjcjmn-1,Cluster 1,0,62.36
R1-CA-2_LGD-1,mjfjcpga-1,Cluster 12,0,64.62
R1-CA-2_LGD-1,dkffbdnp-1,Cluster 2,0,65.39
R1-CA-2_LGD-1,mjfilokd-1,Cluster 12,0,116.32
R1-CA-2_LGD-1,mjakdhjj-1,Cluster 2,0,62.18
R1-CA-2_LGD-1,mhlbcgoh-1,Cluster 9,0,26.37
R1-CA-2_LGD-1,dlgelbkk-1,Cluster 10,0,88.10
R1-CA-2_LGD-1,mhlbekkf-1,Cluster 17,0,46.65
R1-CA-2_LGD-1,dkfjnnjf-1,Cluster 2,0,35.45
R1-CA-2_LGD-1,dlgefemp-1,Cluster 2,0,47.37
R1-CA-2_LGD-1,mhlbfcah-1,Cluster 10,0,66.65
R1-CA-2_LGD-1,dlgeclbo-1,Cluster 10,0,113.61
R1-CA-2_LGD-1,mjfbeang-1,Cluster 10,0,75.73
R1-CA-2_LGD-1,mjfbfihh-1,Cluster 10,0,56.90
R1-CA-2_LGD-1,mjfbccfj-1,Cluster 10,0,61.82
R1-CA-2_LGD-1,dkfibhbf-1,Cluster 10,0,53.56
R1-CA-2_LGD-1,dkfholof-1,Cluster 10,0,108.51
R1-CA-2_LGD-1,mjfapohf-1,Cluster 10,0,77.04
R1-CA-2_LGD-1,mhlaeehj-1,Cluster 8,0,42.58
R1-CA-2_LGD-1,mjgdhjgd-1,Cluster 11,0,86.88
R1-CA-2_LGD-1,dlgglfgi-1,Cluster 2,0,111.49
R1-CA-2_LGD-1,mhkpjmbk-1,Cluster 6,0,136.87
R1-CA-2_LGD-1,mjagghml-1,Cluster 2,0,98.53
R1-CA-2_LGD-1,mjgeemah-1,Cluster 6,0,21.04
R1-CA-2_LGD-1,mhkpifhf-1,Cluster 2,0,38.47
R1-CA-2_LGD-1,mjgehleb-1,Cluster 6,0,40.60
R1-CA-2_LGD-1,mjgehjcd-1,Cluster 2,0,54.82
R1-CA-2_LGD-1,mjgegceh-1,Cluster 2,0,112.94
R1-CA-2_LGD-1,mjgdihil-1,Cluster 10,0,54.19
R1-CA-2_LGD-1,dlgeebac-1,Cluster 2,0,95.91
R1-CA-2_LGD-1,mhlbbnih-1,Cluster 8,0,114.34
R1-CA-2_LGD-1,mhlbbbfo-1,Cluster 10,0,80.33
R1-CA-2_LGD-1,mjgeemed-1,Cluster 17,0,89.59
R1-CA-2_LGD-1,mjgelnpc-1,Cluster 6,0,89.23
R1-CA-2_LGD-1,mjgeoijb-1,Cluster 3,0,75.14
R1-CA-2_LGD-1,mjagggbm-1,Cluster 24,0,115.37
R1-CA-2_LGD-1,mjgdomml-1,Cluster 3,0,42.76
R1-CA-2_LGD-1,dlgfocjg-1,Cluster 6,0,46.83
R1-CA-2_LGD-1,dkfdnjii-1,Cluster 2,0,68.32
R1-CA-2_LGD-1,mjakifdd-1,Cluster 6,0,88.05
R1-CA-2_LGD-1,mjgdokmf-1,Cluster 6,0,117.90
R1-CA-2_LGD-1,mjfinnem-1,Cluster 17,0,14.31
R1-CA-2_LGD-1,mjfjcjfm-1,Cluster 2,0,80.97
R1-CA-2_LGD-1,dkfedofh-1,Cluster 17,0,26.96
R1-CA-2_LGD-1,dkfeaicp-1,Cluster 21,0,84.53
R1-CA-2_LGD-1,dkffilde-1,Cluster 2,0,84.94
R1-CA-2_LGD-1,dkfefcig-1,Cluster 6,0,58.07
R1-CA-2_LGD-1,dkfdplmk-1,Cluster 2,0,57.71
R1-CA-2_LGD-1,mjfmibac-1,Cluster 12,0,45.97
R1-CA-2_LGD-1,mjfjoefn-1,Cluster 3,0,33.14
R1-CA-2_LGD-1,mjfjeibp-1,Cluster 7,0,45.11
R1-CA-2_LGD-1,mjfmgnke-1,Cluster 12,0,43.71
R1-CA-2_LGD-1,mjfjiakl-1,Cluster 8,0,53.28
R1-CA-2_LGD-1,mjfmdhbh-1,Cluster 4,0,53.19
R1-CA-2_LGD-1,mjfjpgdl-1,Cluster 12,0,46.47
R1-CA-2_LGD-1,mjfjiphd-1,Cluster 3,0,41.54
R1-CA-2_LGD-1,mjfmkeep-1,Cluster 12,0,40.96
R1-CA-2_LGD-1,mjfmlkhh-1,Cluster 12,0,49.36
R1-CA-2_LGD-1,mjfjhjmd-1,Cluster 12,0,37.34
R1-CA-2_LGD-1,dkfkbmcm-1,Cluster 10,0,134.66
R1-CA-2_LGD-1,mjgfijme-1,Cluster 2,0,37.89
R1-CA-2_LGD-1,mjgffeno-1,Cluster 14,0,164.41
R1-CA-2_LGD-1,mjgfchog-1,Cluster 6,0,18.97
R1-CA-2_LGD-1,mjfceegi-1,Cluster 3,0,12.73
R1-CA-2_LGD-1,mjgfccdk-1,Cluster 6,0,65.25
R1-CA-2_LGD-1,mjfbodgm-1,Cluster 17,0,57.89
R1-CA-2_LGD-1,dkfgnehd-1,Cluster 18,0,94.65
R1-CA-2_LGD-1,dkfgmmna-1,Cluster 10,0,190.83
R1-CA-2_LGD-1,dkfjkdhd-1,Cluster 18,0,59.92
R1-CA-2_LGD-1,mjfcakdc-1,Cluster 6,0,65.34
R1-CA-2_LGD-1,mjgfbllo-1,Cluster 1,0,78.21
R1-CA-2_LGD-1,mjgfaknp-1,Cluster 17,0,93.34
R1-CA-2_LGD-1,dkfkhmld-1,Cluster 2,0,121.65
R1-CA-2_LGD-1,mjfcepcm-1,Cluster 18,0,37.98
R1-CA-2_LGD-1,dkfipgni-1,Cluster 2,0,61.64
R1-CA-2_LGD-1,dkfkbcco-1,Cluster 18,0,113.30
R1-CA-2_LGD-1,mjfcbifi-1,Cluster 10,0,18.38
R1-CA-2_LGD-1,dkfhanch-1,Cluster 18,0,137.55
R1-CA-2_LGD-1,dkfjjbjm-1,Cluster 2,0,35.09
R1-CA-2_LGD-1,dkfkfand-1,Cluster 18,0,27.23
R1-CA-2_LGD-1,dkfkalik-1,Cluster 2,0,77.31
R1-CA-2_LGD-1,mjfbcgcn-1,Cluster 10,0,142.15
R1-CA-2_LGD-1,dkfjonbd-1,Cluster 10,0,89.77
R1-CA-2_LGD-1,dkfjoegb-1,Cluster 10,0,64.80
R1-CA-2_LGD-1,mjfbikmi-1,Cluster 5,0,25.78
R1-CA-2_LGD-1,dkfkacng-1,Cluster 10,0,49.45
R1-CA-2_LGD-1,mjgdlibh-1,Cluster 17,0,64.57
R1-CA-2_LGD-1,mjgdnifo-1,Cluster 17,0,49.63
R1-CA-2_LGD-1,mjgclhak-1,Cluster 3,0,30.25
R1-CA-2_LGD-1,mjgcofcf-1,Cluster 3,0,64.53
R1-CA-2_LGD-1,mjfkbmfk-1,Cluster 17,0,35.09
R1-CA-2_LGD-1,mjfnjcpc-1,Cluster 6,0,42.40
R1-CA-2_LGD-1,mjfnidjl-1,Cluster 6,0,76.45
R1-CA-2_LGD-1,dkfefhmm-1,Cluster 17,0,53.78
R1-CA-2_LGD-1,miohgkkn-1,Cluster 3,0,21.95
R1-CA-2_LGD-1,dkdkbiba-1,Cluster 2,0,66.74
R1-CA-2_LGD-1,mhlndmjb-1,Cluster 10,0,90.90
R1-CA-2_LGD-1,mjaanccg-1,Cluster 3,0,27.05
R1-CA-2_LGD-1,mjffjjgp-1,Cluster 3,0,68.32
R1-CA-2_LGD-1,mjffgkpd-1,Cluster 3,0,76.54
R1-CA-2_LGD-1,dkgaohge-1,Cluster 17,0,50.76
R1-CA-2_LGD-1,mhkkjflp-1,Cluster 3,0,26.51
R1-CA-2_LGD-1,mhkkmema-1,Cluster 3,0,12.55
R1-CA-2_LGD-1,dkfpiepp-1,Cluster 17,0,49.85
R1-CA-2_LGD-1,mjaakdii-1,Cluster 2,0,35.18
R1-CA-2_LGD-1,mjaaknef-1,Cluster 3,0,24.34
R1-CA-2_LGD-1,dkfpgjij-1,Cluster 10,0,53.19
R1-CA-2_LGD-1,mjaamiil-1,Cluster 2,0,47.96
R1-CA-2_LGD-1,mhkkebdl-1,Cluster 10,0,124.27
R1-CA-2_LGD-1,mhlbndbe-1,Cluster 10,0,52.25
R1-CA-2_LGD-1,dlgjicbf-1,Cluster 10,0,139.67
R1-CA-2_LGD-1,mjaakejp-1,Cluster 2,0,79.20
R1-CA-2_LGD-1,mhkkibfm-1,Cluster 3,0,47.23
R1-CA-2_LGD-1,dkfjfnel-1,Cluster 17,0,50.48
R1-CA-2_LGD-1,mhlbfnjl-1,Cluster 17,0,101.38
R1-CA-2_LGD-1,dlgjidag-1,Cluster 10,0,27.05
R1-CA-2_LGD-1,dkfjhjii-1,Cluster 6,0,28.58
R1-CA-2_LGD-1,mhkkibdb-1,Cluster 3,0,6.14
R1-CA-2_LGD-1,dlgikapa-1,Cluster 10,0,55.81
R1-CA-2_LGD-1,mhkkmbdc-1,Cluster 3,0,14.31
R1-CA-2_LGD-1,dlgifdog-1,Cluster 10,0,44.80
R1-CA-2_LGD-1,dlgjeaph-1,Cluster 2,0,50.26
R1-CA-2_LGD-1,dkfjcagi-1,Cluster 10,0,58.61
R1-CA-2_LGD-1,dkfhobld-1,Cluster 10,0,44.39
R1-CA-2_LGD-1,mhlboica-1,Cluster 17,0,41.77
R1-CA-2_LGD-1,mhkkdmfo-1,Cluster 17,0,40.01
R1-CA-2_LGD-1,mhkkgglp-1,Cluster 10,0,103.95
R1-CA-2_LGD-1,mjfapcgf-1,Cluster 10,0,64.89
R1-CA-2_LGD-1,mjfaojpb-1,Cluster 3,0,33.55
R1-CA-2_LGD-1,mjfanplh-1,Cluster 10,0,123.32
R1-CA-2_LGD-1,mhlbkgjc-1,Cluster 17,0,50.44
R1-CA-2_LGD-1,dlgjfaig-1,Cluster 10,0,89.41
R1-CA-2_LGD-1,mjadpego-1,Cluster 10,0,123.28
R1-CA-2_LGD-1,dkenbgah-1,Cluster 10,0,265.74
R1-CA-2_LGD-1,mhiiijhn-1,Cluster 10,0,54.46
R1-CA-2_LGD-1,mhlmljjp-1,Cluster 16,0,95.96
R1-CA-2_LGD-1,mhiiebaj-1,Cluster 2,0,209.25
R1-CA-2_LGD-1,mhiliafd-1,Cluster 6,0,100.29
R1-CA-2_LGD-1,mhlmlkpp-1,Cluster 10,0,59.61
R1-CA-2_LGD-1,mjaehjio-1,Cluster 10,0,70.62
R1-CA-2_LGD-1,mjacipnl-1,Cluster 3,0,15.71
R1-CA-2_LGD-1,mjacekng-1,Cluster 10,0,70.08
R1-CA-2_LGD-1,mjaebdig-1,Cluster 10,0,97.90
R1-CA-2_LGD-1,dkdlfedc-1,Cluster 10,0,99.48
R1-CA-2_LGD-1,mjaejolb-1,Cluster 10,0,172.09
R1-CA-2_LGD-1,dkfohcja-1,Cluster 15,0,52.70
R1-CA-2_LGD-1,mjachmnm-1,Cluster 10,0,68.50
R1-CA-2_LGD-1,mhlmoahj-1,Cluster 2,0,35.58
R1-CA-2_LGD-1,mjacpkfj-1,Cluster 10,0,218.96
R1-CA-2_LGD-1,dkdlgihk-1,Cluster 10,0,83.99
R1-CA-2_LGD-1,mjadecfc-1,Cluster 2,0,58.12
R1-CA-2_LGD-1,mjadeknd-1,Cluster 3,0,76.95
R1-CA-2_LGD-1,mjadcplf-1,Cluster 10,0,56.45
R1-CA-2_LGD-1,dkfokfgj-1,Cluster 2,0,50.89
R1-CA-2_LGD-1,dkdjhipm-1,Cluster 17,0,85.62
R1-CA-2_LGD-1,dkdkfokf-1,Cluster 10,0,60.69
R1-CA-2_LGD-1,dkfohima-1,Cluster 17,0,53.51
R1-CA-2_LGD-1,mhlmlcgc-1,Cluster 17,0,84.98
R1-CA-2_LGD-1,dkdjhcmk-1,Cluster 10,0,84.13
R1-CA-2_LGD-1,dkdkkill-1,Cluster 10,0,57.17
R1-CA-2_LGD-1,mhlmkefl-1,Cluster 10,0,104.18
R1-CA-2_LGD-1,mhlmphal-1,Cluster 17,0,23.80
R1-CA-2_LGD-1,mhlnafag-1,Cluster 10,0,47.46
R1-CA-2_LGD-1,mjabjdig-1,Cluster 3,0,62.50
R1-CA-2_LGD-1,dkdjhopo-1,Cluster 2,0,155.92
R1-CA-2_LGD-1,mhlnbjoj-1,Cluster 10,0,186.59
R1-CA-2_LGD-1,dkdkclck-1,Cluster 10,0,94.56
R1-CA-2_LGD-1,dkgadfog-1,Cluster 2,0,102.01
R1-CA-2_LGD-1,dkgadkho-1,Cluster 3,0,33.42
R1-CA-2_LGD-1,dkfpcjjf-1,Cluster 2,0,69.90
R1-CA-2_LGD-1,dkgafjea-1,Cluster 2,0,113.93
R1-CA-2_LGD-1,dkgakibo-1,Cluster 3,0,47.14
R1-CA-2_LGD-1,dkfopndi-1,Cluster 2,0,68.41
R1-CA-2_LGD-1,dkfopcbk-1,Cluster 2,0,74.96
R1-CA-2_LGD-1,mjffiaid-1,Cluster 17,0,26.69
R1-CA-2_LGD-1,mjffibpk-1,Cluster 17,0,65.61
R1-CA-2_LGD-1,dkgbbofa-1,Cluster 10,0,236.98
R1-CA-2_LGD-1,dkfpgbph-1,Cluster 2,0,82.05
R1-CA-2_LGD-1,mjfegicm-1,Cluster 3,0,62.45
R1-CA-2_LGD-1,mjffaikc-1,Cluster 17,0,28.67
R1-CA-2_LGD-1,dkgalonm-1,Cluster 2,0,139.22
R1-CA-2_LGD-1,dkgbhgdj-1,Cluster 17,0,55.86
R1-CA-2_LGD-1,dkgbejck-1,Cluster 2,0,90.18
R1-CA-2_LGD-1,dkfpnhbi-1,Cluster 3,0,29.85
R1-CA-2_LGD-1,mjfcjcaa-1,Cluster 2,0,159.67
R1-CA-2_LGD-1,mjffgche-1,Cluster 17,0,25.38
R1-CA-2_LGD-1,mjffecjl-1,Cluster 2,0,106.34
R1-CA-2_LGD-1,mjffenja-1,Cluster 2,0,48.14
R1-CA-2_LGD-1,mjfckbge-1,Cluster 10,0,109.55
R1-CA-2_LGD-1,mjffemib-1,Cluster 17,0,23.07
R1-CA-2_LGD-1,mjeppome-1,Cluster 17,0,20.73
R1-CA-2_LGD-1,mjfaanea-1,Cluster 3,0,22.35
R1-CA-2_LGD-1,dkfhhhal-1,Cluster 10,0,134.48
R1-CA-2_LGD-1,dkfiookc-1,Cluster 3,0,39.06
R1-CA-2_LGD-1,dkfhmlnn-1,Cluster 9,0,83.95
R1-CA-2_LGD-1,mjfahlck-1,Cluster 3,0,51.03
R1-CA-2_LGD-1,mjaamfgd-1,Cluster 10,0,87.33
R1-CA-2_LGD-1,ofplljfc-1,Cluster 3,0,139.62
R1-CA-2_LGD-1,dkfhnfjb-1,Cluster 10,0,120.34
R1-CA-2_LGD-1,mjfaldfo-1,Cluster 3,0,64.03
R1-CA-2_LGD-1,dkfioogd-1,Cluster 6,0,64.44
R1-CA-2_LGD-1,dkfimkad-1,Cluster 2,0,74.19
R1-CA-2_LGD-1,mjfcgjmo-1,Cluster 6,0,59.38
R1-CA-2_LGD-1,dkfinfdk-1,Cluster 17,0,78.30
R1-CA-2_LGD-1,dkfnonio-1,Cluster 2,0,109.64
R1-CA-2_LGD-1,mjabpjee-1,Cluster 10,0,74.33
R1-CA-2_LGD-1,mjabgfml-1,Cluster 3,0,25.29
R1-CA-2_LGD-1,ofplkdcn-1,Cluster 3,0,26.10
R1-CA-2_LGD-1,dkemnaje-1,Cluster 2,0,125.49
R1-CA-2_LGD-1,mipppchi-1,Cluster 3,0,9.93
R1-CA-2_LGD-1,mjaabbcd-1,Cluster 3,0,29.31
R1-CA-2_LGD-1,dkemplmh-1,Cluster 2,0,181.21
R1-CA-2_LGD-1,mjabnjig-1,Cluster 3,0,11.88
R1-CA-2_LGD-1,mjacaogf-1,Cluster 2,0,42.67
R1-CA-2_LGD-1,mjaaeflk-1,Cluster 17,0,13.28
R1-CA-2_LGD-1,mjaafgjh-1,Cluster 3,0,83.67
R1-CA-2_LGD-1,mjaackkl-1,Cluster 3,0,43.89
R1-CA-2_LGD-1,miohejja-1,Cluster 3,0,42.67
R1-CA-2_LGD-1,mippnccm-1,Cluster 17,0,72.79
R1-CA-2_LGD-1,mioheidm-1,Cluster 3,0,63.90
R1-CA-2_LGD-1,mjadgegb-1,Cluster 3,0,49.85
R1-CA-2_LGD-1,ofplbmni-1,Cluster 3,0,76.81
R1-CA-2_LGD-1,mjadlnfl-1,Cluster 3,0,100.61
R1-CA-2_LGD-1,mippnkbm-1,Cluster 3,0,54.77
R1-CA-2_LGD-1,mjabhnkd-1,Cluster 3,0,27.36
R1-CA-2_LGD-1,dkgbnohf-1,Cluster 2,0,108.83
R1-CA-2_LGD-1,mjabdkcn-1,Cluster 3,0,184.64
R1-CA-2_LGD-1,dkgconei-1,Cluster 3,0,53.96
R1-CA-2_LGD-1,dkgcbaoh-1,Cluster 2,0,73.24
R1-CA-2_LGD-1,mjabejeb-1,Cluster 6,0,37.71
R1-CA-2_LGD-1,dkgcckhl-1,Cluster 3,0,68.28
R1-CA-2_LGD-1,mjaaimem-1,Cluster 2,0,82.50
R1-CA-2_LGD-1,mjaajofp-1,Cluster 17,0,82.37
R1-CA-2_LGD-1,dkgbpdgl-1,Cluster 9,0,66.92
R1-CA-2_LGD-1,ofplmgpg-1,Cluster 3,0,39.60
R1-CA-2_LGD-1,dkgbnaob-1,Cluster 2,0,125.44
R1-CA-2_LGD-1,mjabdhln-1,Cluster 17,0,96.32
R1-CA-2_LGD-1,mjfcgnhb-1,Cluster 2,0,129.46
R1-CA-2_LGD-1,dkgbmpio-1,Cluster 6,0,75.23
R1-CA-2_LGD-1,mjephllc-1,Cluster 2,0,129.15
R1-CA-2_LGD-1,mjfhlomj-1,Cluster 2,0,130.32
R1-CA-2_LGD-1,mjgcpcfj-1,Cluster 3,0,77.76
R1-CA-2_LGD-1,mjgclkkb-1,Cluster 3,0,19.24
R1-CA-2_LGD-1,ofppikni-1,Cluster 17,0,94.96
R1-CA-2_LGD-1,mjfninmp-1,Cluster 6,0,70.71
R1-CA-2_LGD-1,dkffnild-1,Cluster 17,0,46.10
R1-CA-2_LGD-1,dkfgcpfh-1,Cluster 6,0,62.68
R1-CA-2_LGD-1,mjfnggdk-1,Cluster 5,0,77.13
R1-CA-2_LGD-1,mjfnmabn-1,Cluster 3,0,109.91
R1-CA-2_LGD-1,mjgbdold-1,Cluster 12,0,39.51
R1-CA-2_LGD-1,mjfmoamp-1,Cluster 3,0,21.99
R1-CA-2_LGD-1,dkffnapk-1,Cluster 17,0,34.63
R1-CA-2_LGD-1,mjfnncko-1,Cluster 1,0,51.12
R1-CA-2_LGD-1,dkfgbbhp-1,Cluster 17,0,50.85
R1-CA-2_LGD-1,mjgbgmob-1,Cluster 3,0,17.70
R1-CA-2_LGD-1,mjgcdekf-1,Cluster 12,0,14.50
R1-CA-2_LGD-1,mjfnnepd-1,Cluster 2,0,123.10
R1-CA-2_LGD-1,dkfflkfo-1,Cluster 17,0,61.82
R1-CA-2_LGD-1,dkfeahbi-1,Cluster 2,0,78.84
R1-CA-2_LGD-1,mjgckbce-1,Cluster 3,0,23.80
R1-CA-2_LGD-1,dkfmfkfj-1,Cluster 9,0,25.15
R1-CA-2_LGD-1,dkfilonl-1,Cluster 2,0,71.93
R1-CA-2_LGD-1,dkfijfec-1,Cluster 10,0,63.08
R1-CA-2_LGD-1,dkfnfdpm-1,Cluster 14,0,162.56
R1-CA-2_LGD-1,mjfcemgi-1,Cluster 17,0,18.79
R1-CA-2_LGD-1,dkfnmoah-1,Cluster 14,0,165.45
R1-CA-2_LGD-1,dkfcjnck-1,Cluster 17,0,23.57
R1-CA-2_LGD-1,mjeplhli-1,Cluster 18,0,28.76
R1-CA-2_LGD-1,dkfckden-1,Cluster 14,0,62.18
R1-CA-2_LGD-1,dkfhadif-1,Cluster 2,0,113.70
R1-CA-2_LGD-1,dkfnljkf-1,Cluster 10,0,61.50
R1-CA-2_LGD-1,mjfhkabm-1,Cluster 8,0,38.83
R1-CA-2_LGD-1,dkfkephl-1,Cluster 2,0,88.91
R1-CA-2_LGD-1,dkfdgdkg-1,Cluster 10,0,71.62
R1-CA-2_LGD-1,dkfnfboc-1,Cluster 14,0,44.34
R1-CA-2_LGD-1,dkfkfbgh-1,Cluster 18,0,97.76
R1-CA-2_LGD-1,dkfdajel-1,Cluster 10,0,124.04
R1-CA-2_LGD-1,dkfkjegd-1,Cluster 2,0,75.86
R1-CA-2_LGD-1,dkfcoicp-1,Cluster 14,0,79.07
R1-CA-2_LGD-1,dkfdipgf-1,Cluster 10,0,47.05
R1-CA-2_LGD-1,dkfghaeb-1,Cluster 2,0,48.54
R1-CA-2_LGD-1,dkfnlked-1,Cluster 10,0,134.29
R1-CA-2_LGD-1,dkfggnpj-1,Cluster 10,0,65.70
R1-CA-2_LGD-1,mjgflbop-1,Cluster 18,0,46.19
R1-CA-2_LGD-1,dkfcmcel-1,Cluster 14,0,148.47
R1-CA-2_LGD-1,dkfcnflp-1,Cluster 18,0,72.02
R1-CA-2_LGD-1,dkfgnegl-1,Cluster 6,0,25.83
R1-CA-2_LGD-1,dkfcpjan-1,Cluster 2,0,56.54
R1-CA-2_LGD-1,mjgclffb-1,Cluster 14,0,29.58
R1-CA-2_LGD-1,dkfghjdc-1,Cluster 2,0,48.86
R1-CA-2_LGD-1,dkfhakbl-1,Cluster 6,0,66.33
R1-CA-2_LGD-1,dkfgmegm-1,Cluster 2,0,106.75
R1-CA-2_LGD-1,ofpplhdg-1,Cluster 3,0,155.07
R1-CA-2_LGD-1,mjfhlmkp-1,Cluster 17,0,46.60
R1-CA-2_LGD-1,mjgcplla-1,Cluster 3,0,21.22
R1-CA-2_LGD-1,mjfhmabg-1,Cluster 17,0,30.57
R1-CA-2_LGD-1,dkfcjkja-1,Cluster 2,0,55.86
R1-CA-2_LGD-1,mjfgahai-1,Cluster 17,0,74.15
R1-CA-2_LGD-1,mjfhfhce-1,Cluster 2,0,109.73
R1-CA-2_LGD-1,mjfhckff-1,Cluster 17,0,50.58
R1-CA-2_LGD-1,djlndlhj-1,Cluster 2,0,69.22
R1-CA-2_LGD-1,mjfggild-1,Cluster 3,0,28.85
R1-CA-2_LGD-1,mjfhfajl-1,Cluster 6,0,53.37
R1-CA-2_LGD-1,mjfggiia-1,Cluster 17,0,18.60
R1-CA-2_LGD-1,mjgbdoda-1,Cluster 3,0,17.88
R1-CA-2_LGD-1,mjgcjned-1,Cluster 3,0,29.13
R1-CA-2_LGD-1,mjfppoej-1,Cluster 13,0,48.68
R1-CA-2_LGD-1,mjfppbkf-1,Cluster 3,0,36.49
R1-CA-2_LGD-1,mjgbdnip-1,Cluster 5,0,52.43
R1-CA-2_LGD-1,mjfhoibf-1,Cluster 10,0,150.64
R1-CA-2_LGD-1,mjfhbgkb-1,Cluster 12,0,23.44
R1-CA-2_LGD-1,mjgbefmm-1,Cluster 13,0,122.46
R1-CA-2_LGD-1,mjgcgebk-1,Cluster 3,0,15.04
R1-CA-2_LGD-1,ofponpgp-1,Cluster 3,0,15.17
R1-CA-2_LGD-1,mjgciemf-1,Cluster 3,0,33.46
R1-CA-2_LGD-1,mjfpoeba-1,Cluster 7,0,54.64
R1-CA-2_LGD-1,mjgcijng-1,Cluster 3,0,27.18
R1-CA-2_LGD-1,mjfgmeii-1,Cluster 12,0,33.28
R1-CA-2_LGD-1,mjfpnppd-1,Cluster 3,0,42.54
R1-CA-2_LGD-1,mjfgmbhb-1,Cluster 3,0,17.93
R1-CA-2_LGD-1,mjfgjogn-1,Cluster 12,0,52.43
R1-CA-2_LGD-1,mjfhdkij-1,Cluster 3,0,31.25
R1-CA-2_LGD-1,mjfgfdbk-1,Cluster 3,0,34.23
R1-CA-2_LGD-1,mjepkipc-1,Cluster 6,0,51.21
R1-CA-2_LGD-1,mjeomgjh-1,Cluster 14,0,85.16
R1-CA-2_LGD-1,mjepipdc-1,Cluster 16,0,61.19
R1-CA-2_LGD-1,mjeojhmo-1,Cluster 18,0,82.50
R1-CA-2_LGD-1,mjfhggph-1,Cluster 5,0,53.19
R1-CA-2_LGD-1,dkfmecle-1,Cluster 18,0,192.28
R1-CA-2_LGD-1,mjfhlcmo-1,Cluster 4,0,30.07
R1-CA-2_LGD-1,dkflmmpo-1,Cluster 2,0,47.19
R1-CA-2_LGD-1,mjeplnhc-1,Cluster 18,0,71.89
R1-CA-2_LGD-1,mjepkkic-1,Cluster 2,0,50.44
R1-CA-2_LGD-1,mjfhhjnj-1,Cluster 6,0,23.57
R1-CA-2_LGD-1,dkfmecbj-1,Cluster 2,0,102.41
R1-CA-2_LGD-1,mjfigaoh-1,Cluster 1,0,13.50
R1-CA-2_LGD-1,mjeonfma-1,Cluster 6,0,65.34
R1-CA-2_LGD-1,dkfljlpk-1,Cluster 14,0,40.64
R1-CA-2_LGD-1,dkfliolg-1,Cluster 2,0,39.96
R1-CA-2_LGD-1,mjfiflof-1,Cluster 13,0,41.36
R1-CA-2_LGD-1,dkflaghn-1,Cluster 6,0,101.24
R1-CA-2_LGD-1,mjfidcop-1,Cluster 6,0,53.10
R1-CA-2_LGD-1,mjfiejio-1,Cluster 5,0,43.08
R1-CA-2_LGD-1,mjfibjfn-1,Cluster 1,0,26.64
R1-CA-2_LGD-1,dkfljbnd-1,Cluster 14,0,35.54
R1-CA-2_LGD-1,mjfijklc-1,Cluster 2,0,50.53
R1-CA-2_LGD-1,dkfbpokk-1,Cluster 18,0,64.21
R1-CA-2_LGD-1,mjfilaef-1,Cluster 2,0,30.93
R1-CA-2_LGD-1,dkflfhok-1,Cluster 6,0,34.73
R1-CA-2_LGD-1,dkfchoca-1,Cluster 14,0,83.13
R1-CA-2_LGD-1,mjfihafm-1,Cluster 18,0,68.55
R1-CA-2_LGD-1,dkflbfja-1,Cluster 2,0,113.16
R1-CA-2_LGD-1,dkfccccf-1,Cluster 14,0,52.83
R1-CA-2_LGD-1,dkfmbdna-1,Cluster 14,0,171.14
R1-CA-2_LGD-1,dkflokjg-1,Cluster 18,0,167.85
R1-CA-2_LGD-1,dkfchpko-1,Cluster 10,0,154.34
R1-CA-2_LGD-1,dkfcjonc-1,Cluster 14,0,30.44
R1-CA-2_LGD-1,djlneehk-1,Cluster 9,0,93.79
R1-CA-2_LGD-1,mjenpikc-1,Cluster 3,0,22.80
R1-CA-2_LGD-1,dkgcfdab-1,Cluster 18,0,102.46
R1-CA-2_LGD-1,dkgbmkoh-1,Cluster 18,0,54.19
R1-CA-2_LGD-1,mjfdejfe-1,Cluster 5,0,32.92
R1-CA-2_LGD-1,mipnnjhg-1,Cluster 2,0,77.58
R1-CA-2_LGD-1,mipnjmjf-1,Cluster 6,0,126.66
R1-CA-2_LGD-1,mjfeohkl-1,Cluster 8,0,160.44
R1-CA-2_LGD-1,mipobfcm-1,Cluster 6,0,27.95
R1-CA-2_LGD-1,mjfdapea-1,Cluster 2,0,66.88
R1-CA-2_LGD-1,mjfcllgd-1,Cluster 10,0,58.21
R1-CA-2_LGD-1,dkgbhand-1,Cluster 6,0,61.01
R1-CA-2_LGD-1,mipnkhhm-1,Cluster 2,0,61.05
R1-CA-2_LGD-1,dkgbfcap-1,Cluster 1,0,66.74
R1-CA-2_LGD-1,mipnfnmh-1,Cluster 14,0,68.59
R1-CA-2_LGD-1,mjfehbnd-1,Cluster 8,0,67.19
R1-CA-2_LGD-1,mipnioga-1,Cluster 5,0,44.25
R1-CA-2_LGD-1,mipnjfda-1,Cluster 6,0,35.27
R1-CA-2_LGD-1,dkgbnbgp-1,Cluster 14,0,98.08
R1-CA-2_LGD-1,mjaagooh-1,Cluster 12,0,29.76
R1-CA-2_LGD-1,mjfcnadl-1,Cluster 8,0,68.28
R1-CA-2_LGD-1,mjfeoobl-1,Cluster 5,0,29.80
R1-CA-2_LGD-1,mjfdijko-1,Cluster 2,0,34.63
R1-CA-2_LGD-1,mjfeplie-1,Cluster 5,0,48.36
R1-CA-2_LGD-1,mjfecfmo-1,Cluster 10,0,111.45
R1-CA-2_LGD-1,mjfdfbgo-1,Cluster 10,0,52.74
R1-CA-2_LGD-1,mjfcleok-1,Cluster 2,0,39.24
R1-CA-2_LGD-1,mjfchgni-1,Cluster 2,0,93.02
R1-CA-2_LGD-1,mjfebdin-1,Cluster 10,0,36.13
R1-CA-2_LGD-1,mjfdoagk-1,Cluster 10,0,202.35
R1-CA-2_LGD-1,mjepnoje-1,Cluster 3,0,48.81
R1-CA-2_LGD-1,dkfmjfed-1,Cluster 10,0,102.10
R1-CA-2_LGD-1,mjfcjcmb-1,Cluster 10,0,119.98
R1-CA-2_LGD-1,dkfnaeee-1,Cluster 10,0,61.14
R1-CA-2_LGD-1,dkfmhnmp-1,Cluster 10,0,100.74
R1-CA-2_LGD-1,mjaaggcl-1,Cluster 10,0,170.69
R1-CA-2_LGD-1,dkfifeaf-1,Cluster 10,0,126.12
R1-CA-2_LGD-1,dkfhgmkc-1,Cluster 6,0,54.37
R1-CA-2_LGD-1,dkfmmogg-1,Cluster 2,0,93.79
R1-CA-2_LGD-1,dkeojnkn-1,Cluster 3,0,154.34
R1-CA-2_LGD-1,mipjikbc-1,Cluster 3,0,47.64
R1-CA-2_LGD-1,mipjidfc-1,Cluster 3,0,20.32
R1-CA-2_LGD-1,mipigcpp-1,Cluster 17,0,317.85
R1-CA-2_LGD-1,dkeolbhi-1,Cluster 10,0,50.03
R1-CA-2_LGD-1,dkfnoicl-1,Cluster 17,0,37.62
R1-CA-2_LGD-1,mipifkmd-1,Cluster 2,0,188.89
R1-CA-2_LGD-1,mipjfiik-1,Cluster 3,0,38.61
R1-CA-2_LGD-1,mipjhibi-1,Cluster 3,0,30.39
R1-CA-2_LGD-1,dkfoojii-1,Cluster 2,0,87.42
R1-CA-2_LGD-1,ofplblol-1,Cluster 3,0,98.62
R1-CA-2_LGD-1,dkgccpcb-1,Cluster 2,0,63.04
R1-CA-2_LGD-1,mipiohdd-1,Cluster 3,0,27.23
R1-CA-2_LGD-1,dkgcaiel-1,Cluster 17,0,66.61
R1-CA-2_LGD-1,mipjilac-1,Cluster 3,0,36.31
R1-CA-2_LGD-1,dkfodabf-1,Cluster 17,0,66.52
R1-CA-2_LGD-1,mipjfcme-1,Cluster 3,0,10.12
R1-CA-2_LGD-1,dkfonbal-1,Cluster 3,0,71.08
R1-CA-2_LGD-1,dkeohfad-1,Cluster 17,0,86.20
R1-CA-2_LGD-1,ofpldcan-1,Cluster 3,0,77.89
R1-CA-2_LGD-1,dkeohnei-1,Cluster 2,0,127.02
R1-CA-2_LGD-1,dkgcnonn-1,Cluster 6,0,51.25
R1-CA-2_LGD-1,dkgcnbkn-1,Cluster 17,0,74.60
R1-CA-2_LGD-1,dkgcndhj-1,Cluster 17,0,76.90
R1-CA-2_LGD-1,dkfodaon-1,Cluster 2,0,45.47
R1-CA-2_LGD-1,mipihloc-1,Cluster 10,0,30.07
R1-CA-2_LGD-1,dkgcadgi-1,Cluster 3,0,64.84
R1-CA-2_LGD-1,dkfomhjl-1,Cluster 3,0,45.34
R1-CA-2_LGD-1,ofplacee-1,Cluster 3,0,107.20
R1-CA-2_LGD-1,dkgcagkn-1,Cluster 17,0,48.41
R1-CA-2_LGD-1,dkgchcjn-1,Cluster 2,0,73.24
R1-CA-2_LGD-1,dkgcgiil-1,Cluster 6,0,23.17
R1-CA-2_LGD-1,dkgckekp-1,Cluster 18,0,98.85
R1-CA-2_LGD-1,dkgcbpal-1,Cluster 6,0,26.82
R1-CA-2_LGD-1,dkgcgfng-1,Cluster 6,0,34.68
R1-CA-2_LGD-1,mipndnig-1,Cluster 2,0,73.24
R1-CA-2_LGD-1,mipphdbi-1,Cluster 5,0,59.06
R1-CA-2_LGD-1,mippghgb-1,Cluster 13,0,50.08
R1-CA-2_LGD-1,mipmlice-1,Cluster 2,0,110.81
R1-CA-2_LGD-1,mipoicme-1,Cluster 5,0,42.54
R1-CA-2_LGD-1,mipmpdfg-1,Cluster 13,0,89.50
R1-CA-2_LGD-1,mipojjoa-1,Cluster 5,0,99.34
R1-CA-2_LGD-1,mipokhan-1,Cluster 1,0,48.59
R1-CA-2_LGD-1,mipkgjhh-1,Cluster 5,0,43.21
R1-CA-2_LGD-1,mipnfdmp-1,Cluster 8,0,78.48
R1-CA-2_LGD-1,mipmphgd-1,Cluster 8,0,53.33
R1-CA-2_LGD-1,mipkedhj-1,Cluster 1,0,38.83
R1-CA-2_LGD-1,mipkdcjb-1,Cluster 13,0,168.30
R1-CA-2_LGD-1,dkgblhfa-1,Cluster 10,0,132.26
R1-CA-2_LGD-1,djlecijp-1,Cluster 10,0,71.03
R1-CA-2_LGD-1,dkgbgbkg-1,Cluster 14,0,228.22
R1-CA-2_LGD-1,dkgbfjbe-1,Cluster 10,0,90.58
R1-CA-2_LGD-1,mipmcfhl-1,Cluster 10,0,220.59
R1-CA-2_LGD-1,mipliecc-1,Cluster 2,0,73.15
R1-CA-2_LGD-1,mipkkjob-1,Cluster 10,0,77.13
R1-CA-2_LGD-1,miplldep-1,Cluster 2,0,75.73
R1-CA-2_LGD-1,djleidpm-1,Cluster 10,0,201.13
R1-CA-2_LGD-1,mjenmpig-1,Cluster 3,0,45.07
R1-CA-2_LGD-1,mjeobmnn-1,Cluster 14,0,153.12
R1-CA-2_LGD-1,mjeofmik-1,Cluster 3,0,33.87
R1-CA-2_LGD-1,mjeogbim-1,Cluster 3,0,35.54
R1-CA-2_LGD-1,ofpojgpd-1,Cluster 3,0,19.10
R1-CA-2_LGD-1,mipkohbd-1,Cluster 10,0,195.26
R1-CA-2_LGD-1,mipllmhl-1,Cluster 2,0,103.32
R1-CA-2_LGD-1,mjeofjkd-1,Cluster 3,0,42.90
R1-CA-2_LGD-1,miplfccb-1,Cluster 2,0,31.02
R1-CA-2_LGD-1,miplehle-1,Cluster 2,0,150.42
R1-CA-2_LGD-1,dkfmfiba-1,Cluster 9,0,71.89
R1-CA-2_LGD-1,miplcdae-1,Cluster 17,0,192.46
R1-CA-2_LGD-1,mjencjaf-1,Cluster 3,0,50.08
R1-CA-2_LGD-1,mjeofbpl-1,Cluster 14,0,28.31
R1-CA-2_LGD-1,mjenjgnd-1,Cluster 3,0,61.14
R1-CA-2_LGD-1,dkfadkml-1,Cluster 10,0,68.10
R1-CA-2_LGD-1,dkenlmee-1,Cluster 17,0,75.77
R1-CA-2_LGD-1,dkepbidh-1,Cluster 2,0,128.79
R1-CA-2_LGD-1,dkembodk-1,Cluster 10,0,105.53
R1-CA-2_LGD-1,dkfapehl-1,Cluster 9,0,92.39
R1-CA-2_LGD-1,dkeobbhe-1,Cluster 17,0,71.62
R1-CA-2_LGD-1,djloopkl-1,Cluster 17,0,55.00
R1-CA-2_LGD-1,djlpgbkl-1,Cluster 3,0,42.63
R1-CA-2_LGD-1,dkfapfoe-1,Cluster 17,0,20.46
R1-CA-2_LGD-1,dkenknon-1,Cluster 2,0,45.25
R1-CA-2_LGD-1,dkemggbc-1,Cluster 2,0,80.06
R1-CA-2_LGD-1,dkemhgfd-1,Cluster 2,0,58.97
R1-CA-2_LGD-1,djlokonf-1,Cluster 3,0,66.24
R1-CA-2_LGD-1,ofplafeh-1,Cluster 3,0,84.71
R1-CA-2_LGD-1,mipigmpg-1,Cluster 10,0,53.24
R1-CA-2_LGD-1,mipiajcp-1,Cluster 3,0,25.65
R1-CA-2_LGD-1,mipopfpf-1,Cluster 10,0,147.75
R1-CA-2_LGD-1,dkfaokcc-1,Cluster 3,0,174.94
R1-CA-2_LGD-1,dkfafnka-1,Cluster 10,0,59.11
R1-CA-2_LGD-1,djlooomm-1,Cluster 10,0,83.81
R1-CA-2_LGD-1,mipikaoe-1,Cluster 10,0,32.47
R1-CA-2_LGD-1,miojkkee-1,Cluster 16,0,62.14
R1-CA-2_LGD-1,djlomibo-1,Cluster 3,0,165.36
R1-CA-2_LGD-1,djlfkokg-1,Cluster 2,0,211.51
R1-CA-2_LGD-1,dkepkbil-1,Cluster 10,0,71.71
R1-CA-2_LGD-1,dkeocmbj-1,Cluster 17,0,56.67
R1-CA-2_LGD-1,dkfaacio-1,Cluster 10,0,45.56
R1-CA-2_LGD-1,dkeokfpg-1,Cluster 2,0,58.61
R1-CA-2_LGD-1,dkfokfjg-1,Cluster 2,0,65.97
R1-CA-2_LGD-1,mipochjj-1,Cluster 17,0,25.15
R1-CA-2_LGD-1,mipophia-1,Cluster 2,0,82.50
R1-CA-2_LGD-1,mipndofd-1,Cluster 17,0,180.94
R1-CA-2_LGD-1,mippaene-1,Cluster 2,0,76.72
R1-CA-2_LGD-1,mipodeck-1,Cluster 2,0,105.17
R1-CA-2_LGD-1,mipnbllf-1,Cluster 2,0,87.51
R1-CA-2_LGD-1,lgbbjhfk-1,Cluster 4,0,52.20
R1-CA-2_LGD-1,lgbamfjc-1,Cluster 4,0,38.34
R1-CA-2_LGD-1,mjhliagm-1,Cluster 3,0,8.49
R1-CA-2_LGD-1,lgbcabmc-1,Cluster 3,0,17.20
R1-CA-2_LGD-1,mjhlimem-1,Cluster 7,0,49.31
R1-CA-2_LGD-1,lgbbplok-1,Cluster 1,0,38.47
R1-CA-2_LGD-1,ofppneml-1,Cluster 3,0,8.90
R1-CA-2_LGD-1,djljbdcf-1,Cluster 2,0,93.83
R1-CA-2_LGD-1,djlnomho-1,Cluster 18,0,58.75
R1-CA-2_LGD-1,djlnigjg-1,Cluster 2,0,64.39
R1-CA-2_LGD-1,djlnahom-1,Cluster 18,0,55.36
R1-CA-2_LGD-1,mjgimoga-1,Cluster 6,0,31.88
R1-CA-2_LGD-1,mjgiogea-1,Cluster 6,0,64.89
R1-CA-2_LGD-1,dkfleigk-1,Cluster 14,0,39.20
R1-CA-2_LGD-1,mjgioold-1,Cluster 17,0,21.18
R1-CA-2_LGD-1,mjgiioab-1,Cluster 6,0,76.54
R1-CA-2_LGD-1,mjgipjfd-1,Cluster 2,0,83.54
R1-CA-2_LGD-1,mjffoien-1,Cluster 12,0,18.24
R1-CA-2_LGD-1,ofpoknfd-1,Cluster 3,0,101.29
R1-CA-2_LGD-1,mjgikpem-1,Cluster 16,0,91.80
R1-CA-2_LGD-1,mjfnobgj-1,Cluster 12,0,45.07
R1-CA-2_LGD-1,mjhbakbe-1,Cluster 5,0,88.15
R1-CA-2_LGD-1,mjhbbkpd-1,Cluster 12,0,29.22
R1-CA-2_LGD-1,mjffnfic-1,Cluster 5,0,76.59
R1-CA-2_LGD-1,mjfnpdlg-1,Cluster 1,0,29.58
R1-CA-2_LGD-1,mjfnogae-1,Cluster 12,0,21.95
R1-CA-2_LGD-1,mjhdbaca-1,Cluster 1,0,45.11
R1-CA-2_LGD-1,mjfgcpom-1,Cluster 12,0,100.11
R1-CA-2_LGD-1,mjfnohdp-1,Cluster 3,0,22.40
R1-CA-2_LGD-1,mjhdabgn-1,Cluster 1,0,67.51
R1-CA-2_LGD-1,mjhdacfl-1,Cluster 4,0,46.74
R1-CA-2_LGD-1,mjhcjimf-1,Cluster 5,0,41.50
R1-CA-2_LGD-1,mjfokmfa-1,Cluster 3,0,30.98
R1-CA-2_LGD-1,mjfolbik-1,Cluster 8,0,54.37
R1-CA-2_LGD-1,mjhcbbam-1,Cluster 20,0,19.46
R1-CA-2_LGD-1,mjhcchnk-1,Cluster 5,0,30.16
R1-CA-2_LGD-1,mjhcmgha-1,Cluster 12,0,44.93
R1-CA-2_LGD-1,mjfonmbo-1,Cluster 3,0,8.04
R1-CA-2_LGD-1,mjfonegh-1,Cluster 3,0,41.81
R1-CA-2_LGD-1,mjfokhmf-1,Cluster 3,0,23.75
R1-CA-2_LGD-1,mjhcdgbf-1,Cluster 3,0,11.33
R1-CA-2_LGD-1,mjhcjmjj-1,Cluster 7,0,37.34
R1-CA-2_LGD-1,mjhckplh-1,Cluster 16,0,44.34
R1-CA-2_LGD-1,mjhckhad-1,Cluster 16,0,68.59
R1-CA-2_LGD-1,djljpebm-1,Cluster 14,0,120.39
R1-CA-2_LGD-1,dkfknhmk-1,Cluster 14,0,66.79
R1-CA-2_LGD-1,mjeoncgg-1,Cluster 14,0,43.03
R1-CA-2_LGD-1,mjibgbph-1,Cluster 14,0,75.86
R1-CA-2_LGD-1,mjibejki-1,Cluster 5,0,71.17
R1-CA-2_LGD-1,djlkiepo-1,Cluster 14,0,114.16
R1-CA-2_LGD-1,djlmlcpp-1,Cluster 2,0,57.85
R1-CA-2_LGD-1,dkfkjmbf-1,Cluster 2,0,92.12
R1-CA-2_LGD-1,djlkannh-1,Cluster 10,0,120.75
R1-CA-2_LGD-1,mjiajibp-1,Cluster 17,0,24.47
R1-CA-2_LGD-1,mjgifcaf-1,Cluster 10,0,87.47
R1-CA-2_LGD-1,mjffliml-1,Cluster 6,0,36.35
R1-CA-2_LGD-1,mjianbjh-1,Cluster 1,0,82.32
R1-CA-2_LGD-1,mjfflldj-1,Cluster 2,0,82.23
R1-CA-2_LGD-1,mjffkdpc-1,Cluster 13,0,54.50
R1-CA-2_LGD-1,djlkfebc-1,Cluster 2,0,171.10
R1-CA-2_LGD-1,mjibcccn-1,Cluster 8,0,39.38
R1-CA-2_LGD-1,djljaelc-1,Cluster 2,0,111.08
R1-CA-2_LGD-1,mjiamgjp-1,Cluster 5,0,44.07
R1-CA-2_LGD-1,djlkbbgd-1,Cluster 2,0,78.62
R1-CA-2_LGD-1,djlkcfmi-1,Cluster 18,0,55.14
R1-CA-2_LGD-1,djlkhipk-1,Cluster 2,0,149.38
R1-CA-2_LGD-1,mjfgafjg-1,Cluster 6,0,24.79
R1-CA-2_LGD-1,mjgiijpe-1,Cluster 2,0,33.51
R1-CA-2_LGD-1,djlnlgoh-1,Cluster 2,0,28.67
R1-CA-2_LGD-1,djlnjgln-1,Cluster 2,0,45.07
R1-CA-2_LGD-1,dkflbbge-1,Cluster 2,0,58.03
R1-CA-2_LGD-1,djlmmlof-1,Cluster 14,0,19.10
R1-CA-2_LGD-1,djlnmnhl-1,Cluster 2,0,32.29
R1-CA-2_LGD-1,dkfljjio-1,Cluster 2,0,44.43
R1-CA-2_LGD-1,djlnaehe-1,Cluster 2,0,63.17
R1-CA-2_LGD-1,dkflihbm-1,Cluster 18,0,33.55
R1-CA-2_LGD-1,djlmmldi-1,Cluster 17,0,41.36
R1-CA-2_LGD-1,djlnjkdn-1,Cluster 10,0,228.76
R1-CA-2_LGD-1,djlngldk-1,Cluster 14,0,36.17
R1-CA-2_LGD-1,dkfldkao-1,Cluster 18,0,46.19
R1-CA-2_LGD-1,mjgglhbk-1,Cluster 17,0,68.46
R1-CA-2_LGD-1,mjgiphcd-1,Cluster 2,0,100.88
R1-CA-2_LGD-1,mjgicbef-1,Cluster 3,0,32.87
R1-CA-2_LGD-1,mjghpnjk-1,Cluster 3,0,18.74
R1-CA-2_LGD-1,mjgidabe-1,Cluster 16,0,44.61
R1-CA-2_LGD-1,mjgidbge-1,Cluster 12,0,36.40
R1-CA-2_LGD-1,mjgiefcd-1,Cluster 8,0,60.92
R1-CA-2_LGD-1,mjhgbfio-1,Cluster 3,0,11.79
R1-CA-2_LGD-1,mjghndml-1,Cluster 1,0,67.37
R1-CA-2_LGD-1,mjhhaklg-1,Cluster 3,0,13.86
R1-CA-2_LGD-1,mjhhjckh-1,Cluster 5,0,51.03
R1-CA-2_LGD-1,mjhgkjel-1,Cluster 3,0,28.45
R1-CA-2_LGD-1,mjhhploi-1,Cluster 8,0,16.48
R1-CA-2_LGD-1,mjghpejg-1,Cluster 12,0,110.09
R1-CA-2_LGD-1,mjhhmfam-1,Cluster 1,0,27.64
R1-CA-2_LGD-1,mjhhmhnh-1,Cluster 16,0,88.33
R1-CA-2_LGD-1,mjhdjmol-1,Cluster 4,0,38.43
R1-CA-2_LGD-1,mjheknhj-1,Cluster 12,0,74.01
R1-CA-2_LGD-1,mjhhhlpb-1,Cluster 3,0,17.29
R1-CA-2_LGD-1,mjhhfmcj-1,Cluster 3,0,18.33
R1-CA-2_LGD-1,mjgiccfk-1,Cluster 5,0,139.89
R1-CA-2_LGD-1,mjhhmolg-1,Cluster 3,0,38.47
R1-CA-2_LGD-1,mjghpdid-1,Cluster 5,0,74.46
R1-CA-2_LGD-1,mjghknch-1,Cluster 16,0,43.08
R1-CA-2_LGD-1,mjhgggjl-1,Cluster 5,0,51.25
R1-CA-2_LGD-1,mjhedbmi-1,Cluster 3,0,22.71
R1-CA-2_LGD-1,mjghoddn-1,Cluster 5,0,118.72
R1-CA-2_LGD-1,mjgickbj-1,Cluster 12,0,57.08
R1-CA-2_LGD-1,mjhdjkhm-1,Cluster 4,0,46.65
R1-CA-2_LGD-1,mjhhmofn-1,Cluster 16,0,55.72
R1-CA-2_LGD-1,mjghkhfd-1,Cluster 7,0,78.35
R1-CA-2_LGD-1,mjhhiloo-1,Cluster 12,0,28.85
R1-CA-2_LGD-1,mjhbbehi-1,Cluster 12,0,29.04
R1-CA-2_LGD-1,mjhgkdef-1,Cluster 7,0,35.63
R1-CA-2_LGD-1,djlgminb-1,Cluster 2,0,45.16
R1-CA-2_LGD-1,djlgocmn-1,Cluster 10,0,181.66
R1-CA-2_LGD-1,djlhchke-1,Cluster 20,0,28.58
R1-CA-2_LGD-1,mjiacdlk-1,Cluster 10,0,120.97
R1-CA-2_LGD-1,mjhpmiik-1,Cluster 12,0,39.74
R1-CA-2_LGD-1,mjibcbio-1,Cluster 13,0,42.81
R1-CA-2_LGD-1,mjibfhal-1,Cluster 14,0,73.88
R1-CA-2_LGD-1,mjibdiep-1,Cluster 1,0,54.14
R1-CA-2_LGD-1,djlgncaf-1,Cluster 2,0,37.43
R1-CA-2_LGD-1,ogaafecn-1,Cluster 3,0,15.31
R1-CA-2_LGD-1,mjiacgao-1,Cluster 2,0,118.63
R1-CA-2_LGD-1,mjgfnbhf-1,Cluster 2,0,33.78
R1-CA-2_LGD-1,mjickedd-1,Cluster 1,0,30.16
R1-CA-2_LGD-1,mjicpljj-1,Cluster 18,0,108.47
R1-CA-2_LGD-1,mjicgdkb-1,Cluster 5,0,29.40
R1-CA-2_LGD-1,mjibljck-1,Cluster 6,0,64.84
R1-CA-2_LGD-1,mjgfplcl-1,Cluster 22,0,45.88
R1-CA-2_LGD-1,djlhckkd-1,Cluster 2,0,67.51
R1-CA-2_LGD-1,mjicdneo-1,Cluster 8,0,27.27
R1-CA-2_LGD-1,mjickigd-1,Cluster 14,0,82.05
R1-CA-2_LGD-1,mjibhbhc-1,Cluster 10,0,50.89
R1-CA-2_LGD-1,mjicohjl-1,Cluster 14,0,28.13
R1-CA-2_LGD-1,mjibjokj-1,Cluster 2,0,59.02
R1-CA-2_LGD-1,mjgfmpgc-1,Cluster 2,0,70.81
R1-CA-2_LGD-1,djlgmjcn-1,Cluster 2,0,36.31
R1-CA-2_LGD-1,mjibjhef-1,Cluster 2,0,42.45
R1-CA-2_LGD-1,djlgmpgh-1,Cluster 2,0,32.69
R1-CA-2_LGD-1,mjghaghf-1,Cluster 2,0,52.16
R1-CA-2_LGD-1,djlnjknk-1,Cluster 2,0,97.22
R1-CA-2_LGD-1,mjghbdma-1,Cluster 2,0,83.67
R1-CA-2_LGD-1,djlgfnha-1,Cluster 2,0,58.88
R1-CA-2_LGD-1,mjggkbok-1,Cluster 6,0,43.98
R1-CA-2_LGD-1,djlggeio-1,Cluster 2,0,50.53
R1-CA-2_LGD-1,djlggcbk-1,Cluster 2,0,78.26
R1-CA-2_LGD-1,mjggllgd-1,Cluster 3,0,61.14
R1-CA-2_LGD-1,ofplamij-1,Cluster 3,0,20.05
R1-CA-2_LGD-1,mippchbc-1,Cluster 5,0,40.23
R1-CA-2_LGD-1,mipfnejl-1,Cluster 5,0,81.06
R1-CA-2_LGD-1,mipflnho-1,Cluster 16,0,57.17
R1-CA-2_LGD-1,miplokpa-1,Cluster 10,0,119.39
R1-CA-2_LGD-1,djledmmo-1,Cluster 17,0,77.67
R1-CA-2_LGD-1,mipjpfgb-1,Cluster 5,0,26.69
R1-CA-2_LGD-1,djlffjmf-1,Cluster 1,0,63.99
R1-CA-2_LGD-1,mjhohbbn-1,Cluster 3,0,19.24
R1-CA-2_LGD-1,mipmkdkh-1,Cluster 14,0,68.95
R1-CA-2_LGD-1,djleiekp-1,Cluster 14,0,227.36
R1-CA-2_LGD-1,djleikck-1,Cluster 18,0,78.44
R1-CA-2_LGD-1,mjiamabb-1,Cluster 3,0,31.74
R1-CA-2_LGD-1,mipkinbe-1,Cluster 12,0,31.02
R1-CA-2_LGD-1,mipkbohh-1,Cluster 8,0,80.11
R1-CA-2_LGD-1,mipmkoed-1,Cluster 18,0,64.84
R1-CA-2_LGD-1,mipkipga-1,Cluster 5,0,76.72
R1-CA-2_LGD-1,mipmechf-1,Cluster 3,0,44.12
R1-CA-2_LGD-1,ogaacdmd-1,Cluster 3,0,33.14
R1-CA-2_LGD-1,mipojlhj-1,Cluster 8,0,55.72
R1-CA-2_LGD-1,mjiagpnb-1,Cluster 3,0,29.13
R1-CA-2_LGD-1,ogaaafho-1,Cluster 3,0,35.85
R1-CA-2_LGD-1,mjiajclf-1,Cluster 3,0,21.90
R1-CA-2_LGD-1,ogaadbcc-1,Cluster 3,0,17.97
R1-CA-2_LGD-1,mipmbiel-1,Cluster 3,0,9.12
R1-CA-2_LGD-1,mipmhgib-1,Cluster 3,0,42.58
R1-CA-2_LGD-1,mipmimnd-1,Cluster 10,0,269.27
R1-CA-2_LGD-1,djlfagbk-1,Cluster 2,0,115.15
R1-CA-2_LGD-1,mipkibdb-1,Cluster 5,0,55.05
R1-CA-2_LGD-1,mjiamfaa-1,Cluster 3,0,21.86
R1-CA-2_LGD-1,ofplejlo-1,Cluster 13,0,22.31
R1-CA-2_LGD-1,mjialcla-1,Cluster 17,0,100.29
R1-CA-2_LGD-1,miplpmhb-1,Cluster 3,0,69.63
R1-CA-2_LGD-1,mipmaghd-1,Cluster 10,0,104.85
R1-CA-2_LGD-1,miplpgko-1,Cluster 14,0,69.68
R1-CA-2_LGD-1,ogaadbae-1,Cluster 3,0,38.29
R1-CA-2_LGD-1,mjhohpej-1,Cluster 3,0,49.85
R1-CA-2_LGD-1,mipkgngb-1,Cluster 5,0,73.06
R1-CA-2_LGD-1,miojjphg-1,Cluster 17,0,101.20
R1-CA-2_LGD-1,djlopcce-1,Cluster 10,0,79.66
R1-CA-2_LGD-1,miojllpp-1,Cluster 10,0,125.58
R1-CA-2_LGD-1,djlpepdn-1,Cluster 17,0,62.86
R1-CA-2_LGD-1,dkemhjoe-1,Cluster 17,0,58.39
R1-CA-2_LGD-1,miophobp-1,Cluster 10,0,78.89
R1-CA-2_LGD-1,djlojcjj-1,Cluster 2,0,79.70
R1-CA-2_LGD-1,dkemapne-1,Cluster 2,0,58.25
R1-CA-2_LGD-1,dkemdakm-1,Cluster 10,0,99.34
R1-CA-2_LGD-1,miphncha-1,Cluster 3,0,64.80
R1-CA-2_LGD-1,djlppcpi-1,Cluster 3,0,65.61
R1-CA-2_LGD-1,miojmaoj-1,Cluster 12,0,41.72
R1-CA-2_LGD-1,djlokiib-1,Cluster 10,0,85.39
R1-CA-2_LGD-1,djlojgob-1,Cluster 17,0,44.57
R1-CA-2_LGD-1,djmalhpf-1,Cluster 18,0,124.27
R1-CA-2_LGD-1,mipdkfda-1,Cluster 3,0,38.16
R1-CA-2_LGD-1,djloenhl-1,Cluster 14,0,27.95
R1-CA-2_LGD-1,djlpjich-1,Cluster 3,0,42.22
R1-CA-2_LGD-1,djlpfale-1,Cluster 18,0,78.98
R1-CA-2_LGD-1,miphmadl-1,Cluster 3,0,41.91
R1-CA-2_LGD-1,miojiigh-1,Cluster 17,0,144.45
R1-CA-2_LGD-1,djlpffde-1,Cluster 10,0,38.11
R1-CA-2_LGD-1,mipgefmc-1,Cluster 6,0,19.24
R1-CA-2_LGD-1,miojabim-1,Cluster 10,0,59.65
R1-CA-2_LGD-1,djmbacoo-1,Cluster 18,0,104.99
R1-CA-2_LGD-1,djlffago-1,Cluster 17,0,134.11
R1-CA-2_LGD-1,mipgdmci-1,Cluster 14,0,132.85
R1-CA-2_LGD-1,djlfkjfa-1,Cluster 2,0,58.39
R1-CA-2_LGD-1,mipfplid-1,Cluster 10,0,83.00
R1-CA-2_LGD-1,mipgbman-1,Cluster 18,0,86.56
R1-CA-2_LGD-1,djmbacbj-1,Cluster 17,0,76.09
R1-CA-2_LGD-1,mipgahnh-1,Cluster 10,0,68.68
R1-CA-2_LGD-1,djlffkji-1,Cluster 17,0,145.72
R1-CA-2_LGD-1,mipoiamk-1,Cluster 8,0,49.72
R1-CA-2_LGD-1,mipfnkhp-1,Cluster 16,0,62.41
R1-CA-2_LGD-1,djldpglc-1,Cluster 10,0,57.94
R1-CA-2_LGD-1,djldnhnh-1,Cluster 18,0,96.45
R1-CA-2_LGD-1,djlecbhc-1,Cluster 18,0,114.83
R1-CA-2_LGD-1,mipfljip-1,Cluster 8,0,87.96
R1-CA-2_LGD-1,mipbikef-1,Cluster 13,0,89.54
R1-CA-2_LGD-1,mipflehe-1,Cluster 5,0,110.81
R1-CA-2_LGD-1,mipfjjkp-1,Cluster 5,0,33.46
R1-CA-2_LGD-1,mipclkok-1,Cluster 1,0,78.57
R1-CA-2_LGD-1,mipdcepd-1,Cluster 5,0,31.43
R1-CA-2_LGD-1,mipcdeic-1,Cluster 5,0,80.69
R1-CA-2_LGD-1,mipcopjc-1,Cluster 1,0,50.58
R1-CA-2_LGD-1,mipbmdna-1,Cluster 13,0,40.69
R1-CA-2_LGD-1,mipcmkep-1,Cluster 8,0,45.52
R1-CA-2_LGD-1,mipbkgfj-1,Cluster 5,0,79.52
R1-CA-2_LGD-1,mjhodibk-1,Cluster 6,0,63.04
R1-CA-2_LGD-1,mipbgffj-1,Cluster 10,0,80.24
R1-CA-2_LGD-1,mjhphfaj-1,Cluster 17,0,174.08
R1-CA-2_LGD-1,mjhopdnl-1,Cluster 17,0,28.67
R1-CA-2_LGD-1,mipcgkhd-1,Cluster 11,0,79.57
R1-CA-2_LGD-1,djleoakf-1,Cluster 10,0,161.93
R1-CA-2_LGD-1,mjholmgi-1,Cluster 6,0,33.78
R1-CA-2_LGD-1,djlijofa-1,Cluster 2,0,246.82
R1-CA-2_LGD-1,djlfcdha-1,Cluster 6,0,57.17
R1-CA-2_LGD-1,djlfpdlo-1,Cluster 10,0,54.46
R1-CA-2_LGD-1,djlgbhcm-1,Cluster 6,0,94.69
R1-CA-2_LGD-1,djlijieb-1,Cluster 10,0,191.15
R1-CA-2_LGD-1,mjholnnd-1,Cluster 17,0,78.53
R1-CA-2_LGD-1,mjhpgggk-1,Cluster 3,0,12.46
R1-CA-2_LGD-1,ofppofoj-1,Cluster 3,0,82.14
R1-CA-2_LGD-1,djleknih-1,Cluster 10,0,38.25
R1-CA-2_LGD-1,djlemoch-1,Cluster 14,0,71.21
R1-CA-2_LGD-1,djlipihh-1,Cluster 10,0,127.02
R1-CA-2_LGD-1,mipcieci-1,Cluster 13,0,110.41
R1-CA-2_LGD-1,mipcfnla-1,Cluster 14,0,58.70
R1-CA-2_LGD-1,djlgalgp-1,Cluster 2,0,48.09
R1-CA-2_LGD-1,mipcdobl-1,Cluster 13,0,152.36
R1-CA-2_LGD-1,mipcjnah-1,Cluster 5,0,50.85
R1-CA-2_LGD-1,miopljmj-1,Cluster 10,0,63.90
R1-CA-2_LGD-1,miooppcj-1,Cluster 10,0,45.70
R1-CA-2_LGD-1,miopklfc-1,Cluster 10,0,33.82
R1-CA-2_LGD-1,miopkhdm-1,Cluster 9,0,9.80
R1-CA-2_LGD-1,miopmgio-1,Cluster 12,0,68.10
R1-CA-2_LGD-1,miojgabe-1,Cluster 10,0,61.23
R1-CA-2_LGD-1,mipdgdib-1,Cluster 17,0,144.64
R1-CA-2_LGD-1,miopgolh-1,Cluster 10,0,38.47
R1-CA-2_LGD-1,djmbbagc-1,Cluster 10,0,91.08
R1-CA-2_LGD-1,djmadndj-1,Cluster 2,0,34.77
R1-CA-2_LGD-1,mipddefp-1,Cluster 10,0,117.68
R1-CA-2_LGD-1,mipdiifo-1,Cluster 17,0,17.25
R1-CA-2_LGD-1,djmbebja-1,Cluster 10,0,117.59
R1-CA-2_LGD-1,djmblobd-1,Cluster 2,0,84.53
R1-CA-2_LGD-1,mipdjnlb-1,Cluster 3,0,32.33
R1-CA-2_LGD-1,mipdgafo-1,Cluster 3,0,55.54
R1-CA-2_LGD-1,djmadpge-1,Cluster 17,0,99.43
R1-CA-2_LGD-1,miopeefi-1,Cluster 10,0,81.06
R1-CA-2_LGD-1,djlppcpk-1,Cluster 2,0,69.31
R1-CA-2_LGD-1,mipdgilk-1,Cluster 3,0,173.72
R1-CA-2_LGD-1,miopdemd-1,Cluster 10,0,72.66
R1-CA-2_LGD-1,miopmopd-1,Cluster 16,0,85.12
R1-CA-2_LGD-1,djmbgijf-1,Cluster 2,0,81.19
R1-CA-2_LGD-1,djmbjiia-1,Cluster 3,0,44.93
R1-CA-2_LGD-1,djmbccjb-1,Cluster 9,0,27.46
R1-CA-2_LGD-1,mipdhleg-1,Cluster 3,0,21.86
R1-CA-2_LGD-1,djmacfkm-1,Cluster 2,0,32.42
R1-CA-2_LGD-1,djmacoah-1,Cluster 14,0,108.65
R1-CA-2_LGD-1,mipdjpoh-1,Cluster 17,0,63.40
R1-CA-2_LGD-1,djmacbmb-1,Cluster 6,0,53.42
R1-CA-2_LGD-1,djmagggc-1,Cluster 18,0,69.13
R1-CA-2_LGD-1,djldjghf-1,Cluster 6,0,45.61
R1-CA-2_LGD-1,djmalelk-1,Cluster 19,0,26.33
R1-CA-2_LGD-1,djleajma-1,Cluster 14,0,54.64
R1-CA-2_LGD-1,djmaijoe-1,Cluster 18,0,103.86
R1-CA-2_LGD-1,djlhnafp-1,Cluster 2,0,66.92
R1-CA-2_LGD-1,mjhiejap-1,Cluster 7,0,58.75
R1-CA-2_LGD-1,mjghippa-1,Cluster 1,0,45.07
R1-CA-2_LGD-1,mjghfhfk-1,Cluster 8,0,108.28
R1-CA-2_LGD-1,mjhidakm-1,Cluster 8,0,134.57
R1-CA-2_LGD-1,mjghjokk-1,Cluster 8,0,102.87
R1-CA-2_LGD-1,mjhibild-1,Cluster 7,0,63.99
R1-CA-2_LGD-1,mjhgkfpg-1,Cluster 8,0,80.51
R1-CA-2_LGD-1,mjgholhh-1,Cluster 3,0,66.70
R1-CA-2_LGD-1,mjhikbkb-1,Cluster 1,0,35.27
R1-CA-2_LGD-1,mjhjapek-1,Cluster 5,0,80.97
R1-CA-2_LGD-1,mjhjgmdo-1,Cluster 12,0,40.96
R1-CA-2_LGD-1,mjhjcejo-1,Cluster 7,0,56.04
R1-CA-2_LGD-1,mjhiogap-1,Cluster 3,0,21.22
R1-CA-2_LGD-1,mjhmiiam-1,Cluster 7,0,58.61
R1-CA-2_LGD-1,mjhminch-1,Cluster 13,0,36.35
R1-CA-2_LGD-1,mjhngdld-1,Cluster 3,0,22.49
R1-CA-2_LGD-1,mjhfkole-1,Cluster 8,0,52.88
R1-CA-2_LGD-1,mjhnegbf-1,Cluster 5,0,42.00
R1-CA-2_LGD-1,djlhjoel-1,Cluster 12,0,47.82
R1-CA-2_LGD-1,mjhgjfki-1,Cluster 8,0,127.88
R1-CA-2_LGD-1,mjhfmalg-1,Cluster 5,0,29.85
R1-CA-2_LGD-1,mjhnhpaj-1,Cluster 3,0,39.33
R1-CA-2_LGD-1,mjhfmdnk-1,Cluster 7,0,52.52
R1-CA-2_LGD-1,mjhnljmf-1,Cluster 1,0,47.78
R1-CA-2_LGD-1,mjhfoeoj-1,Cluster 5,0,55.00
R1-CA-2_LGD-1,mjhldkhk-1,Cluster 1,0,36.62
R1-CA-2_LGD-1,mjhmimec-1,Cluster 13,0,70.53
R1-CA-2_LGD-1,mjhmphie-1,Cluster 12,0,48.90
R1-CA-2_LGD-1,mjhlmahi-1,Cluster 12,0,53.10
R1-CA-2_LGD-1,mjhmdfhe-1,Cluster 3,0,20.64
R1-CA-2_LGD-1,mjhmfile-1,Cluster 4,0,86.29
R1-CA-2_LGD-1,mjhlnmnc-1,Cluster 3,0,13.73
R1-CA-2_LGD-1,mjhgbkej-1,Cluster 5,0,73.56
R1-CA-2_LGD-1,mjhldopj-1,Cluster 3,0,14.86
R1-CA-2_LGD-1,mjhgpoog-1,Cluster 3,0,25.47
R1-CA-2_LGD-1,mjhljgnp-1,Cluster 12,0,27.73
R1-CA-2_LGD-1,mjhmdkmh-1,Cluster 8,0,22.98
R1-CA-2_LGD-1,mjhgdolg-1,Cluster 8,0,33.10
R1-CA-2_LGD-1,djlhigdj-1,Cluster 14,0,78.21
R1-CA-2_LGD-1,djlhphch-1,Cluster 10,0,104.49
R1-CA-2_LGD-1,djlhmkkl-1,Cluster 10,0,37.71
R1-CA-2_LGD-1,djlhdkee-1,Cluster 18,0,47.87
R1-CA-2_LGD-1,mjhplejb-1,Cluster 14,0,77.62
R1-CA-2_LGD-1,mjifbobh-1,Cluster 14,0,51.52
R1-CA-2_LGD-1,mjifdaja-1,Cluster 14,0,39.29
R1-CA-2_LGD-1,mjieboij-1,Cluster 13,0,57.94
R1-CA-2_LGD-1,mjhplefk-1,Cluster 1,0,30.71
R1-CA-2_LGD-1,mjielnjf-1,Cluster 14,0,70.81
R1-CA-2_LGD-1,mjicoglo-1,Cluster 18,0,85.48
R1-CA-2_LGD-1,mjifanld-1,Cluster 13,0,62.50
R1-CA-2_LGD-1,mjiehoim-1,Cluster 18,0,112.66
R1-CA-2_LGD-1,mjieljhc-1,Cluster 6,0,49.18
R1-CA-2_LGD-1,mjhphpai-1,Cluster 5,0,44.80
R1-CA-2_LGD-1,mjiecgkk-1,Cluster 6,0,20.77
R1-CA-2_LGD-1,mjieehgh-1,Cluster 18,0,139.89
R1-CA-2_LGD-1,mjieigja-1,Cluster 17,0,12.28
R1-CA-2_LGD-1,djlhmbki-1,Cluster 2,0,81.19
R1-CA-2_LGD-1,mjidilof-1,Cluster 3,0,25.74
R1-CA-2_LGD-1,mjhidfjd-1,Cluster 3,0,18.69
R1-CA-2_LGD-1,djnkcehf-1,Cluster 18,0,45.07
R1-CA-2_LGD-1,mjhibboj-1,Cluster 12,0,21.86
R1-CA-2_LGD-1,djlhgjni-1,Cluster 14,0,89.54
R1-CA-2_LGD-1,mjieedmk-1,Cluster 18,0,63.76
R1-CA-2_LGD-1,mjggofkb-1,Cluster 1,0,51.43
R1-CA-2_LGD-1,mjggnhfe-1,Cluster 5,0,71.03
R1-CA-2_LGD-1,mjggabmm-1,Cluster 18,0,138.90
R1-CA-2_LGD-1,mjghanjp-1,Cluster 10,0,203.93
R1-CA-2_LGD-1,djlhgnja-1,Cluster 18,0,38.83
R1-CA-2_LGD-1,mjidkaim-1,Cluster 3,0,36.53
R1-CA-2_LGD-1,mjggloae-1,Cluster 10,0,114.88
R1-CA-2_LGD-1,mjhidpen-1,Cluster 12,0,59.47
R1-CA-2_LGD-1,djlhkfnc-1,Cluster 2,0,54.14
R1-CA-2_LGD-1,djlhfhhp-1,Cluster 14,0,154.25
R1-CA-2_LGD-1,mjghhlbp-1,Cluster 12,0,26.91
R1-CA-2_LGD-1,mjhieopo-1,Cluster 8,0,45.11
R1-CA-2_LGD-1,lgcelndc-1,Cluster 13,0,131.18
R1-CA-2_LGD-1,lgcdkaom-1,Cluster 1,0,71.57
R1-CA-2_LGD-1,lgceninm-1,Cluster 5,0,27.77
R1-CA-2_LGD-1,lgcdmokf-1,Cluster 5,0,89.05
R1-CA-2_LGD-1,lgcehbal-1,Cluster 5,0,79.11
R1-CA-2_LGD-1,lgcembpn-1,Cluster 13,0,71.75
R1-CA-2_LGD-1,lgceclae-1,Cluster 5,0,86.29
R1-CA-2_LGD-1,lgcddhfp-1,Cluster 8,0,21.36
R1-CA-2_LGD-1,lgcelmfd-1,Cluster 5,0,59.25
R1-CA-2_LGD-1,lgcdffmc-1,Cluster 5,0,64.30
R1-CA-2_LGD-1,lgcdmnad-1,Cluster 1,0,67.24
R1-CA-2_LGD-1,lgbofjoe-1,Cluster 7,0,58.75
R1-CA-2_LGD-1,mjhifdna-1,Cluster 1,0,23.30
R1-CA-2_LGD-1,lgbohfcl-1,Cluster 1,0,45.83
R1-CA-2_LGD-1,mjhlaeeo-1,Cluster 7,0,64.03
R1-CA-2_LGD-1,lgbofpac-1,Cluster 1,0,16.93
R1-CA-2_LGD-1,lgbndlhp-1,Cluster 5,0,61.28
R1-CA-2_LGD-1,mjhmlnik-1,Cluster 8,0,52.11
R1-CA-2_LGD-1,mjhnnpbi-1,Cluster 1,0,24.20
R1-CA-2_LGD-1,lgbohhii-1,Cluster 1,0,21.04
R1-CA-2_LGD-1,mjhnkbba-1,Cluster 3,0,17.70
R1-CA-2_LGD-1,lgcdeiln-1,Cluster 7,0,113.16
R1-CA-2_LGD-1,mjhihcgk-1,Cluster 4,0,30.30
R1-CA-2_LGD-1,mjhkpgnm-1,Cluster 7,0,25.33
R1-CA-2_LGD-1,lgboflbh-1,Cluster 1,0,39.47
R1-CA-2_LGD-1,lgbnnfap-1,Cluster 3,0,23.66
R1-CA-2_LGD-1,lgbnpbje-1,Cluster 12,0,34.59
R1-CA-2_LGD-1,mjhlioec-1,Cluster 1,0,58.75
R1-CA-2_LGD-1,mjhikajn-1,Cluster 5,0,62.59
R1-CA-2_LGD-1,lgbbampe-1,Cluster 7,0,84.53
R1-CA-2_LGD-1,mjhobcgh-1,Cluster 7,0,37.07
R1-CA-2_LGD-1,mjhinhdj-1,Cluster 12,0,45.29
R1-CA-2_LGD-1,mjhifekb-1,Cluster 8,0,28.40
R1-CA-2_LGD-1,lgbojcbi-1,Cluster 1,0,42.27
R1-CA-2_LGD-1,lgbobmlg-1,Cluster 4,0,49.31
R1-CA-2_LGD-1,mjhniiie-1,Cluster 8,0,39.74
R1-CA-2_LGD-1,djnjmdcf-1,Cluster 6,0,62.09
R1-CA-2_LGD-1,mjidooeh-1,Cluster 14,0,64.44
R1-CA-2_LGD-1,lgegpgjn-1,Cluster 5,0,54.32
R1-CA-2_LGD-1,djnkclaa-1,Cluster 18,0,120.30
R1-CA-2_LGD-1,lgegmkph-1,Cluster 5,0,66.88
R1-CA-2_LGD-1,mjiepkep-1,Cluster 12,0,13.05
R1-CA-2_LGD-1,mjieokhj-1,Cluster 18,0,83.76
R1-CA-2_LGD-1,mjienhfj-1,Cluster 6,0,22.58
R1-CA-2_LGD-1,mjieamnd-1,Cluster 14,0,130.23
R1-CA-2_LGD-1,mjidlddb-1,Cluster 17,0,62.54
R1-CA-2_LGD-1,mjhjipin-1,Cluster 3,0,14.54
R1-CA-2_LGD-1,mjidmmaj-1,Cluster 17,0,31.52
R1-CA-2_LGD-1,mjiejiko-1,Cluster 18,0,79.02
R1-CA-2_LGD-1,lgchcllo-1,Cluster 18,0,146.62
R1-CA-2_LGD-1,mjidlcdf-1,Cluster 3,0,17.34
R1-CA-2_LGD-1,lgchhbaj-1,Cluster 2,0,48.59
R1-CA-2_LGD-1,mjhjikhj-1,Cluster 12,0,15.53
R1-CA-2_LGD-1,lgchgoii-1,Cluster 2,0,67.06
R1-CA-2_LGD-1,lgchgelp-1,Cluster 14,0,177.60
R1-CA-2_LGD-1,lgcfmhbl-1,Cluster 2,0,28.36
R1-CA-2_LGD-1,djnkihai-1,Cluster 6,0,40.32
R1-CA-2_LGD-1,lgchhick-1,Cluster 17,0,25.15
R1-CA-2_LGD-1,djnjmlli-1,Cluster 6,0,61.32
R1-CA-2_LGD-1,lgchnodb-1,Cluster 6,0,36.53
R1-CA-2_LGD-1,lgcfhmpb-1,Cluster 17,0,29.76
R1-CA-2_LGD-1,lgcgbbfi-1,Cluster 2,0,96.00
R1-CA-2_LGD-1,djnkhljo-1,Cluster 6,0,86.07
R1-CA-2_LGD-1,lgchobjk-1,Cluster 14,0,207.81
R1-CA-2_LGD-1,lgchomdm-1,Cluster 6,0,63.13
R1-CA-2_LGD-1,djnjgeik-1,Cluster 18,0,80.87
R1-CA-2_LGD-1,djnjmcgf-1,Cluster 3,0,41.91
R1-CA-2_LGD-1,lgcgdhhi-1,Cluster 2,0,80.02
R1-CA-2_LGD-1,lgcgcbmn-1,Cluster 17,0,64.80
R1-CA-2_LGD-1,lgcgdbcb-1,Cluster 6,0,100.29
R1-CA-2_LGD-1,lgcdcdlg-1,Cluster 8,0,35.49
R1-CA-2_LGD-1,djmennib-1,Cluster 10,0,299.43
R1-CA-2_LGD-1,mipfccok-1,Cluster 8,0,86.70
R1-CA-2_LGD-1,mipekdhh-1,Cluster 13,0,60.42
R1-CA-2_LGD-1,djlhoacp-1,Cluster 10,0,166.18
R1-CA-2_LGD-1,djmecmcn-1,Cluster 2,0,50.94
R1-CA-2_LGD-1,ofppoddo-1,Cluster 3,0,11.92
R1-CA-2_LGD-1,djlhjaaj-1,Cluster 10,0,48.32
R1-CA-2_LGD-1,djlibbgf-1,Cluster 2,0,127.57
R1-CA-2_LGD-1,djmeofkl-1,Cluster 6,0,59.38
R1-CA-2_LGD-1,djnipggp-1,Cluster 18,0,90.49
R1-CA-2_LGD-1,djlieepn-1,Cluster 14,0,320.70
R1-CA-2_LGD-1,mjidceap-1,Cluster 10,0,55.27
R1-CA-2_LGD-1,mipbangb-1,Cluster 16,0,114.70
R1-CA-2_LGD-1,mipbkemc-1,Cluster 13,0,48.27
R1-CA-2_LGD-1,djliaeel-1,Cluster 14,0,71.12
R1-CA-2_LGD-1,djlipgge-1,Cluster 10,0,90.18
R1-CA-2_LGD-1,djlijogc-1,Cluster 10,0,198.06
R1-CA-2_LGD-1,mjhoppna-1,Cluster 6,0,77.40
R1-CA-2_LGD-1,djliiebf-1,Cluster 2,0,29.17
R1-CA-2_LGD-1,djnjcokp-1,Cluster 6,0,38.74
R1-CA-2_LGD-1,djliffof-1,Cluster 18,0,202.75
R1-CA-2_LGD-1,djlikmld-1,Cluster 10,0,144.14
R1-CA-2_LGD-1,mipfjiaj-1,Cluster 13,0,80.11
R1-CA-2_LGD-1,mipbbpbj-1,Cluster 13,0,35.67
R1-CA-2_LGD-1,mjifiece-1,Cluster 2,0,91.76
R1-CA-2_LGD-1,mjiflmhl-1,Cluster 6,0,22.53
R1-CA-2_LGD-1,djliegmd-1,Cluster 14,0,228.58
R1-CA-2_LGD-1,djlihdgk-1,Cluster 10,0,61.19
R1-CA-2_LGD-1,mjhphaef-1,Cluster 17,0,43.98
R1-CA-2_LGD-1,djlijbga-1,Cluster 2,0,93.16
R1-CA-2_LGD-1,djlikenj-1,Cluster 14,0,32.15
R1-CA-2_LGD-1,mjiflfee-1,Cluster 17,0,45.43
R1-CA-2_LGD-1,djlidepf-1,Cluster 14,0,157.96
R1-CA-2_LGD-1,djlinglh-1,Cluster 10,0,40.23
R1-CA-2_LGD-1,mjidhmji-1,Cluster 3,0,73.83
R1-CA-2_LGD-1,mjidibhm-1,Cluster 3,0,62.50
R1-CA-2_LGD-1,mjidildp-1,Cluster 3,0,24.75
R1-CA-2_LGD-1,mjiafnij-1,Cluster 10,0,56.22
R1-CA-2_LGD-1,mipajkbj-1,Cluster 10,0,116.32
R1-CA-2_LGD-1,mipggjhg-1,Cluster 3,0,18.29
R1-CA-2_LGD-1,mipghdmp-1,Cluster 3,0,12.73
R1-CA-2_LGD-1,mipdpbhe-1,Cluster 3,0,69.04
R1-CA-2_LGD-1,mipecpdh-1,Cluster 3,0,35.63
R1-CA-2_LGD-1,mipeconi-1,Cluster 3,0,30.53
R1-CA-2_LGD-1,mipagjnl-1,Cluster 10,0,233.86
R1-CA-2_LGD-1,mipamakg-1,Cluster 10,0,68.46
R1-CA-2_LGD-1,mipdnilo-1,Cluster 3,0,62.23
R1-CA-2_LGD-1,miopocah-1,Cluster 10,0,64.62
R1-CA-2_LGD-1,djmcahch-1,Cluster 17,0,78.08
R1-CA-2_LGD-1,mipemfik-1,Cluster 3,0,85.89
R1-CA-2_LGD-1,mipajicm-1,Cluster 2,0,173.04
R1-CA-2_LGD-1,mipfhddp-1,Cluster 17,0,31.65
R1-CA-2_LGD-1,miopmpah-1,Cluster 10,0,39.87
R1-CA-2_LGD-1,mipdmhjk-1,Cluster 10,0,176.11
R1-CA-2_LGD-1,djmccifl-1,Cluster 2,0,182.70
R1-CA-2_LGD-1,mipacdhk-1,Cluster 10,0,44.93
R1-CA-2_LGD-1,mipalpll-1,Cluster 10,0,124.86
R1-CA-2_LGD-1,mipdmjij-1,Cluster 2,0,107.83
R1-CA-2_LGD-1,djmbmbao-1,Cluster 10,0,79.57
R1-CA-2_LGD-1,djmcchkm-1,Cluster 3,0,34.59
R1-CA-2_LGD-1,mipficfb-1,Cluster 10,0,118.08
R1-CA-2_LGD-1,ofpklkin-1,Cluster 3,0,72.07
R1-CA-2_LGD-1,mioppfab-1,Cluster 2,0,40.64
R1-CA-2_LGD-1,mipgejha-1,Cluster 3,0,17.25
R1-CA-2_LGD-1,ofpkklmm-1,Cluster 3,0,44.89
R1-CA-2_LGD-1,djmbokdj-1,Cluster 3,0,82.37
R1-CA-2_LGD-1,ofpkikjk-1,Cluster 3,0,88.64
R1-CA-2_LGD-1,mipaklnb-1,Cluster 17,0,65.43
R1-CA-2_LGD-1,mipecfib-1,Cluster 17,0,119.80
R1-CA-2_LGD-1,mipdnegf-1,Cluster 6,0,42.27
R1-CA-2_LGD-1,mipejpib-1,Cluster 6,0,26.82
R1-CA-2_LGD-1,mipeffbp-1,Cluster 6,0,101.06
R1-CA-2_LGD-1,mipegooc-1,Cluster 6,0,145.36
R1-CA-2_LGD-1,lgekhhgh-1,Cluster 5,0,143.55
R1-CA-2_LGD-1,lgekknpl-1,Cluster 2,0,113.25
R1-CA-2_LGD-1,lgehmlpb-1,Cluster 17,0,91.58
R1-CA-2_LGD-1,lgegidlk-1,Cluster 9,0,88.05
R1-CA-2_LGD-1,djmeocpc-1,Cluster 14,0,55.00
R1-CA-2_LGD-1,mipaoabm-1,Cluster 10,0,95.69
R1-CA-2_LGD-1,lgekiifi-1,Cluster 6,0,55.45
R1-CA-2_LGD-1,ofeoiflo-1,Cluster 3,0,60.92
R1-CA-2_LGD-1,lgeginmk-1,Cluster 2,0,90.45
R1-CA-2_LGD-1,djmekpbk-1,Cluster 2,0,51.57
R1-CA-2_LGD-1,lgegpkff-1,Cluster 6,0,176.34
R1-CA-2_LGD-1,lgejpblm-1,Cluster 10,0,172.00
R1-CA-2_LGD-1,djmfbalj-1,Cluster 10,0,52.11
R1-CA-2_LGD-1,djmfdmna-1,Cluster 18,0,137.95
R1-CA-2_LGD-1,lgejpdho-1,Cluster 2,0,123.86
R1-CA-2_LGD-1,lgejoikh-1,Cluster 10,0,49.13
R1-CA-2_LGD-1,mjidbnpo-1,Cluster 10,0,104.45
R1-CA-2_LGD-1,ofenncof-1,Cluster 3,0,7.41
R1-CA-2_LGD-1,djmegcef-1,Cluster 17,0,48.50
R1-CA-2_LGD-1,lgegkojp-1,Cluster 6,0,43.80
R1-CA-2_LGD-1,mjidfeki-1,Cluster 3,0,18.42
R1-CA-2_LGD-1,lgehcfhf-1,Cluster 3,0,35.63
R1-CA-2_LGD-1,djmecofb-1,Cluster 2,0,30.30
R1-CA-2_LGD-1,mjidgcff-1,Cluster 3,0,7.13
R1-CA-2_LGD-1,djmedien-1,Cluster 3,0,74.91
R1-CA-2_LGD-1,lgehajgl-1,Cluster 3,0,32.42
R1-CA-2_LGD-1,ofeocboj-1,Unassigned,0,17.20
R1-CA-2_LGD-1,mjidcipn-1,Cluster 3,0,12.19
R1-CA-2_LGD-1,mjiddkel-1,Cluster 3,0,50.26
R1-CA-2_LGD-1,lgegkohf-1,Cluster 3,0,27.64
R1-CA-2_LGD-1,djnijfod-1,Cluster 6,0,70.40
R1-CA-2_LGD-1,mjifmdoh-1,Cluster 6,0,28.81
R1-CA-2_LGD-1,djmeifko-1,Cluster 18,0,175.21
R1-CA-2_LGD-1,djnihmaa-1,Cluster 14,0,86.79
R1-CA-2_LGD-1,djnifcdo-1,Cluster 18,0,128.61
R1-CA-2_LGD-1,djniknae-1,Cluster 18,0,110.41
R1-CA-2_LGD-1,djniloch-1,Cluster 18,0,87.96
R1-CA-2_LGD-1,lgcjkhef-1,Cluster 3,0,48.41
R1-CA-2_LGD-1,mipadgpp-1,Cluster 10,0,52.11
R1-CA-2_LGD-1,mipalibh-1,Cluster 3,0,22.49
R1-CA-2_LGD-1,lgcjcinp-1,Cluster 6,0,53.06
R1-CA-2_LGD-1,lgcihmgd-1,Cluster 3,0,35.85
R1-CA-2_LGD-1,ofpkeigd-1,Cluster 3,0,91.22
R1-CA-2_LGD-1,ofpkmkgj-1,Cluster 3,0,37.43
R1-CA-2_LGD-1,mipaihfn-1,Cluster 17,0,30.53
R1-CA-2_LGD-1,mipfcepa-1,Cluster 2,0,131.81
R1-CA-2_LGD-1,mipfbabi-1,Cluster 6,0,107.34
R1-CA-2_LGD-1,mipfdokk-1,Cluster 8,0,102.05
R1-CA-2_LGD-1,lgelgail-1,Cluster 6,0,67.87
R1-CA-2_LGD-1,lgelekdd-1,Cluster 2,0,107.97
R1-CA-2_LGD-1,lgelaobo-1,Cluster 17,0,45.56
R1-CA-2_LGD-1,lgelebhm-1,Cluster 10,0,124.13
R1-CA-2_LGD-1,lgeicfbe-1,Cluster 3,0,21.31
R1-CA-2_LGD-1,lgeibgll-1,Cluster 3,0,14.77
R1-CA-2_LGD-1,ofepjhkf-1,Cluster 3,0,18.02
R1-CA-2_LGD-1,mipfalpc-1,Cluster 2,0,99.21
R1-CA-2_LGD-1,lgelaege-1,Cluster 17,0,86.02
R1-CA-2_LGD-1,mipfgclo-1,Cluster 17,0,83.36
R1-CA-2_LGD-1,lgeiccid-1,Cluster 3,0,20.14
R1-CA-2_LGD-1,ofepfpbk-1,Cluster 3,0,21.18
R1-CA-2_LGD-1,lgcihdke-1,Cluster 3,0,26.55
R1-CA-2_LGD-1,mipgibmk-1,Cluster 3,0,17.11
R1-CA-2_LGD-1,mipelaig-1,Cluster 1,0,53.69
R1-CA-2_LGD-1,mipeljpk-1,Cluster 1,0,30.98
R1-CA-2_LGD-1,lgeichmj-1,Cluster 3,0,12.82
R1-CA-2_LGD-1,lgeididh-1,Cluster 3,0,53.78
R1-CA-2_LGD-1,mipgeilf-1,Cluster 3,0,78.84
R1-CA-2_LGD-1,mipgildj-1,Cluster 3,0,16.03
R1-CA-2_LGD-1,lgeifeen-1,Cluster 3,0,10.25
R1-CA-2_LGD-1,djmeadpa-1,Cluster 3,0,64.48
R1-CA-2_LGD-1,mipekapm-1,Cluster 1,0,52.02
R1-CA-2_LGD-1,mipbaddf-1,Cluster 8,0,47.46
R1-CA-2_LGD-1,ofeabpob-1,Cluster 3,0,76.54
R1-CA-2_LGD-1,lgapaddp-1,Cluster 2,0,198.37
R1-CA-2_LGD-1,lgbldbdb-1,Cluster 13,0,22.98
R1-CA-2_LGD-1,lgccciib-1,Cluster 12,0,22.58
R1-CA-2_LGD-1,lgccnhbc-1,Cluster 13,0,23.03
R1-CA-2_LGD-1,lgbmfdjd-1,Cluster 12,0,81.24
R1-CA-2_LGD-1,lgbkligp-1,Cluster 3,0,38.11
R1-CA-2_LGD-1,lgbkmcfk-1,Cluster 3,0,12.55
R1-CA-2_LGD-1,lgbkfjma-1,Cluster 5,0,42.18
R1-CA-2_LGD-1,lgbkjjom-1,Cluster 13,0,33.87
R1-CA-2_LGD-1,lgbkoffg-1,Cluster 3,0,10.25
R1-CA-2_LGD-1,lgbbajjb-1,Cluster 8,0,43.53
R1-CA-2_LGD-1,lgbkflmh-1,Cluster 1,0,31.11
R1-CA-2_LGD-1,lgbnccke-1,Cluster 12,0,44.52
R1-CA-2_LGD-1,lgbbfnin-1,Cluster 3,0,34.63
R1-CA-2_LGD-1,lgbnoomo-1,Cluster 3,0,50.08
R1-CA-2_LGD-1,lgbbimnh-1,Cluster 1,0,24.84
R1-CA-2_LGD-1,lgbkcldm-1,Cluster 7,0,46.01
R1-CA-2_LGD-1,lgbbilee-1,Cluster 16,0,39.38
R1-CA-2_LGD-1,lgbmmbdc-1,Cluster 3,0,42.72
R1-CA-2_LGD-1,lgbkbdhd-1,Cluster 3,0,59.15
R1-CA-2_LGD-1,lgbbimlg-1,Cluster 1,0,25.92
R1-CA-2_LGD-1,lgblpjlk-1,Cluster 5,0,51.61
R1-CA-2_LGD-1,lgblmidj-1,Cluster 1,0,55.18
R1-CA-2_LGD-1,lgbllmkl-1,Cluster 7,0,35.99
R1-CA-2_LGD-1,lgbalmho-1,Cluster 3,0,24.52
R1-CA-2_LGD-1,lgbklkfa-1,Cluster 1,0,37.34
R1-CA-2_LGD-1,lgbnmnbl-1,Cluster 17,0,43.85
R1-CA-2_LGD-1,lgcdinco-1,Cluster 4,0,40.69
R1-CA-2_LGD-1,lgbnaoih-1,Cluster 3,0,15.04
R1-CA-2_LGD-1,lgblbegb-1,Cluster 4,0,35.31
R1-CA-2_LGD-1,lgblagee-1,Cluster 3,0,24.70
R1-CA-2_LGD-1,lgapipma-1,Cluster 2,0,95.37
R1-CA-2_LGD-1,lgceoila-1,Cluster 6,0,57.30
R1-CA-2_LGD-1,lgapkgnj-1,Cluster 6,0,52.52
R1-CA-2_LGD-1,lgcfdlmg-1,Cluster 18,0,74.06
R1-CA-2_LGD-1,lgcfcgfk-1,Cluster 14,0,59.38
R1-CA-2_LGD-1,lgapndga-1,Cluster 17,0,20.68
R1-CA-2_LGD-1,lgcgmfip-1,Cluster 6,0,138.18
R1-CA-2_LGD-1,lgaphnij-1,Cluster 2,0,97.04
R1-CA-2_LGD-1,lgcgoili-1,Cluster 17,0,39.38
R1-CA-2_LGD-1,djnhjcnn-1,Cluster 18,0,85.35
R1-CA-2_LGD-1,lgcbdnpn-1,Cluster 6,0,35.04
R1-CA-2_LGD-1,lgcacfle-1,Cluster 2,0,41.32
R1-CA-2_LGD-1,lgcbcfec-1,Cluster 6,0,47.46
R1-CA-2_LGD-1,djnhnjop-1,Cluster 2,0,142.60
R1-CA-2_LGD-1,lgcacago-1,Cluster 2,0,43.85
R1-CA-2_LGD-1,djnibkpc-1,Cluster 2,0,184.55
R1-CA-2_LGD-1,djnhjilc-1,Cluster 2,0,60.28
R1-CA-2_LGD-1,lgcaoini-1,Cluster 18,0,63.72
R1-CA-2_LGD-1,lgaopjma-1,Cluster 6,0,38.38
R1-CA-2_LGD-1,lgcgmeec-1,Cluster 6,0,31.93
R1-CA-2_LGD-1,lgcgmdkh-1,Cluster 2,0,41.54
R1-CA-2_LGD-1,lgcgjpnb-1,Cluster 2,0,71.57
R1-CA-2_LGD-1,lgcbnpje-1,Cluster 8,0,35.54
R1-CA-2_LGD-1,lgcbckpj-1,Cluster 17,0,69.22
R1-CA-2_LGD-1,lgcghlje-1,Cluster 2,0,106.39
R1-CA-2_LGD-1,lgcaacle-1,Cluster 2,0,82.82
R1-CA-2_LGD-1,lgccaehi-1,Cluster 5,0,88.46
R1-CA-2_LGD-1,lgccbgkb-1,Cluster 8,0,40.41
R1-CA-2_LGD-1,lgcgeddg-1,Cluster 6,0,91.62
R1-CA-2_LGD-1,lgcgmkcl-1,Cluster 17,0,81.78
R1-CA-2_LGD-1,lgcgjjnb-1,Cluster 17,0,45.88
R1-CA-2_LGD-1,lgcdbbak-1,Cluster 12,0,30.30
R1-CA-2_LGD-1,lgcbppmg-1,Cluster 13,0,46.29
R1-CA-2_LGD-1,lgcehgmj-1,Cluster 5,0,26.06
R1-CA-2_LGD-1,lgcchkgn-1,Cluster 8,0,25.60
R1-CA-2_LGD-1,lgcdaloj-1,Cluster 13,0,30.53
R1-CA-2_LGD-1,lgccggmh-1,Cluster 8,0,34.77
R1-CA-2_LGD-1,lfphdmme-1,Cluster 5,0,24.93
R1-CA-2_LGD-1,lfooclgm-1,Cluster 5,0,70.81
R1-CA-2_LGD-1,lgbokijh-1,Cluster 3,0,10.88
R1-CA-2_LGD-1,lgbjplaa-1,Cluster 12,0,50.39
R1-CA-2_LGD-1,lfoocijc-1,Cluster 12,0,22.58
R1-CA-2_LGD-1,lgbojigl-1,Cluster 3,0,21.13
R1-CA-2_LGD-1,lgbpopcl-1,Cluster 12,0,18.65
R1-CA-2_LGD-1,lgbpkjla-1,Cluster 8,0,21.36
R1-CA-2_LGD-1,lgbojoeo-1,Cluster 5,0,37.71
R1-CA-2_LGD-1,lgbkbhol-1,Cluster 7,0,71.57
R1-CA-2_LGD-1,lgbpefbm-1,Cluster 5,0,97.85
R1-CA-2_LGD-1,lgbiaikf-1,Cluster 1,0,15.44
R1-CA-2_LGD-1,lgbibdci-1,Cluster 8,0,59.88
R1-CA-2_LGD-1,lgbooald-1,Cluster 12,0,31.16
R1-CA-2_LGD-1,lgbnamnd-1,Cluster 7,0,25.02
R1-CA-2_LGD-1,lgbkapkf-1,Cluster 3,0,9.89
R1-CA-2_LGD-1,lgbpbdjm-1,Cluster 1,0,18.47
R1-CA-2_LGD-1,lgbmkdlj-1,Cluster 8,0,17.11
R1-CA-2_LGD-1,lgbopmal-1,Cluster 8,0,33.05
R1-CA-2_LGD-1,lgbpjhbl-1,Cluster 12,0,72.75
R1-CA-2_LGD-1,lgbpamgi-1,Cluster 1,0,40.78
R1-CA-2_LGD-1,lgbinbgk-1,Cluster 3,0,11.33
R1-CA-2_LGD-1,lgbjnape-1,Cluster 4,0,51.43
R1-CA-2_LGD-1,lfopgbko-1,Cluster 1,0,38.29
R1-CA-2_LGD-1,lgbjemkg-1,Cluster 5,0,48.63
R1-CA-2_LGD-1,lgbjblgb-1,Cluster 1,0,72.93
R1-CA-2_LGD-1,lfopehek-1,Cluster 3,0,21.63
R1-CA-2_LGD-1,lgbjeecl-1,Cluster 4,0,50.30
R1-CA-2_LGD-1,lgbjjdml-1,Cluster 3,0,11.79
R1-CA-2_LGD-1,lgbgogjj-1,Cluster 3,0,17.61
R1-CA-2_LGD-1,lfopalcl-1,Cluster 3,0,26.60
R1-CA-2_LGD-1,lgbhpdcj-1,Cluster 4,0,49.40
R1-CA-2_LGD-1,lfopdene-1,Cluster 12,0,39.29
R1-CA-2_LGD-1,lgbajgpc-1,Cluster 6,0,67.01
R1-CA-2_LGD-1,lgapopdi-1,Cluster 2,0,78.17
R1-CA-2_LGD-1,lgapmpla-1,Cluster 6,0,42.04
R1-CA-2_LGD-1,lgapojgg-1,Cluster 17,0,41.63
R1-CA-2_LGD-1,djkhpaai-1,Cluster 6,0,72.66
R1-CA-2_LGD-1,lgbajfkg-1,Cluster 6,0,81.33
R1-CA-2_LGD-1,lganfkno-1,Cluster 2,0,33.14
R1-CA-2_LGD-1,djnhobcl-1,Cluster 2,0,54.14
R1-CA-2_LGD-1,djkminol-1,Cluster 6,0,59.34
R1-CA-2_LGD-1,lfpepiom-1,Cluster 2,0,172.05
R1-CA-2_LGD-1,lgcfbkek-1,Cluster 2,0,64.71
R1-CA-2_LGD-1,lganfnck-1,Cluster 2,0,25.11
R1-CA-2_LGD-1,djnibcdb-1,Cluster 10,0,112.57
R1-CA-2_LGD-1,lgaodnic-1,Cluster 18,0,42.45
R1-CA-2_LGD-1,djniaghf-1,Cluster 2,0,98.71
R1-CA-2_LGD-1,lfpepgdb-1,Cluster 2,0,101.92
R1-CA-2_LGD-1,djnhmnij-1,Cluster 2,0,50.39
R1-CA-2_LGD-1,lgaokiob-1,Cluster 17,0,13.10
R1-CA-2_LGD-1,lgapgbeb-1,Cluster 2,0,105.35
R1-CA-2_LGD-1,lfpgechp-1,Cluster 6,0,42.09
R1-CA-2_LGD-1,lgapafbf-1,Cluster 2,0,53.15
R1-CA-2_LGD-1,lfpephja-1,Cluster 2,0,53.96
R1-CA-2_LGD-1,lgancnhi-1,Cluster 17,0,28.54
R1-CA-2_LGD-1,lgaphpfk-1,Cluster 6,0,19.78
R1-CA-2_LGD-1,lgcbmein-1,Cluster 2,0,41.63
R1-CA-2_LGD-1,djnhmigk-1,Cluster 17,0,30.89
R1-CA-2_LGD-1,djnhkdbn-1,Cluster 2,0,39.47
R1-CA-2_LGD-1,lgcbnhkk-1,Cluster 2,0,30.71
R1-CA-2_LGD-1,djnhiemb-1,Cluster 18,0,68.23
R1-CA-2_LGD-1,djkmblcc-1,Cluster 2,0,94.65
R1-CA-2_LGD-1,lgcbfajp-1,Cluster 6,0,93.70
R1-CA-2_LGD-1,lgcbcpgm-1,Cluster 6,0,31.02
R1-CA-2_LGD-1,lfphdhnn-1,Cluster 3,0,48.00
R1-CA-2_LGD-1,lfphfcmc-1,Cluster 5,0,47.01
R1-CA-2_LGD-1,lgccbhik-1,Cluster 7,0,58.57
R1-CA-2_LGD-1,lfphhnph-1,Cluster 3,0,20.23
R1-CA-2_LGD-1,lfoopcla-1,Cluster 5,0,27.82
R1-CA-2_LGD-1,lfpbangp-1,Cluster 12,0,33.55
R1-CA-2_LGD-1,lfoofoop-1,Cluster 3,0,50.76
R1-CA-2_LGD-1,lfoodojb-1,Cluster 12,0,64.75
R1-CA-2_LGD-1,lfoohkdc-1,Cluster 8,0,42.81
R1-CA-2_LGD-1,lfooepjg-1,Cluster 12,0,18.69
R1-CA-2_LGD-1,lfpalbip-1,Cluster 5,0,43.98
R1-CA-2_LGD-1,lgbpfoog-1,Cluster 1,0,20.91
R1-CA-2_LGD-1,lgbpimim-1,Cluster 12,0,23.39
R1-CA-2_LGD-1,lgbpgpeh-1,Cluster 8,0,36.44
R1-CA-2_LGD-1,lfooeabm-1,Cluster 5,0,26.33
R1-CA-2_LGD-1,lgbimldp-1,Cluster 5,0,63.04
R1-CA-2_LGD-1,lfpajkab-1,Cluster 5,0,24.66
R1-CA-2_LGD-1,lgbopeba-1,Cluster 5,0,41.36
R1-CA-2_LGD-1,ofeaaael-1,Cluster 3,0,18.56
R1-CA-2_LGD-1,lfpbbfdd-1,Cluster 7,0,85.26
R1-CA-2_LGD-1,lfpbeoif-1,Cluster 3,0,39.56
R1-CA-2_LGD-1,lfpbfblp-1,Cluster 3,0,15.13
R1-CA-2_LGD-1,lfpbbchd-1,Cluster 1,0,40.37
R1-CA-2_LGD-1,lfpalgnm-1,Cluster 12,0,29.49
R1-CA-2_LGD-1,lgbjiked-1,Cluster 4,0,44.30
R1-CA-2_LGD-1,lfopheaf-1,Cluster 4,0,67.92
R1-CA-2_LGD-1,lfopkgcn-1,Cluster 3,0,18.65
R1-CA-2_LGD-1,lgbjlfma-1,Cluster 1,0,31.02
R1-CA-2_LGD-1,lfopogfc-1,Cluster 1,0,56.49
R1-CA-2_LGD-1,lfoopnkh-1,Cluster 3,0,30.35
R1-CA-2_LGD-1,lfopkjfm-1,Cluster 7,0,30.93
R1-CA-2_LGD-1,lfopgfef-1,Cluster 1,0,49.13
R1-CA-2_LGD-1,lgbgjieo-1,Cluster 5,0,46.51
R1-CA-2_LGD-1,lfoppkkn-1,Cluster 8,0,93.70
R1-CA-2_LGD-1,lfophchk-1,Cluster 12,0,20.55
R1-CA-2_LGD-1,lfpaaeia-1,Cluster 4,0,35.04
R1-CA-2_LGD-1,lfopaolg-1,Cluster 17,0,64.62
R1-CA-2_LGD-1,lgbglfbi-1,Cluster 8,0,37.84
R1-CA-2_LGD-1,lfpcolbp-1,Cluster 17,0,34.54
R1-CA-2_LGD-1,lfpcpgdm-1,Cluster 17,0,18.74
R1-CA-2_LGD-1,lfpcppfb-1,Cluster 17,0,20.86
R1-CA-2_LGD-1,lfpcobne-1,Cluster 17,0,50.89
R1-CA-2_LGD-1,lfpaahjp-1,Cluster 1,0,27.64
R1-CA-2_LGD-1,lfpcoheg-1,Cluster 8,0,70.99
R1-CA-2_LGD-1,lfpdaeem-1,Cluster 3,0,26.01
R1-CA-2_LGD-1,lfpafebn-1,Cluster 8,0,91.85
R1-CA-2_LGD-1,lfpabcda-1,Cluster 1,0,47.19
R1-CA-2_LGD-1,lfpajlpf-1,Cluster 3,0,31.74
R1-CA-2_LGD-1,lfpacnnh-1,Cluster 1,0,22.53
R1-CA-2_LGD-1,lfpahagl-1,Cluster 12,0,37.39
R1-CA-2_LGD-1,lfpaelmh-1,Cluster 8,0,48.23
R1-CA-2_LGD-1,lfpajfim-1,Cluster 12,0,29.26
R1-CA-2_LGD-1,lfpahepl-1,Cluster 8,0,37.84
R1-CA-2_LGD-1,lfpahjio-1,Cluster 7,0,54.55
R1-CA-2_LGD-1,lfpagpph-1,Cluster 1,0,44.07
R1-CA-2_LGD-1,lfoonlfh-1,Cluster 3,0,7.99
R1-CA-2_LGD-1,lfpafnof-1,Cluster 1,0,56.36
R1-CA-2_LGD-1,lfpaelpb-1,Cluster 8,0,70.67
R1-CA-2_LGD-1,lfpejahd-1,Cluster 2,0,119.48
R1-CA-2_LGD-1,lfpekjlb-1,Cluster 6,0,36.89
R1-CA-2_LGD-1,lfpbkofh-1,Cluster 2,0,34.14
R1-CA-2_LGD-1,lfpelacf-1,Cluster 2,0,94.15
R1-CA-2_LGD-1,djkkffhk-1,Cluster 2,0,41.00
R1-CA-2_LGD-1,lfpblcci-1,Cluster 2,0,79.97
R1-CA-2_LGD-1,lfpemanl-1,Cluster 17,0,7.13
R1-CA-2_LGD-1,lfpgnaif-1,Cluster 12,0,100.65
R1-CA-2_LGD-1,lfpbkaec-1,Cluster 17,0,55.77
R1-CA-2_LGD-1,lfpeoeak-1,Cluster 17,0,146.94
R1-CA-2_LGD-1,lfpenbom-1,Cluster 17,0,23.89
R1-CA-2_LGD-1,lfpbjecm-1,Cluster 2,0,59.25
R1-CA-2_LGD-1,lfpckmbd-1,Cluster 2,0,36.94
R1-CA-2_LGD-1,lfpcelko-1,Cluster 2,0,81.06
R1-CA-2_LGD-1,lfpbkpmm-1,Cluster 6,0,31.25
R1-CA-2_LGD-1,lfpeccpd-1,Cluster 3,0,18.42
R1-CA-2_LGD-1,lfpciaoi-1,Cluster 2,0,119.48
R1-CA-2_LGD-1,lfpefpcp-1,Cluster 17,0,50.71
R1-CA-2_LGD-1,lfpcfmmb-1,Cluster 6,0,73.29
R1-CA-2_LGD-1,lfpbmnod-1,Cluster 6,0,102.32
R1-CA-2_LGD-1,djkkcooo-1,Cluster 2,0,44.43
R1-CA-2_LGD-1,lfpdpacg-1,Cluster 17,0,27.55
R1-CA-2_LGD-1,lfpdmbjl-1,Cluster 17,0,30.53
R1-CA-2_LGD-1,lfpefoda-1,Cluster 2,0,132.85
R1-CA-2_LGD-1,lfpdhijh-1,Cluster 3,0,18.29
R1-CA-2_LGD-1,lfooelbj-1,Cluster 12,0,30.16
R1-CA-2_LGD-1,lfpdakko-1,Cluster 8,0,69.18
R1-CA-2_LGD-1,lfpdodem-1,Cluster 2,0,76.86
R1-CA-2_LGD-1,lfooejpf-1,Cluster 1,0,39.56
R1-CA-2_LGD-1,lfpdgaia-1,Cluster 17,0,31.02
R1-CA-2_LGD-1,lfpefjjk-1,Cluster 17,0,74.15
R1-CA-2_LGD-1,lfpdldko-1,Cluster 3,0,47.05
R1-CA-2_LGD-1,lfpdkbfe-1,Cluster 17,0,63.04
R1-CA-2_LGD-1,lfpdncaa-1,Cluster 17,0,20.14
R1-CA-2_LGD-1,lfpaoppf-1,Cluster 5,0,44.52
R1-CA-2_LGD-1,djkjoief-1,Cluster 17,0,51.88
R1-CA-2_LGD-1,lfpgbghn-1,Cluster 6,0,77.04
R1-CA-2_LGD-1,lfpfmddg-1,Cluster 6,0,24.43
R1-CA-2_LGD-1,djklfeke-1,Cluster 10,0,44.66
R1-CA-2_LGD-1,djkmbfni-1,Cluster 2,0,97.22
R1-CA-2_LGD-1,lfpfoafi-1,Cluster 8,0,80.51
R1-CA-2_LGD-1,lfpgmhce-1,Cluster 6,0,71.08
R1-CA-2_LGD-1,lfpgaeop-1,Cluster 3,0,44.70
R1-CA-2_LGD-1,djklpjfo-1,Cluster 6,0,58.34
R1-CA-2_LGD-1,ofeaagoa-1,Cluster 3,0,147.62
R1-CA-2_LGD-1,lfpgkamo-1,Cluster 2,0,69.31
R1-CA-2_LGD-1,lfpfnpaf-1,Cluster 17,0,65.61
R1-CA-2_LGD-1,lfphpiad-1,Cluster 1,0,40.73
R1-CA-2_LGD-1,lfphdgdc-1,Cluster 17,0,36.44
R1-CA-2_LGD-1,lfphcced-1,Cluster 17,0,36.94
R1-CA-2_LGD-1,lfpgnmcj-1,Cluster 6,0,87.06
R1-CA-2_LGD-1,ofeahlbi-1,Cluster 3,0,83.81
R1-CA-2_LGD-1,lfpfpjeb-1,Cluster 2,0,74.69
R1-CA-2_LGD-1,lfpjoddi-1,Cluster 2,0,87.83
R1-CA-2_LGD-1,lfphokki-1,Cluster 17,0,49.40
R1-CA-2_LGD-1,lfpgghdg-1,Cluster 2,0,60.64
R1-CA-2_LGD-1,ofeabeip-1,Cluster 3,0,102.50
R1-CA-2_LGD-1,lfpggfpe-1,Cluster 17,0,19.24
R1-CA-2_LGD-1,djklmeic-1,Cluster 2,0,49.31
R1-CA-2_LGD-1,djklnfle-1,Cluster 2,0,74.19
R1-CA-2_LGD-1,lfphmmmp-1,Cluster 17,0,81.78
R1-CA-2_LGD-1,lfphoknb-1,Cluster 3,0,15.22
R1-CA-2_LGD-1,lfpgmikl-1,Cluster 2,0,62.99
R1-CA-2_LGD-1,lfpbgbae-1,Cluster 2,0,92.12
R1-CA-2_LGD-1,lfpgplcd-1,Cluster 2,0,54.59
R1-CA-2_LGD-1,lfphoobg-1,Cluster 17,0,36.85
R1-CA-2_LGD-1,lfpgpmpf-1,Cluster 3,0,41.23
R1-CA-2_LGD-1,djklnkci-1,Cluster 2,0,83.49
R1-CA-2_LGD-1,lfphlefh-1,Cluster 17,0,35.72
R1-CA-2_LGD-1,lfphlofp-1,Cluster 20,0,29.17
R1-CA-2_LGD-1,lfphkgli-1,Cluster 3,0,32.92
R1-CA-2_LGD-1,lfphhaog-1,Cluster 4,0,43.85
R1-CA-2_LGD-1,lfphjodp-1,Cluster 3,0,14.54
R1-CA-2_LGD-1,lfpfhick-1,Cluster 17,0,19.69
R1-CA-2_LGD-1,djkigkib-1,Cluster 2,0,75.59
R1-CA-2_LGD-1,lgangldc-1,Cluster 2,0,136.46
R1-CA-2_LGD-1,lfpnhobg-1,Cluster 18,0,98.53
R1-CA-2_LGD-1,djkicifl-1,Cluster 2,0,82.27
R1-CA-2_LGD-1,lfpibcop-1,Cluster 6,0,56.54
R1-CA-2_LGD-1,lfpfdgeo-1,Cluster 6,0,53.10
R1-CA-2_LGD-1,lfpibbgl-1,Cluster 6,0,79.38
R1-CA-2_LGD-1,lfpiehgl-1,Cluster 18,0,82.86
R1-CA-2_LGD-1,lfpigjdp-1,Cluster 6,0,62.77
R1-CA-2_LGD-1,lganahme-1,Cluster 2,0,77.44
R1-CA-2_LGD-1,lganmbic-1,Cluster 2,0,65.48
R1-CA-2_LGD-1,lfpodbci-1,Cluster 6,0,67.92
R1-CA-2_LGD-1,lganjlpp-1,Cluster 2,0,64.03
R1-CA-2_LGD-1,djkigogi-1,Cluster 18,0,49.72
R1-CA-2_LGD-1,lfpigkjm-1,Cluster 17,0,22.49
R1-CA-2_LGD-1,djkidbfm-1,Cluster 2,0,49.49
R1-CA-2_LGD-1,lfpfhgji-1,Cluster 21,0,73.83
R1-CA-2_LGD-1,lgaoajpg-1,Cluster 2,0,142.87
R1-CA-2_LGD-1,lfpicpmi-1,Cluster 2,0,184.73
R1-CA-2_LGD-1,lfpigeil-1,Cluster 2,0,106.93
R1-CA-2_LGD-1,djkibngo-1,Cluster 6,0,68.86
R1-CA-2_LGD-1,lfpodado-1,Cluster 17,0,18.24
R1-CA-2_LGD-1,lfpfgghm-1,Cluster 2,0,99.07
R1-CA-2_LGD-1,lganiekj-1,Cluster 2,0,52.88
R1-CA-2_LGD-1,lfpepfch-1,Cluster 6,0,38.02
R1-CA-2_LGD-1,lgankbia-1,Cluster 6,0,56.99
R1-CA-2_LGD-1,djkicpnm-1,Cluster 2,0,58.79
R1-CA-2_LGD-1,lfpogfnh-1,Cluster 2,0,47.64
R1-CA-2_LGD-1,lgangmhb-1,Cluster 2,0,36.76
R1-CA-2_LGD-1,lfpfldhk-1,Cluster 2,0,111.85
R1-CA-2_LGD-1,lfpfnkmm-1,Cluster 2,0,63.44
R1-CA-2_LGD-1,lgankgab-1,Cluster 3,0,103.77
R1-CA-2_LGD-1,djkmanhl-1,Cluster 2,0,66.42
R1-CA-2_LGD-1,djkkjmdb-1,Cluster 17,0,89.09
R1-CA-2_LGD-1,lfpkmimd-1,Cluster 17,0,15.22
R1-CA-2_LGD-1,lfplaafa-1,Cluster 17,0,47.37
R1-CA-2_LGD-1,djkkbkdp-1,Cluster 2,0,71.48
R1-CA-2_LGD-1,lfpkffgh-1,Cluster 17,0,76.59
R1-CA-2_LGD-1,lfpjnmgh-1,Cluster 6,0,79.43
R1-CA-2_LGD-1,lfpjhoba-1,Cluster 6,0,142.02
R1-CA-2_LGD-1,djkkigab-1,Cluster 6,0,48.99
R1-CA-2_LGD-1,djkkikkk-1,Cluster 2,0,118.08
R1-CA-2_LGD-1,lfpkdbpb-1,Cluster 2,0,137.41
R1-CA-2_LGD-1,lfpcbgkg-1,Cluster 2,0,131.59
R1-CA-2_LGD-1,lfpinjnf-1,Cluster 17,0,52.92
R1-CA-2_LGD-1,lfpccboe-1,Cluster 3,0,52.88
R1-CA-2_LGD-1,lfpigmja-1,Cluster 17,0,71.21
R1-CA-2_LGD-1,lfpjcfjc-1,Cluster 2,0,101.96
R1-CA-2_LGD-1,lfpkegdc-1,Cluster 17,0,31.38
R1-CA-2_LGD-1,lfpbocdg-1,Cluster 6,0,78.17
R1-CA-2_LGD-1,lfpippbm-1,Cluster 2,0,97.36
R1-CA-2_LGD-1,lfpipkfd-1,Cluster 6,0,53.74
R1-CA-2_LGD-1,lfpjbmpj-1,Cluster 2,0,101.83
R1-CA-2_LGD-1,lfpcanfm-1,Cluster 17,0,46.74
R1-CA-2_LGD-1,lfpioohd-1,Cluster 6,0,142.65
R1-CA-2_LGD-1,lfpijggl-1,Cluster 3,0,49.22
R1-CA-2_LGD-1,lfpikghc-1,Cluster 4,0,36.26
R1-CA-2_LGD-1,lfpkdbok-1,Cluster 17,0,70.67
R1-CA-2_LGD-1,lfpcbflp-1,Cluster 2,0,41.18
R1-CA-2_LGD-1,lfpjoinh-1,Cluster 2,0,63.17
R1-CA-2_LGD-1,lfpcchee-1,Cluster 17,0,34.36
R1-CA-2_LGD-1,lfpbidop-1,Cluster 17,0,30.07
R1-CA-2_LGD-1,djkkhmkm-1,Cluster 2,0,122.64
R1-CA-2_LGD-1,lfpilhac-1,Cluster 17,0,59.92
R1-CA-2_LGD-1,lfpeadkm-1,Cluster 3,0,58.97
R1-CA-2_LGD-1,lfpjebbb-1,Cluster 17,0,54.32
R1-CA-2_LGD-1,lfpeapnh-1,Cluster 2,0,80.38
R1-CA-2_LGD-1,lfpbhgon-1,Cluster 17,0,15.80
R1-CA-2_LGD-1,lfpjfpbe-1,Cluster 17,0,104.54
R1-CA-2_LGD-1,ofeaefbm-1,Cluster 3,0,9.71
R1-CA-2_LGD-1,lfpeapfk-1,Cluster 6,0,68.28
R1-CA-2_LGD-1,lfomeahp-1,Cluster 3,0,39.42
R1-CA-2_LGD-1,djkldjob-1,Cluster 3,0,53.24
R1-CA-2_LGD-1,djkkjjak-1,Cluster 2,0,84.58
R1-CA-2_LGD-1,djkkjmlh-1,Cluster 2,0,115.10
R1-CA-2_LGD-1,lfpkgdph-1,Cluster 2,0,50.85
R1-CA-2_LGD-1,djknemel-1,Cluster 2,0,144.82
R1-CA-2_LGD-1,lfplghji-1,Cluster 17,0,31.38
R1-CA-2_LGD-1,ofdomhnk-1,Cluster 3,0,48.18
R1-CA-2_LGD-1,djkjlcfd-1,Cluster 17,0,40.01
R1-CA-2_LGD-1,djkkpinn-1,Cluster 6,0,43.26
R1-CA-2_LGD-1,djkngaip-1,Cluster 6,0,121.02
R1-CA-2_LGD-1,djklcpoo-1,Cluster 6,0,84.98
R1-CA-2_LGD-1,djkkbhij-1,Cluster 2,0,105.21
R1-CA-2_LGD-1,djkjnnik-1,Cluster 2,0,66.92
R1-CA-2_LGD-1,ofeaclpm-1,Cluster 3,0,66.52
R1-CA-2_LGD-1,lfplekmb-1,Cluster 3,0,34.14
R1-CA-2_LGD-1,ofeadiam-1,Cluster 3,0,43.21
R1-CA-2_LGD-1,lfpledhm-1,Cluster 17,0,61.23
R1-CA-2_LGD-1,lfplemgo-1,Cluster 3,0,15.85
R1-CA-2_LGD-1,ofeahoee-1,Cluster 3,0,128.56
R1-CA-2_LGD-1,ofdonhak-1,Cluster 3,0,40.91
R1-CA-2_LGD-1,lfomgnfp-1,Cluster 3,0,99.48
R1-CA-2_LGD-1,ofeadjah-1,Cluster 3,0,125.58
R1-CA-2_LGD-1,lfomemed-1,Cluster 3,0,20.73
R1-CA-2_LGD-1,ofeadnij-1,Cluster 3,0,104.22
R1-CA-2_LGD-1,ofdomofa-1,Cluster 3,0,79.84
R1-CA-2_LGD-1,lfpjkace-1,Cluster 1,0,54.68
R1-CA-2_LGD-1,lfplechl-1,Cluster 17,0,53.87
R1-CA-2_LGD-1,djkkphia-1,Cluster 2,0,118.22
R1-CA-2_LGD-1,lfpkhiff-1,Cluster 2,0,107.29
R1-CA-2_LGD-1,lfpklmjo-1,Cluster 17,0,67.33
R1-CA-2_LGD-1,lfplclhm-1,Cluster 2,0,173.94
R1-CA-2_LGD-1,djkkdnoj-1,Cluster 2,0,82.50
R1-CA-2_LGD-1,djkkggho-1,Cluster 2,0,107.07
R1-CA-2_LGD-1,lfpjgick-1,Cluster 2,0,169.38
R1-CA-2_LGD-1,lgeeahcm-1,Cluster 3,0,9.39
R1-CA-2_LGD-1,djmfhola-1,Cluster 10,0,172.86
R1-CA-2_LGD-1,lfpmiokn-1,Cluster 17,0,31.74
R1-CA-2_LGD-1,lgehjgil-1,Cluster 2,0,57.62
R1-CA-2_LGD-1,djnfjaae-1,Cluster 2,0,62.54
R1-CA-2_LGD-1,djnfekdi-1,Cluster 18,0,69.13
R1-CA-2_LGD-1,lfplpgfh-1,Cluster 8,0,48.05
R1-CA-2_LGD-1,djmehoih-1,Cluster 18,0,162.38
R1-CA-2_LGD-1,lgehioin-1,Cluster 2,0,42.67
R1-CA-2_LGD-1,lgehgohl-1,Cluster 6,0,65.66
R1-CA-2_LGD-1,lgehkfhm-1,Cluster 18,0,141.97
R1-CA-2_LGD-1,djnfdakm-1,Cluster 2,0,61.86
R1-CA-2_LGD-1,lfpmfpol-1,Cluster 12,0,31.16
R1-CA-2_LGD-1,lfpnabei-1,Cluster 4,0,35.99
R1-CA-2_LGD-1,lfpmhhkg-1,Cluster 6,0,64.03
R1-CA-2_LGD-1,lgamnkoi-1,Cluster 3,0,10.93
R1-CA-2_LGD-1,djngjfbb-1,Cluster 18,0,80.69
R1-CA-2_LGD-1,djngbanl-1,Cluster 2,0,37.62
R1-CA-2_LGD-1,djngkofn-1,Cluster 2,0,54.91
R1-CA-2_LGD-1,djngdfmm-1,Cluster 2,0,59.02
R1-CA-2_LGD-1,djnghcpd-1,Cluster 6,0,43.71
R1-CA-2_LGD-1,djnghjlm-1,Cluster 2,0,152.67
R1-CA-2_LGD-1,djnibeam-1,Cluster 2,0,39.24
R1-CA-2_LGD-1,djkilgci-1,Cluster 6,0,21.09
R1-CA-2_LGD-1,djngcolg-1,Cluster 18,0,100.11
R1-CA-2_LGD-1,djnhfmoj-1,Cluster 6,0,37.07
R1-CA-2_LGD-1,djngjmbn-1,Cluster 2,0,77.80
R1-CA-2_LGD-1,djngjknj-1,Cluster 18,0,90.90
R1-CA-2_LGD-1,djngnhbf-1,Cluster 2,0,87.24
R1-CA-2_LGD-1,djnflali-1,Cluster 6,0,44.03
R1-CA-2_LGD-1,djngpceb-1,Cluster 2,0,77.40
R1-CA-2_LGD-1,lgegknji-1,Cluster 13,0,78.57
R1-CA-2_LGD-1,lgehiinm-1,Cluster 8,0,24.79
R1-CA-2_LGD-1,lgbagoff-1,Cluster 5,0,26.37
R1-CA-2_LGD-1,djniedfb-1,Cluster 18,0,191.15
R1-CA-2_LGD-1,djkilkno-1,Cluster 19,0,41.50
R1-CA-2_LGD-1,lgbahhgd-1,Cluster 6,0,57.48
R1-CA-2_LGD-1,lganadmi-1,Cluster 2,0,66.11
R1-CA-2_LGD-1,djkjdoji-1,Cluster 2,0,49.27
R1-CA-2_LGD-1,lgbafief-1,Cluster 13,0,47.14
R1-CA-2_LGD-1,ofeokbpp-1,Cluster 3,0,9.89
R1-CA-2_LGD-1,djmepihf-1,Cluster 10,0,124.18
R1-CA-2_LGD-1,lgekeghc-1,Cluster 10,0,100.20
R1-CA-2_LGD-1,ofemckck-1,Cluster 3,0,76.04
R1-CA-2_LGD-1,lgeiialf-1,Cluster 10,0,88.19
R1-CA-2_LGD-1,lgeimdba-1,Cluster 10,0,49.63
R1-CA-2_LGD-1,lgehmoko-1,Cluster 3,0,12.64
R1-CA-2_LGD-1,lgejbkfk-1,Cluster 8,0,41.32
R1-CA-2_LGD-1,lgejpfcp-1,Cluster 10,0,89.95
R1-CA-2_LGD-1,djmffkoi-1,Cluster 2,0,120.88
R1-CA-2_LGD-1,djmfekih-1,Cluster 3,0,104.99
R1-CA-2_LGD-1,lgeihnhn-1,Cluster 3,0,89.14
R1-CA-2_LGD-1,ofeofbjp-1,Cluster 3,0,22.67
R1-CA-2_LGD-1,lgejdjgb-1,Cluster 3,0,18.33
R1-CA-2_LGD-1,lgehdnce-1,Cluster 6,0,140.21
R1-CA-2_LGD-1,lgejbbbg-1,Cluster 3,0,97.31
R1-CA-2_LGD-1,ofeamiim-1,Cluster 3,0,14.59
R1-CA-2_LGD-1,ofeaodhc-1,Cluster 3,0,35.31
R1-CA-2_LGD-1,lgehkcgf-1,Cluster 6,0,91.44
R1-CA-2_LGD-1,lfpmkhhh-1,Cluster 3,0,25.51
R1-CA-2_LGD-1,djkhldcm-1,Cluster 2,0,130.82
R1-CA-2_LGD-1,lfpmjoji-1,Cluster 6,0,36.22
R1-CA-2_LGD-1,lgehjkfb-1,Cluster 17,0,26.42
R1-CA-2_LGD-1,ofepekce-1,Cluster 3,0,31.16
R1-CA-2_LGD-1,ofeojbjd-1,Cluster 3,0,29.67
R1-CA-2_LGD-1,ofeopijc-1,Cluster 3,0,112.21
R1-CA-2_LGD-1,ofeoigmf-1,Cluster 3,0,18.83
R1-CA-2_LGD-1,ofepoleg-1,Cluster 3,0,22.80
R1-CA-2_LGD-1,lgdpaanp-1,Cluster 3,0,44.80
R1-CA-2_LGD-1,offabmok-1,Cluster 3,0,51.70
R1-CA-2_LGD-1,offackbn-1,Cluster 3,0,29.53
R1-CA-2_LGD-1,ofeohaam-1,Cluster 3,0,46.83
R1-CA-2_LGD-1,lgekdgag-1,Cluster 3,0,34.91
R1-CA-2_LGD-1,ofeoppgn-1,Cluster 3,0,75.50
R1-CA-2_LGD-1,lfpmpmjj-1,Cluster 6,0,83.40
R1-CA-2_LGD-1,djmejmfi-1,Cluster 2,0,57.53
R1-CA-2_LGD-1,djkhglpg-1,Cluster 2,0,157.96
R1-CA-2_LGD-1,lgdnlgjb-1,Cluster 17,0,107.47
R1-CA-2_LGD-1,lgdmncdc-1,Cluster 3,0,68.14
R1-CA-2_LGD-1,lgeajfod-1,Cluster 17,0,60.92
R1-CA-2_LGD-1,lfpmhmji-1,Cluster 18,0,84.85
R1-CA-2_LGD-1,lfplofkd-1,Cluster 3,0,18.38
R1-CA-2_LGD-1,djkhliac-1,Cluster 2,0,94.42
R1-CA-2_LGD-1,lfpmgofk-1,Cluster 17,0,23.21
R1-CA-2_LGD-1,djlblgmd-1,Cluster 17,0,43.12
R1-CA-2_LGD-1,lfpnheoi-1,Cluster 17,0,74.64
R1-CA-2_LGD-1,lgamoibo-1,Cluster 12,0,84.35
R1-CA-2_LGD-1,lgdnkfkj-1,Cluster 3,0,40.55
R1-CA-2_LGD-1,lgamonlf-1,Cluster 12,0,32.51
R1-CA-2_LGD-1,lfpnekdp-1,Cluster 5,0,87.47
R1-CA-2_LGD-1,djkikica-1,Cluster 6,0,22.71
R1-CA-2_LGD-1,djkjiflp-1,Cluster 2,0,125.26
R1-CA-2_LGD-1,lfpnbcff-1,Cluster 2,0,54.55
R1-CA-2_LGD-1,lgdmpbmg-1,Cluster 13,0,71.44
R1-CA-2_LGD-1,lgdnaegm-1,Cluster 3,0,27.14
R1-CA-2_LGD-1,lgdnflch-1,Cluster 3,0,11.97
R1-CA-2_LGD-1,lgdnffdh-1,Cluster 12,0,39.06
R1-CA-2_LGD-1,djkihdml-1,Cluster 2,0,52.07
R1-CA-2_LGD-1,lfpnomji-1,Cluster 2,0,85.84
R1-CA-2_LGD-1,djkihkoh-1,Cluster 2,0,37.30
R1-CA-2_LGD-1,lfpnopdm-1,Cluster 17,0,52.43
R1-CA-2_LGD-1,lgdnlfcl-1,Cluster 3,0,22.53
R1-CA-2_LGD-1,lgdnldba-1,Cluster 3,0,29.35
R1-CA-2_LGD-1,lfpojhmd-1,Cluster 12,0,29.49
R1-CA-2_LGD-1,djkjglbf-1,Cluster 18,0,87.15
R1-CA-2_LGD-1,djkjbifc-1,Cluster 2,0,84.62
R1-CA-2_LGD-1,lgamppom-1,Cluster 6,0,34.09
R1-CA-2_LGD-1,lfpomjch-1,Cluster 6,0,40.91
R1-CA-2_LGD-1,lfpngpif-1,Cluster 17,0,83.58
R1-CA-2_LGD-1,djkipejp-1,Cluster 2,0,87.42
R1-CA-2_LGD-1,lfpocdhd-1,Cluster 6,0,55.23
R1-CA-2_LGD-1,lfpnjdkh-1,Cluster 6,0,34.59
R1-CA-2_LGD-1,djkidiig-1,Cluster 18,0,84.22
R1-CA-2_LGD-1,lgdmdbgc-1,Cluster 3,0,38.20
R1-CA-2_LGD-1,ofemakca-1,Cluster 3,0,77.58
R1-CA-2_LGD-1,ofemddaj-1,Cluster 3,0,9.48
R1-CA-2_LGD-1,lgeeillk-1,Cluster 3,0,47.73
R1-CA-2_LGD-1,lgdmmmkj-1,Cluster 3,0,25.60
R1-CA-2_LGD-1,lgdmcgmc-1,Cluster 3,0,21.18
R1-CA-2_LGD-1,lgdpfbep-1,Cluster 3,0,108.47
R1-CA-2_LGD-1,lgdmcoki-1,Cluster 3,0,23.39
R1-CA-2_LGD-1,ofejmoii-1,Cluster 3,0,28.09
R1-CA-2_LGD-1,lgdpbfbj-1,Cluster 3,0,22.35
R1-CA-2_LGD-1,lgdnpjng-1,Cluster 3,0,18.15
R1-CA-2_LGD-1,lgdnmjci-1,Cluster 3,0,35.81
R1-CA-2_LGD-1,lgdobgbi-1,Cluster 3,0,38.65
R1-CA-2_LGD-1,lgdobcif-1,Cluster 3,0,12.19
R1-CA-2_LGD-1,lgdobejg-1,Cluster 3,0,36.17
R1-CA-2_LGD-1,ofejnicm-1,Cluster 3,0,14.31
R1-CA-2_LGD-1,lgdpcklf-1,Cluster 3,0,87.87
R1-CA-2_LGD-1,lgdoigkb-1,Cluster 3,0,20.82
R1-CA-2_LGD-1,lfpljddh-1,Cluster 3,0,17.29
R1-CA-2_LGD-1,lfplgmko-1,Cluster 3,0,62.32
R1-CA-2_LGD-1,lfplmndg-1,Cluster 3,0,35.04
R1-CA-2_LGD-1,lgdpfaoo-1,Cluster 3,0,84.62
R1-CA-2_LGD-1,ofejnpib-1,Cluster 3,0,78.35
R1-CA-2_LGD-1,lgdpdklp-1,Cluster 3,0,104.67
R1-CA-2_LGD-1,lgdpcflg-1,Cluster 3,0,19.60
R1-CA-2_LGD-1,lgebeoic-1,Cluster 3,0,111.27
R1-CA-2_LGD-1,lgdodjoo-1,Cluster 3,0,9.30
R1-CA-2_LGD-1,lgdofmdg-1,Cluster 3,0,54.73
R1-CA-2_LGD-1,lgdogljm-1,Cluster 3,0,54.55
R1-CA-2_LGD-1,lgdokgbd-1,Cluster 17,0,48.63
R1-CA-2_LGD-1,lfpmolhn-1,Cluster 3,0,19.91
R1-CA-2_LGD-1,lfplmkcb-1,Cluster 3,0,41.09
R1-CA-2_LGD-1,lgdogmlg-1,Cluster 3,0,50.26
R1-CA-2_LGD-1,lfplknme-1,Cluster 17,0,82.64
R1-CA-2_LGD-1,djlcejej-1,Cluster 17,0,51.93
R1-CA-2_LGD-1,lgeemhjh-1,Cluster 3,0,13.91
R1-CA-2_LGD-1,lgeknedd-1,Cluster 2,0,128.61
R1-CA-2_LGD-1,djmecccg-1,Cluster 10,0,47.50
R1-CA-2_LGD-1,lgekoacm-1,Cluster 10,0,39.92
R1-CA-2_LGD-1,lgemonpb-1,Cluster 1,0,51.75
R1-CA-2_LGD-1,offaebii-1,Cluster 17,0,82.23
R1-CA-2_LGD-1,djmdapmh-1,Cluster 10,0,140.39
R1-CA-2_LGD-1,lgelcial-1,Cluster 17,0,50.71
R1-CA-2_LGD-1,lgemnakp-1,Cluster 10,0,135.92
R1-CA-2_LGD-1,lgemkoli-1,Cluster 10,0,59.83
R1-CA-2_LGD-1,lgelhnkb-1,Cluster 3,0,19.28
R1-CA-2_LGD-1,lgekoigk-1,Cluster 17,0,74.46
R1-CA-2_LGD-1,lgelbila-1,Cluster 2,0,88.87
R1-CA-2_LGD-1,djmdagmb-1,Cluster 2,0,60.33
R1-CA-2_LGD-1,djmejmne-1,Cluster 10,0,246.46
R1-CA-2_LGD-1,djmdpncb-1,Cluster 2,0,111.49
R1-CA-2_LGD-1,djmdiogi-1,Cluster 17,0,60.15
R1-CA-2_LGD-1,djmekgii-1,Cluster 10,0,361.93
R1-CA-2_LGD-1,lgeelaed-1,Cluster 3,0,59.34
R1-CA-2_LGD-1,djmfeidb-1,Cluster 3,0,40.55
R1-CA-2_LGD-1,djmekjfe-1,Cluster 2,0,147.48
R1-CA-2_LGD-1,lgejogib-1,Cluster 10,0,162.07
R1-CA-2_LGD-1,lgejpoda-1,Cluster 2,0,130.23
R1-CA-2_LGD-1,lgejeepa-1,Cluster 10,0,211.96
R1-CA-2_LGD-1,ofemiioh-1,Cluster 3,0,16.12
R1-CA-2_LGD-1,lgeioldi-1,Cluster 10,0,100.65
R1-CA-2_LGD-1,djmfhgag-1,Cluster 2,0,110.18
R1-CA-2_LGD-1,lgekmnjh-1,Cluster 10,0,182.79
R1-CA-2_LGD-1,djmfinfc-1,Cluster 17,0,84.89
R1-CA-2_LGD-1,lgeiodfg-1,Cluster 2,0,62.41
R1-CA-2_LGD-1,lgejmfmd-1,Cluster 9,0,59.06
R1-CA-2_LGD-1,ofemgjfk-1,Cluster 3,0,20.82
R1-CA-2_LGD-1,djmdbpeb-1,Cluster 2,0,204.83
R1-CA-2_LGD-1,lgejmgdi-1,Cluster 10,0,178.82
R1-CA-2_LGD-1,lgeenieg-1,Cluster 3,0,41.72
R1-CA-2_LGD-1,lgejhnah-1,Cluster 10,0,122.60
R1-CA-2_LGD-1,djmfebnn-1,Cluster 10,0,57.98
R1-CA-2_LGD-1,lgejlida-1,Cluster 10,0,253.42
R1-CA-2_LGD-1,lgddedaa-1,Cluster 3,0,26.19
R1-CA-2_LGD-1,lgcjcbdd-1,Cluster 3,0,74.19
R1-CA-2_LGD-1,ofehngbg-1,Cluster 3,0,97.13
R1-CA-2_LGD-1,lgenboce-1,Cluster 10,0,173.94
R1-CA-2_LGD-1,lgenbefa-1,Cluster 10,0,155.70
R1-CA-2_LGD-1,lgcifclf-1,Cluster 3,0,47.73
R1-CA-2_LGD-1,lgcjeehm-1,Cluster 3,0,17.75
R1-CA-2_LGD-1,lgcjhffh-1,Cluster 3,0,29.35
R1-CA-2_LGD-1,ofebdmff-1,Cluster 3,0,16.21
R1-CA-2_LGD-1,ofebehgg-1,Cluster 3,0,19.82
R1-CA-2_LGD-1,lgcijkgf-1,Cluster 8,0,69.63
R1-CA-2_LGD-1,lgcjdkbc-1,Cluster 3,0,39.11
R1-CA-2_LGD-1,lgciepnb-1,Cluster 3,0,51.39
R1-CA-2_LGD-1,lgdedoan-1,Cluster 3,0,18.56
R1-CA-2_LGD-1,djmcfekf-1,Cluster 3,0,59.61
R1-CA-2_LGD-1,ofebhane-1,Cluster 3,0,52.61
R1-CA-2_LGD-1,lgcjbghh-1,Cluster 3,0,24.34
R1-CA-2_LGD-1,djmccjin-1,Cluster 10,0,193.63
R1-CA-2_LGD-1,ofebfkdo-1,Cluster 3,0,11.29
R1-CA-2_LGD-1,lgdeeljc-1,Cluster 3,0,46.60
R1-CA-2_LGD-1,lgcjabko-1,Cluster 3,0,21.40
R1-CA-2_LGD-1,lgciobhj-1,Cluster 3,0,38.74
R1-CA-2_LGD-1,lgcimmnp-1,Cluster 3,0,14.99
R1-CA-2_LGD-1,lgcioglm-1,Cluster 3,0,24.75
R1-CA-2_LGD-1,lgenbpkh-1,Cluster 10,0,122.92
R1-CA-2_LGD-1,ofehkobe-1,Cluster 3,0,129.28
R1-CA-2_LGD-1,ofebeppi-1,Cluster 3,0,15.49
R1-CA-2_LGD-1,lgcinplm-1,Cluster 3,0,84.44
R1-CA-2_LGD-1,djmchenf-1,Cluster 10,0,230.03
R1-CA-2_LGD-1,lgeigdjj-1,Cluster 3,0,30.48
R1-CA-2_LGD-1,lgeigmab-1,Cluster 3,0,15.62
R1-CA-2_LGD-1,lgeigpii-1,Cluster 3,0,29.53
R1-CA-2_LGD-1,lgemkmnc-1,Cluster 6,0,30.89
R1-CA-2_LGD-1,djmccjob-1,Cluster 2,0,94.51
R1-CA-2_LGD-1,lgemkkjd-1,Cluster 10,0,56.63
R1-CA-2_LGD-1,lgeebffm-1,Cluster 3,0,22.80
R1-CA-2_LGD-1,lgemenbf-1,Cluster 3,0,19.73
R1-CA-2_LGD-1,djkgdibo-1,Cluster 10,0,86.56
R1-CA-2_LGD-1,djkghnal-1,Cluster 10,0,162.88
R1-CA-2_LGD-1,djkghenh-1,Cluster 2,0,188.71
R1-CA-2_LGD-1,djkgckif-1,Cluster 1,0,106.03
R1-CA-2_LGD-1,lgeeeikd-1,Cluster 1,0,40.69
R1-CA-2_LGD-1,lgeeefnb-1,Cluster 17,0,35.72
R1-CA-2_LGD-1,lgdlnbmc-1,Cluster 3,0,11.65
R1-CA-2_LGD-1,djkgakoe-1,Cluster 2,0,102.50
R1-CA-2_LGD-1,djkfnflf-1,Cluster 24,0,108.28
R1-CA-2_LGD-1,djkfjpfp-1,Cluster 17,0,80.87
R1-CA-2_LGD-1,djkfhked-1,Cluster 10,0,143.60
R1-CA-2_LGD-1,djmcodcc-1,Cluster 9,0,61.46
R1-CA-2_LGD-1,djmcmoho-1,Cluster 10,0,106.75
R1-CA-2_LGD-1,djmckmnf-1,Cluster 6,0,81.33
R1-CA-2_LGD-1,lgeegagp-1,Cluster 10,0,144.09
R1-CA-2_LGD-1,lgefdpco-1,Cluster 17,0,169.61
R1-CA-2_LGD-1,lgefdfpf-1,Cluster 3,0,45.47
R1-CA-2_LGD-1,lgdlplgf-1,Cluster 10,0,67.92
R1-CA-2_LGD-1,lgefheij-1,Cluster 17,0,77.35
R1-CA-2_LGD-1,lgefdfen-1,Cluster 3,0,25.24
R1-CA-2_LGD-1,lgeeoohg-1,Cluster 3,0,77.53
R1-CA-2_LGD-1,lgeejibe-1,Cluster 3,0,13.73
R1-CA-2_LGD-1,lgdmhlge-1,Cluster 3,0,48.99
R1-CA-2_LGD-1,lgeedjnn-1,Cluster 1,0,58.48
R1-CA-2_LGD-1,ofeloemg-1,Cluster 3,0,16.48
R1-CA-2_LGD-1,ofemgceh-1,Cluster 3,0,27.86
R1-CA-2_LGD-1,ofemfhed-1,Cluster 17,0,57.17
R1-CA-2_LGD-1,ofejkpaf-1,Cluster 3,0,124.27
R1-CA-2_LGD-1,ofejnbfi-1,Cluster 3,0,28.04
R1-CA-2_LGD-1,lgencjic-1,Cluster 3,0,19.55
R1-CA-2_LGD-1,ofejnclk-1,Cluster 3,0,22.35
R1-CA-2_LGD-1,djmcpamm-1,Cluster 3,0,27.46
R1-CA-2_LGD-1,lgeehlok-1,Cluster 3,0,41.05
R1-CA-2_LGD-1,lgeeofmb-1,Cluster 6,0,79.16
R1-CA-2_LGD-1,djmcnpfm-1,Cluster 3,0,74.96
R1-CA-2_LGD-1,offbaedh-1,Cluster 3,0,57.80
R1-CA-2_LGD-1,lgeebgim-1,Cluster 3,0,12.69
R1-CA-2_LGD-1,lgdegblj-1,Cluster 3,0,75.00
R1-CA-2_LGD-1,lgdegabh-1,Cluster 3,0,137.86
R1-CA-2_LGD-1,lgdecjkk-1,Cluster 3,0,40.96
R1-CA-2_LGD-1,ofehdfmd-1,Cluster 3,0,9.57
R1-CA-2_LGD-1,ofehfpdn-1,Cluster 3,0,13.19
R1-CA-2_LGD-1,ofelmldp-1,Cluster 3,0,22.58
R1-CA-2_LGD-1,ofelelgl-1,Cluster 3,0,29.13
R1-CA-2_LGD-1,ofehdjea-1,Cluster 3,0,69.41
R1-CA-2_LGD-1,lgddhlal-1,Cluster 3,0,20.23
R1-CA-2_LGD-1,lgellpmb-1,Cluster 3,0,12.19
R1-CA-2_LGD-1,ofehklkp-1,Cluster 3,0,59.06
R1-CA-2_LGD-1,ofehnaml-1,Cluster 3,0,54.32
R1-CA-2_LGD-1,ofehkbmj-1,Cluster 3,0,43.98
R1-CA-2_LGD-1,offaelpp-1,Cluster 3,0,46.69
R1-CA-2_LGD-1,offakhnh-1,Cluster 3,0,75.77
R1-CA-2_LGD-1,offbckob-1,Cluster 3,0,29.94
R1-CA-2_LGD-1,ofehhnfl-1,Cluster 3,0,27.00
R1-CA-2_LGD-1,ofehkccc-1,Cluster 3,0,35.09
R1-CA-2_LGD-1,lgemjnah-1,Cluster 3,0,16.21
R1-CA-2_LGD-1,lgemjonl-1,Cluster 3,0,8.08
R1-CA-2_LGD-1,ofehngij-1,Cluster 3,0,50.94
R1-CA-2_LGD-1,lgemiccn-1,Cluster 3,0,47.28
R1-CA-2_LGD-1,lgelncej-1,Cluster 3,0,11.24
R1-CA-2_LGD-1,offbanhj-1,Cluster 3,0,46.65
R1-CA-2_LGD-1,lgemcnkl-1,Cluster 3,0,33.91
R1-CA-2_LGD-1,offbennj-1,Cluster 3,0,27.55
R1-CA-2_LGD-1,offbdjla-1,Cluster 3,0,8.94
R1-CA-2_LGD-1,offbbgmn-1,Cluster 3,0,20.46
R1-CA-2_LGD-1,offbaodf-1,Cluster 3,0,48.09
R1-CA-2_LGD-1,lgeljkac-1,Cluster 3,0,5.55
R1-CA-2_LGD-1,lgemfhmd-1,Cluster 3,0,56.26
R1-CA-2_LGD-1,djkgjmkl-1,Cluster 10,0,150.33
R1-CA-2_LGD-1,lgeliimo-1,Cluster 3,0,13.10
R1-CA-2_LGD-1,lgdppefe-1,Cluster 3,0,11.83
R1-CA-2_LGD-1,djldgaod-1,Cluster 17,0,48.45
R1-CA-2_LGD-1,djlcpffh-1,Cluster 17,0,68.59
R1-CA-2_LGD-1,djlcpjbo-1,Cluster 3,0,49.22
R1-CA-2_LGD-1,djkniepk-1,Cluster 17,0,100.52
R1-CA-2_LGD-1,djkmjahn-1,Cluster 2,0,81.82
R1-CA-2_LGD-1,lfonjdga-1,Cluster 17,0,161.34
R1-CA-2_LGD-1,djknbgle-1,Cluster 2,0,135.42
R1-CA-2_LGD-1,djlcnlhi-1,Cluster 17,0,46.56
R1-CA-2_LGD-1,lfonfagg-1,Cluster 6,0,78.80
R1-CA-2_LGD-1,djknilap-1,Cluster 2,0,53.74
R1-CA-2_LGD-1,djkmpkph-1,Cluster 19,0,63.53
R1-CA-2_LGD-1,djknknec-1,Cluster 17,0,37.62
R1-CA-2_LGD-1,djlcfike-1,Cluster 17,0,124.81
R1-CA-2_LGD-1,djlcicoh-1,Cluster 3,0,113.39
R1-CA-2_LGD-1,djlcjhha-1,Cluster 3,0,70.49
R1-CA-2_LGD-1,djlbobhd-1,Cluster 2,0,80.51
R1-CA-2_LGD-1,djkmmfae-1,Cluster 17,0,28.72
R1-CA-2_LGD-1,ofejhegg-1,Cluster 3,0,161.75
R1-CA-2_LGD-1,lgeagjbg-1,Cluster 3,0,25.42
R1-CA-2_LGD-1,djlckeon-1,Cluster 17,0,65.84
R1-CA-2_LGD-1,lfondmpa-1,Cluster 17,0,133.48
R1-CA-2_LGD-1,djlclphc-1,Cluster 17,0,70.81
R1-CA-2_LGD-1,ofdnlbef-1,Cluster 3,0,46.38
R1-CA-2_LGD-1,lfolpmhi-1,Cluster 3,0,17.93
R1-CA-2_LGD-1,djknjoaa-1,Cluster 21,0,87.11
R1-CA-2_LGD-1,ofejiijd-1,Cluster 3,0,62.72
R1-CA-2_LGD-1,djlbkajn-1,Cluster 3,0,66.56
R1-CA-2_LGD-1,djlcemgi-1,Cluster 17,0,70.94
R1-CA-2_LGD-1,lgeadhfo-1,Cluster 2,0,99.66
R1-CA-2_LGD-1,lgeaeccd-1,Cluster 3,0,99.89
R1-CA-2_LGD-1,djkmkkfa-1,Cluster 2,0,53.69
R1-CA-2_LGD-1,ofejomid-1,Cluster 3,0,11.92
R1-CA-2_LGD-1,lgdlhlbn-1,Cluster 3,0,29.58
R1-CA-2_LGD-1,djknjmfg-1,Cluster 6,0,53.56
R1-CA-2_LGD-1,lfomaalc-1,Cluster 3,0,21.22
R1-CA-2_LGD-1,djlbnhca-1,Cluster 3,0,35.04
R1-CA-2_LGD-1,djkmkckc-1,Cluster 2,0,193.27
R1-CA-2_LGD-1,lgeafgjj-1,Cluster 3,0,41.59
R1-CA-2_LGD-1,lgedjnfg-1,Cluster 3,0,27.05
R1-CA-2_LGD-1,lgeakggi-1,Cluster 3,0,17.34
R1-CA-2_LGD-1,ofekiobg-1,Cluster 3,0,19.10
R1-CA-2_LGD-1,lgedhofl-1,Unassigned,0,14.77
R1-CA-2_LGD-1,lgedkail-1,Cluster 3,0,59.70
R1-CA-2_LGD-1,lgdpjihd-1,Cluster 3,0,27.64
R1-CA-2_LGD-1,lgdklhij-1,Cluster 3,0,170.51
R1-CA-2_LGD-1,lgedleoh-1,Cluster 3,0,45.07
R1-CA-2_LGD-1,ofejobhc-1,Cluster 3,0,10.39
R1-CA-2_LGD-1,lgedclbd-1,Cluster 3,0,39.96
R1-CA-2_LGD-1,lgealmlm-1,Cluster 3,0,24.79
R1-CA-2_LGD-1,lgdkfchp-1,Cluster 3,0,115.24
R1-CA-2_LGD-1,lgdlclho-1,Cluster 3,0,36.35
R1-CA-2_LGD-1,lgedddpf-1,Cluster 3,0,32.92
R1-CA-2_LGD-1,djkoffln-1,Cluster 3,0,65.48
R1-CA-2_LGD-1,lgebdfgi-1,Cluster 3,0,46.96
R1-CA-2_LGD-1,lgdpkccg-1,Cluster 3,0,29.08
R1-CA-2_LGD-1,lgdkhdej-1,Cluster 3,0,50.67
R1-CA-2_LGD-1,lgeanhli-1,Cluster 3,0,11.06
R1-CA-2_LGD-1,lgeaoodg-1,Cluster 3,0,122.24
R1-CA-2_LGD-1,lgedhpmg-1,Cluster 17,0,31.88
R1-CA-2_LGD-1,lgdkfiln-1,Cluster 3,0,14.22
R1-CA-2_LGD-1,lgdklakd-1,Cluster 3,0,86.79
R1-CA-2_LGD-1,djkoaing-1,Cluster 17,0,59.11
R1-CA-2_LGD-1,djkobkem-1,Cluster 2,0,93.25
R1-CA-2_LGD-1,lgebhfke-1,Cluster 3,0,160.26
R1-CA-2_LGD-1,lgdlhfng-1,Cluster 3,0,181.89
R1-CA-2_LGD-1,lgdldjjf-1,Cluster 20,0,102.46
R1-CA-2_LGD-1,lgdlmhgb-1,Cluster 3,0,42.81
R1-CA-2_LGD-1,djldelag-1,Cluster 3,0,61.50
R1-CA-2_LGD-1,lgdlgmkn-1,Cluster 17,0,84.89
R1-CA-2_LGD-1,lgdlelbl-1,Cluster 3,0,115.28
R1-CA-2_LGD-1,djldgcec-1,Cluster 17,0,68.86
R1-CA-2_LGD-1,djldgicb-1,Cluster 17,0,49.36
R1-CA-2_LGD-1,lfolppfo-1,Cluster 17,0,33.19
R1-CA-2_LGD-1,lgdleefc-1,Cluster 3,0,95.14
R1-CA-2_LGD-1,lgdjjdec-1,Cluster 3,0,80.38
R1-CA-2_LGD-1,djknomdp-1,Cluster 17,0,57.94
R1-CA-2_LGD-1,ofdomcfd-1,Cluster 3,0,188.66
R1-CA-2_LGD-1,ofdojdgp-1,Cluster 3,0,154.80
R1-CA-2_LGD-1,lfomlblc-1,Cluster 3,0,27.55
R1-CA-2_LGD-1,lfonmfkd-1,Cluster 3,0,40.05
R1-CA-2_LGD-1,lfonnbij-1,Cluster 3,0,59.25
R1-CA-2_LGD-1,lfonolnl-1,Cluster 3,0,79.88
R1-CA-2_LGD-1,ofdpbhjg-1,Cluster 3,0,147.57
R1-CA-2_LGD-1,ofdpccej-1,Cluster 3,0,65.34
R1-CA-2_LGD-1,ofdpilnm-1,Cluster 3,0,20.73
R1-CA-2_LGD-1,ofdpmemh-1,Cluster 3,0,12.28
R1-CA-2_LGD-1,ofdpnhbb-1,Cluster 3,0,62.04
R1-CA-2_LGD-1,ofdppldo-1,Cluster 3,0,20.28
R1-CA-2_LGD-1,lfomihga-1,Cluster 3,0,50.71
R1-CA-2_LGD-1,lgdjhfel-1,Cluster 17,0,90.67
R1-CA-2_LGD-1,lgdjhkna-1,Cluster 17,0,117.95
R1-CA-2_LGD-1,djldinic-1,Cluster 24,0,83.45
R1-CA-2_LGD-1,lfomccej-1,Cluster 3,0,11.42
R1-CA-2_LGD-1,lfomolgd-1,Cluster 3,0,70.58
R1-CA-2_LGD-1,lfomnfko-1,Cluster 3,0,67.51
R1-CA-2_LGD-1,lfoncpcg-1,Cluster 3,0,68.91
R1-CA-2_LGD-1,lfompmkb-1,Cluster 3,0,128.74
R1-CA-2_LGD-1,ofdpacdi-1,Cluster 3,0,84.31
R1-CA-2_LGD-1,lfomcldm-1,Cluster 3,0,23.17
R1-CA-2_LGD-1,lfoocaih-1,Cluster 3,0,102.96
R1-CA-2_LGD-1,djldfpmc-1,Cluster 2,0,35.49
R1-CA-2_LGD-1,ofdofdja-1,Cluster 3,0,65.48
R1-CA-2_LGD-1,lfonojjc-1,Cluster 3,0,18.29
R1-CA-2_LGD-1,lfonnkam-1,Cluster 3,0,40.19
R1-CA-2_LGD-1,ofdnndhk-1,Cluster 17,0,137.05
R1-CA-2_LGD-1,lfolpimc-1,Cluster 3,0,14.36
R1-CA-2_LGD-1,lfonmepp-1,Cluster 3,0,63.26
R1-CA-2_LGD-1,ofdnjeak-1,Cluster 3,0,33.51
R1-CA-2_LGD-1,ofdnkfme-1,Cluster 3,0,36.17
R1-CA-2_LGD-1,lfompkpg-1,Cluster 3,0,77.80
R1-CA-2_LGD-1,djldijmn-1,Cluster 3,0,25.83
R1-CA-2_LGD-1,lgdjoahc-1,Cluster 17,0,21.68
R1-CA-2_LGD-1,lgdlilkh-1,Cluster 3,0,97.27
R1-CA-2_LGD-1,lgdfinop-1,Cluster 3,0,46.56
R1-CA-2_LGD-1,djknpocp-1,Cluster 17,0,37.52
R1-CA-2_LGD-1,djknkpcc-1,Cluster 20,0,39.74
R1-CA-2_LGD-1,djkofdkd-1,Cluster 3,0,61.46
R1-CA-2_LGD-1,lgdffldl-1,Cluster 3,0,43.40
R1-CA-2_LGD-1,lgdljdim-1,Cluster 20,0,12.91
R1-CA-2_LGD-1,lgdgnpja-1,Cluster 3,0,63.72
R1-CA-2_LGD-1,lgeclnlp-1,Cluster 3,0,88.37
R1-CA-2_LGD-1,lgdgndfh-1,Cluster 3,0,30.21
R1-CA-2_LGD-1,lgdjgmgb-1,Cluster 17,0,128.74
R1-CA-2_LGD-1,lgecnpdp-1,Cluster 3,0,34.05
R1-CA-2_LGD-1,lgdjnkke-1,Cluster 3,0,68.91
R1-CA-2_LGD-1,lgedbcpa-1,Cluster 3,0,15.35
R1-CA-2_LGD-1,lgdfgpkg-1,Cluster 3,0,66.20
R1-CA-2_LGD-1,lgdjpjan-1,Cluster 3,0,33.42
R1-CA-2_LGD-1,lgdlijad-1,Cluster 3,0,33.51
R1-CA-2_LGD-1,lgdjnclm-1,Cluster 17,0,69.81
R1-CA-2_LGD-1,lgdfdjeb-1,Cluster 3,0,59.25
R1-CA-2_LGD-1,lgdenoge-1,Cluster 3,0,33.19
R1-CA-2_LGD-1,lgecnhga-1,Cluster 3,0,131.81
R1-CA-2_LGD-1,lgdllagi-1,Cluster 3,0,13.01
R1-CA-2_LGD-1,lgdjogio-1,Cluster 3,0,52.38
R1-CA-2_LGD-1,lgdjgpge-1,Cluster 3,0,14.68
R1-CA-2_LGD-1,lgdkbdho-1,Cluster 3,0,26.19
R1-CA-2_LGD-1,djknlekn-1,Cluster 3,0,49.81
R1-CA-2_LGD-1,djknkppa-1,Cluster 2,0,114.52
R1-CA-2_LGD-1,lgecpogi-1,Cluster 4,0,31.88
R1-CA-2_LGD-1,djknplnn-1,Cluster 17,0,43.08
R1-CA-2_LGD-1,lgdjfjea-1,Cluster 3,0,36.49
R1-CA-2_LGD-1,djkhcndh-1,Cluster 17,0,76.18
R1-CA-2_LGD-1,djkhbpid-1,Cluster 3,0,61.77
R1-CA-2_LGD-1,djkhahfg-1,Cluster 3,0,106.39
R1-CA-2_LGD-1,djknmjmh-1,Cluster 3,0,63.40
R1-CA-2_LGD-1,lgcmooll-1,Cluster 3,0,27.46
R1-CA-2_LGD-1,ofenldnf-1,Cluster 3,0,80.47
R1-CA-2_LGD-1,lgdhmodb-1,Cluster 3,0,48.32
R1-CA-2_LGD-1,lgdhjfmp-1,Cluster 3,0,23.12
R1-CA-2_LGD-1,lgdhkpjn-1,Cluster 3,0,37.30
R1-CA-2_LGD-1,lgdhiibp-1,Cluster 3,0,20.41
R1-CA-2_LGD-1,lgefiihf-1,Cluster 3,0,23.30
R1-CA-2_LGD-1,lgefjfon-1,Cluster 3,0,23.35
R1-CA-2_LGD-1,lgedehil-1,Cluster 3,0,16.62
R1-CA-2_LGD-1,lgebokff-1,Cluster 3,0,19.01
R1-CA-2_LGD-1,lgebllme-1,Cluster 3,0,19.37
R1-CA-2_LGD-1,lgcmilbb-1,Cluster 3,0,12.28
R1-CA-2_LGD-1,lgeccjkk-1,Cluster 3,0,61.55
R1-CA-2_LGD-1,lgegfime-1,Cluster 3,0,43.30
R1-CA-2_LGD-1,ofeneoii-1,Cluster 3,0,98.49
R1-CA-2_LGD-1,lgedfgai-1,Cluster 3,0,44.12
R1-CA-2_LGD-1,ofengpcm-1,Cluster 3,0,24.52
R1-CA-2_LGD-1,lgeghkil-1,Cluster 3,0,21.68
R1-CA-2_LGD-1,lgegiaag-1,Cluster 3,0,31.97
R1-CA-2_LGD-1,ofempglm-1,Cluster 3,0,25.78
R1-CA-2_LGD-1,lgecamok-1,Cluster 3,0,9.93
R1-CA-2_LGD-1,lgecbfne-1,Cluster 3,0,14.31
R1-CA-2_LGD-1,lgdhkmfn-1,Cluster 3,0,60.60
R1-CA-2_LGD-1,lgefkmpo-1,Cluster 3,0,12.82
R1-CA-2_LGD-1,lgefmdcc-1,Cluster 3,0,48.23
R1-CA-2_LGD-1,lgefmnhd-1,Cluster 3,0,70.71
R1-CA-2_LGD-1,lgegfpkd-1,Cluster 3,0,17.39
R1-CA-2_LGD-1,lgechpid-1,Cluster 3,0,14.40
R1-CA-2_LGD-1,ofekbmaf-1,Cluster 3,0,6.41
R1-CA-2_LGD-1,lgefolfa-1,Cluster 20,0,105.89
R1-CA-2_LGD-1,lgegaefg-1,Cluster 3,0,26.19
R1-CA-2_LGD-1,lgefmgdj-1,Cluster 3,0,50.21
R1-CA-2_LGD-1,ofekedhn-1,Cluster 3,0,61.32
R1-CA-2_LGD-1,lgeaamkp-1,Cluster 3,0,29.04
R1-CA-2_LGD-1,lgdphhek-1,Cluster 3,0,56.40
R1-CA-2_LGD-1,ofeifoge-1,Cluster 3,0,96.45
R1-CA-2_LGD-1,ofekfbkh-1,Cluster 3,0,80.24
R1-CA-2_LGD-1,lgefomfb-1,Cluster 3,0,26.06
R1-CA-2_LGD-1,ofehjaok-1,Cluster 3,0,58.48
R1-CA-2_LGD-1,ofekodjl-1,Cluster 3,0,14.09
R1-CA-2_LGD-1,ofelabnj-1,Cluster 3,0,15.76
R1-CA-2_LGD-1,ofelkgkl-1,Cluster 3,0,20.32
R1-CA-2_LGD-1,ofecmddm-1,Cluster 3,0,105.71
R1-CA-2_LGD-1,lgcmopjd-1,Cluster 3,0,16.57
R1-CA-2_LGD-1,lgcmnlaa-1,Cluster 3,0,11.24
R1-CA-2_LGD-1,ofekphdc-1,Cluster 3,0,77.35
R1-CA-2_LGD-1,ofeidmkm-1,Cluster 3,0,8.31
R1-CA-2_LGD-1,ofecliac-1,Cluster 3,0,63.58
R1-CA-2_LGD-1,lgcmjccb-1,Cluster 3,0,9.26
R1-CA-2_LGD-1,ofehakhc-1,Cluster 3,0,95.87
R1-CA-2_LGD-1,ofeklkgp-1,Cluster 3,0,82.77
R1-CA-2_LGD-1,lgcmgeab-1,Cluster 3,0,11.65
R1-CA-2_LGD-1,lgcmlaki-1,Cluster 3,0,61.64
R1-CA-2_LGD-1,lgcmhlhi-1,Cluster 3,0,32.29
R1-CA-2_LGD-1,lgdhchhm-1,Cluster 3,0,24.20
R1-CA-2_LGD-1,ofeknnbp-1,Cluster 3,0,75.73
R1-CA-2_LGD-1,ofemkblh-1,Cluster 3,0,77.13
R1-CA-2_LGD-1,ofekmlei-1,Cluster 3,0,76.72
R1-CA-2_LGD-1,ofekoaif-1,Cluster 3,0,19.64
R1-CA-2_LGD-1,ofelnoch-1,Cluster 3,0,9.21
R1-CA-2_LGD-1,ofelnngh-1,Cluster 3,0,30.25
R1-CA-2_LGD-1,lgcmmenm-1,Cluster 3,0,49.81
R1-CA-2_LGD-1,ofemmcid-1,Cluster 3,0,24.57
R1-CA-2_LGD-1,ofeldmjc-1,Cluster 3,0,14.50
R1-CA-2_LGD-1,ofenjkld-1,Cluster 3,0,37.80
R1-CA-2_LGD-1,lgdhebnm-1,Cluster 3,0,13.73
R1-CA-2_LGD-1,lgdhdlpb-1,Cluster 3,0,14.36
R1-CA-2_LGD-1,ofemnlao-1,Cluster 3,0,56.08
R1-CA-2_LGD-1,lgdhjlie-1,Cluster 3,0,16.80
R1-CA-2_LGD-1,ofenlfok-1,Cluster 3,0,87.74
R1-CA-2_LGD-1,ofenmlma-1,Cluster 3,0,54.19
R1-CA-2_LGD-1,lgdicamn-1,Cluster 3,0,40.91
R1-CA-2_LGD-1,lgdhemic-1,Cluster 3,0,28.76
R1-CA-2_LGD-1,lgdimjil-1,Cluster 3,0,81.10
R1-CA-2_LGD-1,ofejanlg-1,Cluster 3,0,48.63
R1-CA-2_LGD-1,djkhgbpm-1,Cluster 17,0,72.16
R1-CA-2_LGD-1,lgcnmgkk-1,Cluster 3,0,25.56
R1-CA-2_LGD-1,lgcnmjgf-1,Cluster 3,0,16.84
R1-CA-2_LGD-1,lgcnenio-1,Cluster 3,0,90.31
R1-CA-2_LGD-1,lgdjbnbl-1,Cluster 3,0,26.60
R1-CA-2_LGD-1,lgdilfmj-1,Cluster 3,0,34.27
R1-CA-2_LGD-1,lgcngmic-1,Cluster 3,0,31.79
R1-CA-2_LGD-1,lgdegmhc-1,Cluster 3,0,59.79
R1-CA-2_LGD-1,lgdiihdl-1,Cluster 3,0,21.31
R1-CA-2_LGD-1,lgdemhhl-1,Cluster 17,0,114.29
R1-CA-2_LGD-1,lgcnmegf-1,Cluster 3,0,14.40
R1-CA-2_LGD-1,lgcngpof-1,Cluster 3,0,56.67
R1-CA-2_LGD-1,lgednkil-1,Cluster 3,0,127.48
R1-CA-2_LGD-1,ofecnnjh-1,Cluster 3,0,14.54
R1-CA-2_LGD-1,lgdejhjb-1,Cluster 3,0,100.79
R1-CA-2_LGD-1,lgdelkag-1,Cluster 3,0,16.30
R1-CA-2_LGD-1,lgdipjmg-1,Cluster 3,0,47.10
R1-CA-2_LGD-1,lgednlen-1,Cluster 3,0,12.60
R1-CA-2_LGD-1,ofeidlaf-1,Cluster 3,0,7.18
R1-CA-2_LGD-1,lgdijgad-1,Cluster 3,0,67.96
R1-CA-2_LGD-1,lgdeicco-1,Cluster 3,0,38.07
R1-CA-2_LGD-1,ofeiifgj-1,Cluster 3,0,25.20
R1-CA-2_LGD-1,lgdijefg-1,Cluster 3,0,16.57
R1-CA-2_LGD-1,ofejbmbp-1,Cluster 3,0,76.49
R1-CA-2_LGD-1,lgeclghm-1,Cluster 3,0,49.27
R1-CA-2_LGD-1,lgdgompb-1,Cluster 3,0,99.57
R1-CA-2_LGD-1,lgdglagj-1,Cluster 3,0,128.24
R1-CA-2_LGD-1,ofekfcbk-1,Cluster 3,0,54.37
R1-CA-2_LGD-1,lgdgpckf-1,Cluster 3,0,34.95
R1-CA-2_LGD-1,ofekcdka-1,Cluster 3,0,58.75
R1-CA-2_LGD-1,lgdiinak-1,Cluster 3,0,14.04
R1-CA-2_LGD-1,lgdeicpc-1,Cluster 3,0,10.61
R1-CA-2_LGD-1,lgecnfjp-1,Cluster 3,0,26.69
R1-CA-2_LGD-1,lgdemokh-1,Cluster 17,0,167.21
R1-CA-2_LGD-1,ofeihiba-1,Cluster 3,0,75.77
R1-CA-2_LGD-1,djkgkljj-1,Cluster 10,0,63.72
R1-CA-2_LGD-1,lgcoonhh-1,Cluster 3,0,22.62
R1-CA-2_LGD-1,lgcooaom-1,Cluster 3,0,13.23
R1-CA-2_LGD-1,lgcooigl-1,Cluster 3,0,48.05
R1-CA-2_LGD-1,lgcphljc-1,Cluster 20,0,47.05
R1-CA-2_LGD-1,djkgmoid-1,Cluster 2,0,63.67
R1-CA-2_LGD-1,lgcnpgig-1,Cluster 10,0,118.17
R1-CA-2_LGD-1,lgcnpdkm-1,Cluster 3,0,60.51
R1-CA-2_LGD-1,lgcnolnj-1,Cluster 3,0,62.36
R1-CA-2_LGD-1,lgdflkcp-1,Cluster 3,0,102.87
R1-CA-2_LGD-1,ofeiabfh-1,Cluster 3,0,44.34
R1-CA-2_LGD-1,lgdjbnki-1,Cluster 3,0,12.73
R1-CA-2_LGD-1,lgdggkil-1,Cluster 3,0,12.73
R1-CA-2_LGD-1,ofeicnfg-1,Cluster 3,0,67.69
R1-CA-2_LGD-1,lgdgkafi-1,Cluster 3,0,19.82
R1-CA-2_LGD-1,lgdfjald-1,Cluster 17,0,38.97
R1-CA-2_LGD-1,lgdgjphm-1,Cluster 3,0,165.27
R1-CA-2_LGD-1,ofeidpej-1,Cluster 3,0,4.70
R1-CA-2_LGD-1,lgdfpiif-1,Cluster 3,0,52.70
R1-CA-2_LGD-1,lgdigafd-1,Cluster 3,0,95.10
R1-CA-2_LGD-1,lgdfloaa-1,Cluster 3,0,35.72
R1-CA-2_LGD-1,lgdfmiak-1,Cluster 3,0,10.84
R1-CA-2_LGD-1,lgdidmnb-1,Cluster 3,0,28.13
R1-CA-2_LGD-1,lgdidnhj-1,Cluster 3,0,59.52
R1-CA-2_LGD-1,ofeimkkp-1,Cluster 20,0,101.15
R1-CA-2_LGD-1,lgdgbldm-1,Cluster 3,0,16.93
R1-CA-2_LGD-1,ofejgcbh-1,Cluster 3,0,52.97
R1-CA-2_LGD-1,lgdfmijb-1,Cluster 20,0,46.56
R1-CA-2_LGD-1,lgdjbnnc-1,Cluster 3,0,59.97
R1-CA-2_LGD-1,djkhfdbh-1,Cluster 3,0,39.56
R1-CA-2_LGD-1,ofejecip-1,Cluster 3,0,72.57
R1-CA-2_LGD-1,ofejhcme-1,Cluster 3,0,134.88
R1-CA-2_LGD-1,djkhekna-1,Cluster 3,0,38.11
R1-CA-2_LGD-1,lgdghppb-1,Cluster 3,0,76.86
R1-CA-2_LGD-1,lgecikpa-1,Cluster 3,0,55.81
R1-CA-2_LGD-1,mgjmpkoa-1,Cluster 12,0,28.22
R1-CA-2_LGD-1,mgjncohg-1,Cluster 12,0,13.32
R1-CA-2_LGD-1,ofojehab-1,Cluster 12,0,71.75
R1-CA-2_LGD-1,mgjmpbik-1,Cluster 7,0,37.07
R1-CA-2_LGD-1,ofojhgfi-1,Cluster 3,0,51.88
R1-CA-2_LGD-1,mgjmacgm-1,Cluster 12,0,34.00
R1-CA-2_LGD-1,mgjmanmo-1,Cluster 3,0,16.66
R1-CA-2_LGD-1,mgjokpho-1,Cluster 3,0,38.97
R1-CA-2_LGD-1,mgjmadnk-1,Cluster 12,0,18.65
R1-CA-2_LGD-1,mgjolggg-1,Cluster 3,0,20.59
R1-CA-2_LGD-1,ofojfgld-1,Cluster 1,0,58.34
R1-CA-2_LGD-1,mgjmcbph-1,Cluster 3,0,22.08
R1-CA-2_LGD-1,mgiibohe-1,Cluster 3,0,13.64
R1-CA-2_LGD-1,mgiicjgi-1,Cluster 12,0,24.47
R1-CA-2_LGD-1,mgjpedoc-1,Cluster 3,0,24.75
R1-CA-2_LGD-1,mgjopdbb-1,Cluster 12,0,42.76
R1-CA-2_LGD-1,mgjonloe-1,Cluster 12,0,21.90
R1-CA-2_LGD-1,mglnlgib-1,Cluster 7,0,80.02
R1-CA-2_LGD-1,mglmndkj-1,Cluster 3,0,11.83
R1-CA-2_LGD-1,mglmlogm-1,Cluster 5,0,41.72
R1-CA-2_LGD-1,mgimjenf-1,Cluster 7,0,109.77
R1-CA-2_LGD-1,mgimcbmb-1,Cluster 7,0,56.49
R1-CA-2_LGD-1,mgjlkain-1,Cluster 3,0,29.62
R1-CA-2_LGD-1,mgjlfjio-1,Cluster 3,0,27.77
R1-CA-2_LGD-1,mgjpcdpi-1,Cluster 5,0,33.37
R1-CA-2_LGD-1,ofokilji-1,Cluster 3,0,24.97
R1-CA-2_LGD-1,mgjoeigf-1,Cluster 16,0,16.26
R1-CA-2_LGD-1,mgjojdng-1,Cluster 13,0,24.93
R1-CA-2_LGD-1,mgjocflf-1,Cluster 4,0,26.10
R1-CA-2_LGD-1,mglgidkf-1,Cluster 3,0,43.35
R1-CA-2_LGD-1,mglncdgg-1,Cluster 12,0,12.42
R1-CA-2_LGD-1,mglmojpn-1,Cluster 1,0,24.84
R1-CA-2_LGD-1,mgjlgolk-1,Cluster 3,0,19.55
R1-CA-2_LGD-1,mgjlgpdd-1,Unassigned,0,13.55
R1-CA-2_LGD-1,ofojefai-1,Cluster 3,0,24.70
R1-CA-2_LGD-1,mgjobfpk-1,Cluster 7,0,41.45
R1-CA-2_LGD-1,mgkbacea-1,Cluster 12,0,41.14
R1-CA-2_LGD-1,mgjohcbo-1,Cluster 3,0,26.28
R1-CA-2_LGD-1,mglgjicm-1,Cluster 3,0,80.65
R1-CA-2_LGD-1,mgjofkdm-1,Cluster 12,0,56.49
R1-CA-2_LGD-1,mglmhcln-1,Cluster 4,0,13.23
R1-CA-2_LGD-1,ofokekal-1,Unassigned,0,6.37
R1-CA-2_LGD-1,mglmihfc-1,Cluster 1,0,30.30
R1-CA-2_LGD-1,mgjobile-1,Cluster 8,0,48.27
R1-CA-2_LGD-1,mgjoknmi-1,Cluster 3,0,45.70
R1-CA-2_LGD-1,mgjodojl-1,Cluster 3,0,12.60
R1-CA-2_LGD-1,mgjofmjc-1,Cluster 1,0,35.18
R1-CA-2_LGD-1,mglgicjm-1,Cluster 1,0,53.06
R1-CA-2_LGD-1,mglflghn-1,Cluster 3,0,24.52
R1-CA-2_LGD-1,mglfiljc-1,Cluster 3,0,10.02
R1-CA-2_LGD-1,mglahoaf-1,Cluster 13,0,47.32
R1-CA-2_LGD-1,mhabagpp-1,Cluster 3,0,16.35
R1-CA-2_LGD-1,mglfljag-1,Cluster 3,0,14.99
R1-CA-2_LGD-1,mglhjajb-1,Cluster 8,0,33.55
R1-CA-2_LGD-1,mhaapepb-1,Cluster 3,0,28.63
R1-CA-2_LGD-1,mglconoj-1,Cluster 3,0,14.40
R1-CA-2_LGD-1,mglfdcon-1,Cluster 3,0,20.00
R1-CA-2_LGD-1,mglepejb-1,Cluster 13,0,56.72
R1-CA-2_LGD-1,mgjlmggp-1,Cluster 3,0,16.71
R1-CA-2_LGD-1,mgjmeicm-1,Cluster 16,0,82.95
R1-CA-2_LGD-1,mgkbajee-1,Cluster 12,0,26.82
R1-CA-2_LGD-1,mgjlpbna-1,Cluster 5,0,75.82
R1-CA-2_LGD-1,mgjohjga-1,Cluster 3,0,28.95
R1-CA-2_LGD-1,mgjmfmnf-1,Cluster 12,0,36.49
R1-CA-2_LGD-1,mgjlpbog-1,Cluster 12,0,37.07
R1-CA-2_LGD-1,mgkbankk-1,Cluster 13,0,86.93
R1-CA-2_LGD-1,mglfajbl-1,Cluster 3,0,25.24
R1-CA-2_LGD-1,mgjlmdgn-1,Cluster 3,0,22.94
R1-CA-2_LGD-1,mgjlcioj-1,Cluster 3,0,23.39
R1-CA-2_LGD-1,mglgdlpb-1,Cluster 3,0,16.08
R1-CA-2_LGD-1,mgjoafgf-1,Cluster 12,0,78.30
R1-CA-2_LGD-1,ofojjkbo-1,Cluster 3,0,17.07
R1-CA-2_LGD-1,mgjmlhlf-1,Cluster 5,0,105.76
R1-CA-2_LGD-1,mgipffif-1,Cluster 20,0,39.11
R1-CA-2_LGD-1,mglfbgbg-1,Cluster 3,0,56.40
R1-CA-2_LGD-1,mgipgejm-1,Cluster 16,0,62.09
R1-CA-2_LGD-1,mglgcfkp-1,Cluster 3,0,25.69
R1-CA-2_LGD-1,mglfmflk-1,Cluster 13,0,14.54
R1-CA-2_LGD-1,mgkandle-1,Cluster 5,0,54.14
R1-CA-2_LGD-1,mgjlkjmk-1,Cluster 3,0,33.46
R1-CA-2_LGD-1,mgkbblgp-1,Cluster 3,0,29.49
R1-CA-2_LGD-1,mgimdbcn-1,Cluster 16,0,76.63
R1-CA-2_LGD-1,mgipebmm-1,Cluster 12,0,47.50
R1-CA-2_LGD-1,mgipefff-1,Cluster 3,0,17.29
R1-CA-2_LGD-1,mgimefji-1,Cluster 7,0,76.49
R1-CA-2_LGD-1,mglbcpdi-1,Cluster 7,0,36.71
R1-CA-2_LGD-1,mglbfnfk-1,Cluster 13,0,49.36
R1-CA-2_LGD-1,mglbfmbn-1,Cluster 13,0,31.43
R1-CA-2_LGD-1,mglbfcoa-1,Cluster 13,0,22.98
R1-CA-2_LGD-1,mglfmiep-1,Cluster 3,0,23.35
R1-CA-2_LGD-1,mglbehcg-1,Cluster 13,0,43.26
R1-CA-2_LGD-1,mgiilnhn-1,Cluster 5,0,43.17
R1-CA-2_LGD-1,mgiiamce-1,Cluster 7,0,38.56
R1-CA-2_LGD-1,mgiihgha-1,Cluster 5,0,68.55
R1-CA-2_LGD-1,mgiihbeb-1,Cluster 7,0,38.97
R1-CA-2_LGD-1,mgjpflhj-1,Cluster 7,0,75.50
R1-CA-2_LGD-1,ofojical-1,Cluster 12,0,29.53
R1-CA-2_LGD-1,mgjpjacd-1,Cluster 12,0,26.33
R1-CA-2_LGD-1,mgjphmgi-1,Cluster 5,0,25.69
R1-CA-2_LGD-1,ofojhool-1,Cluster 12,0,111.08
R1-CA-2_LGD-1,mgiihppo-1,Cluster 5,0,17.52
R1-CA-2_LGD-1,mgiigdfk-1,Cluster 12,0,62.63
R1-CA-2_LGD-1,mgiimnfd-1,Cluster 8,0,110.45
R1-CA-2_LGD-1,mgimaanp-1,Cluster 16,0,29.04
R1-CA-2_LGD-1,mgimbjec-1,Cluster 16,0,42.22
R1-CA-2_LGD-1,mgiimhkk-1,Cluster 12,0,48.14
R1-CA-2_LGD-1,ofoikdhh-1,Cluster 12,0,14.86
R1-CA-2_LGD-1,mgihngmo-1,Cluster 12,0,58.30
R1-CA-2_LGD-1,mgihngch-1,Cluster 2,0,131.50
R1-CA-2_LGD-1,mgiidbac-1,Cluster 1,0,48.32
R1-CA-2_LGD-1,mgilojcb-1,Cluster 16,0,66.92
R1-CA-2_LGD-1,mgilmmfg-1,Cluster 7,0,42.63
R1-CA-2_LGD-1,mgihpbaf-1,Cluster 12,0,30.16
R1-CA-2_LGD-1,mgillpak-1,Cluster 12,0,38.43
R1-CA-2_LGD-1,mgiieeca-1,Cluster 1,0,35.04
R1-CA-2_LGD-1,mgiidgoh-1,Cluster 8,0,23.62
R1-CA-2_LGD-1,mgilpjpf-1,Cluster 16,0,30.84
R1-CA-2_LGD-1,mgiiimle-1,Cluster 2,0,113.25
R1-CA-2_LGD-1,dpagheoa-1,Cluster 2,0,66.65
R1-CA-2_LGD-1,ofojmaej-1,Cluster 3,0,9.84
R1-CA-2_LGD-1,mgiphacb-1,Cluster 5,0,66.83
R1-CA-2_LGD-1,mgipglbb-1,Cluster 3,0,9.03
R1-CA-2_LGD-1,ofojobpc-1,Cluster 17,0,72.02
R1-CA-2_LGD-1,ofojpajc-1,Cluster 3,0,17.84
R1-CA-2_LGD-1,mgjlabph-1,Cluster 16,0,48.50
R1-CA-2_LGD-1,mglcfiib-1,Cluster 13,0,26.01
R1-CA-2_LGD-1,mglchhjm-1,Cluster 13,0,40.37
R1-CA-2_LGD-1,mglcpdba-1,Cluster 3,0,5.51
R1-CA-2_LGD-1,mgjlahhj-1,Cluster 12,0,34.91
R1-CA-2_LGD-1,mglccfjp-1,Cluster 7,0,62.23
R1-CA-2_LGD-1,mglchjnl-1,Cluster 3,0,23.89
R1-CA-2_LGD-1,mgjppdak-1,Cluster 1,0,50.62
R1-CA-2_LGD-1,mgipepno-1,Cluster 16,0,71.17
R1-CA-2_LGD-1,mglaihfb-1,Cluster 3,0,14.95
R1-CA-2_LGD-1,mgjlcfep-1,Cluster 12,0,51.79
R1-CA-2_LGD-1,mgjpphnn-1,Cluster 16,0,123.14
R1-CA-2_LGD-1,mglanmld-1,Cluster 12,0,25.60
R1-CA-2_LGD-1,mglbpkcf-1,Cluster 12,0,19.91
R1-CA-2_LGD-1,ofokcean-1,Cluster 3,0,15.99
R1-CA-2_LGD-1,mglagdhc-1,Cluster 3,0,15.04
R1-CA-2_LGD-1,mgladbmb-1,Cluster 3,0,39.38
R1-CA-2_LGD-1,mgleiajn-1,Cluster 7,0,50.48
R1-CA-2_LGD-1,mgldbfkj-1,Cluster 13,0,90.94
R1-CA-2_LGD-1,mglbkelk-1,Cluster 5,0,41.81
R1-CA-2_LGD-1,mgipjbmj-1,Cluster 7,0,35.13
R1-CA-2_LGD-1,mglbcjlb-1,Cluster 12,0,41.23
R1-CA-2_LGD-1,mglcejhp-1,Cluster 7,0,23.17
R1-CA-2_LGD-1,mglbbeid-1,Cluster 12,0,31.16
R1-CA-2_LGD-1,mgjpmamj-1,Cluster 16,0,52.38
R1-CA-2_LGD-1,mglbcjhg-1,Cluster 5,0,30.03
R1-CA-2_LGD-1,mglcnebc-1,Cluster 13,0,53.06
R1-CA-2_LGD-1,mhafbjbf-1,Cluster 7,0,15.67
R1-CA-2_LGD-1,mhafjbmm-1,Cluster 5,0,45.43
R1-CA-2_LGD-1,mhafgiod-1,Cluster 7,0,42.90
R1-CA-2_LGD-1,mhafpmea-1,Cluster 12,0,20.00
R1-CA-2_LGD-1,mhafffne-1,Cluster 13,0,34.82
R1-CA-2_LGD-1,mhaffjge-1,Cluster 13,0,30.53
R1-CA-2_LGD-1,mgjkpced-1,Cluster 8,0,74.33
R1-CA-2_LGD-1,mginhdag-1,Cluster 1,0,17.39
R1-CA-2_LGD-1,mgjpndbd-1,Cluster 16,0,48.54
R1-CA-2_LGD-1,mglejkgh-1,Cluster 8,0,42.13
R1-CA-2_LGD-1,mgjkppgp-1,Cluster 10,0,29.98
R1-CA-2_LGD-1,mgipcmgf-1,Cluster 12,0,32.06
R1-CA-2_LGD-1,mgioojap-1,Cluster 1,0,15.58
R1-CA-2_LGD-1,mgipbmgl-1,Cluster 1,0,11.20
R1-CA-2_LGD-1,mgjkpebg-1,Cluster 12,0,31.38
R1-CA-2_LGD-1,mginkfjc-1,Cluster 10,0,23.89
R1-CA-2_LGD-1,mgjkmpab-1,Cluster 16,0,35.99
R1-CA-2_LGD-1,mglahdjl-1,Cluster 7,0,48.86
R1-CA-2_LGD-1,mglenajk-1,Cluster 12,0,7.41
R1-CA-2_LGD-1,mgleejhj-1,Cluster 12,0,89.59
R1-CA-2_LGD-1,mgldmbig-1,Cluster 16,0,118.40
R1-CA-2_LGD-1,mglegkll-1,Cluster 1,0,41.86
R1-CA-2_LGD-1,mglemeik-1,Cluster 3,0,7.77
R1-CA-2_LGD-1,mgleokbl-1,Cluster 1,0,23.12
R1-CA-2_LGD-1,ofokddna-1,Cluster 3,0,24.84
R1-CA-2_LGD-1,ofoipkmj-1,Cluster 12,0,53.65
R1-CA-2_LGD-1,mglegmho-1,Cluster 12,0,33.60
R1-CA-2_LGD-1,mglemfdc-1,Cluster 7,0,38.83
R1-CA-2_LGD-1,mgleinke-1,Cluster 8,0,35.90
R1-CA-2_LGD-1,mglecfld-1,Cluster 1,0,51.25
R1-CA-2_LGD-1,mgldjhmn-1,Cluster 8,0,136.15
R1-CA-2_LGD-1,mgldepbh-1,Cluster 4,0,28.81
R1-CA-2_LGD-1,mgleeeda-1,Cluster 7,0,19.19
R1-CA-2_LGD-1,mhaelfbb-1,Cluster 3,0,20.18
R1-CA-2_LGD-1,mhaeladj-1,Cluster 12,0,26.33
R1-CA-2_LGD-1,mhaemgmf-1,Cluster 7,0,10.84
R1-CA-2_LGD-1,mhaemdka-1,Cluster 12,0,36.40
R1-CA-2_LGD-1,mgldnldn-1,Cluster 7,0,50.80
R1-CA-2_LGD-1,mhaeioia-1,Cluster 16,0,35.31
R1-CA-2_LGD-1,mhagcdeo-1,Cluster 8,0,70.58
R1-CA-2_LGD-1,mhagboal-1,Cluster 3,0,9.44
R1-CA-2_LGD-1,mginfopj-1,Cluster 1,0,62.18
R1-CA-2_LGD-1,mgijiacl-1,Cluster 8,0,49.99
R1-CA-2_LGD-1,mgijmeam-1,Cluster 10,0,177.42
R1-CA-2_LGD-1,mgijaeak-1,Cluster 12,0,42.67
R1-CA-2_LGD-1,mgijhfhe-1,Cluster 1,0,69.36
R1-CA-2_LGD-1,mgihbcph-1,Cluster 2,0,101.20
R1-CA-2_LGD-1,mgijhdcc-1,Cluster 6,0,54.37
R1-CA-2_LGD-1,mgigkhcl-1,Cluster 2,0,45.92
R1-CA-2_LGD-1,mgincfmf-1,Cluster 16,0,94.29
R1-CA-2_LGD-1,mgindbbc-1,Cluster 16,0,53.78
R1-CA-2_LGD-1,mgigolek-1,Cluster 2,0,81.01
R1-CA-2_LGD-1,mgijdpjo-1,Cluster 5,0,54.77
R1-CA-2_LGD-1,mgigigja-1,Cluster 2,0,18.20
R1-CA-2_LGD-1,mgiheohp-1,Cluster 2,0,31.52
R1-CA-2_LGD-1,dpajhkao-1,Cluster 10,0,68.46
R1-CA-2_LGD-1,mgigakab-1,Cluster 10,0,62.18
R1-CA-2_LGD-1,mgigdadj-1,Cluster 10,0,73.92
R1-CA-2_LGD-1,mgijeknh-1,Cluster 8,0,118.81
R1-CA-2_LGD-1,mgighcag-1,Cluster 18,0,72.97
R1-CA-2_LGD-1,dpajeoae-1,Cluster 14,0,104.13
R1-CA-2_LGD-1,mgimnmpj-1,Cluster 7,0,42.90
R1-CA-2_LGD-1,mgijnpaa-1,Cluster 22,0,100.65
R1-CA-2_LGD-1,mgihomcf-1,Cluster 8,0,74.78
R1-CA-2_LGD-1,mgincifi-1,Cluster 5,0,69.04
R1-CA-2_LGD-1,mgihblji-1,Cluster 2,0,106.79
R1-CA-2_LGD-1,dpajggne-1,Cluster 2,0,71.26
R1-CA-2_LGD-1,mgingkmc-1,Cluster 2,0,52.34
R1-CA-2_LGD-1,dpagilnn-1,Cluster 2,0,55.99
R1-CA-2_LGD-1,dpajdefo-1,Cluster 2,0,62.54
R1-CA-2_LGD-1,mgimjodh-1,Cluster 16,0,65.12
R1-CA-2_LGD-1,mgihjkja-1,Cluster 2,0,50.26
R1-CA-2_LGD-1,mgigcfal-1,Cluster 2,0,19.60
R1-CA-2_LGD-1,mgihkhln-1,Cluster 10,0,108.01
R1-CA-2_LGD-1,dpagljpc-1,Cluster 10,0,109.91
R1-CA-2_LGD-1,mgigjkab-1,Cluster 2,0,24.57
R1-CA-2_LGD-1,dpagppni-1,Cluster 10,0,67.33
R1-CA-2_LGD-1,dpakfcee-1,Cluster 2,0,77.35
R1-CA-2_LGD-1,mgijjknb-1,Cluster 10,0,138.36
R1-CA-2_LGD-1,dpajbphh-1,Cluster 2,0,113.43
R1-CA-2_LGD-1,dpaileoe-1,Cluster 10,0,144.23
R1-CA-2_LGD-1,dpagljoa-1,Cluster 10,0,181.53
R1-CA-2_LGD-1,dpaghdfn-1,Cluster 2,0,35.85
R1-CA-2_LGD-1,mgikdfhh-1,Cluster 14,0,76.95
R1-CA-2_LGD-1,dpakdcia-1,Cluster 14,0,56.04
R1-CA-2_LGD-1,mgikalma-1,Cluster 22,0,76.99
R1-CA-2_LGD-1,dpakfegg-1,Cluster 2,0,83.40
R1-CA-2_LGD-1,dpakcgcd-1,Cluster 2,0,45.02
R1-CA-2_LGD-1,mgiliccf-1,Cluster 6,0,35.09
R1-CA-2_LGD-1,mgiiogok-1,Cluster 10,0,115.69
R1-CA-2_LGD-1,mgihjmlc-1,Cluster 6,0,49.40
R1-CA-2_LGD-1,dpagkjoa-1,Cluster 2,0,94.74
R1-CA-2_LGD-1,dpagiccd-1,Cluster 18,0,148.79
R1-CA-2_LGD-1,dpahanpd-1,Cluster 10,0,80.20
R1-CA-2_LGD-1,mgifhiea-1,Cluster 10,0,71.12
R1-CA-2_LGD-1,dpbhmide-1,Cluster 6,0,82.27
R1-CA-2_LGD-1,mgmdkkcl-1,Cluster 12,0,43.80
R1-CA-2_LGD-1,mgjakbck-1,Cluster 12,0,17.29
R1-CA-2_LGD-1,mgmfeilg-1,Cluster 5,0,7.90
R1-CA-2_LGD-1,ofojakam-1,Cluster 16,0,82.27
R1-CA-2_LGD-1,mgmfbojl-1,Cluster 1,0,30.48
R1-CA-2_LGD-1,mgjjehle-1,Cluster 12,0,19.37
R1-CA-2_LGD-1,mhaepdnn-1,Cluster 12,0,31.20
R1-CA-2_LGD-1,mgmfcnje-1,Cluster 7,0,36.71
R1-CA-2_LGD-1,mgleafml-1,Cluster 1,0,21.95
R1-CA-2_LGD-1,dpafjnee-1,Cluster 2,0,51.48
R1-CA-2_LGD-1,dpafnhhn-1,Cluster 2,0,103.00
R1-CA-2_LGD-1,mgipbipf-1,Cluster 2,0,23.93
R1-CA-2_LGD-1,mglecchm-1,Cluster 8,0,79.70
R1-CA-2_LGD-1,ofoinado-1,Cluster 8,0,60.78
R1-CA-2_LGD-1,dpafoind-1,Cluster 2,0,96.59
R1-CA-2_LGD-1,dpaenkie-1,Cluster 2,0,52.20
R1-CA-2_LGD-1,dpaflneb-1,Cluster 2,0,84.94
R1-CA-2_LGD-1,dpafnhhf-1,Cluster 10,0,27.59
R1-CA-2_LGD-1,dpafipii-1,Cluster 2,0,94.56
R1-CA-2_LGD-1,dpafoikk-1,Cluster 10,0,152.09
R1-CA-2_LGD-1,dpaffckk-1,Cluster 2,0,82.95
R1-CA-2_LGD-1,mgjbfiid-1,Cluster 13,0,68.64
R1-CA-2_LGD-1,mgjkagam-1,Cluster 1,0,37.98
R1-CA-2_LGD-1,dpagcpil-1,Cluster 14,0,43.49
R1-CA-2_LGD-1,dpaenefp-1,Cluster 10,0,99.03
R1-CA-2_LGD-1,dpafhmgb-1,Cluster 2,0,74.42
R1-CA-2_LGD-1,mgjjockm-1,Cluster 5,0,44.07
R1-CA-2_LGD-1,dpafagod-1,Cluster 2,0,66.20
R1-CA-2_LGD-1,dpafcbnh-1,Cluster 2,0,128.38
R1-CA-2_LGD-1,mgjbajib-1,Cluster 5,0,43.53
R1-CA-2_LGD-1,mgjbecko-1,Cluster 7,0,49.22
R1-CA-2_LGD-1,mgjbfkbh-1,Cluster 13,0,39.65
R1-CA-2_LGD-1,mgjjkndf-1,Cluster 7,0,50.62
R1-CA-2_LGD-1,mgjjnemc-1,Cluster 8,0,109.59
R1-CA-2_LGD-1,dpafpjli-1,Cluster 10,0,45.74
R1-CA-2_LGD-1,mgjbbncl-1,Cluster 16,0,58.07
R1-CA-2_LGD-1,mgipnkoo-1,Cluster 1,0,29.40
R1-CA-2_LGD-1,mgldkfmb-1,Cluster 5,0,69.27
R1-CA-2_LGD-1,dpaffagi-1,Cluster 10,0,114.11
R1-CA-2_LGD-1,mgjallip-1,Cluster 1,0,23.21
R1-CA-2_LGD-1,mgldoclf-1,Cluster 3,0,17.79
R1-CA-2_LGD-1,mgjkaodc-1,Cluster 12,0,32.29
R1-CA-2_LGD-1,mgjkalgo-1,Cluster 12,0,25.29
R1-CA-2_LGD-1,ofolkffe-1,Cluster 12,0,27.32
R1-CA-2_LGD-1,mgjkenkb-1,Cluster 13,0,56.08
R1-CA-2_LGD-1,mgjkkdde-1,Cluster 7,0,62.18
R1-CA-2_LGD-1,mgmddekj-1,Cluster 1,0,36.40
R1-CA-2_LGD-1,mgjapahh-1,Cluster 16,0,44.03
R1-CA-2_LGD-1,mgmfcgnm-1,Cluster 5,0,29.80
R1-CA-2_LGD-1,mgjfjfnl-1,Cluster 3,0,16.30
R1-CA-2_LGD-1,mgmdbfkp-1,Cluster 13,0,27.73
R1-CA-2_LGD-1,mgipojem-1,Cluster 7,0,42.36
R1-CA-2_LGD-1,mgmdckdn-1,Cluster 5,0,40.69
R1-CA-2_LGD-1,mgmdkkoo-1,Cluster 1,0,35.00
R1-CA-2_LGD-1,mgmdgjkd-1,Cluster 13,0,21.22
R1-CA-2_LGD-1,mgjklifk-1,Cluster 5,0,57.80
R1-CA-2_LGD-1,mgjihjmg-1,Cluster 7,0,39.78
R1-CA-2_LGD-1,mgjidaap-1,Cluster 8,0,86.11
R1-CA-2_LGD-1,mgmdghfo-1,Cluster 1,0,29.80
R1-CA-2_LGD-1,mgjajhob-1,Cluster 8,0,42.63
R1-CA-2_LGD-1,dpfgdomh-1,Cluster 1,0,47.46
R1-CA-2_LGD-1,mgjgmljc-1,Cluster 4,0,77.04
R1-CA-2_LGD-1,mgjfbhgf-1,Cluster 1,0,19.51
R1-CA-2_LGD-1,mgmcogdh-1,Cluster 1,0,37.98
R1-CA-2_LGD-1,mgipkhkd-1,Cluster 10,0,118.49
R1-CA-2_LGD-1,dpbgleml-1,Cluster 2,0,149.06
R1-CA-2_LGD-1,dpbhlfap-1,Cluster 10,0,51.52
R1-CA-2_LGD-1,mgjjpcei-1,Cluster 13,0,65.48
R1-CA-2_LGD-1,dpbhmfff-1,Cluster 10,0,39.60
R1-CA-2_LGD-1,mgipnfld-1,Cluster 10,0,92.25
R1-CA-2_LGD-1,dpbgipoh-1,Cluster 2,0,53.01
R1-CA-2_LGD-1,dpbgpfik-1,Cluster 10,0,47.41
R1-CA-2_LGD-1,mgipjgmk-1,Cluster 10,0,61.41
R1-CA-2_LGD-1,mgiokijd-1,Cluster 10,0,41.63
R1-CA-2_LGD-1,mgiokign-1,Cluster 6,0,45.65
R1-CA-2_LGD-1,dpbhnmaa-1,Cluster 2,0,59.74
R1-CA-2_LGD-1,dpbhnldm-1,Cluster 2,0,68.95
R1-CA-2_LGD-1,dpfijdai-1,Cluster 10,0,111.63
R1-CA-2_LGD-1,mgjkbogp-1,Cluster 13,0,86.52
R1-CA-2_LGD-1,mgjkedcm-1,Cluster 12,0,11.79
R1-CA-2_LGD-1,mgjfmmid-1,Cluster 8,0,21.99
R1-CA-2_LGD-1,mgjiiach-1,Cluster 12,0,34.63
R1-CA-2_LGD-1,mgjiiejd-1,Cluster 12,0,22.49
R1-CA-2_LGD-1,mgjiobjj-1,Cluster 8,0,48.32
R1-CA-2_LGD-1,ofojdogd-1,Cluster 8,0,29.26
R1-CA-2_LGD-1,mgjbfoic-1,Cluster 10,0,64.48
R1-CA-2_LGD-1,mgjkcldc-1,Cluster 8,0,73.60
R1-CA-2_LGD-1,dpfijack-1,Cluster 2,0,83.90
R1-CA-2_LGD-1,dpbglnpc-1,Cluster 2,0,83.49
R1-CA-2_LGD-1,mgjkeldf-1,Cluster 5,0,68.32
R1-CA-2_LGD-1,dpbgmgmj-1,Cluster 2,0,120.43
R1-CA-2_LGD-1,dpbgnpjc-1,Cluster 10,0,91.98
R1-CA-2_LGD-1,mgjcbokn-1,Cluster 14,0,31.43
R1-CA-2_LGD-1,dpfifelh-1,Cluster 2,0,50.35
R1-CA-2_LGD-1,mgjcbajd-1,Cluster 2,0,30.57
R1-CA-2_LGD-1,mgjkicfo-1,Cluster 1,0,41.41
R1-CA-2_LGD-1,mgmdagla-1,Cluster 12,0,70.49
R1-CA-2_LGD-1,mgmfeibk-1,Cluster 8,0,24.70
R1-CA-2_LGD-1,mgikidid-1,Cluster 2,0,35.18
R1-CA-2_LGD-1,dpakhnmg-1,Cluster 10,0,44.16
R1-CA-2_LGD-1,dpakbfeo-1,Cluster 10,0,132.62
R1-CA-2_LGD-1,dpajhlho-1,Cluster 6,0,61.05
R1-CA-2_LGD-1,mgikiiec-1,Cluster 10,0,68.82
R1-CA-2_LGD-1,mgilingl-1,Cluster 10,0,37.80
R1-CA-2_LGD-1,mgilejjj-1,Cluster 10,0,27.46
R1-CA-2_LGD-1,mgiljkpp-1,Cluster 6,0,17.11
R1-CA-2_LGD-1,mgilgblj-1,Cluster 10,0,78.21
R1-CA-2_LGD-1,mgikbmlg-1,Cluster 10,0,53.10
R1-CA-2_LGD-1,dpajieih-1,Cluster 10,0,37.03
R1-CA-2_LGD-1,mgikgpdm-1,Cluster 10,0,27.82
R1-CA-2_LGD-1,dpaibpab-1,Cluster 2,0,36.22
R1-CA-2_LGD-1,dpajkjfi-1,Cluster 10,0,40.32
R1-CA-2_LGD-1,dpakaclk-1,Cluster 10,0,130.59
R1-CA-2_LGD-1,mgikgobm-1,Cluster 10,0,136.19
R1-CA-2_LGD-1,mgikflge-1,Cluster 2,0,44.84
R1-CA-2_LGD-1,dpajjkbi-1,Cluster 10,0,41.23
R1-CA-2_LGD-1,dpaigghj-1,Cluster 6,0,17.02
R1-CA-2_LGD-1,mgioeake-1,Cluster 10,0,68.01
R1-CA-2_LGD-1,dpaelonp-1,Cluster 6,0,40.32
R1-CA-2_LGD-1,mgiklnbe-1,Cluster 2,0,32.51
R1-CA-2_LGD-1,mgikkkec-1,Cluster 2,0,23.80
R1-CA-2_LGD-1,mgikipkk-1,Cluster 2,0,43.71
R1-CA-2_LGD-1,dpajcpip-1,Cluster 2,0,72.02
R1-CA-2_LGD-1,dpailekj-1,Cluster 6,0,18.69
R1-CA-2_LGD-1,dpaileoa-1,Cluster 2,0,49.31
R1-CA-2_LGD-1,dpaigfmi-1,Cluster 2,0,67.28
R1-CA-2_LGD-1,dpaekfnf-1,Cluster 2,0,88.87
R1-CA-2_LGD-1,mgiogmjn-1,Cluster 6,0,47.14
R1-CA-2_LGD-1,dpajamjk-1,Cluster 2,0,117.86
R1-CA-2_LGD-1,dpaejnjp-1,Cluster 2,0,42.90
R1-CA-2_LGD-1,dpaigdmf-1,Cluster 2,0,63.35
R1-CA-2_LGD-1,dpaikdpa-1,Cluster 10,0,37.07
R1-CA-2_LGD-1,dpaekcaf-1,Cluster 10,0,28.76
R1-CA-2_LGD-1,dpbjcino-1,Cluster 6,0,19.46
R1-CA-2_LGD-1,dpbikllk-1,Cluster 6,0,25.56
R1-CA-2_LGD-1,dpagdagj-1,Cluster 10,0,33.55
R1-CA-2_LGD-1,mkigkmaf-1,Cluster 2,0,53.78
R1-CA-2_LGD-1,mkihpnfk-1,Cluster 2,0,66.06
R1-CA-2_LGD-1,mkihdgnd-1,Cluster 6,0,41.27
R1-CA-2_LGD-1,mkihiged-1,Cluster 8,0,56.67
R1-CA-2_LGD-1,mkihlneh-1,Cluster 2,0,26.46
R1-CA-2_LGD-1,dpadkene-1,Cluster 2,0,62.50
R1-CA-2_LGD-1,mkigogil-1,Cluster 10,0,173.67
R1-CA-2_LGD-1,mkidepcm-1,Cluster 3,0,26.51
R1-CA-2_LGD-1,mkignlnc-1,Cluster 8,0,48.54
R1-CA-2_LGD-1,dpakhnak-1,Cluster 2,0,155.70
R1-CA-2_LGD-1,dpakjfpm-1,Cluster 2,0,50.21
R1-CA-2_LGD-1,mkihdnlj-1,Cluster 10,0,68.68
R1-CA-2_LGD-1,mgikfddd-1,Cluster 10,0,44.30
R1-CA-2_LGD-1,dpblogbe-1,Cluster 10,0,53.74
R1-CA-2_LGD-1,dpblmapi-1,Cluster 2,0,71.98
R1-CA-2_LGD-1,dpblnnic-1,Cluster 10,0,117.72
R1-CA-2_LGD-1,dpblgnff-1,Cluster 2,0,204.96
R1-CA-2_LGD-1,dpblipfk-1,Cluster 2,0,81.87
R1-CA-2_LGD-1,mkidfkpl-1,Cluster 2,0,10.66
R1-CA-2_LGD-1,dpbljmeb-1,Cluster 2,0,55.81
R1-CA-2_LGD-1,mgiojdmo-1,Cluster 6,0,66.52
R1-CA-2_LGD-1,dpbhgijj-1,Cluster 2,0,83.09
R1-CA-2_LGD-1,mginofoo-1,Cluster 10,0,50.03
R1-CA-2_LGD-1,dpblldnn-1,Cluster 2,0,40.55
R1-CA-2_LGD-1,dpbmndln-1,Cluster 2,0,50.76
R1-CA-2_LGD-1,mgiojpmj-1,Cluster 6,0,30.12
R1-CA-2_LGD-1,dpbmpfci-1,Cluster 18,0,47.37
R1-CA-2_LGD-1,mgiokfdj-1,Cluster 6,0,48.36
R1-CA-2_LGD-1,dpblgapc-1,Cluster 10,0,109.50
R1-CA-2_LGD-1,mginmeji-1,Cluster 2,0,44.70
R1-CA-2_LGD-1,dpbicfjp-1,Cluster 10,0,56.31
R1-CA-2_LGD-1,mkidhacg-1,Cluster 10,0,27.00
R1-CA-2_LGD-1,mkidgfgm-1,Cluster 2,0,30.12
R1-CA-2_LGD-1,mgifieka-1,Cluster 6,0,36.85
R1-CA-2_LGD-1,dpbmpkgj-1,Cluster 2,0,112.89
R1-CA-2_LGD-1,dpbhohgp-1,Cluster 2,0,52.25
R1-CA-2_LGD-1,dpbmancd-1,Cluster 2,0,103.00
R1-CA-2_LGD-1,dpbikjnc-1,Cluster 10,0,42.40
R1-CA-2_LGD-1,dpblaoee-1,Cluster 2,0,57.35
R1-CA-2_LGD-1,mgifhmfm-1,Cluster 10,0,39.60
R1-CA-2_LGD-1,dpbmcoog-1,Cluster 2,0,52.34
R1-CA-2_LGD-1,dpbmjgfd-1,Cluster 10,0,99.71
R1-CA-2_LGD-1,dpblejmi-1,Cluster 10,0,27.00
R1-CA-2_LGD-1,dpbibfjn-1,Cluster 6,0,33.82
R1-CA-2_LGD-1,dpbldfei-1,Cluster 2,0,63.44
R1-CA-2_LGD-1,dpbmgpba-1,Cluster 2,0,69.22
R1-CA-2_LGD-1,mkidgghf-1,Cluster 2,0,97.00
R1-CA-2_LGD-1,dpbkpdap-1,Cluster 2,0,88.82
R1-CA-2_LGD-1,mkiibkoj-1,Cluster 2,0,42.00
R1-CA-2_LGD-1,mkiiaaio-1,Cluster 2,0,25.51
R1-CA-2_LGD-1,dpadiaio-1,Cluster 2,0,62.68
R1-CA-2_LGD-1,mkigjdac-1,Cluster 2,0,58.16
R1-CA-2_LGD-1,mkielmea-1,Cluster 6,0,33.69
R1-CA-2_LGD-1,mkihokkh-1,Cluster 17,0,10.79
R1-CA-2_LGD-1,mkiencoj-1,Cluster 17,0,48.00
R1-CA-2_LGD-1,mkiiblbj-1,Cluster 2,0,22.76
R1-CA-2_LGD-1,mkiggnfc-1,Cluster 10,0,65.30
R1-CA-2_LGD-1,mkiejhcc-1,Cluster 2,0,50.98
R1-CA-2_LGD-1,mkighonm-1,Cluster 10,0,101.24
R1-CA-2_LGD-1,mkigimbc-1,Cluster 10,0,77.26
R1-CA-2_LGD-1,mkihnldn-1,Cluster 10,0,56.31
R1-CA-2_LGD-1,dpbgeonp-1,Cluster 10,0,90.94
R1-CA-2_LGD-1,dpfdfpmh-1,Cluster 2,0,36.49
R1-CA-2_LGD-1,dpfjapaa-1,Cluster 10,0,17.66
R1-CA-2_LGD-1,mgjfldhk-1,Cluster 13,0,51.97
R1-CA-2_LGD-1,mgjiejfp-1,Cluster 7,0,40.10
R1-CA-2_LGD-1,mgjfebgh-1,Cluster 11,0,74.15
R1-CA-2_LGD-1,mgjifbjl-1,Cluster 1,0,53.42
R1-CA-2_LGD-1,mgjfhmeh-1,Cluster 3,0,23.03
R1-CA-2_LGD-1,mgjacifo-1,Unassigned,0,12.01
R1-CA-2_LGD-1,mgjibbgp-1,Cluster 13,0,118.13
R1-CA-2_LGD-1,mgmghcio-1,Cluster 3,0,24.52
R1-CA-2_LGD-1,mgmgigpm-1,Cluster 5,0,67.92
R1-CA-2_LGD-1,mgjffnlg-1,Cluster 3,0,20.23
R1-CA-2_LGD-1,dpfgdhfd-1,Cluster 1,0,59.70
R1-CA-2_LGD-1,mgmgjgja-1,Cluster 12,0,15.71
R1-CA-2_LGD-1,mgjfepmg-1,Cluster 5,0,111.94
R1-CA-2_LGD-1,ofojdopo-1,Cluster 5,0,18.79
R1-CA-2_LGD-1,mgjifgka-1,Cluster 12,0,42.99
R1-CA-2_LGD-1,mgjifpkj-1,Cluster 12,0,62.41
R1-CA-2_LGD-1,mgjfmlaa-1,Cluster 13,0,54.96
R1-CA-2_LGD-1,mgjahflm-1,Cluster 3,0,30.62
R1-CA-2_LGD-1,mgjepank-1,Cluster 3,0,27.91
R1-CA-2_LGD-1,mgjadoda-1,Cluster 3,0,24.25
R1-CA-2_LGD-1,mgjicgbd-1,Cluster 3,0,22.26
R1-CA-2_LGD-1,dpfjalda-1,Cluster 2,0,64.03
R1-CA-2_LGD-1,dpfdfamb-1,Cluster 2,0,45.97
R1-CA-2_LGD-1,mgjiecjl-1,Cluster 1,0,60.06
R1-CA-2_LGD-1,dpfdkelb-1,Cluster 10,0,42.54
R1-CA-2_LGD-1,mgjidgbp-1,Cluster 8,0,34.50
R1-CA-2_LGD-1,mgmghpgh-1,Cluster 16,0,49.40
R1-CA-2_LGD-1,mgjfhphn-1,Cluster 1,0,26.78
R1-CA-2_LGD-1,mgjdbion-1,Cluster 13,0,94.78
R1-CA-2_LGD-1,mgjdhkah-1,Cluster 1,0,29.71
R1-CA-2_LGD-1,mgjdboje-1,Cluster 5,0,90.04
R1-CA-2_LGD-1,mgjhmbgk-1,Cluster 1,0,42.22
R1-CA-2_LGD-1,mgjcnjpe-1,Cluster 16,0,86.29
R1-CA-2_LGD-1,mgjdgkeo-1,Cluster 7,0,27.32
R1-CA-2_LGD-1,mgjcgofb-1,Cluster 1,0,36.17
R1-CA-2_LGD-1,mgjblnfo-1,Cluster 10,0,108.15
R1-CA-2_LGD-1,mgjblodh-1,Cluster 10,0,119.48
R1-CA-2_LGD-1,dpbeakbp-1,Cluster 10,0,14.45
R1-CA-2_LGD-1,dpbfblgl-1,Cluster 10,0,92.62
R1-CA-2_LGD-1,dpbdpdmn-1,Cluster 10,0,48.32
R1-CA-2_LGD-1,mgjblcdb-1,Cluster 10,0,135.20
R1-CA-2_LGD-1,mgjcbilm-1,Cluster 10,0,34.05
R1-CA-2_LGD-1,dpbdmnna-1,Cluster 6,0,28.31
R1-CA-2_LGD-1,dpfjphoj-1,Cluster 10,0,63.76
R1-CA-2_LGD-1,mgjcdpjg-1,Cluster 10,0,19.37
R1-CA-2_LGD-1,dpfikicm-1,Cluster 2,0,46.96
R1-CA-2_LGD-1,dpfjjmjn-1,Cluster 2,0,48.50
R1-CA-2_LGD-1,dpfjijco-1,Cluster 2,0,47.55
R1-CA-2_LGD-1,dpfkjbam-1,Cluster 10,0,59.56
R1-CA-2_LGD-1,dpfjohfg-1,Cluster 22,0,23.53
R1-CA-2_LGD-1,dpfklcfe-1,Cluster 6,0,22.67
R1-CA-2_LGD-1,dpfkjjkm-1,Cluster 2,0,104.49
R1-CA-2_LGD-1,dpfidmna-1,Cluster 2,0,120.48
R1-CA-2_LGD-1,dpfkdanj-1,Cluster 2,0,55.18
R1-CA-2_LGD-1,dpfjoiam-1,Cluster 10,0,59.47
R1-CA-2_LGD-1,dpfiadae-1,Cluster 2,0,49.54
R1-CA-2_LGD-1,dpfjfidp-1,Cluster 14,0,27.00
R1-CA-2_LGD-1,dpfideda-1,Cluster 10,0,59.11
R1-CA-2_LGD-1,dpfjngck-1,Cluster 2,0,46.83
R1-CA-2_LGD-1,dpfimkjn-1,Cluster 2,0,80.92
R1-CA-2_LGD-1,dpfkojic-1,Cluster 2,0,46.38
R1-CA-2_LGD-1,dpfiicnk-1,Cluster 2,0,89.82
R1-CA-2_LGD-1,mgjbjdmm-1,Cluster 14,0,25.20
R1-CA-2_LGD-1,dpflagdl-1,Cluster 10,0,51.79
R1-CA-2_LGD-1,dpfkofbl-1,Cluster 10,0,53.74
R1-CA-2_LGD-1,dpfjepac-1,Cluster 2,0,28.22
R1-CA-2_LGD-1,mgjflljm-1,Cluster 13,0,42.49
R1-CA-2_LGD-1,dpfjbepp-1,Cluster 2,0,92.21
R1-CA-2_LGD-1,dpfjlfpi-1,Cluster 2,0,135.06
R1-CA-2_LGD-1,mgjfnlnm-1,Cluster 13,0,35.85
R1-CA-2_LGD-1,dpfjkano-1,Cluster 2,0,35.72
R1-CA-2_LGD-1,dpfddomm-1,Cluster 10,0,30.93
R1-CA-2_LGD-1,dpecccdb-1,Cluster 2,0,65.25
R1-CA-2_LGD-1,mgjabncp-1,Cluster 2,0,44.39
R1-CA-2_LGD-1,mgjeolbp-1,Cluster 5,0,39.96
R1-CA-2_LGD-1,mgmfeiln-1,Cluster 7,0,50.26
R1-CA-2_LGD-1,mgjcepph-1,Cluster 10,0,34.68
R1-CA-2_LGD-1,dpfbifam-1,Cluster 10,0,24.29
R1-CA-2_LGD-1,dpfbifdh-1,Cluster 2,0,30.30
R1-CA-2_LGD-1,mgjedmmd-1,Cluster 2,0,72.61
R1-CA-2_LGD-1,mgjcgchc-1,Cluster 16,0,82.86
R1-CA-2_LGD-1,mgmdkeih-1,Cluster 2,0,11.33
R1-CA-2_LGD-1,mgjemkgj-1,Cluster 12,0,11.33
R1-CA-2_LGD-1,dpfbkicj-1,Cluster 2,0,55.00
R1-CA-2_LGD-1,dpfajmmk-1,Cluster 2,0,62.45
R1-CA-2_LGD-1,mgjeeaao-1,Cluster 5,0,31.70
R1-CA-2_LGD-1,dpfdjbmn-1,Cluster 2,0,52.20
R1-CA-2_LGD-1,dpfbfdpf-1,Cluster 2,0,39.29
R1-CA-2_LGD-1,dpfdkpfo-1,Cluster 2,0,49.99
R1-CA-2_LGD-1,dpfcamlj-1,Cluster 10,0,41.36
R1-CA-2_LGD-1,mgjecocn-1,Cluster 2,0,58.34
R1-CA-2_LGD-1,dpfbebkk-1,Cluster 2,0,61.95
R1-CA-2_LGD-1,mgjeheed-1,Cluster 1,0,44.89
R1-CA-2_LGD-1,mgjefjmf-1,Cluster 6,0,33.69
R1-CA-2_LGD-1,dpfbbkip-1,Cluster 2,0,57.39
R1-CA-2_LGD-1,dpfbbgkp-1,Cluster 2,0,52.11
R1-CA-2_LGD-1,dpfbbhjm-1,Cluster 2,0,30.53
R1-CA-2_LGD-1,dpfajmnl-1,Cluster 2,0,65.88
R1-CA-2_LGD-1,dpfbblgf-1,Cluster 2,0,54.86
R1-CA-2_LGD-1,dpfdnhdn-1,Cluster 18,0,57.30
R1-CA-2_LGD-1,dpfbplga-1,Cluster 10,0,57.30
R1-CA-2_LGD-1,dpfbkeae-1,Cluster 2,0,93.88
R1-CA-2_LGD-1,dpfbjgag-1,Cluster 2,0,40.28
R1-CA-2_LGD-1,dpfdlpii-1,Cluster 2,0,39.96
R1-CA-2_LGD-1,mgjcplko-1,Cluster 5,0,22.08
R1-CA-2_LGD-1,dpfdlphl-1,Cluster 2,0,30.71
R1-CA-2_LGD-1,mgmhflfi-1,Cluster 10,0,21.04
R1-CA-2_LGD-1,mgjcgfpc-1,Cluster 7,0,19.64
R1-CA-2_LGD-1,dpbadpgk-1,Cluster 2,0,26.96
R1-CA-2_LGD-1,dpbgaikb-1,Cluster 14,0,33.64
R1-CA-2_LGD-1,mhiohjam-1,Cluster 10,0,58.21
R1-CA-2_LGD-1,dpbanhbg-1,Cluster 2,0,39.69
R1-CA-2_LGD-1,mhinpidl-1,Cluster 10,0,192.55
R1-CA-2_LGD-1,dpbakpmi-1,Cluster 10,0,31.47
R1-CA-2_LGD-1,dpapijkj-1,Cluster 2,0,55.68
R1-CA-2_LGD-1,dpfjbjoj-1,Cluster 10,0,70.90
R1-CA-2_LGD-1,dpaphoaf-1,Cluster 2,0,33.78
R1-CA-2_LGD-1,dpebpagp-1,Cluster 6,0,48.77
R1-CA-2_LGD-1,dpappaia-1,Cluster 2,0,37.93
R1-CA-2_LGD-1,mhiohlcn-1,Cluster 10,0,63.85
R1-CA-2_LGD-1,dpebpffe-1,Cluster 10,0,46.29
R1-CA-2_LGD-1,dpaplbbg-1,Cluster 18,0,74.60
R1-CA-2_LGD-1,mhiohece-1,Cluster 10,0,77.31
R1-CA-2_LGD-1,dpapnfko-1,Cluster 2,0,48.05
R1-CA-2_LGD-1,dpapnglj-1,Cluster 10,0,82.86
R1-CA-2_LGD-1,mhipbpfe-1,Cluster 6,0,14.68
R1-CA-2_LGD-1,dpecfcam-1,Cluster 14,0,51.21
R1-CA-2_LGD-1,mhipgeen-1,Cluster 6,0,48.54
R1-CA-2_LGD-1,mhiojdko-1,Cluster 2,0,19.87
R1-CA-2_LGD-1,mhioigki-1,Cluster 10,0,27.05
R1-CA-2_LGD-1,dpfjidee-1,Cluster 2,0,49.63
R1-CA-2_LGD-1,mhipphlo-1,Cluster 6,0,23.35
R1-CA-2_LGD-1,mhipbadl-1,Cluster 14,0,66.88
R1-CA-2_LGD-1,mhiooffl-1,Cluster 2,0,104.58
R1-CA-2_LGD-1,dpecffpc-1,Cluster 10,0,68.19
R1-CA-2_LGD-1,mhipcjob-1,Cluster 22,0,51.84
R1-CA-2_LGD-1,dpfingko-1,Cluster 2,0,46.42
R1-CA-2_LGD-1,dpfdepkg-1,Cluster 2,0,85.93
R1-CA-2_LGD-1,dpecfeoa-1,Cluster 2,0,78.39
R1-CA-2_LGD-1,dpfdijad-1,Cluster 18,0,49.45
R1-CA-2_LGD-1,dpecbhjc-1,Cluster 2,0,30.75
R1-CA-2_LGD-1,dpeccdnd-1,Cluster 2,0,56.31
R1-CA-2_LGD-1,mhiohokn-1,Cluster 6,0,8.44
R1-CA-2_LGD-1,mkifmbfl-1,Cluster 9,0,104.99
R1-CA-2_LGD-1,dpbkhipo-1,Cluster 10,0,61.55
R1-CA-2_LGD-1,mkidiinc-1,Cluster 14,0,109.68
R1-CA-2_LGD-1,mkiedeon-1,Cluster 14,0,103.95
R1-CA-2_LGD-1,dpbmjifl-1,Cluster 10,0,42.63
R1-CA-2_LGD-1,dpbjndbp-1,Cluster 10,0,75.41
R1-CA-2_LGD-1,mkidkdef-1,Cluster 2,0,91.71
R1-CA-2_LGD-1,dpbkjafi-1,Cluster 14,0,72.39
R1-CA-2_LGD-1,dpbkojmh-1,Cluster 14,0,70.81
R1-CA-2_LGD-1,dpbkmepf-1,Cluster 18,0,34.86
R1-CA-2_LGD-1,mkidkppp-1,Cluster 10,0,67.55
R1-CA-2_LGD-1,dpbfojkk-1,Cluster 2,0,59.83
R1-CA-2_LGD-1,mkidnnao-1,Cluster 2,0,23.71
R1-CA-2_LGD-1,dpbdiedf-1,Cluster 2,0,95.42
R1-CA-2_LGD-1,dpbkkghk-1,Cluster 14,0,131.00
R1-CA-2_LGD-1,dpbkbmig-1,Cluster 6,0,90.04
R1-CA-2_LGD-1,dpbmldln-1,Cluster 10,0,53.24
R1-CA-2_LGD-1,dpbmkmef-1,Cluster 14,0,92.53
R1-CA-2_LGD-1,dpbkahme-1,Cluster 14,0,103.45
R1-CA-2_LGD-1,mgifaolo-1,Cluster 2,0,65.84
R1-CA-2_LGD-1,mgifigin-1,Cluster 10,0,47.78
R1-CA-2_LGD-1,mgielmef-1,Cluster 10,0,50.39
R1-CA-2_LGD-1,mgiflpke-1,Cluster 10,0,25.69
R1-CA-2_LGD-1,dpbegkci-1,Cluster 2,0,48.14
R1-CA-2_LGD-1,dpbfbnnn-1,Cluster 2,0,53.10
R1-CA-2_LGD-1,dpbfddfg-1,Cluster 2,0,41.45
R1-CA-2_LGD-1,dpbhkfde-1,Cluster 10,0,63.67
R1-CA-2_LGD-1,dpbfgiag-1,Cluster 2,0,57.26
R1-CA-2_LGD-1,dpbhfbmo-1,Cluster 2,0,78.84
R1-CA-2_LGD-1,mgifalia-1,Cluster 10,0,53.24
R1-CA-2_LGD-1,dpbebdmo-1,Cluster 10,0,136.78
R1-CA-2_LGD-1,mgigadle-1,Cluster 6,0,34.68
R1-CA-2_LGD-1,dpbfbhhk-1,Cluster 2,0,53.47
R1-CA-2_LGD-1,dpbehkdk-1,Cluster 2,0,55.95
R1-CA-2_LGD-1,mgigaejf-1,Cluster 10,0,94.24
R1-CA-2_LGD-1,dpbhenkd-1,Cluster 10,0,98.31
R1-CA-2_LGD-1,dpbeckjj-1,Cluster 10,0,32.78
R1-CA-2_LGD-1,mgiffjbg-1,Cluster 10,0,59.61
R1-CA-2_LGD-1,mkiemndh-1,Cluster 10,0,97.67
R1-CA-2_LGD-1,mkigcgpa-1,Cluster 17,0,38.74
R1-CA-2_LGD-1,mkifamnf-1,Cluster 17,0,24.84
R1-CA-2_LGD-1,ogagpnej-1,Cluster 20,0,23.17
R1-CA-2_LGD-1,mkiejdpp-1,Cluster 10,0,111.04
R1-CA-2_LGD-1,ogagpofg-1,Cluster 3,0,59.20
R1-CA-2_LGD-1,mkifmlfp-1,Cluster 2,0,73.33
R1-CA-2_LGD-1,mkiejama-1,Cluster 10,0,255.86
R1-CA-2_LGD-1,mkiedocb-1,Cluster 10,0,225.01
R1-CA-2_LGD-1,mkifjejo-1,Cluster 6,0,46.33
R1-CA-2_LGD-1,ogagpfcn-1,Cluster 3,0,100.34
R1-CA-2_LGD-1,mkidhjof-1,Cluster 14,0,105.30
R1-CA-2_LGD-1,dpbkijmg-1,Cluster 10,0,41.14
R1-CA-2_LGD-1,mkieamlj-1,Cluster 14,0,86.25
R1-CA-2_LGD-1,dpbjfhbm-1,Cluster 10,0,216.61
R1-CA-2_LGD-1,dpbjplfm-1,Cluster 10,0,65.48
R1-CA-2_LGD-1,mkhnbhhn-1,Cluster 2,0,21.18
R1-CA-2_LGD-1,dpbkdgal-1,Cluster 6,0,58.12
R1-CA-2_LGD-1,mkicdhpa-1,Cluster 2,0,96.14
R1-CA-2_LGD-1,mkicmlin-1,Cluster 10,0,63.49
R1-CA-2_LGD-1,mkhncjgc-1,Cluster 10,0,56.22
R1-CA-2_LGD-1,mkidcocl-1,Cluster 10,0,94.42
R1-CA-2_LGD-1,mkicjhgc-1,Cluster 3,0,81.46
R1-CA-2_LGD-1,dpbjlhhj-1,Cluster 2,0,44.84
R1-CA-2_LGD-1,mhiohdjf-1,Cluster 10,0,45.79
R1-CA-2_LGD-1,dpbdhhki-1,Cluster 2,0,78.03
R1-CA-2_LGD-1,dpapgpge-1,Cluster 2,0,26.73
R1-CA-2_LGD-1,mhioaaed-1,Cluster 10,0,160.12
R1-CA-2_LGD-1,dpbdeaok-1,Cluster 2,0,56.99
R1-CA-2_LGD-1,dpbjpkfi-1,Cluster 2,0,66.97
R1-CA-2_LGD-1,dpbddmbn-1,Cluster 10,0,141.84
R1-CA-2_LGD-1,dpbfpafm-1,Cluster 2,0,62.04
R1-CA-2_LGD-1,dpbjlneh-1,Cluster 2,0,65.75
R1-CA-2_LGD-1,mkidajne-1,Cluster 2,0,49.54
R1-CA-2_LGD-1,dpbahbkd-1,Cluster 2,0,51.43
R1-CA-2_LGD-1,dpbdhkji-1,Cluster 6,0,40.91
R1-CA-2_LGD-1,dpaahbaf-1,Cluster 2,0,57.17
R1-CA-2_LGD-1,dpbgfgln-1,Cluster 10,0,96.00
R1-CA-2_LGD-1,mkicjbfg-1,Cluster 10,0,64.03
R1-CA-2_LGD-1,dpbdljhb-1,Cluster 18,0,99.71
R1-CA-2_LGD-1,dpbdkojk-1,Cluster 10,0,144.77
R1-CA-2_LGD-1,dpbghpck-1,Cluster 2,0,61.95
R1-CA-2_LGD-1,dpbggelk-1,Cluster 2,0,55.86
R1-CA-2_LGD-1,dpapgeif-1,Cluster 2,0,26.42
R1-CA-2_LGD-1,mhioehkj-1,Cluster 10,0,110.36
R1-CA-2_LGD-1,mhiofpej-1,Cluster 10,0,104.99
R1-CA-2_LGD-1,dpapgfcp-1,Cluster 2,0,24.84
R1-CA-2_LGD-1,dpbdhphh-1,Cluster 2,0,56.67
R1-CA-2_LGD-1,mhiogoil-1,Cluster 14,0,30.84
R1-CA-2_LGD-1,dpbdjbff-1,Cluster 18,0,147.34
R1-CA-2_LGD-1,dpbdcefa-1,Cluster 10,0,34.77
R1-CA-2_LGD-1,mkiiefph-1,Cluster 6,0,160.76
R1-CA-2_LGD-1,mkieeblo-1,Cluster 3,0,62.99
R1-CA-2_LGD-1,mkijbcgk-1,Cluster 17,0,98.85
R1-CA-2_LGD-1,mkhmckoh-1,Cluster 17,0,34.18
R1-CA-2_LGD-1,mkiefdhn-1,Cluster 6,0,87.38
R1-CA-2_LGD-1,mkiipnfb-1,Cluster 24,0,96.86
R1-CA-2_LGD-1,dpadomom-1,Cluster 10,0,72.34
R1-CA-2_LGD-1,mkiinffo-1,Cluster 10,0,251.11
R1-CA-2_LGD-1,mkhmdchp-1,Cluster 2,0,43.58
R1-CA-2_LGD-1,mkiiihja-1,Cluster 3,0,39.38
R1-CA-2_LGD-1,mkhmbgll-1,Cluster 17,0,25.56
R1-CA-2_LGD-1,mkiimkjn-1,Cluster 2,0,81.91
R1-CA-2_LGD-1,mkhofcdp-1,Cluster 10,0,61.05
R1-CA-2_LGD-1,mkiijoog-1,Cluster 2,0,97.81
R1-CA-2_LGD-1,mkiigojh-1,Cluster 2,0,105.08
R1-CA-2_LGD-1,mkijghnc-1,Cluster 17,0,62.14
R1-CA-2_LGD-1,mkijdpjf-1,Cluster 10,0,19.28
R1-CA-2_LGD-1,mkhodfdp-1,Cluster 2,0,82.32
R1-CA-2_LGD-1,dpbjjbfi-1,Cluster 10,0,103.32
R1-CA-2_LGD-1,dpbkgnin-1,Cluster 10,0,76.68
R1-CA-2_LGD-1,dpbjfcfb-1,Cluster 10,0,122.28
R1-CA-2_LGD-1,mkijblao-1,Cluster 2,0,68.28
R1-CA-2_LGD-1,dpbjfmch-1,Cluster 10,0,133.57
R1-CA-2_LGD-1,dpbkihop-1,Cluster 10,0,69.90
R1-CA-2_LGD-1,mkicdihh-1,Cluster 10,0,94.24
R1-CA-2_LGD-1,dpaccgbb-1,Cluster 2,0,55.05
R1-CA-2_LGD-1,dpaabnke-1,Cluster 2,0,53.51
R1-CA-2_LGD-1,dpebkbip-1,Cluster 6,0,33.73
R1-CA-2_LGD-1,dpechaka-1,Cluster 6,0,37.62
R1-CA-2_LGD-1,dpecjcmb-1,Cluster 2,0,46.87
R1-CA-2_LGD-1,dpfckfon-1,Cluster 10,0,37.34
R1-CA-2_LGD-1,dpfagndg-1,Cluster 2,0,70.22
R1-CA-2_LGD-1,mgjemmmm-1,Cluster 10,0,17.39
R1-CA-2_LGD-1,dpfdacnl-1,Cluster 10,0,31.56
R1-CA-2_LGD-1,dpfbppcg-1,Cluster 2,0,78.57
R1-CA-2_LGD-1,mgmbaddi-1,Cluster 10,0,6.82
R1-CA-2_LGD-1,dpfcpbni-1,Cluster 10,0,41.36
R1-CA-2_LGD-1,dpfboiih-1,Cluster 2,0,71.26
R1-CA-2_LGD-1,mgmhbnbo-1,Cluster 14,0,88.78
R1-CA-2_LGD-1,mgmhcbnf-1,Cluster 10,0,17.52
R1-CA-2_LGD-1,mhipbjak-1,Cluster 14,0,110.59
R1-CA-2_LGD-1,dpfaledj-1,Cluster 14,0,38.25
R1-CA-2_LGD-1,dpfcphan-1,Cluster 10,0,35.76
R1-CA-2_LGD-1,mgmbaejp-1,Cluster 14,0,86.52
R1-CA-2_LGD-1,dpechgmf-1,Cluster 10,0,48.14
R1-CA-2_LGD-1,mgmgjmnh-1,Cluster 6,0,9.89
R1-CA-2_LGD-1,mgmfjoei-1,Cluster 10,0,24.34
R1-CA-2_LGD-1,mgmhdmmi-1,Cluster 10,0,21.58
R1-CA-2_LGD-1,mgmhdjkl-1,Cluster 10,0,43.26
R1-CA-2_LGD-1,dpfcomnf-1,Cluster 2,0,36.67
R1-CA-2_LGD-1,mgmfmanp-1,Cluster 10,0,53.78
R1-CA-2_LGD-1,mgmcbbad-1,Cluster 2,0,36.49
R1-CA-2_LGD-1,dpfcljcb-1,Cluster 2,0,28.18
R1-CA-2_LGD-1,dpfalndm-1,Cluster 2,0,61.73
R1-CA-2_LGD-1,mgmggmml-1,Cluster 10,0,25.42
R1-CA-2_LGD-1,dpcmghbd-1,Cluster 2,0,41.23
R1-CA-2_LGD-1,dpckkofo-1,Cluster 2,0,49.13
R1-CA-2_LGD-1,mgmgfoml-1,Cluster 2,0,30.53
R1-CA-2_LGD-1,dpcmgigp-1,Cluster 2,0,34.50
R1-CA-2_LGD-1,mgmgdlgi-1,Cluster 10,0,57.39
R1-CA-2_LGD-1,dpfampic-1,Cluster 2,0,31.11
R1-CA-2_LGD-1,dpfbanki-1,Cluster 2,0,39.38
R1-CA-2_LGD-1,dpcmfjpf-1,Cluster 2,0,36.40
R1-CA-2_LGD-1,mgmgedfi-1,Cluster 2,0,13.95
R1-CA-2_LGD-1,dpanncek-1,Cluster 6,0,15.76
R1-CA-2_LGD-1,dpaagace-1,Cluster 10,0,112.08
R1-CA-2_LGD-1,dpaoalln-1,Cluster 10,0,48.05
R1-CA-2_LGD-1,dpanomkj-1,Cluster 10,0,35.13
R1-CA-2_LGD-1,dpaodklh-1,Cluster 2,0,53.60
R1-CA-2_LGD-1,dpammpca-1,Cluster 2,0,107.97
R1-CA-2_LGD-1,dpaoeagk-1,Cluster 10,0,59.25
R1-CA-2_LGD-1,dpbdhfme-1,Cluster 10,0,52.47
R1-CA-2_LGD-1,dpannmmf-1,Cluster 2,0,47.50
R1-CA-2_LGD-1,dpbcpffo-1,Cluster 10,0,52.02
R1-CA-2_LGD-1,dpaoemdl-1,Cluster 10,0,27.73
R1-CA-2_LGD-1,dpamlmhp-1,Cluster 10,0,44.89
R1-CA-2_LGD-1,dpaoplkj-1,Cluster 2,0,82.18
R1-CA-2_LGD-1,dpaopdib-1,Cluster 10,0,54.86
R1-CA-2_LGD-1,mkhpoahg-1,Cluster 10,0,55.05
R1-CA-2_LGD-1,dpaogdgd-1,Cluster 10,0,34.27
R1-CA-2_LGD-1,dpaombpn-1,Cluster 2,0,26.64
R1-CA-2_LGD-1,dpbbichb-1,Cluster 10,0,22.40
R1-CA-2_LGD-1,dpbbimnp-1,Cluster 2,0,65.52
R1-CA-2_LGD-1,dpbdfcdp-1,Cluster 10,0,52.11
R1-CA-2_LGD-1,dpapbjig-1,Cluster 2,0,42.54
R1-CA-2_LGD-1,dpammock-1,Cluster 2,0,74.82
R1-CA-2_LGD-1,dpammdkc-1,Cluster 2,0,29.49
R1-CA-2_LGD-1,mkhpkjen-1,Cluster 10,0,133.57
R1-CA-2_LGD-1,dpbcbdfb-1,Cluster 10,0,72.88
R1-CA-2_LGD-1,dpanckjp-1,Cluster 2,0,35.67
R1-CA-2_LGD-1,dpaomkmc-1,Cluster 2,0,37.12
R1-CA-2_LGD-1,dpaphfil-1,Cluster 2,0,51.61
R1-CA-2_LGD-1,dpecaaak-1,Cluster 10,0,62.32
R1-CA-2_LGD-1,dpampmng-1,Cluster 14,0,62.32
R1-CA-2_LGD-1,dpaphnbb-1,Cluster 10,0,39.60
R1-CA-2_LGD-1,dpamokhh-1,Cluster 22,0,68.55
R1-CA-2_LGD-1,dpanbhdc-1,Cluster 10,0,77.13
R1-CA-2_LGD-1,dpbapfff-1,Cluster 2,0,66.52
R1-CA-2_LGD-1,ofpaeabd-1,Cluster 6,0,119.94
R1-CA-2_LGD-1,ofpadign-1,Cluster 6,0,144.41
R1-CA-2_LGD-1,mhjaobbg-1,Cluster 2,0,44.75
R1-CA-2_LGD-1,dpbbdloc-1,Cluster 10,0,61.91
R1-CA-2_LGD-1,mhjalccj-1,Cluster 14,0,59.38
R1-CA-2_LGD-1,dpbbkmhp-1,Cluster 6,0,163.29
R1-CA-2_LGD-1,dpbbbman-1,Cluster 18,0,149.47
R1-CA-2_LGD-1,dpbbaodd-1,Cluster 14,0,83.00
R1-CA-2_LGD-1,mhjahgik-1,Cluster 2,0,134.48
R1-CA-2_LGD-1,mglofbgh-1,Cluster 14,0,114.47
R1-CA-2_LGD-1,ofokledl-1,Cluster 6,0,122.69
R1-CA-2_LGD-1,mgmaaolp-1,Cluster 6,0,84.17
R1-CA-2_LGD-1,mglppfbl-1,Cluster 6,0,141.52
R1-CA-2_LGD-1,ofokkpph-1,Cluster 3,0,20.23
R1-CA-2_LGD-1,mgloembe-1,Cluster 6,0,211.24
R1-CA-2_LGD-1,dpfaflfm-1,Cluster 10,0,153.53
R1-CA-2_LGD-1,mgmacoei-1,Cluster 3,0,7.95
R1-CA-2_LGD-1,mgmbffdd-1,Cluster 6,0,65.07
R1-CA-2_LGD-1,mgmbjdhi-1,Cluster 14,0,39.42
R1-CA-2_LGD-1,mgmbpdlk-1,Cluster 10,0,21.40
R1-CA-2_LGD-1,mgmbgepj-1,Cluster 14,0,82.86
R1-CA-2_LGD-1,mgmakdcm-1,Cluster 6,0,27.73
R1-CA-2_LGD-1,dpfceodn-1,Cluster 2,0,24.61
R1-CA-2_LGD-1,mgmcblhc-1,Cluster 2,0,22.04
R1-CA-2_LGD-1,mgmadlcc-1,Cluster 6,0,15.08
R1-CA-2_LGD-1,mglpbmgp-1,Cluster 14,0,146.49
R1-CA-2_LGD-1,mgmbnblc-1,Cluster 2,0,47.10
R1-CA-2_LGD-1,dpfcgdoh-1,Cluster 2,0,31.52
R1-CA-2_LGD-1,mgmajmhp-1,Cluster 14,0,29.17
R1-CA-2_LGD-1,mgmajkfl-1,Cluster 14,0,62.68
R1-CA-2_LGD-1,mgmbijgf-1,Cluster 2,0,35.09
R1-CA-2_LGD-1,mgmbjhgp-1,Cluster 14,0,75.95
R1-CA-2_LGD-1,mgmbjmkk-1,Cluster 2,0,58.48
R1-CA-2_LGD-1,mgmbjndg-1,Cluster 2,0,21.99
R1-CA-2_LGD-1,dpfcenmm-1,Cluster 10,0,34.86
R1-CA-2_LGD-1,mgmadbnm-1,Cluster 2,0,41.81
R1-CA-2_LGD-1,dpfchodb-1,Cluster 10,0,37.39
R1-CA-2_LGD-1,mglpdfhp-1,Cluster 14,0,100.38
R1-CA-2_LGD-1,dpckiocf-1,Cluster 10,0,39.78
R1-CA-2_LGD-1,dpaboacj-1,Cluster 2,0,34.95
R1-CA-2_LGD-1,dpaajokc-1,Cluster 2,0,28.36
R1-CA-2_LGD-1,dpaccehb-1,Cluster 2,0,63.81
R1-CA-2_LGD-1,dpacbjbc-1,Cluster 2,0,115.87
R1-CA-2_LGD-1,dpacdfjf-1,Cluster 2,0,37.21
R1-CA-2_LGD-1,dpbcnhlk-1,Cluster 10,0,59.47
R1-CA-2_LGD-1,mhinpehd-1,Cluster 2,0,55.09
R1-CA-2_LGD-1,dpbbgecl-1,Cluster 2,0,50.62
R1-CA-2_LGD-1,mkibeahc-1,Cluster 10,0,67.92
R1-CA-2_LGD-1,dpachplk-1,Cluster 2,0,107.20
R1-CA-2_LGD-1,mhinalje-1,Cluster 2,0,59.92
R1-CA-2_LGD-1,dpaakicj-1,Cluster 2,0,36.67
R1-CA-2_LGD-1,mhinajio-1,Cluster 2,0,82.23
R1-CA-2_LGD-1,mhinhani-1,Cluster 17,0,42.40
R1-CA-2_LGD-1,dpacckbf-1,Cluster 2,0,45.70
R1-CA-2_LGD-1,mhindgjg-1,Cluster 10,0,27.23
R1-CA-2_LGD-1,dpabohjl-1,Cluster 10,0,113.84
R1-CA-2_LGD-1,mkiacpkp-1,Cluster 6,0,55.81
R1-CA-2_LGD-1,dpbcfikm-1,Cluster 2,0,34.73
R1-CA-2_LGD-1,dpbcokfm-1,Cluster 18,0,65.61
R1-CA-2_LGD-1,dpacdicb-1,Cluster 10,0,79.48
R1-CA-2_LGD-1,mkhcanab-1,Cluster 17,0,51.66
R1-CA-2_LGD-1,mhinpbpf-1,Cluster 14,0,43.89
R1-CA-2_LGD-1,mhjacfnc-1,Cluster 14,0,152.31
R1-CA-2_LGD-1,dpbcdopo-1,Cluster 2,0,45.43
R1-CA-2_LGD-1,mhjabgme-1,Cluster 10,0,17.16
R1-CA-2_LGD-1,mhjabfnj-1,Cluster 10,0,34.00
R1-CA-2_LGD-1,mhinolpg-1,Cluster 2,0,79.75
R1-CA-2_LGD-1,mhinlmid-1,Cluster 6,0,30.71
R1-CA-2_LGD-1,dpbbdojf-1,Cluster 10,0,54.68
R1-CA-2_LGD-1,dpbbfjpg-1,Cluster 2,0,40.69
R1-CA-2_LGD-1,mhjampjb-1,Cluster 10,0,79.43
R1-CA-2_LGD-1,dpbbppng-1,Cluster 18,0,79.20
R1-CA-2_LGD-1,dpbbahnd-1,Cluster 14,0,108.42
R1-CA-2_LGD-1,mhjapdhl-1,Cluster 10,0,20.05
R1-CA-2_LGD-1,dpaddlia-1,Cluster 2,0,95.28
R1-CA-2_LGD-1,mkhngkfi-1,Cluster 10,0,58.75
R1-CA-2_LGD-1,dpadhgii-1,Cluster 2,0,72.79
R1-CA-2_LGD-1,mkhmpmdd-1,Cluster 17,0,21.18
R1-CA-2_LGD-1,mkhmehpk-1,Cluster 1,0,35.54
R1-CA-2_LGD-1,mkhnipkk-1,Cluster 25,0,47.91
R1-CA-2_LGD-1,dpadfoko-1,Cluster 10,0,146.76
R1-CA-2_LGD-1,mkhmemof-1,Cluster 17,0,13.55
R1-CA-2_LGD-1,mkhnpllm-1,Cluster 10,0,121.20
R1-CA-2_LGD-1,mkhocpcb-1,Cluster 17,0,15.04
R1-CA-2_LGD-1,mkhocppg-1,Cluster 2,0,98.85
R1-CA-2_LGD-1,mkhnojae-1,Cluster 8,0,80.29
R1-CA-2_LGD-1,doppnkag-1,Cluster 2,0,116.23
R1-CA-2_LGD-1,mkijbioi-1,Cluster 8,0,74.19
R1-CA-2_LGD-1,mkhmmkcd-1,Cluster 2,0,69.22
R1-CA-2_LGD-1,mkijchmn-1,Cluster 10,0,137.00
R1-CA-2_LGD-1,doppjnbf-1,Cluster 6,0,92.84
R1-CA-2_LGD-1,mkhpagfp-1,Cluster 6,0,11.56
R1-CA-2_LGD-1,mkhpcggj-1,Cluster 2,0,35.81
R1-CA-2_LGD-1,mkhndikh-1,Cluster 8,0,62.45
R1-CA-2_LGD-1,mkiddmif-1,Cluster 10,0,55.41
R1-CA-2_LGD-1,mkidddel-1,Cluster 10,0,79.16
R1-CA-2_LGD-1,doppdplh-1,Cluster 10,0,103.59
R1-CA-2_LGD-1,dpaamfkh-1,Cluster 17,0,135.60
R1-CA-2_LGD-1,mkhnemea-1,Cluster 2,0,33.60
R1-CA-2_LGD-1,mkhollbk-1,Cluster 2,0,47.50
R1-CA-2_LGD-1,mkhomdhk-1,Cluster 2,0,63.40
R1-CA-2_LGD-1,dpabdabj-1,Cluster 2,0,62.81
R1-CA-2_LGD-1,dpabhjin-1,Cluster 2,0,86.93
R1-CA-2_LGD-1,dpaanjhk-1,Cluster 2,0,62.50
R1-CA-2_LGD-1,dpaandoa-1,Cluster 3,0,42.04
R1-CA-2_LGD-1,mkicoanh-1,Cluster 10,0,94.92
R1-CA-2_LGD-1,mkhpemgb-1,Cluster 3,0,76.72
R1-CA-2_LGD-1,mkhoopeb-1,Cluster 10,0,132.85
R1-CA-2_LGD-1,mgielfpm-1,Cluster 10,0,112.44
R1-CA-2_LGD-1,mkhonmnk-1,Cluster 6,0,50.17
R1-CA-2_LGD-1,mkhooakm-1,Cluster 10,0,61.01
R1-CA-2_LGD-1,mkhlphjd-1,Cluster 17,0,64.17
R1-CA-2_LGD-1,dpadnnad-1,Cluster 6,0,44.30
R1-CA-2_LGD-1,dpadpgej-1,Cluster 10,0,64.17
R1-CA-2_LGD-1,dpadpfcd-1,Cluster 2,0,77.44
R1-CA-2_LGD-1,mkhnband-1,Cluster 6,0,84.53
R1-CA-2_LGD-1,mkhmnogn-1,Cluster 10,0,50.80
R1-CA-2_LGD-1,mkhcbnjc-1,Cluster 17,0,85.71
R1-CA-2_LGD-1,mkibbblm-1,Cluster 6,0,28.45
R1-CA-2_LGD-1,dpadcegm-1,Cluster 6,0,46.69
R1-CA-2_LGD-1,mkhmaklo-1,Cluster 10,0,72.48
R1-CA-2_LGD-1,mkhloabi-1,Cluster 10,0,44.66
R1-CA-2_LGD-1,mkhpeeio-1,Cluster 17,0,80.15
R1-CA-2_LGD-1,ogagjakb-1,Cluster 6,0,110.90
R1-CA-2_LGD-1,mkhaiaai-1,Cluster 3,0,15.94
R1-CA-2_LGD-1,mkhmhibh-1,Cluster 6,0,93.93
R1-CA-2_LGD-1,doppjnae-1,Cluster 10,0,77.35
R1-CA-2_LGD-1,doppdhed-1,Cluster 10,0,140.30
R1-CA-2_LGD-1,dopojbpd-1,Cluster 10,0,85.93
R1-CA-2_LGD-1,dopojibp-1,Cluster 6,0,91.85
R1-CA-2_LGD-1,mkhpbkif-1,Cluster 2,0,20.55
R1-CA-2_LGD-1,mkhmoijg-1,Cluster 10,0,82.41
R1-CA-2_LGD-1,mkhomlch-1,Cluster 10,0,42.81
R1-CA-2_LGD-1,mkiaecek-1,Cluster 10,0,28.99
R1-CA-2_LGD-1,mkhmiflg-1,Cluster 2,0,41.14
R1-CA-2_LGD-1,dpabmdpc-1,Cluster 2,0,89.00
R1-CA-2_LGD-1,mkiahfcg-1,Cluster 10,0,82.14
R1-CA-2_LGD-1,dpabigia-1,Cluster 1,0,39.60
R1-CA-2_LGD-1,mkhoifpo-1,Cluster 10,0,124.54
R1-CA-2_LGD-1,mkhpafdl-1,Cluster 10,0,106.52
R1-CA-2_LGD-1,mkhmlgmm-1,Cluster 10,0,113.70
R1-CA-2_LGD-1,mkhmhgco-1,Cluster 10,0,27.14
R1-CA-2_LGD-1,mkiagnjl-1,Cluster 3,0,45.16
R1-CA-2_LGD-1,mkhmeafg-1,Cluster 17,0,100.74
R1-CA-2_LGD-1,mkibagii-1,Cluster 17,0,21.90
R1-CA-2_LGD-1,dkelbcak-1,Cluster 2,0,42.00
R1-CA-2_LGD-1,mhjjlljl-1,Cluster 2,0,31.52
R1-CA-2_LGD-1,dpeampid-1,Cluster 18,0,72.79
R1-CA-2_LGD-1,dpeaomgn-1,Cluster 10,0,51.48
R1-CA-2_LGD-1,mglofpaf-1,Cluster 10,0,79.70
R1-CA-2_LGD-1,mgloikmc-1,Cluster 6,0,66.61
R1-CA-2_LGD-1,mgloldhm-1,Cluster 5,0,96.41
R1-CA-2_LGD-1,mglolmfc-1,Cluster 10,0,26.60
R1-CA-2_LGD-1,dpepdpcm-1,Cluster 10,0,40.23
R1-CA-2_LGD-1,dpfadljp-1,Cluster 10,0,45.11
R1-CA-2_LGD-1,mglomkfp-1,Cluster 2,0,211.33
R1-CA-2_LGD-1,dpepjoag-1,Cluster 10,0,26.64
R1-CA-2_LGD-1,mglppbkd-1,Cluster 13,0,59.97
R1-CA-2_LGD-1,dpfagcnb-1,Cluster 10,0,72.20
R1-CA-2_LGD-1,mgloomfa-1,Cluster 17,0,33.78
R1-CA-2_LGD-1,mglpmbaf-1,Cluster 5,0,56.54
R1-CA-2_LGD-1,dpepkhda-1,Cluster 10,0,77.76
R1-CA-2_LGD-1,mhjkmegh-1,Cluster 8,0,65.75
R1-CA-2_LGD-1,mglonmpc-1,Cluster 13,0,45.79
R1-CA-2_LGD-1,dpepepon-1,Cluster 10,0,102.64
R1-CA-2_LGD-1,mglpkdlh-1,Cluster 10,0,64.89
R1-CA-2_LGD-1,mglpoaio-1,Cluster 10,0,61.05
R1-CA-2_LGD-1,mhkaioap-1,Cluster 2,0,20.37
R1-CA-2_LGD-1,dpfafhmb-1,Cluster 10,0,84.53
R1-CA-2_LGD-1,mglpegen-1,Cluster 2,0,27.86
R1-CA-2_LGD-1,dpcpnpmd-1,Cluster 18,0,47.37
R1-CA-2_LGD-1,dpfabjin-1,Cluster 10,0,70.35
R1-CA-2_LGD-1,mglpjpcf-1,Cluster 10,0,33.51
R1-CA-2_LGD-1,dpcpamjf-1,Cluster 6,0,49.67
R1-CA-2_LGD-1,dpcopjgl-1,Cluster 2,0,100.52
R1-CA-2_LGD-1,dpcpjjgd-1,Cluster 17,0,48.86
R1-CA-2_LGD-1,mglpfbhk-1,Cluster 2,0,31.11
R1-CA-2_LGD-1,dpepngno-1,Cluster 2,0,86.65
R1-CA-2_LGD-1,dpepebom-1,Cluster 10,0,28.45
R1-CA-2_LGD-1,dpfaafof-1,Cluster 10,0,31.97
R1-CA-2_LGD-1,dpepninf-1,Cluster 2,0,72.20
R1-CA-2_LGD-1,mhkakbce-1,Cluster 9,0,12.10
R1-CA-2_LGD-1,mhkakbba-1,Cluster 10,0,61.14
R1-CA-2_LGD-1,mgmcjiej-1,Cluster 6,0,44.52
R1-CA-2_LGD-1,dpdplbio-1,Cluster 10,0,70.76
R1-CA-2_LGD-1,mhjagpgi-1,Cluster 18,0,35.45
R1-CA-2_LGD-1,mhjahcfj-1,Cluster 18,0,73.88
R1-CA-2_LGD-1,dpdplhkl-1,Cluster 6,0,20.68
R1-CA-2_LGD-1,dpeamgml-1,Cluster 10,0,119.80
R1-CA-2_LGD-1,dpdpmobl-1,Cluster 10,0,59.97
R1-CA-2_LGD-1,dpeahkol-1,Cluster 2,0,58.84
R1-CA-2_LGD-1,mhjpfblj-1,Cluster 14,0,192.77
R1-CA-2_LGD-1,mhjpflgj-1,Cluster 14,0,63.81
R1-CA-2_LGD-1,dpeaapnn-1,Cluster 2,0,160.21
R1-CA-2_LGD-1,dkegfajp-1,Cluster 10,0,34.95
R1-CA-2_LGD-1,dpbccfgb-1,Cluster 10,0,47.55
R1-CA-2_LGD-1,mhjafohh-1,Cluster 14,0,97.72
R1-CA-2_LGD-1,dpeafmmn-1,Cluster 2,0,52.16
R1-CA-2_LGD-1,mhjnlbcp-1,Cluster 14,0,106.84
R1-CA-2_LGD-1,dpeafjkk-1,Cluster 10,0,45.97
R1-CA-2_LGD-1,dpdpndeb-1,Cluster 6,0,80.11
R1-CA-2_LGD-1,dpeabbja-1,Cluster 14,0,129.60
R1-CA-2_LGD-1,mhjalpmd-1,Cluster 10,0,56.63
R1-CA-2_LGD-1,dpdppgle-1,Cluster 2,0,49.94
R1-CA-2_LGD-1,dpdpnodh-1,Cluster 10,0,49.45
R1-CA-2_LGD-1,dpdpnmlm-1,Cluster 10,0,38.07
R1-CA-2_LGD-1,dpeaifbf-1,Cluster 14,0,39.24
R1-CA-2_LGD-1,mhipppak-1,Cluster 14,0,79.75
R1-CA-2_LGD-1,dpebefli-1,Cluster 10,0,122.24
R1-CA-2_LGD-1,dpebhofc-1,Cluster 14,0,108.01
R1-CA-2_LGD-1,dpebgnfl-1,Cluster 14,0,27.14
R1-CA-2_LGD-1,mhjaijej-1,Cluster 6,0,78.57
R1-CA-2_LGD-1,mglobilm-1,Cluster 14,0,54.32
R1-CA-2_LGD-1,dpebcfjn-1,Cluster 2,0,36.76
R1-CA-2_LGD-1,dpebafaa-1,Cluster 2,0,92.34
R1-CA-2_LGD-1,dpebbpln-1,Cluster 14,0,70.81
R1-CA-2_LGD-1,mhjniofh-1,Cluster 14,0,89.09
R1-CA-2_LGD-1,mhjljnbl-1,Cluster 18,0,41.41
R1-CA-2_LGD-1,mhjnakog-1,Cluster 6,0,29.85
R1-CA-2_LGD-1,mglojgob-1,Cluster 2,0,21.95
R1-CA-2_LGD-1,mhjjbnna-1,Cluster 18,0,43.26
R1-CA-2_LGD-1,mhjndagb-1,Cluster 18,0,38.52
R1-CA-2_LGD-1,mhjmomhd-1,Cluster 6,0,16.12
R1-CA-2_LGD-1,mhjjebld-1,Cluster 18,0,115.60
R1-CA-2_LGD-1,mhjmpfib-1,Cluster 2,0,22.35
R1-CA-2_LGD-1,mhjmofee-1,Cluster 2,0,29.71
R1-CA-2_LGD-1,mhkanepm-1,Cluster 18,0,57.53
R1-CA-2_LGD-1,mhjkcmoc-1,Cluster 2,0,24.02
R1-CA-2_LGD-1,mhkahcci-1,Cluster 1,0,13.55
R1-CA-2_LGD-1,mhjlhenk-1,Cluster 14,0,46.74
R1-CA-2_LGD-1,dkcohgck-1,Cluster 10,0,92.25
R1-CA-2_LGD-1,mhkakmpd-1,Cluster 10,0,111.85
R1-CA-2_LGD-1,mhjkkicd-1,Cluster 14,0,72.88
R1-CA-2_LGD-1,mhjldmdi-1,Cluster 10,0,70.17
R1-CA-2_LGD-1,mhjjppim-1,Cluster 2,0,24.70
R1-CA-2_LGD-1,dkegglfn-1,Cluster 2,0,31.65
R1-CA-2_LGD-1,mhkdkpee-1,Cluster 10,0,105.80
R1-CA-2_LGD-1,dkeghhfp-1,Cluster 10,0,215.85
R1-CA-2_LGD-1,mhjkjeln-1,Cluster 18,0,46.10
R1-CA-2_LGD-1,mhjlcpdb-1,Cluster 14,0,201.31
R1-CA-2_LGD-1,mhjldahm-1,Cluster 18,0,31.93
R1-CA-2_LGD-1,mhjjimmh-1,Cluster 14,0,70.44
R1-CA-2_LGD-1,mhjlajlm-1,Cluster 6,0,41.05
R1-CA-2_LGD-1,mhjlgppf-1,Cluster 14,0,32.69
R1-CA-2_LGD-1,mhjjkepm-1,Cluster 2,0,57.39
R1-CA-2_LGD-1,mhjjjhij-1,Cluster 6,0,10.75
R1-CA-2_LGD-1,mhjjdepn-1,Cluster 14,0,31.38
R1-CA-2_LGD-1,dkeifpeh-1,Cluster 14,0,85.26
R1-CA-2_LGD-1,mhkdmeoo-1,Cluster 2,0,80.02
R1-CA-2_LGD-1,mhkagkmf-1,Cluster 10,0,100.92
R1-CA-2_LGD-1,dkcogpan-1,Cluster 2,0,164.28
R1-CA-2_LGD-1,dkeghpla-1,Cluster 10,0,108.15
R1-CA-2_LGD-1,mhjlhoep-1,Cluster 14,0,44.89
R1-CA-2_LGD-1,mhjkifmm-1,Cluster 2,0,36.40
R1-CA-2_LGD-1,mhjkhkbc-1,Cluster 18,0,42.45
R1-CA-2_LGD-1,mhjjijjg-1,Cluster 14,0,96.72
R1-CA-2_LGD-1,dkcoglio-1,Cluster 6,0,39.78
R1-CA-2_LGD-1,dkegcdke-1,Cluster 10,0,19.46
R1-CA-2_LGD-1,dkekpmpb-1,Cluster 18,0,42.67
R1-CA-2_LGD-1,mhjnlflb-1,Cluster 14,0,51.79
R1-CA-2_LGD-1,dkekmnlm-1,Cluster 18,0,39.60
R1-CA-2_LGD-1,dkejncdo-1,Cluster 14,0,114.02
R1-CA-2_LGD-1,dkegnpni-1,Cluster 14,0,63.81
R1-CA-2_LGD-1,dkegjihg-1,Cluster 18,0,58.84
R1-CA-2_LGD-1,dkegljep-1,Cluster 18,0,43.44
R1-CA-2_LGD-1,dkegkppb-1,Cluster 14,0,100.11
R1-CA-2_LGD-1,dkejlecl-1,Cluster 18,0,47.14
R1-CA-2_LGD-1,mhjijblb-1,Cluster 18,0,26.37
R1-CA-2_LGD-1,dkejkbmd-1,Cluster 2,0,68.59
R1-CA-2_LGD-1,mhjhmbcm-1,Cluster 14,0,58.25
R1-CA-2_LGD-1,dkehlpgb-1,Cluster 18,0,35.04
R1-CA-2_LGD-1,dkejadaj-1,Cluster 2,0,48.41
R1-CA-2_LGD-1,mhjiapje-1,Cluster 18,0,75.55
R1-CA-2_LGD-1,dkejclbb-1,Cluster 10,0,36.85
R1-CA-2_LGD-1,mhjmobfe-1,Cluster 18,0,27.46
R1-CA-2_LGD-1,mhjnnieo-1,Cluster 14,0,44.61
R1-CA-2_LGD-1,dkegedgp-1,Cluster 2,0,68.55
R1-CA-2_LGD-1,dkekobon-1,Cluster 2,0,75.09
R1-CA-2_LGD-1,dkeipalm-1,Cluster 18,0,244.30
R1-CA-2_LGD-1,dkegojjp-1,Cluster 14,0,40.32
R1-CA-2_LGD-1,mhjhnmal-1,Cluster 18,0,16.93
R1-CA-2_LGD-1,dkehgkio-1,Cluster 18,0,48.27
R1-CA-2_LGD-1,dkegknjk-1,Cluster 18,0,38.02
R1-CA-2_LGD-1,dkehbcic-1,Cluster 14,0,95.42
R1-CA-2_LGD-1,dkeinogm-1,Cluster 10,0,41.95
R1-CA-2_LGD-1,dkejapao-1,Cluster 2,0,63.13
R1-CA-2_LGD-1,mhjokafm-1,Cluster 2,0,54.86
R1-CA-2_LGD-1,dkegjncb-1,Cluster 18,0,77.94
R1-CA-2_LGD-1,mhjianah-1,Cluster 18,0,36.13
R1-CA-2_LGD-1,mhjnjjej-1,Cluster 14,0,43.71
R1-CA-2_LGD-1,mhjnehgm-1,Cluster 18,0,65.88
R1-CA-2_LGD-1,mhjhoeii-1,Cluster 18,0,38.70
R1-CA-2_LGD-1,dpadcahb-1,Cluster 14,0,91.08
R1-CA-2_LGD-1,mkhlmbab-1,Cluster 6,0,18.83
R1-CA-2_LGD-1,mkhlogkp-1,Cluster 10,0,133.21
R1-CA-2_LGD-1,mkhajdjc-1,Cluster 2,0,162.25
R1-CA-2_LGD-1,mkhdfclc-1,Cluster 6,0,61.59
R1-CA-2_LGD-1,mkhdidhm-1,Cluster 3,0,41.59
R1-CA-2_LGD-1,ogagjgjj-1,Cluster 6,0,137.91
R1-CA-2_LGD-1,dpaddbhc-1,Cluster 10,0,95.55
R1-CA-2_LGD-1,mkibpipn-1,Cluster 17,0,76.22
R1-CA-2_LGD-1,mkiboajj-1,Cluster 3,0,18.92
R1-CA-2_LGD-1,mkiamddl-1,Cluster 10,0,14.95
R1-CA-2_LGD-1,mkiapada-1,Cluster 3,0,34.82
R1-CA-2_LGD-1,dpadbaac-1,Cluster 10,0,58.52
R1-CA-2_LGD-1,mkhcklpi-1,Cluster 6,0,16.75
R1-CA-2_LGD-1,mkialegb-1,Cluster 17,0,18.06
R1-CA-2_LGD-1,dpacpgja-1,Cluster 10,0,42.36
R1-CA-2_LGD-1,dpacpjjn-1,Cluster 10,0,19.73
R1-CA-2_LGD-1,mkiahjan-1,Cluster 10,0,75.55
R1-CA-2_LGD-1,mkibojcj-1,Cluster 17,0,120.66
R1-CA-2_LGD-1,mkhcnnmi-1,Cluster 10,0,50.85
R1-CA-2_LGD-1,mkibiebm-1,Cluster 17,0,47.23
R1-CA-2_LGD-1,dpacijhp-1,Cluster 10,0,41.72
R1-CA-2_LGD-1,dpacgoii-1,Cluster 2,0,50.30
R1-CA-2_LGD-1,dpacijfc-1,Cluster 10,0,48.14
R1-CA-2_LGD-1,mkibhegi-1,Cluster 6,0,36.31
R1-CA-2_LGD-1,dpabkiii-1,Cluster 2,0,69.59
R1-CA-2_LGD-1,mkhdbaab-1,Cluster 10,0,55.23
R1-CA-2_LGD-1,dpacjocl-1,Cluster 14,0,34.23
R1-CA-2_LGD-1,mkhcppbf-1,Cluster 6,0,79.88
R1-CA-2_LGD-1,mhjoppdp-1,Cluster 17,0,16.30
R1-CA-2_LGD-1,mhjpegih-1,Cluster 2,0,153.71
R1-CA-2_LGD-1,mkhccgfn-1,Cluster 3,0,11.42
R1-CA-2_LGD-1,dpabicik-1,Cluster 2,0,91.17
R1-CA-2_LGD-1,mkibfnof-1,Cluster 2,0,60.74
R1-CA-2_LGD-1,doppapni-1,Cluster 10,0,75.23
R1-CA-2_LGD-1,dkcioemf-1,Cluster 6,0,54.96
R1-CA-2_LGD-1,dopopikf-1,Cluster 10,0,126.80
R1-CA-2_LGD-1,dopooone-1,Cluster 10,0,52.92
R1-CA-2_LGD-1,mkhahjgg-1,Cluster 6,0,88.82
R1-CA-2_LGD-1,dkcifejp-1,Cluster 10,0,65.93
R1-CA-2_LGD-1,dopoeimn-1,Cluster 10,0,42.31
R1-CA-2_LGD-1,dopogmfa-1,Cluster 2,0,54.14
R1-CA-2_LGD-1,dopohadc-1,Cluster 17,0,55.63
R1-CA-2_LGD-1,mkhdbcbi-1,Cluster 17,0,46.24
R1-CA-2_LGD-1,ogaedhfb-1,Cluster 17,0,74.33
R1-CA-2_LGD-1,mkhdcjfb-1,Cluster 2,0,90.31
R1-CA-2_LGD-1,dopocjpp-1,Cluster 10,0,50.62
R1-CA-2_LGD-1,ogadllpf-1,Cluster 3,0,51.25
R1-CA-2_LGD-1,dkchkake-1,Cluster 2,0,152.81
R1-CA-2_LGD-1,doponhma-1,Cluster 3,0,106.03
R1-CA-2_LGD-1,mkhcadlj-1,Cluster 3,0,23.80
R1-CA-2_LGD-1,mkhcbjcb-1,Cluster 17,0,36.53
R1-CA-2_LGD-1,mkhddmbm-1,Cluster 17,0,104.81
R1-CA-2_LGD-1,mkhdhgdf-1,Cluster 17,0,88.55
R1-CA-2_LGD-1,dopoelcd-1,Cluster 14,0,54.82
R1-CA-2_LGD-1,mhjpkboa-1,Cluster 3,0,38.92
R1-CA-2_LGD-1,mkhbnpce-1,Cluster 17,0,100.97
R1-CA-2_LGD-1,ogaeabho-1,Cluster 3,0,62.18
R1-CA-2_LGD-1,mkhckbej-1,Cluster 2,0,117.54
R1-CA-2_LGD-1,mkhdbofe-1,Cluster 10,0,179.99
R1-CA-2_LGD-1,ogaedfgl-1,Cluster 3,0,19.10
R1-CA-2_LGD-1,dkchmhpl-1,Cluster 17,0,45.83
R1-CA-2_LGD-1,mhjpdogg-1,Cluster 10,0,86.97
R1-CA-2_LGD-1,dkekgfpb-1,Cluster 14,0,95.37
R1-CA-2_LGD-1,dkejplnl-1,Cluster 18,0,137.59
R1-CA-2_LGD-1,dkeklblb-1,Cluster 18,0,74.15
R1-CA-2_LGD-1,dkekfkmf-1,Cluster 6,0,39.60
R1-CA-2_LGD-1,dkeldbib-1,Cluster 17,0,21.09
R1-CA-2_LGD-1,dkelbeae-1,Cluster 6,0,37.71
R1-CA-2_LGD-1,mhjpcjhp-1,Cluster 10,0,67.73
R1-CA-2_LGD-1,dkekfogf-1,Cluster 14,0,49.90
R1-CA-2_LGD-1,mkhaopgo-1,Cluster 2,0,28.22
R1-CA-2_LGD-1,dpaeidom-1,Cluster 2,0,36.58
R1-CA-2_LGD-1,dpadpipm-1,Cluster 2,0,39.11
R1-CA-2_LGD-1,mkhajfdm-1,Cluster 18,0,32.51
R1-CA-2_LGD-1,dpaefmaa-1,Cluster 2,0,65.84
R1-CA-2_LGD-1,dkchnkie-1,Cluster 2,0,34.27
R1-CA-2_LGD-1,dkchnnoc-1,Cluster 18,0,30.80
R1-CA-2_LGD-1,mkhaidph-1,Cluster 6,0,51.34
R1-CA-2_LGD-1,dopoonjd-1,Cluster 17,0,19.96
R1-CA-2_LGD-1,dpaeaodi-1,Cluster 6,0,86.65
R1-CA-2_LGD-1,dkcjimnp-1,Cluster 10,0,34.41
R1-CA-2_LGD-1,dpaecjpb-1,Cluster 17,0,62.50
R1-CA-2_LGD-1,doppbmcd-1,Cluster 10,0,31.25
R1-CA-2_LGD-1,dkcdkgfn-1,Cluster 2,0,37.21
R1-CA-2_LGD-1,dkefglnd-1,Cluster 2,0,41.72
R1-CA-2_LGD-1,mhjiljbk-1,Cluster 12,0,47.14
R1-CA-2_LGD-1,mhjiiepd-1,Cluster 18,0,71.30
R1-CA-2_LGD-1,mhjhnmgm-1,Cluster 2,0,35.04
R1-CA-2_LGD-1,mhjmikol-1,Cluster 1,0,44.66
R1-CA-2_LGD-1,mhjmkmjp-1,Cluster 5,0,69.09
R1-CA-2_LGD-1,mhjibdho-1,Cluster 14,0,48.68
R1-CA-2_LGD-1,mhjiehom-1,Cluster 14,0,100.65
R1-CA-2_LGD-1,mhjicpbn-1,Cluster 14,0,107.11
R1-CA-2_LGD-1,dkeilgfm-1,Cluster 14,0,49.54
R1-CA-2_LGD-1,dkeiamln-1,Cluster 2,0,58.39
R1-CA-2_LGD-1,mhjjhnfp-1,Cluster 14,0,69.31
R1-CA-2_LGD-1,mhjjgfpp-1,Cluster 6,0,61.73
R1-CA-2_LGD-1,mhjimfjf-1,Cluster 10,0,25.92
R1-CA-2_LGD-1,mhjjhhea-1,Cluster 5,0,78.21
R1-CA-2_LGD-1,mhjmhpck-1,Cluster 16,0,47.19
R1-CA-2_LGD-1,mhjjbnmn-1,Cluster 6,0,37.21
R1-CA-2_LGD-1,mhjikjen-1,Cluster 14,0,110.90
R1-CA-2_LGD-1,mhjiooop-1,Cluster 2,0,32.60
R1-CA-2_LGD-1,mhjmfacc-1,Cluster 13,0,62.32
R1-CA-2_LGD-1,mhjineoe-1,Cluster 14,0,41.23
R1-CA-2_LGD-1,mhjimghl-1,Cluster 14,0,33.24
R1-CA-2_LGD-1,mhjjfbla-1,Cluster 6,0,40.87
R1-CA-2_LGD-1,dkeicmdk-1,Cluster 6,0,44.25
R1-CA-2_LGD-1,mhkakmaj-1,Cluster 14,0,52.43
R1-CA-2_LGD-1,dkcogcif-1,Cluster 6,0,150.51
R1-CA-2_LGD-1,dkcoekop-1,Cluster 6,0,81.28
R1-CA-2_LGD-1,dkeifcdh-1,Cluster 6,0,56.08
R1-CA-2_LGD-1,mhkdkhni-1,Cluster 2,0,62.23
R1-CA-2_LGD-1,mhkdihhl-1,Cluster 10,0,124.68
R1-CA-2_LGD-1,mhkdgjlp-1,Cluster 6,0,19.19
R1-CA-2_LGD-1,dkehogla-1,Cluster 18,0,44.12
R1-CA-2_LGD-1,dkcodold-1,Cluster 6,0,147.93
R1-CA-2_LGD-1,mhjmhnkg-1,Cluster 1,0,23.80
R1-CA-2_LGD-1,dkcoepae-1,Cluster 6,0,46.96
R1-CA-2_LGD-1,ofpagfik-1,Cluster 3,0,13.95
R1-CA-2_LGD-1,dkeimjlk-1,Cluster 14,0,64.44
R1-CA-2_LGD-1,dkcobmdk-1,Cluster 10,0,66.92
R1-CA-2_LGD-1,dkeidefc-1,Cluster 2,0,44.30
R1-CA-2_LGD-1,mhjplaah-1,Cluster 16,0,60.37
R1-CA-2_LGD-1,mhkafjhk-1,Cluster 6,0,15.85
R1-CA-2_LGD-1,mhkafckn-1,Cluster 6,0,87.78
R1-CA-2_LGD-1,dkeficgc-1,Cluster 18,0,93.70
R1-CA-2_LGD-1,mkhcebhb-1,Cluster 10,0,52.16
R1-CA-2_LGD-1,mkhcgpih-1,Cluster 14,0,104.27
R1-CA-2_LGD-1,dkefldki-1,Cluster 6,0,38.25
R1-CA-2_LGD-1,mkhbjggj-1,Cluster 6,0,119.57
R1-CA-2_LGD-1,mhjplnln-1,Cluster 1,0,22.08
R1-CA-2_LGD-1,mkhbimde-1,Cluster 6,0,29.94
R1-CA-2_LGD-1,mhjpnicl-1,Cluster 5,0,27.77
R1-CA-2_LGD-1,mhjodmkn-1,Cluster 10,0,75.28
R1-CA-2_LGD-1,mhjobkmg-1,Cluster 10,0,65.97
R1-CA-2_LGD-1,dkefjibd-1,Cluster 6,0,64.08
R1-CA-2_LGD-1,dkefimhn-1,Cluster 14,0,47.46
R1-CA-2_LGD-1,mhjocane-1,Cluster 6,0,19.51
R1-CA-2_LGD-1,mkhbkhoc-1,Cluster 6,0,27.86
R1-CA-2_LGD-1,mhjobabo-1,Cluster 10,0,59.15
R1-CA-2_LGD-1,mhkachgl-1,Cluster 8,0,61.82
R1-CA-2_LGD-1,mhkaenff-1,Cluster 6,0,96.00
R1-CA-2_LGD-1,dkehbdff-1,Cluster 18,0,51.57
R1-CA-2_LGD-1,mhkaalfb-1,Cluster 13,0,48.05
R1-CA-2_LGD-1,mhjppgdb-1,Cluster 1,0,29.53
R1-CA-2_LGD-1,mhkaejpb-1,Cluster 16,0,85.48
R1-CA-2_LGD-1,mhjnnalh-1,Cluster 14,0,185.01
R1-CA-2_LGD-1,mhjnlggh-1,Cluster 14,0,136.46
R1-CA-2_LGD-1,mhjnljih-1,Cluster 14,0,49.81
R1-CA-2_LGD-1,mhjpkieh-1,Cluster 10,0,43.76
R1-CA-2_LGD-1,mhkaemog-1,Cluster 13,0,52.97
R1-CA-2_LGD-1,mhkaejik-1,Cluster 14,0,76.00
R1-CA-2_LGD-1,dkehogbo-1,Cluster 10,0,62.90
R1-CA-2_LGD-1,mhjmbahb-1,Cluster 16,0,63.35
R1-CA-2_LGD-1,dkehodld-1,Cluster 24,0,60.51
R1-CA-2_LGD-1,mhjihpfp-1,Cluster 2,0,31.11
R1-CA-2_LGD-1,mhjijkbh-1,Cluster 14,0,60.19
R1-CA-2_LGD-1,mhjllmab-1,Cluster 1,0,12.73
R1-CA-2_LGD-1,mhjmljkm-1,Cluster 1,0,101.96
R1-CA-2_LGD-1,mhjejemh-1,Cluster 17,0,16.21
R1-CA-2_LGD-1,mhjhjclc-1,Cluster 6,0,75.00
R1-CA-2_LGD-1,mhjmkhhh-1,Cluster 5,0,25.47
R1-CA-2_LGD-1,mhjhllik-1,Cluster 14,0,59.02
R1-CA-2_LGD-1,mhjhjjph-1,Cluster 14,0,24.16
R1-CA-2_LGD-1,ofpagkmo-1,Cluster 3,0,10.39
R1-CA-2_LGD-1,mhjgmfhp-1,Cluster 16,0,68.19
R1-CA-2_LGD-1,mhjfmkan-1,Cluster 5,0,31.29
R1-CA-2_LGD-1,mhjhffpj-1,Cluster 18,0,106.21
R1-CA-2_LGD-1,mhjilhmg-1,Cluster 13,0,99.48
R1-CA-2_LGD-1,dkedbiln-1,Cluster 2,0,71.62
R1-CA-2_LGD-1,mhjfoopc-1,Cluster 12,0,32.02
R1-CA-2_LGD-1,dkeddadg-1,Cluster 18,0,120.21
R1-CA-2_LGD-1,mhjmfcce-1,Cluster 8,0,71.71
R1-CA-2_LGD-1,mhjfjbom-1,Cluster 12,0,14.36
R1-CA-2_LGD-1,dkecphcl-1,Cluster 10,0,127.75
R1-CA-2_LGD-1,mhjhddoh-1,Cluster 14,0,123.05
R1-CA-2_LGD-1,mhjiokhl-1,Cluster 6,0,37.52
R1-CA-2_LGD-1,mhjhkbcj-1,Cluster 18,0,130.55
R1-CA-2_LGD-1,mhjgmlnn-1,Cluster 2,0,98.80
R1-CA-2_LGD-1,mhjghnfk-1,Cluster 2,0,35.18
R1-CA-2_LGD-1,mhjfhamh-1,Cluster 14,0,68.10
R1-CA-2_LGD-1,dkeiikgo-1,Cluster 2,0,36.80
R1-CA-2_LGD-1,dkedlico-1,Cluster 10,0,112.94
R1-CA-2_LGD-1,mhjffdpg-1,Cluster 6,0,44.84
R1-CA-2_LGD-1,mhjfackf-1,Cluster 6,0,107.20
R1-CA-2_LGD-1,mhjflbih-1,Cluster 2,0,75.19
R1-CA-2_LGD-1,mhkfnpcj-1,Cluster 14,0,166.27
R1-CA-2_LGD-1,mhjgfchf-1,Cluster 10,0,59.43
R1-CA-2_LGD-1,mhjfaema-1,Cluster 2,0,53.56
R1-CA-2_LGD-1,dkcoaoon-1,Cluster 10,0,188.03
R1-CA-2_LGD-1,mhjiokca-1,Cluster 6,0,15.94
R1-CA-2_LGD-1,mhjhakic-1,Cluster 13,0,33.51
R1-CA-2_LGD-1,mhkfmonb-1,Cluster 14,0,76.49
R1-CA-2_LGD-1,dkedkljo-1,Cluster 18,0,103.09
R1-CA-2_LGD-1,mhjfkkpm-1,Cluster 14,0,32.56
R1-CA-2_LGD-1,dkdojoja-1,Cluster 18,0,123.95
R1-CA-2_LGD-1,mhjbkeag-1,Cluster 14,0,49.27
R1-CA-2_LGD-1,mkhbnghl-1,Cluster 8,0,75.91
R1-CA-2_LGD-1,dkdnoide-1,Cluster 1,0,72.16
R1-CA-2_LGD-1,mhjbkjha-1,Cluster 14,0,44.84
R1-CA-2_LGD-1,mhjdlobm-1,Cluster 6,0,42.99
R1-CA-2_LGD-1,mhjbbpkd-1,Cluster 14,0,32.15
R1-CA-2_LGD-1,mhjdbpca-1,Cluster 10,0,120.03
R1-CA-2_LGD-1,mhjcfgie-1,Cluster 14,0,118.99
R1-CA-2_LGD-1,mhjcckbb-1,Cluster 8,0,85.30
R1-CA-2_LGD-1,mhjbpfpf-1,Cluster 18,0,153.85
R1-CA-2_LGD-1,mhjdghci-1,Cluster 18,0,62.14
R1-CA-2_LGD-1,mhjclofp-1,Cluster 10,0,128.61
R1-CA-2_LGD-1,dkdnpoal-1,Cluster 18,0,134.34
R1-CA-2_LGD-1,mhjbpgce-1,Cluster 10,0,137.55
R1-CA-2_LGD-1,mhjdeada-1,Cluster 6,0,61.28
R1-CA-2_LGD-1,mhjbanei-1,Cluster 6,0,73.88
R1-CA-2_LGD-1,dkdokkgi-1,Cluster 2,0,163.92
R1-CA-2_LGD-1,dkdolbek-1,Cluster 6,0,50.35
R1-CA-2_LGD-1,mhjcdbha-1,Cluster 10,0,89.45
R1-CA-2_LGD-1,dkdominm-1,Cluster 2,0,60.60
R1-CA-2_LGD-1,mhjckbgn-1,Cluster 10,0,49.08
R1-CA-2_LGD-1,dkdolfhc-1,Cluster 18,0,75.09
R1-CA-2_LGD-1,dkefdngp-1,Cluster 14,0,38.61
R1-CA-2_LGD-1,dkdojppa-1,Cluster 6,0,30.84
R1-CA-2_LGD-1,dkeceocj-1,Cluster 2,0,113.97
R1-CA-2_LGD-1,mhjeliho-1,Cluster 3,0,21.77
R1-CA-2_LGD-1,mhjeclae-1,Cluster 12,0,34.95
R1-CA-2_LGD-1,mhjebkfn-1,Cluster 2,0,54.32
R1-CA-2_LGD-1,mhjefpbc-1,Cluster 18,0,118.44
R1-CA-2_LGD-1,mhjemnif-1,Cluster 2,0,65.84
R1-CA-2_LGD-1,dkeckdeg-1,Cluster 2,0,100.52
R1-CA-2_LGD-1,dkecdkle-1,Cluster 14,0,175.48
R1-CA-2_LGD-1,mhjecalp-1,Cluster 6,0,58.25
R1-CA-2_LGD-1,mhjejcgo-1,Cluster 2,0,69.95
R1-CA-2_LGD-1,dkefbbkl-1,Cluster 18,0,50.08
R1-CA-2_LGD-1,mkhbafdp-1,Cluster 2,0,45.11
R1-CA-2_LGD-1,dkcjjjga-1,Cluster 2,0,70.26
R1-CA-2_LGD-1,dkcjjmbm-1,Cluster 2,0,26.15
R1-CA-2_LGD-1,dkchmgkm-1,Cluster 10,0,94.74
R1-CA-2_LGD-1,dkclaeia-1,Cluster 2,0,38.92
R1-CA-2_LGD-1,dkchkmhh-1,Cluster 9,0,67.10
R1-CA-2_LGD-1,dkckbdmm-1,Cluster 2,0,51.57
R1-CA-2_LGD-1,dkclchdk-1,Cluster 10,0,60.83
R1-CA-2_LGD-1,mkhafahi-1,Cluster 17,0,26.06
R1-CA-2_LGD-1,dkckhooh-1,Cluster 17,0,45.34
R1-CA-2_LGD-1,dkckolbd-1,Cluster 6,0,29.08
R1-CA-2_LGD-1,dkclbefm-1,Cluster 10,0,70.94
R1-CA-2_LGD-1,dkcgmnck-1,Cluster 17,0,37.07
R1-CA-2_LGD-1,mkhbcdfh-1,Cluster 6,0,176.06
R1-CA-2_LGD-1,mkhbdggn-1,Cluster 10,0,149.02
R1-CA-2_LGD-1,dkckhhcj-1,Cluster 6,0,164.91
R1-CA-2_LGD-1,mkhbhmbo-1,Cluster 10,0,43.85
R1-CA-2_LGD-1,dkchjcfd-1,Cluster 2,0,32.29
R1-CA-2_LGD-1,dkclclme-1,Cluster 17,0,29.71
R1-CA-2_LGD-1,dkchgjcm-1,Cluster 14,0,51.52
R1-CA-2_LGD-1,dkchhend-1,Cluster 6,0,20.95
R1-CA-2_LGD-1,mkhbcbcp-1,Cluster 2,0,68.05
R1-CA-2_LGD-1,dkcgnnaf-1,Cluster 10,0,42.18
R1-CA-2_LGD-1,dkegbdfn-1,Cluster 2,0,44.89
R1-CA-2_LGD-1,dkcmjgni-1,Cluster 17,0,36.26
R1-CA-2_LGD-1,dkefleio-1,Cluster 14,0,34.45
R1-CA-2_LGD-1,dkcmkkgj-1,Cluster 10,0,22.13
R1-CA-2_LGD-1,dkchiifo-1,Cluster 14,0,29.31
R1-CA-2_LGD-1,dkckbgin-1,Cluster 9,0,21.95
R1-CA-2_LGD-1,mkhbamoh-1,Cluster 6,0,137.00
R1-CA-2_LGD-1,mkgpffjk-1,Cluster 2,0,185.82
R1-CA-2_LGD-1,dkchbmjf-1,Cluster 6,0,37.80
R1-CA-2_LGD-1,dkefhocm-1,Cluster 18,0,75.09
R1-CA-2_LGD-1,mhjoadlg-1,Cluster 17,0,26.96
R1-CA-2_LGD-1,dkcmjhcp-1,Cluster 17,0,44.30
R1-CA-2_LGD-1,dkegbonc-1,Cluster 14,0,108.65
R1-CA-2_LGD-1,dkefobdp-1,Cluster 18,0,197.24
R1-CA-2_LGD-1,dkcjgkjk-1,Cluster 17,0,33.42
R1-CA-2_LGD-1,mkhahagh-1,Cluster 14,0,126.12
R1-CA-2_LGD-1,dkchogni-1,Cluster 14,0,64.80
R1-CA-2_LGD-1,mkhafijl-1,Cluster 10,0,114.38
R1-CA-2_LGD-1,dkcjijde-1,Cluster 2,0,58.61
R1-CA-2_LGD-1,dkcijndp-1,Cluster 17,0,16.48
R1-CA-2_LGD-1,mkhagdkd-1,Cluster 12,0,40.05
R1-CA-2_LGD-1,dkcjeobf-1,Cluster 17,0,25.92
R1-CA-2_LGD-1,dkcjfcdj-1,Cluster 2,0,63.90
R1-CA-2_LGD-1,mkhabffm-1,Cluster 17,0,27.82
R1-CA-2_LGD-1,dkcjempc-1,Cluster 2,0,35.13
R1-CA-2_LGD-1,dkciccpj-1,Cluster 10,0,30.39
R1-CA-2_LGD-1,dkcjelol-1,Cluster 2,0,37.25
R1-CA-2_LGD-1,dkcigmmg-1,Cluster 14,0,137.55
R1-CA-2_LGD-1,dkcijfcj-1,Cluster 10,0,45.83
R1-CA-2_LGD-1,dkcibgaf-1,Cluster 10,0,26.51
R1-CA-2_LGD-1,dkcihamj-1,Cluster 10,0,38.43
R1-CA-2_LGD-1,mkhbagll-1,Cluster 10,0,34.14
R1-CA-2_LGD-1,dkdndjaj-1,Cluster 10,0,33.01
R1-CA-2_LGD-1,dkdonnpd-1,Cluster 19,0,20.77
R1-CA-2_LGD-1,dkeafjoh-1,Cluster 2,0,24.66
R1-CA-2_LGD-1,mkgoajci-1,Cluster 2,0,30.07
R1-CA-2_LGD-1,dkdnjgdk-1,Cluster 17,0,22.62
R1-CA-2_LGD-1,dkeaejpf-1,Cluster 17,0,35.31
R1-CA-2_LGD-1,dkdnhlhd-1,Cluster 6,0,38.74
R1-CA-2_LGD-1,dkdpbmma-1,Cluster 18,0,46.01
R1-CA-2_LGD-1,dkeagmfn-1,Cluster 2,0,43.17
R1-CA-2_LGD-1,ofpafkgk-1,Cluster 8,0,13.55
R1-CA-2_LGD-1,mhjbclno-1,Cluster 17,0,24.02
R1-CA-2_LGD-1,dkdmpkae-1,Cluster 2,0,45.74
R1-CA-2_LGD-1,mkgoigja-1,Cluster 2,0,62.68
R1-CA-2_LGD-1,dkdpbkmk-1,Cluster 6,0,37.52
R1-CA-2_LGD-1,dkeagidm-1,Cluster 2,0,47.23
R1-CA-2_LGD-1,dkeaflno-1,Cluster 2,0,33.55
R1-CA-2_LGD-1,mhjbcpop-1,Cluster 6,0,59.25
R1-CA-2_LGD-1,dkdpgaam-1,Cluster 2,0,28.04
R1-CA-2_LGD-1,dkeabege-1,Cluster 3,0,27.23
R1-CA-2_LGD-1,dkeacnkk-1,Cluster 2,0,39.24
R1-CA-2_LGD-1,dkdnjbkc-1,Cluster 2,0,58.75
R1-CA-2_LGD-1,dkdnodkj-1,Cluster 18,0,59.25
R1-CA-2_LGD-1,mkgocleg-1,Cluster 6,0,94.20
R1-CA-2_LGD-1,mkgojjmo-1,Cluster 9,0,18.42
R1-CA-2_LGD-1,dkdpcnah-1,Cluster 2,0,50.89
R1-CA-2_LGD-1,mkgnppmm-1,Cluster 10,0,54.37
R1-CA-2_LGD-1,dkdpcpgc-1,Cluster 2,0,21.40
R1-CA-2_LGD-1,dkdnkild-1,Cluster 6,0,34.95
R1-CA-2_LGD-1,mkgokapj-1,Cluster 2,0,22.98
R1-CA-2_LGD-1,mhjbdhfn-1,Cluster 1,0,42.67
R1-CA-2_LGD-1,dkeadjco-1,Cluster 14,0,30.80
R1-CA-2_LGD-1,dkdpiobm-1,Cluster 17,0,30.62
R1-CA-2_LGD-1,mkgokjha-1,Cluster 9,0,31.25
R1-CA-2_LGD-1,dkdmpgia-1,Cluster 2,0,47.14
R1-CA-2_LGD-1,dkdpcmcb-1,Cluster 18,0,47.46
R1-CA-2_LGD-1,mkhicofn-1,Cluster 2,0,90.81
R1-CA-2_LGD-1,mkgoccjf-1,Cluster 2,0,69.27
R1-CA-2_LGD-1,dkcmmilk-1,Cluster 6,0,39.74
R1-CA-2_LGD-1,dkcmlien-1,Cluster 17,0,30.30
R1-CA-2_LGD-1,dkclcnop-1,Cluster 8,0,65.30
R1-CA-2_LGD-1,dkdmojam-1,Cluster 10,0,39.78
R1-CA-2_LGD-1,mkgpdcko-1,Cluster 2,0,45.83
R1-CA-2_LGD-1,dkcleifo-1,Cluster 10,0,150.91
R1-CA-2_LGD-1,mkgpijdb-1,Cluster 2,0,84.53
R1-CA-2_LGD-1,dkcligmj-1,Cluster 6,0,93.56
R1-CA-2_LGD-1,mkgpabjg-1,Cluster 10,0,25.87
R1-CA-2_LGD-1,dkcmilpa-1,Cluster 2,0,39.69
R1-CA-2_LGD-1,dkclglgh-1,Cluster 2,0,72.43
R1-CA-2_LGD-1,dkclpojd-1,Cluster 14,0,32.20
R1-CA-2_LGD-1,dkcdfnbd-1,Cluster 6,0,28.27
R1-CA-2_LGD-1,dkcdnplc-1,Cluster 10,0,27.82
R1-CA-2_LGD-1,dkcmomcc-1,Cluster 10,0,77.98
R1-CA-2_LGD-1,dkcmpdgh-1,Cluster 6,0,18.33
R1-CA-2_LGD-1,dkclkade-1,Cluster 2,0,59.88
R1-CA-2_LGD-1,dkclkbnp-1,Cluster 2,0,62.23
R1-CA-2_LGD-1,mkgokmpk-1,Cluster 14,0,71.80
R1-CA-2_LGD-1,mkhaaech-1,Cluster 2,0,22.67
R1-CA-2_LGD-1,dkcmmofh-1,Cluster 2,0,54.05
R1-CA-2_LGD-1,mkgnonlc-1,Cluster 16,0,89.73
R1-CA-2_LGD-1,dkclgpci-1,Cluster 2,0,140.30
R1-CA-2_LGD-1,mkgooimk-1,Cluster 3,0,33.37
R1-CA-2_LGD-1,mkgopbok-1,Cluster 17,0,20.59
R1-CA-2_LGD-1,mkgopglj-1,Cluster 10,0,20.64
R1-CA-2_LGD-1,mkgpbopf-1,Cluster 2,0,22.76
R1-CA-2_LGD-1,mkhabfae-1,Cluster 17,0,18.06
R1-CA-2_LGD-1,mkgplang-1,Cluster 6,0,33.33
R1-CA-2_LGD-1,mkgopaod-1,Cluster 18,0,94.56
R1-CA-2_LGD-1,dkcdjfme-1,Cluster 6,0,39.29
R1-CA-2_LGD-1,dkcdjdge-1,Cluster 2,0,38.61
R1-CA-2_LGD-1,dkccocha-1,Cluster 2,0,52.83
R1-CA-2_LGD-1,mkhkbdde-1,Cluster 6,0,19.78
R1-CA-2_LGD-1,mhiemojn-1,Cluster 2,0,16.80
R1-CA-2_LGD-1,mhjdjdkj-1,Cluster 10,0,104.76
R1-CA-2_LGD-1,mhiedaho-1,Cluster 3,0,22.58
R1-CA-2_LGD-1,mhidlcoh-1,Cluster 14,0,72.93
R1-CA-2_LGD-1,ofopghng-1,Cluster 3,0,81.55
R1-CA-2_LGD-1,ofopmbod-1,Cluster 3,0,34.18
R1-CA-2_LGD-1,mhidlgca-1,Cluster 14,0,104.67
R1-CA-2_LGD-1,mhidlpfn-1,Cluster 14,0,133.75
R1-CA-2_LGD-1,mhidohpi-1,Cluster 17,0,70.26
R1-CA-2_LGD-1,dkechgjk-1,Cluster 24,0,90.58
R1-CA-2_LGD-1,mhjejphb-1,Cluster 18,0,102.73
R1-CA-2_LGD-1,dkecghdh-1,Cluster 17,0,36.08
R1-CA-2_LGD-1,mhjelpic-1,Cluster 17,0,110.77
R1-CA-2_LGD-1,mhifafak-1,Cluster 3,0,68.28
R1-CA-2_LGD-1,mhjejokl-1,Cluster 6,0,90.31
R1-CA-2_LGD-1,mhifdjld-1,Cluster 6,0,161.89
R1-CA-2_LGD-1,dkecmiaj-1,Cluster 18,0,55.36
R1-CA-2_LGD-1,dkedmbji-1,Cluster 2,0,53.51
R1-CA-2_LGD-1,dkednnak-1,Cluster 18,0,44.52
R1-CA-2_LGD-1,dkedkfhi-1,Cluster 18,0,53.06
R1-CA-2_LGD-1,dkecoegh-1,Cluster 18,0,51.30
R1-CA-2_LGD-1,dkeecabp-1,Cluster 6,0,46.42
R1-CA-2_LGD-1,dkeebdbe-1,Cluster 14,0,54.64
R1-CA-2_LGD-1,dkeedmcp-1,Cluster 2,0,75.19
R1-CA-2_LGD-1,dkeednjj-1,Cluster 18,0,40.87
R1-CA-2_LGD-1,dkedbhdf-1,Cluster 18,0,59.02
R1-CA-2_LGD-1,mhjgnaic-1,Cluster 14,0,66.92
R1-CA-2_LGD-1,mhjfpkml-1,Cluster 6,0,39.56
R1-CA-2_LGD-1,ofpaihna-1,Cluster 17,0,130.50
R1-CA-2_LGD-1,mhimoobn-1,Cluster 6,0,28.27
R1-CA-2_LGD-1,mhjgeoel-1,Cluster 14,0,46.01
R1-CA-2_LGD-1,dkeclefb-1,Cluster 18,0,48.77
R1-CA-2_LGD-1,dkedolme-1,Cluster 19,0,23.89
R1-CA-2_LGD-1,mhifdhdm-1,Cluster 14,0,156.56
R1-CA-2_LGD-1,dkedichg-1,Cluster 10,0,183.47
R1-CA-2_LGD-1,dkedcfpc-1,Cluster 6,0,67.51
R1-CA-2_LGD-1,ofopmpem-1,Cluster 8,0,16.30
R1-CA-2_LGD-1,mhjepido-1,Cluster 18,0,51.93
R1-CA-2_LGD-1,dkcfhojg-1,Cluster 2,0,46.83
R1-CA-2_LGD-1,dkecddbn-1,Cluster 2,0,76.99
R1-CA-2_LGD-1,mkgohjhm-1,Cluster 2,0,108.83
R1-CA-2_LGD-1,dkceddei-1,Cluster 18,0,41.45
R1-CA-2_LGD-1,mkhhcjbn-1,Cluster 9,0,28.72
R1-CA-2_LGD-1,mkgoebpg-1,Cluster 2,0,30.21
R1-CA-2_LGD-1,dkdneaga-1,Cluster 2,0,37.43
R1-CA-2_LGD-1,mkhhgmdm-1,Cluster 6,0,66.83
R1-CA-2_LGD-1,dkecbbpa-1,Cluster 10,0,67.64
R1-CA-2_LGD-1,dkdngmho-1,Cluster 2,0,57.66
R1-CA-2_LGD-1,dkdngmki-1,Cluster 2,0,43.12
R1-CA-2_LGD-1,dkdnhjke-1,Cluster 10,0,42.31
R1-CA-2_LGD-1,mkhjdchg-1,Cluster 6,0,32.78
R1-CA-2_LGD-1,mkgoeifk-1,Cluster 6,0,67.28
R1-CA-2_LGD-1,mkhjdgdl-1,Cluster 2,0,47.41
R1-CA-2_LGD-1,dkcfidam-1,Cluster 10,0,39.02
R1-CA-2_LGD-1,mkhgpdnl-1,Cluster 10,0,60.01
R1-CA-2_LGD-1,mkhhpklj-1,Cluster 1,0,28.90
R1-CA-2_LGD-1,mkhhbdhk-1,Cluster 10,0,82.46
R1-CA-2_LGD-1,mkhgppeo-1,Cluster 10,0,57.35
R1-CA-2_LGD-1,dkebckep-1,Cluster 10,0,83.09
R1-CA-2_LGD-1,mhjbejao-1,Cluster 1,0,32.92
R1-CA-2_LGD-1,dkebfcjd-1,Cluster 17,0,49.72
R1-CA-2_LGD-1,dkeaomja-1,Cluster 17,0,146.22
R1-CA-2_LGD-1,mkhibdpd-1,Cluster 17,0,14.04
R1-CA-2_LGD-1,dkebacml-1,Cluster 17,0,88.24
R1-CA-2_LGD-1,mkhhphik-1,Cluster 2,0,37.66
R1-CA-2_LGD-1,dkebcehm-1,Cluster 17,0,34.82
R1-CA-2_LGD-1,mhjdhaif-1,Cluster 6,0,75.95
R1-CA-2_LGD-1,dkebcpgj-1,Cluster 17,0,23.07
R1-CA-2_LGD-1,dkeaoaeo-1,Cluster 17,0,46.69
R1-CA-2_LGD-1,dkebdphf-1,Cluster 14,0,49.99
R1-CA-2_LGD-1,dkebblni-1,Cluster 18,0,135.60
R1-CA-2_LGD-1,dkdoegcc-1,Cluster 14,0,104.49
R1-CA-2_LGD-1,dkdobjdo-1,Cluster 18,0,236.21
R1-CA-2_LGD-1,dkdofcfd-1,Cluster 6,0,90.85
R1-CA-2_LGD-1,dkeeopce-1,Cluster 2,0,70.17
R1-CA-2_LGD-1,dkeelpno-1,Cluster 17,0,26.15
R1-CA-2_LGD-1,dkeefpih-1,Cluster 17,0,60.28
R1-CA-2_LGD-1,dkeekagn-1,Cluster 2,0,60.01
R1-CA-2_LGD-1,mhiedlha-1,Cluster 2,0,56.58
R1-CA-2_LGD-1,dkeelhbo-1,Cluster 17,0,68.32
R1-CA-2_LGD-1,mhieidda-1,Cluster 6,0,76.68
R1-CA-2_LGD-1,mhiinfoh-1,Cluster 17,0,102.64
R1-CA-2_LGD-1,mhiedipc-1,Cluster 6,0,21.77
R1-CA-2_LGD-1,mhiekdcl-1,Cluster 2,0,65.70
R1-CA-2_LGD-1,mhijafbc-1,Cluster 3,0,16.12
R1-CA-2_LGD-1,dkdhhgko-1,Cluster 2,0,58.93
R1-CA-2_LGD-1,dkdhkdff-1,Cluster 6,0,80.38
R1-CA-2_LGD-1,mhiemibc-1,Cluster 2,0,73.74
R1-CA-2_LGD-1,dkeekogo-1,Cluster 18,0,42.22
R1-CA-2_LGD-1,mhifaake-1,Cluster 6,0,16.39
R1-CA-2_LGD-1,dkdicgfm-1,Cluster 2,0,65.84
R1-CA-2_LGD-1,mhiekifl-1,Cluster 6,0,41.95
R1-CA-2_LGD-1,mhikbdmj-1,Cluster 17,0,29.40
R1-CA-2_LGD-1,mhijboic-1,Cluster 3,0,13.86
R1-CA-2_LGD-1,mhijjlno-1,Cluster 6,0,36.89
R1-CA-2_LGD-1,dkdhikhi-1,Cluster 2,0,59.06
R1-CA-2_LGD-1,dkdifacp-1,Cluster 2,0,67.64
R1-CA-2_LGD-1,dkeeabjh-1,Cluster 18,0,24.43
R1-CA-2_LGD-1,mhijjfpl-1,Cluster 2,0,36.85
R1-CA-2_LGD-1,mhijnhic-1,Cluster 2,0,86.34
R1-CA-2_LGD-1,mhijhnkm-1,Cluster 6,0,23.57
R1-CA-2_LGD-1,mhijikoe-1,Cluster 6,0,48.50
R1-CA-2_LGD-1,mhimdlln-1,Cluster 17,0,13.28
R1-CA-2_LGD-1,mhimidnk-1,Cluster 14,0,197.60
R1-CA-2_LGD-1,mhimachp-1,Cluster 6,0,29.13
R1-CA-2_LGD-1,mhilpgdp-1,Cluster 10,0,60.92
R1-CA-2_LGD-1,mhimccfk-1,Cluster 9,0,22.04
R1-CA-2_LGD-1,mhimkblc-1,Cluster 6,0,33.33
R1-CA-2_LGD-1,dkdhfajh-1,Cluster 9,0,54.77
R1-CA-2_LGD-1,mhilpkam-1,Cluster 10,0,42.31
R1-CA-2_LGD-1,mhilnggm-1,Cluster 2,0,68.64
R1-CA-2_LGD-1,dkeahjea-1,Cluster 2,0,178.91
R1-CA-2_LGD-1,dkcbpbgd-1,Cluster 2,0,64.75
R1-CA-2_LGD-1,dkeckpal-1,Cluster 2,0,45.79
R1-CA-2_LGD-1,dkcbppnb-1,Cluster 6,0,95.82
R1-CA-2_LGD-1,dkcbpcng-1,Cluster 18,0,75.19
R1-CA-2_LGD-1,mhifgcen-1,Cluster 3,0,10.79
R1-CA-2_LGD-1,dkeblnbm-1,Cluster 6,0,153.17
R1-CA-2_LGD-1,dkecbpae-1,Cluster 2,0,111.85
R1-CA-2_LGD-1,mkhhhobe-1,Cluster 3,0,94.51
R1-CA-2_LGD-1,mhifhbbf-1,Cluster 6,0,31.02
R1-CA-2_LGD-1,mhiedgnb-1,Cluster 3,0,19.28
R1-CA-2_LGD-1,dkeajbol-1,Cluster 21,0,125.26
R1-CA-2_LGD-1,mkhhndpn-1,Cluster 17,0,79.34
R1-CA-2_LGD-1,dkecakfk-1,Cluster 10,0,64.12
R1-CA-2_LGD-1,mkhjficl-1,Cluster 10,0,62.50
R1-CA-2_LGD-1,dkebhedm-1,Cluster 10,0,111.45
R1-CA-2_LGD-1,mkhhjgbn-1,Cluster 3,0,21.36
R1-CA-2_LGD-1,mkhjkhnb-1,Cluster 3,0,37.34
R1-CA-2_LGD-1,dkecajhj-1,Cluster 10,0,97.22
R1-CA-2_LGD-1,mkhjnmoc-1,Cluster 3,0,30.93
R1-CA-2_LGD-1,ofpaafaf-1,Cluster 3,0,117.86
R1-CA-2_LGD-1,dkeemhon-1,Cluster 17,0,124.63
R1-CA-2_LGD-1,mkhjligl-1,Cluster 17,0,14.63
R1-CA-2_LGD-1,mkhgpchh-1,Cluster 6,0,23.89
R1-CA-2_LGD-1,mkhhngjk-1,Cluster 3,0,85.35
R1-CA-2_LGD-1,mhifgdgo-1,Cluster 17,0,55.90
R1-CA-2_LGD-1,dkeehoao-1,Cluster 17,0,45.38
R1-CA-2_LGD-1,ogaejago-1,Cluster 3,0,187.17
R1-CA-2_LGD-1,mkhjmhcc-1,Cluster 3,0,27.00
R1-CA-2_LGD-1,ogafeedd-1,Cluster 3,0,70.44
R1-CA-2_LGD-1,mhifgleb-1,Cluster 2,0,51.61
R1-CA-2_LGD-1,mkhhhacf-1,Cluster 3,0,67.55
R1-CA-2_LGD-1,dkeepicm-1,Cluster 3,0,67.24
R1-CA-2_LGD-1,mkhjhppo-1,Cluster 10,0,37.84
R1-CA-2_LGD-1,dkeejjcg-1,Cluster 6,0,51.84
R1-CA-2_LGD-1,dkcgebjd-1,Cluster 14,0,53.24
R1-CA-2_LGD-1,dkcncbkp-1,Cluster 18,0,69.04
R1-CA-2_LGD-1,dkcnegel-1,Cluster 2,0,38.11
R1-CA-2_LGD-1,dkcnfnmf-1,Cluster 18,0,55.77
R1-CA-2_LGD-1,dkclgnfj-1,Cluster 10,0,69.04
R1-CA-2_LGD-1,dkcneipa-1,Cluster 14,0,20.00
R1-CA-2_LGD-1,dkclgdea-1,Cluster 10,0,18.92
R1-CA-2_LGD-1,dkcnahal-1,Cluster 2,0,43.71
R1-CA-2_LGD-1,dkcneeop-1,Cluster 2,0,39.65
R1-CA-2_LGD-1,dkclgjgd-1,Cluster 10,0,77.44
R1-CA-2_LGD-1,dkcnaanb-1,Cluster 6,0,54.96
R1-CA-2_LGD-1,mkhdpknb-1,Cluster 10,0,28.72
R1-CA-2_LGD-1,dkclelpm-1,Cluster 10,0,105.67
R1-CA-2_LGD-1,dkcnhjpp-1,Cluster 2,0,63.17
R1-CA-2_LGD-1,dkcghdaf-1,Cluster 2,0,43.03
R1-CA-2_LGD-1,dkcdiilh-1,Cluster 10,0,64.93
R1-CA-2_LGD-1,dkcfdoma-1,Cluster 14,0,26.24
R1-CA-2_LGD-1,dkcmbbad-1,Cluster 14,0,42.49
R1-CA-2_LGD-1,dkcelcda-1,Cluster 10,0,28.04
R1-CA-2_LGD-1,dkcgjifm-1,Cluster 10,0,22.62
R1-CA-2_LGD-1,dkclpmem-1,Cluster 18,0,120.66
R1-CA-2_LGD-1,dkcnjepd-1,Cluster 18,0,57.48
R1-CA-2_LGD-1,dkccmnjj-1,Cluster 17,0,30.71
R1-CA-2_LGD-1,dkcllijf-1,Cluster 14,0,15.90
R1-CA-2_LGD-1,dkcnofdk-1,Cluster 18,0,45.25
R1-CA-2_LGD-1,dkceloam-1,Cluster 2,0,64.84
R1-CA-2_LGD-1,dkcmhnbc-1,Cluster 18,0,46.10
R1-CA-2_LGD-1,dkcghomb-1,Cluster 2,0,109.46
R1-CA-2_LGD-1,dkcfhcfg-1,Cluster 2,0,50.89
R1-CA-2_LGD-1,dkcdpcmi-1,Cluster 2,0,54.96
R1-CA-2_LGD-1,mkhiioma-1,Cluster 10,0,25.74
R1-CA-2_LGD-1,mkhigpbg-1,Cluster 10,0,63.67
R1-CA-2_LGD-1,dkcdgmbk-1,Cluster 10,0,42.04
R1-CA-2_LGD-1,mkhinfgm-1,Cluster 10,0,35.94
R1-CA-2_LGD-1,mkhjcnfa-1,Cluster 6,0,26.64
R1-CA-2_LGD-1,dkcflcac-1,Cluster 10,0,25.51
R1-CA-2_LGD-1,dkceenoc-1,Cluster 10,0,37.93
R1-CA-2_LGD-1,dkcgfjlb-1,Cluster 18,0,52.61
R1-CA-2_LGD-1,mkhebkjd-1,Cluster 10,0,79.84
R1-CA-2_LGD-1,dkccdpgf-1,Cluster 6,0,39.42
R1-CA-2_LGD-1,mkhfkooj-1,Cluster 17,0,38.97
R1-CA-2_LGD-1,mkhelmak-1,Cluster 20,0,56.17
R1-CA-2_LGD-1,mkhekjjk-1,Cluster 13,0,30.62
R1-CA-2_LGD-1,ogaeigai-1,Cluster 3,0,43.98
R1-CA-2_LGD-1,ogaefgna-1,Cluster 20,0,122.37
R1-CA-2_LGD-1,mkhilpbc-1,Cluster 2,0,87.06
R1-CA-2_LGD-1,mkhkceol-1,Cluster 21,0,76.59
R1-CA-2_LGD-1,mkhgejpa-1,Cluster 5,0,104.13
R1-CA-2_LGD-1,mkhgdcbh-1,Cluster 17,0,56.45
R1-CA-2_LGD-1,mkhgohcc-1,Cluster 13,0,60.33
R1-CA-2_LGD-1,mkhikmcb-1,Cluster 8,0,44.43
R1-CA-2_LGD-1,mkhgcalh-1,Cluster 5,0,85.71
R1-CA-2_LGD-1,mkhglelc-1,Cluster 13,0,52.74
R1-CA-2_LGD-1,dkcfkphm-1,Cluster 6,0,43.89
R1-CA-2_LGD-1,mkhining-1,Cluster 14,0,50.26
R1-CA-2_LGD-1,mkhgjbpe-1,Cluster 13,0,53.15
R1-CA-2_LGD-1,ogaehifn-1,Cluster 20,0,33.51
R1-CA-2_LGD-1,mkhiodml-1,Cluster 2,0,58.03
R1-CA-2_LGD-1,dkcfhafo-1,Cluster 14,0,76.04
R1-CA-2_LGD-1,mkhgjndk-1,Cluster 14,0,72.07
R1-CA-2_LGD-1,dkcceanj-1,Cluster 18,0,76.27
R1-CA-2_LGD-1,mkhkcaap-1,Cluster 6,0,21.90
R1-CA-2_LGD-1,mkhfonla-1,Cluster 5,0,132.67
R1-CA-2_LGD-1,dkccddgg-1,Cluster 3,0,41.36
R1-CA-2_LGD-1,mkhdphfm-1,Cluster 1,0,42.40
R1-CA-2_LGD-1,dkccalka-1,Cluster 2,0,68.28
R1-CA-2_LGD-1,mkhfmhim-1,Cluster 13,0,124.18
R1-CA-2_LGD-1,djnkmfbc-1,Cluster 10,0,52.47
R1-CA-2_LGD-1,miomfili-1,Cluster 5,0,37.12
R1-CA-2_LGD-1,miokholi-1,Cluster 10,0,90.49
R1-CA-2_LGD-1,djodfepm-1,Cluster 10,0,50.48
R1-CA-2_LGD-1,miphjpld-1,Cluster 3,0,26.24
R1-CA-2_LGD-1,djodhhjb-1,Cluster 17,0,57.94
R1-CA-2_LGD-1,mhiionfc-1,Cluster 3,0,25.29
R1-CA-2_LGD-1,ofpleohj-1,Cluster 3,0,119.39
R1-CA-2_LGD-1,mipgmjip-1,Cluster 3,0,9.35
R1-CA-2_LGD-1,ofplaaid-1,Cluster 3,0,27.95
R1-CA-2_LGD-1,dkdheogm-1,Cluster 17,0,89.36
R1-CA-2_LGD-1,mipgnlmj-1,Cluster 3,0,54.73
R1-CA-2_LGD-1,mipplalc-1,Cluster 3,0,26.15
R1-CA-2_LGD-1,mhilmlfi-1,Cluster 2,0,90.99
R1-CA-2_LGD-1,mipgmnpe-1,Cluster 3,0,7.99
R1-CA-2_LGD-1,mhikhjpd-1,Cluster 3,0,54.96
R1-CA-2_LGD-1,mipjljle-1,Cluster 3,0,47.41
R1-CA-2_LGD-1,djlpfpni-1,Cluster 17,0,68.50
R1-CA-2_LGD-1,mipgkmcm-1,Cluster 3,0,24.61
R1-CA-2_LGD-1,djochjaf-1,Cluster 10,0,76.54
R1-CA-2_LGD-1,miphadao-1,Cluster 17,0,21.31
R1-CA-2_LGD-1,miphcmom-1,Cluster 3,0,24.25
R1-CA-2_LGD-1,mipjhnea-1,Cluster 17,0,35.94
R1-CA-2_LGD-1,djoclkfa-1,Cluster 17,0,35.31
R1-CA-2_LGD-1,mipjlbnj-1,Cluster 3,0,48.14
R1-CA-2_LGD-1,djocpgne-1,Cluster 2,0,126.03
R1-CA-2_LGD-1,djodgbdm-1,Cluster 10,0,49.63
R1-CA-2_LGD-1,djlogkmp-1,Cluster 10,0,42.13
R1-CA-2_LGD-1,djodipge-1,Cluster 2,0,47.28
R1-CA-2_LGD-1,miohekeh-1,Cluster 3,0,26.37
R1-CA-2_LGD-1,djodaaph-1,Cluster 10,0,42.04
R1-CA-2_LGD-1,djodbeid-1,Cluster 2,0,50.26
R1-CA-2_LGD-1,djlobeha-1,Cluster 6,0,95.19
R1-CA-2_LGD-1,djodjhhp-1,Cluster 17,0,34.50
R1-CA-2_LGD-1,mhikhbpi-1,Cluster 17,0,62.95
R1-CA-2_LGD-1,mhijlbmj-1,Cluster 2,0,75.41
R1-CA-2_LGD-1,mhijkokd-1,Cluster 6,0,59.70
R1-CA-2_LGD-1,djodccgk-1,Cluster 10,0,59.74
R1-CA-2_LGD-1,djobmmhg-1,Cluster 10,0,30.12
R1-CA-2_LGD-1,djodibef-1,Cluster 10,0,17.84
R1-CA-2_LGD-1,mhikhoof-1,Cluster 3,0,69.09
R1-CA-2_LGD-1,miohpmie-1,Cluster 17,0,113.30
R1-CA-2_LGD-1,ofpidamc-1,Cluster 3,0,54.77
R1-CA-2_LGD-1,ofpjfpia-1,Cluster 3,0,6.59
R1-CA-2_LGD-1,ofpiieik-1,Cluster 3,0,33.01
R1-CA-2_LGD-1,ofpjfhbb-1,Cluster 3,0,23.93
R1-CA-2_LGD-1,miohiekn-1,Cluster 3,0,62.23
R1-CA-2_LGD-1,miogcjhb-1,Cluster 3,0,10.66
R1-CA-2_LGD-1,ofpihomg-1,Cluster 3,0,59.79
R1-CA-2_LGD-1,ofpikagh-1,Cluster 3,0,21.54
R1-CA-2_LGD-1,ofpjeeml-1,Cluster 3,0,6.46
R1-CA-2_LGD-1,miofhdda-1,Cluster 3,0,29.76
R1-CA-2_LGD-1,miojmnoi-1,Cluster 3,0,15.99
R1-CA-2_LGD-1,miognphm-1,Cluster 3,0,10.48
R1-CA-2_LGD-1,ofpjphhl-1,Cluster 3,0,57.62
R1-CA-2_LGD-1,miofnhke-1,Cluster 3,0,18.15
R1-CA-2_LGD-1,mioflhpi-1,Cluster 3,0,67.64
R1-CA-2_LGD-1,mioggogn-1,Cluster 3,0,19.64
R1-CA-2_LGD-1,miognopo-1,Cluster 3,0,12.24
R1-CA-2_LGD-1,miohkpkg-1,Cluster 3,0,59.11
R1-CA-2_LGD-1,ofpiejln-1,Cluster 3,0,73.56
R1-CA-2_LGD-1,miphbbga-1,Cluster 3,0,40.32
R1-CA-2_LGD-1,ofpilagi-1,Cluster 3,0,106.07
R1-CA-2_LGD-1,ofoponof-1,Cluster 3,0,90.18
R1-CA-2_LGD-1,mipgkjgp-1,Cluster 3,0,12.91
R1-CA-2_LGD-1,miohnajo-1,Cluster 3,0,437.65
R1-CA-2_LGD-1,ofoponoc-1,Cluster 3,0,106.48
R1-CA-2_LGD-1,ofpaaabe-1,Cluster 3,0,142.74
R1-CA-2_LGD-1,ofpidldi-1,Cluster 3,0,156.87
R1-CA-2_LGD-1,miohifcf-1,Cluster 3,0,204.87
R1-CA-2_LGD-1,miohjbie-1,Cluster 3,0,84.76
R1-CA-2_LGD-1,ofopoeob-1,Cluster 3,0,12.28
R1-CA-2_LGD-1,miohmjdk-1,Cluster 3,0,545.62
R1-CA-2_LGD-1,miphdppf-1,Cluster 3,0,29.26
R1-CA-2_LGD-1,miphkkdl-1,Cluster 3,0,45.79
R1-CA-2_LGD-1,ofpjmmpc-1,Cluster 3,0,52.97
R1-CA-2_LGD-1,mipgknel-1,Cluster 3,0,47.14
R1-CA-2_LGD-1,ofpjlfbb-1,Cluster 3,0,37.52
R1-CA-2_LGD-1,ofpjjgkl-1,Cluster 3,0,27.77
R1-CA-2_LGD-1,ofpjjeab-1,Cluster 3,0,52.83
R1-CA-2_LGD-1,djodohhe-1,Cluster 10,0,32.06
R1-CA-2_LGD-1,djodniha-1,Cluster 17,0,33.05
R1-CA-2_LGD-1,mioikjpa-1,Cluster 2,0,24.97
R1-CA-2_LGD-1,ofpjifpg-1,Cluster 17,0,82.46
R1-CA-2_LGD-1,djobbgmh-1,Cluster 2,0,54.91
R1-CA-2_LGD-1,djobafmk-1,Cluster 9,0,46.96
R1-CA-2_LGD-1,mioiaomg-1,Cluster 2,0,92.84
R1-CA-2_LGD-1,djodmako-1,Cluster 10,0,65.52
R1-CA-2_LGD-1,djoedmap-1,Cluster 10,0,32.42
R1-CA-2_LGD-1,djobjimd-1,Cluster 10,0,72.39
R1-CA-2_LGD-1,miokflbh-1,Cluster 6,0,37.80
R1-CA-2_LGD-1,miokdclf-1,Cluster 10,0,145.81
R1-CA-2_LGD-1,djoekeoa-1,Cluster 2,0,76.40
R1-CA-2_LGD-1,djoecgkg-1,Cluster 10,0,54.91
R1-CA-2_LGD-1,djoejopk-1,Cluster 10,0,134.79
R1-CA-2_LGD-1,djoegghk-1,Cluster 10,0,44.57
R1-CA-2_LGD-1,djoehged-1,Cluster 10,0,35.49
R1-CA-2_LGD-1,djoefpfd-1,Cluster 10,0,44.98
R1-CA-2_LGD-1,miokfbim-1,Cluster 10,0,45.88
R1-CA-2_LGD-1,mioplhgg-1,Cluster 9,0,67.15
R1-CA-2_LGD-1,djoabafc-1,Cluster 10,0,205.05
R1-CA-2_LGD-1,djobjmfm-1,Cluster 10,0,43.53
R1-CA-2_LGD-1,djoegplb-1,Cluster 10,0,102.23
R1-CA-2_LGD-1,mioopode-1,Cluster 10,0,142.15
R1-CA-2_LGD-1,mionpheb-1,Cluster 10,0,53.78
R1-CA-2_LGD-1,djoeblda-1,Cluster 2,0,70.58
R1-CA-2_LGD-1,mioiiabc-1,Cluster 2,0,50.98
R1-CA-2_LGD-1,mioikicf-1,Cluster 3,0,29.58
R1-CA-2_LGD-1,djocgeko-1,Cluster 10,0,49.49
R1-CA-2_LGD-1,djobjpgm-1,Cluster 14,0,37.75
R1-CA-2_LGD-1,miokfgga-1,Cluster 2,0,124.68
R1-CA-2_LGD-1,miokapea-1,Cluster 6,0,38.65
R1-CA-2_LGD-1,djoddbdf-1,Cluster 15,0,61.05
R1-CA-2_LGD-1,djodegmm-1,Cluster 10,0,72.34
R1-CA-2_LGD-1,miooljeo-1,Cluster 10,0,103.05
R1-CA-2_LGD-1,miokobnm-1,Cluster 17,0,79.97
R1-CA-2_LGD-1,mioogdia-1,Cluster 6,0,109.87
R1-CA-2_LGD-1,miokhjhd-1,Cluster 6,0,26.60
R1-CA-2_LGD-1,miolmchc-1,Cluster 17,0,84.80
R1-CA-2_LGD-1,miolhfip-1,Cluster 3,0,27.73
R1-CA-2_LGD-1,miooinba-1,Cluster 6,0,78.08
R1-CA-2_LGD-1,miooiigc-1,Cluster 10,0,171.23
R1-CA-2_LGD-1,mioleppf-1,Cluster 3,0,36.35
R1-CA-2_LGD-1,miokiiim-1,Cluster 17,0,25.56
R1-CA-2_LGD-1,mioknojk-1,Cluster 17,0,36.85
R1-CA-2_LGD-1,mioofmmp-1,Cluster 17,0,89.64
R1-CA-2_LGD-1,djnmpekm-1,Cluster 10,0,164.50
R1-CA-2_LGD-1,djnnbgfe-1,Cluster 2,0,69.90
R1-CA-2_LGD-1,miokjnjb-1,Cluster 3,0,11.15
R1-CA-2_LGD-1,mioldmcn-1,Cluster 2,0,91.26
R1-CA-2_LGD-1,miooligi-1,Cluster 17,0,27.32
R1-CA-2_LGD-1,djnndebk-1,Cluster 10,0,50.03
R1-CA-2_LGD-1,djnngdek-1,Cluster 10,0,66.11
R1-CA-2_LGD-1,djnnbfdd-1,Cluster 2,0,134.79
R1-CA-2_LGD-1,djodpdhd-1,Cluster 10,0,32.15
R1-CA-2_LGD-1,ofpjhodi-1,Cluster 3,0,43.49
R1-CA-2_LGD-1,ofpkbcjn-1,Cluster 3,0,32.38
R1-CA-2_LGD-1,miombdjh-1,Cluster 10,0,57.89
R1-CA-2_LGD-1,mionleaa-1,Cluster 3,0,15.85
R1-CA-2_LGD-1,djoaneoc-1,Cluster 10,0,38.79
R1-CA-2_LGD-1,djodkdpj-1,Cluster 10,0,42.90
R1-CA-2_LGD-1,djodppkk-1,Cluster 10,0,88.05
R1-CA-2_LGD-1,mioodkfd-1,Cluster 3,0,56.31
R1-CA-2_LGD-1,mioicbho-1,Cluster 6,0,127.57
R1-CA-2_LGD-1,mionmhjn-1,Cluster 3,0,65.61
R1-CA-2_LGD-1,mionogdg-1,Cluster 3,0,26.24
R1-CA-2_LGD-1,mionlijp-1,Cluster 17,0,101.74
R1-CA-2_LGD-1,djnmnnbj-1,Cluster 9,0,84.94
R1-CA-2_LGD-1,mionoddc-1,Cluster 14,0,49.76
R1-CA-2_LGD-1,ofphiimn-1,Cluster 3,0,71.98
R1-CA-2_LGD-1,ogamfioo-1,Cluster 3,0,112.89
R1-CA-2_LGD-1,ogamiagj-1,Cluster 3,0,108.19
R1-CA-2_LGD-1,ogaelcni-1,Cluster 3,0,166.85
R1-CA-2_LGD-1,ogakfinb-1,Cluster 20,0,70.99
R1-CA-2_LGD-1,miogpjca-1,Cluster 3,0,14.95
R1-CA-2_LGD-1,ofpjgblb-1,Cluster 3,0,35.40
R1-CA-2_LGD-1,ogamcfjc-1,Cluster 3,0,88.82
R1-CA-2_LGD-1,ogambmmo-1,Cluster 3,0,30.30
R1-CA-2_LGD-1,miohcdmj-1,Cluster 3,0,9.17
R1-CA-2_LGD-1,miogopjo-1,Cluster 3,0,34.68
R1-CA-2_LGD-1,ofphgafc-1,Cluster 3,0,10.88
R1-CA-2_LGD-1,ogakbdpn-1,Cluster 3,0,141.38
R1-CA-2_LGD-1,ogamelfm-1,Cluster 3,0,25.06
R1-CA-2_LGD-1,ogamciie-1,Cluster 3,0,48.59
R1-CA-2_LGD-1,ofphidca-1,Cluster 3,0,22.89
R1-CA-2_LGD-1,ogamfcon-1,Unassigned,0,17.07
R1-CA-2_LGD-1,ofpiadeg-1,Cluster 3,0,51.34
R1-CA-2_LGD-1,ofpjgpjo-1,Cluster 3,0,42.72
R1-CA-2_LGD-1,ofphlapa-1,Cluster 3,0,39.74
R1-CA-2_LGD-1,ogamdeac-1,Cluster 3,0,70.81
R1-CA-2_LGD-1,ofphbnho-1,Cluster 3,0,10.88
R1-CA-2_LGD-1,ofphgckc-1,Unassigned,0,41.68
R1-CA-2_LGD-1,miofeaaf-1,Cluster 3,0,11.65
R1-CA-2_LGD-1,ofpiadhb-1,Cluster 3,0,35.72
R1-CA-2_LGD-1,ogamcafa-1,Cluster 3,0,50.39
R1-CA-2_LGD-1,miofgefg-1,Cluster 3,0,39.92
R1-CA-2_LGD-1,mhifjooe-1,Cluster 3,0,17.48
R1-CA-2_LGD-1,ofpjgdgm-1,Unassigned,0,15.35
R1-CA-2_LGD-1,ofphlohb-1,Unassigned,0,13.50
R1-CA-2_LGD-1,ofphbdcc-1,Cluster 3,0,42.76
R1-CA-2_LGD-1,ogamiifa-1,Cluster 3,0,21.40
R1-CA-2_LGD-1,ofphjikd-1,Cluster 3,0,56.36
R1-CA-2_LGD-1,ofpacfkg-1,Cluster 3,0,10.79
R1-CA-2_LGD-1,ogamjegp-1,Cluster 3,0,75.28
R1-CA-2_LGD-1,ogakamia-1,Cluster 3,0,45.38
R1-CA-2_LGD-1,ofpacenb-1,Cluster 3,0,137.37
R1-CA-2_LGD-1,ofopnojj-1,Cluster 3,0,163.60
R1-CA-2_LGD-1,ogaloiap-1,Cluster 3,0,46.33
R1-CA-2_LGD-1,ogalenll-1,Cluster 3,0,123.82
R1-CA-2_LGD-1,ogaknmnn-1,Cluster 3,0,67.46
R1-CA-2_LGD-1,ogamaelg-1,Cluster 3,0,54.41
R1-CA-2_LGD-1,ogalonhk-1,Cluster 3,0,44.03
R1-CA-2_LGD-1,ogalfppl-1,Cluster 3,0,9.26
R1-CA-2_LGD-1,ogalobcd-1,Cluster 3,0,60.42
R1-CA-2_LGD-1,oganbbcp-1,Cluster 3,0,42.31
R1-CA-2_LGD-1,oganmobk-1,Cluster 3,0,31.65
R1-CA-2_LGD-1,oganiiah-1,Cluster 3,0,46.96
R1-CA-2_LGD-1,ogalhmob-1,Cluster 3,0,11.83
R1-CA-2_LGD-1,oganbjhn-1,Cluster 3,0,44.48
R1-CA-2_LGD-1,oganagoc-1,Cluster 3,0,104.85
R1-CA-2_LGD-1,ogamppba-1,Cluster 3,0,94.78
R1-CA-2_LGD-1,ogammnga-1,Cluster 3,0,107.70
R1-CA-2_LGD-1,ogangnkn-1,Cluster 3,0,72.57
R1-CA-2_LGD-1,ogampcmp-1,Cluster 3,0,26.46
R1-CA-2_LGD-1,ogaenknm-1,Cluster 3,0,104.49
R1-CA-2_LGD-1,ogamobfi-1,Cluster 3,0,105.26
R1-CA-2_LGD-1,ogalhfdo-1,Cluster 3,0,31.70
R1-CA-2_LGD-1,ogakainl-1,Cluster 3,0,73.79
R1-CA-2_LGD-1,ogaeomch-1,Cluster 3,0,97.13
R1-CA-2_LGD-1,ogaekjkk-1,Cluster 3,0,92.25
R1-CA-2_LGD-1,ogangaai-1,Cluster 3,0,24.16
R1-CA-2_LGD-1,ogalkaao-1,Cluster 3,0,11.97
R1-CA-2_LGD-1,ogafacpe-1,Cluster 3,0,81.91
R1-CA-2_LGD-1,ogamncdl-1,Cluster 3,0,43.17
R1-CA-2_LGD-1,ogandbbn-1,Cluster 3,0,24.93
R1-CA-2_LGD-1,oganckoh-1,Cluster 3,0,48.63
R1-CA-2_LGD-1,ogancbpo-1,Cluster 3,0,75.00
R1-CA-2_LGD-1,ogafbjlj-1,Cluster 3,0,37.21
R1-CA-2_LGD-1,ogampenb-1,Cluster 3,0,35.76
R1-CA-2_LGD-1,oganbenh-1,Cluster 3,0,73.83
R1-CA-2_LGD-1,ogaeljpd-1,Cluster 3,0,77.44
R1-CA-2_LGD-1,ogambjag-1,Cluster 3,0,155.97
R1-CA-2_LGD-1,ogaepohc-1,Cluster 3,0,147.57
R1-CA-2_LGD-1,mkmjekdg-1,Cluster 3,0,49.13
R1-CA-2_LGD-1,mkmimebk-1,Cluster 13,0,9.80
R1-CA-2_LGD-1,mkmmjjnk-1,Cluster 6,0,59.02
R1-CA-2_LGD-1,mkmnkoko-1,Cluster 3,0,20.68
R1-CA-2_LGD-1,mkmmkdbb-1,Cluster 10,0,106.93
R1-CA-2_LGD-1,ogajndne-1,Cluster 13,0,50.48
R1-CA-2_LGD-1,ogakmlio-1,Cluster 20,0,12.37
R1-CA-2_LGD-1,mkmocgmj-1,Cluster 2,0,45.79
R1-CA-2_LGD-1,mkmnijbi-1,Cluster 2,0,62.14
R1-CA-2_LGD-1,mkmmkmml-1,Cluster 10,0,140.62
R1-CA-2_LGD-1,mkmmkjjk-1,Cluster 6,0,35.99
R1-CA-2_LGD-1,ogakkecg-1,Cluster 20,0,49.94
R1-CA-2_LGD-1,mkmogaoo-1,Cluster 17,0,71.84
R1-CA-2_LGD-1,mkmolpag-1,Cluster 13,0,22.67
R1-CA-2_LGD-1,mkmolfhp-1,Cluster 12,0,33.91
R1-CA-2_LGD-1,mkmokijf-1,Cluster 17,0,28.18
R1-CA-2_LGD-1,mkmokalo-1,Cluster 9,0,39.33
R1-CA-2_LGD-1,mkmofoip-1,Cluster 6,0,55.86
R1-CA-2_LGD-1,mkmjcdem-1,Cluster 17,0,114.29
R1-CA-2_LGD-1,mkmmobho-1,Cluster 6,0,24.70
R1-CA-2_LGD-1,mkmobjno-1,Cluster 6,0,31.38
R1-CA-2_LGD-1,mkmnlobe-1,Cluster 20,0,54.77
R1-CA-2_LGD-1,mkmmojpd-1,Cluster 17,0,27.73
R1-CA-2_LGD-1,ogakkppo-1,Cluster 20,0,54.41
R1-CA-2_LGD-1,ogakgjpg-1,Cluster 20,0,83.27
R1-CA-2_LGD-1,mkmoeaij-1,Cluster 2,0,99.03
R1-CA-2_LGD-1,mkmoecfj-1,Cluster 9,0,96.00
R1-CA-2_LGD-1,mkmoefoe-1,Cluster 17,0,79.16
R1-CA-2_LGD-1,miokhgag-1,Cluster 10,0,53.96
R1-CA-2_LGD-1,mkmooile-1,Cluster 12,0,38.56
R1-CA-2_LGD-1,miollahm-1,Cluster 9,0,49.85
R1-CA-2_LGD-1,miomgbii-1,Cluster 13,0,70.40
R1-CA-2_LGD-1,miokibgf-1,Cluster 6,0,52.88
R1-CA-2_LGD-1,miologji-1,Cluster 2,0,141.52
R1-CA-2_LGD-1,miomidek-1,Cluster 5,0,31.52
R1-CA-2_LGD-1,mkmopnne-1,Cluster 8,0,83.81
R1-CA-2_LGD-1,mkmocnca-1,Cluster 17,0,82.55
R1-CA-2_LGD-1,mkmkcocn-1,Cluster 1,0,198.01
R1-CA-2_LGD-1,ogakfnfc-1,Cluster 3,0,13.41
R1-CA-2_LGD-1,mkmipjmp-1,Cluster 3,0,56.22
R1-CA-2_LGD-1,mkmknmee-1,Cluster 6,0,56.17
R1-CA-2_LGD-1,mkmmeoef-1,Cluster 10,0,85.80
R1-CA-2_LGD-1,mkmjpala-1,Cluster 2,0,113.61
R1-CA-2_LGD-1,mkmiffjo-1,Cluster 10,0,43.26
R1-CA-2_LGD-1,mkmjpdad-1,Cluster 1,0,11.24
R1-CA-2_LGD-1,mkmjmfjf-1,Cluster 2,0,121.11
R1-CA-2_LGD-1,mkmjpaod-1,Cluster 19,0,99.52
R1-CA-2_LGD-1,mioniffa-1,Cluster 10,0,92.43
R1-CA-2_LGD-1,mkmmheeb-1,Cluster 7,0,70.71
R1-CA-2_LGD-1,mkmihepp-1,Cluster 10,0,34.05
R1-CA-2_LGD-1,djnlejnh-1,Cluster 2,0,45.25
R1-CA-2_LGD-1,djnlghia-1,Cluster 2,0,53.24
R1-CA-2_LGD-1,mkmimnji-1,Cluster 17,0,38.20
R1-CA-2_LGD-1,mioneedh-1,Cluster 2,0,49.72
R1-CA-2_LGD-1,djnlebej-1,Cluster 2,0,101.24
R1-CA-2_LGD-1,mkmlehgl-1,Cluster 1,0,78.53
R1-CA-2_LGD-1,mkmmhmfh-1,Cluster 13,0,54.28
R1-CA-2_LGD-1,mkmmdbec-1,Cluster 13,0,38.65
R1-CA-2_LGD-1,djnlfdhl-1,Cluster 2,0,67.06
R1-CA-2_LGD-1,mkmiiifg-1,Cluster 2,0,64.57
R1-CA-2_LGD-1,mkmimgpa-1,Cluster 2,0,76.54
R1-CA-2_LGD-1,mkmkpihf-1,Cluster 3,0,77.98
R1-CA-2_LGD-1,mkmlbpki-1,Cluster 8,0,80.06
R1-CA-2_LGD-1,mkmjlfjl-1,Cluster 2,0,81.42
R1-CA-2_LGD-1,mkmimgdk-1,Cluster 10,0,75.14
R1-CA-2_LGD-1,mkmmknlg-1,Cluster 3,0,43.89
R1-CA-2_LGD-1,mkmimdod-1,Cluster 13,0,30.84
R1-CA-2_LGD-1,miomlphl-1,Cluster 17,0,41.27
R1-CA-2_LGD-1,mkmiikop-1,Cluster 5,0,70.35
R1-CA-2_LGD-1,mkmnjbon-1,Cluster 8,0,73.02
R1-CA-2_LGD-1,mkmmldhp-1,Cluster 5,0,47.05
R1-CA-2_LGD-1,mkmjgdbf-1,Cluster 2,0,66.42
R1-CA-2_LGD-1,lgdcheih-1,Cluster 3,0,20.73
R1-CA-2_LGD-1,ofegenlk-1,Cluster 3,0,4.52
R1-CA-2_LGD-1,lgciajkm-1,Cluster 3,0,43.30
R1-CA-2_LGD-1,lgcicmji-1,Cluster 3,0,52.52
R1-CA-2_LGD-1,djoamagl-1,Cluster 10,0,74.24
R1-CA-2_LGD-1,ofegnndn-1,Cluster 3,0,62.00
R1-CA-2_LGD-1,lgcibmcd-1,Cluster 3,0,19.96
R1-CA-2_LGD-1,lgckeboo-1,Cluster 17,0,122.87
R1-CA-2_LGD-1,djoakapm-1,Cluster 17,0,75.77
R1-CA-2_LGD-1,ofebicgd-1,Cluster 3,0,33.46
R1-CA-2_LGD-1,lgcidomb-1,Cluster 3,0,32.69
R1-CA-2_LGD-1,ofebpncg-1,Cluster 3,0,110.32
R1-CA-2_LGD-1,lgcighpe-1,Cluster 3,0,30.07
R1-CA-2_LGD-1,lgddgaba-1,Cluster 3,0,23.03
R1-CA-2_LGD-1,lgcjpbaa-1,Cluster 3,0,52.56
R1-CA-2_LGD-1,lgckejhg-1,Cluster 3,0,11.61
R1-CA-2_LGD-1,ofebjnmg-1,Cluster 3,0,87.65
R1-CA-2_LGD-1,lgdddhni-1,Cluster 3,0,15.67
R1-CA-2_LGD-1,lgckhfnf-1,Cluster 3,0,28.27
R1-CA-2_LGD-1,lgdddded-1,Cluster 3,0,28.36
R1-CA-2_LGD-1,djoagkii-1,Cluster 2,0,176.20
R1-CA-2_LGD-1,ofeejijn-1,Cluster 3,0,142.96
R1-CA-2_LGD-1,mipahojp-1,Cluster 3,0,25.74
R1-CA-2_LGD-1,lgckjhjj-1,Cluster 17,0,108.28
R1-CA-2_LGD-1,ofebncmk-1,Cluster 3,0,82.18
R1-CA-2_LGD-1,lgckjgpo-1,Cluster 3,0,20.14
R1-CA-2_LGD-1,lgcjjmhi-1,Cluster 3,0,61.64
R1-CA-2_LGD-1,ofegaafn-1,Cluster 3,0,38.16
R1-CA-2_LGD-1,ofecbkec-1,Cluster 3,0,28.67
R1-CA-2_LGD-1,ofebnodf-1,Cluster 3,0,93.74
R1-CA-2_LGD-1,lgckamen-1,Cluster 17,0,175.12
R1-CA-2_LGD-1,miomokhk-1,Cluster 9,0,82.23
R1-CA-2_LGD-1,lgckjpfa-1,Cluster 3,0,17.07
R1-CA-2_LGD-1,ofefniad-1,Cluster 3,0,55.72
R1-CA-2_LGD-1,mioipido-1,Cluster 10,0,93.43
R1-CA-2_LGD-1,ofefmjhn-1,Cluster 3,0,129.10
R1-CA-2_LGD-1,ofebhjbi-1,Cluster 3,0,108.74
R1-CA-2_LGD-1,miojoppa-1,Cluster 3,0,100.56
R1-CA-2_LGD-1,ofebifml-1,Cluster 3,0,17.20
R1-CA-2_LGD-1,lgdccopk-1,Cluster 3,0,16.30
R1-CA-2_LGD-1,ofefgbdg-1,Cluster 3,0,27.36
R1-CA-2_LGD-1,djnobonc-1,Cluster 3,0,140.89
R1-CA-2_LGD-1,miomeeca-1,Cluster 2,0,93.11
R1-CA-2_LGD-1,ofefeoam-1,Cluster 3,0,11.74
R1-CA-2_LGD-1,lgciaael-1,Cluster 3,0,93.16
R1-CA-2_LGD-1,miomcjpj-1,Cluster 17,0,161.89
R1-CA-2_LGD-1,lgdajkdp-1,Cluster 3,0,28.63
R1-CA-2_LGD-1,lgdcndmg-1,Cluster 3,0,23.44
R1-CA-2_LGD-1,lgdcohij-1,Cluster 3,0,17.43
R1-CA-2_LGD-1,ofeecenc-1,Cluster 3,0,57.35
R1-CA-2_LGD-1,ofefejdn-1,Cluster 3,0,55.95
R1-CA-2_LGD-1,lgchonfl-1,Cluster 3,0,109.64
R1-CA-2_LGD-1,ofeebnfe-1,Cluster 3,0,26.78
R1-CA-2_LGD-1,djnobnfl-1,Cluster 2,0,100.97
R1-CA-2_LGD-1,ofefgdnf-1,Cluster 3,0,11.83
R1-CA-2_LGD-1,lgdclcpg-1,Cluster 3,0,17.75
R1-CA-2_LGD-1,lgdclmam-1,Cluster 3,0,10.16
R1-CA-2_LGD-1,lgdcbcea-1,Cluster 3,0,6.32
R1-CA-2_LGD-1,djobjeda-1,Cluster 2,0,46.06
R1-CA-2_LGD-1,djnnoohe-1,Cluster 2,0,257.39
R1-CA-2_LGD-1,lgdandhp-1,Cluster 3,0,41.77
R1-CA-2_LGD-1,djobippg-1,Cluster 10,0,34.50
R1-CA-2_LGD-1,lgdccool-1,Cluster 3,0,42.00
R1-CA-2_LGD-1,djobglho-1,Cluster 10,0,142.11
R1-CA-2_LGD-1,lgdaigmk-1,Cluster 3,0,29.35
R1-CA-2_LGD-1,lgdbpkjd-1,Cluster 3,0,8.72
R1-CA-2_LGD-1,ofefblng-1,Cluster 3,0,23.30
R1-CA-2_LGD-1,lgdbmdkl-1,Cluster 3,0,12.46
R1-CA-2_LGD-1,lgdbnpji-1,Cluster 3,0,18.88
R1-CA-2_LGD-1,djoaapdp-1,Cluster 10,0,44.43
R1-CA-2_LGD-1,djnoaife-1,Cluster 2,0,138.86
R1-CA-2_LGD-1,lgdeadhp-1,Cluster 20,0,39.51
R1-CA-2_LGD-1,lgdbjobi-1,Cluster 3,0,9.80
R1-CA-2_LGD-1,djoamkcj-1,Cluster 10,0,77.40
R1-CA-2_LGD-1,lgdbahaj-1,Cluster 3,0,5.73
R1-CA-2_LGD-1,lgcmgadi-1,Cluster 3,0,65.30
R1-CA-2_LGD-1,ofedkind-1,Cluster 3,0,190.15
R1-CA-2_LGD-1,lgcppljn-1,Cluster 3,0,28.72
R1-CA-2_LGD-1,lgcpnfeg-1,Cluster 10,0,182.52
R1-CA-2_LGD-1,lgdeadcc-1,Cluster 3,0,56.94
R1-CA-2_LGD-1,lgcoiapd-1,Cluster 17,0,59.61
R1-CA-2_LGD-1,lgcldldk-1,Cluster 3,0,39.78
R1-CA-2_LGD-1,lgcpdadf-1,Cluster 3,0,82.32
R1-CA-2_LGD-1,ofedchhg-1,Cluster 3,0,80.78
R1-CA-2_LGD-1,ofeggeae-1,Cluster 3,0,41.72
R1-CA-2_LGD-1,lgcmbccf-1,Cluster 3,0,106.57
R1-CA-2_LGD-1,djkgodco-1,Cluster 17,0,218.15
R1-CA-2_LGD-1,lgclllmc-1,Cluster 3,0,37.16
R1-CA-2_LGD-1,ofediggd-1,Cluster 3,0,96.18
R1-CA-2_LGD-1,ofedkcol-1,Cluster 3,0,107.79
R1-CA-2_LGD-1,lgcmfkpd-1,Cluster 3,0,33.60
R1-CA-2_LGD-1,lgcljein-1,Cluster 3,0,15.31
R1-CA-2_LGD-1,ofedeelg-1,Cluster 3,0,156.74
R1-CA-2_LGD-1,ofegjdpp-1,Cluster 3,0,120.43
R1-CA-2_LGD-1,lgcndcda-1,Cluster 3,0,22.31
R1-CA-2_LGD-1,lgdeabpm-1,Cluster 3,0,61.59
R1-CA-2_LGD-1,ofecknln-1,Cluster 3,0,136.87
R1-CA-2_LGD-1,lgcmphpd-1,Cluster 17,0,69.41
R1-CA-2_LGD-1,ofegkpjm-1,Cluster 3,0,139.58
R1-CA-2_LGD-1,lgcohhdm-1,Cluster 3,0,80.47
R1-CA-2_LGD-1,lgddfeoa-1,Cluster 3,0,80.29
R1-CA-2_LGD-1,ofegmlbm-1,Cluster 3,0,135.92
R1-CA-2_LGD-1,lgckoepi-1,Cluster 3,0,21.22
R1-CA-2_LGD-1,lgcpbddk-1,Cluster 17,0,126.44
R1-CA-2_LGD-1,lgcmpalc-1,Cluster 17,0,50.80
R1-CA-2_LGD-1,lgclhnke-1,Cluster 17,0,69.18
R1-CA-2_LGD-1,djkgnfdf-1,Cluster 10,0,155.88
R1-CA-2_LGD-1,lgddikoh-1,Cluster 3,0,12.37
R1-CA-2_LGD-1,lgddkhgm-1,Cluster 3,0,23.12
R1-CA-2_LGD-1,lgddkicd-1,Cluster 3,0,11.42
R1-CA-2_LGD-1,lgddiimo-1,Cluster 3,0,39.96
R1-CA-2_LGD-1,djkgpaij-1,Cluster 17,0,209.80
R1-CA-2_LGD-1,ofeeijhi-1,Cluster 3,0,14.27
R1-CA-2_LGD-1,lgdamban-1,Cluster 3,0,25.11
R1-CA-2_LGD-1,lgdabobi-1,Cluster 3,0,28.49
R1-CA-2_LGD-1,lgdalppd-1,Cluster 3,0,28.13
R1-CA-2_LGD-1,lgdagehg-1,Cluster 3,0,5.87
R1-CA-2_LGD-1,lgdalhdk-1,Cluster 3,0,56.85
R1-CA-2_LGD-1,lgdacpmf-1,Cluster 3,0,45.20
R1-CA-2_LGD-1,lgcojfhd-1,Cluster 2,0,110.41
R1-CA-2_LGD-1,lgcknikb-1,Cluster 3,0,79.48
R1-CA-2_LGD-1,lgdaacme-1,Cluster 3,0,26.69
R1-CA-2_LGD-1,ofeckifc-1,Cluster 3,0,24.79
R1-CA-2_LGD-1,lgckmgli-1,Cluster 3,0,65.07
R1-CA-2_LGD-1,ofeefkmm-1,Cluster 3,0,57.98
R1-CA-2_LGD-1,ofechkca-1,Cluster 3,0,83.58
R1-CA-2_LGD-1,ofeeffhg-1,Cluster 3,0,29.04
R1-CA-2_LGD-1,ofeeakfh-1,Cluster 3,0,11.56
R1-CA-2_LGD-1,lgconanp-1,Cluster 3,0,28.27
R1-CA-2_LGD-1,ofefgkmh-1,Cluster 3,0,76.63
R1-CA-2_LGD-1,ofefhfdd-1,Cluster 20,0,60.06
R1-CA-2_LGD-1,ofefkhlm-1,Cluster 3,0,48.54
R1-CA-2_LGD-1,djkebbjh-1,Cluster 2,0,150.01
R1-CA-2_LGD-1,ofedmfmc-1,Cluster 3,0,62.00
R1-CA-2_LGD-1,ofedfdal-1,Cluster 3,0,109.50
R1-CA-2_LGD-1,ofecpkac-1,Cluster 3,0,181.17
R1-CA-2_LGD-1,lgdanbcm-1,Cluster 3,0,53.10
R1-CA-2_LGD-1,lgcoldcb-1,Cluster 3,0,31.07
R1-CA-2_LGD-1,lgcomdmh-1,Cluster 3,0,6.23
R1-CA-2_LGD-1,lgcpgjbe-1,Cluster 10,0,118.35
R1-CA-2_LGD-1,ofeebgdh-1,Cluster 3,0,72.11
R1-CA-2_LGD-1,lgcmdaod-1,Cluster 3,0,20.77
R1-CA-2_LGD-1,lgcpanjb-1,Cluster 9,0,64.98
R1-CA-2_LGD-1,lgcppoeg-1,Cluster 17,0,38.02
R1-CA-2_LGD-1,lgdcpbkg-1,Cluster 3,0,72.84
R1-CA-2_LGD-1,lgdcpige-1,Cluster 3,0,20.55
R1-CA-2_LGD-1,ofefhama-1,Cluster 3,0,14.63
R1-CA-2_LGD-1,lfmfojje-1,Cluster 17,0,279.43
R1-CA-2_LGD-1,miomload-1,Cluster 5,0,76.00
R1-CA-2_LGD-1,lfmenlfb-1,Cluster 17,0,64.93
R1-CA-2_LGD-1,lfmeldna-1,Cluster 2,0,85.89
R1-CA-2_LGD-1,djnpeibn-1,Cluster 10,0,121.79
R1-CA-2_LGD-1,djnmnbcp-1,Cluster 18,0,116.55
R1-CA-2_LGD-1,miomlgok-1,Cluster 1,0,26.64
R1-CA-2_LGD-1,mioonbei-1,Cluster 8,0,75.64
R1-CA-2_LGD-1,mioloiin-1,Cluster 8,0,137.77
R1-CA-2_LGD-1,lfmemhal-1,Cluster 2,0,34.95
R1-CA-2_LGD-1,djnmemnf-1,Cluster 10,0,169.43
R1-CA-2_LGD-1,lfmefnbf-1,Cluster 10,0,41.27
R1-CA-2_LGD-1,djnpoohn-1,Cluster 10,0,22.67
R1-CA-2_LGD-1,djnnkdol-1,Cluster 6,0,30.12
R1-CA-2_LGD-1,lfmeeaap-1,Cluster 2,0,111.13
R1-CA-2_LGD-1,lfmefllh-1,Cluster 2,0,153.12
R1-CA-2_LGD-1,miomgkbh-1,Cluster 8,0,41.05
R1-CA-2_LGD-1,djnnkjim-1,Cluster 10,0,111.40
R1-CA-2_LGD-1,djnnibok-1,Cluster 10,0,88.64
R1-CA-2_LGD-1,lfmepmbi-1,Cluster 8,0,104.67
R1-CA-2_LGD-1,lfmdjbjm-1,Cluster 17,0,71.44
R1-CA-2_LGD-1,lfmeemop-1,Cluster 17,0,48.77
R1-CA-2_LGD-1,djnngggp-1,Cluster 2,0,213.36
R1-CA-2_LGD-1,djnmnkkj-1,Cluster 10,0,99.16
R1-CA-2_LGD-1,lfmeilmi-1,Cluster 17,0,184.78
R1-CA-2_LGD-1,lfmdgcfn-1,Cluster 2,0,217.88
R1-CA-2_LGD-1,miomemci-1,Cluster 2,0,47.46
R1-CA-2_LGD-1,djnpbkdk-1,Cluster 18,0,121.97
R1-CA-2_LGD-1,djnnobon-1,Cluster 9,0,45.20
R1-CA-2_LGD-1,lfmemoef-1,Cluster 3,0,79.02
R1-CA-2_LGD-1,djnmkhpl-1,Cluster 10,0,136.24
R1-CA-2_LGD-1,ofdlecjg-1,Cluster 3,0,32.15
R1-CA-2_LGD-1,lfmdgbhe-1,Cluster 3,0,90.94
R1-CA-2_LGD-1,lfmephae-1,Cluster 17,0,53.51
R1-CA-2_LGD-1,ofdlgnmn-1,Cluster 3,0,63.17
R1-CA-2_LGD-1,lfmdgmcp-1,Cluster 9,0,31.65
R1-CA-2_LGD-1,djnmmblh-1,Cluster 10,0,131.95
R1-CA-2_LGD-1,djnmiiib-1,Cluster 10,0,94.47
R1-CA-2_LGD-1,lfmfpbbp-1,Cluster 17,0,151.73
R1-CA-2_LGD-1,djnlppgb-1,Cluster 2,0,86.61
R1-CA-2_LGD-1,lfmfomjk-1,Cluster 17,0,132.31
R1-CA-2_LGD-1,djnlnmhk-1,Cluster 10,0,109.23
R1-CA-2_LGD-1,djnllbbm-1,Cluster 10,0,38.52
R1-CA-2_LGD-1,djnpgogg-1,Cluster 14,0,119.17
R1-CA-2_LGD-1,djnohdak-1,Cluster 10,0,102.73
R1-CA-2_LGD-1,lfmfmkfg-1,Cluster 17,0,95.14
R1-CA-2_LGD-1,lfmglaek-1,Cluster 9,0,81.01
R1-CA-2_LGD-1,djnlkaci-1,Cluster 10,0,37.89
R1-CA-2_LGD-1,djoaaeae-1,Cluster 10,0,37.16
R1-CA-2_LGD-1,djnokmhk-1,Cluster 10,0,73.33
R1-CA-2_LGD-1,lfmfmogl-1,Cluster 10,0,126.12
R1-CA-2_LGD-1,lfmfpiki-1,Cluster 16,0,96.09
R1-CA-2_LGD-1,lfmfnojf-1,Cluster 17,0,67.51
R1-CA-2_LGD-1,djohkgef-1,Cluster 2,0,94.83
R1-CA-2_LGD-1,lfmgmgbe-1,Cluster 10,0,154.75
R1-CA-2_LGD-1,djnmcahj-1,Cluster 2,0,96.00
R1-CA-2_LGD-1,mionjobk-1,Cluster 2,0,110.45
R1-CA-2_LGD-1,lfmffona-1,Cluster 10,0,67.60
R1-CA-2_LGD-1,lfmfgckh-1,Cluster 9,0,60.60
R1-CA-2_LGD-1,lfmghfid-1,Cluster 10,0,69.68
R1-CA-2_LGD-1,djnpnigf-1,Cluster 2,0,63.26
R1-CA-2_LGD-1,djohjide-1,Cluster 2,0,76.59
R1-CA-2_LGD-1,djnlhdla-1,Cluster 10,0,34.86
R1-CA-2_LGD-1,lfmgkikh-1,Cluster 10,0,64.98
R1-CA-2_LGD-1,mionenal-1,Cluster 10,0,91.76
R1-CA-2_LGD-1,miondmee-1,Cluster 10,0,159.85
R1-CA-2_LGD-1,djnliehh-1,Cluster 10,0,235.85
R1-CA-2_LGD-1,djnoifpi-1,Cluster 10,0,31.52
R1-CA-2_LGD-1,lfmgniap-1,Cluster 10,0,113.07
R1-CA-2_LGD-1,djnophoi-1,Cluster 10,0,81.64
R1-CA-2_LGD-1,miomogcd-1,Cluster 10,0,48.99
R1-CA-2_LGD-1,djnpcceh-1,Cluster 10,0,92.53
R1-CA-2_LGD-1,djnmaodl-1,Cluster 2,0,96.00
R1-CA-2_LGD-1,djnofmhn-1,Cluster 2,0,150.69
R1-CA-2_LGD-1,lfmhpkaa-1,Cluster 3,0,80.87
R1-CA-2_LGD-1,lfmilfmc-1,Cluster 17,0,95.96
R1-CA-2_LGD-1,djnofeeo-1,Cluster 3,0,50.30
R1-CA-2_LGD-1,lfmipfoj-1,Cluster 8,0,45.92
R1-CA-2_LGD-1,lfminpmj-1,Cluster 8,0,14.72
R1-CA-2_LGD-1,lfmhpagp-1,Cluster 17,0,70.99
R1-CA-2_LGD-1,lfmhmcem-1,Cluster 10,0,126.03
R1-CA-2_LGD-1,lfmhpijj-1,Cluster 10,0,103.72
R1-CA-2_LGD-1,lfmgokdg-1,Cluster 1,0,63.99
R1-CA-2_LGD-1,lfmidkff-1,Cluster 17,0,126.35
R1-CA-2_LGD-1,lfmidagc-1,Cluster 3,0,63.35
R1-CA-2_LGD-1,djkejkfi-1,Cluster 1,0,134.07
R1-CA-2_LGD-1,lfmjchpp-1,Cluster 3,0,40.19
R1-CA-2_LGD-1,djkeeiel-1,Cluster 10,0,153.49
R1-CA-2_LGD-1,djnofeco-1,Cluster 17,0,98.17
R1-CA-2_LGD-1,djkemafm-1,Cluster 10,0,139.71
R1-CA-2_LGD-1,djkeijkm-1,Cluster 2,0,318.67
R1-CA-2_LGD-1,djkehhbo-1,Cluster 10,0,146.58
R1-CA-2_LGD-1,djkeplcc-1,Cluster 6,0,22.53
R1-CA-2_LGD-1,lfmhoplo-1,Cluster 10,0,164.32
R1-CA-2_LGD-1,djkeehie-1,Cluster 2,0,106.84
R1-CA-2_LGD-1,lfmecpee-1,Cluster 3,0,35.99
R1-CA-2_LGD-1,lfmhgjhp-1,Cluster 17,0,89.91
R1-CA-2_LGD-1,ofdmemjl-1,Cluster 3,0,18.56
R1-CA-2_LGD-1,ofdmeaah-1,Cluster 3,0,26.15
R1-CA-2_LGD-1,lfmdlecl-1,Cluster 3,0,18.42
R1-CA-2_LGD-1,lfmjcpgm-1,Cluster 3,0,16.62
R1-CA-2_LGD-1,ofdlnabi-1,Cluster 3,0,63.72
R1-CA-2_LGD-1,ofdmamni-1,Cluster 3,0,13.05
R1-CA-2_LGD-1,lfmhgffm-1,Cluster 3,0,105.12
R1-CA-2_LGD-1,lfmjedjb-1,Cluster 3,0,12.37
R1-CA-2_LGD-1,ofdllmlp-1,Cluster 3,0,61.86
R1-CA-2_LGD-1,lfmeaaek-1,Cluster 3,0,52.74
R1-CA-2_LGD-1,lfmhjmjp-1,Cluster 17,0,151.63
R1-CA-2_LGD-1,ofdlgklj-1,Cluster 3,0,117.14
R1-CA-2_LGD-1,djkeldbo-1,Cluster 17,0,93.52
R1-CA-2_LGD-1,ofdlbbkl-1,Cluster 3,0,17.29
R1-CA-2_LGD-1,lfmfmljl-1,Cluster 2,0,53.78
R1-CA-2_LGD-1,djnpjmjl-1,Cluster 17,0,87.83
R1-CA-2_LGD-1,djohmpdf-1,Cluster 2,0,57.80
R1-CA-2_LGD-1,ofdlcbel-1,Cluster 3,0,45.92
R1-CA-2_LGD-1,ofdlaonb-1,Cluster 3,0,32.65
R1-CA-2_LGD-1,djnofcak-1,Cluster 18,0,191.01
R1-CA-2_LGD-1,lfmfjcic-1,Cluster 3,0,38.70
R1-CA-2_LGD-1,ofdkodga-1,Cluster 3,0,35.09
R1-CA-2_LGD-1,ofdlljig-1,Cluster 6,0,65.84
R1-CA-2_LGD-1,lfmgobia-1,Cluster 6,0,103.72
R1-CA-2_LGD-1,lfmcnlki-1,Cluster 2,0,128.42
R1-CA-2_LGD-1,lfmcmnhk-1,Cluster 6,0,96.41
R1-CA-2_LGD-1,lfmhbcdn-1,Cluster 2,0,54.82
R1-CA-2_LGD-1,lfmhcbda-1,Cluster 6,0,21.90
R1-CA-2_LGD-1,ofdlbkko-1,Cluster 6,0,117.63
R1-CA-2_LGD-1,ofdllanm-1,Cluster 3,0,185.91
R1-CA-2_LGD-1,ofdlaaec-1,Cluster 3,0,20.32
R1-CA-2_LGD-1,ofdlgpgi-1,Cluster 17,0,128.33
R1-CA-2_LGD-1,lfmcogch-1,Cluster 10,0,144.82
R1-CA-2_LGD-1,lfmcgkab-1,Cluster 9,0,47.10
R1-CA-2_LGD-1,lfmadbfa-1,Cluster 6,0,27.41
R1-CA-2_LGD-1,djnpmcgp-1,Cluster 17,0,157.41
R1-CA-2_LGD-1,lfminhhl-1,Cluster 8,0,106.79
R1-CA-2_LGD-1,lfmagpfe-1,Cluster 5,0,84.67
R1-CA-2_LGD-1,lfmdegjd-1,Cluster 6,0,53.10
R1-CA-2_LGD-1,lfmdekec-1,Cluster 10,0,80.42
R1-CA-2_LGD-1,lfmcgnap-1,Cluster 6,0,88.19
R1-CA-2_LGD-1,lfmaidnn-1,Cluster 10,0,149.20
R1-CA-2_LGD-1,lfmcpbpg-1,Cluster 10,0,84.35
R1-CA-2_LGD-1,lfmcifjb-1,Cluster 10,0,34.09
R1-CA-2_LGD-1,lfmclfpj-1,Cluster 10,0,130.19
R1-CA-2_LGD-1,lfmfigdd-1,Cluster 17,0,118.04
R1-CA-2_LGD-1,lfmdbkfl-1,Cluster 10,0,132.26
R1-CA-2_LGD-1,djnpibko-1,Cluster 10,0,113.12
R1-CA-2_LGD-1,dkemjajo-1,Cluster 2,0,121.06
R1-CA-2_LGD-1,mkhljkkl-1,Cluster 14,0,108.28
R1-CA-2_LGD-1,dkemlaea-1,Cluster 6,0,74.91
R1-CA-2_LGD-1,mkhklfcj-1,Cluster 6,0,59.79
R1-CA-2_LGD-1,dkcclbem-1,Cluster 10,0,33.10
R1-CA-2_LGD-1,mkhlkomj-1,Cluster 6,0,30.62
R1-CA-2_LGD-1,dkccipca-1,Cluster 2,0,61.50
R1-CA-2_LGD-1,mkhlilig-1,Cluster 17,0,59.02
R1-CA-2_LGD-1,mkhjjbkl-1,Cluster 17,0,55.14
R1-CA-2_LGD-1,mkhkngok-1,Cluster 3,0,11.47
R1-CA-2_LGD-1,mkhkgibc-1,Cluster 2,0,40.41
R1-CA-2_LGD-1,dkccihma-1,Cluster 2,0,43.49
R1-CA-2_LGD-1,mkloplcf-1,Cluster 20,0,8.90
R1-CA-2_LGD-1,ogajammj-1,Cluster 3,0,90.63
R1-CA-2_LGD-1,mkhlhjfl-1,Cluster 3,0,32.06
R1-CA-2_LGD-1,mkhjkgac-1,Cluster 17,0,89.00
R1-CA-2_LGD-1,mklpmmfj-1,Cluster 17,0,91.40
R1-CA-2_LGD-1,mkhkhbma-1,Cluster 17,0,62.59
R1-CA-2_LGD-1,dkcckfaf-1,Cluster 6,0,46.15
R1-CA-2_LGD-1,mkhllhia-1,Cluster 14,0,75.00
R1-CA-2_LGD-1,ogajbhfl-1,Cluster 3,0,102.05
R1-CA-2_LGD-1,ogafdjdg-1,Cluster 3,0,176.65
R1-CA-2_LGD-1,ogaggomm-1,Cluster 3,0,34.63
R1-CA-2_LGD-1,ogagalki-1,Cluster 3,0,87.11
R1-CA-2_LGD-1,ogafkblb-1,Cluster 3,0,23.03
R1-CA-2_LGD-1,mklpafdf-1,Cluster 3,0,14.81
R1-CA-2_LGD-1,mkhlcpnk-1,Cluster 3,0,34.00
R1-CA-2_LGD-1,ogajdnic-1,Cluster 3,0,109.46
R1-CA-2_LGD-1,mkhlgeeb-1,Cluster 3,0,11.38
R1-CA-2_LGD-1,ogajccle-1,Cluster 3,0,104.76
R1-CA-2_LGD-1,mkhlgkii-1,Cluster 3,0,40.82
R1-CA-2_LGD-1,ogajcmma-1,Cluster 3,0,44.75
R1-CA-2_LGD-1,ogagieln-1,Cluster 3,0,185.95
R1-CA-2_LGD-1,ogakmned-1,Cluster 3,0,91.49
R1-CA-2_LGD-1,ogafidgf-1,Cluster 3,0,204.83
R1-CA-2_LGD-1,ogalbfpk-1,Cluster 3,0,50.85
R1-CA-2_LGD-1,ogajbpkj-1,Cluster 3,0,48.95
R1-CA-2_LGD-1,ogafkeik-1,Cluster 3,0,129.24
R1-CA-2_LGD-1,mkhedbkc-1,Cluster 12,0,14.22
R1-CA-2_LGD-1,dkenejdo-1,Cluster 17,0,43.35
R1-CA-2_LGD-1,dkengbce-1,Cluster 2,0,49.94
R1-CA-2_LGD-1,mklpndfl-1,Cluster 17,0,9.35
R1-CA-2_LGD-1,mkhfejpi-1,Cluster 3,0,23.30
R1-CA-2_LGD-1,mkhenpkb-1,Cluster 5,0,88.37
R1-CA-2_LGD-1,dkcboecm-1,Cluster 2,0,91.13
R1-CA-2_LGD-1,mkheegoi-1,Cluster 3,0,140.17
R1-CA-2_LGD-1,mkhfkhck-1,Cluster 2,0,74.64
R1-CA-2_LGD-1,mkhemjdm-1,Cluster 12,0,15.44
R1-CA-2_LGD-1,mkhfghmj-1,Cluster 3,0,14.27
R1-CA-2_LGD-1,mkhfahon-1,Cluster 5,0,51.07
R1-CA-2_LGD-1,ogaefehn-1,Cluster 3,0,14.04
R1-CA-2_LGD-1,dkemmiii-1,Cluster 2,0,62.09
R1-CA-2_LGD-1,mkmaepda-1,Cluster 17,0,46.92
R1-CA-2_LGD-1,dkcbnhgb-1,Cluster 10,0,145.76
R1-CA-2_LGD-1,dkemimep-1,Cluster 19,0,61.82
R1-CA-2_LGD-1,dkcbocpp-1,Cluster 14,0,75.64
R1-CA-2_LGD-1,mkmaopbc-1,Cluster 10,0,88.69
R1-CA-2_LGD-1,mkloidkl-1,Cluster 6,0,148.56
R1-CA-2_LGD-1,mkmbblia-1,Cluster 2,0,142.15
R1-CA-2_LGD-1,mklohkfo-1,Cluster 14,0,270.76
R1-CA-2_LGD-1,dkfbpiim-1,Cluster 10,0,56.81
R1-CA-2_LGD-1,dkfblekn-1,Cluster 10,0,62.77
R1-CA-2_LGD-1,dkfbpnkl-1,Cluster 2,0,73.47
R1-CA-2_LGD-1,mkmdibpg-1,Cluster 10,0,46.10
R1-CA-2_LGD-1,dkfboohe-1,Cluster 10,0,49.99
R1-CA-2_LGD-1,dkfbnioi-1,Cluster 14,0,46.74
R1-CA-2_LGD-1,mkmaipbj-1,Cluster 14,0,71.75
R1-CA-2_LGD-1,mkmbdofc-1,Cluster 17,0,85.21
R1-CA-2_LGD-1,mkmdhcfj-1,Cluster 10,0,69.45
R1-CA-2_LGD-1,dkfbagjm-1,Cluster 2,0,131.68
R1-CA-2_LGD-1,mkmcbdgo-1,Cluster 6,0,31.16
R1-CA-2_LGD-1,mkmchphi-1,Cluster 17,0,45.20
R1-CA-2_LGD-1,mkmdbaoh-1,Cluster 10,0,161.79
R1-CA-2_LGD-1,ogahppgj-1,Cluster 3,0,154.66
R1-CA-2_LGD-1,mkmcbgnd-1,Cluster 6,0,58.03
R1-CA-2_LGD-1,dkfbdkip-1,Cluster 2,0,169.07
R1-CA-2_LGD-1,ogajdnpk-1,Cluster 20,0,53.37
R1-CA-2_LGD-1,mkmcfmlg-1,Cluster 17,0,72.20
R1-CA-2_LGD-1,ogalahmn-1,Cluster 3,0,95.91
R1-CA-2_LGD-1,mkminfhk-1,Cluster 17,0,55.99
R1-CA-2_LGD-1,mkmcekbd-1,Cluster 17,0,99.07
R1-CA-2_LGD-1,ogainhbh-1,Cluster 3,0,29.35
R1-CA-2_LGD-1,ogaifbfb-1,Cluster 3,0,84.94
R1-CA-2_LGD-1,ogakmngm-1,Cluster 3,0,37.89
R1-CA-2_LGD-1,dkelnncd-1,Cluster 2,0,113.57
R1-CA-2_LGD-1,ogaickbd-1,Cluster 3,0,61.91
R1-CA-2_LGD-1,dkelplkp-1,Cluster 3,0,38.52
R1-CA-2_LGD-1,dkfbckah-1,Cluster 17,0,46.51
R1-CA-2_LGD-1,ogakalbf-1,Cluster 3,0,125.99
R1-CA-2_LGD-1,ogaillpp-1,Cluster 3,0,85.57
R1-CA-2_LGD-1,ogalagdb-1,Cluster 3,0,47.28
R1-CA-2_LGD-1,ogalfeeo-1,Cluster 3,0,24.79
R1-CA-2_LGD-1,ogaidcle-1,Cluster 3,0,82.95
R1-CA-2_LGD-1,mklokaln-1,Cluster 17,0,78.71
R1-CA-2_LGD-1,dkemjnad-1,Cluster 17,0,82.95
R1-CA-2_LGD-1,dkengmof-1,Cluster 2,0,57.75
R1-CA-2_LGD-1,mkmaficg-1,Cluster 3,0,24.52
R1-CA-2_LGD-1,mkmaifpo-1,Cluster 3,0,9.21
R1-CA-2_LGD-1,mkmagmhh-1,Cluster 2,0,43.17
R1-CA-2_LGD-1,dkfbffcl-1,Cluster 10,0,35.09
R1-CA-2_LGD-1,mklokijd-1,Cluster 6,0,22.40
R1-CA-2_LGD-1,mklolgcg-1,Cluster 2,0,46.38
R1-CA-2_LGD-1,mkmeaofp-1,Cluster 9,0,42.58
R1-CA-2_LGD-1,dkfbggmn-1,Cluster 9,0,36.35
R1-CA-2_LGD-1,dkendgpg-1,Cluster 2,0,50.94
R1-CA-2_LGD-1,dkenjgfk-1,Cluster 6,0,35.27
R1-CA-2_LGD-1,mkmbamfg-1,Cluster 2,0,223.43
R1-CA-2_LGD-1,mklpeahe-1,Cluster 6,0,43.53
R1-CA-2_LGD-1,mklphnmc-1,Cluster 2,0,41.09
R1-CA-2_LGD-1,mklollmj-1,Cluster 6,0,47.96
R1-CA-2_LGD-1,mklohcmb-1,Cluster 17,0,53.33
R1-CA-2_LGD-1,mklpelhd-1,Cluster 17,0,101.60
R1-CA-2_LGD-1,mklpfomn-1,Cluster 17,0,43.44
R1-CA-2_LGD-1,mklojdhi-1,Cluster 17,0,15.90
R1-CA-2_LGD-1,mklpiiof-1,Cluster 17,0,30.30
R1-CA-2_LGD-1,dkfbgood-1,Cluster 9,0,42.13
R1-CA-2_LGD-1,mkmbecoc-1,Cluster 6,0,45.65
R1-CA-2_LGD-1,mkmbeeah-1,Cluster 10,0,62.18
R1-CA-2_LGD-1,mkmbglma-1,Cluster 2,0,46.01
R1-CA-2_LGD-1,dkfbehkf-1,Cluster 2,0,63.04
R1-CA-2_LGD-1,mkmekpjp-1,Cluster 9,0,21.09
R1-CA-2_LGD-1,mkmamkbp-1,Cluster 10,0,70.94
R1-CA-2_LGD-1,mkloipji-1,Cluster 2,0,104.45
R1-CA-2_LGD-1,mkloecck-1,Cluster 6,0,54.41
R1-CA-2_LGD-1,mkmehehj-1,Cluster 10,0,82.95
R1-CA-2_LGD-1,dkemielc-1,Cluster 2,0,136.19
R1-CA-2_LGD-1,dkemkgpi-1,Cluster 17,0,62.90
R1-CA-2_LGD-1,mkmefloj-1,Cluster 10,0,115.28
R1-CA-2_LGD-1,mkmfagdk-1,Cluster 10,0,115.37
R1-CA-2_LGD-1,mkmdjhpl-1,Cluster 2,0,51.52
R1-CA-2_LGD-1,mkmckgol-1,Cluster 17,0,14.72
R1-CA-2_LGD-1,mkmdkafn-1,Cluster 10,0,53.37
R1-CA-2_LGD-1,mkmcmodg-1,Cluster 2,0,19.64
R1-CA-2_LGD-1,mkmcpnbe-1,Cluster 9,0,11.38
R1-CA-2_LGD-1,mkmchlpn-1,Cluster 10,0,118.26
R1-CA-2_LGD-1,mkmcmhko-1,Cluster 2,0,23.71
R1-CA-2_LGD-1,mkmcgkbb-1,Cluster 10,0,64.48
R1-CA-2_LGD-1,mkmcgkcf-1,Cluster 10,0,163.33
R1-CA-2_LGD-1,mkmcjbmj-1,Cluster 6,0,23.12
R1-CA-2_LGD-1,mkmcibcg-1,Cluster 17,0,34.95
R1-CA-2_LGD-1,mkmckoia-1,Cluster 10,0,115.78
R1-CA-2_LGD-1,mkmlmeee-1,Cluster 2,0,68.14
R1-CA-2_LGD-1,ogakfjic-1,Cluster 3,0,47.59
R1-CA-2_LGD-1,mkmligpm-1,Cluster 9,0,93.83
R1-CA-2_LGD-1,mkmdjldd-1,Cluster 17,0,22.53
R1-CA-2_LGD-1,mkmbmban-1,Cluster 2,0,38.92
R1-CA-2_LGD-1,mkmchcnl-1,Cluster 2,0,65.30
R1-CA-2_LGD-1,mkmkkdel-1,Cluster 10,0,183.56
R1-CA-2_LGD-1,mkmfaffg-1,Cluster 10,0,138.81
R1-CA-2_LGD-1,dkelkdcg-1,Cluster 2,0,56.54
R1-CA-2_LGD-1,mkmknijn-1,Cluster 10,0,196.52
R1-CA-2_LGD-1,mkmbjona-1,Cluster 2,0,81.33
R1-CA-2_LGD-1,mkmcmjlh-1,Cluster 6,0,19.10
R1-CA-2_LGD-1,mkmfacga-1,Cluster 10,0,135.29
R1-CA-2_LGD-1,mkmkdppb-1,Cluster 17,0,65.07
R1-CA-2_LGD-1,mkmkhcjn-1,Cluster 17,0,39.11
R1-CA-2_LGD-1,djnkmdpp-1,Cluster 10,0,246.28
R1-CA-2_LGD-1,mkmblcec-1,Cluster 2,0,50.89
R1-CA-2_LGD-1,mkmbjkff-1,Cluster 2,0,99.12
R1-CA-2_LGD-1,mkmbkjio-1,Cluster 3,0,18.33
R1-CA-2_LGD-1,dkelpmen-1,Cluster 17,0,59.70
R1-CA-2_LGD-1,dkelldji-1,Cluster 2,0,84.76
R1-CA-2_LGD-1,mkmcjlhp-1,Cluster 10,0,73.06
R1-CA-2_LGD-1,djnkonce-1,Cluster 10,0,88.78
R1-CA-2_LGD-1,mkmkjfeg-1,Cluster 3,0,48.72
R1-CA-2_LGD-1,mkmeggoh-1,Cluster 9,0,21.09
R1-CA-2_LGD-1,mkmfckpk-1,Cluster 2,0,82.27
R1-CA-2_LGD-1,mkmdkomi-1,Cluster 17,0,16.39
R1-CA-2_LGD-1,mkmdnfbo-1,Cluster 17,0,27.73
R1-CA-2_LGD-1,mionamik-1,Cluster 17,0,24.97
R1-CA-2_LGD-1,miondggm-1,Cluster 17,0,73.74
R1-CA-2_LGD-1,mionknfg-1,Cluster 3,0,9.12
R1-CA-2_LGD-1,miompnao-1,Cluster 10,0,166.36
R1-CA-2_LGD-1,miompjbp-1,Cluster 2,0,84.67
R1-CA-2_LGD-1,djnmckoo-1,Cluster 17,0,34.45
R1-CA-2_LGD-1,mionanpb-1,Cluster 17,0,37.34
R1-CA-2_LGD-1,djnlpdma-1,Cluster 2,0,67.55
R1-CA-2_LGD-1,djnkopka-1,Cluster 10,0,68.91
R1-CA-2_LGD-1,lfmfgfga-1,Cluster 10,0,99.89
R1-CA-2_LGD-1,lfmfckhc-1,Cluster 3,0,27.14
R1-CA-2_LGD-1,ogajgpad-1,Cluster 3,0,9.35
R1-CA-2_LGD-1,ogajgnnf-1,Cluster 17,0,126.03