Annotation Name,Area (µm^2),Cell Count,Transcript Count
J1-CA-2_CA-1,47297.67,424,0
J1-CA-2_CA-2,37938.05,320,0
J1-CA-2_CA-3,46305.91,571,0
J1-CA-2_CA-4,34204.88,259,0
L1-TA-4_HGD-1,225146.10,1380,0
L1-TA-4_HGD-2,66107.21,667,0
Q1-TA-4_HGD-1,642928.33,6353,0
L1-TA-1_LGD-1,414872.00,4601,0
M1-TA-1_LGD-1,582730.84,6208,0

Annotation Name,Cell ID,Cluster ID,Total Transcripts,Cell Area
J1-CA-2_CA-1,maickbmb-1,Cluster 19,0,50.62
J1-CA-2_CA-1,magilbjh-1,Cluster 6,0,59.29
J1-CA-2_CA-1,magigikj-1,Cluster 15,0,32.29
J1-CA-2_CA-1,magipigg-1,Cluster 20,0,94.33
J1-CA-2_CA-1,mahppngj-1,Cluster 3,0,50.80
J1-CA-2_CA-1,magjfijp-1,Cluster 6,0,44.07
J1-CA-2_CA-1,magjglhh-1,Cluster 6,0,11.20
J1-CA-2_CA-1,maidckka-1,Cluster 6,0,42.36
J1-CA-2_CA-1,magjgchg-1,Cluster 6,0,48.90
J1-CA-2_CA-1,mahddmgn-1,Cluster 3,0,53.06
J1-CA-2_CA-1,maiemhpm-1,Cluster 3,0,49.36
J1-CA-2_CA-1,maielcea-1,Cluster 3,0,79.79
J1-CA-2_CA-1,maiehicf-1,Cluster 3,0,28.00
J1-CA-2_CA-1,mahdfehb-1,Cluster 3,0,50.98
J1-CA-2_CA-1,mahdeood-1,Cluster 3,0,53.33
J1-CA-2_CA-1,maiekejo-1,Cluster 9,0,23.53
J1-CA-2_CA-1,maieknmf-1,Cluster 3,0,59.47
J1-CA-2_CA-1,maieiief-1,Cluster 3,0,62.90
J1-CA-2_CA-1,maiaikhp-1,Cluster 3,0,45.38
J1-CA-2_CA-1,maiajelj-1,Cluster 19,0,34.59
J1-CA-2_CA-1,mahemoog-1,Cluster 3,0,114.16
J1-CA-2_CA-1,mahgaihj-1,Cluster 9,0,23.89
J1-CA-2_CA-1,maidepnj-1,Cluster 27,0,63.08
J1-CA-2_CA-1,mahgdjoh-1,Cluster 6,0,32.74
J1-CA-2_CA-1,maidccik-1,Cluster 6,0,44.43
J1-CA-2_CA-1,mahfphcg-1,Cluster 3,0,126.08
J1-CA-2_CA-1,magibcdl-1,Cluster 3,0,42.27
J1-CA-2_CA-1,mahfeann-1,Cluster 3,0,120.43
J1-CA-2_CA-1,mahgacio-1,Cluster 6,0,74.01
J1-CA-2_CA-1,magichdn-1,Cluster 3,0,92.89
J1-CA-2_CA-1,maghdfee-1,Cluster 3,0,111.76
J1-CA-2_CA-1,maidbjko-1,Cluster 3,0,134.25
J1-CA-2_CA-1,dkhlomhk-1,Cluster 12,0,68.28
J1-CA-2_CA-1,mahgddcc-1,Cluster 15,0,58.66
J1-CA-2_CA-1,mahfbjda-1,Cluster 3,0,97.04
J1-CA-2_CA-1,dkhjpmmd-1,Cluster 12,0,42.18
J1-CA-2_CA-1,majmkifj-1,Cluster 14,0,8.40
J1-CA-2_CA-1,majkeaej-1,Cluster 3,0,55.32
J1-CA-2_CA-1,maifeehd-1,Cluster 3,0,41.50
J1-CA-2_CA-1,maiglifg-1,Cluster 3,0,71.75
J1-CA-2_CA-1,maigofjl-1,Cluster 3,0,38.70
J1-CA-2_CA-1,majdifih-1,Cluster 3,0,75.23
J1-CA-2_CA-1,maifncne-1,Cluster 9,0,21.90
J1-CA-2_CA-1,majkfpgl-1,Cluster 6,0,60.60
J1-CA-2_CA-1,maigocjp-1,Cluster 3,0,35.58
J1-CA-2_CA-1,maigphon-1,Cluster 3,0,46.65
J1-CA-2_CA-1,mahemhhe-1,Cluster 3,0,97.99
J1-CA-2_CA-1,majkeokf-1,Cluster 3,0,27.18
J1-CA-2_CA-1,maigjkbk-1,Cluster 27,0,107.74
J1-CA-2_CA-1,mahfahfb-1,Cluster 3,0,60.55
J1-CA-2_CA-1,maiaihac-1,Cluster 27,0,38.43
J1-CA-2_CA-1,maikclll-1,Cluster 15,0,45.43
J1-CA-2_CA-1,maikepjb-1,Cluster 15,0,17.48
J1-CA-2_CA-1,mailolll-1,Cluster 20,0,46.83
J1-CA-2_CA-1,maijngka-1,Cluster 3,0,14.63
J1-CA-2_CA-1,mahnppje-1,Cluster 9,0,14.00
J1-CA-2_CA-1,maidloia-1,Cluster 3,0,51.30
J1-CA-2_CA-1,maiebibc-1,Cluster 3,0,27.73
J1-CA-2_CA-1,maidpnlj-1,Cluster 3,0,44.75
J1-CA-2_CA-1,maidifbg-1,Cluster 3,0,24.52
J1-CA-2_CA-1,ohkmmlnj-1,Cluster 6,0,16.89
J1-CA-2_CA-1,maidnfie-1,Cluster 3,0,47.32
J1-CA-2_CA-1,mahmddgm-1,Cluster 3,0,42.67
J1-CA-2_CA-1,mahmbeph-1,Cluster 3,0,69.54
J1-CA-2_CA-1,mahplfib-1,Cluster 3,0,21.04
J1-CA-2_CA-1,maidfelc-1,Cluster 3,0,76.72
J1-CA-2_CA-1,maidkflo-1,Cluster 1,0,17.11
J1-CA-2_CA-1,mahmcopl-1,Cluster 3,0,37.89
J1-CA-2_CA-1,maidibjl-1,Cluster 3,0,63.76
J1-CA-2_CA-1,mahpnfdp-1,Cluster 12,0,77.44
J1-CA-2_CA-1,mahmepdh-1,Cluster 3,0,25.65
J1-CA-2_CA-1,maiaimij-1,Cluster 3,0,33.28
J1-CA-2_CA-1,mahmegil-1,Cluster 20,0,26.24
J1-CA-2_CA-1,mahmdkgi-1,Cluster 3,0,29.08
J1-CA-2_CA-1,mahnngln-1,Cluster 3,0,61.19
J1-CA-2_CA-1,maidailg-1,Cluster 3,0,69.27
J1-CA-2_CA-1,mahnnfcj-1,Cluster 3,0,42.45
J1-CA-2_CA-1,mahmnmec-1,Cluster 3,0,58.48
J1-CA-2_CA-1,mahnegol-1,Cluster 3,0,36.40
J1-CA-2_CA-1,mahmnkfl-1,Cluster 3,0,49.99
J1-CA-2_CA-1,ohkmmkbp-1,Cluster 14,0,15.85
J1-CA-2_CA-1,mahnlbij-1,Cluster 6,0,70.26
J1-CA-2_CA-1,dkhmfagj-1,Cluster 12,0,206.73
J1-CA-2_CA-1,maiaaoip-1,Cluster 12,0,118.72
J1-CA-2_CA-1,maifmfof-1,Cluster 6,0,64.08
J1-CA-2_CA-1,maigegdn-1,Cluster 3,0,96.59
J1-CA-2_CA-1,maigacgc-1,Cluster 3,0,53.60
J1-CA-2_CA-1,dkhkiggn-1,Cluster 5,0,174.71
J1-CA-2_CA-1,maiffhpg-1,Cluster 3,0,19.60
J1-CA-2_CA-1,dkhlimmf-1,Cluster 4,0,142.74
J1-CA-2_CA-1,maifmilc-1,Cluster 3,0,48.59
J1-CA-2_CA-1,maigajap-1,Cluster 3,0,118.40
J1-CA-2_CA-1,dkhmdfle-1,Cluster 4,0,42.00
J1-CA-2_CA-1,dkhmflcm-1,Cluster 12,0,127.57
J1-CA-2_CA-1,dkhoceoe-1,Cluster 2,0,28.72
J1-CA-2_CA-1,dkhkkfcg-1,Cluster 12,0,118.63
J1-CA-2_CA-1,dkhkahkp-1,Cluster 12,0,204.65
J1-CA-2_CA-1,dkhjnhhb-1,Cluster 12,0,275.09
J1-CA-2_CA-1,dkhmadai-1,Cluster 12,0,177.42
J1-CA-2_CA-1,dkhlkaal-1,Cluster 12,0,217.43
J1-CA-2_CA-1,maiadkfg-1,Cluster 12,0,185.23
J1-CA-2_CA-1,dkhmgege-1,Cluster 12,0,55.36
J1-CA-2_CA-1,dkhjohge-1,Cluster 12,0,246.24
J1-CA-2_CA-1,dkhpphha-1,Cluster 12,0,162.79
J1-CA-2_CA-1,dkhkfcon-1,Cluster 12,0,134.61
J1-CA-2_CA-1,maighpjm-1,Cluster 3,0,69.68
J1-CA-2_CA-1,maigifnd-1,Cluster 12,0,84.67
J1-CA-2_CA-1,dkhmbmei-1,Cluster 12,0,161.89
J1-CA-2_CA-1,dkiaecdi-1,Cluster 4,0,87.42
J1-CA-2_CA-1,dkiajahj-1,Cluster 12,0,161.79
J1-CA-2_CA-1,maidnnhi-1,Cluster 3,0,56.26
J1-CA-2_CA-1,maidlemf-1,Cluster 3,0,56.90
J1-CA-2_CA-1,dkiajkji-1,Cluster 4,0,145.67
J1-CA-2_CA-1,dkiafide-1,Cluster 12,0,240.37
J1-CA-2_CA-1,mahpoofc-1,Cluster 3,0,45.56
J1-CA-2_CA-1,dkiakaia-1,Cluster 12,0,103.81
J1-CA-2_CA-1,mahljgab-1,Cluster 3,0,14.18
J1-CA-2_CA-1,mahnnmmg-1,Cluster 3,0,33.28
J1-CA-2_CA-1,dkhpmlok-1,Cluster 12,0,111.90
J1-CA-2_CA-1,dkiehaif-1,Cluster 12,0,86.93
J1-CA-2_CA-1,dkhpbcoa-1,Cluster 12,0,125.85
J1-CA-2_CA-1,mahlkdge-1,Cluster 3,0,42.45
J1-CA-2_CA-1,dkhpndfk-1,Cluster 12,0,138.00
J1-CA-2_CA-1,dkhpfjmm-1,Cluster 12,0,128.97
J1-CA-2_CA-1,mahljgmm-1,Cluster 1,0,16.03
J1-CA-2_CA-1,mahoclcg-1,Cluster 9,0,23.84
J1-CA-2_CA-1,mailaaeo-1,Cluster 6,0,43.98
J1-CA-2_CA-1,maikoocl-1,Cluster 24,0,52.07
J1-CA-2_CA-1,mahmimfe-1,Cluster 6,0,24.25
J1-CA-2_CA-1,maijidbi-1,Cluster 3,0,34.27
J1-CA-2_CA-1,maikpmai-1,Cluster 3,0,33.91
J1-CA-2_CA-1,maiijico-1,Cluster 3,0,44.39
J1-CA-2_CA-1,maijcdak-1,Cluster 6,0,92.93
J1-CA-2_CA-1,maiknibg-1,Cluster 3,0,27.59
J1-CA-2_CA-1,maijcjen-1,Cluster 3,0,44.70
J1-CA-2_CA-1,mahmfhfa-1,Cluster 14,0,21.09
J1-CA-2_CA-1,maijejgl-1,Cluster 3,0,36.35
J1-CA-2_CA-1,mahoapaf-1,Cluster 3,0,39.96
J1-CA-2_CA-1,dkhpamhl-1,Cluster 24,0,58.75
J1-CA-2_CA-1,maikgbph-1,Cluster 9,0,36.89
J1-CA-2_CA-1,mahmljik-1,Cluster 3,0,54.19
J1-CA-2_CA-1,dkhpiljh-1,Cluster 9,0,43.44
J1-CA-2_CA-1,mahmnaob-1,Cluster 14,0,27.64
J1-CA-2_CA-1,maikpmnm-1,Cluster 3,0,35.85
J1-CA-2_CA-1,maihlgmm-1,Cluster 3,0,66.70
J1-CA-2_CA-1,mahpldbc-1,Cluster 3,0,39.02
J1-CA-2_CA-1,mahpfnim-1,Cluster 9,0,17.61
J1-CA-2_CA-1,mahocpfo-1,Cluster 3,0,37.93
J1-CA-2_CA-1,maikdndl-1,Cluster 6,0,42.45
J1-CA-2_CA-1,mahpilgb-1,Cluster 3,0,42.67
J1-CA-2_CA-1,maikapdk-1,Cluster 3,0,38.43
J1-CA-2_CA-1,mahjmeab-1,Cluster 3,0,218.06
J1-CA-2_CA-1,dkhogbbm-1,Cluster 12,0,140.71
J1-CA-2_CA-1,maihcmkd-1,Cluster 12,0,112.39
J1-CA-2_CA-1,maihbfko-1,Cluster 12,0,72.39
J1-CA-2_CA-1,dkhjncnf-1,Cluster 12,0,44.03
J1-CA-2_CA-1,dkhjmihj-1,Cluster 12,0,44.34
J1-CA-2_CA-1,dkhjlcjd-1,Cluster 12,0,58.30
J1-CA-2_CA-1,dkhjikfa-1,Cluster 12,0,84.13
J1-CA-2_CA-1,dkhjieoh-1,Cluster 12,0,97.40
J1-CA-2_CA-1,dkigidnd-1,Cluster 12,0,35.49
J1-CA-2_CA-1,dkighjfg-1,Cluster 12,0,60.51
J1-CA-2_CA-1,dkigkekg-1,Cluster 2,0,21.18
J1-CA-2_CA-1,dkhkandb-1,Cluster 12,0,31.43
J1-CA-2_CA-1,dkhkcahh-1,Cluster 12,0,71.80
J1-CA-2_CA-1,dkhpnjmf-1,Cluster 12,0,82.86
J1-CA-2_CA-1,dkhkenod-1,Cluster 5,0,135.78
J1-CA-2_CA-1,dkhojelj-1,Cluster 12,0,104.27
J1-CA-2_CA-1,dkiefpic-1,Cluster 5,0,66.33
J1-CA-2_CA-1,dkiiblid-1,Cluster 5,0,142.51
J1-CA-2_CA-1,dkhohdpo-1,Cluster 4,0,57.80
J1-CA-2_CA-1,dkhpcepb-1,Cluster 4,0,127.70
J1-CA-2_CA-1,mahpncoh-1,Cluster 4,0,307.56
J1-CA-2_CA-1,mahpnahi-1,Cluster 12,0,220.36
J1-CA-2_CA-1,dkihfamf-1,Cluster 12,0,112.35
J1-CA-2_CA-1,mahpncfk-1,Cluster 4,0,28.45
J1-CA-2_CA-1,dkiaddfm-1,Cluster 4,0,63.76
J1-CA-2_CA-1,dkhpngjp-1,Cluster 12,0,70.13
J1-CA-2_CA-1,maihclck-1,Cluster 12,0,71.80
J1-CA-2_CA-1,dkhkeale-1,Cluster 4,0,23.30
J1-CA-2_CA-1,dkhojiac-1,Cluster 12,0,110.23
J1-CA-2_CA-1,dkhpojmh-1,Cluster 12,0,138.67
J1-CA-2_CA-1,dkihpphp-1,Cluster 5,0,144.64
J1-CA-2_CA-1,dkhoiilp-1,Cluster 4,0,42.49
J1-CA-2_CA-1,mahlibea-1,Cluster 9,0,16.48
J1-CA-2_CA-1,mldmaepl-1,Cluster 24,0,24.25
J1-CA-2_CA-1,ohkmjphk-1,Cluster 22,0,49.13
J1-CA-2_CA-1,dkicmjpk-1,Cluster 12,0,187.26
J1-CA-2_CA-1,dkickgfb-1,Cluster 12,0,114.56
J1-CA-2_CA-1,dkickkog-1,Cluster 12,0,73.33
J1-CA-2_CA-1,dkiclffp-1,Cluster 12,0,88.10
J1-CA-2_CA-1,maihlaoj-1,Cluster 3,0,62.81
J1-CA-2_CA-1,dkielfjg-1,Cluster 4,0,78.26
J1-CA-2_CA-1,maiheind-1,Cluster 3,0,62.63
J1-CA-2_CA-1,maihefef-1,Cluster 3,0,70.31
J1-CA-2_CA-1,maihgedn-1,Cluster 3,0,81.51
J1-CA-2_CA-1,dkiejngf-1,Cluster 12,0,184.33
J1-CA-2_CA-1,maijbohk-1,Cluster 3,0,53.87
J1-CA-2_CA-1,maihmiep-1,Cluster 3,0,89.18
J1-CA-2_CA-1,maildlel-1,Cluster 6,0,59.29
J1-CA-2_CA-1,mainkjao-1,Cluster 1,0,49.31
J1-CA-2_CA-1,maiikbip-1,Cluster 6,0,39.20
J1-CA-2_CA-1,maiikkkj-1,Cluster 3,0,27.50
J1-CA-2_CA-1,maihfdjg-1,Cluster 1,0,16.93
J1-CA-2_CA-1,mainikbe-1,Cluster 7,0,16.39
J1-CA-2_CA-1,dkiefjgp-1,Cluster 12,0,120.43
J1-CA-2_CA-1,dkifepmo-1,Cluster 4,0,115.01
J1-CA-2_CA-1,mldkdecc-1,Cluster 3,0,49.40
J1-CA-2_CA-1,dkieknil-1,Cluster 5,0,147.62
J1-CA-2_CA-1,dkifnapc-1,Cluster 5,0,80.24
J1-CA-2_CA-1,mainhhco-1,Cluster 3,0,57.26
J1-CA-2_CA-1,maiiokeg-1,Cluster 7,0,52.47
J1-CA-2_CA-1,mldkjfmi-1,Cluster 1,0,48.45
J1-CA-2_CA-1,dkieibhk-1,Cluster 4,0,211.92
J1-CA-2_CA-1,mldlmefg-1,Cluster 3,0,138.27
J1-CA-2_CA-1,dkiemcgf-1,Cluster 4,0,39.15
J1-CA-2_CA-1,mainibgm-1,Cluster 3,0,43.80
J1-CA-2_CA-1,maiimmhn-1,Cluster 3,0,89.54
J1-CA-2_CA-1,maiibllh-1,Cluster 3,0,90.40
J1-CA-2_CA-1,dkifodoh-1,Cluster 5,0,88.10
J1-CA-2_CA-1,mailofih-1,Cluster 4,0,114.61
J1-CA-2_CA-1,mahkicnn-1,Cluster 6,0,78.53
J1-CA-2_CA-1,mahjghjm-1,Cluster 4,0,23.53
J1-CA-2_CA-1,mahkglok-1,Cluster 3,0,65.48
J1-CA-2_CA-1,mahkkali-1,Cluster 3,0,125.35
J1-CA-2_CA-1,dkiijkoa-1,Cluster 12,0,141.29
J1-CA-2_CA-1,dkijhmgo-1,Cluster 12,0,61.14
J1-CA-2_CA-1,dkijlgla-1,Cluster 12,0,46.83
J1-CA-2_CA-1,dkighpkj-1,Cluster 12,0,75.28
J1-CA-2_CA-1,dkijaika-1,Cluster 12,0,101.51
J1-CA-2_CA-1,dkihcblh-1,Cluster 2,0,36.53
J1-CA-2_CA-1,dkihkjbo-1,Cluster 12,0,53.42
J1-CA-2_CA-1,mahlbhio-1,Cluster 12,0,76.22
J1-CA-2_CA-1,dkignaln-1,Cluster 12,0,59.65
J1-CA-2_CA-1,mahkkicb-1,Cluster 27,0,77.13
J1-CA-2_CA-1,dkihpmld-1,Cluster 12,0,65.48
J1-CA-2_CA-1,dkijgbbo-1,Cluster 4,0,38.38
J1-CA-2_CA-1,dkihaenj-1,Cluster 12,0,39.96
J1-CA-2_CA-1,dkihgggb-1,Cluster 12,0,47.46
J1-CA-2_CA-1,dkijfioj-1,Cluster 12,0,209.34
J1-CA-2_CA-1,dkiglhbe-1,Cluster 12,0,49.49
J1-CA-2_CA-1,dkihiekk-1,Cluster 12,0,62.90
J1-CA-2_CA-1,dkiikafi-1,Cluster 2,0,23.80
J1-CA-2_CA-1,dkiglldo-1,Cluster 12,0,29.13
J1-CA-2_CA-1,dkijjlch-1,Cluster 12,0,64.08
J1-CA-2_CA-1,mahlhmdd-1,Cluster 3,0,56.26
J1-CA-2_CA-1,dkihnkkm-1,Cluster 12,0,96.41
J1-CA-2_CA-1,dkijickc-1,Cluster 12,0,65.97
J1-CA-2_CA-1,dkijbhpf-1,Cluster 12,0,55.90
J1-CA-2_CA-1,dkikoppp-1,Cluster 12,0,64.98
J1-CA-2_CA-1,dkijmjgl-1,Cluster 12,0,82.37
J1-CA-2_CA-1,mahjgche-1,Cluster 4,0,80.69
J1-CA-2_CA-1,dkijdcoj-1,Cluster 12,0,137.82
J1-CA-2_CA-1,dkikoegg-1,Cluster 12,0,51.97
J1-CA-2_CA-1,dkikagjj-1,Cluster 4,0,56.90
J1-CA-2_CA-1,dkicniek-1,Cluster 12,0,53.96
J1-CA-2_CA-1,dkicpljk-1,Cluster 4,0,191.60
J1-CA-2_CA-1,dkicoiij-1,Cluster 12,0,142.06
J1-CA-2_CA-1,dkidamne-1,Cluster 12,0,237.84
J1-CA-2_CA-1,dkieoako-1,Cluster 12,0,85.16
J1-CA-2_CA-1,dkifahph-1,Cluster 12,0,86.88
J1-CA-2_CA-1,dkifkfoe-1,Cluster 12,0,134.57
J1-CA-2_CA-1,mldmcpha-1,Cluster 3,0,115.28
J1-CA-2_CA-1,mlebgcfp-1,Cluster 5,0,63.22
J1-CA-2_CA-1,dkiedcij-1,Cluster 5,0,65.39
J1-CA-2_CA-1,dkidjlol-1,Cluster 5,0,73.15
J1-CA-2_CA-1,mldkccpd-1,Cluster 2,0,26.24
J1-CA-2_CA-1,dkidphdm-1,Cluster 12,0,77.13
J1-CA-2_CA-1,dkiedgpd-1,Cluster 12,0,57.57
J1-CA-2_CA-1,dkigflka-1,Cluster 12,0,100.61
J1-CA-2_CA-1,dkiedfcg-1,Cluster 12,0,92.48
J1-CA-2_CA-1,dkifhemm-1,Cluster 5,0,35.90
J1-CA-2_CA-1,dklkkoab-1,Cluster 5,0,114.74
J1-CA-2_CA-1,mldkgkbc-1,Cluster 3,0,33.91
J1-CA-2_CA-1,mldlkfmh-1,Cluster 1,0,22.53
J1-CA-2_CA-1,dkifhmol-1,Cluster 12,0,135.29
J1-CA-2_CA-1,mldkmhgo-1,Cluster 9,0,17.39
J1-CA-2_CA-1,dkifgpno-1,Cluster 12,0,115.78
J1-CA-2_CA-1,mldlgoij-1,Cluster 3,0,96.32
J1-CA-2_CA-1,dkidomfc-1,Cluster 5,0,114.02
J1-CA-2_CA-1,dkifpmeb-1,Cluster 12,0,147.75
J1-CA-2_CA-1,dkiehbgn-1,Cluster 23,0,147.21
J1-CA-2_CA-1,dkidkjif-1,Cluster 5,0,156.06
J1-CA-2_CA-1,mldldgph-1,Cluster 6,0,70.04
J1-CA-2_CA-1,mldkhgkm-1,Cluster 3,0,69.22
J1-CA-2_CA-1,mldkeppj-1,Cluster 3,0,34.91
J1-CA-2_CA-1,mldmbgho-1,Cluster 3,0,36.94
J1-CA-2_CA-1,dkieahda-1,Cluster 1,0,54.82
J1-CA-2_CA-1,lohpnfao-1,Cluster 3,0,199.91
J1-CA-2_CA-1,loibdgda-1,Cluster 3,0,79.11
J1-CA-2_CA-1,loibdmjg-1,Cluster 6,0,22.40
J1-CA-2_CA-1,loiajkal-1,Cluster 3,0,20.46
J1-CA-2_CA-1,loijfnpf-1,Cluster 15,0,29.89
J1-CA-2_CA-1,loijchjj-1,Cluster 3,0,49.58
J1-CA-2_CA-1,loiapoai-1,Cluster 3,0,49.63
J1-CA-2_CA-1,loibchkl-1,Cluster 24,0,33.46
J1-CA-2_CA-1,loibfflc-1,Cluster 24,0,48.95
J1-CA-2_CA-1,loibhhnf-1,Cluster 3,0,44.21
J1-CA-2_CA-1,lohpmgdi-1,Cluster 3,0,49.72
J1-CA-2_CA-1,loiafdfa-1,Cluster 3,0,47.28
J1-CA-2_CA-1,lohphiic-1,Cluster 6,0,99.12
J1-CA-2_CA-1,lohpnhlj-1,Cluster 3,0,85.62
J1-CA-2_CA-1,dkijlpno-1,Cluster 12,0,49.40
J1-CA-2_CA-1,mahjdhli-1,Cluster 12,0,81.33
J1-CA-2_CA-1,dkikacpm-1,Cluster 12,0,170.28
J1-CA-2_CA-1,loiaccho-1,Cluster 2,0,22.98
J1-CA-2_CA-1,dkijopaf-1,Cluster 12,0,47.87
J1-CA-2_CA-1,dkildjpa-1,Cluster 12,0,99.07
J1-CA-2_CA-1,dkilbjij-1,Cluster 12,0,204.33
J1-CA-2_CA-1,lohnginp-1,Cluster 3,0,51.79
J1-CA-2_CA-1,dkikcbmm-1,Cluster 12,0,62.18
J1-CA-2_CA-1,dkikkopm-1,Cluster 12,0,77.13
J1-CA-2_CA-1,dkidcnpj-1,Cluster 12,0,115.19
J1-CA-2_CA-1,majdjoee-1,Cluster 6,0,42.27
J1-CA-2_CA-1,majdpmkk-1,Cluster 1,0,13.68
J1-CA-2_CA-1,majadfei-1,Cluster 3,0,76.68
J1-CA-2_CA-1,majachdm-1,Cluster 3,0,71.53
J1-CA-2_CA-1,majdjago-1,Cluster 3,0,23.48
J1-CA-2_CA-1,majaahmo-1,Cluster 24,0,44.61
J1-CA-2_CA-1,maipjafd-1,Cluster 3,0,59.15
J1-CA-2_CA-1,ohkmoepc-1,Cluster 9,0,18.24
J1-CA-2_CA-1,maifdmoe-1,Cluster 15,0,36.94
J1-CA-2_CA-1,dkhnpojm-1,Cluster 3,0,95.78
J1-CA-2_CA-1,majaaejl-1,Cluster 3,0,94.38
J1-CA-2_CA-1,majaifek-1,Cluster 14,0,12.64
J1-CA-2_CA-1,dkhognhb-1,Cluster 3,0,62.68
J1-CA-2_CA-1,majaiabf-1,Cluster 3,0,70.99
J1-CA-2_CA-1,majadjkp-1,Cluster 3,0,76.04
J1-CA-2_CA-1,majaggpp-1,Cluster 3,0,47.50
J1-CA-2_CA-1,maiodfnd-1,Cluster 1,0,16.48
J1-CA-2_CA-1,maipolgi-1,Cluster 3,0,61.86
J1-CA-2_CA-1,malfjknm-1,Cluster 3,0,60.19
J1-CA-2_CA-1,malfidnf-1,Cluster 3,0,132.22
J1-CA-2_CA-1,malffkld-1,Cluster 3,0,58.39
J1-CA-2_CA-1,maleokmf-1,Cluster 3,0,41.18
J1-CA-2_CA-1,malfkfne-1,Cluster 3,0,85.89
J1-CA-2_CA-1,malfbbbp-1,Cluster 6,0,74.87
J1-CA-2_CA-1,maleihll-1,Cluster 3,0,137.18
J1-CA-2_CA-1,mahkjche-1,Cluster 3,0,109.77
J1-CA-2_CA-1,mahjildf-1,Cluster 3,0,110.14
J1-CA-2_CA-1,malfklgc-1,Cluster 3,0,176.79
J1-CA-2_CA-1,mldadcip-1,Cluster 6,0,66.15
J1-CA-2_CA-1,dkiblhhp-1,Cluster 12,0,91.04
J1-CA-2_CA-1,mlebcmbg-1,Cluster 3,0,29.08
J1-CA-2_CA-1,dkiakfbj-1,Cluster 23,0,73.33
J1-CA-2_CA-1,dkicfnpi-1,Cluster 5,0,54.41
J1-CA-2_CA-1,dkiaklmp-1,Cluster 12,0,43.26
J1-CA-2_CA-1,dkibbnal-1,Cluster 12,0,70.44
J1-CA-2_CA-1,dkiccebp-1,Cluster 5,0,44.52
J1-CA-2_CA-1,dkibolge-1,Cluster 12,0,90.36
J1-CA-2_CA-1,dkicghcm-1,Cluster 5,0,35.90
J1-CA-2_CA-1,dkiapien-1,Cluster 12,0,59.52
J1-CA-2_CA-1,dkiamgkj-1,Cluster 5,0,101.96
J1-CA-2_CA-1,dkibaill-1,Cluster 4,0,32.60
J1-CA-2_CA-1,dkibonfm-1,Cluster 12,0,64.71
J1-CA-2_CA-1,dkichchl-1,Cluster 5,0,21.58
J1-CA-2_CA-1,dkiceoea-1,Cluster 4,0,54.55
J1-CA-2_CA-1,dkibgdlo-1,Cluster 12,0,79.93
J1-CA-2_CA-1,dkicdbjp-1,Cluster 12,0,58.21
J1-CA-2_CA-1,mldndcii-1,Cluster 7,0,15.49
J1-CA-2_CA-1,dkibblkm-1,Cluster 12,0,81.46
J1-CA-2_CA-1,dkibambi-1,Cluster 12,0,81.78
J1-CA-2_CA-1,oiccedmf-1,Cluster 14,0,28.99
J1-CA-2_CA-1,mldnapng-1,Cluster 3,0,53.37
J1-CA-2_CA-1,dklkmjca-1,Cluster 12,0,109.50
J1-CA-2_CA-1,mldlknoo-1,Cluster 3,0,106.03
J1-CA-2_CA-1,mldllgme-1,Cluster 9,0,16.62
J1-CA-2_CA-1,dkibbmld-1,Cluster 5,0,44.89
J1-CA-2_CA-1,mlcfgklk-1,Cluster 6,0,99.93
J1-CA-2_CA-1,mldncfnf-1,Cluster 1,0,37.34
J1-CA-2_CA-1,mlcfdjee-1,Cluster 15,0,45.97
J1-CA-2_CA-1,oiccdjll-1,Cluster 22,0,12.64
J1-CA-2_CA-1,mldgclgh-1,Cluster 6,0,70.13
J1-CA-2_CA-1,mldmndgi-1,Cluster 3,0,30.30
J1-CA-2_CA-1,lohoficj-1,Cluster 3,0,81.73
J1-CA-2_CA-1,mldbnocp-1,Cluster 3,0,52.43
J1-CA-2_CA-1,lohonlni-1,Cluster 3,0,47.87
J1-CA-2_CA-1,lohohebg-1,Cluster 6,0,37.39
J1-CA-2_CA-1,lohofjod-1,Cluster 9,0,31.74
J1-CA-2_CA-1,lohoeimd-1,Cluster 3,0,65.70
J1-CA-2_CA-1,lohnfmeh-1,Cluster 3,0,82.64
J1-CA-2_CA-1,lohofemh-1,Cluster 14,0,17.52
J1-CA-2_CA-1,lohoeoib-1,Cluster 3,0,103.90
J1-CA-2_CA-1,mldbnpdd-1,Cluster 3,0,69.09
J1-CA-2_CA-1,dkidikga-1,Cluster 12,0,73.70
J1-CA-2_CA-1,mlebobpk-1,Cluster 3,0,53.06
J1-CA-2_CA-1,dkifdhak-1,Cluster 4,0,31.20
J1-CA-2_CA-1,lohnpepo-1,Cluster 15,0,34.36
J1-CA-2_CA-1,dkibmbji-1,Cluster 12,0,64.21
J1-CA-2_CA-1,dkibnalg-1,Cluster 12,0,44.21
J1-CA-2_CA-1,dkifjcjg-1,Cluster 5,0,42.58
J1-CA-2_CA-1,dkibndfp-1,Cluster 2,0,26.01
J1-CA-2_CA-1,dkibjfbe-1,Cluster 12,0,65.97
J1-CA-2_CA-1,mldbkpoc-1,Cluster 3,0,89.00
J1-CA-2_CA-1,mldahedl-1,Cluster 3,0,64.80
J1-CA-2_CA-1,lohoamcl-1,Cluster 3,0,34.54
J1-CA-2_CA-1,mleamohp-1,Cluster 9,0,22.62
J1-CA-2_CA-1,lohmenla-1,Cluster 3,0,27.91
J1-CA-2_CA-1,lohobplg-1,Cluster 3,0,80.06
J1-CA-2_CA-1,dkiffong-1,Cluster 5,0,29.80
J1-CA-2_CA-1,mleboemb-1,Cluster 24,0,32.02
J1-CA-2_CA-1,mldbokpa-1,Cluster 3,0,80.97
J1-CA-2_CA-1,lohobpjl-1,Cluster 14,0,7.32
J1-CA-2_CA-1,mleampia-1,Cluster 3,0,45.11
J1-CA-2_CA-1,mlebcmfk-1,Cluster 24,0,100.52
J1-CA-2_CA-1,dklmglje-1,Cluster 15,0,37.93
J1-CA-2_CA-1,mldnkknj-1,Cluster 3,0,111.45
J1-CA-2_CA-1,mldohcml-1,Cluster 3,0,44.21
J1-CA-2_CA-1,mldojjad-1,Cluster 3,0,70.76
J1-CA-2_CA-1,mldnfcpc-1,Cluster 3,0,13.68
J1-CA-2_CA-1,mlebbdok-1,Cluster 3,0,25.51
J1-CA-2_CA-1,mlebbhbm-1,Cluster 3,0,48.68
J1-CA-2_CA-1,mldnfijm-1,Cluster 9,0,16.75
J1-CA-2_CA-1,lohmclfk-1,Cluster 20,0,33.33
J1-CA-2_CA-1,lohmbjpj-1,Cluster 24,0,26.46
J1-CA-2_CA-1,mlebgeid-1,Cluster 20,0,42.27
J1-CA-2_CA-1,mlebocae-1,Cluster 1,0,25.87
J1-CA-2_CA-1,lohphfki-1,Cluster 3,0,55.41
J1-CA-2_CA-1,lohnhifm-1,Cluster 3,0,85.84
J1-CA-2_CA-1,lohnkiok-1,Cluster 3,0,61.37
J1-CA-2_CA-1,lohpmcag-1,Cluster 3,0,42.72
J1-CA-2_CA-1,loholokm-1,Cluster 3,0,86.16
J1-CA-2_CA-1,lohnjpfg-1,Cluster 6,0,57.98
J1-CA-2_CA-1,lohppipc-1,Cluster 3,0,34.05
J1-CA-2_CA-2,maagkobe-1,Cluster 23,0,47.50
J1-CA-2_CA-2,maaminle-1,Cluster 2,0,16.93
J1-CA-2_CA-2,mmddbald-1,Cluster 2,0,19.51
J1-CA-2_CA-2,mmdejmpe-1,Cluster 5,0,18.20
J1-CA-2_CA-2,maamcagd-1,Cluster 5,0,45.97
J1-CA-2_CA-2,mmdekjjl-1,Cluster 2,0,34.59
J1-CA-2_CA-2,mmdeipmg-1,Cluster 2,0,23.71
J1-CA-2_CA-2,mmdelmok-1,Cluster 23,0,30.93
J1-CA-2_CA-2,mmdddblj-1,Cluster 2,0,14.00
J1-CA-2_CA-2,maaiaind-1,Cluster 12,0,37.93
J1-CA-2_CA-2,mmdebicg-1,Cluster 12,0,72.30
J1-CA-2_CA-2,mmdeiifc-1,Cluster 23,0,18.20
J1-CA-2_CA-2,mmdefhed-1,Cluster 2,0,26.01
J1-CA-2_CA-2,maahpnmb-1,Cluster 5,0,21.09
J1-CA-2_CA-2,mmdebfif-1,Cluster 2,0,27.05
J1-CA-2_CA-2,mmddjfla-1,Cluster 2,0,33.24
J1-CA-2_CA-2,maaicfng-1,Cluster 2,0,19.15
J1-CA-2_CA-2,maaicleo-1,Cluster 7,0,33.46
J1-CA-2_CA-2,mmddldkm-1,Cluster 2,0,23.35
J1-CA-2_CA-2,mmddpfde-1,Cluster 23,0,23.48
J1-CA-2_CA-2,mmddnagm-1,Cluster 2,0,29.94
J1-CA-2_CA-2,mmddfjcn-1,Cluster 23,0,42.54
J1-CA-2_CA-2,maamadgo-1,Cluster 2,0,15.71
J1-CA-2_CA-2,mmddmkgi-1,Cluster 23,0,36.08
J1-CA-2_CA-2,maagjfdg-1,Cluster 23,0,67.10
J1-CA-2_CA-2,maagndkc-1,Cluster 2,0,13.95
J1-CA-2_CA-2,maahdhdi-1,Cluster 5,0,33.73
J1-CA-2_CA-2,maambdoe-1,Cluster 23,0,92.39
J1-CA-2_CA-2,maaglgjg-1,Cluster 23,0,46.42
J1-CA-2_CA-2,mmdggnil-1,Cluster 12,0,74.42
J1-CA-2_CA-2,maagedee-1,Cluster 5,0,192.14
J1-CA-2_CA-2,mmdgaoka-1,Cluster 4,0,40.19
J1-CA-2_CA-2,mmdgkfme-1,Cluster 4,0,113.34
J1-CA-2_CA-2,mmdghenm-1,Cluster 2,0,35.04
J1-CA-2_CA-2,mmdgpaio-1,Cluster 4,0,53.83
J1-CA-2_CA-2,mmdfjcap-1,Cluster 23,0,206.77
J1-CA-2_CA-2,mmdeoika-1,Cluster 12,0,95.51
J1-CA-2_CA-2,mmdfhkkk-1,Cluster 4,0,64.53
J1-CA-2_CA-2,mmdgomgh-1,Cluster 5,0,99.57
J1-CA-2_CA-2,mmdgjell-1,Cluster 4,0,35.13
J1-CA-2_CA-2,mmdgjadk-1,Cluster 5,0,37.80
J1-CA-2_CA-2,mmdfepoc-1,Cluster 2,0,47.59
J1-CA-2_CA-2,mmdgjpdi-1,Cluster 7,0,19.01
J1-CA-2_CA-2,maaminpf-1,Cluster 5,0,36.13
J1-CA-2_CA-2,mmdgbikh-1,Cluster 12,0,67.73
J1-CA-2_CA-2,mmdfblfl-1,Cluster 2,0,39.29
J1-CA-2_CA-2,mmdfglgk-1,Cluster 2,0,14.31
J1-CA-2_CA-2,mmdfejmc-1,Cluster 12,0,19.64
J1-CA-2_CA-2,mmdfhkeb-1,Cluster 23,0,86.16
J1-CA-2_CA-2,mmdfffaf-1,Cluster 12,0,40.60
J1-CA-2_CA-2,mmddfhbk-1,Cluster 12,0,89.05
J1-CA-2_CA-2,maagdmlm-1,Cluster 14,0,26.46
J1-CA-2_CA-2,mmdfpfmm-1,Cluster 14,0,19.46
J1-CA-2_CA-2,oicggpka-1,Cluster 14,0,7.95
J1-CA-2_CA-2,oicghpjg-1,Cluster 22,0,28.76
J1-CA-2_CA-2,mmdhadoe-1,Cluster 14,0,13.68
J1-CA-2_CA-2,oichafij-1,Cluster 14,0,53.01
J1-CA-2_CA-2,mmdfoipm-1,Cluster 14,0,18.47
J1-CA-2_CA-2,mmdhamhh-1,Cluster 14,0,28.49
J1-CA-2_CA-2,mmdhabdc-1,Cluster 14,0,73.06
J1-CA-2_CA-2,mmdeniib-1,Cluster 5,0,208.85
J1-CA-2_CA-2,mmdepacc-1,Cluster 5,0,89.14
J1-CA-2_CA-2,lpkipfdf-1,Cluster 1,0,43.08
J1-CA-2_CA-2,maakpack-1,Cluster 5,0,88.91
J1-CA-2_CA-2,maajmolj-1,Cluster 3,0,78.98
J1-CA-2_CA-2,maahlcop-1,Cluster 23,0,41.54
J1-CA-2_CA-2,maaihggo-1,Cluster 23,0,55.14
J1-CA-2_CA-2,maahknee-1,Cluster 5,0,46.29
J1-CA-2_CA-2,maaimdjk-1,Cluster 5,0,62.23
J1-CA-2_CA-2,maaijplf-1,Cluster 23,0,45.74
J1-CA-2_CA-2,maagjapn-1,Cluster 5,0,13.55
J1-CA-2_CA-2,dkoccjmp-1,Cluster 2,0,58.12
J1-CA-2_CA-2,maaknbhe-1,Cluster 23,0,59.88
J1-CA-2_CA-2,maalmenp-1,Cluster 23,0,37.12
J1-CA-2_CA-2,maakpjeh-1,Cluster 23,0,39.24
J1-CA-2_CA-2,maailbli-1,Cluster 23,0,52.47
J1-CA-2_CA-2,maaimfbi-1,Cluster 23,0,82.77
J1-CA-2_CA-2,dkocddge-1,Cluster 12,0,68.64
J1-CA-2_CA-2,maagjana-1,Cluster 5,0,20.82
J1-CA-2_CA-2,maahjjcc-1,Cluster 23,0,26.60
J1-CA-2_CA-2,maajpgbm-1,Cluster 3,0,16.89
J1-CA-2_CA-2,maaiihph-1,Cluster 12,0,130.37
J1-CA-2_CA-2,maajehkp-1,Cluster 27,0,69.45
J1-CA-2_CA-2,maagggil-1,Cluster 5,0,82.64
J1-CA-2_CA-2,maakcpdm-1,Cluster 4,0,33.37
J1-CA-2_CA-2,maajdpkc-1,Cluster 7,0,16.48
J1-CA-2_CA-2,lpkfohaa-1,Cluster 3,0,69.27
J1-CA-2_CA-2,lpkdphkg-1,Cluster 3,0,54.01
J1-CA-2_CA-2,maakoinn-1,Cluster 23,0,79.43
J1-CA-2_CA-2,maakmpga-1,Cluster 5,0,103.00
J1-CA-2_CA-2,lpkfkdgl-1,Cluster 5,0,163.24
J1-CA-2_CA-2,maakfobp-1,Cluster 2,0,35.00
J1-CA-2_CA-2,lpkdpjfd-1,Cluster 3,0,59.15
J1-CA-2_CA-2,maakfaeh-1,Cluster 23,0,73.15
J1-CA-2_CA-2,maajdfga-1,Cluster 12,0,106.66
J1-CA-2_CA-2,lpkfbgpe-1,Cluster 12,0,52.25
J1-CA-2_CA-2,lpkfkamm-1,Cluster 12,0,63.85
J1-CA-2_CA-2,maalpkmk-1,Cluster 5,0,56.90
J1-CA-2_CA-2,maaimlfh-1,Cluster 12,0,65.34
J1-CA-2_CA-2,lpkfmbhe-1,Cluster 2,0,41.05
J1-CA-2_CA-2,maakeeaj-1,Cluster 23,0,105.12
J1-CA-2_CA-2,lpkejkbc-1,Cluster 12,0,67.73
J1-CA-2_CA-2,lpkdjbpb-1,Cluster 3,0,82.68
J1-CA-2_CA-2,lpkfodgo-1,Cluster 2,0,16.75
J1-CA-2_CA-2,lpkfadac-1,Cluster 2,0,11.79
J1-CA-2_CA-2,lpkfeigo-1,Cluster 12,0,48.54
J1-CA-2_CA-2,lpkeejnj-1,Cluster 4,0,69.63
J1-CA-2_CA-2,lpkdojhb-1,Cluster 27,0,18.65
J1-CA-2_CA-2,maajccjf-1,Cluster 12,0,100.02
J1-CA-2_CA-2,lpkefbah-1,Cluster 5,0,146.94
J1-CA-2_CA-2,lpkfeafn-1,Cluster 7,0,36.62
J1-CA-2_CA-2,maajapnk-1,Cluster 3,0,76.95
J1-CA-2_CA-2,maajbkdo-1,Cluster 3,0,56.17
J1-CA-2_CA-2,lpkfdphk-1,Cluster 2,0,68.55
J1-CA-2_CA-2,lpkdkjpc-1,Cluster 2,0,28.90
J1-CA-2_CA-2,maajbmdm-1,Cluster 7,0,32.15
J1-CA-2_CA-2,lpkegcep-1,Cluster 4,0,90.67
J1-CA-2_CA-2,lpkdmece-1,Cluster 12,0,39.47
J1-CA-2_CA-2,lpkfcobm-1,Cluster 12,0,93.02
J1-CA-2_CA-2,maammnai-1,Cluster 3,0,40.73
J1-CA-2_CA-2,ohkgbfod-1,Cluster 14,0,79.34
J1-CA-2_CA-2,maafdmmh-1,Cluster 10,0,76.95
J1-CA-2_CA-2,maafahhg-1,Cluster 7,0,12.33
J1-CA-2_CA-2,ohkgolcp-1,Cluster 14,0,59.83
J1-CA-2_CA-2,ohkhcpao-1,Cluster 14,0,61.10
J1-CA-2_CA-2,maanhjno-1,Cluster 14,0,34.00
J1-CA-2_CA-2,maagfnbe-1,Cluster 5,0,77.49
J1-CA-2_CA-2,maamcofn-1,Cluster 5,0,172.50
J1-CA-2_CA-2,maaggchm-1,Cluster 5,0,44.12
J1-CA-2_CA-2,maammpkm-1,Cluster 5,0,259.74
J1-CA-2_CA-2,ohkgmnjc-1,Cluster 14,0,87.87
J1-CA-2_CA-2,ohkgnncl-1,Cluster 14,0,28.27
J1-CA-2_CA-2,maamiopn-1,Cluster 5,0,65.30
J1-CA-2_CA-2,ohkhaopg-1,Cluster 14,0,83.45
J1-CA-2_CA-2,ohkgngio-1,Cluster 14,0,30.84
J1-CA-2_CA-2,ohkgikfg-1,Cluster 19,0,40.41
J1-CA-2_CA-2,maanaeml-1,Cluster 5,0,58.97
J1-CA-2_CA-2,ohkhhcln-1,Cluster 14,0,25.92
J1-CA-2_CA-2,maaieijb-1,Cluster 5,0,31.43
J1-CA-2_CA-2,maaklphk-1,Cluster 5,0,73.97
J1-CA-2_CA-2,maamookh-1,Cluster 2,0,62.99
J1-CA-2_CA-2,ohkglnab-1,Cluster 14,0,85.53
J1-CA-2_CA-2,maanaobd-1,Cluster 5,0,139.08
J1-CA-2_CA-2,maaggccb-1,Cluster 5,0,30.75
J1-CA-2_CA-2,ohkhfbgm-1,Cluster 14,0,16.93
J1-CA-2_CA-2,ohkhfboc-1,Cluster 14,0,15.58
J1-CA-2_CA-2,maaklakd-1,Cluster 12,0,71.26
J1-CA-2_CA-2,maahdmnd-1,Cluster 2,0,50.21
J1-CA-2_CA-2,maakgobe-1,Cluster 23,0,44.61
J1-CA-2_CA-2,maalpmkh-1,Cluster 5,0,60.28
J1-CA-2_CA-2,maaljmcn-1,Cluster 23,0,39.56
J1-CA-2_CA-2,maahlpmn-1,Cluster 23,0,39.38
J1-CA-2_CA-2,maakmncm-1,Cluster 23,0,87.29
J1-CA-2_CA-2,maakilnk-1,Cluster 2,0,24.61
J1-CA-2_CA-2,maaidcgf-1,Cluster 12,0,96.50
J1-CA-2_CA-2,maakgfpe-1,Cluster 5,0,64.75
J1-CA-2_CA-2,ohkfcedj-1,Cluster 9,0,93.47
J1-CA-2_CA-2,ohkeoghk-1,Cluster 14,0,119.48
J1-CA-2_CA-2,ohkfnkoc-1,Cluster 14,0,50.30
J1-CA-2_CA-2,maafpmkk-1,Cluster 14,0,22.22
J1-CA-2_CA-2,maaeoekl-1,Cluster 1,0,21.18
J1-CA-2_CA-2,maagfjda-1,Cluster 14,0,18.65
J1-CA-2_CA-2,maaenmbo-1,Cluster 1,0,26.78
J1-CA-2_CA-2,ohkfagdk-1,Cluster 1,0,254.50
J1-CA-2_CA-2,maaepndg-1,Cluster 10,0,13.86
J1-CA-2_CA-2,maaelobe-1,Cluster 3,0,71.98
J1-CA-2_CA-2,ohkfabhb-1,Cluster 14,0,64.57
J1-CA-2_CA-2,ohkfpknc-1,Cluster 14,0,34.14
J1-CA-2_CA-2,ohkfmcjo-1,Cluster 14,0,74.10
J1-CA-2_CA-2,ohkggadf-1,Cluster 14,0,14.18
J1-CA-2_CA-2,ohkgibed-1,Cluster 14,0,53.78
J1-CA-2_CA-2,ohkgdjho-1,Cluster 14,0,8.81
J1-CA-2_CA-2,ohkgffgg-1,Cluster 14,0,64.21
J1-CA-2_CA-2,maafoaao-1,Cluster 3,0,51.16
J1-CA-2_CA-2,ohkfjkem-1,Cluster 14,0,46.06
J1-CA-2_CA-2,maafipmf-1,Cluster 14,0,19.15
J1-CA-2_CA-2,maaflnho-1,Cluster 10,0,25.20
J1-CA-2_CA-2,maafgdjj-1,Cluster 7,0,26.73
J1-CA-2_CA-2,maafdlhl-1,Cluster 7,0,29.71
J1-CA-2_CA-2,ohkgciom-1,Cluster 14,0,81.33
J1-CA-2_CA-2,ohkgbjda-1,Cluster 14,0,37.93
J1-CA-2_CA-2,ohkgaede-1,Cluster 14,0,43.62
J1-CA-2_CA-2,lpkjmjbf-1,Cluster 3,0,50.85
J1-CA-2_CA-2,lpkjmfip-1,Cluster 3,0,96.00
J1-CA-2_CA-2,madbadff-1,Cluster 3,0,56.26
J1-CA-2_CA-2,lpkhplkd-1,Cluster 24,0,18.11
J1-CA-2_CA-2,lpkifacg-1,Cluster 3,0,27.41
J1-CA-2_CA-2,lpkjijma-1,Cluster 3,0,42.49
J1-CA-2_CA-2,dknmhdgj-1,Cluster 12,0,106.21
J1-CA-2_CA-2,lpkihkam-1,Cluster 3,0,36.76
J1-CA-2_CA-2,lpkhoacm-1,Cluster 3,0,32.06
J1-CA-2_CA-2,maamjjln-1,Cluster 19,0,53.92
J1-CA-2_CA-2,madaponi-1,Cluster 3,0,56.90
J1-CA-2_CA-2,lpkidlbi-1,Cluster 24,0,55.45
J1-CA-2_CA-2,maamjbhf-1,Cluster 1,0,17.75
J1-CA-2_CA-2,dknmdpib-1,Cluster 12,0,211.74
J1-CA-2_CA-2,lpkhocoe-1,Cluster 6,0,50.89
J1-CA-2_CA-2,lpkhobka-1,Cluster 16,0,38.74
J1-CA-2_CA-2,lpkhpekh-1,Cluster 5,0,49.85
J1-CA-2_CA-2,lpkgblmc-1,Cluster 5,0,208.80
J1-CA-2_CA-2,lpkdgdke-1,Cluster 20,0,134.48
J1-CA-2_CA-2,dknncdno-1,Cluster 12,0,118.22
J1-CA-2_CA-2,lpkhpidh-1,Cluster 3,0,169.74
J1-CA-2_CA-2,dknmelbi-1,Cluster 12,0,135.42
J1-CA-2_CA-2,lpkhoaob-1,Cluster 19,0,164.78
J1-CA-2_CA-2,lpkcgjhd-1,Cluster 3,0,52.88
J1-CA-2_CA-2,lpkdffkc-1,Cluster 19,0,67.87
J1-CA-2_CA-2,lpkdblbi-1,Cluster 20,0,56.31
J1-CA-2_CA-2,lpkcjnpd-1,Cluster 3,0,46.33
J1-CA-2_CA-2,lpkdbkfn-1,Cluster 19,0,52.20
J1-CA-2_CA-2,lpkdbibj-1,Cluster 3,0,42.22
J1-CA-2_CA-2,lpkdifim-1,Cluster 3,0,57.57
J1-CA-2_CA-2,maalobhf-1,Cluster 5,0,112.94
J1-CA-2_CA-2,maalmeoa-1,Cluster 5,0,375.61
J1-CA-2_CA-2,lpkcncdn-1,Cluster 3,0,31.07
J1-CA-2_CA-2,maanhifi-1,Cluster 14,0,7.77
J1-CA-2_CA-2,maanecnl-1,Cluster 19,0,71.66
J1-CA-2_CA-2,lpklkabk-1,Cluster 10,0,77.67
J1-CA-2_CA-2,madbeied-1,Cluster 3,0,128.24
J1-CA-2_CA-2,lpkjngad-1,Cluster 3,0,81.33
J1-CA-2_CA-2,lpkjpnib-1,Cluster 10,0,54.55
J1-CA-2_CA-2,madbdgen-1,Cluster 3,0,219.19
J1-CA-2_CA-2,lpklfafo-1,Cluster 6,0,39.24
J1-CA-2_CA-2,lpkjpamn-1,Cluster 10,0,82.86
J1-CA-2_CA-2,lpkjpnob-1,Cluster 3,0,60.37
J1-CA-2_CA-2,lpkjopfc-1,Cluster 3,0,59.88
J1-CA-2_CA-2,lpklieob-1,Cluster 24,0,47.87
J1-CA-2_CA-2,lpkjdkki-1,Cluster 3,0,23.75
J1-CA-2_CA-2,dknljapg-1,Cluster 6,0,62.54
J1-CA-2_CA-2,lpkjbbon-1,Cluster 6,0,23.03
J1-CA-2_CA-2,lpjnekhm-1,Cluster 3,0,61.37
J1-CA-2_CA-2,lpklfjhh-1,Cluster 19,0,60.96
J1-CA-2_CA-2,maaffeag-1,Cluster 3,0,27.09
J1-CA-2_CA-2,lpkjgjfl-1,Cluster 3,0,99.80
J1-CA-2_CA-2,madakbga-1,Cluster 24,0,50.71
J1-CA-2_CA-2,dkobcape-1,Cluster 6,0,60.06
J1-CA-2_CA-2,lpmekabn-1,Cluster 3,0,36.31
J1-CA-2_CA-2,lpmdmcec-1,Cluster 24,0,47.96
J1-CA-2_CA-2,dknpnmcl-1,Cluster 4,0,45.20
J1-CA-2_CA-2,lpmafgcl-1,Cluster 3,0,30.44
J1-CA-2_CA-2,dkobigba-1,Cluster 12,0,127.48
J1-CA-2_CA-2,dkobiclf-1,Cluster 5,0,159.76
J1-CA-2_CA-2,lplmfdnk-1,Cluster 6,0,22.35
J1-CA-2_CA-2,lplmglkg-1,Cluster 9,0,10.12
J1-CA-2_CA-2,dknpncej-1,Cluster 12,0,89.64
J1-CA-2_CA-2,dknpnaea-1,Cluster 5,0,118.31
J1-CA-2_CA-2,dkobebcj-1,Cluster 12,0,51.25
J1-CA-2_CA-2,dkobfnjl-1,Cluster 12,0,80.92
J1-CA-2_CA-2,dkobighm-1,Cluster 4,0,47.37
J1-CA-2_CA-2,dkobjjfd-1,Cluster 12,0,87.60
J1-CA-2_CA-2,lpmafheo-1,Cluster 12,0,118.58
J1-CA-2_CA-2,lpmafaia-1,Cluster 12,0,92.89
J1-CA-2_CA-2,dknppoig-1,Cluster 5,0,85.84
J1-CA-2_CA-2,dkoamene-1,Cluster 5,0,97.49
J1-CA-2_CA-2,dkoapoil-1,Cluster 23,0,131.36
J1-CA-2_CA-2,lpkedmpb-1,Cluster 12,0,61.68
J1-CA-2_CA-2,dkoakmln-1,Cluster 4,0,84.98
J1-CA-2_CA-2,dkoahojd-1,Cluster 12,0,158.27
J1-CA-2_CA-2,dkobhdmm-1,Cluster 5,0,220.81
J1-CA-2_CA-2,lpkeaocp-1,Cluster 27,0,47.73
J1-CA-2_CA-2,dkobdenl-1,Cluster 12,0,124.90
J1-CA-2_CA-2,dkobclnh-1,Cluster 12,0,81.91
J1-CA-2_CA-2,lpkecedn-1,Cluster 3,0,49.67
J1-CA-2_CA-2,lpkdjjjl-1,Cluster 3,0,24.38
J1-CA-2_CA-2,lpmfeibp-1,Cluster 24,0,51.48
J1-CA-2_CA-2,dkoagcam-1,Cluster 2,0,49.13
J1-CA-2_CA-2,lpkdjpjp-1,Cluster 12,0,121.88
J1-CA-2_CA-2,lpmfejeg-1,Cluster 3,0,45.65
J1-CA-2_CA-2,lpmfhfmd-1,Cluster 3,0,28.22
J1-CA-2_CA-2,lpmdohdf-1,Cluster 6,0,32.96
J1-CA-2_CA-2,lpmdoafc-1,Cluster 2,0,51.97
J1-CA-2_CA-2,lpmfcmel-1,Cluster 3,0,48.81
J1-CA-2_CA-2,lpmabfnn-1,Cluster 9,0,16.89
J1-CA-2_CA-2,lpmamapb-1,Cluster 15,0,54.91
J1-CA-2_CA-2,lpmacfbc-1,Cluster 3,0,36.76
J1-CA-2_CA-2,lpmacgjp-1,Cluster 15,0,58.12
J1-CA-2_CA-2,lpmaokfo-1,Cluster 3,0,39.51
J1-CA-2_CA-2,lpmfhmbo-1,Cluster 15,0,36.35
J1-CA-2_CA-2,lpmfhjeb-1,Cluster 15,0,17.57
J1-CA-2_CA-2,lpmakjfn-1,Cluster 6,0,82.86
J1-CA-2_CA-2,lpmakchb-1,Cluster 24,0,56.04
J1-CA-2_CA-2,lpmgfing-1,Cluster 3,0,21.99
J1-CA-2_CA-2,lpmbbhmi-1,Cluster 3,0,43.53
J1-CA-2_CA-2,lpmgbdcc-1,Cluster 3,0,38.16
J1-CA-2_CA-2,lpmffoch-1,Cluster 10,0,44.61
J1-CA-2_CA-2,lpmfkaff-1,Cluster 1,0,17.66
J1-CA-2_CA-2,lpmfcmfa-1,Cluster 6,0,69.72
J1-CA-2_CA-2,lpmfpaja-1,Cluster 1,0,35.13
J1-CA-2_CA-2,lplmmglo-1,Cluster 3,0,34.54
J1-CA-2_CA-2,lpkilbol-1,Cluster 15,0,32.83
J1-CA-2_CA-2,madeicpl-1,Cluster 1,0,33.60
J1-CA-2_CA-2,madeajjg-1,Cluster 6,0,51.75
J1-CA-2_CA-2,lpnadaao-1,Cluster 9,0,19.51
J1-CA-2_CA-2,lpkhnicp-1,Cluster 12,0,173.31
J1-CA-2_CA-2,lpkiipie-1,Cluster 12,0,152.85
J1-CA-2_CA-2,lpllbhnh-1,Cluster 24,0,19.78
J1-CA-2_CA-2,lplkndnn-1,Cluster 15,0,37.89
J1-CA-2_CA-2,dknngllp-1,Cluster 12,0,123.91
J1-CA-2_CA-2,lpllocbb-1,Cluster 3,0,29.04
J1-CA-2_CA-2,lpkiijoj-1,Cluster 4,0,162.47
J1-CA-2_CA-2,dknnmnej-1,Cluster 4,0,40.55
J1-CA-2_CA-2,lpllmejh-1,Cluster 3,0,99.39
J1-CA-2_CA-2,dknnchda-1,Cluster 12,0,53.06
J1-CA-2_CA-2,dknnfoki-1,Cluster 5,0,139.67
J1-CA-2_CA-2,dknnbmij-1,Cluster 12,0,162.61
J1-CA-2_CA-2,dknmpmck-1,Cluster 12,0,99.48
J1-CA-2_CA-2,dknpkpcc-1,Cluster 12,0,109.77
J1-CA-2_CA-2,dknmniah-1,Cluster 12,0,128.42
J1-CA-2_CA-2,dknmmbca-1,Cluster 5,0,69.86
J1-CA-2_CA-2,lpllhogp-1,Cluster 3,0,16.84
J1-CA-2_CA-2,dknmlpfb-1,Cluster 4,0,48.50
J1-CA-2_CA-2,dknmgeoj-1,Cluster 4,0,90.31
J1-CA-2_CA-2,lplmeimj-1,Cluster 12,0,89.64
J1-CA-2_CA-2,lplmcofk-1,Cluster 3,0,16.66
J1-CA-2_CA-2,dknnmono-1,Cluster 12,0,53.83
J1-CA-2_CA-2,lpkinjce-1,Cluster 3,0,45.02
J1-CA-2_CA-2,lplmcoeh-1,Cluster 1,0,26.15
J1-CA-2_CA-2,lplnbkgm-1,Cluster 6,0,82.00
J1-CA-2_CA-2,lpllmlld-1,Cluster 1,0,18.24
J1-CA-2_CA-2,lplmhfni-1,Cluster 16,0,24.16
J1-CA-2_CA-3,dkphibpa-1,Cluster 12,0,25.33
J1-CA-2_CA-3,maclbiig-1,Cluster 3,0,137.82
J1-CA-2_CA-3,maclblja-1,Cluster 6,0,115.10
J1-CA-2_CA-3,maclegko-1,Cluster 3,0,64.03
J1-CA-2_CA-3,macljocf-1,Cluster 3,0,50.98
J1-CA-2_CA-3,macobcon-1,Cluster 21,0,61.05
J1-CA-2_CA-3,maclioph-1,Cluster 3,0,70.04
J1-CA-2_CA-3,maclkcbp-1,Cluster 15,0,33.46
J1-CA-2_CA-3,maclmeod-1,Cluster 3,0,54.37
J1-CA-2_CA-3,mackmlbe-1,Cluster 9,0,36.08
J1-CA-2_CA-3,macpcock-1,Cluster 15,0,51.03
J1-CA-2_CA-3,macpcfbf-1,Cluster 3,0,13.14
J1-CA-2_CA-3,macpffhe-1,Cluster 14,0,8.81
J1-CA-2_CA-3,maclpfhe-1,Cluster 22,0,27.50
J1-CA-2_CA-3,macpgbej-1,Cluster 1,0,11.79
J1-CA-2_CA-3,macodclb-1,Cluster 6,0,82.59
J1-CA-2_CA-3,maendljm-1,Cluster 24,0,28.40
J1-CA-2_CA-3,maenfkch-1,Cluster 15,0,30.98
J1-CA-2_CA-3,macplfhj-1,Cluster 6,0,77.17
J1-CA-2_CA-3,macknolb-1,Cluster 3,0,51.39
J1-CA-2_CA-3,maencfpj-1,Cluster 3,0,65.97
J1-CA-2_CA-3,macpkpnh-1,Cluster 3,0,98.12
J1-CA-2_CA-3,macpphjg-1,Cluster 3,0,31.47
J1-CA-2_CA-3,macoeimi-1,Cluster 19,0,56.31
J1-CA-2_CA-3,macomjmn-1,Cluster 1,0,33.96
J1-CA-2_CA-3,maemehnj-1,Cluster 3,0,56.72
J1-CA-2_CA-3,madacmlj-1,Cluster 6,0,69.13
J1-CA-2_CA-3,madaeigh-1,Cluster 3,0,104.85
J1-CA-2_CA-3,maemfhgf-1,Cluster 6,0,48.90
J1-CA-2_CA-3,macplaac-1,Cluster 14,0,25.33
J1-CA-2_CA-3,maclgofm-1,Cluster 6,0,130.68
J1-CA-2_CA-3,macknkng-1,Cluster 3,0,57.03
J1-CA-2_CA-3,macknohi-1,Cluster 6,0,68.59
J1-CA-2_CA-3,dkphjgph-1,Cluster 27,0,52.07
J1-CA-2_CA-3,macncnje-1,Cluster 3,0,122.01
J1-CA-2_CA-3,mabpenii-1,Cluster 6,0,64.21
J1-CA-2_CA-3,maddhnog-1,Cluster 6,0,92.71
J1-CA-2_CA-3,mablgcan-1,Cluster 3,0,23.53
J1-CA-2_CA-3,mablicke-1,Cluster 3,0,61.37
J1-CA-2_CA-3,mablffof-1,Cluster 3,0,61.23
J1-CA-2_CA-3,dkpogfbb-1,Cluster 6,0,56.13
J1-CA-2_CA-3,macncdin-1,Cluster 24,0,128.24
J1-CA-2_CA-3,dkpmkdfp-1,Cluster 4,0,24.61
J1-CA-2_CA-3,mablmadc-1,Cluster 3,0,94.33
J1-CA-2_CA-3,dkpmdnfc-1,Cluster 27,0,35.54
J1-CA-2_CA-3,mabmligb-1,Cluster 3,0,64.48
J1-CA-2_CA-3,mablmfpf-1,Cluster 6,0,52.61
J1-CA-2_CA-3,mabpnicj-1,Cluster 3,0,126.84
J1-CA-2_CA-3,mabomjmk-1,Cluster 3,0,35.85
J1-CA-2_CA-3,mabobabm-1,Cluster 3,0,55.27
J1-CA-2_CA-3,mabmlpab-1,Cluster 3,0,39.87
J1-CA-2_CA-3,mabmnhcn-1,Cluster 3,0,28.09
J1-CA-2_CA-3,mabpocpc-1,Cluster 3,0,124.00
J1-CA-2_CA-3,maboepim-1,Cluster 1,0,50.12
J1-CA-2_CA-3,mabmnpck-1,Cluster 15,0,50.21
J1-CA-2_CA-3,mabllegd-1,Cluster 6,0,15.94
J1-CA-2_CA-3,maboeooo-1,Cluster 24,0,47.01
J1-CA-2_CA-3,mabgmjhn-1,Cluster 3,0,51.25
J1-CA-2_CA-3,mabnakba-1,Cluster 15,0,25.65
J1-CA-2_CA-3,mabocomf-1,Cluster 3,0,12.82
J1-CA-2_CA-3,mabnindd-1,Cluster 15,0,43.08
J1-CA-2_CA-3,mabpmiha-1,Cluster 7,0,10.07
J1-CA-2_CA-3,dkpmdahg-1,Cluster 15,0,48.45
J1-CA-2_CA-3,mabnhppd-1,Cluster 21,0,39.24
J1-CA-2_CA-3,mabnolcc-1,Cluster 3,0,28.40
J1-CA-2_CA-3,mabofmek-1,Cluster 15,0,34.77
J1-CA-2_CA-3,mabgibmg-1,Cluster 3,0,37.62
J1-CA-2_CA-3,mabnmpam-1,Cluster 6,0,28.22
J1-CA-2_CA-3,mabnkcch-1,Cluster 1,0,17.57
J1-CA-2_CA-3,dkpnkide-1,Cluster 12,0,31.11
J1-CA-2_CA-3,dkppmbki-1,Cluster 12,0,82.95
J1-CA-2_CA-3,machlcdm-1,Cluster 3,0,94.29
J1-CA-2_CA-3,machpoml-1,Cluster 3,0,51.57
J1-CA-2_CA-3,macgajhh-1,Cluster 12,0,43.08
J1-CA-2_CA-3,machledk-1,Cluster 3,0,67.10
J1-CA-2_CA-3,macgcbmg-1,Cluster 12,0,42.40
J1-CA-2_CA-3,macgjlan-1,Cluster 3,0,22.31
J1-CA-2_CA-3,dkpolplc-1,Cluster 12,0,82.32
J1-CA-2_CA-3,macgehep-1,Cluster 27,0,33.91
J1-CA-2_CA-3,machkjjj-1,Cluster 3,0,94.38
J1-CA-2_CA-3,dkpomgka-1,Cluster 12,0,39.47
J1-CA-2_CA-3,macgddcl-1,Cluster 3,0,38.65
J1-CA-2_CA-3,machjfgi-1,Cluster 27,0,47.78
J1-CA-2_CA-3,macldieo-1,Cluster 3,0,261.14
J1-CA-2_CA-3,dkpoeidl-1,Cluster 12,0,53.60
J1-CA-2_CA-3,macgkdja-1,Cluster 3,0,19.96
J1-CA-2_CA-3,dkpnmfoi-1,Cluster 12,0,36.22
J1-CA-2_CA-3,dkpojeik-1,Cluster 2,0,26.01
J1-CA-2_CA-3,macgjjoc-1,Cluster 3,0,27.59
J1-CA-2_CA-3,dkpnneji-1,Cluster 2,0,28.72
J1-CA-2_CA-3,dkpnlakg-1,Cluster 12,0,49.27
J1-CA-2_CA-3,dkppbfeb-1,Cluster 23,0,97.81
J1-CA-2_CA-3,dkpolnfm-1,Cluster 2,0,17.61
J1-CA-2_CA-3,macgejep-1,Cluster 3,0,35.04
J1-CA-2_CA-3,machkgek-1,Cluster 20,0,151.45
J1-CA-2_CA-3,dkpnkccm-1,Cluster 12,0,38.79
J1-CA-2_CA-3,machcbkk-1,Cluster 6,0,67.42
J1-CA-2_CA-3,dkpogiej-1,Cluster 4,0,28.36
J1-CA-2_CA-3,machangl-1,Cluster 20,0,83.13
J1-CA-2_CA-3,macgnfcb-1,Cluster 3,0,67.82
J1-CA-2_CA-3,mabpldod-1,Cluster 3,0,114.88
J1-CA-2_CA-3,dkpogmhb-1,Cluster 12,0,60.28
J1-CA-2_CA-3,macnboik-1,Cluster 3,0,27.46
J1-CA-2_CA-3,macgnena-1,Cluster 3,0,76.13
J1-CA-2_CA-3,macpcijm-1,Cluster 3,0,37.03
J1-CA-2_CA-3,maeeplhl-1,Cluster 14,0,34.14
J1-CA-2_CA-3,macofdle-1,Cluster 3,0,19.82
J1-CA-2_CA-3,maeeloek-1,Cluster 24,0,44.98
J1-CA-2_CA-3,dlcbgljf-1,Cluster 24,0,40.64
J1-CA-2_CA-3,macmlmfa-1,Cluster 6,0,59.65
J1-CA-2_CA-3,macmkhdk-1,Cluster 20,0,75.59
J1-CA-2_CA-3,dlcbhiaj-1,Cluster 6,0,20.32
J1-CA-2_CA-3,macmjbdd-1,Cluster 6,0,40.41
J1-CA-2_CA-3,dlcbhjad-1,Cluster 6,0,53.47
J1-CA-2_CA-3,maeekgog-1,Cluster 6,0,14.36
J1-CA-2_CA-3,macmkcok-1,Cluster 6,0,49.08
J1-CA-2_CA-3,macmnnhk-1,Cluster 6,0,54.37
J1-CA-2_CA-3,maefmfap-1,Cluster 9,0,30.53
J1-CA-2_CA-3,maefmjpb-1,Cluster 9,0,20.32
J1-CA-2_CA-3,macmekjc-1,Cluster 14,0,11.92
J1-CA-2_CA-3,maefmeno-1,Cluster 6,0,12.24
J1-CA-2_CA-3,macmkeag-1,Cluster 6,0,50.08
J1-CA-2_CA-3,maeekmmd-1,Cluster 3,0,22.13
J1-CA-2_CA-3,macmgpgd-1,Cluster 1,0,26.15
J1-CA-2_CA-3,maefjocj-1,Cluster 3,0,40.23
J1-CA-2_CA-3,macojccf-1,Cluster 3,0,89.50
J1-CA-2_CA-3,macoefmp-1,Cluster 14,0,18.15
J1-CA-2_CA-3,maefceba-1,Cluster 3,0,47.28
J1-CA-2_CA-3,macohanf-1,Cluster 9,0,21.22
J1-CA-2_CA-3,macohkhh-1,Cluster 15,0,46.24
J1-CA-2_CA-3,maefifdg-1,Cluster 3,0,83.95
J1-CA-2_CA-3,macoljal-1,Cluster 3,0,26.06
J1-CA-2_CA-3,macolfki-1,Cluster 6,0,79.93
J1-CA-2_CA-3,macomfgf-1,Cluster 3,0,23.98
J1-CA-2_CA-3,macogbda-1,Cluster 15,0,57.89
J1-CA-2_CA-3,dkpplnej-1,Cluster 12,0,42.45
J1-CA-2_CA-3,macohcae-1,Cluster 3,0,128.65
J1-CA-2_CA-3,dkppnegl-1,Cluster 15,0,65.16
J1-CA-2_CA-3,macofpna-1,Cluster 3,0,141.43
J1-CA-2_CA-3,dkpklfec-1,Cluster 4,0,38.52
J1-CA-2_CA-3,dkpldble-1,Cluster 4,0,92.21
J1-CA-2_CA-3,dkponbko-1,Cluster 12,0,37.57
J1-CA-2_CA-3,dkpljehn-1,Cluster 12,0,76.54
J1-CA-2_CA-3,dkplckfo-1,Cluster 5,0,63.76
J1-CA-2_CA-3,dkpkmflf-1,Cluster 12,0,40.05
J1-CA-2_CA-3,dkplejkk-1,Cluster 12,0,46.42
J1-CA-2_CA-3,dkpoajmi-1,Cluster 12,0,38.02
J1-CA-2_CA-3,dkpldcin-1,Cluster 12,0,93.34
J1-CA-2_CA-3,dkplhifi-1,Cluster 12,0,88.82
J1-CA-2_CA-3,dkplfpfk-1,Cluster 12,0,45.97
J1-CA-2_CA-3,dkplegek-1,Cluster 2,0,37.25
J1-CA-2_CA-3,dkpnhean-1,Cluster 2,0,17.61
J1-CA-2_CA-3,mabomhpo-1,Cluster 4,0,25.11
J1-CA-2_CA-3,dkpnjddb-1,Cluster 5,0,30.71
J1-CA-2_CA-3,dkpllbkl-1,Cluster 12,0,46.56
J1-CA-2_CA-3,dkpnebih-1,Cluster 12,0,19.01
J1-CA-2_CA-3,mabolkmi-1,Cluster 12,0,40.14
J1-CA-2_CA-3,dkplencb-1,Cluster 12,0,38.97
J1-CA-2_CA-3,mabolfhb-1,Cluster 12,0,35.99
J1-CA-2_CA-3,dkpndapn-1,Cluster 2,0,14.86
J1-CA-2_CA-3,dkpnajmi-1,Cluster 12,0,36.85
J1-CA-2_CA-3,dkpnckhk-1,Cluster 2,0,22.89
J1-CA-2_CA-3,dkpldmpn-1,Cluster 23,0,48.63
J1-CA-2_CA-3,dkpnhddg-1,Cluster 2,0,22.08
J1-CA-2_CA-3,dkpmoooe-1,Cluster 4,0,18.83
J1-CA-2_CA-3,dkpnbpgp-1,Cluster 12,0,93.11
J1-CA-2_CA-3,dkplmhnl-1,Cluster 4,0,36.71
J1-CA-2_CA-3,dkpllkej-1,Cluster 2,0,24.66
J1-CA-2_CA-3,dkpllcon-1,Cluster 4,0,27.91
J1-CA-2_CA-3,dkpmcffc-1,Cluster 2,0,26.82
J1-CA-2_CA-3,dkploclp-1,Cluster 2,0,26.91
J1-CA-2_CA-3,dkpnhlmd-1,Cluster 12,0,47.14
J1-CA-2_CA-3,dkpmpjfn-1,Cluster 12,0,38.83
J1-CA-2_CA-3,dkpmnejp-1,Cluster 2,0,25.96
J1-CA-2_CA-3,macfneom-1,Cluster 6,0,145.04
J1-CA-2_CA-3,macfpkic-1,Cluster 9,0,43.53
J1-CA-2_CA-3,maefkdji-1,Cluster 3,0,35.94
J1-CA-2_CA-3,dlcbcije-1,Cluster 1,0,19.46
J1-CA-2_CA-3,maefjmnd-1,Cluster 3,0,94.83
J1-CA-2_CA-3,dlcbhkbe-1,Cluster 4,0,55.23
J1-CA-2_CA-3,macfonlp-1,Cluster 3,0,42.81
J1-CA-2_CA-3,dlccakph-1,Cluster 5,0,50.94
J1-CA-2_CA-3,dkppodaj-1,Cluster 12,0,46.78
J1-CA-2_CA-3,maegebkb-1,Cluster 6,0,154.03
J1-CA-2_CA-3,maeifacb-1,Cluster 3,0,54.19
J1-CA-2_CA-3,maeghlbb-1,Cluster 3,0,31.07
J1-CA-2_CA-3,maehedkm-1,Cluster 3,0,32.87
J1-CA-2_CA-3,dlcbajkd-1,Cluster 12,0,76.09
J1-CA-2_CA-3,dlaaifkh-1,Cluster 12,0,141.97
J1-CA-2_CA-3,dlcbabcd-1,Cluster 12,0,61.28
J1-CA-2_CA-3,maegbjci-1,Cluster 3,0,94.56
J1-CA-2_CA-3,dlaabkof-1,Cluster 12,0,69.81
J1-CA-2_CA-3,dlaagmmk-1,Cluster 12,0,51.25
J1-CA-2_CA-3,dlaabokg-1,Cluster 12,0,190.47
J1-CA-2_CA-3,dlaaahce-1,Cluster 12,0,141.93
J1-CA-2_CA-3,dlaabhjd-1,Cluster 12,0,136.96
J1-CA-2_CA-3,dlaadpio-1,Cluster 12,0,109.87
J1-CA-2_CA-3,dlaaaeek-1,Cluster 4,0,47.96
J1-CA-2_CA-3,dlaagkbg-1,Cluster 12,0,156.15
J1-CA-2_CA-3,dkppfamp-1,Cluster 5,0,52.29
J1-CA-2_CA-3,macgbcfa-1,Cluster 12,0,56.17
J1-CA-2_CA-3,dkppbiof-1,Cluster 12,0,124.27
J1-CA-2_CA-3,dkppglip-1,Cluster 12,0,63.85
J1-CA-2_CA-3,macgckom-1,Cluster 12,0,60.64
J1-CA-2_CA-3,dkppddhc-1,Cluster 4,0,51.52
J1-CA-2_CA-3,macgcdkn-1,Cluster 12,0,105.62
J1-CA-2_CA-3,dkppjbgg-1,Cluster 12,0,41.50
J1-CA-2_CA-3,dkpphpgf-1,Cluster 12,0,48.36
J1-CA-2_CA-3,maegjlom-1,Cluster 9,0,12.10
J1-CA-2_CA-3,maeejjoc-1,Cluster 6,0,22.67
J1-CA-2_CA-3,macmneni-1,Cluster 16,0,35.04
J1-CA-2_CA-3,maeigpnd-1,Cluster 6,0,47.05
J1-CA-2_CA-3,maeidppb-1,Cluster 3,0,64.03
J1-CA-2_CA-3,maeickpk-1,Cluster 1,0,18.83
J1-CA-2_CA-3,maefnlad-1,Cluster 6,0,127.39
J1-CA-2_CA-3,maeihofm-1,Cluster 6,0,109.14
J1-CA-2_CA-3,maehhfap-1,Cluster 9,0,25.78
J1-CA-2_CA-3,macmppag-1,Cluster 3,0,54.01
J1-CA-2_CA-3,maeiajbj-1,Cluster 22,0,19.19
J1-CA-2_CA-3,maehfpbp-1,Cluster 14,0,8.99
J1-CA-2_CA-3,mafbbakj-1,Cluster 6,0,59.47
J1-CA-2_CA-3,maegdbhj-1,Cluster 6,0,22.13
J1-CA-2_CA-3,ohkllone-1,Cluster 14,0,11.51
J1-CA-2_CA-3,ohklpmkf-1,Cluster 14,0,7.81
J1-CA-2_CA-3,maehngpe-1,Cluster 6,0,44.25
J1-CA-2_CA-3,maeggkpp-1,Cluster 3,0,52.74
J1-CA-2_CA-3,ohklnmgl-1,Cluster 22,0,11.29
J1-CA-2_CA-3,mabgfjab-1,Cluster 24,0,50.71
J1-CA-2_CA-3,macdbbah-1,Cluster 6,0,69.63
J1-CA-2_CA-3,maccipbb-1,Cluster 20,0,90.76
J1-CA-2_CA-3,macckjbg-1,Cluster 15,0,37.30
J1-CA-2_CA-3,macchehk-1,Cluster 3,0,41.77
J1-CA-2_CA-3,mabjaahn-1,Cluster 22,0,31.11
J1-CA-2_CA-3,mabioehe-1,Cluster 6,0,40.82
J1-CA-2_CA-3,mabgfhpo-1,Cluster 3,0,41.86
J1-CA-2_CA-3,maccliff-1,Cluster 15,0,48.45
J1-CA-2_CA-3,dknfmbgf-1,Cluster 22,0,39.20
J1-CA-2_CA-3,mabjebih-1,Cluster 3,0,66.42
J1-CA-2_CA-3,mabjbdlc-1,Cluster 19,0,107.65
J1-CA-2_CA-3,macdcpok-1,Cluster 6,0,64.75
J1-CA-2_CA-3,macdnjak-1,Cluster 3,0,59.29
J1-CA-2_CA-3,macdffhf-1,Cluster 3,0,55.99
J1-CA-2_CA-3,macdmojl-1,Cluster 3,0,53.96
J1-CA-2_CA-3,macekcoj-1,Cluster 15,0,40.73
J1-CA-2_CA-3,dkpalphe-1,Cluster 2,0,39.74
J1-CA-2_CA-3,macdgkdp-1,Cluster 3,0,40.69
J1-CA-2_CA-3,macdimbm-1,Cluster 3,0,34.27
J1-CA-2_CA-3,dkpalffh-1,Cluster 12,0,50.30
J1-CA-2_CA-3,macfbncc-1,Cluster 12,0,31.47
J1-CA-2_CA-3,macdjhdn-1,Cluster 3,0,37.07
J1-CA-2_CA-3,maccdjhd-1,Cluster 6,0,39.74
J1-CA-2_CA-3,maceehio-1,Cluster 15,0,37.16
J1-CA-2_CA-3,macdkfbn-1,Cluster 3,0,25.60
J1-CA-2_CA-3,macddigj-1,Cluster 24,0,44.21
J1-CA-2_CA-3,dkooapbk-1,Cluster 12,0,32.24
J1-CA-2_CA-3,lpigpjej-1,Cluster 2,0,23.35
J1-CA-2_CA-3,dkpamjif-1,Cluster 12,0,52.83
J1-CA-2_CA-3,lpijbjih-1,Cluster 27,0,35.54
J1-CA-2_CA-3,dkpaaopl-1,Cluster 12,0,50.53
J1-CA-2_CA-3,dkpakahb-1,Cluster 12,0,57.30
J1-CA-2_CA-3,dkpamdck-1,Cluster 12,0,50.39
J1-CA-2_CA-3,dkpaemog-1,Cluster 4,0,39.51
J1-CA-2_CA-3,dkpadchn-1,Cluster 4,0,21.99
J1-CA-2_CA-3,dkpapfoh-1,Cluster 12,0,66.38
J1-CA-2_CA-3,dkpabgpn-1,Cluster 4,0,38.47
J1-CA-2_CA-3,dkpadpij-1,Cluster 12,0,47.73
J1-CA-2_CA-3,lpihbiia-1,Cluster 6,0,58.52
J1-CA-2_CA-3,dkpadcmp-1,Cluster 12,0,46.69
J1-CA-2_CA-3,lpiibfpn-1,Cluster 3,0,58.84
J1-CA-2_CA-3,maceddie-1,Cluster 11,0,18.74
J1-CA-2_CA-3,lpihcijb-1,Cluster 15,0,37.30
J1-CA-2_CA-3,macehnkl-1,Cluster 3,0,40.14
J1-CA-2_CA-3,lpihdobf-1,Cluster 1,0,19.55
J1-CA-2_CA-3,maceejje-1,Cluster 3,0,51.30
J1-CA-2_CA-3,lpiiaklh-1,Cluster 3,0,48.50
J1-CA-2_CA-3,lpihplbg-1,Cluster 6,0,33.14
J1-CA-2_CA-3,macepfjn-1,Cluster 3,0,29.31
J1-CA-2_CA-3,mafpmkhm-1,Cluster 3,0,126.26
J1-CA-2_CA-3,lpihoncg-1,Cluster 3,0,30.48
J1-CA-2_CA-3,lpiilpoc-1,Cluster 3,0,104.49
J1-CA-2_CA-3,dkpfnbjo-1,Cluster 12,0,83.18
J1-CA-2_CA-3,lpiieahk-1,Cluster 24,0,61.10
J1-CA-2_CA-3,lpiigkmh-1,Cluster 3,0,139.13
J1-CA-2_CA-3,lpijcjdp-1,Cluster 6,0,45.02
J1-CA-2_CA-3,dkonnpph-1,Cluster 12,0,80.83
J1-CA-2_CA-3,mafphjpi-1,Cluster 9,0,28.31
J1-CA-2_CA-3,lpijcajd-1,Cluster 6,0,71.84
J1-CA-2_CA-3,lpiipgnp-1,Cluster 3,0,14.31
J1-CA-2_CA-3,lpihmknj-1,Cluster 3,0,128.15
J1-CA-2_CA-3,mafmmook-1,Cluster 3,0,45.11
J1-CA-2_CA-3,mafpjnbm-1,Cluster 9,0,17.88
J1-CA-2_CA-3,mafpdblj-1,Cluster 3,0,68.50
J1-CA-2_CA-3,mafpbfjh-1,Cluster 6,0,75.37
J1-CA-2_CA-3,magajndp-1,Cluster 6,0,38.20
J1-CA-2_CA-3,lpiieckh-1,Cluster 3,0,58.66
J1-CA-2_CA-3,mafpcmhp-1,Cluster 15,0,48.90
J1-CA-2_CA-3,maeanadl-1,Cluster 9,0,29.40
J1-CA-2_CA-3,dkpgpfkj-1,Cluster 5,0,74.19
J1-CA-2_CA-3,madpgdfp-1,Cluster 4,0,151.36
J1-CA-2_CA-3,madolgok-1,Cluster 5,0,74.24
J1-CA-2_CA-3,dlaakipd-1,Cluster 5,0,42.81
J1-CA-2_CA-3,macaboje-1,Cluster 12,0,104.85
J1-CA-2_CA-3,dlaccokp-1,Cluster 4,0,90.94
J1-CA-2_CA-3,dlaboafb-1,Cluster 12,0,130.68
J1-CA-2_CA-3,dkphmaja-1,Cluster 5,0,123.23
J1-CA-2_CA-3,dkpgnnbd-1,Cluster 12,0,98.98
J1-CA-2_CA-3,dkphddll-1,Cluster 12,0,171.59
J1-CA-2_CA-3,dkphngol-1,Cluster 12,0,100.92
J1-CA-2_CA-3,dkphpbek-1,Cluster 12,0,98.67
J1-CA-2_CA-3,dkphppbh-1,Cluster 5,0,79.07
J1-CA-2_CA-3,dkphdafp-1,Cluster 4,0,49.72
J1-CA-2_CA-3,dkpheaii-1,Cluster 12,0,94.38
J1-CA-2_CA-3,dkphgbfe-1,Cluster 12,0,122.83
J1-CA-2_CA-3,dkphkidc-1,Cluster 12,0,45.11
J1-CA-2_CA-3,dknfljel-1,Cluster 12,0,175.70
J1-CA-2_CA-3,dkphhnkl-1,Cluster 12,0,69.36
J1-CA-2_CA-3,dknfmfpd-1,Cluster 12,0,130.73
J1-CA-2_CA-3,dkngejfa-1,Cluster 12,0,190.29
J1-CA-2_CA-3,mabggnpo-1,Cluster 24,0,24.43
J1-CA-2_CA-3,mabhfbmc-1,Cluster 15,0,64.98
J1-CA-2_CA-3,mabppeni-1,Cluster 3,0,89.27
J1-CA-2_CA-3,mabppgeg-1,Cluster 24,0,48.63
J1-CA-2_CA-3,maboohoe-1,Cluster 3,0,92.25
J1-CA-2_CA-3,macfiiel-1,Cluster 24,0,49.85
J1-CA-2_CA-3,macfkkjg-1,Cluster 15,0,28.72
J1-CA-2_CA-3,mabhdlgl-1,Cluster 3,0,44.48
J1-CA-2_CA-3,mabpacdc-1,Cluster 3,0,23.62
J1-CA-2_CA-3,dkngdjmi-1,Cluster 12,0,86.52
J1-CA-2_CA-3,ohklejen-1,Cluster 9,0,7.95
J1-CA-2_CA-3,mabgdblh-1,Cluster 15,0,48.59
J1-CA-2_CA-3,mabgdkne-1,Cluster 3,0,41.54
J1-CA-2_CA-3,mabgbkai-1,Cluster 15,0,25.51
J1-CA-2_CA-3,mabondef-1,Cluster 3,0,54.32
J1-CA-2_CA-3,mabgneff-1,Cluster 24,0,20.50
J1-CA-2_CA-3,maeblhia-1,Cluster 3,0,98.80
J1-CA-2_CA-3,maedacfo-1,Cluster 6,0,18.69
J1-CA-2_CA-3,maegekmn-1,Cluster 3,0,113.16
J1-CA-2_CA-3,maeboikk-1,Cluster 20,0,38.52
J1-CA-2_CA-3,maebmbbo-1,Cluster 19,0,32.15
J1-CA-2_CA-3,maebpcci-1,Cluster 20,0,95.69
J1-CA-2_CA-3,maebaadc-1,Cluster 20,0,77.35
J1-CA-2_CA-3,maeboklg-1,Cluster 3,0,50.62
J1-CA-2_CA-3,maeapbea-1,Cluster 3,0,51.07
J1-CA-2_CA-3,maeaooga-1,Cluster 3,0,100.38
J1-CA-2_CA-3,dlaamfcn-1,Cluster 12,0,107.43
J1-CA-2_CA-3,dlacfpbl-1,Cluster 12,0,41.68
J1-CA-2_CA-3,dlaaifmm-1,Cluster 12,0,142.42
J1-CA-2_CA-3,dlaahpde-1,Cluster 12,0,72.20
J1-CA-2_CA-3,dlacglnc-1,Cluster 12,0,55.50
J1-CA-2_CA-3,maebibao-1,Cluster 3,0,85.26
J1-CA-2_CA-3,dlaakpoh-1,Cluster 12,0,188.53
J1-CA-2_CA-3,maebddbc-1,Cluster 6,0,65.97
J1-CA-2_CA-3,maebfmjm-1,Cluster 3,0,124.95
J1-CA-2_CA-3,maebghle-1,Cluster 3,0,65.34
J1-CA-2_CA-3,dlabblmn-1,Cluster 12,0,87.96
J1-CA-2_CA-3,maebkldn-1,Cluster 15,0,39.20
J1-CA-2_CA-3,dlabcean-1,Cluster 12,0,44.57
J1-CA-2_CA-3,maebikof-1,Cluster 3,0,59.15
J1-CA-2_CA-3,madphfji-1,Cluster 2,0,21.27
J1-CA-2_CA-3,madonjaj-1,Cluster 2,0,25.42
J1-CA-2_CA-3,maehamho-1,Cluster 12,0,61.23
J1-CA-2_CA-3,dlabpeln-1,Cluster 23,0,132.17
J1-CA-2_CA-3,dlabhjfl-1,Cluster 4,0,31.97
J1-CA-2_CA-3,dlablkeo-1,Cluster 2,0,33.78
J1-CA-2_CA-3,dkpgjcea-1,Cluster 25,0,35.90
J1-CA-2_CA-3,dkpkdmfj-1,Cluster 12,0,108.51
J1-CA-2_CA-3,dkngamoe-1,Cluster 4,0,72.75
J1-CA-2_CA-3,macepoog-1,Cluster 14,0,23.57
J1-CA-2_CA-3,dkngajbh-1,Cluster 12,0,77.35
J1-CA-2_CA-3,dkpkcolg-1,Cluster 4,0,40.23
J1-CA-2_CA-3,dkngaflj-1,Cluster 12,0,80.65
J1-CA-2_CA-3,dknfmnel-1,Cluster 12,0,84.44
J1-CA-2_CA-3,dkpgkpge-1,Cluster 5,0,99.52
J1-CA-2_CA-3,dknfnklp-1,Cluster 2,0,24.52
J1-CA-2_CA-3,dkpakfda-1,Cluster 12,0,43.30
J1-CA-2_CA-3,dkphcmlp-1,Cluster 12,0,102.28
J1-CA-2_CA-3,macfecgl-1,Cluster 3,0,36.03
J1-CA-2_CA-3,dkngcahc-1,Cluster 12,0,158.05
J1-CA-2_CA-3,macfjdci-1,Cluster 3,0,58.03
J1-CA-2_CA-3,lpihhpka-1,Cluster 4,0,44.61
J1-CA-2_CA-3,mabppdai-1,Cluster 4,0,42.49
J1-CA-2_CA-3,dkopnlem-1,Cluster 4,0,36.40
J1-CA-2_CA-3,dkpkcegi-1,Cluster 12,0,192.91
J1-CA-2_CA-3,dkpgnfnp-1,Cluster 2,0,25.06
J1-CA-2_CA-3,dkngkjfm-1,Cluster 4,0,198.64
J1-CA-2_CA-3,dkpjoahk-1,Cluster 4,0,28.76
J1-CA-2_CA-3,lpihfoha-1,Cluster 4,0,139.85
J1-CA-2_CA-3,dkpgpbll-1,Cluster 4,0,38.92
J1-CA-2_CA-3,dkoplhno-1,Cluster 12,0,56.67
J1-CA-2_CA-3,dkngbelk-1,Cluster 12,0,105.49
J1-CA-2_CA-3,dkpkfepd-1,Cluster 12,0,104.45
J1-CA-2_CA-3,lpihgflh-1,Cluster 2,0,27.05
J1-CA-2_CA-3,dkpgniga-1,Cluster 12,0,80.60
J1-CA-2_CA-3,dkpgnljl-1,Cluster 25,0,42.09
J1-CA-2_CA-3,dlabigna-1,Cluster 12,0,107.74
J1-CA-2_CA-3,macfmnml-1,Cluster 4,0,59.56
J1-CA-2_CA-3,madnijoi-1,Cluster 6,0,78.39
J1-CA-2_CA-3,madmomic-1,Cluster 1,0,32.96
J1-CA-2_CA-3,madnaohj-1,Cluster 3,0,111.45
J1-CA-2_CA-3,madmojhf-1,Cluster 1,0,20.77
J1-CA-2_CA-3,mabepnhk-1,Cluster 3,0,58.48
J1-CA-2_CA-3,ohkldbol-1,Cluster 9,0,7.59
J1-CA-2_CA-3,mabfeoal-1,Cluster 3,0,51.52
J1-CA-2_CA-3,maeajnam-1,Cluster 3,0,75.91
J1-CA-2_CA-3,mabfedhp-1,Cluster 3,0,136.91
J1-CA-2_CA-3,mabfccoi-1,Cluster 3,0,74.64
J1-CA-2_CA-3,mabfadgd-1,Cluster 6,0,79.11
J1-CA-2_CA-3,madolfog-1,Cluster 3,0,60.15
J1-CA-2_CA-3,maeajagi-1,Cluster 3,0,20.64
J1-CA-2_CA-3,dlachkhb-1,Cluster 12,0,104.04
J1-CA-2_CA-3,maeafnkl-1,Cluster 3,0,63.94
J1-CA-2_CA-3,dladbdlf-1,Cluster 4,0,20.05
J1-CA-2_CA-3,dlacjgoj-1,Cluster 5,0,119.80
J1-CA-2_CA-3,dladainp-1,Cluster 4,0,34.32
J1-CA-2_CA-3,dladbagm-1,Cluster 2,0,34.95
J1-CA-2_CA-3,dladeaim-1,Cluster 2,0,27.73
J1-CA-2_CA-3,dlabflcn-1,Cluster 5,0,123.50
J1-CA-2_CA-3,dlacmdkp-1,Cluster 23,0,42.04
J1-CA-2_CA-3,dlacpmpi-1,Cluster 12,0,45.34
J1-CA-2_CA-3,dladdnbp-1,Cluster 12,0,77.98
J1-CA-2_CA-3,dladdcha-1,Cluster 12,0,112.39
J1-CA-2_CA-3,dlachohk-1,Cluster 12,0,112.66
J1-CA-2_CA-3,maeagdeo-1,Cluster 3,0,125.76
J1-CA-2_CA-3,dlabnlne-1,Cluster 5,0,148.84
J1-CA-2_CA-3,dlabmigk-1,Cluster 15,0,22.58
J1-CA-2_CA-3,dlablgjj-1,Cluster 12,0,93.38
J1-CA-2_CA-3,dkpeelcn-1,Cluster 5,0,44.21
J1-CA-2_CA-3,dkpigiol-1,Cluster 23,0,86.52
J1-CA-2_CA-3,dkpiebob-1,Cluster 4,0,65.97
J1-CA-2_CA-3,dkpiajdp-1,Cluster 12,0,45.97
J1-CA-2_CA-3,dkpjahli-1,Cluster 4,0,33.82
J1-CA-2_CA-3,dkoooigl-1,Cluster 4,0,25.92
J1-CA-2_CA-3,dkoonibb-1,Cluster 4,0,23.26
J1-CA-2_CA-3,dkoponan-1,Cluster 4,0,25.06
J1-CA-2_CA-3,dkpiomii-1,Cluster 4,0,36.67
J1-CA-2_CA-3,dkonhcho-1,Cluster 23,0,55.00
J1-CA-2_CA-3,dkoojilo-1,Cluster 4,0,20.00
J1-CA-2_CA-3,dkpingni-1,Cluster 4,0,23.26
J1-CA-2_CA-3,dkpijlln-1,Cluster 12,0,67.28
J1-CA-2_CA-3,dkoohfka-1,Cluster 4,0,30.80
J1-CA-2_CA-3,dkonjgdj-1,Cluster 4,0,20.95
J1-CA-2_CA-3,dkpjldpp-1,Cluster 12,0,41.32
J1-CA-2_CA-3,lpihknof-1,Cluster 4,0,62.86
J1-CA-2_CA-3,dkpaolgp-1,Cluster 12,0,28.18
J1-CA-2_CA-3,dkophmkn-1,Cluster 12,0,36.71
J1-CA-2_CA-3,dkooggii-1,Cluster 12,0,40.82
J1-CA-2_CA-3,dkoobgnd-1,Cluster 12,0,27.82
J1-CA-2_CA-3,dkoohfdn-1,Cluster 2,0,22.98
J1-CA-2_CA-3,dkomocfm-1,Cluster 4,0,25.96
J1-CA-2_CA-3,dkooocbp-1,Cluster 4,0,22.76
J1-CA-2_CA-3,dkpjhibg-1,Cluster 12,0,75.14
J1-CA-2_CA-3,dkpjdkgc-1,Cluster 12,0,34.18
J1-CA-2_CA-3,lpihjlgg-1,Cluster 4,0,46.47
J1-CA-2_CA-3,dkopfdjc-1,Cluster 4,0,35.40
J1-CA-2_CA-3,dkoomoam-1,Cluster 4,0,18.11
J1-CA-2_CA-3,dkpamibm-1,Cluster 12,0,45.47
J1-CA-2_CA-3,dkoomfoj-1,Cluster 4,0,25.60
J1-CA-2_CA-3,dkonfeep-1,Cluster 4,0,14.59
J1-CA-2_CA-3,dkoplndc-1,Cluster 12,0,46.74
J1-CA-2_CA-3,dkooibgo-1,Cluster 12,0,42.36
J1-CA-2_CA-3,dkoobhih-1,Cluster 2,0,33.82
J1-CA-2_CA-3,dkoojopm-1,Cluster 4,0,23.84
J1-CA-2_CA-3,dkopbkem-1,Cluster 4,0,26.87
J1-CA-2_CA-3,dkpkhcjk-1,Cluster 4,0,56.72
J1-CA-2_CA-3,dlaclnjb-1,Cluster 2,0,41.59
J1-CA-2_CA-3,dkpjmfbo-1,Cluster 12,0,120.52
J1-CA-2_CA-3,mabgamjm-1,Cluster 3,0,54.91
J1-CA-2_CA-3,mabfmcjp-1,Cluster 3,0,95.78
J1-CA-2_CA-3,dlabdpnl-1,Cluster 12,0,61.68
J1-CA-2_CA-3,mabfoffh-1,Cluster 3,0,54.10
J1-CA-2_CA-3,mabfjopn-1,Cluster 14,0,14.68
J1-CA-2_CA-3,mabfiicp-1,Cluster 3,0,21.45
J1-CA-2_CA-3,ohkldhjh-1,Cluster 9,0,12.28
J1-CA-2_CA-3,lpjboimi-1,Cluster 3,0,38.20
J1-CA-2_CA-3,mabfpfid-1,Cluster 3,0,272.97
J1-CA-2_CA-3,mabfoldo-1,Cluster 9,0,10.93
J1-CA-2_CA-3,lpjbaknp-1,Cluster 4,0,31.93
J1-CA-2_CA-3,mabffamh-1,Cluster 4,0,40.05
J1-CA-2_CA-3,dkpkhhlb-1,Cluster 12,0,131.27
J1-CA-2_CA-3,mabfibom-1,Cluster 3,0,25.96
J1-CA-2_CA-3,lpjdcdho-1,Cluster 19,0,67.55
J1-CA-2_CA-3,mabfoejl-1,Cluster 4,0,44.48
J1-CA-2_CA-3,dlabfhdp-1,Cluster 3,0,33.01
J1-CA-2_CA-3,lpjcooeo-1,Cluster 3,0,126.57
J1-CA-2_CA-3,dkpjmlmo-1,Cluster 12,0,97.58
J1-CA-2_CA-3,madpodco-1,Cluster 3,0,46.69
J1-CA-2_CA-3,maeacinf-1,Cluster 24,0,78.98
J1-CA-2_CA-3,dkpjlodp-1,Cluster 12,0,64.93
J1-CA-2_CA-3,lpjbpign-1,Cluster 3,0,69.22
J1-CA-2_CA-3,dkpjlhbl-1,Cluster 12,0,65.34
J1-CA-2_CA-3,dkpkjldk-1,Cluster 5,0,119.71
J1-CA-2_CA-3,dkpejcpb-1,Cluster 12,0,75.19
J1-CA-2_CA-3,dkpkhjem-1,Cluster 12,0,59.56
J1-CA-2_CA-3,dkpelngc-1,Cluster 12,0,67.19
J1-CA-2_CA-3,dkpfaeie-1,Cluster 12,0,27.05
J1-CA-2_CA-3,dkpihlig-1,Cluster 4,0,30.16
J1-CA-2_CA-3,dkpiaadj-1,Cluster 12,0,200.49
J1-CA-2_CA-3,magddcfj-1,Cluster 19,0,52.43
J1-CA-2_CA-3,dkhmlpbo-1,Cluster 27,0,50.03
J1-CA-2_CA-3,dkhnbeed-1,Cluster 12,0,29.17
J1-CA-2_CA-3,magdcojc-1,Cluster 3,0,62.32
J1-CA-2_CA-3,dkpfhmgb-1,Cluster 12,0,29.76
J1-CA-2_CA-3,dkhnajfb-1,Cluster 12,0,25.24
J1-CA-2_CA-3,dkpflfoe-1,Cluster 12,0,60.69
J1-CA-2_CA-3,dkpjgfik-1,Cluster 12,0,26.33
J1-CA-2_CA-3,magdcicm-1,Cluster 3,0,82.82
J1-CA-2_CA-3,dkpgdman-1,Cluster 12,0,42.22
J1-CA-2_CA-3,dkpfcmfn-1,Cluster 2,0,27.05
J1-CA-2_CA-3,dkpfbdcb-1,Cluster 12,0,82.23
J1-CA-2_CA-3,dkhmpdpd-1,Cluster 3,0,26.46
J1-CA-2_CA-3,dkhminnj-1,Cluster 12,0,42.67
J1-CA-2_CA-3,dkpdmmik-1,Cluster 12,0,36.22
J1-CA-2_CA-3,mafmnfdh-1,Cluster 3,0,63.53
J1-CA-2_CA-3,mafmmkne-1,Cluster 3,0,48.05
J1-CA-2_CA-3,dkhnlpnd-1,Cluster 3,0,45.56
J1-CA-2_CA-3,dkpgdelk-1,Cluster 12,0,57.35
J1-CA-2_CA-3,dkpfmdbp-1,Cluster 12,0,57.35
J1-CA-2_CA-3,dkpgchog-1,Cluster 12,0,60.74
J1-CA-2_CA-3,magbgjph-1,Cluster 3,0,56.40
J1-CA-2_CA-3,dkpghmmk-1,Cluster 12,0,52.11
J1-CA-2_CA-3,dkpfnclg-1,Cluster 12,0,89.32
J1-CA-2_CA-3,dkhnjekg-1,Cluster 27,0,39.47
J1-CA-2_CA-3,dkookimn-1,Cluster 12,0,29.40
J1-CA-2_CA-3,dkhnndcn-1,Cluster 12,0,40.10
J1-CA-2_CA-3,dkpgffhm-1,Cluster 12,0,36.49
J1-CA-2_CA-3,magbcccd-1,Cluster 3,0,91.89
J1-CA-2_CA-3,dkonippe-1,Cluster 12,0,44.84
J1-CA-2_CA-3,magbfekb-1,Cluster 15,0,49.22
J1-CA-2_CA-3,dkoolmnh-1,Cluster 12,0,36.13
J1-CA-2_CA-3,magbkcbn-1,Cluster 3,0,86.79
J1-CA-2_CA-3,mafpfojd-1,Cluster 9,0,27.59
J1-CA-2_CA-3,dkhmkobg-1,Cluster 12,0,35.76
J1-CA-2_CA-3,lpjcmekm-1,Cluster 3,0,84.49
J1-CA-2_CA-3,lpjcncjm-1,Cluster 3,0,38.74
J1-CA-2_CA-3,dkpekild-1,Cluster 4,0,17.39
J1-CA-2_CA-3,dkpegohc-1,Cluster 2,0,40.10
J1-CA-2_CA-3,lpjbhgde-1,Cluster 3,0,115.55
J1-CA-2_CA-3,magdjmhe-1,Cluster 3,0,25.92
J1-CA-2_CA-3,dkpegeoh-1,Cluster 4,0,30.57
J1-CA-2_CA-3,dkpfbcbp-1,Cluster 2,0,21.04
J1-CA-2_CA-3,magdcibh-1,Cluster 19,0,151.27
J1-CA-2_CA-3,magdkgjd-1,Cluster 3,0,43.89
J1-CA-2_CA-3,magdkcfk-1,Cluster 19,0,64.89
J1-CA-2_CA-3,lpjbifah-1,Cluster 19,0,85.21
J1-CA-2_CA-3,lpjbhdpk-1,Cluster 19,0,34.36
J1-CA-2_CA-3,magdefgc-1,Cluster 3,0,58.12
J1-CA-2_CA-3,dkpeljoi-1,Cluster 12,0,95.91
J1-CA-2_CA-3,dkpeojfn-1,Cluster 12,0,37.16
J1-CA-2_CA-3,madpmolf-1,Cluster 3,0,99.34
J1-CA-2_CA-3,madppcml-1,Cluster 9,0,31.43
J1-CA-2_CA-3,madppfea-1,Cluster 9,0,13.73
J1-CA-2_CA-3,maeaibfg-1,Cluster 9,0,41.72
J1-CA-2_CA-3,maeamhbi-1,Cluster 3,0,185.05
J1-CA-2_CA-3,maeaklki-1,Cluster 6,0,52.56
J1-CA-2_CA-3,lpjdbmgn-1,Cluster 14,0,22.85
J1-CA-2_CA-3,lpjdedpl-1,Cluster 14,0,21.86
J1-CA-2_CA-3,madppmop-1,Cluster 3,0,75.37
J1-CA-2_CA-3,magbnpnm-1,Cluster 24,0,56.13
J1-CA-2_CA-3,mafpkfin-1,Cluster 24,0,46.92
J1-CA-2_CA-3,magaglpg-1,Cluster 24,0,41.86
J1-CA-2_CA-3,mafpgign-1,Cluster 9,0,31.25
J1-CA-2_CA-3,magbmgln-1,Cluster 3,0,132.99
J1-CA-2_CA-3,dkpdpggb-1,Cluster 6,0,45.65
J1-CA-2_CA-3,magameig-1,Cluster 9,0,26.46
J1-CA-2_CA-3,magamnef-1,Cluster 3,0,40.55
J1-CA-2_CA-3,magdbemk-1,Cluster 24,0,59.47
J1-CA-2_CA-3,magcfgdk-1,Cluster 9,0,12.33
J1-CA-2_CA-3,lpimlnpm-1,Cluster 6,0,55.05
J1-CA-2_CA-3,magbkiip-1,Cluster 3,0,54.68
J1-CA-2_CA-3,magcaiei-1,Cluster 3,0,89.77
J1-CA-2_CA-3,magboffk-1,Cluster 3,0,54.19
J1-CA-2_CA-4,lpcfekpf-1,Cluster 6,0,47.46
J1-CA-2_CA-4,lpdcfimo-1,Cluster 3,0,99.43
J1-CA-2_CA-4,dlemiebe-1,Cluster 4,0,39.15
J1-CA-2_CA-4,lpcelfli-1,Cluster 3,0,94.29
J1-CA-2_CA-4,dleneifn-1,Cluster 12,0,90.36
J1-CA-2_CA-4,lpdbollo-1,Cluster 3,0,43.08
J1-CA-2_CA-4,lpdblbca-1,Cluster 3,0,86.43
J1-CA-2_CA-4,lpcenjcc-1,Cluster 19,0,70.08
J1-CA-2_CA-4,lpcelike-1,Cluster 20,0,101.15
J1-CA-2_CA-4,lpddfdlm-1,Cluster 3,0,51.30
J1-CA-2_CA-4,lpceleaf-1,Cluster 20,0,23.93
J1-CA-2_CA-4,dleneoob-1,Cluster 12,0,172.72
J1-CA-2_CA-4,dlemihbm-1,Cluster 27,0,25.92
J1-CA-2_CA-4,lpdddonc-1,Cluster 6,0,82.59
J1-CA-2_CA-4,dlenkjcd-1,Cluster 5,0,34.27
J1-CA-2_CA-4,dlemenoa-1,Cluster 12,0,78.53
J1-CA-2_CA-4,dlemhkdf-1,Cluster 23,0,75.28
J1-CA-2_CA-4,dlemhoim-1,Cluster 5,0,61.32
J1-CA-2_CA-4,lpddgihd-1,Cluster 3,0,69.95
J1-CA-2_CA-4,lpdbifkg-1,Cluster 3,0,73.88
J1-CA-2_CA-4,dlemlfji-1,Cluster 15,0,57.03
J1-CA-2_CA-4,lpddfcnm-1,Cluster 3,0,98.12
J1-CA-2_CA-4,dlemkjbm-1,Cluster 6,0,89.00
J1-CA-2_CA-4,lpddbmic-1,Cluster 20,0,44.66
J1-CA-2_CA-4,lpcdfahn-1,Cluster 3,0,65.93
J1-CA-2_CA-4,lpcdhcbj-1,Cluster 6,0,38.29
J1-CA-2_CA-4,lpcdicbh-1,Cluster 6,0,81.42
J1-CA-2_CA-4,ohjjnfmk-1,Cluster 1,0,18.74
J1-CA-2_CA-4,lpdbkcoe-1,Cluster 6,0,16.48
J1-CA-2_CA-4,lpcgcdpm-1,Cluster 3,0,105.03
J1-CA-2_CA-4,lpdbmnlo-1,Cluster 20,0,85.21
J1-CA-2_CA-4,lpcfcmbd-1,Cluster 19,0,82.27
J1-CA-2_CA-4,lpdboalo-1,Cluster 3,0,98.40
J1-CA-2_CA-4,dlemogaa-1,Cluster 4,0,34.54
J1-CA-2_CA-4,dlenmdli-1,Cluster 12,0,72.75
J1-CA-2_CA-4,lpdbkopb-1,Cluster 3,0,51.70
J1-CA-2_CA-4,dlfaigoo-1,Cluster 12,0,96.59
J1-CA-2_CA-4,dlelijki-1,Cluster 5,0,83.13
J1-CA-2_CA-4,dlelgjfp-1,Cluster 12,0,125.40
J1-CA-2_CA-4,lpdbifoa-1,Cluster 3,0,38.97
J1-CA-2_CA-4,lpdbonja-1,Cluster 6,0,34.73
J1-CA-2_CA-4,lpdakijd-1,Cluster 3,0,42.81
J1-CA-2_CA-4,dlemiked-1,Cluster 15,0,56.26
J1-CA-2_CA-4,lpdbhgpp-1,Cluster 3,0,67.33
J1-CA-2_CA-4,lpdbdefe-1,Cluster 3,0,76.54
J1-CA-2_CA-4,lpdbplih-1,Cluster 19,0,107.52
J1-CA-2_CA-4,dlelaoon-1,Cluster 12,0,115.60
J1-CA-2_CA-4,lpdcblhc-1,Cluster 3,0,65.21
J1-CA-2_CA-4,lpdcajcb-1,Cluster 6,0,10.07
J1-CA-2_CA-4,lpdcaepd-1,Cluster 6,0,65.52
J1-CA-2_CA-4,lpccopil-1,Cluster 3,0,65.70
J1-CA-2_CA-4,lpccphkh-1,Cluster 3,0,127.07
J1-CA-2_CA-4,dlenmind-1,Cluster 12,0,30.62
J1-CA-2_CA-4,dlenhfik-1,Cluster 12,0,98.80
J1-CA-2_CA-4,dlenniip-1,Cluster 12,0,48.14
J1-CA-2_CA-4,dlenbpka-1,Cluster 12,0,164.78
J1-CA-2_CA-4,lpcdbble-1,Cluster 6,0,44.98
J1-CA-2_CA-4,dlenbhdd-1,Cluster 12,0,74.96
J1-CA-2_CA-4,dlekhmij-1,Cluster 12,0,159.63
J1-CA-2_CA-4,dlemdggg-1,Cluster 12,0,120.75
J1-CA-2_CA-4,lpddikdl-1,Cluster 12,0,60.19
J1-CA-2_CA-4,dlekhphj-1,Cluster 12,0,171.96
J1-CA-2_CA-4,dleobclh-1,Cluster 12,0,73.51
J1-CA-2_CA-4,dlekbabk-1,Cluster 23,0,98.49
J1-CA-2_CA-4,dleobncc-1,Cluster 12,0,90.81
J1-CA-2_CA-4,dlemmmca-1,Cluster 5,0,99.98
J1-CA-2_CA-4,dleobaii-1,Cluster 12,0,89.32
J1-CA-2_CA-4,lpddldee-1,Cluster 5,0,87.87
J1-CA-2_CA-4,lpcdbgpj-1,Cluster 3,0,63.90
J1-CA-2_CA-4,lpcdeibb-1,Cluster 4,0,21.49
J1-CA-2_CA-4,dlenihhf-1,Cluster 5,0,23.57
J1-CA-2_CA-4,dleniflc-1,Cluster 12,0,47.46
J1-CA-2_CA-4,dlenadob-1,Cluster 5,0,38.88
J1-CA-2_CA-4,dlemhkfn-1,Cluster 23,0,48.09
J1-CA-2_CA-4,lpddlfgf-1,Cluster 12,0,23.57
J1-CA-2_CA-4,dlejlkmc-1,Cluster 12,0,124.86
J1-CA-2_CA-4,dlemephp-1,Cluster 23,0,43.94
J1-CA-2_CA-4,lpcdcfbb-1,Cluster 12,0,38.97
J1-CA-2_CA-4,dlekjgjk-1,Cluster 4,0,119.12
J1-CA-2_CA-4,dlemjome-1,Cluster 12,0,192.23
J1-CA-2_CA-4,dlelkjee-1,Cluster 5,0,92.39
J1-CA-2_CA-4,dleklcco-1,Cluster 5,0,176.38
J1-CA-2_CA-4,dlemmehp-1,Cluster 23,0,152.40
J1-CA-2_CA-4,dlelbkmk-1,Cluster 5,0,202.66
J1-CA-2_CA-4,dkmhbpeh-1,Cluster 12,0,58.43
J1-CA-2_CA-4,dkmglhai-1,Cluster 12,0,50.35
J1-CA-2_CA-4,dkmhcgcc-1,Cluster 23,0,170.83
J1-CA-2_CA-4,dkmglbjo-1,Cluster 5,0,54.82
J1-CA-2_CA-4,lpcpipak-1,Cluster 3,0,76.00
J1-CA-2_CA-4,lpcngemo-1,Cluster 27,0,19.06
J1-CA-2_CA-4,lpdanpok-1,Cluster 3,0,73.29
J1-CA-2_CA-4,lpcpcedh-1,Cluster 3,0,112.48
J1-CA-2_CA-4,lpcngpik-1,Cluster 3,0,54.37
J1-CA-2_CA-4,dkmgdbpl-1,Cluster 5,0,20.09
J1-CA-2_CA-4,dlfabfml-1,Cluster 12,0,52.11
J1-CA-2_CA-4,lpccohld-1,Cluster 4,0,158.50
J1-CA-2_CA-4,dlelakog-1,Cluster 5,0,103.00
J1-CA-2_CA-4,dlekhdjh-1,Cluster 5,0,247.95
J1-CA-2_CA-4,dlekalal-1,Cluster 4,0,167.03
J1-CA-2_CA-4,lpddhogi-1,Cluster 12,0,23.48
J1-CA-2_CA-4,dlejoedn-1,Cluster 4,0,57.66
J1-CA-2_CA-4,dlemcoaj-1,Cluster 5,0,42.00
J1-CA-2_CA-4,dlejpjko-1,Cluster 12,0,113.57
J1-CA-2_CA-4,dlfagmil-1,Cluster 5,0,108.24
J1-CA-2_CA-4,dlejlamm-1,Cluster 23,0,105.26
J1-CA-2_CA-4,dlejoiil-1,Cluster 5,0,46.74
J1-CA-2_CA-4,dlelfiba-1,Cluster 4,0,97.27
J1-CA-2_CA-4,lnpekbdl-1,Cluster 5,0,44.39
J1-CA-2_CA-4,lnpegabj-1,Cluster 5,0,60.10
J1-CA-2_CA-4,lpddkhae-1,Cluster 4,0,52.56
J1-CA-2_CA-4,lpddmbcd-1,Cluster 12,0,57.48
J1-CA-2_CA-4,dlejnbfb-1,Cluster 5,0,103.50
J1-CA-2_CA-4,dlelaodo-1,Cluster 5,0,123.50
J1-CA-2_CA-4,dlejljag-1,Cluster 12,0,57.89
J1-CA-2_CA-4,dlfaifnm-1,Cluster 12,0,90.40
J1-CA-2_CA-4,dlejldhp-1,Cluster 12,0,99.66
J1-CA-2_CA-4,dlelnhgi-1,Cluster 5,0,22.98
J1-CA-2_CA-4,dlemcddn-1,Cluster 5,0,241.72
J1-CA-2_CA-4,dlelmepj-1,Cluster 5,0,103.18
J1-CA-2_CA-4,dkmhgdkh-1,Cluster 12,0,59.29
J1-CA-2_CA-4,dkmgibnn-1,Cluster 12,0,94.47
J1-CA-2_CA-4,lpdcepkm-1,Cluster 3,0,27.27
J1-CA-2_CA-4,dkmggbok-1,Cluster 5,0,139.22
J1-CA-2_CA-4,dkmhaefo-1,Cluster 5,0,111.72
J1-CA-2_CA-4,dkmgjcji-1,Cluster 12,0,84.58
J1-CA-2_CA-4,dkmgodmg-1,Cluster 23,0,80.33
J1-CA-2_CA-4,dkmgnjea-1,Cluster 12,0,83.22
J1-CA-2_CA-4,lpcckhjf-1,Cluster 5,0,58.34
J1-CA-2_CA-4,lnpcemgc-1,Cluster 19,0,64.62
J1-CA-2_CA-4,lpcgjgkh-1,Cluster 20,0,82.18
J1-CA-2_CA-4,lpcclpie-1,Cluster 19,0,71.89
J1-CA-2_CA-4,lpccohmj-1,Cluster 3,0,18.20
J1-CA-2_CA-4,lpcgeoek-1,Cluster 19,0,55.23
J1-CA-2_CA-4,lpcfnahl-1,Cluster 3,0,46.42
J1-CA-2_CA-4,lpcgchlb-1,Cluster 3,0,33.87
J1-CA-2_CA-4,dlfadfki-1,Cluster 12,0,307.15
J1-CA-2_CA-4,dlepggli-1,Cluster 23,0,129.06
J1-CA-2_CA-4,lpccffho-1,Cluster 4,0,109.28
J1-CA-2_CA-4,dlephboe-1,Cluster 12,0,87.51
J1-CA-2_CA-4,dlepjgnd-1,Cluster 12,0,127.25
J1-CA-2_CA-4,dlfakcbd-1,Cluster 12,0,57.94
J1-CA-2_CA-4,dlfabjin-1,Cluster 12,0,84.13
J1-CA-2_CA-4,dlfadboa-1,Cluster 12,0,203.65
J1-CA-2_CA-4,dldpfmna-1,Cluster 12,0,86.38
J1-CA-2_CA-4,lpbllleb-1,Cluster 12,0,79.38
J1-CA-2_CA-4,lpbkeena-1,Cluster 3,0,117.81
J1-CA-2_CA-4,lpbljgfg-1,Cluster 23,0,105.35
J1-CA-2_CA-4,loejmccb-1,Cluster 3,0,49.22
J1-CA-2_CA-4,dldpeijl-1,Cluster 12,0,79.52
J1-CA-2_CA-4,lodppjpa-1,Cluster 24,0,65.16
J1-CA-2_CA-4,lpblidgj-1,Cluster 27,0,58.16
J1-CA-2_CA-4,lpblkmlp-1,Cluster 12,0,69.54
J1-CA-2_CA-4,lpblenkp-1,Cluster 3,0,62.95
J1-CA-2_CA-4,lpbmadhm-1,Cluster 12,0,49.63
J1-CA-2_CA-4,loelifkj-1,Cluster 6,0,21.86
J1-CA-2_CA-4,dldpenmp-1,Cluster 12,0,162.07
J1-CA-2_CA-4,lpblecjm-1,Cluster 23,0,58.30
J1-CA-2_CA-4,lpbleghj-1,Cluster 7,0,9.98
J1-CA-2_CA-4,lpbmgoge-1,Cluster 3,0,72.57
J1-CA-2_CA-4,dldiinoe-1,Cluster 12,0,109.87
J1-CA-2_CA-4,dldilick-1,Cluster 12,0,149.69
J1-CA-2_CA-4,dldkhllo-1,Cluster 4,0,49.49
J1-CA-2_CA-4,dldjlnhe-1,Cluster 5,0,97.04
J1-CA-2_CA-4,dlfajeod-1,Cluster 12,0,322.46
J1-CA-2_CA-4,dldimllf-1,Cluster 12,0,75.19
J1-CA-2_CA-4,dldpogfi-1,Cluster 5,0,233.19
J1-CA-2_CA-4,dlekofnb-1,Cluster 5,0,36.17
J1-CA-2_CA-4,dldjelnp-1,Cluster 4,0,124.63
J1-CA-2_CA-4,dldimdho-1,Cluster 12,0,139.71
J1-CA-2_CA-4,dldjinkg-1,Cluster 5,0,54.50
J1-CA-2_CA-4,dldioief-1,Cluster 12,0,149.38
J1-CA-2_CA-4,dldimhgg-1,Cluster 12,0,133.17
J1-CA-2_CA-4,dldppngh-1,Cluster 5,0,271.61
J1-CA-2_CA-4,dldjadgo-1,Cluster 12,0,128.74
J1-CA-2_CA-4,dldppkon-1,Cluster 5,0,85.84
J1-CA-2_CA-4,dleafool-1,Cluster 23,0,215.58
J1-CA-2_CA-4,dleabjmm-1,Cluster 5,0,149.74
J1-CA-2_CA-4,dleacbfg-1,Cluster 12,0,81.15
J1-CA-2_CA-4,dldppada-1,Cluster 5,0,35.13
J1-CA-2_CA-4,dleaamea-1,Cluster 12,0,126.84
J1-CA-2_CA-4,lpbmaocj-1,Cluster 5,0,77.67
J1-CA-2_CA-4,dleaaddd-1,Cluster 4,0,51.70
J1-CA-2_CA-4,dldpgdek-1,Cluster 5,0,50.26
J1-CA-2_CA-4,dldpjgmj-1,Cluster 12,0,126.39
J1-CA-2_CA-4,dldpfiee-1,Cluster 12,0,174.26
J1-CA-2_CA-4,dldpolhe-1,Cluster 12,0,160.49
J1-CA-2_CA-4,lpblckdc-1,Cluster 3,0,27.59
J1-CA-2_CA-4,dldpohpm-1,Cluster 12,0,89.36
J1-CA-2_CA-4,lpbkehbm-1,Cluster 3,0,26.15
J1-CA-2_CA-4,lpbkedam-1,Cluster 3,0,88.37
J1-CA-2_CA-4,dleajhle-1,Cluster 12,0,124.63
J1-CA-2_CA-4,lpbjjbjf-1,Cluster 24,0,48.86
J1-CA-2_CA-4,lpbjfddb-1,Cluster 6,0,139.08
J1-CA-2_CA-4,lpbjmfap-1,Cluster 6,0,90.00
J1-CA-2_CA-4,lpbkcpec-1,Cluster 15,0,38.74
J1-CA-2_CA-4,lpbkegjl-1,Cluster 3,0,121.24
J1-CA-2_CA-4,lpbjjkle-1,Cluster 3,0,169.52
J1-CA-2_CA-4,lpbjklen-1,Cluster 3,0,27.27
J1-CA-2_CA-4,lpbijclc-1,Cluster 10,0,67.51
J1-CA-2_CA-4,lpbjkepc-1,Cluster 6,0,44.93
J1-CA-2_CA-4,lpbjjoem-1,Cluster 24,0,60.01
J1-CA-2_CA-4,dldkgoea-1,Cluster 12,0,106.43
J1-CA-2_CA-4,dldifjhn-1,Cluster 4,0,26.91
J1-CA-2_CA-4,dldicpmb-1,Cluster 5,0,135.42
J1-CA-2_CA-4,dldjbpik-1,Cluster 12,0,130.37
J1-CA-2_CA-4,dldicmao-1,Cluster 4,0,58.43
J1-CA-2_CA-4,lpbhalpe-1,Cluster 5,0,115.10
J1-CA-2_CA-4,dldifdhc-1,Cluster 5,0,216.52
J1-CA-2_CA-4,dldkmffe-1,Cluster 5,0,201.04
J1-CA-2_CA-4,dldjckjc-1,Cluster 4,0,154.98
J1-CA-2_CA-4,dldjdmdn-1,Cluster 12,0,89.41
J1-CA-2_CA-4,dldjeajl-1,Cluster 4,0,101.65
J1-CA-2_CA-4,dldkjkpg-1,Cluster 23,0,134.43
J1-CA-2_CA-4,dldjkngp-1,Cluster 5,0,130.59
J1-CA-2_CA-4,dldjokji-1,Cluster 4,0,143.78
J1-CA-2_CA-4,dldjpigp-1,Cluster 23,0,220.50
J1-CA-2_CA-4,dldkfdfa-1,Cluster 12,0,155.07
J1-CA-2_CA-4,dldkbfoh-1,Cluster 12,0,103.77
J1-CA-2_CA-4,lpbhdfhl-1,Cluster 12,0,76.09
J1-CA-2_CA-4,dldjojaf-1,Cluster 12,0,275.32
J1-CA-2_CA-4,dldjjgko-1,Cluster 12,0,95.37
J1-CA-2_CA-4,dldjkeie-1,Cluster 12,0,148.56
J1-CA-2_CA-4,dldplbda-1,Cluster 5,0,158.95
J1-CA-2_CA-4,dldjgpgi-1,Cluster 12,0,106.03
J1-CA-2_CA-4,dldjgcbh-1,Cluster 12,0,98.17
J1-CA-2_CA-4,lpbiebpf-1,Cluster 3,0,28.76
J1-CA-2_CA-4,dldjiidn-1,Cluster 12,0,290.58
J1-CA-2_CA-4,lpblcpcj-1,Cluster 6,0,29.35
J1-CA-2_CA-4,dldjhjho-1,Cluster 5,0,244.16
J1-CA-2_CA-4,lpefjlib-1,Cluster 3,0,40.14
J1-CA-2_CA-4,lpghbbel-1,Cluster 19,0,33.05
J1-CA-2_CA-4,lpbhehld-1,Cluster 3,0,23.35
J1-CA-2_CA-4,lpbibppd-1,Cluster 6,0,30.66
J1-CA-2_CA-4,lpefooej-1,Cluster 15,0,46.19
J1-CA-2_CA-4,lpggnjda-1,Cluster 3,0,51.48
J1-CA-2_CA-4,lpghhfnh-1,Cluster 15,0,38.79
J1-CA-2_CA-4,lpgglmai-1,Cluster 3,0,47.59
J1-CA-2_CA-4,lpggnmjk-1,Cluster 15,0,21.31
J1-CA-2_CA-4,lpbknpfc-1,Cluster 3,0,83.54
J1-CA-2_CA-4,lpefngfc-1,Cluster 3,0,66.24
J1-CA-2_CA-4,lpbielgi-1,Cluster 3,0,87.33
J1-CA-2_CA-4,lpefohpb-1,Cluster 3,0,62.04
J1-CA-2_CA-4,lpggmmka-1,Cluster 3,0,26.51
J1-CA-2_CA-4,lpbinmha-1,Cluster 3,0,34.73
J1-CA-2_CA-4,lpegbomf-1,Cluster 3,0,45.43
J1-CA-2_CA-4,lpbheldc-1,Cluster 6,0,61.23
J1-CA-2_CA-4,lpgllbee-1,Cluster 9,0,10.16
J1-CA-2_CA-4,lpgpphcd-1,Cluster 3,0,40.37
J1-CA-2_CA-4,lpbgdaeo-1,Cluster 9,0,17.84
J1-CA-2_CA-4,lphaaodb-1,Cluster 3,0,35.63
J1-CA-2_CA-4,lpgmldjl-1,Cluster 9,0,16.08
J1-CA-2_CA-4,lpgmklal-1,Cluster 6,0,71.93
J1-CA-2_CA-4,lpgmgpbj-1,Cluster 6,0,47.82
J1-CA-2_CA-4,lpgmiihe-1,Cluster 3,0,26.01
J1-CA-2_CA-4,lpgglebh-1,Cluster 3,0,83.67
J1-CA-2_CA-4,lpghhfgj-1,Cluster 3,0,29.85
J1-CA-2_CA-4,lpghiloa-1,Cluster 3,0,62.04
J1-CA-2_CA-4,lpgmkcmo-1,Cluster 6,0,126.35
J1-CA-2_CA-4,lpbhejde-1,Cluster 3,0,28.45
L1-TA-4_HGD-1,holigdca-1,Cluster 9,0,58.97
L1-TA-4_HGD-1,holjgifb-1,Cluster 9,0,29.76
L1-TA-4_HGD-1,holjedom-1,Cluster 9,0,65.75
L1-TA-4_HGD-1,holdnjnn-1,Cluster 3,0,52.20
L1-TA-4_HGD-1,holdkihk-1,Cluster 9,0,48.00
L1-TA-4_HGD-1,holjbogm-1,Cluster 3,0,109.28
L1-TA-4_HGD-1,holjdkgc-1,Cluster 6,0,51.88
L1-TA-4_HGD-1,holdibej-1,Cluster 1,0,16.48
L1-TA-4_HGD-1,holdoijh-1,Cluster 10,0,34.05
L1-TA-4_HGD-1,holioddc-1,Cluster 19,0,39.87
L1-TA-4_HGD-1,holilodb-1,Cluster 3,0,119.75
L1-TA-4_HGD-1,holkfmid-1,Cluster 6,0,38.29
L1-TA-4_HGD-1,holijnho-1,Cluster 10,0,19.96
L1-TA-4_HGD-1,holklgbo-1,Cluster 3,0,61.73
L1-TA-4_HGD-1,holimgjo-1,Cluster 15,0,25.33
L1-TA-4_HGD-1,holipgpk-1,Cluster 9,0,38.02
L1-TA-4_HGD-1,holigedk-1,Cluster 9,0,36.31
L1-TA-4_HGD-1,holcobkc-1,Cluster 24,0,63.44
L1-TA-4_HGD-1,holcmcll-1,Cluster 9,0,27.32
L1-TA-4_HGD-1,hnadbgde-1,Cluster 4,0,107.16
L1-TA-4_HGD-1,holcmbni-1,Cluster 3,0,90.31
L1-TA-4_HGD-1,holclhll-1,Cluster 3,0,58.52
L1-TA-4_HGD-1,dilcakde-1,Cluster 4,0,83.86
L1-TA-4_HGD-1,holdheig-1,Cluster 19,0,57.85
L1-TA-4_HGD-1,hnaciegf-1,Cluster 6,0,29.08
L1-TA-4_HGD-1,holdgfjb-1,Cluster 9,0,37.21
L1-TA-4_HGD-1,hnadbagd-1,Cluster 3,0,25.87
L1-TA-4_HGD-1,hnachppa-1,Cluster 3,0,14.40
L1-TA-4_HGD-1,hnambiln-1,Cluster 1,0,43.53
L1-TA-4_HGD-1,hnallfgg-1,Cluster 1,0,43.49
L1-TA-4_HGD-1,hmpifmnf-1,Cluster 3,0,47.82
L1-TA-4_HGD-1,achggbil-1,Cluster 16,0,66.70
L1-TA-4_HGD-1,djboneem-1,Cluster 15,0,58.57
L1-TA-4_HGD-1,hmpiembm-1,Cluster 3,0,36.89
L1-TA-4_HGD-1,hmpiioci-1,Cluster 6,0,51.48
L1-TA-4_HGD-1,homgigba-1,Cluster 3,0,50.62
L1-TA-4_HGD-1,hmphnhmf-1,Cluster 1,0,43.12
L1-TA-4_HGD-1,hmpiaboa-1,Cluster 6,0,35.27
L1-TA-4_HGD-1,hmpifddb-1,Cluster 3,0,53.74
L1-TA-4_HGD-1,hmphlgmf-1,Cluster 3,0,48.59
L1-TA-4_HGD-1,homgehac-1,Cluster 6,0,66.70
L1-TA-4_HGD-1,hmpickpa-1,Cluster 3,0,45.97
L1-TA-4_HGD-1,achggfff-1,Cluster 15,0,51.25
L1-TA-4_HGD-1,hmphogff-1,Cluster 6,0,37.21
L1-TA-4_HGD-1,holhpeho-1,Cluster 6,0,32.06
L1-TA-4_HGD-1,holididf-1,Cluster 3,0,44.52
L1-TA-4_HGD-1,holidmel-1,Cluster 10,0,60.83
L1-TA-4_HGD-1,hmphojla-1,Cluster 3,0,90.94
L1-TA-4_HGD-1,hmphjggg-1,Cluster 16,0,66.20
L1-TA-4_HGD-1,holklehg-1,Cluster 3,0,43.30
L1-TA-4_HGD-1,hmpidegf-1,Cluster 12,0,123.55
L1-TA-4_HGD-1,holihfcn-1,Cluster 3,0,62.90
L1-TA-4_HGD-1,hmpicndp-1,Cluster 12,0,95.91
L1-TA-4_HGD-1,holiiimb-1,Cluster 16,0,32.60
L1-TA-4_HGD-1,achgfogp-1,Cluster 15,0,53.96
L1-TA-4_HGD-1,holcekdm-1,Cluster 6,0,62.63
L1-TA-4_HGD-1,holidomm-1,Cluster 14,0,18.83
L1-TA-4_HGD-1,dilbbldd-1,Cluster 4,0,91.17
L1-TA-4_HGD-1,dilahhom-1,Cluster 12,0,147.16
L1-TA-4_HGD-1,holifhmf-1,Cluster 6,0,59.61
L1-TA-4_HGD-1,djbonjoe-1,Cluster 5,0,99.43
L1-TA-4_HGD-1,dilbagbo-1,Cluster 12,0,133.53
L1-TA-4_HGD-1,hnadaech-1,Cluster 4,0,291.98
L1-TA-4_HGD-1,dilcaggl-1,Cluster 12,0,119.66
L1-TA-4_HGD-1,hnaakion-1,Cluster 14,0,25.65
L1-TA-4_HGD-1,hnabaohd-1,Cluster 4,0,78.35
L1-TA-4_HGD-1,hnacnoef-1,Cluster 12,0,122.28
L1-TA-4_HGD-1,hnaaeoje-1,Cluster 1,0,28.58
L1-TA-4_HGD-1,hnacjjli-1,Cluster 5,0,176.56
L1-TA-4_HGD-1,hnacnnck-1,Cluster 14,0,10.43
L1-TA-4_HGD-1,hmphoico-1,Cluster 21,0,71.71
L1-TA-4_HGD-1,hmppnnfa-1,Cluster 4,0,98.17
L1-TA-4_HGD-1,hmpjhgcj-1,Cluster 6,0,73.47
L1-TA-4_HGD-1,dilaobbh-1,Cluster 4,0,299.66
L1-TA-4_HGD-1,dilbccie-1,Cluster 4,0,261.14
L1-TA-4_HGD-1,hmphjaok-1,Cluster 9,0,8.49
L1-TA-4_HGD-1,hnalcmmh-1,Cluster 6,0,22.85
L1-TA-4_HGD-1,djcalmde-1,Cluster 15,0,30.16
L1-TA-4_HGD-1,dilbgaai-1,Cluster 4,0,93.34
L1-TA-4_HGD-1,hmpgmgkc-1,Cluster 3,0,104.67
L1-TA-4_HGD-1,hmphdmla-1,Cluster 6,0,91.26
L1-TA-4_HGD-1,hnabjnhf-1,Cluster 5,0,57.85
L1-TA-4_HGD-1,hmphhmmb-1,Cluster 3,0,51.43
L1-TA-4_HGD-1,dilaglmh-1,Cluster 4,0,30.89
L1-TA-4_HGD-1,dilbphfd-1,Cluster 12,0,113.97
L1-TA-4_HGD-1,dilblage-1,Cluster 12,0,102.50
L1-TA-4_HGD-1,hnalciol-1,Cluster 15,0,77.71
L1-TA-4_HGD-1,djcaiajj-1,Cluster 21,0,44.75
L1-TA-4_HGD-1,hmpipngj-1,Cluster 6,0,63.40
L1-TA-4_HGD-1,hmphgcjm-1,Cluster 6,0,16.93
L1-TA-4_HGD-1,dilaedga-1,Cluster 4,0,39.87
L1-TA-4_HGD-1,djbkafgo-1,Cluster 4,0,37.66
L1-TA-4_HGD-1,hnaaemde-1,Cluster 4,0,180.40
L1-TA-4_HGD-1,hmpgpmda-1,Cluster 6,0,35.58
L1-TA-4_HGD-1,hmpgoihj-1,Cluster 24,0,58.52
L1-TA-4_HGD-1,dilamigp-1,Cluster 5,0,81.64
L1-TA-4_HGD-1,dilcdbic-1,Cluster 4,0,57.30
L1-TA-4_HGD-1,ofklmbfc-1,Cluster 14,0,7.72
L1-TA-4_HGD-1,hmpikhip-1,Cluster 4,0,371.86
L1-TA-4_HGD-1,diladphm-1,Cluster 12,0,39.87
L1-TA-4_HGD-1,hmpiklpc-1,Cluster 3,0,111.49
L1-TA-4_HGD-1,dilcbbof-1,Cluster 5,0,22.40
L1-TA-4_HGD-1,dilccljk-1,Cluster 4,0,37.57
L1-TA-4_HGD-1,djbjdkej-1,Cluster 4,0,79.70
L1-TA-4_HGD-1,hmeimpcc-1,Cluster 4,0,32.20
L1-TA-4_HGD-1,hmejmiki-1,Cluster 5,0,70.40
L1-TA-4_HGD-1,hmejhplj-1,Cluster 12,0,97.31
L1-TA-4_HGD-1,hmejgehc-1,Cluster 4,0,122.69
L1-TA-4_HGD-1,hmejmhnf-1,Cluster 4,0,23.66
L1-TA-4_HGD-1,hmejbmia-1,Cluster 4,0,53.74
L1-TA-4_HGD-1,djbjpfnd-1,Cluster 12,0,68.95
L1-TA-4_HGD-1,djbjoffe-1,Cluster 4,0,64.62
L1-TA-4_HGD-1,djbiphdh-1,Cluster 12,0,68.55
L1-TA-4_HGD-1,hnaeaccf-1,Cluster 4,0,46.42
L1-TA-4_HGD-1,hnaebofi-1,Cluster 4,0,22.26
L1-TA-4_HGD-1,hnadphle-1,Cluster 4,0,63.94
L1-TA-4_HGD-1,hnaabifd-1,Cluster 4,0,46.83
L1-TA-4_HGD-1,hnadnnne-1,Cluster 12,0,77.98
L1-TA-4_HGD-1,hmppmdol-1,Cluster 4,0,81.51
L1-TA-4_HGD-1,djbigfak-1,Cluster 12,0,49.45
L1-TA-4_HGD-1,hmpphohc-1,Cluster 12,0,47.41
L1-TA-4_HGD-1,djbjdlbd-1,Cluster 4,0,59.65
L1-TA-4_HGD-1,djbhlhcn-1,Cluster 4,0,28.13
L1-TA-4_HGD-1,djbilheb-1,Cluster 4,0,26.91
L1-TA-4_HGD-1,djbihhap-1,Cluster 12,0,40.51
L1-TA-4_HGD-1,hnaaaccl-1,Cluster 4,0,26.33
L1-TA-4_HGD-1,djbjcfnn-1,Cluster 4,0,52.70
L1-TA-4_HGD-1,djbihdmk-1,Cluster 5,0,38.11
L1-TA-4_HGD-1,djbiiiic-1,Cluster 12,0,52.16
L1-TA-4_HGD-1,djbidacd-1,Cluster 4,0,18.15
L1-TA-4_HGD-1,djbjdaeo-1,Cluster 5,0,62.45
L1-TA-4_HGD-1,djbjgkei-1,Cluster 4,0,41.77
L1-TA-4_HGD-1,djbiailc-1,Cluster 5,0,88.87
L1-TA-4_HGD-1,hnacfbam-1,Cluster 4,0,108.87
L1-TA-4_HGD-1,djbjdfmm-1,Cluster 4,0,52.20
L1-TA-4_HGD-1,djbikkha-1,Cluster 12,0,45.65
L1-TA-4_HGD-1,djbibnnm-1,Cluster 12,0,35.63
L1-TA-4_HGD-1,djbicmbc-1,Cluster 4,0,53.65
L1-TA-4_HGD-1,hmehpilb-1,Cluster 4,0,97.13
L1-TA-4_HGD-1,hmeicjca-1,Cluster 12,0,115.96
L1-TA-4_HGD-1,hmeichgf-1,Cluster 4,0,116.82
L1-TA-4_HGD-1,hnabpokg-1,Cluster 12,0,106.48
L1-TA-4_HGD-1,djbgnmeb-1,Cluster 12,0,63.40
L1-TA-4_HGD-1,djcahcpc-1,Cluster 15,0,36.08
L1-TA-4_HGD-1,hmpjcpgm-1,Cluster 22,0,13.77
L1-TA-4_HGD-1,hmpjagdb-1,Cluster 22,0,23.48
L1-TA-4_HGD-1,hmpilbgk-1,Cluster 22,0,10.66
L1-TA-4_HGD-1,hnaknima-1,Cluster 3,0,108.83
L1-TA-4_HGD-1,hnakkfda-1,Cluster 20,0,38.38
L1-TA-4_HGD-1,hnbadiim-1,Cluster 3,0,83.58
L1-TA-4_HGD-1,hmpjknli-1,Cluster 3,0,42.99
L1-TA-4_HGD-1,hnbagbpm-1,Cluster 4,0,30.89
L1-TA-4_HGD-1,hmpjdmbj-1,Cluster 3,0,84.76
L1-TA-4_HGD-1,hnbafdeg-1,Cluster 4,0,174.39
L1-TA-4_HGD-1,hmpjhbmd-1,Cluster 4,0,29.40
L1-TA-4_HGD-1,hmpjeppa-1,Cluster 27,0,43.58
L1-TA-4_HGD-1,djbjamdl-1,Cluster 12,0,70.04
L1-TA-4_HGD-1,djbjbalk-1,Cluster 4,0,61.82
L1-TA-4_HGD-1,djbkbgbm-1,Cluster 12,0,53.69
L1-TA-4_HGD-1,djbhhegj-1,Cluster 12,0,42.36
L1-TA-4_HGD-1,djbioofb-1,Cluster 4,0,20.18
L1-TA-4_HGD-1,hnadcpji-1,Cluster 9,0,51.52
L1-TA-4_HGD-1,hnadhpol-1,Cluster 4,0,62.63
L1-TA-4_HGD-1,djbjcfhp-1,Cluster 4,0,26.55
L1-TA-4_HGD-1,djbkdcjd-1,Cluster 12,0,83.40
L1-TA-4_HGD-1,djbjbonj-1,Cluster 12,0,62.45
L1-TA-4_HGD-1,djbkeaaj-1,Cluster 12,0,59.56
L1-TA-4_HGD-1,djbiogpe-1,Cluster 4,0,42.45
L1-TA-4_HGD-1,djbhhgcf-1,Cluster 12,0,30.93
L1-TA-4_HGD-1,djbkdcmd-1,Cluster 12,0,34.91
L1-TA-4_HGD-1,djbjajno-1,Cluster 12,0,101.01
L1-TA-4_HGD-1,hnaaecbo-1,Cluster 4,0,74.10
L1-TA-4_HGD-1,hmpplfmh-1,Cluster 4,0,99.52
L1-TA-4_HGD-1,hnadmkon-1,Cluster 12,0,92.21
L1-TA-4_HGD-1,djbjnfnb-1,Cluster 4,0,98.53
L1-TA-4_HGD-1,hmpphpoe-1,Cluster 12,0,31.16
L1-TA-4_HGD-1,hmnnjhfa-1,Cluster 12,0,137.09
L1-TA-4_HGD-1,hmpnppnm-1,Cluster 12,0,77.22
L1-TA-4_HGD-1,djbgegpj-1,Cluster 12,0,58.84
L1-TA-4_HGD-1,hnaeedan-1,Cluster 4,0,67.51
L1-TA-4_HGD-1,hmpobeap-1,Cluster 4,0,28.76
L1-TA-4_HGD-1,hmpocobm-1,Cluster 12,0,21.49
L1-TA-4_HGD-1,hmpojgna-1,Cluster 4,0,51.66
L1-TA-4_HGD-1,hmppbjfn-1,Cluster 4,0,105.21
L1-TA-4_HGD-1,hmpomfoo-1,Cluster 5,0,140.98
L1-TA-4_HGD-1,djbgdjpd-1,Cluster 12,0,66.42
L1-TA-4_HGD-1,hmpokkae-1,Cluster 12,0,57.48
L1-TA-4_HGD-1,hmponagd-1,Cluster 4,0,92.98
L1-TA-4_HGD-1,hmpodfjp-1,Cluster 12,0,91.26
L1-TA-4_HGD-1,hmppeped-1,Cluster 4,0,44.39
L1-TA-4_HGD-1,hmpomakn-1,Cluster 5,0,129.15
L1-TA-4_HGD-1,hmpopohf-1,Cluster 4,0,100.79
L1-TA-4_HGD-1,hmppcmli-1,Cluster 4,0,19.87
L1-TA-4_HGD-1,hmejealo-1,Cluster 4,0,230.48
L1-TA-4_HGD-1,djbgbjof-1,Cluster 4,0,54.91
L1-TA-4_HGD-1,djbfpbbk-1,Cluster 12,0,41.59
L1-TA-4_HGD-1,hmejnkch-1,Cluster 12,0,49.94
L1-TA-4_HGD-1,djbgalpc-1,Cluster 12,0,40.96
L1-TA-4_HGD-1,hmpogogg-1,Cluster 5,0,145.90
L1-TA-4_HGD-1,hmpoipbg-1,Cluster 4,0,62.41
L1-TA-4_HGD-1,hmejnclh-1,Cluster 12,0,95.55
L1-TA-4_HGD-1,hmeimjmb-1,Cluster 12,0,119.12
L1-TA-4_HGD-1,djbijanb-1,Cluster 12,0,34.45
L1-TA-4_HGD-1,djbgckii-1,Cluster 12,0,39.20
L1-TA-4_HGD-1,hmpomiga-1,Cluster 4,0,146.71
L1-TA-4_HGD-1,hmejfggm-1,Cluster 4,0,130.82
L1-TA-4_HGD-1,djbimbbe-1,Cluster 12,0,23.17
L1-TA-4_HGD-1,hmeipakj-1,Cluster 7,0,12.73
L1-TA-4_HGD-1,diljeacj-1,Cluster 4,0,133.66
L1-TA-4_HGD-1,hmejndaa-1,Cluster 4,0,56.99
L1-TA-4_HGD-1,hmpphfjj-1,Cluster 12,0,39.02
L1-TA-4_HGD-1,hnapbdgh-1,Cluster 4,0,151.54
L1-TA-4_HGD-1,hnbabhob-1,Cluster 4,0,112.21
L1-TA-4_HGD-1,djbgnakl-1,Cluster 4,0,124.54
L1-TA-4_HGD-1,hnbaaglj-1,Cluster 12,0,69.31
L1-TA-4_HGD-1,djbgppeo-1,Cluster 4,0,104.36
L1-TA-4_HGD-1,djbcpnmn-1,Cluster 4,0,110.99
L1-TA-4_HGD-1,djbddjdf-1,Cluster 12,0,110.54
L1-TA-4_HGD-1,djbgdhig-1,Cluster 12,0,53.01
L1-TA-4_HGD-1,hnbaanki-1,Cluster 12,0,123.10
L1-TA-4_HGD-1,hnbaagfo-1,Cluster 4,0,220.05
L1-TA-4_HGD-1,hnaeflao-1,Cluster 12,0,46.19
L1-TA-4_HGD-1,hnapmlgk-1,Cluster 4,0,15.62
L1-TA-4_HGD-1,hnadigkn-1,Cluster 4,0,95.73
L1-TA-4_HGD-1,hnadjgdj-1,Cluster 4,0,200.36
L1-TA-4_HGD-1,hnaplijp-1,Cluster 4,0,43.98
L1-TA-4_HGD-1,hnafkdba-1,Cluster 12,0,49.49
L1-TA-4_HGD-1,hmnniekj-1,Cluster 4,0,65.75
L1-TA-4_HGD-1,hnapnfme-1,Cluster 4,0,101.33
L1-TA-4_HGD-1,hnapngkc-1,Cluster 4,0,67.51
L1-TA-4_HGD-1,hnaplgon-1,Cluster 4,0,26.60
L1-TA-4_HGD-1,djbhgjli-1,Cluster 12,0,44.43
L1-TA-4_HGD-1,hnafjckk-1,Cluster 4,0,54.77
L1-TA-4_HGD-1,djbfjoje-1,Cluster 25,0,52.47
L1-TA-4_HGD-1,djbfjkah-1,Cluster 12,0,68.82
L1-TA-4_HGD-1,djbcoobg-1,Cluster 12,0,122.37
L1-TA-4_HGD-1,hnaffgpo-1,Cluster 2,0,15.80
L1-TA-4_HGD-1,djbfihni-1,Cluster 12,0,52.92
L1-TA-4_HGD-1,hnaplfko-1,Cluster 12,0,145.36
L1-TA-4_HGD-1,hnaefbki-1,Cluster 12,0,43.30
L1-TA-4_HGD-1,hnafcded-1,Cluster 2,0,33.28
L1-TA-4_HGD-1,djbgmnpp-1,Cluster 12,0,38.83
L1-TA-4_HGD-1,hnafabnl-1,Cluster 4,0,81.78
L1-TA-4_HGD-1,hnaecmkd-1,Cluster 12,0,95.23
L1-TA-4_HGD-1,hnaefaab-1,Cluster 4,0,51.16
L1-TA-4_HGD-1,djcahhpo-1,Cluster 6,0,43.08
L1-TA-4_HGD-1,hnaneebb-1,Cluster 3,0,50.53
L1-TA-4_HGD-1,hnalefef-1,Cluster 20,0,124.99
L1-TA-4_HGD-1,hnanfngo-1,Cluster 11,0,39.42
L1-TA-4_HGD-1,hnalmiag-1,Cluster 6,0,36.17
L1-TA-4_HGD-1,hnandblf-1,Cluster 19,0,28.13
L1-TA-4_HGD-1,hnalhaki-1,Cluster 9,0,19.60
L1-TA-4_HGD-1,hnalolji-1,Cluster 21,0,56.94
L1-TA-4_HGD-1,hnalgjcc-1,Cluster 19,0,37.48
L1-TA-4_HGD-1,hnanmcag-1,Cluster 19,0,50.67
L1-TA-4_HGD-1,hnanphkj-1,Cluster 6,0,20.18
L1-TA-4_HGD-1,hnalnbdn-1,Cluster 15,0,22.31
L1-TA-4_HGD-1,hnamhbhj-1,Cluster 15,0,39.60
L1-TA-4_HGD-1,hnalpefd-1,Cluster 6,0,39.06
L1-TA-4_HGD-1,hnallmom-1,Cluster 9,0,10.16
L1-TA-4_HGD-1,hnalfjfl-1,Cluster 19,0,60.42
L1-TA-4_HGD-1,hnanodch-1,Cluster 10,0,33.96
L1-TA-4_HGD-1,hnanibpf-1,Cluster 19,0,88.05
L1-TA-4_HGD-1,hnamhdjb-1,Cluster 20,0,127.75
L1-TA-4_HGD-1,hnaleeam-1,Cluster 3,0,111.22
L1-TA-4_HGD-1,hnbcmchc-1,Cluster 3,0,35.45
L1-TA-4_HGD-1,hnbclenl-1,Cluster 6,0,8.85
L1-TA-4_HGD-1,hnbckopa-1,Cluster 3,0,23.35
L1-TA-4_HGD-1,djcbbaie-1,Cluster 15,0,49.58
L1-TA-4_HGD-1,hnajfejf-1,Cluster 3,0,16.44
L1-TA-4_HGD-1,djcaandl-1,Cluster 16,0,69.00
L1-TA-4_HGD-1,hnanikcc-1,Cluster 19,0,41.86
L1-TA-4_HGD-1,djbklkem-1,Cluster 6,0,27.73
L1-TA-4_HGD-1,hnbdbdbf-1,Cluster 19,0,15.26
L1-TA-4_HGD-1,hnajjeog-1,Cluster 3,0,18.74
L1-TA-4_HGD-1,hnbchjjo-1,Cluster 3,0,40.69
L1-TA-4_HGD-1,hnanikpe-1,Cluster 19,0,56.76
L1-TA-4_HGD-1,hnajopoc-1,Cluster 6,0,79.38
L1-TA-4_HGD-1,djbppjaa-1,Cluster 6,0,105.39
L1-TA-4_HGD-1,hnajeaaa-1,Cluster 6,0,45.43
L1-TA-4_HGD-1,hnaniogb-1,Cluster 3,0,70.67
L1-TA-4_HGD-1,hnajjole-1,Cluster 3,0,109.91
L1-TA-4_HGD-1,hnajednp-1,Cluster 15,0,33.51
L1-TA-4_HGD-1,djbkllmd-1,Cluster 15,0,42.36
L1-TA-4_HGD-1,hnanadbb-1,Cluster 19,0,116.01
L1-TA-4_HGD-1,hnakbkhk-1,Cluster 3,0,59.52
L1-TA-4_HGD-1,hnanaplp-1,Cluster 3,0,52.16
L1-TA-4_HGD-1,djbpodpi-1,Cluster 6,0,37.89
L1-TA-4_HGD-1,djblcblh-1,Cluster 15,0,39.56
L1-TA-4_HGD-1,djbknbma-1,Cluster 15,0,54.68
L1-TA-4_HGD-1,hnamipin-1,Cluster 3,0,82.55
L1-TA-4_HGD-1,djbldaof-1,Cluster 15,0,42.31
L1-TA-4_HGD-1,hnakjnnk-1,Cluster 3,0,17.66
L1-TA-4_HGD-1,hnakohnc-1,Cluster 1,0,45.34
L1-TA-4_HGD-1,hnakocal-1,Cluster 9,0,8.58
L1-TA-4_HGD-1,hnamomoj-1,Cluster 19,0,66.61
L1-TA-4_HGD-1,hnakkbng-1,Cluster 20,0,97.27
L1-TA-4_HGD-1,hnakoifa-1,Cluster 15,0,24.88
L1-TA-4_HGD-1,hnammble-1,Cluster 24,0,43.40
L1-TA-4_HGD-1,hnakofib-1,Cluster 6,0,18.20
L1-TA-4_HGD-1,djbfboga-1,Cluster 3,0,56.67
L1-TA-4_HGD-1,hnbcfkfo-1,Cluster 1,0,34.32
L1-TA-4_HGD-1,djbfbmde-1,Cluster 16,0,106.57
L1-TA-4_HGD-1,djcbmdgc-1,Cluster 10,0,71.12
L1-TA-4_HGD-1,hnbboabh-1,Cluster 1,0,25.33
L1-TA-4_HGD-1,hnbcecha-1,Cluster 19,0,33.14
L1-TA-4_HGD-1,hnbdaani-1,Cluster 3,0,31.79
L1-TA-4_HGD-1,hnbcdach-1,Cluster 19,0,26.19
L1-TA-4_HGD-1,hnbcoadf-1,Cluster 9,0,18.97
L1-TA-4_HGD-1,hnbcblch-1,Cluster 19,0,66.11
L1-TA-4_HGD-1,djbpoccg-1,Cluster 24,0,43.89
L1-TA-4_HGD-1,djbpobfp-1,Cluster 15,0,32.60
L1-TA-4_HGD-1,hnbcgpho-1,Cluster 6,0,60.42
L1-TA-4_HGD-1,djblenfl-1,Cluster 12,0,268.23
L1-TA-4_HGD-1,hnagbglc-1,Cluster 20,0,65.66
L1-TA-4_HGD-1,hnagdajh-1,Cluster 3,0,67.06
L1-TA-4_HGD-1,hnagdclf-1,Cluster 9,0,43.26
L1-TA-4_HGD-1,hnagpnlk-1,Cluster 9,0,17.11
L1-TA-4_HGD-1,hnahbjmn-1,Cluster 3,0,34.14
L1-TA-4_HGD-1,hnbcgbad-1,Cluster 19,0,49.81
L1-TA-4_HGD-1,djbfgici-1,Cluster 16,0,76.95
L1-TA-4_HGD-1,hnagnpcc-1,Cluster 9,0,24.38
L1-TA-4_HGD-1,hnahgaoh-1,Cluster 3,0,36.44
L1-TA-4_HGD-1,hnagmdcm-1,Cluster 6,0,36.80
L1-TA-4_HGD-1,hnbblaho-1,Cluster 6,0,61.86
L1-TA-4_HGD-1,hnbbcmab-1,Cluster 1,0,44.66
L1-TA-4_HGD-1,hnapngmd-1,Cluster 4,0,57.35
L1-TA-4_HGD-1,hnbcggnp-1,Cluster 3,0,79.93
L1-TA-4_HGD-1,hnbbhbnn-1,Cluster 6,0,97.45
L1-TA-4_HGD-1,hnahfajc-1,Cluster 20,0,46.29
L1-TA-4_HGD-1,hnbanlco-1,Cluster 4,0,139.76
L1-TA-4_HGD-1,djbkhjhl-1,Cluster 16,0,33.19
L1-TA-4_HGD-1,hnbbmljf-1,Cluster 3,0,51.52
L1-TA-4_HGD-1,hnbcjkkp-1,Cluster 3,0,28.40
L1-TA-4_HGD-1,hnbbfnfe-1,Cluster 3,0,62.00
L1-TA-4_HGD-1,hnagmpaj-1,Cluster 14,0,22.58
L1-TA-4_HGD-1,hnahdilj-1,Cluster 14,0,16.62
L1-TA-4_HGD-1,djblhfjh-1,Cluster 5,0,135.51
L1-TA-4_HGD-1,djbgmokg-1,Cluster 12,0,110.59
L1-TA-4_HGD-1,djblgkgc-1,Cluster 12,0,88.73
L1-TA-4_HGD-1,hnbbcbjh-1,Cluster 3,0,28.04
L1-TA-4_HGD-1,hnbbalbl-1,Cluster 20,0,60.28
L1-TA-4_HGD-1,ofkmnhkg-1,Cluster 1,0,14.45
L1-TA-4_HGD-1,hnbbbjgl-1,Cluster 6,0,22.58
L1-TA-4_HGD-1,hnajhmbg-1,Cluster 3,0,43.21
L1-TA-4_HGD-1,hnajdgjf-1,Cluster 6,0,37.84
L1-TA-4_HGD-1,djbklkfl-1,Cluster 15,0,37.07
L1-TA-4_HGD-1,hnaipoob-1,Cluster 3,0,23.12
L1-TA-4_HGD-1,djbhbocp-1,Cluster 12,0,49.08
L1-TA-4_HGD-1,hnalddbf-1,Cluster 3,0,119.26
L1-TA-4_HGD-1,hnafobhk-1,Cluster 19,0,98.35
L1-TA-4_HGD-1,hnafmncj-1,Cluster 19,0,35.81
L1-TA-4_HGD-1,hncbbelk-1,Cluster 19,0,30.25
L1-TA-4_HGD-1,hnafobmf-1,Cluster 16,0,66.61
L1-TA-4_HGD-1,djbfibaj-1,Cluster 15,0,50.35
L1-TA-4_HGD-1,hnaiaeln-1,Cluster 6,0,94.60
L1-TA-4_HGD-1,hncbbpfp-1,Cluster 20,0,76.68
L1-TA-4_HGD-1,hnailpnp-1,Cluster 1,0,54.23
L1-TA-4_HGD-1,djbffhka-1,Cluster 1,0,51.75
L1-TA-4_HGD-1,djbfiajk-1,Cluster 15,0,42.49
L1-TA-4_HGD-1,hncbadmc-1,Cluster 3,0,38.20
L1-TA-4_HGD-1,hnahjmgm-1,Cluster 6,0,12.24
L1-TA-4_HGD-1,hnahmfcm-1,Cluster 21,0,50.80
L1-TA-4_HGD-1,hnbmlnkc-1,Cluster 24,0,49.08
L1-TA-4_HGD-1,hnaicjcj-1,Cluster 1,0,75.41
L1-TA-4_HGD-1,hnaihfoo-1,Cluster 15,0,61.28
L1-TA-4_HGD-1,hnahjkjn-1,Cluster 3,0,26.73
L1-TA-4_HGD-1,hnahnhdn-1,Cluster 3,0,78.21
L1-TA-4_HGD-1,hnahhlcj-1,Cluster 6,0,18.60
L1-TA-4_HGD-1,hnafpjha-1,Cluster 3,0,70.44
L1-TA-4_HGD-1,djbeoaap-1,Cluster 15,0,57.62
L1-TA-4_HGD-1,hnahdklj-1,Cluster 3,0,39.74
L1-TA-4_HGD-1,hnbpppeg-1,Cluster 3,0,36.17
L1-TA-4_HGD-1,hncaplcn-1,Cluster 3,0,58.30
L1-TA-4_HGD-1,hnbpdaje-1,Cluster 16,0,79.57
L1-TA-4_HGD-1,hnbpmekb-1,Cluster 3,0,42.58
L1-TA-4_HGD-1,hmnnmlkl-1,Cluster 6,0,63.26
L1-TA-4_HGD-1,hnbpgjme-1,Cluster 1,0,59.61
L1-TA-4_HGD-1,hnaofame-1,Cluster 6,0,61.19
L1-TA-4_HGD-1,hnaoidoa-1,Cluster 6,0,16.80
L1-TA-4_HGD-1,djbefdac-1,Cluster 15,0,45.92
L1-TA-4_HGD-1,ofkmmddk-1,Cluster 14,0,7.54
L1-TA-4_HGD-1,hnaolbij-1,Cluster 3,0,28.58
L1-TA-4_HGD-1,hnaomolk-1,Cluster 9,0,9.26
L1-TA-4_HGD-1,djbegadf-1,Cluster 6,0,60.33
L1-TA-4_HGD-1,hnaonddf-1,Cluster 21,0,24.07
L1-TA-4_HGD-1,hnbagdka-1,Cluster 19,0,67.42
L1-TA-4_HGD-1,hnaocdli-1,Cluster 20,0,55.23
L1-TA-4_HGD-1,hnaonoeo-1,Cluster 6,0,48.90
L1-TA-4_HGD-1,djbccmdd-1,Cluster 4,0,123.05
L1-TA-4_HGD-1,djbcggke-1,Cluster 4,0,132.04
L1-TA-4_HGD-1,hnaohcig-1,Cluster 4,0,47.19
L1-TA-4_HGD-1,djbckgle-1,Cluster 4,0,54.19
L1-TA-4_HGD-1,hnbbaenp-1,Cluster 4,0,82.27
L1-TA-4_HGD-1,hnapaiil-1,Cluster 4,0,50.98
L1-TA-4_HGD-1,djbddlgf-1,Cluster 4,0,62.90
L1-TA-4_HGD-1,djbcodhp-1,Cluster 12,0,96.54
L1-TA-4_HGD-1,djblgjfg-1,Cluster 12,0,75.41
L1-TA-4_HGD-1,hnbalepi-1,Cluster 4,0,192.00
L1-TA-4_HGD-1,djblejnb-1,Cluster 4,0,75.23
L1-TA-4_HGD-1,djbckpeo-1,Cluster 4,0,77.98
L1-TA-4_HGD-1,hnaphilb-1,Cluster 4,0,94.42
L1-TA-4_HGD-1,djbliiog-1,Cluster 5,0,91.13
L1-TA-4_HGD-1,djbdfahj-1,Cluster 4,0,133.93
L1-TA-4_HGD-1,hnapcomc-1,Cluster 4,0,54.19
L1-TA-4_HGD-1,djblibfj-1,Cluster 12,0,84.13
L1-TA-4_HGD-1,hnaogcpg-1,Cluster 4,0,62.68
L1-TA-4_HGD-1,hncalfnf-1,Cluster 3,0,26.42
L1-TA-4_HGD-1,hnbnfbai-1,Cluster 1,0,39.11
L1-TA-4_HGD-1,hnaflala-1,Cluster 3,0,69.22
L1-TA-4_HGD-1,hncakiki-1,Cluster 20,0,51.07
L1-TA-4_HGD-1,hnbncgoa-1,Cluster 10,0,33.55
L1-TA-4_HGD-1,djbejdhh-1,Cluster 1,0,55.32
L1-TA-4_HGD-1,hncajbcb-1,Cluster 19,0,19.10
L1-TA-4_HGD-1,hncclibk-1,Cluster 6,0,49.31
L1-TA-4_HGD-1,hmnoainp-1,Cluster 6,0,58.43
L1-TA-4_HGD-1,hnbnpejn-1,Cluster 3,0,47.87
L1-TA-4_HGD-1,hnboaifk-1,Cluster 15,0,45.52
L1-TA-4_HGD-1,hnbnchmd-1,Cluster 10,0,36.62
L1-TA-4_HGD-1,hnbojkdi-1,Cluster 3,0,24.38
L1-TA-4_HGD-1,hnbnnmmj-1,Cluster 3,0,22.89
L1-TA-4_HGD-1,hnboeidc-1,Cluster 6,0,75.46
L1-TA-4_HGD-1,hnbojdhe-1,Cluster 3,0,63.85
L1-TA-4_HGD-1,hnbniean-1,Cluster 6,0,29.53
L1-TA-4_HGD-1,hnbpbeam-1,Cluster 3,0,51.43
L1-TA-4_HGD-1,hncafooo-1,Cluster 10,0,48.36
L1-TA-4_HGD-1,hnbocfea-1,Cluster 21,0,43.89
L1-TA-4_HGD-1,hncceedp-1,Cluster 15,0,33.73
L1-TA-4_HGD-1,djbelbdk-1,Cluster 10,0,33.60
L1-TA-4_HGD-1,hnbobebf-1,Cluster 1,0,25.78
L1-TA-4_HGD-1,hmnneaeo-1,Cluster 3,0,28.40
L1-TA-4_HGD-1,hnbnjnpe-1,Cluster 3,0,54.55
L1-TA-4_HGD-1,hncafpgm-1,Cluster 21,0,37.43
L1-TA-4_HGD-1,hnbngbja-1,Cluster 3,0,63.76
L1-TA-4_HGD-1,hmnnoebc-1,Cluster 6,0,25.65
L1-TA-4_HGD-1,hnbpjpck-1,Cluster 3,0,44.30
L1-TA-4_HGD-1,hnbokjil-1,Cluster 3,0,19.78
L1-TA-4_HGD-1,hncaehbg-1,Cluster 3,0,43.58
L1-TA-4_HGD-1,hncalkce-1,Cluster 19,0,98.26
L1-TA-4_HGD-1,hnbopmfi-1,Cluster 3,0,19.33
L1-TA-4_HGD-1,hmnnocdi-1,Cluster 6,0,57.66
L1-TA-4_HGD-1,hnbnfogd-1,Cluster 3,0,27.09
L1-TA-4_HGD-1,djbbafbc-1,Cluster 6,0,31.65
L1-TA-4_HGD-1,hnbhbpdj-1,Cluster 6,0,25.87
L1-TA-4_HGD-1,hmndebil-1,Cluster 10,0,35.27
L1-TA-4_HGD-1,djbbdela-1,Cluster 10,0,46.19
L1-TA-4_HGD-1,hnbgnmnk-1,Cluster 10,0,43.58
L1-TA-4_HGD-1,djbabacp-1,Cluster 6,0,53.69
L1-TA-4_HGD-1,hmmlncgd-1,Cluster 4,0,86.93
L1-TA-4_HGD-1,hmokpjnd-1,Cluster 4,0,48.77
L1-TA-4_HGD-1,hmoeefdd-1,Cluster 12,0,126.93
L1-TA-4_HGD-1,hmobgnna-1,Cluster 4,0,275.00
L1-TA-4_HGD-1,hmoedjkp-1,Cluster 4,0,76.63
L1-TA-4_HGD-1,hmobdgob-1,Cluster 4,0,32.06
L1-TA-4_HGD-1,hmnpncjg-1,Cluster 4,0,193.95
L1-TA-4_HGD-1,hmobhfhm-1,Cluster 4,0,35.94
L1-TA-4_HGD-1,hmodagbp-1,Cluster 4,0,140.62
L1-TA-4_HGD-1,hmoehnlm-1,Cluster 12,0,119.75
L1-TA-4_HGD-1,hmodiflp-1,Cluster 4,0,263.17
L1-TA-4_HGD-1,dilfjcpi-1,Cluster 12,0,159.31
L1-TA-4_HGD-1,hmocbcnl-1,Cluster 4,0,93.29
L1-TA-4_HGD-1,hmocplng-1,Cluster 12,0,159.00
L1-TA-4_HGD-1,hmnnljag-1,Cluster 4,0,73.02
L1-TA-4_HGD-1,hmofifoe-1,Cluster 4,0,53.15
L1-TA-4_HGD-1,hmoffpdk-1,Cluster 4,0,53.87
L1-TA-4_HGD-1,hmoaphfm-1,Cluster 5,0,126.44
L1-TA-4_HGD-1,hmodchpm-1,Cluster 4,0,191.28
L1-TA-4_HGD-1,hmodjjdj-1,Cluster 12,0,98.67
L1-TA-4_HGD-1,hmodfmcb-1,Cluster 12,0,67.28
L1-TA-4_HGD-1,hmoefbcc-1,Cluster 12,0,131.72
L1-TA-4_HGD-1,hmoddfeg-1,Cluster 4,0,168.30
L1-TA-4_HGD-1,hmoblihf-1,Cluster 12,0,117.50
L1-TA-4_HGD-1,hmocpgfn-1,Cluster 12,0,88.91
L1-TA-4_HGD-1,hmoccjnc-1,Cluster 14,0,19.01
L1-TA-4_HGD-1,hmogihkl-1,Cluster 4,0,295.55
L1-TA-4_HGD-1,hmnlpfff-1,Cluster 3,0,16.57
L1-TA-4_HGD-1,ofkkikpm-1,Cluster 9,0,80.97
L1-TA-4_HGD-1,hmokklbo-1,Cluster 4,0,110.59
L1-TA-4_HGD-1,hmnilocl-1,Cluster 6,0,87.65
L1-TA-4_HGD-1,hmokjgan-1,Cluster 4,0,70.31
L1-TA-4_HGD-1,hmojcken-1,Cluster 5,0,162.02
L1-TA-4_HGD-1,hmogidmo-1,Cluster 14,0,31.16
L1-TA-4_HGD-1,hmnlnjoa-1,Cluster 3,0,24.84
L1-TA-4_HGD-1,hmokcbbo-1,Cluster 4,0,45.74
L1-TA-4_HGD-1,hmnlpmjn-1,Cluster 6,0,13.10
L1-TA-4_HGD-1,hmokidem-1,Cluster 12,0,61.10
L1-TA-4_HGD-1,hmokhhnb-1,Cluster 2,0,35.67
L1-TA-4_HGD-1,hmokldde-1,Cluster 4,0,119.35
L1-TA-4_HGD-1,hmokmheh-1,Cluster 4,0,155.29
L1-TA-4_HGD-1,hmokdooh-1,Cluster 12,0,110.09
L1-TA-4_HGD-1,hmolbadk-1,Cluster 4,0,85.57
L1-TA-4_HGD-1,hmojpjkl-1,Cluster 12,0,119.48
L1-TA-4_HGD-1,hmnjbhni-1,Cluster 14,0,20.37
L1-TA-4_HGD-1,hmnjcodo-1,Cluster 24,0,21.95
L1-TA-4_HGD-1,hmojehgd-1,Cluster 12,0,312.53
L1-TA-4_HGD-1,hmojcobe-1,Cluster 4,0,86.65
L1-TA-4_HGD-1,hmnmjkka-1,Cluster 3,0,28.09
L1-TA-4_HGD-1,hmnemnon-1,Cluster 20,0,50.85
L1-TA-4_HGD-1,hmnekboa-1,Cluster 20,0,15.80
L1-TA-4_HGD-1,hmnoagbb-1,Cluster 21,0,49.40
L1-TA-4_HGD-1,hmofjlpk-1,Cluster 20,0,48.86
L1-TA-4_HGD-1,hmneplma-1,Cluster 3,0,30.53
L1-TA-4_HGD-1,hmofknng-1,Cluster 22,0,12.73
L1-TA-4_HGD-1,hmnnlpkp-1,Cluster 20,0,57.75
L1-TA-4_HGD-1,ofklbpkm-1,Cluster 22,0,20.18
L1-TA-4_HGD-1,hmofmakc-1,Cluster 22,0,28.13
L1-TA-4_HGD-1,hmofncib-1,Cluster 1,0,26.06
L1-TA-4_HGD-1,hmofogle-1,Cluster 9,0,22.31
L1-TA-4_HGD-1,ofkkolai-1,Cluster 14,0,11.97
L1-TA-4_HGD-1,hmnnlnan-1,Cluster 6,0,32.78
L1-TA-4_HGD-1,hmodbael-1,Cluster 3,0,61.64
L1-TA-4_HGD-1,hmodbgbh-1,Cluster 4,0,62.54
L1-TA-4_HGD-1,djbcifjl-1,Cluster 12,0,149.15
L1-TA-4_HGD-1,hmnfabbj-1,Cluster 6,0,44.66
L1-TA-4_HGD-1,hmnececg-1,Cluster 3,0,73.02
L1-TA-4_HGD-1,djbcigac-1,Cluster 12,0,184.37
L1-TA-4_HGD-1,hmogcdon-1,Cluster 6,0,44.93
L1-TA-4_HGD-1,djbcepbg-1,Cluster 4,0,83.90
L1-TA-4_HGD-1,hmofipde-1,Cluster 12,0,193.04
L1-TA-4_HGD-1,djbbpbgo-1,Cluster 4,0,217.43
L1-TA-4_HGD-1,hoiapajm-1,Cluster 14,0,7.23
L1-TA-4_HGD-1,hmofiiki-1,Cluster 4,0,10.30
L1-TA-4_HGD-1,hmndokfi-1,Cluster 3,0,55.05
L1-TA-4_HGD-1,hoiapngj-1,Cluster 14,0,8.94
L1-TA-4_HGD-1,hmnecjim-1,Cluster 3,0,40.96
L1-TA-4_HGD-1,djbcagkk-1,Cluster 12,0,191.60
L1-TA-4_HGD-1,hmofilnn-1,Cluster 12,0,100.88
L1-TA-4_HGD-1,hmneafpe-1,Cluster 3,0,43.94
L1-TA-4_HGD-1,hmodmnce-1,Cluster 4,0,186.99
L1-TA-4_HGD-1,djbdhmce-1,Cluster 4,0,81.37
L1-TA-4_HGD-1,djbdedmd-1,Cluster 12,0,86.43
L1-TA-4_HGD-1,hmofppee-1,Cluster 6,0,17.75
L1-TA-4_HGD-1,hmofplkk-1,Cluster 19,0,46.15
L1-TA-4_HGD-1,hmndkgbj-1,Cluster 3,0,15.35
L1-TA-4_HGD-1,hmngipoo-1,Cluster 20,0,42.18
L1-TA-4_HGD-1,hmngbjab-1,Cluster 6,0,49.76
L1-TA-4_HGD-1,hmnddhon-1,Cluster 10,0,38.97
L1-TA-4_HGD-1,hmngejpm-1,Cluster 15,0,40.32
L1-TA-4_HGD-1,hmndohef-1,Cluster 3,0,27.64
L1-TA-4_HGD-1,hmngicjn-1,Cluster 10,0,51.79
L1-TA-4_HGD-1,hmnnhmdh-1,Cluster 15,0,49.22
L1-TA-4_HGD-1,hmndmcek-1,Cluster 3,0,32.87
L1-TA-4_HGD-1,hmnfnjio-1,Cluster 9,0,18.11
L1-TA-4_HGD-1,hmnmpjod-1,Cluster 10,0,13.86
L1-TA-4_HGD-1,hoifippg-1,Cluster 3,0,40.55
L1-TA-4_HGD-1,hmnglmnb-1,Cluster 3,0,41.41
L1-TA-4_HGD-1,hmnnpook-1,Cluster 3,0,31.61
L1-TA-4_HGD-1,hmnenajb-1,Cluster 9,0,20.68
L1-TA-4_HGD-1,hmnocbnl-1,Cluster 9,0,9.30
L1-TA-4_HGD-1,hmnecpfh-1,Cluster 24,0,55.63
L1-TA-4_HGD-1,hmnfdiep-1,Cluster 3,0,28.81
L1-TA-4_HGD-1,hoifbpcb-1,Cluster 3,0,26.82
L1-TA-4_HGD-1,hoibpglb-1,Cluster 6,0,25.60
L1-TA-4_HGD-1,hoicgpli-1,Cluster 9,0,35.58
L1-TA-4_HGD-1,hohpggnj-1,Cluster 3,0,24.88
L1-TA-4_HGD-1,hohpegpa-1,Cluster 9,0,26.82
L1-TA-4_HGD-1,hoibhonc-1,Cluster 6,0,51.97
L1-TA-4_HGD-1,hohppebg-1,Cluster 6,0,58.34
L1-TA-4_HGD-1,hohpffgk-1,Cluster 6,0,31.65
L1-TA-4_HGD-1,djbdnkng-1,Cluster 15,0,32.87
L1-TA-4_HGD-1,hoiaolac-1,Cluster 6,0,81.28
L1-TA-4_HGD-1,hohppgji-1,Cluster 14,0,26.82
L1-TA-4_HGD-1,hmonlchn-1,Cluster 12,0,344.09
L1-TA-4_HGD-1,hoiannpi-1,Cluster 20,0,10.61
L1-TA-4_HGD-1,hohpphid-1,Cluster 9,0,27.05
L1-TA-4_HGD-1,hoibcpej-1,Cluster 1,0,37.12
L1-TA-4_HGD-1,hoiaeaef-1,Cluster 9,0,11.61
L1-TA-4_HGD-1,hoialabj-1,Cluster 19,0,22.08
L1-TA-4_HGD-1,hoianfoo-1,Cluster 19,0,22.89
L1-TA-4_HGD-1,ofklimlo-1,Cluster 14,0,68.37
L1-TA-4_HGD-1,hoiahmmc-1,Cluster 3,0,26.78
L1-TA-4_HGD-1,hoiaejol-1,Cluster 3,0,33.73
L1-TA-4_HGD-1,djbbklnl-1,Cluster 4,0,90.58
L1-TA-4_HGD-1,djbdlppp-1,Cluster 6,0,47.23
L1-TA-4_HGD-1,djbblbjo-1,Cluster 4,0,197.33
L1-TA-4_HGD-1,hoiagoij-1,Cluster 15,0,21.81
L1-TA-4_HGD-1,hoiajhja-1,Cluster 20,0,106.98
L1-TA-4_HGD-1,djbbkgfo-1,Cluster 4,0,115.15
L1-TA-4_HGD-1,hmolnbac-1,Cluster 3,0,131.99
L1-TA-4_HGD-1,hmomnpce-1,Cluster 4,0,90.13
L1-TA-4_HGD-1,hmonpaod-1,Cluster 4,0,137.95
L1-TA-4_HGD-1,ofkljomd-1,Cluster 14,0,43.35
L1-TA-4_HGD-1,hmonimfk-1,Cluster 4,0,172.86
L1-TA-4_HGD-1,hmogfalm-1,Cluster 12,0,241.90
L1-TA-4_HGD-1,hmofiheo-1,Cluster 12,0,79.70
L1-TA-4_HGD-1,djbdmkla-1,Cluster 6,0,35.27
L1-TA-4_HGD-1,hoiemanp-1,Cluster 6,0,69.54
L1-TA-4_HGD-1,hoifnnnl-1,Cluster 14,0,17.84
L1-TA-4_HGD-1,oflhfpad-1,Cluster 14,0,15.62
L1-TA-4_HGD-1,hoiffgin-1,Cluster 1,0,12.91
L1-TA-4_HGD-1,hoifjjko-1,Cluster 15,0,75.41
L1-TA-4_HGD-1,hoiefkdp-1,Cluster 3,0,17.57
L1-TA-4_HGD-1,hoienogd-1,Cluster 9,0,11.29
L1-TA-4_HGD-1,hoidaime-1,Cluster 15,0,23.44
L1-TA-4_HGD-1,hoiejiai-1,Cluster 10,0,68.41
L1-TA-4_HGD-1,hoieapkp-1,Cluster 3,0,45.34
L1-TA-4_HGD-1,hoiegdef-1,Cluster 10,0,61.91
L1-TA-4_HGD-1,hoiegnjh-1,Cluster 9,0,38.20
L1-TA-4_HGD-1,hoifkpag-1,Cluster 3,0,48.90
L1-TA-4_HGD-1,hoifgdjb-1,Cluster 3,0,32.51
L1-TA-4_HGD-1,hoideham-1,Cluster 3,0,29.22
L1-TA-4_HGD-1,hoieilhi-1,Cluster 9,0,13.41
L1-TA-4_HGD-1,djbbbkbb-1,Cluster 15,0,53.65
L1-TA-4_HGD-1,hoifefoe-1,Cluster 10,0,41.23
L1-TA-4_HGD-1,hoifeeed-1,Cluster 6,0,29.22
L1-TA-4_HGD-1,hoiehhif-1,Cluster 3,0,56.99
L1-TA-4_HGD-1,hmneidoo-1,Cluster 3,0,62.81
L1-TA-4_HGD-1,hoickpbk-1,Cluster 6,0,21.99
L1-TA-4_HGD-1,hoicllnd-1,Cluster 1,0,8.26
L1-TA-4_HGD-1,hoiclkhd-1,Cluster 3,0,92.30
L1-TA-4_HGD-1,hmoobeah-1,Cluster 5,0,190.83
L1-TA-4_HGD-1,hmogpaii-1,Cluster 12,0,126.48
L1-TA-4_HGD-1,hmojkhkn-1,Cluster 12,0,61.14
L1-TA-4_HGD-1,hmoiehdk-1,Cluster 12,0,133.39
L1-TA-4_HGD-1,hmoijgci-1,Cluster 12,0,50.44
L1-TA-4_HGD-1,hmojiphk-1,Cluster 4,0,205.73
L1-TA-4_HGD-1,hmoihemk-1,Cluster 12,0,129.10
L1-TA-4_HGD-1,hmojihjf-1,Cluster 12,0,122.60
L1-TA-4_HGD-1,hmnieefp-1,Cluster 2,0,57.71
L1-TA-4_HGD-1,hmnhploe-1,Cluster 12,0,31.70
L1-TA-4_HGD-1,hmnhmlbg-1,Cluster 12,0,78.39
L1-TA-4_HGD-1,hmnhnhpg-1,Cluster 4,0,147.84
L1-TA-4_HGD-1,hmnmbnhj-1,Cluster 9,0,52.11
L1-TA-4_HGD-1,hmnmhdkb-1,Cluster 6,0,61.46
L1-TA-4_HGD-1,hmnmcdjb-1,Cluster 6,0,52.88
L1-TA-4_HGD-1,hmnjebll-1,Cluster 14,0,11.88
L1-TA-4_HGD-1,hmniiibi-1,Cluster 4,0,125.76
L1-TA-4_HGD-1,hmnhhmbj-1,Cluster 12,0,80.20
L1-TA-4_HGD-1,hmnhiajd-1,Cluster 3,0,20.68
L1-TA-4_HGD-1,ofkklkdp-1,Cluster 1,0,47.96
L1-TA-4_HGD-1,hmnijcad-1,Cluster 4,0,37.93
L1-TA-4_HGD-1,hmnmhhpd-1,Cluster 14,0,10.70
L1-TA-4_HGD-1,hmnmhbnn-1,Cluster 6,0,43.58
L1-TA-4_HGD-1,hmnjjkmg-1,Cluster 9,0,50.80
L1-TA-4_HGD-1,hmnigbcl-1,Cluster 5,0,125.81
L1-TA-4_HGD-1,hmogdplb-1,Cluster 4,0,66.33
L1-TA-4_HGD-1,hmopecfh-1,Cluster 12,0,79.34
L1-TA-4_HGD-1,ofklkhfk-1,Cluster 14,0,8.40
L1-TA-4_HGD-1,hmogeoam-1,Cluster 12,0,149.29
L1-TA-4_HGD-1,djbbjmig-1,Cluster 4,0,199.73
L1-TA-4_HGD-1,hmogcijl-1,Cluster 4,0,288.73
L1-TA-4_HGD-1,hmogeabj-1,Cluster 5,0,95.42
L1-TA-4_HGD-1,hmompjdn-1,Cluster 12,0,160.40
L1-TA-4_HGD-1,hmoogdho-1,Cluster 12,0,137.59
L1-TA-4_HGD-1,hmoiacbf-1,Cluster 12,0,110.09
L1-TA-4_HGD-1,dileejfi-1,Cluster 4,0,184.82
L1-TA-4_HGD-1,hmogcjif-1,Cluster 4,0,57.57
L1-TA-4_HGD-1,hmonaeei-1,Cluster 4,0,12.51
L1-TA-4_HGD-1,hmooeeoj-1,Cluster 4,0,299.61
L1-TA-4_HGD-1,hmonigfd-1,Cluster 12,0,98.26
L1-TA-4_HGD-1,hmolaecg-1,Cluster 4,0,91.13
L1-TA-4_HGD-1,djbbghmp-1,Cluster 12,0,83.31
L1-TA-4_HGD-1,djbbkbnj-1,Cluster 12,0,157.69
L1-TA-4_HGD-1,djbbfloj-1,Cluster 12,0,254.14
L1-TA-4_HGD-1,hmoojene-1,Cluster 4,0,42.36
L1-TA-4_HGD-1,hmoohmna-1,Cluster 12,0,78.03
L1-TA-4_HGD-1,hmooggaj-1,Cluster 12,0,159.81
L1-TA-4_HGD-1,hmompabc-1,Cluster 12,0,66.65
L1-TA-4_HGD-1,hmoikkel-1,Cluster 4,0,96.09
L1-TA-4_HGD-1,hmoidcea-1,Cluster 12,0,103.68
L1-TA-4_HGD-1,hmoimjji-1,Cluster 4,0,27.77
L1-TA-4_HGD-1,hmoinenn-1,Cluster 4,0,240.23
L1-TA-4_HGD-1,hmohpmok-1,Cluster 12,0,56.40
L1-TA-4_HGD-1,hmohdopo-1,Cluster 2,0,52.29
L1-TA-4_HGD-1,hmoinmcm-1,Cluster 12,0,125.58
L1-TA-4_HGD-1,hmogndco-1,Cluster 4,0,68.68
L1-TA-4_HGD-1,hmojemda-1,Cluster 4,0,101.51
L1-TA-4_HGD-1,hmohbkah-1,Cluster 12,0,48.27
L1-TA-4_HGD-1,hmojngam-1,Cluster 4,0,112.21
L1-TA-4_HGD-1,hmnhpone-1,Cluster 5,0,41.91
L1-TA-4_HGD-1,hmnmmcjh-1,Cluster 5,0,167.35
L1-TA-4_HGD-1,hmnifmef-1,Cluster 4,0,120.03
L1-TA-4_HGD-1,hmnmllfp-1,Cluster 5,0,73.70
L1-TA-4_HGD-1,dildpfbi-1,Cluster 4,0,50.62
L1-TA-4_HGD-1,hmnidaho-1,Cluster 5,0,99.16
L1-TA-4_HGD-1,dildpbnk-1,Cluster 12,0,157.46
L1-TA-4_HGD-1,dilfdadd-1,Cluster 5,0,68.32
L1-TA-4_HGD-1,dilebmfn-1,Cluster 12,0,94.33
L1-TA-4_HGD-1,dilfcmfp-1,Cluster 5,0,50.03
L1-TA-4_HGD-1,dilefflj-1,Cluster 12,0,155.65
L1-TA-4_HGD-1,dilfdndp-1,Cluster 4,0,108.87
L1-TA-4_HGD-1,hmnmojoa-1,Cluster 5,0,31.11
L1-TA-4_HGD-1,hmniidna-1,Cluster 5,0,98.17
L1-TA-4_HGD-1,hmnicgbg-1,Cluster 5,0,33.05
L1-TA-4_HGD-1,dilfcgpe-1,Cluster 5,0,106.30
L1-TA-4_HGD-1,hmnhifkd-1,Cluster 4,0,51.70
L1-TA-4_HGD-1,hmnmmabe-1,Cluster 5,0,55.63
L1-TA-4_HGD-1,hmnhigpp-1,Cluster 4,0,32.29
L1-TA-4_HGD-1,hmmkapjk-1,Cluster 12,0,103.32
L1-TA-4_HGD-1,hmonecgf-1,Cluster 4,0,155.07
L1-TA-4_HGD-1,hmddokne-1,Cluster 4,0,368.11
L1-TA-4_HGD-1,hmogmifh-1,Cluster 12,0,111.90
L1-TA-4_HGD-1,hmoojlld-1,Cluster 4,0,299.88
L1-TA-4_HGD-1,hmogipdi-1,Cluster 4,0,129.96
L1-TA-4_HGD-1,hmopcbml-1,Cluster 4,0,177.78
L1-TA-4_HGD-1,djaailkk-1,Cluster 5,0,88.24
L1-TA-4_HGD-1,hmlomoip-1,Cluster 4,0,209.89
L1-TA-4_HGD-1,hmogmnjb-1,Cluster 4,0,147.80
L1-TA-4_HGD-1,djaajcoo-1,Cluster 12,0,176.74
L1-TA-4_HGD-1,ofjpbgmg-1,Cluster 4,0,186.13
L1-TA-4_HGD-1,hmopaphh-1,Cluster 4,0,103.05
L1-TA-4_HGD-1,hmopabhk-1,Cluster 12,0,136.73
L1-TA-4_HGD-1,hmmjpekh-1,Cluster 4,0,119.94
L1-TA-4_HGD-1,djaajfoh-1,Cluster 5,0,254.68
L1-TA-4_HGD-1,hmmjpjbd-1,Cluster 12,0,139.04
L1-TA-4_HGD-1,hmmmcngl-1,Cluster 4,0,260.37
L1-TA-4_HGD-1,hmmkccej-1,Cluster 12,0,69.45
L1-TA-4_HGD-1,hmmjpfkg-1,Cluster 12,0,52.52
L1-TA-4_HGD-1,dilefcpd-1,Cluster 5,0,238.11
L1-TA-4_HGD-1,hmmkdncb-1,Cluster 12,0,115.55
L1-TA-4_HGD-1,hmmjnome-1,Cluster 4,0,110.99
L1-TA-4_HGD-1,hmmkeccj-1,Cluster 5,0,209.21
L1-TA-4_HGD-1,hmmjdjin-1,Cluster 12,0,139.67
L1-TA-4_HGD-1,hmoiehml-1,Cluster 4,0,165.63
L1-TA-4_HGD-1,hmohbdgg-1,Cluster 4,0,192.19
L1-TA-4_HGD-1,hmmklhdg-1,Cluster 4,0,150.33
L1-TA-4_HGD-1,hmmjgmbd-1,Cluster 4,0,76.72
L1-TA-4_HGD-1,hmmkfhog-1,Cluster 12,0,109.64
L1-TA-4_HGD-1,hmmicnba-1,Cluster 4,0,100.88
L1-TA-4_HGD-1,hmohnhbo-1,Cluster 5,0,224.97
L1-TA-4_HGD-1,hmmkcgko-1,Cluster 4,0,268.23
L1-TA-4_HGD-1,hmoijlin-1,Cluster 4,0,397.56
L1-TA-4_HGD-1,hmpdbbpn-1,Cluster 3,0,76.09
L1-TA-4_HGD-1,hmpcgjpk-1,Cluster 3,0,73.42
L1-TA-4_HGD-1,hmpboblg-1,Cluster 16,0,90.72
L1-TA-4_HGD-1,hmpflfld-1,Cluster 14,0,10.66
L1-TA-4_HGD-1,hmpceiec-1,Cluster 3,0,56.40
L1-TA-4_HGD-1,hmpgaadk-1,Cluster 15,0,42.58
L1-TA-4_HGD-1,hmomkapl-1,Cluster 5,0,67.92
L1-TA-4_HGD-1,hmpcpekh-1,Cluster 6,0,28.58
L1-TA-4_HGD-1,hmpfoapa-1,Cluster 6,0,43.89
L1-TA-4_HGD-1,hmpcmlbg-1,Cluster 14,0,21.31
L1-TA-4_HGD-1,hmpfkgif-1,Cluster 3,0,62.41
L1-TA-4_HGD-1,hmolkjce-1,Cluster 4,0,259.78
L1-TA-4_HGD-1,hoidklkb-1,Cluster 6,0,36.85
L1-TA-4_HGD-1,djbdkglo-1,Cluster 4,0,71.30
L1-TA-4_HGD-1,hmolllgd-1,Cluster 5,0,64.48
L1-TA-4_HGD-1,hmpdcelo-1,Cluster 15,0,38.92
L1-TA-4_HGD-1,hmpbpina-1,Cluster 14,0,19.69
L1-TA-4_HGD-1,hoibdpcp-1,Cluster 4,0,119.66
L1-TA-4_HGD-1,hmolgpdi-1,Cluster 4,0,29.67
L1-TA-4_HGD-1,hoicgedg-1,Cluster 19,0,49.76
L1-TA-4_HGD-1,hmpcemol-1,Cluster 6,0,35.04
L1-TA-4_HGD-1,hoibieeb-1,Cluster 5,0,137.77
L1-TA-4_HGD-1,hmpfpmdf-1,Cluster 6,0,31.20
L1-TA-4_HGD-1,hoicgnmn-1,Cluster 14,0,18.65
L1-TA-4_HGD-1,hoibnmdc-1,Cluster 6,0,42.63
L1-TA-4_HGD-1,hmpcgkpf-1,Cluster 6,0,26.78
L1-TA-4_HGD-1,hoicdbee-1,Cluster 6,0,40.10
L1-TA-4_HGD-1,hoidpapa-1,Cluster 6,0,52.11
L1-TA-4_HGD-1,hoidmndi-1,Cluster 3,0,79.93
L1-TA-4_HGD-1,hmomljkk-1,Cluster 5,0,72.07
L1-TA-4_HGD-1,djbebpep-1,Cluster 5,0,168.75
L1-TA-4_HGD-1,hmoodlgm-1,Cluster 5,0,157.82
L1-TA-4_HGD-1,hmomcfih-1,Cluster 4,0,187.49
L1-TA-4_HGD-1,hmommcmf-1,Cluster 12,0,32.42
L1-TA-4_HGD-1,djbeedaf-1,Cluster 12,0,90.54
L1-TA-4_HGD-1,hmomgapj-1,Cluster 5,0,117.50
L1-TA-4_HGD-1,hmopdojj-1,Cluster 12,0,231.29
L1-TA-4_HGD-1,hoiclnjg-1,Cluster 6,0,45.34
L1-TA-4_HGD-1,hoicncod-1,Cluster 3,0,30.03
L1-TA-4_HGD-1,hmpeojne-1,Cluster 10,0,88.46
L1-TA-4_HGD-1,hmpgligp-1,Cluster 6,0,18.24
L1-TA-4_HGD-1,hmpaioom-1,Cluster 14,0,22.58
L1-TA-4_HGD-1,hmpaiokl-1,Cluster 3,0,28.04
L1-TA-4_HGD-1,hmpaffia-1,Cluster 3,0,25.33
L1-TA-4_HGD-1,hmpffcgp-1,Cluster 6,0,20.68
L1-TA-4_HGD-1,hmpenjca-1,Cluster 19,0,78.89
L1-TA-4_HGD-1,hmpgbngo-1,Cluster 3,0,51.70
L1-TA-4_HGD-1,hmpfcbko-1,Cluster 6,0,39.38
L1-TA-4_HGD-1,hoidaonp-1,Cluster 3,0,25.51
L1-TA-4_HGD-1,hoidbgkd-1,Cluster 15,0,32.92
L1-TA-4_HGD-1,hmpafeom-1,Cluster 3,0,32.78
L1-TA-4_HGD-1,hoidfbeo-1,Cluster 6,0,55.86
L1-TA-4_HGD-1,hmpgmgcd-1,Cluster 6,0,5.28
L1-TA-4_HGD-1,hmpgkllg-1,Cluster 16,0,38.43
L1-TA-4_HGD-1,hmpepnah-1,Cluster 3,0,47.41
L1-TA-4_HGD-1,hmpfkbdb-1,Cluster 15,0,36.22
L1-TA-4_HGD-1,hmpfgfoc-1,Cluster 19,0,43.98
L1-TA-4_HGD-1,hmpfkdfe-1,Cluster 20,0,112.85
L1-TA-4_HGD-1,hmpfgdcm-1,Cluster 9,0,28.13
L1-TA-4_HGD-1,hmpgaenh-1,Cluster 19,0,21.00
L1-TA-4_HGD-1,hoidogig-1,Cluster 9,0,34.36
L1-TA-4_HGD-1,hmpgbfoi-1,Cluster 19,0,14.04
L1-TA-4_HGD-1,hmpgblgl-1,Cluster 10,0,21.77
L1-TA-4_HGD-1,hmpgaeom-1,Cluster 3,0,38.34
L1-TA-4_HGD-1,ofjpahlh-1,Cluster 6,0,65.39
L1-TA-4_HGD-1,hmpdlbfp-1,Cluster 3,0,19.82
L1-TA-4_HGD-1,ofkllmhj-1,Cluster 6,0,16.66
L1-TA-4_HGD-1,ofjolcaj-1,Cluster 22,0,28.63
L1-TA-4_HGD-1,ofkahhpm-1,Cluster 14,0,30.21
L1-TA-4_HGD-1,ofjpgoho-1,Cluster 6,0,18.56
L1-TA-4_HGD-1,ofjplgip-1,Cluster 14,0,24.29
L1-TA-4_HGD-1,ofjpclnl-1,Cluster 1,0,23.03
L1-TA-4_HGD-1,hmddjffa-1,Cluster 20,0,37.93
L1-TA-4_HGD-1,djaamphf-1,Cluster 4,0,280.60
L1-TA-4_HGD-1,hmpdfmbp-1,Cluster 6,0,36.85
L1-TA-4_HGD-1,ofjpjcpb-1,Cluster 14,0,30.21
L1-TA-4_HGD-1,djaaoiko-1,Cluster 4,0,120.79
L1-TA-4_HGD-1,hmpdekje-1,Cluster 22,0,22.40
L1-TA-4_HGD-1,hmddkldk-1,Cluster 6,0,68.50
L1-TA-4_HGD-1,hmddgoml-1,Cluster 6,0,41.59
L1-TA-4_HGD-1,hmlomohm-1,Cluster 4,0,218.24
L1-TA-4_HGD-1,hmomdemc-1,Cluster 12,0,60.60
L1-TA-4_HGD-1,hmolhomk-1,Cluster 4,0,52.43
L1-TA-4_HGD-1,hmlpbdfc-1,Cluster 4,0,145.36
L1-TA-4_HGD-1,hmomfajl-1,Cluster 4,0,36.67
L1-TA-4_HGD-1,hmdedcid-1,Cluster 2,0,45.38
L1-TA-4_HGD-1,djaanpcd-1,Cluster 12,0,126.84
L1-TA-4_HGD-1,hmlpmppf-1,Cluster 5,0,14.63
L1-TA-4_HGD-1,hmdecccp-1,Cluster 5,0,172.23
L1-TA-4_HGD-1,djaahpdl-1,Cluster 4,0,115.33
L1-TA-4_HGD-1,hmolhpli-1,Cluster 12,0,112.39
L1-TA-4_HGD-1,hmddoend-1,Cluster 12,0,66.38
L1-TA-4_HGD-1,hmomidli-1,Cluster 18,0,17.75
L1-TA-4_HGD-1,hmdefejm-1,Cluster 4,0,69.95
L1-TA-4_HGD-1,hmolleac-1,Cluster 4,0,91.80
L1-TA-4_HGD-1,hmomciob-1,Cluster 5,0,159.04
L1-TA-4_HGD-1,hmlpainn-1,Cluster 5,0,91.58
L1-TA-4_HGD-1,djaccolf-1,Cluster 12,0,117.36
L1-TA-4_HGD-1,djaaklgc-1,Cluster 5,0,108.96
L1-TA-4_HGD-1,hmddagep-1,Cluster 3,0,40.01
L1-TA-4_HGD-1,hmpaibbp-1,Cluster 3,0,32.51
L1-TA-4_HGD-1,hmdlejjf-1,Cluster 3,0,52.02
L1-TA-4_HGD-1,hmdehkoe-1,Cluster 3,0,48.54
L1-TA-4_HGD-1,hmddeiog-1,Cluster 24,0,23.17
L1-TA-4_HGD-1,hmdddeoi-1,Cluster 10,0,39.51
L1-TA-4_HGD-1,hmdddbab-1,Cluster 3,0,65.25
L1-TA-4_HGD-1,djabfdjp-1,Cluster 15,0,53.47
L1-TA-4_HGD-1,hmpecjnm-1,Cluster 15,0,16.75
L1-TA-4_HGD-1,hmdocdbm-1,Cluster 3,0,130.77
L1-TA-4_HGD-1,hmdlfnll-1,Cluster 24,0,26.91
L1-TA-4_HGD-1,hmpedhcn-1,Cluster 19,0,26.51
L1-TA-4_HGD-1,hmdcpjpg-1,Cluster 15,0,28.85
L1-TA-4_HGD-1,hmdlgeli-1,Cluster 20,0,61.23
L1-TA-4_HGD-1,hmpemlkp-1,Cluster 9,0,19.69
L1-TA-4_HGD-1,hmpebfkf-1,Cluster 20,0,54.14
L1-TA-4_HGD-1,hmpdopln-1,Cluster 19,0,56.94
L1-TA-4_HGD-1,hmpelman-1,Cluster 1,0,17.29
L1-TA-4_HGD-1,djabaijf-1,Cluster 15,0,51.61
L1-TA-4_HGD-1,hmpekibd-1,Cluster 16,0,34.82
L1-TA-4_HGD-1,hmddaboc-1,Cluster 16,0,68.01
L1-TA-4_HGD-1,hmpeaene-1,Cluster 19,0,39.60
L1-TA-4_HGD-1,hmdcongf-1,Cluster 15,0,33.19
L1-TA-4_HGD-1,hmpejibk-1,Cluster 6,0,24.84
L1-TA-4_HGD-1,hmpeakfa-1,Cluster 20,0,78.80
L1-TA-4_HGD-1,hmddmlad-1,Cluster 20,0,21.45
L1-TA-4_HGD-1,hmddmldp-1,Cluster 16,0,95.37
L1-TA-4_HGD-1,djabamfm-1,Cluster 16,0,75.28
L1-TA-4_HGD-1,hmpdlfcd-1,Cluster 6,0,16.44
L1-TA-4_HGD-1,hmpdnijh-1,Cluster 3,0,37.80
L1-TA-4_HGD-1,hmddianh-1,Cluster 6,0,26.28
L1-TA-4_HGD-1,hmpdomdd-1,Cluster 6,0,19.42
L1-TA-4_HGD-1,hmpdcggc-1,Cluster 6,0,36.58
L1-TA-4_HGD-1,hmjnjkon-1,Cluster 14,0,20.05
L1-TA-4_HGD-1,hmkgmmjb-1,Cluster 12,0,170.06
L1-TA-4_HGD-1,djadbfmd-1,Cluster 4,0,107.20
L1-TA-4_HGD-1,hmmhchoc-1,Cluster 3,0,112.35
L1-TA-4_HGD-1,hmmglokh-1,Cluster 3,0,87.96
L1-TA-4_HGD-1,hmmhnapj-1,Cluster 4,0,33.91
L1-TA-4_HGD-1,hmmhmkll-1,Cluster 5,0,91.62
L1-TA-4_HGD-1,hmmhlgin-1,Cluster 12,0,63.90
L1-TA-4_HGD-1,hmmhjimj-1,Cluster 3,0,94.69
L1-TA-4_HGD-1,hmmhaenh-1,Cluster 3,0,23.30
L1-TA-4_HGD-1,hmmhdohg-1,Cluster 3,0,31.84
L1-TA-4_HGD-1,hmmgogpm-1,Cluster 3,0,21.40
L1-TA-4_HGD-1,hmmigdin-1,Cluster 5,0,142.60
L1-TA-4_HGD-1,hmmgkgpi-1,Cluster 3,0,32.38
L1-TA-4_HGD-1,hmmhedif-1,Cluster 9,0,21.90
L1-TA-4_HGD-1,hmmhoabm-1,Cluster 5,0,57.17
L1-TA-4_HGD-1,hmmhjpkl-1,Cluster 5,0,136.78
L1-TA-4_HGD-1,hmmhjmgp-1,Cluster 12,0,280.28
L1-TA-4_HGD-1,hmmhgdpg-1,Cluster 3,0,23.62
L1-TA-4_HGD-1,hmmjbebo-1,Cluster 12,0,17.11
L1-TA-4_HGD-1,hmmjaned-1,Cluster 12,0,97.72
L1-TA-4_HGD-1,hmmhkggk-1,Cluster 5,0,59.56
L1-TA-4_HGD-1,hmmihagd-1,Cluster 12,0,194.35
L1-TA-4_HGD-1,hmmgolcd-1,Cluster 4,0,19.19
L1-TA-4_HGD-1,hmmiffdn-1,Cluster 12,0,46.38
L1-TA-4_HGD-1,hmmngbjj-1,Cluster 5,0,122.87
L1-TA-4_HGD-1,djacejcc-1,Cluster 12,0,205.51
L1-TA-4_HGD-1,hmnbgepi-1,Cluster 4,0,50.35
L1-TA-4_HGD-1,djacfmng-1,Cluster 4,0,272.74
L1-TA-4_HGD-1,hmmmmgbl-1,Cluster 12,0,65.21
L1-TA-4_HGD-1,hmmmkgga-1,Cluster 4,0,95.14
L1-TA-4_HGD-1,hmdglkfd-1,Cluster 4,0,59.92
L1-TA-4_HGD-1,hmmminna-1,Cluster 12,0,84.94
L1-TA-4_HGD-1,hmmmgkoh-1,Cluster 4,0,128.38
L1-TA-4_HGD-1,hmmlobij-1,Cluster 4,0,219.19
L1-TA-4_HGD-1,hmdiihpo-1,Cluster 4,0,116.77
L1-TA-4_HGD-1,hmmmkgff-1,Cluster 12,0,121.06
L1-TA-4_HGD-1,hmmmjkeg-1,Cluster 12,0,140.48
L1-TA-4_HGD-1,hmmlponk-1,Cluster 4,0,123.01
L1-TA-4_HGD-1,hmmmiidl-1,Cluster 12,0,44.61
L1-TA-4_HGD-1,hmmmhdgn-1,Cluster 4,0,121.24
L1-TA-4_HGD-1,hmmmpnco-1,Cluster 4,0,70.58
L1-TA-4_HGD-1,hmmlhghe-1,Cluster 4,0,41.68
L1-TA-4_HGD-1,hmmlgkjo-1,Cluster 4,0,59.61
L1-TA-4_HGD-1,hmdgmlig-1,Cluster 4,0,194.22
L1-TA-4_HGD-1,hmdhaocc-1,Cluster 4,0,321.06
L1-TA-4_HGD-1,hmmncgoa-1,Cluster 7,0,25.20
L1-TA-4_HGD-1,hmmnelhk-1,Cluster 5,0,151.45
L1-TA-4_HGD-1,hmmlaoeb-1,Cluster 12,0,141.29
L1-TA-4_HGD-1,hmdikklk-1,Cluster 4,0,194.31
L1-TA-4_HGD-1,djacehhf-1,Cluster 4,0,149.74
L1-TA-4_HGD-1,hmmkmlgj-1,Cluster 4,0,54.41
L1-TA-4_HGD-1,djadgghk-1,Cluster 12,0,140.71
L1-TA-4_HGD-1,hmmnfmkm-1,Cluster 4,0,68.32
L1-TA-4_HGD-1,hmmllpoa-1,Cluster 12,0,218.60
L1-TA-4_HGD-1,hmmkpekb-1,Cluster 4,0,308.78
L1-TA-4_HGD-1,hmmlmmdk-1,Cluster 4,0,117.63
L1-TA-4_HGD-1,hmmkniod-1,Cluster 4,0,177.60
L1-TA-4_HGD-1,hmmhkhfn-1,Cluster 5,0,113.48
L1-TA-4_HGD-1,hmnanihd-1,Cluster 12,0,104.49
L1-TA-4_HGD-1,hmnaignl-1,Cluster 4,0,71.89
L1-TA-4_HGD-1,hmnakbmn-1,Cluster 4,0,63.99
L1-TA-4_HGD-1,hmnajbem-1,Cluster 4,0,137.91
L1-TA-4_HGD-1,hmmgkgpa-1,Cluster 3,0,33.24
L1-TA-4_HGD-1,hmnbajab-1,Cluster 4,0,17.70
L1-TA-4_HGD-1,hmnapmpj-1,Cluster 4,0,43.76
L1-TA-4_HGD-1,hmnbaoej-1,Cluster 12,0,53.92
L1-TA-4_HGD-1,hmnbcmfl-1,Cluster 4,0,106.34
L1-TA-4_HGD-1,hmnbbplg-1,Cluster 12,0,87.69
L1-TA-4_HGD-1,hmnbdhio-1,Cluster 4,0,41.36
L1-TA-4_HGD-1,hmncfdii-1,Cluster 4,0,74.24
L1-TA-4_HGD-1,hmnbhedf-1,Cluster 4,0,31.20
L1-TA-4_HGD-1,hmkkdllo-1,Cluster 4,0,376.60
L1-TA-4_HGD-1,hmkkjboe-1,Cluster 12,0,220.90
L1-TA-4_HGD-1,hmncidjp-1,Cluster 4,0,114.34
L1-TA-4_HGD-1,hmkkjfkf-1,Cluster 5,0,75.32
L1-TA-4_HGD-1,hmnchpil-1,Cluster 4,0,70.90
L1-TA-4_HGD-1,hmdimnik-1,Cluster 4,0,155.16
L1-TA-4_HGD-1,hmnbfocn-1,Cluster 4,0,56.26
L1-TA-4_HGD-1,hmncadag-1,Cluster 5,0,152.22
L1-TA-4_HGD-1,hmmokdka-1,Cluster 4,0,96.00
L1-TA-4_HGD-1,hmncapbo-1,Cluster 4,0,140.35
L1-TA-4_HGD-1,hmmnphpc-1,Cluster 2,0,29.13
L1-TA-4_HGD-1,hmdjbein-1,Cluster 4,0,146.76
L1-TA-4_HGD-1,hmmobelj-1,Cluster 12,0,58.52
L1-TA-4_HGD-1,hmkjjjdi-1,Cluster 4,0,33.69
L1-TA-4_HGD-1,hmmoabao-1,Cluster 4,0,40.14
L1-TA-4_HGD-1,hmmolbal-1,Cluster 4,0,94.06
L1-TA-4_HGD-1,hmmockkc-1,Cluster 12,0,89.36
L1-TA-4_HGD-1,hmmoipgo-1,Cluster 4,0,236.17
L1-TA-4_HGD-1,hmkjjgph-1,Cluster 12,0,119.89
L1-TA-4_HGD-1,hmmofldd-1,Cluster 4,0,138.77
L1-TA-4_HGD-1,hmnbhnhk-1,Cluster 4,0,64.35
L1-TA-4_HGD-1,hmmojedh-1,Cluster 4,0,38.61
L1-TA-4_HGD-1,hmncjjdc-1,Cluster 12,0,104.67
L1-TA-4_HGD-1,hmncbbfd-1,Cluster 4,0,50.17
L1-TA-4_HGD-1,hmdjakon-1,Cluster 4,0,300.29
L1-TA-4_HGD-1,hmnbebog-1,Cluster 12,0,74.24
L1-TA-4_HGD-1,hmnbloch-1,Cluster 4,0,64.84
L1-TA-4_HGD-1,hmncafbk-1,Cluster 4,0,160.26
L1-TA-4_HGD-1,hmnbllfo-1,Cluster 12,0,105.94
L1-TA-4_HGD-1,hmnbibdh-1,Cluster 4,0,71.44
L1-TA-4_HGD-1,hmnchlio-1,Cluster 4,0,57.48
L1-TA-4_HGD-1,hmnaiphp-1,Cluster 4,0,161.03
L1-TA-4_HGD-1,hmdibnln-1,Cluster 6,0,16.80
L1-TA-4_HGD-1,hmdgijbo-1,Cluster 3,0,61.55
L1-TA-4_HGD-1,hmdekjlf-1,Cluster 3,0,51.52
L1-TA-4_HGD-1,ofjpncop-1,Cluster 22,0,13.10
L1-TA-4_HGD-1,hmdgenoj-1,Cluster 3,0,25.92
L1-TA-4_HGD-1,ofkaenga-1,Cluster 14,0,40.46
L1-TA-4_HGD-1,ofkaohgl-1,Cluster 9,0,52.70
L1-TA-4_HGD-1,hmdgbocb-1,Cluster 6,0,17.43
L1-TA-4_HGD-1,djadjkdj-1,Cluster 15,0,71.21
L1-TA-4_HGD-1,hmdfpkkd-1,Cluster 15,0,37.75
L1-TA-4_HGD-1,ofkagclb-1,Cluster 22,0,26.33
L1-TA-4_HGD-1,hmdgenih-1,Cluster 24,0,25.15
L1-TA-4_HGD-1,hmdfpgce-1,Cluster 15,0,42.67
L1-TA-4_HGD-1,hmdhhkng-1,Cluster 4,0,206.91
L1-TA-4_HGD-1,hmdhdkeb-1,Cluster 4,0,81.87
L1-TA-4_HGD-1,hmdhfpph-1,Cluster 4,0,39.33
L1-TA-4_HGD-1,hmdheaol-1,Cluster 4,0,88.15
L1-TA-4_HGD-1,hmdfhhbb-1,Cluster 12,0,176.11
L1-TA-4_HGD-1,hmdflicc-1,Cluster 4,0,75.14
L1-TA-4_HGD-1,hmdfliao-1,Cluster 12,0,62.45
L1-TA-4_HGD-1,hmdflcci-1,Cluster 12,0,34.05
L1-TA-4_HGD-1,hmdfjhoa-1,Cluster 12,0,208.71
L1-TA-4_HGD-1,hmdhkghb-1,Cluster 4,0,99.71
L1-TA-4_HGD-1,djackdkc-1,Cluster 5,0,140.39
L1-TA-4_HGD-1,ofkagomh-1,Cluster 14,0,56.54
L1-TA-4_HGD-1,hmdfimai-1,Cluster 12,0,48.09
L1-TA-4_HGD-1,hmdenmmd-1,Cluster 4,0,20.82
L1-TA-4_HGD-1,hmdemhkc-1,Cluster 12,0,65.61
L1-TA-4_HGD-1,hmdffibn-1,Cluster 12,0,66.29
L1-TA-4_HGD-1,hmdenifa-1,Cluster 4,0,29.58
L1-TA-4_HGD-1,hmdhgiin-1,Cluster 7,0,48.81
L1-TA-4_HGD-1,hmdjkbjc-1,Cluster 4,0,135.42
L1-TA-4_HGD-1,djabkmni-1,Cluster 4,0,261.05
L1-TA-4_HGD-1,djabliok-1,Cluster 4,0,90.27
L1-TA-4_HGD-1,hmdjohnc-1,Cluster 4,0,184.96
L1-TA-4_HGD-1,djaccljm-1,Cluster 4,0,321.47
L1-TA-4_HGD-1,hmdhkeeb-1,Cluster 12,0,178.10
L1-TA-4_HGD-1,hmdoiapp-1,Cluster 9,0,41.14
L1-TA-4_HGD-1,hmebdppi-1,Cluster 3,0,62.18
L1-TA-4_HGD-1,hmdnnegd-1,Cluster 6,0,46.15
L1-TA-4_HGD-1,hmdpficf-1,Cluster 6,0,69.50
L1-TA-4_HGD-1,djadkkee-1,Cluster 15,0,49.49
L1-TA-4_HGD-1,hmdeifjc-1,Cluster 6,0,32.74
L1-TA-4_HGD-1,ofkbhodc-1,Cluster 14,0,7.04
L1-TA-4_HGD-1,ofkacicl-1,Cluster 14,0,5.92
L1-TA-4_HGD-1,hmdfolmb-1,Cluster 14,0,20.23
L1-TA-4_HGD-1,hmebnmga-1,Cluster 24,0,52.56
L1-TA-4_HGD-1,hmdpecde-1,Cluster 6,0,51.75
L1-TA-4_HGD-1,hmdpdhbk-1,Cluster 15,0,26.55
L1-TA-4_HGD-1,hmdnjjdb-1,Cluster 6,0,45.43
L1-TA-4_HGD-1,hmdpgmgh-1,Cluster 15,0,66.02
L1-TA-4_HGD-1,hmecddjn-1,Cluster 16,0,18.88
L1-TA-4_HGD-1,hmdnigkj-1,Cluster 14,0,13.50
L1-TA-4_HGD-1,hmdogpjb-1,Cluster 6,0,36.94
L1-TA-4_HGD-1,hmdfmbbe-1,Cluster 14,0,7.18
L1-TA-4_HGD-1,hmdnikkf-1,Cluster 20,0,106.34
L1-TA-4_HGD-1,hmdojlin-1,Cluster 6,0,48.18
L1-TA-4_HGD-1,djadjjkl-1,Cluster 6,0,100.02
L1-TA-4_HGD-1,ofjpmjep-1,Cluster 14,0,14.95
L1-TA-4_HGD-1,hmdoccpc-1,Cluster 14,0,7.99
L1-TA-4_HGD-1,hmdhpajp-1,Cluster 6,0,41.27
L1-TA-4_HGD-1,hmdpedlo-1,Cluster 6,0,38.29
L1-TA-4_HGD-1,hmdfpaci-1,Cluster 9,0,33.42
L1-TA-4_HGD-1,hmdglfjd-1,Cluster 6,0,44.07
L1-TA-4_HGD-1,hmdghmem-1,Cluster 24,0,17.48
L1-TA-4_HGD-1,ofkahopg-1,Cluster 14,0,35.76
L1-TA-4_HGD-1,hmdghpok-1,Cluster 6,0,33.87
L1-TA-4_HGD-1,hmecfohb-1,Cluster 6,0,48.90
L1-TA-4_HGD-1,hmdpblpb-1,Cluster 15,0,31.11
L1-TA-4_HGD-1,hmdibcce-1,Cluster 6,0,33.96
L1-TA-4_HGD-1,hmdejlap-1,Cluster 9,0,36.76
L1-TA-4_HGD-1,hmkpeofc-1,Cluster 14,0,16.44
L1-TA-4_HGD-1,hmdjdjjb-1,Cluster 4,0,73.56
L1-TA-4_HGD-1,hmdkgkja-1,Cluster 4,0,37.84
L1-TA-4_HGD-1,hmdiibfh-1,Cluster 4,0,37.62
L1-TA-4_HGD-1,hmdihkph-1,Cluster 4,0,182.12
L1-TA-4_HGD-1,djadbomm-1,Cluster 4,0,116.46
L1-TA-4_HGD-1,hmdkcjdp-1,Cluster 4,0,32.15
L1-TA-4_HGD-1,hmdjcakh-1,Cluster 5,0,235.76
L1-TA-4_HGD-1,hmdkcjeo-1,Cluster 7,0,14.31
L1-TA-4_HGD-1,hmdigncc-1,Cluster 6,0,15.67
L1-TA-4_HGD-1,hmkghlgl-1,Cluster 4,0,74.01
L1-TA-4_HGD-1,hmdkclnl-1,Cluster 12,0,157.23
L1-TA-4_HGD-1,hmdkelef-1,Cluster 6,0,58.70
L1-TA-4_HGD-1,djadhifm-1,Cluster 12,0,165.68
L1-TA-4_HGD-1,djahjppo-1,Cluster 12,0,127.66
L1-TA-4_HGD-1,hmdihceh-1,Cluster 6,0,101.74
L1-TA-4_HGD-1,hmdkheck-1,Cluster 14,0,24.16
L1-TA-4_HGD-1,djademii-1,Cluster 4,0,195.39
L1-TA-4_HGD-1,hmdjpooo-1,Cluster 4,0,78.44
L1-TA-4_HGD-1,djadeinm-1,Cluster 12,0,99.89
L1-TA-4_HGD-1,hmdjlpoo-1,Cluster 4,0,117.45
L1-TA-4_HGD-1,hmkonmhe-1,Cluster 4,0,34.54
L1-TA-4_HGD-1,hmkpcehk-1,Cluster 7,0,30.93
L1-TA-4_HGD-1,hmdigaja-1,Cluster 14,0,23.75
L1-TA-4_HGD-1,djadhdnk-1,Cluster 12,0,252.06
L1-TA-4_HGD-1,djadgebl-1,Cluster 12,0,92.39
L1-TA-4_HGD-1,hmkginda-1,Cluster 4,0,23.75
L1-TA-4_HGD-1,ofkbcdme-1,Cluster 14,0,9.93
L1-TA-4_HGD-1,hmkpblom-1,Cluster 4,0,175.52
L1-TA-4_HGD-1,ofkbcghp-1,Cluster 14,0,11.33
L1-TA-4_HGD-1,hmdkalpn-1,Cluster 12,0,103.45
L1-TA-4_HGD-1,ofkaplnj-1,Unassigned,0,26.42
L1-TA-4_HGD-1,hmkgkhfj-1,Cluster 7,0,15.13
L1-TA-4_HGD-1,hmkgabnd-1,Cluster 12,0,119.30
L1-TA-4_HGD-1,hmkhdcga-1,Cluster 4,0,86.25
L1-TA-4_HGD-1,hmcgpjjl-1,Cluster 22,0,38.34
L1-TA-4_HGD-1,hmefiaeo-1,Cluster 20,0,53.96
L1-TA-4_HGD-1,hmeffhoe-1,Cluster 3,0,96.54
L1-TA-4_HGD-1,ofjnfdob-1,Cluster 14,0,6.46
L1-TA-4_HGD-1,hmefkdnl-1,Cluster 6,0,59.97
L1-TA-4_HGD-1,hmchembb-1,Cluster 6,0,85.89
L1-TA-4_HGD-1,hmcgpeak-1,Cluster 15,0,41.95
L1-TA-4_HGD-1,hmchdkcm-1,Cluster 15,0,27.23
L1-TA-4_HGD-1,hmefipaa-1,Cluster 6,0,39.42
L1-TA-4_HGD-1,hmdomehi-1,Cluster 1,0,34.54
L1-TA-4_HGD-1,hmdhlonh-1,Cluster 14,0,21.58
L1-TA-4_HGD-1,ofjnindh-1,Cluster 22,0,17.48
L1-TA-4_HGD-1,hmdolfkc-1,Cluster 14,0,11.24
L1-TA-4_HGD-1,hmchmkia-1,Cluster 22,0,18.65
L1-TA-4_HGD-1,hmdpanpf-1,Cluster 3,0,56.72
L1-TA-4_HGD-1,djaebido-1,Cluster 11,0,46.33
L1-TA-4_HGD-1,hmchhdfg-1,Cluster 14,0,13.41
L1-TA-4_HGD-1,ofjnlamm-1,Cluster 22,0,19.73
L1-TA-4_HGD-1,djadoken-1,Cluster 6,0,82.27
L1-TA-4_HGD-1,hmdihepp-1,Cluster 9,0,25.74
L1-TA-4_HGD-1,ofkilcdp-1,Cluster 22,0,51.57
L1-TA-4_HGD-1,hmdhkkdp-1,Cluster 14,0,18.65
L1-TA-4_HGD-1,ofkamckd-1,Cluster 14,0,13.01
L1-TA-4_HGD-1,hmdpdpln-1,Cluster 1,0,30.62
L1-TA-4_HGD-1,ofkaneba-1,Cluster 14,0,8.62
L1-TA-4_HGD-1,djadoanl-1,Cluster 15,0,59.74
L1-TA-4_HGD-1,djadodgj-1,Cluster 15,0,59.47
L1-TA-4_HGD-1,ofjnlafe-1,Cluster 1,0,23.39
L1-TA-4_HGD-1,hmchmfgk-1,Cluster 6,0,31.74
L1-TA-4_HGD-1,ofkiliid-1,Cluster 14,0,12.10
L1-TA-4_HGD-1,hmchijio-1,Cluster 14,0,13.86
L1-TA-4_HGD-1,ofkajhan-1,Cluster 22,0,35.85
L1-TA-4_HGD-1,ofkaidbi-1,Cluster 14,0,9.39
L1-TA-4_HGD-1,ofkilpcf-1,Cluster 14,0,16.08
L1-TA-4_HGD-1,hmkhieji-1,Cluster 4,0,77.44
L1-TA-4_HGD-1,hmknhadi-1,Cluster 3,0,200.22
L1-TA-4_HGD-1,hmkmijog-1,Cluster 3,0,129.73
L1-TA-4_HGD-1,hmkmlfpn-1,Cluster 3,0,22.98
L1-TA-4_HGD-1,hmkmpbfh-1,Cluster 3,0,94.60
L1-TA-4_HGD-1,hmkmldel-1,Cluster 3,0,39.83
L1-TA-4_HGD-1,hmkmjbil-1,Cluster 3,0,64.26
L1-TA-4_HGD-1,hmkkdcbd-1,Cluster 4,0,120.30
L1-TA-4_HGD-1,hmkhhene-1,Cluster 4,0,99.39
L1-TA-4_HGD-1,hmkplhcp-1,Cluster 25,0,52.56
L1-TA-4_HGD-1,hmkplfbk-1,Cluster 7,0,22.67
L1-TA-4_HGD-1,hmkmhohm-1,Cluster 5,0,106.39
L1-TA-4_HGD-1,hmkmhmpl-1,Cluster 5,0,51.52
L1-TA-4_HGD-1,hmkmccjb-1,Cluster 16,0,79.16
L1-TA-4_HGD-1,hmkochae-1,Cluster 4,0,179.86
L1-TA-4_HGD-1,hmkmbole-1,Cluster 12,0,102.37
L1-TA-4_HGD-1,hmkppeao-1,Cluster 4,0,62.18
L1-TA-4_HGD-1,djadanii-1,Cluster 4,0,198.55
L1-TA-4_HGD-1,hmkheaij-1,Cluster 4,0,50.62
L1-TA-4_HGD-1,hmkhgnlm-1,Cluster 12,0,101.06
L1-TA-4_HGD-1,hmkhgmln-1,Cluster 12,0,80.20
L1-TA-4_HGD-1,hmknfaif-1,Cluster 4,0,57.03
L1-TA-4_HGD-1,hmklobee-1,Cluster 4,0,26.01
L1-TA-4_HGD-1,hmkngccb-1,Cluster 4,0,33.05
L1-TA-4_HGD-1,hmkoaboo-1,Cluster 12,0,60.74
L1-TA-4_HGD-1,hmknbacm-1,Cluster 12,0,50.35
L1-TA-4_HGD-1,hmkngika-1,Cluster 12,0,147.16
L1-TA-4_HGD-1,hmknjmog-1,Cluster 12,0,64.39
L1-TA-4_HGD-1,hmkmchfc-1,Cluster 5,0,113.84
L1-TA-4_HGD-1,djahhhcl-1,Cluster 12,0,78.66
L1-TA-4_HGD-1,hmklnaif-1,Cluster 12,0,67.42
L1-TA-4_HGD-1,hmkngncg-1,Cluster 4,0,41.09
L1-TA-4_HGD-1,hmkkdekj-1,Cluster 4,0,223.57
L1-TA-4_HGD-1,hmkjhakm-1,Cluster 12,0,98.80
L1-TA-4_HGD-1,hmkjhkdb-1,Cluster 12,0,39.06
L1-TA-4_HGD-1,hmkjlldb-1,Cluster 12,0,63.04
L1-TA-4_HGD-1,hmkljpjb-1,Cluster 12,0,74.78
L1-TA-4_HGD-1,hmklchdo-1,Cluster 12,0,60.83
L1-TA-4_HGD-1,hmkkboia-1,Cluster 12,0,142.38
L1-TA-4_HGD-1,hmklcece-1,Cluster 4,0,172.72
L1-TA-4_HGD-1,hmknjmlm-1,Cluster 3,0,33.91
L1-TA-4_HGD-1,hmkiooal-1,Cluster 3,0,47.50
L1-TA-4_HGD-1,hmkiikok-1,Cluster 12,0,146.26
L1-TA-4_HGD-1,hmkinedi-1,Cluster 4,0,55.32
L1-TA-4_HGD-1,hmjplpnc-1,Cluster 4,0,196.66
L1-TA-4_HGD-1,hmlaagfi-1,Cluster 4,0,126.93
L1-TA-4_HGD-1,hmkacbpa-1,Cluster 16,0,70.31
L1-TA-4_HGD-1,hmkoilki-1,Cluster 4,0,101.20
L1-TA-4_HGD-1,djahpjca-1,Cluster 25,0,55.27
L1-TA-4_HGD-1,hmkoldfh-1,Cluster 12,0,138.99
L1-TA-4_HGD-1,hmkbapip-1,Cluster 4,0,166.85
L1-TA-4_HGD-1,hmjpmonl-1,Cluster 12,0,105.17
L1-TA-4_HGD-1,hmkokmae-1,Cluster 5,0,125.94
L1-TA-4_HGD-1,hmkcbchm-1,Cluster 12,0,89.64
L1-TA-4_HGD-1,hmjnlpbl-1,Cluster 12,0,175.34
L1-TA-4_HGD-1,hmjpoakd-1,Cluster 5,0,197.56
L1-TA-4_HGD-1,hmknknoh-1,Cluster 4,0,181.53
L1-TA-4_HGD-1,hmkpogjb-1,Cluster 4,0,179.68
L1-TA-4_HGD-1,hmkakhgl-1,Cluster 5,0,118.94
L1-TA-4_HGD-1,hmkoimja-1,Cluster 4,0,67.37
L1-TA-4_HGD-1,hmkaaenn-1,Cluster 4,0,345.85
L1-TA-4_HGD-1,hmkcimdl-1,Cluster 12,0,101.74
L1-TA-4_HGD-1,hmkcckpe-1,Cluster 7,0,32.74
L1-TA-4_HGD-1,hmkcbobg-1,Cluster 4,0,280.06
L1-TA-4_HGD-1,hmkadaih-1,Cluster 5,0,348.83
L1-TA-4_HGD-1,hmkhkoma-1,Cluster 12,0,156.96
L1-TA-4_HGD-1,hmkicgcp-1,Cluster 9,0,39.83
L1-TA-4_HGD-1,hmkhmalh-1,Cluster 12,0,60.42
L1-TA-4_HGD-1,hmkioikn-1,Cluster 6,0,36.26
L1-TA-4_HGD-1,hmkhkabj-1,Cluster 7,0,22.76
L1-TA-4_HGD-1,hmkhnojf-1,Cluster 9,0,9.93
L1-TA-4_HGD-1,hmkjdkgo-1,Cluster 12,0,30.89
L1-TA-4_HGD-1,hmkjcbjn-1,Cluster 12,0,41.23
L1-TA-4_HGD-1,hmkifnne-1,Cluster 4,0,29.13
L1-TA-4_HGD-1,hmkippjb-1,Cluster 12,0,97.27
L1-TA-4_HGD-1,hmkjamgj-1,Cluster 4,0,71.12
L1-TA-4_HGD-1,hmkipiab-1,Cluster 3,0,40.01
L1-TA-4_HGD-1,djaigdbj-1,Cluster 15,0,36.98
L1-TA-4_HGD-1,ofkjnchm-1,Cluster 22,0,24.34
L1-TA-4_HGD-1,ofkjmlkg-1,Cluster 22,0,22.53
L1-TA-4_HGD-1,hmcgjffg-1,Cluster 5,0,161.34
L1-TA-4_HGD-1,ofkjiadn-1,Cluster 7,0,65.88
L1-TA-4_HGD-1,ofkjnakk-1,Cluster 9,0,59.43
L1-TA-4_HGD-1,ofkjnfmp-1,Cluster 14,0,37.30
L1-TA-4_HGD-1,ofjncloo-1,Cluster 14,0,19.78
L1-TA-4_HGD-1,hmkpdaaf-1,Cluster 4,0,92.34
L1-TA-4_HGD-1,ofkikkcj-1,Cluster 22,0,48.27
L1-TA-4_HGD-1,ofjndcla-1,Cluster 22,0,26.42
L1-TA-4_HGD-1,djahimen-1,Cluster 12,0,133.75
L1-TA-4_HGD-1,hmladnle-1,Cluster 6,0,96.50
L1-TA-4_HGD-1,ofkjcnkm-1,Cluster 14,0,31.79
L1-TA-4_HGD-1,djahilpa-1,Cluster 5,0,100.11
L1-TA-4_HGD-1,hmkollej-1,Cluster 4,0,72.39
L1-TA-4_HGD-1,djahkfpi-1,Cluster 5,0,200.31
L1-TA-4_HGD-1,djahclci-1,Cluster 12,0,76.04
L1-TA-4_HGD-1,hmkpfbjp-1,Cluster 4,0,197.20
L1-TA-4_HGD-1,hmkpnhol-1,Cluster 12,0,96.68
L1-TA-4_HGD-1,hmlaecka-1,Cluster 5,0,84.35
L1-TA-4_HGD-1,djahkcen-1,Cluster 7,0,69.81
L1-TA-4_HGD-1,hmcgiehp-1,Cluster 7,0,70.94
L1-TA-4_HGD-1,hmkogagn-1,Cluster 18,0,21.00
L1-TA-4_HGD-1,ofjndamh-1,Cluster 14,0,5.01
L1-TA-4_HGD-1,djahgfbn-1,Cluster 12,0,93.56
L1-TA-4_HGD-1,djaiichd-1,Cluster 5,0,143.64
L1-TA-4_HGD-1,ofkjaddo-1,Cluster 14,0,19.33
L1-TA-4_HGD-1,hmkpiapa-1,Cluster 12,0,89.91
L1-TA-4_HGD-1,djahdpoo-1,Cluster 12,0,103.99
L1-TA-4_HGD-1,ofkjbhaf-1,Cluster 14,0,51.70
L1-TA-4_HGD-1,djahiaah-1,Cluster 4,0,82.32
L1-TA-4_HGD-1,hmkodikn-1,Cluster 5,0,119.21
L1-TA-4_HGD-1,hmkpmlnl-1,Cluster 4,0,44.30
L1-TA-4_HGD-1,hmkhjndp-1,Cluster 4,0,35.94
L1-TA-4_HGD-1,hmkohdco-1,Cluster 7,0,34.41
L1-TA-4_HGD-1,hmcgbnom-1,Cluster 3,0,59.97
L1-TA-4_HGD-1,hmcgcjed-1,Cluster 19,0,55.41
L1-TA-4_HGD-1,hmchfken-1,Cluster 9,0,24.66
L1-TA-4_HGD-1,hmcgjhoi-1,Cluster 3,0,22.35
L1-TA-4_HGD-1,hmcgkpcf-1,Cluster 3,0,38.88
L1-TA-4_HGD-1,ofjnbabd-1,Cluster 14,0,30.03
L1-TA-4_HGD-1,hmcghebg-1,Cluster 20,0,78.48
L1-TA-4_HGD-1,hmcgcabo-1,Cluster 3,0,39.20
L1-TA-4_HGD-1,hmcffehl-1,Cluster 3,0,25.06
L1-TA-4_HGD-1,hmcfahje-1,Cluster 20,0,79.11
L1-TA-4_HGD-1,hmcfkffj-1,Cluster 20,0,56.26
L1-TA-4_HGD-1,ofjnhdce-1,Cluster 14,0,10.48
L1-TA-4_HGD-1,hmcfeflc-1,Cluster 6,0,79.93
L1-TA-4_HGD-1,hmclobcm-1,Cluster 22,0,17.70
L1-TA-4_HGD-1,ofkjhlag-1,Cluster 6,0,17.34
L1-TA-4_HGD-1,ofjnhmle-1,Cluster 14,0,19.42
L1-TA-4_HGD-1,ofjnifbb-1,Cluster 22,0,10.21
L1-TA-4_HGD-1,ofjmoopb-1,Cluster 14,0,31.61
L1-TA-4_HGD-1,ofjnejge-1,Cluster 9,0,21.45
L1-TA-4_HGD-1,hmcgkhip-1,Cluster 14,0,9.84
L1-TA-4_HGD-1,ofkjihmi-1,Cluster 6,0,39.60
L1-TA-4_HGD-1,hmcgjmfc-1,Cluster 22,0,23.53
L1-TA-4_HGD-1,hmchgffi-1,Cluster 9,0,18.38
L1-TA-4_HGD-1,ofkikhal-1,Cluster 14,0,12.33
L1-TA-4_HGD-1,ofkigpdo-1,Cluster 14,0,8.81
L1-TA-4_HGD-1,ofjmockk-1,Cluster 6,0,41.32
L1-TA-4_HGD-1,ofjmkkkp-1,Cluster 6,0,16.08
L1-TA-4_HGD-1,ofjndnaa-1,Cluster 14,0,13.19
L1-TA-4_HGD-1,hmcgfnjn-1,Cluster 20,0,65.97
L1-TA-4_HGD-1,hmcgfdem-1,Cluster 14,0,13.64
L1-TA-4_HGD-1,ofjmpdgm-1,Cluster 14,0,19.10
L1-TA-4_HGD-1,djahemla-1,Cluster 6,0,43.17
L1-TA-4_HGD-1,hmcgellg-1,Cluster 3,0,29.58
L1-TA-4_HGD-1,hmkonigi-1,Cluster 22,0,26.10
L1-TA-4_HGD-1,hmkbkcal-1,Cluster 6,0,56.40
L1-TA-4_HGD-1,hmkbpodp-1,Cluster 22,0,8.40
L1-TA-4_HGD-1,ofjobnod-1,Unassigned,0,11.88
L1-TA-4_HGD-1,hmjodego-1,Cluster 5,0,36.08
L1-TA-4_HGD-1,hmkblhlk-1,Cluster 6,0,35.90
L1-TA-4_HGD-1,hmjocklo-1,Cluster 5,0,196.16
L1-TA-4_HGD-1,hmjpaemb-1,Cluster 6,0,48.45
L1-TA-4_HGD-1,hmjoddfk-1,Cluster 5,0,41.23
L1-TA-4_HGD-1,hmjnbmji-1,Cluster 5,0,168.34
L1-TA-4_HGD-1,ofkhnmka-1,Cluster 14,0,32.11
L1-TA-4_HGD-1,hmjomjke-1,Cluster 27,0,25.65
L1-TA-4_HGD-1,hmkblmlg-1,Cluster 6,0,59.88
L1-TA-4_HGD-1,hmkbmdnj-1,Cluster 4,0,73.20
L1-TA-4_HGD-1,hmjnopdg-1,Cluster 5,0,40.01
L1-TA-4_HGD-1,hmjomflg-1,Cluster 7,0,23.21
L1-TA-4_HGD-1,hmkboffm-1,Cluster 7,0,31.34
L1-TA-4_HGD-1,hmjnklma-1,Cluster 5,0,95.91
L1-TA-4_HGD-1,hmkbnnji-1,Cluster 4,0,22.67
L1-TA-4_HGD-1,hmjogkne-1,Cluster 4,0,54.59
L1-TA-4_HGD-1,hmkaamno-1,Cluster 4,0,37.39
L1-TA-4_HGD-1,hmjphoda-1,Cluster 4,0,13.37
L1-TA-4_HGD-1,hmkaplbg-1,Cluster 12,0,100.43
L1-TA-4_HGD-1,hmjphmph-1,Cluster 4,0,19.55
L1-TA-4_HGD-1,hmkbeaao-1,Cluster 4,0,21.90
L1-TA-4_HGD-1,hmjpkodn-1,Cluster 4,0,37.12
L1-TA-4_HGD-1,hmkbjgjk-1,Cluster 4,0,37.07
L1-TA-4_HGD-1,hmjpapio-1,Cluster 4,0,172.27
L1-TA-4_HGD-1,hmkafmgg-1,Cluster 12,0,62.09
L1-TA-4_HGD-1,djaiilff-1,Cluster 4,0,264.93
L1-TA-4_HGD-1,hmkbblle-1,Cluster 4,0,38.47
L1-TA-4_HGD-1,hmjplell-1,Cluster 4,0,30.48
L1-TA-4_HGD-1,hmkbblji-1,Cluster 12,0,127.34
L1-TA-4_HGD-1,hmkagfof-1,Cluster 4,0,77.71
L1-TA-4_HGD-1,hmjpkdep-1,Cluster 4,0,64.21
L1-TA-4_HGD-1,hmjphmhj-1,Cluster 4,0,80.56
L1-TA-4_HGD-1,hmjpapia-1,Cluster 7,0,23.03
L1-TA-4_HGD-1,hmckhkgi-1,Cluster 9,0,21.27
L1-TA-4_HGD-1,hmcmbgjp-1,Cluster 14,0,13.68
L1-TA-4_HGD-1,hmjnanbk-1,Cluster 3,0,43.08
L1-TA-4_HGD-1,hmclbfpe-1,Cluster 6,0,33.82
L1-TA-4_HGD-1,hmcmkklf-1,Cluster 3,0,23.89
L1-TA-4_HGD-1,hmclfoio-1,Cluster 6,0,38.79
L1-TA-4_HGD-1,hmclecnm-1,Cluster 6,0,34.77
L1-TA-4_HGD-1,hmcnlejo-1,Cluster 20,0,59.34
L1-TA-4_HGD-1,hmcldcbc-1,Cluster 6,0,35.49
L1-TA-4_HGD-1,hmcndcoa-1,Cluster 19,0,124.72
L1-TA-4_HGD-1,hmjogane-1,Cluster 18,0,17.97
L1-TA-4_HGD-1,hmjniifk-1,Cluster 6,0,41.32
L1-TA-4_HGD-1,hmjobeen-1,Cluster 4,0,162.47
L1-TA-4_HGD-1,hmjndged-1,Cluster 3,0,53.19
L1-TA-4_HGD-1,ofjocofe-1,Cluster 14,0,14.59
L1-TA-4_HGD-1,ofjnpdhm-1,Cluster 22,0,13.95
L1-TA-4_HGD-1,hmckmgee-1,Cluster 6,0,31.93
L1-TA-4_HGD-1,ofjnogjc-1,Cluster 14,0,12.96
L1-TA-4_HGD-1,hmclnifj-1,Cluster 6,0,23.44
L1-TA-4_HGD-1,hmcmcbkn-1,Cluster 14,0,23.57
L1-TA-4_HGD-1,ofjnnenm-1,Cluster 22,0,37.98
L1-TA-4_HGD-1,ofjnlpjf-1,Cluster 6,0,16.08
L1-TA-4_HGD-1,hmcnccoh-1,Cluster 14,0,84.31
L1-TA-4_HGD-1,hmkbkcml-1,Cluster 9,0,14.40
L1-TA-4_HGD-1,ofjnmije-1,Cluster 22,0,11.97
L1-TA-4_HGD-1,ofjnmlbf-1,Cluster 22,0,18.88
L1-TA-4_HGD-1,hmjofhdg-1,Cluster 5,0,306.39
L1-TA-4_HGD-1,ofjocjfe-1,Cluster 14,0,9.53
L1-TA-4_HGD-1,hmcnalic-1,Cluster 14,0,75.14
L1-TA-4_HGD-1,hmcmpnih-1,Unassigned,0,13.86
L1-TA-4_HGD-1,ofkidcmc-1,Cluster 22,0,7.68
L1-TA-4_HGD-1,ofjnpkjj-1,Cluster 14,0,16.44
L1-TA-4_HGD-1,hmeammog-1,Cluster 15,0,24.43
L1-TA-4_HGD-1,hmebbmel-1,Cluster 10,0,68.19
L1-TA-4_HGD-1,hmdpkncp-1,Cluster 3,0,26.33
L1-TA-4_HGD-1,hmdpmodf-1,Cluster 6,0,66.20
L1-TA-4_HGD-1,hmebcnmf-1,Cluster 6,0,56.36
L1-TA-4_HGD-1,hmebdomp-1,Cluster 6,0,35.90
L1-TA-4_HGD-1,hmecepdh-1,Cluster 15,0,37.57
L1-TA-4_HGD-1,hmdpkcbc-1,Cluster 3,0,32.29
L1-TA-4_HGD-1,hmdpgpek-1,Cluster 24,0,81.69
L1-TA-4_HGD-1,hmebnlmo-1,Cluster 24,0,33.19
L1-TA-4_HGD-1,hmebbfnf-1,Cluster 3,0,34.77
L1-TA-4_HGD-1,hmdppoma-1,Cluster 6,0,40.91
L1-TA-4_HGD-1,hmeanpea-1,Cluster 3,0,100.56
L1-TA-4_HGD-1,hmealboh-1,Cluster 19,0,84.71
L1-TA-4_HGD-1,hmegogli-1,Cluster 15,0,54.41
L1-TA-4_HGD-1,hmegnjkd-1,Cluster 3,0,28.45
L1-TA-4_HGD-1,hmegjomc-1,Cluster 3,0,44.03
L1-TA-4_HGD-1,hmcgphob-1,Cluster 3,0,84.17
L1-TA-4_HGD-1,hmefokhm-1,Cluster 1,0,21.95
L1-TA-4_HGD-1,hmefkekm-1,Cluster 6,0,37.16
L1-TA-4_HGD-1,hmeffcan-1,Cluster 20,0,120.25
L1-TA-4_HGD-1,hmdaieig-1,Cluster 3,0,30.35
L1-TA-4_HGD-1,hmdabogn-1,Cluster 6,0,17.34
L1-TA-4_HGD-1,hmdbnfbn-1,Cluster 9,0,30.66
L1-TA-4_HGD-1,hmdbgdbl-1,Cluster 3,0,25.29
L1-TA-4_HGD-1,hmcgmpgh-1,Cluster 24,0,20.46
L1-TA-4_HGD-1,hmcfcfeo-1,Cluster 6,0,25.69
L1-TA-4_HGD-1,hmdbkeed-1,Cluster 3,0,50.17
L1-TA-4_HGD-1,hmdagofo-1,Cluster 6,0,40.14
L1-TA-4_HGD-1,hmchmndn-1,Cluster 6,0,68.55
L1-TA-4_HGD-1,ofjnaccl-1,Cluster 14,0,22.80
L1-TA-4_HGD-1,hmdbgdha-1,Cluster 6,0,32.29
L1-TA-4_HGD-1,hmcfecbb-1,Cluster 15,0,33.73
L1-TA-4_HGD-1,ofjnaadd-1,Cluster 14,0,10.16
L1-TA-4_HGD-1,hmchnpgj-1,Cluster 6,0,32.69
L1-TA-4_HGD-1,hmcfomml-1,Cluster 3,0,27.23
L1-TA-4_HGD-1,hmcibkil-1,Cluster 15,0,24.66
L1-TA-4_HGD-1,hmcffipj-1,Cluster 6,0,68.64
L1-TA-4_HGD-1,hmcicaan-1,Cluster 3,0,68.68
L1-TA-4_HGD-1,hmcfbhda-1,Cluster 6,0,20.68
L1-TA-4_HGD-1,hmcjpjcj-1,Cluster 6,0,13.82
L1-TA-4_HGD-1,hmcnlllj-1,Cluster 19,0,43.62
L1-TA-4_HGD-1,hmcjfdmd-1,Cluster 1,0,13.73
L1-TA-4_HGD-1,hmcnmddp-1,Cluster 22,0,30.12
L1-TA-4_HGD-1,hmcobhap-1,Cluster 14,0,14.36
L1-TA-4_HGD-1,hmcoaiig-1,Cluster 14,0,10.88
L1-TA-4_HGD-1,djaiddhb-1,Cluster 22,0,45.25
L1-TA-4_HGD-1,hmciphcj-1,Cluster 6,0,66.29
L1-TA-4_HGD-1,hmciojaj-1,Cluster 22,0,20.82
L1-TA-4_HGD-1,ofjogjib-1,Cluster 14,0,8.08
L1-TA-4_HGD-1,hmcmodbo-1,Cluster 9,0,13.14
L1-TA-4_HGD-1,hmckhekg-1,Cluster 20,0,34.73
L1-TA-4_HGD-1,hmcobmic-1,Cluster 6,0,74.06
L1-TA-4_HGD-1,ofjnlbcl-1,Cluster 1,0,14.22
L1-TA-4_HGD-1,hmcofdin-1,Cluster 6,0,69.13
L1-TA-4_HGD-1,djaiccnj-1,Cluster 15,0,53.15
L1-TA-4_HGD-1,hmcoddcp-1,Cluster 3,0,65.93
L1-TA-4_HGD-1,hmcnimjc-1,Cluster 3,0,37.21
L1-TA-4_HGD-1,hmcfadpb-1,Cluster 20,0,63.44
L1-TA-4_HGD-1,hmcmfcpi-1,Cluster 9,0,42.40
L1-TA-4_HGD-1,hmckcmfk-1,Cluster 20,0,70.76
L1-TA-4_HGD-1,hmcjndme-1,Cluster 1,0,21.86
L1-TA-4_HGD-1,hmckepfn-1,Cluster 3,0,61.82
L1-TA-4_HGD-1,hmjnakne-1,Cluster 22,0,13.46
L1-TA-4_HGD-1,djaibeil-1,Cluster 6,0,53.69
L1-TA-4_HGD-1,hmclcoph-1,Cluster 6,0,78.62
L1-TA-4_HGD-1,hmcodoff-1,Cluster 20,0,59.25
L1-TA-4_HGD-2,abbaomoi-1,Cluster 12,0,62.09
L1-TA-4_HGD-2,abdfipbg-1,Cluster 12,0,70.40
L1-TA-4_HGD-2,abdflbpa-1,Cluster 12,0,52.43
L1-TA-4_HGD-2,abbbdbnm-1,Cluster 13,0,46.10
L1-TA-4_HGD-2,abdfclfg-1,Cluster 12,0,89.36
L1-TA-4_HGD-2,abdebjcm-1,Cluster 12,0,58.43
L1-TA-4_HGD-2,idomgcnm-1,Cluster 12,0,71.30
L1-TA-4_HGD-2,abbkdckn-1,Cluster 2,0,37.34
L1-TA-4_HGD-2,abgccagf-1,Cluster 4,0,46.47
L1-TA-4_HGD-2,abgbppfi-1,Cluster 12,0,40.64
L1-TA-4_HGD-2,abgccgol-1,Cluster 4,0,27.55
L1-TA-4_HGD-2,jbgdelcb-1,Cluster 4,0,61.28
L1-TA-4_HGD-2,abgcbaae-1,Cluster 12,0,50.62
L1-TA-4_HGD-2,abakghli-1,Cluster 4,0,47.96
L1-TA-4_HGD-2,abaklnmf-1,Cluster 4,0,33.78
L1-TA-4_HGD-2,abakilbo-1,Cluster 12,0,84.76
L1-TA-4_HGD-2,abakhdme-1,Cluster 4,0,60.78
L1-TA-4_HGD-2,abamoemi-1,Cluster 12,0,209.89
L1-TA-4_HGD-2,abanalgc-1,Cluster 12,0,37.98
L1-TA-4_HGD-2,abakilek-1,Cluster 12,0,37.84
L1-TA-4_HGD-2,idohkcdj-1,Cluster 4,0,38.61
L1-TA-4_HGD-2,abakpbom-1,Cluster 12,0,86.56
L1-TA-4_HGD-2,idoibdpb-1,Cluster 4,0,78.75
L1-TA-4_HGD-2,ofnncpaj-1,Unassigned,0,12.87
L1-TA-4_HGD-2,abampbco-1,Cluster 12,0,43.94
L1-TA-4_HGD-2,abalfeff-1,Cluster 4,0,50.85
L1-TA-4_HGD-2,abamlbjm-1,Cluster 4,0,80.92
L1-TA-4_HGD-2,idpbfbcl-1,Cluster 4,0,104.76
L1-TA-4_HGD-2,abbjfboo-1,Cluster 12,0,31.38
L1-TA-4_HGD-2,abbifjig-1,Cluster 4,0,36.67
L1-TA-4_HGD-2,abbijcbm-1,Cluster 4,0,20.05
L1-TA-4_HGD-2,abbiklig-1,Cluster 2,0,32.56
L1-TA-4_HGD-2,abbjkail-1,Cluster 12,0,49.04
L1-TA-4_HGD-2,abbjkfck-1,Cluster 2,0,17.57
L1-TA-4_HGD-2,idojeijc-1,Cluster 6,0,32.60
L1-TA-4_HGD-2,abgbpnoj-1,Cluster 12,0,157.46
L1-TA-4_HGD-2,jbdleijm-1,Cluster 4,0,69.13
L1-TA-4_HGD-2,jbdlclie-1,Cluster 12,0,68.01
L1-TA-4_HGD-2,idoidllb-1,Cluster 4,0,12.78
L1-TA-4_HGD-2,idoidmle-1,Cluster 4,0,57.94
L1-TA-4_HGD-2,abbifmge-1,Cluster 12,0,53.33
L1-TA-4_HGD-2,abbiohhd-1,Cluster 4,0,47.32
L1-TA-4_HGD-2,jbdlaong-1,Cluster 12,0,59.70
L1-TA-4_HGD-2,abbimdhm-1,Cluster 4,0,84.31
L1-TA-4_HGD-2,idoikcci-1,Cluster 2,0,35.31
L1-TA-4_HGD-2,idoikacn-1,Cluster 12,0,103.77
L1-TA-4_HGD-2,idoiifle-1,Cluster 4,0,65.70
L1-TA-4_HGD-2,abanlnmi-1,Cluster 4,0,39.02
L1-TA-4_HGD-2,abbjeoal-1,Cluster 12,0,56.22
L1-TA-4_HGD-2,abbigmpk-1,Cluster 12,0,64.62
L1-TA-4_HGD-2,idoioolp-1,Cluster 2,0,16.84
L1-TA-4_HGD-2,abamnilg-1,Cluster 12,0,73.79
L1-TA-4_HGD-2,abbilggc-1,Cluster 4,0,20.50
L1-TA-4_HGD-2,abbjcipi-1,Cluster 4,0,86.34
L1-TA-4_HGD-2,abbjhopa-1,Cluster 12,0,51.70
L1-TA-4_HGD-2,idopnllp-1,Cluster 4,0,64.35
L1-TA-4_HGD-2,idoiggff-1,Cluster 4,0,13.14
L1-TA-4_HGD-2,idojcbap-1,Cluster 2,0,13.46
L1-TA-4_HGD-2,abbiofkh-1,Cluster 12,0,63.44
L1-TA-4_HGD-2,abamoamn-1,Cluster 4,0,43.80
L1-TA-4_HGD-2,idojbnje-1,Cluster 4,0,67.10
L1-TA-4_HGD-2,jbgemmen-1,Cluster 12,0,39.24
L1-TA-4_HGD-2,jbgfpfpd-1,Cluster 12,0,78.26
L1-TA-4_HGD-2,abgdikkl-1,Cluster 4,0,30.03
L1-TA-4_HGD-2,abgdkdpe-1,Cluster 12,0,52.74
L1-TA-4_HGD-2,abgddmll-1,Cluster 12,0,44.12
L1-TA-4_HGD-2,abgceddn-1,Cluster 15,0,47.73
L1-TA-4_HGD-2,jbgdahnn-1,Cluster 4,0,32.92
L1-TA-4_HGD-2,jbgfpoll-1,Cluster 12,0,51.25
L1-TA-4_HGD-2,abgceibj-1,Cluster 12,0,40.82
L1-TA-4_HGD-2,jbgbmhgp-1,Cluster 4,0,32.15
L1-TA-4_HGD-2,abfkgjhj-1,Cluster 14,0,73.24
L1-TA-4_HGD-2,jbgfpedj-1,Cluster 12,0,33.55
L1-TA-4_HGD-2,jbgebcbb-1,Cluster 4,0,79.57
L1-TA-4_HGD-2,jbdlacof-1,Cluster 12,0,69.50
L1-TA-4_HGD-2,jbgfkfke-1,Cluster 4,0,18.69
L1-TA-4_HGD-2,abbhbihh-1,Cluster 12,0,107.25
L1-TA-4_HGD-2,idojaipf-1,Cluster 2,0,40.73
L1-TA-4_HGD-2,abgbhden-1,Cluster 4,0,94.06
L1-TA-4_HGD-2,abbhkmco-1,Cluster 2,0,49.45
L1-TA-4_HGD-2,abbhidff-1,Cluster 12,0,54.01
L1-TA-4_HGD-2,idpgcpmm-1,Cluster 12,0,62.14
L1-TA-4_HGD-2,jbgdloii-1,Cluster 2,0,13.05
L1-TA-4_HGD-2,abgbmbfb-1,Cluster 12,0,116.05
L1-TA-4_HGD-2,jbgfidlg-1,Cluster 13,0,42.94
L1-TA-4_HGD-2,jbdlmgmk-1,Cluster 12,0,75.41
L1-TA-4_HGD-2,abbhakgi-1,Cluster 12,0,33.24
L1-TA-4_HGD-2,abbhmnfe-1,Cluster 2,0,23.30
L1-TA-4_HGD-2,abbibfbo-1,Cluster 12,0,26.96
L1-TA-4_HGD-2,abbhacmh-1,Cluster 12,0,86.61
L1-TA-4_HGD-2,abbibimk-1,Cluster 4,0,25.02
L1-TA-4_HGD-2,idpgageo-1,Cluster 4,0,43.67
L1-TA-4_HGD-2,idojbnii-1,Cluster 4,0,73.97
L1-TA-4_HGD-2,idpgabbk-1,Cluster 4,0,32.69
L1-TA-4_HGD-2,abbhjipn-1,Cluster 4,0,30.57
L1-TA-4_HGD-2,abbicdah-1,Cluster 12,0,27.91
L1-TA-4_HGD-2,jbgfaepd-1,Cluster 12,0,46.01
L1-TA-4_HGD-2,jbgddohi-1,Cluster 12,0,79.29
L1-TA-4_HGD-2,jbgdoiia-1,Cluster 12,0,44.30
L1-TA-4_HGD-2,jbdljldl-1,Cluster 4,0,103.86
L1-TA-4_HGD-2,abbjmglb-1,Cluster 12,0,36.80
L1-TA-4_HGD-2,abbiffbp-1,Cluster 4,0,19.87
L1-TA-4_HGD-2,abbjlanl-1,Cluster 13,0,38.25
L1-TA-4_HGD-2,abbkgola-1,Cluster 12,0,32.87
L1-TA-4_HGD-2,idojbmno-1,Cluster 13,0,31.11
L1-TA-4_HGD-2,abbhoepf-1,Cluster 2,0,26.60
L1-TA-4_HGD-2,abbjpabh-1,Cluster 2,0,22.58
L1-TA-4_HGD-2,abbjpnhl-1,Cluster 4,0,25.69
L1-TA-4_HGD-2,jbdlkeja-1,Cluster 4,0,17.84
L1-TA-4_HGD-2,jbdkmdei-1,Cluster 4,0,68.95
L1-TA-4_HGD-2,jbgbnmno-1,Cluster 4,0,138.04
L1-TA-4_HGD-2,idpcpgnm-1,Cluster 2,0,37.39
L1-TA-4_HGD-2,abacooca-1,Cluster 4,0,54.59
L1-TA-4_HGD-2,abbpbcep-1,Cluster 4,0,81.19
L1-TA-4_HGD-2,ofnocbni-1,Cluster 14,0,121.06
L1-TA-4_HGD-2,abadocic-1,Cluster 2,0,41.95
L1-TA-4_HGD-2,abaelboi-1,Cluster 12,0,185.28
L1-TA-4_HGD-2,abaemaje-1,Cluster 12,0,85.16
L1-TA-4_HGD-2,abadodgk-1,Cluster 12,0,120.66
L1-TA-4_HGD-2,jbdkjkmd-1,Cluster 12,0,69.09
L1-TA-4_HGD-2,idpcipoc-1,Cluster 14,0,42.36
L1-TA-4_HGD-2,jbgbkglm-1,Cluster 12,0,81.15
L1-TA-4_HGD-2,abgbgome-1,Cluster 13,0,48.59
L1-TA-4_HGD-2,jbdlaiem-1,Cluster 12,0,105.53
L1-TA-4_HGD-2,abadfnko-1,Cluster 4,0,92.80
L1-TA-4_HGD-2,abadghpe-1,Cluster 13,0,80.51
L1-TA-4_HGD-2,abaekgcd-1,Cluster 4,0,164.55
L1-TA-4_HGD-2,abgbinhj-1,Cluster 4,0,35.09
L1-TA-4_HGD-2,abadccbe-1,Cluster 4,0,76.86
L1-TA-4_HGD-2,abgccljj-1,Cluster 12,0,28.72
L1-TA-4_HGD-2,abgblnoh-1,Cluster 4,0,102.60
L1-TA-4_HGD-2,abaeakfd-1,Cluster 12,0,23.44
L1-TA-4_HGD-2,abgbknpf-1,Cluster 12,0,120.39
L1-TA-4_HGD-2,idpbggpe-1,Cluster 4,0,50.62
L1-TA-4_HGD-2,idooogep-1,Cluster 4,0,22.08
L1-TA-4_HGD-2,abbgbphc-1,Cluster 12,0,39.96
L1-TA-4_HGD-2,abbfhcnb-1,Cluster 12,0,50.85
L1-TA-4_HGD-2,idonohmg-1,Cluster 4,0,63.72
L1-TA-4_HGD-2,idomgefg-1,Cluster 12,0,84.26
L1-TA-4_HGD-2,abbgaaae-1,Cluster 12,0,89.95
L1-TA-4_HGD-2,idonmgfe-1,Cluster 4,0,55.90
L1-TA-4_HGD-2,abbfmhmf-1,Cluster 12,0,79.38
L1-TA-4_HGD-2,abbfofob-1,Cluster 12,0,83.67
L1-TA-4_HGD-2,idooblmp-1,Cluster 4,0,49.49
L1-TA-4_HGD-2,idooaiog-1,Cluster 12,0,94.38
L1-TA-4_HGD-2,idonmjpa-1,Cluster 12,0,84.31
L1-TA-4_HGD-2,abbfmijm-1,Cluster 12,0,51.79
L1-TA-4_HGD-2,idonmjkd-1,Cluster 12,0,74.19
L1-TA-4_HGD-2,abbddicf-1,Cluster 13,0,30.12
L1-TA-4_HGD-2,abbembpi-1,Cluster 12,0,48.54
L1-TA-4_HGD-2,abbelfgc-1,Cluster 12,0,80.87
L1-TA-4_HGD-2,abbejmgm-1,Cluster 12,0,39.92
L1-TA-4_HGD-2,abbelnim-1,Cluster 12,0,36.31
L1-TA-4_HGD-2,abbeehin-1,Cluster 12,0,38.92
L1-TA-4_HGD-2,idonkhho-1,Cluster 12,0,28.04
L1-TA-4_HGD-2,abbekoaa-1,Cluster 2,0,25.87
L1-TA-4_HGD-2,idonlalc-1,Cluster 4,0,18.74
L1-TA-4_HGD-2,abbdbelc-1,Cluster 12,0,29.89
L1-TA-4_HGD-2,abangpip-1,Cluster 12,0,95.01
L1-TA-4_HGD-2,idpbgidg-1,Cluster 4,0,63.40
L1-TA-4_HGD-2,idpaplnc-1,Cluster 4,0,61.37
L1-TA-4_HGD-2,abaodbkb-1,Cluster 12,0,71.57
L1-TA-4_HGD-2,idoonekb-1,Cluster 4,0,55.72
L1-TA-4_HGD-2,idooodli-1,Cluster 4,0,34.73
L1-TA-4_HGD-2,idpaphma-1,Cluster 4,0,76.90
L1-TA-4_HGD-2,idpfnihf-1,Cluster 4,0,97.13
L1-TA-4_HGD-2,abanfjhg-1,Cluster 4,0,64.03
L1-TA-4_HGD-2,abaoeidk-1,Cluster 12,0,88.60
L1-TA-4_HGD-2,idoooloe-1,Cluster 4,0,22.35
L1-TA-4_HGD-2,idomanhc-1,Cluster 7,0,16.53
L1-TA-4_HGD-2,abaocfio-1,Cluster 2,0,43.58
L1-TA-4_HGD-2,abandmga-1,Cluster 12,0,48.72
L1-TA-4_HGD-2,abanlfdd-1,Cluster 12,0,43.30
L1-TA-4_HGD-2,abancjog-1,Cluster 12,0,62.41
L1-TA-4_HGD-2,idopdfln-1,Cluster 2,0,11.15
L1-TA-4_HGD-2,abanfdpe-1,Cluster 12,0,37.07
L1-TA-4_HGD-2,abanfpca-1,Cluster 12,0,64.75
L1-TA-4_HGD-2,idophgle-1,Cluster 4,0,41.54
L1-TA-4_HGD-2,abanlomb-1,Cluster 12,0,26.33
L1-TA-4_HGD-2,idopmigc-1,Cluster 12,0,33.64
L1-TA-4_HGD-2,abanmmbn-1,Cluster 12,0,33.64
L1-TA-4_HGD-2,idopmoac-1,Cluster 4,0,38.20
L1-TA-4_HGD-2,idpadgdd-1,Cluster 1,0,42.49
L1-TA-4_HGD-2,idopejef-1,Cluster 4,0,59.38
L1-TA-4_HGD-2,idpadcai-1,Cluster 12,0,60.78
L1-TA-4_HGD-2,idpafdib-1,Cluster 7,0,33.37
L1-TA-4_HGD-2,abaoahaa-1,Cluster 12,0,106.52
L1-TA-4_HGD-2,abbfadml-1,Cluster 12,0,55.59
L1-TA-4_HGD-2,idopmpfg-1,Cluster 2,0,24.61
L1-TA-4_HGD-2,abbfmmjd-1,Cluster 12,0,61.82
L1-TA-4_HGD-2,idopmghg-1,Cluster 4,0,44.39
L1-TA-4_HGD-2,ofnndfna-1,Cluster 9,0,35.72
L1-TA-4_HGD-2,idnaoklg-1,Cluster 6,0,29.67
L1-TA-4_HGD-2,idpfkmnh-1,Cluster 4,0,39.42
L1-TA-4_HGD-2,abdbbpgd-1,Cluster 4,0,93.52
L1-TA-4_HGD-2,idnanpmf-1,Cluster 4,0,94.69
L1-TA-4_HGD-2,idonogai-1,Cluster 4,0,36.85
L1-TA-4_HGD-2,idnackha-1,Cluster 7,0,11.06
L1-TA-4_HGD-2,abbgnodh-1,Cluster 2,0,69.72
L1-TA-4_HGD-2,abdanlon-1,Cluster 12,0,74.28
L1-TA-4_HGD-2,abdanddp-1,Cluster 4,0,51.84
L1-TA-4_HGD-2,abdahgje-1,Cluster 12,0,74.46
L1-TA-4_HGD-2,abdbajcb-1,Cluster 12,0,64.75
L1-TA-4_HGD-2,idnadbcp-1,Cluster 12,0,78.75
L1-TA-4_HGD-2,idnaipjb-1,Cluster 12,0,116.86
L1-TA-4_HGD-2,abbgighg-1,Cluster 12,0,75.14
L1-TA-4_HGD-2,abdemelo-1,Cluster 4,0,61.95
L1-TA-4_HGD-2,idondaim-1,Cluster 4,0,55.45
L1-TA-4_HGD-2,abdemkjh-1,Cluster 12,0,53.47
L1-TA-4_HGD-2,idnacncc-1,Cluster 12,0,53.60
L1-TA-4_HGD-2,idonbogd-1,Cluster 2,0,32.06
L1-TA-4_HGD-2,abdenbgp-1,Cluster 12,0,61.05
L1-TA-4_HGD-2,abdfobin-1,Cluster 12,0,123.10
L1-TA-4_HGD-2,abdgbego-1,Cluster 12,0,119.21
L1-TA-4_HGD-2,idnagldd-1,Cluster 2,0,31.43
L1-TA-4_HGD-2,idohhbkp-1,Cluster 2,0,53.74
L1-TA-4_HGD-2,idonijbp-1,Cluster 12,0,76.86
L1-TA-4_HGD-2,abdepjfc-1,Cluster 12,0,55.63
L1-TA-4_HGD-2,abdfdbgp-1,Cluster 12,0,54.91
L1-TA-4_HGD-2,idohfgfm-1,Cluster 4,0,76.95
L1-TA-4_HGD-2,abdepphh-1,Cluster 4,0,17.07
L1-TA-4_HGD-2,idohfboc-1,Cluster 4,0,96.27
L1-TA-4_HGD-2,abdfldbi-1,Cluster 4,0,68.86
L1-TA-4_HGD-2,idonhoel-1,Cluster 12,0,109.46
L1-TA-4_HGD-2,idnahhhb-1,Cluster 4,0,19.91
L1-TA-4_HGD-2,abdfmnij-1,Cluster 12,0,55.77
L1-TA-4_HGD-2,idojinnl-1,Cluster 4,0,58.07
L1-TA-4_HGD-2,abbnfnga-1,Cluster 12,0,49.90
L1-TA-4_HGD-2,idogpeja-1,Cluster 4,0,84.85
L1-TA-4_HGD-2,idmpgchh-1,Cluster 4,0,57.89
L1-TA-4_HGD-2,idohjlmh-1,Cluster 7,0,19.73
L1-TA-4_HGD-2,abdbdakh-1,Cluster 12,0,153.22
L1-TA-4_HGD-2,abdbfcjd-1,Cluster 2,0,36.49
L1-TA-4_HGD-2,abbgolep-1,Cluster 13,0,33.87
L1-TA-4_HGD-2,idohindc-1,Cluster 12,0,124.13
L1-TA-4_HGD-2,abdagibm-1,Cluster 4,0,72.88
L1-TA-4_HGD-2,idmphbbd-1,Cluster 7,0,15.13
L1-TA-4_HGD-2,idogplhb-1,Cluster 7,0,28.54
L1-TA-4_HGD-2,abanpkjk-1,Cluster 12,0,49.90
L1-TA-4_HGD-2,abcpljmg-1,Cluster 12,0,145.95
L1-TA-4_HGD-2,idmpjkpj-1,Cluster 12,0,93.11
L1-TA-4_HGD-2,abbmlglh-1,Cluster 12,0,51.07
L1-TA-4_HGD-2,abecpdni-1,Cluster 12,0,85.53
L1-TA-4_HGD-2,idmpcncg-1,Cluster 4,0,197.97
L1-TA-4_HGD-2,abanmmkh-1,Cluster 12,0,104.04
L1-TA-4_HGD-2,abdbcgae-1,Cluster 12,0,125.49
L1-TA-4_HGD-2,idoomnkg-1,Cluster 12,0,100.88
L1-TA-4_HGD-2,abanodfe-1,Cluster 12,0,50.17
L1-TA-4_HGD-2,idogohhd-1,Cluster 12,0,52.74
L1-TA-4_HGD-2,abecnien-1,Cluster 12,0,69.95
L1-TA-4_HGD-2,idohdkgg-1,Cluster 4,0,29.80
L1-TA-4_HGD-2,abdabohb-1,Cluster 4,0,55.86
L1-TA-4_HGD-2,abbghgin-1,Cluster 7,0,20.50
L1-TA-4_HGD-2,idnapghm-1,Cluster 7,0,38.79
L1-TA-4_HGD-2,idnaippj-1,Cluster 4,0,95.42
L1-TA-4_HGD-2,abbfllii-1,Cluster 12,0,29.62
L1-TA-4_HGD-2,abbgonci-1,Cluster 12,0,66.79
L1-TA-4_HGD-2,idnbdjdi-1,Cluster 2,0,37.12
L1-TA-4_HGD-2,ofnmbihd-1,Cluster 1,0,17.84
L1-TA-4_HGD-2,ofnmgmlm-1,Cluster 14,0,29.76
L1-TA-4_HGD-2,idnakgaf-1,Cluster 1,0,32.06
L1-TA-4_HGD-2,idpbging-1,Cluster 4,0,35.72
L1-TA-4_HGD-2,abbofnki-1,Cluster 4,0,39.33
L1-TA-4_HGD-2,idpcmhmo-1,Cluster 4,0,117.86
L1-TA-4_HGD-2,abbohoif-1,Cluster 12,0,60.83
L1-TA-4_HGD-2,idpcnkdb-1,Cluster 4,0,39.87
L1-TA-4_HGD-2,abboonnm-1,Cluster 4,0,57.71
L1-TA-4_HGD-2,abbmiohc-1,Cluster 12,0,24.97
L1-TA-4_HGD-2,idpffcjm-1,Cluster 4,0,30.57
L1-TA-4_HGD-2,idpfnecb-1,Cluster 4,0,46.47
L1-TA-4_HGD-2,idpfopki-1,Cluster 4,0,20.41
L1-TA-4_HGD-2,abbogcof-1,Cluster 12,0,40.60
L1-TA-4_HGD-2,abblphch-1,Cluster 12,0,79.93
L1-TA-4_HGD-2,idpfnood-1,Cluster 4,0,71.71
L1-TA-4_HGD-2,idpcopgk-1,Cluster 4,0,46.33
L1-TA-4_HGD-2,abbmiije-1,Cluster 4,0,16.71
L1-TA-4_HGD-2,abblhglb-1,Cluster 12,0,136.46
L1-TA-4_HGD-2,idpfenad-1,Cluster 7,0,7.04
L1-TA-4_HGD-2,abblijgf-1,Cluster 12,0,108.01
L1-TA-4_HGD-2,abblpjmo-1,Cluster 12,0,30.84
L1-TA-4_HGD-2,abblnapl-1,Cluster 4,0,31.84
L1-TA-4_HGD-2,abblnobm-1,Cluster 4,0,27.09
L1-TA-4_HGD-2,abbnjhkf-1,Cluster 12,0,27.36
L1-TA-4_HGD-2,abbnjacn-1,Cluster 2,0,34.41
L1-TA-4_HGD-2,idpamcgi-1,Cluster 4,0,103.36
L1-TA-4_HGD-2,abblkmim-1,Cluster 4,0,137.64
L1-TA-4_HGD-2,abblhgoh-1,Cluster 4,0,143.60
L1-TA-4_HGD-2,abblieob-1,Cluster 4,0,112.39
L1-TA-4_HGD-2,abbliffa-1,Cluster 4,0,114.83
L1-TA-4_HGD-2,idoomeba-1,Cluster 12,0,58.79
L1-TA-4_HGD-2,idpajaon-1,Cluster 2,0,30.39
L1-TA-4_HGD-2,abblimjn-1,Cluster 4,0,86.93
L1-TA-4_HGD-2,abblllci-1,Cluster 12,0,48.27
L1-TA-4_HGD-2,idpfjgbf-1,Cluster 2,0,20.73
L1-TA-4_HGD-2,abbljcjl-1,Cluster 4,0,62.23
L1-TA-4_HGD-2,abbmpdol-1,Cluster 12,0,48.59
L1-TA-4_HGD-2,abblhipn-1,Cluster 12,0,145.90
L1-TA-4_HGD-2,jabjoeap-1,Cluster 14,0,10.52
L1-TA-4_HGD-2,ofnoblad-1,Cluster 14,0,60.60
L1-TA-4_HGD-2,ofnoalmo-1,Cluster 1,0,84.89
L1-TA-4_HGD-2,jabjlodf-1,Cluster 4,0,48.05
L1-TA-4_HGD-2,idpbhmcl-1,Cluster 2,0,63.85
L1-TA-4_HGD-2,ofnnhoka-1,Cluster 7,0,91.67
L1-TA-4_HGD-2,ogdfcglj-1,Cluster 14,0,100.61
L1-TA-4_HGD-2,ogdfgjge-1,Cluster 14,0,95.96
L1-TA-4_HGD-2,ogdfkabl-1,Cluster 14,0,155.16
L1-TA-4_HGD-2,jabjohkh-1,Cluster 7,0,43.98
L1-TA-4_HGD-2,jabjobnb-1,Cluster 14,0,38.56
L1-TA-4_HGD-2,idpbkdpm-1,Cluster 12,0,50.12
L1-TA-4_HGD-2,ogdfbdga-1,Cluster 14,0,30.30
L1-TA-4_HGD-2,jabjfngf-1,Cluster 4,0,54.82
L1-TA-4_HGD-2,idpcfcho-1,Cluster 4,0,62.54
L1-TA-4_HGD-2,idpbojce-1,Cluster 4,0,61.19
L1-TA-4_HGD-2,idpcibhh-1,Cluster 22,0,16.80
L1-TA-4_HGD-2,idpcbnke-1,Cluster 4,0,92.21
L1-TA-4_HGD-2,ofnnpmha-1,Cluster 14,0,105.35
L1-TA-4_HGD-2,idpcdmoo-1,Cluster 12,0,64.30
L1-TA-4_HGD-2,idpcgbhd-1,Cluster 4,0,51.66
L1-TA-4_HGD-2,idpcipnn-1,Cluster 4,0,173.31
L1-TA-4_HGD-2,ofnnfmkc-1,Cluster 14,0,23.98
L1-TA-4_HGD-2,ofnnmopf-1,Cluster 14,0,27.55
L1-TA-4_HGD-2,abegbnad-1,Cluster 4,0,68.46
L1-TA-4_HGD-2,idpcaceb-1,Cluster 4,0,25.92
L1-TA-4_HGD-2,idpcgmaa-1,Cluster 4,0,120.52
L1-TA-4_HGD-2,idpcljop-1,Cluster 4,0,58.25
L1-TA-4_HGD-2,idpclpcn-1,Cluster 12,0,86.02
L1-TA-4_HGD-2,abboncja-1,Cluster 4,0,35.72
L1-TA-4_HGD-2,abbmihjo-1,Cluster 4,0,48.99
L1-TA-4_HGD-2,abbomddl-1,Cluster 2,0,60.74
L1-TA-4_HGD-2,abedlacg-1,Cluster 12,0,90.27
L1-TA-4_HGD-2,abefadhm-1,Cluster 4,0,122.15
L1-TA-4_HGD-2,idocklid-1,Cluster 4,0,23.35
L1-TA-4_HGD-2,abefacao-1,Cluster 4,0,134.79
L1-TA-4_HGD-2,idockhnm-1,Cluster 4,0,32.78
L1-TA-4_HGD-2,abbmbbnj-1,Cluster 4,0,69.41
L1-TA-4_HGD-2,abececkj-1,Cluster 12,0,41.00
L1-TA-4_HGD-2,ofnmnlen-1,Cluster 7,0,10.12
L1-TA-4_HGD-2,abedcbpa-1,Cluster 4,0,48.09
L1-TA-4_HGD-2,abedglef-1,Cluster 12,0,121.65
L1-TA-4_HGD-2,abecikdp-1,Cluster 4,0,67.51
L1-TA-4_HGD-2,abeefcbg-1,Cluster 12,0,102.69
L1-TA-4_HGD-2,abedmhlj-1,Cluster 4,0,22.31
L1-TA-4_HGD-2,abbmicng-1,Cluster 12,0,53.96
L1-TA-4_HGD-2,abeefjgh-1,Cluster 4,0,46.19
L1-TA-4_HGD-2,abeeicjk-1,Cluster 12,0,71.17
L1-TA-4_HGD-2,abbmcemf-1,Cluster 4,0,37.48
L1-TA-4_HGD-2,abecibjk-1,Cluster 4,0,17.93
L1-TA-4_HGD-2,abecihgb-1,Cluster 4,0,39.15
L1-TA-4_HGD-2,abbmedoh-1,Cluster 12,0,43.08
L1-TA-4_HGD-2,abbmcjac-1,Cluster 12,0,51.34
L1-TA-4_HGD-2,abecfjpd-1,Cluster 12,0,44.70
L1-TA-4_HGD-2,abbmeikk-1,Cluster 12,0,29.80
L1-TA-4_HGD-2,idoglpne-1,Cluster 12,0,50.21
L1-TA-4_HGD-2,abedemhm-1,Cluster 4,0,51.34
L1-TA-4_HGD-2,abbnakgd-1,Cluster 12,0,60.10
L1-TA-4_HGD-2,idogmkod-1,Cluster 4,0,35.04
L1-TA-4_HGD-2,abbmjaji-1,Cluster 4,0,45.52
L1-TA-4_HGD-2,abbnoloj-1,Cluster 12,0,51.84
L1-TA-4_HGD-2,idookhhc-1,Cluster 4,0,18.20
L1-TA-4_HGD-2,idogiodl-1,Cluster 4,0,27.23
L1-TA-4_HGD-2,abbnlcdg-1,Cluster 4,0,59.43
L1-TA-4_HGD-2,idohelod-1,Cluster 12,0,94.60
L1-TA-4_HGD-2,abbnnhpo-1,Cluster 12,0,70.99
L1-TA-4_HGD-2,idooldhc-1,Cluster 2,0,22.40
L1-TA-4_HGD-2,abeamncn-1,Cluster 4,0,35.81
L1-TA-4_HGD-2,jabjpcpm-1,Cluster 7,0,24.52
L1-TA-4_HGD-2,jabkakbh-1,Cluster 4,0,46.47
L1-TA-4_HGD-2,jabkcdnk-1,Cluster 4,0,79.97
L1-TA-4_HGD-2,jabjojdd-1,Cluster 4,0,73.70
L1-TA-4_HGD-2,jabbenhc-1,Cluster 12,0,66.79
L1-TA-4_HGD-2,idocfnha-1,Cluster 12,0,36.53
L1-TA-4_HGD-2,ipmpckdp-1,Cluster 4,0,36.13
L1-TA-4_HGD-2,ipmpejjf-1,Cluster 4,0,58.21
L1-TA-4_HGD-2,idochkjf-1,Cluster 12,0,74.78
L1-TA-4_HGD-2,idocgncj-1,Cluster 12,0,100.83
L1-TA-4_HGD-2,jabbhfmd-1,Cluster 12,0,44.75
L1-TA-4_HGD-2,idocipmg-1,Cluster 12,0,65.70
L1-TA-4_HGD-2,jabbgohn-1,Cluster 4,0,10.97
L1-TA-4_HGD-2,abeaijlc-1,Cluster 4,0,65.57
L1-TA-4_HGD-2,abebicin-1,Cluster 4,0,65.12
L1-TA-4_HGD-2,jabbecjk-1,Cluster 4,0,65.25
L1-TA-4_HGD-2,abebadmh-1,Cluster 12,0,41.36
L1-TA-4_HGD-2,jabbbkma-1,Cluster 4,0,36.40
L1-TA-4_HGD-2,jabbhohc-1,Cluster 4,0,33.64
L1-TA-4_HGD-2,idociboe-1,Cluster 4,0,48.18
L1-TA-4_HGD-2,abeeieho-1,Cluster 4,0,62.45
L1-TA-4_HGD-2,idocdoel-1,Cluster 4,0,74.60
L1-TA-4_HGD-2,abebiijf-1,Cluster 18,0,81.33
L1-TA-4_HGD-2,abebmcoh-1,Cluster 4,0,37.80
L1-TA-4_HGD-2,abefmgpm-1,Cluster 4,0,104.40
L1-TA-4_HGD-2,abeblbpe-1,Cluster 4,0,68.19
L1-TA-4_HGD-2,abebnkli-1,Cluster 12,0,96.54
L1-TA-4_HGD-2,abefepjc-1,Cluster 12,0,108.06
L1-TA-4_HGD-2,abefabjl-1,Cluster 12,0,94.11
L1-TA-4_HGD-2,abeenjjl-1,Cluster 4,0,54.86
L1-TA-4_HGD-2,abefhakd-1,Cluster 4,0,68.46
L1-TA-4_HGD-2,abefjmch-1,Cluster 12,0,96.23
L1-TA-4_HGD-2,abedhich-1,Cluster 12,0,55.36
L1-TA-4_HGD-2,abeeeobn-1,Cluster 4,0,20.50
L1-TA-4_HGD-2,abdpjaig-1,Cluster 4,0,40.28
L1-TA-4_HGD-2,abeaeboi-1,Cluster 12,0,36.67
L1-TA-4_HGD-2,abdpgbpb-1,Cluster 12,0,65.39
L1-TA-4_HGD-2,idobngoh-1,Cluster 4,0,162.65
L1-TA-4_HGD-2,abdpiomi-1,Cluster 12,0,83.00
L1-TA-4_HGD-2,abdpiihg-1,Cluster 12,0,188.71
L1-TA-4_HGD-2,idocaifg-1,Cluster 12,0,62.90
L1-TA-4_HGD-2,abdlgimi-1,Cluster 12,0,88.37
L1-TA-4_HGD-2,idocaabl-1,Cluster 4,0,113.07
L1-TA-4_HGD-2,idobkjcb-1,Cluster 4,0,186.77
L1-TA-4_HGD-2,idobnmgm-1,Cluster 12,0,66.56
L1-TA-4_HGD-2,idocanmk-1,Cluster 4,0,42.54
L1-TA-4_HGD-2,idobhkfn-1,Cluster 12,0,60.28
L1-TA-4_HGD-2,abdnkoja-1,Cluster 4,0,62.77
L1-TA-4_HGD-2,abdgahio-1,Cluster 18,0,48.14
L1-TA-4_HGD-2,abdoelkg-1,Cluster 12,0,87.29
L1-TA-4_HGD-2,ofnncfim-1,Cluster 14,0,15.04
L1-TA-4_HGD-2,abdfdmnf-1,Cluster 12,0,96.72
L1-TA-4_HGD-2,abdobmoo-1,Cluster 4,0,51.97
L1-TA-4_HGD-2,idofiiim-1,Cluster 4,0,37.25
L1-TA-4_HGD-2,abdmllmp-1,Cluster 12,0,32.87
L1-TA-4_HGD-2,abdmhhdg-1,Cluster 12,0,69.36
L1-TA-4_HGD-2,abdnpnlc-1,Cluster 12,0,55.63
L1-TA-4_HGD-2,abdkhppa-1,Cluster 12,0,70.44
L1-TA-4_HGD-2,abdkkmee-1,Cluster 4,0,47.50
L1-TA-4_HGD-2,abdnecpc-1,Cluster 12,0,112.44
L1-TA-4_HGD-2,abdkkicf-1,Cluster 4,0,33.55
L1-TA-4_HGD-2,idofingf-1,Cluster 4,0,45.43
L1-TA-4_HGD-2,abdkgnfd-1,Cluster 12,0,180.76
L1-TA-4_HGD-2,abdnlkia-1,Cluster 4,0,32.29
L1-TA-4_HGD-2,idofijdn-1,Cluster 12,0,63.31
L1-TA-4_HGD-2,abdkidjj-1,Cluster 12,0,57.85
L1-TA-4_HGD-2,abdgdige-1,Cluster 4,0,109.32
L1-TA-4_HGD-2,abeienmi-1,Cluster 12,0,289.00
L1-TA-4_HGD-2,abejikmb-1,Cluster 4,0,26.37
L1-TA-4_HGD-2,idohcggm-1,Cluster 12,0,162.56
L1-TA-4_HGD-2,abeifaol-1,Cluster 4,0,242.04
L1-TA-4_HGD-2,abejhelk-1,Cluster 4,0,111.90
L1-TA-4_HGD-2,abdgcefc-1,Cluster 4,0,218.29
L1-TA-4_HGD-2,abejaehi-1,Cluster 12,0,125.67
L1-TA-4_HGD-2,idogagnk-1,Cluster 4,0,12.96
L1-TA-4_HGD-2,abejhndi-1,Cluster 4,0,144.68
L1-TA-4_HGD-2,abejgdbm-1,Cluster 4,0,162.43
L1-TA-4_HGD-2,ofnnbdnn-1,Cluster 14,0,62.99
L1-TA-4_HGD-2,abdgdcga-1,Cluster 12,0,90.99
L1-TA-4_HGD-2,abdgfabd-1,Cluster 4,0,57.35
L1-TA-4_HGD-2,abejjocd-1,Cluster 12,0,105.89
L1-TA-4_HGD-2,idofnboc-1,Cluster 12,0,114.52
L1-TA-4_HGD-2,abdgmjaf-1,Cluster 4,0,30.75
L1-TA-4_HGD-2,abdnekgc-1,Cluster 12,0,97.99
L1-TA-4_HGD-2,abdgldbo-1,Cluster 12,0,66.74
L1-TA-4_HGD-2,abdgjjjk-1,Cluster 4,0,168.21
L1-TA-4_HGD-2,abdmhebg-1,Cluster 4,0,38.02
L1-TA-4_HGD-2,abdgigee-1,Cluster 12,0,108.92
L1-TA-4_HGD-2,abdnihjj-1,Cluster 4,0,51.66
L1-TA-4_HGD-2,abdgomjn-1,Cluster 12,0,125.17
L1-TA-4_HGD-2,abdldldj-1,Cluster 4,0,95.55
L1-TA-4_HGD-2,abdgjipk-1,Cluster 4,0,73.33
L1-TA-4_HGD-2,abeacdph-1,Cluster 12,0,62.18
L1-TA-4_HGD-2,abdllngi-1,Cluster 4,0,32.20
L1-TA-4_HGD-2,abdmffdc-1,Cluster 4,0,81.69
L1-TA-4_HGD-2,abdnichi-1,Cluster 4,0,40.69
L1-TA-4_HGD-2,abdlllmf-1,Cluster 4,0,24.43
L1-TA-4_HGD-2,abeaiifm-1,Cluster 12,0,54.55
L1-TA-4_HGD-2,abeaifid-1,Cluster 4,0,65.43
L1-TA-4_HGD-2,idofkani-1,Cluster 12,0,56.08
L1-TA-4_HGD-2,idobbbbi-1,Cluster 4,0,84.58
L1-TA-4_HGD-2,abeabiko-1,Cluster 4,0,181.12
L1-TA-4_HGD-2,oflkemod-1,Cluster 15,0,68.14
L1-TA-4_HGD-2,oflkeaaj-1,Cluster 9,0,54.91
L1-TA-4_HGD-2,abdppcfe-1,Cluster 12,0,113.88
L1-TA-4_HGD-2,idobdhgi-1,Cluster 14,0,12.51
L1-TA-4_HGD-2,idobadpo-1,Cluster 14,0,16.30
L1-TA-4_HGD-2,ofljnolf-1,Cluster 9,0,32.87
L1-TA-4_HGD-2,abdponab-1,Cluster 4,0,89.00
L1-TA-4_HGD-2,idoghgff-1,Cluster 12,0,94.24
L1-TA-4_HGD-2,ofljneel-1,Cluster 9,0,75.77
L1-TA-4_HGD-2,idogeenk-1,Cluster 12,0,208.76
L1-TA-4_HGD-2,homobhaf-1,Cluster 10,0,76.77
L1-TA-4_HGD-2,homnmaec-1,Cluster 1,0,51.43
L1-TA-4_HGD-2,homocini-1,Cluster 6,0,28.27
L1-TA-4_HGD-2,abdkbhmb-1,Cluster 4,0,83.76
L1-TA-4_HGD-2,homnjjhj-1,Cluster 6,0,24.43
L1-TA-4_HGD-2,homoehhl-1,Cluster 21,0,83.81
L1-TA-4_HGD-2,homoolpi-1,Cluster 18,0,14.59
L1-TA-4_HGD-2,homnknja-1,Cluster 3,0,54.28
L1-TA-4_HGD-2,abdlakog-1,Cluster 12,0,67.69
L1-TA-4_HGD-2,abdkfdfp-1,Cluster 4,0,139.80
L1-TA-4_HGD-2,idoghnin-1,Cluster 4,0,23.98
L1-TA-4_HGD-2,abdkodoh-1,Cluster 12,0,174.44
L1-TA-4_HGD-2,abdlbdcp-1,Cluster 12,0,168.39
L1-TA-4_HGD-2,abdldjeo-1,Cluster 12,0,150.91
L1-TA-4_HGD-2,homkgmkg-1,Cluster 19,0,112.89
L1-TA-4_HGD-2,abdkeffm-1,Cluster 4,0,71.93
L1-TA-4_HGD-2,idobakdi-1,Cluster 4,0,50.71
L1-TA-4_HGD-2,idobmcbp-1,Cluster 4,0,85.53
L1-TA-4_HGD-2,hombcebc-1,Cluster 14,0,9.93
L1-TA-4_HGD-2,abdhecom-1,Cluster 12,0,176.43
L1-TA-4_HGD-2,homalcck-1,Cluster 11,0,54.41
L1-TA-4_HGD-2,homomccb-1,Cluster 3,0,36.44
L1-TA-4_HGD-2,abdpkinp-1,Cluster 4,0,69.22
L1-TA-4_HGD-2,idofhide-1,Cluster 4,0,150.91
L1-TA-4_HGD-2,abdoffed-1,Cluster 12,0,95.01
L1-TA-4_HGD-2,abdoflbj-1,Cluster 12,0,62.63
L1-TA-4_HGD-2,homoljib-1,Cluster 6,0,46.96
L1-TA-4_HGD-2,abejjnma-1,Cluster 12,0,210.34
L1-TA-4_HGD-2,abdpclmn-1,Cluster 12,0,103.72
L1-TA-4_HGD-2,abejkaej-1,Cluster 12,0,151.32
L1-TA-4_HGD-2,djdhpkdh-1,Cluster 4,0,134.39
L1-TA-4_HGD-2,abejklgj-1,Cluster 4,0,263.53
L1-TA-4_HGD-2,abdhacff-1,Cluster 12,0,100.43
L1-TA-4_HGD-2,idkngdej-1,Cluster 12,0,114.97
L1-TA-4_HGD-2,homahnfg-1,Cluster 14,0,20.64
L1-TA-4_HGD-2,holnipcd-1,Cluster 15,0,26.42
L1-TA-4_HGD-2,abdhcmop-1,Cluster 12,0,209.66
L1-TA-4_HGD-2,idobfifn-1,Cluster 12,0,53.51
L1-TA-4_HGD-2,djdifkje-1,Cluster 12,0,83.36
L1-TA-4_HGD-2,hombcoco-1,Cluster 19,0,37.34
L1-TA-4_HGD-2,holnkbgh-1,Cluster 4,0,50.76
L1-TA-4_HGD-2,abdhagip-1,Cluster 12,0,179.41
L1-TA-4_HGD-2,djdhlhpm-1,Cluster 12,0,63.72
L1-TA-4_HGD-2,abdpdacn-1,Cluster 4,0,79.88
L1-TA-4_HGD-2,djdibhem-1,Cluster 4,0,50.76
L1-TA-4_HGD-2,djdibgle-1,Cluster 4,0,47.50
L1-TA-4_HGD-2,djdhickj-1,Cluster 12,0,215.58
L1-TA-4_HGD-2,abdgiobo-1,Cluster 12,0,53.51
L1-TA-4_HGD-2,homokmjn-1,Cluster 3,0,23.35
L1-TA-4_HGD-2,hompiaam-1,Cluster 1,0,28.63
L1-TA-4_HGD-2,abekeiko-1,Cluster 4,0,37.25
L1-TA-4_HGD-2,abeglamk-1,Cluster 4,0,22.44
L1-TA-4_HGD-2,abehbgfl-1,Cluster 15,0,40.10
L1-TA-4_HGD-2,abehgkfk-1,Cluster 12,0,62.59
L1-TA-4_HGD-2,abegnjpo-1,Cluster 4,0,66.33
L1-TA-4_HGD-2,abehaibf-1,Cluster 12,0,83.90
L1-TA-4_HGD-2,abehadoi-1,Cluster 4,0,287.46
L1-TA-4_HGD-2,abeihodk-1,Cluster 4,0,88.19
L1-TA-4_HGD-2,idodglnn-1,Cluster 4,0,211.06
L1-TA-4_HGD-2,abeeeeif-1,Cluster 4,0,49.31
L1-TA-4_HGD-2,abeblhdd-1,Cluster 12,0,123.10
L1-TA-4_HGD-2,idodkaep-1,Cluster 12,0,85.30
L1-TA-4_HGD-2,idoemdom-1,Cluster 4,0,67.82
L1-TA-4_HGD-2,idoffcdf-1,Cluster 4,0,52.16
L1-TA-4_HGD-2,idofacac-1,Cluster 12,0,29.35
L1-TA-4_HGD-2,idoepipk-1,Cluster 4,0,49.31
L1-TA-4_HGD-2,abeebpbo-1,Cluster 12,0,88.69
L1-TA-4_HGD-2,abeeaiee-1,Cluster 12,0,127.52
L1-TA-4_HGD-2,abekeife-1,Cluster 12,0,30.80
L1-TA-4_HGD-2,idodkodk-1,Cluster 4,0,42.76
L1-TA-4_HGD-2,abekifoa-1,Cluster 12,0,64.71
L1-TA-4_HGD-2,abedjoco-1,Cluster 12,0,50.39
L1-TA-4_HGD-2,abekipil-1,Cluster 4,0,43.53
L1-TA-4_HGD-2,idodanap-1,Cluster 4,0,123.68
L1-TA-4_HGD-2,idodddli-1,Cluster 4,0,42.85
L1-TA-4_HGD-2,abekbibb-1,Cluster 12,0,63.53
L1-TA-4_HGD-2,idocldag-1,Cluster 4,0,91.98
L1-TA-4_HGD-2,idockach-1,Cluster 4,0,110.68
L1-TA-4_HGD-2,abeijnof-1,Cluster 12,0,26.51
L1-TA-4_HGD-2,idoeeoli-1,Cluster 4,0,57.17
L1-TA-4_HGD-2,abeignil-1,Cluster 4,0,106.34
L1-TA-4_HGD-2,abejaabf-1,Cluster 4,0,320.43
L1-TA-4_HGD-2,idoepojd-1,Cluster 6,0,78.89
L1-TA-4_HGD-2,idochjad-1,Cluster 4,0,49.67
L1-TA-4_HGD-2,abeidnep-1,Cluster 4,0,189.43
L1-TA-4_HGD-2,idofagge-1,Cluster 4,0,355.11
L1-TA-4_HGD-2,abeibdpe-1,Cluster 4,0,31.84
L1-TA-4_HGD-2,jabbbbke-1,Cluster 4,0,18.38
L1-TA-4_HGD-2,abehhnih-1,Cluster 4,0,105.85
L1-TA-4_HGD-2,abehjkbp-1,Cluster 12,0,62.54
L1-TA-4_HGD-2,abehcmca-1,Cluster 4,0,113.93
L1-TA-4_HGD-2,abeljmij-1,Cluster 4,0,45.20
L1-TA-4_HGD-2,abecdgod-1,Cluster 4,0,42.31
L1-TA-4_HGD-2,abecanan-1,Cluster 12,0,65.34
L1-TA-4_HGD-2,abebnpdm-1,Cluster 4,0,19.15
L1-TA-4_HGD-2,abegplhl-1,Cluster 12,0,61.77
L1-TA-4_HGD-2,abebnmfb-1,Cluster 4,0,101.06
L1-TA-4_HGD-2,abeiando-1,Cluster 12,0,52.11
L1-TA-4_HGD-2,abehcpoj-1,Cluster 4,0,21.27
L1-TA-4_HGD-2,abeheiha-1,Cluster 12,0,117.63
L1-TA-4_HGD-2,abelghlj-1,Cluster 12,0,53.47
L1-TA-4_HGD-2,abegooba-1,Cluster 12,0,56.63
L1-TA-4_HGD-2,abehcjnf-1,Cluster 14,0,46.78
L1-TA-4_HGD-2,idofhhpi-1,Cluster 12,0,28.76
L1-TA-4_HGD-2,idofgali-1,Cluster 12,0,77.80
L1-TA-4_HGD-2,abekidgb-1,Cluster 4,0,106.12
L1-TA-4_HGD-2,idoedegi-1,Cluster 4,0,31.29
L1-TA-4_HGD-2,idofgjbm-1,Cluster 4,0,25.92
L1-TA-4_HGD-2,abeklmpo-1,Cluster 12,0,44.93
L1-TA-4_HGD-2,idoegkph-1,Cluster 4,0,44.43
L1-TA-4_HGD-2,idoelhfo-1,Cluster 12,0,25.51
L1-TA-4_HGD-2,idodplca-1,Cluster 7,0,13.50
L1-TA-4_HGD-2,idodpmpc-1,Cluster 7,0,5.60
L1-TA-4_HGD-2,idodpceo-1,Cluster 12,0,71.80
L1-TA-4_HGD-2,idoeiiib-1,Cluster 4,0,44.03
L1-TA-4_HGD-2,idodlclh-1,Cluster 4,0,19.91
L1-TA-4_HGD-2,djdiddjj-1,Cluster 4,0,23.44
L1-TA-4_HGD-2,abejmcfh-1,Cluster 12,0,90.36
L1-TA-4_HGD-2,djdjepoj-1,Cluster 4,0,105.26
L1-TA-4_HGD-2,honebcdd-1,Cluster 4,0,148.11
L1-TA-4_HGD-2,djdjdiop-1,Cluster 12,0,87.02
L1-TA-4_HGD-2,djdidilm-1,Cluster 7,0,17.57
L1-TA-4_HGD-2,hondphdc-1,Cluster 4,0,37.52
L1-TA-4_HGD-2,abejdmff-1,Cluster 4,0,160.62
L1-TA-4_HGD-2,abekfbdf-1,Cluster 12,0,129.73
L1-TA-4_HGD-2,djdipjin-1,Cluster 12,0,292.12
L1-TA-4_HGD-2,abejlfbe-1,Cluster 12,0,60.37
L1-TA-4_HGD-2,abekekkm-1,Cluster 12,0,309.55
L1-TA-4_HGD-2,djdjcdde-1,Cluster 12,0,201.22
L1-TA-4_HGD-2,abejpipo-1,Cluster 4,0,36.31
L1-TA-4_HGD-2,djdjbdaf-1,Cluster 12,0,76.22
L1-TA-4_HGD-2,abekeoag-1,Cluster 4,0,78.12
L1-TA-4_HGD-2,djdicoig-1,Cluster 12,0,128.65
L1-TA-4_HGD-2,honeaajd-1,Cluster 12,0,61.05
L1-TA-4_HGD-2,abejbbil-1,Cluster 12,0,119.30
L1-TA-4_HGD-2,hondnlcc-1,Cluster 4,0,18.65
L1-TA-4_HGD-2,djdifeed-1,Cluster 4,0,74.19
L1-TA-4_HGD-2,idodnkba-1,Cluster 12,0,63.81
L1-TA-4_HGD-2,abelihpo-1,Cluster 12,0,60.55
L1-TA-4_HGD-2,ogdcjkkp-1,Cluster 7,0,80.87
L1-TA-4_HGD-2,abekbefp-1,Cluster 12,0,68.64
L1-TA-4_HGD-2,jabbjemc-1,Cluster 4,0,19.15
L1-TA-4_HGD-2,jabbjbdh-1,Cluster 14,0,63.04
L1-TA-4_HGD-2,abekdknp-1,Cluster 12,0,28.85
L1-TA-4_HGD-2,hompijil-1,Cluster 3,0,46.51
L1-TA-4_HGD-2,homppbfl-1,Cluster 3,0,15.67
L1-TA-4_HGD-2,hompcgng-1,Cluster 9,0,26.33
L1-TA-4_HGD-2,hompiiej-1,Cluster 6,0,14.04
L1-TA-4_HGD-2,hompekbj-1,Cluster 3,0,33.33
L1-TA-4_HGD-2,homopfgo-1,Cluster 9,0,18.02
L1-TA-4_HGD-2,holppbka-1,Cluster 9,0,24.29
L1-TA-4_HGD-2,homcebnn-1,Cluster 19,0,70.49
L1-TA-4_HGD-2,homcmemb-1,Cluster 6,0,30.57
L1-TA-4_HGD-2,homcdfeb-1,Cluster 9,0,6.82
L1-TA-4_HGD-2,homciigo-1,Cluster 3,0,32.33
L1-TA-4_HGD-2,homcikce-1,Cluster 3,0,18.06
L1-TA-4_HGD-2,homcnjef-1,Cluster 6,0,36.17
L1-TA-4_HGD-2,hombcmid-1,Cluster 19,0,96.27
L1-TA-4_HGD-2,hombajlo-1,Cluster 24,0,40.73
L1-TA-4_HGD-2,holnhgjb-1,Cluster 6,0,17.07
L1-TA-4_HGD-2,homadmfl-1,Cluster 1,0,49.22
L1-TA-4_HGD-2,homcmlfd-1,Cluster 6,0,15.58
L1-TA-4_HGD-2,hombmeop-1,Cluster 6,0,47.82
L1-TA-4_HGD-2,hombehlc-1,Cluster 1,0,10.70
L1-TA-4_HGD-2,hombldif-1,Cluster 6,0,12.96
L1-TA-4_HGD-2,homamakh-1,Cluster 6,0,24.52
L1-TA-4_HGD-2,hombldid-1,Cluster 6,0,12.69
L1-TA-4_HGD-2,homblfha-1,Cluster 9,0,22.94
L1-TA-4_HGD-2,homaplcc-1,Cluster 6,0,43.58
L1-TA-4_HGD-2,homaijii-1,Cluster 15,0,59.88
L1-TA-4_HGD-2,hombjiec-1,Cluster 6,0,61.41
L1-TA-4_HGD-2,homoljkl-1,Cluster 10,0,40.60
L1-TA-4_HGD-2,homokjoo-1,Cluster 10,0,23.57
L1-TA-4_HGD-2,djdhgdgj-1,Cluster 12,0,127.75
L1-TA-4_HGD-2,holmmpke-1,Cluster 3,0,90.49
L1-TA-4_HGD-2,djdiggdl-1,Cluster 12,0,95.46
L1-TA-4_HGD-2,holmnnph-1,Cluster 6,0,27.95
L1-TA-4_HGD-2,djdhffkb-1,Cluster 12,0,164.10
L1-TA-4_HGD-2,holnbana-1,Cluster 3,0,64.35
L1-TA-4_HGD-2,djdinbee-1,Cluster 12,0,94.29
L1-TA-4_HGD-2,holncfah-1,Cluster 22,0,16.53
L1-TA-4_HGD-2,holnfkmg-1,Cluster 1,0,33.64
L1-TA-4_HGD-2,holnflag-1,Cluster 9,0,35.99
L1-TA-4_HGD-2,holmffdd-1,Cluster 4,0,102.78
L1-TA-4_HGD-2,djdinpnl-1,Cluster 12,0,142.11
L1-TA-4_HGD-2,achioolc-1,Cluster 12,0,49.63
L1-TA-4_HGD-2,holmcgep-1,Cluster 3,0,126.30
L1-TA-4_HGD-2,homaidcn-1,Cluster 3,0,43.71
L1-TA-4_HGD-2,holnhafh-1,Cluster 1,0,33.64
L1-TA-4_HGD-2,holpnfpo-1,Cluster 14,0,24.11
Q1-TA-4_HGD-1,hlddbhfc-1,Cluster 15,0,38.56
Q1-TA-4_HGD-1,hldefmnm-1,Cluster 5,0,33.42
Q1-TA-4_HGD-1,hlhabhdp-1,Cluster 4,0,46.33
Q1-TA-4_HGD-1,cgnikgpk-1,Cluster 2,0,31.34
Q1-TA-4_HGD-1,cgnhnbof-1,Cluster 4,0,40.41
Q1-TA-4_HGD-1,hlhklemh-1,Cluster 8,0,33.10
Q1-TA-4_HGD-1,cgnhaiag-1,Cluster 4,0,21.31
Q1-TA-4_HGD-1,hlhkkcbo-1,Cluster 8,0,61.14
Q1-TA-4_HGD-1,cgnipmcd-1,Cluster 5,0,28.22
Q1-TA-4_HGD-1,cjkdngjk-1,Cluster 5,0,57.17
Q1-TA-4_HGD-1,cgnhaifi-1,Cluster 5,0,22.89
Q1-TA-4_HGD-1,hlhlamni-1,Cluster 8,0,51.97
Q1-TA-4_HGD-1,cgnhepgo-1,Cluster 5,0,32.69
Q1-TA-4_HGD-1,cjkdlddj-1,Cluster 8,0,37.30
Q1-TA-4_HGD-1,cgnipabn-1,Cluster 4,0,28.18
Q1-TA-4_HGD-1,cgnimngj-1,Cluster 4,0,59.52
Q1-TA-4_HGD-1,cjkdpbkf-1,Cluster 4,0,76.68
Q1-TA-4_HGD-1,cgnicjma-1,Cluster 2,0,34.00
Q1-TA-4_HGD-1,cgnpdjlc-1,Cluster 4,0,37.84
Q1-TA-4_HGD-1,cgniijbo-1,Cluster 5,0,48.72
Q1-TA-4_HGD-1,hlhalhgc-1,Cluster 8,0,30.80
Q1-TA-4_HGD-1,cgnidoah-1,Cluster 2,0,42.54
Q1-TA-4_HGD-1,hlhkddpc-1,Cluster 2,0,16.35
Q1-TA-4_HGD-1,ofjgmddg-1,Cluster 14,0,9.80
Q1-TA-4_HGD-1,cjkeiicb-1,Cluster 8,0,50.12
Q1-TA-4_HGD-1,cjkfhmcm-1,Cluster 4,0,127.57
Q1-TA-4_HGD-1,hlhadekc-1,Cluster 8,0,18.88
Q1-TA-4_HGD-1,hlhahljg-1,Cluster 8,0,28.54
Q1-TA-4_HGD-1,hlhajjeb-1,Cluster 8,0,102.32
Q1-TA-4_HGD-1,hlhadghp-1,Cluster 5,0,171.14
Q1-TA-4_HGD-1,hlhkdage-1,Cluster 8,0,67.33
Q1-TA-4_HGD-1,hlhkcpgl-1,Cluster 5,0,163.33
Q1-TA-4_HGD-1,cjkebpga-1,Cluster 5,0,115.74
Q1-TA-4_HGD-1,cgnijdae-1,Cluster 4,0,45.74
Q1-TA-4_HGD-1,cjkdlcgh-1,Cluster 4,0,97.63
Q1-TA-4_HGD-1,cjkdohjo-1,Cluster 8,0,52.88
Q1-TA-4_HGD-1,cgniffgp-1,Cluster 4,0,75.05
Q1-TA-4_HGD-1,hlhafkik-1,Cluster 8,0,47.01
Q1-TA-4_HGD-1,cjkdfphj-1,Cluster 8,0,59.52
Q1-TA-4_HGD-1,cjkdkoel-1,Cluster 8,0,26.24
Q1-TA-4_HGD-1,hlhahgnh-1,Cluster 8,0,57.57
Q1-TA-4_HGD-1,hlhagkbg-1,Cluster 18,0,12.24
Q1-TA-4_HGD-1,cjkdogmb-1,Cluster 5,0,79.29
Q1-TA-4_HGD-1,cgnicbfb-1,Cluster 2,0,39.74
Q1-TA-4_HGD-1,hlhkagpd-1,Cluster 4,0,57.48
Q1-TA-4_HGD-1,cgnhldif-1,Cluster 2,0,32.96
Q1-TA-4_HGD-1,cjkdpifd-1,Cluster 8,0,84.89
Q1-TA-4_HGD-1,cjkdicpk-1,Cluster 8,0,87.69
Q1-TA-4_HGD-1,hlhklleb-1,Cluster 8,0,66.65
Q1-TA-4_HGD-1,cgnicalm-1,Cluster 12,0,47.55
Q1-TA-4_HGD-1,cgnlappo-1,Cluster 5,0,28.40
Q1-TA-4_HGD-1,cgnkncaa-1,Cluster 5,0,34.77
Q1-TA-4_HGD-1,cgnhlagp-1,Cluster 5,0,30.44
Q1-TA-4_HGD-1,cgnkonba-1,Cluster 4,0,33.69
Q1-TA-4_HGD-1,cgnmjhho-1,Cluster 5,0,57.21
Q1-TA-4_HGD-1,cgnklnpp-1,Cluster 5,0,29.58
Q1-TA-4_HGD-1,cgnjpnjg-1,Cluster 5,0,39.20
Q1-TA-4_HGD-1,cgnmnlbh-1,Cluster 23,0,60.64
Q1-TA-4_HGD-1,cgnkbfbk-1,Cluster 5,0,42.27
Q1-TA-4_HGD-1,cgnmbnoh-1,Cluster 12,0,41.59
Q1-TA-4_HGD-1,cgnmkaej-1,Cluster 23,0,38.56
Q1-TA-4_HGD-1,cgnkbbco-1,Cluster 2,0,26.42
Q1-TA-4_HGD-1,cgnimklh-1,Cluster 5,0,20.86
Q1-TA-4_HGD-1,cgnimghh-1,Cluster 2,0,51.07
Q1-TA-4_HGD-1,cgnkgagk-1,Cluster 23,0,48.59
Q1-TA-4_HGD-1,cgnkkiib-1,Cluster 5,0,49.76
Q1-TA-4_HGD-1,cgnjookb-1,Cluster 23,0,38.11
Q1-TA-4_HGD-1,cgnkaidk-1,Cluster 4,0,28.58
Q1-TA-4_HGD-1,cgnmjkaa-1,Cluster 2,0,30.53
Q1-TA-4_HGD-1,hlhlbkck-1,Cluster 5,0,26.33
Q1-TA-4_HGD-1,cgnllfcm-1,Cluster 23,0,41.09
Q1-TA-4_HGD-1,cgnlonnb-1,Cluster 23,0,56.31
Q1-TA-4_HGD-1,cgnmbfjf-1,Cluster 2,0,31.02
Q1-TA-4_HGD-1,cgnkbmnd-1,Cluster 2,0,35.40
Q1-TA-4_HGD-1,hlhlcmfd-1,Cluster 25,0,26.51
Q1-TA-4_HGD-1,hlhlfnkp-1,Cluster 5,0,11.38
Q1-TA-4_HGD-1,cgnlpnbg-1,Cluster 2,0,25.56
Q1-TA-4_HGD-1,cgnloein-1,Cluster 2,0,40.37
Q1-TA-4_HGD-1,cgnkoaej-1,Cluster 5,0,27.64
Q1-TA-4_HGD-1,cgngpaff-1,Cluster 2,0,45.92
Q1-TA-4_HGD-1,cgnpapcp-1,Cluster 2,0,26.19
Q1-TA-4_HGD-1,cgnjeebi-1,Cluster 23,0,36.44
Q1-TA-4_HGD-1,cgnnofpd-1,Cluster 5,0,40.10
Q1-TA-4_HGD-1,cgoaacdp-1,Cluster 5,0,35.81
Q1-TA-4_HGD-1,cgnjjpod-1,Cluster 2,0,21.36
Q1-TA-4_HGD-1,cgngnpoc-1,Cluster 5,0,47.82
Q1-TA-4_HGD-1,cgnhiibl-1,Cluster 5,0,32.56
Q1-TA-4_HGD-1,cgnlbjne-1,Cluster 5,0,80.87
Q1-TA-4_HGD-1,cgnjagog-1,Cluster 4,0,26.78
Q1-TA-4_HGD-1,cgnlifol-1,Cluster 2,0,39.83
Q1-TA-4_HGD-1,cgnjhneg-1,Cluster 4,0,28.45
Q1-TA-4_HGD-1,cgnllebe-1,Cluster 25,0,25.87
Q1-TA-4_HGD-1,cgnmhaje-1,Cluster 23,0,58.39
Q1-TA-4_HGD-1,cgnncobj-1,Cluster 5,0,41.27
Q1-TA-4_HGD-1,cgngpkpp-1,Cluster 5,0,38.34
Q1-TA-4_HGD-1,cgnjmhkh-1,Cluster 5,0,44.43
Q1-TA-4_HGD-1,cgnobhge-1,Cluster 23,0,48.59
Q1-TA-4_HGD-1,cgnjobgi-1,Cluster 5,0,36.53
Q1-TA-4_HGD-1,hlhjibmm-1,Cluster 5,0,14.22
Q1-TA-4_HGD-1,cgnljegb-1,Cluster 4,0,21.31
Q1-TA-4_HGD-1,cgnlbboh-1,Cluster 5,0,50.21
Q1-TA-4_HGD-1,cgnlkocb-1,Cluster 4,0,19.55
Q1-TA-4_HGD-1,cgnonpkd-1,Cluster 12,0,31.20
Q1-TA-4_HGD-1,cgnlappp-1,Cluster 5,0,43.12
Q1-TA-4_HGD-1,cgnmikmo-1,Cluster 2,0,29.67
Q1-TA-4_HGD-1,hlhjdkbd-1,Cluster 25,0,23.26
Q1-TA-4_HGD-1,hlhjdofl-1,Cluster 5,0,48.23
Q1-TA-4_HGD-1,cgnlalof-1,Cluster 23,0,30.80
Q1-TA-4_HGD-1,cgnndano-1,Cluster 5,0,41.00
Q1-TA-4_HGD-1,cgnknoha-1,Cluster 5,0,26.55
Q1-TA-4_HGD-1,cgnkloih-1,Cluster 23,0,35.72
Q1-TA-4_HGD-1,cgnmifjn-1,Cluster 2,0,38.79
Q1-TA-4_HGD-1,cgneijah-1,Cluster 5,0,26.19
Q1-TA-4_HGD-1,hjjleoek-1,Cluster 2,0,40.28
Q1-TA-4_HGD-1,hjjllddh-1,Cluster 7,0,33.46
Q1-TA-4_HGD-1,cgnfcojb-1,Cluster 5,0,21.54
Q1-TA-4_HGD-1,cgnfapbe-1,Cluster 5,0,29.94
Q1-TA-4_HGD-1,cjkchnlb-1,Cluster 4,0,30.03
Q1-TA-4_HGD-1,cjkflmbf-1,Cluster 4,0,56.67
Q1-TA-4_HGD-1,cgoamnli-1,Cluster 5,0,22.49
Q1-TA-4_HGD-1,cjkcjbad-1,Cluster 4,0,30.39
Q1-TA-4_HGD-1,cjkgnclp-1,Cluster 4,0,31.16
Q1-TA-4_HGD-1,cjkgfgeb-1,Cluster 4,0,75.59
Q1-TA-4_HGD-1,gjmlbkfd-1,Cluster 25,0,56.99
Q1-TA-4_HGD-1,cjkciojl-1,Cluster 2,0,42.40
Q1-TA-4_HGD-1,cjkeddag-1,Cluster 5,0,62.50
Q1-TA-4_HGD-1,cgnffifl-1,Cluster 5,0,27.86
Q1-TA-4_HGD-1,cjkchonh-1,Cluster 4,0,35.63
Q1-TA-4_HGD-1,cjkgcgkf-1,Cluster 12,0,64.80
Q1-TA-4_HGD-1,cgobalee-1,Cluster 5,0,47.69
Q1-TA-4_HGD-1,cjkeaoae-1,Cluster 5,0,39.78
Q1-TA-4_HGD-1,cjkehmpb-1,Cluster 5,0,54.10
Q1-TA-4_HGD-1,cjkfffpa-1,Cluster 12,0,80.42
Q1-TA-4_HGD-1,cjkfddek-1,Cluster 8,0,85.44
Q1-TA-4_HGD-1,cjkflilf-1,Cluster 4,0,87.02
Q1-TA-4_HGD-1,hlhkfdgh-1,Cluster 5,0,35.18
Q1-TA-4_HGD-1,cjkfcbjf-1,Cluster 4,0,117.14
Q1-TA-4_HGD-1,hlhajlnp-1,Cluster 4,0,31.93
Q1-TA-4_HGD-1,cjkdbbpl-1,Cluster 2,0,32.92
Q1-TA-4_HGD-1,cjkdcdnh-1,Cluster 4,0,73.92
Q1-TA-4_HGD-1,hlhaljdk-1,Cluster 25,0,86.70
Q1-TA-4_HGD-1,cjkeejmo-1,Cluster 5,0,41.05
Q1-TA-4_HGD-1,cjkdcnpe-1,Cluster 2,0,49.72
Q1-TA-4_HGD-1,cgoanpdi-1,Cluster 12,0,70.08
Q1-TA-4_HGD-1,cjkednjp-1,Cluster 8,0,51.52
Q1-TA-4_HGD-1,cjkdpmaf-1,Cluster 4,0,53.74
Q1-TA-4_HGD-1,cjkdccbl-1,Cluster 4,0,29.04
Q1-TA-4_HGD-1,cgnphaal-1,Cluster 2,0,58.12
Q1-TA-4_HGD-1,hlhkebpn-1,Cluster 8,0,22.89
Q1-TA-4_HGD-1,cjkclipa-1,Cluster 5,0,89.95
Q1-TA-4_HGD-1,cjkcmpgc-1,Cluster 5,0,43.85
Q1-TA-4_HGD-1,cjkcocil-1,Cluster 5,0,40.69
Q1-TA-4_HGD-1,hjjkelai-1,Cluster 5,0,96.23
Q1-TA-4_HGD-1,cjkdapje-1,Cluster 5,0,41.23
Q1-TA-4_HGD-1,cjkchbeg-1,Cluster 5,0,170.92
Q1-TA-4_HGD-1,hjjklmap-1,Cluster 4,0,16.35
Q1-TA-4_HGD-1,hjjkgnfo-1,Cluster 5,0,61.37
Q1-TA-4_HGD-1,hjjncgkb-1,Cluster 5,0,143.33
Q1-TA-4_HGD-1,hjjncfbd-1,Cluster 5,0,95.73
Q1-TA-4_HGD-1,cjkgpphk-1,Cluster 5,0,166.13
Q1-TA-4_HGD-1,cgnfibnl-1,Cluster 12,0,120.84
Q1-TA-4_HGD-1,hjjmpebe-1,Cluster 5,0,106.88
Q1-TA-4_HGD-1,hjjnampa-1,Cluster 5,0,87.74
Q1-TA-4_HGD-1,cjkcfinn-1,Cluster 5,0,86.07
Q1-TA-4_HGD-1,cjkcbnag-1,Cluster 5,0,174.39
Q1-TA-4_HGD-1,cjkhcmfd-1,Cluster 5,0,92.16
Q1-TA-4_HGD-1,hjjkgaim-1,Cluster 5,0,23.17
Q1-TA-4_HGD-1,cjkhcjdl-1,Cluster 5,0,55.81
Q1-TA-4_HGD-1,cjkhgnen-1,Cluster 5,0,47.10
Q1-TA-4_HGD-1,cjkhigbl-1,Cluster 5,0,196.11
Q1-TA-4_HGD-1,hjjldhbd-1,Cluster 22,0,37.52
Q1-TA-4_HGD-1,hjjkmpfe-1,Cluster 5,0,128.83
Q1-TA-4_HGD-1,hjjkphap-1,Cluster 5,0,42.36
Q1-TA-4_HGD-1,cjkcjnma-1,Cluster 5,0,134.11
Q1-TA-4_HGD-1,hjjnaeim-1,Cluster 7,0,22.31
Q1-TA-4_HGD-1,cjkhihgg-1,Cluster 5,0,64.08
Q1-TA-4_HGD-1,cjkhkdhe-1,Cluster 4,0,99.16
Q1-TA-4_HGD-1,hjjlfbpd-1,Cluster 22,0,12.60
Q1-TA-4_HGD-1,cjkhjbka-1,Cluster 4,0,210.47
Q1-TA-4_HGD-1,hjjljhni-1,Cluster 14,0,20.41
Q1-TA-4_HGD-1,cgnfddnn-1,Cluster 5,0,27.77
Q1-TA-4_HGD-1,cjkckolh-1,Cluster 5,0,31.43
Q1-TA-4_HGD-1,cjkcliga-1,Cluster 5,0,72.20
Q1-TA-4_HGD-1,hjnedpnk-1,Cluster 5,0,83.86
Q1-TA-4_HGD-1,hjnehfgn-1,Cluster 5,0,103.63
Q1-TA-4_HGD-1,cgobbjml-1,Cluster 4,0,57.71
Q1-TA-4_HGD-1,cgoaebco-1,Cluster 5,0,49.72
Q1-TA-4_HGD-1,cgnomhpp-1,Cluster 5,0,39.83
Q1-TA-4_HGD-1,cgobgbni-1,Cluster 4,0,39.42
Q1-TA-4_HGD-1,cgnpjfpc-1,Cluster 5,0,69.00
Q1-TA-4_HGD-1,cgngfdho-1,Cluster 5,0,58.16
Q1-TA-4_HGD-1,cgnfncmk-1,Cluster 4,0,52.11
Q1-TA-4_HGD-1,cgngcpig-1,Cluster 5,0,94.38
Q1-TA-4_HGD-1,cgnghcej-1,Cluster 5,0,69.31
Q1-TA-4_HGD-1,cgoakpkc-1,Cluster 5,0,30.30
Q1-TA-4_HGD-1,cgnoilli-1,Cluster 5,0,82.55
Q1-TA-4_HGD-1,cgoajaho-1,Cluster 5,0,89.14
Q1-TA-4_HGD-1,cgnfjigd-1,Cluster 5,0,48.81
Q1-TA-4_HGD-1,cgnpiedm-1,Cluster 25,0,26.01
Q1-TA-4_HGD-1,cgobdjem-1,Cluster 25,0,22.62
Q1-TA-4_HGD-1,cgobemle-1,Cluster 2,0,69.27
Q1-TA-4_HGD-1,cgoakaeb-1,Cluster 5,0,17.97
Q1-TA-4_HGD-1,cgoagohe-1,Cluster 5,0,35.81
Q1-TA-4_HGD-1,cgoahifm-1,Cluster 5,0,37.30
Q1-TA-4_HGD-1,cgnokhjh-1,Cluster 5,0,57.08
Q1-TA-4_HGD-1,cgnopgbj-1,Cluster 4,0,27.82
Q1-TA-4_HGD-1,cgnplphb-1,Cluster 5,0,46.38
Q1-TA-4_HGD-1,cgnomalj-1,Cluster 5,0,91.31
Q1-TA-4_HGD-1,cgnnbkmh-1,Cluster 5,0,66.83
Q1-TA-4_HGD-1,cgnofmge-1,Cluster 5,0,100.92
Q1-TA-4_HGD-1,cgnpilck-1,Cluster 23,0,42.90
Q1-TA-4_HGD-1,cgnpikkb-1,Cluster 4,0,39.29
Q1-TA-4_HGD-1,cgnpfocc-1,Cluster 5,0,39.69
Q1-TA-4_HGD-1,cgoafpnd-1,Cluster 23,0,34.86
Q1-TA-4_HGD-1,cgnpgpfn-1,Cluster 2,0,34.23
Q1-TA-4_HGD-1,cgoalafg-1,Cluster 4,0,36.35
Q1-TA-4_HGD-1,cgnopice-1,Cluster 4,0,97.45
Q1-TA-4_HGD-1,cgnpffdm-1,Cluster 4,0,36.44
Q1-TA-4_HGD-1,cgnfhgad-1,Cluster 5,0,68.73
Q1-TA-4_HGD-1,cgnfmhhm-1,Cluster 5,0,52.52
Q1-TA-4_HGD-1,hjnencen-1,Cluster 5,0,38.02
Q1-TA-4_HGD-1,cglehige-1,Cluster 5,0,124.45
Q1-TA-4_HGD-1,hjndpehp-1,Cluster 5,0,51.79
Q1-TA-4_HGD-1,cgnfdhha-1,Cluster 13,0,82.18
Q1-TA-4_HGD-1,cgnfnokj-1,Cluster 5,0,48.95
Q1-TA-4_HGD-1,cglejmih-1,Cluster 5,0,39.02
Q1-TA-4_HGD-1,cgngndfn-1,Cluster 4,0,50.03
Q1-TA-4_HGD-1,cgnefgne-1,Cluster 5,0,186.77
Q1-TA-4_HGD-1,cglhndcl-1,Cluster 4,0,122.60
Q1-TA-4_HGD-1,cgnedgjk-1,Cluster 5,0,97.81
Q1-TA-4_HGD-1,hjnenkkj-1,Cluster 4,0,44.25
Q1-TA-4_HGD-1,cgngcbmb-1,Cluster 4,0,36.13
Q1-TA-4_HGD-1,hjnfcgin-1,Cluster 4,0,33.14
Q1-TA-4_HGD-1,cgnfoged-1,Cluster 5,0,127.70
Q1-TA-4_HGD-1,hjnfcfpf-1,Cluster 4,0,303.54
Q1-TA-4_HGD-1,cgngnogn-1,Cluster 4,0,48.05
Q1-TA-4_HGD-1,hjnfbggh-1,Cluster 5,0,78.62
Q1-TA-4_HGD-1,cglegedi-1,Cluster 5,0,162.88
Q1-TA-4_HGD-1,hjnemhkm-1,Cluster 4,0,38.92
Q1-TA-4_HGD-1,cgneiikd-1,Cluster 15,0,57.17
Q1-TA-4_HGD-1,cgleedlb-1,Cluster 4,0,201.26
Q1-TA-4_HGD-1,cgleciie-1,Cluster 2,0,77.08
Q1-TA-4_HGD-1,cgngbnjh-1,Cluster 5,0,135.51
Q1-TA-4_HGD-1,cjkcbmcj-1,Cluster 5,0,148.97
Q1-TA-4_HGD-1,cgnebkkk-1,Cluster 12,0,73.83
Q1-TA-4_HGD-1,hjnebink-1,Cluster 5,0,19.73
Q1-TA-4_HGD-1,cgnfnplp-1,Cluster 4,0,89.05
Q1-TA-4_HGD-1,cgnebldl-1,Cluster 5,0,191.91
Q1-TA-4_HGD-1,hjnfbaig-1,Cluster 5,0,153.08
Q1-TA-4_HGD-1,cgnfpeko-1,Cluster 4,0,54.86
Q1-TA-4_HGD-1,cgnfgkmb-1,Cluster 5,0,107.16
Q1-TA-4_HGD-1,cgnfokbh-1,Cluster 5,0,112.66
Q1-TA-4_HGD-1,cgoecpjm-1,Cluster 5,0,83.72
Q1-TA-4_HGD-1,cgocmkop-1,Cluster 5,0,54.14
Q1-TA-4_HGD-1,ofjghhdl-1,Cluster 7,0,107.88
Q1-TA-4_HGD-1,cgnmmdee-1,Cluster 4,0,30.03
Q1-TA-4_HGD-1,hlghblmd-1,Cluster 20,0,38.16
Q1-TA-4_HGD-1,hlhkgmhm-1,Cluster 4,0,39.02
Q1-TA-4_HGD-1,cgogecld-1,Cluster 5,0,36.80
Q1-TA-4_HGD-1,hlhkgdod-1,Cluster 4,0,27.86
Q1-TA-4_HGD-1,hlghbinb-1,Cluster 19,0,75.77
Q1-TA-4_HGD-1,cgoegcgd-1,Cluster 5,0,53.47
Q1-TA-4_HGD-1,cgodnifo-1,Cluster 5,0,28.81
Q1-TA-4_HGD-1,cgodibbe-1,Cluster 5,0,38.83
Q1-TA-4_HGD-1,cgodnbaf-1,Cluster 23,0,120.39
Q1-TA-4_HGD-1,cgocjilk-1,Cluster 23,0,79.16
Q1-TA-4_HGD-1,cgocpmmm-1,Cluster 23,0,73.88
Q1-TA-4_HGD-1,cgocphml-1,Cluster 5,0,121.92
Q1-TA-4_HGD-1,hlghlkgk-1,Cluster 5,0,60.64
Q1-TA-4_HGD-1,hlghknaa-1,Cluster 5,0,91.13
Q1-TA-4_HGD-1,cgodallh-1,Cluster 5,0,36.94
Q1-TA-4_HGD-1,hldigfae-1,Cluster 6,0,24.07
Q1-TA-4_HGD-1,cgofppho-1,Cluster 5,0,60.64
Q1-TA-4_HGD-1,cgofjnpj-1,Cluster 5,0,66.20
Q1-TA-4_HGD-1,cgogbhmm-1,Cluster 5,0,108.78
Q1-TA-4_HGD-1,cgogjebg-1,Cluster 5,0,79.11
Q1-TA-4_HGD-1,hldhccii-1,Cluster 6,0,36.80
Q1-TA-4_HGD-1,cgnofdgj-1,Cluster 5,0,119.12
Q1-TA-4_HGD-1,cgogchfk-1,Cluster 5,0,176.83
Q1-TA-4_HGD-1,hldhlgkj-1,Cluster 16,0,33.73
Q1-TA-4_HGD-1,hldhejna-1,Cluster 6,0,33.87
Q1-TA-4_HGD-1,hldfdbik-1,Cluster 16,0,79.29
Q1-TA-4_HGD-1,cgoghojf-1,Cluster 5,0,122.24
Q1-TA-4_HGD-1,hldfdjdl-1,Cluster 16,0,50.26
Q1-TA-4_HGD-1,hldioilf-1,Cluster 1,0,25.78
Q1-TA-4_HGD-1,hldibfjp-1,Cluster 1,0,18.79
Q1-TA-4_HGD-1,hldfbojb-1,Cluster 5,0,62.14
Q1-TA-4_HGD-1,cgnokmjl-1,Cluster 4,0,60.15
Q1-TA-4_HGD-1,hlddlgdd-1,Cluster 15,0,25.11
Q1-TA-4_HGD-1,hldfgopn-1,Cluster 25,0,48.18
Q1-TA-4_HGD-1,hlddjjaf-1,Cluster 15,0,45.61
Q1-TA-4_HGD-1,hldekkkj-1,Cluster 25,0,22.85
Q1-TA-4_HGD-1,hldedppn-1,Cluster 5,0,40.82
Q1-TA-4_HGD-1,hlddlaij-1,Cluster 6,0,29.53
Q1-TA-4_HGD-1,hldgepbj-1,Cluster 3,0,27.59
Q1-TA-4_HGD-1,hldegnef-1,Cluster 6,0,87.29
Q1-TA-4_HGD-1,hlddkdif-1,Cluster 6,0,22.17
Q1-TA-4_HGD-1,hlddpole-1,Cluster 5,0,49.90
Q1-TA-4_HGD-1,cgnmfeij-1,Cluster 5,0,29.49
Q1-TA-4_HGD-1,cgnmdbhf-1,Cluster 15,0,45.25
Q1-TA-4_HGD-1,hldedkeo-1,Cluster 9,0,35.00
Q1-TA-4_HGD-1,hldeadeg-1,Cluster 6,0,104.72
Q1-TA-4_HGD-1,hldgfkcp-1,Cluster 3,0,52.16
Q1-TA-4_HGD-1,hlghcaig-1,Cluster 20,0,54.28
Q1-TA-4_HGD-1,hlghfgof-1,Cluster 19,0,72.02
Q1-TA-4_HGD-1,hldgholk-1,Cluster 3,0,48.00
Q1-TA-4_HGD-1,cgoggmpd-1,Cluster 5,0,55.90
Q1-TA-4_HGD-1,hjnejonh-1,Cluster 3,0,56.13
Q1-TA-4_HGD-1,cglkiied-1,Cluster 5,0,78.71
Q1-TA-4_HGD-1,hjnelhil-1,Cluster 3,0,55.81
Q1-TA-4_HGD-1,cgngnkdm-1,Cluster 5,0,105.12
Q1-TA-4_HGD-1,hjndkedk-1,Cluster 4,0,12.78
Q1-TA-4_HGD-1,cgoelcmi-1,Cluster 5,0,75.77
Q1-TA-4_HGD-1,cgljpond-1,Cluster 5,0,149.51
Q1-TA-4_HGD-1,hjndccge-1,Cluster 15,0,60.01
Q1-TA-4_HGD-1,hjnejkja-1,Cluster 15,0,24.84
Q1-TA-4_HGD-1,cglkjiif-1,Cluster 25,0,38.88
Q1-TA-4_HGD-1,hjndjnda-1,Cluster 6,0,124.13
Q1-TA-4_HGD-1,cgllemep-1,Cluster 12,0,167.94
Q1-TA-4_HGD-1,cgngkdma-1,Cluster 12,0,87.42
Q1-TA-4_HGD-1,hjndeenj-1,Cluster 15,0,33.01
Q1-TA-4_HGD-1,cgoeljng-1,Cluster 5,0,100.65
Q1-TA-4_HGD-1,cglldkla-1,Cluster 23,0,66.52
Q1-TA-4_HGD-1,hjnemdbh-1,Cluster 6,0,65.93
Q1-TA-4_HGD-1,hjndjehf-1,Cluster 5,0,50.98
Q1-TA-4_HGD-1,cglkjpkp-1,Cluster 5,0,72.57
Q1-TA-4_HGD-1,cglkooge-1,Cluster 5,0,53.92
Q1-TA-4_HGD-1,cgllaanb-1,Cluster 5,0,91.04
Q1-TA-4_HGD-1,cglkdpkn-1,Cluster 23,0,72.79
Q1-TA-4_HGD-1,hjnehpda-1,Cluster 6,0,42.72
Q1-TA-4_HGD-1,cglkjgfj-1,Cluster 5,0,115.19
Q1-TA-4_HGD-1,cgoemnbl-1,Cluster 23,0,82.82
Q1-TA-4_HGD-1,cgogjkfk-1,Cluster 5,0,120.34
Q1-TA-4_HGD-1,cgoeklen-1,Cluster 4,0,24.38
Q1-TA-4_HGD-1,cgogmdml-1,Cluster 5,0,97.85
Q1-TA-4_HGD-1,cgofaioo-1,Cluster 5,0,75.73
Q1-TA-4_HGD-1,cgofalie-1,Cluster 5,0,37.30
Q1-TA-4_HGD-1,cgofcblk-1,Cluster 5,0,134.97
Q1-TA-4_HGD-1,cgofncgj-1,Cluster 5,0,111.85
Q1-TA-4_HGD-1,cgofnpjf-1,Cluster 5,0,66.52
Q1-TA-4_HGD-1,cgofefce-1,Cluster 25,0,47.46
Q1-TA-4_HGD-1,hjoeadee-1,Cluster 1,0,21.27
Q1-TA-4_HGD-1,hjodfdmb-1,Cluster 10,0,40.23
Q1-TA-4_HGD-1,hjodofbo-1,Cluster 10,0,36.94
Q1-TA-4_HGD-1,cgobkaec-1,Cluster 15,0,51.75
Q1-TA-4_HGD-1,cgobjmpb-1,Cluster 15,0,47.73
Q1-TA-4_HGD-1,cgofmhhm-1,Cluster 2,0,41.00
Q1-TA-4_HGD-1,gjmleclo-1,Cluster 6,0,61.50
Q1-TA-4_HGD-1,gjmlfbad-1,Cluster 1,0,25.87
Q1-TA-4_HGD-1,gjmldhic-1,Cluster 20,0,38.07
Q1-TA-4_HGD-1,cgocccnm-1,Cluster 15,0,53.06
Q1-TA-4_HGD-1,cgocgnfp-1,Cluster 15,0,50.44
Q1-TA-4_HGD-1,hldcmnip-1,Cluster 3,0,52.43
Q1-TA-4_HGD-1,hldcocjj-1,Cluster 3,0,31.20
Q1-TA-4_HGD-1,hldgafnd-1,Cluster 3,0,37.89
Q1-TA-4_HGD-1,hldhpmgi-1,Cluster 1,0,24.97
Q1-TA-4_HGD-1,cgobknaj-1,Cluster 6,0,47.87
Q1-TA-4_HGD-1,cgobljlf-1,Cluster 5,0,125.08
Q1-TA-4_HGD-1,hldcijgk-1,Cluster 1,0,23.12
Q1-TA-4_HGD-1,hlddcjcc-1,Cluster 3,0,41.81
Q1-TA-4_HGD-1,cgocjffc-1,Cluster 5,0,31.38
Q1-TA-4_HGD-1,hldinlcj-1,Cluster 9,0,8.26
Q1-TA-4_HGD-1,cgoccgfe-1,Cluster 10,0,56.49
Q1-TA-4_HGD-1,hldikfjm-1,Cluster 19,0,111.17
Q1-TA-4_HGD-1,hldflepi-1,Cluster 19,0,47.32
Q1-TA-4_HGD-1,hldfmmci-1,Cluster 6,0,113.30
Q1-TA-4_HGD-1,cgodople-1,Cluster 23,0,68.32
Q1-TA-4_HGD-1,hldfomlg-1,Cluster 6,0,56.81
Q1-TA-4_HGD-1,hlddaifn-1,Cluster 10,0,85.57
Q1-TA-4_HGD-1,hldhbpjg-1,Cluster 3,0,24.75
Q1-TA-4_HGD-1,hldgdkoo-1,Cluster 19,0,52.88
Q1-TA-4_HGD-1,cgoedaao-1,Cluster 5,0,23.89
Q1-TA-4_HGD-1,cgoghock-1,Cluster 15,0,55.99
Q1-TA-4_HGD-1,hldigcno-1,Cluster 15,0,29.22
Q1-TA-4_HGD-1,cgoedjei-1,Cluster 5,0,16.57
Q1-TA-4_HGD-1,cgobnpmm-1,Cluster 5,0,40.32
Q1-TA-4_HGD-1,hjnehjle-1,Cluster 10,0,48.05
Q1-TA-4_HGD-1,cglldamn-1,Cluster 5,0,107.92
Q1-TA-4_HGD-1,cgogklhn-1,Cluster 15,0,32.42
Q1-TA-4_HGD-1,cgllpidk-1,Cluster 5,0,96.68
Q1-TA-4_HGD-1,cglmeinb-1,Cluster 5,0,146.08
Q1-TA-4_HGD-1,cglmfgdg-1,Cluster 5,0,105.76
Q1-TA-4_HGD-1,hjoffiam-1,Cluster 4,0,25.78
Q1-TA-4_HGD-1,hjncjgol-1,Cluster 2,0,30.44
Q1-TA-4_HGD-1,hjoclkcg-1,Cluster 20,0,94.96
Q1-TA-4_HGD-1,cgobhpmd-1,Cluster 15,0,54.50
Q1-TA-4_HGD-1,hjncmebp-1,Cluster 5,0,110.50
Q1-TA-4_HGD-1,hjndbeid-1,Cluster 10,0,63.04
Q1-TA-4_HGD-1,hjndanib-1,Cluster 24,0,88.37
Q1-TA-4_HGD-1,hjncnmpb-1,Cluster 5,0,87.78
Q1-TA-4_HGD-1,hjoffcoc-1,Cluster 10,0,52.16
Q1-TA-4_HGD-1,cglmfeng-1,Cluster 5,0,82.73
Q1-TA-4_HGD-1,hjndgloc-1,Cluster 5,0,70.17
Q1-TA-4_HGD-1,cgllpbie-1,Cluster 5,0,78.89
Q1-TA-4_HGD-1,hjoeaeil-1,Cluster 15,0,30.12
Q1-TA-4_HGD-1,hjodlkcc-1,Cluster 15,0,38.29
Q1-TA-4_HGD-1,hjncmhhe-1,Cluster 5,0,77.17
Q1-TA-4_HGD-1,hjoegihi-1,Cluster 15,0,39.24
Q1-TA-4_HGD-1,hjndfagj-1,Cluster 10,0,68.14
Q1-TA-4_HGD-1,cgllognf-1,Cluster 5,0,119.94
Q1-TA-4_HGD-1,hjoffaib-1,Cluster 6,0,47.73
Q1-TA-4_HGD-1,hjoegjnk-1,Cluster 24,0,91.13
Q1-TA-4_HGD-1,hjoeldki-1,Cluster 6,0,87.33
Q1-TA-4_HGD-1,hjodaklo-1,Cluster 3,0,30.84
Q1-TA-4_HGD-1,hjocpbge-1,Cluster 1,0,28.58
Q1-TA-4_HGD-1,hjoebnfn-1,Cluster 10,0,23.89
Q1-TA-4_HGD-1,cgobkegp-1,Cluster 15,0,43.94
Q1-TA-4_HGD-1,cgoglnkc-1,Cluster 5,0,93.38
Q1-TA-4_HGD-1,hjodleon-1,Cluster 6,0,40.46
Q1-TA-4_HGD-1,hjodmifd-1,Cluster 10,0,30.21
Q1-TA-4_HGD-1,hjonajpf-1,Cluster 20,0,24.97
Q1-TA-4_HGD-1,cgndpnke-1,Cluster 5,0,209.21
Q1-TA-4_HGD-1,hjobobdb-1,Cluster 1,0,9.21
Q1-TA-4_HGD-1,cglioeno-1,Cluster 5,0,87.33
Q1-TA-4_HGD-1,cgldfmbb-1,Cluster 5,0,25.38
Q1-TA-4_HGD-1,cgljbobg-1,Cluster 5,0,83.63
Q1-TA-4_HGD-1,cgljdjmc-1,Cluster 5,0,74.01
Q1-TA-4_HGD-1,cgljeife-1,Cluster 4,0,98.89
Q1-TA-4_HGD-1,cjlalkjp-1,Cluster 5,0,48.18
Q1-TA-4_HGD-1,hjobndab-1,Cluster 5,0,52.43
Q1-TA-4_HGD-1,cglhokma-1,Cluster 5,0,54.77
Q1-TA-4_HGD-1,cgljbalo-1,Cluster 5,0,77.22
Q1-TA-4_HGD-1,cglijgon-1,Cluster 5,0,94.20
Q1-TA-4_HGD-1,cglibiho-1,Cluster 5,0,66.02
Q1-TA-4_HGD-1,cglijemi-1,Cluster 5,0,98.49
Q1-TA-4_HGD-1,cjlbapho-1,Cluster 5,0,50.17
Q1-TA-4_HGD-1,cglifink-1,Cluster 4,0,34.36
Q1-TA-4_HGD-1,cgldcmah-1,Cluster 5,0,54.82
Q1-TA-4_HGD-1,cglhopea-1,Cluster 5,0,53.87
Q1-TA-4_HGD-1,cjlapngc-1,Cluster 8,0,65.48
Q1-TA-4_HGD-1,cjlapoal-1,Cluster 5,0,55.99
Q1-TA-4_HGD-1,cglhoafg-1,Cluster 5,0,111.22
Q1-TA-4_HGD-1,cglioenl-1,Cluster 5,0,129.78
Q1-TA-4_HGD-1,cglikodi-1,Cluster 25,0,44.30
Q1-TA-4_HGD-1,cglhiobk-1,Cluster 5,0,77.04
Q1-TA-4_HGD-1,cglikbmj-1,Cluster 5,0,104.13
Q1-TA-4_HGD-1,cglinlca-1,Cluster 5,0,90.72
Q1-TA-4_HGD-1,cglcgfec-1,Cluster 5,0,98.49
Q1-TA-4_HGD-1,hjnnehcp-1,Cluster 5,0,55.14
Q1-TA-4_HGD-1,cglccimi-1,Cluster 8,0,149.87
Q1-TA-4_HGD-1,cglcacil-1,Cluster 25,0,62.54
Q1-TA-4_HGD-1,ofikgjig-1,Cluster 22,0,17.75
Q1-TA-4_HGD-1,cglcecfo-1,Cluster 4,0,136.60
Q1-TA-4_HGD-1,cglcdjck-1,Cluster 4,0,80.92
Q1-TA-4_HGD-1,cglhiedk-1,Cluster 5,0,34.54
Q1-TA-4_HGD-1,cglccngj-1,Cluster 8,0,106.39
Q1-TA-4_HGD-1,cglhhiig-1,Cluster 5,0,109.32
Q1-TA-4_HGD-1,cglhhnne-1,Cluster 8,0,37.16
Q1-TA-4_HGD-1,cgndedgg-1,Cluster 5,0,130.10
Q1-TA-4_HGD-1,hjnnkjgb-1,Cluster 5,0,71.71
Q1-TA-4_HGD-1,hjnofgjm-1,Cluster 15,0,38.43
Q1-TA-4_HGD-1,cgnchppl-1,Cluster 5,0,63.44
Q1-TA-4_HGD-1,cgndkomj-1,Cluster 4,0,234.45
Q1-TA-4_HGD-1,hjoaiegi-1,Cluster 5,0,36.53
Q1-TA-4_HGD-1,cgndkddp-1,Cluster 4,0,88.78
Q1-TA-4_HGD-1,cgldlhln-1,Cluster 5,0,61.23
Q1-TA-4_HGD-1,hjoahjdm-1,Cluster 5,0,82.77
Q1-TA-4_HGD-1,cgldjjof-1,Cluster 5,0,52.79
Q1-TA-4_HGD-1,cglmkdfo-1,Cluster 12,0,77.53
Q1-TA-4_HGD-1,cgndhjek-1,Cluster 5,0,79.52
Q1-TA-4_HGD-1,cgndjkih-1,Cluster 4,0,49.31
Q1-TA-4_HGD-1,cgldegao-1,Cluster 4,0,50.76
Q1-TA-4_HGD-1,cglmfgog-1,Cluster 5,0,197.38
Q1-TA-4_HGD-1,cglnbbcg-1,Cluster 5,0,173.94
Q1-TA-4_HGD-1,hjoaeema-1,Cluster 4,0,45.92
Q1-TA-4_HGD-1,hjoajeed-1,Cluster 5,0,84.62
Q1-TA-4_HGD-1,cglmgdhf-1,Cluster 5,0,59.47
Q1-TA-4_HGD-1,cglekhcb-1,Cluster 5,0,39.56
Q1-TA-4_HGD-1,hjnpoiml-1,Cluster 4,0,68.59
Q1-TA-4_HGD-1,cgleegdm-1,Cluster 4,0,150.73
Q1-TA-4_HGD-1,hjnppbng-1,Cluster 5,0,26.69
Q1-TA-4_HGD-1,cglegomd-1,Cluster 5,0,58.48
Q1-TA-4_HGD-1,cglmkcja-1,Cluster 2,0,42.04
Q1-TA-4_HGD-1,cgllcdjc-1,Cluster 4,0,89.73
Q1-TA-4_HGD-1,cglmkbhj-1,Cluster 4,0,42.85
Q1-TA-4_HGD-1,cglkkjbn-1,Cluster 5,0,56.81
Q1-TA-4_HGD-1,hjnpncce-1,Cluster 5,0,67.55
Q1-TA-4_HGD-1,cgldnadm-1,Cluster 5,0,85.12
Q1-TA-4_HGD-1,cgldnldf-1,Cluster 5,0,80.11
Q1-TA-4_HGD-1,hjnpleok-1,Cluster 4,0,34.50
Q1-TA-4_HGD-1,cgleaici-1,Cluster 4,0,44.80
Q1-TA-4_HGD-1,cglepckg-1,Cluster 5,0,45.70
Q1-TA-4_HGD-1,hjnpnkfo-1,Cluster 4,0,33.91
Q1-TA-4_HGD-1,hjoafgom-1,Cluster 5,0,15.40
Q1-TA-4_HGD-1,cgloafek-1,Cluster 5,0,18.33
Q1-TA-4_HGD-1,cgllcmmn-1,Cluster 5,0,176.38
Q1-TA-4_HGD-1,cglnpdng-1,Cluster 5,0,49.58
Q1-TA-4_HGD-1,cgldpkeb-1,Cluster 2,0,42.18
Q1-TA-4_HGD-1,hjnocggl-1,Cluster 5,0,45.65
Q1-TA-4_HGD-1,hjnoflnp-1,Cluster 22,0,10.61
Q1-TA-4_HGD-1,cglcdkbf-1,Cluster 8,0,123.64
Q1-TA-4_HGD-1,hjnoflkl-1,Cluster 1,0,43.67
Q1-TA-4_HGD-1,hjnoinlb-1,Cluster 3,0,104.09
Q1-TA-4_HGD-1,hjnofkga-1,Cluster 6,0,27.86
Q1-TA-4_HGD-1,cglcbilc-1,Cluster 5,0,143.64
Q1-TA-4_HGD-1,cgmemdib-1,Cluster 4,0,30.48
Q1-TA-4_HGD-1,hjnoembg-1,Cluster 25,0,25.87
Q1-TA-4_HGD-1,hjnnmdnm-1,Cluster 25,0,40.37
Q1-TA-4_HGD-1,cgmeibdn-1,Cluster 5,0,48.05
Q1-TA-4_HGD-1,cgmekngi-1,Cluster 2,0,49.49
Q1-TA-4_HGD-1,cgmecnge-1,Cluster 8,0,33.82
Q1-TA-4_HGD-1,hjnnkmme-1,Cluster 5,0,47.28
Q1-TA-4_HGD-1,cgmeambj-1,Cluster 25,0,20.50
Q1-TA-4_HGD-1,cgndlcmp-1,Cluster 4,0,80.69
Q1-TA-4_HGD-1,hjnofdkg-1,Cluster 5,0,220.00
Q1-TA-4_HGD-1,hjnoaoel-1,Cluster 18,0,19.51
Q1-TA-4_HGD-1,cgmenlel-1,Cluster 5,0,176.34
Q1-TA-4_HGD-1,cgmdpfja-1,Cluster 5,0,25.87
Q1-TA-4_HGD-1,hjoaohcc-1,Cluster 4,0,170.92
Q1-TA-4_HGD-1,hjnoahig-1,Cluster 8,0,26.28
Q1-TA-4_HGD-1,hjobllbi-1,Cluster 8,0,34.63
Q1-TA-4_HGD-1,cglccfgl-1,Cluster 4,0,93.20
Q1-TA-4_HGD-1,cgmefcam-1,Cluster 4,0,16.08
Q1-TA-4_HGD-1,cgmedoeb-1,Cluster 4,0,21.99
Q1-TA-4_HGD-1,hjoalbcm-1,Cluster 4,0,49.63
Q1-TA-4_HGD-1,hjoaneej-1,Cluster 4,0,24.07
Q1-TA-4_HGD-1,cgmeadhe-1,Cluster 5,0,17.11
Q1-TA-4_HGD-1,hjobkhii-1,Cluster 4,0,30.98
Q1-TA-4_HGD-1,hjobjikk-1,Cluster 5,0,50.94
Q1-TA-4_HGD-1,cgldmhkk-1,Cluster 5,0,121.79
Q1-TA-4_HGD-1,cgldgpdn-1,Cluster 4,0,134.48
Q1-TA-4_HGD-1,cgldabjo-1,Cluster 5,0,65.21
Q1-TA-4_HGD-1,hjoegfld-1,Cluster 4,0,35.40
Q1-TA-4_HGD-1,cgnchbmp-1,Cluster 5,0,33.64
Q1-TA-4_HGD-1,cglpeojb-1,Cluster 5,0,72.25
Q1-TA-4_HGD-1,hjoeejij-1,Cluster 4,0,68.37
Q1-TA-4_HGD-1,cglodpfc-1,Cluster 5,0,146.71
Q1-TA-4_HGD-1,cgljemhh-1,Cluster 5,0,119.39
Q1-TA-4_HGD-1,cgloegpm-1,Cluster 5,0,35.81
Q1-TA-4_HGD-1,cgmmeibo-1,Cluster 23,0,95.82
Q1-TA-4_HGD-1,cglofgnm-1,Cluster 4,0,36.35
Q1-TA-4_HGD-1,hjndigib-1,Cluster 7,0,5.15
Q1-TA-4_HGD-1,cgljmnmf-1,Cluster 5,0,202.93
Q1-TA-4_HGD-1,cgllkdlp-1,Cluster 2,0,53.47
Q1-TA-4_HGD-1,cgljnigg-1,Cluster 5,0,106.98
Q1-TA-4_HGD-1,hjncdijf-1,Cluster 5,0,40.41
Q1-TA-4_HGD-1,cgmmbnde-1,Cluster 5,0,78.44
Q1-TA-4_HGD-1,cglohlcm-1,Cluster 5,0,59.15
Q1-TA-4_HGD-1,hjnchjgm-1,Cluster 4,0,30.93
Q1-TA-4_HGD-1,cgljfiip-1,Cluster 25,0,37.39
Q1-TA-4_HGD-1,hjnbpgcp-1,Cluster 5,0,91.94
Q1-TA-4_HGD-1,cgljiice-1,Cluster 5,0,47.14
Q1-TA-4_HGD-1,cgljlaan-1,Cluster 5,0,117.00
Q1-TA-4_HGD-1,cgljelgc-1,Cluster 5,0,43.17
Q1-TA-4_HGD-1,cgljgaan-1,Cluster 5,0,167.12
Q1-TA-4_HGD-1,cgljpgie-1,Cluster 15,0,26.06
Q1-TA-4_HGD-1,hjofgojb-1,Cluster 5,0,19.46
Q1-TA-4_HGD-1,hjncgeoo-1,Cluster 5,0,75.23
Q1-TA-4_HGD-1,hjofibhj-1,Cluster 5,0,29.94
Q1-TA-4_HGD-1,cglllcfg-1,Cluster 5,0,198.46
Q1-TA-4_HGD-1,cgllfdbe-1,Cluster 5,0,92.62
Q1-TA-4_HGD-1,cglljddn-1,Cluster 5,0,104.40
Q1-TA-4_HGD-1,cgllgmif-1,Cluster 5,0,75.68
Q1-TA-4_HGD-1,cglnmjbm-1,Cluster 5,0,47.64
Q1-TA-4_HGD-1,cglnkbna-1,Cluster 5,0,48.77
Q1-TA-4_HGD-1,cglnhean-1,Cluster 5,0,51.52
Q1-TA-4_HGD-1,cgloajma-1,Cluster 5,0,55.09
Q1-TA-4_HGD-1,cgloibkj-1,Cluster 5,0,101.24
Q1-TA-4_HGD-1,cgmehnab-1,Cluster 4,0,46.29
Q1-TA-4_HGD-1,cgmafjeb-1,Cluster 8,0,42.94
Q1-TA-4_HGD-1,hjocccpo-1,Cluster 5,0,23.03
Q1-TA-4_HGD-1,cgmabmai-1,Cluster 5,0,43.76
Q1-TA-4_HGD-1,cgmalcam-1,Cluster 5,0,37.30
Q1-TA-4_HGD-1,hjofeomn-1,Cluster 5,0,75.73
Q1-TA-4_HGD-1,cglpclld-1,Cluster 5,0,82.05
Q1-TA-4_HGD-1,hjofafme-1,Cluster 5,0,14.27
Q1-TA-4_HGD-1,hjoenbpf-1,Cluster 2,0,36.08
Q1-TA-4_HGD-1,cgmefihi-1,Cluster 5,0,38.11
Q1-TA-4_HGD-1,cgmalpak-1,Cluster 5,0,36.58
Q1-TA-4_HGD-1,cglpphak-1,Cluster 4,0,15.99
Q1-TA-4_HGD-1,cglpkkjk-1,Cluster 5,0,38.88
Q1-TA-4_HGD-1,cglonmgb-1,Cluster 5,0,37.39
Q1-TA-4_HGD-1,cglpnaem-1,Cluster 5,0,56.08
Q1-TA-4_HGD-1,cglpegij-1,Cluster 8,0,45.47
Q1-TA-4_HGD-1,cgmoppnm-1,Cluster 5,0,61.05
Q1-TA-4_HGD-1,cgmefcfa-1,Cluster 8,0,84.08
Q1-TA-4_HGD-1,cgmehhfj-1,Cluster 5,0,65.30
Q1-TA-4_HGD-1,hjohoggl-1,Cluster 8,0,33.19
Q1-TA-4_HGD-1,cgmadjoc-1,Cluster 2,0,35.72
Q1-TA-4_HGD-1,cglphphd-1,Cluster 15,0,18.38
Q1-TA-4_HGD-1,cgmmjkhe-1,Cluster 5,0,120.34
Q1-TA-4_HGD-1,cglomemb-1,Cluster 5,0,47.46
Q1-TA-4_HGD-1,cglpepea-1,Cluster 8,0,65.61
Q1-TA-4_HGD-1,cgmdadee-1,Cluster 4,0,14.13
Q1-TA-4_HGD-1,cglokcac-1,Cluster 5,0,40.87
Q1-TA-4_HGD-1,cglpnehk-1,Cluster 4,0,35.31
Q1-TA-4_HGD-1,cglpmdng-1,Cluster 5,0,41.41
Q1-TA-4_HGD-1,cglokpkg-1,Cluster 5,0,71.62
Q1-TA-4_HGD-1,cgmmlbfo-1,Cluster 5,0,41.95
Q1-TA-4_HGD-1,hjohnmbg-1,Cluster 8,0,16.66
Q1-TA-4_HGD-1,cgnchaen-1,Cluster 5,0,78.89
Q1-TA-4_HGD-1,cgphlddh-1,Cluster 5,0,124.04
Q1-TA-4_HGD-1,hjnnddfa-1,Cluster 7,0,29.08
Q1-TA-4_HGD-1,hjnpdolc-1,Cluster 22,0,29.58
Q1-TA-4_HGD-1,hjnngegh-1,Cluster 5,0,202.93
Q1-TA-4_HGD-1,hjnnfade-1,Cluster 5,0,148.84
Q1-TA-4_HGD-1,cgndgili-1,Cluster 5,0,168.93
Q1-TA-4_HGD-1,hjnnfadb-1,Cluster 5,0,22.98
Q1-TA-4_HGD-1,cgnbnkha-1,Cluster 5,0,57.03
Q1-TA-4_HGD-1,cglboknk-1,Cluster 5,0,61.82
Q1-TA-4_HGD-1,hjnpadoo-1,Cluster 5,0,115.78
Q1-TA-4_HGD-1,cgndlejg-1,Cluster 4,0,81.69
Q1-TA-4_HGD-1,hjnodgao-1,Cluster 4,0,32.74
Q1-TA-4_HGD-1,cgndpjna-1,Cluster 5,0,87.42
Q1-TA-4_HGD-1,cglcbkgf-1,Cluster 5,0,179.18
Q1-TA-4_HGD-1,hjnolonc-1,Cluster 22,0,19.69
Q1-TA-4_HGD-1,hjnoegnl-1,Cluster 25,0,17.20
Q1-TA-4_HGD-1,hjnoinle-1,Cluster 22,0,20.14
Q1-TA-4_HGD-1,hjnpihik-1,Cluster 5,0,64.30
Q1-TA-4_HGD-1,cgnakddc-1,Cluster 5,0,75.19
Q1-TA-4_HGD-1,hjnocmje-1,Cluster 5,0,149.78
Q1-TA-4_HGD-1,hjnodoof-1,Cluster 25,0,25.24
Q1-TA-4_HGD-1,cgndhegg-1,Cluster 5,0,125.04
Q1-TA-4_HGD-1,cgndginp-1,Cluster 5,0,60.78
Q1-TA-4_HGD-1,cgndpkik-1,Cluster 4,0,37.75
Q1-TA-4_HGD-1,hjnophbb-1,Cluster 5,0,31.34
Q1-TA-4_HGD-1,cgnbocnp-1,Cluster 5,0,65.39
Q1-TA-4_HGD-1,hjnoljhl-1,Cluster 6,0,77.89
Q1-TA-4_HGD-1,hjohopaj-1,Cluster 6,0,127.25
Q1-TA-4_HGD-1,hjnnenna-1,Cluster 5,0,116.50
Q1-TA-4_HGD-1,cgnahpjf-1,Cluster 5,0,177.69
Q1-TA-4_HGD-1,cgnajibf-1,Cluster 5,0,112.53
Q1-TA-4_HGD-1,cgndppjl-1,Cluster 5,0,72.88
Q1-TA-4_HGD-1,cgndfbhe-1,Cluster 5,0,102.55
Q1-TA-4_HGD-1,cgnebkef-1,Cluster 5,0,101.15
Q1-TA-4_HGD-1,hjnpaijp-1,Cluster 5,0,55.59
Q1-TA-4_HGD-1,cgnbofco-1,Cluster 5,0,41.63
Q1-TA-4_HGD-1,hjohlbdi-1,Cluster 5,0,96.00
Q1-TA-4_HGD-1,hjohldbe-1,Cluster 5,0,46.51
Q1-TA-4_HGD-1,cgnbhfmd-1,Cluster 5,0,116.19
Q1-TA-4_HGD-1,hjofogbh-1,Cluster 5,0,80.11
Q1-TA-4_HGD-1,hjoghkfp-1,Cluster 5,0,41.86
Q1-TA-4_HGD-1,cgphieke-1,Cluster 5,0,106.07
Q1-TA-4_HGD-1,hjognemf-1,Cluster 5,0,113.12
Q1-TA-4_HGD-1,hjogncce-1,Cluster 5,0,156.20
Q1-TA-4_HGD-1,hjogkcmf-1,Cluster 5,0,143.91
Q1-TA-4_HGD-1,hjoghecf-1,Cluster 5,0,41.72
Q1-TA-4_HGD-1,cgnamhdb-1,Cluster 5,0,124.41
Q1-TA-4_HGD-1,ofikkloo-1,Cluster 22,0,12.91
Q1-TA-4_HGD-1,ofikdplf-1,Cluster 11,0,20.09
Q1-TA-4_HGD-1,ofikilpi-1,Cluster 22,0,23.39
Q1-TA-4_HGD-1,ofiklekc-1,Cluster 1,0,33.14
Q1-TA-4_HGD-1,hjogdpie-1,Cluster 14,0,23.71
Q1-TA-4_HGD-1,hjnpjfia-1,Cluster 5,0,116.41
Q1-TA-4_HGD-1,hjofphch-1,Cluster 22,0,13.01
Q1-TA-4_HGD-1,hjnpcbak-1,Cluster 14,0,45.65
Q1-TA-4_HGD-1,ofikongo-1,Cluster 22,0,36.35
Q1-TA-4_HGD-1,cgnalmje-1,Cluster 5,0,50.53
Q1-TA-4_HGD-1,hjogfcim-1,Cluster 8,0,47.01
Q1-TA-4_HGD-1,ofikolak-1,Cluster 22,0,22.98
Q1-TA-4_HGD-1,hjojneab-1,Cluster 5,0,127.11
Q1-TA-4_HGD-1,hjoggfdb-1,Cluster 22,0,14.04
Q1-TA-4_HGD-1,hjogcdcp-1,Cluster 5,0,96.00
Q1-TA-4_HGD-1,ofikkljk-1,Cluster 22,0,11.29
Q1-TA-4_HGD-1,ofikdnap-1,Cluster 14,0,9.57
Q1-TA-4_HGD-1,ofikljnb-1,Cluster 22,0,20.59
Q1-TA-4_HGD-1,ofilabci-1,Cluster 22,0,28.76
Q1-TA-4_HGD-1,hjofpobm-1,Cluster 5,0,84.22
Q1-TA-4_HGD-1,ofikmaap-1,Cluster 14,0,133.75
Q1-TA-4_HGD-1,hjnndnbp-1,Cluster 1,0,30.12
Q1-TA-4_HGD-1,hjnpfekd-1,Cluster 14,0,9.08
Q1-TA-4_HGD-1,hjobpnlh-1,Cluster 15,0,65.52
Q1-TA-4_HGD-1,hjojlmcl-1,Cluster 5,0,152.85
Q1-TA-4_HGD-1,cgncbgfh-1,Cluster 5,0,83.99
Q1-TA-4_HGD-1,hjoimmon-1,Cluster 5,0,31.56
Q1-TA-4_HGD-1,hjoikmni-1,Cluster 8,0,101.01
Q1-TA-4_HGD-1,hjojlfba-1,Cluster 5,0,27.18
Q1-TA-4_HGD-1,hjojmaam-1,Cluster 5,0,103.99
Q1-TA-4_HGD-1,cgncohmh-1,Cluster 2,0,59.97
Q1-TA-4_HGD-1,hjockpho-1,Cluster 5,0,35.81
Q1-TA-4_HGD-1,cgndclma-1,Cluster 5,0,71.03
Q1-TA-4_HGD-1,cgndbkmj-1,Cluster 5,0,36.71
Q1-TA-4_HGD-1,cgnddhdk-1,Cluster 5,0,102.01
Q1-TA-4_HGD-1,cgndbhlj-1,Cluster 5,0,40.32
Q1-TA-4_HGD-1,hjocidlp-1,Cluster 5,0,93.70
Q1-TA-4_HGD-1,cgndadgg-1,Cluster 5,0,57.75
Q1-TA-4_HGD-1,hjochaif-1,Cluster 5,0,68.95
Q1-TA-4_HGD-1,cgncdefm-1,Cluster 5,0,79.34
Q1-TA-4_HGD-1,cgncggpg-1,Cluster 5,0,120.07
Q1-TA-4_HGD-1,hjofjhff-1,Cluster 5,0,145.45
Q1-TA-4_HGD-1,cgnbihcg-1,Cluster 5,0,111.27
Q1-TA-4_HGD-1,cgnblooj-1,Cluster 5,0,94.29
Q1-TA-4_HGD-1,cgnckeih-1,Cluster 5,0,80.15
Q1-TA-4_HGD-1,cgncifof-1,Cluster 5,0,73.33
Q1-TA-4_HGD-1,cgnckakl-1,Cluster 5,0,168.75
Q1-TA-4_HGD-1,cgncjlbo-1,Cluster 12,0,62.50
Q1-TA-4_HGD-1,cgmgijgc-1,Cluster 5,0,56.40
Q1-TA-4_HGD-1,cgncjaoh-1,Cluster 5,0,123.19
Q1-TA-4_HGD-1,cgncnbng-1,Cluster 5,0,106.84
Q1-TA-4_HGD-1,cgncmbje-1,Cluster 5,0,129.24
Q1-TA-4_HGD-1,cgncnkdm-1,Cluster 5,0,128.70
Q1-TA-4_HGD-1,hjocdkkn-1,Cluster 1,0,6.95
Q1-TA-4_HGD-1,cgmgjebe-1,Cluster 15,0,54.55
Q1-TA-4_HGD-1,hjoihlgm-1,Cluster 5,0,49.63
Q1-TA-4_HGD-1,hjoccjeo-1,Cluster 8,0,29.31
Q1-TA-4_HGD-1,cgncjpbp-1,Cluster 5,0,115.83
Q1-TA-4_HGD-1,hjonckhg-1,Cluster 20,0,103.54
Q1-TA-4_HGD-1,hjonpcka-1,Cluster 5,0,57.08
Q1-TA-4_HGD-1,cgpcokij-1,Cluster 6,0,145.45
Q1-TA-4_HGD-1,hjomnmmn-1,Cluster 19,0,50.85
Q1-TA-4_HGD-1,hjomohie-1,Cluster 20,0,86.07
Q1-TA-4_HGD-1,cgnbiahc-1,Cluster 15,0,29.98
Q1-TA-4_HGD-1,hjohkkgb-1,Cluster 5,0,94.38
Q1-TA-4_HGD-1,hjohclih-1,Cluster 5,0,46.96
Q1-TA-4_HGD-1,hjohnked-1,Cluster 5,0,42.76
Q1-TA-4_HGD-1,cgnadbmm-1,Cluster 5,0,75.77
Q1-TA-4_HGD-1,cgnahldo-1,Cluster 5,0,93.52
Q1-TA-4_HGD-1,hjommjcp-1,Cluster 19,0,92.43
Q1-TA-4_HGD-1,hjokgean-1,Cluster 19,0,118.81
Q1-TA-4_HGD-1,cgphkmcp-1,Cluster 5,0,114.52
Q1-TA-4_HGD-1,hjohccjg-1,Cluster 20,0,94.11
Q1-TA-4_HGD-1,cgnbbjeb-1,Cluster 5,0,121.20
Q1-TA-4_HGD-1,hjojjean-1,Cluster 4,0,72.79
Q1-TA-4_HGD-1,hjojjihb-1,Cluster 5,0,63.72
Q1-TA-4_HGD-1,hjoiejbi-1,Cluster 5,0,137.50
Q1-TA-4_HGD-1,cgnadodl-1,Cluster 4,0,202.71
Q1-TA-4_HGD-1,hjoknbgh-1,Cluster 5,0,78.26
Q1-TA-4_HGD-1,hjojndai-1,Cluster 5,0,30.93
Q1-TA-4_HGD-1,cgnahhfc-1,Cluster 5,0,106.03
Q1-TA-4_HGD-1,hjokngmk-1,Cluster 5,0,36.58
Q1-TA-4_HGD-1,cgnahceo-1,Cluster 5,0,105.39
Q1-TA-4_HGD-1,hjolclaa-1,Cluster 5,0,14.72
Q1-TA-4_HGD-1,hjojcefi-1,Cluster 5,0,47.73
Q1-TA-4_HGD-1,hjokahbk-1,Cluster 5,0,98.17
Q1-TA-4_HGD-1,hjolffkp-1,Cluster 5,0,28.72
Q1-TA-4_HGD-1,hjoibfcj-1,Cluster 15,0,26.91
Q1-TA-4_HGD-1,ofilcaen-1,Cluster 6,0,79.20
Q1-TA-4_HGD-1,hjokojoj-1,Cluster 5,0,30.35
Q1-TA-4_HGD-1,hjobolka-1,Cluster 5,0,84.71
Q1-TA-4_HGD-1,hjoidlaj-1,Cluster 25,0,52.65
Q1-TA-4_HGD-1,cgpdpidk-1,Cluster 25,0,43.21
Q1-TA-4_HGD-1,cgpifida-1,Cluster 5,0,104.31
Q1-TA-4_HGD-1,cgpiddbf-1,Cluster 5,0,32.24
Q1-TA-4_HGD-1,hjpbjphl-1,Cluster 25,0,55.68
Q1-TA-4_HGD-1,hjpbhpkg-1,Cluster 25,0,10.39
Q1-TA-4_HGD-1,hjpbdgdi-1,Cluster 25,0,28.58
Q1-TA-4_HGD-1,cgpifhbb-1,Cluster 5,0,127.88
Q1-TA-4_HGD-1,cgpieclo-1,Cluster 5,0,132.99
Q1-TA-4_HGD-1,hjoflpen-1,Cluster 5,0,60.87
Q1-TA-4_HGD-1,hjofllim-1,Cluster 7,0,28.63
Q1-TA-4_HGD-1,hjofnjfm-1,Cluster 5,0,67.87
Q1-TA-4_HGD-1,cgphlicj-1,Cluster 5,0,90.13
Q1-TA-4_HGD-1,cgphjfhk-1,Cluster 5,0,110.95
Q1-TA-4_HGD-1,cgpildji-1,Cluster 5,0,81.64
Q1-TA-4_HGD-1,cgphnmcj-1,Cluster 5,0,85.89
Q1-TA-4_HGD-1,hjoodiea-1,Cluster 5,0,99.98
Q1-TA-4_HGD-1,cgphnkgl-1,Cluster 5,0,81.01
Q1-TA-4_HGD-1,hjohahfe-1,Cluster 6,0,29.80
Q1-TA-4_HGD-1,cgpidldl-1,Cluster 5,0,23.80
Q1-TA-4_HGD-1,hjohafhe-1,Cluster 6,0,136.01
Q1-TA-4_HGD-1,hjofnfco-1,Cluster 5,0,138.63
Q1-TA-4_HGD-1,cgpijdaa-1,Cluster 15,0,44.84
Q1-TA-4_HGD-1,cgpdbmlp-1,Cluster 5,0,26.37
Q1-TA-4_HGD-1,hjonpkkh-1,Cluster 5,0,32.74
Q1-TA-4_HGD-1,cgpieehm-1,Cluster 5,0,30.03
Q1-TA-4_HGD-1,cgpiekjk-1,Cluster 5,0,96.18
Q1-TA-4_HGD-1,cgpddlbi-1,Cluster 5,0,24.84
Q1-TA-4_HGD-1,cgpdkiaj-1,Cluster 5,0,90.00
Q1-TA-4_HGD-1,cgphkikh-1,Cluster 5,0,125.53
Q1-TA-4_HGD-1,hjpbeplf-1,Cluster 1,0,14.09
Q1-TA-4_HGD-1,cgphkkng-1,Cluster 4,0,131.77
Q1-TA-4_HGD-1,cgphglme-1,Cluster 5,0,193.36
Q1-TA-4_HGD-1,hjpgaagk-1,Cluster 5,0,129.01
Q1-TA-4_HGD-1,cgpdgbdk-1,Cluster 5,0,48.05
Q1-TA-4_HGD-1,hjpflddj-1,Cluster 15,0,14.00
Q1-TA-4_HGD-1,hjpajhmp-1,Cluster 5,0,68.23
Q1-TA-4_HGD-1,hjpaneih-1,Cluster 5,0,153.94
Q1-TA-4_HGD-1,cgphbljf-1,Cluster 5,0,111.94
Q1-TA-4_HGD-1,cgpgibdi-1,Cluster 5,0,75.37
Q1-TA-4_HGD-1,cgpgkoef-1,Cluster 5,0,57.75
Q1-TA-4_HGD-1,cgphbgno-1,Cluster 5,0,69.00
Q1-TA-4_HGD-1,cgphgieg-1,Cluster 25,0,26.19
Q1-TA-4_HGD-1,cgpgkphb-1,Cluster 5,0,85.66
Q1-TA-4_HGD-1,cgpheecb-1,Cluster 5,0,50.76
Q1-TA-4_HGD-1,cgpgihdl-1,Cluster 2,0,48.00
Q1-TA-4_HGD-1,cgpiafbh-1,Cluster 5,0,140.21
Q1-TA-4_HGD-1,cgpggimp-1,Cluster 5,0,78.35
Q1-TA-4_HGD-1,hjpcicbb-1,Cluster 5,0,97.36
Q1-TA-4_HGD-1,hjpbcaik-1,Cluster 5,0,28.45
Q1-TA-4_HGD-1,cgpggfce-1,Cluster 5,0,37.34
Q1-TA-4_HGD-1,hjpbddlo-1,Cluster 5,0,106.34
Q1-TA-4_HGD-1,hjpcdngm-1,Cluster 25,0,34.86
Q1-TA-4_HGD-1,hjpdgffk-1,Cluster 5,0,35.18
Q1-TA-4_HGD-1,hjpdfcnb-1,Cluster 25,0,29.94
Q1-TA-4_HGD-1,hjpchalk-1,Cluster 5,0,54.59
Q1-TA-4_HGD-1,hjpbdcej-1,Cluster 25,0,22.71
Q1-TA-4_HGD-1,cgpbcidm-1,Cluster 25,0,44.16
Q1-TA-4_HGD-1,cgpdpgmb-1,Cluster 5,0,107.88
Q1-TA-4_HGD-1,hjonmndb-1,Cluster 5,0,32.33
Q1-TA-4_HGD-1,cgpbhcha-1,Cluster 16,0,29.04
Q1-TA-4_HGD-1,cgpddmje-1,Cluster 25,0,39.87
Q1-TA-4_HGD-1,cgpdecpi-1,Cluster 5,0,121.70
Q1-TA-4_HGD-1,cgpbfmbk-1,Cluster 25,0,40.46
Q1-TA-4_HGD-1,cgpbgpfg-1,Cluster 6,0,128.11
Q1-TA-4_HGD-1,cgpdhfbd-1,Cluster 5,0,48.59
Q1-TA-4_HGD-1,hjpbdban-1,Cluster 25,0,44.25
Q1-TA-4_HGD-1,hjonmbip-1,Cluster 5,0,126.35
Q1-TA-4_HGD-1,cgpcmlnf-1,Cluster 5,0,162.52
Q1-TA-4_HGD-1,hjollgof-1,Cluster 20,0,51.39
Q1-TA-4_HGD-1,cgpcpdao-1,Cluster 5,0,96.18
Q1-TA-4_HGD-1,hjonebgp-1,Cluster 19,0,76.22
Q1-TA-4_HGD-1,hjongdeg-1,Cluster 19,0,33.69
Q1-TA-4_HGD-1,hjonkhef-1,Cluster 19,0,33.05
Q1-TA-4_HGD-1,hjommhdm-1,Cluster 19,0,52.43
Q1-TA-4_HGD-1,hjolihpb-1,Cluster 20,0,64.84
Q1-TA-4_HGD-1,ofiljbdc-1,Cluster 20,0,46.10
Q1-TA-4_HGD-1,hjomhjic-1,Cluster 19,0,37.57
Q1-TA-4_HGD-1,ofilmden-1,Cluster 22,0,46.74
Q1-TA-4_HGD-1,hjonfjnk-1,Cluster 19,0,37.16
Q1-TA-4_HGD-1,ofildghb-1,Cluster 1,0,104.04
Q1-TA-4_HGD-1,hjoodpbe-1,Cluster 5,0,126.84
Q1-TA-4_HGD-1,cgpcbcig-1,Cluster 5,0,70.81
Q1-TA-4_HGD-1,cgpdeolo-1,Cluster 5,0,55.95
Q1-TA-4_HGD-1,cgpfjchp-1,Cluster 15,0,49.76
Q1-TA-4_HGD-1,cgpfimpb-1,Cluster 5,0,42.72
Q1-TA-4_HGD-1,hjpaipbc-1,Cluster 6,0,58.21
Q1-TA-4_HGD-1,hjpdpchp-1,Cluster 5,0,46.24
Q1-TA-4_HGD-1,hjpdahba-1,Cluster 5,0,27.14
Q1-TA-4_HGD-1,hjpbaekg-1,Cluster 25,0,67.46
Q1-TA-4_HGD-1,hjpajmap-1,Cluster 7,0,5.33
Q1-TA-4_HGD-1,hjpapggj-1,Cluster 5,0,42.49
Q1-TA-4_HGD-1,hjpaofla-1,Cluster 16,0,109.55
Q1-TA-4_HGD-1,hjpdlhnn-1,Cluster 25,0,37.43
Q1-TA-4_HGD-1,hjpcchpl-1,Cluster 6,0,194.08
Q1-TA-4_HGD-1,hjpbkppi-1,Cluster 5,0,101.06
Q1-TA-4_HGD-1,cgpfigea-1,Cluster 15,0,48.50
Q1-TA-4_HGD-1,hjpalpdm-1,Cluster 16,0,26.96
Q1-TA-4_HGD-1,cgpcldnp-1,Cluster 5,0,96.63
Q1-TA-4_HGD-1,cgpcipck-1,Cluster 5,0,103.36
Q1-TA-4_HGD-1,cgpcajpp-1,Cluster 25,0,51.61
Q1-TA-4_HGD-1,cgpcdema-1,Cluster 5,0,177.24
Q1-TA-4_HGD-1,cgpggcil-1,Cluster 5,0,80.24
Q1-TA-4_HGD-1,cgpdhbac-1,Cluster 2,0,89.59
Q1-TA-4_HGD-1,hjpdjofc-1,Cluster 6,0,77.44
Q1-TA-4_HGD-1,hjpbpcbh-1,Cluster 6,0,77.26
Q1-TA-4_HGD-1,hjpcafak-1,Cluster 3,0,66.52
Q1-TA-4_HGD-1,hjpgkpbn-1,Cluster 25,0,89.14
Q1-TA-4_HGD-1,hjpfnelo-1,Cluster 5,0,16.84
Q1-TA-4_HGD-1,hjpeaddc-1,Cluster 20,0,101.29
Q1-TA-4_HGD-1,hjpbbibc-1,Cluster 6,0,101.60
Q1-TA-4_HGD-1,hjpglaca-1,Cluster 5,0,141.25
Q1-TA-4_HGD-1,hjpghlgo-1,Cluster 5,0,96.95
Q1-TA-4_HGD-1,hjpfomhj-1,Cluster 25,0,44.84
Q1-TA-4_HGD-1,cgpgcdji-1,Cluster 15,0,48.32
Q1-TA-4_HGD-1,hjpcmlbo-1,Cluster 25,0,44.12
Q1-TA-4_HGD-1,cgpfaanf-1,Cluster 4,0,24.75
Q1-TA-4_HGD-1,cgpfemnj-1,Cluster 5,0,101.78
Q1-TA-4_HGD-1,cgpfhfpl-1,Cluster 15,0,31.74
Q1-TA-4_HGD-1,cgpfbjjb-1,Cluster 5,0,87.33
Q1-TA-4_HGD-1,hjphneio-1,Cluster 4,0,47.19
Q1-TA-4_HGD-1,hjphnhdo-1,Cluster 4,0,29.98
Q1-TA-4_HGD-1,cgpfceeh-1,Cluster 25,0,44.89
Q1-TA-4_HGD-1,hjphdage-1,Cluster 5,0,150.42
Q1-TA-4_HGD-1,hjphjide-1,Cluster 4,0,27.05
Q1-TA-4_HGD-1,hjpgplon-1,Cluster 2,0,21.09
Q1-TA-4_HGD-1,hjpgbofc-1,Cluster 5,0,53.47
Q1-TA-4_HGD-1,hjphcffm-1,Cluster 4,0,43.26
Q1-TA-4_HGD-1,hjphohbo-1,Cluster 5,0,73.33
Q1-TA-4_HGD-1,hjpgdaje-1,Cluster 5,0,84.53
Q1-TA-4_HGD-1,hjpgdika-1,Cluster 5,0,110.77
Q1-TA-4_HGD-1,hjpgbnik-1,Cluster 5,0,110.36
Q1-TA-4_HGD-1,cgpelmmj-1,Cluster 5,0,226.55
Q1-TA-4_HGD-1,cgpeogee-1,Cluster 5,0,116.28
Q1-TA-4_HGD-1,cgpelcjm-1,Cluster 5,0,113.30
Q1-TA-4_HGD-1,hjpgodbl-1,Cluster 25,0,21.04
Q1-TA-4_HGD-1,hjpgbkej-1,Cluster 25,0,29.40
Q1-TA-4_HGD-1,hjpeomad-1,Cluster 14,0,31.97
Q1-TA-4_HGD-1,hjpeglpc-1,Cluster 5,0,142.29
Q1-TA-4_HGD-1,hjphindh-1,Cluster 4,0,101.42
Q1-TA-4_HGD-1,hjpegaoe-1,Cluster 5,0,37.48
Q1-TA-4_HGD-1,hjpfjebn-1,Cluster 4,0,61.64
Q1-TA-4_HGD-1,hjpfefhj-1,Cluster 5,0,205.51
Q1-TA-4_HGD-1,hjpelfmg-1,Cluster 7,0,36.35
Q1-TA-4_HGD-1,ofilmioc-1,Cluster 7,0,333.30
Q1-TA-4_HGD-1,hjpfagjn-1,Cluster 5,0,159.22
Q1-TA-4_HGD-1,cgpfhmie-1,Cluster 5,0,57.89
Q1-TA-4_HGD-1,hjpedinj-1,Cluster 5,0,88.78
Q1-TA-4_HGD-1,hjpfafbb-1,Cluster 5,0,77.44
Q1-TA-4_HGD-1,hjpfabpd-1,Cluster 5,0,34.18
Q1-TA-4_HGD-1,cgombbab-1,Cluster 23,0,52.92
Q1-TA-4_HGD-1,cgdjakfl-1,Cluster 5,0,33.19
Q1-TA-4_HGD-1,hldknnlp-1,Cluster 20,0,54.05
Q1-TA-4_HGD-1,cgojadcc-1,Cluster 5,0,46.65
Q1-TA-4_HGD-1,cgoindjb-1,Cluster 4,0,118.17
Q1-TA-4_HGD-1,hldkccbc-1,Cluster 23,0,30.80
Q1-TA-4_HGD-1,cgobpffa-1,Cluster 5,0,110.86
Q1-TA-4_HGD-1,cgojaaef-1,Cluster 5,0,85.35
Q1-TA-4_HGD-1,cgoiadmg-1,Cluster 23,0,48.54
Q1-TA-4_HGD-1,cgobpfgj-1,Cluster 5,0,47.50
Q1-TA-4_HGD-1,cgoihblo-1,Cluster 5,0,43.67
Q1-TA-4_HGD-1,cgoinknk-1,Cluster 5,0,42.27
Q1-TA-4_HGD-1,cgocjiab-1,Cluster 5,0,23.53
Q1-TA-4_HGD-1,cgoieaad-1,Cluster 5,0,83.22
Q1-TA-4_HGD-1,cgokijdb-1,Cluster 5,0,19.42
Q1-TA-4_HGD-1,cgodgdfn-1,Cluster 5,0,33.91
Q1-TA-4_HGD-1,cgodgihe-1,Cluster 5,0,22.67
Q1-TA-4_HGD-1,hlggiaab-1,Cluster 4,0,20.00
Q1-TA-4_HGD-1,cgodeakd-1,Cluster 5,0,24.57
Q1-TA-4_HGD-1,cgojkfon-1,Cluster 5,0,18.06
Q1-TA-4_HGD-1,cgokindo-1,Cluster 5,0,54.91
Q1-TA-4_HGD-1,cgokciaf-1,Cluster 5,0,19.33
Q1-TA-4_HGD-1,cgokanho-1,Cluster 5,0,29.35
Q1-TA-4_HGD-1,cgokglol-1,Cluster 5,0,20.86
Q1-TA-4_HGD-1,hlghibph-1,Cluster 5,0,38.43
Q1-TA-4_HGD-1,cgoejkmf-1,Cluster 5,0,18.11
Q1-TA-4_HGD-1,cgodefbj-1,Cluster 5,0,28.40
Q1-TA-4_HGD-1,hlghabeo-1,Cluster 5,0,43.71
Q1-TA-4_HGD-1,cgojmogi-1,Cluster 4,0,17.52
Q1-TA-4_HGD-1,hlggieda-1,Cluster 5,0,13.46
Q1-TA-4_HGD-1,cgoeiibl-1,Cluster 5,0,39.60
Q1-TA-4_HGD-1,cgojfoan-1,Cluster 5,0,42.99
Q1-TA-4_HGD-1,cgojllmf-1,Cluster 4,0,37.43
Q1-TA-4_HGD-1,cgojniao-1,Cluster 5,0,34.23
Q1-TA-4_HGD-1,hlgglamo-1,Cluster 2,0,23.66
Q1-TA-4_HGD-1,cgoiaili-1,Cluster 5,0,110.32
Q1-TA-4_HGD-1,cgojefhd-1,Cluster 12,0,46.56
Q1-TA-4_HGD-1,cgojkbbb-1,Cluster 5,0,34.68
Q1-TA-4_HGD-1,cgoddedm-1,Cluster 5,0,37.93
Q1-TA-4_HGD-1,cgolaakn-1,Cluster 5,0,50.21
Q1-TA-4_HGD-1,cgokmapb-1,Cluster 5,0,55.72
Q1-TA-4_HGD-1,cgoopdke-1,Cluster 2,0,24.38
Q1-TA-4_HGD-1,gjmncobi-1,Cluster 5,0,58.21
Q1-TA-4_HGD-1,cgolafle-1,Cluster 5,0,55.05
Q1-TA-4_HGD-1,gjmndfki-1,Cluster 5,0,53.06
Q1-TA-4_HGD-1,hldcjeje-1,Cluster 15,0,61.41
Q1-TA-4_HGD-1,hjnhopec-1,Cluster 5,0,26.87
Q1-TA-4_HGD-1,hjodlcok-1,Cluster 3,0,17.70
Q1-TA-4_HGD-1,cgolnldl-1,Cluster 5,0,88.28
Q1-TA-4_HGD-1,cgoogaji-1,Cluster 5,0,51.48
Q1-TA-4_HGD-1,cgolgglg-1,Cluster 5,0,35.13
Q1-TA-4_HGD-1,cgolklal-1,Cluster 5,0,68.95
Q1-TA-4_HGD-1,hjodimgj-1,Cluster 3,0,66.97
Q1-TA-4_HGD-1,gjmnbnpc-1,Cluster 15,0,74.60
Q1-TA-4_HGD-1,cgoolalm-1,Cluster 2,0,37.39
Q1-TA-4_HGD-1,hldkjhgh-1,Cluster 27,0,48.68
Q1-TA-4_HGD-1,cgooaklk-1,Cluster 2,0,39.56
Q1-TA-4_HGD-1,gjmndpkp-1,Cluster 5,0,31.16
Q1-TA-4_HGD-1,cgolalgn-1,Cluster 5,0,65.88
Q1-TA-4_HGD-1,cgolceih-1,Cluster 4,0,75.50
Q1-TA-4_HGD-1,cgookbei-1,Cluster 2,0,55.23
Q1-TA-4_HGD-1,hldkpgoc-1,Cluster 5,0,22.85
Q1-TA-4_HGD-1,hldjmcgf-1,Cluster 19,0,59.97
Q1-TA-4_HGD-1,cgocbeik-1,Cluster 15,0,64.08
Q1-TA-4_HGD-1,hldjjpel-1,Cluster 19,0,81.82
Q1-TA-4_HGD-1,hlddbfcc-1,Cluster 10,0,58.70
Q1-TA-4_HGD-1,hldjidkd-1,Cluster 9,0,22.94
Q1-TA-4_HGD-1,hldjicnj-1,Cluster 3,0,93.25
Q1-TA-4_HGD-1,hldjmeda-1,Cluster 15,0,63.22
Q1-TA-4_HGD-1,hldkgldj-1,Cluster 5,0,28.36
Q1-TA-4_HGD-1,hldkaegh-1,Cluster 19,0,60.19
Q1-TA-4_HGD-1,hldkdlnh-1,Cluster 19,0,47.46
Q1-TA-4_HGD-1,hldkobcc-1,Cluster 19,0,34.32
Q1-TA-4_HGD-1,cgdinglc-1,Cluster 5,0,15.76
Q1-TA-4_HGD-1,hldkfnpi-1,Cluster 5,0,65.75
Q1-TA-4_HGD-1,cgfjjaje-1,Cluster 5,0,74.51
Q1-TA-4_HGD-1,cgognfkc-1,Cluster 5,0,22.13
Q1-TA-4_HGD-1,cgdijnfl-1,Cluster 5,0,56.40
Q1-TA-4_HGD-1,cgohajjm-1,Cluster 23,0,55.50
Q1-TA-4_HGD-1,cgohjncm-1,Cluster 5,0,81.06
Q1-TA-4_HGD-1,cgohhdop-1,Cluster 5,0,105.08
Q1-TA-4_HGD-1,cgfnihca-1,Cluster 5,0,53.96
Q1-TA-4_HGD-1,cgfnkahg-1,Cluster 5,0,129.10
Q1-TA-4_HGD-1,cgohekmk-1,Cluster 16,0,24.20
Q1-TA-4_HGD-1,cgfnmeom-1,Cluster 12,0,59.61
Q1-TA-4_HGD-1,hlifhjab-1,Cluster 5,0,45.65
Q1-TA-4_HGD-1,hlifnhpj-1,Cluster 19,0,59.74
Q1-TA-4_HGD-1,hlggpnoe-1,Cluster 23,0,54.32
Q1-TA-4_HGD-1,hligafpn-1,Cluster 5,0,26.42
Q1-TA-4_HGD-1,hlifedco-1,Cluster 20,0,59.79
Q1-TA-4_HGD-1,hlibgafk-1,Cluster 20,0,44.57
Q1-TA-4_HGD-1,cgohmimg-1,Cluster 5,0,21.86
Q1-TA-4_HGD-1,hlibkehi-1,Cluster 15,0,37.12
Q1-TA-4_HGD-1,hldlhejh-1,Cluster 7,0,16.21
Q1-TA-4_HGD-1,cgojbohk-1,Cluster 5,0,61.41
Q1-TA-4_HGD-1,cgojgeki-1,Cluster 5,0,52.25
Q1-TA-4_HGD-1,cgojhmao-1,Cluster 5,0,92.71
Q1-TA-4_HGD-1,cgfnpkan-1,Cluster 5,0,53.78
Q1-TA-4_HGD-1,hlibfmmj-1,Cluster 19,0,57.12
Q1-TA-4_HGD-1,hldlhcfp-1,Cluster 19,0,80.02
Q1-TA-4_HGD-1,hlggpjad-1,Cluster 25,0,35.36
Q1-TA-4_HGD-1,cgdjgpnd-1,Cluster 5,0,31.02
Q1-TA-4_HGD-1,cgolkdcp-1,Cluster 5,0,26.78
Q1-TA-4_HGD-1,cgolbhpg-1,Cluster 5,0,45.88
Q1-TA-4_HGD-1,hjnieocf-1,Cluster 5,0,121.79
Q1-TA-4_HGD-1,hjnhacnp-1,Cluster 5,0,95.87
Q1-TA-4_HGD-1,hjngnaji-1,Cluster 5,0,55.05
Q1-TA-4_HGD-1,cgdjngmd-1,Cluster 5,0,35.00
Q1-TA-4_HGD-1,cgdjfkng-1,Cluster 23,0,72.97
Q1-TA-4_HGD-1,cgdjjegk-1,Cluster 5,0,42.90
Q1-TA-4_HGD-1,cgdjghoe-1,Cluster 5,0,38.07
Q1-TA-4_HGD-1,cgdkadcg-1,Cluster 5,0,26.15
Q1-TA-4_HGD-1,cgdjjbea-1,Cluster 5,0,60.01
Q1-TA-4_HGD-1,cgoolfek-1,Cluster 25,0,25.02
Q1-TA-4_HGD-1,cgonmgpk-1,Cluster 5,0,20.37
Q1-TA-4_HGD-1,cgonkbni-1,Cluster 5,0,32.60
Q1-TA-4_HGD-1,cgoopjol-1,Cluster 5,0,100.97
Q1-TA-4_HGD-1,cgonidhg-1,Cluster 5,0,30.30
Q1-TA-4_HGD-1,cgdjmbfd-1,Cluster 5,0,57.98
Q1-TA-4_HGD-1,gjmngblc-1,Cluster 5,0,90.49
Q1-TA-4_HGD-1,cgonphll-1,Cluster 5,0,43.21
Q1-TA-4_HGD-1,cgopbmln-1,Cluster 23,0,25.11
Q1-TA-4_HGD-1,cgonicfb-1,Cluster 5,0,19.64
Q1-TA-4_HGD-1,cgonhkco-1,Cluster 5,0,34.77
Q1-TA-4_HGD-1,cgopcgod-1,Cluster 2,0,45.97
Q1-TA-4_HGD-1,gjmnglcp-1,Cluster 5,0,30.53
Q1-TA-4_HGD-1,cgoomjog-1,Cluster 23,0,52.11
Q1-TA-4_HGD-1,cgdjhljk-1,Cluster 5,0,111.58
Q1-TA-4_HGD-1,hldkpkfg-1,Cluster 5,0,197.20
Q1-TA-4_HGD-1,cgdjdgfa-1,Cluster 5,0,35.31
Q1-TA-4_HGD-1,cgdicock-1,Cluster 5,0,23.30
Q1-TA-4_HGD-1,cgogpbhl-1,Cluster 5,0,55.36
Q1-TA-4_HGD-1,cgdjamol-1,Cluster 5,0,20.37
Q1-TA-4_HGD-1,cgdjbeem-1,Cluster 5,0,22.40
Q1-TA-4_HGD-1,hldkfnlf-1,Cluster 5,0,37.89
Q1-TA-4_HGD-1,cgdlpldh-1,Cluster 5,0,153.49
Q1-TA-4_HGD-1,cgfodnhn-1,Cluster 12,0,143.51
Q1-TA-4_HGD-1,hliblblo-1,Cluster 6,0,158.50
Q1-TA-4_HGD-1,hlhpnmoc-1,Cluster 6,0,17.16
Q1-TA-4_HGD-1,hliapipl-1,Cluster 20,0,49.54
Q1-TA-4_HGD-1,hlibnbnn-1,Cluster 4,0,57.75
Q1-TA-4_HGD-1,hligoeod-1,Cluster 6,0,102.69
Q1-TA-4_HGD-1,hlhpkkio-1,Cluster 3,0,24.97
Q1-TA-4_HGD-1,hlibfebl-1,Cluster 10,0,68.82
Q1-TA-4_HGD-1,hlhpklbd-1,Cluster 24,0,41.95
Q1-TA-4_HGD-1,hlibflip-1,Cluster 6,0,21.99
Q1-TA-4_HGD-1,hliabbai-1,Cluster 15,0,30.53
Q1-TA-4_HGD-1,cgfobiid-1,Cluster 6,0,37.98
Q1-TA-4_HGD-1,cgfnhhki-1,Cluster 10,0,83.90
Q1-TA-4_HGD-1,hliaopbg-1,Cluster 10,0,38.79
Q1-TA-4_HGD-1,hldlclbn-1,Cluster 5,0,50.98
Q1-TA-4_HGD-1,hkcgfpii-1,Cluster 11,0,40.10
Q1-TA-4_HGD-1,hkchhkab-1,Cluster 2,0,55.59
Q1-TA-4_HGD-1,hldjdcdd-1,Cluster 5,0,166.36
Q1-TA-4_HGD-1,hldipnja-1,Cluster 2,0,58.61
Q1-TA-4_HGD-1,cgfjimam-1,Cluster 5,0,22.89
Q1-TA-4_HGD-1,hldlbgmi-1,Cluster 5,0,77.89
Q1-TA-4_HGD-1,hkcgdhio-1,Cluster 5,0,105.49
Q1-TA-4_HGD-1,hldjbmom-1,Cluster 15,0,39.56
Q1-TA-4_HGD-1,cgfjdgob-1,Cluster 5,0,36.44
Q1-TA-4_HGD-1,hldlcdhg-1,Cluster 12,0,45.70
Q1-TA-4_HGD-1,cgdihdjj-1,Cluster 5,0,24.20
Q1-TA-4_HGD-1,cgdlcalf-1,Cluster 5,0,94.83
Q1-TA-4_HGD-1,gjmnhhdo-1,Cluster 5,0,44.43
Q1-TA-4_HGD-1,cgfjapbo-1,Cluster 5,0,45.79
Q1-TA-4_HGD-1,hkchiihi-1,Cluster 4,0,43.35
Q1-TA-4_HGD-1,cgdjbkpn-1,Cluster 5,0,20.95
Q1-TA-4_HGD-1,gjmnggmo-1,Cluster 5,0,95.55
Q1-TA-4_HGD-1,gjmmiegh-1,Cluster 4,0,22.26
Q1-TA-4_HGD-1,hkcfpimk-1,Cluster 12,0,179.18
Q1-TA-4_HGD-1,hkchhmog-1,Cluster 5,0,104.67
Q1-TA-4_HGD-1,gjmnbcoa-1,Cluster 5,0,64.44
Q1-TA-4_HGD-1,gjmmikij-1,Cluster 4,0,17.39
Q1-TA-4_HGD-1,cgdlmgjc-1,Cluster 5,0,43.62
Q1-TA-4_HGD-1,hldlefba-1,Cluster 5,0,30.93
Q1-TA-4_HGD-1,cgdlcbak-1,Cluster 16,0,37.12
Q1-TA-4_HGD-1,cgdllken-1,Cluster 5,0,97.90
Q1-TA-4_HGD-1,hlhlmoib-1,Cluster 3,0,69.13
Q1-TA-4_HGD-1,cgdlncni-1,Cluster 12,0,55.86
Q1-TA-4_HGD-1,cgdijhdd-1,Cluster 5,0,29.62
Q1-TA-4_HGD-1,cgdlmckn-1,Cluster 4,0,36.98
Q1-TA-4_HGD-1,cgdlcbbb-1,Cluster 12,0,91.89
Q1-TA-4_HGD-1,cgfnmidb-1,Cluster 4,0,90.67
Q1-TA-4_HGD-1,hlhlppif-1,Cluster 3,0,135.33
Q1-TA-4_HGD-1,cgebjcdn-1,Cluster 5,0,16.71
Q1-TA-4_HGD-1,cgebbeob-1,Cluster 23,0,36.80
Q1-TA-4_HGD-1,hlhpillb-1,Cluster 5,0,73.47
Q1-TA-4_HGD-1,cgeanpil-1,Cluster 5,0,100.70
Q1-TA-4_HGD-1,cgebelog-1,Cluster 5,0,121.11
Q1-TA-4_HGD-1,cgebemej-1,Cluster 12,0,94.78
Q1-TA-4_HGD-1,cgebiapc-1,Cluster 4,0,21.77
Q1-TA-4_HGD-1,hlhpkcfj-1,Cluster 5,0,75.86
Q1-TA-4_HGD-1,hliajkdg-1,Cluster 5,0,108.06
Q1-TA-4_HGD-1,cgeaoneh-1,Cluster 2,0,28.85
Q1-TA-4_HGD-1,cgfnifnb-1,Cluster 25,0,28.49
Q1-TA-4_HGD-1,cgebeofp-1,Cluster 12,0,101.10
Q1-TA-4_HGD-1,cgebfcca-1,Cluster 4,0,24.93
Q1-TA-4_HGD-1,hlhpecpg-1,Cluster 4,0,25.29
Q1-TA-4_HGD-1,hlhmkngh-1,Cluster 25,0,45.56
Q1-TA-4_HGD-1,hldjelfa-1,Cluster 5,0,112.94
Q1-TA-4_HGD-1,hldjfldk-1,Cluster 5,0,74.37
Q1-TA-4_HGD-1,hkchagdl-1,Cluster 5,0,186.86
Q1-TA-4_HGD-1,cgebnfde-1,Cluster 5,0,274.10
Q1-TA-4_HGD-1,hlhllpfc-1,Cluster 5,0,35.72
Q1-TA-4_HGD-1,cgebpjep-1,Cluster 23,0,149.02
Q1-TA-4_HGD-1,cgebpkem-1,Cluster 5,0,139.13
Q1-TA-4_HGD-1,hlhmaiml-1,Cluster 25,0,37.98
Q1-TA-4_HGD-1,cgeclcia-1,Cluster 4,0,33.37
Q1-TA-4_HGD-1,hlhllonf-1,Cluster 5,0,105.49
Q1-TA-4_HGD-1,hldjhigk-1,Cluster 5,0,133.93
Q1-TA-4_HGD-1,cgecocca-1,Cluster 5,0,82.68
Q1-TA-4_HGD-1,hkchalpi-1,Cluster 5,0,34.73
Q1-TA-4_HGD-1,hldipcdb-1,Cluster 4,0,65.39
Q1-TA-4_HGD-1,cgdfdicn-1,Cluster 5,0,155.97
Q1-TA-4_HGD-1,cgebmlcl-1,Cluster 12,0,60.51
Q1-TA-4_HGD-1,hldbiddg-1,Cluster 5,0,64.80
Q1-TA-4_HGD-1,cgebjjhi-1,Cluster 5,0,100.88
Q1-TA-4_HGD-1,cgeadmfc-1,Cluster 12,0,146.98
Q1-TA-4_HGD-1,cgecnada-1,Cluster 12,0,71.48
Q1-TA-4_HGD-1,cgeaihlf-1,Cluster 5,0,112.26
Q1-TA-4_HGD-1,cgeamoab-1,Cluster 4,0,189.34
Q1-TA-4_HGD-1,cgecipaa-1,Cluster 4,0,148.88
Q1-TA-4_HGD-1,cgdclnea-1,Cluster 4,0,151.18
Q1-TA-4_HGD-1,hldbgobn-1,Cluster 7,0,7.54
Q1-TA-4_HGD-1,cgebmnkh-1,Cluster 4,0,67.46
Q1-TA-4_HGD-1,cgebmjkg-1,Cluster 12,0,85.66
Q1-TA-4_HGD-1,hliacaph-1,Cluster 1,0,15.94
Q1-TA-4_HGD-1,cgdfcjpc-1,Cluster 4,0,116.73
Q1-TA-4_HGD-1,cgeajlpa-1,Cluster 5,0,116.28
Q1-TA-4_HGD-1,cgebdfmk-1,Cluster 4,0,135.33
Q1-TA-4_HGD-1,hliabkjp-1,Cluster 6,0,120.39
Q1-TA-4_HGD-1,cgebkdie-1,Cluster 4,0,57.75
Q1-TA-4_HGD-1,cgdebjkc-1,Cluster 4,0,31.84
Q1-TA-4_HGD-1,hldbodog-1,Cluster 5,0,222.85
Q1-TA-4_HGD-1,hldcdbgm-1,Cluster 4,0,44.43
Q1-TA-4_HGD-1,cgdeaocp-1,Cluster 12,0,147.16
Q1-TA-4_HGD-1,hkcffkil-1,Cluster 12,0,106.84
Q1-TA-4_HGD-1,cgddiped-1,Cluster 4,0,32.38
Q1-TA-4_HGD-1,cgdciedl-1,Cluster 4,0,94.20
Q1-TA-4_HGD-1,cgddhfaa-1,Cluster 12,0,50.58
Q1-TA-4_HGD-1,hkcfkkeg-1,Cluster 4,0,26.78
Q1-TA-4_HGD-1,cgddidpf-1,Cluster 4,0,18.38
Q1-TA-4_HGD-1,cgdddhpd-1,Cluster 12,0,86.02
Q1-TA-4_HGD-1,hkceomif-1,Cluster 4,0,64.44
Q1-TA-4_HGD-1,cgdcgdam-1,Cluster 12,0,58.25
Q1-TA-4_HGD-1,cgdcfndl-1,Cluster 4,0,58.66
Q1-TA-4_HGD-1,cgdclama-1,Cluster 4,0,278.43
Q1-TA-4_HGD-1,cgdcpkoe-1,Cluster 12,0,102.19
Q1-TA-4_HGD-1,cgdfadfd-1,Cluster 4,0,134.52
Q1-TA-4_HGD-1,hldbpdij-1,Cluster 12,0,94.11
Q1-TA-4_HGD-1,cgdcphdm-1,Cluster 4,0,60.74
Q1-TA-4_HGD-1,cgdccgmm-1,Cluster 4,0,82.91
Q1-TA-4_HGD-1,cgddjlpg-1,Cluster 4,0,56.49
Q1-TA-4_HGD-1,hldbhgfd-1,Cluster 4,0,41.77
Q1-TA-4_HGD-1,cgdfbfnb-1,Cluster 4,0,119.53
Q1-TA-4_HGD-1,hldbikgj-1,Cluster 4,0,26.28
Q1-TA-4_HGD-1,cgdckpcf-1,Cluster 12,0,101.24
Q1-TA-4_HGD-1,cgddbdhm-1,Cluster 12,0,164.82
Q1-TA-4_HGD-1,cgdeohgk-1,Cluster 15,0,48.81
Q1-TA-4_HGD-1,hldcgamg-1,Cluster 12,0,71.03
Q1-TA-4_HGD-1,cgdcjaog-1,Cluster 4,0,30.35
Q1-TA-4_HGD-1,hldcbjfa-1,Cluster 4,0,43.17
Q1-TA-4_HGD-1,hldbipeh-1,Cluster 4,0,25.02
Q1-TA-4_HGD-1,cgdeehbb-1,Cluster 4,0,101.65
Q1-TA-4_HGD-1,cgdfbokh-1,Cluster 4,0,192.37
Q1-TA-4_HGD-1,cgdeejpn-1,Cluster 12,0,79.48
Q1-TA-4_HGD-1,hldbjlpl-1,Cluster 4,0,143.06
Q1-TA-4_HGD-1,cgdcjplo-1,Cluster 4,0,55.18
Q1-TA-4_HGD-1,cacalpja-1,Cluster 7,0,22.76
Q1-TA-4_HGD-1,hkcfpabo-1,Cluster 4,0,46.33
Q1-TA-4_HGD-1,cacajdpl-1,Cluster 4,0,76.49
Q1-TA-4_HGD-1,cgdedenb-1,Cluster 5,0,32.74
Q1-TA-4_HGD-1,cgdedidm-1,Cluster 4,0,109.55
Q1-TA-4_HGD-1,cabpdlfk-1,Cluster 4,0,31.38
Q1-TA-4_HGD-1,cacbjdek-1,Cluster 4,0,163.92
Q1-TA-4_HGD-1,cabphelo-1,Cluster 4,0,23.62
Q1-TA-4_HGD-1,cacafgch-1,Cluster 12,0,106.61
Q1-TA-4_HGD-1,cabpeahg-1,Cluster 4,0,44.66
Q1-TA-4_HGD-1,cabpfbfl-1,Cluster 4,0,25.51
Q1-TA-4_HGD-1,cacalpna-1,Cluster 4,0,82.50
Q1-TA-4_HGD-1,cacbbmag-1,Cluster 4,0,108.56
Q1-TA-4_HGD-1,cabpaiph-1,Cluster 4,0,36.94
Q1-TA-4_HGD-1,cacaghdk-1,Cluster 4,0,34.54
Q1-TA-4_HGD-1,cabpgkph-1,Cluster 4,0,19.96
Q1-TA-4_HGD-1,cacaeelc-1,Cluster 7,0,17.43
Q1-TA-4_HGD-1,cacaejjd-1,Cluster 4,0,38.43
Q1-TA-4_HGD-1,cacbdcmh-1,Cluster 4,0,49.13
Q1-TA-4_HGD-1,cabpgkac-1,Cluster 4,0,34.00
Q1-TA-4_HGD-1,cacbbmip-1,Cluster 4,0,34.18
Q1-TA-4_HGD-1,cgddgldo-1,Cluster 12,0,51.25
Q1-TA-4_HGD-1,cgddmgdm-1,Cluster 4,0,52.43
Q1-TA-4_HGD-1,cacaegdb-1,Cluster 4,0,108.38
Q1-TA-4_HGD-1,hldchiol-1,Cluster 4,0,64.21
Q1-TA-4_HGD-1,hldcdodk-1,Cluster 4,0,70.22
Q1-TA-4_HGD-1,cgddpelf-1,Cluster 4,0,52.79
Q1-TA-4_HGD-1,cabpflkd-1,Cluster 8,0,99.21
Q1-TA-4_HGD-1,cgddcgic-1,Cluster 4,0,31.65
Q1-TA-4_HGD-1,hldcdiok-1,Cluster 4,0,116.05
Q1-TA-4_HGD-1,cgdcknam-1,Cluster 2,0,63.58
Q1-TA-4_HGD-1,cabpfdff-1,Cluster 8,0,79.97
Q1-TA-4_HGD-1,gkpkjhab-1,Cluster 4,0,65.61
Q1-TA-4_HGD-1,hkcenknc-1,Cluster 5,0,63.94
Q1-TA-4_HGD-1,cacbjpdf-1,Cluster 5,0,156.33
Q1-TA-4_HGD-1,cabbbind-1,Cluster 5,0,28.95
Q1-TA-4_HGD-1,cabaodfk-1,Cluster 5,0,60.92
Q1-TA-4_HGD-1,cabpllfb-1,Cluster 4,0,34.27
Q1-TA-4_HGD-1,cabphffh-1,Cluster 12,0,74.46
Q1-TA-4_HGD-1,cabpnfje-1,Cluster 4,0,23.98
Q1-TA-4_HGD-1,cabacjmg-1,Cluster 12,0,82.37
Q1-TA-4_HGD-1,hkcelchl-1,Cluster 4,0,29.40
Q1-TA-4_HGD-1,cabpmmlc-1,Cluster 4,0,58.66
Q1-TA-4_HGD-1,hkcemgod-1,Cluster 5,0,48.36
Q1-TA-4_HGD-1,cabpjcoc-1,Cluster 5,0,35.58
Q1-TA-4_HGD-1,hldcfcgl-1,Cluster 4,0,81.46
Q1-TA-4_HGD-1,cacaedph-1,Cluster 4,0,61.05
Q1-TA-4_HGD-1,hlcbohng-1,Cluster 4,0,24.16
Q1-TA-4_HGD-1,hldcenfa-1,Cluster 12,0,72.34
Q1-TA-4_HGD-1,cabpijml-1,Cluster 4,0,31.74
Q1-TA-4_HGD-1,cacbdlfp-1,Cluster 5,0,41.32
Q1-TA-4_HGD-1,cacbdbkf-1,Cluster 4,0,68.41
Q1-TA-4_HGD-1,cabagpid-1,Cluster 4,0,69.45
Q1-TA-4_HGD-1,cabaikic-1,Cluster 4,0,45.07
Q1-TA-4_HGD-1,cabaefgg-1,Cluster 4,0,95.23
Q1-TA-4_HGD-1,cacbcojg-1,Cluster 13,0,57.17
Q1-TA-4_HGD-1,hlcbnplh-1,Cluster 4,0,48.81
Q1-TA-4_HGD-1,cabbfbmg-1,Cluster 12,0,62.86
Q1-TA-4_HGD-1,cabbglmp-1,Cluster 5,0,112.53
Q1-TA-4_HGD-1,hlccaklk-1,Cluster 4,0,37.93
Q1-TA-4_HGD-1,cabbeelb-1,Cluster 12,0,84.89
Q1-TA-4_HGD-1,hlccacdf-1,Cluster 5,0,52.97
Q1-TA-4_HGD-1,hlcbplbd-1,Cluster 12,0,98.71
Q1-TA-4_HGD-1,cabbfnge-1,Cluster 12,0,51.25
Q1-TA-4_HGD-1,cgjpkhbp-1,Cluster 5,0,40.32
Q1-TA-4_HGD-1,gkpkjcjd-1,Cluster 5,0,118.85
Q1-TA-4_HGD-1,cabbdcbn-1,Cluster 23,0,77.85
Q1-TA-4_HGD-1,hlccbaib-1,Cluster 6,0,51.79
Q1-TA-4_HGD-1,hlcbhhkc-1,Cluster 5,0,118.58
Q1-TA-4_HGD-1,cabbeojj-1,Cluster 5,0,96.91
Q1-TA-4_HGD-1,hkancppf-1,Cluster 5,0,114.06
Q1-TA-4_HGD-1,hjmmbjoe-1,Cluster 15,0,56.99
Q1-TA-4_HGD-1,cgcaicgn-1,Cluster 25,0,38.70
Q1-TA-4_HGD-1,cgbdjapb-1,Cluster 5,0,34.36
Q1-TA-4_HGD-1,cgonfdaj-1,Cluster 12,0,69.41
Q1-TA-4_HGD-1,hjnjeafa-1,Cluster 10,0,63.67
Q1-TA-4_HGD-1,hjofgfkl-1,Cluster 6,0,19.82
Q1-TA-4_HGD-1,hjnmajcm-1,Cluster 24,0,24.16
Q1-TA-4_HGD-1,hjnjemnp-1,Cluster 3,0,26.73
Q1-TA-4_HGD-1,hjnjejgo-1,Cluster 24,0,18.38
Q1-TA-4_HGD-1,hjnkghgg-1,Cluster 6,0,55.90
Q1-TA-4_HGD-1,hjnlmbch-1,Cluster 1,0,37.84
Q1-TA-4_HGD-1,cglldalg-1,Cluster 10,0,86.97
Q1-TA-4_HGD-1,hjnkgocc-1,Cluster 10,0,45.02
Q1-TA-4_HGD-1,hjnmajla-1,Cluster 3,0,23.71
Q1-TA-4_HGD-1,cgllcnlf-1,Cluster 6,0,67.92
Q1-TA-4_HGD-1,hjnikllg-1,Cluster 10,0,26.10
Q1-TA-4_HGD-1,hjnlpfgc-1,Cluster 10,0,66.70
Q1-TA-4_HGD-1,hjnjoigo-1,Cluster 20,0,63.85
Q1-TA-4_HGD-1,hjnkfnfl-1,Cluster 9,0,31.16
Q1-TA-4_HGD-1,hjnkegji-1,Cluster 19,0,48.99
Q1-TA-4_HGD-1,hjnilfhj-1,Cluster 15,0,23.03
Q1-TA-4_HGD-1,hjnjnjce-1,Cluster 20,0,57.89
Q1-TA-4_HGD-1,hjnloopf-1,Cluster 10,0,53.42
Q1-TA-4_HGD-1,hjnjkafa-1,Cluster 3,0,151.09
Q1-TA-4_HGD-1,cgomocdf-1,Cluster 2,0,53.51
Q1-TA-4_HGD-1,cgonankd-1,Cluster 2,0,37.80
Q1-TA-4_HGD-1,cgomonbi-1,Cluster 2,0,21.27
Q1-TA-4_HGD-1,cgomhgme-1,Cluster 12,0,35.04
Q1-TA-4_HGD-1,hjnhjkik-1,Cluster 4,0,15.04
Q1-TA-4_HGD-1,cgompkod-1,Cluster 12,0,47.91
Q1-TA-4_HGD-1,cgonfjeg-1,Cluster 12,0,41.41
Q1-TA-4_HGD-1,cgommpae-1,Cluster 23,0,72.30
Q1-TA-4_HGD-1,hjnhobmj-1,Cluster 20,0,52.56
Q1-TA-4_HGD-1,cgokjknd-1,Cluster 5,0,44.39
Q1-TA-4_HGD-1,hjnhnaep-1,Cluster 5,0,42.90
Q1-TA-4_HGD-1,cgokjilo-1,Cluster 4,0,26.19
Q1-TA-4_HGD-1,cgokjama-1,Cluster 5,0,40.73
Q1-TA-4_HGD-1,hjnihlgm-1,Cluster 5,0,43.53
Q1-TA-4_HGD-1,cgommlep-1,Cluster 4,0,32.74
Q1-TA-4_HGD-1,hjniafok-1,Cluster 5,0,45.92
Q1-TA-4_HGD-1,cgmodmdl-1,Cluster 5,0,83.63
Q1-TA-4_HGD-1,cgmngabf-1,Cluster 5,0,53.37
Q1-TA-4_HGD-1,cgmlggia-1,Cluster 5,0,169.29
Q1-TA-4_HGD-1,cgmmleje-1,Cluster 5,0,64.26
Q1-TA-4_HGD-1,cgmmclih-1,Cluster 5,0,337.00
Q1-TA-4_HGD-1,cgmldhmp-1,Cluster 5,0,116.59
Q1-TA-4_HGD-1,hjnjdgga-1,Cluster 5,0,67.42
Q1-TA-4_HGD-1,cgmkifpl-1,Cluster 4,0,35.18
Q1-TA-4_HGD-1,hjnjamle-1,Cluster 5,0,71.75
Q1-TA-4_HGD-1,cgmldjlp-1,Cluster 5,0,105.08
Q1-TA-4_HGD-1,hjnnbleg-1,Cluster 4,0,18.79
Q1-TA-4_HGD-1,hjnnbeha-1,Cluster 5,0,30.07
Q1-TA-4_HGD-1,cgmmilje-1,Cluster 5,0,67.46
Q1-TA-4_HGD-1,cgmkoclp-1,Cluster 5,0,227.81
Q1-TA-4_HGD-1,cgmkjncm-1,Cluster 12,0,47.28
Q1-TA-4_HGD-1,cgmpfcdl-1,Cluster 5,0,29.89
Q1-TA-4_HGD-1,cgmkjmce-1,Cluster 5,0,31.93
Q1-TA-4_HGD-1,cgmpbado-1,Cluster 4,0,15.76
Q1-TA-4_HGD-1,cgmojhlm-1,Cluster 5,0,130.77
Q1-TA-4_HGD-1,cgmonien-1,Cluster 5,0,33.96
Q1-TA-4_HGD-1,cgmmhffm-1,Cluster 5,0,110.72
Q1-TA-4_HGD-1,cgmlnpic-1,Cluster 5,0,138.58
Q1-TA-4_HGD-1,cgmojjjg-1,Cluster 5,0,43.71
Q1-TA-4_HGD-1,cgmmejed-1,Cluster 5,0,16.71
Q1-TA-4_HGD-1,cgmohohk-1,Cluster 5,0,144.45
Q1-TA-4_HGD-1,cgmnmlmm-1,Cluster 5,0,120.21
Q1-TA-4_HGD-1,hjnmaned-1,Cluster 2,0,37.03
Q1-TA-4_HGD-1,cgmohjfd-1,Cluster 5,0,87.29
Q1-TA-4_HGD-1,hjnmamfn-1,Cluster 1,0,22.62
Q1-TA-4_HGD-1,cgmkohbm-1,Cluster 16,0,44.48
Q1-TA-4_HGD-1,hjnklegi-1,Cluster 15,0,28.13
Q1-TA-4_HGD-1,hjnlclcg-1,Cluster 15,0,22.94
Q1-TA-4_HGD-1,hjnlahfg-1,Cluster 6,0,23.44
Q1-TA-4_HGD-1,hjnjggih-1,Cluster 6,0,101.33
Q1-TA-4_HGD-1,hkclpaje-1,Cluster 5,0,44.03
Q1-TA-4_HGD-1,hkcmihkf-1,Cluster 5,0,39.69
Q1-TA-4_HGD-1,cgdgphgm-1,Cluster 5,0,67.06
Q1-TA-4_HGD-1,hjnlceka-1,Cluster 6,0,139.31
Q1-TA-4_HGD-1,hkcmdeki-1,Cluster 5,0,81.73
Q1-TA-4_HGD-1,cgdhbjeo-1,Cluster 5,0,89.82
Q1-TA-4_HGD-1,cgdhbbpi-1,Cluster 5,0,102.10
Q1-TA-4_HGD-1,hjnlhpde-1,Cluster 15,0,18.88
Q1-TA-4_HGD-1,hkcmghbk-1,Cluster 5,0,48.14
Q1-TA-4_HGD-1,hkcjbnpp-1,Cluster 5,0,33.24
Q1-TA-4_HGD-1,hjnllfel-1,Cluster 15,0,35.67
Q1-TA-4_HGD-1,hjnllcbi-1,Cluster 15,0,26.69
Q1-TA-4_HGD-1,hjnliddm-1,Cluster 1,0,23.30
Q1-TA-4_HGD-1,hjnhbbif-1,Cluster 1,0,28.90
Q1-TA-4_HGD-1,hkcjhflf-1,Cluster 5,0,93.25
Q1-TA-4_HGD-1,hjnhgahf-1,Cluster 15,0,19.96
Q1-TA-4_HGD-1,hjnhhdbc-1,Cluster 15,0,37.80
Q1-TA-4_HGD-1,hkcipnbf-1,Cluster 20,0,23.03
Q1-TA-4_HGD-1,cgdjfenb-1,Cluster 15,0,51.48
Q1-TA-4_HGD-1,hkciefmb-1,Cluster 15,0,35.72
Q1-TA-4_HGD-1,hjnhakhn-1,Cluster 10,0,32.33
Q1-TA-4_HGD-1,hjnhhfnb-1,Cluster 9,0,31.20
Q1-TA-4_HGD-1,cgdkdngc-1,Cluster 5,0,41.41
Q1-TA-4_HGD-1,cgdjggbn-1,Cluster 5,0,66.47
Q1-TA-4_HGD-1,cgdkegla-1,Cluster 5,0,41.95
Q1-TA-4_HGD-1,cgombjfb-1,Cluster 5,0,24.79
Q1-TA-4_HGD-1,cgomfjph-1,Cluster 5,0,69.41
Q1-TA-4_HGD-1,cgomcofh-1,Cluster 12,0,41.14
Q1-TA-4_HGD-1,cgdjgpdh-1,Cluster 5,0,53.83
Q1-TA-4_HGD-1,cgdkeiod-1,Cluster 23,0,54.64
Q1-TA-4_HGD-1,hkcgmhdc-1,Cluster 5,0,22.89
Q1-TA-4_HGD-1,hkchaabn-1,Cluster 5,0,49.67
Q1-TA-4_HGD-1,cgonfllj-1,Cluster 2,0,46.69
Q1-TA-4_HGD-1,hkcghkho-1,Cluster 6,0,56.90
Q1-TA-4_HGD-1,cgombpen-1,Cluster 5,0,75.37
Q1-TA-4_HGD-1,cgbbeffo-1,Cluster 5,0,25.20
Q1-TA-4_HGD-1,cgmjoekc-1,Cluster 5,0,21.58
Q1-TA-4_HGD-1,cgbdnelc-1,Cluster 5,0,15.80
Q1-TA-4_HGD-1,ckedankc-1,Cluster 5,0,17.61
Q1-TA-4_HGD-1,cgbdkkhb-1,Cluster 5,0,31.61
Q1-TA-4_HGD-1,cgbbhplh-1,Cluster 5,0,39.92
Q1-TA-4_HGD-1,cgbcbfaf-1,Cluster 5,0,19.15
Q1-TA-4_HGD-1,cgbcegna-1,Cluster 5,0,16.03
Q1-TA-4_HGD-1,cgbeaffg-1,Cluster 5,0,22.04
Q1-TA-4_HGD-1,cgmnnnkn-1,Cluster 5,0,70.31
Q1-TA-4_HGD-1,cgbbgpni-1,Cluster 5,0,22.76
Q1-TA-4_HGD-1,cgmnafip-1,Cluster 5,0,47.28
Q1-TA-4_HGD-1,cgbedmge-1,Cluster 5,0,34.77
Q1-TA-4_HGD-1,cgbdgoin-1,Cluster 5,0,67.01
Q1-TA-4_HGD-1,cgbbdock-1,Cluster 5,0,21.81
Q1-TA-4_HGD-1,cgmnggik-1,Cluster 5,0,34.73
Q1-TA-4_HGD-1,cgdgnpha-1,Cluster 5,0,41.50
Q1-TA-4_HGD-1,cgdgpahn-1,Cluster 5,0,87.60
Q1-TA-4_HGD-1,cgdhdlbm-1,Cluster 2,0,58.25
Q1-TA-4_HGD-1,hjnjbceg-1,Cluster 5,0,56.04
Q1-TA-4_HGD-1,cgmnjkhe-1,Cluster 5,0,124.68
Q1-TA-4_HGD-1,cgdheabn-1,Cluster 5,0,67.28
Q1-TA-4_HGD-1,cgmobbdn-1,Cluster 5,0,111.72
Q1-TA-4_HGD-1,cgdheiic-1,Cluster 4,0,92.57
Q1-TA-4_HGD-1,cgdhkojm-1,Cluster 4,0,35.63
Q1-TA-4_HGD-1,hjnjdkig-1,Cluster 5,0,55.50
Q1-TA-4_HGD-1,cgdhmjle-1,Cluster 5,0,108.92
Q1-TA-4_HGD-1,cgmobaad-1,Cluster 5,0,75.86
Q1-TA-4_HGD-1,cgdgleec-1,Cluster 5,0,71.62
Q1-TA-4_HGD-1,hkcmabgi-1,Cluster 5,0,79.34
Q1-TA-4_HGD-1,cgmnmjlf-1,Cluster 5,0,67.78
Q1-TA-4_HGD-1,cgdhcgif-1,Cluster 12,0,70.22
Q1-TA-4_HGD-1,hjnmbdlf-1,Cluster 5,0,41.05
Q1-TA-4_HGD-1,hjnmcanh-1,Cluster 5,0,64.57
Q1-TA-4_HGD-1,cgmijgcl-1,Cluster 5,0,97.13
Q1-TA-4_HGD-1,hjnglpie-1,Cluster 5,0,62.95
Q1-TA-4_HGD-1,cgmhldnj-1,Cluster 5,0,83.58
Q1-TA-4_HGD-1,cgmhpnoc-1,Cluster 5,0,133.03
Q1-TA-4_HGD-1,cgmhoghk-1,Cluster 5,0,93.02
Q1-TA-4_HGD-1,cgmgifgd-1,Cluster 5,0,43.26
Q1-TA-4_HGD-1,cgmgpaco-1,Cluster 5,0,143.06
Q1-TA-4_HGD-1,cgmglbao-1,Cluster 5,0,69.63
Q1-TA-4_HGD-1,cgmicfmb-1,Cluster 25,0,36.62
Q1-TA-4_HGD-1,cgmgmdij-1,Cluster 5,0,49.67
Q1-TA-4_HGD-1,cgmgmlad-1,Cluster 5,0,137.14
Q1-TA-4_HGD-1,cgmhmncc-1,Cluster 12,0,136.06
Q1-TA-4_HGD-1,hjnfkgln-1,Cluster 23,0,47.55
Q1-TA-4_HGD-1,cgmoonme-1,Cluster 5,0,54.64
Q1-TA-4_HGD-1,cgmpfiii-1,Cluster 5,0,45.25
Q1-TA-4_HGD-1,hjnfingf-1,Cluster 5,0,22.53
Q1-TA-4_HGD-1,cgmpjngm-1,Cluster 5,0,59.88
Q1-TA-4_HGD-1,hjokjofc-1,Cluster 5,0,71.89
Q1-TA-4_HGD-1,cgmpgafj-1,Cluster 5,0,61.91
Q1-TA-4_HGD-1,cgmpalpi-1,Cluster 4,0,86.34
Q1-TA-4_HGD-1,hjnfkjhk-1,Cluster 25,0,18.92
Q1-TA-4_HGD-1,cgmpapfl-1,Cluster 5,0,69.72
Q1-TA-4_HGD-1,cgmkkkok-1,Cluster 5,0,64.12
Q1-TA-4_HGD-1,hjnnaoom-1,Cluster 4,0,22.22
Q1-TA-4_HGD-1,hjnfgeai-1,Cluster 4,0,28.90
Q1-TA-4_HGD-1,cgmpffmk-1,Cluster 2,0,33.42
Q1-TA-4_HGD-1,cgmkggam-1,Cluster 12,0,47.73
Q1-TA-4_HGD-1,hjnfmiia-1,Cluster 5,0,69.54
Q1-TA-4_HGD-1,hjnndbno-1,Cluster 5,0,61.10
Q1-TA-4_HGD-1,hjnncopj-1,Cluster 5,0,31.84
Q1-TA-4_HGD-1,cgmkfkaa-1,Cluster 5,0,59.79
Q1-TA-4_HGD-1,hjnglcjg-1,Cluster 5,0,140.03
Q1-TA-4_HGD-1,cgmkfbkf-1,Cluster 5,0,47.05
Q1-TA-4_HGD-1,cgmkfpdn-1,Cluster 5,0,35.22
Q1-TA-4_HGD-1,cgmkejnl-1,Cluster 2,0,29.94
Q1-TA-4_HGD-1,hjngfflc-1,Cluster 5,0,101.87
Q1-TA-4_HGD-1,cgmpnofh-1,Cluster 5,0,48.27
Q1-TA-4_HGD-1,cgmimcef-1,Cluster 15,0,56.40
Q1-TA-4_HGD-1,hjokbddi-1,Cluster 20,0,166.08
Q1-TA-4_HGD-1,cgmipdna-1,Cluster 16,0,39.56
Q1-TA-4_HGD-1,cgmfipad-1,Cluster 5,0,187.99
Q1-TA-4_HGD-1,cgmfcldm-1,Cluster 25,0,43.08
Q1-TA-4_HGD-1,hjokjgin-1,Cluster 19,0,22.89
Q1-TA-4_HGD-1,cgmfkbie-1,Cluster 25,0,52.47
Q1-TA-4_HGD-1,cgmffpij-1,Cluster 5,0,233.28
Q1-TA-4_HGD-1,cgmgckag-1,Cluster 5,0,93.47
Q1-TA-4_HGD-1,cgmfjimh-1,Cluster 5,0,129.91
Q1-TA-4_HGD-1,cgmfbmdp-1,Cluster 5,0,76.54
Q1-TA-4_HGD-1,cgmikpgg-1,Cluster 25,0,50.44
Q1-TA-4_HGD-1,cgmjebcb-1,Cluster 5,0,90.63
Q1-TA-4_HGD-1,cgmjeico-1,Cluster 5,0,142.78
Q1-TA-4_HGD-1,cgmimlpa-1,Cluster 16,0,47.55
Q1-TA-4_HGD-1,cgmjdeco-1,Cluster 15,0,56.54
Q1-TA-4_HGD-1,cgmjhmmn-1,Cluster 5,0,133.08
Q1-TA-4_HGD-1,cgmjfojg-1,Cluster 5,0,129.55
Q1-TA-4_HGD-1,cgmjfpbe-1,Cluster 5,0,102.60
Q1-TA-4_HGD-1,cgmjgkbo-1,Cluster 5,0,166.63
Q1-TA-4_HGD-1,cgmfdoie-1,Cluster 5,0,47.96
Q1-TA-4_HGD-1,cgmjiaej-1,Cluster 25,0,19.01
Q1-TA-4_HGD-1,hjolfijo-1,Cluster 5,0,87.60
Q1-TA-4_HGD-1,cgmgghpm-1,Cluster 5,0,70.26
Q1-TA-4_HGD-1,cgmgnfbf-1,Cluster 25,0,45.20
Q1-TA-4_HGD-1,cgmhalol-1,Cluster 5,0,79.97
Q1-TA-4_HGD-1,hjnggkcl-1,Cluster 5,0,62.45
Q1-TA-4_HGD-1,cgmhphnj-1,Cluster 5,0,83.95
Q1-TA-4_HGD-1,cgmiamal-1,Cluster 5,0,75.14
Q1-TA-4_HGD-1,hjngmgah-1,Cluster 25,0,28.27
Q1-TA-4_HGD-1,hjnfocgf-1,Cluster 5,0,48.54
Q1-TA-4_HGD-1,cgmjdggf-1,Cluster 5,0,126.21
Q1-TA-4_HGD-1,hjngmehm-1,Cluster 5,0,144.00
Q1-TA-4_HGD-1,cgmhddcf-1,Cluster 25,0,42.76
Q1-TA-4_HGD-1,hkbkbild-1,Cluster 25,0,33.55
Q1-TA-4_HGD-1,hkbjmhdf-1,Cluster 5,0,14.63
Q1-TA-4_HGD-1,cgcagadg-1,Cluster 5,0,138.81
Q1-TA-4_HGD-1,cgmjmalm-1,Cluster 5,0,39.92
Q1-TA-4_HGD-1,cgcalnnm-1,Cluster 5,0,122.15
Q1-TA-4_HGD-1,cgbhmefn-1,Cluster 5,0,121.02
Q1-TA-4_HGD-1,cgbhmgpo-1,Cluster 5,0,130.37
Q1-TA-4_HGD-1,cgmigkol-1,Cluster 5,0,143.87
Q1-TA-4_HGD-1,hkbkanjn-1,Cluster 5,0,70.62
Q1-TA-4_HGD-1,cgmjmgem-1,Cluster 5,0,166.18
Q1-TA-4_HGD-1,cgbgfckc-1,Cluster 5,0,75.23
Q1-TA-4_HGD-1,hjnmnbhe-1,Cluster 6,0,47.41
Q1-TA-4_HGD-1,cgbeldgm-1,Cluster 4,0,39.60
Q1-TA-4_HGD-1,cgbiefnc-1,Cluster 5,0,59.11
Q1-TA-4_HGD-1,cgbgaael-1,Cluster 5,0,35.76
Q1-TA-4_HGD-1,cgbajhjn-1,Cluster 5,0,33.96
Q1-TA-4_HGD-1,cgbflgkn-1,Cluster 15,0,13.64
Q1-TA-4_HGD-1,cgbeakab-1,Cluster 16,0,34.73
Q1-TA-4_HGD-1,hjnmfflo-1,Cluster 25,0,41.00
Q1-TA-4_HGD-1,cgbgbihk-1,Cluster 4,0,42.49
Q1-TA-4_HGD-1,cgmjngke-1,Cluster 5,0,34.32
Q1-TA-4_HGD-1,cgbapaek-1,Cluster 25,0,42.13
Q1-TA-4_HGD-1,hjnmimgl-1,Cluster 4,0,7.86
Q1-TA-4_HGD-1,cgbambpi-1,Cluster 5,0,35.36
Q1-TA-4_HGD-1,cgbefojl-1,Cluster 5,0,32.24
Q1-TA-4_HGD-1,cgbfaimg-1,Cluster 5,0,57.26
Q1-TA-4_HGD-1,cgbfojfm-1,Cluster 5,0,34.91
Q1-TA-4_HGD-1,cgbegphn-1,Cluster 5,0,25.11
Q1-TA-4_HGD-1,cgbfhnop-1,Cluster 5,0,42.72
Q1-TA-4_HGD-1,cgbdichn-1,Cluster 5,0,24.16
Q1-TA-4_HGD-1,cgbejpgh-1,Cluster 5,0,25.87
Q1-TA-4_HGD-1,cgmjpfje-1,Cluster 5,0,62.90
Q1-TA-4_HGD-1,cgmkcame-1,Cluster 5,0,51.39
Q1-TA-4_HGD-1,cgmkdafd-1,Cluster 5,0,44.21
Q1-TA-4_HGD-1,cgmkegac-1,Cluster 5,0,25.02
Q1-TA-4_HGD-1,cgcfeema-1,Cluster 15,0,24.38
Q1-TA-4_HGD-1,hjmmbbfi-1,Cluster 5,0,147.21
Q1-TA-4_HGD-1,cgceblgd-1,Cluster 2,0,21.86
Q1-TA-4_HGD-1,cgcdphla-1,Cluster 5,0,90.99
Q1-TA-4_HGD-1,cgcbagga-1,Cluster 5,0,42.04
Q1-TA-4_HGD-1,cgcdcjgb-1,Cluster 5,0,31.38
Q1-TA-4_HGD-1,cgcblpfl-1,Cluster 5,0,36.26
Q1-TA-4_HGD-1,cgcclchi-1,Cluster 5,0,139.08
Q1-TA-4_HGD-1,cgmfmigo-1,Cluster 5,0,146.44
Q1-TA-4_HGD-1,cgccbgji-1,Cluster 5,0,40.91
Q1-TA-4_HGD-1,hjnginig-1,Cluster 5,0,74.96
Q1-TA-4_HGD-1,hjnghhlk-1,Cluster 5,0,21.18
Q1-TA-4_HGD-1,cgmickge-1,Cluster 5,0,93.93
Q1-TA-4_HGD-1,cgmfleec-1,Cluster 5,0,66.74
Q1-TA-4_HGD-1,cgcbaokg-1,Cluster 5,0,81.87
Q1-TA-4_HGD-1,cgmgcbam-1,Cluster 5,0,49.18
Q1-TA-4_HGD-1,cgcaoiac-1,Cluster 5,0,35.18
Q1-TA-4_HGD-1,cgmgbdje-1,Cluster 5,0,52.07
Q1-TA-4_HGD-1,cgcafjgk-1,Cluster 5,0,72.16
Q1-TA-4_HGD-1,cgceldlf-1,Cluster 5,0,56.90
Q1-TA-4_HGD-1,cgccppin-1,Cluster 5,0,38.52
Q1-TA-4_HGD-1,cgcbfhan-1,Cluster 5,0,45.43
Q1-TA-4_HGD-1,cgccnoep-1,Cluster 5,0,75.73
Q1-TA-4_HGD-1,cgcdailp-1,Cluster 5,0,62.81
Q1-TA-4_HGD-1,hkbkhhca-1,Cluster 25,0,30.12
Q1-TA-4_HGD-1,cgcfbhpn-1,Cluster 5,0,66.47
Q1-TA-4_HGD-1,hjnfcmkb-1,Cluster 5,0,214.31
Q1-TA-4_HGD-1,hkbkbmob-1,Cluster 5,0,30.75
Q1-TA-4_HGD-1,cgmflbnh-1,Cluster 5,0,82.59
Q1-TA-4_HGD-1,cgbpppof-1,Cluster 5,0,77.04
Q1-TA-4_HGD-1,cgcdnoaf-1,Cluster 5,0,50.53
Q1-TA-4_HGD-1,cgmfpoeg-1,Cluster 5,0,47.78
Q1-TA-4_HGD-1,cgmijill-1,Cluster 5,0,43.49
Q1-TA-4_HGD-1,hkbkhgie-1,Cluster 5,0,57.21
Q1-TA-4_HGD-1,cgaojlkg-1,Cluster 2,0,31.20
Q1-TA-4_HGD-1,cgaphoab-1,Cluster 5,0,41.86
Q1-TA-4_HGD-1,cgdnbgkd-1,Cluster 5,0,34.23
Q1-TA-4_HGD-1,hkclomag-1,Cluster 2,0,23.07
Q1-TA-4_HGD-1,cgdnlchj-1,Cluster 2,0,29.67
Q1-TA-4_HGD-1,cgbacjea-1,Cluster 23,0,26.96
Q1-TA-4_HGD-1,hkcnbmii-1,Cluster 4,0,19.78
Q1-TA-4_HGD-1,hkcnagcn-1,Cluster 7,0,10.66
Q1-TA-4_HGD-1,cgapmimp-1,Cluster 5,0,40.91
Q1-TA-4_HGD-1,cgapngbf-1,Cluster 5,0,32.87
Q1-TA-4_HGD-1,cgdmijpi-1,Cluster 5,0,61.19
Q1-TA-4_HGD-1,hkcmonph-1,Cluster 25,0,24.07
Q1-TA-4_HGD-1,cgdkobdi-1,Cluster 5,0,81.51
Q1-TA-4_HGD-1,cgdmdfcg-1,Cluster 4,0,87.47
Q1-TA-4_HGD-1,hkcjicgl-1,Cluster 5,0,47.23
Q1-TA-4_HGD-1,cgdmahak-1,Cluster 5,0,48.41
Q1-TA-4_HGD-1,hkcnceli-1,Cluster 5,0,41.32
Q1-TA-4_HGD-1,hkcidlng-1,Cluster 5,0,23.48
Q1-TA-4_HGD-1,cgdlaaon-1,Cluster 5,0,209.98
Q1-TA-4_HGD-1,hkcmpddc-1,Cluster 5,0,49.04
Q1-TA-4_HGD-1,hkchdfcm-1,Cluster 5,0,37.80
Q1-TA-4_HGD-1,hkcjnmjk-1,Cluster 6,0,105.98
Q1-TA-4_HGD-1,hkcmoknl-1,Cluster 5,0,47.69
Q1-TA-4_HGD-1,hkcjkadb-1,Cluster 5,0,131.27
Q1-TA-4_HGD-1,cgdkfjee-1,Cluster 5,0,89.73
Q1-TA-4_HGD-1,hkcnbdno-1,Cluster 5,0,30.53
Q1-TA-4_HGD-1,hkchkcni-1,Cluster 12,0,54.23
Q1-TA-4_HGD-1,hkcnfmao-1,Cluster 5,0,89.73
Q1-TA-4_HGD-1,hkcgjani-1,Cluster 6,0,45.07
Q1-TA-4_HGD-1,cgdlojkb-1,Cluster 5,0,133.75
Q1-TA-4_HGD-1,hkckcjda-1,Cluster 5,0,79.16
Q1-TA-4_HGD-1,hkciljmg-1,Cluster 19,0,45.11
Q1-TA-4_HGD-1,hkcjbldk-1,Cluster 5,0,66.20
Q1-TA-4_HGD-1,cgdmhefb-1,Cluster 5,0,210.47
Q1-TA-4_HGD-1,hkchkbpe-1,Cluster 5,0,80.97
Q1-TA-4_HGD-1,hkchkdce-1,Cluster 23,0,40.87
Q1-TA-4_HGD-1,hkcjnpdk-1,Cluster 5,0,36.22
Q1-TA-4_HGD-1,hkcnfclo-1,Cluster 5,0,58.07
Q1-TA-4_HGD-1,cgbajcok-1,Cluster 5,0,67.64
Q1-TA-4_HGD-1,cganhcam-1,Cluster 4,0,24.70
Q1-TA-4_HGD-1,cgbeojna-1,Cluster 4,0,43.12
Q1-TA-4_HGD-1,cgbhjnek-1,Cluster 5,0,61.37
Q1-TA-4_HGD-1,cgbdfmln-1,Cluster 5,0,98.80
Q1-TA-4_HGD-1,cgaohigd-1,Cluster 25,0,31.97
Q1-TA-4_HGD-1,cgbdienm-1,Cluster 5,0,15.62
Q1-TA-4_HGD-1,cgbhimol-1,Cluster 5,0,37.07
Q1-TA-4_HGD-1,cgbagogm-1,Cluster 5,0,37.43
Q1-TA-4_HGD-1,cgaoepnp-1,Cluster 5,0,46.78
Q1-TA-4_HGD-1,cgbhjmfh-1,Cluster 5,0,47.59
Q1-TA-4_HGD-1,cgbagpai-1,Cluster 5,0,28.95
Q1-TA-4_HGD-1,cganolfl-1,Cluster 5,0,54.64
Q1-TA-4_HGD-1,cganoiml-1,Cluster 5,0,35.31
Q1-TA-4_HGD-1,cgbglmba-1,Cluster 5,0,36.13
Q1-TA-4_HGD-1,cgbgomgi-1,Cluster 5,0,17.11
Q1-TA-4_HGD-1,cgbgllki-1,Cluster 4,0,29.89
Q1-TA-4_HGD-1,cgbgnmff-1,Cluster 5,0,63.99
Q1-TA-4_HGD-1,cgbbclgc-1,Cluster 5,0,28.40
Q1-TA-4_HGD-1,cgdoblcd-1,Cluster 5,0,136.46
Q1-TA-4_HGD-1,cgdocece-1,Cluster 4,0,115.69
Q1-TA-4_HGD-1,cgdmidfl-1,Cluster 5,0,129.87
Q1-TA-4_HGD-1,cgdobomd-1,Cluster 5,0,87.02
Q1-TA-4_HGD-1,cgdmngme-1,Cluster 5,0,139.08
Q1-TA-4_HGD-1,cgdnppeg-1,Cluster 5,0,128.65
Q1-TA-4_HGD-1,cgdneehb-1,Cluster 4,0,53.42
Q1-TA-4_HGD-1,cgdnmbkp-1,Cluster 5,0,50.85
Q1-TA-4_HGD-1,cgdmknkm-1,Cluster 4,0,29.53
Q1-TA-4_HGD-1,hkcnchpl-1,Cluster 4,0,13.19
Q1-TA-4_HGD-1,cgdmjjah-1,Cluster 5,0,38.16
Q1-TA-4_HGD-1,cgdncael-1,Cluster 5,0,44.61
Q1-TA-4_HGD-1,cgdmojpi-1,Cluster 5,0,51.75
Q1-TA-4_HGD-1,cgdmjgmp-1,Cluster 5,0,41.36
Q1-TA-4_HGD-1,cgdnjfid-1,Cluster 5,0,79.88
Q1-TA-4_HGD-1,cgapkhpc-1,Cluster 12,0,67.82
Q1-TA-4_HGD-1,cgeeleoa-1,Cluster 5,0,36.35
Q1-TA-4_HGD-1,cgdnbggn-1,Cluster 2,0,22.49
Q1-TA-4_HGD-1,cgdojgbe-1,Cluster 5,0,66.79
Q1-TA-4_HGD-1,cgeehbbp-1,Cluster 23,0,42.22
Q1-TA-4_HGD-1,cgdpahji-1,Cluster 12,0,51.39
Q1-TA-4_HGD-1,cgapkgki-1,Cluster 12,0,42.58
Q1-TA-4_HGD-1,cgdodmjf-1,Cluster 4,0,52.11
Q1-TA-4_HGD-1,hkcoggol-1,Cluster 1,0,10.21
Q1-TA-4_HGD-1,cgeehhhp-1,Cluster 5,0,61.59
Q1-TA-4_HGD-1,cgappgkj-1,Cluster 23,0,35.63
Q1-TA-4_HGD-1,hkcolceh-1,Cluster 5,0,31.74
Q1-TA-4_HGD-1,cgapjndn-1,Cluster 5,0,24.75
Q1-TA-4_HGD-1,cgedlhof-1,Cluster 23,0,62.99
Q1-TA-4_HGD-1,cgeacgfn-1,Cluster 5,0,53.92
Q1-TA-4_HGD-1,cgedklbb-1,Cluster 5,0,43.85
Q1-TA-4_HGD-1,cgapkbco-1,Cluster 4,0,22.22
Q1-TA-4_HGD-1,hkconmia-1,Cluster 23,0,46.65
Q1-TA-4_HGD-1,cgedihmj-1,Cluster 5,0,66.15
Q1-TA-4_HGD-1,cgdoeijh-1,Cluster 4,0,55.41
Q1-TA-4_HGD-1,hkchlbpe-1,Cluster 5,0,46.78
Q1-TA-4_HGD-1,hkchkimf-1,Cluster 12,0,72.93
Q1-TA-4_HGD-1,cgedfhpb-1,Cluster 4,0,67.01
Q1-TA-4_HGD-1,hkckcnlb-1,Cluster 4,0,87.38
Q1-TA-4_HGD-1,cgdoldmm-1,Cluster 5,0,27.18
Q1-TA-4_HGD-1,cgecbdaa-1,Cluster 4,0,115.96
Q1-TA-4_HGD-1,hkchkfck-1,Cluster 5,0,60.60
Q1-TA-4_HGD-1,hkcjmcdf-1,Cluster 4,0,74.78
Q1-TA-4_HGD-1,hkchbmnc-1,Cluster 5,0,80.02
Q1-TA-4_HGD-1,cgdoofnp-1,Cluster 5,0,30.53
Q1-TA-4_HGD-1,cgedephh-1,Cluster 13,0,61.32
Q1-TA-4_HGD-1,cgedcdnh-1,Cluster 5,0,198.42
Q1-TA-4_HGD-1,cgecbbbk-1,Cluster 5,0,152.36
Q1-TA-4_HGD-1,cgeccmka-1,Cluster 4,0,115.06
Q1-TA-4_HGD-1,cgecpmkb-1,Cluster 12,0,171.59
Q1-TA-4_HGD-1,cgegackf-1,Cluster 5,0,34.68
Q1-TA-4_HGD-1,cganifee-1,Cluster 4,0,18.97
Q1-TA-4_HGD-1,cgefpecl-1,Cluster 5,0,24.79
Q1-TA-4_HGD-1,hkbkpiik-1,Cluster 5,0,23.44
Q1-TA-4_HGD-1,cgaoinim-1,Cluster 5,0,48.41
Q1-TA-4_HGD-1,cgeffoad-1,Cluster 2,0,59.38
Q1-TA-4_HGD-1,cgcmofnf-1,Cluster 16,0,61.82
Q1-TA-4_HGD-1,cgefidjh-1,Cluster 5,0,36.40
Q1-TA-4_HGD-1,cgaphldj-1,Cluster 5,0,105.03
Q1-TA-4_HGD-1,cgefafdb-1,Cluster 25,0,54.32
Q1-TA-4_HGD-1,hkcllaim-1,Cluster 5,0,68.73
Q1-TA-4_HGD-1,cgapgkdk-1,Cluster 5,0,54.59
Q1-TA-4_HGD-1,cgefobjm-1,Cluster 2,0,43.89
Q1-TA-4_HGD-1,cgefhjmn-1,Cluster 5,0,60.55
Q1-TA-4_HGD-1,hkclmhmd-1,Cluster 5,0,39.42
Q1-TA-4_HGD-1,cgefnnbo-1,Cluster 5,0,26.06
Q1-TA-4_HGD-1,cgaphkin-1,Cluster 5,0,67.15
Q1-TA-4_HGD-1,cgefkebd-1,Cluster 5,0,49.49
Q1-TA-4_HGD-1,cgbaekip-1,Cluster 5,0,117.54
Q1-TA-4_HGD-1,cgeemmho-1,Cluster 5,0,75.32
Q1-TA-4_HGD-1,cgedglln-1,Cluster 5,0,117.09
Q1-TA-4_HGD-1,cgdppfoa-1,Cluster 5,0,83.22
Q1-TA-4_HGD-1,cgedoafa-1,Cluster 5,0,32.87
Q1-TA-4_HGD-1,cgdpopbd-1,Cluster 5,0,169.47
Q1-TA-4_HGD-1,cgbafopk-1,Cluster 4,0,138.77
Q1-TA-4_HGD-1,cgeeeeic-1,Cluster 25,0,56.58
Q1-TA-4_HGD-1,cgeelmhj-1,Cluster 5,0,75.73
Q1-TA-4_HGD-1,cgeecdie-1,Cluster 5,0,85.98
Q1-TA-4_HGD-1,cgeeicbl-1,Cluster 5,0,20.09
Q1-TA-4_HGD-1,cgdpoebp-1,Cluster 5,0,151.09
Q1-TA-4_HGD-1,cgbafnlc-1,Cluster 4,0,16.03
Q1-TA-4_HGD-1,cgbacomd-1,Cluster 4,0,18.24
Q1-TA-4_HGD-1,cgeackgm-1,Cluster 5,0,26.69
Q1-TA-4_HGD-1,cgeabpgh-1,Cluster 5,0,42.04
Q1-TA-4_HGD-1,hkbogbjk-1,Cluster 5,0,36.94
Q1-TA-4_HGD-1,cgcaecca-1,Cluster 5,0,144.00
Q1-TA-4_HGD-1,hkbockjd-1,Cluster 5,0,33.69
Q1-TA-4_HGD-1,hkbonbaj-1,Cluster 7,0,19.01
Q1-TA-4_HGD-1,hkbkapmg-1,Cluster 5,0,22.71
Q1-TA-4_HGD-1,cgbcglmb-1,Cluster 4,0,27.36
Q1-TA-4_HGD-1,hkbokcep-1,Cluster 5,0,93.93
Q1-TA-4_HGD-1,cgcajaia-1,Cluster 5,0,102.78
Q1-TA-4_HGD-1,hkbohnif-1,Cluster 5,0,32.29
Q1-TA-4_HGD-1,hkbodoin-1,Cluster 4,0,44.57
Q1-TA-4_HGD-1,cgbcgjpi-1,Cluster 5,0,53.42
Q1-TA-4_HGD-1,cgcagace-1,Cluster 5,0,70.17
Q1-TA-4_HGD-1,cgbchina-1,Cluster 4,0,44.12
Q1-TA-4_HGD-1,cgbhlcnh-1,Cluster 5,0,134.93
Q1-TA-4_HGD-1,cgbiapkc-1,Cluster 5,0,56.04
Q1-TA-4_HGD-1,cgbcjcdb-1,Cluster 5,0,111.17
Q1-TA-4_HGD-1,cgbhnjnb-1,Cluster 5,0,36.35
Q1-TA-4_HGD-1,hkbjgblp-1,Cluster 8,0,12.19
Q1-TA-4_HGD-1,ofjabaab-1,Cluster 1,0,5.51
Q1-TA-4_HGD-1,hkbjlnej-1,Cluster 5,0,29.17
Q1-TA-4_HGD-1,cgbgomkd-1,Cluster 5,0,80.02
Q1-TA-4_HGD-1,cgbhojif-1,Cluster 5,0,66.88
Q1-TA-4_HGD-1,cgapflje-1,Cluster 5,0,31.02
Q1-TA-4_HGD-1,cgbdfgpj-1,Cluster 5,0,115.46
Q1-TA-4_HGD-1,cgapbehg-1,Cluster 5,0,45.70
Q1-TA-4_HGD-1,cgbgcelk-1,Cluster 2,0,32.74
Q1-TA-4_HGD-1,cgapblaj-1,Cluster 5,0,53.06
Q1-TA-4_HGD-1,cgbidkdp-1,Cluster 25,0,50.94
Q1-TA-4_HGD-1,cgapbfhh-1,Cluster 5,0,31.88
Q1-TA-4_HGD-1,hkbokcme-1,Cluster 5,0,21.86
Q1-TA-4_HGD-1,cgbhboof-1,Cluster 5,0,64.26
Q1-TA-4_HGD-1,cgbhmlca-1,Cluster 5,0,98.17
Q1-TA-4_HGD-1,cgbdfabd-1,Cluster 5,0,40.05
Q1-TA-4_HGD-1,cgbdbemj-1,Cluster 5,0,62.68
Q1-TA-4_HGD-1,cgbgpeob-1,Cluster 25,0,27.50
Q1-TA-4_HGD-1,cgbdffkl-1,Cluster 5,0,84.85
Q1-TA-4_HGD-1,cgbhekak-1,Cluster 5,0,54.82
Q1-TA-4_HGD-1,cgbondmk-1,Cluster 5,0,56.26
Q1-TA-4_HGD-1,cgcchgao-1,Cluster 5,0,96.59
Q1-TA-4_HGD-1,hkboigcb-1,Cluster 5,0,50.67
Q1-TA-4_HGD-1,hkbeidic-1,Cluster 5,0,29.98
Q1-TA-4_HGD-1,cgbpdjnp-1,Cluster 5,0,182.21
Q1-TA-4_HGD-1,cgboofhg-1,Cluster 5,0,78.17
Q1-TA-4_HGD-1,cgbpjfog-1,Cluster 5,0,84.58
Q1-TA-4_HGD-1,cgbookbk-1,Cluster 5,0,157.05
Q1-TA-4_HGD-1,hkbeecco-1,Cluster 6,0,60.37
Q1-TA-4_HGD-1,cgcfnpbi-1,Cluster 5,0,34.09
Q1-TA-4_HGD-1,cgccndjn-1,Cluster 5,0,31.70
Q1-TA-4_HGD-1,cgbpjidi-1,Cluster 5,0,139.71
Q1-TA-4_HGD-1,hkcaonhm-1,Cluster 25,0,13.19
Q1-TA-4_HGD-1,cgcflobp-1,Cluster 5,0,73.24
Q1-TA-4_HGD-1,hkcbaiin-1,Cluster 5,0,43.30
Q1-TA-4_HGD-1,hkbeledn-1,Cluster 5,0,36.44
Q1-TA-4_HGD-1,hkbegfan-1,Cluster 5,0,30.62
Q1-TA-4_HGD-1,cgcamgkl-1,Cluster 25,0,39.92
Q1-TA-4_HGD-1,cgbpcond-1,Cluster 5,0,81.24
Q1-TA-4_HGD-1,hkbegmaj-1,Cluster 6,0,80.29
Q1-TA-4_HGD-1,cgcfmkie-1,Cluster 2,0,37.39
Q1-TA-4_HGD-1,cgbpbbpa-1,Cluster 5,0,49.58
Q1-TA-4_HGD-1,cgbpnicn-1,Cluster 5,0,149.65
Q1-TA-4_HGD-1,hkbofmag-1,Cluster 5,0,44.12
Q1-TA-4_HGD-1,cgcbclfn-1,Cluster 25,0,42.99
Q1-TA-4_HGD-1,cgcaocdh-1,Cluster 5,0,45.16
Q1-TA-4_HGD-1,cgcfepah-1,Cluster 5,0,166.85
Q1-TA-4_HGD-1,cgbphgcm-1,Cluster 5,0,131.59
Q1-TA-4_HGD-1,cgcfmodf-1,Cluster 4,0,63.31
Q1-TA-4_HGD-1,cgccgcml-1,Cluster 23,0,55.63
Q1-TA-4_HGD-1,cgcbffno-1,Cluster 4,0,26.73
Q1-TA-4_HGD-1,cgcbejpd-1,Cluster 5,0,78.39
Q1-TA-4_HGD-1,cgbpdhhf-1,Cluster 12,0,61.95
Q1-TA-4_HGD-1,cgcccaid-1,Cluster 5,0,125.35
Q1-TA-4_HGD-1,cganamen-1,Cluster 2,0,24.75
Q1-TA-4_HGD-1,hkboojoi-1,Cluster 4,0,24.70
Q1-TA-4_HGD-1,cgamkbpo-1,Cluster 4,0,32.24
Q1-TA-4_HGD-1,cgampbfe-1,Cluster 4,0,50.67
Q1-TA-4_HGD-1,cganbppj-1,Cluster 4,0,33.55
Q1-TA-4_HGD-1,cganepml-1,Cluster 2,0,39.65
Q1-TA-4_HGD-1,hkbkjbge-1,Cluster 4,0,27.23
Q1-TA-4_HGD-1,cgamjnbc-1,Cluster 4,0,48.36
Q1-TA-4_HGD-1,cgalgbgk-1,Cluster 12,0,61.86
Q1-TA-4_HGD-1,cgampfac-1,Cluster 12,0,53.65
Q1-TA-4_HGD-1,hkcaipgm-1,Cluster 5,0,91.80
Q1-TA-4_HGD-1,cgambggd-1,Cluster 23,0,48.77
Q1-TA-4_HGD-1,cgallefe-1,Cluster 4,0,45.34
Q1-TA-4_HGD-1,cgbconok-1,Cluster 4,0,49.27
Q1-TA-4_HGD-1,cgamanhg-1,Cluster 5,0,23.98
Q1-TA-4_HGD-1,cgamdhjp-1,Cluster 5,0,80.38
Q1-TA-4_HGD-1,cgalhjbp-1,Cluster 4,0,40.87
Q1-TA-4_HGD-1,cgalgelb-1,Cluster 15,0,51.57
Q1-TA-4_HGD-1,cgbcppnc-1,Cluster 5,0,85.80
Q1-TA-4_HGD-1,cgefmpie-1,Cluster 2,0,26.01
Q1-TA-4_HGD-1,cgambhgg-1,Cluster 12,0,105.49
Q1-TA-4_HGD-1,hkblcone-1,Cluster 5,0,40.82
Q1-TA-4_HGD-1,cgaoimib-1,Cluster 16,0,25.02
Q1-TA-4_HGD-1,cganfegp-1,Cluster 4,0,15.62
Q1-TA-4_HGD-1,cgaokabi-1,Cluster 5,0,23.93
Q1-TA-4_HGD-1,hkbknikc-1,Cluster 6,0,49.85
Q1-TA-4_HGD-1,cgalokeh-1,Cluster 5,0,81.06
Q1-TA-4_HGD-1,cgamackb-1,Cluster 2,0,27.77
Q1-TA-4_HGD-1,cgeemgmk-1,Cluster 2,0,43.58
Q1-TA-4_HGD-1,hkbkoiia-1,Cluster 5,0,26.78
Q1-TA-4_HGD-1,hkcbdjkc-1,Cluster 4,0,28.90
Q1-TA-4_HGD-1,hkcbhcpg-1,Cluster 6,0,71.12
Q1-TA-4_HGD-1,cgbchkjo-1,Cluster 5,0,55.00
Q1-TA-4_HGD-1,cganmgko-1,Cluster 5,0,43.17
Q1-TA-4_HGD-1,cganinbm-1,Cluster 5,0,55.18
Q1-TA-4_HGD-1,cgbncjna-1,Cluster 5,0,126.17
Q1-TA-4_HGD-1,hkbbbgkf-1,Cluster 5,0,182.48
Q1-TA-4_HGD-1,cgbncnnl-1,Cluster 5,0,82.14
Q1-TA-4_HGD-1,cgbnoojm-1,Cluster 5,0,98.03
Q1-TA-4_HGD-1,hkbbcoed-1,Cluster 5,0,160.26
Q1-TA-4_HGD-1,cgbndcda-1,Cluster 12,0,91.98
Q1-TA-4_HGD-1,hkbbckmo-1,Cluster 5,0,40.19
Q1-TA-4_HGD-1,hkbbbdgn-1,Cluster 6,0,91.98
Q1-TA-4_HGD-1,hkcbcoih-1,Cluster 6,0,83.22
Q1-TA-4_HGD-1,hkbmppbe-1,Cluster 6,0,85.57
Q1-TA-4_HGD-1,cgbochhm-1,Cluster 5,0,69.72
Q1-TA-4_HGD-1,hkcajfde-1,Cluster 6,0,42.22
Q1-TA-4_HGD-1,hkcaabkg-1,Cluster 14,0,10.70
Q1-TA-4_HGD-1,cgblfndn-1,Cluster 2,0,59.97
Q1-TA-4_HGD-1,hkbbbgec-1,Cluster 5,0,43.89
Q1-TA-4_HGD-1,cgbnppej-1,Cluster 5,0,86.16
Q1-TA-4_HGD-1,hkbnkonh-1,Cluster 6,0,46.51
Q1-TA-4_HGD-1,cgbkpioi-1,Cluster 2,0,60.87
Q1-TA-4_HGD-1,hkbaecnk-1,Cluster 6,0,58.84
Q1-TA-4_HGD-1,hkbopgpi-1,Cluster 5,0,30.93
Q1-TA-4_HGD-1,hkbnegkm-1,Cluster 3,0,42.13
Q1-TA-4_HGD-1,hkbaomgf-1,Cluster 5,0,102.60
Q1-TA-4_HGD-1,cgbpkhil-1,Cluster 5,0,149.78
Q1-TA-4_HGD-1,cgboeomp-1,Cluster 15,0,74.37
Q1-TA-4_HGD-1,hkbpggdp-1,Cluster 22,0,28.31
Q1-TA-4_HGD-1,hkcanljo-1,Cluster 4,0,123.55
Q1-TA-4_HGD-1,cgandkik-1,Cluster 2,0,51.52
Q1-TA-4_HGD-1,cgbpcjcg-1,Cluster 5,0,108.60
Q1-TA-4_HGD-1,hkbpgcmg-1,Cluster 14,0,30.07
Q1-TA-4_HGD-1,hkbndhmi-1,Cluster 8,0,12.37
Q1-TA-4_HGD-1,ofipemhc-1,Cluster 15,0,23.98
Q1-TA-4_HGD-1,hkbpegpf-1,Cluster 6,0,34.18
Q1-TA-4_HGD-1,cgamiijf-1,Cluster 6,0,49.85
Q1-TA-4_HGD-1,hkcacocn-1,Cluster 2,0,40.19
Q1-TA-4_HGD-1,hkajeomd-1,Cluster 5,0,139.58
Q1-TA-4_HGD-1,hjnbiikg-1,Cluster 25,0,24.38
Q1-TA-4_HGD-1,cgpnbgei-1,Cluster 2,0,50.26
Q1-TA-4_HGD-1,hjmogbdj-1,Cluster 15,0,48.32
Q1-TA-4_HGD-1,cgpbcejm-1,Cluster 6,0,103.63
Q1-TA-4_HGD-1,cgpbnmki-1,Cluster 5,0,39.87
Q1-TA-4_HGD-1,hjmmjnpd-1,Cluster 6,0,82.14
Q1-TA-4_HGD-1,cgplhphj-1,Cluster 5,0,73.11
Q1-TA-4_HGD-1,hjmobbhh-1,Cluster 15,0,30.35
Q1-TA-4_HGD-1,hjolkkhj-1,Cluster 20,0,78.93
Q1-TA-4_HGD-1,hjmmjmil-1,Cluster 24,0,32.56
Q1-TA-4_HGD-1,hjmnmnac-1,Cluster 15,0,40.91
Q1-TA-4_HGD-1,ofikcmof-1,Cluster 19,0,17.02
Q1-TA-4_HGD-1,hjomfoic-1,Cluster 19,0,27.68
Q1-TA-4_HGD-1,hjmnmmcd-1,Cluster 19,0,73.24
Q1-TA-4_HGD-1,hjmocaco-1,Cluster 15,0,25.92
Q1-TA-4_HGD-1,hjoloool-1,Cluster 19,0,52.11
Q1-TA-4_HGD-1,hjomfkjg-1,Cluster 19,0,37.75
Q1-TA-4_HGD-1,hjmnadgb-1,Cluster 3,0,44.07
Q1-TA-4_HGD-1,hjmmoglo-1,Cluster 20,0,46.06
Q1-TA-4_HGD-1,hjmmkoik-1,Cluster 19,0,33.87
Q1-TA-4_HGD-1,hjomnlok-1,Cluster 24,0,41.95
Q1-TA-4_HGD-1,hjmmkdgf-1,Cluster 19,0,51.84
Q1-TA-4_HGD-1,cgplffkd-1,Cluster 15,0,39.74
Q1-TA-4_HGD-1,hjmoemde-1,Cluster 24,0,48.36
Q1-TA-4_HGD-1,hjmnlinn-1,Cluster 20,0,29.76
Q1-TA-4_HGD-1,hjmngnpl-1,Cluster 19,0,57.17
Q1-TA-4_HGD-1,hjommpmo-1,Cluster 19,0,28.45
Q1-TA-4_HGD-1,hjmmhlno-1,Cluster 6,0,71.71
Q1-TA-4_HGD-1,hjmmolgb-1,Cluster 20,0,62.36
Q1-TA-4_HGD-1,cgplbbdd-1,Cluster 15,0,54.14
Q1-TA-4_HGD-1,hjmmlkhj-1,Cluster 5,0,49.36
Q1-TA-4_HGD-1,hjmmngcf-1,Cluster 6,0,40.91
Q1-TA-4_HGD-1,cgpbmjog-1,Cluster 25,0,38.52
Q1-TA-4_HGD-1,hjmmngfn-1,Cluster 20,0,22.49
Q1-TA-4_HGD-1,hjmllakj-1,Cluster 25,0,38.92
Q1-TA-4_HGD-1,hjmmbnam-1,Cluster 5,0,52.20
Q1-TA-4_HGD-1,hjmmfalf-1,Cluster 6,0,126.53
Q1-TA-4_HGD-1,hjomhomk-1,Cluster 1,0,30.66
Q1-TA-4_HGD-1,cgpnbjip-1,Cluster 25,0,37.84
Q1-TA-4_HGD-1,hjpdgkdj-1,Cluster 6,0,101.92
Q1-TA-4_HGD-1,cgpndckd-1,Cluster 16,0,48.68
Q1-TA-4_HGD-1,hjmphkjd-1,Cluster 15,0,49.90
Q1-TA-4_HGD-1,cgpndchj-1,Cluster 4,0,19.91
Q1-TA-4_HGD-1,hjnbehoi-1,Cluster 5,0,84.58
Q1-TA-4_HGD-1,cgpkbfam-1,Cluster 23,0,36.40
Q1-TA-4_HGD-1,cgpnfhmi-1,Cluster 5,0,58.30
Q1-TA-4_HGD-1,cgpnbjnj-1,Cluster 23,0,39.11
Q1-TA-4_HGD-1,hjnanjan-1,Cluster 5,0,79.07
Q1-TA-4_HGD-1,hjmpifka-1,Cluster 6,0,35.54
Q1-TA-4_HGD-1,cgpkfkkl-1,Cluster 12,0,47.01
Q1-TA-4_HGD-1,hjnbgini-1,Cluster 25,0,46.01
Q1-TA-4_HGD-1,hjnafmap-1,Cluster 5,0,69.54
Q1-TA-4_HGD-1,cgpbpbhj-1,Cluster 2,0,45.83
Q1-TA-4_HGD-1,hjmnjgng-1,Cluster 5,0,7.45
Q1-TA-4_HGD-1,cgpbooge-1,Cluster 5,0,23.89
Q1-TA-4_HGD-1,hjmpnlgb-1,Cluster 5,0,27.14
Q1-TA-4_HGD-1,cgpfngll-1,Cluster 5,0,40.87
Q1-TA-4_HGD-1,hjnamfdd-1,Cluster 5,0,38.97
Q1-TA-4_HGD-1,hjnbhich-1,Cluster 2,0,27.36
Q1-TA-4_HGD-1,hjnaiejd-1,Cluster 5,0,60.33
Q1-TA-4_HGD-1,cgpbbmmn-1,Cluster 5,0,48.18
Q1-TA-4_HGD-1,hjnacjpn-1,Cluster 5,0,20.95
Q1-TA-4_HGD-1,cgpkdpdm-1,Cluster 2,0,59.34
Q1-TA-4_HGD-1,cgpamjgk-1,Cluster 5,0,89.00
Q1-TA-4_HGD-1,hjnanbhh-1,Cluster 23,0,68.41
Q1-TA-4_HGD-1,cgpbhgjj-1,Cluster 5,0,62.36
Q1-TA-4_HGD-1,cgplaifh-1,Cluster 5,0,66.65
Q1-TA-4_HGD-1,cgpalmbn-1,Cluster 5,0,49.99
Q1-TA-4_HGD-1,hjmppiol-1,Cluster 5,0,37.16
Q1-TA-4_HGD-1,cgpnbklc-1,Cluster 5,0,49.63
Q1-TA-4_HGD-1,hjmnjijp-1,Cluster 7,0,48.50
Q1-TA-4_HGD-1,hjmppelb-1,Cluster 5,0,27.86
Q1-TA-4_HGD-1,hkbfjghc-1,Cluster 5,0,24.61
Q1-TA-4_HGD-1,cgpkjein-1,Cluster 5,0,75.50
Q1-TA-4_HGD-1,cgciegdb-1,Cluster 5,0,44.84
Q1-TA-4_HGD-1,hjmlhjie-1,Cluster 5,0,80.38
Q1-TA-4_HGD-1,cgciebec-1,Cluster 25,0,46.01
Q1-TA-4_HGD-1,hjmlgmpp-1,Cluster 15,0,19.33
Q1-TA-4_HGD-1,cgcidfoa-1,Cluster 5,0,61.10
Q1-TA-4_HGD-1,hjmlfpmf-1,Cluster 23,0,42.63
Q1-TA-4_HGD-1,hkbgdink-1,Cluster 5,0,59.79
Q1-TA-4_HGD-1,hkbgafeb-1,Cluster 4,0,24.07
Q1-TA-4_HGD-1,hkbgenfo-1,Cluster 25,0,42.49
Q1-TA-4_HGD-1,hkbgfpnh-1,Cluster 25,0,33.78
Q1-TA-4_HGD-1,cgpkjhem-1,Cluster 5,0,45.43
Q1-TA-4_HGD-1,hjmlkjih-1,Cluster 5,0,82.50
Q1-TA-4_HGD-1,hkbgdfjk-1,Cluster 2,0,45.79
Q1-TA-4_HGD-1,hkbgdehn-1,Cluster 1,0,19.60
Q1-TA-4_HGD-1,cgpldkdg-1,Cluster 5,0,78.08
Q1-TA-4_HGD-1,hkbgaebf-1,Cluster 5,0,20.41
Q1-TA-4_HGD-1,cgcdloak-1,Cluster 15,0,29.94
Q1-TA-4_HGD-1,cgpkkcgj-1,Cluster 5,0,42.31
Q1-TA-4_HGD-1,cgpkippa-1,Cluster 5,0,132.53
Q1-TA-4_HGD-1,cgcdkodm-1,Cluster 25,0,30.25
Q1-TA-4_HGD-1,cgcdjcif-1,Cluster 5,0,40.87
Q1-TA-4_HGD-1,cgplabbo-1,Cluster 15,0,48.63
Q1-TA-4_HGD-1,cgcdgala-1,Cluster 23,0,46.65
Q1-TA-4_HGD-1,hjmllipe-1,Cluster 5,0,47.28
Q1-TA-4_HGD-1,hjmmepic-1,Cluster 6,0,62.04
Q1-TA-4_HGD-1,hkbgaefp-1,Cluster 25,0,35.45
Q1-TA-4_HGD-1,cgcedapg-1,Cluster 5,0,48.81
Q1-TA-4_HGD-1,cgcdmhmo-1,Cluster 5,0,53.15
Q1-TA-4_HGD-1,hjmmfcli-1,Cluster 5,0,25.96
Q1-TA-4_HGD-1,hjmlmagp-1,Cluster 5,0,77.13
Q1-TA-4_HGD-1,cgcdiaje-1,Cluster 2,0,66.38
Q1-TA-4_HGD-1,cgcdhded-1,Cluster 23,0,40.46
Q1-TA-4_HGD-1,hjmmeale-1,Cluster 16,0,60.51
Q1-TA-4_HGD-1,cgcicjgb-1,Cluster 4,0,18.65
Q1-TA-4_HGD-1,cgpkfhdm-1,Cluster 5,0,40.96
Q1-TA-4_HGD-1,cgpmnkjn-1,Cluster 8,0,31.34
Q1-TA-4_HGD-1,cgchkiei-1,Cluster 8,0,38.61
Q1-TA-4_HGD-1,hjnboolf-1,Cluster 5,0,44.39
Q1-TA-4_HGD-1,cgpmjkek-1,Cluster 2,0,49.45
Q1-TA-4_HGD-1,cgpmmbpo-1,Cluster 2,0,39.24
Q1-TA-4_HGD-1,cgpmljjf-1,Cluster 8,0,24.75
Q1-TA-4_HGD-1,cgpmmbha-1,Cluster 5,0,41.68
Q1-TA-4_HGD-1,cgcjibjp-1,Cluster 25,0,24.88
Q1-TA-4_HGD-1,cgchmiao-1,Cluster 2,0,24.11
Q1-TA-4_HGD-1,cgcjblch-1,Cluster 26,0,31.02
Q1-TA-4_HGD-1,cgcjanea-1,Cluster 5,0,52.20
Q1-TA-4_HGD-1,hkaiemel-1,Cluster 8,0,40.60
Q1-TA-4_HGD-1,hkaihcci-1,Cluster 7,0,5.92
Q1-TA-4_HGD-1,cgcicnjj-1,Cluster 5,0,28.36
Q1-TA-4_HGD-1,cgpmkfnm-1,Cluster 5,0,67.37
Q1-TA-4_HGD-1,hkbgppai-1,Cluster 5,0,15.08
Q1-TA-4_HGD-1,hjmopmdp-1,Cluster 2,0,18.06
Q1-TA-4_HGD-1,hjmpgplm-1,Cluster 8,0,21.04
Q1-TA-4_HGD-1,hkbhapcf-1,Cluster 8,0,12.55
Q1-TA-4_HGD-1,cgcjaemm-1,Cluster 5,0,39.74
Q1-TA-4_HGD-1,hkbgjbng-1,Cluster 8,0,16.66
Q1-TA-4_HGD-1,cgpnbaaa-1,Cluster 2,0,40.51
Q1-TA-4_HGD-1,hjmookde-1,Cluster 5,0,41.14
Q1-TA-4_HGD-1,hkbghcnp-1,Cluster 7,0,9.26
Q1-TA-4_HGD-1,hkbgjgba-1,Cluster 25,0,16.44
Q1-TA-4_HGD-1,hjmpdjph-1,Cluster 5,0,33.28
Q1-TA-4_HGD-1,cgcioaph-1,Cluster 8,0,44.52
Q1-TA-4_HGD-1,hkbgjkck-1,Cluster 4,0,21.40
Q1-TA-4_HGD-1,cgciddan-1,Cluster 8,0,47.69
Q1-TA-4_HGD-1,hjmpeajm-1,Cluster 5,0,40.91
Q1-TA-4_HGD-1,cgcigepm-1,Cluster 8,0,46.24
Q1-TA-4_HGD-1,hjmliamp-1,Cluster 16,0,56.04
Q1-TA-4_HGD-1,cgpimbio-1,Cluster 15,0,48.32
Q1-TA-4_HGD-1,hjmkkimm-1,Cluster 15,0,40.51
Q1-TA-4_HGD-1,ofikckmi-1,Cluster 14,0,21.04
Q1-TA-4_HGD-1,ofijnggf-1,Cluster 14,0,24.20
Q1-TA-4_HGD-1,hjmjamjd-1,Cluster 6,0,73.51
Q1-TA-4_HGD-1,cgpinnid-1,Cluster 16,0,65.12
Q1-TA-4_HGD-1,cgpnhdnm-1,Cluster 15,0,30.16
Q1-TA-4_HGD-1,cgpjfiha-1,Cluster 15,0,44.75
Q1-TA-4_HGD-1,cgpjcphj-1,Cluster 15,0,43.30
Q1-TA-4_HGD-1,ofijokjk-1,Cluster 6,0,23.66
Q1-TA-4_HGD-1,cgpipnck-1,Cluster 15,0,40.91
Q1-TA-4_HGD-1,cgpnlagh-1,Cluster 25,0,41.77
Q1-TA-4_HGD-1,hjmipkmd-1,Cluster 9,0,22.40
Q1-TA-4_HGD-1,hjmjbgmb-1,Cluster 6,0,58.16
Q1-TA-4_HGD-1,ofijpafd-1,Cluster 15,0,42.27
Q1-TA-4_HGD-1,hjmjdfkf-1,Cluster 6,0,83.54
Q1-TA-4_HGD-1,hjmjenpd-1,Cluster 1,0,38.92
Q1-TA-4_HGD-1,hjmjdgcl-1,Cluster 16,0,61.55
Q1-TA-4_HGD-1,cgpeekdf-1,Cluster 15,0,49.31
Q1-TA-4_HGD-1,hjpglofa-1,Cluster 20,0,54.55
Q1-TA-4_HGD-1,cgpnooic-1,Cluster 15,0,19.96
Q1-TA-4_HGD-1,hjpglkem-1,Cluster 19,0,145.95
Q1-TA-4_HGD-1,cgpedjgb-1,Cluster 15,0,45.38
Q1-TA-4_HGD-1,cgpncnmc-1,Cluster 25,0,56.40
Q1-TA-4_HGD-1,cgpnmgoj-1,Cluster 5,0,59.43
Q1-TA-4_HGD-1,hjmpkkjc-1,Cluster 6,0,43.76
Q1-TA-4_HGD-1,hjpbmleo-1,Cluster 19,0,8.13
Q1-TA-4_HGD-1,cgplnked-1,Cluster 5,0,91.94
Q1-TA-4_HGD-1,cgpnmobk-1,Cluster 5,0,49.49
Q1-TA-4_HGD-1,hjmjgdhe-1,Cluster 1,0,20.50
Q1-TA-4_HGD-1,hjmojlam-1,Cluster 15,0,24.61
Q1-TA-4_HGD-1,ofikaami-1,Cluster 14,0,16.98
Q1-TA-4_HGD-1,hjmojnkl-1,Cluster 5,0,102.69
Q1-TA-4_HGD-1,cgpnolno-1,Cluster 5,0,125.40
Q1-TA-4_HGD-1,hjmjeffj-1,Cluster 7,0,14.99
Q1-TA-4_HGD-1,cgpednbh-1,Cluster 15,0,45.88
Q1-TA-4_HGD-1,hjmpnhhp-1,Cluster 6,0,126.80
Q1-TA-4_HGD-1,hjmigpoc-1,Cluster 5,0,53.87
Q1-TA-4_HGD-1,cgpaldfi-1,Cluster 5,0,95.64
Q1-TA-4_HGD-1,hjmihbdo-1,Cluster 5,0,119.03
Q1-TA-4_HGD-1,hjpecdia-1,Cluster 5,0,36.85
Q1-TA-4_HGD-1,hjejkeek-1,Cluster 5,0,37.12
Q1-TA-4_HGD-1,cgpedbmc-1,Cluster 5,0,118.58
Q1-TA-4_HGD-1,hjmimjkf-1,Cluster 5,0,209.62
Q1-TA-4_HGD-1,ofijffbe-1,Cluster 9,0,25.92
Q1-TA-4_HGD-1,hjpehifp-1,Cluster 5,0,21.45
Q1-TA-4_HGD-1,cgpahhcj-1,Cluster 5,0,142.69
Q1-TA-4_HGD-1,hjmioiii-1,Cluster 2,0,32.51
Q1-TA-4_HGD-1,hjmjmkdp-1,Cluster 6,0,39.29
Q1-TA-4_HGD-1,hjpecdde-1,Cluster 7,0,25.78
Q1-TA-4_HGD-1,cgpaandk-1,Cluster 5,0,81.73
Q1-TA-4_HGD-1,cgpagpao-1,Cluster 5,0,102.28
Q1-TA-4_HGD-1,cgpekmkn-1,Cluster 5,0,57.71
Q1-TA-4_HGD-1,hjpfcjin-1,Cluster 7,0,12.19
Q1-TA-4_HGD-1,hjpehcdf-1,Cluster 5,0,26.24
Q1-TA-4_HGD-1,hjpeignf-1,Cluster 5,0,28.95
Q1-TA-4_HGD-1,cgpaikmj-1,Cluster 5,0,126.84
Q1-TA-4_HGD-1,cgpacdca-1,Cluster 24,0,47.78
Q1-TA-4_HGD-1,hjmknieo-1,Cluster 5,0,25.87
Q1-TA-4_HGD-1,hjmkbahd-1,Cluster 6,0,61.55
Q1-TA-4_HGD-1,hjmigeck-1,Cluster 8,0,75.68
Q1-TA-4_HGD-1,hjmimkie-1,Cluster 5,0,104.85
Q1-TA-4_HGD-1,cgpallnl-1,Cluster 25,0,60.78
Q1-TA-4_HGD-1,hjejmhmm-1,Cluster 5,0,39.06
Q1-TA-4_HGD-1,hjejngaf-1,Cluster 8,0,28.76
Q1-TA-4_HGD-1,hjmknchk-1,Cluster 6,0,13.95
Q1-TA-4_HGD-1,hjmlbckg-1,Cluster 6,0,13.23
Q1-TA-4_HGD-1,cgpiogio-1,Cluster 16,0,75.37
Q1-TA-4_HGD-1,hjmklbmi-1,Cluster 15,0,37.21
Q1-TA-4_HGD-1,cgpegald-1,Cluster 6,0,34.18
Q1-TA-4_HGD-1,hjmjlage-1,Cluster 20,0,47.78
Q1-TA-4_HGD-1,hjmkehmc-1,Cluster 1,0,22.71
Q1-TA-4_HGD-1,cgadoahh-1,Cluster 5,0,129.10
Q1-TA-4_HGD-1,hjmkilna-1,Cluster 1,0,14.63
Q1-TA-4_HGD-1,hjmkfneg-1,Cluster 1,0,25.38
Q1-TA-4_HGD-1,hjmjjmlk-1,Cluster 7,0,9.26
Q1-TA-4_HGD-1,hjmjgleo-1,Cluster 9,0,9.26
Q1-TA-4_HGD-1,hkakihfa-1,Cluster 5,0,29.80
Q1-TA-4_HGD-1,hkakfpok-1,Cluster 5,0,14.18
Q1-TA-4_HGD-1,hjmkifgg-1,Cluster 15,0,27.14
Q1-TA-4_HGD-1,cgpjjjof-1,Cluster 25,0,45.25
Q1-TA-4_HGD-1,hjmjjkcc-1,Cluster 6,0,98.26
Q1-TA-4_HGD-1,cgadmfgc-1,Cluster 5,0,127.48
Q1-TA-4_HGD-1,hjmjlabd-1,Cluster 14,0,6.50
Q1-TA-4_HGD-1,hkakdken-1,Cluster 5,0,37.93
Q1-TA-4_HGD-1,cgpoealb-1,Cluster 15,0,49.94
Q1-TA-4_HGD-1,hkakegec-1,Cluster 5,0,54.46
Q1-TA-4_HGD-1,cgpoghej-1,Cluster 5,0,138.13
Q1-TA-4_HGD-1,cgploijl-1,Cluster 5,0,60.51
Q1-TA-4_HGD-1,cgpocmmi-1,Cluster 5,0,57.94
Q1-TA-4_HGD-1,cgpmalec-1,Cluster 5,0,91.40
Q1-TA-4_HGD-1,hjmjkklo-1,Cluster 5,0,63.49
Q1-TA-4_HGD-1,cgpocfop-1,Cluster 5,0,93.25
Q1-TA-4_HGD-1,cgchfnag-1,Cluster 2,0,43.53
Q1-TA-4_HGD-1,cgchimnh-1,Cluster 5,0,45.11
Q1-TA-4_HGD-1,cgchfknf-1,Cluster 5,0,34.14
Q1-TA-4_HGD-1,cgchombo-1,Cluster 15,0,47.46
Q1-TA-4_HGD-1,cgpocelj-1,Cluster 5,0,84.80
Q1-TA-4_HGD-1,cgpoadim-1,Cluster 5,0,82.73
Q1-TA-4_HGD-1,hkajficb-1,Cluster 8,0,15.40
Q1-TA-4_HGD-1,cgchplof-1,Cluster 26,0,40.91
Q1-TA-4_HGD-1,cgchpfni-1,Cluster 2,0,30.62
Q1-TA-4_HGD-1,hjnbkllp-1,Cluster 25,0,23.44
Q1-TA-4_HGD-1,cgplomam-1,Cluster 5,0,130.73
Q1-TA-4_HGD-1,cgaekfin-1,Cluster 5,0,61.59
Q1-TA-4_HGD-1,cgplieda-1,Cluster 5,0,60.92
Q1-TA-4_HGD-1,cgahpfin-1,Cluster 1,0,49.72
Q1-TA-4_HGD-1,hkaejkpk-1,Cluster 1,0,23.07
Q1-TA-4_HGD-1,hkaeikok-1,Cluster 24,0,47.19
Q1-TA-4_HGD-1,cgahodlg-1,Cluster 15,0,38.83
Q1-TA-4_HGD-1,hjekahhf-1,Cluster 3,0,46.33
Q1-TA-4_HGD-1,hjmhlkjo-1,Cluster 6,0,65.97
Q1-TA-4_HGD-1,hjmibfln-1,Cluster 22,0,28.58
Q1-TA-4_HGD-1,hkafilab-1,Cluster 3,0,79.57
Q1-TA-4_HGD-1,ofinojbg-1,Cluster 22,0,21.00
Q1-TA-4_HGD-1,hkafjpng-1,Cluster 22,0,41.14
Q1-TA-4_HGD-1,hkafkghl-1,Cluster 3,0,38.74
Q1-TA-4_HGD-1,hkacncln-1,Cluster 24,0,63.94
Q1-TA-4_HGD-1,hjmiicjb-1,Cluster 6,0,47.05
Q1-TA-4_HGD-1,hjmijlic-1,Cluster 20,0,61.01
Q1-TA-4_HGD-1,hjmhonho-1,Cluster 10,0,52.88
Q1-TA-4_HGD-1,ofiofpbb-1,Cluster 1,0,21.77
Q1-TA-4_HGD-1,hjmhnnfh-1,Cluster 1,0,29.22
Q1-TA-4_HGD-1,hkaclhno-1,Cluster 1,0,29.89
Q1-TA-4_HGD-1,hjmijgon-1,Cluster 20,0,47.28
Q1-TA-4_HGD-1,hkacjnck-1,Cluster 4,0,36.53
Q1-TA-4_HGD-1,hjmhmpod-1,Cluster 15,0,25.51
Q1-TA-4_HGD-1,hjmhnodn-1,Cluster 10,0,45.79
Q1-TA-4_HGD-1,hkacliho-1,Cluster 15,0,18.92
Q1-TA-4_HGD-1,ofinogac-1,Cluster 14,0,6.77
Q1-TA-4_HGD-1,hjmiiiei-1,Cluster 1,0,36.67
Q1-TA-4_HGD-1,hkacgfpg-1,Cluster 15,0,33.46
Q1-TA-4_HGD-1,hkacecdl-1,Cluster 5,0,33.28
Q1-TA-4_HGD-1,hkaipked-1,Cluster 5,0,70.81
Q1-TA-4_HGD-1,hjmlcane-1,Cluster 1,0,22.80
Q1-TA-4_HGD-1,hjmlcbke-1,Cluster 7,0,25.38
Q1-TA-4_HGD-1,hkaioihj-1,Cluster 5,0,84.04
Q1-TA-4_HGD-1,cgpkallj-1,Cluster 15,0,45.16
Q1-TA-4_HGD-1,hkajcnjd-1,Cluster 5,0,28.81
Q1-TA-4_HGD-1,cgpjobfg-1,Cluster 1,0,37.30
Q1-TA-4_HGD-1,cgclbbjm-1,Cluster 2,0,33.24
Q1-TA-4_HGD-1,hkbemojg-1,Cluster 5,0,36.71
Q1-TA-4_HGD-1,cgabplnp-1,Cluster 5,0,53.06
Q1-TA-4_HGD-1,hkbfllfp-1,Cluster 5,0,17.43
Q1-TA-4_HGD-1,cgcgchig-1,Cluster 5,0,26.33
Q1-TA-4_HGD-1,cgabobfi-1,Cluster 5,0,49.99
Q1-TA-4_HGD-1,cgckdbde-1,Cluster 5,0,47.69
Q1-TA-4_HGD-1,cgckbbig-1,Cluster 5,0,61.95
Q1-TA-4_HGD-1,hjfnogoe-1,Cluster 5,0,40.41
Q1-TA-4_HGD-1,cgcggfna-1,Cluster 5,0,30.35
Q1-TA-4_HGD-1,cgcgcbna-1,Cluster 23,0,44.80
Q1-TA-4_HGD-1,cgcgiafe-1,Cluster 5,0,56.90
Q1-TA-4_HGD-1,cgcgjikf-1,Cluster 5,0,31.11
Q1-TA-4_HGD-1,cgcefcfc-1,Cluster 4,0,101.24
Q1-TA-4_HGD-1,cgcgkbbk-1,Cluster 5,0,44.70
Q1-TA-4_HGD-1,cgckbamh-1,Cluster 5,0,50.26
Q1-TA-4_HGD-1,cgckdfce-1,Cluster 5,0,33.64
Q1-TA-4_HGD-1,cgckmbhd-1,Cluster 5,0,83.09
Q1-TA-4_HGD-1,hkbfpobm-1,Cluster 5,0,44.80
Q1-TA-4_HGD-1,hjfnocod-1,Cluster 5,0,14.81
Q1-TA-4_HGD-1,cgcfobfg-1,Cluster 4,0,20.37
Q1-TA-4_HGD-1,hjfocghb-1,Cluster 25,0,20.91
Q1-TA-4_HGD-1,cgcgongj-1,Cluster 4,0,38.56
Q1-TA-4_HGD-1,cgabniha-1,Cluster 5,0,62.90
Q1-TA-4_HGD-1,cgchdfaj-1,Cluster 4,0,41.36
Q1-TA-4_HGD-1,cgchdmkc-1,Cluster 5,0,49.04
Q1-TA-4_HGD-1,cgcgpemi-1,Cluster 5,0,49.27
Q1-TA-4_HGD-1,hjfnnnmm-1,Cluster 5,0,22.35
Q1-TA-4_HGD-1,cgcgkdoo-1,Cluster 5,0,36.67
Q1-TA-4_HGD-1,cgcgnpap-1,Cluster 5,0,22.53
Q1-TA-4_HGD-1,cgcgdgok-1,Cluster 5,0,52.29
Q1-TA-4_HGD-1,cgceidoo-1,Cluster 4,0,93.97
Q1-TA-4_HGD-1,hkbfjapp-1,Cluster 5,0,24.61
Q1-TA-4_HGD-1,hjfohdlc-1,Cluster 5,0,36.31
Q1-TA-4_HGD-1,hkbgecip-1,Cluster 5,0,45.29
Q1-TA-4_HGD-1,cgchbelg-1,Cluster 5,0,21.27
Q1-TA-4_HGD-1,cgcgajkl-1,Cluster 2,0,40.14
Q1-TA-4_HGD-1,cgcehbbl-1,Cluster 4,0,31.02
Q1-TA-4_HGD-1,cgchkmig-1,Cluster 8,0,37.62
Q1-TA-4_HGD-1,hkahmeoh-1,Cluster 5,0,65.88
Q1-TA-4_HGD-1,hkaiimeo-1,Cluster 8,0,19.51
Q1-TA-4_HGD-1,cgcimcek-1,Cluster 5,0,69.45
Q1-TA-4_HGD-1,cgclkepg-1,Cluster 15,0,19.46
Q1-TA-4_HGD-1,hkaiegpm-1,Cluster 5,0,96.50
Q1-TA-4_HGD-1,cgclnnfp-1,Cluster 5,0,26.87
Q1-TA-4_HGD-1,cgcleoen-1,Cluster 5,0,69.90
Q1-TA-4_HGD-1,cgclippn-1,Cluster 8,0,65.75
Q1-TA-4_HGD-1,cgclkgmp-1,Cluster 8,0,32.96
Q1-TA-4_HGD-1,cgclkbjh-1,Cluster 2,0,45.29
Q1-TA-4_HGD-1,cgcjkimd-1,Cluster 5,0,67.82
Q1-TA-4_HGD-1,cgcldhje-1,Cluster 5,0,36.22
Q1-TA-4_HGD-1,cgclcjgd-1,Cluster 5,0,76.04
Q1-TA-4_HGD-1,cgcldfch-1,Cluster 5,0,44.84
Q1-TA-4_HGD-1,hkahpckd-1,Cluster 5,0,27.32
Q1-TA-4_HGD-1,cgcjpcjo-1,Cluster 4,0,45.65
Q1-TA-4_HGD-1,cgckakbn-1,Cluster 25,0,24.57
Q1-TA-4_HGD-1,hkbemidm-1,Cluster 25,0,11.38
Q1-TA-4_HGD-1,cgcjjbee-1,Cluster 5,0,48.99
Q1-TA-4_HGD-1,cgckelal-1,Cluster 8,0,24.61
Q1-TA-4_HGD-1,cgckoocg-1,Cluster 5,0,34.36
Q1-TA-4_HGD-1,hkbelnkm-1,Cluster 5,0,29.31
Q1-TA-4_HGD-1,cgcknonn-1,Cluster 2,0,30.07
Q1-TA-4_HGD-1,hkaihcga-1,Cluster 5,0,42.40
Q1-TA-4_HGD-1,cgacbeag-1,Cluster 4,0,30.12
Q1-TA-4_HGD-1,cgacbndf-1,Cluster 5,0,26.06
Q1-TA-4_HGD-1,cgablopi-1,Cluster 5,0,24.52
Q1-TA-4_HGD-1,hkbfhoem-1,Cluster 15,0,9.84
Q1-TA-4_HGD-1,cgckednf-1,Cluster 2,0,41.45
Q1-TA-4_HGD-1,cgckdobp-1,Cluster 25,0,38.52
Q1-TA-4_HGD-1,cgcigglj-1,Cluster 5,0,27.46
Q1-TA-4_HGD-1,cgacbnkd-1,Cluster 5,0,36.80
Q1-TA-4_HGD-1,cgckkelh-1,Cluster 5,0,63.58
Q1-TA-4_HGD-1,cgabgfhg-1,Cluster 5,0,31.11
Q1-TA-4_HGD-1,hkaohmgk-1,Cluster 5,0,150.78
Q1-TA-4_HGD-1,hkaohnkh-1,Cluster 5,0,66.33
Q1-TA-4_HGD-1,hkbdoanh-1,Cluster 5,0,87.42
Q1-TA-4_HGD-1,hkapcnmh-1,Cluster 25,0,45.61
Q1-TA-4_HGD-1,hjgaofji-1,Cluster 25,0,52.38
Q1-TA-4_HGD-1,hjfnhocm-1,Cluster 2,0,39.78
Q1-TA-4_HGD-1,hjfnceig-1,Cluster 5,0,60.78
Q1-TA-4_HGD-1,cgabgdpi-1,Cluster 5,0,47.69
Q1-TA-4_HGD-1,hkaojchj-1,Cluster 5,0,89.86
Q1-TA-4_HGD-1,hjfmpcfo-1,Cluster 5,0,75.41
Q1-TA-4_HGD-1,hkbdjigi-1,Cluster 5,0,36.40
Q1-TA-4_HGD-1,hkbepafa-1,Cluster 5,0,84.31
Q1-TA-4_HGD-1,hkbdlenc-1,Cluster 25,0,29.13
Q1-TA-4_HGD-1,hkaokgea-1,Cluster 7,0,13.91
Q1-TA-4_HGD-1,hkbdhlpl-1,Cluster 4,0,26.01
Q1-TA-4_HGD-1,hjfmmiek-1,Cluster 5,0,108.38
Q1-TA-4_HGD-1,hkbcmnhn-1,Cluster 5,0,30.89
Q1-TA-4_HGD-1,hkaohchf-1,Cluster 5,0,103.45
Q1-TA-4_HGD-1,hjfpnbbp-1,Cluster 5,0,63.94
Q1-TA-4_HGD-1,hkbdogki-1,Cluster 4,0,47.96
Q1-TA-4_HGD-1,hjgacgie-1,Cluster 25,0,44.80
Q1-TA-4_HGD-1,hjfnkbdo-1,Cluster 5,0,27.14
Q1-TA-4_HGD-1,hkbdemgi-1,Cluster 8,0,47.55
Q1-TA-4_HGD-1,hjfphfbm-1,Cluster 25,0,68.19
Q1-TA-4_HGD-1,hkbfchci-1,Cluster 5,0,44.75
Q1-TA-4_HGD-1,hjfojobe-1,Cluster 5,0,39.11
Q1-TA-4_HGD-1,hjfmnpdh-1,Cluster 5,0,28.31
Q1-TA-4_HGD-1,hkbcomkh-1,Cluster 5,0,246.42
Q1-TA-4_HGD-1,hkbddnkc-1,Cluster 5,0,195.48
Q1-TA-4_HGD-1,hkbdhjcd-1,Cluster 5,0,232.60
Q1-TA-4_HGD-1,hkbcpmea-1,Cluster 5,0,67.82
Q1-TA-4_HGD-1,hkbdhlll-1,Cluster 2,0,64.71
Q1-TA-4_HGD-1,cgceidii-1,Cluster 5,0,63.44
Q1-TA-4_HGD-1,hjfnmkfn-1,Cluster 5,0,84.22
Q1-TA-4_HGD-1,cgablikc-1,Cluster 5,0,80.87
Q1-TA-4_HGD-1,ofiolcnm-1,Cluster 14,0,22.80
Q1-TA-4_HGD-1,ofhnikch-1,Cluster 14,0,52.61
Q1-TA-4_HGD-1,hkaiboam-1,Cluster 5,0,69.18
Q1-TA-4_HGD-1,hkamdhhi-1,Cluster 1,0,17.34
Q1-TA-4_HGD-1,hkaogpna-1,Cluster 5,0,74.46
Q1-TA-4_HGD-1,hkalnhkg-1,Cluster 5,0,59.11
Q1-TA-4_HGD-1,hkamfena-1,Cluster 16,0,81.55
Q1-TA-4_HGD-1,hkaljhim-1,Cluster 5,0,87.78
Q1-TA-4_HGD-1,cgaaefnd-1,Cluster 5,0,151.18
Q1-TA-4_HGD-1,hkamjgfe-1,Cluster 15,0,43.76
Q1-TA-4_HGD-1,hkalpafm-1,Cluster 5,0,40.37
Q1-TA-4_HGD-1,hkapdgli-1,Cluster 5,0,35.54
Q1-TA-4_HGD-1,hkaogbgl-1,Cluster 5,0,20.23
Q1-TA-4_HGD-1,hkapmohd-1,Cluster 5,0,29.98
Q1-TA-4_HGD-1,hkapcoac-1,Cluster 5,0,17.25
Q1-TA-4_HGD-1,hkaofpch-1,Cluster 5,0,96.32
Q1-TA-4_HGD-1,cfppmoii-1,Cluster 5,0,92.75
Q1-TA-4_HGD-1,cgaamoeg-1,Cluster 2,0,46.87
Q1-TA-4_HGD-1,cgaajenl-1,Cluster 5,0,43.89
Q1-TA-4_HGD-1,hkaonnck-1,Cluster 5,0,43.21
Q1-TA-4_HGD-1,cgabhhen-1,Cluster 25,0,27.55
Q1-TA-4_HGD-1,cgabfoil-1,Cluster 5,0,60.15
Q1-TA-4_HGD-1,cgaafpgl-1,Cluster 5,0,64.17
Q1-TA-4_HGD-1,cgaajlao-1,Cluster 4,0,55.63
Q1-TA-4_HGD-1,hkbfddbi-1,Cluster 2,0,19.60
Q1-TA-4_HGD-1,cgaailjg-1,Cluster 5,0,45.38
Q1-TA-4_HGD-1,cgaaddnp-1,Cluster 4,0,39.11
Q1-TA-4_HGD-1,hkapdfha-1,Cluster 25,0,76.09
Q1-TA-4_HGD-1,cgaajbil-1,Cluster 4,0,60.01
Q1-TA-4_HGD-1,cgaaiibg-1,Cluster 5,0,62.99
Q1-TA-4_HGD-1,cgaacafg-1,Cluster 15,0,30.03
Q1-TA-4_HGD-1,hjfpmicc-1,Cluster 25,0,40.73
Q1-TA-4_HGD-1,cfppnmbh-1,Cluster 4,0,33.69
Q1-TA-4_HGD-1,cgabffhc-1,Cluster 5,0,103.54
Q1-TA-4_HGD-1,hkacebdn-1,Cluster 5,0,52.65
Q1-TA-4_HGD-1,hkailjjk-1,Cluster 25,0,17.34
Q1-TA-4_HGD-1,cgadkfck-1,Cluster 8,0,38.88
Q1-TA-4_HGD-1,cgafdhin-1,Cluster 7,0,49.45
Q1-TA-4_HGD-1,hkaipeed-1,Cluster 16,0,26.46
Q1-TA-4_HGD-1,hkagoeac-1,Cluster 5,0,112.66
Q1-TA-4_HGD-1,cgaecgph-1,Cluster 5,0,56.81
Q1-TA-4_HGD-1,cgafipko-1,Cluster 5,0,51.84
Q1-TA-4_HGD-1,cgafjjjh-1,Cluster 4,0,101.10
Q1-TA-4_HGD-1,hkajboki-1,Cluster 5,0,50.44
Q1-TA-4_HGD-1,cgaenbin-1,Cluster 5,0,103.27
Q1-TA-4_HGD-1,cgafdaad-1,Cluster 5,0,173.99
Q1-TA-4_HGD-1,cgabcijh-1,Cluster 25,0,18.02
Q1-TA-4_HGD-1,cgaehaca-1,Cluster 5,0,306.29
Q1-TA-4_HGD-1,cgclbfek-1,Cluster 5,0,129.69
Q1-TA-4_HGD-1,cgclafad-1,Cluster 5,0,59.92
Q1-TA-4_HGD-1,cgaeiokk-1,Cluster 5,0,192.82
Q1-TA-4_HGD-1,hkakdjai-1,Cluster 5,0,106.25
Q1-TA-4_HGD-1,hkakbnom-1,Cluster 25,0,21.22
Q1-TA-4_HGD-1,cgchpbol-1,Cluster 5,0,38.70
Q1-TA-4_HGD-1,hkajpdlc-1,Cluster 5,0,49.90
Q1-TA-4_HGD-1,hkajofnj-1,Cluster 25,0,55.72
Q1-TA-4_HGD-1,hkajmopb-1,Cluster 5,0,23.44
Q1-TA-4_HGD-1,hkajlifb-1,Cluster 25,0,15.49
Q1-TA-4_HGD-1,hjgblepe-1,Cluster 2,0,21.27
Q1-TA-4_HGD-1,cgabdcdk-1,Cluster 8,0,42.40
Q1-TA-4_HGD-1,cgabfoig-1,Cluster 8,0,43.49
Q1-TA-4_HGD-1,cgaanmec-1,Cluster 5,0,73.83
Q1-TA-4_HGD-1,cgafddgm-1,Cluster 5,0,69.09
Q1-TA-4_HGD-1,cgaeolej-1,Cluster 5,0,182.48
Q1-TA-4_HGD-1,hkajhekp-1,Cluster 8,0,117.27
Q1-TA-4_HGD-1,cgclbpbm-1,Cluster 8,0,68.41
Q1-TA-4_HGD-1,hkahmbba-1,Cluster 5,0,88.10
Q1-TA-4_HGD-1,hkaocidj-1,Cluster 7,0,16.44
Q1-TA-4_HGD-1,cgafhgaf-1,Cluster 8,0,119.66
Q1-TA-4_HGD-1,hkaddbgi-1,Cluster 6,0,24.84
Q1-TA-4_HGD-1,hkaglopg-1,Cluster 8,0,118.76
Q1-TA-4_HGD-1,hkaggpll-1,Cluster 15,0,58.39
Q1-TA-4_HGD-1,cgaijode-1,Cluster 25,0,53.78
Q1-TA-4_HGD-1,hkafdfkg-1,Cluster 16,0,50.71
Q1-TA-4_HGD-1,hkaemljb-1,Cluster 1,0,23.93
Q1-TA-4_HGD-1,hkagcjoi-1,Cluster 6,0,144.41
Q1-TA-4_HGD-1,hkaffckl-1,Cluster 6,0,41.77
Q1-TA-4_HGD-1,cgaikfah-1,Cluster 25,0,62.54
Q1-TA-4_HGD-1,hkaeohmf-1,Cluster 6,0,113.75
Q1-TA-4_HGD-1,cgaigdbl-1,Cluster 5,0,133.17
Q1-TA-4_HGD-1,hkagjgoa-1,Cluster 25,0,29.31
Q1-TA-4_HGD-1,hkagbnio-1,Cluster 6,0,44.21
Q1-TA-4_HGD-1,hkagjeno-1,Cluster 25,0,18.15
Q1-TA-4_HGD-1,hkaemnpp-1,Cluster 6,0,45.61
Q1-TA-4_HGD-1,cgaidjph-1,Cluster 5,0,186.00
Q1-TA-4_HGD-1,hkagecoa-1,Cluster 6,0,43.85
Q1-TA-4_HGD-1,hkaddkop-1,Cluster 6,0,21.63
Q1-TA-4_HGD-1,hkagflpe-1,Cluster 15,0,76.04
Q1-TA-4_HGD-1,hkagghco-1,Cluster 6,0,32.92
Q1-TA-4_HGD-1,hkafgndi-1,Cluster 6,0,33.33
Q1-TA-4_HGD-1,hkafhiaj-1,Cluster 10,0,63.94
Q1-TA-4_HGD-1,hkagkblo-1,Cluster 15,0,31.34
Q1-TA-4_HGD-1,hkafepjn-1,Cluster 15,0,36.58
Q1-TA-4_HGD-1,hkaejgah-1,Cluster 10,0,29.26
Q1-TA-4_HGD-1,hkadggpg-1,Cluster 3,0,50.67
Q1-TA-4_HGD-1,ofiogpde-1,Cluster 1,0,12.60
Q1-TA-4_HGD-1,hkadajge-1,Cluster 5,0,97.99
Q1-TA-4_HGD-1,cgaigcei-1,Cluster 25,0,37.12
Q1-TA-4_HGD-1,hkacfkjm-1,Cluster 2,0,10.88
Q1-TA-4_HGD-1,cgaidnik-1,Cluster 5,0,64.80
Q1-TA-4_HGD-1,hkacfefg-1,Cluster 5,0,56.72
Q1-TA-4_HGD-1,ofioimej-1,Cluster 7,0,11.47
Q1-TA-4_HGD-1,hkacbfim-1,Cluster 5,0,109.19
Q1-TA-4_HGD-1,cgafmcdd-1,Cluster 5,0,104.58
Q1-TA-4_HGD-1,hkalckjl-1,Cluster 6,0,87.51
Q1-TA-4_HGD-1,hkaoeacd-1,Cluster 8,0,49.67
Q1-TA-4_HGD-1,cgacjbho-1,Cluster 5,0,108.33
Q1-TA-4_HGD-1,hkanphbl-1,Cluster 25,0,21.36
Q1-TA-4_HGD-1,hkankhpn-1,Cluster 5,0,55.99
Q1-TA-4_HGD-1,cgagadfa-1,Cluster 5,0,158.09
Q1-TA-4_HGD-1,cgagcegj-1,Cluster 5,0,27.05
Q1-TA-4_HGD-1,cgahbegk-1,Cluster 5,0,128.15
Q1-TA-4_HGD-1,ofiopenj-1,Cluster 7,0,15.26
Q1-TA-4_HGD-1,cgahdgod-1,Cluster 5,0,94.60
Q1-TA-4_HGD-1,hkalpdhb-1,Cluster 14,0,6.68
Q1-TA-4_HGD-1,hkanaamj-1,Cluster 5,0,83.31
Q1-TA-4_HGD-1,cgagmdcj-1,Cluster 2,0,99.52
Q1-TA-4_HGD-1,hkanddpj-1,Cluster 5,0,33.78
Q1-TA-4_HGD-1,hkamapmp-1,Cluster 5,0,50.44
Q1-TA-4_HGD-1,hkamnand-1,Cluster 5,0,36.08
Q1-TA-4_HGD-1,cgahghbn-1,Cluster 5,0,104.18
Q1-TA-4_HGD-1,cgahabmh-1,Cluster 5,0,159.54
Q1-TA-4_HGD-1,cgahhabn-1,Cluster 4,0,42.49
Q1-TA-4_HGD-1,hkamahjn-1,Cluster 5,0,109.10
Q1-TA-4_HGD-1,ofioodnd-1,Cluster 5,0,50.08
Q1-TA-4_HGD-1,hkakndka-1,Cluster 5,0,90.85
Q1-TA-4_HGD-1,ofiopkof-1,Cluster 14,0,35.72
Q1-TA-4_HGD-1,hkalpfnh-1,Cluster 5,0,95.10
Q1-TA-4_HGD-1,ofiomppc-1,Cluster 14,0,41.63
Q1-TA-4_HGD-1,cgahlmhp-1,Cluster 5,0,109.37
Q1-TA-4_HGD-1,hkammfkm-1,Cluster 5,0,39.38
Q1-TA-4_HGD-1,cgaghhkl-1,Cluster 5,0,122.73
Q1-TA-4_HGD-1,hkamkjhf-1,Cluster 22,0,30.89
Q1-TA-4_HGD-1,cgahfbca-1,Cluster 5,0,149.56
Q1-TA-4_HGD-1,cgahjkpf-1,Cluster 5,0,82.41
Q1-TA-4_HGD-1,ofipcaci-1,Cluster 5,0,58.97
Q1-TA-4_HGD-1,cgagcgcp-1,Cluster 5,0,138.22
Q1-TA-4_HGD-1,cgagaemn-1,Cluster 25,0,33.78
Q1-TA-4_HGD-1,hkafpjid-1,Cluster 6,0,45.61
Q1-TA-4_HGD-1,hkaoejmo-1,Cluster 7,0,37.71
Q1-TA-4_HGD-1,hkaflfkd-1,Cluster 6,0,102.32
Q1-TA-4_HGD-1,cgaijpih-1,Cluster 25,0,32.69
Q1-TA-4_HGD-1,cgaflkkp-1,Cluster 5,0,156.47
Q1-TA-4_HGD-1,cgafnigc-1,Cluster 8,0,172.72
Q1-TA-4_HGD-1,hkagikoc-1,Cluster 4,0,33.73
Q1-TA-4_HGD-1,hkadjemg-1,Cluster 5,0,125.76
Q1-TA-4_HGD-1,hkadlbob-1,Cluster 5,0,100.65
Q1-TA-4_HGD-1,cgadeeje-1,Cluster 5,0,184.01
Q1-TA-4_HGD-1,hkaniepl-1,Cluster 5,0,62.45
Q1-TA-4_HGD-1,cgacgncd-1,Cluster 4,0,246.06
Q1-TA-4_HGD-1,hkalibci-1,Cluster 5,0,103.81
Q1-TA-4_HGD-1,hkadmnmi-1,Cluster 4,0,58.48
Q1-TA-4_HGD-1,cgaclcoh-1,Cluster 5,0,118.63
Q1-TA-4_HGD-1,cgacpeik-1,Cluster 25,0,37.12
Q1-TA-4_HGD-1,hkadklch-1,Cluster 5,0,95.91
Q1-TA-4_HGD-1,cgafpaof-1,Cluster 5,0,75.82
Q1-TA-4_HGD-1,hkaghafc-1,Cluster 5,0,127.79
Q1-TA-4_HGD-1,hkadinbe-1,Cluster 5,0,232.60
Q1-TA-4_HGD-1,hkalhfhc-1,Cluster 8,0,26.15
Q1-TA-4_HGD-1,hkaneend-1,Cluster 6,0,68.41
Q1-TA-4_HGD-1,hkahgaoa-1,Cluster 5,0,208.17
Q1-TA-4_HGD-1,hkaldpmk-1,Cluster 5,0,109.91
Q1-TA-4_HGD-1,cgadfekk-1,Cluster 5,0,119.89
Q1-TA-4_HGD-1,hkaeeppa-1,Cluster 25,0,32.65
Q1-TA-4_HGD-1,hkaklhon-1,Cluster 5,0,124.81
Q1-TA-4_HGD-1,hkadhcai-1,Cluster 5,0,46.29
Q1-TA-4_HGD-1,cgadbkeb-1,Cluster 25,0,44.70
Q1-TA-4_HGD-1,hkahccno-1,Cluster 2,0,25.15
Q1-TA-4_HGD-1,hkahhfip-1,Cluster 5,0,145.85
Q1-TA-4_HGD-1,cgadbgnf-1,Cluster 5,0,127.84
Q1-TA-4_HGD-1,hkanenje-1,Cluster 6,0,40.19
Q1-TA-4_HGD-1,cgacjkah-1,Cluster 5,0,90.81
Q1-TA-4_HGD-1,hkbbnone-1,Cluster 4,0,54.14
Q1-TA-4_HGD-1,cgjhodmp-1,Cluster 12,0,46.74
Q1-TA-4_HGD-1,cgcnfcch-1,Cluster 5,0,77.98
Q1-TA-4_HGD-1,hkcfjjol-1,Cluster 4,0,107.16
Q1-TA-4_HGD-1,cgdbnbhc-1,Cluster 4,0,34.73
Q1-TA-4_HGD-1,hkcpgbaf-1,Cluster 7,0,32.56
Q1-TA-4_HGD-1,cgcpnnfn-1,Cluster 5,0,78.84
Q1-TA-4_HGD-1,hkcpobed-1,Cluster 22,0,30.16
Q1-TA-4_HGD-1,cgdbkonn-1,Cluster 13,0,25.38
Q1-TA-4_HGD-1,cgdoionn-1,Cluster 4,0,40.51
Q1-TA-4_HGD-1,hkcpdiga-1,Cluster 7,0,17.57
Q1-TA-4_HGD-1,cgdojcib-1,Cluster 12,0,32.78
Q1-TA-4_HGD-1,hkcpnmdp-1,Cluster 7,0,11.33
Q1-TA-4_HGD-1,hkcpdfek-1,Cluster 5,0,21.68
Q1-TA-4_HGD-1,hkcpcnhp-1,Cluster 5,0,22.85
Q1-TA-4_HGD-1,cgdcajgm-1,Cluster 12,0,87.20
Q1-TA-4_HGD-1,cgdfhedd-1,Cluster 4,0,110.32
Q1-TA-4_HGD-1,hkcepfml-1,Cluster 12,0,71.44
Q1-TA-4_HGD-1,cgdbiieb-1,Cluster 12,0,81.51
Q1-TA-4_HGD-1,hkcffbdg-1,Cluster 4,0,126.48
Q1-TA-4_HGD-1,cgdeenkh-1,Cluster 4,0,179.77
Q1-TA-4_HGD-1,hkcfippi-1,Cluster 2,0,90.31
Q1-TA-4_HGD-1,cgdfkdpm-1,Cluster 12,0,125.44
Q1-TA-4_HGD-1,hkcfccee-1,Cluster 4,0,31.16
Q1-TA-4_HGD-1,cgdfkgcc-1,Cluster 4,0,83.04
Q1-TA-4_HGD-1,hkcfdjma-1,Cluster 2,0,14.68
Q1-TA-4_HGD-1,cgdbelgc-1,Cluster 5,0,52.52
Q1-TA-4_HGD-1,hkcfbhkc-1,Cluster 4,0,54.23
Q1-TA-4_HGD-1,cgdffjgl-1,Cluster 4,0,121.43
Q1-TA-4_HGD-1,hkcpanae-1,Cluster 4,0,41.81
Q1-TA-4_HGD-1,cgdbglng-1,Cluster 4,0,109.46
Q1-TA-4_HGD-1,hkcpbibf-1,Cluster 4,0,64.62
Q1-TA-4_HGD-1,cgdemdcc-1,Cluster 4,0,193.13
Q1-TA-4_HGD-1,cgdeifah-1,Cluster 4,0,179.32
Q1-TA-4_HGD-1,cgdehlpl-1,Cluster 4,0,109.77
Q1-TA-4_HGD-1,cgdbgpmm-1,Cluster 13,0,134.34
Q1-TA-4_HGD-1,cgdbefba-1,Cluster 5,0,82.86
Q1-TA-4_HGD-1,cgdofmfg-1,Cluster 5,0,88.82
Q1-TA-4_HGD-1,cgdbcjfd-1,Cluster 5,0,152.72
Q1-TA-4_HGD-1,cgecabbl-1,Cluster 4,0,173.49
Q1-TA-4_HGD-1,cgcnmldg-1,Cluster 4,0,25.69
Q1-TA-4_HGD-1,cgcmhnnd-1,Cluster 5,0,51.61
Q1-TA-4_HGD-1,cgcpkaho-1,Cluster 7,0,22.76
Q1-TA-4_HGD-1,cgcpfjcd-1,Cluster 5,0,74.01
Q1-TA-4_HGD-1,cgcnhhno-1,Cluster 5,0,49.67
Q1-TA-4_HGD-1,cgcpgakh-1,Cluster 5,0,81.73
Q1-TA-4_HGD-1,cgcnmnfg-1,Cluster 5,0,23.53
Q1-TA-4_HGD-1,cgdadibc-1,Cluster 4,0,37.03
Q1-TA-4_HGD-1,cgdadibp-1,Cluster 4,0,41.81
Q1-TA-4_HGD-1,cgeadkik-1,Cluster 5,0,30.71
Q1-TA-4_HGD-1,cgdacbkp-1,Cluster 4,0,54.59
Q1-TA-4_HGD-1,cgcnjkfi-1,Cluster 4,0,25.69
Q1-TA-4_HGD-1,cgcniebb-1,Cluster 4,0,54.86
Q1-TA-4_HGD-1,cgconbgf-1,Cluster 4,0,22.85
Q1-TA-4_HGD-1,cgcoialk-1,Cluster 5,0,36.26
Q1-TA-4_HGD-1,cgcnnfah-1,Cluster 4,0,36.22
Q1-TA-4_HGD-1,cgdpmlpa-1,Cluster 5,0,116.46
Q1-TA-4_HGD-1,cgdacjan-1,Cluster 12,0,51.03
Q1-TA-4_HGD-1,cgcodncj-1,Cluster 25,0,27.23
Q1-TA-4_HGD-1,cgcoghno-1,Cluster 5,0,49.27
Q1-TA-4_HGD-1,cgdajpon-1,Cluster 4,0,39.74
Q1-TA-4_HGD-1,cgdadfje-1,Cluster 4,0,44.39
Q1-TA-4_HGD-1,cgdbbbdp-1,Cluster 4,0,40.23
Q1-TA-4_HGD-1,hkcpfmcj-1,Cluster 4,0,35.67
Q1-TA-4_HGD-1,cgcoiocc-1,Cluster 5,0,32.56
Q1-TA-4_HGD-1,cgdcblnp-1,Cluster 4,0,32.20
Q1-TA-4_HGD-1,cgdcaepl-1,Cluster 12,0,44.30
Q1-TA-4_HGD-1,cgdbcikj-1,Cluster 4,0,33.14
Q1-TA-4_HGD-1,cgdpmmfj-1,Cluster 4,0,99.07
Q1-TA-4_HGD-1,cgdaodeo-1,Cluster 13,0,21.22
Q1-TA-4_HGD-1,cgdohcao-1,Cluster 2,0,49.13
Q1-TA-4_HGD-1,cgdbnfdd-1,Cluster 12,0,49.49
Q1-TA-4_HGD-1,cgcpoobn-1,Cluster 12,0,77.58
Q1-TA-4_HGD-1,cgdbjgdd-1,Cluster 4,0,79.16
Q1-TA-4_HGD-1,cgjjjnho-1,Cluster 5,0,131.54
Q1-TA-4_HGD-1,cgjiobca-1,Cluster 12,0,99.61
Q1-TA-4_HGD-1,hkckdgje-1,Cluster 5,0,82.46
Q1-TA-4_HGD-1,cgjgdino-1,Cluster 4,0,32.78
Q1-TA-4_HGD-1,hkckfbbk-1,Cluster 4,0,97.63
Q1-TA-4_HGD-1,cgjgbgce-1,Cluster 23,0,40.10
Q1-TA-4_HGD-1,cgjfjdmf-1,Cluster 5,0,46.74
Q1-TA-4_HGD-1,cgjjejoa-1,Cluster 17,0,20.41
Q1-TA-4_HGD-1,hkckfhga-1,Cluster 4,0,102.23
Q1-TA-4_HGD-1,cgjikban-1,Cluster 4,0,78.48
Q1-TA-4_HGD-1,cgdgcjda-1,Cluster 8,0,202.21
Q1-TA-4_HGD-1,cgjinmdf-1,Cluster 4,0,42.58
Q1-TA-4_HGD-1,cgjjfkcj-1,Cluster 5,0,79.25
Q1-TA-4_HGD-1,cgjfnihe-1,Cluster 2,0,32.65
Q1-TA-4_HGD-1,cgdgenbj-1,Cluster 8,0,54.55
Q1-TA-4_HGD-1,cgdgekcc-1,Cluster 4,0,35.36
Q1-TA-4_HGD-1,cabokkff-1,Cluster 4,0,34.23
Q1-TA-4_HGD-1,caboldgm-1,Cluster 2,0,37.52
Q1-TA-4_HGD-1,cabohjkk-1,Cluster 5,0,24.66
Q1-TA-4_HGD-1,cabohhag-1,Cluster 23,0,33.01
Q1-TA-4_HGD-1,cgdfoaep-1,Cluster 2,0,53.69
Q1-TA-4_HGD-1,cgjimcdh-1,Cluster 2,0,54.96
Q1-TA-4_HGD-1,caboafdj-1,Cluster 4,0,33.55
Q1-TA-4_HGD-1,caboiobe-1,Cluster 5,0,65.97
Q1-TA-4_HGD-1,cgjinjma-1,Cluster 4,0,47.82
Q1-TA-4_HGD-1,cgdgcdoj-1,Cluster 4,0,56.58
Q1-TA-4_HGD-1,cabogncp-1,Cluster 5,0,37.34
Q1-TA-4_HGD-1,cgjimbek-1,Cluster 2,0,39.96
Q1-TA-4_HGD-1,caboddhk-1,Cluster 5,0,130.28
Q1-TA-4_HGD-1,cabobmlj-1,Cluster 5,0,77.31
Q1-TA-4_HGD-1,caboopmo-1,Cluster 4,0,87.60
Q1-TA-4_HGD-1,hkcfhbdo-1,Cluster 4,0,78.26
Q1-TA-4_HGD-1,caboapmi-1,Cluster 5,0,84.31
Q1-TA-4_HGD-1,cgdgilpc-1,Cluster 5,0,172.09
Q1-TA-4_HGD-1,cacbebae-1,Cluster 12,0,147.62
Q1-TA-4_HGD-1,cgdajbaj-1,Cluster 4,0,58.30
Q1-TA-4_HGD-1,cgcpfopf-1,Cluster 4,0,38.16
Q1-TA-4_HGD-1,cgcpmoik-1,Cluster 4,0,126.12
Q1-TA-4_HGD-1,cgjhgcak-1,Cluster 5,0,20.41
Q1-TA-4_HGD-1,cgjgflki-1,Cluster 5,0,109.87
Q1-TA-4_HGD-1,cgjhjmeh-1,Cluster 5,0,54.01
Q1-TA-4_HGD-1,cgdacmgl-1,Cluster 4,0,101.42
Q1-TA-4_HGD-1,ofjagogl-1,Cluster 22,0,22.58
Q1-TA-4_HGD-1,cgcplebh-1,Cluster 4,0,107.25
Q1-TA-4_HGD-1,ofjahlci-1,Cluster 5,0,71.71
Q1-TA-4_HGD-1,cgjhgaig-1,Cluster 5,0,36.26
Q1-TA-4_HGD-1,cgjggack-1,Cluster 5,0,96.82
Q1-TA-4_HGD-1,hkdaeamp-1,Cluster 5,0,23.75
Q1-TA-4_HGD-1,cgjhmala-1,Cluster 4,0,76.90
Q1-TA-4_HGD-1,cgjgohem-1,Cluster 5,0,60.96
Q1-TA-4_HGD-1,cgjkdjoi-1,Cluster 4,0,31.84
Q1-TA-4_HGD-1,cgjgogol-1,Cluster 25,0,58.25
Q1-TA-4_HGD-1,cgjhdiff-1,Cluster 5,0,73.70
Q1-TA-4_HGD-1,cgjhdkic-1,Cluster 5,0,41.27
Q1-TA-4_HGD-1,cgjgfmij-1,Cluster 5,0,100.34
Q1-TA-4_HGD-1,cgjhhdpg-1,Cluster 4,0,29.13
Q1-TA-4_HGD-1,cgjhhpgo-1,Cluster 5,0,78.89
Q1-TA-4_HGD-1,cgjjmigl-1,Cluster 4,0,32.56
Q1-TA-4_HGD-1,cgjgibmk-1,Cluster 4,0,62.04
Q1-TA-4_HGD-1,cgjhcjde-1,Cluster 5,0,61.77
Q1-TA-4_HGD-1,cgjiglck-1,Cluster 4,0,84.08
Q1-TA-4_HGD-1,cgjjhbhb-1,Cluster 5,0,57.03
Q1-TA-4_HGD-1,cgjifdlg-1,Cluster 5,0,43.89
Q1-TA-4_HGD-1,cgjgdmdc-1,Cluster 2,0,52.97
Q1-TA-4_HGD-1,cgjjkelk-1,Cluster 2,0,30.84
Q1-TA-4_HGD-1,cgjidjlf-1,Cluster 4,0,71.71
Q1-TA-4_HGD-1,cgjjjeap-1,Cluster 12,0,45.79
Q1-TA-4_HGD-1,cgjkbnfo-1,Cluster 4,0,62.36
Q1-TA-4_HGD-1,cgjjimpa-1,Cluster 16,0,57.30
Q1-TA-4_HGD-1,cgbndcie-1,Cluster 5,0,121.79
Q1-TA-4_HGD-1,cgaimpmb-1,Cluster 4,0,45.38
Q1-TA-4_HGD-1,cgajfemo-1,Cluster 5,0,22.67
Q1-TA-4_HGD-1,cgajmiia-1,Cluster 5,0,19.96
Q1-TA-4_HGD-1,cgcmbona-1,Cluster 2,0,69.77
Q1-TA-4_HGD-1,cgajmbln-1,Cluster 2,0,33.69
Q1-TA-4_HGD-1,cgakcpdg-1,Cluster 5,0,55.99
Q1-TA-4_HGD-1,cgbmbbpf-1,Cluster 2,0,64.35
Q1-TA-4_HGD-1,cgajdikf-1,Cluster 5,0,33.37
Q1-TA-4_HGD-1,cgcnafkd-1,Cluster 4,0,191.37
Q1-TA-4_HGD-1,cgcnangf-1,Cluster 12,0,101.06
Q1-TA-4_HGD-1,cgallfhl-1,Cluster 4,0,47.05
Q1-TA-4_HGD-1,cgajmmje-1,Cluster 5,0,64.30
Q1-TA-4_HGD-1,cgampeap-1,Cluster 4,0,19.73
Q1-TA-4_HGD-1,cgakpenk-1,Cluster 4,0,34.18
Q1-TA-4_HGD-1,cgakmonb-1,Cluster 4,0,33.14
Q1-TA-4_HGD-1,cgakkkdf-1,Cluster 4,0,52.88
Q1-TA-4_HGD-1,cgamgfak-1,Cluster 5,0,39.56
Q1-TA-4_HGD-1,hkblcpkc-1,Cluster 4,0,35.36
Q1-TA-4_HGD-1,cgcnglmm-1,Cluster 4,0,17.02
Q1-TA-4_HGD-1,cgcngffi-1,Cluster 5,0,93.11
Q1-TA-4_HGD-1,cgcnekmj-1,Cluster 2,0,76.18
Q1-TA-4_HGD-1,cgakakbd-1,Cluster 4,0,84.40
Q1-TA-4_HGD-1,hkblaonl-1,Cluster 8,0,22.62
Q1-TA-4_HGD-1,cgakffoc-1,Cluster 4,0,34.68
Q1-TA-4_HGD-1,cgakjaej-1,Cluster 12,0,54.64
Q1-TA-4_HGD-1,cgclpgdd-1,Cluster 5,0,46.10
Q1-TA-4_HGD-1,cgakdcfl-1,Cluster 4,0,52.34
Q1-TA-4_HGD-1,cgakpnfn-1,Cluster 5,0,55.72
Q1-TA-4_HGD-1,cgclokio-1,Cluster 2,0,42.54
Q1-TA-4_HGD-1,cgcmdeoh-1,Cluster 5,0,80.24
Q1-TA-4_HGD-1,hkblfmea-1,Cluster 4,0,46.10
Q1-TA-4_HGD-1,cgakjdgl-1,Cluster 5,0,125.35
Q1-TA-4_HGD-1,cgcmlhmg-1,Cluster 4,0,38.74
Q1-TA-4_HGD-1,cganaggf-1,Cluster 4,0,23.07
Q1-TA-4_HGD-1,cgcnaghi-1,Cluster 25,0,58.16
Q1-TA-4_HGD-1,hkbnkabn-1,Cluster 5,0,45.61
Q1-TA-4_HGD-1,hkbnngaf-1,Cluster 15,0,53.06
Q1-TA-4_HGD-1,hkbnjojc-1,Cluster 5,0,124.95
Q1-TA-4_HGD-1,cgblhlhd-1,Cluster 5,0,92.16
Q1-TA-4_HGD-1,cgajfcgg-1,Cluster 2,0,29.98
Q1-TA-4_HGD-1,hkbnodel-1,Cluster 5,0,71.93
Q1-TA-4_HGD-1,hkbnocnl-1,Cluster 4,0,34.86
Q1-TA-4_HGD-1,hkbaimmm-1,Cluster 1,0,19.28
Q1-TA-4_HGD-1,cgblkmmo-1,Cluster 5,0,65.16
Q1-TA-4_HGD-1,hkboaagk-1,Cluster 5,0,67.10
Q1-TA-4_HGD-1,hkbnnjob-1,Cluster 4,0,58.88
Q1-TA-4_HGD-1,cgbnnpmh-1,Cluster 5,0,121.43
Q1-TA-4_HGD-1,cgblmkef-1,Cluster 5,0,187.13
Q1-TA-4_HGD-1,hkbnoffa-1,Cluster 5,0,45.79
Q1-TA-4_HGD-1,cgbnhdbo-1,Cluster 5,0,90.63
Q1-TA-4_HGD-1,hkbaedeb-1,Cluster 3,0,45.38
Q1-TA-4_HGD-1,hkbbjoec-1,Cluster 4,0,56.54
Q1-TA-4_HGD-1,cgblljie-1,Cluster 5,0,85.93
Q1-TA-4_HGD-1,cgblaemg-1,Cluster 2,0,47.05
Q1-TA-4_HGD-1,hkbngdmj-1,Cluster 4,0,49.76
Q1-TA-4_HGD-1,hkbmnkmo-1,Cluster 5,0,19.19
Q1-TA-4_HGD-1,hkbmpaaa-1,Cluster 5,0,31.65
Q1-TA-4_HGD-1,hkbafjef-1,Cluster 6,0,27.68
Q1-TA-4_HGD-1,cgblebpd-1,Cluster 2,0,32.83
Q1-TA-4_HGD-1,cgblecnk-1,Cluster 5,0,15.94
Q1-TA-4_HGD-1,cgbmcnmp-1,Cluster 4,0,29.26
Q1-TA-4_HGD-1,cgajfbon-1,Cluster 5,0,31.34
Q1-TA-4_HGD-1,cgajcbnm-1,Cluster 5,0,22.04
Q1-TA-4_HGD-1,cgaimkdn-1,Cluster 5,0,63.08
Q1-TA-4_HGD-1,cgbmapel-1,Cluster 5,0,28.36
Q1-TA-4_HGD-1,cgblhklj-1,Cluster 2,0,21.18
Q1-TA-4_HGD-1,cgblfofi-1,Cluster 2,0,24.75
Q1-TA-4_HGD-1,cgaipjin-1,Cluster 5,0,72.61
Q1-TA-4_HGD-1,cgbledhi-1,Cluster 4,0,28.54
Q1-TA-4_HGD-1,cgbliegd-1,Cluster 5,0,48.59
Q1-TA-4_HGD-1,hkcdiedm-1,Cluster 22,0,26.06
Q1-TA-4_HGD-1,ckcgfepe-1,Cluster 13,0,74.42
Q1-TA-4_HGD-1,hkbmmnmg-1,Cluster 14,0,11.97
Q1-TA-4_HGD-1,cgalalea-1,Cluster 12,0,46.24
Q1-TA-4_HGD-1,hkcdidgd-1,Cluster 22,0,15.67
Q1-TA-4_HGD-1,hkbmjiaa-1,Cluster 4,0,61.95
Q1-TA-4_HGD-1,cgaldkmb-1,Cluster 13,0,52.47
Q1-TA-4_HGD-1,cgkedomi-1,Cluster 4,0,173.13
Q1-TA-4_HGD-1,hkbmfjdc-1,Cluster 4,0,62.72
Q1-TA-4_HGD-1,ckcgdkig-1,Cluster 12,0,164.55
Q1-TA-4_HGD-1,hkbmckcl-1,Cluster 8,0,51.48
Q1-TA-4_HGD-1,hkblikia-1,Cluster 4,0,77.35
Q1-TA-4_HGD-1,ckchailj-1,Cluster 8,0,88.05
Q1-TA-4_HGD-1,hkbmbaal-1,Cluster 8,0,43.26
Q1-TA-4_HGD-1,hkbldjnc-1,Cluster 4,0,140.17
Q1-TA-4_HGD-1,hkcdbgba-1,Cluster 4,0,15.62
Q1-TA-4_HGD-1,ckcgpeph-1,Cluster 4,0,24.25
Q1-TA-4_HGD-1,hkbljkjk-1,Cluster 4,0,82.95
Q1-TA-4_HGD-1,hkbmhlnm-1,Cluster 8,0,48.41
Q1-TA-4_HGD-1,cgcndcac-1,Cluster 12,0,95.01
Q1-TA-4_HGD-1,ckcgnmfd-1,Cluster 4,0,123.95
Q1-TA-4_HGD-1,hkblhenf-1,Cluster 4,0,16.66
Q1-TA-4_HGD-1,hkblioag-1,Cluster 5,0,121.20
Q1-TA-4_HGD-1,hkblkcdn-1,Cluster 2,0,91.35
Q1-TA-4_HGD-1,hkccmgki-1,Cluster 4,0,156.20
Q1-TA-4_HGD-1,cgaldilo-1,Cluster 4,0,41.91
Q1-TA-4_HGD-1,hkblofkg-1,Cluster 4,0,87.33
Q1-TA-4_HGD-1,hkclgada-1,Cluster 22,0,22.13
Q1-TA-4_HGD-1,hkclnhfb-1,Cluster 4,0,248.63
Q1-TA-4_HGD-1,hkcddefj-1,Cluster 4,0,54.77
Q1-TA-4_HGD-1,cgalbeej-1,Cluster 4,0,56.08
Q1-TA-4_HGD-1,hkblnndj-1,Cluster 4,0,32.29
Q1-TA-4_HGD-1,hkbmcjkm-1,Cluster 12,0,120.52
Q1-TA-4_HGD-1,hkblgink-1,Cluster 2,0,41.18
Q1-TA-4_HGD-1,hkbmbcki-1,Cluster 4,0,213.14
Q1-TA-4_HGD-1,hkbmigha-1,Cluster 4,0,36.53
Q1-TA-4_HGD-1,hkbbgmlg-1,Cluster 5,0,135.29
Q1-TA-4_HGD-1,cgbmgnac-1,Cluster 12,0,113.12
Q1-TA-4_HGD-1,cgkeilgd-1,Cluster 5,0,282.68
Q1-TA-4_HGD-1,ckcgfnin-1,Cluster 12,0,113.16
Q1-TA-4_HGD-1,cgkenbcp-1,Cluster 4,0,114.61
Q1-TA-4_HGD-1,hkbhhjjj-1,Cluster 25,0,30.75
Q1-TA-4_HGD-1,cgbmnamk-1,Cluster 12,0,117.90
Q1-TA-4_HGD-1,ckiegnnh-1,Cluster 12,0,95.91
Q1-TA-4_HGD-1,cgbmokji-1,Cluster 4,0,87.92
Q1-TA-4_HGD-1,hkbmilnj-1,Cluster 4,0,69.86
Q1-TA-4_HGD-1,ckcgclok-1,Cluster 4,0,41.09
Q1-TA-4_HGD-1,ckchiekm-1,Cluster 4,0,93.47
Q1-TA-4_HGD-1,ckcgcfjk-1,Cluster 8,0,55.23
Q1-TA-4_HGD-1,ckchjled-1,Cluster 2,0,47.28
Q1-TA-4_HGD-1,ckchheda-1,Cluster 5,0,46.15
Q1-TA-4_HGD-1,ckcglpla-1,Cluster 4,0,86.93
Q1-TA-4_HGD-1,hkbiddng-1,Cluster 4,0,74.10
Q1-TA-4_HGD-1,ckchdklp-1,Cluster 5,0,51.52
Q1-TA-4_HGD-1,ckchbobj-1,Cluster 4,0,65.66
Q1-TA-4_HGD-1,ckcgmcmn-1,Cluster 12,0,125.40
Q1-TA-4_HGD-1,ckcfmedm-1,Cluster 12,0,80.20
Q1-TA-4_HGD-1,ckcfmnkn-1,Cluster 12,0,113.43
Q1-TA-4_HGD-1,ckcieobe-1,Cluster 5,0,58.34
Q1-TA-4_HGD-1,ckcgabag-1,Cluster 5,0,49.99
Q1-TA-4_HGD-1,hkbhhkma-1,Cluster 4,0,86.56
Q1-TA-4_HGD-1,hkbigaad-1,Cluster 4,0,44.25
Q1-TA-4_HGD-1,ckcgckdf-1,Cluster 12,0,161.21
Q1-TA-4_HGD-1,hkbicbpm-1,Cluster 4,0,125.99
Q1-TA-4_HGD-1,hkcdidkk-1,Cluster 5,0,156.56
Q1-TA-4_HGD-1,ckcgfgin-1,Cluster 4,0,124.00
Q1-TA-4_HGD-1,cgbmibfj-1,Cluster 4,0,85.35
Q1-TA-4_HGD-1,cgkeifmb-1,Cluster 25,0,33.33
Q1-TA-4_HGD-1,hkbmjicj-1,Cluster 4,0,77.53
Q1-TA-4_HGD-1,cgjohffb-1,Cluster 5,0,63.22
Q1-TA-4_HGD-1,cgjmmeee-1,Cluster 5,0,48.32
Q1-TA-4_HGD-1,cgjediod-1,Cluster 5,0,25.33
Q1-TA-4_HGD-1,cgjdlaci-1,Cluster 5,0,20.28
Q1-TA-4_HGD-1,cgjdokjn-1,Cluster 5,0,64.75
Q1-TA-4_HGD-1,cgjcpceb-1,Cluster 4,0,30.71
Q1-TA-4_HGD-1,cgjfffme-1,Cluster 25,0,16.98
Q1-TA-4_HGD-1,cgjdnihc-1,Cluster 5,0,36.80
Q1-TA-4_HGD-1,cgjdbbio-1,Cluster 5,0,55.95
Q1-TA-4_HGD-1,cgjfahmp-1,Cluster 2,0,34.59
Q1-TA-4_HGD-1,cgjfgpko-1,Cluster 5,0,60.06
Q1-TA-4_HGD-1,cgjenkmc-1,Cluster 12,0,49.40
Q1-TA-4_HGD-1,cgjcpmma-1,Cluster 4,0,44.30
Q1-TA-4_HGD-1,cgjfahao-1,Cluster 5,0,44.25
Q1-TA-4_HGD-1,caappbme-1,Cluster 5,0,106.75
Q1-TA-4_HGD-1,cgjejonm-1,Cluster 12,0,33.73
Q1-TA-4_HGD-1,cababclj-1,Cluster 5,0,64.80
Q1-TA-4_HGD-1,caapmfon-1,Cluster 5,0,53.56
Q1-TA-4_HGD-1,cabaadep-1,Cluster 5,0,135.51
Q1-TA-4_HGD-1,caaoedlj-1,Cluster 5,0,69.27
Q1-TA-4_HGD-1,caaoddpm-1,Cluster 12,0,81.60
Q1-TA-4_HGD-1,cgjipmja-1,Cluster 5,0,15.17
Q1-TA-4_HGD-1,caaoemdm-1,Cluster 12,0,43.21
Q1-TA-4_HGD-1,hkcenfbn-1,Cluster 5,0,98.67
Q1-TA-4_HGD-1,cabooboj-1,Cluster 5,0,68.64
Q1-TA-4_HGD-1,caanoope-1,Cluster 12,0,45.65
Q1-TA-4_HGD-1,cabophnj-1,Cluster 5,0,33.28
Q1-TA-4_HGD-1,caapnhja-1,Cluster 5,0,26.55
Q1-TA-4_HGD-1,caaodijn-1,Cluster 4,0,37.34
Q1-TA-4_HGD-1,cgjjaehp-1,Cluster 5,0,46.24
Q1-TA-4_HGD-1,caanlomb-1,Cluster 5,0,36.85
Q1-TA-4_HGD-1,caanokfd-1,Cluster 5,0,53.96
Q1-TA-4_HGD-1,cgjionpj-1,Cluster 5,0,36.13
Q1-TA-4_HGD-1,cabonhgo-1,Cluster 4,0,23.71
Q1-TA-4_HGD-1,cgjehnae-1,Cluster 2,0,28.72
Q1-TA-4_HGD-1,cgjffokp-1,Cluster 23,0,26.10
Q1-TA-4_HGD-1,cgjejoga-1,Cluster 5,0,56.67
Q1-TA-4_HGD-1,cgjepiba-1,Cluster 5,0,46.06
Q1-TA-4_HGD-1,hkcnpdck-1,Cluster 2,0,52.97
Q1-TA-4_HGD-1,cgjcjlob-1,Cluster 5,0,49.67
Q1-TA-4_HGD-1,cgjhncll-1,Cluster 12,0,61.68
Q1-TA-4_HGD-1,cgjkihjb-1,Cluster 5,0,48.54
Q1-TA-4_HGD-1,cgjldifc-1,Cluster 5,0,26.37
Q1-TA-4_HGD-1,cgjmedgb-1,Cluster 2,0,30.84
Q1-TA-4_HGD-1,cgjibadn-1,Cluster 4,0,23.53
Q1-TA-4_HGD-1,cgjkicbk-1,Cluster 5,0,64.53
Q1-TA-4_HGD-1,cgjlijei-1,Cluster 5,0,47.05
Q1-TA-4_HGD-1,hldlhfka-1,Cluster 5,0,44.66
Q1-TA-4_HGD-1,cgjknnem-1,Cluster 4,0,49.18
Q1-TA-4_HGD-1,cgjldega-1,Cluster 5,0,88.37
Q1-TA-4_HGD-1,cgjlfidj-1,Cluster 5,0,49.27
Q1-TA-4_HGD-1,cgjmeiog-1,Cluster 4,0,84.49
Q1-TA-4_HGD-1,cgjdkbjl-1,Cluster 5,0,56.81
Q1-TA-4_HGD-1,cgjecmcp-1,Cluster 5,0,69.45
Q1-TA-4_HGD-1,cgjldkoe-1,Cluster 5,0,72.25
Q1-TA-4_HGD-1,cgjmcjeb-1,Cluster 5,0,33.78
Q1-TA-4_HGD-1,cgjkmjbc-1,Cluster 5,0,100.25
Q1-TA-4_HGD-1,cgjkgond-1,Cluster 5,0,75.00
Q1-TA-4_HGD-1,cgjlmdof-1,Cluster 5,0,37.89
Q1-TA-4_HGD-1,cgjlenbk-1,Cluster 5,0,70.35
Q1-TA-4_HGD-1,cgjldgol-1,Cluster 5,0,82.64
Q1-TA-4_HGD-1,cgjklmjc-1,Cluster 5,0,34.68
Q1-TA-4_HGD-1,cgjdmhkj-1,Cluster 12,0,41.86
Q1-TA-4_HGD-1,cgjlbchb-1,Cluster 5,0,22.94
Q1-TA-4_HGD-1,cgjhejka-1,Cluster 5,0,30.30
Q1-TA-4_HGD-1,hkdakkfi-1,Cluster 5,0,75.59
Q1-TA-4_HGD-1,hkcofdfk-1,Cluster 15,0,10.66
Q1-TA-4_HGD-1,hkcodkdh-1,Cluster 7,0,16.75
Q1-TA-4_HGD-1,cgjibign-1,Cluster 5,0,130.55
Q1-TA-4_HGD-1,cgjfeged-1,Cluster 2,0,51.52
Q1-TA-4_HGD-1,hkchpjfe-1,Cluster 15,0,19.96
Q1-TA-4_HGD-1,cgjdlffl-1,Cluster 12,0,42.58
Q1-TA-4_HGD-1,cgipdkkn-1,Cluster 23,0,25.83
Q1-TA-4_HGD-1,cgjpkjhl-1,Cluster 25,0,58.03
Q1-TA-4_HGD-1,cgjpgjpp-1,Cluster 16,0,35.45
Q1-TA-4_HGD-1,hldlhfmm-1,Cluster 5,0,11.06
Q1-TA-4_HGD-1,cgjdednn-1,Cluster 5,0,48.59
Q1-TA-4_HGD-1,cgkaioai-1,Cluster 23,0,35.18
Q1-TA-4_HGD-1,cgkanoga-1,Cluster 5,0,31.11
Q1-TA-4_HGD-1,cgijgokb-1,Cluster 5,0,23.98
Q1-TA-4_HGD-1,cgjoldjj-1,Cluster 5,0,29.22
Q1-TA-4_HGD-1,cgjdhdlb-1,Cluster 5,0,22.94
Q1-TA-4_HGD-1,cgjdicec-1,Cluster 5,0,51.88
Q1-TA-4_HGD-1,cgkammaj-1,Cluster 12,0,48.32
Q1-TA-4_HGD-1,cgjojodo-1,Cluster 5,0,43.26
Q1-TA-4_HGD-1,cgjpakan-1,Cluster 5,0,42.22
Q1-TA-4_HGD-1,cgjpngng-1,Cluster 2,0,25.33
Q1-TA-4_HGD-1,cgjpngpc-1,Cluster 2,0,41.63
Q1-TA-4_HGD-1,cgkaiefa-1,Cluster 2,0,35.27
Q1-TA-4_HGD-1,cgjooekh-1,Cluster 15,0,25.20
Q1-TA-4_HGD-1,cgkahkjc-1,Cluster 23,0,110.18
Q1-TA-4_HGD-1,cgkabfpl-1,Cluster 2,0,36.35
Q1-TA-4_HGD-1,cgjpeebm-1,Cluster 2,0,37.66
Q1-TA-4_HGD-1,hldbgnfl-1,Cluster 21,0,45.11
Q1-TA-4_HGD-1,cgjpbnio-1,Cluster 12,0,43.40
Q1-TA-4_HGD-1,cgjonimf-1,Cluster 12,0,102.32
Q1-TA-4_HGD-1,caanmleg-1,Cluster 4,0,51.16
Q1-TA-4_HGD-1,cgjomoip-1,Cluster 5,0,53.56
Q1-TA-4_HGD-1,cgjpbfmk-1,Cluster 4,0,50.26
Q1-TA-4_HGD-1,cgkagbgb-1,Cluster 13,0,35.94
Q1-TA-4_HGD-1,hldbdich-1,Cluster 22,0,15.35
Q1-TA-4_HGD-1,cgijlcpa-1,Cluster 5,0,83.76
Q1-TA-4_HGD-1,caanilei-1,Cluster 12,0,65.88
Q1-TA-4_HGD-1,caanmpla-1,Cluster 4,0,23.75
Q1-TA-4_HGD-1,hldbgflb-1,Cluster 3,0,48.81
Q1-TA-4_HGD-1,cgjpkcpk-1,Cluster 2,0,36.35
Q1-TA-4_HGD-1,caanjgak-1,Cluster 12,0,59.61
Q1-TA-4_HGD-1,cgifjdoc-1,Cluster 2,0,66.15
Q1-TA-4_HGD-1,cgjndlac-1,Cluster 5,0,43.67
Q1-TA-4_HGD-1,cgjnhbfm-1,Cluster 4,0,50.94
Q1-TA-4_HGD-1,cgjofbpd-1,Cluster 4,0,39.38
Q1-TA-4_HGD-1,cgjobbcd-1,Cluster 5,0,87.20
Q1-TA-4_HGD-1,cgjnkjcb-1,Cluster 4,0,70.04
Q1-TA-4_HGD-1,cgjoeehi-1,Cluster 4,0,32.74
Q1-TA-4_HGD-1,cgjnfdpg-1,Cluster 5,0,54.37
Q1-TA-4_HGD-1,cgjmipef-1,Cluster 5,0,31.84
Q1-TA-4_HGD-1,cgjoamaa-1,Cluster 4,0,52.07
Q1-TA-4_HGD-1,cgjngbao-1,Cluster 2,0,64.53
Q1-TA-4_HGD-1,cgjmjjjm-1,Cluster 4,0,77.13
Q1-TA-4_HGD-1,cgjmjecg-1,Cluster 12,0,38.88
Q1-TA-4_HGD-1,cgjnpadc-1,Cluster 23,0,42.13
Q1-TA-4_HGD-1,cgjohgbb-1,Cluster 5,0,33.24
Q1-TA-4_HGD-1,cgkbcani-1,Cluster 12,0,28.00
Q1-TA-4_HGD-1,cgjcfcgk-1,Cluster 4,0,23.57
Q1-TA-4_HGD-1,cgjmhalg-1,Cluster 5,0,76.63
Q1-TA-4_HGD-1,cgiphmgf-1,Cluster 12,0,34.95
Q1-TA-4_HGD-1,cgjpfipa-1,Cluster 5,0,25.92
Q1-TA-4_HGD-1,cgjpkcgm-1,Cluster 4,0,28.00
Q1-TA-4_HGD-1,cgjmegah-1,Cluster 5,0,45.43
Q1-TA-4_HGD-1,cgjmifji-1,Cluster 5,0,41.91
Q1-TA-4_HGD-1,cgjoioii-1,Cluster 5,0,44.34
Q1-TA-4_HGD-1,cgkaoomo-1,Cluster 4,0,21.49
Q1-TA-4_HGD-1,cgiphdoc-1,Cluster 5,0,34.82
Q1-TA-4_HGD-1,cgjmlpie-1,Cluster 5,0,52.43
Q1-TA-4_HGD-1,cgjnfpkc-1,Cluster 5,0,44.43
Q1-TA-4_HGD-1,cgjphned-1,Cluster 23,0,63.81
Q1-TA-4_HGD-1,cgkbddkm-1,Cluster 2,0,50.85
Q1-TA-4_HGD-1,cgjomije-1,Cluster 5,0,53.10
Q1-TA-4_HGD-1,cgjcncij-1,Cluster 4,0,36.76
Q1-TA-4_HGD-1,cgjphkkh-1,Cluster 2,0,17.79
Q1-TA-4_HGD-1,cgkbaaak-1,Cluster 4,0,18.51
Q1-TA-4_HGD-1,cgjaekjo-1,Cluster 4,0,40.51
Q1-TA-4_HGD-1,cgjaiipn-1,Cluster 5,0,87.47
Q1-TA-4_HGD-1,cgjajhnf-1,Cluster 5,0,51.43
Q1-TA-4_HGD-1,hkclkdhp-1,Cluster 4,0,16.62
Q1-TA-4_HGD-1,cgjblkgl-1,Cluster 4,0,45.29
Q1-TA-4_HGD-1,cgjbkiai-1,Cluster 5,0,42.00
Q1-TA-4_HGD-1,cgjagkmc-1,Cluster 2,0,63.63
Q1-TA-4_HGD-1,cgjcapco-1,Cluster 2,0,72.84
Q1-TA-4_HGD-1,hkclimjb-1,Cluster 25,0,39.92
Q1-TA-4_HGD-1,hkclhljn-1,Cluster 4,0,31.79
Q1-TA-4_HGD-1,cgjblpnl-1,Cluster 4,0,56.76
Q1-TA-4_HGD-1,cgjbocni-1,Cluster 4,0,33.55
Q1-TA-4_HGD-1,cgjmbacj-1,Cluster 4,0,49.04
Q1-TA-4_HGD-1,cgjakbkj-1,Cluster 5,0,32.78
Q1-TA-4_HGD-1,cgjkemao-1,Cluster 5,0,68.64
Q1-TA-4_HGD-1,cgjamcam-1,Cluster 4,0,24.38
Q1-TA-4_HGD-1,cgjboimg-1,Cluster 5,0,60.87
Q1-TA-4_HGD-1,hkdacnog-1,Cluster 25,0,35.58
Q1-TA-4_HGD-1,hkckkdab-1,Cluster 26,0,26.96
Q1-TA-4_HGD-1,cgjcefff-1,Cluster 5,0,142.74
Q1-TA-4_HGD-1,cgjalgem-1,Cluster 5,0,17.66
Q1-TA-4_HGD-1,cgjcdgja-1,Cluster 5,0,83.63
Q1-TA-4_HGD-1,cgjbbdhm-1,Cluster 5,0,64.98
Q1-TA-4_HGD-1,hkckmkcc-1,Cluster 4,0,34.23
Q1-TA-4_HGD-1,cgjbmpmd-1,Cluster 5,0,88.19
Q1-TA-4_HGD-1,cgjbhbom-1,Cluster 5,0,109.87
Q1-TA-4_HGD-1,cgjljpif-1,Cluster 5,0,26.91
Q1-TA-4_HGD-1,cgjmdngd-1,Cluster 4,0,19.69
Q1-TA-4_HGD-1,cgjlnghj-1,Cluster 5,0,26.69
Q1-TA-4_HGD-1,cgjklagj-1,Cluster 5,0,50.21
Q1-TA-4_HGD-1,hkcklnkp-1,Cluster 5,0,22.53
Q1-TA-4_HGD-1,cgjakfna-1,Cluster 5,0,40.32
Q1-TA-4_HGD-1,cgjneagd-1,Cluster 5,0,34.54
Q1-TA-4_HGD-1,cgjnamnn-1,Cluster 5,0,29.31
Q1-TA-4_HGD-1,cgjmcjjh-1,Cluster 5,0,44.39
Q1-TA-4_HGD-1,cgjkijic-1,Cluster 4,0,92.12
Q1-TA-4_HGD-1,cghdadac-1,Cluster 4,0,25.02
Q1-TA-4_HGD-1,cghdajfl-1,Cluster 5,0,18.74
Q1-TA-4_HGD-1,cghdapkb-1,Cluster 5,0,25.92
Q1-TA-4_HGD-1,cghcnmkc-1,Cluster 4,0,13.37
Q1-TA-4_HGD-1,cgkggngm-1,Cluster 4,0,16.03
Q1-TA-4_HGD-1,cgkghdhi-1,Cluster 5,0,20.82
Q1-TA-4_HGD-1,cgkjaneg-1,Cluster 5,0,28.27
Q1-TA-4_HGD-1,cgkeofeb-1,Cluster 5,0,73.15
Q1-TA-4_HGD-1,cgkendci-1,Cluster 4,0,97.99
Q1-TA-4_HGD-1,cgkiobej-1,Cluster 4,0,27.95
Q1-TA-4_HGD-1,cgkepneh-1,Cluster 5,0,72.25
Q1-TA-4_HGD-1,cgkimmpg-1,Cluster 16,0,29.04
Q1-TA-4_HGD-1,cgkilmbp-1,Cluster 5,0,53.78
Q1-TA-4_HGD-1,cgkilchh-1,Cluster 7,0,55.36
Q1-TA-4_HGD-1,cgkijcgb-1,Cluster 4,0,96.63
Q1-TA-4_HGD-1,cghboibg-1,Cluster 5,0,20.55
Q1-TA-4_HGD-1,cgkepnkb-1,Cluster 5,0,35.90
Q1-TA-4_HGD-1,hkbimpha-1,Cluster 5,0,75.09
Q1-TA-4_HGD-1,cgkecjac-1,Cluster 4,0,72.43
Q1-TA-4_HGD-1,cgkeobmi-1,Cluster 5,0,50.98
Q1-TA-4_HGD-1,hkcdphfj-1,Cluster 22,0,36.35
Q1-TA-4_HGD-1,hkcdmebl-1,Cluster 22,0,21.13
Q1-TA-4_HGD-1,hkcdklfc-1,Cluster 22,0,17.61
Q1-TA-4_HGD-1,hkbipnfm-1,Cluster 22,0,26.78
Q1-TA-4_HGD-1,hkbiphmn-1,Cluster 11,0,51.25
Q1-TA-4_HGD-1,hkcdjcmn-1,Cluster 5,0,61.59
Q1-TA-4_HGD-1,cgkeecjn-1,Cluster 5,0,193.63
Q1-TA-4_HGD-1,hkcbkeen-1,Cluster 6,0,30.93
Q1-TA-4_HGD-1,ofjagdgo-1,Cluster 14,0,12.33
Q1-TA-4_HGD-1,cgjagfie-1,Cluster 5,0,52.83
Q1-TA-4_HGD-1,cgjaejho-1,Cluster 5,0,28.76
Q1-TA-4_HGD-1,hkcebkdg-1,Cluster 6,0,175.52
Q1-TA-4_HGD-1,cgjagahe-1,Cluster 5,0,43.71
Q1-TA-4_HGD-1,cgjbhmdp-1,Cluster 5,0,71.84
Q1-TA-4_HGD-1,cgkgpndf-1,Cluster 5,0,29.85
Q1-TA-4_HGD-1,cgkhecjb-1,Cluster 5,0,68.10
Q1-TA-4_HGD-1,cgjadghk-1,Cluster 5,0,32.74
Q1-TA-4_HGD-1,cgkbhahh-1,Cluster 5,0,29.08
Q1-TA-4_HGD-1,cgkcehfc-1,Cluster 4,0,27.14
Q1-TA-4_HGD-1,cgkbjjng-1,Cluster 4,0,31.61
Q1-TA-4_HGD-1,cgjagdop-1,Cluster 5,0,32.96
Q1-TA-4_HGD-1,cgkcejdb-1,Cluster 5,0,59.74
Q1-TA-4_HGD-1,cgkbmibp-1,Cluster 5,0,132.89
Q1-TA-4_HGD-1,cgjnenjn-1,Cluster 4,0,42.18
Q1-TA-4_HGD-1,cgkbkmaf-1,Cluster 2,0,32.65
Q1-TA-4_HGD-1,cgkdgabl-1,Cluster 5,0,32.56
Q1-TA-4_HGD-1,cgkdcilp-1,Cluster 2,0,33.64
Q1-TA-4_HGD-1,cgkdcfgc-1,Cluster 7,0,29.76
Q1-TA-4_HGD-1,cgkcfoal-1,Cluster 2,0,51.34
Q1-TA-4_HGD-1,cgkcbkbn-1,Cluster 5,0,38.56
Q1-TA-4_HGD-1,hkckigag-1,Cluster 5,0,20.28
Q1-TA-4_HGD-1,cgkclkee-1,Cluster 5,0,39.06
Q1-TA-4_HGD-1,cgkckhnk-1,Cluster 5,0,125.67
Q1-TA-4_HGD-1,cgjajiom-1,Cluster 4,0,23.26
Q1-TA-4_HGD-1,cgkcjeob-1,Cluster 5,0,126.21
Q1-TA-4_HGD-1,cgkdapeo-1,Cluster 2,0,42.58
Q1-TA-4_HGD-1,cgkddjfn-1,Cluster 2,0,35.18
Q1-TA-4_HGD-1,cgkdmjjd-1,Cluster 12,0,51.07
Q1-TA-4_HGD-1,cgkdjjoi-1,Cluster 2,0,45.52
Q1-TA-4_HGD-1,cgkcomah-1,Cluster 5,0,37.34
Q1-TA-4_HGD-1,cgkdaomm-1,Cluster 1,0,12.42
Q1-TA-4_HGD-1,cgigbdcm-1,Cluster 2,0,43.08
Q1-TA-4_HGD-1,cgkdjjdg-1,Cluster 5,0,33.42
Q1-TA-4_HGD-1,hkcbkmaf-1,Cluster 5,0,46.69
Q1-TA-4_HGD-1,cgkcepmo-1,Cluster 5,0,89.59
Q1-TA-4_HGD-1,hkcbpfcn-1,Cluster 5,0,55.77
Q1-TA-4_HGD-1,cgjbgikp-1,Cluster 5,0,41.27
Q1-TA-4_HGD-1,cgjodhgm-1,Cluster 4,0,31.43
Q1-TA-4_HGD-1,cgkblgke-1,Cluster 5,0,54.32
Q1-TA-4_HGD-1,ofipnldp-1,Cluster 22,0,34.54
Q1-TA-4_HGD-1,cgkigokn-1,Cluster 5,0,16.17
Q1-TA-4_HGD-1,cgkiicgm-1,Cluster 5,0,18.47
Q1-TA-4_HGD-1,cgknekeo-1,Cluster 5,0,58.52
Q1-TA-4_HGD-1,ofipmfcl-1,Cluster 14,0,11.06
Q1-TA-4_HGD-1,hkbhechi-1,Cluster 4,0,35.54
Q1-TA-4_HGD-1,ofipipic-1,Cluster 14,0,12.73
Q1-TA-4_HGD-1,hkbhiicj-1,Cluster 15,0,40.51
Q1-TA-4_HGD-1,ofipjlnp-1,Cluster 1,0,94.47
Q1-TA-4_HGD-1,hkbhckmg-1,Cluster 4,0,29.80
Q1-TA-4_HGD-1,hkccloon-1,Cluster 5,0,119.57
Q1-TA-4_HGD-1,hkbjfeeo-1,Cluster 22,0,13.59
Q1-TA-4_HGD-1,hkbjbopf-1,Cluster 14,0,13.23
Q1-TA-4_HGD-1,cgkhmhcc-1,Cluster 5,0,49.45
Q1-TA-4_HGD-1,hkbiljgp-1,Cluster 14,0,14.27
Q1-TA-4_HGD-1,cgkgpbjg-1,Cluster 5,0,117.41
Q1-TA-4_HGD-1,cgkiehlg-1,Cluster 4,0,98.62
Q1-TA-4_HGD-1,cgkgmole-1,Cluster 5,0,105.58
Q1-TA-4_HGD-1,cgkiblkn-1,Cluster 5,0,44.48
Q1-TA-4_HGD-1,cgkielkc-1,Cluster 5,0,78.26
Q1-TA-4_HGD-1,hkbifapf-1,Cluster 4,0,18.06
Q1-TA-4_HGD-1,cgkicipe-1,Cluster 4,0,51.12
Q1-TA-4_HGD-1,cgkgipdp-1,Cluster 5,0,109.37
Q1-TA-4_HGD-1,cgkhihbm-1,Cluster 5,0,77.44
Q1-TA-4_HGD-1,cgkhkfhk-1,Cluster 5,0,34.09
Q1-TA-4_HGD-1,hkbhhlga-1,Cluster 22,0,19.64
Q1-TA-4_HGD-1,cgkgmakp-1,Cluster 5,0,35.36
Q1-TA-4_HGD-1,hkcecfjl-1,Cluster 4,0,77.53
Q1-TA-4_HGD-1,hkcebboa-1,Cluster 7,0,26.96
Q1-TA-4_HGD-1,cgkhijna-1,Cluster 5,0,136.91
Q1-TA-4_HGD-1,cgkhcnai-1,Cluster 5,0,84.40
Q1-TA-4_HGD-1,cgkhhjjo-1,Cluster 4,0,59.70
Q1-TA-4_HGD-1,hkceelkf-1,Cluster 5,0,51.66
Q1-TA-4_HGD-1,cgkhghak-1,Cluster 4,0,19.28
Q1-TA-4_HGD-1,cghemjmh-1,Cluster 4,0,122.33
Q1-TA-4_HGD-1,cghndomb-1,Cluster 5,0,37.39
Q1-TA-4_HGD-1,hjplfopg-1,Cluster 15,0,52.79
Q1-TA-4_HGD-1,hjpnmffc-1,Cluster 14,0,12.69
Q1-TA-4_HGD-1,hjpocpjh-1,Cluster 6,0,93.16
Q1-TA-4_HGD-1,hjgbbmko-1,Cluster 1,0,35.22
Q1-TA-4_HGD-1,hjgapobn-1,Cluster 1,0,35.72
Q1-TA-4_HGD-1,hkbbmign-1,Cluster 6,0,72.88
Q1-TA-4_HGD-1,hkbcmabi-1,Cluster 5,0,98.67
Q1-TA-4_HGD-1,cgbogbkc-1,Cluster 2,0,90.18
Q1-TA-4_HGD-1,hkbbhjol-1,Cluster 7,0,43.21
Q1-TA-4_HGD-1,cgbokefo-1,Cluster 12,0,95.96
Q1-TA-4_HGD-1,hkbaebkj-1,Cluster 19,0,72.34
Q1-TA-4_HGD-1,hkbbkibl-1,Cluster 3,0,147.75
Q1-TA-4_HGD-1,hjfpbjoi-1,Cluster 15,0,80.29
Q1-TA-4_HGD-1,hkbchnlc-1,Cluster 22,0,17.88
Q1-TA-4_HGD-1,hkbchigk-1,Cluster 5,0,34.50
Q1-TA-4_HGD-1,hkbchebk-1,Cluster 5,0,47.82
Q1-TA-4_HGD-1,hjplnlem-1,Cluster 5,0,71.71
Q1-TA-4_HGD-1,cgbnkbae-1,Cluster 23,0,122.55
Q1-TA-4_HGD-1,cgbnmfkg-1,Cluster 2,0,63.76
Q1-TA-4_HGD-1,hjpmkkjo-1,Cluster 6,0,66.61
Q1-TA-4_HGD-1,hjpnhlkn-1,Cluster 10,0,55.86
Q1-TA-4_HGD-1,hjpninpb-1,Cluster 15,0,88.69
Q1-TA-4_HGD-1,hjpnjlhd-1,Cluster 15,0,20.23
Q1-TA-4_HGD-1,hkbcbadm-1,Cluster 7,0,7.86
Q1-TA-4_HGD-1,hkbcehnp-1,Cluster 2,0,44.66
Q1-TA-4_HGD-1,cgbnmalb-1,Cluster 2,0,57.48
Q1-TA-4_HGD-1,hjplppjm-1,Cluster 5,0,36.62
Q1-TA-4_HGD-1,cgbomcbj-1,Cluster 4,0,85.75
Q1-TA-4_HGD-1,hkbbnbcb-1,Cluster 12,0,62.00
Q1-TA-4_HGD-1,hkbciocg-1,Cluster 2,0,43.89
Q1-TA-4_HGD-1,ofipeaad-1,Cluster 9,0,40.64
Q1-TA-4_HGD-1,hkbceipc-1,Cluster 2,0,65.07
Q1-TA-4_HGD-1,hkbakmln-1,Cluster 1,0,29.35
Q1-TA-4_HGD-1,hkbalakc-1,Cluster 1,0,23.71
Q1-TA-4_HGD-1,hjpmdgll-1,Cluster 2,0,63.81
Q1-TA-4_HGD-1,ckchmpmm-1,Cluster 2,0,75.32
Q1-TA-4_HGD-1,hjfpgppb-1,Cluster 6,0,29.53
Q1-TA-4_HGD-1,hjppldah-1,Cluster 4,0,105.89
Q1-TA-4_HGD-1,hjpjmonp-1,Cluster 6,0,149.92
Q1-TA-4_HGD-1,hjfolcbb-1,Cluster 3,0,159.72
Q1-TA-4_HGD-1,cgbjlpcm-1,Cluster 12,0,97.00
Q1-TA-4_HGD-1,cgbjjbog-1,Cluster 4,0,90.49
Q1-TA-4_HGD-1,hjpncgin-1,Cluster 25,0,42.09
Q1-TA-4_HGD-1,hjgbljkf-1,Cluster 5,0,132.89
Q1-TA-4_HGD-1,hkamdiff-1,Cluster 5,0,174.85
Q1-TA-4_HGD-1,cgaadpdh-1,Cluster 5,0,38.65
Q1-TA-4_HGD-1,hjpngghe-1,Cluster 5,0,38.34
Q1-TA-4_HGD-1,cgbjddeg-1,Cluster 4,0,66.56
Q1-TA-4_HGD-1,hjpncllm-1,Cluster 4,0,227.36
Q1-TA-4_HGD-1,cgbjapan-1,Cluster 2,0,56.08
Q1-TA-4_HGD-1,hjpmnila-1,Cluster 5,0,38.79
Q1-TA-4_HGD-1,hjppmbie-1,Cluster 12,0,121.24
Q1-TA-4_HGD-1,hjpknpdl-1,Cluster 15,0,50.12
Q1-TA-4_HGD-1,cgbjhljn-1,Cluster 3,0,60.92
Q1-TA-4_HGD-1,cgbjblii-1,Cluster 4,0,40.64
Q1-TA-4_HGD-1,cgbjmcbf-1,Cluster 15,0,48.68
Q1-TA-4_HGD-1,hjfonmhc-1,Cluster 6,0,72.20
Q1-TA-4_HGD-1,hjpnpimk-1,Cluster 1,0,42.13
Q1-TA-4_HGD-1,hjpkocde-1,Cluster 15,0,43.21
Q1-TA-4_HGD-1,hjfpadik-1,Cluster 1,0,31.65
Q1-TA-4_HGD-1,cgbjcdpc-1,Cluster 4,0,51.70
Q1-TA-4_HGD-1,hjgaloae-1,Cluster 5,0,33.55
Q1-TA-4_HGD-1,hjgallii-1,Cluster 15,0,28.85
Q1-TA-4_HGD-1,cgbjmoeg-1,Cluster 6,0,39.87
Q1-TA-4_HGD-1,hjfphipk-1,Cluster 6,0,35.67
Q1-TA-4_HGD-1,hjgapkod-1,Cluster 15,0,58.21
Q1-TA-4_HGD-1,hjfpmhkf-1,Cluster 6,0,46.56
Q1-TA-4_HGD-1,hjpodegg-1,Cluster 3,0,82.55
Q1-TA-4_HGD-1,hjpobmfj-1,Cluster 15,0,40.82
Q1-TA-4_HGD-1,hjfpmfnl-1,Cluster 6,0,107.34
Q1-TA-4_HGD-1,hjgbbiel-1,Cluster 22,0,32.38
Q1-TA-4_HGD-1,hjgbdlkc-1,Cluster 5,0,116.19
Q1-TA-4_HGD-1,hjfdkgom-1,Cluster 5,0,121.15
Q1-TA-4_HGD-1,hjpmgdbd-1,Cluster 2,0,16.66
Q1-TA-4_HGD-1,hjpkgkhh-1,Cluster 4,0,118.26
Q1-TA-4_HGD-1,ckcffejb-1,Cluster 5,0,74.91
Q1-TA-4_HGD-1,ckcffeod-1,Cluster 5,0,98.44
Q1-TA-4_HGD-1,hjpmjbel-1,Cluster 5,0,84.85
Q1-TA-4_HGD-1,ckcfckgc-1,Cluster 4,0,85.93
Q1-TA-4_HGD-1,hjplnggk-1,Cluster 12,0,73.60
Q1-TA-4_HGD-1,hjfdjfnp-1,Cluster 4,0,166.81
Q1-TA-4_HGD-1,ckcepjmf-1,Cluster 4,0,95.37
Q1-TA-4_HGD-1,ckcfjeck-1,Cluster 5,0,96.18
Q1-TA-4_HGD-1,hjpmhcah-1,Cluster 5,0,124.90
Q1-TA-4_HGD-1,ckcfblbk-1,Cluster 5,0,127.48
Q1-TA-4_HGD-1,cghfdhcd-1,Cluster 4,0,105.53
Q1-TA-4_HGD-1,ckciflhe-1,Cluster 5,0,81.64
Q1-TA-4_HGD-1,ckcikplj-1,Cluster 4,0,32.33
Q1-TA-4_HGD-1,cgkffmld-1,Cluster 5,0,62.45
Q1-TA-4_HGD-1,ckcfbjid-1,Cluster 5,0,93.52
Q1-TA-4_HGD-1,cghepkec-1,Cluster 4,0,92.84
Q1-TA-4_HGD-1,cghfdakb-1,Cluster 4,0,101.24
Q1-TA-4_HGD-1,ckcifoaj-1,Cluster 4,0,80.06
Q1-TA-4_HGD-1,ckciiihl-1,Cluster 5,0,81.37
Q1-TA-4_HGD-1,cgheoiji-1,Cluster 2,0,88.60
Q1-TA-4_HGD-1,ckiehdhe-1,Cluster 5,0,108.24
Q1-TA-4_HGD-1,ckchppdd-1,Cluster 5,0,54.32
Q1-TA-4_HGD-1,ckchkgoa-1,Cluster 12,0,112.44
Q1-TA-4_HGD-1,ckciabpn-1,Cluster 2,0,84.08
Q1-TA-4_HGD-1,ckiehbdg-1,Cluster 4,0,118.31
Q1-TA-4_HGD-1,hkbbncpk-1,Cluster 4,0,65.79
Q1-TA-4_HGD-1,ckchnnnj-1,Cluster 4,0,60.74
Q1-TA-4_HGD-1,ckcichdn-1,Cluster 2,0,52.79
Q1-TA-4_HGD-1,hkbcaoee-1,Cluster 5,0,92.71
Q1-TA-4_HGD-1,ckciiofi-1,Cluster 5,0,110.99
Q1-TA-4_HGD-1,ckciggng-1,Cluster 5,0,69.09
Q1-TA-4_HGD-1,cghnnlaj-1,Cluster 5,0,15.44
Q1-TA-4_HGD-1,cghnllkc-1,Cluster 5,0,19.24
Q1-TA-4_HGD-1,ckcenidf-1,Cluster 5,0,45.97
Q1-TA-4_HGD-1,cghneclm-1,Cluster 5,0,18.60
Q1-TA-4_HGD-1,ckcefaoe-1,Cluster 5,0,117.95
Q1-TA-4_HGD-1,cghnikim-1,Cluster 5,0,18.47
Q1-TA-4_HGD-1,ckcelhno-1,Cluster 5,0,109.05
Q1-TA-4_HGD-1,ckcehkae-1,Cluster 5,0,73.33
Q1-TA-4_HGD-1,hjgbidlp-1,Cluster 6,0,91.80
Q1-TA-4_HGD-1,ckiehfdk-1,Cluster 5,0,41.86
Q1-TA-4_HGD-1,hjpjlhji-1,Cluster 15,0,69.04
Q1-TA-4_HGD-1,hjgbikbg-1,Cluster 4,0,126.62
Q1-TA-4_HGD-1,ckcflkhf-1,Cluster 5,0,45.52
Q1-TA-4_HGD-1,hjpkmclp-1,Cluster 5,0,56.76
Q1-TA-4_HGD-1,ofimmjnh-1,Cluster 14,0,16.08
Q1-TA-4_HGD-1,hjplimfa-1,Cluster 15,0,35.58
Q1-TA-4_HGD-1,cghnkcbe-1,Cluster 5,0,26.46
Q1-TA-4_HGD-1,ckcfjfja-1,Cluster 5,0,96.50
Q1-TA-4_HGD-1,cghnjohl-1,Cluster 5,0,25.29
Q1-TA-4_HGD-1,hjplkpgl-1,Cluster 5,0,98.71
Q1-TA-4_HGD-1,cghnlbfm-1,Cluster 5,0,20.91
Q1-TA-4_HGD-1,hjgbfebo-1,Cluster 6,0,67.24
Q1-TA-4_HGD-1,hjpljigl-1,Cluster 5,0,110.14
Q1-TA-4_HGD-1,ckiebfae-1,Cluster 5,0,46.96
Q1-TA-4_HGD-1,hjpjohep-1,Cluster 6,0,48.27
Q1-TA-4_HGD-1,hjpkbkfh-1,Cluster 4,0,84.49
Q1-TA-4_HGD-1,hjpkamif-1,Cluster 4,0,31.61
Q1-TA-4_HGD-1,hjpllnpb-1,Cluster 16,0,39.60
Q1-TA-4_HGD-1,cghgiboh-1,Cluster 5,0,205.42
Q1-TA-4_HGD-1,ckcfjibf-1,Cluster 4,0,106.12
Q1-TA-4_HGD-1,hjpkbejc-1,Cluster 2,0,20.18
Q1-TA-4_HGD-1,ckcfkmfl-1,Cluster 5,0,170.69
Q1-TA-4_HGD-1,hjpkmfkl-1,Cluster 15,0,86.97
Q1-TA-4_HGD-1,hjgbenec-1,Cluster 5,0,159.58
Q1-TA-4_HGD-1,ckcmjhpl-1,Cluster 5,0,55.18
Q1-TA-4_HGD-1,hjpogdoi-1,Cluster 7,0,18.60
Q1-TA-4_HGD-1,hjfknbmj-1,Cluster 5,0,104.85
Q1-TA-4_HGD-1,cfpnoadg-1,Cluster 4,0,139.85
Q1-TA-4_HGD-1,cfpnfhpd-1,Cluster 15,0,48.54
Q1-TA-4_HGD-1,cfpnimme-1,Cluster 5,0,125.85
Q1-TA-4_HGD-1,cfpnlcol-1,Cluster 5,0,67.55
Q1-TA-4_HGD-1,cfpnkakf-1,Cluster 5,0,85.07
Q1-TA-4_HGD-1,cfpnnggc-1,Cluster 5,0,44.66
Q1-TA-4_HGD-1,ckclpfgb-1,Cluster 23,0,53.10
Q1-TA-4_HGD-1,hkaaimgf-1,Cluster 5,0,54.68
Q1-TA-4_HGD-1,ckclkjco-1,Cluster 25,0,67.37
Q1-TA-4_HGD-1,hjppmpae-1,Cluster 25,0,25.56
Q1-TA-4_HGD-1,cfpngbol-1,Cluster 5,0,55.23
Q1-TA-4_HGD-1,hjpoench-1,Cluster 14,0,13.10
Q1-TA-4_HGD-1,cfpnbhgo-1,Cluster 5,0,162.92
Q1-TA-4_HGD-1,cfpnfdeg-1,Cluster 2,0,35.85
Q1-TA-4_HGD-1,hjgbpgfa-1,Cluster 25,0,16.66
Q1-TA-4_HGD-1,cgbkibhi-1,Cluster 5,0,45.70
Q1-TA-4_HGD-1,cgbindoe-1,Cluster 5,0,81.96
Q1-TA-4_HGD-1,cgbimcmk-1,Cluster 5,0,62.68
Q1-TA-4_HGD-1,cgbkdmjc-1,Cluster 5,0,28.00
Q1-TA-4_HGD-1,cgbimiap-1,Cluster 12,0,79.16
Q1-TA-4_HGD-1,cgbjncgd-1,Cluster 5,0,63.13
Q1-TA-4_HGD-1,cgbiibob-1,Cluster 5,0,186.99
Q1-TA-4_HGD-1,cgbkdamc-1,Cluster 5,0,22.94
Q1-TA-4_HGD-1,hjppocel-1,Cluster 25,0,69.86
Q1-TA-4_HGD-1,hjgbpljc-1,Cluster 25,0,65.12
Q1-TA-4_HGD-1,hkaaflnc-1,Cluster 25,0,59.02
Q1-TA-4_HGD-1,hjppnmmf-1,Cluster 5,0,118.54
Q1-TA-4_HGD-1,cgahkmhb-1,Cluster 4,0,41.50
Q1-TA-4_HGD-1,cfpndbga-1,Cluster 4,0,71.48
Q1-TA-4_HGD-1,ckclcndj-1,Cluster 5,0,38.16
Q1-TA-4_HGD-1,hjppfmlk-1,Cluster 5,0,31.16
Q1-TA-4_HGD-1,cgbilooc-1,Cluster 4,0,132.26
Q1-TA-4_HGD-1,cgahicbb-1,Cluster 5,0,70.67
Q1-TA-4_HGD-1,hjgcccak-1,Cluster 3,0,52.61
Q1-TA-4_HGD-1,ckcnhjao-1,Cluster 12,0,68.50
Q1-TA-4_HGD-1,ckcmphgk-1,Cluster 5,0,107.88
Q1-TA-4_HGD-1,hkabkdjc-1,Cluster 22,0,14.13
Q1-TA-4_HGD-1,hjfldooj-1,Cluster 4,0,118.44
Q1-TA-4_HGD-1,ckcncalf-1,Cluster 4,0,82.82
Q1-TA-4_HGD-1,ckcmlohb-1,Cluster 4,0,36.94
Q1-TA-4_HGD-1,hkabifml-1,Cluster 22,0,56.31
Q1-TA-4_HGD-1,hkabjjfk-1,Cluster 7,0,80.06
Q1-TA-4_HGD-1,ofimpjbm-1,Cluster 14,0,11.15
Q1-TA-4_HGD-1,ckcmjibo-1,Cluster 4,0,42.31
Q1-TA-4_HGD-1,hkabcabp-1,Cluster 22,0,29.40
Q1-TA-4_HGD-1,hkabfhhk-1,Cluster 1,0,30.48
Q1-TA-4_HGD-1,hkadphmm-1,Cluster 25,0,25.78
Q1-TA-4_HGD-1,hkabblom-1,Cluster 5,0,141.29
Q1-TA-4_HGD-1,hjflnkif-1,Cluster 7,0,48.45
Q1-TA-4_HGD-1,ckcmdpin-1,Cluster 5,0,138.00
Q1-TA-4_HGD-1,hkaeelpe-1,Cluster 25,0,33.24
Q1-TA-4_HGD-1,ofhnhljg-1,Cluster 22,0,49.18
Q1-TA-4_HGD-1,ckcmfodm-1,Cluster 5,0,26.91
Q1-TA-4_HGD-1,ckcmhchl-1,Cluster 12,0,74.01
Q1-TA-4_HGD-1,cgadecki-1,Cluster 5,0,185.73
Q1-TA-4_HGD-1,cgacnnij-1,Cluster 5,0,136.42
Q1-TA-4_HGD-1,hkakmpdd-1,Cluster 5,0,120.61
Q1-TA-4_HGD-1,hkadopoe-1,Cluster 5,0,17.93
Q1-TA-4_HGD-1,hjpodinc-1,Cluster 5,0,143.87
Q1-TA-4_HGD-1,ofinncjl-1,Cluster 22,0,13.10
Q1-TA-4_HGD-1,ofinklgl-1,Cluster 7,0,56.36
Q1-TA-4_HGD-1,hkaehpec-1,Cluster 5,0,76.95
Q1-TA-4_HGD-1,cfpnbfeh-1,Cluster 5,0,184.69
Q1-TA-4_HGD-1,hkadnkda-1,Cluster 5,0,91.58
Q1-TA-4_HGD-1,hkadnkel-1,Cluster 5,0,87.56
Q1-TA-4_HGD-1,ofinbpjp-1,Cluster 22,0,79.57
Q1-TA-4_HGD-1,ofimpjge-1,Cluster 22,0,11.02
Q1-TA-4_HGD-1,ofinaoal-1,Cluster 14,0,9.03
Q1-TA-4_HGD-1,hkaaikii-1,Cluster 25,0,26.46
Q1-TA-4_HGD-1,hjflebgo-1,Cluster 5,0,53.15
Q1-TA-4_HGD-1,hkaanpem-1,Cluster 5,0,33.55
Q1-TA-4_HGD-1,ckclleme-1,Cluster 5,0,147.34
Q1-TA-4_HGD-1,ckcmcpma-1,Cluster 5,0,123.23
Q1-TA-4_HGD-1,cggjchnm-1,Cluster 5,0,64.80
Q1-TA-4_HGD-1,ckcklbmk-1,Cluster 5,0,115.60
Q1-TA-4_HGD-1,cggjfmec-1,Cluster 5,0,50.89
Q1-TA-4_HGD-1,cggjbemm-1,Cluster 5,0,31.61
Q1-TA-4_HGD-1,cggiofjb-1,Cluster 4,0,43.26
Q1-TA-4_HGD-1,hjflclko-1,Cluster 5,0,170.60
Q1-TA-4_HGD-1,ckiejhpp-1,Cluster 5,0,29.44
Q1-TA-4_HGD-1,hjppcijg-1,Cluster 5,0,186.81
Q1-TA-4_HGD-1,cghnhffh-1,Cluster 5,0,26.82
Q1-TA-4_HGD-1,cggioogo-1,Cluster 5,0,30.07
Q1-TA-4_HGD-1,cgibfhcg-1,Cluster 5,0,31.56
Q1-TA-4_HGD-1,cghngkkm-1,Cluster 5,0,32.87
Q1-TA-4_HGD-1,hjpokeme-1,Cluster 5,0,115.96
Q1-TA-4_HGD-1,ckcllokk-1,Cluster 5,0,102.46
Q1-TA-4_HGD-1,ofhniagp-1,Cluster 5,0,73.20
Q1-TA-4_HGD-1,cghndgeo-1,Cluster 5,0,60.51
Q1-TA-4_HGD-1,hjppkbih-1,Cluster 5,0,103.14
Q1-TA-4_HGD-1,ckclfnln-1,Cluster 5,0,130.37
Q1-TA-4_HGD-1,hjpomcbn-1,Cluster 5,0,77.13
Q1-TA-4_HGD-1,cghnfdfj-1,Cluster 5,0,41.86
Q1-TA-4_HGD-1,cgibihah-1,Cluster 5,0,40.46
Q1-TA-4_HGD-1,hjppjbkg-1,Cluster 7,0,9.39
Q1-TA-4_HGD-1,hjpolpcn-1,Cluster 5,0,79.61
Q1-TA-4_HGD-1,ofinjflp-1,Cluster 5,0,78.03
Q1-TA-4_HGD-1,ofinhmfe-1,Cluster 7,0,50.53
Q1-TA-4_HGD-1,ckclcghi-1,Cluster 5,0,68.32
Q1-TA-4_HGD-1,ofinjgem-1,Cluster 5,0,116.73
Q1-TA-4_HGD-1,hjppfimp-1,Cluster 5,0,37.75
Q1-TA-4_HGD-1,hjppekkk-1,Cluster 5,0,111.99
Q1-TA-4_HGD-1,ckclkimk-1,Cluster 5,0,120.48
Q1-TA-4_HGD-1,ckcnnkjo-1,Cluster 5,0,72.97
Q1-TA-4_HGD-1,hjpjgmnn-1,Cluster 5,0,105.08
Q1-TA-4_HGD-1,ofimgegf-1,Cluster 7,0,6.77
Q1-TA-4_HGD-1,ckcndmej-1,Cluster 5,0,65.34
Q1-TA-4_HGD-1,ckiehlpj-1,Cluster 5,0,63.31
Q1-TA-4_HGD-1,ckcnkeej-1,Cluster 5,0,85.03
Q1-TA-4_HGD-1,hjpjlalg-1,Cluster 25,0,45.16
Q1-TA-4_HGD-1,cgghgemd-1,Cluster 25,0,17.52
Q1-TA-4_HGD-1,ckcmjjad-1,Cluster 5,0,81.24
Q1-TA-4_HGD-1,hjpjkkdl-1,Cluster 5,0,93.65
Q1-TA-4_HGD-1,ckcnopil-1,Cluster 15,0,48.45
Q1-TA-4_HGD-1,ckcnopai-1,Cluster 5,0,80.97
Q1-TA-4_HGD-1,hjpjhdlh-1,Cluster 6,0,25.60
Q1-TA-4_HGD-1,ofimgigo-1,Cluster 5,0,22.26
Q1-TA-4_HGD-1,hjpibmck-1,Cluster 5,0,28.31
Q1-TA-4_HGD-1,ckielgii-1,Cluster 5,0,70.94
Q1-TA-4_HGD-1,hjpjcpbg-1,Cluster 15,0,45.34
Q1-TA-4_HGD-1,hjpimjbn-1,Cluster 5,0,15.04
Q1-TA-4_HGD-1,hjpjjhen-1,Cluster 5,0,104.85
Q1-TA-4_HGD-1,hjpipfof-1,Cluster 8,0,30.25
Q1-TA-4_HGD-1,hjpjjbgb-1,Cluster 5,0,111.63
Q1-TA-4_HGD-1,hjpipeam-1,Cluster 25,0,27.55
Q1-TA-4_HGD-1,hjflkpjb-1,Cluster 8,0,79.70
Q1-TA-4_HGD-1,hjpieego-1,Cluster 5,0,124.27
Q1-TA-4_HGD-1,hjflglia-1,Cluster 4,0,58.12
Q1-TA-4_HGD-1,ckckolib-1,Cluster 5,0,54.14
Q1-TA-4_HGD-1,ckcnacog-1,Cluster 12,0,52.16
Q1-TA-4_HGD-1,hjflemfd-1,Cluster 4,0,49.58
Q1-TA-4_HGD-1,cggijffp-1,Cluster 5,0,85.07
Q1-TA-4_HGD-1,ckckjghi-1,Cluster 5,0,69.90
Q1-TA-4_HGD-1,cggimmoo-1,Cluster 5,0,71.53
Q1-TA-4_HGD-1,ckckodmf-1,Cluster 5,0,92.16
Q1-TA-4_HGD-1,cggjhonh-1,Cluster 5,0,50.85
Q1-TA-4_HGD-1,hkaahojm-1,Cluster 5,0,51.57
Q1-TA-4_HGD-1,cgiagbpn-1,Cluster 4,0,47.96
Q1-TA-4_HGD-1,cghdkkcj-1,Cluster 5,0,25.24
Q1-TA-4_HGD-1,hjfenkkm-1,Cluster 5,0,224.92
Q1-TA-4_HGD-1,cgkdmkof-1,Cluster 5,0,74.46
Q1-TA-4_HGD-1,cghcojdb-1,Cluster 5,0,41.18
Q1-TA-4_HGD-1,cgkgejbi-1,Cluster 5,0,103.09
Q1-TA-4_HGD-1,cgkghpbj-1,Cluster 4,0,25.02
Q1-TA-4_HGD-1,cghbgkbj-1,Cluster 5,0,26.64
Q1-TA-4_HGD-1,hjffmmli-1,Cluster 5,0,149.78
Q1-TA-4_HGD-1,cghaopod-1,Cluster 4,0,40.91
Q1-TA-4_HGD-1,hjffmhoo-1,Cluster 5,0,77.76
Q1-TA-4_HGD-1,cghfedom-1,Cluster 5,0,89.95
Q1-TA-4_HGD-1,cghecpfh-1,Cluster 2,0,32.24
Q1-TA-4_HGD-1,cghchioh-1,Cluster 5,0,69.63
Q1-TA-4_HGD-1,cghdcdnj-1,Cluster 4,0,37.93
Q1-TA-4_HGD-1,cghckkhh-1,Cluster 5,0,50.67
Q1-TA-4_HGD-1,cghaphnf-1,Cluster 5,0,31.93
Q1-TA-4_HGD-1,cghcmpco-1,Cluster 5,0,60.24
Q1-TA-4_HGD-1,cghdcfjo-1,Cluster 5,0,64.80
Q1-TA-4_HGD-1,cghbibgl-1,Cluster 5,0,40.73
Q1-TA-4_HGD-1,cgkdpkdb-1,Cluster 2,0,53.24
Q1-TA-4_HGD-1,cghebmel-1,Cluster 4,0,57.85
Q1-TA-4_HGD-1,cghdoenp-1,Cluster 2,0,46.87
Q1-TA-4_HGD-1,cgkdnhin-1,Cluster 4,0,59.06
Q1-TA-4_HGD-1,cghbahln-1,Cluster 5,0,50.53
Q1-TA-4_HGD-1,cghffoga-1,Cluster 8,0,73.88
Q1-TA-4_HGD-1,hjffmmhf-1,Cluster 5,0,74.82
Q1-TA-4_HGD-1,cghfilcg-1,Cluster 5,0,107.65
Q1-TA-4_HGD-1,cghbokjp-1,Cluster 5,0,17.93
Q1-TA-4_HGD-1,cghdcbdd-1,Cluster 5,0,34.95
Q1-TA-4_HGD-1,cghdbaeh-1,Cluster 5,0,18.47
Q1-TA-4_HGD-1,cghebbkn-1,Cluster 4,0,46.33
Q1-TA-4_HGD-1,cgkfmpob-1,Cluster 5,0,75.91
Q1-TA-4_HGD-1,cggpnocf-1,Cluster 5,0,85.03
Q1-TA-4_HGD-1,cghbolei-1,Cluster 5,0,46.29
Q1-TA-4_HGD-1,cgkffckp-1,Cluster 5,0,57.17
Q1-TA-4_HGD-1,cggppfkb-1,Cluster 5,0,53.06
Q1-TA-4_HGD-1,hjfeacdo-1,Cluster 5,0,34.05
Q1-TA-4_HGD-1,cgheelcj-1,Cluster 5,0,43.44
Q1-TA-4_HGD-1,cghimglc-1,Cluster 5,0,75.86
Q1-TA-4_HGD-1,cghofelf-1,Cluster 5,0,44.39
Q1-TA-4_HGD-1,cghejibp-1,Cluster 5,0,33.73
Q1-TA-4_HGD-1,cghemipg-1,Cluster 5,0,18.33
Q1-TA-4_HGD-1,cghnojko-1,Cluster 5,0,37.89
Q1-TA-4_HGD-1,cghgffpd-1,Cluster 5,0,150.28
Q1-TA-4_HGD-1,cghelnlf-1,Cluster 5,0,34.95
Q1-TA-4_HGD-1,hjgeipdl-1,Cluster 12,0,94.87
Q1-TA-4_HGD-1,cgheelii-1,Cluster 5,0,53.69
Q1-TA-4_HGD-1,hjgciehl-1,Cluster 5,0,85.21
Q1-TA-4_HGD-1,hjgeigln-1,Cluster 2,0,76.86
Q1-TA-4_HGD-1,cghnnpfp-1,Cluster 5,0,52.83
Q1-TA-4_HGD-1,cghiijga-1,Cluster 5,0,209.12
Q1-TA-4_HGD-1,hjgebbdg-1,Cluster 5,0,91.35
Q1-TA-4_HGD-1,hjfdfokk-1,Cluster 5,0,34.05
Q1-TA-4_HGD-1,hjgbclai-1,Cluster 5,0,138.04
Q1-TA-4_HGD-1,hjgedcag-1,Cluster 5,0,110.18
Q1-TA-4_HGD-1,hjfdllih-1,Cluster 2,0,27.73
Q1-TA-4_HGD-1,hjfdgpjp-1,Cluster 4,0,23.89
Q1-TA-4_HGD-1,cghfphbl-1,Cluster 5,0,90.40
Q1-TA-4_HGD-1,cghgnhgm-1,Cluster 5,0,110.81
Q1-TA-4_HGD-1,cghggnid-1,Cluster 4,0,35.04
Q1-TA-4_HGD-1,hjfdniih-1,Cluster 12,0,43.67
Q1-TA-4_HGD-1,cghhhcdm-1,Cluster 5,0,55.99
Q1-TA-4_HGD-1,cghgafph-1,Cluster 5,0,82.37
Q1-TA-4_HGD-1,hjfdomgg-1,Cluster 5,0,106.21
Q1-TA-4_HGD-1,hjfdhmah-1,Cluster 12,0,76.95
Q1-TA-4_HGD-1,cghfpfnl-1,Cluster 5,0,95.55
Q1-TA-4_HGD-1,cghabcho-1,Cluster 5,0,61.86
Q1-TA-4_HGD-1,hjfdjbgp-1,Cluster 2,0,41.36
Q1-TA-4_HGD-1,cggpnjpn-1,Cluster 2,0,44.61
Q1-TA-4_HGD-1,cghahhli-1,Cluster 2,0,24.97
Q1-TA-4_HGD-1,hjfejmmd-1,Cluster 5,0,31.84
Q1-TA-4_HGD-1,cggpjikl-1,Cluster 5,0,34.41
Q1-TA-4_HGD-1,hjffabic-1,Cluster 7,0,5.37
Q1-TA-4_HGD-1,cggpfmhm-1,Cluster 5,0,50.71
Q1-TA-4_HGD-1,cghkflgh-1,Cluster 5,0,60.42
Q1-TA-4_HGD-1,hjfejkdh-1,Cluster 5,0,29.22
Q1-TA-4_HGD-1,cghadkjl-1,Cluster 5,0,47.82
Q1-TA-4_HGD-1,cggpcfma-1,Cluster 5,0,45.79
Q1-TA-4_HGD-1,cghdhfei-1,Cluster 5,0,78.26
Q1-TA-4_HGD-1,cghdeikm-1,Cluster 5,0,63.67
Q1-TA-4_HGD-1,cggpljlc-1,Cluster 5,0,33.69
Q1-TA-4_HGD-1,ofhldcoe-1,Cluster 22,0,34.82
Q1-TA-4_HGD-1,cggpljhm-1,Cluster 5,0,28.27
Q1-TA-4_HGD-1,cghdiapg-1,Cluster 2,0,53.01
Q1-TA-4_HGD-1,cghdgeca-1,Cluster 5,0,67.06
Q1-TA-4_HGD-1,hjffidoe-1,Cluster 7,0,18.60
Q1-TA-4_HGD-1,cggpjkcm-1,Cluster 4,0,45.29
Q1-TA-4_HGD-1,hjfgbfnd-1,Cluster 5,0,35.18
Q1-TA-4_HGD-1,cghdfmmn-1,Cluster 5,0,47.69
Q1-TA-4_HGD-1,cgheaahe-1,Cluster 2,0,39.42
Q1-TA-4_HGD-1,hjffodfp-1,Cluster 5,0,13.28
Q1-TA-4_HGD-1,hjfgapbk-1,Cluster 23,0,26.24
Q1-TA-4_HGD-1,cghcbjfo-1,Cluster 5,0,45.65
Q1-TA-4_HGD-1,cghcbeha-1,Cluster 4,0,70.31
Q1-TA-4_HGD-1,cghchaei-1,Cluster 5,0,107.47
Q1-TA-4_HGD-1,cghcgbce-1,Cluster 1,0,15.90
Q1-TA-4_HGD-1,ofhlboaa-1,Cluster 22,0,46.92
Q1-TA-4_HGD-1,ofipklmp-1,Cluster 22,0,141.97
Q1-TA-4_HGD-1,cghcadif-1,Cluster 4,0,39.56
Q1-TA-4_HGD-1,ofiplihh-1,Cluster 14,0,21.54
Q1-TA-4_HGD-1,cghceaib-1,Cluster 4,0,58.75
Q1-TA-4_HGD-1,cghdnfgg-1,Cluster 5,0,54.59
Q1-TA-4_HGD-1,hjfgbpan-1,Cluster 5,0,80.11
Q1-TA-4_HGD-1,cgkigfni-1,Cluster 5,0,63.99
Q1-TA-4_HGD-1,cghbmnma-1,Cluster 5,0,26.96
Q1-TA-4_HGD-1,ofhlbcoe-1,Cluster 14,0,63.63
Q1-TA-4_HGD-1,hjgcjmdg-1,Cluster 5,0,58.93
Q1-TA-4_HGD-1,hjgdbhai-1,Cluster 5,0,60.46
Q1-TA-4_HGD-1,hjgdbbhl-1,Cluster 5,0,95.14
Q1-TA-4_HGD-1,hjgcnifc-1,Cluster 5,0,30.16
Q1-TA-4_HGD-1,cghhdogm-1,Cluster 5,0,45.88
Q1-TA-4_HGD-1,hjgdbjbc-1,Cluster 5,0,55.18
Q1-TA-4_HGD-1,cghpfcgj-1,Cluster 5,0,36.13
Q1-TA-4_HGD-1,cghkmihm-1,Cluster 5,0,41.72
Q1-TA-4_HGD-1,hjgdebgl-1,Cluster 5,0,58.03
Q1-TA-4_HGD-1,hjgdamdg-1,Cluster 23,0,21.86
Q1-TA-4_HGD-1,cghhcocd-1,Cluster 2,0,34.50
Q1-TA-4_HGD-1,cghpmcon-1,Cluster 5,0,25.38
Q1-TA-4_HGD-1,cghhcleg-1,Cluster 25,0,42.31
Q1-TA-4_HGD-1,hjgehgdo-1,Cluster 5,0,53.06
Q1-TA-4_HGD-1,hjgefflp-1,Cluster 5,0,22.71
Q1-TA-4_HGD-1,cghkkmcn-1,Cluster 25,0,40.69
Q1-TA-4_HGD-1,hjgefdfm-1,Cluster 5,0,39.74
Q1-TA-4_HGD-1,cghhmfbf-1,Cluster 5,0,67.92
Q1-TA-4_HGD-1,hjfgkinf-1,Cluster 4,0,53.83
Q1-TA-4_HGD-1,cghhkdci-1,Cluster 2,0,24.84
Q1-TA-4_HGD-1,cghalebn-1,Cluster 2,0,15.13
Q1-TA-4_HGD-1,cghilbfp-1,Cluster 5,0,59.02
Q1-TA-4_HGD-1,cghidcee-1,Cluster 5,0,37.21
Q1-TA-4_HGD-1,hjfdfcfk-1,Cluster 5,0,43.94
Q1-TA-4_HGD-1,hjfddamc-1,Cluster 4,0,12.78
Q1-TA-4_HGD-1,cggpaiii-1,Cluster 25,0,33.55
Q1-TA-4_HGD-1,hjfdbjao-1,Cluster 5,0,12.46
Q1-TA-4_HGD-1,cghigocl-1,Cluster 5,0,46.60
Q1-TA-4_HGD-1,cghinljb-1,Cluster 2,0,38.16
Q1-TA-4_HGD-1,cghiedjg-1,Cluster 2,0,32.15
Q1-TA-4_HGD-1,cghkbfck-1,Cluster 5,0,83.67
Q1-TA-4_HGD-1,cghkkcjn-1,Cluster 5,0,56.45
Q1-TA-4_HGD-1,hjfeijao-1,Cluster 5,0,21.58
Q1-TA-4_HGD-1,cghaijcm-1,Cluster 5,0,43.40
Q1-TA-4_HGD-1,cgibbkmd-1,Cluster 5,0,184.42
Q1-TA-4_HGD-1,cgglofpm-1,Cluster 5,0,47.91
Q1-TA-4_HGD-1,cghpelee-1,Cluster 5,0,23.48
Q1-TA-4_HGD-1,cghpehhh-1,Cluster 5,0,63.76
Q1-TA-4_HGD-1,hjggfepb-1,Cluster 5,0,76.68
Q1-TA-4_HGD-1,hjgeebab-1,Cluster 5,0,75.46
Q1-TA-4_HGD-1,cghopngi-1,Cluster 5,0,60.64
Q1-TA-4_HGD-1,cghoglnn-1,Cluster 5,0,36.76
Q1-TA-4_HGD-1,cghofglh-1,Cluster 5,0,51.70
Q1-TA-4_HGD-1,cghpaioi-1,Cluster 5,0,23.66
Q1-TA-4_HGD-1,cggjpbnp-1,Cluster 5,0,26.33
Q1-TA-4_HGD-1,cggljknl-1,Cluster 5,0,27.18
Q1-TA-4_HGD-1,cghpnade-1,Cluster 5,0,37.98
Q1-TA-4_HGD-1,hjpohfda-1,Cluster 5,0,46.38
Q1-TA-4_HGD-1,cggjbfkb-1,Cluster 5,0,29.76
Q1-TA-4_HGD-1,hjfmdphn-1,Cluster 5,0,139.67
Q1-TA-4_HGD-1,cggljheg-1,Cluster 5,0,29.04
Q1-TA-4_HGD-1,cggkajgm-1,Cluster 5,0,61.73
Q1-TA-4_HGD-1,hjgdlmpl-1,Cluster 5,0,42.76
Q1-TA-4_HGD-1,cgghoalj-1,Cluster 5,0,45.52
Q1-TA-4_HGD-1,cghpmigf-1,Cluster 4,0,73.15
Q1-TA-4_HGD-1,hjpojpno-1,Cluster 5,0,59.83
Q1-TA-4_HGD-1,cgghlomk-1,Cluster 5,0,28.31
Q1-TA-4_HGD-1,cgghpemc-1,Cluster 5,0,20.82
Q1-TA-4_HGD-1,cghpppig-1,Cluster 5,0,107.34
Q1-TA-4_HGD-1,cgiafoob-1,Cluster 5,0,148.56
Q1-TA-4_HGD-1,cggkmnag-1,Cluster 5,0,24.75
Q1-TA-4_HGD-1,cgiaibeg-1,Cluster 5,0,83.09
Q1-TA-4_HGD-1,cgibglpl-1,Cluster 5,0,46.65
Q1-TA-4_HGD-1,cggkkfbo-1,Cluster 5,0,82.91
Q1-TA-4_HGD-1,cgiamiek-1,Cluster 5,0,100.38
Q1-TA-4_HGD-1,hjfkkpkl-1,Cluster 5,0,165.23
Q1-TA-4_HGD-1,hjfmhlje-1,Cluster 16,0,51.84
Q1-TA-4_HGD-1,cggjdgnp-1,Cluster 5,0,19.33
Q1-TA-4_HGD-1,cgibcpam-1,Cluster 5,0,85.71
Q1-TA-4_HGD-1,cghocnmp-1,Cluster 5,0,58.03
Q1-TA-4_HGD-1,ofimddbf-1,Cluster 22,0,46.56
Q1-TA-4_HGD-1,cggjnoop-1,Cluster 5,0,81.42
Q1-TA-4_HGD-1,ofimbckc-1,Cluster 14,0,23.12
Q1-TA-4_HGD-1,cggocogk-1,Cluster 5,0,99.98
Q1-TA-4_HGD-1,cggolmao-1,Cluster 5,0,55.14
Q1-TA-4_HGD-1,ckifegea-1,Cluster 5,0,78.26
Q1-TA-4_HGD-1,ofimkkmd-1,Cluster 14,0,12.01
Q1-TA-4_HGD-1,ckifcnpk-1,Cluster 4,0,60.24
Q1-TA-4_HGD-1,ofilnhma-1,Cluster 14,0,15.08
Q1-TA-4_HGD-1,cggngmml-1,Cluster 5,0,49.67
Q1-TA-4_HGD-1,cgghecml-1,Cluster 5,0,59.56
Q1-TA-4_HGD-1,cgghebno-1,Cluster 5,0,42.58
Q1-TA-4_HGD-1,cggjdhdm-1,Cluster 5,0,59.47
Q1-TA-4_HGD-1,cggobgpc-1,Cluster 5,0,95.82
Q1-TA-4_HGD-1,cggjknan-1,Cluster 5,0,115.83
Q1-TA-4_HGD-1,cggigkdc-1,Cluster 5,0,77.58
Q1-TA-4_HGD-1,hjpipmbk-1,Cluster 5,0,47.10
Q1-TA-4_HGD-1,cggogdnb-1,Cluster 5,0,36.85
Q1-TA-4_HGD-1,cgghmkoh-1,Cluster 5,0,67.24
Q1-TA-4_HGD-1,cgghjece-1,Cluster 5,0,29.58
Q1-TA-4_HGD-1,cggicbjg-1,Cluster 5,0,93.25
Q1-TA-4_HGD-1,cggofibf-1,Cluster 5,0,69.81
Q1-TA-4_HGD-1,cgglhhdn-1,Cluster 12,0,34.36
Q1-TA-4_HGD-1,cggihdfd-1,Cluster 5,0,42.13
Q1-TA-4_HGD-1,cggopjec-1,Cluster 5,0,25.96
Q1-TA-4_HGD-1,ofilmmhp-1,Cluster 1,0,113.16
Q1-TA-4_HGD-1,cggoocek-1,Cluster 5,0,58.66
Q1-TA-4_HGD-1,cggogbci-1,Cluster 5,0,75.64
Q1-TA-4_HGD-1,cggooofb-1,Cluster 5,0,93.65
Q1-TA-4_HGD-1,cggmcmej-1,Cluster 5,0,51.30
Q1-TA-4_HGD-1,cggooecc-1,Cluster 25,0,22.40
Q1-TA-4_HGD-1,cggmbgbg-1,Cluster 5,0,29.04
Q1-TA-4_HGD-1,cggmalnm-1,Cluster 5,0,54.46
Q1-TA-4_HGD-1,cggmclec-1,Cluster 5,0,54.23
Q1-TA-4_HGD-1,cggkdnai-1,Cluster 5,0,83.63
Q1-TA-4_HGD-1,cghmppeg-1,Cluster 12,0,93.52
Q1-TA-4_HGD-1,cghmihfm-1,Cluster 4,0,117.36
Q1-TA-4_HGD-1,cghlcbnp-1,Cluster 5,0,49.67
Q1-TA-4_HGD-1,cggkbleg-1,Cluster 5,0,33.28
Q1-TA-4_HGD-1,cghlihpa-1,Cluster 25,0,46.24
Q1-TA-4_HGD-1,cghllidh-1,Cluster 5,0,49.76
Q1-TA-4_HGD-1,cghpgiij-1,Cluster 2,0,46.51
Q1-TA-4_HGD-1,cghmjhak-1,Cluster 2,0,104.58
Q1-TA-4_HGD-1,cghmjgig-1,Cluster 5,0,85.39
Q1-TA-4_HGD-1,hjgejkdc-1,Cluster 4,0,51.48
Q1-TA-4_HGD-1,hjgbjbld-1,Cluster 5,0,95.23
Q1-TA-4_HGD-1,cghlncpg-1,Cluster 12,0,55.36
Q1-TA-4_HGD-1,cghmkfml-1,Cluster 5,0,77.85
Q1-TA-4_HGD-1,hjgeleje-1,Cluster 5,0,106.16
Q1-TA-4_HGD-1,cghlheip-1,Cluster 5,0,24.57
Q1-TA-4_HGD-1,hjgccehb-1,Cluster 5,0,50.03
Q1-TA-4_HGD-1,hjfkicpm-1,Cluster 4,0,12.91
Q1-TA-4_HGD-1,hjflodpl-1,Cluster 5,0,182.88
Q1-TA-4_HGD-1,cghmimji-1,Cluster 5,0,55.45
Q1-TA-4_HGD-1,hjgbkaad-1,Cluster 7,0,8.26
Q1-TA-4_HGD-1,cgiaaknh-1,Cluster 5,0,53.74
Q1-TA-4_HGD-1,cgiakpdi-1,Cluster 25,0,34.95
Q1-TA-4_HGD-1,hjfmcigj-1,Cluster 5,0,45.88
Q1-TA-4_HGD-1,hjfmadgg-1,Cluster 25,0,46.78
Q1-TA-4_HGD-1,hjflojjb-1,Cluster 5,0,60.06
Q1-TA-4_HGD-1,hjfmcdif-1,Cluster 7,0,37.84
Q1-TA-4_HGD-1,cghldnkj-1,Cluster 5,0,57.35
Q1-TA-4_HGD-1,hjgchope-1,Cluster 5,0,55.00
Q1-TA-4_HGD-1,cghpfanc-1,Cluster 5,0,54.32
Q1-TA-4_HGD-1,hjfmddcm-1,Cluster 5,0,84.76
Q1-TA-4_HGD-1,cghljobi-1,Cluster 5,0,53.37
Q1-TA-4_HGD-1,cghlfccf-1,Cluster 5,0,22.44
Q1-TA-4_HGD-1,cgiambkg-1,Cluster 5,0,86.97
Q1-TA-4_HGD-1,hjgdlgmc-1,Cluster 5,0,108.69
Q1-TA-4_HGD-1,cggomnhm-1,Cluster 5,0,95.64
Q1-TA-4_HGD-1,ckifkgpe-1,Cluster 5,0,97.63
Q1-TA-4_HGD-1,ckiepnja-1,Cluster 5,0,37.62
Q1-TA-4_HGD-1,ckikhhll-1,Cluster 5,0,47.50
Q1-TA-4_HGD-1,ckigadde-1,Cluster 5,0,140.57
Q1-TA-4_HGD-1,hjdonjcf-1,Cluster 25,0,26.78
Q1-TA-4_HGD-1,ckifekfc-1,Cluster 5,0,128.97
Q1-TA-4_HGD-1,cggockhh-1,Cluster 12,0,72.02
Q1-TA-4_HGD-1,hjdoonpl-1,Cluster 5,0,42.13
Q1-TA-4_HGD-1,hjdpdpoc-1,Cluster 5,0,60.87
Q1-TA-4_HGD-1,ckifmclc-1,Cluster 5,0,101.74
Q1-TA-4_HGD-1,ckikbnga-1,Cluster 5,0,139.94
Q1-TA-4_HGD-1,hjdpkgdm-1,Cluster 5,0,37.03
Q1-TA-4_HGD-1,ckifioeo-1,Cluster 5,0,100.20
Q1-TA-4_HGD-1,cggmdfmf-1,Cluster 2,0,60.37
Q1-TA-4_HGD-1,ckikjgfh-1,Cluster 5,0,73.11
Q1-TA-4_HGD-1,cggnmglf-1,Cluster 2,0,45.61
Q1-TA-4_HGD-1,cggmfjgj-1,Cluster 5,0,34.59
Q1-TA-4_HGD-1,cggngnep-1,Cluster 5,0,38.29
Q1-TA-4_HGD-1,cggnidif-1,Cluster 5,0,93.97
Q1-TA-4_HGD-1,cggmfnhp-1,Cluster 5,0,30.89
Q1-TA-4_HGD-1,cggnfeno-1,Cluster 5,0,33.78
Q1-TA-4_HGD-1,cggnakdd-1,Cluster 5,0,103.18
Q1-TA-4_HGD-1,cggmmccc-1,Cluster 5,0,135.88
Q1-TA-4_HGD-1,hjdpfkmm-1,Cluster 4,0,30.62
Q1-TA-4_HGD-1,cggndpal-1,Cluster 5,0,55.00
Q1-TA-4_HGD-1,cggmhijb-1,Cluster 5,0,85.84
Q1-TA-4_HGD-1,cghlbide-1,Cluster 5,0,105.98
Q1-TA-4_HGD-1,cggmknfo-1,Cluster 5,0,78.44
Q1-TA-4_HGD-1,cghmpebi-1,Cluster 5,0,71.93
Q1-TA-4_HGD-1,cggjmohd-1,Cluster 5,0,72.43
Q1-TA-4_HGD-1,cghknmhh-1,Cluster 5,0,122.55
Q1-TA-4_HGD-1,cghlbnfe-1,Cluster 5,0,99.71
Q1-TA-4_HGD-1,cghncofd-1,Cluster 5,0,114.06
Q1-TA-4_HGD-1,ckegncli-1,Cluster 5,0,105.62
Q1-TA-4_HGD-1,hjeegdjc-1,Cluster 6,0,66.65
Q1-TA-4_HGD-1,gjnbmhpe-1,Cluster 15,0,46.15
Q1-TA-4_HGD-1,gjmlfkfd-1,Cluster 6,0,56.90
Q1-TA-4_HGD-1,hjeehhjd-1,Cluster 7,0,31.93
Q1-TA-4_HGD-1,hjeghnij-1,Cluster 25,0,45.11
Q1-TA-4_HGD-1,hjegmgdn-1,Cluster 5,0,63.72
Q1-TA-4_HGD-1,hjejpngf-1,Cluster 9,0,6.77
Q1-TA-4_HGD-1,hjeiophn-1,Cluster 5,0,67.10
Q1-TA-4_HGD-1,hjeeiekp-1,Cluster 6,0,15.58
Q1-TA-4_HGD-1,hjeinhph-1,Cluster 5,0,118.31
Q1-TA-4_HGD-1,hjeikjpe-1,Cluster 4,0,48.90
Q1-TA-4_HGD-1,hjeekdnm-1,Cluster 6,0,122.10
Q1-TA-4_HGD-1,hjeeklha-1,Cluster 3,0,123.91
Q1-TA-4_HGD-1,hjeijafm-1,Cluster 5,0,57.21
Q1-TA-4_HGD-1,cjmmiggd-1,Cluster 5,0,80.60
Q1-TA-4_HGD-1,cgoppfej-1,Cluster 5,0,199.32
Q1-TA-4_HGD-1,hjejcced-1,Cluster 5,0,86.56
Q1-TA-4_HGD-1,hjejcoda-1,Cluster 5,0,59.88
Q1-TA-4_HGD-1,cjmmflpe-1,Cluster 8,0,84.40
Q1-TA-4_HGD-1,hjejpfgg-1,Cluster 14,0,21.63
Q1-TA-4_HGD-1,hjegholf-1,Cluster 5,0,83.45
Q1-TA-4_HGD-1,cjmmgkfm-1,Cluster 5,0,177.92
Q1-TA-4_HGD-1,ofhkmoge-1,Cluster 6,0,42.18
Q1-TA-4_HGD-1,cgaiblff-1,Cluster 15,0,52.70
Q1-TA-4_HGD-1,ofhkpfah-1,Cluster 9,0,38.61
Q1-TA-4_HGD-1,cgopcmmd-1,Cluster 5,0,124.00
Q1-TA-4_HGD-1,hjeijben-1,Cluster 5,0,39.69
Q1-TA-4_HGD-1,hjejbhfe-1,Cluster 6,0,120.93
Q1-TA-4_HGD-1,hjekapmf-1,Cluster 6,0,27.91
Q1-TA-4_HGD-1,cgopenbp-1,Cluster 15,0,36.71
Q1-TA-4_HGD-1,hjejdacl-1,Cluster 6,0,87.33
Q1-TA-4_HGD-1,hjejcbjj-1,Cluster 3,0,162.61
Q1-TA-4_HGD-1,hjejdbkl-1,Cluster 5,0,71.98
Q1-TA-4_HGD-1,ofhkpffh-1,Cluster 9,0,11.88
Q1-TA-4_HGD-1,hjejjein-1,Cluster 5,0,66.33
Q1-TA-4_HGD-1,hjejhnmd-1,Cluster 5,0,108.33
Q1-TA-4_HGD-1,cgopnhap-1,Cluster 5,0,151.36
Q1-TA-4_HGD-1,hjejodid-1,Cluster 6,0,68.68
Q1-TA-4_HGD-1,ofiohphb-1,Cluster 14,0,9.30
Q1-TA-4_HGD-1,cjmoaoob-1,Cluster 5,0,69.86
Q1-TA-4_HGD-1,cjmnnofo-1,Cluster 5,0,67.10
Q1-TA-4_HGD-1,hjeihlpn-1,Cluster 6,0,45.88
Q1-TA-4_HGD-1,hjeiigbm-1,Cluster 7,0,22.67
Q1-TA-4_HGD-1,ckedlaac-1,Cluster 5,0,206.64
Q1-TA-4_HGD-1,ckedookd-1,Cluster 5,0,123.77
Q1-TA-4_HGD-1,cjmobbod-1,Cluster 5,0,121.15
Q1-TA-4_HGD-1,gjmlnjhd-1,Cluster 5,0,20.95
Q1-TA-4_HGD-1,ckedlkom-1,Cluster 4,0,35.40
Q1-TA-4_HGD-1,ckedckne-1,Cluster 4,0,33.51
Q1-TA-4_HGD-1,cjmnamob-1,Cluster 5,0,46.38
Q1-TA-4_HGD-1,gjmlkdlc-1,Cluster 5,0,70.40
Q1-TA-4_HGD-1,gjmlohbh-1,Cluster 5,0,108.47
Q1-TA-4_HGD-1,ckedghpn-1,Cluster 5,0,47.41
Q1-TA-4_HGD-1,ckedggpf-1,Cluster 5,0,92.25
Q1-TA-4_HGD-1,gjmmfpka-1,Cluster 5,0,69.18
Q1-TA-4_HGD-1,hjehnckc-1,Cluster 5,0,31.97
Q1-TA-4_HGD-1,cjmnlfgj-1,Cluster 5,0,95.46
Q1-TA-4_HGD-1,ckedacfe-1,Cluster 16,0,60.87
Q1-TA-4_HGD-1,gjmmcpok-1,Cluster 5,0,74.91
Q1-TA-4_HGD-1,cjmnkndl-1,Cluster 5,0,105.67
Q1-TA-4_HGD-1,cjmnkhkf-1,Cluster 5,0,50.71
Q1-TA-4_HGD-1,ckeeagil-1,Cluster 5,0,131.00
Q1-TA-4_HGD-1,gjmljnnj-1,Cluster 5,0,99.39
Q1-TA-4_HGD-1,gjmlfmol-1,Cluster 5,0,58.48
Q1-TA-4_HGD-1,cjmnndgl-1,Cluster 5,0,85.53
Q1-TA-4_HGD-1,hjeihaeo-1,Cluster 6,0,139.71
Q1-TA-4_HGD-1,cjmmlamh-1,Cluster 5,0,26.51
Q1-TA-4_HGD-1,cjmmbfle-1,Cluster 5,0,161.48
Q1-TA-4_HGD-1,cjmlioob-1,Cluster 25,0,55.23
Q1-TA-4_HGD-1,hjefbohp-1,Cluster 1,0,19.37
Q1-TA-4_HGD-1,hjegfhho-1,Cluster 25,0,22.22
Q1-TA-4_HGD-1,cjmmdhjd-1,Cluster 5,0,179.59
Q1-TA-4_HGD-1,cjmmnffn-1,Cluster 5,0,70.44
Q1-TA-4_HGD-1,hjfbcpoh-1,Cluster 6,0,81.64
Q1-TA-4_HGD-1,hjefpmlj-1,Cluster 6,0,47.69
Q1-TA-4_HGD-1,cgaibnja-1,Cluster 15,0,52.02
Q1-TA-4_HGD-1,hjefdini-1,Cluster 14,0,8.49
Q1-TA-4_HGD-1,hjefljco-1,Cluster 19,0,34.59
Q1-TA-4_HGD-1,hjefedej-1,Cluster 10,0,41.91
Q1-TA-4_HGD-1,hjeelcbh-1,Cluster 1,0,32.29
Q1-TA-4_HGD-1,hjefeejm-1,Cluster 15,0,55.27
Q1-TA-4_HGD-1,hjefjlln-1,Cluster 10,0,84.62
Q1-TA-4_HGD-1,hjeedgac-1,Cluster 22,0,30.07
Q1-TA-4_HGD-1,hjeepbgc-1,Cluster 14,0,5.83
Q1-TA-4_HGD-1,hjelmimg-1,Cluster 6,0,19.10
Q1-TA-4_HGD-1,hjefaokm-1,Cluster 1,0,14.54
Q1-TA-4_HGD-1,hjelhmoc-1,Cluster 19,0,69.27
Q1-TA-4_HGD-1,hjemckak-1,Cluster 1,0,16.93
Q1-TA-4_HGD-1,hjeldlgg-1,Cluster 10,0,65.30
Q1-TA-4_HGD-1,hjeldecd-1,Cluster 6,0,160.71
Q1-TA-4_HGD-1,cgaikjgd-1,Cluster 1,0,38.34
Q1-TA-4_HGD-1,hjelljlb-1,Cluster 19,0,116.05
Q1-TA-4_HGD-1,hjemebbm-1,Cluster 15,0,54.37
Q1-TA-4_HGD-1,hjellkfh-1,Cluster 3,0,43.71
Q1-TA-4_HGD-1,hjemabmg-1,Cluster 15,0,36.98
Q1-TA-4_HGD-1,cgaigodo-1,Cluster 15,0,63.44
Q1-TA-4_HGD-1,hjejnmbg-1,Cluster 6,0,69.04
Q1-TA-4_HGD-1,hjeloiib-1,Cluster 6,0,24.29
Q1-TA-4_HGD-1,hjekceol-1,Cluster 16,0,54.50
Q1-TA-4_HGD-1,cgahlnlh-1,Cluster 15,0,37.25
Q1-TA-4_HGD-1,hjemckjc-1,Cluster 1,0,32.47
Q1-TA-4_HGD-1,hjemhcig-1,Cluster 15,0,27.59
Q1-TA-4_HGD-1,hjeknfki-1,Cluster 3,0,52.34
Q1-TA-4_HGD-1,hjejonkg-1,Cluster 6,0,99.71
Q1-TA-4_HGD-1,hjekkadp-1,Cluster 15,0,41.45
Q1-TA-4_HGD-1,hjekpmog-1,Cluster 3,0,33.19
Q1-TA-4_HGD-1,hjeofeoj-1,Cluster 6,0,102.50
Q1-TA-4_HGD-1,hkafhnnc-1,Cluster 6,0,22.89
Q1-TA-4_HGD-1,gjnclkgj-1,Cluster 3,0,56.90
Q1-TA-4_HGD-1,gjndgkfj-1,Cluster 15,0,53.10
Q1-TA-4_HGD-1,gjncmcal-1,Cluster 15,0,21.13
Q1-TA-4_HGD-1,gjndbimf-1,Cluster 6,0,34.27
Q1-TA-4_HGD-1,gjnbmagh-1,Cluster 15,0,30.62
Q1-TA-4_HGD-1,gjnamiae-1,Cluster 6,0,92.84
Q1-TA-4_HGD-1,gjnbdhkg-1,Cluster 5,0,47.69
Q1-TA-4_HGD-1,gjncnbcd-1,Cluster 6,0,24.84
Q1-TA-4_HGD-1,gjncmfck-1,Cluster 6,0,160.21
Q1-TA-4_HGD-1,gjnddfca-1,Cluster 15,0,90.76
Q1-TA-4_HGD-1,gjncddck-1,Cluster 9,0,42.76
Q1-TA-4_HGD-1,gjncgkec-1,Cluster 19,0,87.83
Q1-TA-4_HGD-1,gjndhpbh-1,Cluster 6,0,72.79
Q1-TA-4_HGD-1,gjncnkpo-1,Cluster 6,0,47.78
Q1-TA-4_HGD-1,gjnbaafi-1,Cluster 15,0,148.25
Q1-TA-4_HGD-1,gjncljak-1,Cluster 6,0,35.63
Q1-TA-4_HGD-1,gjnamakh-1,Cluster 6,0,73.15
Q1-TA-4_HGD-1,gjnallni-1,Cluster 24,0,46.83
Q1-TA-4_HGD-1,gjndbceb-1,Cluster 19,0,104.67
Q1-TA-4_HGD-1,gjnaekmi-1,Cluster 20,0,37.84
Q1-TA-4_HGD-1,hjehpfhh-1,Cluster 20,0,64.62
Q1-TA-4_HGD-1,gjnajndn-1,Cluster 15,0,52.97
Q1-TA-4_HGD-1,hjegokfj-1,Cluster 15,0,54.05
Q1-TA-4_HGD-1,hjeiickl-1,Cluster 15,0,38.52
Q1-TA-4_HGD-1,gjnclife-1,Cluster 19,0,77.17
Q1-TA-4_HGD-1,hjehgchg-1,Cluster 20,0,88.15
Q1-TA-4_HGD-1,hjehknap-1,Cluster 19,0,22.17
Q1-TA-4_HGD-1,hjefojoi-1,Cluster 3,0,60.28
Q1-TA-4_HGD-1,hjehlcmo-1,Cluster 6,0,85.21
Q1-TA-4_HGD-1,hjeedokp-1,Cluster 6,0,33.82
Q1-TA-4_HGD-1,hjeeefjn-1,Cluster 6,0,17.02
Q1-TA-4_HGD-1,hjefmnhh-1,Cluster 15,0,74.69
Q1-TA-4_HGD-1,hjegejdo-1,Cluster 19,0,55.18
Q1-TA-4_HGD-1,hjfamiol-1,Cluster 16,0,80.29
Q1-TA-4_HGD-1,gjnnnbpd-1,Cluster 5,0,17.16
Q1-TA-4_HGD-1,gjmiijfh-1,Cluster 1,0,6.23
Q1-TA-4_HGD-1,gjmkanpa-1,Cluster 5,0,75.23
Q1-TA-4_HGD-1,ckebpobh-1,Cluster 5,0,149.11
Q1-TA-4_HGD-1,ckebmgam-1,Cluster 5,0,41.81
Q1-TA-4_HGD-1,ckebgalp-1,Cluster 5,0,50.98
Q1-TA-4_HGD-1,cgaidffh-1,Cluster 5,0,75.23
Q1-TA-4_HGD-1,gjmknfhm-1,Cluster 5,0,134.97
Q1-TA-4_HGD-1,gjnbppka-1,Cluster 6,0,130.14
Q1-TA-4_HGD-1,gjmnlobf-1,Cluster 4,0,35.94
Q1-TA-4_HGD-1,gjmihnfg-1,Cluster 5,0,75.00
Q1-TA-4_HGD-1,gjmoefmi-1,Cluster 25,0,38.52
Q1-TA-4_HGD-1,gjmlamfp-1,Cluster 5,0,61.91
Q1-TA-4_HGD-1,cjmngbap-1,Cluster 5,0,180.35
Q1-TA-4_HGD-1,ckecpgcb-1,Cluster 4,0,197.56
Q1-TA-4_HGD-1,gjmigjca-1,Cluster 5,0,28.63
Q1-TA-4_HGD-1,ckebpeok-1,Cluster 25,0,41.36
Q1-TA-4_HGD-1,ckebmfmn-1,Cluster 5,0,95.73
Q1-TA-4_HGD-1,ckecoopn-1,Cluster 25,0,29.17
Q1-TA-4_HGD-1,gjmkgoni-1,Cluster 5,0,142.78
Q1-TA-4_HGD-1,ckebjadc-1,Cluster 5,0,139.76
Q1-TA-4_HGD-1,ckebmlbp-1,Cluster 1,0,44.52
Q1-TA-4_HGD-1,ckebhepk-1,Cluster 5,0,113.61
Q1-TA-4_HGD-1,cjmnbnoh-1,Cluster 5,0,45.88
Q1-TA-4_HGD-1,ckecfidd-1,Cluster 5,0,67.06
Q1-TA-4_HGD-1,ckecjidc-1,Cluster 4,0,138.09
Q1-TA-4_HGD-1,gjmkbbhe-1,Cluster 5,0,58.07
Q1-TA-4_HGD-1,ckecgjcl-1,Cluster 5,0,79.88
Q1-TA-4_HGD-1,cgaijbme-1,Cluster 6,0,84.98
Q1-TA-4_HGD-1,gjnbopjl-1,Cluster 6,0,37.07
Q1-TA-4_HGD-1,gjnbkgpe-1,Cluster 3,0,79.66
Q1-TA-4_HGD-1,gjnbipaa-1,Cluster 6,0,74.78
Q1-TA-4_HGD-1,ckeconah-1,Cluster 7,0,25.78
Q1-TA-4_HGD-1,ckecaadk-1,Cluster 5,0,83.95
Q1-TA-4_HGD-1,cjmndcdo-1,Cluster 5,0,43.35
Q1-TA-4_HGD-1,gjmnjijb-1,Cluster 1,0,26.55
Q1-TA-4_HGD-1,gjncaijo-1,Cluster 6,0,31.84
Q1-TA-4_HGD-1,gjnjmccn-1,Cluster 5,0,54.01
Q1-TA-4_HGD-1,ckeanjgc-1,Cluster 5,0,68.01
Q1-TA-4_HGD-1,gjmhnlde-1,Cluster 5,0,129.82
Q1-TA-4_HGD-1,ckebcopg-1,Cluster 5,0,162.74
Q1-TA-4_HGD-1,ckeajhjc-1,Cluster 5,0,39.87
Q1-TA-4_HGD-1,gjnnffja-1,Cluster 5,0,62.27
Q1-TA-4_HGD-1,gjmhnojc-1,Cluster 5,0,36.26
Q1-TA-4_HGD-1,gjnmgglk-1,Cluster 5,0,53.19
Q1-TA-4_HGD-1,gjmiaejb-1,Cluster 5,0,234.77
Q1-TA-4_HGD-1,ckenhphp-1,Cluster 5,0,83.45
Q1-TA-4_HGD-1,ckenlbgo-1,Cluster 5,0,101.87
Q1-TA-4_HGD-1,gjnnenkn-1,Cluster 5,0,30.98
Q1-TA-4_HGD-1,gjmigfim-1,Cluster 5,0,34.95
Q1-TA-4_HGD-1,ckeaipjo-1,Cluster 5,0,176.11
Q1-TA-4_HGD-1,ckemhaie-1,Cluster 26,0,51.43
Q1-TA-4_HGD-1,ckenhael-1,Cluster 5,0,92.53
Q1-TA-4_HGD-1,ckengdil-1,Cluster 5,0,93.43
Q1-TA-4_HGD-1,ckempjdf-1,Cluster 5,0,150.19
Q1-TA-4_HGD-1,ckemjkfb-1,Cluster 5,0,55.05
Q1-TA-4_HGD-1,ckebadoo-1,Cluster 5,0,113.07
Q1-TA-4_HGD-1,gjmicjho-1,Cluster 5,0,47.23
Q1-TA-4_HGD-1,ckemachc-1,Cluster 5,0,168.30
Q1-TA-4_HGD-1,gjnlhnld-1,Cluster 5,0,104.85
Q1-TA-4_HGD-1,ckemgcjp-1,Cluster 5,0,101.20
Q1-TA-4_HGD-1,ckemgnhf-1,Cluster 5,0,86.25
Q1-TA-4_HGD-1,ckebdijc-1,Cluster 5,0,166.36
Q1-TA-4_HGD-1,ckemeipn-1,Cluster 5,0,109.96
Q1-TA-4_HGD-1,gjmknbff-1,Cluster 5,0,191.78
Q1-TA-4_HGD-1,ckebfnen-1,Cluster 5,0,116.19
Q1-TA-4_HGD-1,gjmijlon-1,Cluster 25,0,18.88
Q1-TA-4_HGD-1,ckemajjo-1,Cluster 5,0,44.43
Q1-TA-4_HGD-1,gjnmllej-1,Cluster 5,0,130.37
Q1-TA-4_HGD-1,gjnlcdpm-1,Cluster 6,0,82.73
Q1-TA-4_HGD-1,gjmieiba-1,Cluster 5,0,105.17
Q1-TA-4_HGD-1,gjnmjofh-1,Cluster 5,0,59.65
Q1-TA-4_HGD-1,gjnlbkjm-1,Cluster 6,0,107.07
Q1-TA-4_HGD-1,gjnllmgh-1,Cluster 5,0,27.86
Q1-TA-4_HGD-1,gjnpnilg-1,Cluster 6,0,25.15
Q1-TA-4_HGD-1,gjmjjkjj-1,Cluster 6,0,182.93
Q1-TA-4_HGD-1,gjnllagp-1,Cluster 6,0,58.75
Q1-TA-4_HGD-1,gjmimbie-1,Cluster 6,0,191.15
Q1-TA-4_HGD-1,gjmjfegl-1,Cluster 6,0,48.23
Q1-TA-4_HGD-1,ckecejhl-1,Cluster 5,0,95.05
Q1-TA-4_HGD-1,gjnmafpg-1,Cluster 14,0,12.33
Q1-TA-4_HGD-1,gjmhodle-1,Cluster 6,0,38.61
Q1-TA-4_HGD-1,gjnmcbgd-1,Cluster 5,0,33.60
Q1-TA-4_HGD-1,gjmipphd-1,Cluster 7,0,25.33
Q1-TA-4_HGD-1,gjnlpoca-1,Cluster 5,0,57.66
Q1-TA-4_HGD-1,ckecdhne-1,Cluster 5,0,115.42
Q1-TA-4_HGD-1,gjmjgdel-1,Cluster 5,0,43.89
Q1-TA-4_HGD-1,gjnbfppb-1,Cluster 15,0,14.36
Q1-TA-4_HGD-1,gjnecpli-1,Cluster 5,0,94.69
Q1-TA-4_HGD-1,gjncbhhe-1,Cluster 10,0,51.43
Q1-TA-4_HGD-1,gjndlnhj-1,Cluster 25,0,20.23
Q1-TA-4_HGD-1,gjndlhdp-1,Cluster 6,0,55.90
Q1-TA-4_HGD-1,gjneamed-1,Cluster 15,0,48.63
Q1-TA-4_HGD-1,gjnbiemp-1,Cluster 15,0,61.46
Q1-TA-4_HGD-1,gjndjofe-1,Cluster 4,0,49.99
Q1-TA-4_HGD-1,gjmikjdk-1,Cluster 6,0,108.24
Q1-TA-4_HGD-1,gjnebeph-1,Cluster 16,0,63.99
Q1-TA-4_HGD-1,gjndmkpo-1,Cluster 4,0,16.30
Q1-TA-4_HGD-1,gjncehbc-1,Cluster 1,0,39.11
Q1-TA-4_HGD-1,gjnbpfoj-1,Cluster 6,0,173.49
Q1-TA-4_HGD-1,gjncacfn-1,Cluster 10,0,83.40
Q1-TA-4_HGD-1,gjmimjnc-1,Cluster 18,0,64.17
Q1-TA-4_HGD-1,gjmkabob-1,Cluster 6,0,64.03
Q1-TA-4_HGD-1,gjnidgbi-1,Cluster 16,0,15.13
Q1-TA-4_HGD-1,ckeaijib-1,Cluster 5,0,145.49
Q1-TA-4_HGD-1,ckeahdpm-1,Cluster 4,0,105.39
Q1-TA-4_HGD-1,gjnhfogm-1,Cluster 12,0,154.12
Q1-TA-4_HGD-1,ckeafjhl-1,Cluster 5,0,186.86
Q1-TA-4_HGD-1,gjnhfbhk-1,Cluster 5,0,202.89
Q1-TA-4_HGD-1,gjnpcjkc-1,Cluster 5,0,108.24
Q1-TA-4_HGD-1,gjnhgcda-1,Cluster 26,0,48.23
Q1-TA-4_HGD-1,gjnifkik-1,Cluster 5,0,119.44
Q1-TA-4_HGD-1,gjnkihjl-1,Cluster 5,0,74.51
Q1-TA-4_HGD-1,gjnjmijm-1,Cluster 5,0,29.40
Q1-TA-4_HGD-1,gjnkkobc-1,Cluster 25,0,37.21
Q1-TA-4_HGD-1,gjnpdbim-1,Cluster 5,0,164.10
Q1-TA-4_HGD-1,gjnhknjl-1,Cluster 25,0,16.39
Q1-TA-4_HGD-1,gjnicnkc-1,Cluster 4,0,66.74
Q1-TA-4_HGD-1,gjnidfgo-1,Cluster 5,0,46.83
Q1-TA-4_HGD-1,gjnpbpbh-1,Cluster 5,0,46.51
Q1-TA-4_HGD-1,gjnpalep-1,Cluster 5,0,115.37
Q1-TA-4_HGD-1,gjoaalje-1,Cluster 1,0,16.80
Q1-TA-4_HGD-1,gjnppdob-1,Cluster 6,0,110.50
Q1-TA-4_HGD-1,gjnocllk-1,Cluster 5,0,90.00
Q1-TA-4_HGD-1,ckeamfhn-1,Cluster 5,0,100.20
Q1-TA-4_HGD-1,gjnnhieb-1,Cluster 5,0,58.16
Q1-TA-4_HGD-1,gjnppjoe-1,Cluster 15,0,30.03
Q1-TA-4_HGD-1,gjoaaeho-1,Cluster 6,0,11.92
Q1-TA-4_HGD-1,gjnnnkdg-1,Cluster 5,0,75.28
Q1-TA-4_HGD-1,gjnoceeb-1,Cluster 5,0,127.75
Q1-TA-4_HGD-1,gjnkkpde-1,Cluster 5,0,43.53
Q1-TA-4_HGD-1,ckelppkf-1,Cluster 4,0,58.93
Q1-TA-4_HGD-1,ckealdcd-1,Cluster 5,0,69.68
Q1-TA-4_HGD-1,gjnmikag-1,Cluster 5,0,94.60
Q1-TA-4_HGD-1,gjnpnpif-1,Cluster 4,0,27.59
Q1-TA-4_HGD-1,gjnpnhpf-1,Cluster 6,0,119.80
Q1-TA-4_HGD-1,gjnmlnhl-1,Cluster 5,0,31.34
Q1-TA-4_HGD-1,ckejflec-1,Cluster 5,0,47.82
Q1-TA-4_HGD-1,hjenpcpc-1,Cluster 5,0,190.51
Q1-TA-4_HGD-1,ckeehfpb-1,Cluster 5,0,84.85
Q1-TA-4_HGD-1,gjmpcfoc-1,Cluster 5,0,247.23
Q1-TA-4_HGD-1,gjnafegp-1,Cluster 15,0,55.36
Q1-TA-4_HGD-1,hjepnbea-1,Cluster 5,0,92.21
Q1-TA-4_HGD-1,hjepmlge-1,Cluster 5,0,58.12
Q1-TA-4_HGD-1,gjnbfheo-1,Cluster 5,0,73.79
Q1-TA-4_HGD-1,hjfbeije-1,Cluster 5,0,108.56
Q1-TA-4_HGD-1,hjfbdhgp-1,Cluster 5,0,13.14
Q1-TA-4_HGD-1,hjeocphm-1,Cluster 3,0,76.36
Q1-TA-4_HGD-1,hjfaenbl-1,Cluster 5,0,112.94
Q1-TA-4_HGD-1,hjepjpla-1,Cluster 5,0,158.36
Q1-TA-4_HGD-1,hkahaigm-1,Cluster 5,0,137.28
Q1-TA-4_HGD-1,hjfbaoam-1,Cluster 6,0,72.79
Q1-TA-4_HGD-1,hjfaeoop-1,Cluster 6,0,47.50
Q1-TA-4_HGD-1,hjeebdne-1,Cluster 1,0,69.95
Q1-TA-4_HGD-1,cfpoibpi-1,Cluster 2,0,79.07
Q1-TA-4_HGD-1,hjelaobd-1,Cluster 24,0,56.54
Q1-TA-4_HGD-1,hjepielb-1,Cluster 25,0,66.20
Q1-TA-4_HGD-1,hjepdfdd-1,Cluster 6,0,44.16
Q1-TA-4_HGD-1,hjepajha-1,Cluster 6,0,33.33
Q1-TA-4_HGD-1,hjfaophg-1,Cluster 5,0,64.48
Q1-TA-4_HGD-1,hjfaipja-1,Cluster 5,0,109.77
Q1-TA-4_HGD-1,hjepagoj-1,Cluster 6,0,69.90
Q1-TA-4_HGD-1,hjeopooj-1,Cluster 5,0,97.36
Q1-TA-4_HGD-1,hjeopaei-1,Cluster 5,0,20.68
Q1-TA-4_HGD-1,hjeokklc-1,Cluster 5,0,26.96
Q1-TA-4_HGD-1,hkahmacg-1,Cluster 5,0,86.47
Q1-TA-4_HGD-1,hjekbbid-1,Cluster 3,0,47.73
Q1-TA-4_HGD-1,hjeokdkn-1,Cluster 5,0,81.46
Q1-TA-4_HGD-1,hjeodiab-1,Cluster 5,0,73.24
Q1-TA-4_HGD-1,hjeoabgf-1,Cluster 25,0,33.73
Q1-TA-4_HGD-1,hjepdfii-1,Cluster 5,0,44.12
Q1-TA-4_HGD-1,hjeocbhb-1,Cluster 15,0,58.03
Q1-TA-4_HGD-1,hjepgcih-1,Cluster 15,0,34.82
Q1-TA-4_HGD-1,hjeocpgf-1,Cluster 2,0,21.49
Q1-TA-4_HGD-1,hjfbenih-1,Cluster 5,0,111.36
Q1-TA-4_HGD-1,ckefgajb-1,Cluster 5,0,126.39
Q1-TA-4_HGD-1,gjndmfgi-1,Cluster 5,0,38.16
Q1-TA-4_HGD-1,ckegcjif-1,Cluster 5,0,49.85
Q1-TA-4_HGD-1,ckeemchl-1,Cluster 5,0,110.72
Q1-TA-4_HGD-1,ckefclge-1,Cluster 5,0,78.62
Q1-TA-4_HGD-1,ckefnaei-1,Cluster 5,0,54.32
Q1-TA-4_HGD-1,ckefcloi-1,Cluster 5,0,99.71
Q1-TA-4_HGD-1,gjmijnaj-1,Cluster 4,0,27.59
Q1-TA-4_HGD-1,ckefedpd-1,Cluster 5,0,97.45
Q1-TA-4_HGD-1,ckefhcea-1,Cluster 5,0,128.38
Q1-TA-4_HGD-1,gjnegmal-1,Cluster 2,0,67.64
Q1-TA-4_HGD-1,gjneekak-1,Cluster 2,0,40.82
Q1-TA-4_HGD-1,ckegapoi-1,Cluster 4,0,52.25
Q1-TA-4_HGD-1,ckefldga-1,Cluster 5,0,62.90
Q1-TA-4_HGD-1,ckeehaei-1,Cluster 5,0,68.73
Q1-TA-4_HGD-1,gjndihdd-1,Cluster 5,0,107.92
Q1-TA-4_HGD-1,cgadiagk-1,Cluster 5,0,82.09
Q1-TA-4_HGD-1,gjndndkh-1,Cluster 5,0,125.94
Q1-TA-4_HGD-1,cgadjijk-1,Cluster 5,0,142.15
Q1-TA-4_HGD-1,gjnbaelf-1,Cluster 5,0,62.09
Q1-TA-4_HGD-1,cgacgfki-1,Cluster 5,0,79.29
Q1-TA-4_HGD-1,ckefcgep-1,Cluster 4,0,80.78
Q1-TA-4_HGD-1,gjneapla-1,Cluster 5,0,107.25
Q1-TA-4_HGD-1,ckefceae-1,Cluster 5,0,33.64
Q1-TA-4_HGD-1,ckefbgjn-1,Cluster 5,0,71.98
Q1-TA-4_HGD-1,gjnbfgag-1,Cluster 8,0,26.51
Q1-TA-4_HGD-1,gjmpaiah-1,Cluster 4,0,36.98
Q1-TA-4_HGD-1,gjnaekch-1,Cluster 5,0,34.54
Q1-TA-4_HGD-1,gjnaanac-1,Cluster 5,0,91.08
Q1-TA-4_HGD-1,gjmphchc-1,Cluster 8,0,25.15
Q1-TA-4_HGD-1,ckeehmlp-1,Cluster 5,0,42.27
Q1-TA-4_HGD-1,gjnacjfc-1,Cluster 5,0,53.96
Q1-TA-4_HGD-1,gjnaeebd-1,Cluster 5,0,62.04
Q1-TA-4_HGD-1,gjnajboa-1,Cluster 15,0,44.57
Q1-TA-4_HGD-1,cfpoanil-1,Cluster 5,0,72.16
Q1-TA-4_HGD-1,cfpnpfmj-1,Cluster 4,0,36.53
Q1-TA-4_HGD-1,cfpombie-1,Cluster 23,0,70.35
Q1-TA-4_HGD-1,cfpnpdeg-1,Cluster 5,0,50.67
Q1-TA-4_HGD-1,hjfckpop-1,Cluster 5,0,95.64
Q1-TA-4_HGD-1,hjfciogb-1,Cluster 5,0,65.97
Q1-TA-4_HGD-1,cfpoepfi-1,Cluster 2,0,54.82
Q1-TA-4_HGD-1,cfpohgmd-1,Cluster 2,0,74.10
Q1-TA-4_HGD-1,cfpokhda-1,Cluster 5,0,96.82
Q1-TA-4_HGD-1,hjfbjbol-1,Cluster 4,0,17.07
Q1-TA-4_HGD-1,hjfbmlpp-1,Cluster 15,0,15.67
Q1-TA-4_HGD-1,gjmpidid-1,Cluster 4,0,21.63
Q1-TA-4_HGD-1,gjmpcbpb-1,Cluster 5,0,52.97
Q1-TA-4_HGD-1,gjmpdboi-1,Cluster 5,0,39.96
Q1-TA-4_HGD-1,cfpojbmc-1,Cluster 2,0,82.73
Q1-TA-4_HGD-1,hjfcddhc-1,Cluster 1,0,11.02
Q1-TA-4_HGD-1,cfpoebma-1,Cluster 4,0,78.35
Q1-TA-4_HGD-1,cfpobcid-1,Cluster 5,0,165.05
Q1-TA-4_HGD-1,hjfcaell-1,Cluster 4,0,27.59
Q1-TA-4_HGD-1,hjenilcp-1,Cluster 5,0,64.26
Q1-TA-4_HGD-1,hkabhlbf-1,Cluster 5,0,213.68
Q1-TA-4_HGD-1,hjendifj-1,Cluster 5,0,55.45
Q1-TA-4_HGD-1,hjfcainh-1,Cluster 5,0,19.55
Q1-TA-4_HGD-1,cfpocmen-1,Cluster 5,0,210.52
Q1-TA-4_HGD-1,hjenhnhl-1,Cluster 5,0,80.15
Q1-TA-4_HGD-1,hjemneog-1,Cluster 5,0,44.61
Q1-TA-4_HGD-1,hjepkndp-1,Cluster 25,0,31.52
Q1-TA-4_HGD-1,hjepmhbh-1,Cluster 5,0,50.94
Q1-TA-4_HGD-1,hjephkoj-1,Cluster 5,0,76.90
Q1-TA-4_HGD-1,hjfbodcc-1,Cluster 5,0,72.20
Q1-TA-4_HGD-1,hjemnlik-1,Cluster 5,0,37.48
Q1-TA-4_HGD-1,hjenbhno-1,Cluster 5,0,70.99
Q1-TA-4_HGD-1,hjenagji-1,Cluster 5,0,226.05
Q1-TA-4_HGD-1,hjenmmfd-1,Cluster 2,0,41.81
Q1-TA-4_HGD-1,hjemnmma-1,Cluster 5,0,62.41
Q1-TA-4_HGD-1,cfpmcjaf-1,Cluster 5,0,69.77
Q1-TA-4_HGD-1,ckefmgbn-1,Cluster 5,0,47.37
Q1-TA-4_HGD-1,gjneiimj-1,Cluster 5,0,24.57
Q1-TA-4_HGD-1,cfpmbknk-1,Cluster 5,0,55.90
Q1-TA-4_HGD-1,cgadidhi-1,Cluster 2,0,46.96
Q1-TA-4_HGD-1,ckeialgl-1,Cluster 5,0,27.95
Q1-TA-4_HGD-1,ckefkmhf-1,Cluster 4,0,67.73
Q1-TA-4_HGD-1,cgaccbml-1,Cluster 4,0,44.75
Q1-TA-4_HGD-1,ckeikjma-1,Cluster 5,0,41.86
Q1-TA-4_HGD-1,ckegaamc-1,Cluster 4,0,21.81
Q1-TA-4_HGD-1,cfpmhlma-1,Cluster 5,0,57.44
Q1-TA-4_HGD-1,ckejiejc-1,Cluster 2,0,49.72
Q1-TA-4_HGD-1,cfpnaifp-1,Cluster 5,0,63.76
Q1-TA-4_HGD-1,cfpmffhi-1,Cluster 5,0,31.11
Q1-TA-4_HGD-1,cfpopldc-1,Cluster 5,0,46.65
Q1-TA-4_HGD-1,cfppjlhl-1,Cluster 5,0,66.11
Q1-TA-4_HGD-1,ckeieaeb-1,Cluster 5,0,93.20
Q1-TA-4_HGD-1,cgaceife-1,Cluster 25,0,46.74
Q1-TA-4_HGD-1,ckefpkoa-1,Cluster 4,0,35.40
Q1-TA-4_HGD-1,ckeihdpp-1,Cluster 25,0,25.92
Q1-TA-4_HGD-1,ckeigihh-1,Cluster 5,0,56.36
Q1-TA-4_HGD-1,ckeijijo-1,Cluster 5,0,62.72
Q1-TA-4_HGD-1,ckejjhbo-1,Cluster 5,0,21.36
Q1-TA-4_HGD-1,ckefnijb-1,Cluster 5,0,52.83
Q1-TA-4_HGD-1,cgadjpdj-1,Cluster 5,0,46.33
Q1-TA-4_HGD-1,ckeidlcl-1,Cluster 5,0,43.21
Q1-TA-4_HGD-1,cfppaobn-1,Cluster 12,0,84.35
Q1-TA-4_HGD-1,cfpmgnee-1,Cluster 5,0,43.58
Q1-TA-4_HGD-1,cfpphjpk-1,Cluster 25,0,17.29
Q1-TA-4_HGD-1,cfpoojnf-1,Cluster 5,0,51.84
Q1-TA-4_HGD-1,cfpmfigh-1,Cluster 5,0,57.57
Q1-TA-4_HGD-1,ckeiedcb-1,Cluster 5,0,63.58
Q1-TA-4_HGD-1,cfppilpd-1,Cluster 2,0,69.36
Q1-TA-4_HGD-1,cfpnokok-1,Cluster 2,0,70.44
Q1-TA-4_HGD-1,ckefiaib-1,Cluster 5,0,18.60
Q1-TA-4_HGD-1,gjnplgdb-1,Cluster 6,0,58.12
Q1-TA-4_HGD-1,gjobidde-1,Cluster 5,0,39.60
Q1-TA-4_HGD-1,ckdoheee-1,Cluster 5,0,180.58
Q1-TA-4_HGD-1,ckeloopn-1,Cluster 15,0,63.63
Q1-TA-4_HGD-1,gjoapana-1,Cluster 5,0,146.49
Q1-TA-4_HGD-1,ckfagedo-1,Cluster 5,0,159.22
Q1-TA-4_HGD-1,gjoaoddm-1,Cluster 4,0,125.17
Q1-TA-4_HGD-1,ckepgcon-1,Cluster 5,0,117.86
Q1-TA-4_HGD-1,ckepbdhe-1,Cluster 5,0,82.59
Q1-TA-4_HGD-1,gjoafmda-1,Cluster 5,0,99.84
Q1-TA-4_HGD-1,ckepfonh-1,Cluster 5,0,52.61
Q1-TA-4_HGD-1,ckdoebek-1,Cluster 2,0,104.63
Q1-TA-4_HGD-1,ckennidf-1,Cluster 5,0,83.58
Q1-TA-4_HGD-1,gjnlhedl-1,Cluster 6,0,82.46
Q1-TA-4_HGD-1,ckelpjlb-1,Cluster 5,0,37.62
Q1-TA-4_HGD-1,ckfajghc-1,Cluster 5,0,43.30
Q1-TA-4_HGD-1,ckfaaiia-1,Cluster 5,0,114.92
Q1-TA-4_HGD-1,ckeefimi-1,Cluster 5,0,86.56
Q1-TA-4_HGD-1,ckfagdje-1,Cluster 5,0,56.31
Q1-TA-4_HGD-1,ckeeangd-1,Cluster 5,0,103.18
Q1-TA-4_HGD-1,ckeppica-1,Cluster 5,0,73.42
Q1-TA-4_HGD-1,ckepiidc-1,Cluster 5,0,65.39
Q1-TA-4_HGD-1,ckfaclfm-1,Cluster 5,0,37.16
Q1-TA-4_HGD-1,ckenonce-1,Cluster 5,0,24.25
Q1-TA-4_HGD-1,ckfakaai-1,Cluster 5,0,98.03
Q1-TA-4_HGD-1,ckeedcjn-1,Cluster 2,0,52.92
Q1-TA-4_HGD-1,ckfaicdp-1,Cluster 5,0,127.02
Q1-TA-4_HGD-1,ckepjmop-1,Cluster 5,0,119.03
Q1-TA-4_HGD-1,ckeegnap-1,Cluster 5,0,113.21
Q1-TA-4_HGD-1,ckegbogg-1,Cluster 5,0,30.89
Q1-TA-4_HGD-1,ckegigki-1,Cluster 5,0,25.11
Q1-TA-4_HGD-1,ckecccck-1,Cluster 5,0,76.09
Q1-TA-4_HGD-1,ckeonmkk-1,Cluster 5,0,53.60
Q1-TA-4_HGD-1,ckennpco-1,Cluster 5,0,25.78
Q1-TA-4_HGD-1,ckefjnih-1,Cluster 5,0,21.63
Q1-TA-4_HGD-1,ckelphff-1,Cluster 5,0,63.90
Q1-TA-4_HGD-1,gjnilmfg-1,Cluster 15,0,62.99
Q1-TA-4_HGD-1,gjnicigj-1,Cluster 5,0,107.52
Q1-TA-4_HGD-1,gjnibdmp-1,Cluster 5,0,99.66
Q1-TA-4_HGD-1,gjojeohm-1,Cluster 15,0,58.03
Q1-TA-4_HGD-1,gjnhmifd-1,Cluster 16,0,70.90
Q1-TA-4_HGD-1,gjnogocl-1,Cluster 6,0,64.30
Q1-TA-4_HGD-1,gjnkbfcp-1,Cluster 5,0,77.76
Q1-TA-4_HGD-1,ckdplcco-1,Cluster 15,0,47.37
Q1-TA-4_HGD-1,gjnicfcb-1,Cluster 26,0,35.76
Q1-TA-4_HGD-1,gjnohlkb-1,Cluster 6,0,49.36
Q1-TA-4_HGD-1,gjnokbpn-1,Cluster 25,0,59.02
Q1-TA-4_HGD-1,gjnpeobo-1,Cluster 6,0,180.13
Q1-TA-4_HGD-1,gjnhofbg-1,Cluster 6,0,61.32
Q1-TA-4_HGD-1,gjnhpnbl-1,Cluster 6,0,117.32
Q1-TA-4_HGD-1,gjnkgpob-1,Cluster 6,0,40.87
Q1-TA-4_HGD-1,gjnoehln-1,Cluster 25,0,64.39
Q1-TA-4_HGD-1,gjnkcfnb-1,Cluster 5,0,20.73
Q1-TA-4_HGD-1,gjnhohnn-1,Cluster 6,0,8.76
Q1-TA-4_HGD-1,gjnolphe-1,Cluster 6,0,83.22
Q1-TA-4_HGD-1,gjnkgjpf-1,Cluster 5,0,28.63
Q1-TA-4_HGD-1,ckdpldfg-1,Cluster 15,0,51.30
Q1-TA-4_HGD-1,gjnngneo-1,Cluster 9,0,16.48
Q1-TA-4_HGD-1,gjocidcl-1,Cluster 9,0,19.82
Q1-TA-4_HGD-1,gjochgog-1,Cluster 8,0,46.56
Q1-TA-4_HGD-1,gjocjcce-1,Cluster 3,0,70.58
Q1-TA-4_HGD-1,gjoblbdj-1,Cluster 5,0,56.22
Q1-TA-4_HGD-1,gjoaecfl-1,Cluster 6,0,34.09
Q1-TA-4_HGD-1,gjnpgfij-1,Cluster 5,0,50.03
Q1-TA-4_HGD-1,gjoaecad-1,Cluster 6,0,16.57
Q1-TA-4_HGD-1,gjnpiogo-1,Cluster 6,0,39.78
Q1-TA-4_HGD-1,gjnngcch-1,Cluster 14,0,11.74
Q1-TA-4_HGD-1,ckdppbdi-1,Cluster 5,0,117.90
Q1-TA-4_HGD-1,gjoadfcc-1,Cluster 6,0,36.98
Q1-TA-4_HGD-1,gjoadcmi-1,Cluster 6,0,11.61
Q1-TA-4_HGD-1,gjobbgke-1,Cluster 5,0,195.84
Q1-TA-4_HGD-1,gjobdbdm-1,Cluster 5,0,67.64
Q1-TA-4_HGD-1,ckeomnlk-1,Cluster 5,0,37.34
Q1-TA-4_HGD-1,ckeolddl-1,Cluster 5,0,34.95
Q1-TA-4_HGD-1,gjoclpin-1,Cluster 4,0,47.46
Q1-TA-4_HGD-1,ckeheeap-1,Cluster 5,0,66.70
Q1-TA-4_HGD-1,ckepanmo-1,Cluster 5,0,46.83
Q1-TA-4_HGD-1,ckelngna-1,Cluster 5,0,50.62
Q1-TA-4_HGD-1,ckehinnj-1,Cluster 8,0,135.38
Q1-TA-4_HGD-1,ckehdkjh-1,Cluster 4,0,72.16
Q1-TA-4_HGD-1,ckeoblpe-1,Cluster 5,0,33.78
Q1-TA-4_HGD-1,ckehcmdl-1,Cluster 5,0,31.88
Q1-TA-4_HGD-1,ckelojcf-1,Cluster 5,0,27.36
Q1-TA-4_HGD-1,ckeogeff-1,Cluster 5,0,25.60
Q1-TA-4_HGD-1,ckeodfcb-1,Cluster 5,0,66.20
Q1-TA-4_HGD-1,ckeocpom-1,Cluster 5,0,20.73
Q1-TA-4_HGD-1,ckeilhic-1,Cluster 4,0,42.49
Q1-TA-4_HGD-1,ckeoehdj-1,Cluster 5,0,37.25
Q1-TA-4_HGD-1,ckelmkic-1,Cluster 5,0,26.55
Q1-TA-4_HGD-1,ckeklnfa-1,Cluster 5,0,48.45
Q1-TA-4_HGD-1,ckelnnfd-1,Cluster 5,0,100.38
Q1-TA-4_HGD-1,ckekoeoi-1,Cluster 5,0,25.74
Q1-TA-4_HGD-1,ckeimfng-1,Cluster 5,0,52.25
Q1-TA-4_HGD-1,ckelhpnk-1,Cluster 5,0,95.37
Q1-TA-4_HGD-1,ckeipplm-1,Cluster 5,0,20.55
Q1-TA-4_HGD-1,ckeionme-1,Cluster 12,0,68.41
Q1-TA-4_HGD-1,ckeobclk-1,Cluster 5,0,58.34
Q1-TA-4_HGD-1,ckefkdnf-1,Cluster 5,0,35.85
Q1-TA-4_HGD-1,ckekcinf-1,Cluster 5,0,83.58
Q1-TA-4_HGD-1,ckefinco-1,Cluster 5,0,41.27
Q1-TA-4_HGD-1,ckekdfnj-1,Cluster 5,0,22.80
Q1-TA-4_HGD-1,ckefhijk-1,Cluster 5,0,28.45
Q1-TA-4_HGD-1,ckekgmlj-1,Cluster 5,0,57.26
Q1-TA-4_HGD-1,ckekefeh-1,Cluster 5,0,78.44
Q1-TA-4_HGD-1,ckejmpoo-1,Cluster 5,0,54.55
Q1-TA-4_HGD-1,gjohljmd-1,Cluster 5,0,157.10
Q1-TA-4_HGD-1,gjngjfjk-1,Cluster 20,0,73.88
Q1-TA-4_HGD-1,ckdooomd-1,Cluster 5,0,58.25
Q1-TA-4_HGD-1,gjngfhhj-1,Cluster 20,0,85.75
Q1-TA-4_HGD-1,gjnfmaio-1,Cluster 6,0,40.51
Q1-TA-4_HGD-1,gjnflmbm-1,Cluster 6,0,11.42
Q1-TA-4_HGD-1,ckdpcppp-1,Cluster 5,0,53.24
Q1-TA-4_HGD-1,gjojjhhd-1,Cluster 5,0,65.61
Q1-TA-4_HGD-1,gjojehla-1,Cluster 5,0,37.21
Q1-TA-4_HGD-1,gjojhbdf-1,Cluster 5,0,11.51
Q1-TA-4_HGD-1,gjocbogg-1,Cluster 5,0,41.36
Q1-TA-4_HGD-1,gjocddmi-1,Cluster 25,0,16.66
Q1-TA-4_HGD-1,ckdpfmle-1,Cluster 5,0,113.97
Q1-TA-4_HGD-1,ckdojjaj-1,Cluster 8,0,51.93
Q1-TA-4_HGD-1,gjoihlac-1,Cluster 5,0,35.13
Q1-TA-4_HGD-1,gjngngnb-1,Cluster 25,0,41.09
Q1-TA-4_HGD-1,gjoccjgk-1,Cluster 25,0,57.53
Q1-TA-4_HGD-1,ckdojbhj-1,Cluster 5,0,98.80
Q1-TA-4_HGD-1,ckdopjpf-1,Cluster 5,0,71.84
Q1-TA-4_HGD-1,ckdpbfdg-1,Cluster 5,0,54.23
Q1-TA-4_HGD-1,gjoimekg-1,Cluster 8,0,22.85
Q1-TA-4_HGD-1,gjojdlij-1,Cluster 5,0,55.41
Q1-TA-4_HGD-1,gjoihhli-1,Cluster 5,0,57.26
Q1-TA-4_HGD-1,ckdokpoi-1,Cluster 2,0,47.28
Q1-TA-4_HGD-1,ckdpdagc-1,Cluster 5,0,196.75
Q1-TA-4_HGD-1,ckdobnbj-1,Cluster 5,0,116.77
Q1-TA-4_HGD-1,ckdpncmo-1,Cluster 5,0,98.53
Q1-TA-4_HGD-1,gjobdgja-1,Cluster 5,0,209.75
Q1-TA-4_HGD-1,gjoblneh-1,Cluster 5,0,77.94
Q1-TA-4_HGD-1,ckeaabgo-1,Cluster 5,0,72.52
Q1-TA-4_HGD-1,gjoafeod-1,Cluster 5,0,70.35
Q1-TA-4_HGD-1,gjobhocg-1,Cluster 5,0,102.46
Q1-TA-4_HGD-1,gjobigga-1,Cluster 5,0,79.70
Q1-TA-4_HGD-1,gjoaldha-1,Cluster 5,0,64.17
Q1-TA-4_HGD-1,gjokgkil-1,Cluster 6,0,24.38
Q1-TA-4_HGD-1,ckfeglmc-1,Cluster 5,0,112.66
Q1-TA-4_HGD-1,ckfdiign-1,Cluster 5,0,178.91
Q1-TA-4_HGD-1,ckfeghke-1,Cluster 5,0,116.86
Q1-TA-4_HGD-1,ckfdclaa-1,Cluster 5,0,108.92
Q1-TA-4_HGD-1,ckflohcg-1,Cluster 5,0,85.26
Q1-TA-4_HGD-1,gjokanci-1,Cluster 25,0,21.77
Q1-TA-4_HGD-1,ckfcojoe-1,Cluster 25,0,42.27
Q1-TA-4_HGD-1,gjokooni-1,Cluster 5,0,128.65
Q1-TA-4_HGD-1,ckfcpeee-1,Cluster 25,0,35.90
Q1-TA-4_HGD-1,ckfeblab-1,Cluster 5,0,83.49
Q1-TA-4_HGD-1,gjolccjb-1,Cluster 2,0,23.66
Q1-TA-4_HGD-1,ckfmjkpd-1,Cluster 5,0,64.71
Q1-TA-4_HGD-1,ckfmbmhj-1,Cluster 5,0,94.02
Q1-TA-4_HGD-1,ckfmfllb-1,Cluster 5,0,56.94
Q1-TA-4_HGD-1,gjokgach-1,Cluster 5,0,96.14
Q1-TA-4_HGD-1,gjokiahe-1,Cluster 6,0,39.06
Q1-TA-4_HGD-1,gjokjbah-1,Cluster 5,0,65.03
Q1-TA-4_HGD-1,ckfmcgih-1,Cluster 5,0,166.85
Q1-TA-4_HGD-1,ckfllgbb-1,Cluster 5,0,127.79
Q1-TA-4_HGD-1,ckflnlpb-1,Cluster 5,0,48.14
Q1-TA-4_HGD-1,ckfloaoa-1,Cluster 5,0,142.38
Q1-TA-4_HGD-1,gjokcgpb-1,Cluster 5,0,24.93
Q1-TA-4_HGD-1,ckfkedma-1,Cluster 15,0,31.65
Q1-TA-4_HGD-1,gjnjhbad-1,Cluster 14,0,9.75
Q1-TA-4_HGD-1,gjnjaemd-1,Cluster 1,0,24.29
Q1-TA-4_HGD-1,ckfllkpn-1,Cluster 15,0,31.88
Q1-TA-4_HGD-1,gjnjjlap-1,Cluster 5,0,117.45
Q1-TA-4_HGD-1,ckflogmi-1,Cluster 5,0,148.25
Q1-TA-4_HGD-1,gjninenn-1,Cluster 22,0,11.11
Q1-TA-4_HGD-1,ckflbhni-1,Cluster 15,0,20.50
Q1-TA-4_HGD-1,ofabmbak-1,Cluster 22,0,30.93
Q1-TA-4_HGD-1,gjnikkaj-1,Cluster 9,0,13.37
Q1-TA-4_HGD-1,ckfkkode-1,Cluster 5,0,137.68
Q1-TA-4_HGD-1,gjnikkdb-1,Cluster 22,0,16.89
Q1-TA-4_HGD-1,ckflcdcl-1,Cluster 5,0,58.34
Q1-TA-4_HGD-1,gjnijihm-1,Cluster 5,0,52.25
Q1-TA-4_HGD-1,gjaajcca-1,Cluster 5,0,112.39
Q1-TA-4_HGD-1,gjaajlel-1,Cluster 5,0,121.61
Q1-TA-4_HGD-1,gjoldili-1,Cluster 5,0,152.54
Q1-TA-4_HGD-1,ckfebhgb-1,Cluster 5,0,129.33
Q1-TA-4_HGD-1,ckfdmoca-1,Cluster 15,0,47.32
Q1-TA-4_HGD-1,gjoeggno-1,Cluster 19,0,33.91
Q1-TA-4_HGD-1,ofacloif-1,Cluster 22,0,17.11
Q1-TA-4_HGD-1,gjoeebic-1,Cluster 19,0,23.80
Q1-TA-4_HGD-1,ofaclhbo-1,Cluster 22,0,9.44
Q1-TA-4_HGD-1,ckfdmkmd-1,Cluster 15,0,57.17
Q1-TA-4_HGD-1,gjoihdjk-1,Cluster 1,0,14.27
Q1-TA-4_HGD-1,gjohmgcf-1,Cluster 7,0,24.47
Q1-TA-4_HGD-1,ofaccpbd-1,Cluster 14,0,12.91
Q1-TA-4_HGD-1,gjohhhij-1,Cluster 15,0,43.71
Q1-TA-4_HGD-1,ckfkhpkc-1,Cluster 15,0,33.37
Q1-TA-4_HGD-1,ofaccnbm-1,Cluster 14,0,6.14
Q1-TA-4_HGD-1,gjodpold-1,Cluster 20,0,16.66
Q1-TA-4_HGD-1,gjnemkkf-1,Cluster 3,0,49.76
Q1-TA-4_HGD-1,ofacggoh-1,Cluster 22,0,8.17
Q1-TA-4_HGD-1,gjojnkda-1,Cluster 1,0,21.90
Q1-TA-4_HGD-1,gjojnjge-1,Cluster 15,0,35.63
Q1-TA-4_HGD-1,gjokkheh-1,Cluster 6,0,56.17
Q1-TA-4_HGD-1,ofacianc-1,Cluster 1,0,21.81
Q1-TA-4_HGD-1,ckfkcnaa-1,Cluster 20,0,54.73
Q1-TA-4_HGD-1,ckfkhbha-1,Cluster 24,0,37.80
Q1-TA-4_HGD-1,gjnfleoa-1,Cluster 6,0,52.20
Q1-TA-4_HGD-1,gjnfdede-1,Cluster 3,0,36.35
Q1-TA-4_HGD-1,gjnfgemb-1,Cluster 6,0,54.14
Q1-TA-4_HGD-1,ckfkgdop-1,Cluster 6,0,52.20
Q1-TA-4_HGD-1,gjohjmmg-1,Cluster 5,0,59.20
Q1-TA-4_HGD-1,gjnenbel-1,Cluster 9,0,13.32
Q1-TA-4_HGD-1,gjnenglb-1,Cluster 6,0,30.03
Q1-TA-4_HGD-1,gjneombc-1,Cluster 6,0,15.94
Q1-TA-4_HGD-1,gjnimjab-1,Cluster 6,0,28.81
Q1-TA-4_HGD-1,gjnfcneb-1,Cluster 6,0,73.20
Q1-TA-4_HGD-1,gjnembic-1,Cluster 24,0,44.16
Q1-TA-4_HGD-1,gjnfcgih-1,Cluster 19,0,50.58
Q1-TA-4_HGD-1,gjnilpkm-1,Cluster 6,0,48.18
Q1-TA-4_HGD-1,gjnjihdn-1,Cluster 6,0,39.60
Q1-TA-4_HGD-1,gjoehgik-1,Cluster 1,0,11.11
Q1-TA-4_HGD-1,gjokajph-1,Cluster 5,0,69.00
Q1-TA-4_HGD-1,gjoemjbh-1,Cluster 6,0,39.42
Q1-TA-4_HGD-1,gjojkejh-1,Cluster 6,0,40.69
Q1-TA-4_HGD-1,gjoegmai-1,Cluster 15,0,19.60
Q1-TA-4_HGD-1,gjojkgbk-1,Cluster 25,0,34.05
Q1-TA-4_HGD-1,gjodgnim-1,Cluster 6,0,37.52
Q1-TA-4_HGD-1,ckfdodna-1,Cluster 15,0,52.20
Q1-TA-4_HGD-1,gjoehfci-1,Cluster 22,0,8.85
Q1-TA-4_HGD-1,gjoepaof-1,Cluster 20,0,164.82
Q1-TA-4_HGD-1,ckfdkgnb-1,Cluster 15,0,50.76
Q1-TA-4_HGD-1,gjodcncc-1,Cluster 1,0,22.80
Q1-TA-4_HGD-1,gjoeioll-1,Cluster 15,0,18.51
Q1-TA-4_HGD-1,gjaamnof-1,Cluster 25,0,32.74
Q1-TA-4_HGD-1,gjojofkl-1,Cluster 6,0,70.81
Q1-TA-4_HGD-1,gjaamoll-1,Cluster 26,0,46.01
Q1-TA-4_HGD-1,gjojknbm-1,Cluster 5,0,60.74
Q1-TA-4_HGD-1,gjodfefc-1,Cluster 16,0,8.76
Q1-TA-4_HGD-1,gjojobkj-1,Cluster 3,0,30.07
Q1-TA-4_HGD-1,gjokklcl-1,Cluster 5,0,60.19
Q1-TA-4_HGD-1,gkmmpelp-1,Cluster 5,0,14.40
Q1-TA-4_HGD-1,ckjnpcpb-1,Cluster 5,0,73.70
Q1-TA-4_HGD-1,ckddfjbn-1,Cluster 5,0,80.87
Q1-TA-4_HGD-1,ckcojocg-1,Cluster 5,0,142.65
Q1-TA-4_HGD-1,ckcjlpeo-1,Cluster 5,0,49.94
Q1-TA-4_HGD-1,cfpmlfgp-1,Cluster 25,0,42.49
Q1-TA-4_HGD-1,gjmpjcef-1,Cluster 8,0,28.49
Q1-TA-4_HGD-1,cfpmlgpm-1,Cluster 5,0,39.74
Q1-TA-4_HGD-1,ckcjekjb-1,Cluster 5,0,69.27
Q1-TA-4_HGD-1,cfpmpkim-1,Cluster 5,0,43.40
Q1-TA-4_HGD-1,cfpmgede-1,Cluster 5,0,46.33
Q1-TA-4_HGD-1,gjmppkfc-1,Cluster 5,0,37.16
Q1-TA-4_HGD-1,ckcjlmkl-1,Cluster 5,0,86.25
Q1-TA-4_HGD-1,gjmooehi-1,Cluster 5,0,58.93
Q1-TA-4_HGD-1,gjmofkni-1,Cluster 5,0,96.05
Q1-TA-4_HGD-1,hjemjbmf-1,Cluster 7,0,71.48
Q1-TA-4_HGD-1,gjmpkiin-1,Cluster 5,0,34.18
Q1-TA-4_HGD-1,ckcofjjb-1,Cluster 5,0,184.24
Q1-TA-4_HGD-1,ckckfnke-1,Cluster 5,0,34.59
Q1-TA-4_HGD-1,gjmpagpd-1,Cluster 5,0,22.67
Q1-TA-4_HGD-1,cfpomooc-1,Cluster 5,0,74.51
Q1-TA-4_HGD-1,cfppfheb-1,Cluster 5,0,55.09
Q1-TA-4_HGD-1,hjemlejd-1,Cluster 5,0,68.50
Q1-TA-4_HGD-1,cfponoba-1,Cluster 5,0,80.74
Q1-TA-4_HGD-1,cfpphenp-1,Cluster 5,0,43.62
Q1-TA-4_HGD-1,ckckgpik-1,Cluster 5,0,41.36
Q1-TA-4_HGD-1,ckckhnoc-1,Cluster 5,0,199.09
Q1-TA-4_HGD-1,cfpmocaf-1,Cluster 5,0,58.97
Q1-TA-4_HGD-1,hjemlmbg-1,Cluster 22,0,26.51
Q1-TA-4_HGD-1,hkacabld-1,Cluster 14,0,36.17
Q1-TA-4_HGD-1,ckcjhjji-1,Cluster 5,0,70.58
Q1-TA-4_HGD-1,ckckhokp-1,Cluster 5,0,153.49
Q1-TA-4_HGD-1,hjemkkcf-1,Cluster 14,0,33.87
Q1-TA-4_HGD-1,cfppbldh-1,Cluster 5,0,49.76
Q1-TA-4_HGD-1,hjemldeg-1,Cluster 5,0,191.15
Q1-TA-4_HGD-1,ckcolcmh-1,Cluster 5,0,164.82
Q1-TA-4_HGD-1,cfpomnfn-1,Cluster 5,0,117.05
Q1-TA-4_HGD-1,cfpphboj-1,Cluster 5,0,106.12
Q1-TA-4_HGD-1,ckcogiak-1,Cluster 4,0,235.72
Q1-TA-4_HGD-1,gjmpbkdh-1,Cluster 5,0,33.28
Q1-TA-4_HGD-1,ckeklfch-1,Cluster 5,0,63.13
Q1-TA-4_HGD-1,ckdcnajh-1,Cluster 16,0,40.32
Q1-TA-4_HGD-1,ckddpcno-1,Cluster 5,0,50.26
Q1-TA-4_HGD-1,ckdbdpbd-1,Cluster 5,0,64.39
Q1-TA-4_HGD-1,ckdcaage-1,Cluster 5,0,37.12
Q1-TA-4_HGD-1,gjnejfob-1,Cluster 5,0,20.68
Q1-TA-4_HGD-1,ckekmaib-1,Cluster 5,0,64.93
Q1-TA-4_HGD-1,ckelcfnm-1,Cluster 12,0,46.29
Q1-TA-4_HGD-1,ckcpnmod-1,Cluster 5,0,29.62
Q1-TA-4_HGD-1,ckddekgn-1,Cluster 5,0,31.38
Q1-TA-4_HGD-1,ckdcpcea-1,Cluster 5,0,34.95
Q1-TA-4_HGD-1,ckdcmndo-1,Cluster 5,0,33.46
Q1-TA-4_HGD-1,ckdcloop-1,Cluster 5,0,25.02
Q1-TA-4_HGD-1,ckdckano-1,Cluster 5,0,59.83
Q1-TA-4_HGD-1,ckdcimhc-1,Cluster 5,0,51.30
Q1-TA-4_HGD-1,ckdceplh-1,Cluster 5,0,52.61
Q1-TA-4_HGD-1,ckdcempn-1,Cluster 5,0,24.25
Q1-TA-4_HGD-1,ckdcajdf-1,Cluster 5,0,27.68
Q1-TA-4_HGD-1,ckdbpkfm-1,Cluster 5,0,63.44
Q1-TA-4_HGD-1,ckdbjefm-1,Cluster 5,0,51.52
Q1-TA-4_HGD-1,ckdbglfh-1,Cluster 5,0,60.19
Q1-TA-4_HGD-1,ckehkkhc-1,Cluster 5,0,89.23
Q1-TA-4_HGD-1,ckekjnaa-1,Cluster 2,0,55.72
Q1-TA-4_HGD-1,ckekdnfk-1,Cluster 8,0,36.40
Q1-TA-4_HGD-1,ckdcpjnn-1,Cluster 5,0,51.75
Q1-TA-4_HGD-1,ckehmajk-1,Cluster 4,0,27.86
Q1-TA-4_HGD-1,ckehkmkn-1,Cluster 5,0,50.44
Q1-TA-4_HGD-1,ckeibjnn-1,Cluster 5,0,71.66
Q1-TA-4_HGD-1,ckcjfkge-1,Cluster 5,0,62.90
Q1-TA-4_HGD-1,ckcionie-1,Cluster 25,0,38.43
Q1-TA-4_HGD-1,ckcjoian-1,Cluster 25,0,35.09
Q1-TA-4_HGD-1,ckciodcg-1,Cluster 5,0,63.58
Q1-TA-4_HGD-1,ckcjcngd-1,Cluster 5,0,61.23
Q1-TA-4_HGD-1,ckeidjac-1,Cluster 5,0,53.28
Q1-TA-4_HGD-1,gjlkceak-1,Cluster 4,0,24.25
Q1-TA-4_HGD-1,gjlkmfpk-1,Cluster 5,0,77.58
Q1-TA-4_HGD-1,gjlkbpng-1,Cluster 5,0,70.17
Q1-TA-4_HGD-1,gjlkepmh-1,Cluster 5,0,76.22
Q1-TA-4_HGD-1,ckcoibgm-1,Cluster 5,0,149.96
Q1-TA-4_HGD-1,gjlkgogi-1,Cluster 5,0,55.32
Q1-TA-4_HGD-1,gjlkgkle-1,Cluster 5,0,71.30
Q1-TA-4_HGD-1,ckjlnihn-1,Cluster 5,0,240.01
Q1-TA-4_HGD-1,hjedcnpk-1,Cluster 6,0,91.40
Q1-TA-4_HGD-1,ckcocape-1,Cluster 5,0,42.00
Q1-TA-4_HGD-1,ckjloojo-1,Cluster 16,0,49.90
Q1-TA-4_HGD-1,ckcocblh-1,Cluster 5,0,101.33
Q1-TA-4_HGD-1,hjecjcip-1,Cluster 7,0,16.71
Q1-TA-4_HGD-1,hjecifom-1,Cluster 5,0,109.41
Q1-TA-4_HGD-1,hjecodfe-1,Cluster 6,0,87.20
Q1-TA-4_HGD-1,hjecefak-1,Cluster 8,0,28.40
Q1-TA-4_HGD-1,ckjldjbl-1,Cluster 5,0,57.80
Q1-TA-4_HGD-1,ckcoodce-1,Cluster 5,0,103.05
Q1-TA-4_HGD-1,ckcopjhf-1,Cluster 5,0,52.70
Q1-TA-4_HGD-1,ckcpcmli-1,Cluster 5,0,86.56
Q1-TA-4_HGD-1,ckjllcha-1,Cluster 5,0,70.53
Q1-TA-4_HGD-1,hjecmgik-1,Cluster 6,0,57.75
Q1-TA-4_HGD-1,hjecieoj-1,Cluster 5,0,34.05
Q1-TA-4_HGD-1,hjecfkal-1,Cluster 8,0,12.37
Q1-TA-4_HGD-1,hjecggod-1,Cluster 5,0,69.95
Q1-TA-4_HGD-1,hjedgben-1,Cluster 5,0,20.95
Q1-TA-4_HGD-1,hjecejpc-1,Cluster 5,0,170.69
Q1-TA-4_HGD-1,ckcoelmg-1,Cluster 8,0,156.29
Q1-TA-4_HGD-1,hjecmbin-1,Cluster 4,0,133.30
Q1-TA-4_HGD-1,hjedbohh-1,Cluster 5,0,137.86
Q1-TA-4_HGD-1,ckcogngo-1,Cluster 5,0,72.52
Q1-TA-4_HGD-1,hjecleoa-1,Cluster 5,0,46.29
Q1-TA-4_HGD-1,hjpjdomg-1,Cluster 15,0,54.59
Q1-TA-4_HGD-1,ckcoldai-1,Cluster 2,0,59.61
Q1-TA-4_HGD-1,ckcnmohm-1,Cluster 5,0,65.21
Q1-TA-4_HGD-1,ckdebmpf-1,Cluster 5,0,59.61
Q1-TA-4_HGD-1,ckdfaaic-1,Cluster 5,0,58.07
Q1-TA-4_HGD-1,ckdfeame-1,Cluster 2,0,28.45
Q1-TA-4_HGD-1,ckdfgfmi-1,Cluster 25,0,19.55
Q1-TA-4_HGD-1,ckjmbjgi-1,Cluster 5,0,108.96
Q1-TA-4_HGD-1,gjmaaahf-1,Cluster 5,0,14.63
Q1-TA-4_HGD-1,gjlphjeb-1,Cluster 25,0,31.02
Q1-TA-4_HGD-1,gjlppfmb-1,Cluster 5,0,50.98
Q1-TA-4_HGD-1,gjlpldmi-1,Cluster 5,0,29.94
Q1-TA-4_HGD-1,ckddhjcl-1,Cluster 5,0,46.10
Q1-TA-4_HGD-1,gjlpjjbc-1,Cluster 7,0,29.71
Q1-TA-4_HGD-1,ckdfdiik-1,Cluster 5,0,64.57
Q1-TA-4_HGD-1,ckddhhkb-1,Cluster 5,0,53.74
Q1-TA-4_HGD-1,ckdepphb-1,Cluster 5,0,110.68
Q1-TA-4_HGD-1,gjlomgma-1,Cluster 25,0,31.84
Q1-TA-4_HGD-1,ckdekgpf-1,Cluster 5,0,213.05
Q1-TA-4_HGD-1,ckddjcoc-1,Cluster 5,0,75.28
Q1-TA-4_HGD-1,ckdembok-1,Cluster 5,0,18.69
Q1-TA-4_HGD-1,ckdelonj-1,Cluster 5,0,98.44
Q1-TA-4_HGD-1,ckjmeafi-1,Cluster 5,0,162.52
Q1-TA-4_HGD-1,ckddnndl-1,Cluster 5,0,74.28
Q1-TA-4_HGD-1,ckddklfd-1,Cluster 5,0,169.11
Q1-TA-4_HGD-1,gjljnikl-1,Cluster 25,0,17.84
Q1-TA-4_HGD-1,gjlppdpm-1,Cluster 5,0,18.24
Q1-TA-4_HGD-1,ckddkfhh-1,Cluster 5,0,68.01
Q1-TA-4_HGD-1,gjljoago-1,Cluster 5,0,45.88
Q1-TA-4_HGD-1,ckjmdigp-1,Cluster 5,0,102.23
Q1-TA-4_HGD-1,gjmpjckb-1,Cluster 5,0,188.35
Q1-TA-4_HGD-1,gjlladjj-1,Cluster 5,0,113.52
Q1-TA-4_HGD-1,gjlkipbb-1,Cluster 5,0,129.42
Q1-TA-4_HGD-1,gjlkmpcf-1,Cluster 5,0,117.90
Q1-TA-4_HGD-1,gjlkobom-1,Cluster 5,0,31.97
Q1-TA-4_HGD-1,gjlkkdkm-1,Cluster 5,0,111.90
Q1-TA-4_HGD-1,gjlkjnbg-1,Cluster 5,0,57.39
Q1-TA-4_HGD-1,ckdifhni-1,Cluster 5,0,50.80
Q1-TA-4_HGD-1,ckdfkipl-1,Cluster 5,0,38.52
Q1-TA-4_HGD-1,ckdfgmmk-1,Cluster 5,0,24.43
Q1-TA-4_HGD-1,ckdhhmnp-1,Cluster 5,0,66.61
Q1-TA-4_HGD-1,ckdflhea-1,Cluster 4,0,19.91
Q1-TA-4_HGD-1,ckdhhnkk-1,Cluster 5,0,37.25
Q1-TA-4_HGD-1,ckdhcloi-1,Cluster 15,0,16.08
Q1-TA-4_HGD-1,ckdhhgba-1,Cluster 5,0,99.93
Q1-TA-4_HGD-1,ckdhogca-1,Cluster 5,0,37.93
Q1-TA-4_HGD-1,ckdgpgdi-1,Cluster 5,0,60.15
Q1-TA-4_HGD-1,ckdioogh-1,Cluster 5,0,79.25
Q1-TA-4_HGD-1,gjocnlio-1,Cluster 5,0,50.35
Q1-TA-4_HGD-1,ckdhfffn-1,Cluster 5,0,55.09
Q1-TA-4_HGD-1,ckdhgikh-1,Cluster 5,0,35.31
Q1-TA-4_HGD-1,ckdanlip-1,Cluster 5,0,25.69
Q1-TA-4_HGD-1,ckdapdpo-1,Cluster 5,0,52.83
Q1-TA-4_HGD-1,ckelhjji-1,Cluster 5,0,53.65
Q1-TA-4_HGD-1,ckdbcich-1,Cluster 5,0,34.36
Q1-TA-4_HGD-1,ckelkpfm-1,Cluster 5,0,25.20
Q1-TA-4_HGD-1,ckdajipb-1,Cluster 5,0,37.62
Q1-TA-4_HGD-1,ckdafpea-1,Cluster 5,0,25.24
Q1-TA-4_HGD-1,ckdafnbl-1,Cluster 2,0,54.41
Q1-TA-4_HGD-1,ckdaekep-1,Cluster 2,0,43.76
Q1-TA-4_HGD-1,ckekoihp-1,Cluster 4,0,44.98
Q1-TA-4_HGD-1,ckelhkcg-1,Cluster 5,0,30.25
Q1-TA-4_HGD-1,ckehcich-1,Cluster 12,0,85.44
Q1-TA-4_HGD-1,ckeldafe-1,Cluster 5,0,16.03
Q1-TA-4_HGD-1,ckcpcpgj-1,Cluster 5,0,62.72
Q1-TA-4_HGD-1,ckcpopog-1,Cluster 2,0,33.24
Q1-TA-4_HGD-1,ckcpnobf-1,Cluster 25,0,24.97
Q1-TA-4_HGD-1,ckdiodkh-1,Cluster 5,0,37.57
Q1-TA-4_HGD-1,ckcphlah-1,Cluster 5,0,57.62
Q1-TA-4_HGD-1,ckcpmake-1,Cluster 5,0,52.43
Q1-TA-4_HGD-1,gjlplgnc-1,Cluster 25,0,22.04
Q1-TA-4_HGD-1,ckeleodd-1,Cluster 5,0,28.49
Q1-TA-4_HGD-1,ckcpifbl-1,Cluster 5,0,46.92
Q1-TA-4_HGD-1,ckdaeajk-1,Cluster 5,0,38.74
Q1-TA-4_HGD-1,ckdgbalm-1,Cluster 5,0,22.62
Q1-TA-4_HGD-1,ckdlmgle-1,Cluster 5,0,49.76
Q1-TA-4_HGD-1,ckdmfpel-1,Cluster 8,0,278.07
Q1-TA-4_HGD-1,ofabmegb-1,Cluster 22,0,29.98
Q1-TA-4_HGD-1,ckdjalpm-1,Cluster 5,0,59.61
Q1-TA-4_HGD-1,ckdjbdef-1,Cluster 5,0,61.64
Q1-TA-4_HGD-1,ckdjedjn-1,Cluster 5,0,34.95
Q1-TA-4_HGD-1,ckdjbpnc-1,Cluster 5,0,60.69
Q1-TA-4_HGD-1,ckdjabkp-1,Cluster 5,0,16.98
Q1-TA-4_HGD-1,ckdnadpe-1,Cluster 5,0,17.25
Q1-TA-4_HGD-1,ckdlndgh-1,Cluster 5,0,19.15
Q1-TA-4_HGD-1,ckdlohhg-1,Cluster 5,0,24.07
Q1-TA-4_HGD-1,ckeaddki-1,Cluster 5,0,138.99
Q1-TA-4_HGD-1,ckdnaoai-1,Cluster 8,0,69.36
Q1-TA-4_HGD-1,ckdfhokg-1,Cluster 5,0,28.13
Q1-TA-4_HGD-1,ckdmmpbp-1,Cluster 5,0,29.89
Q1-TA-4_HGD-1,ckdmmikk-1,Cluster 5,0,79.70
Q1-TA-4_HGD-1,ckdmpkdj-1,Cluster 5,0,30.30
Q1-TA-4_HGD-1,ckeaedop-1,Cluster 5,0,89.00
Q1-TA-4_HGD-1,ckeglpge-1,Cluster 5,0,26.33
Q1-TA-4_HGD-1,ckdmkhae-1,Cluster 5,0,48.86
Q1-TA-4_HGD-1,ckdflhpf-1,Cluster 5,0,46.65
Q1-TA-4_HGD-1,ckdfnhhn-1,Cluster 5,0,61.64
Q1-TA-4_HGD-1,ckdmlofo-1,Cluster 5,0,64.53
Q1-TA-4_HGD-1,ofacaddc-1,Cluster 5,0,141.02
Q1-TA-4_HGD-1,ckdfgijh-1,Cluster 5,0,68.19
Q1-TA-4_HGD-1,ckdmjhol-1,Cluster 5,0,46.69
Q1-TA-4_HGD-1,ckdgoibb-1,Cluster 5,0,39.51
Q1-TA-4_HGD-1,ckdgigmi-1,Cluster 5,0,23.66
Q1-TA-4_HGD-1,ckdgflik-1,Cluster 25,0,31.56
Q1-TA-4_HGD-1,ckdjdnge-1,Cluster 5,0,35.18
Q1-TA-4_HGD-1,ckehcejo-1,Cluster 5,0,26.69
Q1-TA-4_HGD-1,ckdfhkhk-1,Cluster 5,0,33.37
Q1-TA-4_HGD-1,ckdgpnic-1,Cluster 5,0,31.02
Q1-TA-4_HGD-1,ckjnadjk-1,Cluster 5,0,17.34
Q1-TA-4_HGD-1,ckdkcddj-1,Cluster 5,0,42.00
Q1-TA-4_HGD-1,ckjmmcke-1,Cluster 5,0,24.29
Q1-TA-4_HGD-1,gjlibjjm-1,Cluster 5,0,9.48
Q1-TA-4_HGD-1,ckdkapmo-1,Cluster 5,0,66.20
Q1-TA-4_HGD-1,ckjmlhgf-1,Cluster 5,0,32.74
Q1-TA-4_HGD-1,ckdjemdp-1,Cluster 5,0,67.01
Q1-TA-4_HGD-1,ckdjnojm-1,Cluster 5,0,47.87
Q1-TA-4_HGD-1,gjliaafp-1,Cluster 5,0,48.99
Q1-TA-4_HGD-1,gjlhbabc-1,Cluster 5,0,52.34
Q1-TA-4_HGD-1,ckdhppde-1,Cluster 4,0,39.15
Q1-TA-4_HGD-1,gjodahfj-1,Cluster 5,0,53.56
Q1-TA-4_HGD-1,ckdhpije-1,Cluster 5,0,94.06
Q1-TA-4_HGD-1,ckdifdgm-1,Cluster 5,0,48.00
Q1-TA-4_HGD-1,gjlhnleb-1,Cluster 5,0,48.32
Q1-TA-4_HGD-1,gjlhcpjc-1,Cluster 5,0,42.31
Q1-TA-4_HGD-1,gjlhehjc-1,Cluster 5,0,54.14
Q1-TA-4_HGD-1,ckdioaaf-1,Cluster 5,0,62.36
Q1-TA-4_HGD-1,ckdiplio-1,Cluster 5,0,54.77
Q1-TA-4_HGD-1,gjlpmibb-1,Cluster 5,0,119.08
Q1-TA-4_HGD-1,gjlpfmof-1,Cluster 5,0,18.51
Q1-TA-4_HGD-1,ckdeocpj-1,Cluster 5,0,35.63
Q1-TA-4_HGD-1,gjlpgocl-1,Cluster 5,0,68.32
Q1-TA-4_HGD-1,gjlhgbmi-1,Cluster 5,0,93.29
Q1-TA-4_HGD-1,ckdiooga-1,Cluster 4,0,25.60
Q1-TA-4_HGD-1,ckjlboom-1,Cluster 5,0,51.43
Q1-TA-4_HGD-1,gjlhbglm-1,Cluster 5,0,18.20
Q1-TA-4_HGD-1,ckdiijia-1,Cluster 5,0,52.65
Q1-TA-4_HGD-1,gjlpekla-1,Cluster 5,0,31.79
Q1-TA-4_HGD-1,ckdinlhl-1,Cluster 5,0,37.30
Q1-TA-4_HGD-1,gjlphool-1,Cluster 5,0,29.04
Q1-TA-4_HGD-1,ckdiojeb-1,Cluster 5,0,69.22
Q1-TA-4_HGD-1,gjlpggij-1,Cluster 5,0,36.03
Q1-TA-4_HGD-1,ckjlamih-1,Cluster 5,0,73.20
Q1-TA-4_HGD-1,gjodapol-1,Cluster 5,0,46.01
Q1-TA-4_HGD-1,ckjobcda-1,Cluster 25,0,18.29
Q1-TA-4_HGD-1,ckjnpakb-1,Cluster 25,0,25.42
Q1-TA-4_HGD-1,ckdmennn-1,Cluster 5,0,72.07
Q1-TA-4_HGD-1,ckdlhhda-1,Cluster 5,0,40.37
Q1-TA-4_HGD-1,ckjnnjih-1,Cluster 5,0,59.56
Q1-TA-4_HGD-1,ckjmjicc-1,Cluster 5,0,28.63
Q1-TA-4_HGD-1,ckdlbjbi-1,Cluster 5,0,22.35
Q1-TA-4_HGD-1,ckjomade-1,Cluster 5,0,64.35
Q1-TA-4_HGD-1,ckdljkpj-1,Cluster 5,0,35.40
Q1-TA-4_HGD-1,gjmcemfn-1,Cluster 5,0,25.29
Q1-TA-4_HGD-1,ckdlclmh-1,Cluster 25,0,27.00
Q1-TA-4_HGD-1,ckdnglej-1,Cluster 5,0,52.43
Q1-TA-4_HGD-1,ckdkicjd-1,Cluster 2,0,53.87
Q1-TA-4_HGD-1,ckdnbdin-1,Cluster 5,0,37.43
Q1-TA-4_HGD-1,ckdlgmbi-1,Cluster 5,0,79.11
Q1-TA-4_HGD-1,ckdnbjhp-1,Cluster 5,0,29.40
Q1-TA-4_HGD-1,ckjogjbi-1,Cluster 5,0,25.74
Q1-TA-4_HGD-1,ckjopoho-1,Cluster 4,0,20.23
Q1-TA-4_HGD-1,ckdnhboi-1,Cluster 5,0,50.39
Q1-TA-4_HGD-1,ckdmgpil-1,Cluster 2,0,38.02
Q1-TA-4_HGD-1,ckdmhpij-1,Cluster 5,0,185.50
Q1-TA-4_HGD-1,ckjoolap-1,Cluster 5,0,63.04
Q1-TA-4_HGD-1,ckdmekpm-1,Cluster 25,0,20.32
Q1-TA-4_HGD-1,ckjpehca-1,Cluster 5,0,59.70
Q1-TA-4_HGD-1,ckjockbk-1,Cluster 4,0,27.91
Q1-TA-4_HGD-1,ckjocebl-1,Cluster 5,0,26.82
Q1-TA-4_HGD-1,ckjmklfn-1,Cluster 2,0,36.62
Q1-TA-4_HGD-1,ckdlfieh-1,Cluster 5,0,57.35
Q1-TA-4_HGD-1,ckjmoloe-1,Cluster 2,0,31.11
Q1-TA-4_HGD-1,ckdjjjal-1,Cluster 5,0,41.45
Q1-TA-4_HGD-1,ckjnfdeb-1,Cluster 5,0,27.32
Q1-TA-4_HGD-1,ckdlmmdn-1,Cluster 5,0,23.21
Q1-TA-4_HGD-1,ckdkcmkj-1,Cluster 5,0,42.58
Q1-TA-4_HGD-1,ckjnbfbp-1,Cluster 5,0,31.74
Q1-TA-4_HGD-1,ckilkafd-1,Cluster 5,0,77.31
Q1-TA-4_HGD-1,hjebohmh-1,Cluster 25,0,32.33
Q1-TA-4_HGD-1,ckjlpcjp-1,Cluster 8,0,45.70
Q1-TA-4_HGD-1,ofhkccbn-1,Cluster 5,0,135.11
Q1-TA-4_HGD-1,ckiimfnj-1,Cluster 5,0,65.66
Q1-TA-4_HGD-1,ofhkikmi-1,Cluster 7,0,69.31
Q1-TA-4_HGD-1,ofhkiceh-1,Cluster 1,0,23.62
Q1-TA-4_HGD-1,ofhkfkpc-1,Cluster 14,0,20.82
Q1-TA-4_HGD-1,ofhkdcjk-1,Cluster 14,0,12.37
Q1-TA-4_HGD-1,ckijendb-1,Cluster 5,0,42.45
Q1-TA-4_HGD-1,ckiindlg-1,Cluster 5,0,27.23
Q1-TA-4_HGD-1,hjedmddk-1,Cluster 5,0,97.85
Q1-TA-4_HGD-1,hjeeadak-1,Cluster 7,0,9.98
Q1-TA-4_HGD-1,hjedllen-1,Cluster 5,0,82.73
Q1-TA-4_HGD-1,ckijagda-1,Cluster 5,0,76.95
Q1-TA-4_HGD-1,ckijakkc-1,Cluster 5,0,80.47
Q1-TA-4_HGD-1,hjecklfj-1,Cluster 5,0,95.51
Q1-TA-4_HGD-1,ckijcdfd-1,Cluster 5,0,160.89
Q1-TA-4_HGD-1,ckjlfnpi-1,Cluster 25,0,48.32
Q1-TA-4_HGD-1,ofhkiobj-1,Cluster 14,0,16.30
Q1-TA-4_HGD-1,ckigjgjh-1,Cluster 5,0,124.86
Q1-TA-4_HGD-1,ofhkjnbk-1,Cluster 14,0,11.06
Q1-TA-4_HGD-1,ckidbdmn-1,Cluster 5,0,45.25
Q1-TA-4_HGD-1,ofhkknmc-1,Cluster 22,0,15.40
Q1-TA-4_HGD-1,ofhkkkbj-1,Cluster 14,0,46.19
Q1-TA-4_HGD-1,ckidcfkn-1,Cluster 5,0,91.44
Q1-TA-4_HGD-1,ckifmmlm-1,Cluster 5,0,86.43
Q1-TA-4_HGD-1,ckigmgkb-1,Cluster 5,0,122.73
Q1-TA-4_HGD-1,ckigaine-1,Cluster 5,0,157.10
Q1-TA-4_HGD-1,ckignnjj-1,Cluster 25,0,42.54
Q1-TA-4_HGD-1,ckidgipe-1,Cluster 5,0,84.17
Q1-TA-4_HGD-1,hjednncn-1,Cluster 2,0,10.25
Q1-TA-4_HGD-1,hjedlbhp-1,Cluster 5,0,51.93
Q1-TA-4_HGD-1,ckiggomh-1,Cluster 5,0,89.05
Q1-TA-4_HGD-1,ckidhecj-1,Cluster 5,0,115.83
Q1-TA-4_HGD-1,ckidcgbf-1,Cluster 25,0,28.31
Q1-TA-4_HGD-1,hjedjdmb-1,Cluster 5,0,43.49
Q1-TA-4_HGD-1,ckjljfhe-1,Cluster 2,0,65.75
Q1-TA-4_HGD-1,ckijfmli-1,Cluster 5,0,98.76
Q1-TA-4_HGD-1,gjljjopl-1,Cluster 5,0,202.48
Q1-TA-4_HGD-1,gjmabcgb-1,Cluster 5,0,121.02
Q1-TA-4_HGD-1,gjlmngca-1,Cluster 22,0,12.82
Q1-TA-4_HGD-1,ckijgeaf-1,Cluster 25,0,37.98
Q1-TA-4_HGD-1,ckijgdgo-1,Cluster 5,0,103.95
Q1-TA-4_HGD-1,gjloeofb-1,Cluster 5,0,252.24
Q1-TA-4_HGD-1,gjlpbbbc-1,Cluster 5,0,129.19
Q1-TA-4_HGD-1,gjlofnfl-1,Cluster 5,0,16.03
Q1-TA-4_HGD-1,gjloloej-1,Cluster 5,0,92.62
Q1-TA-4_HGD-1,gjlnhecg-1,Cluster 6,0,47.69
Q1-TA-4_HGD-1,gjlmmcgo-1,Cluster 14,0,7.27
Q1-TA-4_HGD-1,gjljmjcb-1,Cluster 5,0,58.21
Q1-TA-4_HGD-1,gjlkbnka-1,Cluster 5,0,83.90
Q1-TA-4_HGD-1,gjlkafig-1,Cluster 4,0,58.25
Q1-TA-4_HGD-1,gjlkahhf-1,Cluster 5,0,143.46
Q1-TA-4_HGD-1,gjlndefb-1,Cluster 8,0,132.85
Q1-TA-4_HGD-1,gjlnhcca-1,Cluster 14,0,13.28
Q1-TA-4_HGD-1,ofaadhjn-1,Cluster 7,0,97.45
Q1-TA-4_HGD-1,gjmaakhf-1,Cluster 25,0,37.07
Q1-TA-4_HGD-1,ofaaghja-1,Cluster 14,0,29.80
Q1-TA-4_HGD-1,gjlmklep-1,Cluster 14,0,10.93
Q1-TA-4_HGD-1,gjlndegh-1,Cluster 1,0,26.78
Q1-TA-4_HGD-1,gjlnjdmf-1,Cluster 22,0,8.26
Q1-TA-4_HGD-1,gjlocphm-1,Cluster 14,0,18.42
Q1-TA-4_HGD-1,ofabemjk-1,Cluster 14,0,17.16
Q1-TA-4_HGD-1,gjlobjkl-1,Cluster 14,0,16.71
Q1-TA-4_HGD-1,ofabbean-1,Cluster 14,0,27.55
Q1-TA-4_HGD-1,gjlnofjp-1,Cluster 22,0,13.59
Q1-TA-4_HGD-1,gjlmobjb-1,Cluster 14,0,8.35
Q1-TA-4_HGD-1,gjlkgppb-1,Cluster 5,0,147.16
Q1-TA-4_HGD-1,ofaaohah-1,Cluster 14,0,13.14
Q1-TA-4_HGD-1,gjlnlgfl-1,Cluster 14,0,19.33
Q1-TA-4_HGD-1,ofaapmem-1,Cluster 22,0,39.15
Q1-TA-4_HGD-1,hjeamoeh-1,Cluster 5,0,28.40
Q1-TA-4_HGD-1,hjeabhmj-1,Cluster 7,0,47.96
Q1-TA-4_HGD-1,hjealecp-1,Cluster 14,0,13.82
Q1-TA-4_HGD-1,hjeakopm-1,Cluster 7,0,24.20
Q1-TA-4_HGD-1,ckidhhnb-1,Cluster 5,0,111.81
Q1-TA-4_HGD-1,hjeacnce-1,Cluster 5,0,32.42
Q1-TA-4_HGD-1,hjecdblg-1,Cluster 16,0,32.78
Q1-TA-4_HGD-1,hjeblgpc-1,Cluster 5,0,52.25
Q1-TA-4_HGD-1,hjeafnke-1,Cluster 7,0,26.82
Q1-TA-4_HGD-1,hjeamgmc-1,Cluster 16,0,30.16
Q1-TA-4_HGD-1,hjeagkbf-1,Cluster 22,0,31.34
Q1-TA-4_HGD-1,ckidonpl-1,Cluster 5,0,50.53
Q1-TA-4_HGD-1,hjebbmkp-1,Cluster 7,0,21.58
Q1-TA-4_HGD-1,hjeaglio-1,Cluster 5,0,64.30
Q1-TA-4_HGD-1,ckidomgm-1,Cluster 5,0,88.91
Q1-TA-4_HGD-1,ckieanha-1,Cluster 5,0,64.17
Q1-TA-4_HGD-1,hjebghph-1,Cluster 5,0,73.24
Q1-TA-4_HGD-1,hjeaande-1,Cluster 16,0,20.95
Q1-TA-4_HGD-1,ckijpied-1,Cluster 6,0,86.65
Q1-TA-4_HGD-1,hjeahdfc-1,Cluster 7,0,27.09
Q1-TA-4_HGD-1,ckigcjak-1,Cluster 5,0,85.57
Q1-TA-4_HGD-1,hjebopkc-1,Cluster 1,0,8.26
Q1-TA-4_HGD-1,ckigenec-1,Cluster 5,0,78.75
Q1-TA-4_HGD-1,ckiknmgi-1,Cluster 5,0,105.62
Q1-TA-4_HGD-1,ckilbjfm-1,Cluster 5,0,124.22
Q1-TA-4_HGD-1,ckidkabd-1,Cluster 5,0,129.24
Q1-TA-4_HGD-1,hjdpopib-1,Cluster 5,0,39.02
Q1-TA-4_HGD-1,hjebgmhg-1,Cluster 25,0,26.64
Q1-TA-4_HGD-1,ckiknkhg-1,Cluster 5,0,87.51
Q1-TA-4_HGD-1,hjecambe-1,Cluster 4,0,24.75
Q1-TA-4_HGD-1,hjedpdoi-1,Cluster 4,0,42.81
Q1-TA-4_HGD-1,ckigdbmf-1,Cluster 5,0,92.12
Q1-TA-4_HGD-1,ckilcchl-1,Cluster 5,0,117.90
Q1-TA-4_HGD-1,hjdplcdk-1,Cluster 5,0,33.73
Q1-TA-4_HGD-1,ckidjacg-1,Cluster 5,0,116.37
Q1-TA-4_HGD-1,gjmaehhp-1,Cluster 25,0,18.02
Q1-TA-4_HGD-1,ckilmnbm-1,Cluster 4,0,114.61
Q1-TA-4_HGD-1,gjmadacc-1,Cluster 5,0,252.15
Q1-TA-4_HGD-1,ckiiimpp-1,Cluster 5,0,136.42
Q1-TA-4_HGD-1,ckijineg-1,Cluster 5,0,109.87
Q1-TA-4_HGD-1,ckillhfp-1,Cluster 4,0,93.74
Q1-TA-4_HGD-1,gjlmcdgm-1,Cluster 5,0,198.06
Q1-TA-4_HGD-1,ckilodhc-1,Cluster 5,0,190.65
Q1-TA-4_HGD-1,ckilomge-1,Cluster 4,0,103.00
Q1-TA-4_HGD-1,ckilipga-1,Cluster 5,0,103.95
Q1-TA-4_HGD-1,ckijmdmc-1,Cluster 5,0,42.81
Q1-TA-4_HGD-1,ckijjelg-1,Cluster 5,0,145.95
Q1-TA-4_HGD-1,ckilmlkp-1,Cluster 5,0,92.16
Q1-TA-4_HGD-1,ckiilfob-1,Cluster 5,0,72.16
Q1-TA-4_HGD-1,gjlmhjcc-1,Cluster 4,0,42.22
Q1-TA-4_HGD-1,ckiijepb-1,Cluster 5,0,168.93
Q1-TA-4_HGD-1,gjlmaplj-1,Cluster 5,0,112.66
Q1-TA-4_HGD-1,ofaakjbi-1,Cluster 22,0,41.86
Q1-TA-4_HGD-1,gjllmkjm-1,Cluster 5,0,37.98
Q1-TA-4_HGD-1,ckijnfie-1,Cluster 25,0,44.52
Q1-TA-4_HGD-1,gjlnacec-1,Cluster 14,0,75.00
Q1-TA-4_HGD-1,ckijpica-1,Cluster 5,0,62.18
Q1-TA-4_HGD-1,ofaajpke-1,Cluster 14,0,9.66
Q1-TA-4_HGD-1,ofaamoaa-1,Cluster 14,0,68.59
Q1-TA-4_HGD-1,gjlmkdgm-1,Cluster 8,0,80.56
Q1-TA-4_HGD-1,gjllncne-1,Cluster 5,0,113.52
Q1-TA-4_HGD-1,gjlmehek-1,Cluster 5,0,51.84
Q1-TA-4_HGD-1,gjllkoef-1,Cluster 4,0,69.45
Q1-TA-4_HGD-1,gjllheml-1,Cluster 5,0,48.18
Q1-TA-4_HGD-1,gjllpdhe-1,Cluster 5,0,150.51
Q1-TA-4_HGD-1,gjllmmjo-1,Cluster 4,0,129.28
Q1-TA-4_HGD-1,gjllciah-1,Cluster 5,0,56.45
Q1-TA-4_HGD-1,gjlmkgcg-1,Cluster 14,0,40.32
Q1-TA-4_HGD-1,hjedhkge-1,Cluster 14,0,85.30
Q1-TA-4_HGD-1,gkmnbjlm-1,Cluster 22,0,10.61
Q1-TA-4_HGD-1,gjlfhnha-1,Cluster 5,0,40.23
Q1-TA-4_HGD-1,ckimaedk-1,Cluster 5,0,40.51
Q1-TA-4_HGD-1,gjlfhegi-1,Cluster 5,0,18.24
Q1-TA-4_HGD-1,ckilplgp-1,Cluster 5,0,58.93
Q1-TA-4_HGD-1,gjlgknmp-1,Cluster 5,0,66.47
Q1-TA-4_HGD-1,ckimallb-1,Cluster 5,0,43.17
Q1-TA-4_HGD-1,gjlfonop-1,Cluster 5,0,54.01
Q1-TA-4_HGD-1,gjlglljc-1,Cluster 5,0,53.60
Q1-TA-4_HGD-1,gjlgcdbh-1,Cluster 5,0,29.40
Q1-TA-4_HGD-1,gjlgggbc-1,Cluster 5,0,48.50
Q1-TA-4_HGD-1,ckindnkc-1,Cluster 5,0,166.18
Q1-TA-4_HGD-1,ckinofdm-1,Cluster 25,0,54.86
Q1-TA-4_HGD-1,ckinceah-1,Cluster 5,0,151.54
Q1-TA-4_HGD-1,gjlgjiad-1,Cluster 5,0,43.08
Q1-TA-4_HGD-1,gjlhamdo-1,Cluster 25,0,28.58
Q1-TA-4_HGD-1,ckimkogg-1,Cluster 5,0,156.56
Q1-TA-4_HGD-1,gjlhboab-1,Cluster 6,0,113.57
Q1-TA-4_HGD-1,gjlhihhi-1,Cluster 25,0,71.26
Q1-TA-4_HGD-1,gjlgfgnm-1,Cluster 5,0,55.36
Q1-TA-4_HGD-1,ckinehcj-1,Cluster 5,0,197.74
Q1-TA-4_HGD-1,gjlgmige-1,Cluster 5,0,31.25
Q1-TA-4_HGD-1,ckinhnco-1,Cluster 5,0,35.00
Q1-TA-4_HGD-1,ckinilfb-1,Cluster 5,0,221.18
Q1-TA-4_HGD-1,ckjmmalo-1,Cluster 5,0,33.37
Q1-TA-4_HGD-1,ckjlajec-1,Cluster 25,0,54.05
Q1-TA-4_HGD-1,gjlondap-1,Cluster 25,0,29.80
Q1-TA-4_HGD-1,gjlpblgp-1,Cluster 5,0,83.27
Q1-TA-4_HGD-1,ckimoehh-1,Cluster 5,0,174.30
Q1-TA-4_HGD-1,ckinbghh-1,Cluster 5,0,164.46
Q1-TA-4_HGD-1,gjlojkkf-1,Cluster 2,0,87.15
Q1-TA-4_HGD-1,ckindemh-1,Cluster 5,0,119.80
Q1-TA-4_HGD-1,ckinbnke-1,Cluster 5,0,269.22
Q1-TA-4_HGD-1,gjloolfk-1,Cluster 5,0,81.96
Q1-TA-4_HGD-1,gjlogean-1,Cluster 5,0,224.43
Q1-TA-4_HGD-1,gjlpokie-1,Cluster 25,0,38.88
Q1-TA-4_HGD-1,ckhpcgle-1,Cluster 15,0,23.71
Q1-TA-4_HGD-1,gjmhibmh-1,Cluster 6,0,25.11
Q1-TA-4_HGD-1,gjmhjlhg-1,Cluster 5,0,9.57
Q1-TA-4_HGD-1,gjmgfnlb-1,Cluster 25,0,25.33
Q1-TA-4_HGD-1,gjmcghap-1,Cluster 25,0,35.04
Q1-TA-4_HGD-1,gjmgpdgn-1,Cluster 6,0,72.30
Q1-TA-4_HGD-1,gjmhhkng-1,Cluster 6,0,101.20
Q1-TA-4_HGD-1,gjmckhch-1,Cluster 5,0,29.44
Q1-TA-4_HGD-1,gjmhfgak-1,Cluster 5,0,68.37
Q1-TA-4_HGD-1,gjmhdmhe-1,Cluster 5,0,55.95
Q1-TA-4_HGD-1,gjmdcfij-1,Cluster 25,0,12.51
Q1-TA-4_HGD-1,gjmgpnnm-1,Cluster 25,0,20.28
Q1-TA-4_HGD-1,ckhoeomm-1,Cluster 26,0,30.62
Q1-TA-4_HGD-1,ckhoboci-1,Cluster 5,0,39.87
Q1-TA-4_HGD-1,gkmnlaen-1,Cluster 5,0,57.89
Q1-TA-4_HGD-1,gjmhapob-1,Cluster 5,0,45.97
Q1-TA-4_HGD-1,ckjplacl-1,Cluster 16,0,54.91
Q1-TA-4_HGD-1,ckhodhjf-1,Cluster 5,0,42.67
Q1-TA-4_HGD-1,ckhobbpn-1,Cluster 5,0,40.55
Q1-TA-4_HGD-1,ckjplhae-1,Cluster 2,0,28.18
Q1-TA-4_HGD-1,ckhopkaj-1,Cluster 4,0,35.45
Q1-TA-4_HGD-1,gjmhiloc-1,Cluster 19,0,52.02
Q1-TA-4_HGD-1,gjmfofmc-1,Cluster 25,0,63.49
Q1-TA-4_HGD-1,gjmgfpoo-1,Cluster 5,0,57.35
Q1-TA-4_HGD-1,gjmhahmd-1,Cluster 5,0,56.99
Q1-TA-4_HGD-1,gjmfgioe-1,Cluster 20,0,83.81
Q1-TA-4_HGD-1,gjmgeifo-1,Cluster 5,0,49.81
Q1-TA-4_HGD-1,ckimhake-1,Cluster 5,0,33.14
Q1-TA-4_HGD-1,ckjmhhdn-1,Cluster 2,0,35.18
Q1-TA-4_HGD-1,gjmgfogi-1,Cluster 25,0,15.17
Q1-TA-4_HGD-1,gjmflmcc-1,Cluster 6,0,21.18
Q1-TA-4_HGD-1,gjmfhnaa-1,Cluster 6,0,29.89
Q1-TA-4_HGD-1,gjmfhfkg-1,Cluster 16,0,49.90
Q1-TA-4_HGD-1,gjlfkbln-1,Cluster 5,0,92.16
Q1-TA-4_HGD-1,gjmepkmk-1,Cluster 9,0,8.13
Q1-TA-4_HGD-1,gjmepblc-1,Cluster 1,0,26.01
Q1-TA-4_HGD-1,gjmegbpb-1,Cluster 5,0,81.46
Q1-TA-4_HGD-1,gjlimcep-1,Cluster 25,0,32.78
Q1-TA-4_HGD-1,ckihndfl-1,Cluster 5,0,110.41
Q1-TA-4_HGD-1,ckiofcpg-1,Cluster 5,0,104.90
Q1-TA-4_HGD-1,gjlihkeb-1,Cluster 1,0,9.89
Q1-TA-4_HGD-1,gjligleh-1,Cluster 8,0,49.94
Q1-TA-4_HGD-1,ckihnehc-1,Cluster 2,0,103.63
Q1-TA-4_HGD-1,ckilicla-1,Cluster 5,0,61.05
Q1-TA-4_HGD-1,gjlieeig-1,Cluster 5,0,46.19
Q1-TA-4_HGD-1,gjljhbgk-1,Cluster 5,0,18.06
Q1-TA-4_HGD-1,gjljgdkk-1,Cluster 5,0,77.26
Q1-TA-4_HGD-1,ckimknmh-1,Cluster 5,0,60.19
Q1-TA-4_HGD-1,ckimkihm-1,Cluster 5,0,89.18
Q1-TA-4_HGD-1,ckiicffj-1,Cluster 5,0,41.50
Q1-TA-4_HGD-1,ckiodild-1,Cluster 25,0,43.80
Q1-TA-4_HGD-1,ckiobllb-1,Cluster 5,0,58.97
Q1-TA-4_HGD-1,ckinpemk-1,Cluster 5,0,98.35
Q1-TA-4_HGD-1,gjmekofg-1,Cluster 6,0,36.31
Q1-TA-4_HGD-1,gjlicnoi-1,Cluster 5,0,23.66
Q1-TA-4_HGD-1,ckiigogi-1,Cluster 5,0,39.15
Q1-TA-4_HGD-1,gjljgbhg-1,Cluster 5,0,28.27
Q1-TA-4_HGD-1,gjlidfhp-1,Cluster 5,0,18.60
Q1-TA-4_HGD-1,gjlielpm-1,Cluster 5,0,95.23
Q1-TA-4_HGD-1,gjlidhdg-1,Cluster 5,0,96.00
Q1-TA-4_HGD-1,gjljejnl-1,Cluster 5,0,60.46
Q1-TA-4_HGD-1,gjlimngk-1,Cluster 5,0,88.60
Q1-TA-4_HGD-1,gjlicpbp-1,Cluster 5,0,71.89
Q1-TA-4_HGD-1,ckimkllj-1,Cluster 5,0,40.96
Q1-TA-4_HGD-1,gjljbfje-1,Cluster 5,0,77.40
Q1-TA-4_HGD-1,gjljhnpg-1,Cluster 6,0,41.05
Q1-TA-4_HGD-1,ckihooeo-1,Cluster 5,0,103.90
Q1-TA-4_HGD-1,gjlildmn-1,Cluster 5,0,27.73
Q1-TA-4_HGD-1,ckilphij-1,Cluster 6,0,51.66
Q1-TA-4_HGD-1,gjmdeioo-1,Cluster 5,0,81.55
Q1-TA-4_HGD-1,ckibflge-1,Cluster 8,0,73.29
Q1-TA-4_HGD-1,gjmdgoil-1,Cluster 5,0,32.20
Q1-TA-4_HGD-1,ckiaipli-1,Cluster 5,0,67.24
Q1-TA-4_HGD-1,gjmgkkmd-1,Cluster 19,0,60.42
Q1-TA-4_HGD-1,gjmekncb-1,Cluster 5,0,33.51
Q1-TA-4_HGD-1,gjmfgpki-1,Cluster 20,0,55.90
Q1-TA-4_HGD-1,gjmekeld-1,Cluster 8,0,11.88
Q1-TA-4_HGD-1,gjmekaed-1,Cluster 5,0,56.22
Q1-TA-4_HGD-1,gjmdpkck-1,Cluster 5,0,42.40
Q1-TA-4_HGD-1,ckihgcpe-1,Cluster 25,0,26.78
Q1-TA-4_HGD-1,gjmhneij-1,Cluster 7,0,23.89
Q1-TA-4_HGD-1,gjmhnilh-1,Cluster 8,0,33.33
Q1-TA-4_HGD-1,gjmencjd-1,Cluster 19,0,49.31
Q1-TA-4_HGD-1,gjmdpfmk-1,Cluster 8,0,34.54
Q1-TA-4_HGD-1,ckicdjlf-1,Cluster 5,0,28.99
Q1-TA-4_HGD-1,ckiahmap-1,Cluster 8,0,61.37
Q1-TA-4_HGD-1,gjmdhckk-1,Cluster 25,0,23.57
Q1-TA-4_HGD-1,gjmeopjn-1,Cluster 8,0,47.23
Q1-TA-4_HGD-1,gjmedadn-1,Cluster 5,0,56.17
Q1-TA-4_HGD-1,gjmdiipj-1,Cluster 5,0,50.85
Q1-TA-4_HGD-1,gjmhnanl-1,Cluster 14,0,18.92
Q1-TA-4_HGD-1,gjmghnib-1,Cluster 5,0,51.48
Q1-TA-4_HGD-1,gjmffgkk-1,Cluster 6,0,85.80
Q1-TA-4_HGD-1,gjmdojdi-1,Cluster 6,0,21.54
Q1-TA-4_HGD-1,gjmdnfik-1,Cluster 9,0,9.80
Q1-TA-4_HGD-1,gjmgjanm-1,Cluster 19,0,35.27
Q1-TA-4_HGD-1,gjmdjdij-1,Cluster 25,0,37.03
Q1-TA-4_HGD-1,gjmfegki-1,Cluster 1,0,15.71
Q1-TA-4_HGD-1,gjmebhjm-1,Cluster 25,0,19.82
Q1-TA-4_HGD-1,gjmfdghc-1,Cluster 19,0,38.52
Q1-TA-4_HGD-1,gjmdmolk-1,Cluster 9,0,15.26
Q1-TA-4_HGD-1,gjmefbgi-1,Cluster 5,0,47.91
Q1-TA-4_HGD-1,gjmdfipg-1,Cluster 5,0,16.57
Q1-TA-4_HGD-1,ckdkjgjd-1,Cluster 5,0,157.01
Q1-TA-4_HGD-1,gjodngln-1,Cluster 6,0,45.29
Q1-TA-4_HGD-1,ckcaccff-1,Cluster 5,0,68.68
Q1-TA-4_HGD-1,gjogmjea-1,Cluster 5,0,28.31
Q1-TA-4_HGD-1,ckbongjc-1,Cluster 5,0,83.04
Q1-TA-4_HGD-1,gjoghcol-1,Cluster 5,0,85.66
Q1-TA-4_HGD-1,ckbokjcj-1,Cluster 5,0,31.43
Q1-TA-4_HGD-1,gjocjjnn-1,Cluster 5,0,30.89
Q1-TA-4_HGD-1,ckbomnbb-1,Cluster 5,0,56.22
Q1-TA-4_HGD-1,ckdnjdmm-1,Cluster 5,0,120.66
Q1-TA-4_HGD-1,ckflkldo-1,Cluster 5,0,78.53
Q1-TA-4_HGD-1,gjojkand-1,Cluster 5,0,136.73
Q1-TA-4_HGD-1,ckbokkeb-1,Cluster 5,0,24.11
Q1-TA-4_HGD-1,ckdnmlep-1,Cluster 5,0,60.15
Q1-TA-4_HGD-1,ckdkcpde-1,Cluster 5,0,122.01
Q1-TA-4_HGD-1,gjohidjf-1,Cluster 26,0,44.89
Q1-TA-4_HGD-1,gjojanbh-1,Cluster 5,0,101.60
Q1-TA-4_HGD-1,gjojkecb-1,Cluster 5,0,114.34
Q1-TA-4_HGD-1,ckdobcnh-1,Cluster 5,0,51.52
Q1-TA-4_HGD-1,gjoiajec-1,Cluster 5,0,43.62
Q1-TA-4_HGD-1,ckflkfdn-1,Cluster 5,0,171.46
Q1-TA-4_HGD-1,ckdkdhln-1,Cluster 5,0,114.34
Q1-TA-4_HGD-1,ckflgdeb-1,Cluster 25,0,42.85
Q1-TA-4_HGD-1,gjocjhcm-1,Cluster 25,0,43.08
Q1-TA-4_HGD-1,ckdnoidd-1,Cluster 5,0,55.72
Q1-TA-4_HGD-1,ckbolbmp-1,Cluster 5,0,41.59
Q1-TA-4_HGD-1,ckdkdfmg-1,Cluster 5,0,80.69
Q1-TA-4_HGD-1,ckdkdjcc-1,Cluster 5,0,86.56
Q1-TA-4_HGD-1,ckflcjgm-1,Cluster 5,0,86.25
Q1-TA-4_HGD-1,ckboobbc-1,Cluster 5,0,58.79
Q1-TA-4_HGD-1,gjoclkin-1,Cluster 5,0,148.61
Q1-TA-4_HGD-1,ckdkjkdf-1,Cluster 5,0,63.53
Q1-TA-4_HGD-1,ckdkehgo-1,Cluster 5,0,161.66
Q1-TA-4_HGD-1,ckdkgjja-1,Cluster 5,0,198.01
Q1-TA-4_HGD-1,ckdkgegb-1,Cluster 5,0,76.54
Q1-TA-4_HGD-1,ckdmbelm-1,Cluster 5,0,83.81
Q1-TA-4_HGD-1,gjoimmkp-1,Cluster 5,0,113.34
Q1-TA-4_HGD-1,gjodkhoo-1,Cluster 6,0,31.02
Q1-TA-4_HGD-1,gjodfeki-1,Cluster 15,0,44.25
Q1-TA-4_HGD-1,gjogpjgi-1,Cluster 3,0,87.96
Q1-TA-4_HGD-1,gjohbeab-1,Cluster 6,0,58.70
Q1-TA-4_HGD-1,gjogfiom-1,Cluster 6,0,24.52
Q1-TA-4_HGD-1,gjofglih-1,Cluster 5,0,58.12
Q1-TA-4_HGD-1,gjoenaek-1,Cluster 6,0,29.58
Q1-TA-4_HGD-1,gjofnjeb-1,Cluster 16,0,49.18
Q1-TA-4_HGD-1,gjoepmln-1,Cluster 25,0,70.53
Q1-TA-4_HGD-1,gjohbebg-1,Cluster 5,0,92.66
Q1-TA-4_HGD-1,gjoffnaf-1,Cluster 5,0,36.53
Q1-TA-4_HGD-1,gjogbkkd-1,Cluster 1,0,13.46
Q1-TA-4_HGD-1,gjofgbob-1,Cluster 25,0,23.89
Q1-TA-4_HGD-1,gjoenoip-1,Cluster 6,0,52.92
Q1-TA-4_HGD-1,gjofehne-1,Cluster 25,0,14.36
Q1-TA-4_HGD-1,gjoflfdd-1,Cluster 5,0,163.87
Q1-TA-4_HGD-1,ckcadgke-1,Cluster 5,0,102.60
Q1-TA-4_HGD-1,gjoepndc-1,Cluster 5,0,36.53
Q1-TA-4_HGD-1,ckkapiol-1,Cluster 5,0,20.55
Q1-TA-4_HGD-1,ckjpgkdh-1,Cluster 5,0,79.25
Q1-TA-4_HGD-1,ckkakhek-1,Cluster 5,0,18.24
Q1-TA-4_HGD-1,ckjpjoaj-1,Cluster 5,0,165.32
Q1-TA-4_HGD-1,ckkbdogc-1,Cluster 5,0,28.90
Q1-TA-4_HGD-1,ckjkkgff-1,Cluster 5,0,20.91
Q1-TA-4_HGD-1,ckkbfgib-1,Cluster 5,0,15.35
Q1-TA-4_HGD-1,ckjkndbd-1,Cluster 5,0,35.85
Q1-TA-4_HGD-1,ckjpjmee-1,Cluster 5,0,72.61
Q1-TA-4_HGD-1,ckjkomol-1,Cluster 5,0,19.78
Q1-TA-4_HGD-1,ckkakina-1,Cluster 4,0,30.53
Q1-TA-4_HGD-1,ckjkilmc-1,Cluster 5,0,28.58
Q1-TA-4_HGD-1,ckjkjlpn-1,Cluster 5,0,19.87
Q1-TA-4_HGD-1,ckjkdelh-1,Cluster 5,0,29.44
Q1-TA-4_HGD-1,ckdkkcob-1,Cluster 5,0,53.78
Q1-TA-4_HGD-1,ckkanebf-1,Cluster 5,0,46.47
Q1-TA-4_HGD-1,ckkbdjpe-1,Cluster 5,0,27.86
Q1-TA-4_HGD-1,ckdlamfa-1,Cluster 5,0,19.55
Q1-TA-4_HGD-1,ckjogool-1,Cluster 5,0,57.53
Q1-TA-4_HGD-1,ckkakkke-1,Cluster 5,0,50.85
Q1-TA-4_HGD-1,ckjkmpga-1,Cluster 5,0,22.94
Q1-TA-4_HGD-1,ckkbbojc-1,Cluster 5,0,49.54
Q1-TA-4_HGD-1,ckjkcebj-1,Cluster 5,0,20.77
Q1-TA-4_HGD-1,ckdkmkpo-1,Cluster 5,0,117.90
Q1-TA-4_HGD-1,ckkacbhj-1,Cluster 5,0,30.93
Q1-TA-4_HGD-1,gjmcdbbi-1,Cluster 7,0,28.22
Q1-TA-4_HGD-1,gjmdeeob-1,Cluster 5,0,14.95
Q1-TA-4_HGD-1,ckjpbdmc-1,Cluster 5,0,50.67
Q1-TA-4_HGD-1,ckjpggdh-1,Cluster 5,0,47.14
Q1-TA-4_HGD-1,ckdkgpmo-1,Cluster 5,0,80.38
Q1-TA-4_HGD-1,gjmcaefo-1,Cluster 18,0,26.15
Q1-TA-4_HGD-1,gjmdccdo-1,Cluster 25,0,15.99
Q1-TA-4_HGD-1,ckdlbbeb-1,Cluster 5,0,21.13
Q1-TA-4_HGD-1,ckjohnnk-1,Cluster 5,0,53.78
Q1-TA-4_HGD-1,gjmcbpli-1,Cluster 7,0,18.33
Q1-TA-4_HGD-1,ckbnoncl-1,Cluster 5,0,32.69
Q1-TA-4_HGD-1,ckbpacme-1,Cluster 5,0,32.51
Q1-TA-4_HGD-1,ckbopjlc-1,Cluster 5,0,64.26
Q1-TA-4_HGD-1,ckbnjdca-1,Cluster 5,0,33.19
Q1-TA-4_HGD-1,ckdlbfif-1,Cluster 5,0,26.69
Q1-TA-4_HGD-1,ckboikfk-1,Cluster 5,0,45.52
Q1-TA-4_HGD-1,ckkaiblo-1,Cluster 5,0,15.76
Q1-TA-4_HGD-1,ckkaljcn-1,Cluster 5,0,41.18
Q1-TA-4_HGD-1,ckkaeiea-1,Cluster 4,0,20.59
Q1-TA-4_HGD-1,ckdlajgb-1,Cluster 5,0,24.16
Q1-TA-4_HGD-1,ckkamgja-1,Cluster 5,0,23.57
Q1-TA-4_HGD-1,ckkaklip-1,Cluster 5,0,64.75
Q1-TA-4_HGD-1,ckboibkm-1,Cluster 5,0,29.13
Q1-TA-4_HGD-1,ckboahhe-1,Cluster 5,0,36.98
Q1-TA-4_HGD-1,ckbnphne-1,Cluster 5,0,47.23
Q1-TA-4_HGD-1,ckjpoakk-1,Cluster 5,0,33.05
Q1-TA-4_HGD-1,ckkablae-1,Cluster 5,0,39.02
Q1-TA-4_HGD-1,ckbnobif-1,Cluster 5,0,25.92
Q1-TA-4_HGD-1,ckjpmjng-1,Cluster 5,0,43.49
Q1-TA-4_HGD-1,ckkajghk-1,Cluster 5,0,35.49
Q1-TA-4_HGD-1,ckboimed-1,Cluster 5,0,42.76
Q1-TA-4_HGD-1,ckkabjpg-1,Cluster 5,0,31.38
Q1-TA-4_HGD-1,ckbnpggc-1,Cluster 5,0,94.20
Q1-TA-4_HGD-1,ckjhogmg-1,Cluster 5,0,31.70
Q1-TA-4_HGD-1,ckjgeijg-1,Cluster 5,0,17.07
Q1-TA-4_HGD-1,ckjgmppj-1,Cluster 5,0,33.55
Q1-TA-4_HGD-1,ckjjkjlj-1,Cluster 5,0,65.84
Q1-TA-4_HGD-1,ckjjlhpe-1,Cluster 25,0,24.25
Q1-TA-4_HGD-1,gkmmjhka-1,Cluster 5,0,36.26
Q1-TA-4_HGD-1,ckiaamjd-1,Cluster 25,0,26.64
Q1-TA-4_HGD-1,ckhpiehc-1,Cluster 5,0,42.31
Q1-TA-4_HGD-1,ckhongpo-1,Cluster 5,0,53.33
Q1-TA-4_HGD-1,ckhpiaff-1,Cluster 25,0,30.84
Q1-TA-4_HGD-1,gkmmlbof-1,Cluster 5,0,17.66
Q1-TA-4_HGD-1,ckhpfapi-1,Cluster 5,0,42.22
Q1-TA-4_HGD-1,ckhofcfd-1,Cluster 5,0,38.07
Q1-TA-4_HGD-1,gkmmgefk-1,Cluster 25,0,32.96
Q1-TA-4_HGD-1,ckjghphn-1,Cluster 5,0,22.40
Q1-TA-4_HGD-1,ckjjlahm-1,Cluster 5,0,62.04
Q1-TA-4_HGD-1,ckhoahlc-1,Cluster 5,0,28.72
Q1-TA-4_HGD-1,ckhpilgg-1,Cluster 5,0,60.37
Q1-TA-4_HGD-1,ckjklhea-1,Cluster 5,0,38.56
Q1-TA-4_HGD-1,ckholkjb-1,Cluster 25,0,16.53
Q1-TA-4_HGD-1,ckhoklkb-1,Cluster 5,0,53.96
Q1-TA-4_HGD-1,gkmmonnl-1,Cluster 5,0,12.24
Q1-TA-4_HGD-1,ckjjlbbl-1,Cluster 5,0,50.48
Q1-TA-4_HGD-1,ckicalcm-1,Cluster 5,0,65.30
Q1-TA-4_HGD-1,ckjhldkb-1,Cluster 5,0,37.52
Q1-TA-4_HGD-1,ckhomkbj-1,Cluster 5,0,28.45
Q1-TA-4_HGD-1,ckjoihbg-1,Cluster 5,0,57.94
Q1-TA-4_HGD-1,gjmdaegp-1,Cluster 25,0,12.01
Q1-TA-4_HGD-1,ckjojbkc-1,Cluster 5,0,35.31
Q1-TA-4_HGD-1,ckhoaalp-1,Cluster 5,0,35.76
Q1-TA-4_HGD-1,ckhnlejn-1,Cluster 4,0,27.41
Q1-TA-4_HGD-1,ckicnlpf-1,Cluster 5,0,27.41
Q1-TA-4_HGD-1,ckicjkhb-1,Cluster 5,0,29.80
Q1-TA-4_HGD-1,ckhofbbg-1,Cluster 25,0,42.67
Q1-TA-4_HGD-1,gkmobdmc-1,Cluster 5,0,26.69
Q1-TA-4_HGD-1,ckhpeoel-1,Cluster 25,0,32.47
Q1-TA-4_HGD-1,ckicgmlk-1,Cluster 5,0,36.71
Q1-TA-4_HGD-1,ckjhdell-1,Cluster 5,0,40.37
Q1-TA-4_HGD-1,gkncooac-1,Cluster 5,0,52.97
Q1-TA-4_HGD-1,ckjjjmcd-1,Cluster 5,0,46.01
Q1-TA-4_HGD-1,gkncnkjc-1,Cluster 16,0,74.55
Q1-TA-4_HGD-1,ckjjjklo-1,Cluster 5,0,33.33
Q1-TA-4_HGD-1,ckjgpiec-1,Cluster 5,0,24.47
Q1-TA-4_HGD-1,ckjjgkod-1,Cluster 4,0,39.51
Q1-TA-4_HGD-1,ckjhcboa-1,Cluster 5,0,42.27
Q1-TA-4_HGD-1,ckjhblfk-1,Cluster 5,0,32.83
Q1-TA-4_HGD-1,ckjjldfi-1,Cluster 5,0,19.78
Q1-TA-4_HGD-1,ckjgcpbn-1,Cluster 5,0,25.74
Q1-TA-4_HGD-1,ckjgalbj-1,Cluster 25,0,26.96
Q1-TA-4_HGD-1,ckjjmieb-1,Cluster 5,0,33.33
Q1-TA-4_HGD-1,ckjgipaa-1,Cluster 5,0,30.75
Q1-TA-4_HGD-1,ckjkahga-1,Cluster 5,0,32.92
Q1-TA-4_HGD-1,ckjidoke-1,Cluster 5,0,59.83
Q1-TA-4_HGD-1,ckjfooeh-1,Cluster 5,0,25.29
Q1-TA-4_HGD-1,ckjgabfj-1,Cluster 5,0,20.32
Q1-TA-4_HGD-1,ckjgekga-1,Cluster 5,0,16.62
Q1-TA-4_HGD-1,ckjjlnko-1,Cluster 5,0,47.78
Q1-TA-4_HGD-1,gkmopmbh-1,Cluster 5,0,18.51
Q1-TA-4_HGD-1,ckjhjiaa-1,Cluster 23,0,35.40
Q1-TA-4_HGD-1,ckicmbod-1,Cluster 2,0,28.72
Q1-TA-4_HGD-1,ckibecea-1,Cluster 25,0,40.51
Q1-TA-4_HGD-1,ckjhgapn-1,Cluster 5,0,45.88
Q1-TA-4_HGD-1,ckiblnof-1,Cluster 5,0,43.26
Q1-TA-4_HGD-1,gkmpjkil-1,Cluster 5,0,70.94
Q1-TA-4_HGD-1,ckjhlklk-1,Cluster 5,0,70.62
Q1-TA-4_HGD-1,ckjhhcdh-1,Cluster 5,0,30.53
Q1-TA-4_HGD-1,gkmonloo-1,Cluster 5,0,83.95
Q1-TA-4_HGD-1,ckicmgpp-1,Cluster 5,0,29.53
Q1-TA-4_HGD-1,ckibhodj-1,Cluster 5,0,43.85
Q1-TA-4_HGD-1,gkmphnib-1,Cluster 4,0,53.74
Q1-TA-4_HGD-1,gkmpajcl-1,Cluster 5,0,67.64
Q1-TA-4_HGD-1,ckiadjjd-1,Cluster 25,0,34.32
Q1-TA-4_HGD-1,gkmpjhmj-1,Cluster 5,0,101.65
Q1-TA-4_HGD-1,ckjhkpej-1,Cluster 5,0,24.61
Q1-TA-4_HGD-1,ckibncmi-1,Cluster 5,0,24.93
Q1-TA-4_HGD-1,ckicakpl-1,Cluster 5,0,40.73
Q1-TA-4_HGD-1,ckibefdm-1,Cluster 5,0,39.60
Q1-TA-4_HGD-1,gkmplkfg-1,Cluster 5,0,18.79
Q1-TA-4_HGD-1,gkmpbfce-1,Cluster 2,0,63.22
Q1-TA-4_HGD-1,ckibgapp-1,Cluster 5,0,52.61
Q1-TA-4_HGD-1,gkmpagfo-1,Cluster 5,0,15.85
Q1-TA-4_HGD-1,ckianfom-1,Cluster 25,0,40.73
Q1-TA-4_HGD-1,gknadnkp-1,Cluster 5,0,49.54
Q1-TA-4_HGD-1,gknakfpo-1,Cluster 5,0,30.16
Q1-TA-4_HGD-1,ckiclblh-1,Cluster 25,0,53.28
Q1-TA-4_HGD-1,gkmohbed-1,Cluster 8,0,39.29
Q1-TA-4_HGD-1,gkmpadgp-1,Cluster 5,0,44.61
Q1-TA-4_HGD-1,gkmpnhmc-1,Cluster 8,0,26.24
Q1-TA-4_HGD-1,gknahnjf-1,Cluster 5,0,46.42
Q1-TA-4_HGD-1,ckiagkgm-1,Cluster 5,0,112.35
Q1-TA-4_HGD-1,gkmpmpph-1,Cluster 5,0,50.71
Q1-TA-4_HGD-1,ckiagpjb-1,Cluster 5,0,44.75
Q1-TA-4_HGD-1,ckjikpag-1,Cluster 5,0,52.34
Q1-TA-4_HGD-1,gkmobkcl-1,Cluster 5,0,58.03
Q1-TA-4_HGD-1,ckjimdmm-1,Cluster 5,0,25.15
Q1-TA-4_HGD-1,ckjioogg-1,Cluster 5,0,17.57
Q1-TA-4_HGD-1,ckjicgao-1,Cluster 5,0,34.50
Q1-TA-4_HGD-1,ckjhlhkl-1,Cluster 5,0,28.54
Q1-TA-4_HGD-1,ckjjdibo-1,Cluster 5,0,43.89
Q1-TA-4_HGD-1,ckjidonj-1,Cluster 5,0,61.64
Q1-TA-4_HGD-1,ckjhiaao-1,Cluster 5,0,40.87
Q1-TA-4_HGD-1,ckjjfmkb-1,Cluster 5,0,34.05
Q1-TA-4_HGD-1,ckjhfnno-1,Cluster 5,0,50.26
Q1-TA-4_HGD-1,gkmopbbl-1,Cluster 5,0,88.10
Q1-TA-4_HGD-1,ckjjghoj-1,Cluster 5,0,61.55
Q1-TA-4_HGD-1,ckjhmhdb-1,Cluster 5,0,18.33
Q1-TA-4_HGD-1,ofhmdeog-1,Cluster 1,0,143.96
Q1-TA-4_HGD-1,cgkjfepk-1,Cluster 4,0,78.44
Q1-TA-4_HGD-1,cgihckll-1,Cluster 2,0,63.31
Q1-TA-4_HGD-1,cgikplog-1,Cluster 4,0,26.37
Q1-TA-4_HGD-1,cgijklpp-1,Cluster 4,0,16.62
Q1-TA-4_HGD-1,cgihnfon-1,Cluster 2,0,22.80
Q1-TA-4_HGD-1,cgilbiep-1,Cluster 23,0,73.79
Q1-TA-4_HGD-1,cgihpjlh-1,Cluster 5,0,138.45
Q1-TA-4_HGD-1,cgikccpm-1,Cluster 5,0,42.04
Q1-TA-4_HGD-1,cgiiggfk-1,Cluster 2,0,25.20
Q1-TA-4_HGD-1,cgikblhe-1,Cluster 5,0,50.03
Q1-TA-4_HGD-1,cgijmmgg-1,Cluster 4,0,23.57
Q1-TA-4_HGD-1,cgihoebe-1,Cluster 2,0,102.69
Q1-TA-4_HGD-1,cgikdhno-1,Cluster 4,0,154.39
Q1-TA-4_HGD-1,cgijolkl-1,Cluster 5,0,49.90
Q1-TA-4_HGD-1,cgiiejmf-1,Cluster 2,0,34.32
Q1-TA-4_HGD-1,cgikcmio-1,Cluster 4,0,32.06
Q1-TA-4_HGD-1,cgihmbkl-1,Cluster 2,0,59.34
Q1-TA-4_HGD-1,cgijpjig-1,Cluster 5,0,28.81
Q1-TA-4_HGD-1,cgikdpkg-1,Cluster 12,0,50.80
Q1-TA-4_HGD-1,cgihfagb-1,Cluster 5,0,57.30
Q1-TA-4_HGD-1,cgikcegc-1,Cluster 2,0,24.20
Q1-TA-4_HGD-1,cgijcmkf-1,Cluster 5,0,22.98
Q1-TA-4_HGD-1,cgijohli-1,Cluster 2,0,64.53
Q1-TA-4_HGD-1,cgilfmmn-1,Cluster 5,0,26.64
Q1-TA-4_HGD-1,cgilbfde-1,Cluster 5,0,52.11
Q1-TA-4_HGD-1,cgilaajf-1,Cluster 23,0,46.74
Q1-TA-4_HGD-1,cgikfkkn-1,Cluster 5,0,38.52
Q1-TA-4_HGD-1,cgiheibo-1,Cluster 5,0,43.26
Q1-TA-4_HGD-1,cgihefdi-1,Cluster 5,0,71.84
Q1-TA-4_HGD-1,cgikbiba-1,Cluster 4,0,38.47
Q1-TA-4_HGD-1,hlbpbjob-1,Cluster 4,0,37.66
Q1-TA-4_HGD-1,cgihciia-1,Cluster 4,0,37.80
Q1-TA-4_HGD-1,cginpkfn-1,Cluster 12,0,87.33
Q1-TA-4_HGD-1,cgihpeca-1,Cluster 2,0,31.52
Q1-TA-4_HGD-1,hlcbenmj-1,Cluster 5,0,90.58
Q1-TA-4_HGD-1,cgihdban-1,Cluster 4,0,34.32
Q1-TA-4_HGD-1,cgihcgec-1,Cluster 5,0,86.16
Q1-TA-4_HGD-1,cgihbjkk-1,Cluster 4,0,26.15
Q1-TA-4_HGD-1,hlbpdmmp-1,Cluster 25,0,42.90
Q1-TA-4_HGD-1,hlcbbmeo-1,Cluster 5,0,57.75
Q1-TA-4_HGD-1,cgihdjka-1,Cluster 2,0,25.20
Q1-TA-4_HGD-1,hlboppch-1,Cluster 4,0,102.60
Q1-TA-4_HGD-1,cgienoci-1,Cluster 12,0,65.61
Q1-TA-4_HGD-1,cgiecnpe-1,Cluster 2,0,26.33
Q1-TA-4_HGD-1,cgifkcjc-1,Cluster 2,0,26.37
Q1-TA-4_HGD-1,cgigdlmb-1,Cluster 2,0,59.11
Q1-TA-4_HGD-1,cgifnfjj-1,Cluster 12,0,69.18
Q1-TA-4_HGD-1,cgidphfd-1,Cluster 12,0,101.74
Q1-TA-4_HGD-1,hlbpcjmo-1,Cluster 16,0,61.14
Q1-TA-4_HGD-1,cgiedcmm-1,Cluster 2,0,54.50
Q1-TA-4_HGD-1,hkcnkenb-1,Cluster 7,0,22.04
Q1-TA-4_HGD-1,hlbpdmbc-1,Cluster 7,0,64.53
Q1-TA-4_HGD-1,cgionkna-1,Cluster 5,0,46.24
Q1-TA-4_HGD-1,cgiogbda-1,Cluster 2,0,24.52
Q1-TA-4_HGD-1,cgjacgll-1,Cluster 12,0,40.91
Q1-TA-4_HGD-1,cgjabhmc-1,Cluster 23,0,43.26
Q1-TA-4_HGD-1,cgipkjae-1,Cluster 5,0,48.27
Q1-TA-4_HGD-1,cgipefbc-1,Cluster 23,0,56.13
Q1-TA-4_HGD-1,cgiodlbm-1,Cluster 2,0,39.02
Q1-TA-4_HGD-1,cgioildp-1,Cluster 4,0,33.55
Q1-TA-4_HGD-1,cgioclmc-1,Cluster 4,0,48.09
Q1-TA-4_HGD-1,cgiiehkc-1,Cluster 5,0,26.42
Q1-TA-4_HGD-1,cgiohnfk-1,Cluster 23,0,37.57
Q1-TA-4_HGD-1,cgijajmj-1,Cluster 5,0,29.44
Q1-TA-4_HGD-1,cgijhbaa-1,Cluster 4,0,23.17
Q1-TA-4_HGD-1,cgioidgm-1,Cluster 2,0,30.25
Q1-TA-4_HGD-1,cgipgbmi-1,Cluster 2,0,32.74
Q1-TA-4_HGD-1,cgiohbjk-1,Cluster 2,0,27.32
Q1-TA-4_HGD-1,cgippfdj-1,Cluster 12,0,47.37
Q1-TA-4_HGD-1,cgjaajel-1,Cluster 23,0,30.30
Q1-TA-4_HGD-1,cgipcnfa-1,Cluster 2,0,17.48
Q1-TA-4_HGD-1,cgipbcbm-1,Cluster 2,0,48.27
Q1-TA-4_HGD-1,cgiimkcg-1,Cluster 23,0,41.50
Q1-TA-4_HGD-1,cgijappk-1,Cluster 4,0,15.26
Q1-TA-4_HGD-1,cgijikib-1,Cluster 4,0,19.33
Q1-TA-4_HGD-1,cgipajbn-1,Cluster 5,0,28.36
Q1-TA-4_HGD-1,cgijgnam-1,Cluster 2,0,18.33
Q1-TA-4_HGD-1,cgioemeb-1,Cluster 12,0,36.40
Q1-TA-4_HGD-1,cgiojako-1,Cluster 23,0,38.16
Q1-TA-4_HGD-1,cgifbboj-1,Cluster 25,0,61.05
Q1-TA-4_HGD-1,cgkkpocg-1,Cluster 2,0,43.58
Q1-TA-4_HGD-1,cgklhhdl-1,Cluster 4,0,79.84
Q1-TA-4_HGD-1,cgklimik-1,Cluster 5,0,98.49
Q1-TA-4_HGD-1,cgiekcpl-1,Cluster 4,0,21.99
Q1-TA-4_HGD-1,cgkldohn-1,Cluster 4,0,32.20
Q1-TA-4_HGD-1,cgklaacn-1,Cluster 2,0,32.33
Q1-TA-4_HGD-1,cgklhdpk-1,Cluster 2,0,81.51
Q1-TA-4_HGD-1,cgklfjib-1,Cluster 15,0,62.86
Q1-TA-4_HGD-1,cgkliebk-1,Cluster 5,0,144.41
Q1-TA-4_HGD-1,cgklapdb-1,Cluster 12,0,53.69
Q1-TA-4_HGD-1,hkccadfe-1,Cluster 2,0,41.14
Q1-TA-4_HGD-1,cgklfbbo-1,Cluster 15,0,48.54
Q1-TA-4_HGD-1,hkccjapn-1,Cluster 1,0,21.09
Q1-TA-4_HGD-1,hkccalkg-1,Cluster 25,0,32.96
Q1-TA-4_HGD-1,cgiepfkd-1,Cluster 2,0,93.47
Q1-TA-4_HGD-1,hkccijbh-1,Cluster 7,0,26.91
Q1-TA-4_HGD-1,hkccdmec-1,Cluster 1,0,29.17
Q1-TA-4_HGD-1,cgifdfal-1,Cluster 5,0,308.06
Q1-TA-4_HGD-1,cgifgnhn-1,Cluster 16,0,58.88
Q1-TA-4_HGD-1,hkdamdnb-1,Cluster 5,0,18.51
Q1-TA-4_HGD-1,cgifnolh-1,Cluster 4,0,50.21
Q1-TA-4_HGD-1,hkckjekm-1,Cluster 5,0,64.17
Q1-TA-4_HGD-1,cgigiebo-1,Cluster 4,0,37.07
Q1-TA-4_HGD-1,cgigkdae-1,Cluster 5,0,45.83
Q1-TA-4_HGD-1,cgiemokg-1,Cluster 2,0,41.72
Q1-TA-4_HGD-1,cgiehmcg-1,Cluster 23,0,50.58
Q1-TA-4_HGD-1,cgihajpl-1,Cluster 5,0,28.27
Q1-TA-4_HGD-1,cgieihjd-1,Cluster 23,0,61.86
Q1-TA-4_HGD-1,cgifooge-1,Cluster 2,0,42.31
Q1-TA-4_HGD-1,cgihbgca-1,Cluster 5,0,132.76
Q1-TA-4_HGD-1,cgigagaj-1,Cluster 4,0,35.49
Q1-TA-4_HGD-1,cgidnfdh-1,Cluster 2,0,28.76
Q1-TA-4_HGD-1,cgifhnff-1,Cluster 2,0,22.53
Q1-TA-4_HGD-1,cgidbhag-1,Cluster 5,0,67.42
Q1-TA-4_HGD-1,cgicoohc-1,Cluster 2,0,32.24
Q1-TA-4_HGD-1,cgidhdpd-1,Cluster 23,0,55.23
Q1-TA-4_HGD-1,cgidfofc-1,Cluster 12,0,74.10
Q1-TA-4_HGD-1,cgiekclo-1,Cluster 2,0,51.66
Q1-TA-4_HGD-1,cgiedhid-1,Cluster 2,0,27.82
Q1-TA-4_HGD-1,cgidhdeg-1,Cluster 5,0,51.07
Q1-TA-4_HGD-1,cgicpehc-1,Cluster 2,0,28.85
Q1-TA-4_HGD-1,hkdalhlo-1,Cluster 2,0,45.47
Q1-TA-4_HGD-1,cgilfnbk-1,Cluster 2,0,52.56
Q1-TA-4_HGD-1,cgilmcpe-1,Cluster 2,0,85.93
Q1-TA-4_HGD-1,cginehhm-1,Cluster 2,0,25.51
Q1-TA-4_HGD-1,cgiecepe-1,Cluster 12,0,72.48
Q1-TA-4_HGD-1,cginldfa-1,Cluster 2,0,65.03
Q1-TA-4_HGD-1,cgilljdb-1,Cluster 23,0,43.35
Q1-TA-4_HGD-1,cgimdccb-1,Cluster 2,0,23.62
Q1-TA-4_HGD-1,cgimfnni-1,Cluster 2,0,43.08
Q1-TA-4_HGD-1,hkcnjemh-1,Cluster 5,0,120.52
Q1-TA-4_HGD-1,hkcnnehh-1,Cluster 5,0,89.50
Q1-TA-4_HGD-1,cgingbjg-1,Cluster 12,0,73.51
Q1-TA-4_HGD-1,cginlbcp-1,Cluster 2,0,40.51
Q1-TA-4_HGD-1,cgilpepc-1,Cluster 2,0,46.74
Q1-TA-4_HGD-1,cgimceip-1,Cluster 2,0,67.87
Q1-TA-4_HGD-1,cgimblgd-1,Cluster 23,0,37.48
Q1-TA-4_HGD-1,hkcnmaei-1,Cluster 4,0,24.02
Q1-TA-4_HGD-1,cgiloehp-1,Cluster 2,0,47.41
Q1-TA-4_HGD-1,cgilnbag-1,Cluster 2,0,34.18
Q1-TA-4_HGD-1,hkcnmmba-1,Cluster 4,0,65.16
Q1-TA-4_HGD-1,cgioagei-1,Cluster 2,0,84.85
Q1-TA-4_HGD-1,cgilmonp-1,Cluster 5,0,39.33
Q1-TA-4_HGD-1,cgiongpk-1,Cluster 2,0,30.71
Q1-TA-4_HGD-1,cgiondng-1,Cluster 12,0,37.80
Q1-TA-4_HGD-1,hlbonmla-1,Cluster 4,0,24.88
Q1-TA-4_HGD-1,hlboojlk-1,Cluster 4,0,31.79
Q1-TA-4_HGD-1,cgilpaib-1,Cluster 23,0,56.58
Q1-TA-4_HGD-1,hkcbkaje-1,Cluster 4,0,41.68
Q1-TA-4_HGD-1,cgidahep-1,Cluster 4,0,43.03
Q1-TA-4_HGD-1,cgkjjmhk-1,Cluster 4,0,39.60
Q1-TA-4_HGD-1,cgibpnbm-1,Cluster 8,0,68.32
Q1-TA-4_HGD-1,cgkjjklp-1,Cluster 4,0,70.22
Q1-TA-4_HGD-1,cgkkeabh-1,Cluster 13,0,45.74
Q1-TA-4_HGD-1,cgichlgf-1,Cluster 4,0,40.19
Q1-TA-4_HGD-1,cgkkdikn-1,Cluster 4,0,121.70
Q1-TA-4_HGD-1,cgielaho-1,Cluster 2,0,48.72
Q1-TA-4_HGD-1,hkcbpeoi-1,Cluster 1,0,18.83
Q1-TA-4_HGD-1,hkcbhkkl-1,Cluster 5,0,88.05
Q1-TA-4_HGD-1,cgibokoi-1,Cluster 4,0,88.96
Q1-TA-4_HGD-1,cgkkhieg-1,Cluster 5,0,75.32
Q1-TA-4_HGD-1,hkcbhdak-1,Cluster 4,0,55.59
Q1-TA-4_HGD-1,cgkjmklc-1,Cluster 5,0,125.22
Q1-TA-4_HGD-1,hkdaadkk-1,Cluster 4,0,40.41
Q1-TA-4_HGD-1,cgicjcem-1,Cluster 4,0,49.81
Q1-TA-4_HGD-1,hkcblpjh-1,Cluster 4,0,59.38
Q1-TA-4_HGD-1,hkcblepm-1,Cluster 12,0,65.57
Q1-TA-4_HGD-1,cgkkflkp-1,Cluster 5,0,61.68
Q1-TA-4_HGD-1,cgiclghn-1,Cluster 4,0,47.10
Q1-TA-4_HGD-1,cgkjnkjl-1,Cluster 12,0,85.62
Q1-TA-4_HGD-1,cgicffgh-1,Cluster 4,0,103.86
Q1-TA-4_HGD-1,cgibpjcc-1,Cluster 15,0,31.79
Q1-TA-4_HGD-1,cgicobab-1,Cluster 12,0,57.12
Q1-TA-4_HGD-1,cgkjehpk-1,Cluster 5,0,126.21
Q1-TA-4_HGD-1,cgidkjmc-1,Cluster 2,0,31.11
Q1-TA-4_HGD-1,cgidpaig-1,Cluster 2,0,38.02
Q1-TA-4_HGD-1,hkdabiob-1,Cluster 5,0,40.14
Q1-TA-4_HGD-1,cgidhmbo-1,Cluster 2,0,33.46
Q1-TA-4_HGD-1,cgidfpnd-1,Cluster 2,0,45.38
Q1-TA-4_HGD-1,cgidamkk-1,Cluster 4,0,37.84
Q1-TA-4_HGD-1,cgidnhem-1,Cluster 2,0,31.38
Q1-TA-4_HGD-1,cgidmgmj-1,Cluster 2,0,34.18
Q1-TA-4_HGD-1,gkpllinl-1,Cluster 4,0,103.50
Q1-TA-4_HGD-1,cginncoo-1,Cluster 2,0,46.47
Q1-TA-4_HGD-1,cjalmohc-1,Cluster 4,0,59.61
Q1-TA-4_HGD-1,cgiceflf-1,Cluster 4,0,62.68
Q1-TA-4_HGD-1,cgioahhh-1,Cluster 12,0,116.01
Q1-TA-4_HGD-1,gkpkbdcd-1,Cluster 4,0,100.56
Q1-TA-4_HGD-1,cgibobia-1,Cluster 4,0,60.60
Q1-TA-4_HGD-1,cgibmgoc-1,Cluster 13,0,51.66
Q1-TA-4_HGD-1,hkcnghmh-1,Cluster 4,0,58.52
Q1-TA-4_HGD-1,cginlofi-1,Cluster 12,0,116.37
Q1-TA-4_HGD-1,cgimgmfc-1,Cluster 4,0,90.90
Q1-TA-4_HGD-1,cgibijge-1,Cluster 5,0,103.27
Q1-TA-4_HGD-1,hkcppchh-1,Cluster 4,0,38.52
Q1-TA-4_HGD-1,cgibmgcp-1,Cluster 12,0,123.14
Q1-TA-4_HGD-1,cgindjoa-1,Cluster 4,0,63.26
Q1-TA-4_HGD-1,cginbgoo-1,Cluster 12,0,92.80
Q1-TA-4_HGD-1,cgimpldd-1,Cluster 5,0,70.22
Q1-TA-4_HGD-1,cgidecjm-1,Cluster 4,0,57.44
Q1-TA-4_HGD-1,cgimjcbg-1,Cluster 2,0,40.55
Q1-TA-4_HGD-1,cgibmojf-1,Cluster 4,0,50.53
Q1-TA-4_HGD-1,cgilljpo-1,Cluster 4,0,57.26
Q1-TA-4_HGD-1,hkcpppik-1,Cluster 5,0,109.77
Q1-TA-4_HGD-1,cjallabd-1,Cluster 4,0,101.96
Q1-TA-4_HGD-1,cjalpcem-1,Cluster 5,0,134.16
Q1-TA-4_HGD-1,cjalopah-1,Cluster 12,0,135.65
Q1-TA-4_HGD-1,gkplcooe-1,Cluster 5,0,46.42
Q1-TA-4_HGD-1,gkpjjedf-1,Cluster 5,0,156.42
Q1-TA-4_HGD-1,gkpldmei-1,Cluster 4,0,41.72
Q1-TA-4_HGD-1,gkpkeipa-1,Cluster 4,0,61.59
Q1-TA-4_HGD-1,gkpkdfjf-1,Cluster 4,0,88.78
Q1-TA-4_HGD-1,gkpjfben-1,Cluster 5,0,214.04
Q1-TA-4_HGD-1,gkplelbb-1,Cluster 5,0,40.60
Q1-TA-4_HGD-1,gkplfkjh-1,Cluster 4,0,95.32
Q1-TA-4_HGD-1,gkpjfchb-1,Cluster 4,0,46.60
Q1-TA-4_HGD-1,gkplhifb-1,Cluster 5,0,130.41
Q1-TA-4_HGD-1,cjallcml-1,Cluster 5,0,79.70
Q1-TA-4_HGD-1,cjamajig-1,Cluster 4,0,75.41
Q1-TA-4_HGD-1,gkpjjcab-1,Cluster 5,0,161.25
Q1-TA-4_HGD-1,gkplcdpg-1,Cluster 4,0,98.35
Q1-TA-4_HGD-1,gkpkmpma-1,Cluster 4,0,94.29
Q1-TA-4_HGD-1,gkpplagc-1,Cluster 12,0,38.65
Q1-TA-4_HGD-1,cjalajjc-1,Cluster 4,0,99.43
Q1-TA-4_HGD-1,cglbdjfk-1,Cluster 4,0,60.69
Q1-TA-4_HGD-1,cgkhojal-1,Cluster 4,0,99.34
Q1-TA-4_HGD-1,hkbialkf-1,Cluster 4,0,21.31
Q1-TA-4_HGD-1,hkbhleod-1,Cluster 4,0,23.98
Q1-TA-4_HGD-1,hkbiabii-1,Cluster 4,0,49.08
Q1-TA-4_HGD-1,cgkknpae-1,Cluster 2,0,72.25
Q1-TA-4_HGD-1,cgkicfgd-1,Cluster 2,0,56.36
Q1-TA-4_HGD-1,cgkpnikj-1,Cluster 5,0,92.75
Q1-TA-4_HGD-1,cgkohhem-1,Cluster 2,0,45.07
Q1-TA-4_HGD-1,cgkpoaca-1,Cluster 4,0,49.81
Q1-TA-4_HGD-1,cgklinpi-1,Cluster 4,0,39.96
Q1-TA-4_HGD-1,cgkpnall-1,Cluster 12,0,64.93
Q1-TA-4_HGD-1,cgkpncbn-1,Cluster 4,0,162.16
Q1-TA-4_HGD-1,hkceiocd-1,Cluster 13,0,25.74
Q1-TA-4_HGD-1,hkceckbl-1,Cluster 2,0,50.26
Q1-TA-4_HGD-1,cgkigfgf-1,Cluster 5,0,102.73
Q1-TA-4_HGD-1,hkcejkoe-1,Cluster 4,0,61.59
Q1-TA-4_HGD-1,cgkpplgk-1,Cluster 4,0,128.56
Q1-TA-4_HGD-1,cgkodcdk-1,Cluster 2,0,53.65
Q1-TA-4_HGD-1,hkcehjgl-1,Cluster 4,0,55.32
Q1-TA-4_HGD-1,cgkpgeae-1,Cluster 4,0,132.08
Q1-TA-4_HGD-1,cglbbool-1,Cluster 4,0,56.54
Q1-TA-4_HGD-1,cglapece-1,Cluster 5,0,81.15
Q1-TA-4_HGD-1,cgkplfhc-1,Cluster 2,0,130.91
Q1-TA-4_HGD-1,cgladjld-1,Cluster 4,0,95.69
Q1-TA-4_HGD-1,cglabacm-1,Cluster 4,0,110.77
Q1-TA-4_HGD-1,cgknpdem-1,Cluster 12,0,52.34
Q1-TA-4_HGD-1,cgknnlmd-1,Cluster 2,0,62.36
Q1-TA-4_HGD-1,cgkljfnh-1,Cluster 5,0,63.67
Q1-TA-4_HGD-1,cgkllfcg-1,Cluster 2,0,62.00
Q1-TA-4_HGD-1,cgklmdci-1,Cluster 2,0,59.43
Q1-TA-4_HGD-1,cgklmflk-1,Cluster 5,0,61.14
Q1-TA-4_HGD-1,cgkmidcc-1,Cluster 4,0,77.04
Q1-TA-4_HGD-1,cgkocpfn-1,Cluster 12,0,77.04
Q1-TA-4_HGD-1,cgkmhjef-1,Cluster 5,0,35.09
Q1-TA-4_HGD-1,cgkljghg-1,Cluster 5,0,58.39
Q1-TA-4_HGD-1,cgkmdhel-1,Cluster 4,0,37.25
Q1-TA-4_HGD-1,hkbhbiam-1,Cluster 22,0,15.17
Q1-TA-4_HGD-1,ofhldoam-1,Cluster 22,0,40.82
Q1-TA-4_HGD-1,ofhlplle-1,Cluster 14,0,74.82
Q1-TA-4_HGD-1,hjfgpnkn-1,Cluster 6,0,19.51
Q1-TA-4_HGD-1,ofhllkog-1,Cluster 14,0,140.17
Q1-TA-4_HGD-1,hjfgpgfo-1,Cluster 6,0,150.37
Q1-TA-4_HGD-1,ofiphmjm-1,Cluster 14,0,31.25
Q1-TA-4_HGD-1,ofhlkioc-1,Cluster 22,0,71.35
Q1-TA-4_HGD-1,hjfhefmg-1,Cluster 22,0,17.61
Q1-TA-4_HGD-1,ofhlgndj-1,Cluster 14,0,23.48
Q1-TA-4_HGD-1,ofipihmp-1,Cluster 6,0,105.76
Q1-TA-4_HGD-1,ofhlfpdl-1,Cluster 14,0,7.36
Q1-TA-4_HGD-1,hjfhdgja-1,Cluster 1,0,26.42
Q1-TA-4_HGD-1,hjfffobd-1,Cluster 22,0,57.89
Q1-TA-4_HGD-1,ofipfhco-1,Cluster 22,0,28.49
Q1-TA-4_HGD-1,ofipmbad-1,Cluster 22,0,72.84
Q1-TA-4_HGD-1,cglanhgp-1,Cluster 13,0,43.67
Q1-TA-4_HGD-1,cglajbeo-1,Cluster 12,0,58.34
Q1-TA-4_HGD-1,ofipmddo-1,Cluster 14,0,105.44
Q1-TA-4_HGD-1,cgknmill-1,Cluster 4,0,46.38
Q1-TA-4_HGD-1,cglaecgj-1,Cluster 4,0,53.51
Q1-TA-4_HGD-1,cgknfnpk-1,Cluster 12,0,60.15
Q1-TA-4_HGD-1,cgkndpie-1,Cluster 5,0,82.73
Q1-TA-4_HGD-1,cgknbljd-1,Cluster 12,0,55.23
Q1-TA-4_HGD-1,cgkmoppf-1,Cluster 2,0,63.99
Q1-TA-4_HGD-1,ofipmdmd-1,Cluster 22,0,88.60
Q1-TA-4_HGD-1,cgknmpeb-1,Cluster 5,0,42.72
Q1-TA-4_HGD-1,cgkmliof-1,Cluster 5,0,61.01
Q1-TA-4_HGD-1,cgkncnhm-1,Cluster 4,0,36.80
Q1-TA-4_HGD-1,cgkmocin-1,Cluster 2,0,39.56
Q1-TA-4_HGD-1,cgkmmnno-1,Cluster 2,0,47.55
Q1-TA-4_HGD-1,cglahfpp-1,Cluster 4,0,34.68
Q1-TA-4_HGD-1,cgkonohe-1,Cluster 4,0,53.10
Q1-TA-4_HGD-1,cgkpmmne-1,Cluster 4,0,51.61
Q1-TA-4_HGD-1,gkpmceag-1,Cluster 25,0,40.14
Q1-TA-4_HGD-1,cglbfoed-1,Cluster 4,0,87.65
Q1-TA-4_HGD-1,gkpmeojc-1,Cluster 2,0,71.21
Q1-TA-4_HGD-1,cglbfcnc-1,Cluster 4,0,76.68
Q1-TA-4_HGD-1,ckggoobd-1,Cluster 5,0,133.98
Q1-TA-4_HGD-1,cgknncaa-1,Cluster 5,0,87.74
Q1-TA-4_HGD-1,cgkomcmj-1,Cluster 4,0,73.11
Q1-TA-4_HGD-1,cgkommck-1,Cluster 13,0,81.42
Q1-TA-4_HGD-1,cjanpgea-1,Cluster 4,0,50.98
Q1-TA-4_HGD-1,cjaljhak-1,Cluster 4,0,31.25
Q1-TA-4_HGD-1,cgkonccj-1,Cluster 4,0,88.10
Q1-TA-4_HGD-1,cgkonhgl-1,Cluster 4,0,69.86
Q1-TA-4_HGD-1,cjamoggh-1,Cluster 5,0,68.64
Q1-TA-4_HGD-1,cgkolbae-1,Cluster 12,0,53.47
Q1-TA-4_HGD-1,cjaoalpm-1,Cluster 5,0,79.52
Q1-TA-4_HGD-1,cjamgpof-1,Cluster 4,0,54.73
Q1-TA-4_HGD-1,cgkohmcm-1,Cluster 12,0,60.64
Q1-TA-4_HGD-1,ckghbkoc-1,Cluster 12,0,100.16
Q1-TA-4_HGD-1,cgkoiale-1,Cluster 5,0,62.41
Q1-TA-4_HGD-1,cgknnifj-1,Cluster 4,0,40.73
Q1-TA-4_HGD-1,cgkjginp-1,Cluster 13,0,107.43
Q1-TA-4_HGD-1,cgkjcaio-1,Cluster 12,0,80.02
Q1-TA-4_HGD-1,cjalfajb-1,Cluster 12,0,59.02
Q1-TA-4_HGD-1,cgkoijlk-1,Cluster 12,0,51.39
Q1-TA-4_HGD-1,hkccjoic-1,Cluster 5,0,86.79
Q1-TA-4_HGD-1,gkpllkfj-1,Cluster 5,0,27.14
Q1-TA-4_HGD-1,cgkkhong-1,Cluster 2,0,72.57
Q1-TA-4_HGD-1,gkpllndc-1,Cluster 4,0,13.46
Q1-TA-4_HGD-1,cgkjgcld-1,Cluster 12,0,74.87
Q1-TA-4_HGD-1,cjamjlaf-1,Cluster 4,0,62.54
Q1-TA-4_HGD-1,cgkkpdcc-1,Cluster 12,0,73.24
Q1-TA-4_HGD-1,cgkjfipn-1,Cluster 4,0,84.71
Q1-TA-4_HGD-1,cjamlcnn-1,Cluster 4,0,41.18
Q1-TA-4_HGD-1,cgkkknhj-1,Cluster 12,0,84.49
Q1-TA-4_HGD-1,cjamiigl-1,Cluster 2,0,49.94
Q1-TA-4_HGD-1,cjalbipi-1,Cluster 8,0,98.71
Q1-TA-4_HGD-1,hjfhkdic-1,Cluster 13,0,65.39
Q1-TA-4_HGD-1,ckgijmpj-1,Cluster 8,0,47.73
Q1-TA-4_HGD-1,ckgilgfm-1,Cluster 4,0,100.43
Q1-TA-4_HGD-1,hjfhkpga-1,Cluster 4,0,70.26
Q1-TA-4_HGD-1,hjfhkemg-1,Cluster 6,0,42.22
Q1-TA-4_HGD-1,gkpoillg-1,Cluster 4,0,41.00
Q1-TA-4_HGD-1,cjaofcmi-1,Cluster 8,0,76.09
Q1-TA-4_HGD-1,ckgiepng-1,Cluster 4,0,93.11
Q1-TA-4_HGD-1,gkpofgnk-1,Cluster 4,0,69.09
Q1-TA-4_HGD-1,ckgilipp-1,Cluster 4,0,124.59
Q1-TA-4_HGD-1,hjfhadnb-1,Cluster 4,0,77.71
Q1-TA-4_HGD-1,cjaoamef-1,Cluster 8,0,104.49
Q1-TA-4_HGD-1,gkponlcl-1,Cluster 4,0,23.71
Q1-TA-4_HGD-1,gkpmibad-1,Cluster 4,0,68.82
Q1-TA-4_HGD-1,ckghghnd-1,Cluster 4,0,33.64
Q1-TA-4_HGD-1,ckggohec-1,Cluster 4,0,83.86
Q1-TA-4_HGD-1,cglbklpd-1,Cluster 4,0,37.25
Q1-TA-4_HGD-1,cglbjggk-1,Cluster 4,0,48.77
Q1-TA-4_HGD-1,cglbigci-1,Cluster 4,0,58.84
Q1-TA-4_HGD-1,ckggiogk-1,Cluster 5,0,175.43
Q1-TA-4_HGD-1,ckgigand-1,Cluster 4,0,94.42
Q1-TA-4_HGD-1,ckggihfj-1,Cluster 4,0,138.63
Q1-TA-4_HGD-1,cglbglpn-1,Cluster 4,0,63.99
Q1-TA-4_HGD-1,gkpmekif-1,Cluster 4,0,39.69
Q1-TA-4_HGD-1,ckggjogo-1,Cluster 4,0,189.75
Q1-TA-4_HGD-1,ckggkmbd-1,Cluster 4,0,155.20
Q1-TA-4_HGD-1,hkccjogh-1,Cluster 4,0,64.48
Q1-TA-4_HGD-1,gkpokknm-1,Cluster 4,0,60.92
Q1-TA-4_HGD-1,cglbhlnn-1,Cluster 4,0,62.63
Q1-TA-4_HGD-1,cjancghc-1,Cluster 4,0,416.61
Q1-TA-4_HGD-1,cglbepbe-1,Cluster 5,0,63.85
Q1-TA-4_HGD-1,cglbgkkh-1,Cluster 5,0,68.23
Q1-TA-4_HGD-1,ckghepof-1,Cluster 12,0,113.16
Q1-TA-4_HGD-1,hjfgoooi-1,Cluster 4,0,89.18
Q1-TA-4_HGD-1,hjgfkbnc-1,Cluster 4,0,132.08
Q1-TA-4_HGD-1,ofhokecp-1,Cluster 1,0,145.36
Q1-TA-4_HGD-1,hjgfnnoh-1,Cluster 4,0,167.35
Q1-TA-4_HGD-1,hjggbamj-1,Cluster 14,0,20.82
Q1-TA-4_HGD-1,cghipake-1,Cluster 4,0,230.79
Q1-TA-4_HGD-1,hjgemfik-1,Cluster 14,0,9.75
Q1-TA-4_HGD-1,hjgemkgh-1,Cluster 14,0,22.89
Q1-TA-4_HGD-1,hjgfkima-1,Cluster 7,0,71.66
Q1-TA-4_HGD-1,cghjfknb-1,Cluster 13,0,133.35
Q1-TA-4_HGD-1,cghjambi-1,Cluster 13,0,168.30
Q1-TA-4_HGD-1,ofhohack-1,Cluster 14,0,104.63
Q1-TA-4_HGD-1,hjgfaobo-1,Cluster 7,0,18.02
Q1-TA-4_HGD-1,hjgepdgc-1,Cluster 14,0,35.04
Q1-TA-4_HGD-1,hjgfcidi-1,Cluster 14,0,23.53
Q1-TA-4_HGD-1,cghjihak-1,Cluster 13,0,167.30
Q1-TA-4_HGD-1,hjgfjfnc-1,Cluster 7,0,14.22
Q1-TA-4_HGD-1,ofhokifi-1,Cluster 22,0,111.99
Q1-TA-4_HGD-1,ofhnikof-1,Cluster 22,0,22.04
Q1-TA-4_HGD-1,ofhlimdp-1,Cluster 14,0,15.22
Q1-TA-4_HGD-1,hjfghccn-1,Cluster 14,0,19.06
Q1-TA-4_HGD-1,hjfglcge-1,Cluster 14,0,33.42
Q1-TA-4_HGD-1,hjfgmlln-1,Cluster 14,0,19.06
Q1-TA-4_HGD-1,hjfgolng-1,Cluster 2,0,78.21
Q1-TA-4_HGD-1,ofhlhjnj-1,Cluster 22,0,28.04
Q1-TA-4_HGD-1,cghjkfif-1,Cluster 4,0,128.11
Q1-TA-4_HGD-1,ofhlccgc-1,Cluster 14,0,23.21
Q1-TA-4_HGD-1,hjfhlbdg-1,Cluster 4,0,81.15
Q1-TA-4_HGD-1,hjfhlgjl-1,Cluster 4,0,28.13
Q1-TA-4_HGD-1,ofhlhkfn-1,Cluster 14,0,17.52
Q1-TA-4_HGD-1,hjfhjcbb-1,Cluster 12,0,83.67
Q1-TA-4_HGD-1,hjfhehgh-1,Cluster 22,0,32.65
Q1-TA-4_HGD-1,hjfhibfe-1,Cluster 14,0,25.83
Q1-TA-4_HGD-1,cghjnmpg-1,Cluster 4,0,238.70
Q1-TA-4_HGD-1,cghjnlhj-1,Cluster 12,0,153.08
Q1-TA-4_HGD-1,cghknddk-1,Cluster 4,0,58.75
Q1-TA-4_HGD-1,ofhljcca-1,Cluster 14,0,69.00
Q1-TA-4_HGD-1,hjfikhho-1,Cluster 6,0,25.42
Q1-TA-4_HGD-1,hjggbnkg-1,Cluster 22,0,27.86
Q1-TA-4_HGD-1,cghmoffd-1,Cluster 2,0,82.46
Q1-TA-4_HGD-1,hjfjalaa-1,Cluster 14,0,25.69
Q1-TA-4_HGD-1,hjfigfmg-1,Cluster 22,0,42.58
Q1-TA-4_HGD-1,ofhokkkk-1,Cluster 22,0,14.09
Q1-TA-4_HGD-1,ofhninji-1,Cluster 22,0,55.86
Q1-TA-4_HGD-1,hjfkabfm-1,Cluster 6,0,14.18
Q1-TA-4_HGD-1,ofhnlahf-1,Cluster 22,0,73.51
Q1-TA-4_HGD-1,ofhnmnnl-1,Cluster 14,0,46.33
Q1-TA-4_HGD-1,hjggenkj-1,Cluster 22,0,12.91
Q1-TA-4_HGD-1,ofhodcbg-1,Cluster 1,0,111.04
Q1-TA-4_HGD-1,ofhodnnf-1,Cluster 1,0,138.54
Q1-TA-4_HGD-1,hjggbhbn-1,Cluster 22,0,26.10
Q1-TA-4_HGD-1,hjfjjhob-1,Cluster 22,0,17.79
Q1-TA-4_HGD-1,hjfikjef-1,Cluster 22,0,22.44
Q1-TA-4_HGD-1,hjfifnoi-1,Cluster 14,0,7.54
Q1-TA-4_HGD-1,hjfikedm-1,Cluster 22,0,49.54
Q1-TA-4_HGD-1,hjgghbon-1,Cluster 22,0,48.95
Q1-TA-4_HGD-1,hjfjcalk-1,Cluster 6,0,115.37
Q1-TA-4_HGD-1,ofhmacni-1,Cluster 14,0,11.79
Q1-TA-4_HGD-1,ofholgln-1,Cluster 22,0,137.37
Q1-TA-4_HGD-1,hjggjcnh-1,Cluster 22,0,20.18
Q1-TA-4_HGD-1,ckgjcijc-1,Cluster 4,0,68.55
Q1-TA-4_HGD-1,ofhoeack-1,Cluster 22,0,42.94
Q1-TA-4_HGD-1,hjgfpjbo-1,Cluster 14,0,8.58
Q1-TA-4_HGD-1,ckgjhkhf-1,Cluster 12,0,78.93
Q1-TA-4_HGD-1,ofhoecmm-1,Cluster 14,0,19.73
Q1-TA-4_HGD-1,ofhnkmic-1,Cluster 14,0,75.82
Q1-TA-4_HGD-1,ckgjinhl-1,Cluster 12,0,132.44
Q1-TA-4_HGD-1,ckgjcabj-1,Cluster 7,0,24.11
Q1-TA-4_HGD-1,ckgjbncc-1,Cluster 4,0,47.14
Q1-TA-4_HGD-1,ckgjidaf-1,Cluster 12,0,79.97
Q1-TA-4_HGD-1,ofhofjei-1,Cluster 14,0,42.85
Q1-TA-4_HGD-1,cippnjee-1,Cluster 12,0,46.65
Q1-TA-4_HGD-1,cjaaaidg-1,Cluster 12,0,40.91
Q1-TA-4_HGD-1,cipponga-1,Cluster 4,0,30.71
Q1-TA-4_HGD-1,cjaceokm-1,Cluster 13,0,36.85
Q1-TA-4_HGD-1,hjgdjocg-1,Cluster 7,0,45.47
Q1-TA-4_HGD-1,cjacfljl-1,Cluster 4,0,42.76
Q1-TA-4_HGD-1,hjgdfndh-1,Cluster 12,0,66.92
Q1-TA-4_HGD-1,cjadalea-1,Cluster 2,0,39.38
Q1-TA-4_HGD-1,hjgdelfj-1,Cluster 4,0,31.20
Q1-TA-4_HGD-1,hjgdedfi-1,Cluster 4,0,106.30
Q1-TA-4_HGD-1,hjgdkcdi-1,Cluster 7,0,39.92
Q1-TA-4_HGD-1,cjaaagjj-1,Cluster 2,0,18.33
Q1-TA-4_HGD-1,gkppinid-1,Cluster 2,0,23.62
Q1-TA-4_HGD-1,cjacohmo-1,Cluster 4,0,28.85
Q1-TA-4_HGD-1,cjacnaje-1,Cluster 13,0,31.70
Q1-TA-4_HGD-1,cjadbcad-1,Cluster 2,0,40.37
Q1-TA-4_HGD-1,hjgdiiaf-1,Cluster 14,0,26.69
Q1-TA-4_HGD-1,hjgdkgpp-1,Cluster 15,0,28.49
Q1-TA-4_HGD-1,cjabjblb-1,Cluster 12,0,42.49
Q1-TA-4_HGD-1,hjgdgghg-1,Cluster 14,0,21.68
Q1-TA-4_HGD-1,cjacbdha-1,Cluster 13,0,40.46
Q1-TA-4_HGD-1,hjfgbpdb-1,Cluster 13,0,64.03
Q1-TA-4_HGD-1,cjabkdpk-1,Cluster 12,0,68.23
Q1-TA-4_HGD-1,cjabkign-1,Cluster 12,0,69.13
Q1-TA-4_HGD-1,gkpphkei-1,Cluster 2,0,38.56
Q1-TA-4_HGD-1,hjfgcioh-1,Cluster 7,0,38.16
Q1-TA-4_HGD-1,gkppeiao-1,Cluster 2,0,27.23
Q1-TA-4_HGD-1,ckghmdhh-1,Cluster 4,0,100.07
Q1-TA-4_HGD-1,ckghldlc-1,Cluster 4,0,97.85
Q1-TA-4_HGD-1,ckgiaohd-1,Cluster 12,0,120.75
Q1-TA-4_HGD-1,hjfhbddg-1,Cluster 4,0,233.91
Q1-TA-4_HGD-1,ckghplhl-1,Cluster 4,0,97.54
Q1-TA-4_HGD-1,gkpoaogi-1,Cluster 4,0,139.62
Q1-TA-4_HGD-1,cjalaoop-1,Cluster 13,0,130.00
Q1-TA-4_HGD-1,hjgdhopb-1,Cluster 14,0,11.92
Q1-TA-4_HGD-1,ckggaijl-1,Cluster 4,0,50.89
Q1-TA-4_HGD-1,ckgfgjkk-1,Cluster 12,0,67.46
Q1-TA-4_HGD-1,ckgfoijc-1,Cluster 4,0,83.76
Q1-TA-4_HGD-1,ckgfpcna-1,Cluster 5,0,74.51
Q1-TA-4_HGD-1,ckgfnfoh-1,Cluster 4,0,143.46
Q1-TA-4_HGD-1,ckgfoblf-1,Cluster 12,0,189.11
Q1-TA-4_HGD-1,ckgfnoob-1,Cluster 4,0,121.29
Q1-TA-4_HGD-1,cjblbpfg-1,Cluster 2,0,45.07
Q1-TA-4_HGD-1,ckgjbclm-1,Cluster 12,0,124.22
Q1-TA-4_HGD-1,gkpnfbhk-1,Cluster 19,0,29.04
Q1-TA-4_HGD-1,gkpoagak-1,Cluster 6,0,39.69
Q1-TA-4_HGD-1,gkpnembj-1,Cluster 6,0,69.63
Q1-TA-4_HGD-1,ckgipmpp-1,Cluster 12,0,105.98
Q1-TA-4_HGD-1,cjblggpm-1,Cluster 15,0,51.43
Q1-TA-4_HGD-1,gkpnhajo-1,Cluster 6,0,122.01
Q1-TA-4_HGD-1,ckgilnal-1,Cluster 4,0,106.52
Q1-TA-4_HGD-1,gkpnbijn-1,Cluster 6,0,61.73
Q1-TA-4_HGD-1,ckgjlfbd-1,Cluster 5,0,137.82
Q1-TA-4_HGD-1,ckgjnfhe-1,Cluster 12,0,82.18
Q1-TA-4_HGD-1,cjbldkgo-1,Cluster 2,0,44.07
Q1-TA-4_HGD-1,ckgjneeo-1,Cluster 4,0,127.25
Q1-TA-4_HGD-1,gkpmipjk-1,Cluster 13,0,47.73
Q1-TA-4_HGD-1,hjgggbbm-1,Cluster 4,0,83.04
Q1-TA-4_HGD-1,cjblfjac-1,Cluster 12,0,52.97
Q1-TA-4_HGD-1,hjggfngc-1,Cluster 3,0,93.47
Q1-TA-4_HGD-1,cipopigi-1,Cluster 4,0,30.39
Q1-TA-4_HGD-1,gkpmnhdf-1,Cluster 2,0,43.71
Q1-TA-4_HGD-1,cippagcn-1,Cluster 2,0,44.25
Q1-TA-4_HGD-1,cipopcga-1,Cluster 4,0,36.17
Q1-TA-4_HGD-1,cjblddnj-1,Cluster 13,0,36.26
Q1-TA-4_HGD-1,gkpnbdjl-1,Cluster 2,0,77.94
Q1-TA-4_HGD-1,ckgjenml-1,Cluster 4,0,96.05
Q1-TA-4_HGD-1,hjggfhfn-1,Cluster 27,0,36.13
Q1-TA-4_HGD-1,cipppjgm-1,Cluster 13,0,36.85
Q1-TA-4_HGD-1,glaamiei-1,Cluster 2,0,35.63
Q1-TA-4_HGD-1,cjbflgbm-1,Cluster 5,0,76.95
Q1-TA-4_HGD-1,cjapalcm-1,Cluster 2,0,87.38
Q1-TA-4_HGD-1,gkpmdlfn-1,Cluster 5,0,9.80
Q1-TA-4_HGD-1,cjaojden-1,Cluster 12,0,118.08
Q1-TA-4_HGD-1,gkpglmee-1,Cluster 5,0,45.92
Q1-TA-4_HGD-1,gkpmcacn-1,Cluster 25,0,76.22
Q1-TA-4_HGD-1,gkplngme-1,Cluster 5,0,71.98
Q1-TA-4_HGD-1,cjamokpe-1,Cluster 4,0,139.89
Q1-TA-4_HGD-1,gkpglajb-1,Cluster 5,0,203.16
Q1-TA-4_HGD-1,gkpgjbjf-1,Cluster 25,0,57.80
Q1-TA-4_HGD-1,gkpmejgp-1,Cluster 7,0,76.40
Q1-TA-4_HGD-1,gkpmedml-1,Cluster 5,0,67.19
Q1-TA-4_HGD-1,cjandopn-1,Cluster 4,0,70.17
Q1-TA-4_HGD-1,cjangmia-1,Cluster 12,0,146.26
Q1-TA-4_HGD-1,gkpinjga-1,Cluster 5,0,69.72
Q1-TA-4_HGD-1,cjannoki-1,Cluster 12,0,138.90
Q1-TA-4_HGD-1,cjannneh-1,Cluster 15,0,44.61
Q1-TA-4_HGD-1,gkpmgmde-1,Cluster 5,0,155.65
Q1-TA-4_HGD-1,gkpgikfb-1,Cluster 4,0,39.20
Q1-TA-4_HGD-1,gkpgigeg-1,Cluster 13,0,19.33
Q1-TA-4_HGD-1,gkpfmneo-1,Cluster 5,0,69.72
Q1-TA-4_HGD-1,cjalblpl-1,Cluster 5,0,52.25
Q1-TA-4_HGD-1,gkpjaipf-1,Cluster 4,0,56.08
Q1-TA-4_HGD-1,cjaldboe-1,Cluster 5,0,83.58
Q1-TA-4_HGD-1,gkpfpelm-1,Cluster 4,0,137.64
Q1-TA-4_HGD-1,gkpfokdk-1,Cluster 1,0,31.56
Q1-TA-4_HGD-1,cjaldepg-1,Cluster 5,0,104.31
Q1-TA-4_HGD-1,cjamdcif-1,Cluster 4,0,144.09
Q1-TA-4_HGD-1,gkpjmjec-1,Cluster 2,0,76.09
Q1-TA-4_HGD-1,cjamgaog-1,Cluster 4,0,126.62
Q1-TA-4_HGD-1,cjameenl-1,Cluster 12,0,88.05
Q1-TA-4_HGD-1,gkpfmnfn-1,Cluster 4,0,94.38
Q1-TA-4_HGD-1,gkpjkmif-1,Cluster 5,0,41.86
Q1-TA-4_HGD-1,gkpjnfbm-1,Cluster 5,0,46.96
Q1-TA-4_HGD-1,gkpjkaeo-1,Cluster 5,0,116.86
Q1-TA-4_HGD-1,gkpjknjk-1,Cluster 25,0,52.79
Q1-TA-4_HGD-1,cjamfgjh-1,Cluster 4,0,97.04
Q1-TA-4_HGD-1,glabagli-1,Cluster 2,0,46.56
Q1-TA-4_HGD-1,cjacgoac-1,Cluster 12,0,49.99
Q1-TA-4_HGD-1,glaanhge-1,Cluster 2,0,30.80
Q1-TA-4_HGD-1,cjacgpfk-1,Cluster 4,0,53.65
Q1-TA-4_HGD-1,cjacafeo-1,Cluster 4,0,81.55
Q1-TA-4_HGD-1,cjabpmnm-1,Cluster 2,0,33.19
Q1-TA-4_HGD-1,gkppcbfl-1,Cluster 13,0,57.30
Q1-TA-4_HGD-1,cjabnmdc-1,Cluster 12,0,55.63
Q1-TA-4_HGD-1,gkppkgng-1,Cluster 12,0,35.63
Q1-TA-4_HGD-1,gkppnkci-1,Cluster 4,0,33.19
Q1-TA-4_HGD-1,glaaoffn-1,Cluster 5,0,84.40
Q1-TA-4_HGD-1,cjaciknk-1,Cluster 4,0,49.85
Q1-TA-4_HGD-1,cjablika-1,Cluster 4,0,78.53
Q1-TA-4_HGD-1,cjachodp-1,Cluster 4,0,29.76
Q1-TA-4_HGD-1,gkppbjka-1,Cluster 2,0,39.51
Q1-TA-4_HGD-1,cjbkkmcc-1,Cluster 4,0,84.31
Q1-TA-4_HGD-1,cjalabgb-1,Cluster 12,0,70.58
Q1-TA-4_HGD-1,gkpelmbc-1,Cluster 4,0,69.99
Q1-TA-4_HGD-1,cjbkjlhk-1,Cluster 4,0,64.66
Q1-TA-4_HGD-1,gkpobcok-1,Cluster 5,0,135.51
Q1-TA-4_HGD-1,cjbenfck-1,Cluster 8,0,140.44
Q1-TA-4_HGD-1,cjaoolcc-1,Cluster 4,0,74.37
Q1-TA-4_HGD-1,gkpoiabb-1,Cluster 8,0,91.40
Q1-TA-4_HGD-1,gkpfbilp-1,Cluster 5,0,205.96
Q1-TA-4_HGD-1,gkpodped-1,Cluster 4,0,64.39
Q1-TA-4_HGD-1,gkppacdi-1,Cluster 2,0,48.95
Q1-TA-4_HGD-1,gkppbcok-1,Cluster 4,0,46.15
Q1-TA-4_HGD-1,gkppbdap-1,Cluster 4,0,125.81
Q1-TA-4_HGD-1,gkppbbbn-1,Cluster 13,0,62.63
Q1-TA-4_HGD-1,gkpgobfa-1,Cluster 4,0,121.52
Q1-TA-4_HGD-1,cjaoiigj-1,Cluster 4,0,89.32
Q1-TA-4_HGD-1,gkppafmj-1,Cluster 4,0,92.57
Q1-TA-4_HGD-1,cjaonopl-1,Cluster 12,0,124.99
Q1-TA-4_HGD-1,gkplokeh-1,Cluster 7,0,18.83
Q1-TA-4_HGD-1,gkpelnbe-1,Cluster 5,0,26.46
Q1-TA-4_HGD-1,gkpepieo-1,Cluster 5,0,51.88
Q1-TA-4_HGD-1,cjbfmdca-1,Cluster 5,0,152.04
Q1-TA-4_HGD-1,gkphomie-1,Cluster 4,0,97.81
Q1-TA-4_HGD-1,gkpibdhc-1,Cluster 4,0,11.65
Q1-TA-4_HGD-1,gkphkdpo-1,Cluster 5,0,55.05
Q1-TA-4_HGD-1,gkphpkki-1,Cluster 5,0,99.12
Q1-TA-4_HGD-1,gkphhkll-1,Cluster 2,0,109.50
Q1-TA-4_HGD-1,cjbfldag-1,Cluster 5,0,129.69
Q1-TA-4_HGD-1,cjbgcmjf-1,Cluster 4,0,61.50
Q1-TA-4_HGD-1,cjbgblfl-1,Cluster 12,0,80.42
Q1-TA-4_HGD-1,cjbfkknh-1,Cluster 13,0,73.88
Q1-TA-4_HGD-1,gkpgkjag-1,Cluster 5,0,64.39
Q1-TA-4_HGD-1,gkpflgan-1,Cluster 4,0,54.73
Q1-TA-4_HGD-1,gkpgfjok-1,Cluster 4,0,56.26
Q1-TA-4_HGD-1,cjbgbbpp-1,Cluster 12,0,51.79
Q1-TA-4_HGD-1,cjbgblcg-1,Cluster 12,0,40.82
Q1-TA-4_HGD-1,gkphliac-1,Cluster 4,0,43.35
Q1-TA-4_HGD-1,cjbfooig-1,Cluster 4,0,29.67
Q1-TA-4_HGD-1,gkpfhlhe-1,Cluster 5,0,65.39
Q1-TA-4_HGD-1,gkphliba-1,Cluster 4,0,75.19
Q1-TA-4_HGD-1,gkpgmeio-1,Cluster 4,0,71.44
Q1-TA-4_HGD-1,gkpfmbff-1,Cluster 5,0,53.74
Q1-TA-4_HGD-1,gkpgfieh-1,Cluster 4,0,18.47
Q1-TA-4_HGD-1,gkpgbngj-1,Cluster 4,0,15.58
Q1-TA-4_HGD-1,gkpgapmm-1,Cluster 4,0,30.62
Q1-TA-4_HGD-1,gkpghgld-1,Cluster 4,0,54.19
Q1-TA-4_HGD-1,gkpgddej-1,Cluster 4,0,96.05
Q1-TA-4_HGD-1,gkpfhplc-1,Cluster 5,0,261.41
Q1-TA-4_HGD-1,cjbfekhl-1,Cluster 4,0,65.61
Q1-TA-4_HGD-1,gkpgdhhi-1,Cluster 4,0,30.98
Q1-TA-4_HGD-1,gkpgbhfa-1,Cluster 4,0,44.57
Q1-TA-4_HGD-1,gkpgbmlp-1,Cluster 4,0,79.70
Q1-TA-4_HGD-1,gkpgfadj-1,Cluster 5,0,65.66
Q1-TA-4_HGD-1,gkpalkde-1,Cluster 4,0,71.98
Q1-TA-4_HGD-1,cjbhhbio-1,Cluster 2,0,55.18
Q1-TA-4_HGD-1,cjbhfcjh-1,Cluster 5,0,29.44
Q1-TA-4_HGD-1,cjbhbnkf-1,Cluster 4,0,78.66
Q1-TA-4_HGD-1,gkpaifhj-1,Cluster 5,0,56.58
Q1-TA-4_HGD-1,gkpalflg-1,Cluster 2,0,11.74
Q1-TA-4_HGD-1,gkpakogf-1,Cluster 4,0,107.47
Q1-TA-4_HGD-1,cjbiaaah-1,Cluster 4,0,125.44
Q1-TA-4_HGD-1,cjbhljkf-1,Cluster 13,0,63.17
Q1-TA-4_HGD-1,cjbhkeok-1,Cluster 4,0,44.16
Q1-TA-4_HGD-1,cjbgkmca-1,Cluster 5,0,67.28
Q1-TA-4_HGD-1,cjbhjfmp-1,Cluster 5,0,130.59
Q1-TA-4_HGD-1,cjbgmpai-1,Cluster 5,0,73.83
Q1-TA-4_HGD-1,cjbenhfd-1,Cluster 2,0,25.15
Q1-TA-4_HGD-1,cjbgokdh-1,Cluster 4,0,94.69
Q1-TA-4_HGD-1,cjbgnhgm-1,Cluster 8,0,85.39
Q1-TA-4_HGD-1,gkpfgede-1,Cluster 5,0,84.04
Q1-TA-4_HGD-1,gkpgolnj-1,Cluster 4,0,61.86
Q1-TA-4_HGD-1,gkphcgga-1,Cluster 4,0,48.50
Q1-TA-4_HGD-1,gkphfcdl-1,Cluster 5,0,252.33
Q1-TA-4_HGD-1,cjbfegnn-1,Cluster 5,0,80.47
Q1-TA-4_HGD-1,cjbfdnhe-1,Cluster 2,0,52.83
Q1-TA-4_HGD-1,gkpiflnc-1,Cluster 4,0,48.54
Q1-TA-4_HGD-1,cjbenjej-1,Cluster 5,0,54.59
Q1-TA-4_HGD-1,cjbepomi-1,Cluster 5,0,63.08
Q1-TA-4_HGD-1,gkpicmmj-1,Cluster 5,0,75.68
Q1-TA-4_HGD-1,cjbgcedi-1,Cluster 5,0,76.63
Q1-TA-4_HGD-1,cjbielak-1,Cluster 4,0,38.16
Q1-TA-4_HGD-1,gkpbccfl-1,Cluster 5,0,40.60
Q1-TA-4_HGD-1,gkpnogdk-1,Cluster 5,0,55.95
Q1-TA-4_HGD-1,gkpbceld-1,Cluster 5,0,17.70
Q1-TA-4_HGD-1,cjbbfhgf-1,Cluster 5,0,74.15
Q1-TA-4_HGD-1,glabmnjn-1,Cluster 4,0,39.92
Q1-TA-4_HGD-1,gkpbaceh-1,Cluster 5,0,94.96
Q1-TA-4_HGD-1,gkpbabgm-1,Cluster 5,0,97.58
Q1-TA-4_HGD-1,cjblaoim-1,Cluster 5,0,74.37
Q1-TA-4_HGD-1,cjbbcjnm-1,Cluster 23,0,97.99
Q1-TA-4_HGD-1,cjbbecep-1,Cluster 2,0,29.53
Q1-TA-4_HGD-1,cjbbbpho-1,Cluster 4,0,50.44
Q1-TA-4_HGD-1,glabeanb-1,Cluster 4,0,22.26
Q1-TA-4_HGD-1,glabemgm-1,Cluster 12,0,35.85
Q1-TA-4_HGD-1,glabkhnd-1,Cluster 2,0,54.10
Q1-TA-4_HGD-1,gkpbnebf-1,Cluster 4,0,61.19
Q1-TA-4_HGD-1,glabmpei-1,Cluster 12,0,99.71
Q1-TA-4_HGD-1,glaalong-1,Cluster 2,0,33.33
Q1-TA-4_HGD-1,glaacecd-1,Cluster 13,0,36.22
Q1-TA-4_HGD-1,glabidhf-1,Cluster 2,0,86.16
Q1-TA-4_HGD-1,glabobcl-1,Cluster 4,0,36.40
Q1-TA-4_HGD-1,gkpppcbc-1,Cluster 2,0,41.86
Q1-TA-4_HGD-1,cjbkjgko-1,Cluster 2,0,68.41
Q1-TA-4_HGD-1,cjbhbjom-1,Cluster 4,0,36.40
Q1-TA-4_HGD-1,cjbkongl-1,Cluster 12,0,39.06
Q1-TA-4_HGD-1,cjbapdai-1,Cluster 12,0,97.36
Q1-TA-4_HGD-1,cjbkljdl-1,Cluster 4,0,45.20
Q1-TA-4_HGD-1,cjaccdgc-1,Cluster 13,0,38.02
Q1-TA-4_HGD-1,glabholb-1,Cluster 4,0,58.43
Q1-TA-4_HGD-1,glaaccgi-1,Cluster 12,0,69.13
Q1-TA-4_HGD-1,cjbidjef-1,Cluster 5,0,35.36
Q1-TA-4_HGD-1,cjbheebp-1,Cluster 4,0,29.17
Q1-TA-4_HGD-1,gkpcmddg-1,Cluster 5,0,83.40
Q1-TA-4_HGD-1,cjbbbodf-1,Cluster 12,0,63.44
Q1-TA-4_HGD-1,cjbbapbk-1,Cluster 2,0,35.45
Q1-TA-4_HGD-1,glabiddk-1,Cluster 4,0,248.40
Q1-TA-4_HGD-1,cjbbnbmg-1,Cluster 5,0,29.53
Q1-TA-4_HGD-1,cjbdidbg-1,Cluster 23,0,74.91
Q1-TA-4_HGD-1,gladcmig-1,Cluster 5,0,134.52
Q1-TA-4_HGD-1,gladcpfj-1,Cluster 19,0,118.17
Q1-TA-4_HGD-1,gladdlgf-1,Cluster 5,0,108.65
Q1-TA-4_HGD-1,gladblkm-1,Cluster 16,0,34.77
Q1-TA-4_HGD-1,cjbdhlgl-1,Cluster 5,0,30.93
Q1-TA-4_HGD-1,cjbailml-1,Cluster 2,0,32.47
Q1-TA-4_HGD-1,glacnabm-1,Cluster 5,0,102.19
Q1-TA-4_HGD-1,gkpbedlh-1,Cluster 5,0,55.41
Q1-TA-4_HGD-1,cjbaimgd-1,Cluster 15,0,32.47
Q1-TA-4_HGD-1,cjbbnlme-1,Cluster 23,0,46.01
Q1-TA-4_HGD-1,cjbbghii-1,Cluster 5,0,54.23
Q1-TA-4_HGD-1,cjbaigba-1,Cluster 23,0,46.01
Q1-TA-4_HGD-1,cjbbhbhm-1,Cluster 12,0,55.59
Q1-TA-4_HGD-1,cjbalhlj-1,Cluster 5,0,69.45
Q1-TA-4_HGD-1,cjbbgabb-1,Cluster 5,0,69.86
Q1-TA-4_HGD-1,cjbammao-1,Cluster 12,0,56.90
Q1-TA-4_HGD-1,gkpncapb-1,Cluster 6,0,81.51
Q1-TA-4_HGD-1,gkpneoml-1,Cluster 6,0,106.21
Q1-TA-4_HGD-1,gkpaonii-1,Cluster 4,0,17.34
Q1-TA-4_HGD-1,cjbbijoj-1,Cluster 5,0,37.75
Q1-TA-4_HGD-1,glabhfgh-1,Cluster 5,0,114.29
Q1-TA-4_HGD-1,glabieap-1,Cluster 5,0,93.16
Q1-TA-4_HGD-1,gkpblgnk-1,Cluster 4,0,48.81
Q1-TA-4_HGD-1,gkpcdjob-1,Cluster 4,0,28.67
Q1-TA-4_HGD-1,gkpcbcga-1,Cluster 5,0,60.46
Q1-TA-4_HGD-1,cjbdganh-1,Cluster 5,0,60.01
Q1-TA-4_HGD-1,gkpbnkgm-1,Cluster 5,0,22.89
Q1-TA-4_HGD-1,glabgmoj-1,Cluster 2,0,45.38
Q1-TA-4_HGD-1,gkpbdick-1,Cluster 5,0,32.60
Q1-TA-4_HGD-1,glabiomp-1,Cluster 4,0,33.10
Q1-TA-4_HGD-1,gkpbdmib-1,Cluster 23,0,61.19
Q1-TA-4_HGD-1,glabikfa-1,Cluster 4,0,30.71
Q1-TA-4_HGD-1,cjbdmgeh-1,Cluster 4,0,18.56
Q1-TA-4_HGD-1,cjbekpbg-1,Cluster 4,0,30.62
Q1-TA-4_HGD-1,cjbeloji-1,Cluster 5,0,32.69
Q1-TA-4_HGD-1,cjbeahbf-1,Cluster 2,0,14.59
Q1-TA-4_HGD-1,cjbegkaf-1,Cluster 4,0,27.46
Q1-TA-4_HGD-1,cjbiimpf-1,Cluster 2,0,28.13
Q1-TA-4_HGD-1,cjbjekbp-1,Cluster 2,0,29.35
Q1-TA-4_HGD-1,cjbecaoo-1,Cluster 2,0,52.56
Q1-TA-4_HGD-1,cjbjdlkn-1,Cluster 5,0,23.21
Q1-TA-4_HGD-1,gkpanbpo-1,Cluster 2,0,30.03
Q1-TA-4_HGD-1,gkpanaii-1,Cluster 4,0,21.99
Q1-TA-4_HGD-1,cjbicjei-1,Cluster 5,0,73.42
Q1-TA-4_HGD-1,cjbjpdjd-1,Cluster 5,0,51.66
Q1-TA-4_HGD-1,cjbjgdno-1,Cluster 4,0,18.60
Q1-TA-4_HGD-1,cjbjcjbi-1,Cluster 4,0,21.04
Q1-TA-4_HGD-1,cjbjifph-1,Cluster 5,0,42.40
Q1-TA-4_HGD-1,cjbifdbd-1,Cluster 4,0,16.03
Q1-TA-4_HGD-1,cjbjahlg-1,Cluster 4,0,23.30
Q1-TA-4_HGD-1,gkpcncdd-1,Cluster 4,0,14.40
Q1-TA-4_HGD-1,cjbikigf-1,Cluster 5,0,19.69
Q1-TA-4_HGD-1,cjbianfm-1,Cluster 5,0,44.57
Q1-TA-4_HGD-1,cjbjneae-1,Cluster 5,0,38.65
Q1-TA-4_HGD-1,cjbjbkig-1,Cluster 5,0,25.78
Q1-TA-4_HGD-1,cjbjligf-1,Cluster 5,0,94.38
Q1-TA-4_HGD-1,cjbiniaf-1,Cluster 4,0,26.91
Q1-TA-4_HGD-1,cjbjagoo-1,Cluster 5,0,15.08
Q1-TA-4_HGD-1,cjbinnnd-1,Cluster 4,0,70.76
Q1-TA-4_HGD-1,cjbgppdi-1,Cluster 4,0,47.69
Q1-TA-4_HGD-1,gkpakifn-1,Cluster 4,0,31.20
Q1-TA-4_HGD-1,gkpajpki-1,Cluster 5,0,54.32
Q1-TA-4_HGD-1,gkpakjhp-1,Cluster 4,0,64.84
Q1-TA-4_HGD-1,cjbihccf-1,Cluster 5,0,37.57
Q1-TA-4_HGD-1,cjbhanfh-1,Cluster 4,0,32.38
Q1-TA-4_HGD-1,gkopmgbb-1,Cluster 5,0,28.00
Q1-TA-4_HGD-1,gkpceljf-1,Cluster 2,0,16.75
Q1-TA-4_HGD-1,gkpdoeen-1,Cluster 4,0,21.58
Q1-TA-4_HGD-1,gkpclfba-1,Cluster 2,0,20.55
Q1-TA-4_HGD-1,cjbdcpdh-1,Cluster 2,0,25.33
Q1-TA-4_HGD-1,gkpadjmg-1,Cluster 5,0,18.20
Q1-TA-4_HGD-1,cjbdapgd-1,Cluster 4,0,18.47
Q1-TA-4_HGD-1,cjbdklhg-1,Cluster 5,0,34.59
Q1-TA-4_HGD-1,gkopnbci-1,Cluster 4,0,26.10
Q1-TA-4_HGD-1,gkpcgmcb-1,Cluster 5,0,19.60
Q1-TA-4_HGD-1,gkpacdjk-1,Cluster 12,0,71.98
Q1-TA-4_HGD-1,gkpeblim-1,Cluster 8,0,30.71
Q1-TA-4_HGD-1,gkpeajnn-1,Cluster 2,0,31.38
Q1-TA-4_HGD-1,gkpealgl-1,Cluster 2,0,17.07
Q1-TA-4_HGD-1,cjbdkfdj-1,Cluster 5,0,36.62
Q1-TA-4_HGD-1,cjbdcnpf-1,Cluster 5,0,22.08
Q1-TA-4_HGD-1,gkpafafk-1,Cluster 5,0,31.74
Q1-TA-4_HGD-1,cjbdagmj-1,Cluster 5,0,44.66
Q1-TA-4_HGD-1,gkopmpdk-1,Cluster 2,0,26.69
Q1-TA-4_HGD-1,gkopkbgg-1,Cluster 2,0,29.89
Q1-TA-4_HGD-1,gkpacbao-1,Cluster 5,0,34.50
Q1-TA-4_HGD-1,cjbdjpnb-1,Cluster 2,0,30.89
Q1-TA-4_HGD-1,gkopocfm-1,Cluster 5,0,32.02
Q1-TA-4_HGD-1,gkpaonem-1,Cluster 5,0,34.09
Q1-TA-4_HGD-1,gkpanagm-1,Cluster 4,0,30.57
Q1-TA-4_HGD-1,cjbdehjk-1,Cluster 2,0,43.80
Q1-TA-4_HGD-1,cjbdobii-1,Cluster 5,0,23.93
Q1-TA-4_HGD-1,gkopneia-1,Cluster 5,0,21.68
Q1-TA-4_HGD-1,cjbddfdl-1,Cluster 5,0,50.08
Q1-TA-4_HGD-1,cjbdcpnk-1,Cluster 2,0,47.82
Q1-TA-4_HGD-1,cjbdkpgj-1,Cluster 2,0,23.84
Q1-TA-4_HGD-1,cjbehidj-1,Cluster 4,0,17.57
Q1-TA-4_HGD-1,ckibdeif-1,Cluster 4,0,81.24
Q1-TA-4_HGD-1,hjdmkfjd-1,Cluster 4,0,36.22
Q1-TA-4_HGD-1,gfepmeij-1,Cluster 22,0,21.63
Q1-TA-4_HGD-1,ofhmcngm-1,Cluster 22,0,25.92
Q1-TA-4_HGD-1,hjdnneoh-1,Cluster 22,0,27.64
Q1-TA-4_HGD-1,hjdplagm-1,Cluster 7,0,11.92
Q1-TA-4_HGD-1,hjdnknkm-1,Cluster 22,0,17.84
Q1-TA-4_HGD-1,ckilcpkd-1,Cluster 4,0,101.87
Q1-TA-4_HGD-1,hjdnklbh-1,Cluster 22,0,12.96
Q1-TA-4_HGD-1,hjdpogog-1,Cluster 5,0,113.52
Q1-TA-4_HGD-1,hjebaiie-1,Cluster 5,0,77.35
Q1-TA-4_HGD-1,ckilhbmn-1,Cluster 5,0,120.57
Q1-TA-4_HGD-1,hjebhham-1,Cluster 5,0,52.02
Q1-TA-4_HGD-1,hjdmodnd-1,Cluster 22,0,14.40
Q1-TA-4_HGD-1,hjdncgdh-1,Cluster 22,0,20.37
Q1-TA-4_HGD-1,ckilgiag-1,Cluster 5,0,59.92
Q1-TA-4_HGD-1,hjdmplkh-1,Cluster 22,0,25.74
Q1-TA-4_HGD-1,hjfkbokf-1,Cluster 14,0,7.36
Q1-TA-4_HGD-1,hjdnbkfl-1,Cluster 22,0,16.30
Q1-TA-4_HGD-1,hjdmbnlh-1,Cluster 14,0,18.88
Q1-TA-4_HGD-1,hjdmacjf-1,Cluster 14,0,15.76
Q1-TA-4_HGD-1,ckileien-1,Cluster 5,0,69.86
Q1-TA-4_HGD-1,hjdndggg-1,Cluster 14,0,23.80
Q1-TA-4_HGD-1,hjdlfpoc-1,Cluster 22,0,20.28
Q1-TA-4_HGD-1,hjdlnkak-1,Cluster 14,0,33.10
Q1-TA-4_HGD-1,hjdnffkj-1,Cluster 22,0,25.29
Q1-TA-4_HGD-1,ofhmocci-1,Cluster 14,0,9.57
Q1-TA-4_HGD-1,ofhjpepe-1,Cluster 14,0,5.46
Q1-TA-4_HGD-1,ofhjoekh-1,Cluster 14,0,29.22
Q1-TA-4_HGD-1,ckiliala-1,Cluster 5,0,121.92
Q1-TA-4_HGD-1,ofhjapni-1,Cluster 22,0,62.77
Q1-TA-4_HGD-1,ofhinmoa-1,Cluster 1,0,122.19
Q1-TA-4_HGD-1,ofhmloem-1,Cluster 22,0,54.55
Q1-TA-4_HGD-1,ofhinljd-1,Cluster 22,0,23.17
Q1-TA-4_HGD-1,hjdlhipf-1,Cluster 22,0,22.89
Q1-TA-4_HGD-1,ofhimeoe-1,Cluster 22,0,31.38
Q1-TA-4_HGD-1,ofhinigd-1,Cluster 22,0,47.05
Q1-TA-4_HGD-1,hjdmdchc-1,Cluster 14,0,19.64
Q1-TA-4_HGD-1,hjdnhmej-1,Cluster 22,0,16.53
Q1-TA-4_HGD-1,ckilibha-1,Cluster 5,0,89.09
Q1-TA-4_HGD-1,hjeankdp-1,Cluster 5,0,154.66
Q1-TA-4_HGD-1,gjlmfipo-1,Cluster 5,0,108.38
Q1-TA-4_HGD-1,gfeplgll-1,Cluster 22,0,21.77
Q1-TA-4_HGD-1,oenmncfg-1,Cluster 14,0,47.50
Q1-TA-4_HGD-1,oenmafkh-1,Cluster 22,0,41.45
Q1-TA-4_HGD-1,oennccjf-1,Cluster 22,0,17.07
Q1-TA-4_HGD-1,hjdohhcl-1,Cluster 22,0,21.09
Q1-TA-4_HGD-1,oennlcdg-1,Cluster 22,0,19.51
Q1-TA-4_HGD-1,oennkifl-1,Cluster 14,0,7.27
Q1-TA-4_HGD-1,oenlndjg-1,Cluster 22,0,15.85
Q1-TA-4_HGD-1,oenncemm-1,Cluster 22,0,82.68
Q1-TA-4_HGD-1,gfepjcab-1,Cluster 22,0,7.95
Q1-TA-4_HGD-1,oenncmlp-1,Cluster 22,0,23.03
Q1-TA-4_HGD-1,gfephffp-1,Cluster 14,0,64.17
Q1-TA-4_HGD-1,oennedlk-1,Cluster 22,0,30.07
Q1-TA-4_HGD-1,oennkemc-1,Cluster 14,0,47.41
Q1-TA-4_HGD-1,gffabnom-1,Cluster 14,0,35.40
Q1-TA-4_HGD-1,ckilolhb-1,Cluster 5,0,60.33
Q1-TA-4_HGD-1,gjlldkgh-1,Cluster 5,0,95.42
Q1-TA-4_HGD-1,gjllgdma-1,Cluster 5,0,204.20
Q1-TA-4_HGD-1,oenlkjjg-1,Cluster 14,0,7.41
Q1-TA-4_HGD-1,oenllkei-1,Cluster 14,0,7.27
Q1-TA-4_HGD-1,oenlnlcg-1,Cluster 22,0,31.93
Q1-TA-4_HGD-1,gfeoblea-1,Cluster 22,0,23.66
Q1-TA-4_HGD-1,hjdofmih-1,Cluster 22,0,47.10
Q1-TA-4_HGD-1,hjdolfgp-1,Cluster 1,0,30.75
Q1-TA-4_HGD-1,hjdomaba-1,Cluster 22,0,9.26
Q1-TA-4_HGD-1,hjdomahb-1,Cluster 22,0,10.84
Q1-TA-4_HGD-1,oenmklke-1,Cluster 22,0,25.69
Q1-TA-4_HGD-1,ckijoikd-1,Cluster 5,0,136.73
Q1-TA-4_HGD-1,ckijojpp-1,Cluster 5,0,50.39
Q1-TA-4_HGD-1,ofhkabmc-1,Cluster 22,0,25.87
Q1-TA-4_HGD-1,hjeapjeb-1,Cluster 25,0,26.64
Q1-TA-4_HGD-1,hjdoflio-1,Cluster 6,0,46.38
Q1-TA-4_HGD-1,ckglndjl-1,Cluster 12,0,47.55
Q1-TA-4_HGD-1,ckgmdmfa-1,Cluster 4,0,53.65
Q1-TA-4_HGD-1,ckglopaj-1,Cluster 4,0,75.05
Q1-TA-4_HGD-1,ckgnnkej-1,Cluster 4,0,64.48
Q1-TA-4_HGD-1,ckgnihec-1,Cluster 12,0,182.16
Q1-TA-4_HGD-1,ckgnplkm-1,Cluster 5,0,65.66
Q1-TA-4_HGD-1,hjdmilia-1,Cluster 22,0,46.69
Q1-TA-4_HGD-1,ckgnngkj-1,Cluster 5,0,85.71
Q1-TA-4_HGD-1,ckgocppm-1,Cluster 5,0,77.94
Q1-TA-4_HGD-1,ofhnaeeh-1,Cluster 22,0,45.65
Q1-TA-4_HGD-1,ofhnagnj-1,Cluster 22,0,36.49
Q1-TA-4_HGD-1,ofhmgohj-1,Cluster 14,0,11.88
Q1-TA-4_HGD-1,ckgmjdhb-1,Cluster 4,0,70.49
Q1-TA-4_HGD-1,ckgnijkl-1,Cluster 5,0,77.71
Q1-TA-4_HGD-1,ofhncidl-1,Cluster 2,0,34.05
Q1-TA-4_HGD-1,ckgndlhp-1,Cluster 4,0,43.53
Q1-TA-4_HGD-1,hjdlgpjb-1,Cluster 7,0,23.35
Q1-TA-4_HGD-1,hjfkhjhj-1,Cluster 4,0,106.79
Q1-TA-4_HGD-1,ckggddml-1,Cluster 4,0,60.78
Q1-TA-4_HGD-1,hjdmjlpb-1,Cluster 14,0,22.31
Q1-TA-4_HGD-1,ckgnhjil-1,Cluster 4,0,19.10
Q1-TA-4_HGD-1,hjfkdmfa-1,Cluster 5,0,51.75
Q1-TA-4_HGD-1,ckgodadk-1,Cluster 4,0,49.58
Q1-TA-4_HGD-1,ofhmebkc-1,Cluster 22,0,40.37
Q1-TA-4_HGD-1,ofhnbnic-1,Cluster 22,0,68.82
Q1-TA-4_HGD-1,ckgmjgid-1,Cluster 5,0,62.50
Q1-TA-4_HGD-1,hjfkhnmg-1,Cluster 4,0,37.62
Q1-TA-4_HGD-1,ofhjfpea-1,Cluster 22,0,186.68
Q1-TA-4_HGD-1,hjfkcoef-1,Cluster 5,0,104.99
Q1-TA-4_HGD-1,ckgmpigc-1,Cluster 5,0,59.02
Q1-TA-4_HGD-1,ckgnegha-1,Cluster 2,0,34.86
Q1-TA-4_HGD-1,hjdlmehp-1,Cluster 14,0,42.27
Q1-TA-4_HGD-1,hjfiemnb-1,Cluster 7,0,10.75
Q1-TA-4_HGD-1,ofhjmcgl-1,Cluster 22,0,96.14
Q1-TA-4_HGD-1,ofhjlked-1,Cluster 22,0,31.74
Q1-TA-4_HGD-1,oenoanep-1,Cluster 22,0,50.35
Q1-TA-4_HGD-1,gfepjhmd-1,Cluster 22,0,20.05
Q1-TA-4_HGD-1,ckhebblp-1,Cluster 5,0,91.80
Q1-TA-4_HGD-1,gfeoenko-1,Cluster 14,0,17.39
Q1-TA-4_HGD-1,gfepjpod-1,Cluster 14,0,21.00
Q1-TA-4_HGD-1,oenmhpbf-1,Cluster 22,0,13.59
Q1-TA-4_HGD-1,gfeofmhp-1,Cluster 14,0,39.11
Q1-TA-4_HGD-1,hjdoegfk-1,Cluster 22,0,25.11
Q1-TA-4_HGD-1,ckhbgcna-1,Cluster 5,0,124.32
Q1-TA-4_HGD-1,oennplje-1,Cluster 14,0,48.32
Q1-TA-4_HGD-1,oenmekif-1,Cluster 22,0,48.27
Q1-TA-4_HGD-1,gfeoghop-1,Cluster 22,0,14.22
Q1-TA-4_HGD-1,gfeogcfg-1,Cluster 22,0,15.94
Q1-TA-4_HGD-1,oenmcgbl-1,Cluster 22,0,32.24
Q1-TA-4_HGD-1,ckhbekco-1,Cluster 5,0,209.30
Q1-TA-4_HGD-1,oenmlclk-1,Cluster 14,0,19.10
Q1-TA-4_HGD-1,ckhejkac-1,Cluster 12,0,202.53
Q1-TA-4_HGD-1,ckhbdgnm-1,Cluster 5,0,99.84
Q1-TA-4_HGD-1,ckhdncno-1,Cluster 5,0,56.54
Q1-TA-4_HGD-1,gfeoagha-1,Cluster 5,0,179.59
Q1-TA-4_HGD-1,gfepdlgf-1,Cluster 14,0,20.68
Q1-TA-4_HGD-1,gfepcnho-1,Cluster 14,0,21.68
Q1-TA-4_HGD-1,gfeojcmn-1,Cluster 22,0,40.55
Q1-TA-4_HGD-1,gfeojfee-1,Cluster 14,0,10.07
Q1-TA-4_HGD-1,hjdnppie-1,Cluster 22,0,30.39
Q1-TA-4_HGD-1,hjdnkgce-1,Cluster 5,0,86.65
Q1-TA-4_HGD-1,ckhbggjl-1,Cluster 5,0,80.02
Q1-TA-4_HGD-1,hjdnicco-1,Cluster 5,0,163.47
Q1-TA-4_HGD-1,ckgkfoch-1,Cluster 4,0,151.14
Q1-TA-4_HGD-1,hjdohjjp-1,Cluster 25,0,36.67
Q1-TA-4_HGD-1,ckgkbmjn-1,Cluster 5,0,106.21
Q1-TA-4_HGD-1,hjdojohl-1,Cluster 5,0,80.87
Q1-TA-4_HGD-1,ckgkfkbh-1,Cluster 4,0,151.73
Q1-TA-4_HGD-1,ckgkhiok-1,Cluster 4,0,55.86
Q1-TA-4_HGD-1,gfeombee-1,Cluster 14,0,10.07
Q1-TA-4_HGD-1,gffboeke-1,Cluster 7,0,7.90
Q1-TA-4_HGD-1,gffbpofg-1,Cluster 8,0,101.10
Q1-TA-4_HGD-1,gffdcofn-1,Cluster 22,0,13.19
Q1-TA-4_HGD-1,oenogbkk-1,Cluster 14,0,83.86
Q1-TA-4_HGD-1,oenoiagf-1,Cluster 22,0,16.84
Q1-TA-4_HGD-1,ofabjfdg-1,Cluster 22,0,19.60
Q1-TA-4_HGD-1,oenoeege-1,Cluster 22,0,50.35
Q1-TA-4_HGD-1,ofabjblj-1,Cluster 22,0,40.78
Q1-TA-4_HGD-1,gffcmeoh-1,Cluster 22,0,29.58
Q1-TA-4_HGD-1,gjmahhcd-1,Cluster 22,0,11.24
Q1-TA-4_HGD-1,gffcfoma-1,Cluster 7,0,42.18
Q1-TA-4_HGD-1,gjmakbjb-1,Cluster 22,0,21.72
Q1-TA-4_HGD-1,gffcnnlk-1,Cluster 22,0,9.08
Q1-TA-4_HGD-1,gffcmfhc-1,Cluster 1,0,43.94
Q1-TA-4_HGD-1,ofabjapn-1,Cluster 22,0,45.16
Q1-TA-4_HGD-1,gffcaeeh-1,Cluster 18,0,24.25
Q1-TA-4_HGD-1,ofabfdop-1,Cluster 14,0,5.37
Q1-TA-4_HGD-1,gjmaphib-1,Cluster 22,0,16.89
Q1-TA-4_HGD-1,gjmamapi-1,Cluster 22,0,11.29
Q1-TA-4_HGD-1,ofabkfph-1,Cluster 14,0,16.75
Q1-TA-4_HGD-1,gffcjnco-1,Cluster 5,0,156.60
Q1-TA-4_HGD-1,gffcnblb-1,Cluster 14,0,44.98
Q1-TA-4_HGD-1,gjmbadhe-1,Cluster 14,0,14.54
Q1-TA-4_HGD-1,gjmbopok-1,Cluster 22,0,11.06
Q1-TA-4_HGD-1,gffclhcp-1,Cluster 6,0,41.95
Q1-TA-4_HGD-1,gjmbepnk-1,Cluster 14,0,32.92
Q1-TA-4_HGD-1,gjmbdoco-1,Cluster 22,0,16.08
Q1-TA-4_HGD-1,gjmakcok-1,Cluster 22,0,27.46
Q1-TA-4_HGD-1,gjmagnng-1,Cluster 22,0,21.54
Q1-TA-4_HGD-1,gffcbekf-1,Cluster 14,0,15.04
Q1-TA-4_HGD-1,ofabjmhd-1,Cluster 14,0,129.28
Q1-TA-4_HGD-1,gjmbggdl-1,Cluster 7,0,21.81
Q1-TA-4_HGD-1,gffaiioc-1,Cluster 22,0,35.31
Q1-TA-4_HGD-1,gffadcog-1,Cluster 22,0,25.24
Q1-TA-4_HGD-1,gffacbhi-1,Cluster 14,0,7.59
Q1-TA-4_HGD-1,gffaipnc-1,Cluster 22,0,21.95
Q1-TA-4_HGD-1,ckibaidp-1,Cluster 4,0,92.48
Q1-TA-4_HGD-1,gkmocmkb-1,Cluster 7,0,12.19
Q1-TA-4_HGD-1,ckiagfdj-1,Cluster 5,0,44.25
Q1-TA-4_HGD-1,gjmdpmfh-1,Cluster 5,0,68.91
Q1-TA-4_HGD-1,gkjchkaj-1,Cluster 4,0,43.62
Q1-TA-4_HGD-1,gfelcjij-1,Cluster 4,0,70.22
Q1-TA-4_HGD-1,ckibadij-1,Cluster 2,0,28.00
Q1-TA-4_HGD-1,gfelagae-1,Cluster 5,0,58.84
Q1-TA-4_HGD-1,gfelaefg-1,Cluster 8,0,134.02
Q1-TA-4_HGD-1,gjmebmfc-1,Cluster 5,0,230.21
Q1-TA-4_HGD-1,ckiibkhf-1,Cluster 5,0,86.52
Q1-TA-4_HGD-1,ckiigbjj-1,Cluster 5,0,100.43
Q1-TA-4_HGD-1,ckiiajdp-1,Cluster 5,0,83.13
Q1-TA-4_HGD-1,gfemlfbm-1,Cluster 15,0,42.99
Q1-TA-4_HGD-1,ckiaopbg-1,Cluster 8,0,46.24
Q1-TA-4_HGD-1,ckiihinp-1,Cluster 5,0,39.83
Q1-TA-4_HGD-1,ckihpkcd-1,Cluster 5,0,51.57
Q1-TA-4_HGD-1,ckihlila-1,Cluster 5,0,92.48
Q1-TA-4_HGD-1,ckihbkmo-1,Cluster 5,0,75.95
Q1-TA-4_HGD-1,gfenbhnb-1,Cluster 5,0,127.02
Q1-TA-4_HGD-1,ckihkhao-1,Cluster 5,0,54.55
Q1-TA-4_HGD-1,ckiiiicb-1,Cluster 25,0,24.84
Q1-TA-4_HGD-1,gfelboog-1,Cluster 8,0,149.11
Q1-TA-4_HGD-1,gffeeomi-1,Cluster 5,0,206.36
Q1-TA-4_HGD-1,gffebcha-1,Cluster 14,0,14.95
Q1-TA-4_HGD-1,gfffgobf-1,Cluster 14,0,23.80
Q1-TA-4_HGD-1,gfffjame-1,Cluster 7,0,81.73
Q1-TA-4_HGD-1,gjmbhmpl-1,Cluster 22,0,21.99
Q1-TA-4_HGD-1,gfffeinj-1,Cluster 22,0,18.88
Q1-TA-4_HGD-1,gjmbjgmk-1,Cluster 14,0,8.76
Q1-TA-4_HGD-1,gjmbiobd-1,Cluster 6,0,42.90
Q1-TA-4_HGD-1,gffffggj-1,Cluster 7,0,53.06
Q1-TA-4_HGD-1,gjmbkanp-1,Cluster 22,0,27.00
Q1-TA-4_HGD-1,gjmbkdfb-1,Cluster 22,0,13.86
Q1-TA-4_HGD-1,gfejdbnm-1,Cluster 22,0,22.67
Q1-TA-4_HGD-1,gffdhcnb-1,Cluster 22,0,11.38
Q1-TA-4_HGD-1,oenpilog-1,Cluster 22,0,22.31
Q1-TA-4_HGD-1,gffdejhk-1,Cluster 22,0,27.82
Q1-TA-4_HGD-1,oenpbbjm-1,Cluster 22,0,17.97
Q1-TA-4_HGD-1,oenoiehl-1,Cluster 22,0,20.55
Q1-TA-4_HGD-1,gfejfklo-1,Cluster 22,0,24.88
Q1-TA-4_HGD-1,oenonpko-1,Cluster 22,0,19.51
Q1-TA-4_HGD-1,oenokapo-1,Cluster 14,0,103.99
Q1-TA-4_HGD-1,gfejcppe-1,Cluster 6,0,49.40
Q1-TA-4_HGD-1,oenoollc-1,Cluster 22,0,52.02
Q1-TA-4_HGD-1,gffdepdb-1,Cluster 6,0,69.90
Q1-TA-4_HGD-1,gfeilnfb-1,Cluster 22,0,16.48
Q1-TA-4_HGD-1,gffbacaa-1,Cluster 22,0,30.66
Q1-TA-4_HGD-1,gffdnmef-1,Cluster 22,0,20.59
Q1-TA-4_HGD-1,gfejjppm-1,Cluster 22,0,13.19
Q1-TA-4_HGD-1,oenlfcpa-1,Cluster 1,0,116.46
Q1-TA-4_HGD-1,gffbbkhk-1,Cluster 22,0,14.59
Q1-TA-4_HGD-1,gffaolmc-1,Cluster 14,0,12.87
Q1-TA-4_HGD-1,oenobpen-1,Cluster 22,0,34.86
Q1-TA-4_HGD-1,gffdikno-1,Cluster 14,0,8.62
Q1-TA-4_HGD-1,oenobgdm-1,Cluster 14,0,10.34
Q1-TA-4_HGD-1,oenoedca-1,Cluster 22,0,16.17
Q1-TA-4_HGD-1,gffdiolc-1,Cluster 14,0,18.83
Q1-TA-4_HGD-1,oenlepbp-1,Cluster 22,0,126.98
Q1-TA-4_HGD-1,oenldjjl-1,Cluster 5,0,119.08
Q1-TA-4_HGD-1,oennlfno-1,Cluster 14,0,43.35
Q1-TA-4_HGD-1,gffcghkl-1,Cluster 22,0,43.03
Q1-TA-4_HGD-1,oenlicam-1,Cluster 14,0,59.02
Q1-TA-4_HGD-1,gffdjokm-1,Cluster 22,0,60.42
Q1-TA-4_HGD-1,gfepnnie-1,Cluster 14,0,8.08
Q1-TA-4_HGD-1,gffchlfk-1,Cluster 22,0,28.13
Q1-TA-4_HGD-1,oennpmbg-1,Cluster 14,0,15.04
Q1-TA-4_HGD-1,gffcglpp-1,Cluster 14,0,10.25
Q1-TA-4_HGD-1,gfeplhha-1,Cluster 22,0,10.70
Q1-TA-4_HGD-1,gfejgnmh-1,Cluster 22,0,23.66
Q1-TA-4_HGD-1,gfendaap-1,Cluster 6,0,86.84
Q1-TA-4_HGD-1,gffdnnme-1,Cluster 14,0,16.71
Q1-TA-4_HGD-1,gfenhdep-1,Cluster 7,0,42.76
Q1-TA-4_HGD-1,gfekldlm-1,Cluster 5,0,91.62
Q1-TA-4_HGD-1,gfekhkon-1,Cluster 4,0,40.32
Q1-TA-4_HGD-1,gffemdig-1,Cluster 22,0,38.92
Q1-TA-4_HGD-1,gfffeehk-1,Cluster 6,0,49.81
Q1-TA-4_HGD-1,gfenkfon-1,Cluster 7,0,39.11
Q1-TA-4_HGD-1,gffdphkj-1,Cluster 14,0,10.21
Q1-TA-4_HGD-1,gffefkjo-1,Cluster 22,0,22.53
Q1-TA-4_HGD-1,gfemmikn-1,Cluster 4,0,222.85
Q1-TA-4_HGD-1,gffegdpg-1,Cluster 22,0,28.09
Q1-TA-4_HGD-1,oenkpmel-1,Cluster 1,0,34.14
Q1-TA-4_HGD-1,oenlbmeb-1,Cluster 22,0,28.22
Q1-TA-4_HGD-1,gfekefkl-1,Cluster 6,0,44.84
Q1-TA-4_HGD-1,oenjgdao-1,Cluster 14,0,26.96
Q1-TA-4_HGD-1,gfeneaeo-1,Cluster 7,0,44.16
Q1-TA-4_HGD-1,gfenjmma-1,Cluster 2,0,56.45
Q1-TA-4_HGD-1,gfelkmoc-1,Cluster 14,0,23.26
Q1-TA-4_HGD-1,gfekdgob-1,Cluster 14,0,21.49
Q1-TA-4_HGD-1,gfelihko-1,Cluster 18,0,19.73
Q1-TA-4_HGD-1,gfekmdnh-1,Cluster 4,0,24.61
Q1-TA-4_HGD-1,gfelmoho-1,Cluster 22,0,31.52
Q1-TA-4_HGD-1,gfelkmeg-1,Cluster 18,0,52.83
Q1-TA-4_HGD-1,gfejhknh-1,Cluster 22,0,30.84
Q1-TA-4_HGD-1,gfeimgkl-1,Cluster 22,0,25.20
Q1-TA-4_HGD-1,gffemadh-1,Cluster 6,0,16.26
Q1-TA-4_HGD-1,gffdffdm-1,Cluster 22,0,17.25
Q1-TA-4_HGD-1,oenpepib-1,Cluster 14,0,9.21
Q1-TA-4_HGD-1,gfejamnj-1,Cluster 22,0,35.94
Q1-TA-4_HGD-1,oenpjfog-1,Cluster 22,0,14.09
Q1-TA-4_HGD-1,oenpiomo-1,Cluster 22,0,20.64
Q1-TA-4_HGD-1,gfffilba-1,Cluster 22,0,32.29
Q1-TA-4_HGD-1,cjchhmbe-1,Cluster 4,0,31.79
Q1-TA-4_HGD-1,cjcfjdek-1,Cluster 5,0,16.66
Q1-TA-4_HGD-1,ckgpeeco-1,Cluster 2,0,33.69
Q1-TA-4_HGD-1,cjckfnig-1,Cluster 5,0,25.87
Q1-TA-4_HGD-1,ckglkgog-1,Cluster 2,0,34.45
Q1-TA-4_HGD-1,ckglefho-1,Cluster 5,0,58.88
Q1-TA-4_HGD-1,cjcdjbab-1,Cluster 25,0,28.67
Q1-TA-4_HGD-1,cjcmbgak-1,Cluster 2,0,44.48
Q1-TA-4_HGD-1,ckglmicg-1,Cluster 5,0,38.29
Q1-TA-4_HGD-1,ckgldlmf-1,Cluster 4,0,40.28
Q1-TA-4_HGD-1,hjdmmcdk-1,Cluster 5,0,76.72
Q1-TA-4_HGD-1,cjcljhoc-1,Cluster 2,0,31.34
Q1-TA-4_HGD-1,cjbkhfmj-1,Cluster 2,0,43.80
Q1-TA-4_HGD-1,cjbkghei-1,Cluster 5,0,27.18
Q1-TA-4_HGD-1,cjcjpoik-1,Cluster 4,0,21.49
Q1-TA-4_HGD-1,cjcdfkln-1,Cluster 2,0,25.06
Q1-TA-4_HGD-1,ckgpafnj-1,Cluster 4,0,34.86
Q1-TA-4_HGD-1,ckglccho-1,Cluster 4,0,16.71
Q1-TA-4_HGD-1,hjdmkkml-1,Cluster 5,0,57.85
Q1-TA-4_HGD-1,ckgkojki-1,Cluster 4,0,14.95
Q1-TA-4_HGD-1,cjbkcngd-1,Cluster 4,0,24.75
Q1-TA-4_HGD-1,ckgniabm-1,Cluster 5,0,49.08
Q1-TA-4_HGD-1,ckgknicj-1,Cluster 5,0,84.49
Q1-TA-4_HGD-1,ckgljclb-1,Cluster 4,0,47.78
Q1-TA-4_HGD-1,ckgfgchn-1,Cluster 5,0,140.26
Q1-TA-4_HGD-1,ckglgfci-1,Cluster 4,0,18.97
Q1-TA-4_HGD-1,cjckdgaf-1,Cluster 2,0,37.12
Q1-TA-4_HGD-1,ckgfkodg-1,Cluster 2,0,38.07
Q1-TA-4_HGD-1,cjcdjlji-1,Cluster 5,0,49.49
Q1-TA-4_HGD-1,cjckbpmh-1,Cluster 5,0,73.42
Q1-TA-4_HGD-1,cjbkfnhj-1,Cluster 12,0,43.94
Q1-TA-4_HGD-1,cjbkednl-1,Cluster 5,0,41.05
Q1-TA-4_HGD-1,ckglkhck-1,Cluster 23,0,77.04
Q1-TA-4_HGD-1,cjckeffj-1,Cluster 4,0,37.48
Q1-TA-4_HGD-1,ckgfijfb-1,Cluster 5,0,82.68
Q1-TA-4_HGD-1,ckggapif-1,Cluster 12,0,19.19
Q1-TA-4_HGD-1,ckgfikma-1,Cluster 5,0,48.32
Q1-TA-4_HGD-1,ckgghilh-1,Cluster 5,0,33.96
Q1-TA-4_HGD-1,ckgkjbia-1,Cluster 4,0,107.97
Q1-TA-4_HGD-1,cjcfjkpi-1,Cluster 5,0,17.25
Q1-TA-4_HGD-1,ckgmanfb-1,Cluster 12,0,48.50
Q1-TA-4_HGD-1,ckgohfjl-1,Cluster 4,0,72.61
Q1-TA-4_HGD-1,cjcjmnhl-1,Cluster 5,0,21.27
Q1-TA-4_HGD-1,cjcjnegb-1,Cluster 5,0,52.29
Q1-TA-4_HGD-1,cjclipph-1,Cluster 5,0,25.38
Q1-TA-4_HGD-1,cjcjndnf-1,Cluster 5,0,14.18
Q1-TA-4_HGD-1,ckgohcbn-1,Cluster 4,0,18.83
Q1-TA-4_HGD-1,ckgpfcek-1,Cluster 2,0,37.34
Q1-TA-4_HGD-1,ckgoejfg-1,Cluster 4,0,32.29
Q1-TA-4_HGD-1,cjckpbom-1,Cluster 4,0,15.80
Q1-TA-4_HGD-1,ckgofbgl-1,Cluster 5,0,21.09
Q1-TA-4_HGD-1,ckgpmnpj-1,Cluster 4,0,34.05
Q1-TA-4_HGD-1,ckgofmda-1,Cluster 4,0,25.87
Q1-TA-4_HGD-1,cjckhlde-1,Cluster 5,0,38.43
Q1-TA-4_HGD-1,ckgopdoe-1,Cluster 5,0,34.73
Q1-TA-4_HGD-1,hjdleeng-1,Cluster 5,0,29.31
Q1-TA-4_HGD-1,ckgpkenh-1,Cluster 4,0,24.02
Q1-TA-4_HGD-1,cjckjbje-1,Cluster 4,0,45.79
Q1-TA-4_HGD-1,ckgnnofp-1,Cluster 2,0,41.54
Q1-TA-4_HGD-1,ckgoihoi-1,Cluster 2,0,30.98
Q1-TA-4_HGD-1,ckgpdkad-1,Cluster 5,0,51.79
Q1-TA-4_HGD-1,ckgpccca-1,Cluster 25,0,96.59
Q1-TA-4_HGD-1,cjckjfli-1,Cluster 4,0,74.06
Q1-TA-4_HGD-1,ckgolfig-1,Cluster 2,0,73.47
Q1-TA-4_HGD-1,cjclbopb-1,Cluster 5,0,18.38
Q1-TA-4_HGD-1,ckgolfmf-1,Cluster 5,0,160.03
Q1-TA-4_HGD-1,cjckhhoa-1,Cluster 5,0,43.44
Q1-TA-4_HGD-1,ckgopnml-1,Cluster 2,0,60.51
Q1-TA-4_HGD-1,cjckfmkg-1,Cluster 4,0,16.30
Q1-TA-4_HGD-1,cjckgckp-1,Cluster 4,0,34.91
Q1-TA-4_HGD-1,ckgojejp-1,Cluster 5,0,101.96
Q1-TA-4_HGD-1,ckgoipdm-1,Cluster 4,0,32.11
Q1-TA-4_HGD-1,cjccknei-1,Cluster 12,0,26.24
Q1-TA-4_HGD-1,cjcecdcf-1,Cluster 2,0,22.85
Q1-TA-4_HGD-1,cjcfapkm-1,Cluster 4,0,23.75
Q1-TA-4_HGD-1,cjcfdfka-1,Cluster 12,0,23.80
Q1-TA-4_HGD-1,cjceocmo-1,Cluster 12,0,53.83
Q1-TA-4_HGD-1,cjcefbhk-1,Cluster 2,0,26.91
Q1-TA-4_HGD-1,cjcfcfhh-1,Cluster 5,0,27.86
Q1-TA-4_HGD-1,cjcefkja-1,Cluster 4,0,49.45
Q1-TA-4_HGD-1,cjcehkco-1,Cluster 2,0,24.25
Q1-TA-4_HGD-1,cjceoafc-1,Cluster 2,0,33.01
Q1-TA-4_HGD-1,cjcfajoj-1,Cluster 12,0,60.19
Q1-TA-4_HGD-1,cjcenceo-1,Cluster 12,0,36.22
Q1-TA-4_HGD-1,cjceemjf-1,Cluster 2,0,29.98
Q1-TA-4_HGD-1,cjceeljp-1,Cluster 2,0,31.38
Q1-TA-4_HGD-1,cjcfahig-1,Cluster 4,0,55.09
Q1-TA-4_HGD-1,cjcejjke-1,Cluster 5,0,17.20
Q1-TA-4_HGD-1,cjcdmcpo-1,Cluster 5,0,53.78
Q1-TA-4_HGD-1,cjcdlkla-1,Cluster 5,0,40.60
Q1-TA-4_HGD-1,glachomg-1,Cluster 1,0,21.45
Q1-TA-4_HGD-1,cjcdjbbo-1,Cluster 4,0,53.51
Q1-TA-4_HGD-1,glacfngc-1,Cluster 15,0,61.95
Q1-TA-4_HGD-1,cjcdndgh-1,Cluster 4,0,22.53
Q1-TA-4_HGD-1,cjceijmj-1,Cluster 5,0,47.78
Q1-TA-4_HGD-1,cjcdoied-1,Cluster 12,0,40.46
Q1-TA-4_HGD-1,gkoocbpk-1,Cluster 5,0,45.34
Q1-TA-4_HGD-1,cjcdoikk-1,Cluster 2,0,41.23
Q1-TA-4_HGD-1,glacdgmj-1,Cluster 21,0,94.56
Q1-TA-4_HGD-1,glacfonp-1,Cluster 3,0,122.42
Q1-TA-4_HGD-1,cjceolao-1,Cluster 4,0,28.45
Q1-TA-4_HGD-1,ofalamag-1,Cluster 19,0,125.72
Q1-TA-4_HGD-1,cjcdjpci-1,Cluster 15,0,52.25
Q1-TA-4_HGD-1,gladbgfc-1,Cluster 6,0,178.05
Q1-TA-4_HGD-1,gladempl-1,Cluster 5,0,111.85
Q1-TA-4_HGD-1,gladfkek-1,Cluster 5,0,53.19
Q1-TA-4_HGD-1,cjcdmhhi-1,Cluster 2,0,58.16
Q1-TA-4_HGD-1,cjcglahf-1,Cluster 4,0,19.10
Q1-TA-4_HGD-1,cjcgclcd-1,Cluster 5,0,36.76
Q1-TA-4_HGD-1,cjchobjf-1,Cluster 4,0,18.79
Q1-TA-4_HGD-1,cjcihjaj-1,Cluster 2,0,48.63
Q1-TA-4_HGD-1,cjcgheoo-1,Cluster 4,0,15.49
Q1-TA-4_HGD-1,cjchafko-1,Cluster 4,0,15.17
Q1-TA-4_HGD-1,cjcgniem-1,Cluster 4,0,36.31
Q1-TA-4_HGD-1,cjcfjknf-1,Cluster 5,0,19.10
Q1-TA-4_HGD-1,cjcgolek-1,Cluster 4,0,29.22
Q1-TA-4_HGD-1,cjcjbhli-1,Cluster 12,0,50.98
Q1-TA-4_HGD-1,cjcgndml-1,Cluster 4,0,27.23
Q1-TA-4_HGD-1,cjchaoaf-1,Cluster 2,0,21.99
Q1-TA-4_HGD-1,cjchbfgd-1,Cluster 12,0,37.98
Q1-TA-4_HGD-1,cjcifgfl-1,Cluster 12,0,102.55
Q1-TA-4_HGD-1,cjcgbgdm-1,Cluster 2,0,32.92
Q1-TA-4_HGD-1,cjcgbekd-1,Cluster 12,0,84.71
Q1-TA-4_HGD-1,cjcfolka-1,Cluster 12,0,36.40
Q1-TA-4_HGD-1,cjcgdppc-1,Cluster 2,0,28.36
Q1-TA-4_HGD-1,cjccdlei-1,Cluster 12,0,63.22
Q1-TA-4_HGD-1,cjcciedn-1,Cluster 5,0,65.25
Q1-TA-4_HGD-1,gkoodeic-1,Cluster 5,0,37.39
Q1-TA-4_HGD-1,gkokddpg-1,Cluster 5,0,34.50
Q1-TA-4_HGD-1,cjcfpanc-1,Cluster 5,0,21.54
Q1-TA-4_HGD-1,cjcgfoek-1,Cluster 4,0,25.20
Q1-TA-4_HGD-1,cjcclomc-1,Cluster 4,0,33.05
Q1-TA-4_HGD-1,cjcdekhk-1,Cluster 5,0,27.82
Q1-TA-4_HGD-1,gkoobege-1,Cluster 5,0,41.59
Q1-TA-4_HGD-1,gkooajjb-1,Cluster 25,0,25.87
Q1-TA-4_HGD-1,cjcchmno-1,Cluster 12,0,30.57
Q1-TA-4_HGD-1,cjccldjg-1,Cluster 5,0,17.57
Q1-TA-4_HGD-1,cjccpbhf-1,Cluster 4,0,36.44
Q1-TA-4_HGD-1,cjcciicg-1,Cluster 2,0,29.40
Q1-TA-4_HGD-1,gkonkhpj-1,Cluster 12,0,122.64
Q1-TA-4_HGD-1,cjccpaog-1,Cluster 12,0,33.19
Q1-TA-4_HGD-1,gkonbmcb-1,Cluster 24,0,70.08
Q1-TA-4_HGD-1,gkoimdnh-1,Cluster 4,0,30.93
Q1-TA-4_HGD-1,gffaogid-1,Cluster 14,0,18.11
Q1-TA-4_HGD-1,ckhfcolb-1,Cluster 4,0,459.56
Q1-TA-4_HGD-1,ckhffolf-1,Cluster 12,0,103.59
Q1-TA-4_HGD-1,ckhfbdep-1,Cluster 12,0,91.08
Q1-TA-4_HGD-1,ckhfekkb-1,Cluster 4,0,175.79
Q1-TA-4_HGD-1,cjcbklpf-1,Cluster 12,0,113.61
Q1-TA-4_HGD-1,gfenokll-1,Cluster 4,0,47.14
Q1-TA-4_HGD-1,ckhenjoo-1,Cluster 12,0,114.38
Q1-TA-4_HGD-1,ckhbdgmk-1,Cluster 5,0,164.68
Q1-TA-4_HGD-1,cjcjmfln-1,Cluster 5,0,59.74
Q1-TA-4_HGD-1,ckhcdoan-1,Cluster 2,0,53.37
Q1-TA-4_HGD-1,gkojbafe-1,Cluster 3,0,132.35
Q1-TA-4_HGD-1,ckgkhocn-1,Cluster 13,0,89.91
Q1-TA-4_HGD-1,ckhbmopa-1,Cluster 5,0,133.98
Q1-TA-4_HGD-1,ckhcahha-1,Cluster 5,0,75.59
Q1-TA-4_HGD-1,ckhdgpdl-1,Cluster 4,0,130.10
Q1-TA-4_HGD-1,gfeoaege-1,Cluster 4,0,99.84
Q1-TA-4_HGD-1,gkojfcka-1,Cluster 5,0,148.34
Q1-TA-4_HGD-1,ckhbglfc-1,Cluster 23,0,92.75
Q1-TA-4_HGD-1,gfennglk-1,Cluster 5,0,246.69
Q1-TA-4_HGD-1,gkonhlmo-1,Cluster 6,0,71.12
Q1-TA-4_HGD-1,ckgklcba-1,Cluster 5,0,135.06
Q1-TA-4_HGD-1,ckgkmega-1,Cluster 12,0,75.23
Q1-TA-4_HGD-1,ckhboeko-1,Cluster 5,0,71.71
Q1-TA-4_HGD-1,hjdomejk-1,Cluster 5,0,90.76
Q1-TA-4_HGD-1,cjcjlcki-1,Cluster 5,0,26.69
Q1-TA-4_HGD-1,ckgkihom-1,Cluster 5,0,117.27
Q1-TA-4_HGD-1,gkonamdh-1,Cluster 6,0,79.11
Q1-TA-4_HGD-1,ckhfanhh-1,Cluster 2,0,75.05
Q1-TA-4_HGD-1,ckhedkpb-1,Cluster 12,0,139.58
Q1-TA-4_HGD-1,gkojddnd-1,Cluster 16,0,24.52
Q1-TA-4_HGD-1,gkonjpka-1,Cluster 3,0,41.27
Q1-TA-4_HGD-1,cjcfjnoj-1,Cluster 5,0,15.04
Q1-TA-4_HGD-1,ckgkjfki-1,Cluster 4,0,39.74
Q1-TA-4_HGD-1,cjcjkmbf-1,Cluster 5,0,20.41
Q1-TA-4_HGD-1,gfelefak-1,Cluster 14,0,23.30
Q1-TA-4_HGD-1,gfellfbg-1,Cluster 14,0,23.12
Q1-TA-4_HGD-1,gfeligjd-1,Cluster 4,0,68.55
Q1-TA-4_HGD-1,gfemkpmm-1,Cluster 22,0,11.61
Q1-TA-4_HGD-1,gfemckbj-1,Cluster 22,0,8.58
Q1-TA-4_HGD-1,gfelobon-1,Cluster 14,0,11.61
Q1-TA-4_HGD-1,gfelline-1,Cluster 22,0,40.96
Q1-TA-4_HGD-1,gfelfdlf-1,Cluster 22,0,14.72
Q1-TA-4_HGD-1,gfelgllj-1,Cluster 14,0,17.29
Q1-TA-4_HGD-1,gfelgdlb-1,Cluster 22,0,11.79
Q1-TA-4_HGD-1,gffaldko-1,Cluster 22,0,68.77
Q1-TA-4_HGD-1,gfeilkmj-1,Cluster 22,0,5.64
Q1-TA-4_HGD-1,gffbnfba-1,Cluster 2,0,53.37
Q1-TA-4_HGD-1,gfelnkgc-1,Cluster 22,0,40.37
Q1-TA-4_HGD-1,gffbemdj-1,Cluster 22,0,27.23
Q1-TA-4_HGD-1,gffbhbbg-1,Cluster 22,0,47.69
Q1-TA-4_HGD-1,gffbigdg-1,Cluster 22,0,22.35
Q1-TA-4_HGD-1,gfelgeee-1,Cluster 22,0,8.13
Q1-TA-4_HGD-1,gffakkhp-1,Cluster 22,0,64.66
Q1-TA-4_HGD-1,gfejndlj-1,Cluster 22,0,27.14
Q1-TA-4_HGD-1,gffakfbm-1,Cluster 22,0,34.86
Q1-TA-4_HGD-1,gffbdngb-1,Cluster 22,0,46.06
Q1-TA-4_HGD-1,gffbnkgh-1,Cluster 14,0,17.29
Q1-TA-4_HGD-1,gffaniff-1,Cluster 14,0,31.34
Q1-TA-4_HGD-1,cjblgoja-1,Cluster 4,0,94.51
Q1-TA-4_HGD-1,glbdfakm-1,Cluster 13,0,57.57
Q1-TA-4_HGD-1,oenjipei-1,Cluster 22,0,46.33
Q1-TA-4_HGD-1,gkoikhhj-1,Cluster 2,0,28.36
Q1-TA-4_HGD-1,gfeigkcp-1,Cluster 22,0,22.22
Q1-TA-4_HGD-1,gfeiihii-1,Cluster 4,0,153.94
Q1-TA-4_HGD-1,gffbagbi-1,Cluster 22,0,70.40
Q1-TA-4_HGD-1,gkoikgkn-1,Cluster 12,0,125.76
Q1-TA-4_HGD-1,oenjhmgb-1,Cluster 14,0,31.16
Q1-TA-4_HGD-1,cjbllilk-1,Cluster 4,0,69.22
Q1-TA-4_HGD-1,cjcadaca-1,Cluster 12,0,106.30
Q1-TA-4_HGD-1,gkonhaea-1,Cluster 20,0,39.06
Q1-TA-4_HGD-1,cjcfkjdk-1,Cluster 5,0,58.57
Q1-TA-4_HGD-1,gkooooke-1,Cluster 5,0,148.11
Q1-TA-4_HGD-1,cjbommlj-1,Cluster 5,0,103.09
Q1-TA-4_HGD-1,cjbognom-1,Cluster 5,0,107.47
Q1-TA-4_HGD-1,gkonaehh-1,Cluster 5,0,130.23
Q1-TA-4_HGD-1,gkompfha-1,Cluster 3,0,94.11
Q1-TA-4_HGD-1,cjbooiek-1,Cluster 5,0,58.43
Q1-TA-4_HGD-1,gkojhdbn-1,Cluster 5,0,84.62
Q1-TA-4_HGD-1,cjbpobog-1,Cluster 5,0,134.34
Q1-TA-4_HGD-1,cjcaacaj-1,Cluster 5,0,91.85
Q1-TA-4_HGD-1,gkookbij-1,Cluster 5,0,44.43
Q1-TA-4_HGD-1,cjbofbij-1,Cluster 5,0,32.02
Q1-TA-4_HGD-1,gkommgik-1,Cluster 5,0,155.74
Q1-TA-4_HGD-1,gkookoae-1,Cluster 25,0,63.22
Q1-TA-4_HGD-1,gkopcbec-1,Cluster 5,0,119.03
Q1-TA-4_HGD-1,cjbohhmi-1,Cluster 5,0,150.91
Q1-TA-4_HGD-1,cjbpkjdm-1,Cluster 5,0,120.84
Q1-TA-4_HGD-1,gkoofiai-1,Cluster 6,0,58.30
Q1-TA-4_HGD-1,cjbohdkk-1,Cluster 15,0,48.41
Q1-TA-4_HGD-1,cjcinjbd-1,Cluster 4,0,44.93
Q1-TA-4_HGD-1,cjchhfdb-1,Cluster 2,0,32.87
Q1-TA-4_HGD-1,cjcfldkc-1,Cluster 5,0,72.16
Q1-TA-4_HGD-1,cjchbnfl-1,Cluster 5,0,58.97
Q1-TA-4_HGD-1,cjcfenii-1,Cluster 5,0,50.03
Q1-TA-4_HGD-1,cjcjhbhh-1,Cluster 12,0,65.79
Q1-TA-4_HGD-1,cjchedjp-1,Cluster 5,0,53.10
Q1-TA-4_HGD-1,cjcfjcgo-1,Cluster 5,0,99.03
Q1-TA-4_HGD-1,cjcfhlpn-1,Cluster 5,0,58.21
Q1-TA-4_HGD-1,cjcjddph-1,Cluster 23,0,79.79
Q1-TA-4_HGD-1,cjcheifp-1,Cluster 5,0,148.70
Q1-TA-4_HGD-1,gkoogajh-1,Cluster 5,0,49.85
Q1-TA-4_HGD-1,cjcicehk-1,Cluster 5,0,31.61
Q1-TA-4_HGD-1,cjcfeoee-1,Cluster 5,0,55.90
Q1-TA-4_HGD-1,cjbmajle-1,Cluster 13,0,85.80
Q1-TA-4_HGD-1,gkoikfnp-1,Cluster 4,0,61.41
Q1-TA-4_HGD-1,cjbloidp-1,Cluster 13,0,37.75
Q1-TA-4_HGD-1,cjbmfpod-1,Cluster 2,0,48.68
Q1-TA-4_HGD-1,gkoijmgn-1,Cluster 4,0,29.89
Q1-TA-4_HGD-1,cjcblfen-1,Cluster 2,0,54.46
Q1-TA-4_HGD-1,gkoihaif-1,Cluster 4,0,22.26
Q1-TA-4_HGD-1,cjbnddem-1,Cluster 2,0,93.07
Q1-TA-4_HGD-1,glbdffap-1,Cluster 4,0,22.71
Q1-TA-4_HGD-1,glbdkmco-1,Cluster 4,0,24.52
Q1-TA-4_HGD-1,glbdipkc-1,Cluster 2,0,33.78
Q1-TA-4_HGD-1,cjblmgkl-1,Cluster 2,0,33.82
Q1-TA-4_HGD-1,cjcajado-1,Cluster 4,0,30.39
Q1-TA-4_HGD-1,cjblnpke-1,Cluster 12,0,30.66
Q1-TA-4_HGD-1,cjblgocd-1,Cluster 5,0,106.21
Q1-TA-4_HGD-1,gkooidol-1,Cluster 4,0,27.05
Q1-TA-4_HGD-1,cjblndnd-1,Cluster 4,0,34.86
Q1-TA-4_HGD-1,cjcbeago-1,Cluster 5,0,69.18
Q1-TA-4_HGD-1,cjcajfhc-1,Cluster 5,0,55.77
Q1-TA-4_HGD-1,cjccbhfl-1,Cluster 5,0,41.77
Q1-TA-4_HGD-1,gkoiogge-1,Cluster 2,0,68.86
Q1-TA-4_HGD-1,cjcbaoig-1,Cluster 12,0,52.56
Q1-TA-4_HGD-1,cjcccmkd-1,Cluster 2,0,30.93
Q1-TA-4_HGD-1,cjcafcjf-1,Cluster 4,0,51.34
Q1-TA-4_HGD-1,gkopjaaa-1,Cluster 4,0,75.73
Q1-TA-4_HGD-1,cjcbmgkd-1,Cluster 12,0,54.86
Q1-TA-4_HGD-1,cjcbdpin-1,Cluster 4,0,21.54
Q1-TA-4_HGD-1,gkojdeoa-1,Cluster 4,0,71.93
Q1-TA-4_HGD-1,cjcaplel-1,Cluster 5,0,38.25
Q1-TA-4_HGD-1,cjcaikkc-1,Cluster 5,0,102.82
Q1-TA-4_HGD-1,gkopekid-1,Cluster 5,0,113.66
Q1-TA-4_HGD-1,gkooohdo-1,Cluster 5,0,102.91
Q1-TA-4_HGD-1,cjcahglo-1,Cluster 4,0,40.28
Q1-TA-4_HGD-1,cjcafmcb-1,Cluster 5,0,111.13
Q1-TA-4_HGD-1,gkmodidk-1,Cluster 5,0,37.34
Q1-TA-4_HGD-1,gkmokanm-1,Cluster 5,0,45.56
Q1-TA-4_HGD-1,gkmohaho-1,Cluster 25,0,88.60
Q1-TA-4_HGD-1,gkmokano-1,Cluster 5,0,160.53
Q1-TA-4_HGD-1,gkmoglpi-1,Cluster 5,0,70.81
Q1-TA-4_HGD-1,gkmoicdf-1,Cluster 5,0,45.65
Q1-TA-4_HGD-1,ckianine-1,Cluster 5,0,82.86
Q1-TA-4_HGD-1,ckiagmbp-1,Cluster 5,0,122.37
Q1-TA-4_HGD-1,ckibbjcd-1,Cluster 4,0,31.97
Q1-TA-4_HGD-1,gkjcfejg-1,Cluster 5,0,78.93
Q1-TA-4_HGD-1,gkjcpbfc-1,Cluster 5,0,34.05
Q1-TA-4_HGD-1,cjapblnm-1,Cluster 5,0,37.30
Q1-TA-4_HGD-1,cjbclkfo-1,Cluster 23,0,46.24
Q1-TA-4_HGD-1,cjbckfkk-1,Cluster 2,0,34.18
Q1-TA-4_HGD-1,cjbaebmm-1,Cluster 5,0,25.06
Q1-TA-4_HGD-1,cjapidag-1,Cluster 2,0,30.21
Q1-TA-4_HGD-1,gkpegpmh-1,Cluster 15,0,14.22
Q1-TA-4_HGD-1,cjbcgklf-1,Cluster 25,0,36.76
Q1-TA-4_HGD-1,cjbcjmdb-1,Cluster 5,0,65.12
Q1-TA-4_HGD-1,cjbcjbaa-1,Cluster 23,0,52.07
Q1-TA-4_HGD-1,cjbcflaf-1,Cluster 12,0,46.38
Q1-TA-4_HGD-1,cjbadpcc-1,Cluster 4,0,28.54
Q1-TA-4_HGD-1,cjapjcdd-1,Cluster 2,0,30.35
Q1-TA-4_HGD-1,cjbciohp-1,Cluster 5,0,67.96
Q1-TA-4_HGD-1,cjbconkm-1,Cluster 5,0,32.38
Q1-TA-4_HGD-1,gkpehdno-1,Cluster 2,0,11.06
Q1-TA-4_HGD-1,gkpekhng-1,Cluster 5,0,31.25
Q1-TA-4_HGD-1,cjapcpjb-1,Cluster 25,0,41.68
Q1-TA-4_HGD-1,cjapoopd-1,Cluster 2,0,16.21
Q1-TA-4_HGD-1,cjbaecnl-1,Cluster 5,0,31.38
Q1-TA-4_HGD-1,gkpdnijc-1,Cluster 2,0,22.67
Q1-TA-4_HGD-1,cjbagofd-1,Cluster 23,0,18.47
Q1-TA-4_HGD-1,cjbcbpnb-1,Cluster 5,0,39.11
Q1-TA-4_HGD-1,cjappcml-1,Cluster 23,0,23.07
Q1-TA-4_HGD-1,cjbcaepf-1,Cluster 5,0,41.14
Q1-TA-4_HGD-1,cjbcpgje-1,Cluster 5,0,53.87
Q1-TA-4_HGD-1,cjbaammi-1,Cluster 23,0,24.52
Q1-TA-4_HGD-1,gkpdjoog-1,Cluster 1,0,5.83
Q1-TA-4_HGD-1,cjapndme-1,Cluster 2,0,26.51
Q1-TA-4_HGD-1,cjbbnocf-1,Cluster 5,0,52.47
Q1-TA-4_HGD-1,cjappeem-1,Cluster 25,0,16.71
Q1-TA-4_HGD-1,cjapgelb-1,Cluster 2,0,54.68
Q1-TA-4_HGD-1,cjapnakf-1,Cluster 2,0,41.95
Q1-TA-4_HGD-1,gladffik-1,Cluster 5,0,76.68
Q1-TA-4_HGD-1,gkolingm-1,Cluster 5,0,52.65
Q1-TA-4_HGD-1,gkojpbpc-1,Cluster 3,0,79.16
Q1-TA-4_HGD-1,gkokecnn-1,Cluster 3,0,99.07
Q1-TA-4_HGD-1,gkokedic-1,Cluster 6,0,48.68
Q1-TA-4_HGD-1,gkokdmok-1,Cluster 25,0,68.64
Q1-TA-4_HGD-1,gkokfocj-1,Cluster 5,0,41.09
Q1-TA-4_HGD-1,gkomaope-1,Cluster 5,0,75.28
Q1-TA-4_HGD-1,ciokendf-1,Cluster 5,0,87.51
Q1-TA-4_HGD-1,cjbblpgl-1,Cluster 4,0,77.80
Q1-TA-4_HGD-1,gkolnmma-1,Cluster 5,0,70.67
Q1-TA-4_HGD-1,gkojliba-1,Cluster 5,0,104.31
Q1-TA-4_HGD-1,gkolnknj-1,Cluster 6,0,84.94
Q1-TA-4_HGD-1,gkojjimm-1,Cluster 5,0,66.70
Q1-TA-4_HGD-1,gkolpgab-1,Cluster 4,0,22.71
Q1-TA-4_HGD-1,cjbbmogp-1,Cluster 5,0,64.53
Q1-TA-4_HGD-1,cjbbjnno-1,Cluster 5,0,73.38
Q1-TA-4_HGD-1,gkombedp-1,Cluster 5,0,75.05
Q1-TA-4_HGD-1,ciokiopn-1,Cluster 5,0,20.59
Q1-TA-4_HGD-1,ciokmnoa-1,Cluster 5,0,38.92
Q1-TA-4_HGD-1,ciokinik-1,Cluster 5,0,52.83
Q1-TA-4_HGD-1,cjbbloek-1,Cluster 4,0,73.97
Q1-TA-4_HGD-1,cioibfch-1,Cluster 5,0,44.07
Q1-TA-4_HGD-1,cioidfhj-1,Cluster 2,0,59.20
Q1-TA-4_HGD-1,gkokfchh-1,Cluster 5,0,53.10
Q1-TA-4_HGD-1,ciokmeok-1,Cluster 5,0,20.41
Q1-TA-4_HGD-1,ciokgpil-1,Cluster 5,0,32.33
Q1-TA-4_HGD-1,ciokdoai-1,Cluster 5,0,45.56
Q1-TA-4_HGD-1,cioiggbk-1,Cluster 23,0,44.07
Q1-TA-4_HGD-1,gkojkmpp-1,Cluster 5,0,51.84
Q1-TA-4_HGD-1,gkojkfia-1,Cluster 5,0,131.90
Q1-TA-4_HGD-1,gkojlckg-1,Cluster 5,0,20.23
Q1-TA-4_HGD-1,gkpcndfn-1,Cluster 5,0,41.59
Q1-TA-4_HGD-1,gkokeoep-1,Cluster 5,0,83.09
Q1-TA-4_HGD-1,gkojlgbc-1,Cluster 5,0,32.83
Q1-TA-4_HGD-1,gkolhnpp-1,Cluster 3,0,47.46
Q1-TA-4_HGD-1,cjbnofgf-1,Cluster 10,0,63.63
Q1-TA-4_HGD-1,cjbnpjel-1,Cluster 6,0,68.46
Q1-TA-4_HGD-1,gkomcjcl-1,Cluster 1,0,47.91
Q1-TA-4_HGD-1,gkomhkjf-1,Cluster 1,0,10.39
Q1-TA-4_HGD-1,gkojobho-1,Cluster 3,0,152.40
Q1-TA-4_HGD-1,gkomhmij-1,Cluster 19,0,38.92
Q1-TA-4_HGD-1,gkokgdlm-1,Cluster 15,0,48.00
Q1-TA-4_HGD-1,gkomdnog-1,Cluster 19,0,75.64
Q1-TA-4_HGD-1,gkojnafh-1,Cluster 5,0,76.45
Q1-TA-4_HGD-1,gkomhihb-1,Cluster 3,0,187.58
Q1-TA-4_HGD-1,gkolgfpp-1,Cluster 5,0,67.28
Q1-TA-4_HGD-1,gkokjlci-1,Cluster 5,0,104.63
Q1-TA-4_HGD-1,gkokklfj-1,Cluster 5,0,73.51
Q1-TA-4_HGD-1,gkolahmi-1,Cluster 5,0,80.20
Q1-TA-4_HGD-1,cjbnlojb-1,Cluster 5,0,57.53
Q1-TA-4_HGD-1,gkokiggo-1,Cluster 2,0,27.73
Q1-TA-4_HGD-1,cjbojefn-1,Cluster 5,0,93.74
Q1-TA-4_HGD-1,cjbnhckk-1,Cluster 5,0,109.96
Q1-TA-4_HGD-1,cjbnlbfm-1,Cluster 5,0,76.04
Q1-TA-4_HGD-1,gkokiidd-1,Cluster 5,0,78.93
Q1-TA-4_HGD-1,cjboemcb-1,Cluster 2,0,37.12
Q1-TA-4_HGD-1,cjboaapc-1,Cluster 5,0,83.81
Q1-TA-4_HGD-1,cjbnlegn-1,Cluster 12,0,47.10
Q1-TA-4_HGD-1,cjbonlmj-1,Cluster 5,0,54.64
Q1-TA-4_HGD-1,cjbocgnm-1,Cluster 5,0,59.43
Q1-TA-4_HGD-1,gkoligfd-1,Cluster 21,0,52.88
Q1-TA-4_HGD-1,cjbnidjh-1,Cluster 15,0,41.54
Q1-TA-4_HGD-1,gkokpdbf-1,Cluster 5,0,55.59
Q1-TA-4_HGD-1,gkokoaod-1,Cluster 4,0,98.85
L1-TA-1_LGD-1,ngimbekk-1,Cluster 5,0,36.40
L1-TA-1_LGD-1,ngidfcio-1,Cluster 12,0,63.53
L1-TA-1_LGD-1,ngibijmi-1,Cluster 4,0,41.00
L1-TA-1_LGD-1,ngibciaf-1,Cluster 12,0,26.69
L1-TA-1_LGD-1,ngiapooc-1,Cluster 12,0,76.90
L1-TA-1_LGD-1,ngiclkdn-1,Cluster 4,0,60.64
L1-TA-1_LGD-1,ngidahhf-1,Cluster 12,0,28.90
L1-TA-1_LGD-1,nemdekno-1,Cluster 4,0,58.25
L1-TA-1_LGD-1,ngidanan-1,Cluster 4,0,23.75
L1-TA-1_LGD-1,ngicoibl-1,Cluster 12,0,64.62
L1-TA-1_LGD-1,biiopjch-1,Cluster 12,0,71.71
L1-TA-1_LGD-1,ngiaoclc-1,Cluster 12,0,41.41
L1-TA-1_LGD-1,nendfaok-1,Cluster 12,0,45.47
L1-TA-1_LGD-1,ngidbekp-1,Cluster 4,0,86.70
L1-TA-1_LGD-1,ngiabkpc-1,Cluster 12,0,67.78
L1-TA-1_LGD-1,nghpooli-1,Cluster 4,0,53.42
L1-TA-1_LGD-1,ngiaibmn-1,Cluster 12,0,41.45
L1-TA-1_LGD-1,ngiajpli-1,Cluster 12,0,91.53
L1-TA-1_LGD-1,nendndoo-1,Cluster 12,0,52.92
L1-TA-1_LGD-1,nghpimcn-1,Cluster 12,0,69.18
L1-TA-1_LGD-1,nghpjlmm-1,Cluster 12,0,35.54
L1-TA-1_LGD-1,nghpniga-1,Cluster 4,0,93.20
L1-TA-1_LGD-1,ngiddfac-1,Cluster 4,0,46.33
L1-TA-1_LGD-1,nghpgnel-1,Cluster 12,0,56.04
L1-TA-1_LGD-1,ngifhicb-1,Cluster 3,0,86.52
L1-TA-1_LGD-1,nghpepja-1,Cluster 12,0,58.43
L1-TA-1_LGD-1,ngiffona-1,Cluster 12,0,45.11
L1-TA-1_LGD-1,ngiffonf-1,Cluster 3,0,108.92
L1-TA-1_LGD-1,ngidegle-1,Cluster 4,0,87.29
L1-TA-1_LGD-1,nghpjbdh-1,Cluster 12,0,50.17
L1-TA-1_LGD-1,biipmgia-1,Cluster 12,0,44.57
L1-TA-1_LGD-1,ngidgllc-1,Cluster 4,0,111.72
L1-TA-1_LGD-1,bijabfjm-1,Cluster 4,0,33.82
L1-TA-1_LGD-1,ngifkmeo-1,Cluster 12,0,34.50
L1-TA-1_LGD-1,bijabafm-1,Cluster 12,0,31.20
L1-TA-1_LGD-1,nghpfdao-1,Cluster 12,0,43.80
L1-TA-1_LGD-1,biipnehk-1,Cluster 12,0,41.00
L1-TA-1_LGD-1,biipnobl-1,Cluster 12,0,58.21
L1-TA-1_LGD-1,ngidgaaa-1,Cluster 4,0,80.38
L1-TA-1_LGD-1,bijabpnc-1,Cluster 12,0,48.68
L1-TA-1_LGD-1,ngidgapf-1,Cluster 4,0,34.82
L1-TA-1_LGD-1,ngidfpbe-1,Cluster 12,0,48.18
L1-TA-1_LGD-1,nginhmfh-1,Cluster 12,0,37.98
L1-TA-1_LGD-1,nghjmnbc-1,Cluster 4,0,41.63
L1-TA-1_LGD-1,nghlnmni-1,Cluster 7,0,25.87
L1-TA-1_LGD-1,ngkckjng-1,Cluster 3,0,30.12
L1-TA-1_LGD-1,ngkammai-1,Cluster 12,0,43.85
L1-TA-1_LGD-1,nghmmehc-1,Cluster 4,0,37.71
L1-TA-1_LGD-1,nghmedee-1,Cluster 12,0,42.94
L1-TA-1_LGD-1,ngkanilh-1,Cluster 12,0,31.88
L1-TA-1_LGD-1,nghlpkck-1,Cluster 9,0,18.11
L1-TA-1_LGD-1,ngkckifc-1,Cluster 2,0,45.38
L1-TA-1_LGD-1,ngkclihc-1,Cluster 14,0,18.60
L1-TA-1_LGD-1,nghmboip-1,Cluster 2,0,30.75
L1-TA-1_LGD-1,biinjgbe-1,Cluster 6,0,69.13
L1-TA-1_LGD-1,nendnpjj-1,Cluster 6,0,92.98
L1-TA-1_LGD-1,nenbbcbk-1,Cluster 3,0,18.92
L1-TA-1_LGD-1,neneejog-1,Cluster 3,0,57.53
L1-TA-1_LGD-1,ngiajkcp-1,Cluster 12,0,56.63
L1-TA-1_LGD-1,ngiahebe-1,Cluster 1,0,24.52
L1-TA-1_LGD-1,ngiapajn-1,Cluster 6,0,75.37
L1-TA-1_LGD-1,nghpppmo-1,Cluster 12,0,43.49
L1-TA-1_LGD-1,ngiafncb-1,Cluster 3,0,86.47
L1-TA-1_LGD-1,ngijinfi-1,Cluster 12,0,79.61
L1-TA-1_LGD-1,ngilpedj-1,Cluster 12,0,128.15
L1-TA-1_LGD-1,biimmjid-1,Cluster 4,0,54.50
L1-TA-1_LGD-1,ngilfnpc-1,Cluster 2,0,52.07
L1-TA-1_LGD-1,ngikmmdo-1,Cluster 12,0,50.58
L1-TA-1_LGD-1,ngikodca-1,Cluster 12,0,36.71
L1-TA-1_LGD-1,ngilocgo-1,Cluster 4,0,52.11
L1-TA-1_LGD-1,ngilnpjf-1,Cluster 12,0,107.16
L1-TA-1_LGD-1,ngikfgbc-1,Cluster 23,0,59.79
L1-TA-1_LGD-1,ngilapie-1,Cluster 2,0,23.26
L1-TA-1_LGD-1,ngilchoe-1,Cluster 12,0,34.23
L1-TA-1_LGD-1,ngilfonk-1,Cluster 12,0,50.80
L1-TA-1_LGD-1,ngilboed-1,Cluster 12,0,53.83
L1-TA-1_LGD-1,ngikhhoi-1,Cluster 12,0,129.10
L1-TA-1_LGD-1,ngikkece-1,Cluster 6,0,32.78
L1-TA-1_LGD-1,ngikgkhc-1,Cluster 12,0,97.76
L1-TA-1_LGD-1,neokmnoh-1,Cluster 19,0,28.40
L1-TA-1_LGD-1,nemgpjil-1,Cluster 6,0,41.59
L1-TA-1_LGD-1,nemfjkik-1,Cluster 6,0,15.94
L1-TA-1_LGD-1,nemddgln-1,Cluster 4,0,56.85
L1-TA-1_LGD-1,bilcbfdb-1,Cluster 12,0,85.66
L1-TA-1_LGD-1,biipbdcb-1,Cluster 4,0,55.23
L1-TA-1_LGD-1,bilchmcc-1,Cluster 15,0,47.01
L1-TA-1_LGD-1,biiopjib-1,Cluster 12,0,83.72
L1-TA-1_LGD-1,biipbjna-1,Cluster 12,0,73.38
L1-TA-1_LGD-1,bikofeck-1,Cluster 15,0,58.93
L1-TA-1_LGD-1,bilbpjbg-1,Cluster 12,0,60.19
L1-TA-1_LGD-1,bilbmiab-1,Cluster 12,0,79.34
L1-TA-1_LGD-1,nemfhjgf-1,Cluster 20,0,31.52
L1-TA-1_LGD-1,bilbjblk-1,Cluster 12,0,56.94
L1-TA-1_LGD-1,bilbkcnb-1,Cluster 12,0,59.79
L1-TA-1_LGD-1,nemfdcpn-1,Cluster 6,0,50.62
L1-TA-1_LGD-1,nemeaelp-1,Cluster 6,0,44.66
L1-TA-1_LGD-1,biipcldb-1,Cluster 4,0,63.08
L1-TA-1_LGD-1,bilcadia-1,Cluster 12,0,75.37
L1-TA-1_LGD-1,nemeennp-1,Cluster 27,0,46.56
L1-TA-1_LGD-1,bilcgand-1,Cluster 12,0,112.62
L1-TA-1_LGD-1,nemhfdoe-1,Cluster 6,0,54.96
L1-TA-1_LGD-1,nemhfdjp-1,Cluster 20,0,18.42
L1-TA-1_LGD-1,neogpbmp-1,Cluster 3,0,29.94
L1-TA-1_LGD-1,neohhklc-1,Cluster 15,0,49.27
L1-TA-1_LGD-1,neohgffo-1,Cluster 3,0,26.19
L1-TA-1_LGD-1,neohgdgg-1,Cluster 3,0,21.31
L1-TA-1_LGD-1,ncnhfgeb-1,Cluster 6,0,23.84
L1-TA-1_LGD-1,neolelef-1,Cluster 15,0,49.40
L1-TA-1_LGD-1,ncnejiao-1,Cluster 19,0,13.68
L1-TA-1_LGD-1,bilghkff-1,Cluster 12,0,68.32
L1-TA-1_LGD-1,nemkjcin-1,Cluster 6,0,47.64
L1-TA-1_LGD-1,nembjphm-1,Cluster 12,0,52.97
L1-TA-1_LGD-1,bilkjcgb-1,Cluster 12,0,44.43
L1-TA-1_LGD-1,nemcpmpl-1,Cluster 12,0,103.95
L1-TA-1_LGD-1,nemdbblo-1,Cluster 4,0,73.11
L1-TA-1_LGD-1,nemjhfho-1,Cluster 12,0,54.37
L1-TA-1_LGD-1,biiogokk-1,Cluster 12,0,131.36
L1-TA-1_LGD-1,nemjkggm-1,Cluster 12,0,74.46
L1-TA-1_LGD-1,biljpphi-1,Cluster 12,0,84.98
L1-TA-1_LGD-1,nemjilfc-1,Cluster 12,0,50.71
L1-TA-1_LGD-1,biiokgcp-1,Cluster 4,0,51.48
L1-TA-1_LGD-1,biljhkdb-1,Cluster 12,0,62.81
L1-TA-1_LGD-1,biligaee-1,Cluster 4,0,43.17
L1-TA-1_LGD-1,biiolhcf-1,Cluster 4,0,19.15
L1-TA-1_LGD-1,bilihpng-1,Cluster 4,0,66.65
L1-TA-1_LGD-1,biljfhbk-1,Cluster 4,0,37.16
L1-TA-1_LGD-1,biljngaf-1,Cluster 4,0,52.52
L1-TA-1_LGD-1,bilkbacf-1,Cluster 12,0,47.32
L1-TA-1_LGD-1,biljbccc-1,Cluster 4,0,42.81
L1-TA-1_LGD-1,bilifbld-1,Cluster 4,0,40.60
L1-TA-1_LGD-1,biljmebi-1,Cluster 4,0,52.88
L1-TA-1_LGD-1,biiolkpb-1,Cluster 4,0,28.18
L1-TA-1_LGD-1,biljahdn-1,Cluster 4,0,31.02
L1-TA-1_LGD-1,bilikhma-1,Cluster 12,0,74.15
L1-TA-1_LGD-1,bilihfgk-1,Cluster 12,0,91.44
L1-TA-1_LGD-1,bilidkde-1,Cluster 4,0,40.05
L1-TA-1_LGD-1,biipfjfd-1,Cluster 4,0,32.51
L1-TA-1_LGD-1,bilifmjn-1,Cluster 4,0,43.98
L1-TA-1_LGD-1,biliifih-1,Cluster 4,0,59.34
L1-TA-1_LGD-1,bilienlp-1,Cluster 4,0,40.46
L1-TA-1_LGD-1,bilcfcco-1,Cluster 4,0,58.43
L1-TA-1_LGD-1,bilieaip-1,Cluster 4,0,39.42
L1-TA-1_LGD-1,nemdcofa-1,Cluster 7,0,6.23
L1-TA-1_LGD-1,bilailom-1,Cluster 4,0,36.76
L1-TA-1_LGD-1,bilbhabf-1,Cluster 12,0,88.82
L1-TA-1_LGD-1,bilanmco-1,Cluster 4,0,43.94
L1-TA-1_LGD-1,biipcoel-1,Cluster 4,0,35.72
L1-TA-1_LGD-1,nenghjbn-1,Cluster 12,0,106.07
L1-TA-1_LGD-1,nencjghe-1,Cluster 4,0,37.16
L1-TA-1_LGD-1,nemiigpl-1,Cluster 6,0,22.85
L1-TA-1_LGD-1,nemlakim-1,Cluster 1,0,19.55
L1-TA-1_LGD-1,nendabdj-1,Cluster 12,0,77.94
L1-TA-1_LGD-1,nemklbpg-1,Cluster 10,0,52.79
L1-TA-1_LGD-1,nencpjoj-1,Cluster 12,0,54.05
L1-TA-1_LGD-1,oigeggom-1,Cluster 19,0,30.84
L1-TA-1_LGD-1,nengikll-1,Cluster 6,0,74.78
L1-TA-1_LGD-1,nenblcnm-1,Cluster 12,0,59.92
L1-TA-1_LGD-1,nemkghef-1,Cluster 6,0,76.86
L1-TA-1_LGD-1,nenbkimb-1,Cluster 12,0,44.57
L1-TA-1_LGD-1,nemcknfh-1,Cluster 15,0,38.34
L1-TA-1_LGD-1,nengbbpm-1,Cluster 9,0,24.61
L1-TA-1_LGD-1,nenglmfa-1,Cluster 1,0,41.86
L1-TA-1_LGD-1,oigefbeb-1,Cluster 1,0,15.49
L1-TA-1_LGD-1,nemcflfg-1,Cluster 12,0,71.17
L1-TA-1_LGD-1,nemcnokj-1,Cluster 14,0,16.62
L1-TA-1_LGD-1,oigefela-1,Cluster 14,0,27.64
L1-TA-1_LGD-1,nencfdhk-1,Cluster 12,0,76.22
L1-TA-1_LGD-1,nemjdkee-1,Cluster 6,0,77.26
L1-TA-1_LGD-1,nencfbbe-1,Cluster 12,0,70.53
L1-TA-1_LGD-1,nenbnnpo-1,Cluster 12,0,44.93
L1-TA-1_LGD-1,bilkdhlb-1,Cluster 12,0,52.16
L1-TA-1_LGD-1,nemipomo-1,Cluster 3,0,55.68
L1-TA-1_LGD-1,nendleni-1,Cluster 12,0,41.81
L1-TA-1_LGD-1,nemkeook-1,Cluster 3,0,66.74
L1-TA-1_LGD-1,nencplcj-1,Cluster 12,0,48.59
L1-TA-1_LGD-1,nencafgj-1,Cluster 12,0,48.41
L1-TA-1_LGD-1,bilkomdh-1,Cluster 12,0,73.38
L1-TA-1_LGD-1,nencadng-1,Cluster 12,0,39.60
L1-TA-1_LGD-1,nemjfbfk-1,Cluster 12,0,79.07
L1-TA-1_LGD-1,nendibnk-1,Cluster 12,0,49.67
L1-TA-1_LGD-1,nembkbia-1,Cluster 12,0,62.95
L1-TA-1_LGD-1,ncnfpofd-1,Cluster 12,0,89.27
L1-TA-1_LGD-1,ncnblncp-1,Cluster 12,0,63.22
L1-TA-1_LGD-1,nemihgbk-1,Cluster 10,0,38.79
L1-TA-1_LGD-1,ncngbici-1,Cluster 12,0,111.04
L1-TA-1_LGD-1,nemfabal-1,Cluster 6,0,17.48
L1-TA-1_LGD-1,nemfbcih-1,Cluster 3,0,50.71
L1-TA-1_LGD-1,nemiclfj-1,Cluster 14,0,15.90
L1-TA-1_LGD-1,nemibefb-1,Cluster 6,0,47.82
L1-TA-1_LGD-1,ncnfflbo-1,Cluster 14,0,18.47
L1-TA-1_LGD-1,oifckggg-1,Unassigned,0,7.32
L1-TA-1_LGD-1,nemibijm-1,Cluster 6,0,78.08
L1-TA-1_LGD-1,bilhekel-1,Cluster 15,0,42.49
L1-TA-1_LGD-1,bilhfclp-1,Cluster 6,0,57.80
L1-TA-1_LGD-1,ncnfpljb-1,Cluster 6,0,25.69
L1-TA-1_LGD-1,oifckdff-1,Cluster 14,0,21.63
L1-TA-1_LGD-1,ncnednon-1,Cluster 6,0,40.23
L1-TA-1_LGD-1,ncnfpngc-1,Cluster 15,0,65.52
L1-TA-1_LGD-1,ncnffmae-1,Cluster 15,0,67.15
L1-TA-1_LGD-1,nemihlji-1,Cluster 27,0,85.16
L1-TA-1_LGD-1,nemjmfhi-1,Cluster 12,0,95.82
L1-TA-1_LGD-1,nemihead-1,Cluster 6,0,15.35
L1-TA-1_LGD-1,nemhpocn-1,Cluster 6,0,27.09
L1-TA-1_LGD-1,bikoeiil-1,Cluster 15,0,54.37
L1-TA-1_LGD-1,nemgnpfl-1,Cluster 19,0,22.04
L1-TA-1_LGD-1,bikoffek-1,Cluster 15,0,53.24
L1-TA-1_LGD-1,nemiakac-1,Cluster 3,0,35.45
L1-TA-1_LGD-1,ncneehlc-1,Cluster 9,0,14.99
L1-TA-1_LGD-1,ncnfokij-1,Cluster 6,0,78.80
L1-TA-1_LGD-1,ncnfnmoo-1,Cluster 6,0,36.58
L1-TA-1_LGD-1,nemgnlai-1,Cluster 6,0,59.74
L1-TA-1_LGD-1,ncndnihd-1,Cluster 3,0,59.83
L1-TA-1_LGD-1,nemipagf-1,Cluster 12,0,154.84
L1-TA-1_LGD-1,ncnemgbh-1,Cluster 6,0,52.88
L1-TA-1_LGD-1,nemikppe-1,Cluster 12,0,214.58
L1-TA-1_LGD-1,nemfmkcb-1,Cluster 12,0,44.30
L1-TA-1_LGD-1,nemphbcc-1,Cluster 15,0,25.65
L1-TA-1_LGD-1,nemglgnh-1,Cluster 12,0,45.92
L1-TA-1_LGD-1,nemgneod-1,Cluster 12,0,110.99
L1-TA-1_LGD-1,nempjdha-1,Cluster 15,0,13.41
L1-TA-1_LGD-1,nempeoih-1,Cluster 6,0,32.24
L1-TA-1_LGD-1,nempbopd-1,Cluster 3,0,47.23
L1-TA-1_LGD-1,nempldng-1,Cluster 12,0,68.77
L1-TA-1_LGD-1,neleilcg-1,Cluster 12,0,96.77
L1-TA-1_LGD-1,nemgeaim-1,Cluster 6,0,32.51
L1-TA-1_LGD-1,nelelahe-1,Cluster 4,0,30.25
L1-TA-1_LGD-1,nelelcdg-1,Cluster 4,0,109.59
L1-TA-1_LGD-1,nemgjboe-1,Cluster 12,0,115.69
L1-TA-1_LGD-1,nemgghhl-1,Cluster 4,0,37.34
L1-TA-1_LGD-1,nemjoeke-1,Cluster 15,0,33.82
L1-TA-1_LGD-1,nelelpbe-1,Cluster 12,0,40.64
L1-TA-1_LGD-1,nemkamnh-1,Cluster 3,0,44.66
L1-TA-1_LGD-1,nemhkfnf-1,Cluster 4,0,102.10
L1-TA-1_LGD-1,nemgehng-1,Cluster 4,0,125.08
L1-TA-1_LGD-1,nelemalm-1,Cluster 4,0,50.94
L1-TA-1_LGD-1,nemfpgae-1,Cluster 3,0,23.71
L1-TA-1_LGD-1,ncncemla-1,Cluster 4,0,90.31
L1-TA-1_LGD-1,nemgkigd-1,Cluster 12,0,140.17
L1-TA-1_LGD-1,oigeebmk-1,Cluster 14,0,9.35
L1-TA-1_LGD-1,nempcjmh-1,Cluster 6,0,40.41
L1-TA-1_LGD-1,nemfmpjm-1,Cluster 12,0,104.54
L1-TA-1_LGD-1,bilhonak-1,Cluster 6,0,58.07
L1-TA-1_LGD-1,nemhnlbi-1,Cluster 12,0,152.81
L1-TA-1_LGD-1,nemjpcfm-1,Cluster 20,0,29.94
L1-TA-1_LGD-1,nemhimgk-1,Cluster 12,0,90.04
L1-TA-1_LGD-1,nemicpjd-1,Cluster 9,0,44.93
L1-TA-1_LGD-1,nemfajnd-1,Cluster 3,0,52.25
L1-TA-1_LGD-1,bilhbobo-1,Cluster 15,0,39.56
L1-TA-1_LGD-1,nemhieak-1,Cluster 3,0,33.33
L1-TA-1_LGD-1,nemmpoam-1,Cluster 12,0,51.88
L1-TA-1_LGD-1,nenbkhgm-1,Cluster 14,0,55.27
L1-TA-1_LGD-1,nenfnjha-1,Cluster 7,0,18.47
L1-TA-1_LGD-1,nemnfoad-1,Cluster 2,0,26.51
L1-TA-1_LGD-1,nemnfmmd-1,Cluster 12,0,26.28
L1-TA-1_LGD-1,biliojgc-1,Cluster 12,0,55.81
L1-TA-1_LGD-1,nenfmoam-1,Cluster 15,0,21.36
L1-TA-1_LGD-1,nenffnbk-1,Cluster 3,0,71.71
L1-TA-1_LGD-1,nemnpmen-1,Cluster 12,0,21.99
L1-TA-1_LGD-1,nenfodko-1,Cluster 12,0,30.80
L1-TA-1_LGD-1,nenejffp-1,Cluster 2,0,33.24
L1-TA-1_LGD-1,nemnjjgi-1,Cluster 12,0,30.48
L1-TA-1_LGD-1,nemccgln-1,Cluster 12,0,35.00
L1-TA-1_LGD-1,nemnpfbd-1,Cluster 2,0,22.26
L1-TA-1_LGD-1,nengailc-1,Cluster 12,0,26.19
L1-TA-1_LGD-1,neneodam-1,Cluster 12,0,28.67
L1-TA-1_LGD-1,nenfamga-1,Cluster 10,0,33.87
L1-TA-1_LGD-1,nengbbdp-1,Cluster 12,0,21.00
L1-TA-1_LGD-1,nemngdfc-1,Cluster 12,0,24.84
L1-TA-1_LGD-1,biinmndc-1,Cluster 10,0,51.16
L1-TA-1_LGD-1,nenelhne-1,Cluster 12,0,36.67
L1-TA-1_LGD-1,nenebhgj-1,Cluster 6,0,63.31
L1-TA-1_LGD-1,neneekih-1,Cluster 10,0,21.27
L1-TA-1_LGD-1,nenepdpb-1,Cluster 15,0,18.11
L1-TA-1_LGD-1,nenfedkb-1,Cluster 10,0,40.55
L1-TA-1_LGD-1,biliockk-1,Cluster 15,0,53.10
L1-TA-1_LGD-1,nenfkfeo-1,Cluster 6,0,44.61
L1-TA-1_LGD-1,nenfnkpa-1,Cluster 27,0,58.25
L1-TA-1_LGD-1,nenehmgg-1,Cluster 10,0,43.44
L1-TA-1_LGD-1,nemofhho-1,Cluster 12,0,31.56
L1-TA-1_LGD-1,nenghpck-1,Cluster 9,0,33.46
L1-TA-1_LGD-1,nemngnkj-1,Cluster 4,0,38.79
L1-TA-1_LGD-1,nemoikin-1,Cluster 12,0,28.81
L1-TA-1_LGD-1,nengiakp-1,Cluster 4,0,41.23
L1-TA-1_LGD-1,nenejdkn-1,Cluster 15,0,19.19
L1-TA-1_LGD-1,nemoagke-1,Cluster 12,0,91.98
L1-TA-1_LGD-1,nemcgmkm-1,Cluster 7,0,41.45
L1-TA-1_LGD-1,biledlmb-1,Cluster 12,0,115.33
L1-TA-1_LGD-1,nelmlbgo-1,Cluster 5,0,100.97
L1-TA-1_LGD-1,nelmlhaf-1,Cluster 4,0,50.21
L1-TA-1_LGD-1,bileeijb-1,Cluster 12,0,98.62
L1-TA-1_LGD-1,biinbpdo-1,Cluster 4,0,57.75
L1-TA-1_LGD-1,biljafop-1,Cluster 12,0,65.84
L1-TA-1_LGD-1,biimkmnd-1,Cluster 4,0,143.33
L1-TA-1_LGD-1,nelmedpf-1,Cluster 4,0,192.59
L1-TA-1_LGD-1,nembhggc-1,Cluster 4,0,92.39
L1-TA-1_LGD-1,biljahdh-1,Cluster 12,0,76.99
L1-TA-1_LGD-1,biliomie-1,Cluster 12,0,56.17
L1-TA-1_LGD-1,nenampdf-1,Cluster 15,0,26.69
L1-TA-1_LGD-1,nemplkci-1,Cluster 4,0,77.26
L1-TA-1_LGD-1,nenbbngp-1,Cluster 15,0,22.04
L1-TA-1_LGD-1,nenbbmbp-1,Cluster 3,0,87.11
L1-TA-1_LGD-1,nenamnnj-1,Cluster 12,0,96.00
L1-TA-1_LGD-1,nenadhki-1,Cluster 12,0,91.62
L1-TA-1_LGD-1,nenakljk-1,Cluster 12,0,79.52
L1-TA-1_LGD-1,nempmdek-1,Cluster 12,0,44.12
L1-TA-1_LGD-1,nembjnkk-1,Cluster 12,0,53.28
L1-TA-1_LGD-1,nenfkgcf-1,Cluster 12,0,42.13
L1-TA-1_LGD-1,nemppdjg-1,Cluster 12,0,87.65
L1-TA-1_LGD-1,nenfieap-1,Cluster 1,0,18.60
L1-TA-1_LGD-1,nelmkppj-1,Cluster 4,0,28.90
L1-TA-1_LGD-1,nenadbml-1,Cluster 3,0,23.48
L1-TA-1_LGD-1,nempopdm-1,Cluster 12,0,35.63
L1-TA-1_LGD-1,nenadikp-1,Cluster 12,0,108.51
L1-TA-1_LGD-1,nenalehh-1,Cluster 12,0,103.63
L1-TA-1_LGD-1,nenaiahc-1,Cluster 12,0,55.45
L1-TA-1_LGD-1,bililbmo-1,Cluster 12,0,74.82
L1-TA-1_LGD-1,nemngclh-1,Cluster 12,0,22.67
L1-TA-1_LGD-1,nenbbggj-1,Cluster 3,0,50.71
L1-TA-1_LGD-1,nenalblc-1,Cluster 12,0,114.52
L1-TA-1_LGD-1,neneachg-1,Cluster 9,0,54.19
L1-TA-1_LGD-1,bilelebf-1,Cluster 12,0,139.58
L1-TA-1_LGD-1,nekmlknl-1,Cluster 4,0,84.58
L1-TA-1_LGD-1,nekmacnm-1,Cluster 4,0,51.30
L1-TA-1_LGD-1,bilglabo-1,Cluster 12,0,90.09
L1-TA-1_LGD-1,nekmgpfo-1,Cluster 12,0,104.36
L1-TA-1_LGD-1,nemliahj-1,Cluster 4,0,137.32
L1-TA-1_LGD-1,nemljhdh-1,Cluster 12,0,90.54
L1-TA-1_LGD-1,nekmijga-1,Cluster 12,0,27.05
L1-TA-1_LGD-1,bilekjop-1,Cluster 12,0,144.05
L1-TA-1_LGD-1,nemmjcge-1,Cluster 6,0,37.30
L1-TA-1_LGD-1,nemmcdje-1,Cluster 4,0,36.89
L1-TA-1_LGD-1,neklpdja-1,Cluster 4,0,84.71
L1-TA-1_LGD-1,nemmgbgl-1,Cluster 4,0,186.86
L1-TA-1_LGD-1,nemonhjo-1,Cluster 4,0,54.14
L1-TA-1_LGD-1,bileiifi-1,Cluster 12,0,114.83
L1-TA-1_LGD-1,nemlibik-1,Cluster 4,0,165.09
L1-TA-1_LGD-1,nemlhopn-1,Cluster 12,0,45.47
L1-TA-1_LGD-1,bilekgpd-1,Cluster 4,0,21.95
L1-TA-1_LGD-1,nelhakjj-1,Cluster 4,0,74.19
L1-TA-1_LGD-1,bilegbjm-1,Cluster 12,0,53.47
L1-TA-1_LGD-1,nemoojid-1,Cluster 12,0,63.58
L1-TA-1_LGD-1,nemphfop-1,Cluster 6,0,9.08
L1-TA-1_LGD-1,nemlcnbf-1,Cluster 12,0,187.35
L1-TA-1_LGD-1,nemoklmc-1,Cluster 12,0,90.49
L1-TA-1_LGD-1,nemolein-1,Cluster 12,0,91.08
L1-TA-1_LGD-1,nempkgah-1,Cluster 12,0,73.02
L1-TA-1_LGD-1,nemlgkdp-1,Cluster 12,0,35.31
L1-TA-1_LGD-1,nemopdnb-1,Cluster 12,0,48.36
L1-TA-1_LGD-1,nemolfpl-1,Cluster 12,0,88.55
L1-TA-1_LGD-1,nemlbhfg-1,Cluster 4,0,133.17
L1-TA-1_LGD-1,nelennlp-1,Cluster 4,0,176.70
L1-TA-1_LGD-1,nemlgepi-1,Cluster 4,0,36.40
L1-TA-1_LGD-1,nempljob-1,Cluster 12,0,52.29
L1-TA-1_LGD-1,nempbjkb-1,Cluster 4,0,68.73
L1-TA-1_LGD-1,nempeffl-1,Cluster 6,0,28.67
L1-TA-1_LGD-1,nekobmfm-1,Cluster 12,0,74.37
L1-TA-1_LGD-1,bileooif-1,Cluster 12,0,113.16
L1-TA-1_LGD-1,nekolode-1,Cluster 4,0,131.36
L1-TA-1_LGD-1,neklkpjc-1,Cluster 4,0,18.20
L1-TA-1_LGD-1,bileodcj-1,Cluster 12,0,44.84
L1-TA-1_LGD-1,neknhjen-1,Cluster 12,0,78.66
L1-TA-1_LGD-1,bilebgfi-1,Cluster 12,0,129.96
L1-TA-1_LGD-1,bilemoel-1,Cluster 12,0,115.15
L1-TA-1_LGD-1,nelncgim-1,Cluster 12,0,50.85
L1-TA-1_LGD-1,nelmefmh-1,Cluster 4,0,11.83
L1-TA-1_LGD-1,nelopjpf-1,Cluster 6,0,29.58
L1-TA-1_LGD-1,nelncome-1,Cluster 12,0,44.16
L1-TA-1_LGD-1,nekogmla-1,Cluster 12,0,79.11
L1-TA-1_LGD-1,nekojhfj-1,Cluster 12,0,59.02
L1-TA-1_LGD-1,nekodckm-1,Cluster 12,0,44.43
L1-TA-1_LGD-1,nekoagco-1,Cluster 2,0,21.18
L1-TA-1_LGD-1,nekokmnn-1,Cluster 12,0,86.38
L1-TA-1_LGD-1,nekohpdi-1,Cluster 12,0,71.62
L1-TA-1_LGD-1,nelmegmi-1,Cluster 7,0,11.88
L1-TA-1_LGD-1,nelnbgpi-1,Cluster 4,0,73.24
L1-TA-1_LGD-1,nelnbcdf-1,Cluster 12,0,61.14
L1-TA-1_LGD-1,nelmkphn-1,Cluster 12,0,51.52
L1-TA-1_LGD-1,nelmjanb-1,Cluster 12,0,51.66
L1-TA-1_LGD-1,nekodhci-1,Cluster 12,0,33.73
L1-TA-1_LGD-1,nelmoghe-1,Cluster 12,0,99.93
L1-TA-1_LGD-1,neknikel-1,Cluster 2,0,28.81
L1-TA-1_LGD-1,neknnkld-1,Cluster 4,0,29.22
L1-TA-1_LGD-1,neknimkp-1,Cluster 12,0,59.52
L1-TA-1_LGD-1,bileepbn-1,Cluster 12,0,112.21
L1-TA-1_LGD-1,nelmfiad-1,Cluster 23,0,48.27
L1-TA-1_LGD-1,neklnigp-1,Cluster 5,0,64.89
L1-TA-1_LGD-1,nekloobl-1,Cluster 12,0,38.16
L1-TA-1_LGD-1,neklojap-1,Cluster 23,0,37.75
L1-TA-1_LGD-1,bilghbmb-1,Cluster 12,0,48.27
L1-TA-1_LGD-1,neonhgfo-1,Cluster 12,0,34.73
L1-TA-1_LGD-1,bijikkmk-1,Cluster 12,0,72.48
L1-TA-1_LGD-1,ncnjglfd-1,Cluster 3,0,88.33
L1-TA-1_LGD-1,ncncicmb-1,Cluster 3,0,44.84
L1-TA-1_LGD-1,bijjbcpe-1,Cluster 12,0,42.76
L1-TA-1_LGD-1,ncnbnccn-1,Cluster 12,0,65.93
L1-TA-1_LGD-1,ncncjbec-1,Cluster 24,0,52.11
L1-TA-1_LGD-1,ncngikpj-1,Cluster 6,0,32.65
L1-TA-1_LGD-1,ncnckdpe-1,Cluster 3,0,83.31
L1-TA-1_LGD-1,ncngeain-1,Cluster 6,0,53.65
L1-TA-1_LGD-1,ncngpjlp-1,Cluster 24,0,76.54
L1-TA-1_LGD-1,ncnhafpp-1,Cluster 3,0,33.05
L1-TA-1_LGD-1,bijiagna-1,Cluster 12,0,129.42
L1-TA-1_LGD-1,ncngjcia-1,Cluster 14,0,18.02
L1-TA-1_LGD-1,ncnecceh-1,Cluster 15,0,23.66
L1-TA-1_LGD-1,bilhobda-1,Cluster 6,0,65.75
L1-TA-1_LGD-1,ncndnnfo-1,Cluster 6,0,41.68
L1-TA-1_LGD-1,bijfnhlb-1,Cluster 6,0,75.50
L1-TA-1_LGD-1,bijgcgkb-1,Cluster 15,0,28.54
L1-TA-1_LGD-1,ncndoadk-1,Cluster 6,0,51.03
L1-TA-1_LGD-1,ncngekep-1,Cluster 6,0,33.01
L1-TA-1_LGD-1,ncnieehe-1,Cluster 3,0,40.10
L1-TA-1_LGD-1,ncngnnma-1,Cluster 19,0,34.36
L1-TA-1_LGD-1,ncnhnhfo-1,Cluster 15,0,36.35
L1-TA-1_LGD-1,ncnihfkh-1,Cluster 3,0,56.54
L1-TA-1_LGD-1,ncncphjb-1,Cluster 3,0,49.04
L1-TA-1_LGD-1,bijgdmbe-1,Cluster 15,0,30.30
L1-TA-1_LGD-1,oifdhkbb-1,Cluster 9,0,9.12
L1-TA-1_LGD-1,bijibpnf-1,Cluster 6,0,49.99
L1-TA-1_LGD-1,ncnghlei-1,Cluster 6,0,51.93
L1-TA-1_LGD-1,ncneoald-1,Cluster 6,0,48.90
L1-TA-1_LGD-1,ncnjadic-1,Cluster 6,0,52.70
L1-TA-1_LGD-1,ncndmcgg-1,Cluster 15,0,33.96
L1-TA-1_LGD-1,ncncojli-1,Cluster 15,0,11.88
L1-TA-1_LGD-1,ncnihdpi-1,Cluster 15,0,40.87
L1-TA-1_LGD-1,ncniibde-1,Cluster 9,0,29.53
L1-TA-1_LGD-1,bilhnoed-1,Cluster 15,0,34.68
L1-TA-1_LGD-1,neldifmj-1,Cluster 4,0,38.43
L1-TA-1_LGD-1,bilnollm-1,Cluster 12,0,39.56
L1-TA-1_LGD-1,nelcapbh-1,Cluster 12,0,44.12
L1-TA-1_LGD-1,nelegkja-1,Cluster 4,0,41.95
L1-TA-1_LGD-1,bilhomce-1,Cluster 12,0,37.57
L1-TA-1_LGD-1,nelcghkc-1,Cluster 2,0,16.89
L1-TA-1_LGD-1,biliapek-1,Cluster 12,0,42.22
L1-TA-1_LGD-1,bilohhnl-1,Cluster 12,0,94.38
L1-TA-1_LGD-1,biliaehl-1,Cluster 12,0,29.40
L1-TA-1_LGD-1,nelcllmm-1,Cluster 4,0,81.28
L1-TA-1_LGD-1,nelegcnd-1,Cluster 6,0,42.40
L1-TA-1_LGD-1,nelednnm-1,Cluster 5,0,31.25
L1-TA-1_LGD-1,bilidgim-1,Cluster 12,0,37.34
L1-TA-1_LGD-1,nelfegfl-1,Cluster 12,0,35.72
L1-TA-1_LGD-1,nelcfecf-1,Cluster 12,0,57.94
L1-TA-1_LGD-1,nelfekcf-1,Cluster 12,0,25.96
L1-TA-1_LGD-1,nelcjkpp-1,Cluster 12,0,21.36
L1-TA-1_LGD-1,neledmlp-1,Cluster 12,0,62.18
L1-TA-1_LGD-1,bilofonf-1,Cluster 12,0,52.65
L1-TA-1_LGD-1,neldelem-1,Cluster 5,0,74.37
L1-TA-1_LGD-1,ncnhfdch-1,Cluster 12,0,40.91
L1-TA-1_LGD-1,nelemdka-1,Cluster 12,0,44.21
L1-TA-1_LGD-1,neldmeig-1,Cluster 4,0,43.12
L1-TA-1_LGD-1,ncnckmio-1,Cluster 12,0,34.95
L1-TA-1_LGD-1,ncnbgbfb-1,Cluster 12,0,85.89
L1-TA-1_LGD-1,neldilap-1,Cluster 12,0,33.37
L1-TA-1_LGD-1,neldephc-1,Cluster 4,0,18.02
L1-TA-1_LGD-1,neldibmf-1,Cluster 4,0,33.69
L1-TA-1_LGD-1,bilobpoa-1,Cluster 12,0,58.30
L1-TA-1_LGD-1,ncncackn-1,Cluster 7,0,10.21
L1-TA-1_LGD-1,bilhgeek-1,Cluster 12,0,149.42
L1-TA-1_LGD-1,ncncmpah-1,Cluster 4,0,62.99
L1-TA-1_LGD-1,ncnhclee-1,Cluster 12,0,28.90
L1-TA-1_LGD-1,ncnjfcoj-1,Cluster 12,0,58.12
L1-TA-1_LGD-1,neokbmfd-1,Cluster 12,0,31.34
L1-TA-1_LGD-1,neohihll-1,Cluster 12,0,37.34
L1-TA-1_LGD-1,bijinpko-1,Cluster 12,0,56.81
L1-TA-1_LGD-1,neoifbdn-1,Cluster 12,0,27.73
L1-TA-1_LGD-1,neohnein-1,Cluster 12,0,50.30
L1-TA-1_LGD-1,neokjgmi-1,Cluster 12,0,25.74
L1-TA-1_LGD-1,neoildog-1,Cluster 12,0,40.05
L1-TA-1_LGD-1,neojpgkj-1,Cluster 12,0,62.54
L1-TA-1_LGD-1,neogblag-1,Cluster 12,0,22.71
L1-TA-1_LGD-1,neohmabm-1,Cluster 12,0,19.87
L1-TA-1_LGD-1,neokkpea-1,Cluster 12,0,19.42
L1-TA-1_LGD-1,neofnmkf-1,Cluster 12,0,32.11
L1-TA-1_LGD-1,neohnpko-1,Cluster 12,0,28.13
L1-TA-1_LGD-1,neoibfco-1,Cluster 4,0,26.73
L1-TA-1_LGD-1,neogjghg-1,Cluster 6,0,19.69
L1-TA-1_LGD-1,bijieaja-1,Cluster 12,0,96.54
L1-TA-1_LGD-1,neogmiop-1,Cluster 1,0,14.45
L1-TA-1_LGD-1,neoijebf-1,Cluster 12,0,37.98
L1-TA-1_LGD-1,neogllii-1,Cluster 1,0,35.63
L1-TA-1_LGD-1,bijibihg-1,Cluster 12,0,71.12
L1-TA-1_LGD-1,neogdgmp-1,Cluster 6,0,65.30
L1-TA-1_LGD-1,neoiaolj-1,Cluster 12,0,68.50
L1-TA-1_LGD-1,neohpjjd-1,Cluster 20,0,48.00
L1-TA-1_LGD-1,neoiccne-1,Cluster 7,0,11.88
L1-TA-1_LGD-1,bijiaiio-1,Cluster 12,0,69.99
L1-TA-1_LGD-1,ncnhogam-1,Cluster 15,0,28.22
L1-TA-1_LGD-1,bijjhhoc-1,Cluster 12,0,68.73
L1-TA-1_LGD-1,neokjjpm-1,Cluster 12,0,43.44
L1-TA-1_LGD-1,neolnlok-1,Cluster 12,0,81.01
L1-TA-1_LGD-1,neoicmil-1,Cluster 12,0,43.80
L1-TA-1_LGD-1,neogekph-1,Cluster 6,0,62.95
L1-TA-1_LGD-1,neolkmob-1,Cluster 3,0,24.88
L1-TA-1_LGD-1,neolmcga-1,Cluster 12,0,131.31
L1-TA-1_LGD-1,neolkhca-1,Cluster 15,0,52.83
L1-TA-1_LGD-1,oifdgfep-1,Cluster 14,0,14.50
L1-TA-1_LGD-1,oigdhlbp-1,Cluster 20,0,25.20
L1-TA-1_LGD-1,neoochhe-1,Cluster 12,0,85.98
L1-TA-1_LGD-1,oigdicgl-1,Cluster 19,0,51.61
L1-TA-1_LGD-1,neoojhgo-1,Cluster 4,0,61.59
L1-TA-1_LGD-1,neoofhlg-1,Cluster 12,0,49.54
L1-TA-1_LGD-1,neookdln-1,Cluster 4,0,21.13
L1-TA-1_LGD-1,neooklhk-1,Cluster 4,0,60.10
L1-TA-1_LGD-1,nfbbclie-1,Cluster 12,0,68.32
L1-TA-1_LGD-1,neoofdkn-1,Cluster 4,0,41.77
L1-TA-1_LGD-1,neoodgmb-1,Cluster 12,0,44.30
L1-TA-1_LGD-1,nfbbflci-1,Cluster 12,0,56.22
L1-TA-1_LGD-1,neokeieo-1,Cluster 4,0,26.51
L1-TA-1_LGD-1,bijjgkmh-1,Cluster 4,0,48.90
L1-TA-1_LGD-1,nelebjeg-1,Cluster 12,0,41.68
L1-TA-1_LGD-1,bijhmhkm-1,Cluster 4,0,35.54
L1-TA-1_LGD-1,ncnhagkl-1,Cluster 12,0,65.12
L1-TA-1_LGD-1,neokchhb-1,Cluster 4,0,17.52
L1-TA-1_LGD-1,bijhlljg-1,Cluster 4,0,48.32
L1-TA-1_LGD-1,bijhkico-1,Cluster 4,0,37.52
L1-TA-1_LGD-1,neoobnkn-1,Cluster 12,0,46.74
L1-TA-1_LGD-1,neofgdad-1,Cluster 4,0,35.58
L1-TA-1_LGD-1,neleaham-1,Cluster 12,0,41.09
L1-TA-1_LGD-1,neooanfe-1,Cluster 4,0,36.03
L1-TA-1_LGD-1,bijiaggk-1,Cluster 4,0,51.66
L1-TA-1_LGD-1,neonjhib-1,Cluster 12,0,85.80
L1-TA-1_LGD-1,bijihlpa-1,Cluster 4,0,35.04
L1-TA-1_LGD-1,neldpgpp-1,Cluster 12,0,41.72
L1-TA-1_LGD-1,bijjcfgn-1,Cluster 12,0,50.21
L1-TA-1_LGD-1,neogbjnm-1,Cluster 4,0,24.02
L1-TA-1_LGD-1,neofhcbn-1,Cluster 4,0,26.96
L1-TA-1_LGD-1,neogaebm-1,Cluster 4,0,28.54
L1-TA-1_LGD-1,ncnjpclc-1,Cluster 12,0,35.40
L1-TA-1_LGD-1,bijjilmk-1,Cluster 12,0,73.15
L1-TA-1_LGD-1,bijjgkfj-1,Cluster 12,0,51.03
L1-TA-1_LGD-1,nekjachd-1,Cluster 12,0,126.98
L1-TA-1_LGD-1,nelfminc-1,Cluster 4,0,25.69
L1-TA-1_LGD-1,nelhdjdk-1,Cluster 4,0,47.55
L1-TA-1_LGD-1,nelgomio-1,Cluster 2,0,25.51
L1-TA-1_LGD-1,nekmnjpe-1,Cluster 12,0,72.84
L1-TA-1_LGD-1,nekmpjpb-1,Cluster 4,0,96.82
L1-TA-1_LGD-1,nelgmidn-1,Cluster 12,0,137.64
L1-TA-1_LGD-1,nelgmpfa-1,Cluster 12,0,229.98
L1-TA-1_LGD-1,nelgmfbg-1,Cluster 7,0,48.72
L1-TA-1_LGD-1,nelhdkbp-1,Cluster 12,0,90.40
L1-TA-1_LGD-1,nelgpdko-1,Cluster 4,0,125.17
L1-TA-1_LGD-1,biloiddc-1,Cluster 4,0,90.13
L1-TA-1_LGD-1,nelgkhjl-1,Cluster 12,0,89.50
L1-TA-1_LGD-1,nelgkjon-1,Cluster 4,0,59.61
L1-TA-1_LGD-1,nelgkcck-1,Cluster 12,0,55.14
L1-TA-1_LGD-1,oigdmbie-1,Cluster 14,0,23.80
L1-TA-1_LGD-1,bilokmoo-1,Cluster 12,0,79.52
L1-TA-1_LGD-1,nelepige-1,Cluster 2,0,20.05
L1-TA-1_LGD-1,nelgemop-1,Cluster 12,0,91.58
L1-TA-1_LGD-1,bilpcajc-1,Cluster 12,0,48.23
L1-TA-1_LGD-1,nelgfond-1,Cluster 12,0,26.91
L1-TA-1_LGD-1,nelfeabc-1,Cluster 12,0,21.90
L1-TA-1_LGD-1,bilpbhgo-1,Cluster 12,0,74.10
L1-TA-1_LGD-1,nelcnhno-1,Cluster 12,0,24.93
L1-TA-1_LGD-1,nelfdebc-1,Cluster 4,0,33.10
L1-TA-1_LGD-1,neleoaek-1,Cluster 12,0,59.61
L1-TA-1_LGD-1,nelcpbhd-1,Cluster 12,0,22.40
L1-TA-1_LGD-1,neldbchj-1,Cluster 12,0,29.35
L1-TA-1_LGD-1,nelgdkdj-1,Cluster 4,0,48.18
L1-TA-1_LGD-1,bilgjbdb-1,Cluster 12,0,78.48
L1-TA-1_LGD-1,bilonhlj-1,Cluster 12,0,78.84
L1-TA-1_LGD-1,nelfchdd-1,Cluster 12,0,35.27
L1-TA-1_LGD-1,nelblnjl-1,Cluster 4,0,29.17
L1-TA-1_LGD-1,nelgdaph-1,Cluster 4,0,61.32
L1-TA-1_LGD-1,neldbbeo-1,Cluster 12,0,93.52
L1-TA-1_LGD-1,nelgjlgm-1,Cluster 2,0,21.22
L1-TA-1_LGD-1,nekngknd-1,Cluster 12,0,83.54
L1-TA-1_LGD-1,neknfjjp-1,Cluster 2,0,81.64
L1-TA-1_LGD-1,nekoifij-1,Cluster 12,0,72.39
L1-TA-1_LGD-1,nekmllno-1,Cluster 12,0,90.04
L1-TA-1_LGD-1,nekjckkb-1,Cluster 12,0,48.50
L1-TA-1_LGD-1,nekkbcom-1,Cluster 7,0,13.05
L1-TA-1_LGD-1,nekhpcmg-1,Cluster 3,0,31.61
L1-TA-1_LGD-1,nekjmfng-1,Cluster 9,0,20.14
L1-TA-1_LGD-1,nelfidfk-1,Cluster 7,0,17.79
L1-TA-1_LGD-1,nekibfod-1,Cluster 12,0,47.23
L1-TA-1_LGD-1,nekjdmgn-1,Cluster 3,0,41.72
L1-TA-1_LGD-1,nekiekkp-1,Cluster 12,0,78.08
L1-TA-1_LGD-1,nekidnce-1,Cluster 12,0,117.23
L1-TA-1_LGD-1,nekjjgnh-1,Cluster 12,0,28.85
L1-TA-1_LGD-1,bilnjnea-1,Cluster 6,0,25.38
L1-TA-1_LGD-1,bilnjgjc-1,Cluster 6,0,29.13
L1-TA-1_LGD-1,nekjjgii-1,Cluster 4,0,20.28
L1-TA-1_LGD-1,oigcpjkp-1,Cluster 14,0,26.87
L1-TA-1_LGD-1,nekkelnl-1,Cluster 4,0,87.83
L1-TA-1_LGD-1,nekkacbj-1,Cluster 12,0,134.11
L1-TA-1_LGD-1,nekngddj-1,Cluster 2,0,15.40
L1-TA-1_LGD-1,nekicnlo-1,Cluster 12,0,72.48
L1-TA-1_LGD-1,nekjkfhc-1,Cluster 12,0,51.97
L1-TA-1_LGD-1,nekieblm-1,Cluster 2,0,31.93
L1-TA-1_LGD-1,nekiphin-1,Cluster 12,0,41.91
L1-TA-1_LGD-1,nelfffba-1,Cluster 12,0,77.89
L1-TA-1_LGD-1,oigdikmo-1,Cluster 14,0,6.86
L1-TA-1_LGD-1,nelfhkca-1,Cluster 12,0,109.73
L1-TA-1_LGD-1,nelfkepb-1,Cluster 12,0,115.92
L1-TA-1_LGD-1,nelfhapl-1,Cluster 12,0,88.37
L1-TA-1_LGD-1,nelfgigj-1,Cluster 2,0,37.07
L1-TA-1_LGD-1,neknbinf-1,Cluster 4,0,35.63
L1-TA-1_LGD-1,nelfhjka-1,Cluster 4,0,19.87
L1-TA-1_LGD-1,neknaepl-1,Cluster 5,0,89.50
L1-TA-1_LGD-1,neobgjlm-1,Cluster 2,0,26.33
L1-TA-1_LGD-1,neomjjpk-1,Cluster 4,0,17.43
L1-TA-1_LGD-1,neolpijn-1,Cluster 9,0,25.92
L1-TA-1_LGD-1,neomndio-1,Cluster 9,0,10.97
L1-TA-1_LGD-1,neoncgnn-1,Cluster 12,0,128.24
L1-TA-1_LGD-1,neomapcj-1,Cluster 12,0,117.95
L1-TA-1_LGD-1,bilmmmdh-1,Cluster 12,0,115.78
L1-TA-1_LGD-1,neomjnoj-1,Cluster 12,0,86.16
L1-TA-1_LGD-1,nfbboajl-1,Cluster 19,0,35.22
L1-TA-1_LGD-1,bilnbfli-1,Cluster 6,0,56.72
L1-TA-1_LGD-1,neoniifc-1,Cluster 3,0,22.89
L1-TA-1_LGD-1,neonfgko-1,Cluster 9,0,16.89
L1-TA-1_LGD-1,nfbboakd-1,Cluster 6,0,58.12
L1-TA-1_LGD-1,neomkkdl-1,Cluster 12,0,127.88
L1-TA-1_LGD-1,bilnbejm-1,Cluster 10,0,62.45
L1-TA-1_LGD-1,bilmidbj-1,Cluster 4,0,93.47
L1-TA-1_LGD-1,bilmkaoj-1,Cluster 12,0,145.18
L1-TA-1_LGD-1,bilmjphm-1,Cluster 12,0,84.89
L1-TA-1_LGD-1,neondnmp-1,Cluster 9,0,50.26
L1-TA-1_LGD-1,bilpcmlg-1,Cluster 15,0,43.62
L1-TA-1_LGD-1,neonfacf-1,Cluster 3,0,35.27
L1-TA-1_LGD-1,nelfooea-1,Cluster 9,0,21.63
L1-TA-1_LGD-1,nfbblfof-1,Cluster 6,0,30.12
L1-TA-1_LGD-1,neoohmgd-1,Cluster 12,0,85.12
L1-TA-1_LGD-1,oigdgocd-1,Cluster 14,0,10.25
L1-TA-1_LGD-1,nelhgbfd-1,Cluster 6,0,28.09
L1-TA-1_LGD-1,neoncfhb-1,Cluster 10,0,39.29
L1-TA-1_LGD-1,nelhfjdm-1,Cluster 6,0,16.08
L1-TA-1_LGD-1,nelgckbp-1,Cluster 9,0,11.15
L1-TA-1_LGD-1,neonhjjf-1,Cluster 12,0,48.72
L1-TA-1_LGD-1,oigdnfpb-1,Cluster 14,0,13.68
L1-TA-1_LGD-1,neoolpae-1,Cluster 12,0,94.51
L1-TA-1_LGD-1,neomagdb-1,Cluster 4,0,35.22
L1-TA-1_LGD-1,nelgbjkh-1,Cluster 3,0,21.13
L1-TA-1_LGD-1,neomaeea-1,Cluster 15,0,50.03
L1-TA-1_LGD-1,nekjmfdn-1,Cluster 12,0,81.87
L1-TA-1_LGD-1,nelfngko-1,Cluster 4,0,86.07
L1-TA-1_LGD-1,neoabkkn-1,Cluster 12,0,50.48
L1-TA-1_LGD-1,nekjbfhf-1,Cluster 12,0,94.69
L1-TA-1_LGD-1,nfbpldpd-1,Cluster 12,0,121.47
L1-TA-1_LGD-1,neoaldfi-1,Cluster 12,0,35.09
L1-TA-1_LGD-1,neoajiko-1,Cluster 4,0,104.85
L1-TA-1_LGD-1,neocbddd-1,Cluster 6,0,48.32
L1-TA-1_LGD-1,nfbpofki-1,Cluster 4,0,105.80
L1-TA-1_LGD-1,nfbpmidk-1,Cluster 12,0,53.28
L1-TA-1_LGD-1,nfbfijbl-1,Cluster 12,0,176.47
L1-TA-1_LGD-1,neoaamnm-1,Cluster 2,0,44.48
L1-TA-1_LGD-1,neoaejpn-1,Cluster 4,0,30.07
L1-TA-1_LGD-1,nfboodmg-1,Cluster 14,0,23.26
L1-TA-1_LGD-1,nenpnahg-1,Cluster 4,0,23.89
L1-TA-1_LGD-1,neobbajd-1,Cluster 12,0,45.20
L1-TA-1_LGD-1,nfbphpih-1,Cluster 6,0,21.86
L1-TA-1_LGD-1,neoacgde-1,Cluster 4,0,145.40
L1-TA-1_LGD-1,nenplpff-1,Cluster 12,0,58.43
L1-TA-1_LGD-1,nenpenlk-1,Cluster 1,0,32.78
L1-TA-1_LGD-1,neoampei-1,Cluster 12,0,55.68
L1-TA-1_LGD-1,nenpmcbp-1,Cluster 4,0,39.74
L1-TA-1_LGD-1,nenpglca-1,Cluster 2,0,30.16
L1-TA-1_LGD-1,nfbpemde-1,Cluster 14,0,7.09
L1-TA-1_LGD-1,nenpmlhf-1,Cluster 12,0,38.65
L1-TA-1_LGD-1,neoalemf-1,Cluster 12,0,35.76
L1-TA-1_LGD-1,neocbndc-1,Cluster 19,0,33.46
L1-TA-1_LGD-1,neobfmda-1,Cluster 12,0,54.05
L1-TA-1_LGD-1,nelfnfmo-1,Cluster 4,0,45.61
L1-TA-1_LGD-1,neocbioo-1,Cluster 3,0,66.65
L1-TA-1_LGD-1,neobocjf-1,Cluster 12,0,34.63
L1-TA-1_LGD-1,neobmlng-1,Cluster 2,0,29.76
L1-TA-1_LGD-1,nelfmmkn-1,Cluster 4,0,44.61
L1-TA-1_LGD-1,nelfmocf-1,Cluster 4,0,25.20
L1-TA-1_LGD-1,nepgopof-1,Cluster 7,0,105.12
L1-TA-1_LGD-1,nepfjbpn-1,Cluster 17,0,95.87
L1-TA-1_LGD-1,bffhljmo-1,Cluster 12,0,84.44
L1-TA-1_LGD-1,neokkljl-1,Cluster 12,0,73.47
L1-TA-1_LGD-1,neolmnfh-1,Cluster 4,0,95.78
L1-TA-1_LGD-1,neojaajd-1,Cluster 4,0,272.56
L1-TA-1_LGD-1,neolhlhl-1,Cluster 12,0,94.29
L1-TA-1_LGD-1,nepbdiec-1,Cluster 4,0,154.34
L1-TA-1_LGD-1,neojabma-1,Cluster 6,0,128.92
L1-TA-1_LGD-1,bijgfhll-1,Cluster 15,0,59.06
L1-TA-1_LGD-1,nepbjidl-1,Cluster 6,0,50.53
L1-TA-1_LGD-1,neojoihg-1,Cluster 12,0,117.00
L1-TA-1_LGD-1,neojiidc-1,Cluster 4,0,18.92
L1-TA-1_LGD-1,nepaophg-1,Cluster 19,0,15.62
L1-TA-1_LGD-1,bffiggmf-1,Cluster 17,0,114.16
L1-TA-1_LGD-1,bijgkjbo-1,Cluster 15,0,43.40
L1-TA-1_LGD-1,nepbigpk-1,Cluster 12,0,44.07
L1-TA-1_LGD-1,nepbikoo-1,Cluster 9,0,16.03
L1-TA-1_LGD-1,bffigkcm-1,Cluster 17,0,137.09
L1-TA-1_LGD-1,neojdgfa-1,Cluster 4,0,25.65
L1-TA-1_LGD-1,neojbgln-1,Cluster 12,0,119.75
L1-TA-1_LGD-1,bijgkgdg-1,Cluster 17,0,90.85
L1-TA-1_LGD-1,neojedpm-1,Cluster 3,0,14.54
L1-TA-1_LGD-1,neojcbag-1,Cluster 12,0,58.16
L1-TA-1_LGD-1,neokoblg-1,Cluster 6,0,122.55
L1-TA-1_LGD-1,neojaidp-1,Cluster 6,0,43.76
L1-TA-1_LGD-1,bffhhfkl-1,Cluster 4,0,54.50
L1-TA-1_LGD-1,bijfdlnk-1,Cluster 4,0,38.16
L1-TA-1_LGD-1,neokimdi-1,Cluster 4,0,18.11
L1-TA-1_LGD-1,bilmjdhi-1,Cluster 12,0,86.65
L1-TA-1_LGD-1,bffhnnco-1,Cluster 12,0,50.98
L1-TA-1_LGD-1,bffhobfe-1,Cluster 12,0,125.85
L1-TA-1_LGD-1,nepdemji-1,Cluster 4,0,86.56
L1-TA-1_LGD-1,nepdgldd-1,Cluster 4,0,33.14
L1-TA-1_LGD-1,bijflpof-1,Cluster 12,0,38.25
L1-TA-1_LGD-1,neoinmib-1,Cluster 4,0,73.65
L1-TA-1_LGD-1,neokiiba-1,Cluster 12,0,38.56
L1-TA-1_LGD-1,neongjhd-1,Cluster 4,0,15.08
L1-TA-1_LGD-1,bffhmcbn-1,Cluster 12,0,38.29
L1-TA-1_LGD-1,bijffnbf-1,Cluster 12,0,25.29
L1-TA-1_LGD-1,bijffjoj-1,Cluster 12,0,33.64
L1-TA-1_LGD-1,bijfdlon-1,Cluster 4,0,39.02
L1-TA-1_LGD-1,bijfdojj-1,Cluster 12,0,64.08
L1-TA-1_LGD-1,bijfhejm-1,Cluster 12,0,40.64
L1-TA-1_LGD-1,neongbcp-1,Cluster 12,0,36.17
L1-TA-1_LGD-1,bijfhnlh-1,Cluster 12,0,32.33
L1-TA-1_LGD-1,bijfkmab-1,Cluster 12,0,39.69
L1-TA-1_LGD-1,bijfeako-1,Cluster 12,0,63.81
L1-TA-1_LGD-1,neoipakg-1,Cluster 12,0,47.55
L1-TA-1_LGD-1,bijjjaoa-1,Cluster 12,0,39.92
L1-TA-1_LGD-1,neojolcn-1,Cluster 12,0,32.06
L1-TA-1_LGD-1,nepdemgl-1,Cluster 12,0,85.98
L1-TA-1_LGD-1,bijfbgno-1,Cluster 12,0,78.48
L1-TA-1_LGD-1,neoiomff-1,Cluster 12,0,48.05
L1-TA-1_LGD-1,neojomde-1,Cluster 12,0,40.19
L1-TA-1_LGD-1,bijfcpcn-1,Cluster 4,0,120.16
L1-TA-1_LGD-1,neoinlbn-1,Cluster 4,0,68.68
L1-TA-1_LGD-1,neoimnmg-1,Cluster 12,0,53.10
L1-TA-1_LGD-1,neoklohn-1,Cluster 12,0,52.65
L1-TA-1_LGD-1,bijfbnpf-1,Cluster 4,0,88.82
L1-TA-1_LGD-1,bffjoggd-1,Cluster 12,0,116.73
L1-TA-1_LGD-1,neppkpco-1,Cluster 6,0,58.84
L1-TA-1_LGD-1,neppemma-1,Cluster 12,0,37.25
L1-TA-1_LGD-1,neppjpjf-1,Cluster 12,0,76.99
L1-TA-1_LGD-1,neppemko-1,Cluster 12,0,175.43
L1-TA-1_LGD-1,nepogdjd-1,Cluster 6,0,60.24
L1-TA-1_LGD-1,neppkhjf-1,Cluster 12,0,196.07
L1-TA-1_LGD-1,nepebeni-1,Cluster 12,0,59.15
L1-TA-1_LGD-1,neppehbb-1,Cluster 2,0,76.36
L1-TA-1_LGD-1,neppdgaa-1,Cluster 12,0,65.88
L1-TA-1_LGD-1,nepopcdf-1,Cluster 4,0,37.84
L1-TA-1_LGD-1,neppblni-1,Cluster 12,0,85.12
L1-TA-1_LGD-1,bffjnmed-1,Cluster 12,0,160.85
L1-TA-1_LGD-1,nepomdhg-1,Cluster 4,0,92.16
L1-TA-1_LGD-1,bffjnhjk-1,Cluster 12,0,112.39
L1-TA-1_LGD-1,bffjkdko-1,Cluster 2,0,33.73
L1-TA-1_LGD-1,nepoopjm-1,Cluster 4,0,127.61
L1-TA-1_LGD-1,nepaljgp-1,Cluster 4,0,74.51
L1-TA-1_LGD-1,neophadh-1,Cluster 12,0,263.04
L1-TA-1_LGD-1,neopgbhn-1,Cluster 2,0,34.54
L1-TA-1_LGD-1,nepookdm-1,Cluster 4,0,62.27
L1-TA-1_LGD-1,nepondnl-1,Cluster 4,0,71.84
L1-TA-1_LGD-1,bffjkfgd-1,Cluster 12,0,77.04
L1-TA-1_LGD-1,neopnhjk-1,Cluster 4,0,248.13
L1-TA-1_LGD-1,neophggc-1,Cluster 4,0,175.52
L1-TA-1_LGD-1,bffjcmmj-1,Cluster 4,0,102.28
L1-TA-1_LGD-1,bffkmgen-1,Cluster 4,0,60.06
L1-TA-1_LGD-1,bffjinje-1,Cluster 4,0,71.80
L1-TA-1_LGD-1,bffjkpan-1,Cluster 12,0,70.49
L1-TA-1_LGD-1,nepannba-1,Cluster 12,0,138.45
L1-TA-1_LGD-1,nepagcnm-1,Cluster 12,0,86.16
L1-TA-1_LGD-1,bffjegpn-1,Cluster 12,0,73.29
L1-TA-1_LGD-1,bffidnpl-1,Cluster 17,0,106.66
L1-TA-1_LGD-1,bffjggdo-1,Cluster 4,0,74.78
L1-TA-1_LGD-1,nepcagof-1,Cluster 17,0,40.87
L1-TA-1_LGD-1,nepcbgca-1,Cluster 17,0,136.10
L1-TA-1_LGD-1,bffhppnf-1,Cluster 12,0,131.27
L1-TA-1_LGD-1,nepdmdlj-1,Cluster 12,0,26.51
L1-TA-1_LGD-1,nepcfdfe-1,Cluster 6,0,28.18
L1-TA-1_LGD-1,nepdhlbl-1,Cluster 12,0,67.82
L1-TA-1_LGD-1,neoookpc-1,Cluster 6,0,41.91
L1-TA-1_LGD-1,neppgmkj-1,Cluster 7,0,31.20
L1-TA-1_LGD-1,nepddeeb-1,Cluster 6,0,34.41
L1-TA-1_LGD-1,neppfmjn-1,Cluster 7,0,28.31
L1-TA-1_LGD-1,nepcbibl-1,Cluster 27,0,34.45
L1-TA-1_LGD-1,nepddphl-1,Cluster 12,0,109.41
L1-TA-1_LGD-1,bffkcgjm-1,Cluster 12,0,59.83
L1-TA-1_LGD-1,nepphjaf-1,Cluster 3,0,55.68
L1-TA-1_LGD-1,nepdhfng-1,Cluster 4,0,19.51
L1-TA-1_LGD-1,bffibpdo-1,Cluster 12,0,80.20
L1-TA-1_LGD-1,bffkehok-1,Cluster 12,0,72.30
L1-TA-1_LGD-1,bffhpibc-1,Cluster 12,0,74.01
L1-TA-1_LGD-1,bffjogdk-1,Cluster 12,0,73.11
L1-TA-1_LGD-1,bffjobjl-1,Cluster 17,0,62.54
L1-TA-1_LGD-1,bffjlckj-1,Cluster 17,0,47.64
L1-TA-1_LGD-1,nepcnhkk-1,Cluster 17,0,17.02
L1-TA-1_LGD-1,nepcpaap-1,Cluster 17,0,71.89
L1-TA-1_LGD-1,nepdcplb-1,Cluster 17,0,21.31
L1-TA-1_LGD-1,nepddbbd-1,Cluster 6,0,44.66
L1-TA-1_LGD-1,nepeefid-1,Cluster 12,0,57.30
L1-TA-1_LGD-1,nepcfdgk-1,Cluster 12,0,66.02
L1-TA-1_LGD-1,nepbncph-1,Cluster 17,0,29.76
L1-TA-1_LGD-1,nepccaac-1,Cluster 6,0,28.31
L1-TA-1_LGD-1,nepcgdgp-1,Cluster 12,0,82.14
L1-TA-1_LGD-1,nepcndeh-1,Cluster 12,0,153.31
L1-TA-1_LGD-1,nepdmndn-1,Cluster 4,0,25.74
L1-TA-1_LGD-1,nepdfode-1,Cluster 12,0,143.64
L1-TA-1_LGD-1,nepdfnpe-1,Cluster 12,0,89.45
L1-TA-1_LGD-1,nfbdkaei-1,Cluster 6,0,58.16
L1-TA-1_LGD-1,nfapmenj-1,Cluster 2,0,10.52
L1-TA-1_LGD-1,nfapkmki-1,Cluster 12,0,54.37
L1-TA-1_LGD-1,bilneohe-1,Cluster 12,0,26.82
L1-TA-1_LGD-1,bilnhheg-1,Cluster 12,0,57.66
L1-TA-1_LGD-1,nfaplbnl-1,Cluster 12,0,33.05
L1-TA-1_LGD-1,nfbakofb-1,Cluster 12,0,82.05
L1-TA-1_LGD-1,neocconb-1,Cluster 12,0,30.89
L1-TA-1_LGD-1,neocfbla-1,Cluster 12,0,31.02
L1-TA-1_LGD-1,neocffei-1,Cluster 12,0,29.04
L1-TA-1_LGD-1,neoceijn-1,Cluster 12,0,24.47
L1-TA-1_LGD-1,neocebfk-1,Cluster 2,0,19.55
L1-TA-1_LGD-1,nfbajgll-1,Cluster 12,0,52.74
L1-TA-1_LGD-1,neoecbjd-1,Cluster 12,0,54.82
L1-TA-1_LGD-1,nfbahnff-1,Cluster 12,0,22.89
L1-TA-1_LGD-1,neochcmo-1,Cluster 12,0,29.76
L1-TA-1_LGD-1,neocckmp-1,Cluster 12,0,29.67
L1-TA-1_LGD-1,nfbbclcp-1,Cluster 12,0,47.23
L1-TA-1_LGD-1,nfbacnkc-1,Cluster 12,0,35.67
L1-TA-1_LGD-1,nfbdkdha-1,Cluster 2,0,26.64
L1-TA-1_LGD-1,nfbadadc-1,Cluster 12,0,66.02
L1-TA-1_LGD-1,neodelni-1,Cluster 2,0,23.39
L1-TA-1_LGD-1,neodlfna-1,Cluster 12,0,97.22
L1-TA-1_LGD-1,neodfgpb-1,Cluster 12,0,55.72
L1-TA-1_LGD-1,neoddoom-1,Cluster 12,0,35.94
L1-TA-1_LGD-1,neodplbk-1,Cluster 12,0,46.47
L1-TA-1_LGD-1,neocelom-1,Cluster 12,0,35.94
L1-TA-1_LGD-1,neodffag-1,Cluster 12,0,76.49
L1-TA-1_LGD-1,neoefifb-1,Cluster 12,0,139.31
L1-TA-1_LGD-1,neoeeopp-1,Cluster 4,0,46.87
L1-TA-1_LGD-1,neodndeo-1,Cluster 4,0,109.37
L1-TA-1_LGD-1,neodfbna-1,Cluster 12,0,59.70
L1-TA-1_LGD-1,neoehood-1,Cluster 12,0,46.87
L1-TA-1_LGD-1,nfbboien-1,Cluster 12,0,70.71
L1-TA-1_LGD-1,nfbcjbjh-1,Cluster 12,0,62.50
L1-TA-1_LGD-1,nfbcjikk-1,Cluster 12,0,71.30
L1-TA-1_LGD-1,neomlbbo-1,Cluster 4,0,67.33
L1-TA-1_LGD-1,nfbgcebg-1,Cluster 2,0,30.39
L1-TA-1_LGD-1,nfbgbdjg-1,Cluster 9,0,28.72
L1-TA-1_LGD-1,nfbpakom-1,Cluster 6,0,28.36
L1-TA-1_LGD-1,bffepodn-1,Cluster 12,0,68.59
L1-TA-1_LGD-1,bfffdkim-1,Cluster 5,0,81.55
L1-TA-1_LGD-1,neocmmec-1,Cluster 3,0,45.79
L1-TA-1_LGD-1,nfbejchm-1,Cluster 7,0,32.47
L1-TA-1_LGD-1,nfbpgfak-1,Cluster 6,0,27.95
L1-TA-1_LGD-1,neocolkj-1,Cluster 2,0,33.96
L1-TA-1_LGD-1,nfbgagnn-1,Cluster 15,0,43.17
L1-TA-1_LGD-1,nfbfeppf-1,Cluster 4,0,47.87
L1-TA-1_LGD-1,neoeknea-1,Cluster 6,0,73.11
L1-TA-1_LGD-1,neofcnon-1,Cluster 12,0,35.58
L1-TA-1_LGD-1,nfbfoiig-1,Cluster 3,0,82.27
L1-TA-1_LGD-1,nfbfiojh-1,Cluster 12,0,33.96
L1-TA-1_LGD-1,neofcebo-1,Cluster 4,0,41.41
L1-TA-1_LGD-1,nenpoohj-1,Cluster 12,0,38.79
L1-TA-1_LGD-1,neofgame-1,Cluster 12,0,38.11
L1-TA-1_LGD-1,nfbekalc-1,Cluster 12,0,35.85
L1-TA-1_LGD-1,nfbopcmc-1,Cluster 6,0,88.28
L1-TA-1_LGD-1,nfbfdhkd-1,Cluster 4,0,34.18
L1-TA-1_LGD-1,neodemmi-1,Cluster 12,0,27.50
L1-TA-1_LGD-1,nfbeglbg-1,Cluster 12,0,37.48
L1-TA-1_LGD-1,nfbefnkh-1,Cluster 19,0,66.56
L1-TA-1_LGD-1,nfbeomja-1,Cluster 12,0,40.01
L1-TA-1_LGD-1,neoelalj-1,Cluster 6,0,21.58
L1-TA-1_LGD-1,nfbfbede-1,Cluster 12,0,46.83
L1-TA-1_LGD-1,nfapkmfn-1,Cluster 12,0,55.18
L1-TA-1_LGD-1,bilndpfn-1,Cluster 12,0,41.14
L1-TA-1_LGD-1,bilnfnab-1,Cluster 12,0,34.68
L1-TA-1_LGD-1,nfapjoin-1,Cluster 12,0,75.05
L1-TA-1_LGD-1,nfappcln-1,Cluster 12,0,27.41
L1-TA-1_LGD-1,nfbacbdh-1,Cluster 12,0,68.64
L1-TA-1_LGD-1,neocchbl-1,Cluster 12,0,22.40
L1-TA-1_LGD-1,bffjabea-1,Cluster 13,0,63.13
L1-TA-1_LGD-1,neoopbkh-1,Cluster 12,0,76.95
L1-TA-1_LGD-1,neoonbfj-1,Cluster 10,0,38.70
L1-TA-1_LGD-1,bffjajcm-1,Cluster 15,0,36.80
L1-TA-1_LGD-1,nepgneci-1,Cluster 7,0,27.46
L1-TA-1_LGD-1,nepfdnkk-1,Cluster 10,0,52.38
L1-TA-1_LGD-1,nephhahc-1,Cluster 9,0,31.29
L1-TA-1_LGD-1,nfbdcoka-1,Cluster 24,0,34.68
L1-TA-1_LGD-1,nfbdbaig-1,Cluster 6,0,35.18
L1-TA-1_LGD-1,nepfcdac-1,Cluster 3,0,21.49
L1-TA-1_LGD-1,nephbifk-1,Cluster 7,0,21.86
L1-TA-1_LGD-1,nfbdegci-1,Cluster 16,0,35.00
L1-TA-1_LGD-1,nfabecdg-1,Cluster 9,0,26.24
L1-TA-1_LGD-1,nfbdpmeh-1,Cluster 9,0,9.75
L1-TA-1_LGD-1,nephafof-1,Cluster 13,0,116.64
L1-TA-1_LGD-1,nepgmhfh-1,Cluster 9,0,46.19
L1-TA-1_LGD-1,nepfpkma-1,Cluster 6,0,66.52
L1-TA-1_LGD-1,nepfamna-1,Cluster 10,0,75.68
L1-TA-1_LGD-1,nepfhdaf-1,Cluster 13,0,73.06
L1-TA-1_LGD-1,nepfiajk-1,Cluster 17,0,39.51
L1-TA-1_LGD-1,neoooipb-1,Cluster 4,0,41.36
L1-TA-1_LGD-1,oiggfjon-1,Cluster 14,0,16.89
L1-TA-1_LGD-1,nephgkip-1,Cluster 3,0,35.67
L1-TA-1_LGD-1,nepgdfgc-1,Cluster 13,0,21.04
L1-TA-1_LGD-1,oiggggce-1,Cluster 14,0,10.48
L1-TA-1_LGD-1,nfabhebm-1,Cluster 17,0,50.98
L1-TA-1_LGD-1,neoopmbk-1,Cluster 12,0,89.50
L1-TA-1_LGD-1,bffhfkdi-1,Cluster 12,0,114.16
L1-TA-1_LGD-1,nepgemnj-1,Cluster 17,0,36.58
L1-TA-1_LGD-1,nepflfin-1,Cluster 13,0,50.89
L1-TA-1_LGD-1,nfbceofm-1,Cluster 2,0,23.93
L1-TA-1_LGD-1,nfbdmbla-1,Cluster 10,0,73.20
L1-TA-1_LGD-1,nfabejaf-1,Cluster 13,0,36.98
L1-TA-1_LGD-1,nfbcidde-1,Cluster 4,0,31.74
L1-TA-1_LGD-1,nepfinej-1,Cluster 13,0,94.69
L1-TA-1_LGD-1,neocmikn-1,Cluster 3,0,22.13
L1-TA-1_LGD-1,nfbbpggj-1,Cluster 10,0,33.91
L1-TA-1_LGD-1,neococcc-1,Cluster 15,0,61.95
L1-TA-1_LGD-1,neoephgj-1,Cluster 10,0,42.31
L1-TA-1_LGD-1,nfbbpgbc-1,Cluster 10,0,31.16
L1-TA-1_LGD-1,bffhgngh-1,Cluster 14,0,43.80
L1-TA-1_LGD-1,bffjbmdb-1,Cluster 15,0,46.51
L1-TA-1_LGD-1,neoemipa-1,Cluster 10,0,21.18
L1-TA-1_LGD-1,nfbbpkep-1,Cluster 3,0,27.18
L1-TA-1_LGD-1,nfbeeajn-1,Cluster 19,0,15.17
L1-TA-1_LGD-1,nfbcbben-1,Cluster 3,0,18.60
L1-TA-1_LGD-1,nfbdokie-1,Cluster 3,0,21.49
L1-TA-1_LGD-1,nfbgjkce-1,Cluster 10,0,56.90
L1-TA-1_LGD-1,nepeojgh-1,Cluster 3,0,81.24
L1-TA-1_LGD-1,neockkbf-1,Cluster 3,0,23.30
L1-TA-1_LGD-1,nepgiekf-1,Cluster 7,0,24.11
L1-TA-1_LGD-1,nfbflnjc-1,Cluster 4,0,41.50
L1-TA-1_LGD-1,nfbgkbmd-1,Cluster 7,0,17.48
L1-TA-1_LGD-1,nepejlal-1,Cluster 13,0,45.74
L1-TA-1_LGD-1,nepgnfep-1,Cluster 7,0,20.91
L1-TA-1_LGD-1,nepeooak-1,Cluster 1,0,26.33
L1-TA-1_LGD-1,bffiicmp-1,Cluster 10,0,60.42
L1-TA-1_LGD-1,nfabkbjf-1,Cluster 10,0,20.32
L1-TA-1_LGD-1,nfbggbmg-1,Cluster 13,0,22.35
L1-TA-1_LGD-1,nepehicn-1,Cluster 13,0,121.74
L1-TA-1_LGD-1,nfbggllh-1,Cluster 13,0,28.72
L1-TA-1_LGD-1,nfbgjenp-1,Cluster 7,0,43.58
L1-TA-1_LGD-1,nepeogpm-1,Cluster 13,0,37.84
L1-TA-1_LGD-1,nepejhcf-1,Cluster 6,0,99.39
L1-TA-1_LGD-1,nepejodn-1,Cluster 3,0,25.29
L1-TA-1_LGD-1,nephednd-1,Cluster 10,0,23.84
L1-TA-1_LGD-1,bffjaogo-1,Cluster 16,0,89.09
L1-TA-1_LGD-1,nephhdaa-1,Cluster 15,0,22.67
L1-TA-1_LGD-1,nfbeakcc-1,Cluster 3,0,77.44
L1-TA-1_LGD-1,nepljlfe-1,Cluster 12,0,69.72
L1-TA-1_LGD-1,nfaepalk-1,Cluster 4,0,218.10
L1-TA-1_LGD-1,nfaamjlb-1,Cluster 15,0,35.31
L1-TA-1_LGD-1,nepojoaf-1,Cluster 6,0,36.76
L1-TA-1_LGD-1,nepocoen-1,Cluster 6,0,50.58
L1-TA-1_LGD-1,nepndnmb-1,Cluster 17,0,70.90
L1-TA-1_LGD-1,nepnikfg-1,Cluster 6,0,57.53
L1-TA-1_LGD-1,nepndjnb-1,Cluster 17,0,201.85
L1-TA-1_LGD-1,nfaafokf-1,Cluster 15,0,27.77
L1-TA-1_LGD-1,nepncbdc-1,Cluster 17,0,105.98
L1-TA-1_LGD-1,nfbhndhh-1,Cluster 6,0,37.71
L1-TA-1_LGD-1,nepniheo-1,Cluster 17,0,75.91
L1-TA-1_LGD-1,nepmkocb-1,Cluster 4,0,85.16
L1-TA-1_LGD-1,nepmoahi-1,Cluster 15,0,50.12
L1-TA-1_LGD-1,nfaafhed-1,Cluster 6,0,123.91
L1-TA-1_LGD-1,nfaafbla-1,Cluster 12,0,119.94
L1-TA-1_LGD-1,neopdhgh-1,Cluster 17,0,60.28
L1-TA-1_LGD-1,bfgclagj-1,Cluster 12,0,117.99
L1-TA-1_LGD-1,nfaalihk-1,Cluster 1,0,45.56
L1-TA-1_LGD-1,bfgckjfe-1,Cluster 12,0,116.68
L1-TA-1_LGD-1,bfgckpld-1,Cluster 12,0,76.54
L1-TA-1_LGD-1,nepngcfo-1,Cluster 17,0,80.60
L1-TA-1_LGD-1,nfaaedoa-1,Cluster 12,0,45.65
L1-TA-1_LGD-1,nepnopni-1,Cluster 20,0,45.61
L1-TA-1_LGD-1,nepppcaf-1,Cluster 12,0,311.53
L1-TA-1_LGD-1,neppcmgg-1,Cluster 6,0,31.47
L1-TA-1_LGD-1,nepmkcln-1,Cluster 4,0,57.08
L1-TA-1_LGD-1,neppajhk-1,Cluster 3,0,89.86
L1-TA-1_LGD-1,nepofkpl-1,Cluster 6,0,144.55
L1-TA-1_LGD-1,nepnfmej-1,Cluster 17,0,39.87
L1-TA-1_LGD-1,nfafghhm-1,Cluster 4,0,133.21
L1-TA-1_LGD-1,nepmpfcf-1,Cluster 17,0,104.09
L1-TA-1_LGD-1,bfgdggpd-1,Cluster 4,0,137.91
L1-TA-1_LGD-1,nepnkgcb-1,Cluster 15,0,31.65
L1-TA-1_LGD-1,nepnckmp-1,Cluster 17,0,62.54
L1-TA-1_LGD-1,neopfpok-1,Cluster 7,0,25.38
L1-TA-1_LGD-1,neopadpa-1,Cluster 17,0,33.78
L1-TA-1_LGD-1,bffknkog-1,Cluster 12,0,125.22
L1-TA-1_LGD-1,nfadbihe-1,Cluster 12,0,122.78
L1-TA-1_LGD-1,nfbhiima-1,Cluster 12,0,87.83
L1-TA-1_LGD-1,nepmfaff-1,Cluster 17,0,56.85
L1-TA-1_LGD-1,bfgdibbn-1,Cluster 4,0,103.32
L1-TA-1_LGD-1,nfacbnjb-1,Cluster 12,0,95.01
L1-TA-1_LGD-1,neppocgp-1,Cluster 17,0,27.36
L1-TA-1_LGD-1,nfacgbhe-1,Cluster 12,0,248.63
L1-TA-1_LGD-1,nfbicjfi-1,Cluster 17,0,56.85
L1-TA-1_LGD-1,nfafhaha-1,Cluster 12,0,100.79
L1-TA-1_LGD-1,nfaficch-1,Cluster 4,0,84.44
L1-TA-1_LGD-1,nfbhphoe-1,Cluster 6,0,42.81
L1-TA-1_LGD-1,nfbijigp-1,Cluster 12,0,53.65
L1-TA-1_LGD-1,oigghdic-1,Cluster 14,0,14.77
L1-TA-1_LGD-1,nepmeckp-1,Cluster 12,0,111.08
L1-TA-1_LGD-1,nfachfaa-1,Cluster 12,0,49.54
L1-TA-1_LGD-1,nfbinkfa-1,Cluster 17,0,33.55
L1-TA-1_LGD-1,nfbimbpi-1,Cluster 12,0,42.40
L1-TA-1_LGD-1,nepbomhd-1,Cluster 17,0,65.97
L1-TA-1_LGD-1,nfbielej-1,Cluster 12,0,84.31
L1-TA-1_LGD-1,nfbienaj-1,Cluster 12,0,111.45
L1-TA-1_LGD-1,neppoehp-1,Cluster 17,0,75.00
L1-TA-1_LGD-1,nfbijfjg-1,Cluster 12,0,56.85
L1-TA-1_LGD-1,neppocai-1,Cluster 12,0,119.44
L1-TA-1_LGD-1,nepbpihn-1,Cluster 17,0,47.19
L1-TA-1_LGD-1,nfafjebg-1,Cluster 12,0,181.80
L1-TA-1_LGD-1,nepbpkbl-1,Cluster 6,0,40.19
L1-TA-1_LGD-1,nfbhnild-1,Cluster 3,0,76.81
L1-TA-1_LGD-1,nfafgmmm-1,Cluster 12,0,139.89
L1-TA-1_LGD-1,bfgcnmkh-1,Cluster 6,0,74.24
L1-TA-1_LGD-1,nfbidpfk-1,Cluster 12,0,182.30
L1-TA-1_LGD-1,nfaanfec-1,Cluster 10,0,24.29
L1-TA-1_LGD-1,nepodahg-1,Cluster 6,0,47.14
L1-TA-1_LGD-1,nfaandbn-1,Cluster 6,0,25.20
L1-TA-1_LGD-1,nfaafhdj-1,Cluster 6,0,77.62
L1-TA-1_LGD-1,nfahnijp-1,Cluster 6,0,56.90
L1-TA-1_LGD-1,bffpfhmf-1,Cluster 15,0,48.95
L1-TA-1_LGD-1,nfahpojk-1,Cluster 3,0,30.25
L1-TA-1_LGD-1,nfajkakp-1,Unassigned,0,21.09
L1-TA-1_LGD-1,nfahnmnl-1,Cluster 6,0,15.31
L1-TA-1_LGD-1,nfajhhhm-1,Cluster 3,0,87.92
L1-TA-1_LGD-1,nfahkkeh-1,Cluster 20,0,39.56
L1-TA-1_LGD-1,bffolhio-1,Cluster 6,0,41.41
L1-TA-1_LGD-1,nacgpkji-1,Cluster 17,0,123.46
L1-TA-1_LGD-1,nfahkocf-1,Cluster 24,0,34.27
L1-TA-1_LGD-1,nfajhmmg-1,Cluster 6,0,114.47
L1-TA-1_LGD-1,nfagpano-1,Cluster 4,0,40.96
L1-TA-1_LGD-1,nfahcjfd-1,Cluster 4,0,42.58
L1-TA-1_LGD-1,nacgohln-1,Cluster 4,0,76.59
L1-TA-1_LGD-1,nfajkpgm-1,Cluster 4,0,108.24
L1-TA-1_LGD-1,nfahbnib-1,Cluster 4,0,105.85
L1-TA-1_LGD-1,bflcnaci-1,Cluster 4,0,59.02
L1-TA-1_LGD-1,nfahjlok-1,Cluster 12,0,93.52
L1-TA-1_LGD-1,bflcfdkg-1,Cluster 4,0,65.57
L1-TA-1_LGD-1,bffncbpo-1,Cluster 4,0,28.95
L1-TA-1_LGD-1,bffomifc-1,Cluster 4,0,55.18
L1-TA-1_LGD-1,bffngoac-1,Cluster 7,0,23.98
L1-TA-1_LGD-1,bffpcfjo-1,Cluster 12,0,100.34
L1-TA-1_LGD-1,nacgoflo-1,Cluster 17,0,47.87
L1-TA-1_LGD-1,nfakbfcp-1,Cluster 4,0,34.32
L1-TA-1_LGD-1,bffnafii-1,Cluster 4,0,65.03
L1-TA-1_LGD-1,bffnbaje-1,Cluster 7,0,55.45
L1-TA-1_LGD-1,nfakaepc-1,Cluster 4,0,38.52
L1-TA-1_LGD-1,nfajoefp-1,Cluster 2,0,45.70
L1-TA-1_LGD-1,nfajlgib-1,Cluster 7,0,31.02
L1-TA-1_LGD-1,bffnelga-1,Cluster 4,0,75.73
L1-TA-1_LGD-1,bffmppen-1,Cluster 12,0,180.72
L1-TA-1_LGD-1,nfaeogji-1,Cluster 4,0,185.10
L1-TA-1_LGD-1,nfajklia-1,Cluster 12,0,90.00
L1-TA-1_LGD-1,nfahekoi-1,Cluster 7,0,20.18
L1-TA-1_LGD-1,nfaihhna-1,Cluster 12,0,26.64
L1-TA-1_LGD-1,bfkoogcd-1,Cluster 12,0,71.39
L1-TA-1_LGD-1,bfkpdclp-1,Cluster 12,0,75.64
L1-TA-1_LGD-1,nfacmkpc-1,Cluster 9,0,26.60
L1-TA-1_LGD-1,bflpbkbp-1,Cluster 12,0,44.34
L1-TA-1_LGD-1,nfaekoec-1,Cluster 6,0,60.24
L1-TA-1_LGD-1,oigffnha-1,Cluster 14,0,38.34
L1-TA-1_LGD-1,bffpmipk-1,Cluster 12,0,101.74
L1-TA-1_LGD-1,bffpkmek-1,Cluster 4,0,31.79
L1-TA-1_LGD-1,bffphijo-1,Cluster 4,0,103.72
L1-TA-1_LGD-1,nfaiiibh-1,Cluster 12,0,82.59
L1-TA-1_LGD-1,nfakgpgm-1,Cluster 2,0,16.66
L1-TA-1_LGD-1,nfaikeaf-1,Cluster 12,0,102.28
L1-TA-1_LGD-1,bfkolkhf-1,Cluster 12,0,91.22
L1-TA-1_LGD-1,bffnhibh-1,Cluster 16,0,61.64
L1-TA-1_LGD-1,bffpjljl-1,Cluster 4,0,51.39
L1-TA-1_LGD-1,nfaifoji-1,Cluster 12,0,69.90
L1-TA-1_LGD-1,nfajbajg-1,Cluster 12,0,53.69
L1-TA-1_LGD-1,nfahmkbl-1,Cluster 6,0,95.82
L1-TA-1_LGD-1,bfkpbogj-1,Cluster 12,0,34.77
L1-TA-1_LGD-1,bffnpbdh-1,Cluster 15,0,36.85
L1-TA-1_LGD-1,nfakgahl-1,Cluster 6,0,15.90
L1-TA-1_LGD-1,nfakfkgb-1,Cluster 6,0,38.56
L1-TA-1_LGD-1,nfakfehd-1,Cluster 6,0,41.95
L1-TA-1_LGD-1,nfaeiocm-1,Cluster 6,0,61.01
L1-TA-1_LGD-1,nfagnelj-1,Cluster 9,0,30.21
L1-TA-1_LGD-1,nfakhbme-1,Cluster 6,0,86.29
L1-TA-1_LGD-1,bffofjcc-1,Cluster 24,0,30.35
L1-TA-1_LGD-1,bffoahmb-1,Cluster 6,0,64.53
L1-TA-1_LGD-1,nfaefpmn-1,Cluster 6,0,18.11
L1-TA-1_LGD-1,nfagomkl-1,Cluster 3,0,58.88
L1-TA-1_LGD-1,nfakdjkg-1,Cluster 6,0,28.18
L1-TA-1_LGD-1,bffokmpk-1,Cluster 15,0,57.98
L1-TA-1_LGD-1,bffnhplk-1,Cluster 15,0,50.89
L1-TA-1_LGD-1,neplhcim-1,Cluster 12,0,142.87
L1-TA-1_LGD-1,nfadlaaf-1,Cluster 12,0,49.49
L1-TA-1_LGD-1,nfbkafam-1,Cluster 10,0,50.35
L1-TA-1_LGD-1,nfbkdddb-1,Cluster 19,0,40.05
L1-TA-1_LGD-1,nfadlinh-1,Cluster 4,0,94.74
L1-TA-1_LGD-1,nfbjjbfl-1,Cluster 10,0,51.21
L1-TA-1_LGD-1,nfblljkf-1,Cluster 13,0,36.26
L1-TA-1_LGD-1,bffkidcj-1,Cluster 13,0,145.31
L1-TA-1_LGD-1,nfbhkoip-1,Cluster 3,0,48.23
L1-TA-1_LGD-1,nfbjnjfj-1,Cluster 10,0,27.09
L1-TA-1_LGD-1,nfbjajmc-1,Cluster 6,0,56.26
L1-TA-1_LGD-1,nfbimenh-1,Cluster 7,0,37.80
L1-TA-1_LGD-1,nfbjngci-1,Cluster 6,0,43.03
L1-TA-1_LGD-1,nfbhjjje-1,Cluster 3,0,50.67
L1-TA-1_LGD-1,nepfphld-1,Cluster 6,0,35.90
L1-TA-1_LGD-1,nfabkfeh-1,Cluster 9,0,34.27
L1-TA-1_LGD-1,bfgcjpjg-1,Cluster 10,0,78.66
L1-TA-1_LGD-1,nfbjkdlf-1,Cluster 6,0,34.91
L1-TA-1_LGD-1,nepmhegm-1,Cluster 12,0,74.10
L1-TA-1_LGD-1,nfbjcpmc-1,Cluster 6,0,84.76
L1-TA-1_LGD-1,nepmhgho-1,Cluster 4,0,105.39
L1-TA-1_LGD-1,nfbkbmbj-1,Cluster 10,0,34.91
L1-TA-1_LGD-1,nepfnfhl-1,Cluster 17,0,69.90
L1-TA-1_LGD-1,nfbkchbd-1,Cluster 10,0,41.50
L1-TA-1_LGD-1,nfabmkim-1,Cluster 9,0,16.26
L1-TA-1_LGD-1,nepmjgpc-1,Cluster 12,0,146.53
L1-TA-1_LGD-1,bfgcogja-1,Cluster 10,0,58.30
L1-TA-1_LGD-1,nfadndpj-1,Cluster 10,0,50.71
L1-TA-1_LGD-1,nepmcoof-1,Cluster 12,0,55.45
L1-TA-1_LGD-1,nepllnnk-1,Cluster 19,0,11.11
L1-TA-1_LGD-1,nepmajge-1,Cluster 12,0,54.19
L1-TA-1_LGD-1,nfadpalh-1,Cluster 12,0,109.91
L1-TA-1_LGD-1,nepfnpaf-1,Cluster 17,0,71.89
L1-TA-1_LGD-1,nfbiojbi-1,Cluster 3,0,45.16
L1-TA-1_LGD-1,nepmbpbi-1,Cluster 12,0,87.11
L1-TA-1_LGD-1,nepfngdi-1,Cluster 7,0,45.34
L1-TA-1_LGD-1,nfbmbbdc-1,Cluster 13,0,25.33
L1-TA-1_LGD-1,nfbmaagb-1,Cluster 17,0,86.47
L1-TA-1_LGD-1,nfadlcpn-1,Cluster 12,0,80.24
L1-TA-1_LGD-1,nfbmdejm-1,Cluster 10,0,50.48
L1-TA-1_LGD-1,nepljjmg-1,Cluster 4,0,47.64
L1-TA-1_LGD-1,nfblnfke-1,Cluster 13,0,85.53
L1-TA-1_LGD-1,nfbmffio-1,Cluster 16,0,45.52
L1-TA-1_LGD-1,bfgdilin-1,Cluster 12,0,85.71
L1-TA-1_LGD-1,nfbnadon-1,Cluster 12,0,55.41
L1-TA-1_LGD-1,nfbnbmga-1,Cluster 12,0,30.93
L1-TA-1_LGD-1,nfbmnjfg-1,Cluster 12,0,50.17
L1-TA-1_LGD-1,nfbkgdem-1,Cluster 9,0,27.91
L1-TA-1_LGD-1,bffkokdp-1,Cluster 6,0,27.64
L1-TA-1_LGD-1,neplhkkh-1,Cluster 12,0,207.22
L1-TA-1_LGD-1,nfabambe-1,Cluster 12,0,89.54
L1-TA-1_LGD-1,bfgedfmc-1,Cluster 12,0,60.06
L1-TA-1_LGD-1,nfbhfaal-1,Cluster 4,0,62.00
L1-TA-1_LGD-1,nfablkmh-1,Cluster 17,0,55.27
L1-TA-1_LGD-1,nfbmkklf-1,Cluster 2,0,17.66
L1-TA-1_LGD-1,nfabdpjl-1,Cluster 4,0,42.54
L1-TA-1_LGD-1,nfbjfnce-1,Cluster 9,0,13.46
L1-TA-1_LGD-1,nfbldhoi-1,Cluster 4,0,37.93
L1-TA-1_LGD-1,nfbjibli-1,Cluster 9,0,18.97
L1-TA-1_LGD-1,nfbmjhig-1,Cluster 13,0,17.29
L1-TA-1_LGD-1,nfbjjbcn-1,Cluster 3,0,31.47
L1-TA-1_LGD-1,nfblimij-1,Cluster 17,0,61.14
L1-TA-1_LGD-1,nfblgbba-1,Cluster 13,0,74.60
L1-TA-1_LGD-1,nfbmjdae-1,Cluster 1,0,25.65
L1-TA-1_LGD-1,nfabmodj-1,Cluster 13,0,26.37
L1-TA-1_LGD-1,nfblbfdm-1,Cluster 12,0,91.89
L1-TA-1_LGD-1,nfabbfod-1,Cluster 12,0,53.92
L1-TA-1_LGD-1,nfbmjhgp-1,Cluster 9,0,9.62
L1-TA-1_LGD-1,bfgdphlh-1,Cluster 12,0,49.90
L1-TA-1_LGD-1,nfbmnmjb-1,Cluster 12,0,47.01
L1-TA-1_LGD-1,nfadkjio-1,Cluster 12,0,55.32
L1-TA-1_LGD-1,nfadpnhe-1,Cluster 2,0,26.24
L1-TA-1_LGD-1,nfaedmno-1,Cluster 4,0,64.75
L1-TA-1_LGD-1,nfaiehbp-1,Cluster 12,0,106.25
L1-TA-1_LGD-1,nfaibdoh-1,Cluster 12,0,45.65
L1-TA-1_LGD-1,nfadhaob-1,Cluster 12,0,46.24
L1-TA-1_LGD-1,nfaglaic-1,Cluster 3,0,57.35
L1-TA-1_LGD-1,nfafohll-1,Cluster 6,0,61.68
L1-TA-1_LGD-1,nfadhnjf-1,Cluster 12,0,107.02
L1-TA-1_LGD-1,nfadjfmp-1,Cluster 12,0,38.83
L1-TA-1_LGD-1,nfagabbe-1,Cluster 3,0,66.29
L1-TA-1_LGD-1,nfaeahgb-1,Cluster 9,0,11.61
L1-TA-1_LGD-1,nfagfana-1,Cluster 4,0,83.49
L1-TA-1_LGD-1,nfaimjfk-1,Cluster 10,0,75.19
L1-TA-1_LGD-1,oigffppl-1,Cluster 20,0,13.46
L1-TA-1_LGD-1,nfaippgc-1,Cluster 12,0,133.08
L1-TA-1_LGD-1,bfloogcm-1,Cluster 12,0,86.79
L1-TA-1_LGD-1,nfacbbbk-1,Cluster 3,0,49.67
L1-TA-1_LGD-1,nfajdhdj-1,Cluster 4,0,73.29
L1-TA-1_LGD-1,nfaiepof-1,Cluster 6,0,49.94
L1-TA-1_LGD-1,nfadgmhn-1,Cluster 10,0,60.15
L1-TA-1_LGD-1,nfaidcdl-1,Cluster 10,0,59.34
L1-TA-1_LGD-1,nfaddmdc-1,Cluster 10,0,32.74
L1-TA-1_LGD-1,oigfidhi-1,Cluster 19,0,8.49
L1-TA-1_LGD-1,bffmlcmh-1,Cluster 10,0,71.98
L1-TA-1_LGD-1,nfacbdje-1,Cluster 1,0,11.24
L1-TA-1_LGD-1,nfacbmjk-1,Cluster 10,0,58.52
L1-TA-1_LGD-1,nfaikkdp-1,Cluster 12,0,96.95
L1-TA-1_LGD-1,nfaillel-1,Cluster 12,0,121.83
L1-TA-1_LGD-1,nfainbik-1,Cluster 12,0,143.15
L1-TA-1_LGD-1,nfadgfng-1,Cluster 3,0,42.76
L1-TA-1_LGD-1,bfgafcii-1,Cluster 12,0,65.12
L1-TA-1_LGD-1,bflpbind-1,Cluster 12,0,55.32
L1-TA-1_LGD-1,nfacpfjd-1,Cluster 12,0,60.60
L1-TA-1_LGD-1,nfadbphn-1,Cluster 10,0,62.95
L1-TA-1_LGD-1,nepkabfp-1,Cluster 10,0,37.21
L1-TA-1_LGD-1,bffmkgfo-1,Cluster 12,0,49.08
L1-TA-1_LGD-1,neplapgf-1,Cluster 4,0,17.66
L1-TA-1_LGD-1,neplabai-1,Cluster 12,0,142.02
L1-TA-1_LGD-1,bffokjpa-1,Cluster 15,0,32.96
L1-TA-1_LGD-1,nepkegnk-1,Cluster 10,0,29.98
L1-TA-1_LGD-1,nepjobjo-1,Cluster 10,0,39.60
L1-TA-1_LGD-1,bffmgeml-1,Cluster 12,0,108.65
L1-TA-1_LGD-1,nepjoohm-1,Cluster 12,0,44.16
L1-TA-1_LGD-1,bffognkk-1,Cluster 10,0,50.12
L1-TA-1_LGD-1,bffojhck-1,Cluster 6,0,57.26
L1-TA-1_LGD-1,nacjmckp-1,Cluster 3,0,30.16
L1-TA-1_LGD-1,nepjjlgd-1,Cluster 6,0,39.51
L1-TA-1_LGD-1,nepjigic-1,Cluster 12,0,50.39
L1-TA-1_LGD-1,nepjilfo-1,Cluster 12,0,43.76
L1-TA-1_LGD-1,nepjhckk-1,Cluster 12,0,51.93
L1-TA-1_LGD-1,nepjialg-1,Cluster 12,0,63.85
L1-TA-1_LGD-1,nfafjedg-1,Cluster 12,0,35.76
L1-TA-1_LGD-1,neplfhbf-1,Cluster 12,0,85.80
L1-TA-1_LGD-1,nacjgnnb-1,Cluster 3,0,33.14
L1-TA-1_LGD-1,nepjoaje-1,Cluster 6,0,67.51
L1-TA-1_LGD-1,nepjiojf-1,Cluster 10,0,95.55
L1-TA-1_LGD-1,bffoippn-1,Cluster 15,0,27.36
L1-TA-1_LGD-1,nfafmpgd-1,Cluster 12,0,124.50
L1-TA-1_LGD-1,nfagndnj-1,Cluster 4,0,85.53
L1-TA-1_LGD-1,nfafkimn-1,Cluster 4,0,38.38
L1-TA-1_LGD-1,nfafoebn-1,Cluster 12,0,73.79
L1-TA-1_LGD-1,nfagjcdj-1,Cluster 12,0,33.51
L1-TA-1_LGD-1,nfagapai-1,Cluster 6,0,170.60
L1-TA-1_LGD-1,nfaggigh-1,Cluster 12,0,62.27
L1-TA-1_LGD-1,nfaebbkm-1,Cluster 12,0,79.61
L1-TA-1_LGD-1,nfagdkfc-1,Cluster 6,0,36.26
L1-TA-1_LGD-1,nfagkife-1,Cluster 4,0,40.64
L1-TA-1_LGD-1,nfagmpaj-1,Cluster 4,0,40.91
L1-TA-1_LGD-1,ngkjnjmm-1,Cluster 9,0,15.62
L1-TA-1_LGD-1,ngioohbk-1,Cluster 4,0,26.78
L1-TA-1_LGD-1,ngjbeapc-1,Cluster 3,0,46.42
L1-TA-1_LGD-1,nghommbc-1,Cluster 23,0,54.32
L1-TA-1_LGD-1,nginngop-1,Cluster 2,0,83.86
L1-TA-1_LGD-1,nginlapk-1,Cluster 12,0,47.50
L1-TA-1_LGD-1,nghognpp-1,Cluster 12,0,30.53
L1-TA-1_LGD-1,nginjljp-1,Cluster 2,0,29.08
L1-TA-1_LGD-1,ngjaclen-1,Cluster 27,0,29.85
L1-TA-1_LGD-1,nghofcba-1,Cluster 4,0,17.34
L1-TA-1_LGD-1,nghofjfj-1,Cluster 9,0,16.62
L1-TA-1_LGD-1,ngingkkm-1,Cluster 2,0,32.92
L1-TA-1_LGD-1,nghoibag-1,Cluster 12,0,34.95
L1-TA-1_LGD-1,ngioamoe-1,Cluster 12,0,86.47
L1-TA-1_LGD-1,biicjgjp-1,Cluster 5,0,57.17
L1-TA-1_LGD-1,nghoflnn-1,Cluster 7,0,16.12
L1-TA-1_LGD-1,nghmofdf-1,Cluster 3,0,32.20
L1-TA-1_LGD-1,nghojmai-1,Cluster 12,0,37.98
L1-TA-1_LGD-1,nghoimaj-1,Cluster 2,0,28.67
L1-TA-1_LGD-1,nghocfao-1,Cluster 12,0,41.14
L1-TA-1_LGD-1,nghoneph-1,Cluster 2,0,25.38
L1-TA-1_LGD-1,ngkbdcjl-1,Cluster 12,0,87.60
L1-TA-1_LGD-1,ngioajhh-1,Cluster 2,0,13.55
L1-TA-1_LGD-1,nginikec-1,Cluster 4,0,23.89
L1-TA-1_LGD-1,ngipbglh-1,Cluster 7,0,32.33
L1-TA-1_LGD-1,ngioajlk-1,Cluster 12,0,76.00
L1-TA-1_LGD-1,nghmijia-1,Cluster 2,0,15.62
L1-TA-1_LGD-1,nghlmomc-1,Cluster 7,0,26.19
L1-TA-1_LGD-1,ngiobnji-1,Cluster 7,0,18.20
L1-TA-1_LGD-1,nginhopm-1,Cluster 12,0,32.47
L1-TA-1_LGD-1,nghmfnfm-1,Cluster 12,0,43.49
L1-TA-1_LGD-1,nghmdofp-1,Cluster 12,0,36.62
L1-TA-1_LGD-1,nghkcijk-1,Cluster 12,0,35.76
L1-TA-1_LGD-1,nghmfofb-1,Cluster 2,0,20.64
L1-TA-1_LGD-1,ngincncj-1,Cluster 19,0,17.34
L1-TA-1_LGD-1,biidhhcl-1,Cluster 5,0,32.02
L1-TA-1_LGD-1,ngimnmla-1,Cluster 3,0,40.60
L1-TA-1_LGD-1,ngingecl-1,Cluster 14,0,14.59
L1-TA-1_LGD-1,biimgmja-1,Cluster 4,0,61.01
L1-TA-1_LGD-1,ngindmfg-1,Cluster 14,0,25.83
L1-TA-1_LGD-1,biilnmmh-1,Cluster 12,0,106.52
L1-TA-1_LGD-1,ngkkmpff-1,Cluster 12,0,84.04
L1-TA-1_LGD-1,ngimmkdg-1,Cluster 14,0,15.35
L1-TA-1_LGD-1,ngimbhki-1,Cluster 4,0,67.96
L1-TA-1_LGD-1,nggglhgb-1,Cluster 5,0,105.98
L1-TA-1_LGD-1,ngimdfhl-1,Cluster 5,0,36.49
L1-TA-1_LGD-1,ngimpead-1,Cluster 1,0,13.37
L1-TA-1_LGD-1,nginabhb-1,Cluster 15,0,54.59
L1-TA-1_LGD-1,ngiogibk-1,Cluster 3,0,34.36
L1-TA-1_LGD-1,ngggmlfg-1,Cluster 4,0,32.87
L1-TA-1_LGD-1,ngimpgbl-1,Cluster 14,0,17.75
L1-TA-1_LGD-1,ngiogebm-1,Cluster 9,0,31.34
L1-TA-1_LGD-1,ngjdkhkd-1,Cluster 9,0,41.95
L1-TA-1_LGD-1,nghjmbah-1,Cluster 12,0,86.20
L1-TA-1_LGD-1,nghjjgco-1,Cluster 2,0,28.95
L1-TA-1_LGD-1,ngghofpa-1,Cluster 3,0,34.23
L1-TA-1_LGD-1,ngggognp-1,Cluster 12,0,65.39
L1-TA-1_LGD-1,biimjikh-1,Cluster 12,0,65.61
L1-TA-1_LGD-1,nghjkcgf-1,Cluster 12,0,114.52
L1-TA-1_LGD-1,biimebgc-1,Cluster 12,0,119.57
L1-TA-1_LGD-1,ngimpkmo-1,Cluster 6,0,58.97
L1-TA-1_LGD-1,ngjajcco-1,Cluster 14,0,20.00
L1-TA-1_LGD-1,ngiopafg-1,Cluster 2,0,29.67
L1-TA-1_LGD-1,nghmnlom-1,Cluster 12,0,80.11
L1-TA-1_LGD-1,ngklhhfa-1,Cluster 6,0,39.60
L1-TA-1_LGD-1,ngklcian-1,Cluster 12,0,38.07
L1-TA-1_LGD-1,ngkllahn-1,Cluster 5,0,15.90
L1-TA-1_LGD-1,ngklodhk-1,Cluster 7,0,28.00
L1-TA-1_LGD-1,ngklmhop-1,Cluster 5,0,39.33
L1-TA-1_LGD-1,ngklkpnk-1,Cluster 3,0,32.38
L1-TA-1_LGD-1,ngkldhib-1,Cluster 5,0,189.70
L1-TA-1_LGD-1,ngklcgke-1,Cluster 6,0,15.08
L1-TA-1_LGD-1,biibfjoc-1,Cluster 12,0,92.66
L1-TA-1_LGD-1,biibicjg-1,Cluster 12,0,72.97
L1-TA-1_LGD-1,ngkkmdni-1,Cluster 5,0,28.54
L1-TA-1_LGD-1,biidhhmo-1,Cluster 5,0,59.02
L1-TA-1_LGD-1,biibhpip-1,Cluster 12,0,115.96
L1-TA-1_LGD-1,ngghbofi-1,Cluster 12,0,68.50
L1-TA-1_LGD-1,ngmgmajh-1,Cluster 3,0,46.47
L1-TA-1_LGD-1,ngmjibpa-1,Cluster 10,0,27.09
L1-TA-1_LGD-1,biieepgn-1,Cluster 4,0,17.88
L1-TA-1_LGD-1,ngmhimkh-1,Cluster 4,0,15.99
L1-TA-1_LGD-1,ngkniddh-1,Cluster 5,0,171.01
L1-TA-1_LGD-1,ngknlnno-1,Cluster 4,0,33.19
L1-TA-1_LGD-1,ngknkpfk-1,Cluster 4,0,165.45
L1-TA-1_LGD-1,ngkocaik-1,Cluster 4,0,94.83
L1-TA-1_LGD-1,biidgdlp-1,Cluster 5,0,46.38
L1-TA-1_LGD-1,biidcdli-1,Cluster 12,0,39.29
L1-TA-1_LGD-1,biidkeog-1,Cluster 5,0,54.14
L1-TA-1_LGD-1,ngkogbme-1,Cluster 4,0,106.61
L1-TA-1_LGD-1,ngknpnjd-1,Cluster 4,0,28.95
L1-TA-1_LGD-1,nghjjhel-1,Cluster 4,0,155.83
L1-TA-1_LGD-1,ngiilgai-1,Cluster 2,0,39.47
L1-TA-1_LGD-1,ngiimomn-1,Cluster 12,0,96.18
L1-TA-1_LGD-1,ngijjcco-1,Cluster 12,0,69.00
L1-TA-1_LGD-1,nghjjnbh-1,Cluster 4,0,190.33
L1-TA-1_LGD-1,ngijldkp-1,Cluster 4,0,71.62
L1-TA-1_LGD-1,ngijdfab-1,Cluster 2,0,42.00
L1-TA-1_LGD-1,nghnmkid-1,Cluster 6,0,29.49
L1-TA-1_LGD-1,nghnkhmf-1,Cluster 6,0,23.07
L1-TA-1_LGD-1,nghnleja-1,Cluster 3,0,19.96
L1-TA-1_LGD-1,nghnkdod-1,Cluster 12,0,29.67
L1-TA-1_LGD-1,nghmpfen-1,Cluster 12,0,83.81
L1-TA-1_LGD-1,ngikobje-1,Cluster 12,0,29.49
L1-TA-1_LGD-1,nghncefl-1,Cluster 2,0,64.84
L1-TA-1_LGD-1,ngiipljh-1,Cluster 12,0,62.95
L1-TA-1_LGD-1,ngiiimii-1,Cluster 4,0,153.62
L1-TA-1_LGD-1,nghjpgio-1,Cluster 6,0,39.83
L1-TA-1_LGD-1,nghjncfh-1,Cluster 10,0,14.22
L1-TA-1_LGD-1,ngiiimci-1,Cluster 5,0,95.46
L1-TA-1_LGD-1,ngikldbn-1,Cluster 12,0,57.48
L1-TA-1_LGD-1,nghnieol-1,Cluster 23,0,116.19
L1-TA-1_LGD-1,ngiilndp-1,Cluster 12,0,90.27
L1-TA-1_LGD-1,ngiiploh-1,Cluster 12,0,98.98
L1-TA-1_LGD-1,nghljmko-1,Cluster 12,0,44.66
L1-TA-1_LGD-1,biimlbjl-1,Cluster 12,0,94.69
L1-TA-1_LGD-1,nghobggn-1,Cluster 9,0,13.91
L1-TA-1_LGD-1,ngkoeimp-1,Cluster 12,0,36.80
L1-TA-1_LGD-1,ngkopldj-1,Cluster 5,0,20.77
L1-TA-1_LGD-1,biiebhkh-1,Cluster 4,0,35.85
L1-TA-1_LGD-1,biidpofe-1,Cluster 12,0,72.88
L1-TA-1_LGD-1,ngkmcigb-1,Cluster 5,0,70.35
L1-TA-1_LGD-1,ngkoeokk-1,Cluster 12,0,21.81
L1-TA-1_LGD-1,biicminf-1,Cluster 12,0,82.95
L1-TA-1_LGD-1,ngkjpbjm-1,Cluster 1,0,28.13
L1-TA-1_LGD-1,ngkpbhlc-1,Cluster 27,0,46.60
L1-TA-1_LGD-1,biidhaco-1,Cluster 12,0,79.61
L1-TA-1_LGD-1,ngkojnhi-1,Cluster 4,0,13.14
L1-TA-1_LGD-1,ngkoncmf-1,Cluster 4,0,27.18
L1-TA-1_LGD-1,ngkohljd-1,Cluster 4,0,22.26
L1-TA-1_LGD-1,ngknfoea-1,Cluster 12,0,76.81
L1-TA-1_LGD-1,biidhcan-1,Cluster 23,0,60.87
L1-TA-1_LGD-1,biidgeid-1,Cluster 12,0,65.30
L1-TA-1_LGD-1,ngkkkcdm-1,Cluster 5,0,41.45
L1-TA-1_LGD-1,ngkoicmf-1,Cluster 12,0,84.58
L1-TA-1_LGD-1,nglaabii-1,Cluster 7,0,14.45
L1-TA-1_LGD-1,ngkoadfj-1,Cluster 4,0,25.69
L1-TA-1_LGD-1,biidcabl-1,Cluster 23,0,62.04
L1-TA-1_LGD-1,biidkghh-1,Cluster 12,0,51.30
L1-TA-1_LGD-1,biidlcde-1,Cluster 12,0,33.96
L1-TA-1_LGD-1,ngkmbloh-1,Cluster 5,0,20.28
L1-TA-1_LGD-1,ngkocfhi-1,Cluster 12,0,26.91
L1-TA-1_LGD-1,ngkojibd-1,Cluster 5,0,60.46
L1-TA-1_LGD-1,ngkpfieh-1,Cluster 12,0,46.33
L1-TA-1_LGD-1,biicmnkb-1,Cluster 12,0,28.90
L1-TA-1_LGD-1,ngkoddml-1,Cluster 12,0,15.17
L1-TA-1_LGD-1,ngkojchj-1,Cluster 12,0,33.14
L1-TA-1_LGD-1,ngklpfhj-1,Cluster 5,0,27.23
L1-TA-1_LGD-1,ngknelpf-1,Cluster 12,0,61.37
L1-TA-1_LGD-1,ngklpfik-1,Cluster 4,0,38.16
L1-TA-1_LGD-1,ngknlagd-1,Cluster 4,0,19.33
L1-TA-1_LGD-1,neljjjpf-1,Cluster 5,0,27.91
L1-TA-1_LGD-1,bildbidg-1,Cluster 12,0,30.66
L1-TA-1_LGD-1,bildcimb-1,Cluster 12,0,99.61
L1-TA-1_LGD-1,neljkejg-1,Cluster 5,0,103.95
L1-TA-1_LGD-1,nelphjbi-1,Cluster 12,0,72.88
L1-TA-1_LGD-1,nelpohgb-1,Cluster 12,0,148.29
L1-TA-1_LGD-1,nelphilg-1,Cluster 12,0,179.23
L1-TA-1_LGD-1,neljbgce-1,Cluster 3,0,23.62
L1-TA-1_LGD-1,neljcmfp-1,Cluster 15,0,43.40
L1-TA-1_LGD-1,nemaagmn-1,Cluster 2,0,26.15
L1-TA-1_LGD-1,nemacdkk-1,Cluster 12,0,42.18
L1-TA-1_LGD-1,nelkekna-1,Cluster 23,0,29.53
L1-TA-1_LGD-1,bilcpcgo-1,Cluster 12,0,72.70
L1-TA-1_LGD-1,nemannme-1,Cluster 12,0,155.97
L1-TA-1_LGD-1,nembaoij-1,Cluster 12,0,83.63
L1-TA-1_LGD-1,bilcpfco-1,Cluster 12,0,30.16
L1-TA-1_LGD-1,nelkehjb-1,Cluster 12,0,69.86
L1-TA-1_LGD-1,nelkgpeg-1,Cluster 12,0,45.83
L1-TA-1_LGD-1,bilcpdga-1,Cluster 12,0,50.62
L1-TA-1_LGD-1,bilcolpp-1,Cluster 12,0,41.41
L1-TA-1_LGD-1,neljagjc-1,Cluster 10,0,99.30
L1-TA-1_LGD-1,neljlfcc-1,Cluster 5,0,208.13
L1-TA-1_LGD-1,nelpmdgi-1,Cluster 12,0,19.73
L1-TA-1_LGD-1,nembgjgg-1,Cluster 4,0,35.40
L1-TA-1_LGD-1,nembcabl-1,Cluster 12,0,33.19
L1-TA-1_LGD-1,nembbopf-1,Cluster 5,0,133.89
L1-TA-1_LGD-1,nembamjf-1,Cluster 12,0,122.24
L1-TA-1_LGD-1,nemaogcl-1,Cluster 7,0,27.55
L1-TA-1_LGD-1,nemagifi-1,Cluster 12,0,37.39
L1-TA-1_LGD-1,nemakcca-1,Cluster 12,0,48.14
L1-TA-1_LGD-1,nembfnfi-1,Cluster 12,0,85.21
L1-TA-1_LGD-1,nemakena-1,Cluster 12,0,48.00
L1-TA-1_LGD-1,nellalpl-1,Cluster 12,0,102.41
L1-TA-1_LGD-1,nelkonif-1,Cluster 4,0,81.96
L1-TA-1_LGD-1,nembfpni-1,Cluster 4,0,35.18
L1-TA-1_LGD-1,ngmhbjdj-1,Cluster 3,0,36.85
L1-TA-1_LGD-1,ngmiafik-1,Cluster 7,0,14.18
L1-TA-1_LGD-1,ngmholin-1,Cluster 12,0,41.45
L1-TA-1_LGD-1,ngmhbedp-1,Cluster 3,0,17.20
L1-TA-1_LGD-1,ngmicebf-1,Cluster 7,0,38.97
L1-TA-1_LGD-1,ngmhbgin-1,Cluster 3,0,69.95
L1-TA-1_LGD-1,ngminbop-1,Cluster 13,0,69.36
L1-TA-1_LGD-1,ngmhneli-1,Cluster 6,0,22.98
L1-TA-1_LGD-1,ngmjgiff-1,Cluster 19,0,30.30
L1-TA-1_LGD-1,biidnpcp-1,Cluster 12,0,49.94
L1-TA-1_LGD-1,biopaald-1,Cluster 12,0,24.75
L1-TA-1_LGD-1,ngmhglnm-1,Cluster 12,0,51.57
L1-TA-1_LGD-1,ngmihppf-1,Cluster 13,0,38.25
L1-TA-1_LGD-1,bioooiea-1,Cluster 12,0,28.31
L1-TA-1_LGD-1,ngmhleaa-1,Cluster 12,0,34.73
L1-TA-1_LGD-1,bildgihi-1,Cluster 13,0,58.16
L1-TA-1_LGD-1,biopdkch-1,Cluster 23,0,23.80
L1-TA-1_LGD-1,nelkcfpa-1,Cluster 13,0,48.95
L1-TA-1_LGD-1,biopbfpe-1,Cluster 12,0,28.45
L1-TA-1_LGD-1,oigeclbo-1,Cluster 14,0,21.49
L1-TA-1_LGD-1,bioopeof-1,Cluster 12,0,23.30
L1-TA-1_LGD-1,nelkcikh-1,Cluster 13,0,32.83
L1-TA-1_LGD-1,bilcpjca-1,Cluster 12,0,57.26
L1-TA-1_LGD-1,oigedfkd-1,Cluster 7,0,27.41
L1-TA-1_LGD-1,nelkaojn-1,Cluster 7,0,33.69
L1-TA-1_LGD-1,biopcaje-1,Cluster 12,0,41.77
L1-TA-1_LGD-1,biopgbmj-1,Cluster 12,0,38.20
L1-TA-1_LGD-1,ngmhjbnn-1,Cluster 5,0,27.77
L1-TA-1_LGD-1,neljmpcf-1,Cluster 12,0,57.66
L1-TA-1_LGD-1,nelkedma-1,Cluster 10,0,17.66
L1-TA-1_LGD-1,biopajhj-1,Cluster 4,0,21.99
L1-TA-1_LGD-1,biooonaj-1,Cluster 23,0,30.71
L1-TA-1_LGD-1,neljikgn-1,Cluster 12,0,32.74
L1-TA-1_LGD-1,nelkbdae-1,Cluster 10,0,45.11
L1-TA-1_LGD-1,ngnhlncp-1,Cluster 2,0,36.17
L1-TA-1_LGD-1,biifakon-1,Cluster 12,0,57.26
L1-TA-1_LGD-1,biiepfnp-1,Cluster 12,0,64.08
L1-TA-1_LGD-1,nglacndi-1,Cluster 3,0,32.33
L1-TA-1_LGD-1,ngkmjedm-1,Cluster 3,0,17.97
L1-TA-1_LGD-1,biophhim-1,Cluster 4,0,36.85
L1-TA-1_LGD-1,nglaahml-1,Cluster 6,0,16.21
L1-TA-1_LGD-1,ngkpnpdj-1,Cluster 3,0,52.52
L1-TA-1_LGD-1,oignpika-1,Cluster 9,0,11.06
L1-TA-1_LGD-1,ngkmkago-1,Cluster 10,0,87.69
L1-TA-1_LGD-1,ngkopbkf-1,Cluster 9,0,26.24
L1-TA-1_LGD-1,oigodfdk-1,Cluster 3,0,23.62
L1-TA-1_LGD-1,biienajd-1,Cluster 15,0,48.77
L1-TA-1_LGD-1,ngkkbdji-1,Cluster 3,0,22.49
L1-TA-1_LGD-1,nglabbfm-1,Cluster 20,0,42.63
L1-TA-1_LGD-1,biieomla-1,Cluster 23,0,84.98
L1-TA-1_LGD-1,ngkpebej-1,Cluster 20,0,44.21
L1-TA-1_LGD-1,ngkjmbhe-1,Cluster 3,0,41.14
L1-TA-1_LGD-1,ngmjjoei-1,Cluster 4,0,52.02
L1-TA-1_LGD-1,oigofdid-1,Cluster 1,0,10.21
L1-TA-1_LGD-1,ngnhcnif-1,Cluster 6,0,18.42
L1-TA-1_LGD-1,ngnhdhmh-1,Cluster 3,0,31.97
L1-TA-1_LGD-1,ngngkmlf-1,Cluster 20,0,31.65
L1-TA-1_LGD-1,ngmjlnci-1,Cluster 6,0,32.02
L1-TA-1_LGD-1,ngkmeeio-1,Cluster 4,0,104.76
L1-TA-1_LGD-1,ngnigmdm-1,Cluster 12,0,29.62
L1-TA-1_LGD-1,ngniajpo-1,Cluster 12,0,23.26
L1-TA-1_LGD-1,ngnikkgp-1,Cluster 9,0,13.28
L1-TA-1_LGD-1,ngnhfhkn-1,Cluster 12,0,69.22
L1-TA-1_LGD-1,ngnimpee-1,Cluster 12,0,27.41
L1-TA-1_LGD-1,bilcmmlc-1,Cluster 12,0,23.39
L1-TA-1_LGD-1,ngnhibna-1,Cluster 12,0,35.85
L1-TA-1_LGD-1,ngngfjpj-1,Cluster 12,0,30.48
L1-TA-1_LGD-1,bildilbi-1,Cluster 6,0,66.33
L1-TA-1_LGD-1,bipafnld-1,Cluster 12,0,111.63
L1-TA-1_LGD-1,bildnoba-1,Cluster 12,0,36.85
L1-TA-1_LGD-1,bildjgcm-1,Cluster 12,0,36.67
L1-TA-1_LGD-1,ngmjfije-1,Cluster 3,0,34.45
L1-TA-1_LGD-1,bildkgei-1,Cluster 12,0,37.93
L1-TA-1_LGD-1,ngohlffn-1,Cluster 9,0,22.85
L1-TA-1_LGD-1,biopihmf-1,Cluster 12,0,118.04
L1-TA-1_LGD-1,bipaopfn-1,Cluster 12,0,84.67
L1-TA-1_LGD-1,ngmiplck-1,Cluster 13,0,58.52
L1-TA-1_LGD-1,bipamipi-1,Cluster 12,0,81.33
L1-TA-1_LGD-1,biopidlh-1,Cluster 12,0,94.47
L1-TA-1_LGD-1,ngmjmkmk-1,Cluster 13,0,31.88
L1-TA-1_LGD-1,ngmjgdhl-1,Cluster 4,0,42.04
L1-TA-1_LGD-1,bildheng-1,Cluster 12,0,53.92
L1-TA-1_LGD-1,ngmjnibj-1,Cluster 3,0,74.69
L1-TA-1_LGD-1,ngmjhcko-1,Cluster 10,0,41.91
L1-TA-1_LGD-1,biopkpmg-1,Cluster 12,0,99.39
L1-TA-1_LGD-1,ngohmbbd-1,Cluster 7,0,14.31
L1-TA-1_LGD-1,bildgdam-1,Cluster 13,0,80.11
L1-TA-1_LGD-1,oigojgih-1,Cluster 14,0,22.62
L1-TA-1_LGD-1,ngmjmbmd-1,Cluster 4,0,42.94
L1-TA-1_LGD-1,ngmjmmfd-1,Cluster 13,0,40.23
L1-TA-1_LGD-1,ngmghedn-1,Cluster 13,0,43.67
L1-TA-1_LGD-1,ngmjfpme-1,Cluster 13,0,66.47
L1-TA-1_LGD-1,ngmjbdfg-1,Cluster 13,0,80.42
L1-TA-1_LGD-1,ngmjdggn-1,Cluster 13,0,69.00
L1-TA-1_LGD-1,ngninona-1,Cluster 19,0,39.65
L1-TA-1_LGD-1,nglcmjih-1,Cluster 15,0,28.22
L1-TA-1_LGD-1,nglbnojh-1,Cluster 3,0,40.10
L1-TA-1_LGD-1,nglcekel-1,Cluster 9,0,33.46
L1-TA-1_LGD-1,nglbogki-1,Cluster 2,0,22.40
L1-TA-1_LGD-1,nglbkcnp-1,Cluster 6,0,38.61
L1-TA-1_LGD-1,biompnke-1,Cluster 12,0,122.55
L1-TA-1_LGD-1,ngnjeboh-1,Cluster 12,0,90.18
L1-TA-1_LGD-1,ngnjeooo-1,Cluster 9,0,14.95
L1-TA-1_LGD-1,ngniopip-1,Cluster 2,0,23.30
L1-TA-1_LGD-1,ngniodjo-1,Cluster 2,0,24.84
L1-TA-1_LGD-1,ngnjaapp-1,Cluster 4,0,45.16
L1-TA-1_LGD-1,ngniogip-1,Cluster 4,0,68.14
L1-TA-1_LGD-1,bioonlmn-1,Cluster 12,0,54.55
L1-TA-1_LGD-1,nglddicp-1,Cluster 12,0,38.70
L1-TA-1_LGD-1,nglcnodk-1,Cluster 4,0,25.78
L1-TA-1_LGD-1,biookeof-1,Cluster 12,0,49.18
L1-TA-1_LGD-1,nglcopfd-1,Cluster 4,0,26.78
L1-TA-1_LGD-1,bipabmcp-1,Cluster 12,0,76.18
L1-TA-1_LGD-1,biopnggp-1,Cluster 12,0,60.64
L1-TA-1_LGD-1,biopncdf-1,Cluster 12,0,31.93
L1-TA-1_LGD-1,ngngplhb-1,Cluster 4,0,114.02
L1-TA-1_LGD-1,bioolbob-1,Cluster 12,0,115.87
L1-TA-1_LGD-1,bionaoch-1,Cluster 12,0,52.07
L1-TA-1_LGD-1,ngmjlplb-1,Cluster 7,0,12.96
L1-TA-1_LGD-1,bioonepn-1,Cluster 12,0,108.74
L1-TA-1_LGD-1,bildijgo-1,Cluster 12,0,85.44
L1-TA-1_LGD-1,ngnhnaee-1,Cluster 4,0,78.93
L1-TA-1_LGD-1,bioohglg-1,Cluster 12,0,103.41
L1-TA-1_LGD-1,ngnikbei-1,Cluster 12,0,56.45
L1-TA-1_LGD-1,ngnjcnod-1,Cluster 4,0,137.18
L1-TA-1_LGD-1,bipadpea-1,Cluster 12,0,61.37
L1-TA-1_LGD-1,bilebfjc-1,Cluster 4,0,38.56
L1-TA-1_LGD-1,bilgfafn-1,Cluster 12,0,39.06
L1-TA-1_LGD-1,ngnahocd-1,Cluster 3,0,45.11
L1-TA-1_LGD-1,nelnfafm-1,Cluster 10,0,24.29
L1-TA-1_LGD-1,nelofokb-1,Cluster 7,0,22.40
L1-TA-1_LGD-1,nelalihe-1,Cluster 3,0,29.26
L1-TA-1_LGD-1,nelipehb-1,Cluster 13,0,74.15
L1-TA-1_LGD-1,neloedol-1,Cluster 7,0,33.28
L1-TA-1_LGD-1,nelnmklb-1,Cluster 13,0,49.08
L1-TA-1_LGD-1,nelakiop-1,Cluster 14,0,14.13
L1-TA-1_LGD-1,ngmgfmbf-1,Cluster 13,0,59.34
L1-TA-1_LGD-1,ngmkinio-1,Cluster 13,0,55.59
L1-TA-1_LGD-1,ngmkhlbg-1,Cluster 13,0,26.15
L1-TA-1_LGD-1,nekpcpjb-1,Cluster 10,0,69.50
L1-TA-1_LGD-1,nellbppk-1,Cluster 12,0,69.99
L1-TA-1_LGD-1,nellmeoi-1,Cluster 12,0,41.09
L1-TA-1_LGD-1,nelkikkd-1,Cluster 13,0,13.41
L1-TA-1_LGD-1,nellphnp-1,Cluster 19,0,34.77
L1-TA-1_LGD-1,nelknepe-1,Cluster 9,0,26.01
L1-TA-1_LGD-1,nelknojf-1,Cluster 12,0,51.07
L1-TA-1_LGD-1,nelmecjp-1,Cluster 13,0,60.74
L1-TA-1_LGD-1,nelmbpfi-1,Cluster 13,0,62.77
L1-TA-1_LGD-1,nelpeidi-1,Cluster 13,0,69.72
L1-TA-1_LGD-1,nellkibk-1,Cluster 13,0,86.84
L1-TA-1_LGD-1,nelphlhl-1,Cluster 7,0,45.34
L1-TA-1_LGD-1,nelomffh-1,Cluster 13,0,65.30
L1-TA-1_LGD-1,nelpeoed-1,Cluster 12,0,243.62
L1-TA-1_LGD-1,bilfndhi-1,Cluster 13,0,33.01
L1-TA-1_LGD-1,bilfmeje-1,Cluster 13,0,51.03
L1-TA-1_LGD-1,nelpgfop-1,Cluster 5,0,77.62
L1-TA-1_LGD-1,nekpimod-1,Cluster 6,0,35.85
L1-TA-1_LGD-1,nekpjiop-1,Cluster 3,0,27.77
L1-TA-1_LGD-1,nelkpijk-1,Cluster 13,0,40.64
L1-TA-1_LGD-1,nelpbldi-1,Cluster 12,0,35.45
L1-TA-1_LGD-1,nelmcmph-1,Cluster 12,0,90.13
L1-TA-1_LGD-1,nelkippk-1,Cluster 4,0,24.93
L1-TA-1_LGD-1,nelpadef-1,Cluster 5,0,130.82
L1-TA-1_LGD-1,nelonihp-1,Cluster 12,0,59.38
L1-TA-1_LGD-1,nellnonm-1,Cluster 12,0,73.65
L1-TA-1_LGD-1,nelijebc-1,Cluster 13,0,49.99
L1-TA-1_LGD-1,nelhmnci-1,Cluster 7,0,41.68
L1-TA-1_LGD-1,ngnankkn-1,Cluster 2,0,26.24
L1-TA-1_LGD-1,neliagcd-1,Cluster 13,0,65.48
L1-TA-1_LGD-1,neliimje-1,Cluster 13,0,123.73
L1-TA-1_LGD-1,nelibeea-1,Cluster 3,0,26.87
L1-TA-1_LGD-1,neljemgd-1,Cluster 13,0,68.86
L1-TA-1_LGD-1,nelhhcme-1,Cluster 13,0,90.22
L1-TA-1_LGD-1,ngmkjhlj-1,Cluster 13,0,44.57
L1-TA-1_LGD-1,ngnadpgn-1,Cluster 10,0,48.41
L1-TA-1_LGD-1,ngnalgng-1,Cluster 13,0,37.89
L1-TA-1_LGD-1,ngmkdlib-1,Cluster 13,0,49.76
L1-TA-1_LGD-1,nelhnaod-1,Cluster 7,0,18.79
L1-TA-1_LGD-1,ngmkipjd-1,Cluster 13,0,30.53
L1-TA-1_LGD-1,nelikmbi-1,Cluster 13,0,40.91
L1-TA-1_LGD-1,neljeped-1,Cluster 2,0,46.33
L1-TA-1_LGD-1,nelolegb-1,Cluster 3,0,54.55
L1-TA-1_LGD-1,bilfbdbh-1,Cluster 6,0,43.26
L1-TA-1_LGD-1,oigdpnlg-1,Cluster 3,0,17.97
L1-TA-1_LGD-1,neljhfbk-1,Cluster 7,0,53.96
L1-TA-1_LGD-1,nelhijof-1,Cluster 10,0,74.33
L1-TA-1_LGD-1,nelibheh-1,Cluster 10,0,50.98
L1-TA-1_LGD-1,nelndlmg-1,Cluster 10,0,45.92
L1-TA-1_LGD-1,nelakgeh-1,Cluster 3,0,59.92
L1-TA-1_LGD-1,nelifhee-1,Cluster 9,0,21.04
L1-TA-1_LGD-1,nelibmio-1,Cluster 7,0,25.29
L1-TA-1_LGD-1,nelnmeje-1,Cluster 3,0,27.09
L1-TA-1_LGD-1,nelohpol-1,Cluster 14,0,20.82
L1-TA-1_LGD-1,nelnlgkp-1,Cluster 14,0,22.44
L1-TA-1_LGD-1,nelojngg-1,Cluster 13,0,36.53
L1-TA-1_LGD-1,neliljam-1,Cluster 3,0,55.86
L1-TA-1_LGD-1,nelalmhp-1,Cluster 10,0,46.10
L1-TA-1_LGD-1,nelnppgb-1,Cluster 13,0,68.37
L1-TA-1_LGD-1,neloelme-1,Cluster 13,0,48.90
L1-TA-1_LGD-1,nekkjkck-1,Cluster 9,0,13.14
L1-TA-1_LGD-1,nelbjcbd-1,Cluster 2,0,26.51
L1-TA-1_LGD-1,nelbhpcd-1,Cluster 2,0,49.54
L1-TA-1_LGD-1,nelbgdgl-1,Cluster 10,0,52.74
L1-TA-1_LGD-1,nekpaahm-1,Cluster 12,0,99.48
L1-TA-1_LGD-1,nelahibl-1,Cluster 13,0,50.08
L1-TA-1_LGD-1,ngmnlneh-1,Cluster 13,0,106.39
L1-TA-1_LGD-1,nelaheag-1,Cluster 9,0,17.93
L1-TA-1_LGD-1,nekonpjp-1,Cluster 23,0,101.78
L1-TA-1_LGD-1,nekgmbdf-1,Cluster 13,0,95.96
L1-TA-1_LGD-1,nelbhjdc-1,Cluster 13,0,116.37
L1-TA-1_LGD-1,nekgiikf-1,Cluster 13,0,93.52
L1-TA-1_LGD-1,nekopcnd-1,Cluster 4,0,40.19
L1-TA-1_LGD-1,nekoolbg-1,Cluster 5,0,17.02
L1-TA-1_LGD-1,billppmi-1,Cluster 13,0,81.91
L1-TA-1_LGD-1,nekopmli-1,Cluster 5,0,107.29
L1-TA-1_LGD-1,nelbgngi-1,Cluster 7,0,33.24
L1-TA-1_LGD-1,nelaaial-1,Cluster 13,0,55.05
L1-TA-1_LGD-1,nelacfla-1,Cluster 7,0,35.67
L1-TA-1_LGD-1,nekofilf-1,Cluster 12,0,154.80
L1-TA-1_LGD-1,nekoomjp-1,Cluster 12,0,144.86
L1-TA-1_LGD-1,nelbaoop-1,Cluster 10,0,25.56
L1-TA-1_LGD-1,nekhacln-1,Cluster 4,0,127.66
L1-TA-1_LGD-1,nelanmkb-1,Cluster 10,0,24.34
L1-TA-1_LGD-1,nelbajah-1,Cluster 6,0,40.73
L1-TA-1_LGD-1,nekgpoaa-1,Cluster 2,0,13.86
L1-TA-1_LGD-1,nelbfonn-1,Cluster 10,0,26.24
L1-TA-1_LGD-1,nekponpa-1,Cluster 3,0,31.25
L1-TA-1_LGD-1,nekpheie-1,Cluster 3,0,34.77
L1-TA-1_LGD-1,nekpodke-1,Cluster 15,0,32.33
L1-TA-1_LGD-1,nekgonom-1,Cluster 12,0,102.87
L1-TA-1_LGD-1,bilfoonp-1,Cluster 13,0,78.57
L1-TA-1_LGD-1,nekpdkhg-1,Cluster 6,0,24.93
L1-TA-1_LGD-1,nekglnig-1,Cluster 7,0,23.48
L1-TA-1_LGD-1,nelpajhn-1,Cluster 12,0,130.32
L1-TA-1_LGD-1,bilmaghb-1,Cluster 12,0,37.52
L1-TA-1_LGD-1,bilfmapc-1,Cluster 12,0,32.96
L1-TA-1_LGD-1,bilfijpb-1,Cluster 12,0,61.41
L1-TA-1_LGD-1,ngnblgan-1,Cluster 12,0,22.58
L1-TA-1_LGD-1,ngnbkdfe-1,Cluster 12,0,45.74
L1-TA-1_LGD-1,billagdl-1,Cluster 4,0,71.44
L1-TA-1_LGD-1,ngnbmike-1,Cluster 4,0,118.49
L1-TA-1_LGD-1,ngnbmbgd-1,Cluster 4,0,51.93
L1-TA-1_LGD-1,ngnapnpk-1,Cluster 12,0,61.23
L1-TA-1_LGD-1,nekldppc-1,Cluster 23,0,51.12
L1-TA-1_LGD-1,ngnbfcom-1,Cluster 12,0,59.79
L1-TA-1_LGD-1,bilgakdh-1,Cluster 12,0,45.65
L1-TA-1_LGD-1,bilgegbn-1,Cluster 12,0,29.58
L1-TA-1_LGD-1,ngnbgfil-1,Cluster 12,0,86.79
L1-TA-1_LGD-1,billmgol-1,Cluster 12,0,56.49
L1-TA-1_LGD-1,ngnbcenk-1,Cluster 2,0,14.59
L1-TA-1_LGD-1,nekkjnih-1,Cluster 12,0,98.35
L1-TA-1_LGD-1,ngnbimki-1,Cluster 4,0,28.04
L1-TA-1_LGD-1,neklejbi-1,Cluster 12,0,20.64
L1-TA-1_LGD-1,nekkpjph-1,Cluster 12,0,54.86
L1-TA-1_LGD-1,bilmebjl-1,Cluster 12,0,88.91
L1-TA-1_LGD-1,ngnbdgph-1,Cluster 12,0,59.02
L1-TA-1_LGD-1,neklblec-1,Cluster 12,0,90.72
L1-TA-1_LGD-1,ngnbhfem-1,Cluster 4,0,58.03
L1-TA-1_LGD-1,ngnbmbad-1,Cluster 4,0,142.56
L1-TA-1_LGD-1,neklkpef-1,Cluster 12,0,75.14
L1-TA-1_LGD-1,ngnahdka-1,Cluster 3,0,17.75
L1-TA-1_LGD-1,ngmoddcb-1,Cluster 12,0,50.17
L1-TA-1_LGD-1,neklkeko-1,Cluster 3,0,46.19
L1-TA-1_LGD-1,ngmopkgm-1,Cluster 12,0,39.60
L1-TA-1_LGD-1,ngmonkce-1,Cluster 7,0,12.42
L1-TA-1_LGD-1,nekkhaeb-1,Cluster 19,0,37.93
L1-TA-1_LGD-1,neklfgdj-1,Cluster 15,0,39.33
L1-TA-1_LGD-1,ngmnpdok-1,Cluster 6,0,66.61
L1-TA-1_LGD-1,ngnklgcn-1,Cluster 19,0,57.03
L1-TA-1_LGD-1,ngnlkfan-1,Cluster 12,0,89.68
L1-TA-1_LGD-1,bilcnocf-1,Cluster 4,0,27.14
L1-TA-1_LGD-1,ngnkonjd-1,Cluster 25,0,35.18
L1-TA-1_LGD-1,bionmplm-1,Cluster 12,0,70.85
L1-TA-1_LGD-1,biooacie-1,Cluster 4,0,27.59
L1-TA-1_LGD-1,biooalmj-1,Cluster 13,0,43.08
L1-TA-1_LGD-1,ngmkkcbm-1,Cluster 9,0,38.92
L1-TA-1_LGD-1,ngmkdaba-1,Cluster 7,0,29.85
L1-TA-1_LGD-1,ngnlnkag-1,Cluster 12,0,28.40
L1-TA-1_LGD-1,ngnlmpoi-1,Cluster 6,0,20.32
L1-TA-1_LGD-1,bilepckc-1,Cluster 13,0,38.52
L1-TA-1_LGD-1,bioobnlf-1,Cluster 4,0,35.36
L1-TA-1_LGD-1,ngmhaajb-1,Cluster 27,0,47.87
L1-TA-1_LGD-1,ngnlngke-1,Cluster 2,0,22.71
L1-TA-1_LGD-1,ngmkcjml-1,Cluster 13,0,65.21
L1-TA-1_LGD-1,ngnlbfbi-1,Cluster 4,0,32.42
L1-TA-1_LGD-1,ngmgnlla-1,Cluster 12,0,30.66
L1-TA-1_LGD-1,bilfepkk-1,Cluster 13,0,44.80
L1-TA-1_LGD-1,ngnmepji-1,Cluster 4,0,44.93
L1-TA-1_LGD-1,ngnmfemi-1,Cluster 2,0,20.68
L1-TA-1_LGD-1,ngngdmfn-1,Cluster 7,0,14.59
L1-TA-1_LGD-1,bionlfah-1,Cluster 12,0,33.28
L1-TA-1_LGD-1,ngnmhipm-1,Cluster 12,0,18.02
L1-TA-1_LGD-1,ngmjphod-1,Cluster 13,0,42.99
L1-TA-1_LGD-1,bioohgbe-1,Cluster 12,0,43.94
L1-TA-1_LGD-1,ngmlafkl-1,Cluster 13,0,19.19
L1-TA-1_LGD-1,ngmgojli-1,Cluster 9,0,28.27
L1-TA-1_LGD-1,ngmgedkn-1,Cluster 13,0,42.31
L1-TA-1_LGD-1,bilfcekb-1,Cluster 13,0,45.34
L1-TA-1_LGD-1,bilcllnl-1,Cluster 4,0,25.38
L1-TA-1_LGD-1,bioodmfb-1,Cluster 12,0,34.68
L1-TA-1_LGD-1,ngmlbdcc-1,Cluster 6,0,30.48
L1-TA-1_LGD-1,bionoolo-1,Cluster 13,0,63.35
L1-TA-1_LGD-1,ngmkobkc-1,Cluster 7,0,26.78
L1-TA-1_LGD-1,ngnkecjm-1,Cluster 6,0,44.98
L1-TA-1_LGD-1,biooclde-1,Cluster 12,0,57.94
L1-TA-1_LGD-1,ngngdiak-1,Cluster 3,0,19.06
L1-TA-1_LGD-1,oigopenf-1,Cluster 7,0,9.44
L1-TA-1_LGD-1,ngnngoal-1,Cluster 12,0,53.51
L1-TA-1_LGD-1,ngnnkblm-1,Cluster 15,0,34.14
L1-TA-1_LGD-1,ngnniioc-1,Cluster 4,0,30.89
L1-TA-1_LGD-1,ngnocdbh-1,Cluster 4,0,32.38
L1-TA-1_LGD-1,ngnpdcci-1,Cluster 7,0,17.84
L1-TA-1_LGD-1,ngnnnbkp-1,Cluster 4,0,18.29
L1-TA-1_LGD-1,ngnoeklh-1,Cluster 12,0,89.68
L1-TA-1_LGD-1,bipcfelj-1,Cluster 12,0,40.96
L1-TA-1_LGD-1,bioncifk-1,Cluster 12,0,41.41
L1-TA-1_LGD-1,ngnliolo-1,Cluster 2,0,14.50
L1-TA-1_LGD-1,ngngaeak-1,Cluster 4,0,203.20
L1-TA-1_LGD-1,ngnoehjn-1,Cluster 2,0,31.61
L1-TA-1_LGD-1,ngngbhmc-1,Cluster 12,0,44.84
L1-TA-1_LGD-1,ngnnkham-1,Cluster 12,0,76.31
L1-TA-1_LGD-1,ngnnihca-1,Cluster 12,0,92.71
L1-TA-1_LGD-1,ngnniegl-1,Cluster 12,0,54.23
L1-TA-1_LGD-1,ngnnfpkg-1,Cluster 3,0,21.40
L1-TA-1_LGD-1,ngnljknl-1,Cluster 12,0,24.16
L1-TA-1_LGD-1,ngnnlodf-1,Cluster 3,0,31.97
L1-TA-1_LGD-1,ngnliiae-1,Cluster 12,0,46.65
L1-TA-1_LGD-1,biompfbi-1,Cluster 12,0,90.63
L1-TA-1_LGD-1,ngnocifg-1,Cluster 12,0,28.04
L1-TA-1_LGD-1,biondcjl-1,Cluster 12,0,45.97
L1-TA-1_LGD-1,ngnnpbfj-1,Cluster 12,0,48.14
L1-TA-1_LGD-1,biondcpm-1,Cluster 12,0,36.94
L1-TA-1_LGD-1,ngnodabb-1,Cluster 12,0,49.40
L1-TA-1_LGD-1,ngngcelf-1,Cluster 12,0,74.91
L1-TA-1_LGD-1,bionjlap-1,Cluster 12,0,91.17
L1-TA-1_LGD-1,oigokkoe-1,Cluster 3,0,13.64
L1-TA-1_LGD-1,bionolli-1,Cluster 12,0,40.69
L1-TA-1_LGD-1,ngnkomeg-1,Cluster 12,0,88.28
L1-TA-1_LGD-1,bipbgehm-1,Cluster 12,0,35.58
L1-TA-1_LGD-1,ngoljbjj-1,Cluster 12,0,50.89
L1-TA-1_LGD-1,ngnkfcnc-1,Cluster 10,0,45.20
L1-TA-1_LGD-1,ngmplilf-1,Cluster 20,0,25.38
L1-TA-1_LGD-1,ngolicpf-1,Cluster 4,0,20.28
L1-TA-1_LGD-1,ngnadbfg-1,Cluster 24,0,48.59
L1-TA-1_LGD-1,ngoleimd-1,Cluster 15,0,37.93
L1-TA-1_LGD-1,ngmpkmin-1,Cluster 1,0,40.69
L1-TA-1_LGD-1,ngomcflo-1,Cluster 15,0,20.95
L1-TA-1_LGD-1,ngmpomll-1,Cluster 1,0,28.00
L1-TA-1_LGD-1,ngnabied-1,Cluster 10,0,45.92
L1-TA-1_LGD-1,ngnabllb-1,Cluster 10,0,31.65
L1-TA-1_LGD-1,ngmpjmom-1,Cluster 10,0,26.01
L1-TA-1_LGD-1,ngomdbld-1,Cluster 9,0,17.48
L1-TA-1_LGD-1,ngmpnadk-1,Cluster 10,0,23.53
L1-TA-1_LGD-1,bilgbnpj-1,Cluster 12,0,65.16
L1-TA-1_LGD-1,ngncikpe-1,Cluster 12,0,92.53
L1-TA-1_LGD-1,ngnceook-1,Cluster 12,0,78.89
L1-TA-1_LGD-1,ngncaodp-1,Cluster 3,0,33.82
L1-TA-1_LGD-1,ngndinag-1,Cluster 2,0,56.40
L1-TA-1_LGD-1,ngndciab-1,Cluster 12,0,87.15
L1-TA-1_LGD-1,ngncbfdk-1,Cluster 9,0,32.06
L1-TA-1_LGD-1,ngnchhad-1,Cluster 7,0,57.03
L1-TA-1_LGD-1,ngncblnj-1,Cluster 24,0,43.85
L1-TA-1_LGD-1,ngombnbn-1,Cluster 4,0,47.55
L1-TA-1_LGD-1,ngndpmnj-1,Cluster 12,0,37.39
L1-TA-1_LGD-1,ngncabbe-1,Cluster 13,0,38.74
L1-TA-1_LGD-1,ngndjjfa-1,Cluster 12,0,73.11
L1-TA-1_LGD-1,ngndhklp-1,Cluster 12,0,26.73
L1-TA-1_LGD-1,billkglh-1,Cluster 12,0,72.84
L1-TA-1_LGD-1,ngolnccp-1,Cluster 12,0,74.64
L1-TA-1_LGD-1,ngolnail-1,Cluster 4,0,73.02
L1-TA-1_LGD-1,ngncibdd-1,Cluster 13,0,62.68
L1-TA-1_LGD-1,ngnddicg-1,Cluster 4,0,48.90
L1-TA-1_LGD-1,ngndlfpe-1,Cluster 4,0,109.32
L1-TA-1_LGD-1,bilgfnme-1,Cluster 12,0,60.37
L1-TA-1_LGD-1,ngnnemgc-1,Cluster 12,0,102.41
L1-TA-1_LGD-1,ngpcinbi-1,Cluster 4,0,46.15
L1-TA-1_LGD-1,bipccehp-1,Cluster 12,0,70.76
L1-TA-1_LGD-1,bipbhfmo-1,Cluster 12,0,91.31
L1-TA-1_LGD-1,ngopbdem-1,Cluster 12,0,153.22
L1-TA-1_LGD-1,bipbkbig-1,Cluster 12,0,151.18
L1-TA-1_LGD-1,ngnkcjan-1,Cluster 2,0,41.41
L1-TA-1_LGD-1,bipccjdi-1,Cluster 12,0,94.56
L1-TA-1_LGD-1,bipcchaj-1,Cluster 12,0,93.02
L1-TA-1_LGD-1,ngnpedal-1,Cluster 12,0,82.82
L1-TA-1_LGD-1,biodjhcp-1,Cluster 12,0,98.17
L1-TA-1_LGD-1,ngpcdnmk-1,Cluster 4,0,54.86
L1-TA-1_LGD-1,bipbfaeg-1,Cluster 12,0,107.88
L1-TA-1_LGD-1,ngnoljfp-1,Cluster 12,0,33.19
L1-TA-1_LGD-1,oigooolm-1,Cluster 14,0,19.87
L1-TA-1_LGD-1,ngnabmnj-1,Cluster 15,0,29.35
L1-TA-1_LGD-1,ngpccifb-1,Cluster 4,0,33.01
L1-TA-1_LGD-1,ngnklmoj-1,Cluster 3,0,25.02
L1-TA-1_LGD-1,ngnkjkhl-1,Cluster 10,0,23.84
L1-TA-1_LGD-1,ngoldien-1,Cluster 12,0,41.23
L1-TA-1_LGD-1,ngollmfa-1,Cluster 12,0,45.74
L1-TA-1_LGD-1,ngmpdlec-1,Cluster 4,0,32.20
L1-TA-1_LGD-1,bipbhbmk-1,Cluster 12,0,150.51
L1-TA-1_LGD-1,ngpcbmlc-1,Cluster 6,0,26.42
L1-TA-1_LGD-1,ngpcdhmm-1,Cluster 12,0,42.04
L1-TA-1_LGD-1,ngpcefcp-1,Cluster 9,0,35.13
L1-TA-1_LGD-1,ngmpmjfc-1,Cluster 7,0,23.39
L1-TA-1_LGD-1,bipbhbdc-1,Cluster 12,0,112.76
L1-TA-1_LGD-1,ngnkmgfi-1,Cluster 6,0,27.91
L1-TA-1_LGD-1,ngpcindj-1,Cluster 12,0,94.02
L1-TA-1_LGD-1,ngnkcpfp-1,Cluster 10,0,62.77
L1-TA-1_LGD-1,ngnaadbn-1,Cluster 20,0,32.65
L1-TA-1_LGD-1,ngnkgmbd-1,Cluster 10,0,16.84
L1-TA-1_LGD-1,ngmpmldi-1,Cluster 6,0,44.93
L1-TA-1_LGD-1,ngnjggka-1,Cluster 1,0,26.42
L1-TA-1_LGD-1,biomoppa-1,Cluster 15,0,44.34
L1-TA-1_LGD-1,ngnjndfm-1,Cluster 7,0,21.40
L1-TA-1_LGD-1,nglfhhjj-1,Cluster 3,0,58.43
L1-TA-1_LGD-1,ngoefhpe-1,Cluster 10,0,46.42
L1-TA-1_LGD-1,ngnjgjfb-1,Cluster 3,0,37.75
L1-TA-1_LGD-1,ngnjjcje-1,Cluster 9,0,21.77
L1-TA-1_LGD-1,ngnjodkk-1,Cluster 7,0,18.69
L1-TA-1_LGD-1,ngocnibm-1,Cluster 10,0,54.14
L1-TA-1_LGD-1,ngnjpkki-1,Cluster 19,0,19.28
L1-TA-1_LGD-1,ngnjkhci-1,Cluster 19,0,32.56
L1-TA-1_LGD-1,ngoddmed-1,Cluster 10,0,13.28
L1-TA-1_LGD-1,ngodjclg-1,Cluster 6,0,24.29
L1-TA-1_LGD-1,ngoeelpl-1,Cluster 10,0,59.56
L1-TA-1_LGD-1,ngodiknn-1,Cluster 3,0,41.14
L1-TA-1_LGD-1,ngocgolo-1,Cluster 6,0,47.23
L1-TA-1_LGD-1,oigpepmc-1,Cluster 14,0,15.76
L1-TA-1_LGD-1,oigpdccb-1,Unassigned,0,5.55
L1-TA-1_LGD-1,ngoccmfc-1,Cluster 9,0,17.57
L1-TA-1_LGD-1,ngoefbem-1,Cluster 10,0,49.27
L1-TA-1_LGD-1,ngocgnni-1,Cluster 19,0,38.79
L1-TA-1_LGD-1,ngnjpnij-1,Cluster 3,0,29.35
L1-TA-1_LGD-1,ngnjplnd-1,Cluster 19,0,42.09
L1-TA-1_LGD-1,ngodhjlj-1,Cluster 20,0,38.92
L1-TA-1_LGD-1,ngocgbim-1,Cluster 12,0,49.49
L1-TA-1_LGD-1,ngnnjpac-1,Cluster 6,0,55.95
L1-TA-1_LGD-1,ngnncdcc-1,Cluster 12,0,49.85
L1-TA-1_LGD-1,bipcafpa-1,Cluster 12,0,65.03
L1-TA-1_LGD-1,ngnkbhjd-1,Cluster 20,0,33.19
L1-TA-1_LGD-1,ngocjgcl-1,Cluster 4,0,110.27
L1-TA-1_LGD-1,ngpbomki-1,Cluster 12,0,78.66
L1-TA-1_LGD-1,ngopcodo-1,Cluster 12,0,84.67
L1-TA-1_LGD-1,ngookfmk-1,Cluster 12,0,20.64
L1-TA-1_LGD-1,ngooncag-1,Cluster 12,0,111.49
L1-TA-1_LGD-1,biodcfmp-1,Cluster 12,0,210.70
L1-TA-1_LGD-1,ngnmpfme-1,Cluster 12,0,60.24
L1-TA-1_LGD-1,ngpbpfdo-1,Cluster 4,0,93.93
L1-TA-1_LGD-1,ngpbpphb-1,Cluster 12,0,54.50
L1-TA-1_LGD-1,ngoccmfg-1,Cluster 20,0,19.01
L1-TA-1_LGD-1,bipbmede-1,Cluster 12,0,101.74
L1-TA-1_LGD-1,bipbdeem-1,Cluster 12,0,86.02
L1-TA-1_LGD-1,biodembo-1,Cluster 12,0,129.19
L1-TA-1_LGD-1,bipaplll-1,Cluster 12,0,47.05
L1-TA-1_LGD-1,bipbcpgc-1,Cluster 12,0,105.94
L1-TA-1_LGD-1,ngpchneh-1,Cluster 4,0,59.43
L1-TA-1_LGD-1,bioddomb-1,Cluster 12,0,82.00
L1-TA-1_LGD-1,bipapffl-1,Cluster 4,0,170.42
L1-TA-1_LGD-1,nenjbocl-1,Cluster 5,0,30.12
L1-TA-1_LGD-1,negoiejo-1,Cluster 2,0,61.41
L1-TA-1_LGD-1,bilmecbb-1,Cluster 12,0,37.57
L1-TA-1_LGD-1,nehijcel-1,Cluster 12,0,99.80
L1-TA-1_LGD-1,oigplioi-1,Cluster 14,0,12.69
L1-TA-1_LGD-1,ngmmnkge-1,Cluster 12,0,33.64
L1-TA-1_LGD-1,bilnncdl-1,Cluster 7,0,30.80
L1-TA-1_LGD-1,ngmnkegi-1,Cluster 12,0,50.89
L1-TA-1_LGD-1,ngmmokal-1,Cluster 12,0,45.38
L1-TA-1_LGD-1,bilnjced-1,Cluster 7,0,38.47
L1-TA-1_LGD-1,ngmojegg-1,Cluster 13,0,56.54
L1-TA-1_LGD-1,ngmnklpk-1,Cluster 12,0,46.47
L1-TA-1_LGD-1,ngmoeopc-1,Cluster 3,0,30.21
L1-TA-1_LGD-1,ngmnkdld-1,Cluster 4,0,25.20
L1-TA-1_LGD-1,ngmniinf-1,Cluster 12,0,78.62
L1-TA-1_LGD-1,nekhgejg-1,Cluster 6,0,38.65
L1-TA-1_LGD-1,nekkficg-1,Cluster 12,0,91.67
L1-TA-1_LGD-1,bilpdgio-1,Cluster 10,0,58.25
L1-TA-1_LGD-1,bilpdjgp-1,Cluster 10,0,70.08
L1-TA-1_LGD-1,nekjeihi-1,Cluster 3,0,23.35
L1-TA-1_LGD-1,nekjimkc-1,Cluster 3,0,17.75
L1-TA-1_LGD-1,nekfogkl-1,Cluster 10,0,54.64
L1-TA-1_LGD-1,nekgoffi-1,Cluster 15,0,38.61
L1-TA-1_LGD-1,nekgbghh-1,Cluster 13,0,33.73
L1-TA-1_LGD-1,nekfojap-1,Cluster 13,0,39.42
L1-TA-1_LGD-1,nekhchjl-1,Cluster 12,0,85.89
L1-TA-1_LGD-1,ngmoicig-1,Cluster 13,0,39.60
L1-TA-1_LGD-1,nekgcpni-1,Cluster 10,0,20.18
L1-TA-1_LGD-1,nekjgjck-1,Cluster 3,0,51.66
L1-TA-1_LGD-1,ngmnkcin-1,Cluster 24,0,28.31
L1-TA-1_LGD-1,nekgndfc-1,Cluster 12,0,32.78
L1-TA-1_LGD-1,nekggobh-1,Cluster 3,0,57.35
L1-TA-1_LGD-1,nekflghb-1,Cluster 3,0,95.60
L1-TA-1_LGD-1,nekjglka-1,Cluster 3,0,24.11
L1-TA-1_LGD-1,nekhladh-1,Cluster 3,0,53.78
L1-TA-1_LGD-1,nekhobjd-1,Cluster 1,0,24.20
L1-TA-1_LGD-1,nekhpbbd-1,Cluster 6,0,93.88
L1-TA-1_LGD-1,nekhknei-1,Cluster 6,0,15.67
L1-TA-1_LGD-1,nekgccjd-1,Cluster 14,0,10.75
L1-TA-1_LGD-1,nekgeopp-1,Cluster 19,0,38.25
L1-TA-1_LGD-1,bilnlche-1,Cluster 10,0,63.99
L1-TA-1_LGD-1,ngomneej-1,Cluster 12,0,147.16
L1-TA-1_LGD-1,ngoobjbj-1,Cluster 12,0,104.22
L1-TA-1_LGD-1,ngonpjbb-1,Cluster 12,0,121.24
L1-TA-1_LGD-1,ngmmefhc-1,Cluster 12,0,64.48
L1-TA-1_LGD-1,ngonhjhe-1,Cluster 2,0,33.55
L1-TA-1_LGD-1,ngoodljc-1,Cluster 4,0,34.50
L1-TA-1_LGD-1,ngondmgn-1,Cluster 12,0,94.02
L1-TA-1_LGD-1,ngonbodk-1,Cluster 12,0,114.43
L1-TA-1_LGD-1,ngoncakd-1,Cluster 12,0,38.29
L1-TA-1_LGD-1,ngonbfah-1,Cluster 4,0,92.16
L1-TA-1_LGD-1,billlonb-1,Cluster 12,0,33.78
L1-TA-1_LGD-1,ngonkfdc-1,Cluster 4,0,75.05
L1-TA-1_LGD-1,billeiaf-1,Cluster 12,0,50.48
L1-TA-1_LGD-1,ngmleljc-1,Cluster 4,0,55.14
L1-TA-1_LGD-1,bilnmeho-1,Cluster 12,0,30.62
L1-TA-1_LGD-1,bilmbgom-1,Cluster 12,0,46.96
L1-TA-1_LGD-1,ngomlmie-1,Cluster 12,0,25.29
L1-TA-1_LGD-1,bilmbhpe-1,Cluster 12,0,63.99
L1-TA-1_LGD-1,ngmldccd-1,Cluster 12,0,21.58
L1-TA-1_LGD-1,ngmlhdjn-1,Cluster 2,0,24.11
L1-TA-1_LGD-1,billldhe-1,Cluster 12,0,37.71
L1-TA-1_LGD-1,ngmlfhkb-1,Cluster 2,0,16.48
L1-TA-1_LGD-1,ngmmjkcm-1,Cluster 12,0,23.21
L1-TA-1_LGD-1,ngmlepih-1,Cluster 2,0,11.24
L1-TA-1_LGD-1,ngmljeee-1,Cluster 12,0,37.07
L1-TA-1_LGD-1,ngmopnjl-1,Cluster 12,0,109.32
L1-TA-1_LGD-1,ngmpdclb-1,Cluster 12,0,46.96
L1-TA-1_LGD-1,ngmljnkk-1,Cluster 2,0,28.67
L1-TA-1_LGD-1,ngmlphla-1,Cluster 12,0,65.25
L1-TA-1_LGD-1,ngmpbabn-1,Cluster 12,0,36.13
L1-TA-1_LGD-1,ngmmeacf-1,Cluster 12,0,39.20
L1-TA-1_LGD-1,ngmpafjc-1,Cluster 9,0,25.11
L1-TA-1_LGD-1,ngmmbdgo-1,Cluster 2,0,43.89
L1-TA-1_LGD-1,ngmmbpab-1,Cluster 2,0,39.15
L1-TA-1_LGD-1,ngmmlffk-1,Cluster 12,0,44.84
L1-TA-1_LGD-1,nfbnbmmj-1,Cluster 5,0,48.59
L1-TA-1_LGD-1,nfbnppba-1,Cluster 5,0,110.63
L1-TA-1_LGD-1,ngmnchnp-1,Cluster 12,0,85.16
L1-TA-1_LGD-1,nehoable-1,Cluster 23,0,74.55
L1-TA-1_LGD-1,nfbnocpf-1,Cluster 1,0,15.08
L1-TA-1_LGD-1,nehkmghf-1,Cluster 12,0,62.99
L1-TA-1_LGD-1,nfbojdkb-1,Cluster 3,0,38.97
L1-TA-1_LGD-1,nehnjmeg-1,Cluster 6,0,68.46
L1-TA-1_LGD-1,nehkhhdo-1,Cluster 12,0,116.91
L1-TA-1_LGD-1,nekjjchd-1,Cluster 10,0,53.78
L1-TA-1_LGD-1,nehleiek-1,Cluster 7,0,15.80
L1-TA-1_LGD-1,nfbojhpm-1,Cluster 24,0,30.21
L1-TA-1_LGD-1,nehnnaeo-1,Cluster 3,0,46.38
L1-TA-1_LGD-1,nehkilpm-1,Cluster 12,0,61.46
L1-TA-1_LGD-1,nfcahkfi-1,Cluster 10,0,46.10
L1-TA-1_LGD-1,nfbnnaml-1,Cluster 14,0,9.17
L1-TA-1_LGD-1,nfbnoghg-1,Cluster 12,0,183.79
L1-TA-1_LGD-1,nehnnapa-1,Cluster 3,0,43.17
L1-TA-1_LGD-1,nehkmplg-1,Cluster 12,0,60.92
L1-TA-1_LGD-1,nfbnmnnl-1,Cluster 14,0,10.57
L1-TA-1_LGD-1,nehnpneg-1,Cluster 7,0,31.52
L1-TA-1_LGD-1,bilmgkpf-1,Cluster 4,0,37.43
L1-TA-1_LGD-1,nfcalgpf-1,Cluster 15,0,60.51
L1-TA-1_LGD-1,biloppbm-1,Cluster 15,0,52.34
L1-TA-1_LGD-1,nehnpcfl-1,Cluster 14,0,24.02
L1-TA-1_LGD-1,nehkhnbk-1,Cluster 7,0,15.26
L1-TA-1_LGD-1,nfboindo-1,Cluster 15,0,49.08
L1-TA-1_LGD-1,nehkmnjl-1,Cluster 27,0,63.63
L1-TA-1_LGD-1,nehknkoc-1,Cluster 20,0,37.75
L1-TA-1_LGD-1,nehledbl-1,Cluster 10,0,41.77
L1-TA-1_LGD-1,nehoceak-1,Cluster 12,0,79.84
L1-TA-1_LGD-1,nehobdlk-1,Cluster 4,0,237.48
L1-TA-1_LGD-1,nfbohcjm-1,Cluster 6,0,66.15
L1-TA-1_LGD-1,nfbokkmk-1,Cluster 3,0,76.00
L1-TA-1_LGD-1,ngmmfejd-1,Cluster 4,0,93.97
L1-TA-1_LGD-1,nehjdleo-1,Cluster 12,0,78.21
L1-TA-1_LGD-1,nehopaen-1,Cluster 3,0,48.99
L1-TA-1_LGD-1,bilpfcoo-1,Cluster 12,0,78.66
L1-TA-1_LGD-1,oigbdnab-1,Cluster 14,0,14.59
L1-TA-1_LGD-1,nehoonfd-1,Cluster 3,0,19.33
L1-TA-1_LGD-1,nehjflcd-1,Cluster 12,0,66.88
L1-TA-1_LGD-1,nenpdjko-1,Cluster 12,0,139.40
L1-TA-1_LGD-1,nehnfgdm-1,Cluster 12,0,52.74
L1-TA-1_LGD-1,nehjkfop-1,Cluster 12,0,45.29
L1-TA-1_LGD-1,nehoilnf-1,Cluster 6,0,41.59
L1-TA-1_LGD-1,nehnafad-1,Cluster 2,0,27.86
L1-TA-1_LGD-1,nehilmag-1,Cluster 12,0,48.00
L1-TA-1_LGD-1,nehonljh-1,Cluster 24,0,43.12
L1-TA-1_LGD-1,nehncolm-1,Cluster 12,0,48.99
L1-TA-1_LGD-1,nehiombo-1,Cluster 12,0,48.59
L1-TA-1_LGD-1,nehnbejm-1,Cluster 12,0,76.68
L1-TA-1_LGD-1,nehiokno-1,Cluster 12,0,114.25
L1-TA-1_LGD-1,ngmmeohi-1,Cluster 12,0,52.11
L1-TA-1_LGD-1,nehneemh-1,Cluster 12,0,24.66
L1-TA-1_LGD-1,nehodkbe-1,Cluster 2,0,22.71
L1-TA-1_LGD-1,nehjakae-1,Cluster 6,0,14.72
L1-TA-1_LGD-1,ngmmfmag-1,Cluster 12,0,32.24
L1-TA-1_LGD-1,bimagaml-1,Cluster 12,0,53.47
L1-TA-1_LGD-1,bimaflce-1,Cluster 12,0,75.32
L1-TA-1_LGD-1,bimaecgm-1,Cluster 12,0,183.97
L1-TA-1_LGD-1,billkhng-1,Cluster 12,0,74.33
L1-TA-1_LGD-1,ngmmkccj-1,Cluster 12,0,136.82
L1-TA-1_LGD-1,nenomfde-1,Cluster 12,0,129.82
L1-TA-1_LGD-1,bimadmhk-1,Cluster 12,0,62.54
L1-TA-1_LGD-1,ngmlknjk-1,Cluster 4,0,61.50
L1-TA-1_LGD-1,ngmlklne-1,Cluster 12,0,38.52
L1-TA-1_LGD-1,nfbnkbcj-1,Cluster 4,0,146.80
L1-TA-1_LGD-1,nfbnphdl-1,Cluster 12,0,71.75
L1-TA-1_LGD-1,nhhddnlh-1,Cluster 12,0,16.98
L1-TA-1_LGD-1,biodogim-1,Cluster 4,0,71.66
L1-TA-1_LGD-1,nhhdebkj-1,Cluster 4,0,25.15
L1-TA-1_LGD-1,biodjkie-1,Cluster 12,0,36.94
L1-TA-1_LGD-1,ngopgmaf-1,Cluster 4,0,33.46
L1-TA-1_LGD-1,ngopglcd-1,Cluster 12,0,27.05
L1-TA-1_LGD-1,ngophlln-1,Cluster 12,0,51.70
L1-TA-1_LGD-1,nhhdemfc-1,Cluster 4,0,21.45
L1-TA-1_LGD-1,ngophabd-1,Cluster 12,0,32.60
L1-TA-1_LGD-1,ngpahmcf-1,Cluster 12,0,33.78
L1-TA-1_LGD-1,ngopooed-1,Cluster 2,0,8.04
L1-TA-1_LGD-1,biocfjje-1,Cluster 12,0,45.52
L1-TA-1_LGD-1,ngopichg-1,Cluster 12,0,40.19
L1-TA-1_LGD-1,biocgfbg-1,Cluster 12,0,32.38
L1-TA-1_LGD-1,biocieja-1,Cluster 7,0,30.71
L1-TA-1_LGD-1,ngopjjne-1,Cluster 2,0,14.63
L1-TA-1_LGD-1,ngopjlml-1,Cluster 12,0,30.84
L1-TA-1_LGD-1,ngopjdmk-1,Cluster 7,0,21.13
L1-TA-1_LGD-1,ngomjjkc-1,Cluster 6,0,38.43
L1-TA-1_LGD-1,ngpbcddn-1,Cluster 12,0,58.48
L1-TA-1_LGD-1,ngopnlnb-1,Cluster 12,0,22.67
L1-TA-1_LGD-1,ngonnipm-1,Cluster 3,0,29.13
L1-TA-1_LGD-1,ngonknnl-1,Cluster 12,0,32.11
L1-TA-1_LGD-1,ngoppaia-1,Cluster 12,0,17.79
L1-TA-1_LGD-1,ngophndh-1,Cluster 2,0,23.71
L1-TA-1_LGD-1,ngopjomn-1,Cluster 12,0,21.63
L1-TA-1_LGD-1,ngpbafdj-1,Cluster 12,0,21.95
L1-TA-1_LGD-1,ngpbmopp-1,Cluster 12,0,30.39
L1-TA-1_LGD-1,ngolldoc-1,Cluster 12,0,25.83
L1-TA-1_LGD-1,ngooegpi-1,Cluster 6,0,44.57
L1-TA-1_LGD-1,ngonnodi-1,Cluster 3,0,21.90
L1-TA-1_LGD-1,ngonmlhg-1,Cluster 6,0,32.33
L1-TA-1_LGD-1,ngpbdlhm-1,Cluster 12,0,43.94
L1-TA-1_LGD-1,ngpblihb-1,Cluster 12,0,17.93
L1-TA-1_LGD-1,ngonlogb-1,Cluster 10,0,67.73
L1-TA-1_LGD-1,ngpamnch-1,Cluster 12,0,30.48
L1-TA-1_LGD-1,nhhdmdhn-1,Cluster 10,0,58.79
L1-TA-1_LGD-1,bioebcem-1,Cluster 12,0,103.27
L1-TA-1_LGD-1,bioeilpl-1,Cluster 12,0,117.36
L1-TA-1_LGD-1,nhhdipib-1,Cluster 9,0,8.26
L1-TA-1_LGD-1,nefmlblb-1,Cluster 9,0,11.06
L1-TA-1_LGD-1,bioebcio-1,Cluster 12,0,91.85
L1-TA-1_LGD-1,nhhdpffk-1,Cluster 9,0,18.69
L1-TA-1_LGD-1,nhhehofd-1,Cluster 10,0,23.80
L1-TA-1_LGD-1,nhhecilf-1,Cluster 3,0,36.76
L1-TA-1_LGD-1,nhhdpjij-1,Cluster 10,0,31.02
L1-TA-1_LGD-1,nhheggpg-1,Cluster 10,0,39.74
L1-TA-1_LGD-1,bioedmgf-1,Cluster 12,0,63.63
L1-TA-1_LGD-1,bioeaffj-1,Cluster 12,0,77.04
L1-TA-1_LGD-1,nhhdigho-1,Cluster 4,0,46.87
L1-TA-1_LGD-1,nhhdlalm-1,Cluster 9,0,14.18
L1-TA-1_LGD-1,bioebbge-1,Cluster 12,0,95.87
L1-TA-1_LGD-1,biockgfe-1,Cluster 12,0,73.92
L1-TA-1_LGD-1,nhhdhiia-1,Cluster 12,0,46.15
L1-TA-1_LGD-1,biodmaop-1,Cluster 4,0,50.08
L1-TA-1_LGD-1,biodpkhc-1,Cluster 4,0,57.03
L1-TA-1_LGD-1,biocldcb-1,Cluster 12,0,87.20
L1-TA-1_LGD-1,biodmbif-1,Cluster 12,0,97.99
L1-TA-1_LGD-1,biociffn-1,Cluster 12,0,114.02
L1-TA-1_LGD-1,nhhdgdme-1,Cluster 4,0,33.60
L1-TA-1_LGD-1,nehgdcdj-1,Cluster 12,0,42.76
L1-TA-1_LGD-1,nehgkjak-1,Cluster 12,0,42.04
L1-TA-1_LGD-1,nehgkkne-1,Cluster 12,0,32.69
L1-TA-1_LGD-1,nehgbelk-1,Cluster 12,0,112.53
L1-TA-1_LGD-1,nehigded-1,Cluster 12,0,42.72
L1-TA-1_LGD-1,nehhgahi-1,Cluster 12,0,41.36
L1-TA-1_LGD-1,nehicide-1,Cluster 4,0,60.33
L1-TA-1_LGD-1,nehpehfp-1,Cluster 2,0,23.62
L1-TA-1_LGD-1,nehgonic-1,Cluster 12,0,32.87
L1-TA-1_LGD-1,nehpibjl-1,Cluster 2,0,12.96
L1-TA-1_LGD-1,nehpdigk-1,Cluster 12,0,20.91
L1-TA-1_LGD-1,nehpkeij-1,Cluster 2,0,8.81
L1-TA-1_LGD-1,nehgnhen-1,Cluster 12,0,60.96
L1-TA-1_LGD-1,biocmddp-1,Cluster 4,0,22.71
L1-TA-1_LGD-1,nehpihfj-1,Cluster 4,0,106.66
L1-TA-1_LGD-1,nehpdbdd-1,Cluster 4,0,27.64
L1-TA-1_LGD-1,nehhgnje-1,Cluster 12,0,28.04
L1-TA-1_LGD-1,biocpfnf-1,Cluster 23,0,37.57
L1-TA-1_LGD-1,biocnbmh-1,Cluster 12,0,35.31
L1-TA-1_LGD-1,biocmkeg-1,Cluster 4,0,49.36
L1-TA-1_LGD-1,neiajgcm-1,Cluster 12,0,80.65
L1-TA-1_LGD-1,nehpikga-1,Cluster 12,0,30.16
L1-TA-1_LGD-1,nehpjjfn-1,Cluster 12,0,56.67
L1-TA-1_LGD-1,neiacmff-1,Cluster 12,0,28.49
L1-TA-1_LGD-1,nehpgaem-1,Cluster 12,0,19.06
L1-TA-1_LGD-1,biokfabf-1,Cluster 12,0,62.36
L1-TA-1_LGD-1,neiaapoo-1,Cluster 12,0,61.77
L1-TA-1_LGD-1,biocnmkj-1,Cluster 12,0,28.22
L1-TA-1_LGD-1,neiadipn-1,Cluster 4,0,22.31
L1-TA-1_LGD-1,neiacpch-1,Cluster 4,0,18.65
L1-TA-1_LGD-1,nehodmbl-1,Cluster 6,0,28.40
L1-TA-1_LGD-1,nehofolf-1,Cluster 19,0,26.69
L1-TA-1_LGD-1,nehikpap-1,Cluster 2,0,39.29
L1-TA-1_LGD-1,nehihpod-1,Cluster 4,0,26.55
L1-TA-1_LGD-1,nehofoph-1,Cluster 1,0,23.17
L1-TA-1_LGD-1,neflkhbn-1,Cluster 10,0,49.85
L1-TA-1_LGD-1,nefmnjpn-1,Cluster 10,0,49.18
L1-TA-1_LGD-1,nefnpgmm-1,Cluster 1,0,39.78
L1-TA-1_LGD-1,biofbpej-1,Cluster 13,0,64.84
L1-TA-1_LGD-1,nefnmhck-1,Cluster 13,0,38.83
L1-TA-1_LGD-1,nefnopkl-1,Cluster 13,0,28.36
L1-TA-1_LGD-1,nefmkcba-1,Cluster 15,0,23.30
L1-TA-1_LGD-1,biobjcmn-1,Cluster 12,0,56.22
L1-TA-1_LGD-1,nehgmeeh-1,Cluster 12,0,22.85
L1-TA-1_LGD-1,nefnhbaa-1,Cluster 13,0,71.35
L1-TA-1_LGD-1,biobpick-1,Cluster 12,0,51.43
L1-TA-1_LGD-1,neflpnbl-1,Cluster 3,0,75.73
L1-TA-1_LGD-1,nefmgdin-1,Cluster 13,0,46.38
L1-TA-1_LGD-1,nehhmigc-1,Cluster 2,0,38.07
L1-TA-1_LGD-1,nefmnakj-1,Cluster 10,0,20.55
L1-TA-1_LGD-1,nehflpgm-1,Cluster 13,0,44.57
L1-TA-1_LGD-1,nefmklae-1,Cluster 19,0,12.69
L1-TA-1_LGD-1,nefmjhch-1,Cluster 9,0,7.54
L1-TA-1_LGD-1,nefnhdjf-1,Cluster 7,0,36.31
L1-TA-1_LGD-1,nefmjcha-1,Cluster 3,0,37.48
L1-TA-1_LGD-1,biocdnag-1,Cluster 12,0,72.79
L1-TA-1_LGD-1,nefocgdn-1,Cluster 13,0,105.26
L1-TA-1_LGD-1,nehholka-1,Cluster 6,0,44.25
L1-TA-1_LGD-1,nefncgcd-1,Cluster 13,0,45.52
L1-TA-1_LGD-1,nehhmolo-1,Cluster 3,0,17.70
L1-TA-1_LGD-1,nehgmogd-1,Cluster 12,0,77.80
L1-TA-1_LGD-1,nefmpkac-1,Cluster 13,0,108.51
L1-TA-1_LGD-1,neflolpl-1,Cluster 13,0,73.97
L1-TA-1_LGD-1,nefmmmli-1,Cluster 3,0,40.32
L1-TA-1_LGD-1,nefmjgml-1,Cluster 7,0,27.09
L1-TA-1_LGD-1,nefmffel-1,Cluster 1,0,36.17
L1-TA-1_LGD-1,nefmjoeg-1,Cluster 6,0,21.77
L1-TA-1_LGD-1,biobomjf-1,Cluster 12,0,118.35
L1-TA-1_LGD-1,nehgdhbf-1,Cluster 4,0,24.02
L1-TA-1_LGD-1,biojjkcm-1,Cluster 4,0,40.55
L1-TA-1_LGD-1,biohaiib-1,Cluster 12,0,96.54
L1-TA-1_LGD-1,biolccif-1,Cluster 12,0,44.89
L1-TA-1_LGD-1,bimabfmn-1,Cluster 12,0,88.82
L1-TA-1_LGD-1,nenohkff-1,Cluster 2,0,32.06
L1-TA-1_LGD-1,nfboejon-1,Cluster 12,0,97.18
L1-TA-1_LGD-1,biogdnbk-1,Cluster 12,0,159.40
L1-TA-1_LGD-1,biogogak-1,Cluster 5,0,94.60
L1-TA-1_LGD-1,bioglomd-1,Cluster 12,0,124.95
L1-TA-1_LGD-1,nfbnmhke-1,Cluster 4,0,73.15
L1-TA-1_LGD-1,bffgnjda-1,Cluster 4,0,89.23
L1-TA-1_LGD-1,bffheggk-1,Cluster 12,0,125.94
L1-TA-1_LGD-1,nehlhehm-1,Cluster 4,0,29.49
L1-TA-1_LGD-1,nfcbfhcp-1,Cluster 23,0,38.97
L1-TA-1_LGD-1,nehlgmhg-1,Cluster 12,0,64.84
L1-TA-1_LGD-1,nehmeeji-1,Cluster 12,0,45.16
L1-TA-1_LGD-1,nehmphjh-1,Cluster 12,0,91.49
L1-TA-1_LGD-1,nehlkmfj-1,Cluster 7,0,38.25
L1-TA-1_LGD-1,nfcbbmoa-1,Cluster 3,0,22.58
L1-TA-1_LGD-1,nfbomcif-1,Cluster 10,0,39.74
L1-TA-1_LGD-1,nehmmcme-1,Cluster 5,0,63.99
L1-TA-1_LGD-1,biohblla-1,Cluster 12,0,38.79
L1-TA-1_LGD-1,nehlkodf-1,Cluster 12,0,38.79
L1-TA-1_LGD-1,nehlkcko-1,Cluster 12,0,107.07
L1-TA-1_LGD-1,nehmeohj-1,Cluster 12,0,79.61
L1-TA-1_LGD-1,nfcbchpk-1,Cluster 4,0,129.28
L1-TA-1_LGD-1,nehlfijm-1,Cluster 12,0,57.12
L1-TA-1_LGD-1,nehmgnki-1,Cluster 12,0,58.12
L1-TA-1_LGD-1,nehmgfef-1,Cluster 12,0,36.94
L1-TA-1_LGD-1,nehloplc-1,Cluster 12,0,52.34
L1-TA-1_LGD-1,nehlfkib-1,Cluster 4,0,44.34
L1-TA-1_LGD-1,nehmmaej-1,Cluster 4,0,27.59
L1-TA-1_LGD-1,nehlbboo-1,Cluster 3,0,35.13
L1-TA-1_LGD-1,bffgobne-1,Cluster 12,0,127.93
L1-TA-1_LGD-1,biogmllc-1,Cluster 12,0,46.83
L1-TA-1_LGD-1,nfcamljj-1,Cluster 12,0,127.75
L1-TA-1_LGD-1,biohfjdk-1,Cluster 12,0,35.63
L1-TA-1_LGD-1,nehmohci-1,Cluster 25,0,47.37
L1-TA-1_LGD-1,neibjbee-1,Cluster 4,0,15.76
L1-TA-1_LGD-1,nennhgam-1,Cluster 12,0,61.28
L1-TA-1_LGD-1,nenngdcm-1,Cluster 14,0,29.35
L1-TA-1_LGD-1,bimabdnb-1,Cluster 12,0,94.15
L1-TA-1_LGD-1,nehjmmhm-1,Cluster 4,0,68.91
L1-TA-1_LGD-1,bilpokel-1,Cluster 12,0,110.59
L1-TA-1_LGD-1,nennmkoj-1,Cluster 12,0,44.70
L1-TA-1_LGD-1,bilpmnjj-1,Cluster 12,0,122.06
L1-TA-1_LGD-1,oigfeagh-1,Cluster 9,0,22.44
L1-TA-1_LGD-1,bilpihhf-1,Cluster 12,0,98.44
L1-TA-1_LGD-1,oigfdiel-1,Cluster 14,0,13.59
L1-TA-1_LGD-1,nehjldeb-1,Cluster 4,0,74.55
L1-TA-1_LGD-1,bimacejj-1,Cluster 12,0,140.44
L1-TA-1_LGD-1,nenokalj-1,Cluster 12,0,61.14
L1-TA-1_LGD-1,biomfndj-1,Cluster 12,0,41.81
L1-TA-1_LGD-1,nenokcmb-1,Cluster 12,0,91.80
L1-TA-1_LGD-1,biolmcnb-1,Cluster 12,0,72.07
L1-TA-1_LGD-1,bioljmon-1,Cluster 12,0,127.79
L1-TA-1_LGD-1,neibihah-1,Cluster 4,0,142.15
L1-TA-1_LGD-1,bioljdkj-1,Cluster 12,0,96.72
L1-TA-1_LGD-1,nehkgfkj-1,Cluster 12,0,41.00
L1-TA-1_LGD-1,neibojij-1,Cluster 4,0,70.31
L1-TA-1_LGD-1,nennldhb-1,Cluster 4,0,87.11
L1-TA-1_LGD-1,bfffiokn-1,Cluster 12,0,94.56
L1-TA-1_LGD-1,nennmfga-1,Cluster 7,0,59.47
L1-TA-1_LGD-1,nenpbceb-1,Cluster 12,0,96.95
L1-TA-1_LGD-1,nenpcfdb-1,Cluster 4,0,19.06
L1-TA-1_LGD-1,biolcnjb-1,Cluster 12,0,45.70
L1-TA-1_LGD-1,bfffjpaj-1,Cluster 12,0,52.92
L1-TA-1_LGD-1,oigfbmco-1,Cluster 9,0,8.26
L1-TA-1_LGD-1,oigfbffm-1,Cluster 9,0,6.77
L1-TA-1_LGD-1,bioldnfi-1,Cluster 12,0,62.32
L1-TA-1_LGD-1,biolebnk-1,Cluster 12,0,89.41
L1-TA-1_LGD-1,oigfcckc-1,Cluster 3,0,19.60
L1-TA-1_LGD-1,nenkcelj-1,Cluster 2,0,27.73
L1-TA-1_LGD-1,biolpcfm-1,Cluster 12,0,67.19
L1-TA-1_LGD-1,nenoggpg-1,Cluster 2,0,24.02
L1-TA-1_LGD-1,biolppdb-1,Cluster 12,0,65.70
L1-TA-1_LGD-1,nenofgle-1,Cluster 12,0,57.08
L1-TA-1_LGD-1,nenodkan-1,Cluster 12,0,150.87
L1-TA-1_LGD-1,neiphknl-1,Cluster 4,0,50.39
L1-TA-1_LGD-1,nfanbjhj-1,Cluster 12,0,57.71
L1-TA-1_LGD-1,biohadkm-1,Cluster 12,0,234.90
L1-TA-1_LGD-1,nfamnncb-1,Cluster 4,0,166.27
L1-TA-1_LGD-1,biogmcfj-1,Cluster 12,0,105.21
L1-TA-1_LGD-1,biohcdjp-1,Cluster 5,0,83.58
L1-TA-1_LGD-1,nfanbnah-1,Cluster 12,0,76.18
L1-TA-1_LGD-1,bffepldb-1,Cluster 12,0,81.01
L1-TA-1_LGD-1,bffepcph-1,Cluster 12,0,131.59
L1-TA-1_LGD-1,nfamphcj-1,Cluster 2,0,12.37
L1-TA-1_LGD-1,nfanddcc-1,Cluster 12,0,49.31
L1-TA-1_LGD-1,nfancfnd-1,Cluster 12,0,20.73
L1-TA-1_LGD-1,nfanbpki-1,Cluster 4,0,28.63
L1-TA-1_LGD-1,nfcalikl-1,Cluster 4,0,23.71
L1-TA-1_LGD-1,nfaopefd-1,Cluster 12,0,34.27
L1-TA-1_LGD-1,nfbfkcol-1,Cluster 12,0,68.73
L1-TA-1_LGD-1,nfaonhgp-1,Cluster 4,0,34.05
L1-TA-1_LGD-1,nfaomflg-1,Cluster 12,0,23.98
L1-TA-1_LGD-1,nfaolngi-1,Cluster 12,0,90.18
L1-TA-1_LGD-1,nfaopich-1,Cluster 5,0,90.81
L1-TA-1_LGD-1,nfbgkcjb-1,Cluster 12,0,54.14
L1-TA-1_LGD-1,nfandmid-1,Cluster 25,0,37.84
L1-TA-1_LGD-1,oigfnjpi-1,Cluster 14,0,10.48
L1-TA-1_LGD-1,oigfnnbl-1,Cluster 15,0,16.89
L1-TA-1_LGD-1,oigggmjj-1,Cluster 7,0,30.39
L1-TA-1_LGD-1,nfaoejom-1,Cluster 4,0,47.01
L1-TA-1_LGD-1,oigfefbe-1,Cluster 14,0,17.61
L1-TA-1_LGD-1,nfbgdpcp-1,Cluster 15,0,28.76
L1-TA-1_LGD-1,nfbfmili-1,Cluster 4,0,112.17
L1-TA-1_LGD-1,bffeinbk-1,Cluster 4,0,69.72
L1-TA-1_LGD-1,neidkfoi-1,Cluster 4,0,41.23
L1-TA-1_LGD-1,bffeiead-1,Cluster 12,0,63.72
L1-TA-1_LGD-1,neidiobf-1,Cluster 12,0,46.29
L1-TA-1_LGD-1,neiepeak-1,Cluster 12,0,100.47
L1-TA-1_LGD-1,bffgcfbe-1,Cluster 4,0,73.38
L1-TA-1_LGD-1,neienofk-1,Cluster 12,0,64.35
L1-TA-1_LGD-1,bffgheie-1,Cluster 12,0,57.85
L1-TA-1_LGD-1,neninejj-1,Cluster 27,0,32.92
L1-TA-1_LGD-1,neienhao-1,Cluster 12,0,55.90
L1-TA-1_LGD-1,neiepfkh-1,Cluster 20,0,29.22
L1-TA-1_LGD-1,bffgapod-1,Cluster 4,0,28.04
L1-TA-1_LGD-1,nenkjmnc-1,Cluster 12,0,57.53
L1-TA-1_LGD-1,biomgelg-1,Cluster 12,0,47.64
L1-TA-1_LGD-1,nenoamnn-1,Cluster 12,0,35.04
L1-TA-1_LGD-1,nenjpeci-1,Cluster 12,0,60.10
L1-TA-1_LGD-1,nenjlmob-1,Cluster 12,0,78.66
L1-TA-1_LGD-1,nenjnagh-1,Cluster 3,0,54.50
L1-TA-1_LGD-1,nennnkfk-1,Cluster 4,0,171.91
L1-TA-1_LGD-1,biomfdkp-1,Cluster 4,0,54.59
L1-TA-1_LGD-1,nenjekpp-1,Cluster 5,0,42.31
L1-TA-1_LGD-1,biomgkcn-1,Cluster 12,0,73.88
L1-TA-1_LGD-1,bfffhgkb-1,Cluster 12,0,43.53
L1-TA-1_LGD-1,nenkeche-1,Cluster 12,0,36.71
L1-TA-1_LGD-1,nenkeeae-1,Cluster 12,0,55.59
L1-TA-1_LGD-1,nenkhckp-1,Cluster 12,0,20.68
L1-TA-1_LGD-1,nenkdlme-1,Cluster 12,0,35.18
L1-TA-1_LGD-1,nenkbkea-1,Cluster 3,0,70.71
L1-TA-1_LGD-1,nenklgmf-1,Cluster 4,0,32.65
L1-TA-1_LGD-1,nenkenah-1,Cluster 4,0,31.93
L1-TA-1_LGD-1,nenoalka-1,Cluster 4,0,30.48
L1-TA-1_LGD-1,nenkkcca-1,Cluster 7,0,18.24
L1-TA-1_LGD-1,nenjmdao-1,Cluster 9,0,22.44
L1-TA-1_LGD-1,nenocbcb-1,Cluster 12,0,113.34
L1-TA-1_LGD-1,neiaojph-1,Cluster 12,0,26.51
L1-TA-1_LGD-1,nehfkbak-1,Cluster 2,0,29.53
L1-TA-1_LGD-1,nehfpabg-1,Cluster 12,0,38.70
L1-TA-1_LGD-1,nehegike-1,Cluster 12,0,113.03
L1-TA-1_LGD-1,nehfepak-1,Cluster 19,0,11.20
L1-TA-1_LGD-1,nehgfmej-1,Cluster 9,0,17.70
L1-TA-1_LGD-1,nehfclba-1,Cluster 4,0,77.40
L1-TA-1_LGD-1,nehegfod-1,Cluster 12,0,71.93
L1-TA-1_LGD-1,nehgdkon-1,Cluster 4,0,21.27
L1-TA-1_LGD-1,nehfeojf-1,Cluster 4,0,34.68
L1-TA-1_LGD-1,nehepcdg-1,Cluster 7,0,20.55
L1-TA-1_LGD-1,nehffnig-1,Cluster 12,0,55.05
L1-TA-1_LGD-1,neheiaha-1,Cluster 12,0,79.48
L1-TA-1_LGD-1,biojhamh-1,Cluster 4,0,45.97
L1-TA-1_LGD-1,neibbfhi-1,Cluster 7,0,17.84
L1-TA-1_LGD-1,nehengip-1,Cluster 7,0,6.23
L1-TA-1_LGD-1,nehfgcda-1,Cluster 12,0,30.25
L1-TA-1_LGD-1,nehfikfl-1,Cluster 4,0,98.12
L1-TA-1_LGD-1,biojhnfl-1,Cluster 12,0,70.44
L1-TA-1_LGD-1,bffefncn-1,Cluster 12,0,72.20
L1-TA-1_LGD-1,neibadlb-1,Cluster 12,0,74.37
L1-TA-1_LGD-1,neiajphc-1,Cluster 2,0,26.33
L1-TA-1_LGD-1,biojhlkg-1,Cluster 12,0,56.08
L1-TA-1_LGD-1,nehkaiea-1,Cluster 12,0,51.21
L1-TA-1_LGD-1,biokenmd-1,Cluster 12,0,61.46
L1-TA-1_LGD-1,neicaegn-1,Cluster 12,0,19.24
L1-TA-1_LGD-1,nehpnail-1,Cluster 12,0,78.93
L1-TA-1_LGD-1,nehkedfh-1,Cluster 16,0,28.49
L1-TA-1_LGD-1,oigbfoph-1,Cluster 3,0,15.71
L1-TA-1_LGD-1,biokejbc-1,Cluster 12,0,47.64
L1-TA-1_LGD-1,nehjljmd-1,Cluster 12,0,82.73
L1-TA-1_LGD-1,biojhnem-1,Cluster 12,0,71.03
L1-TA-1_LGD-1,nehkedip-1,Cluster 12,0,72.97
L1-TA-1_LGD-1,neiaokcm-1,Cluster 12,0,44.84
L1-TA-1_LGD-1,neibjhlj-1,Cluster 12,0,76.04
L1-TA-1_LGD-1,neicbien-1,Cluster 12,0,116.10
L1-TA-1_LGD-1,biokggda-1,Cluster 12,0,41.45
L1-TA-1_LGD-1,nehgippa-1,Cluster 13,0,29.35
L1-TA-1_LGD-1,nefkpmja-1,Cluster 3,0,22.85
L1-TA-1_LGD-1,nefkmjcb-1,Cluster 9,0,30.44
L1-TA-1_LGD-1,nehfilgc-1,Cluster 13,0,94.60
L1-TA-1_LGD-1,nefpfhbj-1,Cluster 2,0,21.63
L1-TA-1_LGD-1,negbhlpf-1,Cluster 13,0,48.36
L1-TA-1_LGD-1,negcgnmp-1,Cluster 7,0,17.39
L1-TA-1_LGD-1,nehfmbge-1,Cluster 13,0,36.44
L1-TA-1_LGD-1,negamkbd-1,Cluster 13,0,42.27
L1-TA-1_LGD-1,nehggmkh-1,Cluster 13,0,41.23
L1-TA-1_LGD-1,negamnkd-1,Cluster 7,0,34.59
L1-TA-1_LGD-1,nefpdakb-1,Cluster 7,0,124.90
L1-TA-1_LGD-1,negbilfd-1,Cluster 1,0,59.29
L1-TA-1_LGD-1,nefomnil-1,Cluster 7,0,40.23
L1-TA-1_LGD-1,nefoojba-1,Cluster 15,0,40.01
L1-TA-1_LGD-1,nehecfoi-1,Cluster 12,0,89.27
L1-TA-1_LGD-1,negbmpph-1,Cluster 7,0,22.44
L1-TA-1_LGD-1,nefphnjj-1,Cluster 7,0,37.12
L1-TA-1_LGD-1,nefpmgkd-1,Cluster 7,0,29.35
L1-TA-1_LGD-1,nefpkgmo-1,Cluster 4,0,23.71
L1-TA-1_LGD-1,nehgenhi-1,Cluster 13,0,37.80
L1-TA-1_LGD-1,nehedaba-1,Cluster 12,0,158.90
L1-TA-1_LGD-1,negcfaeo-1,Cluster 5,0,19.10
L1-TA-1_LGD-1,neflcpka-1,Cluster 4,0,29.31
L1-TA-1_LGD-1,negacabo-1,Cluster 9,0,18.74
L1-TA-1_LGD-1,nefpphll-1,Cluster 7,0,47.19
L1-TA-1_LGD-1,negackka-1,Cluster 2,0,47.50
L1-TA-1_LGD-1,negcdnbm-1,Cluster 13,0,58.61
L1-TA-1_LGD-1,negbgfkm-1,Cluster 13,0,145.81
L1-TA-1_LGD-1,negbfnnl-1,Cluster 4,0,122.01
L1-TA-1_LGD-1,nehegfec-1,Cluster 13,0,93.43
L1-TA-1_LGD-1,nefpjili-1,Cluster 7,0,47.14
L1-TA-1_LGD-1,neflcbak-1,Cluster 13,0,35.18
L1-TA-1_LGD-1,nehgjoof-1,Cluster 15,0,24.70
L1-TA-1_LGD-1,neidfokc-1,Cluster 4,0,93.79
L1-TA-1_LGD-1,neihffbi-1,Cluster 4,0,90.63
L1-TA-1_LGD-1,neidheeo-1,Cluster 4,0,61.46
L1-TA-1_LGD-1,neiigfch-1,Cluster 12,0,66.56
L1-TA-1_LGD-1,neihjlhh-1,Cluster 12,0,53.51
L1-TA-1_LGD-1,neibhhco-1,Cluster 5,0,43.98
L1-TA-1_LGD-1,neiiaolb-1,Cluster 2,0,30.93
L1-TA-1_LGD-1,neidkkmg-1,Cluster 4,0,45.34
L1-TA-1_LGD-1,neickihl-1,Cluster 12,0,26.33
L1-TA-1_LGD-1,bfffomca-1,Cluster 12,0,71.98
L1-TA-1_LGD-1,neieanio-1,Cluster 12,0,26.82
L1-TA-1_LGD-1,neiieane-1,Cluster 12,0,72.25
L1-TA-1_LGD-1,neieeokh-1,Cluster 12,0,33.10
L1-TA-1_LGD-1,neicpoan-1,Cluster 12,0,40.64
L1-TA-1_LGD-1,neidlgnb-1,Cluster 2,0,22.80
L1-TA-1_LGD-1,neidhapc-1,Cluster 12,0,41.95
L1-TA-1_LGD-1,neidpgjb-1,Cluster 12,0,25.74
L1-TA-1_LGD-1,bfffnokg-1,Cluster 12,0,47.64
L1-TA-1_LGD-1,bffeooge-1,Cluster 12,0,70.08
L1-TA-1_LGD-1,bfffmhje-1,Cluster 12,0,30.93
L1-TA-1_LGD-1,neicopjm-1,Cluster 23,0,47.78
L1-TA-1_LGD-1,neidbgak-1,Cluster 4,0,40.32
L1-TA-1_LGD-1,neifcfgo-1,Cluster 19,0,17.84
L1-TA-1_LGD-1,bffeoiik-1,Cluster 12,0,45.83
L1-TA-1_LGD-1,neieonkp-1,Cluster 9,0,41.81
L1-TA-1_LGD-1,neibpmib-1,Cluster 2,0,20.77
L1-TA-1_LGD-1,neifbpbg-1,Cluster 10,0,23.57
L1-TA-1_LGD-1,bffelcej-1,Cluster 12,0,46.29
L1-TA-1_LGD-1,neicobpb-1,Cluster 7,0,11.70
L1-TA-1_LGD-1,bffeldoo-1,Cluster 12,0,25.69
L1-TA-1_LGD-1,bffegcno-1,Cluster 12,0,47.96
L1-TA-1_LGD-1,neidmbjb-1,Cluster 4,0,13.32
L1-TA-1_LGD-1,neiepmmf-1,Cluster 9,0,30.21
L1-TA-1_LGD-1,bffehohm-1,Cluster 12,0,32.38
L1-TA-1_LGD-1,neifbioo-1,Cluster 10,0,34.77
L1-TA-1_LGD-1,negojacc-1,Cluster 13,0,55.95
L1-TA-1_LGD-1,negacjhp-1,Cluster 15,0,40.87
L1-TA-1_LGD-1,negaomcc-1,Cluster 6,0,62.27
L1-TA-1_LGD-1,nefkmdnh-1,Cluster 5,0,63.76
L1-TA-1_LGD-1,negacpmi-1,Cluster 9,0,15.04
L1-TA-1_LGD-1,negaggaf-1,Cluster 7,0,47.50
L1-TA-1_LGD-1,nehbjime-1,Cluster 4,0,32.51
L1-TA-1_LGD-1,negbdiac-1,Cluster 3,0,36.22
L1-TA-1_LGD-1,nehbcnpp-1,Cluster 4,0,31.47
L1-TA-1_LGD-1,nehbklaj-1,Cluster 13,0,62.77
L1-TA-1_LGD-1,negbekgl-1,Cluster 1,0,8.76
L1-TA-1_LGD-1,nehbocom-1,Cluster 2,0,57.94
L1-TA-1_LGD-1,negbebnl-1,Cluster 13,0,71.93
L1-TA-1_LGD-1,negaplii-1,Cluster 9,0,29.58
L1-TA-1_LGD-1,nehboibo-1,Cluster 1,0,16.71
L1-TA-1_LGD-1,nehblldm-1,Cluster 3,0,21.09
L1-TA-1_LGD-1,neflgiff-1,Cluster 13,0,56.81
L1-TA-1_LGD-1,nehaplfm-1,Cluster 10,0,39.87
L1-TA-1_LGD-1,negajidh-1,Cluster 12,0,87.92
L1-TA-1_LGD-1,nehbfeag-1,Cluster 19,0,39.24
L1-TA-1_LGD-1,nehbkpdg-1,Cluster 9,0,16.17
L1-TA-1_LGD-1,negalebf-1,Cluster 12,0,86.52
L1-TA-1_LGD-1,negajkgd-1,Cluster 2,0,75.86
L1-TA-1_LGD-1,nehapami-1,Cluster 12,0,115.24
L1-TA-1_LGD-1,nehanihn-1,Cluster 12,0,100.43
L1-TA-1_LGD-1,nehajklc-1,Cluster 2,0,63.08
L1-TA-1_LGD-1,negpogpj-1,Cluster 12,0,74.51
L1-TA-1_LGD-1,nehecnic-1,Cluster 7,0,22.85
L1-TA-1_LGD-1,bfggdkjb-1,Cluster 12,0,81.37
L1-TA-1_LGD-1,neifeafm-1,Cluster 4,0,194.62
L1-TA-1_LGD-1,neheccpn-1,Cluster 4,0,113.75
L1-TA-1_LGD-1,neifejkn-1,Cluster 12,0,77.62
L1-TA-1_LGD-1,neiflfmf-1,Cluster 4,0,143.64
L1-TA-1_LGD-1,nehfciif-1,Cluster 12,0,59.06
L1-TA-1_LGD-1,bioekkfn-1,Cluster 12,0,34.68
L1-TA-1_LGD-1,neffaphe-1,Cluster 10,0,60.42
L1-TA-1_LGD-1,biofnled-1,Cluster 12,0,49.72
L1-TA-1_LGD-1,neflkpfh-1,Cluster 6,0,41.72
L1-TA-1_LGD-1,nefhjeih-1,Cluster 6,0,31.56
L1-TA-1_LGD-1,biofdhfl-1,Cluster 12,0,130.73
L1-TA-1_LGD-1,nefhebfa-1,Cluster 9,0,12.51
L1-TA-1_LGD-1,nefhhemi-1,Cluster 10,0,36.89
L1-TA-1_LGD-1,bioffjci-1,Cluster 10,0,62.23
L1-TA-1_LGD-1,nefhimfe-1,Cluster 10,0,23.35
L1-TA-1_LGD-1,nefojgpo-1,Cluster 10,0,66.97
L1-TA-1_LGD-1,biofaoec-1,Cluster 12,0,109.14
L1-TA-1_LGD-1,oigagldo-1,Cluster 14,0,20.41
L1-TA-1_LGD-1,biofgohc-1,Cluster 12,0,98.85
L1-TA-1_LGD-1,biofmopj-1,Cluster 2,0,47.05
L1-TA-1_LGD-1,biofiaap-1,Cluster 12,0,47.14
L1-TA-1_LGD-1,nefhella-1,Cluster 20,0,23.75
L1-TA-1_LGD-1,biofiadm-1,Cluster 12,0,58.66
L1-TA-1_LGD-1,nefliggb-1,Cluster 10,0,43.67
L1-TA-1_LGD-1,nefhbcii-1,Cluster 10,0,38.07
L1-TA-1_LGD-1,nefgoihj-1,Cluster 3,0,20.64
L1-TA-1_LGD-1,nefoffkk-1,Cluster 10,0,64.66
L1-TA-1_LGD-1,nefgjdae-1,Cluster 10,0,32.51
L1-TA-1_LGD-1,neffgfof-1,Cluster 4,0,41.45
L1-TA-1_LGD-1,nefgkjaf-1,Cluster 10,0,67.15
L1-TA-1_LGD-1,bioelkip-1,Cluster 12,0,51.25
L1-TA-1_LGD-1,nhgonocc-1,Cluster 10,0,29.31
L1-TA-1_LGD-1,neffpiao-1,Cluster 3,0,27.23
L1-TA-1_LGD-1,biogaame-1,Cluster 12,0,70.76
L1-TA-1_LGD-1,nefgebdi-1,Cluster 9,0,7.54
L1-TA-1_LGD-1,bioendja-1,Cluster 12,0,53.51
L1-TA-1_LGD-1,biogcble-1,Cluster 12,0,33.60
L1-TA-1_LGD-1,biogdjee-1,Cluster 12,0,38.52
L1-TA-1_LGD-1,nefjfpll-1,Cluster 3,0,29.44
L1-TA-1_LGD-1,neflehgm-1,Cluster 13,0,53.74
L1-TA-1_LGD-1,nefjagef-1,Cluster 10,0,45.65
L1-TA-1_LGD-1,nefjldja-1,Cluster 12,0,85.53
L1-TA-1_LGD-1,nefjobnn-1,Cluster 4,0,64.08
L1-TA-1_LGD-1,nefjjmfh-1,Cluster 10,0,16.75
L1-TA-1_LGD-1,nefjngpb-1,Cluster 10,0,37.07
L1-TA-1_LGD-1,neffikjc-1,Cluster 15,0,50.98
L1-TA-1_LGD-1,nefffkan-1,Cluster 10,0,60.24
L1-TA-1_LGD-1,bioepgnb-1,Cluster 12,0,55.27
L1-TA-1_LGD-1,nefjndci-1,Cluster 10,0,55.41
L1-TA-1_LGD-1,neffokmk-1,Cluster 10,0,45.74
L1-TA-1_LGD-1,neffnlpb-1,Cluster 10,0,47.05
L1-TA-1_LGD-1,neffjjap-1,Cluster 10,0,72.52
L1-TA-1_LGD-1,nefjfmdm-1,Cluster 10,0,46.47
L1-TA-1_LGD-1,nefjfplj-1,Cluster 10,0,46.38
L1-TA-1_LGD-1,nefjbfhp-1,Cluster 10,0,21.86
L1-TA-1_LGD-1,neffpdic-1,Cluster 3,0,37.84
L1-TA-1_LGD-1,nefokdid-1,Cluster 6,0,76.77
L1-TA-1_LGD-1,nefhljbn-1,Cluster 4,0,79.38
L1-TA-1_LGD-1,neflhgkg-1,Cluster 13,0,45.88
L1-TA-1_LGD-1,nefkfgkm-1,Cluster 7,0,27.00
L1-TA-1_LGD-1,nefinhbh-1,Cluster 6,0,38.56
L1-TA-1_LGD-1,negobfic-1,Cluster 12,0,35.36
L1-TA-1_LGD-1,nefhmfjd-1,Cluster 5,0,63.26
L1-TA-1_LGD-1,nefhnlah-1,Cluster 12,0,103.41
L1-TA-1_LGD-1,bfgiebfe-1,Cluster 12,0,78.35
L1-TA-1_LGD-1,bfgiknam-1,Cluster 12,0,64.12
L1-TA-1_LGD-1,nefiafni-1,Cluster 2,0,10.61
L1-TA-1_LGD-1,nefhloho-1,Cluster 19,0,32.92
L1-TA-1_LGD-1,nefigoag-1,Cluster 2,0,21.72
L1-TA-1_LGD-1,nefkfieo-1,Cluster 12,0,77.22
L1-TA-1_LGD-1,nefhkenl-1,Cluster 12,0,66.97
L1-TA-1_LGD-1,nefledbk-1,Cluster 7,0,32.24
L1-TA-1_LGD-1,bfghkdop-1,Cluster 2,0,62.63
L1-TA-1_LGD-1,nefhjphj-1,Cluster 4,0,111.90
L1-TA-1_LGD-1,nefiekgc-1,Cluster 12,0,38.11
L1-TA-1_LGD-1,negocnmo-1,Cluster 2,0,48.45
L1-TA-1_LGD-1,bfgillkl-1,Cluster 12,0,84.04
L1-TA-1_LGD-1,neficjjj-1,Cluster 12,0,32.33
L1-TA-1_LGD-1,negnload-1,Cluster 12,0,71.98
L1-TA-1_LGD-1,nefhlopp-1,Cluster 1,0,24.47
L1-TA-1_LGD-1,negofhnp-1,Cluster 7,0,32.06
L1-TA-1_LGD-1,nefhnjjf-1,Cluster 12,0,102.23
L1-TA-1_LGD-1,negohcda-1,Cluster 1,0,12.37
L1-TA-1_LGD-1,nefhjngj-1,Cluster 12,0,35.09
L1-TA-1_LGD-1,nefkldcd-1,Cluster 7,0,94.29
L1-TA-1_LGD-1,bfghlbmn-1,Cluster 12,0,63.53
L1-TA-1_LGD-1,nefhpgic-1,Cluster 7,0,16.30
L1-TA-1_LGD-1,bfghocpm-1,Cluster 12,0,52.92
L1-TA-1_LGD-1,nefhpemf-1,Cluster 4,0,156.01
L1-TA-1_LGD-1,oigakgfl-1,Cluster 3,0,15.67
L1-TA-1_LGD-1,nehdcgen-1,Cluster 7,0,25.24
L1-TA-1_LGD-1,bfgjnnpp-1,Cluster 4,0,39.06
L1-TA-1_LGD-1,nenicpek-1,Cluster 12,0,94.02
L1-TA-1_LGD-1,bioimajk-1,Cluster 12,0,112.80
L1-TA-1_LGD-1,nfakpngk-1,Cluster 12,0,42.09
L1-TA-1_LGD-1,oigepbad-1,Cluster 3,0,15.04
L1-TA-1_LGD-1,bioigepg-1,Cluster 12,0,78.57
L1-TA-1_LGD-1,nfaknkmn-1,Cluster 12,0,36.94
L1-TA-1_LGD-1,neiphgbc-1,Cluster 12,0,136.01
L1-TA-1_LGD-1,oigfieab-1,Cluster 14,0,14.81
L1-TA-1_LGD-1,nfaknanl-1,Cluster 12,0,72.70
L1-TA-1_LGD-1,nfamnebb-1,Cluster 12,0,88.15
L1-TA-1_LGD-1,nfammfcl-1,Cluster 12,0,53.28
L1-TA-1_LGD-1,nfameicj-1,Cluster 12,0,149.29
L1-TA-1_LGD-1,nfamldli-1,Cluster 12,0,70.13
L1-TA-1_LGD-1,oigbppfk-1,Cluster 14,0,15.04
L1-TA-1_LGD-1,nfaljjed-1,Cluster 3,0,41.63
L1-TA-1_LGD-1,bioihimf-1,Cluster 12,0,125.62
L1-TA-1_LGD-1,nfalkcbe-1,Cluster 12,0,77.22
L1-TA-1_LGD-1,bioihhpd-1,Cluster 12,0,42.54
L1-TA-1_LGD-1,nfalmpcb-1,Cluster 3,0,29.49
L1-TA-1_LGD-1,nfapihnn-1,Cluster 3,0,13.41
L1-TA-1_LGD-1,nfaodecm-1,Cluster 18,0,34.73
L1-TA-1_LGD-1,nfalefll-1,Cluster 10,0,33.73
L1-TA-1_LGD-1,bffgkgak-1,Cluster 5,0,119.26
L1-TA-1_LGD-1,bffgipgh-1,Cluster 15,0,53.19
L1-TA-1_LGD-1,nfaogbpa-1,Cluster 13,0,103.59
L1-TA-1_LGD-1,nfanobji-1,Cluster 13,0,49.04
L1-TA-1_LGD-1,nfaokood-1,Cluster 3,0,40.01
L1-TA-1_LGD-1,nfancglo-1,Cluster 12,0,108.83
L1-TA-1_LGD-1,nfamcgeo-1,Cluster 12,0,89.68
L1-TA-1_LGD-1,nfamnkjl-1,Cluster 5,0,80.92
L1-TA-1_LGD-1,nfaocphn-1,Cluster 15,0,51.25
L1-TA-1_LGD-1,nfanficg-1,Cluster 6,0,9.66
L1-TA-1_LGD-1,nfalgmfa-1,Cluster 3,0,21.54
L1-TA-1_LGD-1,nfalbjbd-1,Cluster 6,0,74.78
L1-TA-1_LGD-1,nfanmlna-1,Cluster 13,0,114.06
L1-TA-1_LGD-1,bfflegel-1,Cluster 15,0,49.04
L1-TA-1_LGD-1,nfanlllc-1,Cluster 24,0,38.20
L1-TA-1_LGD-1,nfalndle-1,Cluster 12,0,53.47
L1-TA-1_LGD-1,biokpimo-1,Cluster 12,0,51.21
L1-TA-1_LGD-1,bffgmepp-1,Cluster 4,0,23.57
L1-TA-1_LGD-1,bffkgcbm-1,Cluster 4,0,61.14
L1-TA-1_LGD-1,neiekafp-1,Cluster 12,0,160.21
L1-TA-1_LGD-1,bffgnegb-1,Cluster 12,0,81.10
L1-TA-1_LGD-1,bfflhpic-1,Cluster 2,0,31.84
L1-TA-1_LGD-1,neielmee-1,Cluster 12,0,86.47
L1-TA-1_LGD-1,neniofgb-1,Cluster 4,0,112.17
L1-TA-1_LGD-1,neiekppe-1,Cluster 4,0,39.20
L1-TA-1_LGD-1,nenimolc-1,Cluster 4,0,60.15
L1-TA-1_LGD-1,nenjfdka-1,Cluster 12,0,96.09
L1-TA-1_LGD-1,nenioila-1,Cluster 16,0,19.64
L1-TA-1_LGD-1,biolbffm-1,Cluster 12,0,58.70
L1-TA-1_LGD-1,nenkmekp-1,Cluster 4,0,39.60
L1-TA-1_LGD-1,nenkpadh-1,Cluster 12,0,52.34
L1-TA-1_LGD-1,nenjbceh-1,Cluster 12,0,22.62
L1-TA-1_LGD-1,nenloafc-1,Cluster 12,0,64.21
L1-TA-1_LGD-1,nenliebp-1,Cluster 2,0,33.87
L1-TA-1_LGD-1,nenmapgp-1,Cluster 2,0,29.62
L1-TA-1_LGD-1,nenmojcl-1,Cluster 12,0,102.23
L1-TA-1_LGD-1,nenlaenp-1,Cluster 2,0,11.97
L1-TA-1_LGD-1,nenljaof-1,Cluster 7,0,28.13
L1-TA-1_LGD-1,oigepbmb-1,Cluster 9,0,14.99
L1-TA-1_LGD-1,nenkmkde-1,Cluster 12,0,43.12
L1-TA-1_LGD-1,nenlfpnp-1,Cluster 7,0,10.52
L1-TA-1_LGD-1,nenknjlm-1,Cluster 12,0,47.73
L1-TA-1_LGD-1,nenmbdpm-1,Cluster 7,0,22.04
L1-TA-1_LGD-1,biolndke-1,Cluster 14,0,31.02
L1-TA-1_LGD-1,nenlikbf-1,Cluster 5,0,37.71
L1-TA-1_LGD-1,nenmkoce-1,Cluster 7,0,25.56
L1-TA-1_LGD-1,nenlgoji-1,Cluster 4,0,20.37
L1-TA-1_LGD-1,biokmfcn-1,Cluster 12,0,67.64
L1-TA-1_LGD-1,nenlbclp-1,Cluster 7,0,28.90
L1-TA-1_LGD-1,nennfjma-1,Cluster 4,0,29.44
L1-TA-1_LGD-1,nenmclmc-1,Cluster 12,0,89.18
L1-TA-1_LGD-1,neimpeai-1,Cluster 4,0,182.48
L1-TA-1_LGD-1,nenmnano-1,Cluster 12,0,132.49
L1-TA-1_LGD-1,nfankpia-1,Cluster 12,0,147.93
L1-TA-1_LGD-1,nfaniceo-1,Cluster 12,0,109.32
L1-TA-1_LGD-1,bioifbmm-1,Cluster 12,0,118.44
L1-TA-1_LGD-1,nfanjkmp-1,Cluster 4,0,155.56
L1-TA-1_LGD-1,nfanlbnj-1,Cluster 12,0,49.85
L1-TA-1_LGD-1,bfgdokdf-1,Cluster 12,0,49.81
L1-TA-1_LGD-1,nfbgmgjg-1,Cluster 12,0,43.40
L1-TA-1_LGD-1,nfanhlon-1,Cluster 4,0,23.93
L1-TA-1_LGD-1,bfgedoce-1,Cluster 12,0,45.97
L1-TA-1_LGD-1,bfgdbllf-1,Cluster 12,0,39.78
L1-TA-1_LGD-1,bfflbobp-1,Cluster 15,0,29.35
L1-TA-1_LGD-1,nfblacic-1,Cluster 12,0,22.89
L1-TA-1_LGD-1,nfbhdnne-1,Cluster 12,0,45.74
L1-TA-1_LGD-1,bffknoll-1,Cluster 12,0,46.29
L1-TA-1_LGD-1,bfgdcgpf-1,Cluster 12,0,76.72
L1-TA-1_LGD-1,nfbgohpj-1,Cluster 12,0,37.93
L1-TA-1_LGD-1,nfanhlnh-1,Cluster 12,0,37.52
L1-TA-1_LGD-1,nfbhbplg-1,Cluster 12,0,49.81
L1-TA-1_LGD-1,nfanhebl-1,Cluster 6,0,41.68
L1-TA-1_LGD-1,nfbknljk-1,Cluster 4,0,33.37
L1-TA-1_LGD-1,nfbgmjdb-1,Cluster 12,0,46.42
L1-TA-1_LGD-1,nfblhfna-1,Cluster 6,0,40.05
L1-TA-1_LGD-1,nfbheomm-1,Cluster 12,0,42.81
L1-TA-1_LGD-1,nfbkolol-1,Cluster 3,0,40.19
L1-TA-1_LGD-1,nfbkogmm-1,Cluster 6,0,70.90
L1-TA-1_LGD-1,oiggjfam-1,Cluster 9,0,10.79
L1-TA-1_LGD-1,nfbhgfcl-1,Cluster 12,0,35.99
L1-TA-1_LGD-1,nfanghli-1,Cluster 3,0,45.52
L1-TA-1_LGD-1,nfanedbo-1,Cluster 6,0,43.49
L1-TA-1_LGD-1,nfblacni-1,Cluster 2,0,42.18
L1-TA-1_LGD-1,nfblekej-1,Cluster 4,0,75.82
L1-TA-1_LGD-1,nfabpfam-1,Cluster 13,0,39.69
L1-TA-1_LGD-1,bffmdlia-1,Cluster 12,0,58.39
L1-TA-1_LGD-1,bfflpnpd-1,Cluster 12,0,109.37
L1-TA-1_LGD-1,bffmddpm-1,Cluster 12,0,91.13
L1-TA-1_LGD-1,bffkgafp-1,Cluster 12,0,66.06
L1-TA-1_LGD-1,nenjlemg-1,Cluster 2,0,31.34
L1-TA-1_LGD-1,neimaala-1,Cluster 3,0,24.43
L1-TA-1_LGD-1,neioeadj-1,Cluster 12,0,102.01
L1-TA-1_LGD-1,neingojl-1,Cluster 6,0,43.58
L1-TA-1_LGD-1,bffkhblg-1,Cluster 12,0,83.09
L1-TA-1_LGD-1,neiobpnf-1,Cluster 12,0,60.37
L1-TA-1_LGD-1,neiociad-1,Cluster 12,0,116.59
L1-TA-1_LGD-1,nenjkkff-1,Cluster 3,0,31.74
L1-TA-1_LGD-1,neincmia-1,Cluster 12,0,74.51
L1-TA-1_LGD-1,nenjjobb-1,Cluster 20,0,33.14
L1-TA-1_LGD-1,neioacgb-1,Cluster 1,0,29.13
L1-TA-1_LGD-1,neinjplk-1,Cluster 9,0,20.82
L1-TA-1_LGD-1,neillden-1,Cluster 10,0,27.18
L1-TA-1_LGD-1,neikpabk-1,Cluster 12,0,58.12
L1-TA-1_LGD-1,neinbccp-1,Cluster 12,0,67.19
L1-TA-1_LGD-1,neinnjkp-1,Cluster 9,0,18.60
L1-TA-1_LGD-1,biokkkkm-1,Cluster 12,0,120.25
L1-TA-1_LGD-1,neiljobc-1,Cluster 20,0,27.91
L1-TA-1_LGD-1,neinoahj-1,Cluster 10,0,42.45
L1-TA-1_LGD-1,neimknpi-1,Cluster 12,0,74.64
L1-TA-1_LGD-1,neilaocl-1,Cluster 4,0,28.72
L1-TA-1_LGD-1,neilcldf-1,Cluster 2,0,10.07
L1-TA-1_LGD-1,neikpiph-1,Cluster 12,0,33.91
L1-TA-1_LGD-1,nenmbhln-1,Cluster 12,0,78.35
L1-TA-1_LGD-1,nenmjflc-1,Cluster 7,0,17.11
L1-TA-1_LGD-1,neimoogn-1,Cluster 12,0,92.07
L1-TA-1_LGD-1,neiledbh-1,Cluster 12,0,30.84
L1-TA-1_LGD-1,neinaieb-1,Cluster 4,0,40.64
L1-TA-1_LGD-1,nenmfopp-1,Cluster 12,0,36.98
L1-TA-1_LGD-1,nenminpm-1,Cluster 12,0,105.39
L1-TA-1_LGD-1,nehcieoo-1,Cluster 4,0,125.17
L1-TA-1_LGD-1,neiijdlg-1,Cluster 9,0,21.09
L1-TA-1_LGD-1,neiijghj-1,Cluster 12,0,93.07
L1-TA-1_LGD-1,neifmdca-1,Cluster 12,0,78.03
L1-TA-1_LGD-1,neifnfaa-1,Cluster 12,0,45.88
L1-TA-1_LGD-1,bfgmcllk-1,Cluster 12,0,38.43
L1-TA-1_LGD-1,neihmlcl-1,Cluster 4,0,50.71
L1-TA-1_LGD-1,neifplhe-1,Cluster 10,0,37.71
L1-TA-1_LGD-1,neihocmn-1,Cluster 12,0,35.13
L1-TA-1_LGD-1,neigafjh-1,Cluster 3,0,28.81
L1-TA-1_LGD-1,neidbnhl-1,Cluster 12,0,24.61
L1-TA-1_LGD-1,neijmflj-1,Cluster 6,0,30.39
L1-TA-1_LGD-1,neikaoff-1,Cluster 15,0,23.30
L1-TA-1_LGD-1,neifomkn-1,Cluster 3,0,23.57
L1-TA-1_LGD-1,nenijeml-1,Cluster 16,0,100.25
L1-TA-1_LGD-1,neikahpm-1,Cluster 6,0,20.18
L1-TA-1_LGD-1,neikdihk-1,Cluster 12,0,38.07
L1-TA-1_LGD-1,neiddike-1,Cluster 7,0,11.79
L1-TA-1_LGD-1,neidefia-1,Cluster 25,0,53.60
L1-TA-1_LGD-1,bfflkkbg-1,Cluster 12,0,80.51
L1-TA-1_LGD-1,neijgcac-1,Cluster 4,0,26.73
L1-TA-1_LGD-1,neiggeml-1,Cluster 10,0,43.67
L1-TA-1_LGD-1,bfflfplg-1,Cluster 23,0,120.61
L1-TA-1_LGD-1,neijmidb-1,Cluster 3,0,23.26
L1-TA-1_LGD-1,nenihhff-1,Cluster 23,0,101.51
L1-TA-1_LGD-1,neifkfnh-1,Cluster 12,0,107.61
L1-TA-1_LGD-1,neihoeap-1,Cluster 12,0,48.86
L1-TA-1_LGD-1,neidcaca-1,Cluster 6,0,9.48
L1-TA-1_LGD-1,neiggeeg-1,Cluster 6,0,26.15
L1-TA-1_LGD-1,neielklb-1,Cluster 6,0,15.67
L1-TA-1_LGD-1,neienaeb-1,Cluster 12,0,30.80
L1-TA-1_LGD-1,neigbank-1,Cluster 3,0,49.54
L1-TA-1_LGD-1,neigjpdf-1,Cluster 9,0,27.68
L1-TA-1_LGD-1,bffgidcj-1,Cluster 12,0,85.53
L1-TA-1_LGD-1,neihjnmf-1,Cluster 12,0,86.75
L1-TA-1_LGD-1,neighjpc-1,Cluster 9,0,37.03
L1-TA-1_LGD-1,bfggeaho-1,Cluster 12,0,74.06
L1-TA-1_LGD-1,bfgonhlp-1,Cluster 12,0,38.61
L1-TA-1_LGD-1,bfgolpmo-1,Cluster 12,0,97.31
L1-TA-1_LGD-1,nehdpgdb-1,Cluster 1,0,16.44
L1-TA-1_LGD-1,nehcagbg-1,Cluster 2,0,44.66
L1-TA-1_LGD-1,nehdmfmf-1,Cluster 2,0,39.83
L1-TA-1_LGD-1,nehdllad-1,Cluster 5,0,91.31
L1-TA-1_LGD-1,negpipbm-1,Cluster 1,0,36.40
L1-TA-1_LGD-1,nehcpdcm-1,Cluster 12,0,110.50
L1-TA-1_LGD-1,nehdefda-1,Cluster 6,0,45.38
L1-TA-1_LGD-1,nejmiplm-1,Cluster 2,0,25.96
L1-TA-1_LGD-1,nehdiloa-1,Cluster 25,0,74.24
L1-TA-1_LGD-1,negpfjlg-1,Cluster 13,0,40.78
L1-TA-1_LGD-1,nehckeol-1,Cluster 7,0,29.04
L1-TA-1_LGD-1,nehckgjd-1,Cluster 1,0,6.55
L1-TA-1_LGD-1,nehckhfi-1,Cluster 9,0,12.96
L1-TA-1_LGD-1,nehcknjg-1,Cluster 4,0,41.77
L1-TA-1_LGD-1,nehdjmkp-1,Cluster 7,0,13.23
L1-TA-1_LGD-1,nehbphcd-1,Cluster 7,0,50.76
L1-TA-1_LGD-1,negpghlo-1,Cluster 3,0,16.66
L1-TA-1_LGD-1,nehdlflm-1,Cluster 6,0,20.59
L1-TA-1_LGD-1,nehcaala-1,Cluster 13,0,49.22
L1-TA-1_LGD-1,nehckifc-1,Cluster 7,0,24.20
L1-TA-1_LGD-1,nehcbeoi-1,Cluster 12,0,50.03
L1-TA-1_LGD-1,nehciomm-1,Cluster 12,0,107.65
L1-TA-1_LGD-1,bfggeoof-1,Cluster 12,0,63.76
L1-TA-1_LGD-1,nehchegc-1,Cluster 4,0,64.30
L1-TA-1_LGD-1,negpgbfb-1,Cluster 6,0,20.55
L1-TA-1_LGD-1,oigbdmcm-1,Cluster 9,0,14.13
L1-TA-1_LGD-1,neifdpib-1,Cluster 20,0,31.52
L1-TA-1_LGD-1,bfgmldae-1,Cluster 4,0,48.59
L1-TA-1_LGD-1,neifikgh-1,Cluster 12,0,98.21
L1-TA-1_LGD-1,neipjelg-1,Cluster 12,0,74.01
L1-TA-1_LGD-1,neiihlbf-1,Cluster 12,0,60.64
L1-TA-1_LGD-1,neifjmop-1,Cluster 12,0,72.16
L1-TA-1_LGD-1,neimddgk-1,Cluster 2,0,33.37
L1-TA-1_LGD-1,neipipfk-1,Cluster 12,0,37.12
L1-TA-1_LGD-1,neimglpj-1,Cluster 12,0,54.82
L1-TA-1_LGD-1,neikgfjl-1,Cluster 2,0,13.10
L1-TA-1_LGD-1,neiphenh-1,Cluster 12,0,105.49
L1-TA-1_LGD-1,neiokkcb-1,Cluster 6,0,31.65
L1-TA-1_LGD-1,neimeghj-1,Cluster 12,0,27.86
L1-TA-1_LGD-1,neikhogm-1,Cluster 12,0,53.42
L1-TA-1_LGD-1,neimgbfe-1,Cluster 12,0,51.97
L1-TA-1_LGD-1,neikfgpp-1,Cluster 2,0,25.47
L1-TA-1_LGD-1,neilhgbp-1,Cluster 6,0,43.49
L1-TA-1_LGD-1,neigkemd-1,Cluster 6,0,34.63
L1-TA-1_LGD-1,neijdlak-1,Cluster 12,0,41.91
L1-TA-1_LGD-1,neniaben-1,Cluster 20,0,39.15
L1-TA-1_LGD-1,neiliokb-1,Cluster 2,0,13.23
L1-TA-1_LGD-1,neiokfji-1,Cluster 7,0,21.95
L1-TA-1_LGD-1,bfgjhbjh-1,Cluster 12,0,96.68
L1-TA-1_LGD-1,neiofgpb-1,Cluster 12,0,227.32
L1-TA-1_LGD-1,neihblag-1,Cluster 6,0,49.81
L1-TA-1_LGD-1,neihbama-1,Cluster 20,0,38.29
L1-TA-1_LGD-1,bfgkakna-1,Cluster 12,0,128.33
L1-TA-1_LGD-1,neioapef-1,Cluster 12,0,134.25
L1-TA-1_LGD-1,bfgkadcj-1,Cluster 12,0,85.62
L1-TA-1_LGD-1,neijbomi-1,Cluster 12,0,89.95
L1-TA-1_LGD-1,bfgjmcck-1,Cluster 12,0,97.36
L1-TA-1_LGD-1,neihcmel-1,Cluster 6,0,78.48
L1-TA-1_LGD-1,neionfjj-1,Cluster 12,0,55.54
L1-TA-1_LGD-1,nenicaim-1,Cluster 5,0,37.80
L1-TA-1_LGD-1,bfgkdfig-1,Cluster 5,0,45.02
L1-TA-1_LGD-1,neijfipo-1,Cluster 4,0,31.74
L1-TA-1_LGD-1,nenilcnd-1,Cluster 4,0,31.20
L1-TA-1_LGD-1,neiogndg-1,Cluster 7,0,33.82
L1-TA-1_LGD-1,neioicko-1,Cluster 12,0,143.06
L1-TA-1_LGD-1,neiheckd-1,Cluster 19,0,26.42
L1-TA-1_LGD-1,neilfdjc-1,Cluster 12,0,25.06
L1-TA-1_LGD-1,nejldkdo-1,Cluster 4,0,33.28
L1-TA-1_LGD-1,nejljgpj-1,Cluster 12,0,49.67
L1-TA-1_LGD-1,bfgoibnm-1,Cluster 12,0,79.70
L1-TA-1_LGD-1,bfgofdgj-1,Cluster 12,0,33.51
L1-TA-1_LGD-1,bfgilplf-1,Cluster 12,0,134.75
L1-TA-1_LGD-1,bfgofnfk-1,Cluster 12,0,98.17
L1-TA-1_LGD-1,neimidhb-1,Cluster 12,0,90.90
L1-TA-1_LGD-1,nejmghce-1,Cluster 2,0,35.90
L1-TA-1_LGD-1,bfginobi-1,Cluster 12,0,115.33
L1-TA-1_LGD-1,nejmhdcg-1,Cluster 2,0,29.58
L1-TA-1_LGD-1,bfgiohld-1,Cluster 4,0,47.14
L1-TA-1_LGD-1,nejlfgin-1,Cluster 12,0,70.90
L1-TA-1_LGD-1,neheaflb-1,Cluster 12,0,44.61
L1-TA-1_LGD-1,neheammm-1,Cluster 19,0,29.49
L1-TA-1_LGD-1,nehebioe-1,Cluster 3,0,61.73
L1-TA-1_LGD-1,bfgoamfi-1,Cluster 12,0,86.07
L1-TA-1_LGD-1,neimjoek-1,Cluster 19,0,19.73
L1-TA-1_LGD-1,nejmfmkg-1,Cluster 12,0,48.50
L1-TA-1_LGD-1,bfgmmjcp-1,Cluster 12,0,83.90
L1-TA-1_LGD-1,nehdhhmm-1,Cluster 12,0,95.42
L1-TA-1_LGD-1,neikmcmc-1,Cluster 4,0,94.42
L1-TA-1_LGD-1,bfgmjbne-1,Cluster 12,0,38.07
L1-TA-1_LGD-1,bfgmmdcg-1,Cluster 4,0,56.81
L1-TA-1_LGD-1,nejlmjfk-1,Cluster 3,0,35.76
L1-TA-1_LGD-1,bfgmcjoh-1,Cluster 12,0,94.60
L1-TA-1_LGD-1,nejmaiad-1,Cluster 23,0,104.76
L1-TA-1_LGD-1,bfgmoecg-1,Cluster 12,0,102.55
L1-TA-1_LGD-1,nejmaemj-1,Cluster 7,0,14.00
L1-TA-1_LGD-1,nejaecah-1,Cluster 12,0,36.98
L1-TA-1_LGD-1,neikmane-1,Cluster 5,0,60.69
L1-TA-1_LGD-1,neiileka-1,Cluster 4,0,46.87
L1-TA-1_LGD-1,nejalhgo-1,Cluster 12,0,59.52
L1-TA-1_LGD-1,neikfcjd-1,Cluster 4,0,53.47
L1-TA-1_LGD-1,nejaeeoj-1,Cluster 12,0,80.11
L1-TA-1_LGD-1,neiofbek-1,Cluster 4,0,90.49
L1-TA-1_LGD-1,bfgbpmcl-1,Cluster 12,0,116.59
L1-TA-1_LGD-1,oigcllni-1,Cluster 14,0,5.55
L1-TA-1_LGD-1,biohjjhi-1,Cluster 12,0,95.10
L1-TA-1_LGD-1,nejbcioe-1,Cluster 6,0,26.82
L1-TA-1_LGD-1,neinfhgj-1,Cluster 4,0,95.64
L1-TA-1_LGD-1,oigckfdf-1,Cluster 9,0,7.50
L1-TA-1_LGD-1,nejapfob-1,Cluster 12,0,103.18
L1-TA-1_LGD-1,biohkamp-1,Cluster 12,0,63.94
L1-TA-1_LGD-1,nejbhegf-1,Cluster 12,0,63.76
L1-TA-1_LGD-1,nejblbdi-1,Cluster 12,0,55.72
L1-TA-1_LGD-1,nejbmjpe-1,Cluster 12,0,168.25
L1-TA-1_LGD-1,bioiofib-1,Cluster 12,0,78.17
L1-TA-1_LGD-1,nejbhfjl-1,Cluster 4,0,170.24
L1-TA-1_LGD-1,nejcchel-1,Cluster 12,0,159.36
L1-TA-1_LGD-1,nejbmkba-1,Cluster 12,0,89.45
L1-TA-1_LGD-1,neinedhh-1,Cluster 12,0,96.91
L1-TA-1_LGD-1,bfgcdopo-1,Cluster 12,0,70.53
L1-TA-1_LGD-1,bfgcdbei-1,Cluster 12,0,179.90
L1-TA-1_LGD-1,bfgaknic-1,Cluster 4,0,56.08
L1-TA-1_LGD-1,bfgdokbj-1,Cluster 4,0,57.75
L1-TA-1_LGD-1,bfgdnfji-1,Cluster 12,0,133.80
L1-TA-1_LGD-1,nfbhgbjm-1,Cluster 4,0,20.18
L1-TA-1_LGD-1,nepljike-1,Cluster 12,0,41.77
L1-TA-1_LGD-1,bfgdcpcp-1,Cluster 12,0,45.97
L1-TA-1_LGD-1,bfgcpogj-1,Cluster 12,0,34.77
L1-TA-1_LGD-1,nepkmpmb-1,Cluster 12,0,43.62
L1-TA-1_LGD-1,nepkkcec-1,Cluster 12,0,17.29
L1-TA-1_LGD-1,bfgdelgi-1,Cluster 12,0,63.04
L1-TA-1_LGD-1,bfgamfmi-1,Cluster 12,0,91.40
L1-TA-1_LGD-1,nepkmakh-1,Cluster 27,0,28.81
L1-TA-1_LGD-1,bfgammcd-1,Cluster 12,0,50.53
L1-TA-1_LGD-1,nfbhfcag-1,Cluster 12,0,20.68
L1-TA-1_LGD-1,nejbhida-1,Cluster 6,0,55.95
L1-TA-1_LGD-1,nfbhfnan-1,Cluster 7,0,13.28
L1-TA-1_LGD-1,nepkpldd-1,Cluster 1,0,23.66
L1-TA-1_LGD-1,nejbibcj-1,Cluster 3,0,59.61
L1-TA-1_LGD-1,nfbhhhpj-1,Cluster 7,0,18.02
L1-TA-1_LGD-1,nejdcmkk-1,Cluster 3,0,46.83
L1-TA-1_LGD-1,nejdfbec-1,Cluster 9,0,12.06
L1-TA-1_LGD-1,nejdgjmn-1,Cluster 9,0,42.90
L1-TA-1_LGD-1,neimnpje-1,Cluster 12,0,57.26
L1-TA-1_LGD-1,nejamfcp-1,Cluster 12,0,88.46
L1-TA-1_LGD-1,bfgchkhg-1,Cluster 12,0,76.99
L1-TA-1_LGD-1,bfgcgpcn-1,Cluster 12,0,56.26
L1-TA-1_LGD-1,bfgchkgd-1,Cluster 4,0,50.67
L1-TA-1_LGD-1,nejdgboa-1,Cluster 5,0,96.36
L1-TA-1_LGD-1,nejckphk-1,Cluster 4,0,71.93
L1-TA-1_LGD-1,nejdlhdm-1,Cluster 12,0,41.41
L1-TA-1_LGD-1,bfgcgjhg-1,Cluster 12,0,152.04
L1-TA-1_LGD-1,nejaopdl-1,Cluster 5,0,93.88
L1-TA-1_LGD-1,nejamjkk-1,Cluster 3,0,55.45
L1-TA-1_LGD-1,nejcpplp-1,Cluster 4,0,30.35
L1-TA-1_LGD-1,bfgeldmk-1,Cluster 12,0,128.97
L1-TA-1_LGD-1,nejaogon-1,Cluster 5,0,72.79
L1-TA-1_LGD-1,oigcoedi-1,Cluster 9,0,7.54
L1-TA-1_LGD-1,nejclhmo-1,Cluster 12,0,41.91
L1-TA-1_LGD-1,nejcikfe-1,Cluster 12,0,40.96
L1-TA-1_LGD-1,nejdabjn-1,Cluster 12,0,70.94
L1-TA-1_LGD-1,oigcnolb-1,Cluster 9,0,19.51
L1-TA-1_LGD-1,bfgeljne-1,Cluster 12,0,99.21
L1-TA-1_LGD-1,bfgakkoc-1,Cluster 23,0,60.37
L1-TA-1_LGD-1,bioidedn-1,Cluster 12,0,92.43
L1-TA-1_LGD-1,bfgelaal-1,Cluster 12,0,29.49
L1-TA-1_LGD-1,nejbbnmo-1,Cluster 9,0,8.44
L1-TA-1_LGD-1,oigcifjl-1,Cluster 3,0,15.53
L1-TA-1_LGD-1,bioiaehk-1,Cluster 12,0,98.17
L1-TA-1_LGD-1,nejbadgk-1,Cluster 4,0,26.60
L1-TA-1_LGD-1,bfgegfmf-1,Cluster 12,0,132.22
L1-TA-1_LGD-1,bfgaibmk-1,Cluster 23,0,92.66
L1-TA-1_LGD-1,biojfpma-1,Cluster 12,0,42.31
L1-TA-1_LGD-1,bioiefcd-1,Cluster 23,0,107.29
L1-TA-1_LGD-1,bfmankfj-1,Cluster 12,0,78.66
L1-TA-1_LGD-1,nejbpgno-1,Cluster 6,0,18.79
L1-TA-1_LGD-1,bfmangla-1,Cluster 12,0,125.72
L1-TA-1_LGD-1,nepjdooa-1,Cluster 12,0,57.03
L1-TA-1_LGD-1,nejboahk-1,Cluster 12,0,96.23
L1-TA-1_LGD-1,nepidaib-1,Cluster 9,0,25.83
L1-TA-1_LGD-1,nacjegha-1,Cluster 4,0,50.53
L1-TA-1_LGD-1,nepigain-1,Cluster 3,0,71.57
L1-TA-1_LGD-1,nacjcebp-1,Cluster 13,0,68.73
L1-TA-1_LGD-1,bfgcbcbm-1,Cluster 6,0,46.42
L1-TA-1_LGD-1,nepidlfp-1,Unassigned,0,12.96
L1-TA-1_LGD-1,nepkjapn-1,Cluster 10,0,33.46
L1-TA-1_LGD-1,nepkgnme-1,Cluster 6,0,56.54
L1-TA-1_LGD-1,nepiclka-1,Cluster 6,0,50.71
L1-TA-1_LGD-1,oigcljlk-1,Cluster 6,0,12.37
L1-TA-1_LGD-1,nepkchjl-1,Cluster 10,0,41.77
L1-TA-1_LGD-1,bfgbdnnd-1,Cluster 10,0,62.32
L1-TA-1_LGD-1,nepimema-1,Cluster 10,0,36.03
L1-TA-1_LGD-1,nepipnga-1,Cluster 6,0,37.03
L1-TA-1_LGD-1,nepimabk-1,Cluster 6,0,51.52
L1-TA-1_LGD-1,bfgbfbcj-1,Cluster 10,0,31.29
L1-TA-1_LGD-1,nepjpoji-1,Cluster 10,0,66.24
L1-TA-1_LGD-1,bfgbnkci-1,Cluster 10,0,43.35
L1-TA-1_LGD-1,nepibkjb-1,Cluster 7,0,35.27
L1-TA-1_LGD-1,nepiphjj-1,Cluster 9,0,25.60
L1-TA-1_LGD-1,bffojlga-1,Cluster 6,0,44.80
L1-TA-1_LGD-1,nepimpkm-1,Cluster 10,0,47.14
L1-TA-1_LGD-1,nephlnel-1,Cluster 13,0,69.45
L1-TA-1_LGD-1,nepkfhad-1,Cluster 10,0,52.61
L1-TA-1_LGD-1,nepinlfk-1,Cluster 1,0,11.33
L1-TA-1_LGD-1,nepiaokh-1,Cluster 13,0,60.51
L1-TA-1_LGD-1,nephpaip-1,Cluster 7,0,44.34
L1-TA-1_LGD-1,nephpmnc-1,Cluster 13,0,30.98
L1-TA-1_LGD-1,nejbdihb-1,Cluster 13,0,34.41
L1-TA-1_LGD-1,nepibafb-1,Cluster 6,0,56.63
L1-TA-1_LGD-1,nenhnocb-1,Cluster 4,0,47.96
L1-TA-1_LGD-1,bfglbeko-1,Cluster 12,0,53.28
L1-TA-1_LGD-1,nadcpekm-1,Cluster 12,0,33.28
L1-TA-1_LGD-1,bfglibpm-1,Cluster 12,0,129.42
L1-TA-1_LGD-1,nenhlppe-1,Cluster 3,0,25.20
L1-TA-1_LGD-1,bfglfndf-1,Cluster 12,0,131.95
L1-TA-1_LGD-1,nejecofp-1,Cluster 12,0,98.08
L1-TA-1_LGD-1,nenhkbog-1,Cluster 19,0,32.11
L1-TA-1_LGD-1,nenhfjoa-1,Cluster 12,0,36.49
L1-TA-1_LGD-1,nenhdkgb-1,Cluster 2,0,15.35
L1-TA-1_LGD-1,nejebded-1,Cluster 12,0,155.92
L1-TA-1_LGD-1,nenhbpgi-1,Cluster 7,0,14.95
L1-TA-1_LGD-1,nengpkab-1,Cluster 4,0,45.56
L1-TA-1_LGD-1,nenhajio-1,Cluster 12,0,81.91
L1-TA-1_LGD-1,bioinjil-1,Cluster 12,0,73.11
L1-TA-1_LGD-1,bflocobp-1,Cluster 12,0,67.87
L1-TA-1_LGD-1,nejcefgk-1,Cluster 12,0,58.61
L1-TA-1_LGD-1,nejdmcan-1,Cluster 12,0,115.74
L1-TA-1_LGD-1,nadeiiae-1,Cluster 12,0,102.78
L1-TA-1_LGD-1,nejcedam-1,Cluster 12,0,166.18
L1-TA-1_LGD-1,nejdmaoh-1,Cluster 12,0,91.35
L1-TA-1_LGD-1,bfgaipja-1,Cluster 12,0,58.48
L1-TA-1_LGD-1,nejdiilp-1,Cluster 5,0,62.72
L1-TA-1_LGD-1,bflnpgch-1,Cluster 12,0,32.42
L1-TA-1_LGD-1,nejcfmhg-1,Cluster 12,0,28.18
L1-TA-1_LGD-1,nenmkpgj-1,Cluster 12,0,56.72
L1-TA-1_LGD-1,bfgldamm-1,Cluster 12,0,61.46
L1-TA-1_LGD-1,nadengbj-1,Cluster 4,0,107.56
L1-TA-1_LGD-1,nengnkbj-1,Cluster 12,0,88.91
L1-TA-1_LGD-1,bioinoeg-1,Cluster 12,0,52.70
L1-TA-1_LGD-1,nepidjgj-1,Cluster 2,0,9.26
L1-TA-1_LGD-1,nepidjah-1,Cluster 12,0,113.97
L1-TA-1_LGD-1,nepjebpf-1,Cluster 12,0,38.88
L1-TA-1_LGD-1,nackcija-1,Cluster 12,0,31.84
L1-TA-1_LGD-1,bfhammfg-1,Cluster 12,0,87.42
L1-TA-1_LGD-1,nejaieaf-1,Cluster 12,0,54.86
L1-TA-1_LGD-1,nejajikg-1,Cluster 9,0,16.35
L1-TA-1_LGD-1,nejghkhl-1,Cluster 12,0,61.23
L1-TA-1_LGD-1,oigcbkio-1,Cluster 14,0,7.41
L1-TA-1_LGD-1,nejplppd-1,Cluster 1,0,25.47
L1-TA-1_LGD-1,oigbgkal-1,Cluster 1,0,18.79
L1-TA-1_LGD-1,nejpfnob-1,Cluster 27,0,43.71
L1-TA-1_LGD-1,nekafcgf-1,Cluster 10,0,33.14
L1-TA-1_LGD-1,nejiokpe-1,Cluster 2,0,23.48
L1-TA-1_LGD-1,nejafheo-1,Cluster 4,0,36.40
L1-TA-1_LGD-1,nejopmba-1,Cluster 10,0,53.83
L1-TA-1_LGD-1,nejikgda-1,Cluster 2,0,59.20
L1-TA-1_LGD-1,nejgglci-1,Cluster 7,0,21.81
L1-TA-1_LGD-1,bfgkomnk-1,Cluster 12,0,34.00
L1-TA-1_LGD-1,bfgkoehf-1,Cluster 12,0,59.88
L1-TA-1_LGD-1,nejipfca-1,Cluster 12,0,55.63
L1-TA-1_LGD-1,nejippag-1,Cluster 2,0,29.89
L1-TA-1_LGD-1,bfgjlahi-1,Cluster 12,0,47.73
L1-TA-1_LGD-1,bfgkpebj-1,Cluster 12,0,45.07
L1-TA-1_LGD-1,nejgkhbl-1,Cluster 12,0,110.72
L1-TA-1_LGD-1,oigbojfo-1,Cluster 6,0,17.39
L1-TA-1_LGD-1,bfgkdkme-1,Cluster 12,0,106.75
L1-TA-1_LGD-1,nejiljmj-1,Cluster 12,0,28.00
L1-TA-1_LGD-1,bfgjfojl-1,Cluster 12,0,78.12
L1-TA-1_LGD-1,nejfmmpo-1,Cluster 12,0,61.01
L1-TA-1_LGD-1,nejfdhfk-1,Cluster 12,0,54.05
L1-TA-1_LGD-1,nejgjkke-1,Cluster 4,0,45.56
L1-TA-1_LGD-1,bfglopik-1,Cluster 4,0,41.00
L1-TA-1_LGD-1,nejcgknf-1,Cluster 4,0,161.89
L1-TA-1_LGD-1,nejiohii-1,Cluster 4,0,20.73
L1-TA-1_LGD-1,nejchfgd-1,Cluster 4,0,44.43
L1-TA-1_LGD-1,nejfmmee-1,Cluster 4,0,35.85
L1-TA-1_LGD-1,nejineml-1,Cluster 4,0,42.18
L1-TA-1_LGD-1,nejjaikd-1,Cluster 4,0,18.69
L1-TA-1_LGD-1,bfgjjjjd-1,Cluster 12,0,122.78
L1-TA-1_LGD-1,nejnnacj-1,Cluster 12,0,129.46
L1-TA-1_LGD-1,nejmapec-1,Cluster 12,0,117.50
L1-TA-1_LGD-1,nejobjdi-1,Cluster 4,0,109.46
L1-TA-1_LGD-1,nejlhipp-1,Cluster 12,0,100.47
L1-TA-1_LGD-1,bfgjfmpp-1,Cluster 4,0,55.50
L1-TA-1_LGD-1,bfgipdpb-1,Cluster 12,0,86.65
L1-TA-1_LGD-1,bfhaphhg-1,Cluster 12,0,40.05
L1-TA-1_LGD-1,bfginlnd-1,Cluster 12,0,57.08
L1-TA-1_LGD-1,nejnnknf-1,Cluster 12,0,40.69
L1-TA-1_LGD-1,nejnodhc-1,Cluster 4,0,162.25
L1-TA-1_LGD-1,bfgjajmb-1,Cluster 12,0,50.12
L1-TA-1_LGD-1,bfgjfcjm-1,Cluster 12,0,88.42
L1-TA-1_LGD-1,nejmfkdi-1,Cluster 12,0,24.88
L1-TA-1_LGD-1,bfgipoch-1,Cluster 4,0,42.00
L1-TA-1_LGD-1,bfhamenf-1,Cluster 2,0,18.56
L1-TA-1_LGD-1,nejlpddl-1,Cluster 12,0,30.75
L1-TA-1_LGD-1,nejmdfde-1,Cluster 7,0,22.98
L1-TA-1_LGD-1,nejabimi-1,Cluster 12,0,33.51
L1-TA-1_LGD-1,bfgmbilk-1,Cluster 12,0,74.28
L1-TA-1_LGD-1,nejpocgb-1,Cluster 12,0,86.70
L1-TA-1_LGD-1,nekakpal-1,Cluster 4,0,42.54
L1-TA-1_LGD-1,nejppioa-1,Cluster 6,0,9.26
L1-TA-1_LGD-1,nejppioi-1,Cluster 2,0,19.51
L1-TA-1_LGD-1,bfgmadkj-1,Cluster 7,0,18.56
L1-TA-1_LGD-1,bfgmbipg-1,Cluster 12,0,53.37
L1-TA-1_LGD-1,nekafkgp-1,Cluster 12,0,80.38
L1-TA-1_LGD-1,bfglpkjd-1,Cluster 12,0,89.27
L1-TA-1_LGD-1,nejmbkdf-1,Cluster 9,0,24.29
L1-TA-1_LGD-1,nejpecoa-1,Cluster 6,0,24.93
L1-TA-1_LGD-1,nejafioc-1,Cluster 10,0,57.57
L1-TA-1_LGD-1,nejpbmei-1,Cluster 9,0,14.18
L1-TA-1_LGD-1,nejpndho-1,Cluster 1,0,25.92
L1-TA-1_LGD-1,nejoobie-1,Cluster 3,0,21.40
L1-TA-1_LGD-1,nejpafoe-1,Cluster 10,0,49.54
L1-TA-1_LGD-1,nejgacdl-1,Cluster 12,0,132.13
L1-TA-1_LGD-1,nejheaej-1,Cluster 3,0,46.65
L1-TA-1_LGD-1,nejihgii-1,Cluster 12,0,55.36
L1-TA-1_LGD-1,nejgikbl-1,Cluster 12,0,44.75
L1-TA-1_LGD-1,nadjbgmp-1,Cluster 12,0,92.98
L1-TA-1_LGD-1,bfglinad-1,Cluster 12,0,167.94
L1-TA-1_LGD-1,nejgldif-1,Cluster 6,0,28.04
L1-TA-1_LGD-1,nejeppaf-1,Cluster 3,0,32.42
L1-TA-1_LGD-1,nejedfce-1,Cluster 4,0,22.67
L1-TA-1_LGD-1,nejidmkk-1,Cluster 4,0,38.79
L1-TA-1_LGD-1,nejephhb-1,Cluster 12,0,50.26
L1-TA-1_LGD-1,nejieake-1,Cluster 4,0,72.39
L1-TA-1_LGD-1,nejhffpo-1,Cluster 12,0,85.62
L1-TA-1_LGD-1,nejhafim-1,Cluster 25,0,27.00
L1-TA-1_LGD-1,nejfbdlm-1,Cluster 12,0,92.48
L1-TA-1_LGD-1,nadhkfem-1,Cluster 12,0,70.08
L1-TA-1_LGD-1,nejfgjgm-1,Cluster 12,0,119.57
L1-TA-1_LGD-1,nejhfbac-1,Cluster 12,0,46.29
L1-TA-1_LGD-1,nejiciae-1,Cluster 12,0,52.43
L1-TA-1_LGD-1,nadkaegn-1,Cluster 12,0,106.57
L1-TA-1_LGD-1,nejiibic-1,Cluster 5,0,25.92
L1-TA-1_LGD-1,nejgmdhn-1,Cluster 3,0,46.83
L1-TA-1_LGD-1,nejelela-1,Cluster 12,0,71.21
L1-TA-1_LGD-1,nejffhen-1,Cluster 12,0,74.73
L1-TA-1_LGD-1,nenglnha-1,Cluster 2,0,25.33
L1-TA-1_LGD-1,bfglklhl-1,Cluster 12,0,93.38
L1-TA-1_LGD-1,bfglkaci-1,Cluster 12,0,48.09
L1-TA-1_LGD-1,bfglidji-1,Cluster 12,0,158.36
L1-TA-1_LGD-1,oigenekl-1,Cluster 14,0,13.14
L1-TA-1_LGD-1,nejegpho-1,Cluster 12,0,81.24
L1-TA-1_LGD-1,nenhcjfb-1,Cluster 12,0,25.74
L1-TA-1_LGD-1,nadhpbdf-1,Cluster 12,0,78.62
L1-TA-1_LGD-1,nenhdgjg-1,Cluster 2,0,20.00
L1-TA-1_LGD-1,nadhkmoh-1,Cluster 2,0,13.41
L1-TA-1_LGD-1,bfglopeo-1,Cluster 12,0,150.10
L1-TA-1_LGD-1,nejonimd-1,Cluster 19,0,37.39
L1-TA-1_LGD-1,bfhbljld-1,Cluster 2,0,52.47
L1-TA-1_LGD-1,mpppdege-1,Cluster 6,0,17.84
L1-TA-1_LGD-1,bfhblcfm-1,Cluster 12,0,91.58
L1-TA-1_LGD-1,bfhaagoc-1,Cluster 12,0,71.44
L1-TA-1_LGD-1,nejoebbi-1,Cluster 12,0,42.63
L1-TA-1_LGD-1,bfmfffgd-1,Cluster 12,0,89.59
L1-TA-1_LGD-1,nekaahdm-1,Cluster 12,0,85.03
L1-TA-1_LGD-1,nejoboam-1,Cluster 12,0,55.99
L1-TA-1_LGD-1,nekajnpa-1,Cluster 4,0,40.41
L1-TA-1_LGD-1,nekaeojd-1,Cluster 4,0,102.19
L1-TA-1_LGD-1,nejokddh-1,Cluster 20,0,52.79
L1-TA-1_LGD-1,nejoejee-1,Cluster 7,0,10.79
L1-TA-1_LGD-1,nekabala-1,Cluster 12,0,105.58
L1-TA-1_LGD-1,bfhbeehd-1,Cluster 12,0,57.44
L1-TA-1_LGD-1,bfhakdge-1,Cluster 12,0,54.91
L1-TA-1_LGD-1,bfhbjnfe-1,Cluster 12,0,44.70
L1-TA-1_LGD-1,nadgmhbb-1,Cluster 12,0,205.33
L1-TA-1_LGD-1,bfhbidoc-1,Cluster 12,0,59.11
L1-TA-1_LGD-1,nejojiag-1,Cluster 12,0,25.20
L1-TA-1_LGD-1,bfhbhoad-1,Cluster 12,0,69.04
L1-TA-1_LGD-1,bfhajagj-1,Cluster 12,0,90.31
L1-TA-1_LGD-1,nekagime-1,Cluster 12,0,87.96
L1-TA-1_LGD-1,nekacppo-1,Cluster 9,0,37.80
L1-TA-1_LGD-1,bfhaajef-1,Cluster 12,0,80.42
L1-TA-1_LGD-1,nekabapg-1,Cluster 10,0,30.48
L1-TA-1_LGD-1,bfmflaeb-1,Cluster 12,0,70.62
L1-TA-1_LGD-1,bfmfnkbp-1,Cluster 12,0,26.06
L1-TA-1_LGD-1,nejgajmb-1,Cluster 12,0,41.59
L1-TA-1_LGD-1,nejgccnl-1,Cluster 19,0,52.43
L1-TA-1_LGD-1,nekacjmd-1,Cluster 12,0,122.15
L1-TA-1_LGD-1,nejggbha-1,Cluster 24,0,51.79
L1-TA-1_LGD-1,nejgafkc-1,Cluster 4,0,32.06
L1-TA-1_LGD-1,nejgiihn-1,Cluster 1,0,31.47
L1-TA-1_LGD-1,bfgolcag-1,Cluster 12,0,82.82
L1-TA-1_LGD-1,nejjkneo-1,Cluster 12,0,32.74
L1-TA-1_LGD-1,bfggbnbp-1,Cluster 12,0,87.38
L1-TA-1_LGD-1,bfggkncn-1,Cluster 12,0,100.25
L1-TA-1_LGD-1,nejjdkld-1,Cluster 12,0,75.05
L1-TA-1_LGD-1,bfgibalo-1,Cluster 12,0,130.41
L1-TA-1_LGD-1,bfggofbm-1,Cluster 4,0,91.76
L1-TA-1_LGD-1,nefiiggg-1,Cluster 12,0,60.78
L1-TA-1_LGD-1,bfggmhkf-1,Cluster 4,0,52.61
L1-TA-1_LGD-1,bfgoadpe-1,Cluster 12,0,69.68
L1-TA-1_LGD-1,nejlcphe-1,Cluster 12,0,97.76
L1-TA-1_LGD-1,nefhkhda-1,Cluster 4,0,76.99
L1-TA-1_LGD-1,negoehdi-1,Cluster 20,0,44.39
L1-TA-1_LGD-1,negofbib-1,Cluster 2,0,33.73
L1-TA-1_LGD-1,nejjncld-1,Cluster 2,0,31.52
L1-TA-1_LGD-1,nejjocbp-1,Cluster 6,0,33.05
L1-TA-1_LGD-1,negomnfj-1,Cluster 3,0,17.02
L1-TA-1_LGD-1,bfgghhnd-1,Cluster 12,0,74.87
L1-TA-1_LGD-1,bfggihko-1,Cluster 12,0,35.22
L1-TA-1_LGD-1,negnpcke-1,Cluster 2,0,60.33
L1-TA-1_LGD-1,negpcbin-1,Cluster 12,0,75.95
L1-TA-1_LGD-1,negoaban-1,Cluster 2,0,52.16
L1-TA-1_LGD-1,negnoabp-1,Cluster 7,0,24.93
L1-TA-1_LGD-1,nehddkma-1,Cluster 9,0,15.58
L1-TA-1_LGD-1,bfgghcmh-1,Cluster 12,0,77.58
L1-TA-1_LGD-1,nefikgbi-1,Cluster 6,0,26.28
L1-TA-1_LGD-1,nefimiof-1,Cluster 12,0,34.45
L1-TA-1_LGD-1,nehdakai-1,Cluster 12,0,58.03
L1-TA-1_LGD-1,nejjphea-1,Cluster 7,0,20.14
L1-TA-1_LGD-1,bfggigbg-1,Cluster 12,0,44.80
L1-TA-1_LGD-1,nefikglo-1,Cluster 12,0,33.01
L1-TA-1_LGD-1,bfgoofoj-1,Cluster 12,0,54.86
L1-TA-1_LGD-1,nejkpclk-1,Cluster 12,0,69.54
L1-TA-1_LGD-1,nhgkcacf-1,Cluster 6,0,16.62
L1-TA-1_LGD-1,nhgjdlga-1,Cluster 12,0,159.31
L1-TA-1_LGD-1,nhgipbdn-1,Cluster 4,0,74.28
L1-TA-1_LGD-1,bfgpalbn-1,Cluster 12,0,63.63
L1-TA-1_LGD-1,nhgjdkoj-1,Cluster 5,0,80.69
L1-TA-1_LGD-1,nejknfcb-1,Cluster 12,0,39.69
L1-TA-1_LGD-1,bfgpcecc-1,Cluster 12,0,44.70
L1-TA-1_LGD-1,bfgnpfmf-1,Cluster 12,0,114.56
L1-TA-1_LGD-1,bfgnpmck-1,Cluster 12,0,71.48
L1-TA-1_LGD-1,nhgjklcn-1,Cluster 2,0,33.46
L1-TA-1_LGD-1,negpdjfc-1,Cluster 12,0,95.64
L1-TA-1_LGD-1,nhgkdcif-1,Cluster 10,0,61.32
L1-TA-1_LGD-1,bfgopbae-1,Cluster 12,0,77.53
L1-TA-1_LGD-1,negojgcd-1,Cluster 7,0,18.97
L1-TA-1_LGD-1,bfgpcabl-1,Cluster 12,0,80.20
L1-TA-1_LGD-1,nhgjabok-1,Cluster 12,0,86.97
L1-TA-1_LGD-1,nefiiipe-1,Cluster 12,0,68.82
L1-TA-1_LGD-1,nhgjbdmi-1,Cluster 12,0,56.17
L1-TA-1_LGD-1,bfgnonap-1,Cluster 4,0,48.00
L1-TA-1_LGD-1,bfgoadjh-1,Cluster 12,0,123.50
L1-TA-1_LGD-1,nhgkhbhb-1,Cluster 3,0,22.67
L1-TA-1_LGD-1,nhgliend-1,Cluster 27,0,34.86
L1-TA-1_LGD-1,nhgjkhmm-1,Cluster 12,0,36.53
L1-TA-1_LGD-1,nekfdiae-1,Cluster 27,0,49.36
L1-TA-1_LGD-1,nhgnlejg-1,Cluster 19,0,53.19
L1-TA-1_LGD-1,nekapnjk-1,Cluster 12,0,61.28
L1-TA-1_LGD-1,nekfbchi-1,Cluster 12,0,22.04
L1-TA-1_LGD-1,nekfkcin-1,Cluster 2,0,19.78
L1-TA-1_LGD-1,nejjpnkj-1,Cluster 4,0,52.79
L1-TA-1_LGD-1,nhgjkjob-1,Cluster 12,0,79.43
L1-TA-1_LGD-1,bfgphmha-1,Cluster 12,0,52.88
L1-TA-1_LGD-1,nekbagmf-1,Cluster 2,0,36.35
L1-TA-1_LGD-1,nekbcipd-1,Cluster 12,0,92.66
L1-TA-1_LGD-1,nekfjbfd-1,Cluster 3,0,23.53
L1-TA-1_LGD-1,bfgpcefh-1,Cluster 12,0,57.17
L1-TA-1_LGD-1,nejkmebo-1,Cluster 12,0,50.67
L1-TA-1_LGD-1,nejnbchc-1,Cluster 5,0,71.66
L1-TA-1_LGD-1,nejkjmpe-1,Cluster 2,0,30.98
L1-TA-1_LGD-1,nekfglcm-1,Cluster 12,0,34.41
L1-TA-1_LGD-1,nejkjcab-1,Cluster 12,0,78.21
L1-TA-1_LGD-1,nejnadkn-1,Cluster 2,0,64.66
L1-TA-1_LGD-1,nejkhnbj-1,Cluster 12,0,35.36
L1-TA-1_LGD-1,nekfdpee-1,Cluster 4,0,196.25
L1-TA-1_LGD-1,nejknebd-1,Cluster 2,0,32.29
L1-TA-1_LGD-1,nekfjfmi-1,Cluster 12,0,31.70
L1-TA-1_LGD-1,nekfffhm-1,Cluster 4,0,67.10
L1-TA-1_LGD-1,nejklpmi-1,Cluster 12,0,131.18
L1-TA-1_LGD-1,nekfgioi-1,Cluster 12,0,57.39
L1-TA-1_LGD-1,nekfgpfg-1,Cluster 12,0,39.47
L1-TA-1_LGD-1,bfgoppje-1,Cluster 12,0,65.48
L1-TA-1_LGD-1,nekapkic-1,Cluster 12,0,58.07
L1-TA-1_LGD-1,nejnoldg-1,Cluster 4,0,65.52
L1-TA-1_LGD-1,nejngfog-1,Cluster 5,0,41.72
L1-TA-1_LGD-1,bfgpkjpp-1,Cluster 15,0,43.85
L1-TA-1_LGD-1,nhgnnknn-1,Cluster 6,0,24.16
L1-TA-1_LGD-1,nekcmhmb-1,Cluster 6,0,45.74
L1-TA-1_LGD-1,nekbpago-1,Cluster 6,0,60.69
L1-TA-1_LGD-1,nekbhkii-1,Cluster 15,0,82.68
L1-TA-1_LGD-1,naabbghd-1,Cluster 15,0,21.31
L1-TA-1_LGD-1,nekcmdkd-1,Cluster 6,0,44.57
L1-TA-1_LGD-1,nekcjnfm-1,Cluster 15,0,61.86
L1-TA-1_LGD-1,nekcckjl-1,Cluster 10,0,29.17
L1-TA-1_LGD-1,nekbkbge-1,Cluster 16,0,61.32
L1-TA-1_LGD-1,nekcckmd-1,Cluster 12,0,78.75
L1-TA-1_LGD-1,nekcoepd-1,Cluster 19,0,44.61
L1-TA-1_LGD-1,nekclpjl-1,Cluster 12,0,55.59
L1-TA-1_LGD-1,nekcmjek-1,Cluster 1,0,15.08
L1-TA-1_LGD-1,bfgpojom-1,Cluster 12,0,78.08
L1-TA-1_LGD-1,nekcojfb-1,Cluster 6,0,42.09
L1-TA-1_LGD-1,bfgpmalg-1,Cluster 12,0,177.28
L1-TA-1_LGD-1,nekdjkkk-1,Cluster 4,0,83.00
L1-TA-1_LGD-1,nekamlcd-1,Cluster 19,0,27.86
L1-TA-1_LGD-1,bfgpkogj-1,Cluster 12,0,134.79
L1-TA-1_LGD-1,bfhbjono-1,Cluster 4,0,28.09
L1-TA-1_LGD-1,mpppmddo-1,Cluster 2,0,25.15
L1-TA-1_LGD-1,nekbhnhm-1,Cluster 6,0,38.97
L1-TA-1_LGD-1,nekcfbld-1,Cluster 2,0,21.54
L1-TA-1_LGD-1,nekbeeed-1,Cluster 12,0,84.44
L1-TA-1_LGD-1,nekaphdg-1,Cluster 12,0,38.29
L1-TA-1_LGD-1,nekdkkfp-1,Cluster 6,0,57.17
L1-TA-1_LGD-1,nekanbjk-1,Cluster 6,0,16.17
L1-TA-1_LGD-1,bfhcafbl-1,Cluster 12,0,103.32
L1-TA-1_LGD-1,mpppdoep-1,Cluster 1,0,20.91
L1-TA-1_LGD-1,nekapffo-1,Cluster 6,0,35.36
L1-TA-1_LGD-1,nadhenef-1,Cluster 15,0,59.38
L1-TA-1_LGD-1,nekanpgm-1,Cluster 3,0,39.87
L1-TA-1_LGD-1,bfhbockn-1,Cluster 12,0,212.78
L1-TA-1_LGD-1,nhgnoona-1,Cluster 6,0,28.95
L1-TA-1_LGD-1,nekdfodp-1,Cluster 15,0,45.97
L1-TA-1_LGD-1,naabbcla-1,Cluster 3,0,41.00
L1-TA-1_LGD-1,nekddgnf-1,Cluster 15,0,22.85
L1-TA-1_LGD-1,nekdggei-1,Cluster 15,0,60.69
L1-TA-1_LGD-1,naabbpdo-1,Cluster 6,0,93.20
L1-TA-1_LGD-1,nahjbmio-1,Cluster 12,0,81.87
L1-TA-1_LGD-1,bfmmkche-1,Cluster 12,0,95.01
L1-TA-1_LGD-1,nacfdijf-1,Cluster 17,0,59.06
L1-TA-1_LGD-1,bfldpggn-1,Cluster 2,0,65.75
L1-TA-1_LGD-1,nacgkccp-1,Cluster 29,0,42.81
L1-TA-1_LGD-1,nacgklln-1,Cluster 17,0,22.80
L1-TA-1_LGD-1,nacgkoke-1,Cluster 17,0,46.78
L1-TA-1_LGD-1,najdfhdd-1,Cluster 17,0,54.59
L1-TA-1_LGD-1,najdecfm-1,Cluster 17,0,82.91
L1-TA-1_LGD-1,bfgaamda-1,Cluster 4,0,42.40
L1-TA-1_LGD-1,nachdlnd-1,Cluster 6,0,77.22
L1-TA-1_LGD-1,bfkoonnh-1,Cluster 12,0,31.07
L1-TA-1_LGD-1,nacifnbj-1,Cluster 7,0,24.02
L1-TA-1_LGD-1,nachepcf-1,Cluster 4,0,46.56
L1-TA-1_LGD-1,bflblohm-1,Cluster 12,0,40.87
L1-TA-1_LGD-1,bfkphecp-1,Cluster 12,0,38.43
L1-TA-1_LGD-1,bfkpddag-1,Cluster 12,0,42.54
L1-TA-1_LGD-1,nachaain-1,Cluster 4,0,28.36
L1-TA-1_LGD-1,bfgabnie-1,Cluster 12,0,58.88
L1-TA-1_LGD-1,bflojlfe-1,Cluster 4,0,54.28
L1-TA-1_LGD-1,oiebnmde-1,Cluster 14,0,39.02
L1-TA-1_LGD-1,bfldogio-1,Cluster 4,0,54.19
L1-TA-1_LGD-1,bffpplcm-1,Cluster 12,0,42.90
L1-TA-1_LGD-1,bfkpefpm-1,Cluster 12,0,40.87
L1-TA-1_LGD-1,oieboojl-1,Cluster 1,0,74.82
L1-TA-1_LGD-1,nacimnha-1,Cluster 12,0,39.92
L1-TA-1_LGD-1,nacimnjd-1,Cluster 12,0,37.34
L1-TA-1_LGD-1,nachlnbc-1,Cluster 4,0,90.81
L1-TA-1_LGD-1,bfkpenij-1,Cluster 12,0,83.04
L1-TA-1_LGD-1,nacjbkol-1,Cluster 4,0,47.37
L1-TA-1_LGD-1,bfldmiec-1,Cluster 12,0,134.02
L1-TA-1_LGD-1,nachfnef-1,Cluster 17,0,57.35
L1-TA-1_LGD-1,bfldhfnf-1,Cluster 17,0,121.88
L1-TA-1_LGD-1,nachhkgi-1,Cluster 22,0,27.82
L1-TA-1_LGD-1,bfldkbpf-1,Cluster 17,0,39.06
L1-TA-1_LGD-1,nacgmmbl-1,Cluster 6,0,35.36
L1-TA-1_LGD-1,nachginc-1,Cluster 17,0,16.12
L1-TA-1_LGD-1,bfldfffk-1,Cluster 29,0,34.91
L1-TA-1_LGD-1,bfldbiep-1,Cluster 17,0,59.88
L1-TA-1_LGD-1,nacibchc-1,Cluster 17,0,75.55
L1-TA-1_LGD-1,bfldmclh-1,Cluster 17,0,33.42
L1-TA-1_LGD-1,bfldffii-1,Cluster 17,0,38.16
L1-TA-1_LGD-1,bflcdfkf-1,Cluster 17,0,57.98
L1-TA-1_LGD-1,nachijmj-1,Cluster 17,0,71.17
L1-TA-1_LGD-1,nacidpch-1,Cluster 4,0,33.51
L1-TA-1_LGD-1,nacidekc-1,Cluster 12,0,44.89
L1-TA-1_LGD-1,nacfdoli-1,Cluster 17,0,65.34
L1-TA-1_LGD-1,nacfmheo-1,Cluster 17,0,62.68
L1-TA-1_LGD-1,nacflphe-1,Cluster 17,0,45.43
L1-TA-1_LGD-1,oiebnalc-1,Cluster 14,0,76.27
L1-TA-1_LGD-1,nachmmfa-1,Cluster 13,0,60.15
L1-TA-1_LGD-1,nacfcflk-1,Cluster 17,0,109.10
L1-TA-1_LGD-1,nachmcpm-1,Cluster 12,0,96.68
L1-TA-1_LGD-1,nachlbhe-1,Cluster 17,0,60.37
L1-TA-1_LGD-1,bfldhnlb-1,Cluster 17,0,63.08
L1-TA-1_LGD-1,nachpjal-1,Cluster 7,0,39.33
L1-TA-1_LGD-1,naciamhd-1,Cluster 17,0,61.10
L1-TA-1_LGD-1,nacggifc-1,Cluster 17,0,77.49
L1-TA-1_LGD-1,nabnhelg-1,Cluster 4,0,166.58
L1-TA-1_LGD-1,nadbbnmg-1,Cluster 13,0,99.25
L1-TA-1_LGD-1,nadbbanb-1,Cluster 13,0,58.30
L1-TA-1_LGD-1,nadbbffo-1,Cluster 13,0,29.98
L1-TA-1_LGD-1,nadcmoek-1,Cluster 19,0,32.60
L1-TA-1_LGD-1,nadaojnd-1,Cluster 7,0,67.19
L1-TA-1_LGD-1,nacjbnie-1,Cluster 13,0,77.31
L1-TA-1_LGD-1,nacjegol-1,Cluster 7,0,46.10
L1-TA-1_LGD-1,nackhdpi-1,Cluster 10,0,98.08
L1-TA-1_LGD-1,bfmafagb-1,Cluster 17,0,80.56
L1-TA-1_LGD-1,nacndlld-1,Cluster 13,0,54.59
L1-TA-1_LGD-1,nadbmohn-1,Cluster 13,0,87.29
L1-TA-1_LGD-1,nacjmoji-1,Cluster 17,0,123.64
L1-TA-1_LGD-1,nacjgbjd-1,Cluster 20,0,19.91
L1-TA-1_LGD-1,nacklfcp-1,Cluster 13,0,45.52
L1-TA-1_LGD-1,nackpifb-1,Cluster 13,0,25.02
L1-TA-1_LGD-1,bfmaainj-1,Cluster 13,0,43.80
L1-TA-1_LGD-1,nackodfo-1,Cluster 7,0,22.13
L1-TA-1_LGD-1,nacklmem-1,Cluster 3,0,64.12
L1-TA-1_LGD-1,naclhjio-1,Cluster 4,0,19.19
L1-TA-1_LGD-1,nackdaof-1,Cluster 6,0,40.55
L1-TA-1_LGD-1,nackkmkh-1,Cluster 3,0,71.21
L1-TA-1_LGD-1,najdjcif-1,Cluster 4,0,69.18
L1-TA-1_LGD-1,nackijge-1,Cluster 12,0,117.72
L1-TA-1_LGD-1,nackhlpb-1,Cluster 6,0,22.71
L1-TA-1_LGD-1,nacjaneb-1,Cluster 12,0,40.91
L1-TA-1_LGD-1,bflpihfn-1,Cluster 12,0,147.07
L1-TA-1_LGD-1,najdjjok-1,Cluster 12,0,122.55
L1-TA-1_LGD-1,bfgafkfn-1,Cluster 4,0,111.31
L1-TA-1_LGD-1,bfgadjgj-1,Cluster 12,0,160.89
L1-TA-1_LGD-1,bflpjjbk-1,Cluster 12,0,93.29
L1-TA-1_LGD-1,oiehhapb-1,Cluster 14,0,181.66
L1-TA-1_LGD-1,bfmaiaik-1,Cluster 23,0,107.11
L1-TA-1_LGD-1,nacinibd-1,Cluster 4,0,109.19
L1-TA-1_LGD-1,oiehghla-1,Cluster 14,0,118.17
L1-TA-1_LGD-1,bflpomgi-1,Cluster 4,0,91.40
L1-TA-1_LGD-1,bflpagcl-1,Cluster 12,0,141.75
L1-TA-1_LGD-1,nadfejpd-1,Cluster 12,0,100.97
L1-TA-1_LGD-1,bfmalebn-1,Cluster 12,0,94.02
L1-TA-1_LGD-1,nadfgloc-1,Cluster 6,0,10.75
L1-TA-1_LGD-1,bflohllg-1,Cluster 12,0,142.87
L1-TA-1_LGD-1,bflohcig-1,Cluster 12,0,130.14
L1-TA-1_LGD-1,bflnpjhb-1,Cluster 12,0,39.15
L1-TA-1_LGD-1,bfmallac-1,Cluster 12,0,67.01
L1-TA-1_LGD-1,bfmamjof-1,Cluster 12,0,70.53
L1-TA-1_LGD-1,nadelpib-1,Cluster 12,0,43.58
L1-TA-1_LGD-1,bflnpfam-1,Cluster 12,0,121.15
L1-TA-1_LGD-1,nademjnm-1,Cluster 5,0,33.01
L1-TA-1_LGD-1,nadefihj-1,Cluster 12,0,65.57
L1-TA-1_LGD-1,nabngbcn-1,Cluster 12,0,166.04
L1-TA-1_LGD-1,bfloaicd-1,Cluster 5,0,62.86
L1-TA-1_LGD-1,nabnklbn-1,Cluster 12,0,88.91
L1-TA-1_LGD-1,nadeemhn-1,Cluster 3,0,22.67
L1-TA-1_LGD-1,nadelddo-1,Cluster 12,0,99.98
L1-TA-1_LGD-1,nadefknp-1,Cluster 4,0,22.22
L1-TA-1_LGD-1,nadeleek-1,Cluster 23,0,92.12
L1-TA-1_LGD-1,nademidn-1,Cluster 2,0,48.27
L1-TA-1_LGD-1,bfloeica-1,Cluster 12,0,113.34
L1-TA-1_LGD-1,nadfefgn-1,Cluster 12,0,130.28
L1-TA-1_LGD-1,nabnppil-1,Cluster 12,0,69.54
L1-TA-1_LGD-1,naboibmj-1,Cluster 12,0,53.69
L1-TA-1_LGD-1,nabnmhfc-1,Cluster 12,0,67.33
L1-TA-1_LGD-1,naboflla-1,Cluster 12,0,82.68
L1-TA-1_LGD-1,nacjbnhh-1,Cluster 9,0,29.22
L1-TA-1_LGD-1,nackbenf-1,Cluster 3,0,37.12
L1-TA-1_LGD-1,nacjndii-1,Cluster 12,0,76.54
L1-TA-1_LGD-1,nadalpff-1,Cluster 7,0,23.80
L1-TA-1_LGD-1,nacjnidl-1,Cluster 12,0,68.64
L1-TA-1_LGD-1,nabnmdme-1,Cluster 10,0,43.49
L1-TA-1_LGD-1,nadbfkik-1,Cluster 13,0,53.42
L1-TA-1_LGD-1,nadbhlgk-1,Cluster 9,0,23.21
L1-TA-1_LGD-1,nacmenlb-1,Cluster 16,0,57.35
L1-TA-1_LGD-1,bfmodgdj-1,Cluster 15,0,60.64
L1-TA-1_LGD-1,nacllkgm-1,Cluster 7,0,16.80
L1-TA-1_LGD-1,nacocgbg-1,Cluster 16,0,26.37
L1-TA-1_LGD-1,naclmakd-1,Cluster 17,0,29.80
L1-TA-1_LGD-1,nacobclp-1,Cluster 16,0,11.65
L1-TA-1_LGD-1,naclngji-1,Cluster 15,0,26.46
L1-TA-1_LGD-1,nacmokhi-1,Cluster 15,0,28.90
L1-TA-1_LGD-1,nacmeama-1,Cluster 6,0,81.64
L1-TA-1_LGD-1,naclnkob-1,Cluster 16,0,14.00
L1-TA-1_LGD-1,nacljlpk-1,Cluster 4,0,37.84
L1-TA-1_LGD-1,bflpenlp-1,Cluster 12,0,45.34
L1-TA-1_LGD-1,nacnbagm-1,Cluster 4,0,77.49
L1-TA-1_LGD-1,nacncjif-1,Cluster 1,0,70.13
L1-TA-1_LGD-1,najdolmh-1,Cluster 27,0,66.56
L1-TA-1_LGD-1,naclhpia-1,Cluster 3,0,40.41
L1-TA-1_LGD-1,nacfpokm-1,Cluster 13,0,40.73
L1-TA-1_LGD-1,nacgeifl-1,Cluster 9,0,23.21
L1-TA-1_LGD-1,nacljock-1,Cluster 9,0,12.06
L1-TA-1_LGD-1,naclfdfd-1,Cluster 12,0,90.18
L1-TA-1_LGD-1,najdjoea-1,Cluster 12,0,70.81
L1-TA-1_LGD-1,nacnfkeo-1,Cluster 24,0,35.22
L1-TA-1_LGD-1,bfmnpdgk-1,Cluster 7,0,45.56
L1-TA-1_LGD-1,nacnmble-1,Cluster 3,0,36.62
L1-TA-1_LGD-1,bflppelp-1,Cluster 4,0,61.55
L1-TA-1_LGD-1,bflpggig-1,Cluster 12,0,60.64
L1-TA-1_LGD-1,bflpbpaf-1,Cluster 4,0,88.69
L1-TA-1_LGD-1,nacfihkl-1,Cluster 12,0,174.85
L1-TA-1_LGD-1,nacfnclb-1,Cluster 17,0,33.10
L1-TA-1_LGD-1,nacgemaj-1,Cluster 17,0,95.51
L1-TA-1_LGD-1,bfmnpjne-1,Cluster 17,0,56.76
L1-TA-1_LGD-1,nacfgdkl-1,Cluster 17,0,75.37
L1-TA-1_LGD-1,nacfemnd-1,Cluster 17,0,32.51
L1-TA-1_LGD-1,nacfbpon-1,Cluster 17,0,102.41
L1-TA-1_LGD-1,nacfhgnc-1,Cluster 4,0,283.85
L1-TA-1_LGD-1,nacpkacf-1,Cluster 10,0,60.51
L1-TA-1_LGD-1,nacpgggd-1,Cluster 6,0,37.39
L1-TA-1_LGD-1,nacomeij-1,Cluster 10,0,33.64
L1-TA-1_LGD-1,bfmbdbaf-1,Cluster 12,0,88.46
L1-TA-1_LGD-1,naaindnh-1,Cluster 5,0,131.27
L1-TA-1_LGD-1,bfmbdnpo-1,Cluster 12,0,108.74
L1-TA-1_LGD-1,bfmmioln-1,Cluster 12,0,79.97
L1-TA-1_LGD-1,nacomhlm-1,Cluster 6,0,36.62
L1-TA-1_LGD-1,nadcbnnc-1,Cluster 19,0,18.29
L1-TA-1_LGD-1,nacomgob-1,Cluster 10,0,72.79
L1-TA-1_LGD-1,naafobeh-1,Cluster 4,0,104.40
L1-TA-1_LGD-1,naahifio-1,Cluster 7,0,16.08
L1-TA-1_LGD-1,nadcffcd-1,Cluster 19,0,37.48
L1-TA-1_LGD-1,bfmappjp-1,Cluster 12,0,183.88
L1-TA-1_LGD-1,bfmaocio-1,Cluster 23,0,59.06
L1-TA-1_LGD-1,naahgoek-1,Cluster 7,0,19.64
L1-TA-1_LGD-1,naahcega-1,Cluster 19,0,20.73
L1-TA-1_LGD-1,bfmmmbko-1,Cluster 12,0,126.62
L1-TA-1_LGD-1,naagjnej-1,Cluster 12,0,36.17
L1-TA-1_LGD-1,bfmapkbo-1,Cluster 15,0,43.89
L1-TA-1_LGD-1,nadagjla-1,Cluster 13,0,64.08
L1-TA-1_LGD-1,nadabekn-1,Cluster 10,0,76.45
L1-TA-1_LGD-1,nadaaebi-1,Cluster 6,0,21.81
L1-TA-1_LGD-1,nadahiaa-1,Cluster 13,0,67.19
L1-TA-1_LGD-1,nacpddoh-1,Cluster 9,0,20.37
L1-TA-1_LGD-1,nadagdjp-1,Cluster 9,0,16.12
L1-TA-1_LGD-1,nacpgani-1,Cluster 10,0,52.02
L1-TA-1_LGD-1,nacpkgbh-1,Cluster 10,0,52.02
L1-TA-1_LGD-1,nadahpho-1,Cluster 13,0,72.30
L1-TA-1_LGD-1,naclagie-1,Cluster 3,0,31.52
L1-TA-1_LGD-1,nadahdnh-1,Cluster 13,0,34.82
L1-TA-1_LGD-1,naclcgaa-1,Cluster 10,0,38.74
L1-TA-1_LGD-1,naclakfk-1,Cluster 3,0,65.25
L1-TA-1_LGD-1,naclknjk-1,Cluster 7,0,25.96
L1-TA-1_LGD-1,najaimco-1,Cluster 6,0,204.51
L1-TA-1_LGD-1,najcfmln-1,Cluster 19,0,48.45
L1-TA-1_LGD-1,najbegpm-1,Cluster 17,0,53.51
L1-TA-1_LGD-1,najbmbgh-1,Cluster 17,0,133.26
L1-TA-1_LGD-1,najbgeik-1,Cluster 17,0,95.46
L1-TA-1_LGD-1,najbiklm-1,Cluster 17,0,15.26
L1-TA-1_LGD-1,najbcljn-1,Cluster 17,0,93.16
L1-TA-1_LGD-1,najbjgcn-1,Cluster 17,0,82.27
L1-TA-1_LGD-1,naiomgnn-1,Cluster 20,0,111.76
L1-TA-1_LGD-1,naipeinc-1,Cluster 17,0,66.61
L1-TA-1_LGD-1,oiegpnhc-1,Cluster 14,0,12.46
L1-TA-1_LGD-1,naipcoko-1,Cluster 6,0,30.62
L1-TA-1_LGD-1,naipgegm-1,Cluster 17,0,71.17
L1-TA-1_LGD-1,oiehcaam-1,Cluster 14,0,22.85
L1-TA-1_LGD-1,najciine-1,Cluster 6,0,35.54
L1-TA-1_LGD-1,najabmlb-1,Cluster 19,0,21.31
L1-TA-1_LGD-1,nacnnhfn-1,Cluster 3,0,16.08
L1-TA-1_LGD-1,najajeha-1,Cluster 10,0,45.11
L1-TA-1_LGD-1,naiophdk-1,Cluster 20,0,41.05
L1-TA-1_LGD-1,najedpbk-1,Cluster 3,0,53.78
L1-TA-1_LGD-1,najcobdn-1,Cluster 19,0,40.69
L1-TA-1_LGD-1,najcenjf-1,Cluster 19,0,23.03
L1-TA-1_LGD-1,najcaijo-1,Cluster 6,0,39.69
L1-TA-1_LGD-1,nacnjkjb-1,Cluster 9,0,20.73
L1-TA-1_LGD-1,najdlccm-1,Cluster 7,0,24.20
L1-TA-1_LGD-1,oiehbgbd-1,Cluster 22,0,50.62
L1-TA-1_LGD-1,najcbnhb-1,Cluster 3,0,41.05
L1-TA-1_LGD-1,nacnhmpj-1,Cluster 9,0,39.87
L1-TA-1_LGD-1,najcockc-1,Cluster 14,0,9.35
L1-TA-1_LGD-1,najcbbpf-1,Cluster 17,0,137.64
L1-TA-1_LGD-1,najdabaa-1,Cluster 17,0,57.85
L1-TA-1_LGD-1,naipghai-1,Cluster 17,0,112.85
L1-TA-1_LGD-1,najefcfc-1,Cluster 3,0,77.22
L1-TA-1_LGD-1,nacgcjdb-1,Cluster 17,0,54.73
L1-TA-1_LGD-1,najeccdd-1,Cluster 17,0,73.56
L1-TA-1_LGD-1,nacggbcb-1,Cluster 9,0,17.79
L1-TA-1_LGD-1,najdndbm-1,Cluster 7,0,36.31
L1-TA-1_LGD-1,naipahpd-1,Cluster 20,0,72.25
L1-TA-1_LGD-1,najeeche-1,Cluster 7,0,34.82
L1-TA-1_LGD-1,najallmb-1,Cluster 6,0,19.46
L1-TA-1_LGD-1,najbbjdc-1,Cluster 17,0,56.67
L1-TA-1_LGD-1,nacfdbpe-1,Cluster 17,0,56.54
L1-TA-1_LGD-1,najcijhh-1,Cluster 6,0,114.20
L1-TA-1_LGD-1,bfncpbbf-1,Cluster 12,0,45.43
L1-TA-1_LGD-1,bfncmloj-1,Cluster 12,0,61.19
L1-TA-1_LGD-1,naiohbin-1,Cluster 12,0,35.67
L1-TA-1_LGD-1,naincidc-1,Cluster 12,0,12.73
L1-TA-1_LGD-1,nainegin-1,Cluster 4,0,40.91
L1-TA-1_LGD-1,naimcpda-1,Cluster 12,0,54.23
L1-TA-1_LGD-1,bfnckjio-1,Cluster 4,0,68.55
L1-TA-1_LGD-1,naimcbon-1,Cluster 12,0,22.08
L1-TA-1_LGD-1,nainhepm-1,Cluster 24,0,56.67
L1-TA-1_LGD-1,naineenh-1,Cluster 29,0,41.91
L1-TA-1_LGD-1,najalohl-1,Cluster 3,0,88.10
L1-TA-1_LGD-1,naimfamo-1,Cluster 4,0,58.16
L1-TA-1_LGD-1,nailmfhk-1,Cluster 2,0,43.08
L1-TA-1_LGD-1,nainhagh-1,Cluster 4,0,59.25
L1-TA-1_LGD-1,najakjkl-1,Cluster 15,0,40.01
L1-TA-1_LGD-1,oiegnmdm-1,Cluster 14,0,15.04
L1-TA-1_LGD-1,nainickf-1,Cluster 4,0,191.51
L1-TA-1_LGD-1,bfncghci-1,Cluster 17,0,37.98
L1-TA-1_LGD-1,bfnccmhl-1,Cluster 17,0,25.20
L1-TA-1_LGD-1,bfndbbgb-1,Cluster 17,0,110.99
L1-TA-1_LGD-1,bfndalgh-1,Cluster 17,0,31.43
L1-TA-1_LGD-1,bfncpobk-1,Cluster 17,0,43.35
L1-TA-1_LGD-1,nainihac-1,Cluster 13,0,92.25
L1-TA-1_LGD-1,naimonhn-1,Cluster 12,0,140.26
L1-TA-1_LGD-1,bfnbpjcb-1,Cluster 17,0,115.92
L1-TA-1_LGD-1,nainblff-1,Cluster 7,0,11.20
L1-TA-1_LGD-1,naimlffg-1,Cluster 17,0,91.58
L1-TA-1_LGD-1,naimfjgc-1,Cluster 4,0,19.69
L1-TA-1_LGD-1,naimikpg-1,Cluster 4,0,79.88
L1-TA-1_LGD-1,nainiaif-1,Cluster 7,0,23.12
L1-TA-1_LGD-1,naimpppb-1,Cluster 17,0,29.67
L1-TA-1_LGD-1,oiegopmg-1,Cluster 14,0,8.76
L1-TA-1_LGD-1,najbomdl-1,Cluster 17,0,40.73
L1-TA-1_LGD-1,bfncbimo-1,Cluster 17,0,72.84
L1-TA-1_LGD-1,bfmlmhgm-1,Cluster 12,0,69.04
L1-TA-1_LGD-1,najaegio-1,Cluster 6,0,30.03
L1-TA-1_LGD-1,naiplfll-1,Cluster 19,0,55.54
L1-TA-1_LGD-1,naipnnci-1,Cluster 6,0,24.84
L1-TA-1_LGD-1,bfmnjnok-1,Cluster 15,0,53.01
L1-TA-1_LGD-1,najahfop-1,Cluster 27,0,76.09
L1-TA-1_LGD-1,najjbhgo-1,Cluster 12,0,53.19
L1-TA-1_LGD-1,najjedha-1,Cluster 12,0,115.33
L1-TA-1_LGD-1,najjdiie-1,Cluster 12,0,36.80
L1-TA-1_LGD-1,bfnbkjah-1,Cluster 12,0,38.07
L1-TA-1_LGD-1,najipcdl-1,Cluster 12,0,20.55
L1-TA-1_LGD-1,bfmlnbad-1,Cluster 12,0,56.81
L1-TA-1_LGD-1,najinibk-1,Cluster 4,0,56.58
L1-TA-1_LGD-1,najikflj-1,Cluster 12,0,27.82
L1-TA-1_LGD-1,bfmllcgj-1,Cluster 4,0,40.37
L1-TA-1_LGD-1,najidmpm-1,Cluster 12,0,43.71
L1-TA-1_LGD-1,bfndeand-1,Cluster 12,0,43.67
L1-TA-1_LGD-1,bfndjcfo-1,Cluster 12,0,39.69
L1-TA-1_LGD-1,bfnbohaa-1,Cluster 12,0,33.46
L1-TA-1_LGD-1,najcaabk-1,Cluster 6,0,52.20
L1-TA-1_LGD-1,naipmmkg-1,Cluster 20,0,28.81
L1-TA-1_LGD-1,naipnmhg-1,Cluster 6,0,43.89
L1-TA-1_LGD-1,bfndeonf-1,Cluster 12,0,70.26
L1-TA-1_LGD-1,najicjml-1,Cluster 12,0,78.93
L1-TA-1_LGD-1,bfndhhck-1,Cluster 2,0,49.49
L1-TA-1_LGD-1,bfnebpkb-1,Cluster 12,0,42.00
L1-TA-1_LGD-1,bfncimpn-1,Cluster 12,0,95.05
L1-TA-1_LGD-1,bfndpcib-1,Cluster 12,0,49.85
L1-TA-1_LGD-1,naiohkad-1,Cluster 4,0,26.87
L1-TA-1_LGD-1,bfndkjkm-1,Cluster 12,0,54.96
L1-TA-1_LGD-1,najcagei-1,Cluster 19,0,47.64
L1-TA-1_LGD-1,naioljfc-1,Cluster 12,0,45.74
L1-TA-1_LGD-1,najcniag-1,Cluster 4,0,32.96
L1-TA-1_LGD-1,bfndkndo-1,Cluster 12,0,39.65
L1-TA-1_LGD-1,mplbafno-1,Cluster 15,0,28.27
L1-TA-1_LGD-1,naahkpfi-1,Cluster 12,0,176.38
L1-TA-1_LGD-1,naahjbkj-1,Cluster 12,0,98.98
L1-TA-1_LGD-1,naagolde-1,Cluster 12,0,68.59
L1-TA-1_LGD-1,najegcoh-1,Cluster 12,0,129.10
L1-TA-1_LGD-1,nacoofml-1,Cluster 12,0,74.82
L1-TA-1_LGD-1,bfmnplkh-1,Cluster 4,0,49.72
L1-TA-1_LGD-1,bfmoakkl-1,Cluster 12,0,110.59
L1-TA-1_LGD-1,nacpbafi-1,Cluster 12,0,70.08
L1-TA-1_LGD-1,bfmodepj-1,Cluster 12,0,202.30
L1-TA-1_LGD-1,najhaiam-1,Cluster 12,0,38.61
L1-TA-1_LGD-1,najgibhj-1,Cluster 4,0,102.60
L1-TA-1_LGD-1,nadaebnk-1,Cluster 12,0,79.43
L1-TA-1_LGD-1,nadafnpk-1,Cluster 12,0,119.48
L1-TA-1_LGD-1,nacpcjmj-1,Cluster 12,0,126.93
L1-TA-1_LGD-1,nacpbabe-1,Cluster 6,0,25.65
L1-TA-1_LGD-1,nacnongo-1,Cluster 15,0,38.92
L1-TA-1_LGD-1,najgjknm-1,Cluster 4,0,84.26
L1-TA-1_LGD-1,najehpdi-1,Cluster 16,0,18.79
L1-TA-1_LGD-1,oiehmgfj-1,Cluster 14,0,11.70
L1-TA-1_LGD-1,najdjcen-1,Cluster 3,0,53.87
L1-TA-1_LGD-1,najehond-1,Cluster 3,0,18.56
L1-TA-1_LGD-1,najeknmh-1,Cluster 3,0,20.37
L1-TA-1_LGD-1,najehimn-1,Cluster 6,0,68.68
L1-TA-1_LGD-1,najdhmof-1,Cluster 9,0,26.91
L1-TA-1_LGD-1,najeneom-1,Cluster 16,0,49.18
L1-TA-1_LGD-1,oieiaddp-1,Cluster 14,0,17.20
L1-TA-1_LGD-1,najhblhh-1,Cluster 12,0,111.08
L1-TA-1_LGD-1,naiolnnk-1,Cluster 6,0,90.27
L1-TA-1_LGD-1,najdghba-1,Cluster 19,0,33.64
L1-TA-1_LGD-1,nacohbhe-1,Cluster 6,0,37.80
L1-TA-1_LGD-1,nacolofp-1,Cluster 3,0,47.87
L1-TA-1_LGD-1,najenfjj-1,Cluster 15,0,47.37
L1-TA-1_LGD-1,naclecjk-1,Cluster 10,0,55.50
L1-TA-1_LGD-1,najgpejn-1,Cluster 4,0,65.84
L1-TA-1_LGD-1,najhbcgo-1,Cluster 6,0,104.72
L1-TA-1_LGD-1,bfmmbekc-1,Cluster 12,0,67.69
L1-TA-1_LGD-1,naaijmab-1,Cluster 12,0,57.26
L1-TA-1_LGD-1,naailllb-1,Cluster 12,0,41.59
L1-TA-1_LGD-1,bfmmgcfb-1,Cluster 12,0,81.82
L1-TA-1_LGD-1,bfmmfade-1,Cluster 12,0,97.36
L1-TA-1_LGD-1,bfmmcinp-1,Cluster 12,0,46.74
L1-TA-1_LGD-1,bfmlogip-1,Cluster 12,0,74.10
L1-TA-1_LGD-1,mpkpicpl-1,Cluster 12,0,57.57
L1-TA-1_LGD-1,naajbfcn-1,Cluster 10,0,72.75
L1-TA-1_LGD-1,mplbalka-1,Cluster 14,0,17.61
L1-TA-1_LGD-1,mplbakpk-1,Cluster 10,0,34.45
L1-TA-1_LGD-1,mplailbp-1,Cluster 10,0,20.37
L1-TA-1_LGD-1,naaiioeg-1,Cluster 12,0,48.95
L1-TA-1_LGD-1,mpkpgpcc-1,Cluster 12,0,74.87
L1-TA-1_LGD-1,naaipojg-1,Cluster 12,0,47.64
L1-TA-1_LGD-1,bfmmgfcj-1,Cluster 12,0,67.33
L1-TA-1_LGD-1,naajagkn-1,Cluster 3,0,40.82
L1-TA-1_LGD-1,naajaheg-1,Cluster 12,0,131.31
L1-TA-1_LGD-1,naaiekdo-1,Cluster 12,0,18.88
L1-TA-1_LGD-1,bfmmnimi-1,Cluster 12,0,86.07
L1-TA-1_LGD-1,mpkphnlp-1,Cluster 12,0,68.86
L1-TA-1_LGD-1,mplbdifh-1,Cluster 6,0,35.04
L1-TA-1_LGD-1,naaifain-1,Cluster 4,0,27.05
L1-TA-1_LGD-1,bfmnbanl-1,Cluster 12,0,87.74
L1-TA-1_LGD-1,bfmnbfmn-1,Cluster 12,0,85.48
L1-TA-1_LGD-1,bfmoeneg-1,Cluster 12,0,94.47
L1-TA-1_LGD-1,bfmoflhj-1,Cluster 12,0,50.53
L1-TA-1_LGD-1,naaicnhi-1,Cluster 12,0,67.51
L1-TA-1_LGD-1,bfmodhgn-1,Cluster 12,0,69.59
L1-TA-1_LGD-1,naaickbo-1,Cluster 4,0,39.74
L1-TA-1_LGD-1,mpkpjoam-1,Cluster 4,0,30.12
L1-TA-1_LGD-1,bfmofgpo-1,Cluster 12,0,105.21
L1-TA-1_LGD-1,naahnbdh-1,Cluster 12,0,67.24
L1-TA-1_LGD-1,naagndpa-1,Cluster 4,0,32.83
L1-TA-1_LGD-1,oidnchpg-1,Cluster 7,0,33.10
L1-TA-1_LGD-1,nahflmmk-1,Cluster 12,0,37.80
L1-TA-1_LGD-1,naigmlih-1,Cluster 1,0,15.58
L1-TA-1_LGD-1,naigfgbi-1,Cluster 3,0,77.80
L1-TA-1_LGD-1,naiiemko-1,Cluster 3,0,30.39
L1-TA-1_LGD-1,bfmnkobi-1,Cluster 12,0,101.47
L1-TA-1_LGD-1,bfmndelb-1,Cluster 12,0,95.42
L1-TA-1_LGD-1,nahgabnf-1,Cluster 4,0,53.65
L1-TA-1_LGD-1,naihlcgo-1,Cluster 4,0,19.10
L1-TA-1_LGD-1,bfmomekg-1,Cluster 12,0,151.14
L1-TA-1_LGD-1,oiegcndn-1,Cluster 9,0,14.90
L1-TA-1_LGD-1,bfmoohkl-1,Cluster 12,0,214.00
L1-TA-1_LGD-1,oiegkpem-1,Cluster 9,0,11.15
L1-TA-1_LGD-1,naiiboji-1,Cluster 6,0,44.25
L1-TA-1_LGD-1,naigigjk-1,Cluster 10,0,43.26
L1-TA-1_LGD-1,najeojpe-1,Cluster 6,0,32.78
L1-TA-1_LGD-1,naihkklc-1,Cluster 3,0,27.27
L1-TA-1_LGD-1,najhcmfh-1,Cluster 4,0,60.96
L1-TA-1_LGD-1,naigllji-1,Cluster 10,0,30.35
L1-TA-1_LGD-1,najhcpnh-1,Cluster 12,0,92.53
L1-TA-1_LGD-1,najhenpp-1,Cluster 12,0,103.18
L1-TA-1_LGD-1,naiheaii-1,Cluster 3,0,67.55
L1-TA-1_LGD-1,naiiimcg-1,Cluster 9,0,25.06
L1-TA-1_LGD-1,najjahlk-1,Cluster 4,0,138.22
L1-TA-1_LGD-1,naihfmdi-1,Cluster 6,0,53.37
L1-TA-1_LGD-1,najihjnh-1,Cluster 12,0,52.88
L1-TA-1_LGD-1,najgejfl-1,Cluster 4,0,20.23
L1-TA-1_LGD-1,naihbkkl-1,Cluster 6,0,48.59
L1-TA-1_LGD-1,najflhbj-1,Cluster 15,0,42.99
L1-TA-1_LGD-1,naihccjp-1,Cluster 3,0,69.99
L1-TA-1_LGD-1,naihbacn-1,Cluster 16,0,58.66
L1-TA-1_LGD-1,najfndnl-1,Cluster 3,0,21.04
L1-TA-1_LGD-1,najfgckh-1,Cluster 6,0,40.51
L1-TA-1_LGD-1,najfjojd-1,Cluster 6,0,111.63
L1-TA-1_LGD-1,naihfjnp-1,Cluster 6,0,33.91
L1-TA-1_LGD-1,mplbneoh-1,Cluster 3,0,35.99
L1-TA-1_LGD-1,mplaikha-1,Cluster 10,0,43.12
L1-TA-1_LGD-1,nahgghko-1,Cluster 12,0,108.74
L1-TA-1_LGD-1,mpladidg-1,Cluster 10,0,45.92
L1-TA-1_LGD-1,mplcanpb-1,Cluster 7,0,27.36
L1-TA-1_LGD-1,mplaamfi-1,Cluster 12,0,101.60
L1-TA-1_LGD-1,mplbnooj-1,Cluster 6,0,9.17
L1-TA-1_LGD-1,mpkplpie-1,Cluster 27,0,39.29
L1-TA-1_LGD-1,mplaammc-1,Cluster 12,0,46.29
L1-TA-1_LGD-1,mpladapi-1,Cluster 12,0,29.08
L1-TA-1_LGD-1,mplblkjc-1,Cluster 12,0,81.73
L1-TA-1_LGD-1,mplbeiom-1,Cluster 12,0,63.17
L1-TA-1_LGD-1,nahkpmpd-1,Cluster 12,0,65.66
L1-TA-1_LGD-1,oidndccc-1,Cluster 6,0,18.97
L1-TA-1_LGD-1,mplbpcge-1,Cluster 6,0,19.28
L1-TA-1_LGD-1,nahkloba-1,Cluster 12,0,94.06
L1-TA-1_LGD-1,bfnfmieb-1,Cluster 12,0,50.39
L1-TA-1_LGD-1,oidnelml-1,Cluster 19,0,27.00
L1-TA-1_LGD-1,mplbpgkm-1,Cluster 10,0,51.34
L1-TA-1_LGD-1,mplblmbi-1,Cluster 12,0,39.92
L1-TA-1_LGD-1,mplabnpm-1,Cluster 12,0,68.05
L1-TA-1_LGD-1,bfnfllmi-1,Cluster 5,0,97.63
L1-TA-1_LGD-1,mpkphgnf-1,Cluster 12,0,43.98
L1-TA-1_LGD-1,bfnfokng-1,Cluster 12,0,137.46
L1-TA-1_LGD-1,bfnfmbjk-1,Cluster 12,0,75.50
L1-TA-1_LGD-1,mpkpioif-1,Cluster 4,0,61.86
L1-TA-1_LGD-1,bfngfdpn-1,Cluster 12,0,186.00
L1-TA-1_LGD-1,mpkpkhdd-1,Cluster 12,0,53.28
L1-TA-1_LGD-1,bfmohood-1,Cluster 12,0,47.28
L1-TA-1_LGD-1,bfmoicem-1,Cluster 12,0,142.47
L1-TA-1_LGD-1,bfngedfd-1,Cluster 12,0,73.65
L1-TA-1_LGD-1,bfmoimgb-1,Cluster 12,0,188.57
L1-TA-1_LGD-1,oidnclof-1,Cluster 6,0,48.27
L1-TA-1_LGD-1,bfmojggc-1,Cluster 12,0,71.26
L1-TA-1_LGD-1,nakbojdi-1,Cluster 6,0,52.74
L1-TA-1_LGD-1,naiihkcf-1,Cluster 15,0,49.13
L1-TA-1_LGD-1,najhhcom-1,Cluster 6,0,93.16
L1-TA-1_LGD-1,naikbmfk-1,Cluster 12,0,37.12
L1-TA-1_LGD-1,bfnelgec-1,Cluster 4,0,31.93
L1-TA-1_LGD-1,bfnbbahj-1,Cluster 12,0,34.82
L1-TA-1_LGD-1,bfneeaee-1,Cluster 4,0,40.10
L1-TA-1_LGD-1,bfnemdop-1,Cluster 4,0,32.24
L1-TA-1_LGD-1,bfneknhe-1,Cluster 2,0,44.21
L1-TA-1_LGD-1,bfnekdge-1,Cluster 12,0,49.63
L1-TA-1_LGD-1,naijpcaa-1,Cluster 25,0,39.29
L1-TA-1_LGD-1,bfnekfom-1,Cluster 12,0,53.74
L1-TA-1_LGD-1,bfnepjgl-1,Cluster 4,0,46.15
L1-TA-1_LGD-1,bfnbdgji-1,Cluster 12,0,35.90
L1-TA-1_LGD-1,bfnbbheb-1,Cluster 12,0,38.79
L1-TA-1_LGD-1,bfnekehj-1,Cluster 12,0,43.49
L1-TA-1_LGD-1,naijnlei-1,Cluster 15,0,48.54
L1-TA-1_LGD-1,nailaphi-1,Cluster 15,0,51.70
L1-TA-1_LGD-1,naiodcdo-1,Cluster 12,0,33.96
L1-TA-1_LGD-1,bfnbjbge-1,Cluster 12,0,43.40
L1-TA-1_LGD-1,naiobhod-1,Cluster 12,0,31.74
L1-TA-1_LGD-1,nainppic-1,Cluster 6,0,55.09
L1-TA-1_LGD-1,naiklnan-1,Cluster 25,0,50.85
L1-TA-1_LGD-1,nailfhia-1,Cluster 17,0,74.73
L1-TA-1_LGD-1,naillgae-1,Cluster 12,0,38.52
L1-TA-1_LGD-1,naimfanp-1,Cluster 12,0,66.88
L1-TA-1_LGD-1,bfnbbhbe-1,Cluster 12,0,44.98
L1-TA-1_LGD-1,bfnbikie-1,Cluster 12,0,38.20
L1-TA-1_LGD-1,nailldln-1,Cluster 17,0,97.63
L1-TA-1_LGD-1,bfnbhddj-1,Cluster 17,0,80.60
L1-TA-1_LGD-1,nainojhl-1,Cluster 7,0,30.80
L1-TA-1_LGD-1,nainmjcl-1,Cluster 4,0,132.49
L1-TA-1_LGD-1,bfnbglme-1,Cluster 17,0,48.23
L1-TA-1_LGD-1,bfnbibbf-1,Cluster 17,0,80.60
L1-TA-1_LGD-1,nailjfae-1,Cluster 4,0,105.58
L1-TA-1_LGD-1,bfnbhonc-1,Cluster 17,0,102.32
L1-TA-1_LGD-1,bfnbfldl-1,Cluster 17,0,35.94
L1-TA-1_LGD-1,nainhkfm-1,Cluster 12,0,100.20
L1-TA-1_LGD-1,nainjalc-1,Cluster 4,0,56.72
L1-TA-1_LGD-1,naiimjpj-1,Cluster 6,0,71.08
L1-TA-1_LGD-1,naiffdjj-1,Cluster 6,0,31.07
L1-TA-1_LGD-1,naifjapc-1,Cluster 6,0,40.32
L1-TA-1_LGD-1,najijdbm-1,Cluster 4,0,76.22
L1-TA-1_LGD-1,najiache-1,Cluster 3,0,44.34
L1-TA-1_LGD-1,naiilkfa-1,Cluster 6,0,69.90
L1-TA-1_LGD-1,naifjinc-1,Cluster 4,0,23.89
L1-TA-1_LGD-1,najicekk-1,Cluster 6,0,43.67
L1-TA-1_LGD-1,najhooof-1,Cluster 19,0,81.73
L1-TA-1_LGD-1,naifjifo-1,Cluster 3,0,49.81
L1-TA-1_LGD-1,oieicchi-1,Cluster 14,0,21.22
L1-TA-1_LGD-1,najiecij-1,Cluster 12,0,37.12
L1-TA-1_LGD-1,bfmlldhk-1,Cluster 12,0,54.77
L1-TA-1_LGD-1,bfmlmckm-1,Cluster 4,0,22.94
L1-TA-1_LGD-1,najihkpc-1,Cluster 12,0,22.67
L1-TA-1_LGD-1,bfmpjipb-1,Cluster 4,0,23.48
L1-TA-1_LGD-1,bfmpmmnd-1,Cluster 12,0,60.92
L1-TA-1_LGD-1,bfmljcac-1,Cluster 4,0,35.58
L1-TA-1_LGD-1,bfmopfee-1,Cluster 12,0,31.29
L1-TA-1_LGD-1,bfmpcfoe-1,Cluster 12,0,61.14
L1-TA-1_LGD-1,bfneplak-1,Cluster 12,0,30.39
L1-TA-1_LGD-1,najhfdod-1,Cluster 27,0,79.97
L1-TA-1_LGD-1,bfneaefg-1,Cluster 12,0,48.45
L1-TA-1_LGD-1,oieidllf-1,Cluster 14,0,18.74
L1-TA-1_LGD-1,najhmnim-1,Cluster 12,0,23.07
L1-TA-1_LGD-1,najhfgha-1,Cluster 12,0,88.55
L1-TA-1_LGD-1,bfnfdcej-1,Cluster 2,0,28.63
L1-TA-1_LGD-1,bfmlhgkn-1,Cluster 12,0,55.54
L1-TA-1_LGD-1,bfnefegn-1,Cluster 2,0,30.53
L1-TA-1_LGD-1,bfmpccia-1,Cluster 12,0,28.31
L1-TA-1_LGD-1,najigaah-1,Cluster 12,0,65.21
L1-TA-1_LGD-1,bfnfbikd-1,Cluster 12,0,46.51
L1-TA-1_LGD-1,naikghfi-1,Cluster 27,0,30.98
L1-TA-1_LGD-1,bfneefdi-1,Cluster 4,0,26.60
L1-TA-1_LGD-1,najogdnf-1,Cluster 17,0,198.24
L1-TA-1_LGD-1,najhhabp-1,Cluster 3,0,60.01
L1-TA-1_LGD-1,naiebddc-1,Cluster 3,0,32.78
L1-TA-1_LGD-1,najohogp-1,Cluster 17,0,53.15
L1-TA-1_LGD-1,najobefi-1,Cluster 17,0,30.21
L1-TA-1_LGD-1,najodcnf-1,Cluster 6,0,28.04
L1-TA-1_LGD-1,najobcok-1,Cluster 17,0,130.91
L1-TA-1_LGD-1,najoggom-1,Cluster 17,0,79.11
L1-TA-1_LGD-1,bfmopcjc-1,Cluster 17,0,92.03
L1-TA-1_LGD-1,naijebfd-1,Cluster 6,0,30.57
L1-TA-1_LGD-1,naijjgan-1,Cluster 3,0,28.13
L1-TA-1_LGD-1,naiklfea-1,Cluster 6,0,38.70
L1-TA-1_LGD-1,najndcae-1,Cluster 17,0,56.94
L1-TA-1_LGD-1,najnpcfl-1,Cluster 17,0,38.47
L1-TA-1_LGD-1,najobefh-1,Cluster 17,0,109.82
L1-TA-1_LGD-1,naidlbhf-1,Cluster 17,0,97.18
L1-TA-1_LGD-1,naijpcmb-1,Cluster 3,0,59.25
L1-TA-1_LGD-1,naidmjon-1,Cluster 7,0,37.07
L1-TA-1_LGD-1,najocfop-1,Cluster 6,0,33.96
L1-TA-1_LGD-1,naijljjo-1,Cluster 3,0,24.07
L1-TA-1_LGD-1,naijjnng-1,Cluster 3,0,35.09
L1-TA-1_LGD-1,naidlbcm-1,Cluster 17,0,70.76
L1-TA-1_LGD-1,naikcknl-1,Cluster 6,0,48.63
L1-TA-1_LGD-1,najnkbop-1,Cluster 17,0,87.38
L1-TA-1_LGD-1,naijpinl-1,Cluster 19,0,26.01
L1-TA-1_LGD-1,naidlpom-1,Cluster 17,0,41.32
L1-TA-1_LGD-1,najnnfdj-1,Cluster 17,0,47.05
L1-TA-1_LGD-1,naikajid-1,Cluster 6,0,39.38
L1-TA-1_LGD-1,najnhgjm-1,Cluster 17,0,47.50
L1-TA-1_LGD-1,nailiaoe-1,Cluster 17,0,49.76
L1-TA-1_LGD-1,nailglmg-1,Cluster 17,0,137.59
L1-TA-1_LGD-1,bfnbkaac-1,Cluster 17,0,63.17
L1-TA-1_LGD-1,naidiapn-1,Cluster 17,0,51.75
L1-TA-1_LGD-1,bfnbefde-1,Cluster 17,0,110.32
L1-TA-1_LGD-1,naikoakk-1,Cluster 17,0,21.90
L1-TA-1_LGD-1,naiiojhg-1,Cluster 4,0,80.38
L1-TA-1_LGD-1,naiipggc-1,Cluster 12,0,74.37
L1-TA-1_LGD-1,najlmmkg-1,Cluster 17,0,43.53
L1-TA-1_LGD-1,naiimhih-1,Cluster 3,0,82.50
L1-TA-1_LGD-1,naidffde-1,Cluster 6,0,62.86
L1-TA-1_LGD-1,naicpbin-1,Cluster 6,0,21.90
L1-TA-1_LGD-1,naicpacf-1,Cluster 3,0,58.75
L1-TA-1_LGD-1,najlkeno-1,Cluster 17,0,77.22
L1-TA-1_LGD-1,najlgmhn-1,Cluster 17,0,63.81
L1-TA-1_LGD-1,naicohcc-1,Cluster 6,0,100.16
L1-TA-1_LGD-1,najlfadc-1,Cluster 17,0,127.16
L1-TA-1_LGD-1,najlgbja-1,Cluster 17,0,88.82
L1-TA-1_LGD-1,naicnibn-1,Cluster 6,0,59.92
L1-TA-1_LGD-1,naicohbe-1,Cluster 6,0,51.93
L1-TA-1_LGD-1,naiddjem-1,Cluster 6,0,91.17
L1-TA-1_LGD-1,naidednb-1,Cluster 13,0,66.38
L1-TA-1_LGD-1,naiddomp-1,Cluster 9,0,32.92
L1-TA-1_LGD-1,najlenfj-1,Cluster 13,0,14.00
L1-TA-1_LGD-1,najljgic-1,Cluster 17,0,32.06
L1-TA-1_LGD-1,najlhnnl-1,Cluster 13,0,37.48
L1-TA-1_LGD-1,najlcfin-1,Cluster 17,0,118.54
L1-TA-1_LGD-1,najhoknd-1,Cluster 9,0,27.50
L1-TA-1_LGD-1,najkmkae-1,Cluster 7,0,9.71
L1-TA-1_LGD-1,naieakck-1,Cluster 6,0,100.65
L1-TA-1_LGD-1,najlakpn-1,Cluster 17,0,158.32
L1-TA-1_LGD-1,najkkjae-1,Cluster 17,0,21.86
L1-TA-1_LGD-1,naiemhga-1,Cluster 17,0,134.25
L1-TA-1_LGD-1,najmhjmd-1,Cluster 17,0,60.64
L1-TA-1_LGD-1,najlhjpb-1,Cluster 17,0,106.84
L1-TA-1_LGD-1,najoibli-1,Cluster 17,0,35.22
L1-TA-1_LGD-1,najkpdhi-1,Cluster 17,0,41.86
L1-TA-1_LGD-1,naiecjkh-1,Cluster 3,0,78.08
L1-TA-1_LGD-1,najpccfh-1,Cluster 17,0,51.84
L1-TA-1_LGD-1,najpbhko-1,Cluster 17,0,31.97
L1-TA-1_LGD-1,oieimpdj-1,Cluster 6,0,25.65
L1-TA-1_LGD-1,nahigcfb-1,Cluster 12,0,30.35
L1-TA-1_LGD-1,bfnhbfie-1,Cluster 12,0,119.98
L1-TA-1_LGD-1,naiipkhg-1,Cluster 12,0,55.81
L1-TA-1_LGD-1,bfngcdlc-1,Cluster 12,0,68.01
L1-TA-1_LGD-1,nahiblno-1,Cluster 12,0,46.29
L1-TA-1_LGD-1,naiipjim-1,Cluster 12,0,32.87
L1-TA-1_LGD-1,bfnhagla-1,Cluster 12,0,41.36
L1-TA-1_LGD-1,naigdmnl-1,Cluster 4,0,57.75
L1-TA-1_LGD-1,nahigdmi-1,Cluster 12,0,17.93
L1-TA-1_LGD-1,nahgbebg-1,Cluster 4,0,35.13
L1-TA-1_LGD-1,nahibbpk-1,Cluster 12,0,37.52
L1-TA-1_LGD-1,naifmoin-1,Cluster 4,0,42.00
L1-TA-1_LGD-1,nakcennc-1,Cluster 4,0,53.78
L1-TA-1_LGD-1,naifbhea-1,Cluster 12,0,23.35
L1-TA-1_LGD-1,bfnaoigh-1,Cluster 12,0,57.75
L1-TA-1_LGD-1,naifedei-1,Cluster 12,0,110.45
L1-TA-1_LGD-1,naifpjbj-1,Cluster 12,0,43.26
L1-TA-1_LGD-1,naifpgnh-1,Cluster 2,0,16.26
L1-TA-1_LGD-1,bfnglglh-1,Cluster 12,0,53.51
L1-TA-1_LGD-1,naifljld-1,Cluster 12,0,35.13
L1-TA-1_LGD-1,bfnaamoj-1,Cluster 12,0,41.77
L1-TA-1_LGD-1,bfnaglac-1,Cluster 12,0,62.86
L1-TA-1_LGD-1,bfnakjhm-1,Cluster 12,0,30.03
L1-TA-1_LGD-1,naicopom-1,Cluster 12,0,78.62
L1-TA-1_LGD-1,naifmbda-1,Cluster 12,0,45.34
L1-TA-1_LGD-1,bfngiohg-1,Cluster 12,0,52.34
L1-TA-1_LGD-1,nakjcklg-1,Cluster 12,0,27.09
L1-TA-1_LGD-1,naifgcdf-1,Cluster 3,0,63.49
L1-TA-1_LGD-1,bfnahnak-1,Cluster 12,0,38.43
L1-TA-1_LGD-1,bfnaghcb-1,Cluster 4,0,22.98
L1-TA-1_LGD-1,bfngkene-1,Cluster 12,0,42.40
L1-TA-1_LGD-1,naidbabe-1,Cluster 6,0,49.31
L1-TA-1_LGD-1,bfnfpgop-1,Cluster 12,0,50.89
L1-TA-1_LGD-1,bfnabjco-1,Cluster 12,0,70.94
L1-TA-1_LGD-1,bfnagohd-1,Cluster 12,0,52.65
L1-TA-1_LGD-1,naieppio-1,Cluster 12,0,30.25
L1-TA-1_LGD-1,bfnglhgb-1,Cluster 12,0,92.30
L1-TA-1_LGD-1,bfngongg-1,Cluster 4,0,49.49
L1-TA-1_LGD-1,nahjfpja-1,Cluster 2,0,41.36
L1-TA-1_LGD-1,bfnflbgj-1,Cluster 12,0,101.33
L1-TA-1_LGD-1,nahhkbkf-1,Cluster 12,0,103.72
L1-TA-1_LGD-1,bfngpobb-1,Cluster 12,0,158.81
L1-TA-1_LGD-1,nahfljoi-1,Cluster 4,0,33.55
L1-TA-1_LGD-1,nakjcjii-1,Cluster 6,0,41.91
L1-TA-1_LGD-1,nahjcllb-1,Cluster 12,0,43.80
L1-TA-1_LGD-1,nakjcggh-1,Cluster 6,0,47.87
L1-TA-1_LGD-1,bfngmija-1,Cluster 4,0,35.94
L1-TA-1_LGD-1,bfnfkgoe-1,Cluster 12,0,69.41
L1-TA-1_LGD-1,bfnfdnhm-1,Cluster 12,0,134.25
L1-TA-1_LGD-1,bfnfhccl-1,Cluster 4,0,46.29
L1-TA-1_LGD-1,bfngncjg-1,Cluster 12,0,116.95
L1-TA-1_LGD-1,nakjefmj-1,Cluster 12,0,149.24
L1-TA-1_LGD-1,nakinnel-1,Cluster 10,0,35.85
L1-TA-1_LGD-1,naickkhm-1,Cluster 4,0,99.66
L1-TA-1_LGD-1,nakjclah-1,Cluster 4,0,61.82
L1-TA-1_LGD-1,nakjfgib-1,Cluster 12,0,90.90
L1-TA-1_LGD-1,nahjcanb-1,Cluster 4,0,44.66
L1-TA-1_LGD-1,nakjbomk-1,Cluster 12,0,48.41
L1-TA-1_LGD-1,naicjddg-1,Cluster 12,0,44.70
L1-TA-1_LGD-1,nahheifj-1,Cluster 12,0,135.33
L1-TA-1_LGD-1,nahheohd-1,Cluster 4,0,49.13
L1-TA-1_LGD-1,nahibfbi-1,Cluster 4,0,88.60
L1-TA-1_LGD-1,nahhjine-1,Cluster 12,0,33.82
L1-TA-1_LGD-1,nahhjdcl-1,Cluster 12,0,41.95
L1-TA-1_LGD-1,nahhbnpi-1,Cluster 12,0,48.32
L1-TA-1_LGD-1,nahggffp-1,Cluster 12,0,132.26
L1-TA-1_LGD-1,nahhpffl-1,Cluster 12,0,75.95
L1-TA-1_LGD-1,nahggeji-1,Cluster 12,0,103.90
L1-TA-1_LGD-1,nahggedo-1,Cluster 12,0,162.11
L1-TA-1_LGD-1,naidbgkk-1,Cluster 12,0,72.16
L1-TA-1_LGD-1,nahghbim-1,Cluster 20,0,17.25
L1-TA-1_LGD-1,nahhaobm-1,Cluster 10,0,57.35
L1-TA-1_LGD-1,nahgmmco-1,Cluster 6,0,40.37
L1-TA-1_LGD-1,nahglfef-1,Cluster 6,0,127.16
L1-TA-1_LGD-1,nahgmfop-1,Cluster 6,0,83.58
L1-TA-1_LGD-1,nahgllhp-1,Unassigned,0,12.51
L1-TA-1_LGD-1,nakbofln-1,Cluster 20,0,67.55
L1-TA-1_LGD-1,nakcahal-1,Cluster 17,0,17.66
L1-TA-1_LGD-1,nakbbajp-1,Cluster 17,0,21.31
L1-TA-1_LGD-1,najlmeen-1,Cluster 9,0,60.10
L1-TA-1_LGD-1,nakcengf-1,Cluster 17,0,66.29
L1-TA-1_LGD-1,nahgnlco-1,Cluster 3,0,51.48
L1-TA-1_LGD-1,najlkbnm-1,Cluster 17,0,71.39
L1-TA-1_LGD-1,nahhblch-1,Cluster 17,0,74.46
L1-TA-1_LGD-1,nakcalfe-1,Cluster 17,0,68.14
L1-TA-1_LGD-1,nakbandf-1,Cluster 17,0,120.03
L1-TA-1_LGD-1,nahhbjfm-1,Cluster 13,0,19.64
L1-TA-1_LGD-1,nahgihbk-1,Cluster 17,0,124.86
L1-TA-1_LGD-1,nahhbchk-1,Cluster 7,0,56.94
L1-TA-1_LGD-1,bfnghmaj-1,Cluster 17,0,62.32
L1-TA-1_LGD-1,nakbddkg-1,Cluster 17,0,34.32
L1-TA-1_LGD-1,nakbiedf-1,Cluster 17,0,36.89
L1-TA-1_LGD-1,nakckeej-1,Cluster 6,0,43.85
L1-TA-1_LGD-1,nahgnjjp-1,Cluster 20,0,30.80
L1-TA-1_LGD-1,nakcbbgf-1,Cluster 17,0,143.55
L1-TA-1_LGD-1,nakbbcmn-1,Cluster 13,0,29.35
L1-TA-1_LGD-1,najlmeog-1,Cluster 19,0,66.88
L1-TA-1_LGD-1,nakapamo-1,Cluster 17,0,35.18
L1-TA-1_LGD-1,nakepibk-1,Cluster 13,0,70.22
L1-TA-1_LGD-1,nakifijn-1,Cluster 7,0,61.46
L1-TA-1_LGD-1,nahglmbg-1,Cluster 6,0,59.65
L1-TA-1_LGD-1,nakcfkdh-1,Cluster 19,0,46.96
L1-TA-1_LGD-1,najlmlom-1,Cluster 17,0,98.31
L1-TA-1_LGD-1,nakcepoi-1,Cluster 14,0,13.55
L1-TA-1_LGD-1,nakalokp-1,Cluster 17,0,46.06
L1-TA-1_LGD-1,nakifmoe-1,Cluster 12,0,108.51
L1-TA-1_LGD-1,nakcnghm-1,Cluster 7,0,19.24
L1-TA-1_LGD-1,nakignkp-1,Cluster 4,0,28.76
L1-TA-1_LGD-1,nakilknj-1,Cluster 5,0,85.71
L1-TA-1_LGD-1,nakidmaj-1,Cluster 5,0,153.71
L1-TA-1_LGD-1,nakdjjkn-1,Cluster 12,0,60.46
L1-TA-1_LGD-1,nakddjbc-1,Cluster 12,0,195.80
L1-TA-1_LGD-1,nakdhkmf-1,Cluster 12,0,33.28
L1-TA-1_LGD-1,nakdhhbl-1,Cluster 10,0,15.49
L1-TA-1_LGD-1,nakdhdcd-1,Cluster 12,0,46.56
L1-TA-1_LGD-1,nakdgmah-1,Cluster 4,0,100.61
L1-TA-1_LGD-1,najpmann-1,Cluster 4,0,195.35
L1-TA-1_LGD-1,nakdeafd-1,Cluster 4,0,41.86
L1-TA-1_LGD-1,bfnghfdo-1,Cluster 4,0,77.58
L1-TA-1_LGD-1,nakefpjo-1,Cluster 12,0,25.96
L1-TA-1_LGD-1,nakeackl-1,Cluster 12,0,113.93
L1-TA-1_LGD-1,nakcnlme-1,Cluster 9,0,17.39
L1-TA-1_LGD-1,nakeidmk-1,Cluster 12,0,26.69
L1-TA-1_LGD-1,nakddenh-1,Cluster 3,0,47.50
L1-TA-1_LGD-1,nakcpold-1,Cluster 24,0,47.05
L1-TA-1_LGD-1,nakdkpcb-1,Cluster 4,0,48.50
L1-TA-1_LGD-1,nakdplja-1,Cluster 2,0,23.30
L1-TA-1_LGD-1,nakeamon-1,Cluster 4,0,32.92
L1-TA-1_LGD-1,nakdpjef-1,Cluster 12,0,39.96
L1-TA-1_LGD-1,nakaehon-1,Cluster 2,0,41.27
L1-TA-1_LGD-1,nakedgge-1,Cluster 12,0,85.12
L1-TA-1_LGD-1,nakcibif-1,Cluster 10,0,61.01
L1-TA-1_LGD-1,nakacfhd-1,Cluster 4,0,103.50
L1-TA-1_LGD-1,nahhajpf-1,Cluster 14,0,41.05
L1-TA-1_LGD-1,oieimkpp-1,Cluster 6,0,19.42
L1-TA-1_LGD-1,nakboeee-1,Cluster 12,0,40.82
L1-TA-1_LGD-1,nakblogp-1,Cluster 6,0,21.45
L1-TA-1_LGD-1,oiegflpc-1,Unassigned,0,15.85
L1-TA-1_LGD-1,nahhbngl-1,Cluster 14,0,27.27
L1-TA-1_LGD-1,najmpcid-1,Cluster 17,0,75.91
L1-TA-1_LGD-1,najnbheg-1,Cluster 17,0,29.85
L1-TA-1_LGD-1,najmjeme-1,Cluster 17,0,130.00
L1-TA-1_LGD-1,najjflhc-1,Cluster 25,0,36.22
L1-TA-1_LGD-1,najjmkem-1,Cluster 17,0,36.40
L1-TA-1_LGD-1,najmocll-1,Cluster 17,0,108.51
L1-TA-1_LGD-1,najkkefd-1,Cluster 17,0,12.33
L1-TA-1_LGD-1,najjpffm-1,Cluster 17,0,22.26
L1-TA-1_LGD-1,najkglpe-1,Cluster 17,0,22.80
L1-TA-1_LGD-1,najjpcbe-1,Cluster 17,0,73.74
L1-TA-1_LGD-1,nakbibal-1,Cluster 17,0,105.12
L1-TA-1_LGD-1,nakbjmhe-1,Cluster 7,0,33.05
L1-TA-1_LGD-1,najppfnn-1,Cluster 19,0,41.23
L1-TA-1_LGD-1,najmfbii-1,Cluster 17,0,135.60
L1-TA-1_LGD-1,nakfagef-1,Cluster 20,0,51.30
L1-TA-1_LGD-1,nakekahd-1,Cluster 20,0,39.56
L1-TA-1_LGD-1,nakeijfe-1,Cluster 19,0,94.51
L1-TA-1_LGD-1,najmccjl-1,Cluster 17,0,82.05
L1-TA-1_LGD-1,najmhgjg-1,Cluster 17,0,93.38
L1-TA-1_LGD-1,najmkmfh-1,Cluster 17,0,24.20
L1-TA-1_LGD-1,najmcoel-1,Cluster 17,0,18.74
L1-TA-1_LGD-1,najmobjo-1,Cluster 7,0,8.35
L1-TA-1_LGD-1,najmjknm-1,Cluster 17,0,38.88
L1-TA-1_LGD-1,najpncnh-1,Cluster 17,0,49.94
L1-TA-1_LGD-1,nabkkdhd-1,Cluster 9,0,25.74
L1-TA-1_LGD-1,naacpola-1,Cluster 12,0,84.08
L1-TA-1_LGD-1,nacbdogp-1,Cluster 12,0,49.08
L1-TA-1_LGD-1,naakcbgi-1,Cluster 12,0,69.45
L1-TA-1_LGD-1,nacabkkn-1,Cluster 12,0,39.42
L1-TA-1_LGD-1,nadcpblc-1,Cluster 12,0,25.78
L1-TA-1_LGD-1,nacadihh-1,Cluster 12,0,49.67
L1-TA-1_LGD-1,naddkepj-1,Cluster 12,0,34.18
L1-TA-1_LGD-1,naddmijb-1,Cluster 23,0,39.24
L1-TA-1_LGD-1,naddlkpf-1,Cluster 7,0,10.39
L1-TA-1_LGD-1,naddhhlf-1,Cluster 12,0,36.08
L1-TA-1_LGD-1,nabpjjbj-1,Cluster 12,0,47.50
L1-TA-1_LGD-1,nadcpfid-1,Cluster 12,0,71.62
L1-TA-1_LGD-1,nabpfnmj-1,Cluster 12,0,48.45
L1-TA-1_LGD-1,nacackio-1,Cluster 12,0,74.60
L1-TA-1_LGD-1,bfmdbcpe-1,Cluster 12,0,65.84
L1-TA-1_LGD-1,nabpifdn-1,Cluster 4,0,45.79
L1-TA-1_LGD-1,naddjmik-1,Cluster 12,0,35.63
L1-TA-1_LGD-1,naddinhm-1,Cluster 4,0,23.57
L1-TA-1_LGD-1,naddcloi-1,Cluster 12,0,53.56
L1-TA-1_LGD-1,nabpmlpm-1,Cluster 12,0,68.82
L1-TA-1_LGD-1,nabplmea-1,Cluster 4,0,39.92
L1-TA-1_LGD-1,nadflcma-1,Cluster 6,0,38.79
L1-TA-1_LGD-1,naddhijg-1,Cluster 7,0,13.68
L1-TA-1_LGD-1,nadfbhco-1,Cluster 6,0,31.47
L1-TA-1_LGD-1,naddaajn-1,Cluster 7,0,21.04
L1-TA-1_LGD-1,nabpfeod-1,Cluster 6,0,15.99
L1-TA-1_LGD-1,naddajip-1,Cluster 12,0,47.14
L1-TA-1_LGD-1,nabphmja-1,Cluster 19,0,44.75
L1-TA-1_LGD-1,nabpdjab-1,Cluster 2,0,69.86
L1-TA-1_LGD-1,nadgcoac-1,Cluster 6,0,22.26
L1-TA-1_LGD-1,nadfbbml-1,Cluster 1,0,30.16
L1-TA-1_LGD-1,bflocklp-1,Cluster 12,0,133.89
L1-TA-1_LGD-1,nadfabei-1,Cluster 4,0,21.40
L1-TA-1_LGD-1,nadfnkdp-1,Cluster 12,0,91.22
L1-TA-1_LGD-1,nadgbhfn-1,Cluster 7,0,19.15
L1-TA-1_LGD-1,nabphgaf-1,Cluster 12,0,35.81
L1-TA-1_LGD-1,nabpfhee-1,Cluster 12,0,137.28
L1-TA-1_LGD-1,nadgaibp-1,Cluster 19,0,24.61
L1-TA-1_LGD-1,nabpdlkh-1,Cluster 12,0,60.19
L1-TA-1_LGD-1,nadggcnl-1,Cluster 4,0,77.08
L1-TA-1_LGD-1,nadjgjfc-1,Cluster 4,0,16.62
L1-TA-1_LGD-1,nacdcbde-1,Cluster 6,0,18.33
L1-TA-1_LGD-1,nadjbikg-1,Cluster 12,0,34.68
L1-TA-1_LGD-1,bfmdkmbo-1,Cluster 12,0,87.87
L1-TA-1_LGD-1,bfmdildj-1,Cluster 4,0,43.62
L1-TA-1_LGD-1,bfmdbdmd-1,Cluster 12,0,88.55
L1-TA-1_LGD-1,nadjbjkn-1,Cluster 12,0,43.08
L1-TA-1_LGD-1,nadjfipm-1,Cluster 12,0,69.81
L1-TA-1_LGD-1,bfmdidhf-1,Cluster 12,0,57.44
L1-TA-1_LGD-1,nadjdjpp-1,Cluster 12,0,213.72
L1-TA-1_LGD-1,nacajben-1,Cluster 12,0,85.80
L1-TA-1_LGD-1,nadidibc-1,Cluster 2,0,18.02
L1-TA-1_LGD-1,nacahmaj-1,Cluster 12,0,39.38
L1-TA-1_LGD-1,nacanahn-1,Cluster 12,0,50.58
L1-TA-1_LGD-1,naccimic-1,Cluster 12,0,154.03
L1-TA-1_LGD-1,nadigiji-1,Cluster 4,0,79.02
L1-TA-1_LGD-1,nacckfdk-1,Cluster 4,0,12.55
L1-TA-1_LGD-1,nadilmif-1,Cluster 12,0,73.33
L1-TA-1_LGD-1,nadhhccj-1,Cluster 5,0,57.94
L1-TA-1_LGD-1,bfmdbjeb-1,Cluster 12,0,106.88
L1-TA-1_LGD-1,nadijgjn-1,Cluster 5,0,143.55
L1-TA-1_LGD-1,nacaimfj-1,Cluster 12,0,98.12
L1-TA-1_LGD-1,nadiahod-1,Cluster 12,0,45.20
L1-TA-1_LGD-1,nabpahoe-1,Cluster 4,0,82.68
L1-TA-1_LGD-1,nabpdfdc-1,Cluster 12,0,198.33
L1-TA-1_LGD-1,nadhkgad-1,Cluster 4,0,57.35
L1-TA-1_LGD-1,nadhnlhd-1,Cluster 12,0,57.17
L1-TA-1_LGD-1,nadhmfdj-1,Cluster 4,0,90.00
L1-TA-1_LGD-1,nadibogp-1,Cluster 12,0,121.65
L1-TA-1_LGD-1,nadiakdm-1,Cluster 12,0,75.09
L1-TA-1_LGD-1,nabpaiol-1,Cluster 4,0,69.13
L1-TA-1_LGD-1,nadcnjio-1,Cluster 12,0,80.74
L1-TA-1_LGD-1,nadedbam-1,Cluster 12,0,73.33
L1-TA-1_LGD-1,naamkjng-1,Cluster 12,0,98.53
L1-TA-1_LGD-1,naamhjjp-1,Cluster 12,0,76.59
L1-TA-1_LGD-1,naamecjc-1,Cluster 4,0,29.71
L1-TA-1_LGD-1,naanfeeo-1,Cluster 12,0,44.89
L1-TA-1_LGD-1,oiebejpj-1,Cluster 14,0,41.77
L1-TA-1_LGD-1,naamfhjk-1,Cluster 12,0,81.60
L1-TA-1_LGD-1,oiebfdlj-1,Cluster 9,0,12.06
L1-TA-1_LGD-1,naamncpa-1,Cluster 4,0,44.89
L1-TA-1_LGD-1,naamfpbp-1,Cluster 12,0,89.59
L1-TA-1_LGD-1,naangoji-1,Cluster 19,0,38.38
L1-TA-1_LGD-1,naanaoap-1,Cluster 2,0,37.25
L1-TA-1_LGD-1,naaffilm-1,Cluster 12,0,78.98
L1-TA-1_LGD-1,naafodlg-1,Cluster 12,0,35.18
L1-TA-1_LGD-1,naaffaac-1,Cluster 4,0,41.00
L1-TA-1_LGD-1,naafplll-1,Cluster 12,0,90.85
L1-TA-1_LGD-1,bfnjpbmg-1,Cluster 12,0,51.88
L1-TA-1_LGD-1,naaeagoa-1,Cluster 19,0,15.58
L1-TA-1_LGD-1,naaeoich-1,Cluster 12,0,56.67
L1-TA-1_LGD-1,naagibbo-1,Cluster 12,0,34.95
L1-TA-1_LGD-1,naagjhgj-1,Cluster 12,0,91.80
L1-TA-1_LGD-1,bfnjmojj-1,Cluster 12,0,211.06
L1-TA-1_LGD-1,naagdefm-1,Cluster 2,0,44.43
L1-TA-1_LGD-1,naafpgib-1,Cluster 12,0,163.96
L1-TA-1_LGD-1,bfnjhhic-1,Cluster 12,0,124.68
L1-TA-1_LGD-1,bfnjgpna-1,Cluster 12,0,105.76
L1-TA-1_LGD-1,naafmcio-1,Cluster 12,0,148.07
L1-TA-1_LGD-1,naafgeae-1,Cluster 2,0,10.57
L1-TA-1_LGD-1,bfnjfaoo-1,Cluster 12,0,95.42
L1-TA-1_LGD-1,bfnjpdpp-1,Cluster 12,0,154.98
L1-TA-1_LGD-1,naaflmah-1,Cluster 12,0,50.08
L1-TA-1_LGD-1,naafkfjc-1,Cluster 15,0,18.11
L1-TA-1_LGD-1,naafcbhm-1,Cluster 12,0,49.36
L1-TA-1_LGD-1,naagedlo-1,Cluster 2,0,30.30
L1-TA-1_LGD-1,bfnjjfnd-1,Cluster 12,0,126.44
L1-TA-1_LGD-1,nabppbpj-1,Cluster 12,0,69.81
L1-TA-1_LGD-1,nabfkfck-1,Cluster 3,0,25.83
L1-TA-1_LGD-1,naccnhik-1,Cluster 12,0,61.59
L1-TA-1_LGD-1,naakoggp-1,Cluster 4,0,89.41
L1-TA-1_LGD-1,naajhgdm-1,Cluster 13,0,72.93
L1-TA-1_LGD-1,naalghcf-1,Cluster 13,0,89.23
L1-TA-1_LGD-1,naaldjlk-1,Cluster 7,0,27.73
L1-TA-1_LGD-1,naacpaao-1,Cluster 4,0,45.70
L1-TA-1_LGD-1,naajfaoo-1,Cluster 12,0,66.06
L1-TA-1_LGD-1,naakbfbg-1,Cluster 7,0,39.11
L1-TA-1_LGD-1,nabgdihi-1,Cluster 12,0,64.03
L1-TA-1_LGD-1,nabfpgoe-1,Cluster 13,0,73.79
L1-TA-1_LGD-1,nabfnana-1,Cluster 13,0,116.46
L1-TA-1_LGD-1,naakajom-1,Cluster 12,0,40.96
L1-TA-1_LGD-1,naalapnm-1,Cluster 12,0,74.73
L1-TA-1_LGD-1,naakhjfc-1,Cluster 13,0,52.43
L1-TA-1_LGD-1,naakehif-1,Cluster 12,0,109.55
L1-TA-1_LGD-1,naakgloj-1,Cluster 2,0,19.82
L1-TA-1_LGD-1,naakidnb-1,Cluster 12,0,64.35
L1-TA-1_LGD-1,bfnjddpi-1,Cluster 12,0,96.54
L1-TA-1_LGD-1,naaljgae-1,Cluster 9,0,15.58
L1-TA-1_LGD-1,naalnmog-1,Cluster 12,0,57.12
L1-TA-1_LGD-1,naaliegl-1,Cluster 3,0,22.58
L1-TA-1_LGD-1,naalghhi-1,Cluster 9,0,17.02
L1-TA-1_LGD-1,bfnjahhd-1,Cluster 12,0,126.93
L1-TA-1_LGD-1,naakheka-1,Cluster 7,0,29.80
L1-TA-1_LGD-1,bfnjebkp-1,Cluster 12,0,73.24
L1-TA-1_LGD-1,naamcgfg-1,Cluster 12,0,33.42
L1-TA-1_LGD-1,naamacpb-1,Cluster 12,0,24.93
L1-TA-1_LGD-1,naamcnno-1,Cluster 2,0,46.33
L1-TA-1_LGD-1,naalllfm-1,Cluster 1,0,41.41
L1-TA-1_LGD-1,naalllmm-1,Cluster 12,0,170.37
L1-TA-1_LGD-1,naammlen-1,Cluster 14,0,11.29
L1-TA-1_LGD-1,naankmmf-1,Cluster 12,0,104.67
L1-TA-1_LGD-1,oiebhjli-1,Cluster 14,0,25.02
L1-TA-1_LGD-1,naccfabl-1,Cluster 4,0,34.77
L1-TA-1_LGD-1,nadllmij-1,Cluster 7,0,19.46
L1-TA-1_LGD-1,nadlikbg-1,Cluster 7,0,25.38
L1-TA-1_LGD-1,nabfafol-1,Cluster 2,0,83.86
L1-TA-1_LGD-1,nadlemlp-1,Cluster 4,0,119.53
L1-TA-1_LGD-1,nadghgbb-1,Cluster 12,0,91.08
L1-TA-1_LGD-1,nadgikon-1,Cluster 12,0,80.42
L1-TA-1_LGD-1,nadkppnn-1,Cluster 15,0,12.24
L1-TA-1_LGD-1,nadkinam-1,Cluster 12,0,118.49
L1-TA-1_LGD-1,nadkgaof-1,Cluster 3,0,19.69
L1-TA-1_LGD-1,nadkldje-1,Cluster 9,0,10.43
L1-TA-1_LGD-1,nadghkoa-1,Cluster 2,0,31.79
L1-TA-1_LGD-1,nadlfdmc-1,Cluster 12,0,142.29
L1-TA-1_LGD-1,nacblkng-1,Cluster 12,0,61.82
L1-TA-1_LGD-1,nadkohnf-1,Cluster 7,0,14.54
L1-TA-1_LGD-1,nadkpeaa-1,Cluster 13,0,54.37
L1-TA-1_LGD-1,nadgemji-1,Cluster 12,0,48.54
L1-TA-1_LGD-1,nadggihn-1,Cluster 12,0,87.74
L1-TA-1_LGD-1,nacdkbpa-1,Cluster 3,0,26.87
L1-TA-1_LGD-1,nacdlnfa-1,Cluster 7,0,27.77
L1-TA-1_LGD-1,nacbepbg-1,Cluster 12,0,46.51
L1-TA-1_LGD-1,nacdggii-1,Cluster 9,0,36.89
L1-TA-1_LGD-1,nacalgac-1,Cluster 12,0,55.27
L1-TA-1_LGD-1,bfmdfkdh-1,Cluster 12,0,139.62
L1-TA-1_LGD-1,nacbepdg-1,Cluster 12,0,73.56
L1-TA-1_LGD-1,nadghalg-1,Cluster 4,0,150.82
L1-TA-1_LGD-1,nacaehmk-1,Cluster 13,0,33.24
L1-TA-1_LGD-1,nacafcio-1,Cluster 2,0,42.54
L1-TA-1_LGD-1,nacadkhm-1,Cluster 25,0,47.59
L1-TA-1_LGD-1,naccnmfd-1,Cluster 13,0,95.78
L1-TA-1_LGD-1,naccdbea-1,Cluster 4,0,71.89
L1-TA-1_LGD-1,naccbplb-1,Cluster 24,0,26.55
L1-TA-1_LGD-1,nacbooab-1,Cluster 1,0,33.69
L1-TA-1_LGD-1,bfmdmhko-1,Cluster 12,0,109.55
L1-TA-1_LGD-1,nacdeehi-1,Cluster 13,0,51.39
L1-TA-1_LGD-1,nacdcebp-1,Cluster 7,0,100.65
L1-TA-1_LGD-1,nadklplp-1,Cluster 10,0,31.34
L1-TA-1_LGD-1,nacemjlo-1,Cluster 7,0,23.12
L1-TA-1_LGD-1,nadhddfd-1,Cluster 12,0,53.15
L1-TA-1_LGD-1,nabmlegp-1,Cluster 7,0,29.94
L1-TA-1_LGD-1,naccgcnk-1,Cluster 4,0,47.82
L1-TA-1_LGD-1,nadgeieh-1,Cluster 12,0,44.75
L1-TA-1_LGD-1,nabmllch-1,Cluster 3,0,33.01
L1-TA-1_LGD-1,nadgjlop-1,Cluster 7,0,34.54
L1-TA-1_LGD-1,nadkaggl-1,Cluster 12,0,33.96
L1-TA-1_LGD-1,nacbmplm-1,Cluster 5,0,53.56
L1-TA-1_LGD-1,bfmgafmp-1,Cluster 12,0,94.47
L1-TA-1_LGD-1,nadgeaik-1,Cluster 12,0,37.98
L1-TA-1_LGD-1,mpppaceg-1,Cluster 4,0,48.36
L1-TA-1_LGD-1,nadkgana-1,Cluster 7,0,9.66
L1-TA-1_LGD-1,nabnampo-1,Cluster 7,0,22.04
L1-TA-1_LGD-1,nadgdolo-1,Cluster 2,0,17.88
L1-TA-1_LGD-1,mpppbmii-1,Cluster 12,0,44.43
L1-TA-1_LGD-1,nadkdcfd-1,Cluster 2,0,35.58
L1-TA-1_LGD-1,nacebllf-1,Cluster 2,0,43.21
L1-TA-1_LGD-1,nabmpbil-1,Cluster 2,0,35.00
L1-TA-1_LGD-1,nabnaocd-1,Cluster 2,0,50.12
L1-TA-1_LGD-1,nacemfil-1,Cluster 2,0,31.29
L1-TA-1_LGD-1,naceaoef-1,Cluster 23,0,36.22
L1-TA-1_LGD-1,naceoeoe-1,Cluster 12,0,69.09
L1-TA-1_LGD-1,nacepahp-1,Cluster 12,0,39.33
L1-TA-1_LGD-1,nacdoknm-1,Cluster 14,0,9.30
L1-TA-1_LGD-1,nacdppae-1,Cluster 6,0,18.42
L1-TA-1_LGD-1,nabmpian-1,Cluster 13,0,46.69
L1-TA-1_LGD-1,nacebbbn-1,Cluster 4,0,56.36
L1-TA-1_LGD-1,nadhaohi-1,Cluster 1,0,23.89
L1-TA-1_LGD-1,mpppdend-1,Cluster 20,0,55.50
L1-TA-1_LGD-1,nadmbdcj-1,Cluster 10,0,38.07
L1-TA-1_LGD-1,nadlhclf-1,Cluster 15,0,52.83
L1-TA-1_LGD-1,nadlpkff-1,Cluster 3,0,30.93
L1-TA-1_LGD-1,nadliaap-1,Cluster 6,0,9.17
L1-TA-1_LGD-1,bfnoabhk-1,Cluster 12,0,44.25
L1-TA-1_LGD-1,nabelmib-1,Cluster 7,0,24.66
L1-TA-1_LGD-1,bfnmfjhb-1,Cluster 12,0,68.01
L1-TA-1_LGD-1,bfnmdhla-1,Cluster 12,0,75.37
L1-TA-1_LGD-1,nabhpfii-1,Cluster 4,0,42.22
L1-TA-1_LGD-1,nabhpmmm-1,Cluster 13,0,64.26
L1-TA-1_LGD-1,nabgeefi-1,Cluster 3,0,42.36
L1-TA-1_LGD-1,nabiaobg-1,Cluster 2,0,37.48
L1-TA-1_LGD-1,nabfbage-1,Cluster 12,0,48.63
L1-TA-1_LGD-1,nabgiope-1,Cluster 7,0,32.06
L1-TA-1_LGD-1,nabgjjkc-1,Cluster 13,0,78.30
L1-TA-1_LGD-1,nabfemeb-1,Cluster 4,0,44.61
L1-TA-1_LGD-1,nabehhnp-1,Cluster 9,0,12.78
L1-TA-1_LGD-1,nabicnkn-1,Cluster 4,0,54.28
L1-TA-1_LGD-1,nabhfjfh-1,Cluster 12,0,38.61
L1-TA-1_LGD-1,nabedpcj-1,Cluster 7,0,38.65
L1-TA-1_LGD-1,nabebhid-1,Cluster 7,0,20.95
L1-TA-1_LGD-1,nabdglfp-1,Cluster 19,0,32.60
L1-TA-1_LGD-1,nabhaofg-1,Cluster 6,0,15.71
L1-TA-1_LGD-1,nabegeag-1,Cluster 1,0,33.46
L1-TA-1_LGD-1,nabfeaie-1,Cluster 1,0,16.89
L1-TA-1_LGD-1,nabhpoop-1,Cluster 2,0,19.19
L1-TA-1_LGD-1,nabgoghg-1,Cluster 6,0,39.65
L1-TA-1_LGD-1,bfnnanab-1,Cluster 12,0,55.18
L1-TA-1_LGD-1,bfnndddi-1,Cluster 12,0,92.30
L1-TA-1_LGD-1,nabhfhfh-1,Cluster 1,0,8.08
L1-TA-1_LGD-1,nabdojnd-1,Cluster 19,0,45.88
L1-TA-1_LGD-1,nabdinif-1,Cluster 2,0,57.21
L1-TA-1_LGD-1,nabhkagn-1,Cluster 12,0,29.35
L1-TA-1_LGD-1,nabhppih-1,Cluster 2,0,40.87
L1-TA-1_LGD-1,nabgfnge-1,Cluster 10,0,40.14
L1-TA-1_LGD-1,nabghbna-1,Cluster 7,0,52.38
L1-TA-1_LGD-1,nabfpmbp-1,Cluster 10,0,38.61
L1-TA-1_LGD-1,nabgfmlo-1,Cluster 19,0,21.95
L1-TA-1_LGD-1,nabgdoce-1,Cluster 10,0,23.30
L1-TA-1_LGD-1,nabnecgh-1,Cluster 15,0,23.84
L1-TA-1_LGD-1,nabjhkpo-1,Cluster 6,0,34.59
L1-TA-1_LGD-1,nabkfoog-1,Cluster 15,0,30.48
L1-TA-1_LGD-1,oiebijbl-1,Cluster 14,0,17.07
L1-TA-1_LGD-1,nabjhina-1,Cluster 24,0,52.52
L1-TA-1_LGD-1,nabjohkl-1,Cluster 10,0,66.56
L1-TA-1_LGD-1,nabkpaff-1,Cluster 1,0,14.40
L1-TA-1_LGD-1,bfnofaal-1,Cluster 12,0,44.57
L1-TA-1_LGD-1,nabeijlc-1,Cluster 13,0,77.13
L1-TA-1_LGD-1,nabnbkea-1,Cluster 9,0,13.59
L1-TA-1_LGD-1,nabneblg-1,Cluster 9,0,11.61
L1-TA-1_LGD-1,nabklnfe-1,Cluster 24,0,40.73
L1-TA-1_LGD-1,nabkpkao-1,Cluster 12,0,72.61
L1-TA-1_LGD-1,nabjohbn-1,Cluster 19,0,50.67
L1-TA-1_LGD-1,nablajgh-1,Cluster 15,0,24.02
L1-TA-1_LGD-1,nabjkbad-1,Cluster 12,0,67.24
L1-TA-1_LGD-1,nabjjkmh-1,Cluster 12,0,36.62
L1-TA-1_LGD-1,bfnnihfd-1,Cluster 12,0,90.67
L1-TA-1_LGD-1,nabjbceb-1,Cluster 15,0,39.20
L1-TA-1_LGD-1,nabjbhpn-1,Cluster 6,0,60.51
L1-TA-1_LGD-1,nabjopco-1,Cluster 15,0,56.22
L1-TA-1_LGD-1,nabmglld-1,Cluster 10,0,38.88
L1-TA-1_LGD-1,nabjmjpg-1,Cluster 10,0,48.00
L1-TA-1_LGD-1,nabloijb-1,Cluster 14,0,19.06
L1-TA-1_LGD-1,nablkmpo-1,Cluster 1,0,18.56
L1-TA-1_LGD-1,nablbkan-1,Cluster 4,0,55.86
L1-TA-1_LGD-1,nabjkkgh-1,Cluster 10,0,65.34
L1-TA-1_LGD-1,nabfhkfd-1,Cluster 12,0,115.96
L1-TA-1_LGD-1,nabjibdi-1,Cluster 9,0,16.48
L1-TA-1_LGD-1,nabcmedg-1,Cluster 4,0,47.28
L1-TA-1_LGD-1,nabepgbh-1,Cluster 7,0,48.59
L1-TA-1_LGD-1,bfnmlejl-1,Cluster 12,0,67.92
L1-TA-1_LGD-1,bfnnkecm-1,Cluster 12,0,110.59
L1-TA-1_LGD-1,bfnmcpkn-1,Cluster 12,0,107.02
L1-TA-1_LGD-1,nahpjibg-1,Cluster 12,0,274.32
L1-TA-1_LGD-1,nahmkpco-1,Cluster 12,0,27.86
L1-TA-1_LGD-1,bfnhheaj-1,Cluster 12,0,55.23
L1-TA-1_LGD-1,nahlonpo-1,Cluster 3,0,25.47
L1-TA-1_LGD-1,nahmbcmp-1,Cluster 15,0,31.43
L1-TA-1_LGD-1,naadfald-1,Cluster 4,0,12.46
L1-TA-1_LGD-1,naadapdo-1,Cluster 12,0,14.54
L1-TA-1_LGD-1,bfnhcmnh-1,Cluster 12,0,48.63
L1-TA-1_LGD-1,nahkdljk-1,Cluster 12,0,133.48
L1-TA-1_LGD-1,oieggeik-1,Cluster 14,0,14.81
L1-TA-1_LGD-1,bfnhebih-1,Cluster 12,0,48.68
L1-TA-1_LGD-1,naaddfoo-1,Cluster 12,0,84.22
L1-TA-1_LGD-1,naadgdho-1,Cluster 2,0,17.34
L1-TA-1_LGD-1,nahkbnco-1,Cluster 12,0,44.48
L1-TA-1_LGD-1,mpkomgfl-1,Cluster 10,0,15.26
L1-TA-1_LGD-1,mpkpaeoi-1,Cluster 12,0,22.98
L1-TA-1_LGD-1,mpkpdoni-1,Cluster 12,0,23.93
L1-TA-1_LGD-1,nahljacl-1,Cluster 10,0,27.18
L1-TA-1_LGD-1,bfnhjkic-1,Cluster 12,0,42.85
L1-TA-1_LGD-1,mpkpgmbd-1,Cluster 12,0,30.84
L1-TA-1_LGD-1,mpkpelpl-1,Cluster 12,0,26.64
L1-TA-1_LGD-1,nahlckin-1,Cluster 6,0,50.89
L1-TA-1_LGD-1,mpkpegbp-1,Cluster 4,0,32.42
L1-TA-1_LGD-1,mpkpecfc-1,Cluster 2,0,16.26
L1-TA-1_LGD-1,mpladeoh-1,Cluster 4,0,32.83
L1-TA-1_LGD-1,mplcbkmk-1,Cluster 12,0,21.00
L1-TA-1_LGD-1,mplcbaog-1,Cluster 12,0,50.85
L1-TA-1_LGD-1,bfnhkgoe-1,Cluster 12,0,37.48
L1-TA-1_LGD-1,mpkpglfl-1,Cluster 12,0,42.27
L1-TA-1_LGD-1,nahkjcok-1,Cluster 15,0,63.08
L1-TA-1_LGD-1,nahldmdi-1,Cluster 12,0,70.40
L1-TA-1_LGD-1,mplbgidc-1,Cluster 12,0,35.31
L1-TA-1_LGD-1,bfnhkago-1,Cluster 12,0,31.16
L1-TA-1_LGD-1,nahkmkdc-1,Cluster 4,0,60.78
L1-TA-1_LGD-1,nahldobc-1,Cluster 12,0,85.12
L1-TA-1_LGD-1,nahkohee-1,Cluster 9,0,28.04
L1-TA-1_LGD-1,nahimcog-1,Cluster 12,0,69.13
L1-TA-1_LGD-1,mplalkkp-1,Cluster 24,0,51.34
L1-TA-1_LGD-1,nahpkgaf-1,Cluster 12,0,115.83
L1-TA-1_LGD-1,bfnibeio-1,Cluster 12,0,144.32
L1-TA-1_LGD-1,naaecmal-1,Cluster 12,0,23.07
L1-TA-1_LGD-1,naaelkpi-1,Cluster 12,0,176.24
L1-TA-1_LGD-1,naaemjfo-1,Cluster 4,0,52.70
L1-TA-1_LGD-1,nahoiglf-1,Cluster 12,0,56.54
L1-TA-1_LGD-1,nahogcnp-1,Cluster 2,0,10.12
L1-TA-1_LGD-1,nahpplmg-1,Cluster 12,0,69.68
L1-TA-1_LGD-1,nahofmnn-1,Cluster 20,0,44.43
L1-TA-1_LGD-1,nahpnpjp-1,Cluster 12,0,93.25
L1-TA-1_LGD-1,naaejkbe-1,Cluster 4,0,33.96
L1-TA-1_LGD-1,nahoneog-1,Cluster 12,0,35.49
L1-TA-1_LGD-1,naadlbbn-1,Cluster 12,0,74.24
L1-TA-1_LGD-1,naholoai-1,Cluster 4,0,34.73
L1-TA-1_LGD-1,bfnhmooc-1,Cluster 4,0,60.74
L1-TA-1_LGD-1,nahpfflg-1,Cluster 24,0,39.06
L1-TA-1_LGD-1,nahpgogo-1,Cluster 3,0,20.23
L1-TA-1_LGD-1,nahojncc-1,Cluster 12,0,47.19
L1-TA-1_LGD-1,nahkaooi-1,Cluster 6,0,31.11
L1-TA-1_LGD-1,naanimfd-1,Cluster 12,0,56.85
L1-TA-1_LGD-1,naaejilg-1,Cluster 12,0,43.98
L1-TA-1_LGD-1,nahpimij-1,Cluster 12,0,22.04
L1-TA-1_LGD-1,nahpjdhe-1,Cluster 12,0,71.57
L1-TA-1_LGD-1,nahonfbc-1,Cluster 12,0,106.43
L1-TA-1_LGD-1,nahnahgi-1,Cluster 12,0,56.90
L1-TA-1_LGD-1,nahjpofe-1,Cluster 27,0,27.68
L1-TA-1_LGD-1,nahmcbil-1,Cluster 6,0,39.83
L1-TA-1_LGD-1,nahjmnnf-1,Cluster 10,0,31.70
L1-TA-1_LGD-1,nahleeln-1,Cluster 6,0,18.33
L1-TA-1_LGD-1,bfnhbjea-1,Cluster 12,0,75.23
L1-TA-1_LGD-1,naadccmf-1,Cluster 4,0,30.30
L1-TA-1_LGD-1,naaeanpn-1,Cluster 9,0,43.35
L1-TA-1_LGD-1,naaejfdd-1,Cluster 12,0,93.74
L1-TA-1_LGD-1,nahjmajn-1,Cluster 12,0,87.74
L1-TA-1_LGD-1,najpeehn-1,Cluster 2,0,14.72
L1-TA-1_LGD-1,nakfanii-1,Cluster 12,0,72.57
L1-TA-1_LGD-1,nahejhbn-1,Cluster 12,0,20.37
L1-TA-1_LGD-1,nahegnjl-1,Cluster 12,0,50.26
L1-TA-1_LGD-1,nahilagd-1,Cluster 4,0,43.30
L1-TA-1_LGD-1,nahiijip-1,Cluster 20,0,23.75
L1-TA-1_LGD-1,nahihodj-1,Cluster 4,0,67.28
L1-TA-1_LGD-1,nahehbmh-1,Cluster 5,0,74.64
L1-TA-1_LGD-1,najpgfdi-1,Cluster 12,0,45.74
L1-TA-1_LGD-1,nahioamh-1,Cluster 19,0,16.53
L1-TA-1_LGD-1,nakgijcf-1,Cluster 6,0,19.87
L1-TA-1_LGD-1,nakhpomf-1,Cluster 6,0,81.42
L1-TA-1_LGD-1,nahejblg-1,Cluster 5,0,131.86
L1-TA-1_LGD-1,nahmpeng-1,Cluster 20,0,53.60
L1-TA-1_LGD-1,nakhgoed-1,Cluster 4,0,45.34
L1-TA-1_LGD-1,nakhjkde-1,Cluster 6,0,47.87
L1-TA-1_LGD-1,nakfppje-1,Cluster 6,0,65.39
L1-TA-1_LGD-1,nahjghkk-1,Cluster 6,0,72.30
L1-TA-1_LGD-1,nakglnkh-1,Cluster 20,0,57.03
L1-TA-1_LGD-1,najpfdgj-1,Cluster 4,0,24.66
L1-TA-1_LGD-1,nakhbfea-1,Cluster 12,0,141.34
L1-TA-1_LGD-1,nahjabgf-1,Cluster 7,0,11.70
L1-TA-1_LGD-1,najpepea-1,Cluster 12,0,153.94
L1-TA-1_LGD-1,nakhpbdo-1,Cluster 6,0,18.20
L1-TA-1_LGD-1,nakfcjfe-1,Cluster 3,0,19.46
L1-TA-1_LGD-1,nakhgabd-1,Cluster 12,0,135.56
L1-TA-1_LGD-1,nakhneef-1,Cluster 6,0,20.55
L1-TA-1_LGD-1,nakhfoad-1,Cluster 6,0,32.38
L1-TA-1_LGD-1,nakfkmia-1,Cluster 15,0,38.25
L1-TA-1_LGD-1,nahjgamd-1,Cluster 12,0,133.93
L1-TA-1_LGD-1,nahjhcic-1,Cluster 4,0,39.38
L1-TA-1_LGD-1,nakfmbjp-1,Cluster 6,0,26.24
L1-TA-1_LGD-1,nahjhabk-1,Cluster 12,0,37.39
L1-TA-1_LGD-1,najpeldf-1,Cluster 12,0,168.39
L1-TA-1_LGD-1,nakfkkcn-1,Cluster 6,0,38.61
L1-TA-1_LGD-1,nahmfacm-1,Cluster 4,0,49.94
L1-TA-1_LGD-1,nahmifjp-1,Cluster 12,0,18.38
L1-TA-1_LGD-1,bfnlbjhp-1,Cluster 12,0,68.23
L1-TA-1_LGD-1,bfnkmnpk-1,Cluster 5,0,70.49
L1-TA-1_LGD-1,nahefomc-1,Cluster 12,0,19.96
L1-TA-1_LGD-1,nahfdklf-1,Cluster 5,0,87.87
L1-TA-1_LGD-1,bfnkmddm-1,Cluster 12,0,47.55
L1-TA-1_LGD-1,bfnlgbmn-1,Cluster 12,0,43.62
L1-TA-1_LGD-1,oiegbgee-1,Cluster 14,0,11.11
L1-TA-1_LGD-1,nahfcjjl-1,Cluster 5,0,76.63
L1-TA-1_LGD-1,bfnkmddd-1,Cluster 12,0,51.43
L1-TA-1_LGD-1,nahekifd-1,Cluster 4,0,199.05
L1-TA-1_LGD-1,nahfanig-1,Cluster 27,0,115.24
L1-TA-1_LGD-1,nahfccec-1,Cluster 6,0,106.16
L1-TA-1_LGD-1,nahihhdl-1,Cluster 4,0,38.52
L1-TA-1_LGD-1,nahfcdpc-1,Cluster 15,0,41.00
L1-TA-1_LGD-1,bfnkggfe-1,Cluster 12,0,50.26
L1-TA-1_LGD-1,nahecfoj-1,Cluster 12,0,75.77
L1-TA-1_LGD-1,nahegacn-1,Cluster 4,0,102.28
L1-TA-1_LGD-1,bfnldmln-1,Cluster 4,0,27.64
L1-TA-1_LGD-1,nahdpegb-1,Cluster 12,0,113.25
L1-TA-1_LGD-1,bfnkknob-1,Cluster 12,0,55.90
L1-TA-1_LGD-1,nakiagab-1,Cluster 4,0,20.55
L1-TA-1_LGD-1,nahebapk-1,Cluster 2,0,17.57
L1-TA-1_LGD-1,nakfakle-1,Cluster 12,0,108.47
L1-TA-1_LGD-1,bfnkkmjp-1,Cluster 12,0,28.72
L1-TA-1_LGD-1,nahnafak-1,Cluster 2,0,30.12
L1-TA-1_LGD-1,bfnlceoc-1,Cluster 12,0,108.28
L1-TA-1_LGD-1,nahehjml-1,Cluster 12,0,38.07
L1-TA-1_LGD-1,nakicpea-1,Cluster 14,0,10.30
L1-TA-1_LGD-1,nahmonjc-1,Cluster 12,0,33.10
L1-TA-1_LGD-1,nahejjan-1,Cluster 12,0,42.99
L1-TA-1_LGD-1,nakfpmcp-1,Cluster 3,0,94.51
L1-TA-1_LGD-1,bfnkplli-1,Cluster 4,0,47.01
L1-TA-1_LGD-1,naadgkkl-1,Cluster 12,0,50.17
L1-TA-1_LGD-1,naaoaglc-1,Cluster 6,0,37.52
L1-TA-1_LGD-1,bfnnghnc-1,Cluster 12,0,49.04
L1-TA-1_LGD-1,naapnenb-1,Cluster 12,0,90.04
L1-TA-1_LGD-1,naaciido-1,Cluster 12,0,55.72
L1-TA-1_LGD-1,nabalnoc-1,Cluster 19,0,52.65
L1-TA-1_LGD-1,naapjpoi-1,Cluster 12,0,52.29
L1-TA-1_LGD-1,naacednk-1,Cluster 2,0,29.26
L1-TA-1_LGD-1,naabhapj-1,Cluster 12,0,30.35
L1-TA-1_LGD-1,nabbakgd-1,Cluster 4,0,49.54
L1-TA-1_LGD-1,nabhccgk-1,Cluster 3,0,57.17
L1-TA-1_LGD-1,nabaabne-1,Cluster 12,0,58.07
L1-TA-1_LGD-1,nabbajnn-1,Cluster 19,0,67.82
L1-TA-1_LGD-1,nabhdnon-1,Cluster 4,0,18.29
L1-TA-1_LGD-1,nabicpha-1,Cluster 4,0,22.49
L1-TA-1_LGD-1,nabaaboc-1,Cluster 2,0,16.80
L1-TA-1_LGD-1,nabannef-1,Cluster 10,0,39.51
L1-TA-1_LGD-1,nabajbjl-1,Cluster 12,0,84.26
L1-TA-1_LGD-1,bfnmchjl-1,Cluster 12,0,65.88
L1-TA-1_LGD-1,naapjban-1,Cluster 12,0,61.41
L1-TA-1_LGD-1,nabfhlfp-1,Cluster 6,0,33.73
L1-TA-1_LGD-1,nabfkake-1,Cluster 4,0,39.20
L1-TA-1_LGD-1,naacabjj-1,Cluster 12,0,21.63
L1-TA-1_LGD-1,naableko-1,Cluster 12,0,63.44
L1-TA-1_LGD-1,naabiofa-1,Cluster 2,0,33.42
L1-TA-1_LGD-1,bfnhnfpd-1,Cluster 12,0,40.64
L1-TA-1_LGD-1,bfnhmlbp-1,Cluster 12,0,29.67
L1-TA-1_LGD-1,bfnhnfdl-1,Cluster 12,0,31.70
L1-TA-1_LGD-1,bfnhplgm-1,Cluster 12,0,51.16
L1-TA-1_LGD-1,naadkifo-1,Cluster 12,0,40.41
L1-TA-1_LGD-1,naadjppa-1,Cluster 10,0,32.65
L1-TA-1_LGD-1,bfnikeoh-1,Cluster 12,0,81.96
L1-TA-1_LGD-1,bfnijkae-1,Cluster 5,0,84.94
L1-TA-1_LGD-1,naacpffk-1,Cluster 4,0,54.01
L1-TA-1_LGD-1,bfnhnpie-1,Cluster 4,0,43.26
L1-TA-1_LGD-1,bfnienmn-1,Cluster 4,0,89.82
L1-TA-1_LGD-1,bfnilakj-1,Cluster 4,0,19.42
L1-TA-1_LGD-1,naaogaic-1,Cluster 7,0,28.67
L1-TA-1_LGD-1,nablmpno-1,Cluster 9,0,16.57
L1-TA-1_LGD-1,nabbbfhj-1,Cluster 2,0,37.12
L1-TA-1_LGD-1,nabbcafe-1,Cluster 2,0,32.38
L1-TA-1_LGD-1,naankmog-1,Cluster 10,0,71.57
L1-TA-1_LGD-1,naapgcla-1,Cluster 2,0,124.72
L1-TA-1_LGD-1,bfnmbjog-1,Cluster 10,0,54.50
L1-TA-1_LGD-1,naapbhmk-1,Cluster 12,0,45.83
L1-TA-1_LGD-1,nabjcffd-1,Cluster 2,0,66.61
L1-TA-1_LGD-1,oiebiado-1,Cluster 3,0,50.85
L1-TA-1_LGD-1,nablkcij-1,Cluster 6,0,49.27
L1-TA-1_LGD-1,nablipnj-1,Cluster 6,0,22.58
L1-TA-1_LGD-1,naaokdca-1,Cluster 3,0,51.93
L1-TA-1_LGD-1,bfnmbjcn-1,Cluster 6,0,57.53
L1-TA-1_LGD-1,nablcnkm-1,Cluster 6,0,18.65
L1-TA-1_LGD-1,naaoimna-1,Cluster 3,0,23.93
L1-TA-1_LGD-1,naaoljok-1,Cluster 3,0,25.20
L1-TA-1_LGD-1,nabjfgbe-1,Cluster 12,0,24.38
L1-TA-1_LGD-1,nablinbh-1,Cluster 15,0,38.16
L1-TA-1_LGD-1,bfnnhhii-1,Cluster 12,0,75.23
L1-TA-1_LGD-1,nabjbabk-1,Cluster 12,0,120.97
L1-TA-1_LGD-1,naaohnpp-1,Cluster 6,0,41.14
L1-TA-1_LGD-1,nablkjfh-1,Cluster 12,0,138.67
L1-TA-1_LGD-1,nabjdgid-1,Cluster 12,0,43.44
L1-TA-1_LGD-1,naaocndc-1,Cluster 12,0,75.73
L1-TA-1_LGD-1,naaocccm-1,Cluster 12,0,46.92
L1-TA-1_LGD-1,nabboblb-1,Cluster 12,0,99.16
L1-TA-1_LGD-1,nabcgacf-1,Cluster 12,0,42.04
L1-TA-1_LGD-1,naanmhbo-1,Cluster 12,0,32.33
L1-TA-1_LGD-1,naaobclo-1,Cluster 12,0,83.45
L1-TA-1_LGD-1,naanlcae-1,Cluster 3,0,59.65
L1-TA-1_LGD-1,nabcadlf-1,Cluster 12,0,32.65
L1-TA-1_LGD-1,nabcanef-1,Cluster 12,0,117.18
L1-TA-1_LGD-1,naanmkjh-1,Cluster 12,0,41.54
L1-TA-1_LGD-1,naiabegl-1,Cluster 12,0,31.43
L1-TA-1_LGD-1,naiamfkf-1,Cluster 12,0,51.43
L1-TA-1_LGD-1,naibdepp-1,Cluster 12,0,133.03
L1-TA-1_LGD-1,naicajpn-1,Cluster 12,0,84.13
L1-TA-1_LGD-1,naibmafk-1,Cluster 2,0,12.64
L1-TA-1_LGD-1,naiajdif-1,Cluster 23,0,102.37
L1-TA-1_LGD-1,naibcmbm-1,Cluster 12,0,84.85
L1-TA-1_LGD-1,nababfac-1,Cluster 12,0,108.65
L1-TA-1_LGD-1,naiblahn-1,Cluster 12,0,21.95
L1-TA-1_LGD-1,naiapdmn-1,Cluster 12,0,181.75
L1-TA-1_LGD-1,nahdejnf-1,Cluster 4,0,69.50
L1-TA-1_LGD-1,nahoeenh-1,Cluster 12,0,68.14
L1-TA-1_LGD-1,nahfcink-1,Cluster 4,0,141.84
L1-TA-1_LGD-1,naaeofjf-1,Cluster 12,0,53.33
L1-TA-1_LGD-1,nahdlbdg-1,Cluster 12,0,45.83
L1-TA-1_LGD-1,naaemonc-1,Cluster 12,0,50.53
L1-TA-1_LGD-1,nahdkknm-1,Cluster 4,0,45.16
L1-TA-1_LGD-1,nahfehni-1,Cluster 4,0,110.27
L1-TA-1_LGD-1,nahojamo-1,Cluster 12,0,53.83
L1-TA-1_LGD-1,nahoiijn-1,Cluster 12,0,157.01
L1-TA-1_LGD-1,naialabn-1,Cluster 4,0,49.31
L1-TA-1_LGD-1,nahdhdpg-1,Cluster 12,0,93.34
L1-TA-1_LGD-1,nahdnckh-1,Cluster 4,0,129.87
L1-TA-1_LGD-1,bfnkepib-1,Cluster 12,0,79.34
L1-TA-1_LGD-1,nahfklfi-1,Cluster 3,0,59.29
L1-TA-1_LGD-1,nahfkocb-1,Cluster 4,0,32.69
L1-TA-1_LGD-1,nahfeaam-1,Cluster 12,0,116.01
L1-TA-1_LGD-1,nahfdogn-1,Cluster 12,0,54.96
L1-TA-1_LGD-1,naaceljh-1,Cluster 4,0,77.98
L1-TA-1_LGD-1,nahddlie-1,Cluster 12,0,53.56
L1-TA-1_LGD-1,nahfjmne-1,Cluster 5,0,62.23
L1-TA-1_LGD-1,bfnkapha-1,Cluster 12,0,148.38
L1-TA-1_LGD-1,bfnkgdig-1,Cluster 12,0,72.48
L1-TA-1_LGD-1,naadgdpd-1,Cluster 12,0,112.80
L1-TA-1_LGD-1,naibojah-1,Cluster 3,0,42.99
L1-TA-1_LGD-1,naicalmj-1,Cluster 6,0,30.03
L1-TA-1_LGD-1,nabbdhgp-1,Cluster 4,0,27.05
L1-TA-1_LGD-1,nabbdkfj-1,Cluster 4,0,17.02
L1-TA-1_LGD-1,naiainfo-1,Cluster 2,0,53.87
L1-TA-1_LGD-1,naicelep-1,Cluster 12,0,24.70
L1-TA-1_LGD-1,nabbjdnc-1,Cluster 4,0,16.35
L1-TA-1_LGD-1,nahobomg-1,Cluster 12,0,45.02
L1-TA-1_LGD-1,nabbnnhg-1,Cluster 4,0,29.67
L1-TA-1_LGD-1,naibfbak-1,Cluster 6,0,78.03
L1-TA-1_LGD-1,nahnpcnm-1,Cluster 7,0,14.95
L1-TA-1_LGD-1,nahockcc-1,Cluster 7,0,19.87
L1-TA-1_LGD-1,naapfloa-1,Cluster 12,0,45.02
L1-TA-1_LGD-1,nahobngo-1,Cluster 4,0,34.91
L1-TA-1_LGD-1,nabbmehe-1,Cluster 2,0,25.15
L1-TA-1_LGD-1,nahodljp-1,Cluster 12,0,51.52
L1-TA-1_LGD-1,nahnnhfg-1,Cluster 2,0,20.14
L1-TA-1_LGD-1,nahndkob-1,Cluster 12,0,66.74
L1-TA-1_LGD-1,nahnffhi-1,Cluster 12,0,48.09
L1-TA-1_LGD-1,nahnpaam-1,Cluster 4,0,40.41
L1-TA-1_LGD-1,nahnpgpc-1,Cluster 7,0,19.24
L1-TA-1_LGD-1,nahncbmi-1,Cluster 3,0,55.63
L1-TA-1_LGD-1,nahnmnen-1,Cluster 2,0,30.35
L1-TA-1_LGD-1,nahnkipm-1,Cluster 12,0,84.62
L1-TA-1_LGD-1,naaoolla-1,Cluster 27,0,79.52
L1-TA-1_LGD-1,nahobjpl-1,Cluster 6,0,130.55
L1-TA-1_LGD-1,naibkmkp-1,Cluster 9,0,33.10
L1-TA-1_LGD-1,nahnlinf-1,Cluster 2,0,36.22
L1-TA-1_LGD-1,naicapeo-1,Cluster 2,0,43.35
L1-TA-1_LGD-1,nahnomih-1,Cluster 12,0,169.29
L1-TA-1_LGD-1,naibgdan-1,Cluster 3,0,17.11
L1-TA-1_LGD-1,naiciicd-1,Cluster 4,0,73.83
L1-TA-1_LGD-1,naiaibki-1,Cluster 2,0,16.93
L1-TA-1_LGD-1,nabbnkil-1,Cluster 4,0,27.77
L1-TA-1_LGD-1,naiabbfj-1,Cluster 3,0,12.19
L1-TA-1_LGD-1,mppmboie-1,Cluster 6,0,73.70
L1-TA-1_LGD-1,mpppmjfc-1,Cluster 15,0,52.34
L1-TA-1_LGD-1,naaaeifk-1,Cluster 6,0,40.46
L1-TA-1_LGD-1,mpppmhko-1,Cluster 15,0,35.58
L1-TA-1_LGD-1,mpppoael-1,Cluster 15,0,36.94
L1-TA-1_LGD-1,naaagjha-1,Cluster 10,0,55.90
L1-TA-1_LGD-1,naaahndg-1,Cluster 16,0,27.05
L1-TA-1_LGD-1,naabdbfa-1,Cluster 15,0,47.87
L1-TA-1_LGD-1,naabakjp-1,Cluster 1,0,32.60
L1-TA-1_LGD-1,naaaokmo-1,Cluster 1,0,21.27
L1-TA-1_LGD-1,oiebbkde-1,Cluster 14,0,9.39
L1-TA-1_LGD-1,naaaimcm-1,Cluster 24,0,41.63
L1-TA-1_LGD-1,mpplfkic-1,Cluster 6,0,37.93
L1-TA-1_LGD-1,naabbjba-1,Cluster 6,0,57.71
L1-TA-1_LGD-1,mppoodli-1,Cluster 2,0,73.92
L1-TA-1_LGD-1,mpppilog-1,Cluster 12,0,32.24
L1-TA-1_LGD-1,bfmgcgdp-1,Cluster 12,0,62.32
L1-TA-1_LGD-1,mpppcfmj-1,Cluster 12,0,110.68
L1-TA-1_LGD-1,mpppijjm-1,Cluster 6,0,48.27
L1-TA-1_LGD-1,mppphbjk-1,Cluster 12,0,115.78
L1-TA-1_LGD-1,mppoepma-1,Cluster 12,0,61.59
L1-TA-1_LGD-1,bfmdmmei-1,Cluster 2,0,48.68
L1-TA-1_LGD-1,mppoifkn-1,Cluster 12,0,156.38
L1-TA-1_LGD-1,mppopidj-1,Cluster 4,0,135.83
L1-TA-1_LGD-1,mppoeohf-1,Cluster 2,0,29.08
L1-TA-1_LGD-1,mpplbkhm-1,Cluster 7,0,20.95
L1-TA-1_LGD-1,bfmeilpa-1,Cluster 12,0,69.50
L1-TA-1_LGD-1,bfmgepha-1,Cluster 6,0,27.36
L1-TA-1_LGD-1,oieapgpo-1,Cluster 14,0,38.43
L1-TA-1_LGD-1,mppndopn-1,Cluster 4,0,32.69
L1-TA-1_LGD-1,mpplbkng-1,Cluster 6,0,48.86
L1-TA-1_LGD-1,mppnbldj-1,Cluster 7,0,51.39
L1-TA-1_LGD-1,mppmgkba-1,Cluster 9,0,47.87
L1-TA-1_LGD-1,bfnphfmg-1,Cluster 2,0,38.74
L1-TA-1_LGD-1,mppmcalm-1,Cluster 9,0,37.75
L1-TA-1_LGD-1,mpplbilj-1,Cluster 3,0,53.01
L1-TA-1_LGD-1,mppmejok-1,Cluster 6,0,50.30
L1-TA-1_LGD-1,mppmgkhf-1,Cluster 6,0,78.39
L1-TA-1_LGD-1,mpplelbe-1,Cluster 9,0,40.91
L1-TA-1_LGD-1,mppmgpah-1,Cluster 3,0,39.11
L1-TA-1_LGD-1,mpplkkfc-1,Cluster 15,0,45.97
L1-TA-1_LGD-1,bfmegadk-1,Cluster 12,0,72.61
L1-TA-1_LGD-1,mpplpmmn-1,Cluster 6,0,40.10
L1-TA-1_LGD-1,mpplngjn-1,Cluster 15,0,56.40
L1-TA-1_LGD-1,mppnbcdi-1,Cluster 10,0,56.63
L1-TA-1_LGD-1,mppmpdgo-1,Cluster 14,0,19.01
L1-TA-1_LGD-1,mppmhffp-1,Cluster 6,0,64.93
L1-TA-1_LGD-1,bfmegdao-1,Cluster 15,0,48.32
L1-TA-1_LGD-1,mpplkejk-1,Cluster 25,0,39.78
L1-TA-1_LGD-1,bfmdnmpf-1,Cluster 12,0,41.23
L1-TA-1_LGD-1,mpplhmmb-1,Cluster 6,0,35.22
L1-TA-1_LGD-1,nacdpell-1,Cluster 12,0,52.52
L1-TA-1_LGD-1,mpplncng-1,Cluster 10,0,36.58
L1-TA-1_LGD-1,mppljbcg-1,Cluster 4,0,38.65
L1-TA-1_LGD-1,bfmedohk-1,Cluster 12,0,45.61
L1-TA-1_LGD-1,nabmhmjb-1,Cluster 15,0,54.55
L1-TA-1_LGD-1,nabmloei-1,Cluster 16,0,51.84
L1-TA-1_LGD-1,oiebldei-1,Cluster 14,0,20.68
L1-TA-1_LGD-1,mppmbkif-1,Cluster 15,0,66.70
L1-TA-1_LGD-1,mpplmnhh-1,Cluster 3,0,39.69
L1-TA-1_LGD-1,nacfbopc-1,Cluster 12,0,76.31
L1-TA-1_LGD-1,nacdmpgo-1,Cluster 12,0,52.25
L1-TA-1_LGD-1,nabmldfm-1,Cluster 3,0,45.83
L1-TA-1_LGD-1,mpplaegd-1,Cluster 3,0,106.52
L1-TA-1_LGD-1,nabiince-1,Cluster 24,0,37.16
L1-TA-1_LGD-1,mppklffk-1,Cluster 7,0,53.78
L1-TA-1_LGD-1,mppkkcea-1,Cluster 3,0,31.20
L1-TA-1_LGD-1,mppkglja-1,Cluster 2,0,47.69
L1-TA-1_LGD-1,mppkbbii-1,Cluster 6,0,11.47
L1-TA-1_LGD-1,nabkfben-1,Cluster 3,0,31.74
L1-TA-1_LGD-1,mppincdj-1,Cluster 6,0,63.44
L1-TA-1_LGD-1,mppkbnck-1,Cluster 3,0,36.62
L1-TA-1_LGD-1,bfnpcnab-1,Cluster 5,0,42.00
L1-TA-1_LGD-1,nabjockl-1,Cluster 10,0,27.77
L1-TA-1_LGD-1,mppilblk-1,Cluster 7,0,70.40
L1-TA-1_LGD-1,mppkfkkc-1,Cluster 1,0,29.67
L1-TA-1_LGD-1,mppkfmhc-1,Cluster 3,0,51.16
L1-TA-1_LGD-1,mppkmedp-1,Cluster 4,0,86.93
L1-TA-1_LGD-1,mppkcihk-1,Cluster 10,0,24.88
L1-TA-1_LGD-1,mppkcjfg-1,Cluster 9,0,11.56
L1-TA-1_LGD-1,nabiinee-1,Cluster 14,0,14.59
L1-TA-1_LGD-1,mppindid-1,Cluster 6,0,39.20
L1-TA-1_LGD-1,mppkckik-1,Cluster 9,0,30.89
L1-TA-1_LGD-1,mppkkkmd-1,Cluster 6,0,71.57
L1-TA-1_LGD-1,bfnphaeb-1,Cluster 2,0,37.66
L1-TA-1_LGD-1,mppipipb-1,Cluster 9,0,40.41
L1-TA-1_LGD-1,mppmafke-1,Cluster 10,0,67.10
L1-TA-1_LGD-1,bfnpggoa-1,Cluster 7,0,53.19
L1-TA-1_LGD-1,nabjmile-1,Cluster 10,0,50.30
L1-TA-1_LGD-1,mppjbebh-1,Cluster 3,0,18.24
L1-TA-1_LGD-1,mppmomcl-1,Cluster 14,0,7.41
L1-TA-1_LGD-1,nabimhde-1,Cluster 9,0,17.48
L1-TA-1_LGD-1,nabiomdm-1,Cluster 12,0,67.55
L1-TA-1_LGD-1,mppipdhi-1,Cluster 6,0,99.61
L1-TA-1_LGD-1,nabjaefo-1,Cluster 12,0,74.24
L1-TA-1_LGD-1,mppkekbk-1,Cluster 3,0,65.66
L1-TA-1_LGD-1,nabihgmk-1,Cluster 14,0,16.48
L1-TA-1_LGD-1,nabjflbd-1,Cluster 2,0,20.00
M1-TA-1_LGD-1,daojnnae-1,Cluster 5,0,26.60
M1-TA-1_LGD-1,daoggikg-1,Cluster 2,0,29.49
M1-TA-1_LGD-1,daoijlek-1,Cluster 5,0,36.08
M1-TA-1_LGD-1,daojgcep-1,Cluster 5,0,35.72
M1-TA-1_LGD-1,ejajpilc-1,Cluster 3,0,83.13
M1-TA-1_LGD-1,ejajfpmk-1,Cluster 20,0,70.67
M1-TA-1_LGD-1,ejakcicn-1,Cluster 3,0,74.96
M1-TA-1_LGD-1,oedjhbpi-1,Cluster 19,0,42.58
M1-TA-1_LGD-1,daojpngi-1,Cluster 5,0,30.66
M1-TA-1_LGD-1,daogpige-1,Cluster 5,0,45.83
M1-TA-1_LGD-1,daofpjcn-1,Cluster 5,0,29.76
M1-TA-1_LGD-1,daohacpm-1,Cluster 5,0,29.49
M1-TA-1_LGD-1,daogflje-1,Cluster 5,0,38.61
M1-TA-1_LGD-1,daogocpn-1,Cluster 2,0,39.56
M1-TA-1_LGD-1,daogdioh-1,Cluster 5,0,49.58
M1-TA-1_LGD-1,ejacondm-1,Cluster 4,0,12.78
M1-TA-1_LGD-1,daogaeed-1,Cluster 4,0,39.47
M1-TA-1_LGD-1,daokabab-1,Cluster 2,0,17.29
M1-TA-1_LGD-1,ejacgcfh-1,Cluster 6,0,40.10
M1-TA-1_LGD-1,ejacjoph-1,Cluster 2,0,12.51
M1-TA-1_LGD-1,daokepea-1,Cluster 5,0,41.18
M1-TA-1_LGD-1,daokblgp-1,Cluster 4,0,44.70
M1-TA-1_LGD-1,daklbflj-1,Cluster 5,0,120.66
M1-TA-1_LGD-1,daokbpod-1,Cluster 4,0,25.02
M1-TA-1_LGD-1,daoklfco-1,Cluster 4,0,22.17
M1-TA-1_LGD-1,ejacfmfp-1,Cluster 5,0,25.11
M1-TA-1_LGD-1,dakjchni-1,Cluster 4,0,67.78
M1-TA-1_LGD-1,daokidif-1,Cluster 4,0,82.27
M1-TA-1_LGD-1,dakjdooa-1,Cluster 5,0,53.33
M1-TA-1_LGD-1,dakkobia-1,Cluster 12,0,36.76
M1-TA-1_LGD-1,ejacbgka-1,Cluster 5,0,35.81
M1-TA-1_LGD-1,dakhogdp-1,Cluster 5,0,35.31
M1-TA-1_LGD-1,ejajlfcc-1,Cluster 4,0,119.57
M1-TA-1_LGD-1,daopaomp-1,Cluster 5,0,52.38
M1-TA-1_LGD-1,ejakcnfo-1,Cluster 5,0,56.72
M1-TA-1_LGD-1,dapacfkp-1,Cluster 4,0,32.33
M1-TA-1_LGD-1,ejajolmb-1,Cluster 14,0,13.46
M1-TA-1_LGD-1,ejakhmen-1,Cluster 4,0,13.37
M1-TA-1_LGD-1,daopcjpe-1,Cluster 4,0,45.02
M1-TA-1_LGD-1,daooofgm-1,Cluster 5,0,47.50
M1-TA-1_LGD-1,daoplinp-1,Cluster 5,0,36.58
M1-TA-1_LGD-1,daopdkhg-1,Cluster 4,0,45.65
M1-TA-1_LGD-1,daoppaoj-1,Cluster 5,0,49.49
M1-TA-1_LGD-1,daohbpeg-1,Cluster 2,0,28.67
M1-TA-1_LGD-1,oedjhehl-1,Cluster 14,0,8.31
M1-TA-1_LGD-1,ejajeamh-1,Cluster 6,0,58.52
M1-TA-1_LGD-1,daogjfgc-1,Cluster 2,0,35.94
M1-TA-1_LGD-1,ejadaglg-1,Cluster 4,0,38.92
M1-TA-1_LGD-1,daokpgdm-1,Cluster 2,0,36.03
M1-TA-1_LGD-1,ejajgkga-1,Cluster 4,0,86.97
M1-TA-1_LGD-1,daokpcil-1,Cluster 4,0,29.49
M1-TA-1_LGD-1,ejajhmed-1,Cluster 6,0,41.18
M1-TA-1_LGD-1,oedjinpj-1,Cluster 14,0,20.55
M1-TA-1_LGD-1,ejakfjjj-1,Cluster 14,0,9.53
M1-TA-1_LGD-1,daoghhej-1,Cluster 5,0,48.45
M1-TA-1_LGD-1,daopopnj-1,Cluster 15,0,59.29
M1-TA-1_LGD-1,daoghmae-1,Cluster 5,0,34.32
M1-TA-1_LGD-1,daofjopk-1,Cluster 5,0,49.81
M1-TA-1_LGD-1,daogjkfh-1,Cluster 5,0,46.33
M1-TA-1_LGD-1,oedjkpfb-1,Cluster 14,0,10.66
M1-TA-1_LGD-1,daofkhlk-1,Cluster 2,0,22.49
M1-TA-1_LGD-1,ejajpgch-1,Cluster 14,0,17.93
M1-TA-1_LGD-1,daogkide-1,Cluster 23,0,28.81
M1-TA-1_LGD-1,ejajijhl-1,Cluster 15,0,52.70
M1-TA-1_LGD-1,daofmmde-1,Cluster 2,0,35.09
M1-TA-1_LGD-1,ejaiokmh-1,Cluster 5,0,35.00
M1-TA-1_LGD-1,ejailnka-1,Cluster 5,0,58.52
M1-TA-1_LGD-1,dapaflih-1,Cluster 2,0,34.00
M1-TA-1_LGD-1,ejabcmkk-1,Cluster 6,0,59.15
M1-TA-1_LGD-1,dapbcmdi-1,Cluster 4,0,27.18
M1-TA-1_LGD-1,daopebne-1,Cluster 5,0,47.01
M1-TA-1_LGD-1,ejajcfcm-1,Cluster 3,0,38.92
M1-TA-1_LGD-1,ejajdpmk-1,Cluster 6,0,42.54
M1-TA-1_LGD-1,ejabgndf-1,Cluster 10,0,67.37
M1-TA-1_LGD-1,ejabnkil-1,Cluster 4,0,27.41
M1-TA-1_LGD-1,ejaiodid-1,Cluster 4,0,53.24
M1-TA-1_LGD-1,ejajknij-1,Cluster 6,0,42.63
M1-TA-1_LGD-1,dapanldc-1,Cluster 5,0,63.17
M1-TA-1_LGD-1,oedjledi-1,Cluster 14,0,13.28
M1-TA-1_LGD-1,ejajlegm-1,Cluster 3,0,38.43
M1-TA-1_LGD-1,dapacnoh-1,Cluster 5,0,162.70
M1-TA-1_LGD-1,daophhid-1,Cluster 6,0,75.00
M1-TA-1_LGD-1,ejabkpkm-1,Cluster 5,0,55.63
M1-TA-1_LGD-1,daopidlb-1,Cluster 25,0,41.18
M1-TA-1_LGD-1,ejabkpmh-1,Cluster 9,0,58.84
M1-TA-1_LGD-1,daokplme-1,Cluster 5,0,61.10
M1-TA-1_LGD-1,oekbjmno-1,Cluster 14,0,6.73
M1-TA-1_LGD-1,dbbmijna-1,Cluster 1,0,44.57
M1-TA-1_LGD-1,oekcdbki-1,Unassigned,0,14.68
M1-TA-1_LGD-1,fpggjled-1,Cluster 9,0,38.88
M1-TA-1_LGD-1,oekbdgpm-1,Cluster 14,0,14.68
M1-TA-1_LGD-1,fpggijpg-1,Cluster 9,0,28.99
M1-TA-1_LGD-1,fpgfpohk-1,Cluster 14,0,18.97
M1-TA-1_LGD-1,fpgeiaik-1,Cluster 9,0,34.09
M1-TA-1_LGD-1,cpjkfpbp-1,Cluster 5,0,137.41
M1-TA-1_LGD-1,cpjiikdb-1,Cluster 5,0,45.92
M1-TA-1_LGD-1,fpfmoncd-1,Cluster 3,0,24.75
M1-TA-1_LGD-1,cpjijile-1,Cluster 4,0,59.38
M1-TA-1_LGD-1,cpjijiab-1,Cluster 5,0,82.23
M1-TA-1_LGD-1,cpjkcnbg-1,Cluster 4,0,111.13
M1-TA-1_LGD-1,cpjkbopl-1,Cluster 4,0,152.04
M1-TA-1_LGD-1,oejpakcc-1,Unassigned,0,6.28
M1-TA-1_LGD-1,fpgifnmk-1,Cluster 5,0,27.41
M1-TA-1_LGD-1,cpjimljc-1,Cluster 5,0,36.17
M1-TA-1_LGD-1,cpjimkdi-1,Cluster 2,0,61.64
M1-TA-1_LGD-1,fpgifeae-1,Cluster 14,0,16.39
M1-TA-1_LGD-1,fpgiipnh-1,Cluster 14,0,15.76
M1-TA-1_LGD-1,fpgijgoi-1,Cluster 9,0,23.30
M1-TA-1_LGD-1,fpgfnlpn-1,Cluster 14,0,16.57
M1-TA-1_LGD-1,fpgidfii-1,Cluster 14,0,16.98
M1-TA-1_LGD-1,cpjmejci-1,Cluster 1,0,54.28
M1-TA-1_LGD-1,cpjmmfdl-1,Cluster 4,0,165.63
M1-TA-1_LGD-1,fipmhclb-1,Cluster 3,0,57.94
M1-TA-1_LGD-1,cpjlndfc-1,Cluster 4,0,85.66
M1-TA-1_LGD-1,fipnkjkp-1,Cluster 9,0,31.07
M1-TA-1_LGD-1,fpgejljg-1,Cluster 6,0,72.97
M1-TA-1_LGD-1,cpjlgcgl-1,Cluster 14,0,64.26
M1-TA-1_LGD-1,fpgegkpo-1,Cluster 1,0,21.31
M1-TA-1_LGD-1,cpjmfjnd-1,Cluster 5,0,53.92
M1-TA-1_LGD-1,fpgdinie-1,Cluster 6,0,96.27
M1-TA-1_LGD-1,cpjlpbfe-1,Cluster 2,0,71.39
M1-TA-1_LGD-1,cpjlmlei-1,Cluster 16,0,58.12
M1-TA-1_LGD-1,cpjnpjad-1,Cluster 24,0,42.67
M1-TA-1_LGD-1,fipmkjnp-1,Cluster 3,0,45.02
M1-TA-1_LGD-1,cpjmpjnf-1,Cluster 12,0,104.76
M1-TA-1_LGD-1,cpjmomgh-1,Cluster 2,0,45.29
M1-TA-1_LGD-1,cpjmonhp-1,Cluster 5,0,147.25
M1-TA-1_LGD-1,fipmkohb-1,Cluster 3,0,46.33
M1-TA-1_LGD-1,cpjoacii-1,Cluster 16,0,72.39
M1-TA-1_LGD-1,fipoadpk-1,Cluster 4,0,74.01
M1-TA-1_LGD-1,cpjnkkpo-1,Cluster 10,0,49.54
M1-TA-1_LGD-1,fipnjmme-1,Cluster 9,0,25.33
M1-TA-1_LGD-1,fmaknoak-1,Cluster 9,0,26.91
M1-TA-1_LGD-1,fpfmofhb-1,Cluster 5,0,113.34
M1-TA-1_LGD-1,fpfmmcpf-1,Cluster 5,0,57.26
M1-TA-1_LGD-1,fpfoknak-1,Cluster 4,0,75.59
M1-TA-1_LGD-1,fpfoklph-1,Cluster 4,0,80.29
M1-TA-1_LGD-1,fpfmkimo-1,Cluster 4,0,62.41
M1-TA-1_LGD-1,fpfohlgo-1,Cluster 4,0,39.33
M1-TA-1_LGD-1,cpjmjaeo-1,Cluster 4,0,90.22
M1-TA-1_LGD-1,cpjihdgi-1,Cluster 2,0,144.14
M1-TA-1_LGD-1,cpjpoejo-1,Cluster 5,0,85.98
M1-TA-1_LGD-1,cpjpgeee-1,Cluster 4,0,32.74
M1-TA-1_LGD-1,cpjplanp-1,Cluster 5,0,81.78
M1-TA-1_LGD-1,fpfmpcpn-1,Cluster 7,0,16.57
M1-TA-1_LGD-1,fpfommen-1,Cluster 3,0,112.57
M1-TA-1_LGD-1,cpjiigho-1,Cluster 5,0,127.75
M1-TA-1_LGD-1,cpjpfomo-1,Cluster 2,0,70.62
M1-TA-1_LGD-1,cpjihjdk-1,Cluster 4,0,54.46
M1-TA-1_LGD-1,fpgihmbi-1,Cluster 5,0,44.25
M1-TA-1_LGD-1,cpjoplle-1,Cluster 6,0,39.33
M1-TA-1_LGD-1,cpjplchl-1,Cluster 4,0,125.76
M1-TA-1_LGD-1,cpjkfmkm-1,Cluster 4,0,167.48
M1-TA-1_LGD-1,cpjmmhmh-1,Cluster 12,0,94.87
M1-TA-1_LGD-1,cpjmdona-1,Cluster 7,0,32.87
M1-TA-1_LGD-1,fllpbnjj-1,Cluster 14,0,19.78
M1-TA-1_LGD-1,fllokfch-1,Cluster 5,0,40.60
M1-TA-1_LGD-1,cpkcaenf-1,Cluster 4,0,34.05
M1-TA-1_LGD-1,cpkcbnoe-1,Cluster 5,0,73.65
M1-TA-1_LGD-1,cpkbdgel-1,Cluster 5,0,85.57
M1-TA-1_LGD-1,cpkbbnej-1,Cluster 2,0,97.13
M1-TA-1_LGD-1,fllolkpp-1,Cluster 3,0,46.33
M1-TA-1_LGD-1,cpkbdegn-1,Cluster 4,0,32.74
M1-TA-1_LGD-1,fllokkfk-1,Cluster 7,0,14.68
M1-TA-1_LGD-1,cpkbnklo-1,Cluster 5,0,60.19
M1-TA-1_LGD-1,fmajnndg-1,Cluster 4,0,103.72
M1-TA-1_LGD-1,fllnadib-1,Cluster 2,0,60.06
M1-TA-1_LGD-1,flloldkp-1,Cluster 5,0,71.17
M1-TA-1_LGD-1,cpkboeep-1,Cluster 5,0,51.70
M1-TA-1_LGD-1,cpkbljgn-1,Cluster 12,0,129.37
M1-TA-1_LGD-1,fllnfeli-1,Cluster 4,0,58.34
M1-TA-1_LGD-1,fllobjmj-1,Cluster 4,0,41.63
M1-TA-1_LGD-1,fllnpoeh-1,Cluster 5,0,38.34
M1-TA-1_LGD-1,fllnjaba-1,Cluster 4,0,172.59
M1-TA-1_LGD-1,fllncanf-1,Cluster 5,0,90.58
M1-TA-1_LGD-1,fmakdand-1,Cluster 4,0,107.52
M1-TA-1_LGD-1,fllnonjk-1,Cluster 2,0,60.51
M1-TA-1_LGD-1,fllnpgci-1,Cluster 4,0,66.56
M1-TA-1_LGD-1,fmakeomi-1,Cluster 4,0,49.94
M1-TA-1_LGD-1,cpjmnplm-1,Cluster 5,0,76.09
M1-TA-1_LGD-1,fllnoilb-1,Cluster 4,0,344.72
M1-TA-1_LGD-1,cpjmjlfj-1,Cluster 4,0,53.69
M1-TA-1_LGD-1,fllnlgnk-1,Cluster 4,0,100.70
M1-TA-1_LGD-1,fmakcdbg-1,Cluster 4,0,31.07
M1-TA-1_LGD-1,fllnjonp-1,Cluster 2,0,66.70
M1-TA-1_LGD-1,fpfmlbcp-1,Cluster 4,0,105.85
M1-TA-1_LGD-1,fllnlpld-1,Cluster 5,0,78.12
M1-TA-1_LGD-1,fmakghcf-1,Cluster 4,0,226.50
M1-TA-1_LGD-1,cpjnaanh-1,Cluster 4,0,85.89
M1-TA-1_LGD-1,fmakaghf-1,Cluster 4,0,111.99
M1-TA-1_LGD-1,flmehkbg-1,Cluster 10,0,42.18
M1-TA-1_LGD-1,fllmipfb-1,Unassigned,0,10.39
M1-TA-1_LGD-1,flmefhhk-1,Cluster 10,0,42.40
M1-TA-1_LGD-1,cpkckoki-1,Cluster 14,0,62.68
M1-TA-1_LGD-1,flmdponj-1,Cluster 10,0,43.30
M1-TA-1_LGD-1,fllmogah-1,Cluster 1,0,40.01
M1-TA-1_LGD-1,flmehocd-1,Cluster 10,0,46.19
M1-TA-1_LGD-1,fllmicin-1,Cluster 10,0,27.73
M1-TA-1_LGD-1,flmbcehf-1,Cluster 6,0,48.54
M1-TA-1_LGD-1,cpkccigg-1,Cluster 6,0,43.08
M1-TA-1_LGD-1,fllmljio-1,Cluster 10,0,79.07
M1-TA-1_LGD-1,fllmknpl-1,Cluster 14,0,33.64
M1-TA-1_LGD-1,fllmlpdh-1,Cluster 10,0,36.62
M1-TA-1_LGD-1,fllmeeai-1,Cluster 10,0,38.25
M1-TA-1_LGD-1,cpkcbplg-1,Cluster 10,0,73.15
M1-TA-1_LGD-1,flmdpiml-1,Cluster 10,0,43.30
M1-TA-1_LGD-1,flmablde-1,Cluster 9,0,45.88
M1-TA-1_LGD-1,fllpeood-1,Cluster 10,0,74.19
M1-TA-1_LGD-1,fllmjidm-1,Cluster 10,0,46.10
M1-TA-1_LGD-1,fllpmfik-1,Cluster 10,0,29.71
M1-TA-1_LGD-1,fllpffjc-1,Cluster 6,0,53.92
M1-TA-1_LGD-1,flmabmdd-1,Cluster 6,0,24.52
M1-TA-1_LGD-1,flmafphn-1,Cluster 10,0,67.01
M1-TA-1_LGD-1,fllpkmda-1,Cluster 1,0,63.99
M1-TA-1_LGD-1,flmaciom-1,Cluster 6,0,13.28
M1-TA-1_LGD-1,fllokeih-1,Cluster 6,0,61.77
M1-TA-1_LGD-1,fllodnji-1,Cluster 3,0,73.97
M1-TA-1_LGD-1,fllpcifn-1,Cluster 14,0,19.78
M1-TA-1_LGD-1,flmacpph-1,Cluster 6,0,15.40
M1-TA-1_LGD-1,fllpelmk-1,Cluster 14,0,22.22
M1-TA-1_LGD-1,oeinnapm-1,Cluster 6,0,17.34
M1-TA-1_LGD-1,flmbjipd-1,Cluster 4,0,139.17
M1-TA-1_LGD-1,fmaiedik-1,Cluster 4,0,47.46
M1-TA-1_LGD-1,fmaioppl-1,Cluster 4,0,230.30
M1-TA-1_LGD-1,cpjjngmm-1,Cluster 5,0,113.70
M1-TA-1_LGD-1,fmaieiba-1,Cluster 4,0,483.67
M1-TA-1_LGD-1,fmajbnfo-1,Cluster 4,0,166.31
M1-TA-1_LGD-1,fmaihkgi-1,Cluster 4,0,128.47
M1-TA-1_LGD-1,fmajhpad-1,Cluster 4,0,199.41
M1-TA-1_LGD-1,fipoalho-1,Cluster 4,0,45.65
M1-TA-1_LGD-1,cpjinook-1,Cluster 4,0,129.64
M1-TA-1_LGD-1,fmajlkeg-1,Cluster 4,0,62.81
M1-TA-1_LGD-1,fmajeonl-1,Cluster 4,0,186.50
M1-TA-1_LGD-1,cpjjphgb-1,Cluster 4,0,75.19
M1-TA-1_LGD-1,fmajfjai-1,Cluster 5,0,137.50
M1-TA-1_LGD-1,fmajefbi-1,Cluster 4,0,29.80
M1-TA-1_LGD-1,cpjjmmin-1,Cluster 25,0,33.91
M1-TA-1_LGD-1,cpjjphen-1,Cluster 5,0,109.73
M1-TA-1_LGD-1,fmaijgmg-1,Cluster 4,0,59.34
M1-TA-1_LGD-1,cpjipjdh-1,Cluster 4,0,51.79
M1-TA-1_LGD-1,fmajefof-1,Cluster 4,0,119.57
M1-TA-1_LGD-1,cpjiooop-1,Cluster 12,0,83.00
M1-TA-1_LGD-1,fmajjfke-1,Cluster 4,0,62.68
M1-TA-1_LGD-1,fipnoeld-1,Cluster 3,0,40.87
M1-TA-1_LGD-1,oehilnpm-1,Cluster 14,0,14.22
M1-TA-1_LGD-1,fipnppip-1,Cluster 3,0,23.07
M1-TA-1_LGD-1,cpjjcmkj-1,Cluster 6,0,32.02
M1-TA-1_LGD-1,cpjjebdd-1,Cluster 16,0,91.13
M1-TA-1_LGD-1,fipocopg-1,Cluster 3,0,55.50
M1-TA-1_LGD-1,cpjjodbl-1,Cluster 5,0,46.60
M1-TA-1_LGD-1,fipjdkfg-1,Cluster 16,0,60.19
M1-TA-1_LGD-1,cpjnjjfe-1,Cluster 24,0,45.65
M1-TA-1_LGD-1,fipjicib-1,Cluster 9,0,27.95
M1-TA-1_LGD-1,cpjincif-1,Cluster 16,0,40.51
M1-TA-1_LGD-1,oehimcfb-1,Cluster 14,0,11.33
M1-TA-1_LGD-1,cpjjcdcj-1,Cluster 15,0,36.22
M1-TA-1_LGD-1,cpkbphcg-1,Cluster 5,0,84.94
M1-TA-1_LGD-1,fmalejof-1,Cluster 1,0,40.14
M1-TA-1_LGD-1,fmakkjpp-1,Cluster 5,0,44.57
M1-TA-1_LGD-1,fmaiabkm-1,Cluster 4,0,61.19
M1-TA-1_LGD-1,oeipjjba-1,Cluster 22,0,37.98
M1-TA-1_LGD-1,flmanjff-1,Cluster 7,0,40.60
M1-TA-1_LGD-1,cpkbadop-1,Cluster 5,0,63.90
M1-TA-1_LGD-1,fmalceim-1,Cluster 7,0,27.59
M1-TA-1_LGD-1,cpjohcie-1,Cluster 4,0,55.77
M1-TA-1_LGD-1,fmalbiok-1,Cluster 9,0,44.30
M1-TA-1_LGD-1,fmaibonl-1,Cluster 5,0,65.03
M1-TA-1_LGD-1,fmalgmpk-1,Cluster 9,0,39.69
M1-TA-1_LGD-1,flmbbgei-1,Cluster 3,0,29.44
M1-TA-1_LGD-1,fmalhedk-1,Cluster 19,0,37.75
M1-TA-1_LGD-1,fmalfjee-1,Cluster 20,0,73.70
M1-TA-1_LGD-1,fmakldbc-1,Cluster 4,0,42.18
M1-TA-1_LGD-1,fmalmeco-1,Cluster 7,0,57.08
M1-TA-1_LGD-1,fmakogdc-1,Cluster 4,0,49.13
M1-TA-1_LGD-1,cpjoeefi-1,Cluster 4,0,49.45
M1-TA-1_LGD-1,cpkapikm-1,Cluster 5,0,115.28
M1-TA-1_LGD-1,cpkalejk-1,Cluster 5,0,75.28
M1-TA-1_LGD-1,flmbdmim-1,Cluster 4,0,74.10
M1-TA-1_LGD-1,oeipippg-1,Cluster 1,0,53.69
M1-TA-1_LGD-1,fmalipja-1,Cluster 4,0,33.60
M1-TA-1_LGD-1,fmainlam-1,Cluster 4,0,46.65
M1-TA-1_LGD-1,fmainbai-1,Cluster 4,0,95.91
M1-TA-1_LGD-1,fmaljpbm-1,Cluster 4,0,94.20
M1-TA-1_LGD-1,cpjogaef-1,Cluster 4,0,70.62
M1-TA-1_LGD-1,oeipeeie-1,Cluster 14,0,23.03
M1-TA-1_LGD-1,cpkalfdf-1,Cluster 4,0,50.03
M1-TA-1_LGD-1,oeipdfpc-1,Cluster 7,0,43.12
M1-TA-1_LGD-1,cpkcakao-1,Cluster 4,0,57.03
M1-TA-1_LGD-1,fmaijjnm-1,Cluster 4,0,62.72
M1-TA-1_LGD-1,cpkbjchb-1,Cluster 12,0,71.57
M1-TA-1_LGD-1,cpipllkj-1,Cluster 12,0,81.01
M1-TA-1_LGD-1,fmagijkp-1,Cluster 7,0,15.35
M1-TA-1_LGD-1,fipcaocb-1,Cluster 5,0,67.15
M1-TA-1_LGD-1,fipefajb-1,Cluster 4,0,36.58
M1-TA-1_LGD-1,cpipkifp-1,Cluster 2,0,42.27
M1-TA-1_LGD-1,cpjbfboj-1,Cluster 2,0,68.41
M1-TA-1_LGD-1,fipbpenb-1,Cluster 5,0,34.36
M1-TA-1_LGD-1,fipfgele-1,Cluster 6,0,67.06
M1-TA-1_LGD-1,cpjappdc-1,Cluster 2,0,32.87
M1-TA-1_LGD-1,fipfbdam-1,Cluster 4,0,81.73
M1-TA-1_LGD-1,fipegklh-1,Cluster 4,0,66.65
M1-TA-1_LGD-1,fipfaobe-1,Cluster 20,0,69.95
M1-TA-1_LGD-1,fipnlokm-1,Cluster 5,0,83.95
M1-TA-1_LGD-1,fipepggg-1,Cluster 6,0,25.65
M1-TA-1_LGD-1,fipeoppj-1,Cluster 10,0,50.58
M1-TA-1_LGD-1,cpjbeegc-1,Cluster 6,0,32.02
M1-TA-1_LGD-1,fipeokee-1,Cluster 6,0,22.22
M1-TA-1_LGD-1,fipdifhl-1,Cluster 9,0,31.34
M1-TA-1_LGD-1,fipdlhbj-1,Cluster 3,0,34.14
M1-TA-1_LGD-1,fipekgnn-1,Cluster 6,0,19.51
M1-TA-1_LGD-1,fipfefkn-1,Cluster 6,0,71.84
M1-TA-1_LGD-1,fipeoljn-1,Cluster 3,0,60.60
M1-TA-1_LGD-1,fipeeaib-1,Cluster 14,0,24.16
M1-TA-1_LGD-1,fipeinii-1,Cluster 14,0,14.99
M1-TA-1_LGD-1,fipjhdeo-1,Cluster 9,0,11.79
M1-TA-1_LGD-1,cpjbaapp-1,Cluster 1,0,45.70
M1-TA-1_LGD-1,oehhjaii-1,Cluster 14,0,19.15
M1-TA-1_LGD-1,cpjbepdk-1,Cluster 15,0,48.90
M1-TA-1_LGD-1,fipdngok-1,Cluster 10,0,34.77
M1-TA-1_LGD-1,fipdlgpa-1,Cluster 10,0,71.17
M1-TA-1_LGD-1,fipdokbk-1,Cluster 10,0,38.79
M1-TA-1_LGD-1,fipebekh-1,Cluster 10,0,22.13
M1-TA-1_LGD-1,oehhpadn-1,Cluster 14,0,18.38
M1-TA-1_LGD-1,fipebhjh-1,Cluster 3,0,47.87
M1-TA-1_LGD-1,cpjcgcke-1,Cluster 8,0,46.92
M1-TA-1_LGD-1,cpjcdoei-1,Cluster 13,0,73.97
M1-TA-1_LGD-1,oeipcjld-1,Cluster 14,0,37.80
M1-TA-1_LGD-1,cpjcbbeo-1,Cluster 4,0,63.35
M1-TA-1_LGD-1,fmalhfbb-1,Cluster 4,0,97.18
M1-TA-1_LGD-1,oeipahbg-1,Cluster 14,0,28.31
M1-TA-1_LGD-1,cpjbolfo-1,Cluster 4,0,65.79
M1-TA-1_LGD-1,cpjbknbe-1,Cluster 4,0,69.95
M1-TA-1_LGD-1,cpjbijnk-1,Cluster 4,0,32.02
M1-TA-1_LGD-1,cpjcgeim-1,Cluster 4,0,103.18
M1-TA-1_LGD-1,cpjbkknn-1,Cluster 4,0,56.40
M1-TA-1_LGD-1,fmahjkgp-1,Cluster 3,0,107.61
M1-TA-1_LGD-1,fmahddgb-1,Cluster 14,0,12.19
M1-TA-1_LGD-1,fmahadkk-1,Cluster 7,0,79.25
M1-TA-1_LGD-1,fmaekacn-1,Cluster 5,0,178.86
M1-TA-1_LGD-1,fmaihjmn-1,Cluster 4,0,238.65
M1-TA-1_LGD-1,cpjbleio-1,Cluster 5,0,94.78
M1-TA-1_LGD-1,fmahabml-1,Cluster 4,0,156.74
M1-TA-1_LGD-1,cpjboioj-1,Cluster 5,0,147.16
M1-TA-1_LGD-1,cpjboepg-1,Cluster 5,0,102.60
M1-TA-1_LGD-1,fmagjlce-1,Cluster 4,0,98.62
M1-TA-1_LGD-1,fmafigbo-1,Cluster 19,0,70.58
M1-TA-1_LGD-1,fmahbknm-1,Cluster 7,0,34.77
M1-TA-1_LGD-1,fmahbpab-1,Unassigned,0,7.72
M1-TA-1_LGD-1,oeipbekl-1,Cluster 14,0,14.18
M1-TA-1_LGD-1,cpjbmpjb-1,Cluster 25,0,62.18
M1-TA-1_LGD-1,fmaeknng-1,Cluster 4,0,235.72
M1-TA-1_LGD-1,fmaelehn-1,Cluster 7,0,59.97
M1-TA-1_LGD-1,cpipgpna-1,Cluster 23,0,91.98
M1-TA-1_LGD-1,fmagmkon-1,Cluster 4,0,108.19
M1-TA-1_LGD-1,cpjagglb-1,Cluster 5,0,55.00
M1-TA-1_LGD-1,fmagjach-1,Cluster 4,0,17.48
M1-TA-1_LGD-1,cpippmlk-1,Cluster 5,0,108.42
M1-TA-1_LGD-1,fipcboda-1,Cluster 5,0,55.59
M1-TA-1_LGD-1,cplodakh-1,Cluster 4,0,29.80
M1-TA-1_LGD-1,cplodmih-1,Cluster 4,0,51.39
M1-TA-1_LGD-1,cplofmkc-1,Cluster 2,0,39.83
M1-TA-1_LGD-1,cplofgcb-1,Cluster 4,0,50.39
M1-TA-1_LGD-1,fjbcadak-1,Cluster 4,0,45.47
M1-TA-1_LGD-1,fjapomho-1,Cluster 3,0,64.26
M1-TA-1_LGD-1,fjbbgnhb-1,Cluster 6,0,16.98
M1-TA-1_LGD-1,fjbabann-1,Cluster 6,0,71.30
M1-TA-1_LGD-1,cpmmobdo-1,Cluster 4,0,70.81
M1-TA-1_LGD-1,cpnkmegk-1,Cluster 4,0,68.55
M1-TA-1_LGD-1,fjmopein-1,Cluster 4,0,67.46
M1-TA-1_LGD-1,fjbbejjp-1,Cluster 5,0,135.60
M1-TA-1_LGD-1,cpnlfgoc-1,Cluster 4,0,69.13
M1-TA-1_LGD-1,cpmnodnf-1,Cluster 5,0,73.29
M1-TA-1_LGD-1,cpnleego-1,Cluster 4,0,50.71
M1-TA-1_LGD-1,fjbbfpdk-1,Cluster 4,0,52.25
M1-TA-1_LGD-1,fjmnneeb-1,Cluster 5,0,60.37
M1-TA-1_LGD-1,fjmpijbb-1,Cluster 9,0,9.21
M1-TA-1_LGD-1,fjmpaonc-1,Cluster 1,0,23.89
M1-TA-1_LGD-1,fjmpkpdh-1,Cluster 9,0,34.45
M1-TA-1_LGD-1,fjmoneei-1,Cluster 10,0,26.46
M1-TA-1_LGD-1,cpnkomkl-1,Cluster 15,0,41.09
M1-TA-1_LGD-1,fjmobcbm-1,Cluster 4,0,80.97
M1-TA-1_LGD-1,fjnhbepk-1,Cluster 19,0,33.60
M1-TA-1_LGD-1,cpmpcohg-1,Cluster 2,0,39.56
M1-TA-1_LGD-1,cpmpchki-1,Cluster 5,0,49.49
M1-TA-1_LGD-1,fjnilkif-1,Cluster 1,0,23.44
M1-TA-1_LGD-1,fjnijchh-1,Cluster 6,0,11.56
M1-TA-1_LGD-1,fjngpplb-1,Cluster 25,0,29.31
M1-TA-1_LGD-1,fjnijjag-1,Cluster 6,0,30.44
M1-TA-1_LGD-1,fjnihila-1,Cluster 6,0,13.86
M1-TA-1_LGD-1,oehpfnaj-1,Cluster 6,0,9.39
M1-TA-1_LGD-1,oehpjpae-1,Cluster 14,0,12.91
M1-TA-1_LGD-1,fjnggpgh-1,Cluster 9,0,30.30
M1-TA-1_LGD-1,fjniinfc-1,Cluster 7,0,16.57
M1-TA-1_LGD-1,oehphodi-1,Cluster 14,0,16.26
M1-TA-1_LGD-1,fjnkhbkl-1,Cluster 5,0,31.97
M1-TA-1_LGD-1,fjnkflgl-1,Cluster 4,0,58.30
M1-TA-1_LGD-1,cpmodmdm-1,Cluster 4,0,38.52
M1-TA-1_LGD-1,cpmodnmc-1,Cluster 2,0,42.63
M1-TA-1_LGD-1,fjnamiln-1,Cluster 9,0,29.13
M1-TA-1_LGD-1,fjnjccon-1,Cluster 14,0,19.24
M1-TA-1_LGD-1,cpmobnln-1,Cluster 2,0,37.71
M1-TA-1_LGD-1,cpmoggdd-1,Cluster 5,0,57.35
M1-TA-1_LGD-1,fjninhio-1,Cluster 16,0,46.74
M1-TA-1_LGD-1,oehpbopm-1,Cluster 14,0,12.24
M1-TA-1_LGD-1,cpmohknd-1,Cluster 5,0,51.88
M1-TA-1_LGD-1,fjnaminb-1,Cluster 10,0,38.61
M1-TA-1_LGD-1,fjnkgbom-1,Cluster 19,0,53.92
M1-TA-1_LGD-1,fjnhagnd-1,Cluster 9,0,12.69
M1-TA-1_LGD-1,fjnkgkph-1,Cluster 19,0,14.77
M1-TA-1_LGD-1,fjnbaghb-1,Cluster 10,0,34.77
M1-TA-1_LGD-1,cpmoklnn-1,Cluster 2,0,38.61
M1-TA-1_LGD-1,cplmmahc-1,Cluster 5,0,98.35
M1-TA-1_LGD-1,fjbbmocp-1,Cluster 5,0,62.14
M1-TA-1_LGD-1,fjdaakjn-1,Cluster 3,0,37.84
M1-TA-1_LGD-1,fjbbnegg-1,Cluster 7,0,10.02
M1-TA-1_LGD-1,cplndfpl-1,Cluster 4,0,36.26
M1-TA-1_LGD-1,cplneoak-1,Cluster 4,0,41.54
M1-TA-1_LGD-1,cplnficn-1,Cluster 2,0,32.56
M1-TA-1_LGD-1,cplnchll-1,Cluster 4,0,64.03
M1-TA-1_LGD-1,cplmpdfh-1,Cluster 2,0,55.27
M1-TA-1_LGD-1,cplndegb-1,Cluster 2,0,31.93
M1-TA-1_LGD-1,cplndoci-1,Cluster 2,0,32.15
M1-TA-1_LGD-1,fjbbkcgd-1,Cluster 6,0,28.85
M1-TA-1_LGD-1,cpmmlihn-1,Cluster 4,0,76.49
M1-TA-1_LGD-1,cpmncfbg-1,Cluster 4,0,58.52
M1-TA-1_LGD-1,cpmlpppn-1,Cluster 2,0,39.83
M1-TA-1_LGD-1,cpmmahfg-1,Cluster 4,0,47.41
M1-TA-1_LGD-1,cpmlmnpj-1,Cluster 2,0,37.89
M1-TA-1_LGD-1,cpmmbplc-1,Cluster 4,0,61.01
M1-TA-1_LGD-1,cpmmnmbo-1,Cluster 4,0,30.48
M1-TA-1_LGD-1,fjbbhfka-1,Cluster 2,0,22.44
M1-TA-1_LGD-1,cpmmemcm-1,Cluster 2,0,42.22
M1-TA-1_LGD-1,cpmmghkh-1,Cluster 4,0,33.28
M1-TA-1_LGD-1,fjbbeeca-1,Cluster 4,0,57.08
M1-TA-1_LGD-1,fjbblpmn-1,Cluster 3,0,22.58
M1-TA-1_LGD-1,cpmnpmbg-1,Cluster 4,0,74.64
M1-TA-1_LGD-1,cpnkckhb-1,Cluster 5,0,64.93
M1-TA-1_LGD-1,cpnkgbna-1,Cluster 25,0,19.87
M1-TA-1_LGD-1,fjmnpdaj-1,Cluster 4,0,20.14
M1-TA-1_LGD-1,fjmobbbg-1,Cluster 4,0,153.62
M1-TA-1_LGD-1,cpnkekmj-1,Cluster 5,0,69.77
M1-TA-1_LGD-1,cpnkeckm-1,Cluster 4,0,98.53
M1-TA-1_LGD-1,fjmoebjj-1,Cluster 5,0,144.55
M1-TA-1_LGD-1,fjmodpma-1,Cluster 4,0,84.26
M1-TA-1_LGD-1,fjmofabp-1,Cluster 1,0,16.89
M1-TA-1_LGD-1,flmpoomb-1,Cluster 10,0,42.94
M1-TA-1_LGD-1,fmaggine-1,Cluster 5,0,84.98
M1-TA-1_LGD-1,flmkidbd-1,Cluster 9,0,58.25
M1-TA-1_LGD-1,oehhdkdk-1,Cluster 14,0,34.41
M1-TA-1_LGD-1,fipccemp-1,Cluster 19,0,24.11
M1-TA-1_LGD-1,fipcnbpi-1,Cluster 15,0,21.90
M1-TA-1_LGD-1,fipcafen-1,Cluster 6,0,48.18
M1-TA-1_LGD-1,fipcfaag-1,Cluster 6,0,22.17
M1-TA-1_LGD-1,fipcfnfc-1,Cluster 6,0,26.28
M1-TA-1_LGD-1,fipbkkck-1,Cluster 19,0,26.28
M1-TA-1_LGD-1,oehhgilf-1,Cluster 14,0,22.35
M1-TA-1_LGD-1,fipbmiaa-1,Cluster 6,0,35.13
M1-TA-1_LGD-1,fipbnofc-1,Cluster 3,0,97.22
M1-TA-1_LGD-1,fipbmpla-1,Cluster 1,0,16.57
M1-TA-1_LGD-1,fipbnggg-1,Cluster 15,0,26.69
M1-TA-1_LGD-1,flmkhinf-1,Cluster 9,0,21.40
M1-TA-1_LGD-1,flmkhido-1,Cluster 15,0,28.72
M1-TA-1_LGD-1,fipcomlk-1,Cluster 14,0,13.46
M1-TA-1_LGD-1,fipfigke-1,Cluster 14,0,13.14
M1-TA-1_LGD-1,fipfgpjj-1,Cluster 14,0,9.35
M1-TA-1_LGD-1,fipiahel-1,Cluster 9,0,21.81
M1-TA-1_LGD-1,fipfhood-1,Cluster 14,0,13.41
M1-TA-1_LGD-1,fjdipoab-1,Cluster 9,0,15.35
M1-TA-1_LGD-1,fjdjcigk-1,Cluster 9,0,15.49
M1-TA-1_LGD-1,cpmechmm-1,Cluster 5,0,39.29
M1-TA-1_LGD-1,flmppgkh-1,Cluster 14,0,25.20
M1-TA-1_LGD-1,cpmdlgoe-1,Cluster 2,0,109.01
M1-TA-1_LGD-1,fjdimcej-1,Cluster 4,0,125.13
M1-TA-1_LGD-1,cpmegehd-1,Cluster 5,0,23.84
M1-TA-1_LGD-1,cpmefihg-1,Cluster 4,0,52.29
M1-TA-1_LGD-1,fiphbedn-1,Cluster 6,0,34.18
M1-TA-1_LGD-1,fipieelm-1,Cluster 10,0,47.32
M1-TA-1_LGD-1,fjdifepc-1,Cluster 14,0,12.33
M1-TA-1_LGD-1,fiphahdd-1,Cluster 6,0,20.32
M1-TA-1_LGD-1,fipibnod-1,Cluster 9,0,16.44
M1-TA-1_LGD-1,oehigipn-1,Unassigned,0,19.69
M1-TA-1_LGD-1,cpmdpjak-1,Cluster 2,0,70.17
M1-TA-1_LGD-1,fjdidlcp-1,Cluster 7,0,18.88
M1-TA-1_LGD-1,fjdkaock-1,Cluster 5,0,93.79
M1-TA-1_LGD-1,fjdkddam-1,Cluster 19,0,59.06
M1-TA-1_LGD-1,cpmedjdl-1,Cluster 5,0,81.37
M1-TA-1_LGD-1,cpmdpcha-1,Cluster 5,0,91.17
M1-TA-1_LGD-1,cpmdloml-1,Cluster 15,0,43.67
M1-TA-1_LGD-1,fipgphhm-1,Cluster 3,0,29.89
M1-TA-1_LGD-1,fjdjcbjh-1,Cluster 6,0,30.84
M1-TA-1_LGD-1,flmmoich-1,Cluster 4,0,40.64
M1-TA-1_LGD-1,fmafehie-1,Cluster 4,0,193.86
M1-TA-1_LGD-1,flmmaemd-1,Cluster 4,0,30.53
M1-TA-1_LGD-1,cpmiaifl-1,Cluster 5,0,134.52
M1-TA-1_LGD-1,flmmaeii-1,Cluster 2,0,39.60
M1-TA-1_LGD-1,cpmidbcj-1,Cluster 5,0,103.72
M1-TA-1_LGD-1,cpmifljc-1,Cluster 5,0,65.61
M1-TA-1_LGD-1,flmmfjio-1,Cluster 5,0,41.91
M1-TA-1_LGD-1,flmkfbfd-1,Cluster 2,0,77.26
M1-TA-1_LGD-1,flmmbkdb-1,Cluster 5,0,148.29
M1-TA-1_LGD-1,fmaenpeo-1,Cluster 5,0,229.94
M1-TA-1_LGD-1,flmlohhn-1,Cluster 4,0,30.12
M1-TA-1_LGD-1,flmkfgbo-1,Cluster 5,0,25.69
M1-TA-1_LGD-1,flmkfdoi-1,Cluster 5,0,32.15
M1-TA-1_LGD-1,flmlaefh-1,Cluster 6,0,21.95
M1-TA-1_LGD-1,flmloafi-1,Cluster 2,0,76.04
M1-TA-1_LGD-1,flmkfpho-1,Cluster 3,0,121.79
M1-TA-1_LGD-1,cpmgfpaa-1,Cluster 15,0,33.64
M1-TA-1_LGD-1,flmldbjb-1,Cluster 6,0,55.72
M1-TA-1_LGD-1,cpmgkjnh-1,Cluster 25,0,39.65
M1-TA-1_LGD-1,flmlaaip-1,Cluster 3,0,61.10
M1-TA-1_LGD-1,cpmgkgco-1,Cluster 25,0,42.99
M1-TA-1_LGD-1,flmlmjkg-1,Cluster 4,0,15.49
M1-TA-1_LGD-1,fmaenfob-1,Cluster 5,0,51.16
M1-TA-1_LGD-1,fmaenoel-1,Cluster 5,0,147.98
M1-TA-1_LGD-1,fmaellhg-1,Cluster 4,0,73.92
M1-TA-1_LGD-1,cpmghddd-1,Cluster 5,0,88.82
M1-TA-1_LGD-1,flmlaaok-1,Cluster 3,0,54.10
M1-TA-1_LGD-1,flmkkila-1,Cluster 16,0,77.04
M1-TA-1_LGD-1,flmljpid-1,Cluster 3,0,41.95
M1-TA-1_LGD-1,flmkpkif-1,Cluster 1,0,28.45
M1-TA-1_LGD-1,oeiodkff-1,Cluster 14,0,12.73
M1-TA-1_LGD-1,flmklnkk-1,Cluster 9,0,11.15
M1-TA-1_LGD-1,flmkncib-1,Cluster 3,0,39.06
M1-TA-1_LGD-1,flmlmalj-1,Cluster 6,0,28.09
M1-TA-1_LGD-1,fmagigab-1,Cluster 5,0,56.58
M1-TA-1_LGD-1,fmagdoeh-1,Cluster 4,0,114.74
M1-TA-1_LGD-1,flmocdnl-1,Cluster 14,0,7.68
M1-TA-1_LGD-1,flmogpio-1,Cluster 10,0,78.53
M1-TA-1_LGD-1,fmagbonb-1,Cluster 3,0,49.54
M1-TA-1_LGD-1,fmagdcep-1,Cluster 4,0,102.32
M1-TA-1_LGD-1,flmngljk-1,Cluster 5,0,54.96
M1-TA-1_LGD-1,flmooclo-1,Cluster 3,0,32.65
M1-TA-1_LGD-1,flmohocp-1,Cluster 4,0,104.85
M1-TA-1_LGD-1,flmodbbh-1,Cluster 4,0,115.28
M1-TA-1_LGD-1,fmagagmd-1,Cluster 27,0,41.72
M1-TA-1_LGD-1,flmnjhlf-1,Cluster 10,0,47.96
M1-TA-1_LGD-1,flmnifjn-1,Cluster 3,0,119.89
M1-TA-1_LGD-1,flmpdfah-1,Cluster 19,0,78.17
M1-TA-1_LGD-1,flmoogca-1,Cluster 19,0,21.27
M1-TA-1_LGD-1,flmodebk-1,Cluster 6,0,26.01
M1-TA-1_LGD-1,flmmgfbh-1,Cluster 8,0,62.23
M1-TA-1_LGD-1,fmafmajj-1,Cluster 7,0,58.12
M1-TA-1_LGD-1,flmnamkm-1,Cluster 10,0,67.01
M1-TA-1_LGD-1,flmncgag-1,Cluster 3,0,109.46
M1-TA-1_LGD-1,flmnneij-1,Cluster 6,0,16.89
M1-TA-1_LGD-1,flmnaomp-1,Cluster 3,0,80.51
M1-TA-1_LGD-1,flmnggnk-1,Cluster 3,0,29.13
M1-TA-1_LGD-1,flmnjofm-1,Cluster 10,0,34.68
M1-TA-1_LGD-1,flmmghfo-1,Cluster 4,0,133.03
M1-TA-1_LGD-1,fmaganmd-1,Cluster 8,0,112.53
M1-TA-1_LGD-1,fmaffpcg-1,Cluster 18,0,102.46
M1-TA-1_LGD-1,fmafiead-1,Cluster 5,0,169.92
M1-TA-1_LGD-1,flmmkmpm-1,Cluster 5,0,18.83
M1-TA-1_LGD-1,flmnagff-1,Cluster 4,0,23.84
M1-TA-1_LGD-1,cpmgfapf-1,Cluster 4,0,19.46
M1-TA-1_LGD-1,flmmncga-1,Cluster 4,0,39.42
M1-TA-1_LGD-1,cpmgfhim-1,Cluster 4,0,66.83
M1-TA-1_LGD-1,cpmhpifo-1,Cluster 4,0,55.18
M1-TA-1_LGD-1,flmmjcho-1,Cluster 7,0,28.00
M1-TA-1_LGD-1,cpmgdjhp-1,Cluster 4,0,46.47
M1-TA-1_LGD-1,flnbddea-1,Cluster 3,0,46.06
M1-TA-1_LGD-1,flnbpobl-1,Cluster 3,0,65.57
M1-TA-1_LGD-1,cpmgfnph-1,Cluster 5,0,67.87
M1-TA-1_LGD-1,flnegajg-1,Cluster 20,0,49.54
M1-TA-1_LGD-1,flneafpi-1,Cluster 19,0,45.11
M1-TA-1_LGD-1,flnbgped-1,Cluster 20,0,55.27
M1-TA-1_LGD-1,flnejdif-1,Cluster 4,0,43.12
M1-TA-1_LGD-1,flnbfahl-1,Cluster 10,0,67.15
M1-TA-1_LGD-1,flnbbkbn-1,Cluster 14,0,20.95
M1-TA-1_LGD-1,flnamopf-1,Cluster 10,0,70.81
M1-TA-1_LGD-1,flndjcoi-1,Cluster 15,0,57.98
M1-TA-1_LGD-1,flnedfho-1,Cluster 3,0,59.34
M1-TA-1_LGD-1,cpmhghol-1,Cluster 15,0,53.69
M1-TA-1_LGD-1,flnbbbnj-1,Cluster 6,0,22.17
M1-TA-1_LGD-1,flmmedko-1,Cluster 5,0,47.59
M1-TA-1_LGD-1,flndcmca-1,Cluster 3,0,39.24
M1-TA-1_LGD-1,flnefmdl-1,Cluster 10,0,62.14
M1-TA-1_LGD-1,oeioebdk-1,Cluster 14,0,18.65
M1-TA-1_LGD-1,flndjgka-1,Cluster 14,0,11.56
M1-TA-1_LGD-1,flneipoo-1,Cluster 5,0,38.34
M1-TA-1_LGD-1,flndnnbb-1,Cluster 6,0,38.83
M1-TA-1_LGD-1,flneiegb-1,Cluster 4,0,38.20
M1-TA-1_LGD-1,flndbmdi-1,Cluster 14,0,36.67
M1-TA-1_LGD-1,flncbbgg-1,Cluster 9,0,43.62
M1-TA-1_LGD-1,flncephp-1,Cluster 9,0,144.27
M1-TA-1_LGD-1,flndappk-1,Cluster 3,0,168.52
M1-TA-1_LGD-1,flncgohh-1,Cluster 9,0,93.56
M1-TA-1_LGD-1,flndanol-1,Cluster 10,0,49.63
M1-TA-1_LGD-1,flnaeldn-1,Cluster 10,0,64.39
M1-TA-1_LGD-1,flnaecnb-1,Cluster 10,0,84.71
M1-TA-1_LGD-1,flnajemo-1,Cluster 10,0,50.89
M1-TA-1_LGD-1,flnafmgl-1,Cluster 10,0,48.59
M1-TA-1_LGD-1,flmlhlgp-1,Cluster 6,0,10.34
M1-TA-1_LGD-1,flnabjjg-1,Cluster 19,0,64.12
M1-TA-1_LGD-1,flnckhfm-1,Cluster 9,0,73.29
M1-TA-1_LGD-1,cplibiaf-1,Cluster 2,0,30.16
M1-TA-1_LGD-1,cplgkalb-1,Cluster 4,0,34.27
M1-TA-1_LGD-1,cplgcagd-1,Cluster 4,0,47.59
M1-TA-1_LGD-1,cplieafi-1,Cluster 2,0,35.04
M1-TA-1_LGD-1,cplffhpa-1,Cluster 2,0,18.24
M1-TA-1_LGD-1,cplgbegm-1,Cluster 5,0,37.62
M1-TA-1_LGD-1,cplhpook-1,Cluster 4,0,13.59
M1-TA-1_LGD-1,cplhogce-1,Cluster 2,0,18.29
M1-TA-1_LGD-1,cplfppei-1,Cluster 2,0,27.14
M1-TA-1_LGD-1,cplgfhhe-1,Cluster 5,0,30.84
M1-TA-1_LGD-1,cplfilbc-1,Cluster 5,0,33.73
M1-TA-1_LGD-1,cplhmkjf-1,Cluster 2,0,15.22
M1-TA-1_LGD-1,cplgedmd-1,Cluster 5,0,34.54
M1-TA-1_LGD-1,cplfglmc-1,Cluster 2,0,21.58
M1-TA-1_LGD-1,flmooipm-1,Cluster 4,0,71.75
M1-TA-1_LGD-1,flofokmc-1,Cluster 2,0,22.85
M1-TA-1_LGD-1,flnffmje-1,Cluster 10,0,40.41
M1-TA-1_LGD-1,flnfnbhb-1,Cluster 10,0,51.79
M1-TA-1_LGD-1,flofooge-1,Cluster 5,0,68.05
M1-TA-1_LGD-1,flnfdldf-1,Cluster 3,0,43.58
M1-TA-1_LGD-1,flneoema-1,Cluster 10,0,38.29
M1-TA-1_LGD-1,flofmbep-1,Cluster 5,0,45.34
M1-TA-1_LGD-1,flnepfgc-1,Cluster 10,0,62.99
M1-TA-1_LGD-1,flmpnmjo-1,Cluster 9,0,34.86
M1-TA-1_LGD-1,flmpoocb-1,Cluster 6,0,33.69
M1-TA-1_LGD-1,flmpmngo-1,Cluster 6,0,53.87
M1-TA-1_LGD-1,flnfbnec-1,Cluster 20,0,63.81
M1-TA-1_LGD-1,flnfioia-1,Cluster 3,0,91.80
M1-TA-1_LGD-1,flnfciop-1,Cluster 3,0,83.45
M1-TA-1_LGD-1,flnfgjop-1,Cluster 9,0,69.95
M1-TA-1_LGD-1,flnbkfad-1,Cluster 9,0,47.55
M1-TA-1_LGD-1,flnbppdo-1,Cluster 9,0,90.31
M1-TA-1_LGD-1,flnbkjhg-1,Cluster 27,0,91.98
M1-TA-1_LGD-1,flnbmbpa-1,Cluster 9,0,41.63
M1-TA-1_LGD-1,fmbacjjk-1,Cluster 1,0,16.44
M1-TA-1_LGD-1,fjdceeph-1,Cluster 4,0,74.15
M1-TA-1_LGD-1,fjdgnoki-1,Cluster 2,0,19.24
M1-TA-1_LGD-1,elijcobh-1,Cluster 2,0,47.01
M1-TA-1_LGD-1,elijegci-1,Cluster 4,0,42.31
M1-TA-1_LGD-1,cplpmjel-1,Cluster 2,0,63.85
M1-TA-1_LGD-1,elijdppg-1,Cluster 27,0,34.82
M1-TA-1_LGD-1,cplpmgaj-1,Cluster 2,0,29.62
M1-TA-1_LGD-1,fjdbdfee-1,Cluster 1,0,18.06
M1-TA-1_LGD-1,fmaomlal-1,Cluster 6,0,42.49
M1-TA-1_LGD-1,fmaookhf-1,Cluster 19,0,24.57
M1-TA-1_LGD-1,fmanejfg-1,Cluster 2,0,15.35
M1-TA-1_LGD-1,fmanfljg-1,Cluster 19,0,19.91
M1-TA-1_LGD-1,fmanmflj-1,Cluster 1,0,28.81
M1-TA-1_LGD-1,fmaneeoh-1,Cluster 5,0,100.07
M1-TA-1_LGD-1,fmanimnp-1,Cluster 6,0,44.89
M1-TA-1_LGD-1,fmamllkk-1,Cluster 6,0,89.91
M1-TA-1_LGD-1,cpmapdpd-1,Cluster 2,0,34.86
M1-TA-1_LGD-1,fjdighpg-1,Cluster 4,0,54.32
M1-TA-1_LGD-1,elimgbgj-1,Cluster 4,0,133.26
M1-TA-1_LGD-1,fjdibfpp-1,Cluster 2,0,26.91
M1-TA-1_LGD-1,elimiofh-1,Cluster 4,0,84.58
M1-TA-1_LGD-1,elimfihm-1,Cluster 2,0,65.88
M1-TA-1_LGD-1,fjdiicbc-1,Cluster 4,0,52.74
M1-TA-1_LGD-1,fjdiabmd-1,Cluster 4,0,36.22
M1-TA-1_LGD-1,elimhbam-1,Cluster 4,0,26.10
M1-TA-1_LGD-1,cpmdklcj-1,Cluster 5,0,58.57
M1-TA-1_LGD-1,fjdjlplo-1,Cluster 4,0,154.03
M1-TA-1_LGD-1,fjdgnkil-1,Cluster 2,0,66.33
M1-TA-1_LGD-1,cpmcndhg-1,Cluster 5,0,84.26
M1-TA-1_LGD-1,cpmaihhn-1,Cluster 2,0,20.91
M1-TA-1_LGD-1,cpmahbdh-1,Cluster 2,0,31.74
M1-TA-1_LGD-1,cpmcmjmg-1,Cluster 4,0,42.13
M1-TA-1_LGD-1,cpmcpbib-1,Cluster 4,0,47.59
M1-TA-1_LGD-1,cpmdhoaf-1,Cluster 4,0,88.46
M1-TA-1_LGD-1,fjdinjjk-1,Cluster 4,0,15.22
M1-TA-1_LGD-1,cpmdfglb-1,Cluster 2,0,106.52
M1-TA-1_LGD-1,fjdindkd-1,Cluster 2,0,66.02
M1-TA-1_LGD-1,cpmdijhj-1,Cluster 4,0,68.14
M1-TA-1_LGD-1,fjdhabph-1,Cluster 4,0,109.77
M1-TA-1_LGD-1,cpmcelle-1,Cluster 2,0,37.34
M1-TA-1_LGD-1,cpmbmbde-1,Cluster 5,0,43.21
M1-TA-1_LGD-1,cpmbfanl-1,Cluster 2,0,29.85
M1-TA-1_LGD-1,cpmamoem-1,Cluster 4,0,72.52
M1-TA-1_LGD-1,cpmbnofb-1,Cluster 4,0,28.04
M1-TA-1_LGD-1,fjdaglkh-1,Cluster 6,0,48.09
M1-TA-1_LGD-1,cpmallel-1,Cluster 2,0,65.07
M1-TA-1_LGD-1,fjdkacid-1,Cluster 2,0,57.71
M1-TA-1_LGD-1,fjdabfbi-1,Cluster 2,0,45.88
M1-TA-1_LGD-1,cpmakgof-1,Cluster 2,0,67.10
M1-TA-1_LGD-1,cpmalcom-1,Cluster 4,0,36.17
M1-TA-1_LGD-1,cpmahkbi-1,Cluster 2,0,50.98
M1-TA-1_LGD-1,fjdjlbac-1,Cluster 4,0,455.27
M1-TA-1_LGD-1,cpmaddof-1,Cluster 2,0,51.70
M1-TA-1_LGD-1,fjdgobkc-1,Cluster 4,0,185.37
M1-TA-1_LGD-1,cpmaejog-1,Cluster 2,0,77.22
M1-TA-1_LGD-1,fjdcmpef-1,Cluster 7,0,14.77
M1-TA-1_LGD-1,cplpabec-1,Cluster 2,0,68.95
M1-TA-1_LGD-1,cplpmcpg-1,Cluster 24,0,33.05
M1-TA-1_LGD-1,eliioipc-1,Cluster 2,0,75.37
M1-TA-1_LGD-1,elijjhnp-1,Cluster 2,0,59.61
M1-TA-1_LGD-1,fjdcblom-1,Cluster 4,0,31.07
M1-TA-1_LGD-1,elijhhjo-1,Cluster 4,0,66.70
M1-TA-1_LGD-1,cpmadmco-1,Cluster 6,0,40.55
M1-TA-1_LGD-1,oehlpdch-1,Cluster 14,0,30.57
M1-TA-1_LGD-1,cplpnlfa-1,Cluster 2,0,51.52
M1-TA-1_LGD-1,cpmaanlj-1,Cluster 4,0,36.22
M1-TA-1_LGD-1,fjdceope-1,Cluster 4,0,132.13
M1-TA-1_LGD-1,cpmaalgd-1,Cluster 2,0,38.83
M1-TA-1_LGD-1,fjbcbdpf-1,Cluster 4,0,225.24
M1-TA-1_LGD-1,cpmaaacl-1,Cluster 2,0,53.87
M1-TA-1_LGD-1,fjdcdlhk-1,Cluster 4,0,92.16
M1-TA-1_LGD-1,fjdcaimn-1,Cluster 4,0,138.58
M1-TA-1_LGD-1,cplpmfil-1,Cluster 2,0,41.81
M1-TA-1_LGD-1,fjdhojhe-1,Cluster 4,0,75.28
M1-TA-1_LGD-1,fmaojiac-1,Cluster 6,0,28.31
M1-TA-1_LGD-1,fmaojeea-1,Cluster 2,0,103.09
M1-TA-1_LGD-1,fmapfhnf-1,Cluster 4,0,25.60
M1-TA-1_LGD-1,fmapbjac-1,Cluster 6,0,26.91
M1-TA-1_LGD-1,fmaphjnp-1,Cluster 4,0,21.09
M1-TA-1_LGD-1,fmaomplo-1,Cluster 3,0,88.15
M1-TA-1_LGD-1,cpmapfmc-1,Cluster 5,0,41.27
M1-TA-1_LGD-1,fmamnacm-1,Cluster 9,0,26.10
M1-TA-1_LGD-1,fmamocmc-1,Cluster 6,0,31.16
M1-TA-1_LGD-1,fmapgoll-1,Cluster 4,0,56.90
M1-TA-1_LGD-1,fmapodom-1,Cluster 2,0,88.73
M1-TA-1_LGD-1,cpmbbmlg-1,Cluster 2,0,33.01
M1-TA-1_LGD-1,fmbadmhg-1,Cluster 19,0,44.75
M1-TA-1_LGD-1,fmaomcid-1,Cluster 10,0,63.44
M1-TA-1_LGD-1,fmaoaldo-1,Cluster 10,0,55.41
M1-TA-1_LGD-1,fmanbmia-1,Cluster 14,0,18.47
M1-TA-1_LGD-1,fmaoadha-1,Cluster 9,0,28.95
M1-TA-1_LGD-1,fmaobmlk-1,Cluster 6,0,36.08
M1-TA-1_LGD-1,fmaocmfp-1,Cluster 6,0,18.15
M1-TA-1_LGD-1,cpmcbaga-1,Cluster 2,0,35.36
M1-TA-1_LGD-1,fmaoeakm-1,Cluster 9,0,12.06
M1-TA-1_LGD-1,fjcpnmac-1,Cluster 3,0,30.75
M1-TA-1_LGD-1,fjdiifph-1,Cluster 2,0,47.96
M1-TA-1_LGD-1,cpmaoahf-1,Cluster 2,0,28.27
M1-TA-1_LGD-1,fjcppkfh-1,Cluster 9,0,47.37
M1-TA-1_LGD-1,cpmcbmba-1,Cluster 2,0,50.53
M1-TA-1_LGD-1,cpmcfejk-1,Cluster 5,0,41.14
M1-TA-1_LGD-1,cpmbejjb-1,Cluster 4,0,39.15
M1-TA-1_LGD-1,fjcpogke-1,Cluster 7,0,22.58
M1-TA-1_LGD-1,fjcpnieo-1,Cluster 2,0,18.06
M1-TA-1_LGD-1,cpmbpkho-1,Cluster 5,0,77.04
M1-TA-1_LGD-1,fjcpnbkp-1,Cluster 19,0,25.15
M1-TA-1_LGD-1,cpmcfahk-1,Cluster 2,0,32.38
M1-TA-1_LGD-1,cplepmll-1,Cluster 4,0,29.98
M1-TA-1_LGD-1,flofjecn-1,Cluster 4,0,13.46
M1-TA-1_LGD-1,cpmjealf-1,Cluster 2,0,83.54
M1-TA-1_LGD-1,flofgoea-1,Cluster 20,0,65.30
M1-TA-1_LGD-1,flnbjdnh-1,Cluster 14,0,25.11
M1-TA-1_LGD-1,fmbbdnfe-1,Cluster 19,0,66.47
M1-TA-1_LGD-1,cpmgdeah-1,Cluster 5,0,52.97
M1-TA-1_LGD-1,floffjjo-1,Cluster 14,0,25.15
M1-TA-1_LGD-1,flodndec-1,Cluster 27,0,109.64
M1-TA-1_LGD-1,flodoabm-1,Cluster 5,0,37.48
M1-TA-1_LGD-1,flofbdpl-1,Cluster 22,0,40.46
M1-TA-1_LGD-1,flodmpgj-1,Cluster 3,0,78.08
M1-TA-1_LGD-1,fmbbeebe-1,Cluster 3,0,49.18
M1-TA-1_LGD-1,fmbbenln-1,Cluster 19,0,33.51
M1-TA-1_LGD-1,flofdkim-1,Cluster 10,0,46.92
M1-TA-1_LGD-1,floehbgj-1,Cluster 10,0,35.99
M1-TA-1_LGD-1,cpmhcjff-1,Cluster 10,0,62.72
M1-TA-1_LGD-1,fmbcaahh-1,Cluster 10,0,70.53
M1-TA-1_LGD-1,floeibkg-1,Cluster 14,0,10.43
M1-TA-1_LGD-1,floefinn-1,Cluster 10,0,41.23
M1-TA-1_LGD-1,floejhmn-1,Cluster 10,0,35.09
M1-TA-1_LGD-1,fmbblfkl-1,Cluster 10,0,39.15
M1-TA-1_LGD-1,cpmhgolb-1,Cluster 6,0,33.60
M1-TA-1_LGD-1,flnajpnh-1,Cluster 3,0,81.42
M1-TA-1_LGD-1,floebill-1,Cluster 10,0,52.70
M1-TA-1_LGD-1,floebika-1,Cluster 10,0,22.31
M1-TA-1_LGD-1,floecakf-1,Unassigned,0,9.84
M1-TA-1_LGD-1,flnaaddl-1,Cluster 14,0,27.09
M1-TA-1_LGD-1,floelefa-1,Cluster 10,0,50.35
M1-TA-1_LGD-1,flofclof-1,Cluster 9,0,33.69
M1-TA-1_LGD-1,floeddnf-1,Cluster 10,0,40.23
M1-TA-1_LGD-1,fmbbjepi-1,Cluster 10,0,154.43
M1-TA-1_LGD-1,flodofgb-1,Cluster 10,0,61.68
M1-TA-1_LGD-1,fmbbohcc-1,Cluster 10,0,42.58
M1-TA-1_LGD-1,oejaanee-1,Cluster 14,0,8.35
M1-TA-1_LGD-1,oeipogdj-1,Cluster 14,0,154.03
M1-TA-1_LGD-1,cplgkgmp-1,Cluster 7,0,40.64
M1-TA-1_LGD-1,cpmjkfbp-1,Cluster 4,0,24.25
M1-TA-1_LGD-1,cplhcnnp-1,Cluster 2,0,35.90
M1-TA-1_LGD-1,cplhpoaf-1,Cluster 2,0,16.84
M1-TA-1_LGD-1,cpmjpcmj-1,Cluster 4,0,31.93
M1-TA-1_LGD-1,cplhodbg-1,Cluster 4,0,15.26
M1-TA-1_LGD-1,cpliekkl-1,Cluster 5,0,38.47
M1-TA-1_LGD-1,cpliaafc-1,Cluster 5,0,25.92
M1-TA-1_LGD-1,cplelgmf-1,Cluster 5,0,28.81
M1-TA-1_LGD-1,cpmlchjg-1,Cluster 4,0,23.35
M1-TA-1_LGD-1,cpliagbb-1,Cluster 2,0,22.17
M1-TA-1_LGD-1,cplgomon-1,Cluster 4,0,17.84
M1-TA-1_LGD-1,cpmljcfl-1,Cluster 4,0,16.30
M1-TA-1_LGD-1,cpliaglm-1,Cluster 5,0,14.00
M1-TA-1_LGD-1,cplgleff-1,Cluster 2,0,27.00
M1-TA-1_LGD-1,flogagjd-1,Cluster 7,0,5.87
M1-TA-1_LGD-1,cplhafak-1,Cluster 4,0,19.10
M1-TA-1_LGD-1,cplhmfle-1,Cluster 2,0,25.51
M1-TA-1_LGD-1,flofjmhl-1,Cluster 4,0,39.92
M1-TA-1_LGD-1,cpmldbej-1,Cluster 4,0,41.91
M1-TA-1_LGD-1,cpmlimcc-1,Cluster 2,0,20.86
M1-TA-1_LGD-1,cplhkmka-1,Cluster 4,0,31.07
M1-TA-1_LGD-1,oeiofkgm-1,Cluster 7,0,17.93
M1-TA-1_LGD-1,cpmknlkn-1,Cluster 2,0,36.53
M1-TA-1_LGD-1,cplhildg-1,Cluster 2,0,13.32
M1-TA-1_LGD-1,cpmliimp-1,Cluster 2,0,19.96
M1-TA-1_LGD-1,fmbagpce-1,Cluster 5,0,31.88
M1-TA-1_LGD-1,cpmkmopk-1,Cluster 2,0,27.86
M1-TA-1_LGD-1,cpmiipci-1,Cluster 4,0,34.05
M1-TA-1_LGD-1,flnbjlkl-1,Cluster 19,0,129.78
M1-TA-1_LGD-1,cpmjenlm-1,Cluster 5,0,52.97
M1-TA-1_LGD-1,cpmjieal-1,Cluster 5,0,25.11
M1-TA-1_LGD-1,cpmjbdog-1,Cluster 4,0,31.38
M1-TA-1_LGD-1,cpmjfekc-1,Cluster 4,0,38.20
M1-TA-1_LGD-1,cpmjiopk-1,Cluster 5,0,37.75
M1-TA-1_LGD-1,fmbamgom-1,Cluster 5,0,63.67
M1-TA-1_LGD-1,cpmjgodf-1,Cluster 5,0,27.23
M1-TA-1_LGD-1,fmbahihb-1,Cluster 7,0,9.80
M1-TA-1_LGD-1,fmbaloeb-1,Cluster 5,0,28.36
M1-TA-1_LGD-1,fmbbbapo-1,Cluster 4,0,47.50
M1-TA-1_LGD-1,fmbbcgff-1,Cluster 4,0,26.19
M1-TA-1_LGD-1,fmbbakdi-1,Cluster 4,0,36.44
M1-TA-1_LGD-1,fmbbbhbe-1,Cluster 5,0,71.48
M1-TA-1_LGD-1,fmbcafdn-1,Cluster 6,0,31.84
M1-TA-1_LGD-1,fmbanchm-1,Cluster 5,0,69.31
M1-TA-1_LGD-1,fmbaoeda-1,Cluster 14,0,16.89
M1-TA-1_LGD-1,fmbakdfl-1,Cluster 5,0,22.94
M1-TA-1_LGD-1,oeipogjf-1,Cluster 14,0,19.96
M1-TA-1_LGD-1,fmbapofi-1,Cluster 20,0,25.87
M1-TA-1_LGD-1,oeipkllb-1,Cluster 14,0,11.11
M1-TA-1_LGD-1,cpmhnbdl-1,Cluster 1,0,52.92
M1-TA-1_LGD-1,fmamgdkd-1,Cluster 14,0,21.09
M1-TA-1_LGD-1,fmamhmpb-1,Cluster 27,0,84.04
M1-TA-1_LGD-1,fmbcecfa-1,Cluster 10,0,68.55
M1-TA-1_LGD-1,fmbbgkbo-1,Cluster 3,0,105.21
M1-TA-1_LGD-1,fmbbnimf-1,Cluster 10,0,28.22
M1-TA-1_LGD-1,fmaojbff-1,Cluster 3,0,73.97
M1-TA-1_LGD-1,fmbcddeh-1,Cluster 10,0,61.73
M1-TA-1_LGD-1,cpmhlkfe-1,Cluster 10,0,52.25
M1-TA-1_LGD-1,cpmhnpof-1,Cluster 10,0,52.47
M1-TA-1_LGD-1,fmbcecac-1,Cluster 3,0,130.91
M1-TA-1_LGD-1,fmambalo-1,Cluster 19,0,72.34
M1-TA-1_LGD-1,oejaackc-1,Cluster 14,0,27.00
M1-TA-1_LGD-1,fmbbkded-1,Cluster 9,0,110.68
M1-TA-1_LGD-1,fmaokjcn-1,Cluster 4,0,66.20
M1-TA-1_LGD-1,fmbbdpbb-1,Cluster 10,0,27.77
M1-TA-1_LGD-1,fmbbhdpb-1,Cluster 9,0,32.83
M1-TA-1_LGD-1,cpmhooei-1,Cluster 10,0,39.29
M1-TA-1_LGD-1,fmappcgp-1,Cluster 14,0,16.35
M1-TA-1_LGD-1,cpmkpfkf-1,Cluster 2,0,23.17
M1-TA-1_LGD-1,cpmlbnmg-1,Cluster 2,0,15.40
M1-TA-1_LGD-1,cpmigiff-1,Cluster 5,0,47.41
M1-TA-1_LGD-1,cplehlde-1,Cluster 4,0,17.79
M1-TA-1_LGD-1,cpmkgpdf-1,Cluster 4,0,20.68
M1-TA-1_LGD-1,cplemhle-1,Cluster 5,0,29.76
M1-TA-1_LGD-1,cpmjmknf-1,Cluster 4,0,24.25
M1-TA-1_LGD-1,cpmkhide-1,Cluster 2,0,20.32
M1-TA-1_LGD-1,cpmkfdie-1,Cluster 4,0,18.47
M1-TA-1_LGD-1,cpmfkpfp-1,Cluster 4,0,17.79
M1-TA-1_LGD-1,flogghaf-1,Cluster 2,0,17.29
M1-TA-1_LGD-1,cpmfdglm-1,Cluster 4,0,30.12
M1-TA-1_LGD-1,flognbje-1,Cluster 2,0,23.07
M1-TA-1_LGD-1,cpmgchji-1,Cluster 5,0,27.59
M1-TA-1_LGD-1,cpmepokf-1,Cluster 4,0,25.87
M1-TA-1_LGD-1,cpmfopcn-1,Cluster 2,0,20.37
M1-TA-1_LGD-1,cpmeoill-1,Cluster 2,0,25.51
M1-TA-1_LGD-1,cpmekplh-1,Cluster 2,0,20.59
M1-TA-1_LGD-1,flohhahp-1,Cluster 5,0,28.54
M1-TA-1_LGD-1,cpljhbcc-1,Cluster 2,0,36.80
M1-TA-1_LGD-1,cpmenahd-1,Cluster 5,0,39.83
M1-TA-1_LGD-1,cpmfehlg-1,Cluster 4,0,25.96
M1-TA-1_LGD-1,cpmffobh-1,Cluster 4,0,29.40
M1-TA-1_LGD-1,fmbaeojb-1,Cluster 4,0,20.82
M1-TA-1_LGD-1,cpmfhijp-1,Cluster 2,0,31.34
M1-TA-1_LGD-1,cpmelcmc-1,Cluster 4,0,28.22
M1-TA-1_LGD-1,cpleioge-1,Cluster 4,0,18.51
M1-TA-1_LGD-1,cpmffhkf-1,Cluster 2,0,18.38
M1-TA-1_LGD-1,cpljfndm-1,Cluster 4,0,21.99
M1-TA-1_LGD-1,flbbieno-1,Cluster 4,0,9.80
M1-TA-1_LGD-1,flohhbin-1,Cluster 7,0,4.83
M1-TA-1_LGD-1,cpmikpca-1,Cluster 4,0,20.50
M1-TA-1_LGD-1,fmbafgdb-1,Cluster 4,0,35.45
M1-TA-1_LGD-1,cpmjfhmd-1,Cluster 5,0,35.90
M1-TA-1_LGD-1,fkjhgiab-1,Cluster 7,0,13.59
M1-TA-1_LGD-1,fjakflbj-1,Cluster 10,0,29.94
M1-TA-1_LGD-1,fjaofjid-1,Cluster 9,0,24.93
M1-TA-1_LGD-1,dbmofdcp-1,Cluster 4,0,88.64
M1-TA-1_LGD-1,dbmlkeia-1,Cluster 2,0,19.24
M1-TA-1_LGD-1,dbmlkioa-1,Cluster 4,0,36.13
M1-TA-1_LGD-1,elienanh-1,Cluster 14,0,18.42
M1-TA-1_LGD-1,dbmlhade-1,Cluster 2,0,20.64
M1-TA-1_LGD-1,elifbkhd-1,Cluster 4,0,22.98
M1-TA-1_LGD-1,dbmlecic-1,Cluster 2,0,30.44
M1-TA-1_LGD-1,eligcjdp-1,Cluster 1,0,71.89
M1-TA-1_LGD-1,elighfdf-1,Cluster 6,0,52.38
M1-TA-1_LGD-1,eliennmd-1,Cluster 2,0,18.74
M1-TA-1_LGD-1,elifijll-1,Cluster 2,0,22.76
M1-TA-1_LGD-1,fjnjhmno-1,Cluster 6,0,103.54
M1-TA-1_LGD-1,fjnkbdki-1,Cluster 6,0,53.83
M1-TA-1_LGD-1,fjnkbaok-1,Cluster 15,0,40.55
M1-TA-1_LGD-1,elifchpi-1,Cluster 5,0,111.36
M1-TA-1_LGD-1,fjnjklde-1,Cluster 1,0,22.80
M1-TA-1_LGD-1,elifchgb-1,Cluster 7,0,20.18
M1-TA-1_LGD-1,fjnjdbgg-1,Cluster 9,0,30.30
M1-TA-1_LGD-1,dbmmhedn-1,Cluster 5,0,34.05
M1-TA-1_LGD-1,cpmnmffc-1,Cluster 2,0,38.47
M1-TA-1_LGD-1,dbmnoemk-1,Cluster 2,0,42.36
M1-TA-1_LGD-1,elihpgkf-1,Cluster 5,0,77.71
M1-TA-1_LGD-1,cpmobcbh-1,Cluster 4,0,21.68
M1-TA-1_LGD-1,cpmnoigp-1,Cluster 4,0,31.84
M1-TA-1_LGD-1,cpmnndag-1,Cluster 5,0,29.71
M1-TA-1_LGD-1,cpmnifoj-1,Cluster 5,0,26.60
M1-TA-1_LGD-1,eliianjg-1,Cluster 4,0,59.74
M1-TA-1_LGD-1,dbmofjhp-1,Cluster 5,0,42.54
M1-TA-1_LGD-1,cpmnhemd-1,Cluster 5,0,37.52
M1-TA-1_LGD-1,elihggjd-1,Cluster 4,0,182.48
M1-TA-1_LGD-1,cpmnmihm-1,Cluster 2,0,38.25
M1-TA-1_LGD-1,dbmmolhn-1,Cluster 5,0,35.85
M1-TA-1_LGD-1,cpmnegfi-1,Cluster 4,0,32.69
M1-TA-1_LGD-1,cpmobcog-1,Cluster 4,0,23.48
M1-TA-1_LGD-1,dbmkpmce-1,Cluster 2,0,27.50
M1-TA-1_LGD-1,cpmniheo-1,Cluster 5,0,42.99
M1-TA-1_LGD-1,cpmnghgk-1,Cluster 5,0,31.79
M1-TA-1_LGD-1,cpmnfenp-1,Cluster 4,0,23.48
M1-TA-1_LGD-1,elihnfmm-1,Cluster 4,0,34.73
M1-TA-1_LGD-1,elihplnk-1,Cluster 4,0,221.40
M1-TA-1_LGD-1,cpmndeej-1,Cluster 4,0,37.62
M1-TA-1_LGD-1,elihfhei-1,Cluster 5,0,104.85
M1-TA-1_LGD-1,dbmlokid-1,Cluster 2,0,27.18
M1-TA-1_LGD-1,dbmnkkdp-1,Cluster 4,0,71.89
M1-TA-1_LGD-1,dbmoclhc-1,Cluster 4,0,77.58
M1-TA-1_LGD-1,dbmlbmlj-1,Cluster 5,0,18.29
M1-TA-1_LGD-1,dbmlbifk-1,Cluster 2,0,24.11
M1-TA-1_LGD-1,cpmngaba-1,Cluster 2,0,24.57
M1-TA-1_LGD-1,dbmkpnei-1,Cluster 4,0,22.22
M1-TA-1_LGD-1,cpmnlmgi-1,Cluster 2,0,21.31
M1-TA-1_LGD-1,dbmlmhdc-1,Cluster 5,0,20.82
M1-TA-1_LGD-1,cpmnkmgo-1,Cluster 4,0,41.09
M1-TA-1_LGD-1,fjaghnfi-1,Cluster 5,0,80.87
M1-TA-1_LGD-1,fjagigof-1,Cluster 6,0,37.98
M1-TA-1_LGD-1,bfagcofh-1,Cluster 4,0,34.00
M1-TA-1_LGD-1,bfagdgll-1,Cluster 5,0,26.37
M1-TA-1_LGD-1,dbmlcljk-1,Cluster 2,0,30.71
M1-TA-1_LGD-1,fjagdmof-1,Cluster 7,0,28.49
M1-TA-1_LGD-1,fjaggdoh-1,Cluster 19,0,36.62
M1-TA-1_LGD-1,dbmljfdm-1,Cluster 2,0,36.13
M1-TA-1_LGD-1,bfagclme-1,Cluster 4,0,28.49
M1-TA-1_LGD-1,dbmlfmji-1,Cluster 5,0,46.60
M1-TA-1_LGD-1,fjnkjhfi-1,Cluster 27,0,42.22
M1-TA-1_LGD-1,fjnklgap-1,Cluster 2,0,40.69
M1-TA-1_LGD-1,dbmlgmio-1,Cluster 2,0,38.88
M1-TA-1_LGD-1,fjnkmfmo-1,Cluster 2,0,18.74
M1-TA-1_LGD-1,fjnkmgjg-1,Cluster 2,0,25.47
M1-TA-1_LGD-1,elifmmfp-1,Cluster 25,0,35.63
M1-TA-1_LGD-1,fjnkjihp-1,Cluster 5,0,69.54
M1-TA-1_LGD-1,fjaibkha-1,Cluster 10,0,28.31
M1-TA-1_LGD-1,eliibjoe-1,Cluster 4,0,21.22
M1-TA-1_LGD-1,bfbmfaoi-1,Cluster 4,0,47.50
M1-TA-1_LGD-1,bfbmhnpi-1,Cluster 4,0,61.41
M1-TA-1_LGD-1,bfbmileo-1,Cluster 5,0,75.41
M1-TA-1_LGD-1,bfbmhppk-1,Cluster 2,0,99.43
M1-TA-1_LGD-1,fjahoilp-1,Cluster 4,0,21.68
M1-TA-1_LGD-1,oehkbnnm-1,Cluster 9,0,7.90
M1-TA-1_LGD-1,bfbmnemi-1,Cluster 5,0,39.60
M1-TA-1_LGD-1,bfbmfacl-1,Cluster 4,0,47.01
M1-TA-1_LGD-1,oehjpkbj-1,Cluster 9,0,14.95
M1-TA-1_LGD-1,fjaicphc-1,Cluster 9,0,9.30
M1-TA-1_LGD-1,elihojko-1,Cluster 7,0,14.09
M1-TA-1_LGD-1,dbmnpnlj-1,Cluster 2,0,105.03
M1-TA-1_LGD-1,fjafpkim-1,Cluster 24,0,117.72
M1-TA-1_LGD-1,dbmoaoop-1,Cluster 2,0,60.28
M1-TA-1_LGD-1,fjahmikn-1,Cluster 9,0,22.80
M1-TA-1_LGD-1,fjaibfej-1,Cluster 6,0,52.02
M1-TA-1_LGD-1,fjafkjnk-1,Cluster 10,0,42.76
M1-TA-1_LGD-1,bfbnljnl-1,Cluster 6,0,53.42
M1-TA-1_LGD-1,fjaicckk-1,Cluster 14,0,6.37
M1-TA-1_LGD-1,dbmmfkni-1,Cluster 2,0,24.97
M1-TA-1_LGD-1,fjafpfnf-1,Cluster 1,0,32.69
M1-TA-1_LGD-1,fjafmchb-1,Cluster 16,0,34.59
M1-TA-1_LGD-1,dbmoafea-1,Cluster 5,0,35.76
M1-TA-1_LGD-1,bfbnlfkp-1,Cluster 4,0,27.18
M1-TA-1_LGD-1,bfbmegja-1,Cluster 25,0,33.42
M1-TA-1_LGD-1,dbmnkmep-1,Cluster 2,0,37.12
M1-TA-1_LGD-1,dbmmcgmc-1,Cluster 2,0,26.96
M1-TA-1_LGD-1,dbmmcmil-1,Cluster 5,0,31.84
M1-TA-1_LGD-1,dbmmmmhp-1,Cluster 2,0,26.24
M1-TA-1_LGD-1,dbmmkigb-1,Cluster 4,0,21.22
M1-TA-1_LGD-1,fjaghgom-1,Cluster 6,0,48.41
M1-TA-1_LGD-1,dbmmhjlb-1,Cluster 2,0,28.27
M1-TA-1_LGD-1,fjadeldo-1,Cluster 9,0,9.93
M1-TA-1_LGD-1,fjadcdei-1,Cluster 9,0,26.19
M1-TA-1_LGD-1,fjaefgml-1,Cluster 9,0,49.40
M1-TA-1_LGD-1,fjaebpkp-1,Cluster 9,0,39.15
M1-TA-1_LGD-1,fjaelbom-1,Cluster 10,0,48.14
M1-TA-1_LGD-1,fjacmjif-1,Cluster 10,0,56.81
M1-TA-1_LGD-1,bfbnkgnc-1,Cluster 1,0,31.52
M1-TA-1_LGD-1,fjacndbb-1,Cluster 14,0,13.10
M1-TA-1_LGD-1,fjaeeloi-1,Cluster 10,0,19.42
M1-TA-1_LGD-1,fjnkjabm-1,Cluster 9,0,37.66
M1-TA-1_LGD-1,fjagfhmm-1,Cluster 6,0,68.95
M1-TA-1_LGD-1,fjnkimjm-1,Cluster 9,0,61.50
M1-TA-1_LGD-1,fjacennm-1,Cluster 7,0,22.80
M1-TA-1_LGD-1,fjahfgok-1,Cluster 14,0,16.62
M1-TA-1_LGD-1,fjahmgka-1,Cluster 9,0,16.53
M1-TA-1_LGD-1,fjahchai-1,Cluster 19,0,51.79
M1-TA-1_LGD-1,fjahbjmm-1,Cluster 10,0,46.74
M1-TA-1_LGD-1,fjakmmep-1,Cluster 9,0,14.90
M1-TA-1_LGD-1,bfbmbhgm-1,Cluster 6,0,40.96
M1-TA-1_LGD-1,bfbmalge-1,Cluster 16,0,53.78
M1-TA-1_LGD-1,fjafeehg-1,Cluster 10,0,86.52
M1-TA-1_LGD-1,fjacjicd-1,Cluster 3,0,15.80
M1-TA-1_LGD-1,fjacgifd-1,Cluster 10,0,81.19
M1-TA-1_LGD-1,fjagngne-1,Cluster 6,0,46.47
M1-TA-1_LGD-1,fjahccge-1,Cluster 10,0,27.36
M1-TA-1_LGD-1,fjahbcln-1,Cluster 10,0,59.06
M1-TA-1_LGD-1,fjafbjdh-1,Cluster 14,0,11.38
M1-TA-1_LGD-1,oehjklai-1,Cluster 14,0,11.24
M1-TA-1_LGD-1,fjaenljm-1,Cluster 10,0,35.31
M1-TA-1_LGD-1,fjadkcdb-1,Cluster 10,0,43.98
M1-TA-1_LGD-1,oehjoedg-1,Cluster 9,0,19.60
M1-TA-1_LGD-1,fjahjmlp-1,Cluster 9,0,31.79
M1-TA-1_LGD-1,fjadgikf-1,Cluster 16,0,51.70
M1-TA-1_LGD-1,fjahkdlj-1,Cluster 14,0,33.78
M1-TA-1_LGD-1,bfbmnigm-1,Cluster 4,0,72.57
M1-TA-1_LGD-1,oehjnfjd-1,Cluster 6,0,13.23
M1-TA-1_LGD-1,fjahlhmb-1,Cluster 1,0,11.74
M1-TA-1_LGD-1,fjadjfoj-1,Cluster 3,0,37.75
M1-TA-1_LGD-1,fjacmgfm-1,Cluster 9,0,36.67
M1-TA-1_LGD-1,fjadgklg-1,Cluster 10,0,75.32
M1-TA-1_LGD-1,fjaekpee-1,Cluster 10,0,51.21
M1-TA-1_LGD-1,fjackckl-1,Cluster 14,0,35.31
M1-TA-1_LGD-1,fjaclgjh-1,Cluster 14,0,26.42
M1-TA-1_LGD-1,fjaenifl-1,Cluster 14,0,27.14
M1-TA-1_LGD-1,fjadbnln-1,Cluster 15,0,29.17
M1-TA-1_LGD-1,fjadfjbe-1,Cluster 10,0,37.52
M1-TA-1_LGD-1,fjafigdf-1,Cluster 10,0,61.68
M1-TA-1_LGD-1,fjalmocf-1,Cluster 10,0,58.93
M1-TA-1_LGD-1,fjadkibe-1,Cluster 10,0,29.89
M1-TA-1_LGD-1,fjamaaha-1,Cluster 3,0,51.75
M1-TA-1_LGD-1,fjalokhj-1,Cluster 19,0,27.23
M1-TA-1_LGD-1,fjaebjbh-1,Cluster 6,0,42.18
M1-TA-1_LGD-1,fjadkjdm-1,Cluster 6,0,13.82
M1-TA-1_LGD-1,fjaejihe-1,Cluster 3,0,39.02
M1-TA-1_LGD-1,fjalppdn-1,Cluster 19,0,20.50
M1-TA-1_LGD-1,fjaekdnd-1,Cluster 1,0,28.36
M1-TA-1_LGD-1,fjaejdle-1,Cluster 22,0,40.23
M1-TA-1_LGD-1,fjadomcl-1,Cluster 6,0,27.41
M1-TA-1_LGD-1,fjaemilj-1,Cluster 6,0,36.44
M1-TA-1_LGD-1,fjagkbpj-1,Cluster 10,0,72.70
M1-TA-1_LGD-1,fjamlfii-1,Cluster 6,0,35.99
M1-TA-1_LGD-1,fjacfhgb-1,Cluster 14,0,26.10
M1-TA-1_LGD-1,fjakpdio-1,Cluster 6,0,17.43
M1-TA-1_LGD-1,fjacgcbg-1,Cluster 10,0,45.92
M1-TA-1_LGD-1,fjalghno-1,Cluster 10,0,59.74
M1-TA-1_LGD-1,fjaglfhc-1,Cluster 10,0,46.10
M1-TA-1_LGD-1,fjaliffc-1,Cluster 10,0,54.37
M1-TA-1_LGD-1,fjanhjje-1,Cluster 14,0,20.73
M1-TA-1_LGD-1,fjagpfbi-1,Cluster 9,0,49.90
M1-TA-1_LGD-1,fjahehja-1,Cluster 9,0,43.17
M1-TA-1_LGD-1,oehjflog-1,Cluster 14,0,15.44
M1-TA-1_LGD-1,fjallfgg-1,Cluster 10,0,39.96
M1-TA-1_LGD-1,fjalkkig-1,Cluster 10,0,17.93
M1-TA-1_LGD-1,fjaoeing-1,Cluster 10,0,63.72
M1-TA-1_LGD-1,fjalbcjo-1,Cluster 10,0,33.46
M1-TA-1_LGD-1,oehjkbjj-1,Cluster 14,0,9.71
M1-TA-1_LGD-1,fjaniiml-1,Cluster 10,0,55.54
M1-TA-1_LGD-1,fjanafoa-1,Cluster 20,0,32.74
M1-TA-1_LGD-1,fjankdfd-1,Cluster 10,0,39.74
M1-TA-1_LGD-1,fjalmlpl-1,Cluster 10,0,44.93
M1-TA-1_LGD-1,fjahemeo-1,Cluster 14,0,13.73
M1-TA-1_LGD-1,fjahdfok-1,Cluster 10,0,35.72
M1-TA-1_LGD-1,fjamnhne-1,Cluster 19,0,32.69
M1-TA-1_LGD-1,fjaladcp-1,Cluster 9,0,24.70
M1-TA-1_LGD-1,fjaepfhp-1,Cluster 10,0,62.81
M1-TA-1_LGD-1,fjamganh-1,Cluster 10,0,77.13
M1-TA-1_LGD-1,fjammjoa-1,Cluster 1,0,23.03
M1-TA-1_LGD-1,fjafkbjj-1,Cluster 10,0,45.16
M1-TA-1_LGD-1,fjafgalo-1,Cluster 10,0,49.13
M1-TA-1_LGD-1,fjamimba-1,Cluster 6,0,39.15
M1-TA-1_LGD-1,fjafinja-1,Cluster 10,0,53.69
M1-TA-1_LGD-1,fjaenpga-1,Cluster 9,0,23.07
M1-TA-1_LGD-1,fjamhmbp-1,Cluster 15,0,19.06
M1-TA-1_LGD-1,fkpmabnb-1,Cluster 4,0,16.17
M1-TA-1_LGD-1,flbdngdk-1,Cluster 4,0,76.59
M1-TA-1_LGD-1,dbmkghkj-1,Cluster 2,0,83.76
M1-TA-1_LGD-1,elilfnmc-1,Cluster 4,0,17.66
M1-TA-1_LGD-1,elilhkci-1,Cluster 4,0,61.82
M1-TA-1_LGD-1,elighpcg-1,Cluster 4,0,191.51
M1-TA-1_LGD-1,elihbkok-1,Cluster 4,0,85.75
M1-TA-1_LGD-1,dbmkjnlg-1,Cluster 2,0,66.24
M1-TA-1_LGD-1,eliiiddc-1,Cluster 2,0,10.21
M1-TA-1_LGD-1,cpmmdlnj-1,Cluster 5,0,65.30
M1-TA-1_LGD-1,elihhiba-1,Cluster 4,0,81.42
M1-TA-1_LGD-1,cplmnjba-1,Cluster 2,0,46.60
M1-TA-1_LGD-1,eligilfd-1,Cluster 4,0,411.42
M1-TA-1_LGD-1,cpmljihj-1,Cluster 2,0,21.04
M1-TA-1_LGD-1,cplnckfj-1,Cluster 2,0,154.52
M1-TA-1_LGD-1,dbmjpnbb-1,Cluster 2,0,60.19
M1-TA-1_LGD-1,bepnkmhb-1,Cluster 15,0,55.86
M1-TA-1_LGD-1,dbmncpia-1,Cluster 2,0,95.73
M1-TA-1_LGD-1,cplnbdjm-1,Cluster 2,0,24.93
M1-TA-1_LGD-1,eliilncm-1,Cluster 4,0,114.34
M1-TA-1_LGD-1,eliilmno-1,Cluster 2,0,69.31
M1-TA-1_LGD-1,eligiljl-1,Cluster 2,0,64.12
M1-TA-1_LGD-1,elihcmnp-1,Cluster 4,0,84.04
M1-TA-1_LGD-1,elijibml-1,Cluster 2,0,89.36
M1-TA-1_LGD-1,cpmlnlmm-1,Cluster 7,0,21.86
M1-TA-1_LGD-1,elijkipm-1,Cluster 4,0,46.38
M1-TA-1_LGD-1,elijljca-1,Cluster 7,0,62.50
M1-TA-1_LGD-1,elignnpa-1,Cluster 4,0,86.75
M1-TA-1_LGD-1,dbmjpkih-1,Cluster 2,0,102.55
M1-TA-1_LGD-1,eliienam-1,Cluster 2,0,118.22
M1-TA-1_LGD-1,dbmnbmnf-1,Cluster 4,0,31.84
M1-TA-1_LGD-1,cpmmejce-1,Cluster 4,0,54.37
M1-TA-1_LGD-1,elignbgg-1,Cluster 4,0,170.96
M1-TA-1_LGD-1,dbmkkiid-1,Cluster 4,0,91.22
M1-TA-1_LGD-1,dbmmpkgi-1,Cluster 2,0,34.45
M1-TA-1_LGD-1,eliimdoa-1,Cluster 4,0,99.03
M1-TA-1_LGD-1,eliihide-1,Cluster 4,0,102.91
M1-TA-1_LGD-1,dbmkfdpd-1,Cluster 4,0,49.99
M1-TA-1_LGD-1,eliifgcj-1,Cluster 7,0,11.70
M1-TA-1_LGD-1,elinddld-1,Cluster 4,0,84.53
M1-TA-1_LGD-1,dbnafema-1,Cluster 2,0,75.95
M1-TA-1_LGD-1,elimkkel-1,Cluster 6,0,25.15
M1-TA-1_LGD-1,cpmaepak-1,Cluster 5,0,70.49
M1-TA-1_LGD-1,cpmafafn-1,Cluster 7,0,22.85
M1-TA-1_LGD-1,elinlnol-1,Cluster 2,0,60.01
M1-TA-1_LGD-1,cpmagnim-1,Cluster 5,0,71.93
M1-TA-1_LGD-1,elingijb-1,Cluster 4,0,215.49
M1-TA-1_LGD-1,elimikna-1,Cluster 15,0,36.98
M1-TA-1_LGD-1,cpmaglah-1,Cluster 4,0,92.98
M1-TA-1_LGD-1,elinmjhf-1,Cluster 4,0,58.43
M1-TA-1_LGD-1,elimbhna-1,Cluster 4,0,70.40
M1-TA-1_LGD-1,fjcppfbg-1,Cluster 7,0,16.48
M1-TA-1_LGD-1,elinhacn-1,Cluster 4,0,167.26
M1-TA-1_LGD-1,dbmpnajd-1,Cluster 13,0,71.93
M1-TA-1_LGD-1,elilpjch-1,Cluster 4,0,51.25
M1-TA-1_LGD-1,dbmplidh-1,Cluster 4,0,91.49
M1-TA-1_LGD-1,dbmppgkk-1,Cluster 2,0,57.66
M1-TA-1_LGD-1,elimaeie-1,Cluster 4,0,94.42
M1-TA-1_LGD-1,elimkdpp-1,Cluster 19,0,38.38
M1-TA-1_LGD-1,dbnaldan-1,Cluster 4,0,75.19
M1-TA-1_LGD-1,elikomnl-1,Cluster 10,0,50.12
M1-TA-1_LGD-1,elingpil-1,Cluster 2,0,23.80
M1-TA-1_LGD-1,elingjnc-1,Cluster 2,0,27.86
M1-TA-1_LGD-1,elikkefm-1,Cluster 9,0,19.96
M1-TA-1_LGD-1,elilaoho-1,Cluster 3,0,43.76
M1-TA-1_LGD-1,cpmaiieh-1,Cluster 24,0,48.54
M1-TA-1_LGD-1,elikofpo-1,Cluster 3,0,42.81
M1-TA-1_LGD-1,elilfndg-1,Cluster 4,0,117.23
M1-TA-1_LGD-1,elilmopg-1,Cluster 2,0,72.97
M1-TA-1_LGD-1,dbmjijbf-1,Cluster 2,0,72.25
M1-TA-1_LGD-1,eliloijo-1,Cluster 4,0,33.10
M1-TA-1_LGD-1,elikmpdd-1,Cluster 1,0,22.89
M1-TA-1_LGD-1,dbmjnejj-1,Cluster 2,0,51.70
M1-TA-1_LGD-1,bfafamjh-1,Cluster 2,0,74.06
M1-TA-1_LGD-1,bfabbljk-1,Cluster 4,0,49.13
M1-TA-1_LGD-1,bfaeopmb-1,Cluster 2,0,68.50
M1-TA-1_LGD-1,bfaeonin-1,Cluster 2,0,40.73
M1-TA-1_LGD-1,bepnpbcn-1,Cluster 2,0,43.26
M1-TA-1_LGD-1,bfaajcin-1,Cluster 2,0,39.83
M1-TA-1_LGD-1,dbmjpojg-1,Cluster 2,0,57.85
M1-TA-1_LGD-1,fjacdbii-1,Cluster 4,0,39.02
M1-TA-1_LGD-1,bfaakopm-1,Cluster 4,0,133.71
M1-TA-1_LGD-1,fjddhbnn-1,Cluster 4,0,115.69
M1-TA-1_LGD-1,bfaahoef-1,Cluster 2,0,69.09
M1-TA-1_LGD-1,dbmkfjgn-1,Cluster 2,0,49.90
M1-TA-1_LGD-1,bfabclmg-1,Cluster 2,0,47.46
M1-TA-1_LGD-1,fjdcpoei-1,Cluster 4,0,154.21
M1-TA-1_LGD-1,bfaakali-1,Cluster 4,0,99.61
M1-TA-1_LGD-1,bepnjngo-1,Cluster 4,0,43.12
M1-TA-1_LGD-1,bfaekoll-1,Cluster 2,0,57.89
M1-TA-1_LGD-1,bfaanpei-1,Cluster 2,0,25.65
M1-TA-1_LGD-1,fjdeldoj-1,Cluster 4,0,234.00
M1-TA-1_LGD-1,fjddhhoo-1,Cluster 2,0,17.84
M1-TA-1_LGD-1,bfabbled-1,Cluster 2,0,50.17
M1-TA-1_LGD-1,fjahmogj-1,Cluster 4,0,206.45
M1-TA-1_LGD-1,dbmkpejc-1,Cluster 4,0,43.30
M1-TA-1_LGD-1,bfaelabn-1,Cluster 4,0,31.74
M1-TA-1_LGD-1,fjaidlol-1,Cluster 4,0,55.72
M1-TA-1_LGD-1,bfabdblm-1,Cluster 4,0,36.13
M1-TA-1_LGD-1,fjdeojff-1,Cluster 4,0,42.99
M1-TA-1_LGD-1,fjaifaco-1,Cluster 4,0,60.19
M1-TA-1_LGD-1,bfaemkkk-1,Cluster 2,0,65.07
M1-TA-1_LGD-1,eliinkjc-1,Cluster 4,0,29.35
M1-TA-1_LGD-1,eliielic-1,Cluster 4,0,209.48
M1-TA-1_LGD-1,bfaajcbn-1,Cluster 7,0,38.11
M1-TA-1_LGD-1,fjbblpmp-1,Cluster 4,0,297.53
M1-TA-1_LGD-1,dbmncejf-1,Cluster 2,0,41.05
M1-TA-1_LGD-1,dbmkfifb-1,Cluster 2,0,82.95
M1-TA-1_LGD-1,fkpmjngo-1,Cluster 4,0,142.60
M1-TA-1_LGD-1,elilbfip-1,Cluster 7,0,21.58
M1-TA-1_LGD-1,dbmpkmoj-1,Cluster 13,0,58.12
M1-TA-1_LGD-1,dbmjlfnl-1,Cluster 2,0,44.70
M1-TA-1_LGD-1,bfafcomh-1,Cluster 4,0,33.33
M1-TA-1_LGD-1,fjcpmjhp-1,Cluster 4,0,93.97
M1-TA-1_LGD-1,oeifbkni-1,Cluster 14,0,8.99
M1-TA-1_LGD-1,dbmplalc-1,Cluster 4,0,37.48
M1-TA-1_LGD-1,fjcpmilg-1,Cluster 4,0,70.90
M1-TA-1_LGD-1,fkpjbghk-1,Cluster 10,0,92.80
M1-TA-1_LGD-1,oeifdaaf-1,Cluster 14,0,19.87
M1-TA-1_LGD-1,fkpijmfj-1,Cluster 6,0,38.43
M1-TA-1_LGD-1,dbmjijlk-1,Cluster 2,0,35.22
M1-TA-1_LGD-1,fkpjajkn-1,Cluster 6,0,36.53
M1-TA-1_LGD-1,fkpiipbo-1,Cluster 3,0,95.46
M1-TA-1_LGD-1,fkpifhba-1,Cluster 9,0,11.97
M1-TA-1_LGD-1,fkpidmdk-1,Cluster 14,0,16.75
M1-TA-1_LGD-1,fkpipepo-1,Cluster 6,0,18.06
M1-TA-1_LGD-1,bfafipkh-1,Cluster 4,0,54.68
M1-TA-1_LGD-1,bfaffkhb-1,Cluster 4,0,137.73
M1-TA-1_LGD-1,bfafhgdg-1,Cluster 13,0,37.62
M1-TA-1_LGD-1,fkpiiipj-1,Cluster 6,0,46.29
M1-TA-1_LGD-1,dbmomind-1,Cluster 14,0,55.14
M1-TA-1_LGD-1,bfafaich-1,Cluster 4,0,36.89
M1-TA-1_LGD-1,bfafehfo-1,Cluster 13,0,37.62
M1-TA-1_LGD-1,bfafging-1,Cluster 2,0,37.84
M1-TA-1_LGD-1,fkpmkgkh-1,Cluster 4,0,100.16
M1-TA-1_LGD-1,dbmpaohf-1,Cluster 7,0,72.66
M1-TA-1_LGD-1,fkpjibkb-1,Cluster 4,0,26.51
M1-TA-1_LGD-1,fkpmdmbn-1,Cluster 4,0,120.84
M1-TA-1_LGD-1,fkpjcoal-1,Cluster 13,0,46.06
M1-TA-1_LGD-1,fkpifplg-1,Cluster 9,0,55.14
M1-TA-1_LGD-1,dbmpeegh-1,Cluster 14,0,58.84
M1-TA-1_LGD-1,fjddgkle-1,Cluster 4,0,94.29
M1-TA-1_LGD-1,elikjhpb-1,Cluster 10,0,38.79
M1-TA-1_LGD-1,fmamjhne-1,Cluster 1,0,47.28
M1-TA-1_LGD-1,eliednih-1,Cluster 10,0,102.37
M1-TA-1_LGD-1,fmamgjem-1,Cluster 10,0,21.95
M1-TA-1_LGD-1,elidmeph-1,Cluster 10,0,43.76
M1-TA-1_LGD-1,elidmjil-1,Cluster 9,0,68.14
M1-TA-1_LGD-1,dbnapfhp-1,Cluster 10,0,34.32
M1-TA-1_LGD-1,dbnbagjn-1,Cluster 6,0,45.16
M1-TA-1_LGD-1,dbnapoen-1,Cluster 15,0,51.93
M1-TA-1_LGD-1,elijmaid-1,Cluster 10,0,42.40
M1-TA-1_LGD-1,elijmjgi-1,Cluster 10,0,26.01
M1-TA-1_LGD-1,fmamcgfo-1,Cluster 10,0,57.98
M1-TA-1_LGD-1,elikiejf-1,Cluster 10,0,77.31
M1-TA-1_LGD-1,elikhlnd-1,Cluster 6,0,35.27
M1-TA-1_LGD-1,cpmgoaki-1,Cluster 6,0,74.69
M1-TA-1_LGD-1,elikfica-1,Cluster 3,0,31.25
M1-TA-1_LGD-1,elikehoo-1,Cluster 10,0,39.56
M1-TA-1_LGD-1,elijodkn-1,Cluster 10,0,68.19
M1-TA-1_LGD-1,elikabgp-1,Cluster 10,0,101.47
M1-TA-1_LGD-1,elikcbfo-1,Cluster 10,0,72.93
M1-TA-1_LGD-1,elikcmei-1,Cluster 14,0,37.39
M1-TA-1_LGD-1,fmamfneo-1,Cluster 10,0,52.29
M1-TA-1_LGD-1,elijooph-1,Cluster 22,0,23.57
M1-TA-1_LGD-1,elinnefo-1,Cluster 6,0,68.46
M1-TA-1_LGD-1,elimlehl-1,Cluster 15,0,67.69
M1-TA-1_LGD-1,elincgcc-1,Cluster 27,0,33.42
M1-TA-1_LGD-1,oeeplmao-1,Cluster 14,0,7.63
M1-TA-1_LGD-1,elikdkmc-1,Unassigned,0,18.20
M1-TA-1_LGD-1,elijplfb-1,Cluster 22,0,46.60
M1-TA-1_LGD-1,elinbjhh-1,Cluster 5,0,25.06
M1-TA-1_LGD-1,elioeagb-1,Cluster 7,0,15.49
M1-TA-1_LGD-1,elioejhk-1,Cluster 4,0,19.42
M1-TA-1_LGD-1,dbnbpeao-1,Cluster 25,0,54.68
M1-TA-1_LGD-1,eliodkin-1,Cluster 3,0,102.32
M1-TA-1_LGD-1,elinahnk-1,Cluster 4,0,63.53
M1-TA-1_LGD-1,eliocleg-1,Cluster 4,0,15.67
M1-TA-1_LGD-1,elinknah-1,Cluster 5,0,54.14
M1-TA-1_LGD-1,cplkfaje-1,Cluster 2,0,31.34
M1-TA-1_LGD-1,dbnecnif-1,Cluster 4,0,100.34
M1-TA-1_LGD-1,dbnedpee-1,Cluster 12,0,50.89
M1-TA-1_LGD-1,dbnebail-1,Cluster 2,0,25.20
M1-TA-1_LGD-1,cpmegpkd-1,Cluster 2,0,29.80
M1-TA-1_LGD-1,dbnfclll-1,Cluster 2,0,31.70
M1-TA-1_LGD-1,dbneplaf-1,Cluster 5,0,35.13
M1-TA-1_LGD-1,cplkddna-1,Cluster 4,0,35.63
M1-TA-1_LGD-1,cplkdgai-1,Cluster 5,0,29.53
M1-TA-1_LGD-1,cpmejebn-1,Cluster 5,0,25.96
M1-TA-1_LGD-1,flohgbgp-1,Cluster 7,0,7.04
M1-TA-1_LGD-1,flohfdgh-1,Cluster 4,0,27.91
M1-TA-1_LGD-1,flogeboa-1,Cluster 2,0,12.55
M1-TA-1_LGD-1,flogchob-1,Cluster 4,0,36.26
M1-TA-1_LGD-1,fmalnffp-1,Cluster 4,0,14.36
M1-TA-1_LGD-1,dbnebmpf-1,Cluster 12,0,75.00
M1-TA-1_LGD-1,dbnebkon-1,Cluster 5,0,48.54
M1-TA-1_LGD-1,eliejkmo-1,Cluster 27,0,162.92
M1-TA-1_LGD-1,eliejbde-1,Cluster 3,0,66.06
M1-TA-1_LGD-1,fmamamfd-1,Cluster 27,0,61.01
M1-TA-1_LGD-1,elieflmi-1,Cluster 9,0,30.53
M1-TA-1_LGD-1,elidcigl-1,Cluster 9,0,23.98
M1-TA-1_LGD-1,elieebmh-1,Cluster 9,0,12.15
M1-TA-1_LGD-1,elidgdma-1,Cluster 14,0,25.96
M1-TA-1_LGD-1,eliegdle-1,Cluster 9,0,38.65
M1-TA-1_LGD-1,elidhgpi-1,Cluster 3,0,40.55
M1-TA-1_LGD-1,elidljdk-1,Cluster 10,0,83.18
M1-TA-1_LGD-1,elidjfjg-1,Cluster 14,0,20.64
M1-TA-1_LGD-1,eliecdnn-1,Cluster 10,0,86.47
M1-TA-1_LGD-1,elidlmjc-1,Cluster 3,0,79.97
M1-TA-1_LGD-1,eliejkim-1,Cluster 1,0,64.57
M1-TA-1_LGD-1,elidecmf-1,Cluster 10,0,66.29
M1-TA-1_LGD-1,elieaako-1,Cluster 9,0,32.33
M1-TA-1_LGD-1,eliednoh-1,Cluster 10,0,81.87
M1-TA-1_LGD-1,fkpfgega-1,Cluster 6,0,30.62
M1-TA-1_LGD-1,fkpfkolb-1,Cluster 6,0,89.27
M1-TA-1_LGD-1,fkpfdgfp-1,Cluster 10,0,29.26
M1-TA-1_LGD-1,fkpfifdk-1,Cluster 10,0,62.14
M1-TA-1_LGD-1,fkpoeiel-1,Cluster 9,0,15.71
M1-TA-1_LGD-1,fkpnmafa-1,Cluster 14,0,19.24
M1-TA-1_LGD-1,fkpnlgef-1,Cluster 14,0,30.53
M1-TA-1_LGD-1,fkpompgc-1,Cluster 24,0,86.38
M1-TA-1_LGD-1,fkpnhgeg-1,Cluster 10,0,55.95
M1-TA-1_LGD-1,fkpnmblg-1,Cluster 3,0,39.92
M1-TA-1_LGD-1,fkpkekib-1,Cluster 10,0,65.16
M1-TA-1_LGD-1,fkpokncl-1,Cluster 6,0,30.25
M1-TA-1_LGD-1,fkpfcjej-1,Cluster 1,0,26.24
M1-TA-1_LGD-1,fmamjepe-1,Cluster 15,0,43.40
M1-TA-1_LGD-1,fkpofpcg-1,Cluster 6,0,39.96
M1-TA-1_LGD-1,fkpommmf-1,Cluster 3,0,70.17
M1-TA-1_LGD-1,fkpoepcn-1,Cluster 14,0,11.56
M1-TA-1_LGD-1,fkpojbhg-1,Cluster 9,0,42.67
M1-TA-1_LGD-1,fkpokhmm-1,Cluster 6,0,39.96
M1-TA-1_LGD-1,fkpnapja-1,Cluster 14,0,25.51
M1-TA-1_LGD-1,fkpoadkd-1,Cluster 19,0,109.05
M1-TA-1_LGD-1,oeifkpng-1,Cluster 14,0,62.59
M1-TA-1_LGD-1,dbmpkfcc-1,Cluster 4,0,33.46
M1-TA-1_LGD-1,fkpmnkoc-1,Cluster 2,0,24.16
M1-TA-1_LGD-1,fkpoeine-1,Cluster 14,0,79.70
M1-TA-1_LGD-1,fkpmlkjd-1,Cluster 4,0,71.93
M1-TA-1_LGD-1,fkpmlaha-1,Cluster 4,0,104.81
M1-TA-1_LGD-1,dbmofjoo-1,Cluster 2,0,66.38
M1-TA-1_LGD-1,fkpmobop-1,Cluster 3,0,56.76
M1-TA-1_LGD-1,fkpmpldd-1,Cluster 27,0,37.30
M1-TA-1_LGD-1,dbmojpdk-1,Cluster 2,0,25.38
M1-TA-1_LGD-1,dbmofoio-1,Cluster 12,0,32.51
M1-TA-1_LGD-1,fkpmfkoc-1,Cluster 5,0,81.51
M1-TA-1_LGD-1,elinafgb-1,Cluster 6,0,60.01
M1-TA-1_LGD-1,dbmphmcc-1,Cluster 4,0,47.23
M1-TA-1_LGD-1,eliemjfc-1,Cluster 4,0,20.46
M1-TA-1_LGD-1,fladefnb-1,Cluster 5,0,84.98
M1-TA-1_LGD-1,elieeobk-1,Cluster 10,0,33.37
M1-TA-1_LGD-1,dbnekame-1,Cluster 5,0,105.85
M1-TA-1_LGD-1,dbneghha-1,Cluster 5,0,34.45
M1-TA-1_LGD-1,flackifj-1,Cluster 4,0,26.01
M1-TA-1_LGD-1,fladdbkl-1,Cluster 7,0,27.86
M1-TA-1_LGD-1,fkpejnfk-1,Cluster 10,0,83.09
M1-TA-1_LGD-1,fkpemhof-1,Cluster 6,0,51.79
M1-TA-1_LGD-1,fkpemhal-1,Cluster 10,0,48.27
M1-TA-1_LGD-1,flaciihf-1,Cluster 5,0,161.61
M1-TA-1_LGD-1,dbnejmng-1,Cluster 2,0,59.52
M1-TA-1_LGD-1,flackdoe-1,Cluster 4,0,47.50
M1-TA-1_LGD-1,dbneknnn-1,Cluster 5,0,55.72
M1-TA-1_LGD-1,dbnekhmj-1,Cluster 4,0,40.32
M1-TA-1_LGD-1,dbnekekm-1,Cluster 5,0,42.58
M1-TA-1_LGD-1,fkpeokhg-1,Cluster 14,0,16.21
M1-TA-1_LGD-1,dbnegckc-1,Cluster 4,0,37.89
M1-TA-1_LGD-1,fkpenkfm-1,Cluster 10,0,77.94
M1-TA-1_LGD-1,dbnejoef-1,Cluster 2,0,12.91
M1-TA-1_LGD-1,dbnegnol-1,Cluster 4,0,36.71
M1-TA-1_LGD-1,fkpeoejo-1,Cluster 10,0,37.89
M1-TA-1_LGD-1,fkpfljfn-1,Cluster 1,0,25.51
M1-TA-1_LGD-1,fmamldhh-1,Cluster 6,0,92.48
M1-TA-1_LGD-1,fkpehgdo-1,Cluster 10,0,52.25
M1-TA-1_LGD-1,fkpflcbi-1,Cluster 6,0,25.87
M1-TA-1_LGD-1,fkpgbgjp-1,Cluster 10,0,55.77
M1-TA-1_LGD-1,fkpeekph-1,Cluster 1,0,28.36
M1-TA-1_LGD-1,fkpfpain-1,Cluster 14,0,29.40
M1-TA-1_LGD-1,fkpfmpck-1,Cluster 14,0,24.34
M1-TA-1_LGD-1,fkpfliod-1,Cluster 10,0,64.35
M1-TA-1_LGD-1,fkpflcfa-1,Cluster 10,0,28.49
M1-TA-1_LGD-1,fkpeejig-1,Cluster 9,0,37.07
M1-TA-1_LGD-1,dbnbiaod-1,Cluster 15,0,53.10
M1-TA-1_LGD-1,bfabpobo-1,Cluster 4,0,98.44
M1-TA-1_LGD-1,fjaofgho-1,Cluster 9,0,18.51
M1-TA-1_LGD-1,fjdehekg-1,Cluster 4,0,130.95
M1-TA-1_LGD-1,fjddbcab-1,Cluster 4,0,278.70
M1-TA-1_LGD-1,bfaebjlf-1,Cluster 4,0,39.56
M1-TA-1_LGD-1,fjdalmap-1,Cluster 7,0,85.03
M1-TA-1_LGD-1,fipodhga-1,Cluster 4,0,291.71
M1-TA-1_LGD-1,fipodekg-1,Cluster 2,0,37.48
M1-TA-1_LGD-1,fipodlpo-1,Cluster 4,0,24.34
M1-TA-1_LGD-1,fippobje-1,Cluster 4,0,73.29
M1-TA-1_LGD-1,fjdamgcm-1,Cluster 4,0,139.17
M1-TA-1_LGD-1,fippiilf-1,Cluster 2,0,36.44
M1-TA-1_LGD-1,fippjiof-1,Cluster 4,0,88.10
M1-TA-1_LGD-1,bepobohj-1,Cluster 2,0,58.12
M1-TA-1_LGD-1,bepoapbc-1,Cluster 15,0,37.21
M1-TA-1_LGD-1,fipplaon-1,Cluster 2,0,85.21
M1-TA-1_LGD-1,beppagal-1,Cluster 2,0,38.56
M1-TA-1_LGD-1,fjaaadfn-1,Cluster 2,0,62.41
M1-TA-1_LGD-1,oehinfem-1,Cluster 3,0,17.93
M1-TA-1_LGD-1,bepopbic-1,Cluster 2,0,22.89
M1-TA-1_LGD-1,bepnkmpc-1,Cluster 2,0,43.98
M1-TA-1_LGD-1,bepojkik-1,Cluster 2,0,40.05
M1-TA-1_LGD-1,bepoglao-1,Cluster 2,0,36.85
M1-TA-1_LGD-1,beponhkp-1,Cluster 5,0,56.72
M1-TA-1_LGD-1,bepnohaj-1,Cluster 2,0,26.73
M1-TA-1_LGD-1,oehjbgda-1,Cluster 9,0,16.39
M1-TA-1_LGD-1,fjakkabo-1,Cluster 10,0,26.91
M1-TA-1_LGD-1,fippochk-1,Cluster 2,0,55.00
M1-TA-1_LGD-1,bepohekd-1,Cluster 2,0,24.43
M1-TA-1_LGD-1,oehjabkd-1,Cluster 14,0,15.58
M1-TA-1_LGD-1,bepogfig-1,Cluster 9,0,32.56
M1-TA-1_LGD-1,beponpcc-1,Cluster 4,0,29.80
M1-TA-1_LGD-1,fjaifhjo-1,Cluster 2,0,64.80
M1-TA-1_LGD-1,fjaokmbh-1,Cluster 4,0,28.67
M1-TA-1_LGD-1,fjaojkgb-1,Cluster 9,0,12.96
M1-TA-1_LGD-1,fipppfne-1,Cluster 3,0,78.44
M1-TA-1_LGD-1,fjaoacml-1,Cluster 7,0,29.17
M1-TA-1_LGD-1,bfbmided-1,Cluster 2,0,49.76
M1-TA-1_LGD-1,bfaenmfm-1,Cluster 2,0,30.30
M1-TA-1_LGD-1,fkphjjnk-1,Cluster 4,0,48.54
M1-TA-1_LGD-1,bfacbjed-1,Cluster 2,0,50.12
M1-TA-1_LGD-1,fkphpdaf-1,Cluster 4,0,67.15
M1-TA-1_LGD-1,bfacifpj-1,Cluster 2,0,34.50
M1-TA-1_LGD-1,bfachmla-1,Cluster 25,0,46.92
M1-TA-1_LGD-1,bfacffnb-1,Cluster 2,0,38.02
M1-TA-1_LGD-1,fjdhbfen-1,Cluster 6,0,24.07
M1-TA-1_LGD-1,bfacafdc-1,Cluster 4,0,103.32
M1-TA-1_LGD-1,bfacgeee-1,Cluster 2,0,48.32
M1-TA-1_LGD-1,fkpieiif-1,Cluster 6,0,47.96
M1-TA-1_LGD-1,fkphoegc-1,Cluster 7,0,42.22
M1-TA-1_LGD-1,fkphojja-1,Cluster 7,0,17.93
M1-TA-1_LGD-1,fjddoikl-1,Cluster 6,0,40.19
M1-TA-1_LGD-1,fjdhfffl-1,Cluster 6,0,31.07
M1-TA-1_LGD-1,fjdhmaib-1,Cluster 14,0,17.97
M1-TA-1_LGD-1,fkpibkdf-1,Cluster 4,0,50.80
M1-TA-1_LGD-1,fjdhnglb-1,Cluster 14,0,13.14
M1-TA-1_LGD-1,fjdhbbob-1,Cluster 15,0,22.67
M1-TA-1_LGD-1,bfaebgep-1,Cluster 2,0,77.22
M1-TA-1_LGD-1,fjddkhgc-1,Cluster 7,0,15.04
M1-TA-1_LGD-1,fjdfbemf-1,Cluster 4,0,84.76
M1-TA-1_LGD-1,fjdefjnm-1,Cluster 2,0,39.06
M1-TA-1_LGD-1,bfadklmb-1,Cluster 2,0,31.25
M1-TA-1_LGD-1,fjddnmee-1,Cluster 7,0,11.02
M1-TA-1_LGD-1,fjdegggg-1,Cluster 2,0,37.03
M1-TA-1_LGD-1,fjdfienh-1,Cluster 13,0,22.17
M1-TA-1_LGD-1,fjdfnolj-1,Cluster 2,0,28.63
M1-TA-1_LGD-1,fjdeafik-1,Cluster 7,0,23.30
M1-TA-1_LGD-1,fjdehbjc-1,Cluster 4,0,62.41
M1-TA-1_LGD-1,fjdfibgc-1,Cluster 4,0,42.36
M1-TA-1_LGD-1,fjdfphob-1,Cluster 4,0,37.34
M1-TA-1_LGD-1,fjdffkae-1,Cluster 4,0,47.10
M1-TA-1_LGD-1,fjdedcic-1,Cluster 4,0,53.06
M1-TA-1_LGD-1,dbohgfjf-1,Cluster 4,0,33.64
M1-TA-1_LGD-1,fippkkip-1,Cluster 4,0,55.72
M1-TA-1_LGD-1,bfaablci-1,Cluster 2,0,81.60
M1-TA-1_LGD-1,bfaahnfn-1,Cluster 4,0,31.11
M1-TA-1_LGD-1,bfaahila-1,Cluster 7,0,24.52
M1-TA-1_LGD-1,bfaahgan-1,Cluster 2,0,24.93
M1-TA-1_LGD-1,bfaaehlh-1,Cluster 2,0,60.51
M1-TA-1_LGD-1,fjablccp-1,Cluster 24,0,58.88
M1-TA-1_LGD-1,fjabkmoi-1,Cluster 1,0,20.91
M1-TA-1_LGD-1,beppmice-1,Cluster 2,0,44.57
M1-TA-1_LGD-1,fjabjocl-1,Cluster 2,0,15.17
M1-TA-1_LGD-1,fjabjeob-1,Cluster 2,0,58.57
M1-TA-1_LGD-1,oehiolal-1,Cluster 6,0,8.85
M1-TA-1_LGD-1,fjaacomk-1,Cluster 10,0,60.51
M1-TA-1_LGD-1,beppkgjj-1,Cluster 2,0,28.81
M1-TA-1_LGD-1,beppgncl-1,Cluster 2,0,36.53
M1-TA-1_LGD-1,fjaapabn-1,Cluster 1,0,18.56
M1-TA-1_LGD-1,fjabipja-1,Cluster 10,0,28.45
M1-TA-1_LGD-1,fjandpfp-1,Cluster 6,0,31.16
M1-TA-1_LGD-1,fjaohbec-1,Cluster 10,0,42.00
M1-TA-1_LGD-1,fjaoifig-1,Cluster 3,0,72.11
M1-TA-1_LGD-1,dbohglfa-1,Cluster 10,0,59.15
M1-TA-1_LGD-1,bfaaalaj-1,Cluster 2,0,62.04
M1-TA-1_LGD-1,fjabkhgl-1,Cluster 4,0,39.65
M1-TA-1_LGD-1,fjabldmn-1,Cluster 27,0,60.37
M1-TA-1_LGD-1,fjablphb-1,Cluster 6,0,55.59
M1-TA-1_LGD-1,fjaaanai-1,Cluster 6,0,44.89
M1-TA-1_LGD-1,fjacccif-1,Cluster 10,0,38.52
M1-TA-1_LGD-1,fjabogfa-1,Cluster 9,0,15.85
M1-TA-1_LGD-1,beppmcfc-1,Cluster 2,0,67.92
M1-TA-1_LGD-1,fjalimna-1,Cluster 10,0,19.60
M1-TA-1_LGD-1,fjanbjnh-1,Cluster 6,0,17.48
M1-TA-1_LGD-1,fjaopcpn-1,Cluster 10,0,26.24
M1-TA-1_LGD-1,fjanijfh-1,Cluster 10,0,37.16
M1-TA-1_LGD-1,bfaabdgk-1,Cluster 2,0,55.72
M1-TA-1_LGD-1,bfacbagm-1,Cluster 4,0,29.89
M1-TA-1_LGD-1,bfadaape-1,Cluster 2,0,99.52
M1-TA-1_LGD-1,dboinjmo-1,Cluster 2,0,90.36
M1-TA-1_LGD-1,fkphjpei-1,Cluster 4,0,112.26
M1-TA-1_LGD-1,bfackgfe-1,Cluster 4,0,157.82
M1-TA-1_LGD-1,dbohfmnj-1,Cluster 4,0,80.20
M1-TA-1_LGD-1,bfabndgj-1,Cluster 4,0,78.89
M1-TA-1_LGD-1,bfaecejb-1,Cluster 4,0,141.43
M1-TA-1_LGD-1,bfaeekfl-1,Cluster 2,0,47.01
M1-TA-1_LGD-1,fkphlkpk-1,Cluster 4,0,26.64
M1-TA-1_LGD-1,bfaddakf-1,Cluster 2,0,106.52
M1-TA-1_LGD-1,fkphlaoi-1,Cluster 7,0,8.13
M1-TA-1_LGD-1,flbeleem-1,Cluster 4,0,160.30
M1-TA-1_LGD-1,flbelhdp-1,Cluster 7,0,12.64
M1-TA-1_LGD-1,bfaeebbb-1,Cluster 4,0,73.24
M1-TA-1_LGD-1,beppckal-1,Cluster 4,0,41.45
M1-TA-1_LGD-1,bfadpalp-1,Cluster 4,0,41.00
M1-TA-1_LGD-1,fjdfomjo-1,Cluster 4,0,64.75
M1-TA-1_LGD-1,fjdgffle-1,Cluster 4,0,31.52
M1-TA-1_LGD-1,fjdgfbdg-1,Cluster 4,0,82.23
M1-TA-1_LGD-1,bfadmhee-1,Cluster 4,0,24.38
M1-TA-1_LGD-1,bfadijka-1,Cluster 2,0,42.31
M1-TA-1_LGD-1,bfaeajhb-1,Cluster 2,0,105.03
M1-TA-1_LGD-1,dboioape-1,Cluster 2,0,95.05
M1-TA-1_LGD-1,fjdgfbck-1,Cluster 2,0,27.73
M1-TA-1_LGD-1,beppahef-1,Cluster 4,0,65.84
M1-TA-1_LGD-1,bfaeacog-1,Cluster 2,0,94.65
M1-TA-1_LGD-1,bfadnfja-1,Cluster 2,0,28.45
M1-TA-1_LGD-1,bfaebacf-1,Cluster 2,0,55.81
M1-TA-1_LGD-1,bfaeaead-1,Cluster 4,0,136.87
M1-TA-1_LGD-1,fippecab-1,Cluster 4,0,181.26
M1-TA-1_LGD-1,fippcipo-1,Cluster 4,0,76.59
M1-TA-1_LGD-1,fippdojn-1,Cluster 4,0,95.55
M1-TA-1_LGD-1,dbohkdil-1,Cluster 2,0,57.12
M1-TA-1_LGD-1,fkphbibj-1,Cluster 4,0,57.80
M1-TA-1_LGD-1,fkpkcgmm-1,Cluster 3,0,64.48
M1-TA-1_LGD-1,fkpodmim-1,Cluster 6,0,21.00
M1-TA-1_LGD-1,fkpkackp-1,Cluster 1,0,24.16
M1-TA-1_LGD-1,oeifgbfd-1,Cluster 19,0,109.41
M1-TA-1_LGD-1,fkpnofdj-1,Cluster 6,0,90.18
M1-TA-1_LGD-1,fkpkilio-1,Cluster 6,0,124.41
M1-TA-1_LGD-1,fkpllnia-1,Cluster 27,0,49.81
M1-TA-1_LGD-1,flbdigak-1,Cluster 4,0,42.67
M1-TA-1_LGD-1,fkplknep-1,Cluster 2,0,14.36
M1-TA-1_LGD-1,fkplookh-1,Cluster 7,0,11.79
M1-TA-1_LGD-1,fkplpcal-1,Cluster 4,0,45.43
M1-TA-1_LGD-1,fkpljaka-1,Cluster 4,0,47.46
M1-TA-1_LGD-1,dbmokgfn-1,Cluster 4,0,51.12
M1-TA-1_LGD-1,fkplbejk-1,Cluster 2,0,57.57
M1-TA-1_LGD-1,bfafjbmk-1,Cluster 13,0,20.91
M1-TA-1_LGD-1,fkpjjjeh-1,Cluster 2,0,96.32
M1-TA-1_LGD-1,dbmpkiee-1,Cluster 7,0,42.45
M1-TA-1_LGD-1,fkplghhg-1,Cluster 2,0,32.96
M1-TA-1_LGD-1,fkplhplb-1,Cluster 5,0,44.12
M1-TA-1_LGD-1,bfacjjaj-1,Cluster 2,0,46.33
M1-TA-1_LGD-1,fkpmgimc-1,Cluster 2,0,29.13
M1-TA-1_LGD-1,flbeapei-1,Cluster 4,0,43.17
M1-TA-1_LGD-1,bfafllbi-1,Cluster 4,0,43.85
M1-TA-1_LGD-1,fkpmbjbb-1,Cluster 4,0,185.10
M1-TA-1_LGD-1,flbdpghi-1,Cluster 4,0,117.77
M1-TA-1_LGD-1,bfacagef-1,Cluster 2,0,68.77
M1-TA-1_LGD-1,fkplcjod-1,Cluster 4,0,21.72
M1-TA-1_LGD-1,fkplggpb-1,Cluster 2,0,29.58
M1-TA-1_LGD-1,fkphhhne-1,Cluster 2,0,23.21
M1-TA-1_LGD-1,dbmpaaop-1,Cluster 7,0,121.47
M1-TA-1_LGD-1,flbdjpof-1,Cluster 4,0,105.80
M1-TA-1_LGD-1,bfabmfbf-1,Cluster 4,0,126.48
M1-TA-1_LGD-1,bfafldle-1,Cluster 4,0,48.23
M1-TA-1_LGD-1,fkplknao-1,Cluster 5,0,97.40
M1-TA-1_LGD-1,fkpjdfef-1,Cluster 4,0,30.12
M1-TA-1_LGD-1,flaafifm-1,Cluster 5,0,51.43
M1-TA-1_LGD-1,dbnbkgkp-1,Cluster 13,0,70.53
M1-TA-1_LGD-1,fladaige-1,Cluster 4,0,95.28
M1-TA-1_LGD-1,fkpplbda-1,Cluster 13,0,25.47
M1-TA-1_LGD-1,dbncnkaf-1,Cluster 15,0,66.61
M1-TA-1_LGD-1,fkpeajcj-1,Cluster 6,0,50.80
M1-TA-1_LGD-1,oeigfjbi-1,Cluster 14,0,16.71
M1-TA-1_LGD-1,dbnbeecl-1,Cluster 13,0,67.15
M1-TA-1_LGD-1,fkpehmep-1,Cluster 6,0,36.17
M1-TA-1_LGD-1,fkpemanj-1,Cluster 10,0,68.10
M1-TA-1_LGD-1,oeigggml-1,Cluster 14,0,17.97
M1-TA-1_LGD-1,fkppfddi-1,Cluster 4,0,118.04
M1-TA-1_LGD-1,fkpphppi-1,Cluster 4,0,34.77
M1-TA-1_LGD-1,dbnenmgg-1,Cluster 13,0,39.60
M1-TA-1_LGD-1,dbnbenjd-1,Cluster 4,0,81.06
M1-TA-1_LGD-1,dbnbfdhe-1,Cluster 13,0,63.85
M1-TA-1_LGD-1,dbnbfamn-1,Cluster 13,0,90.36
M1-TA-1_LGD-1,fkpdndjh-1,Cluster 4,0,196.25
M1-TA-1_LGD-1,fkpgdfdd-1,Cluster 19,0,57.66
M1-TA-1_LGD-1,fkpdpnch-1,Cluster 3,0,115.06
M1-TA-1_LGD-1,fkpkemfm-1,Cluster 9,0,29.35
M1-TA-1_LGD-1,flbbohpk-1,Cluster 6,0,48.50
M1-TA-1_LGD-1,flbcnkid-1,Cluster 6,0,31.47
M1-TA-1_LGD-1,fkpkfldo-1,Cluster 10,0,38.20
M1-TA-1_LGD-1,fkpkbphe-1,Cluster 14,0,16.62
M1-TA-1_LGD-1,fkpkffjm-1,Cluster 6,0,36.98
M1-TA-1_LGD-1,fkpeefdf-1,Cluster 10,0,49.76
M1-TA-1_LGD-1,fkpnffog-1,Cluster 10,0,51.12
M1-TA-1_LGD-1,fkpkfelf-1,Cluster 1,0,14.86
M1-TA-1_LGD-1,fkpkeabf-1,Cluster 10,0,24.47
M1-TA-1_LGD-1,fkpnebpj-1,Cluster 19,0,22.71
M1-TA-1_LGD-1,fkpoiacp-1,Cluster 10,0,54.73
M1-TA-1_LGD-1,dbnbbhjo-1,Cluster 15,0,45.29
M1-TA-1_LGD-1,fkpkcmlo-1,Cluster 9,0,62.04
M1-TA-1_LGD-1,oeifedpn-1,Cluster 14,0,151.32
M1-TA-1_LGD-1,fkkdkfck-1,Cluster 19,0,42.81
M1-TA-1_LGD-1,flbdakko-1,Cluster 6,0,122.87
M1-TA-1_LGD-1,fkpkjoeh-1,Cluster 4,0,37.75
M1-TA-1_LGD-1,dbogmpmf-1,Cluster 12,0,37.12
M1-TA-1_LGD-1,fkpkgddk-1,Cluster 3,0,139.17
M1-TA-1_LGD-1,fkkdiiei-1,Cluster 9,0,31.20
M1-TA-1_LGD-1,dbohcdpn-1,Cluster 2,0,35.31
M1-TA-1_LGD-1,dbogcnjh-1,Cluster 2,0,25.20
M1-TA-1_LGD-1,dbnbofeb-1,Cluster 4,0,28.22
M1-TA-1_LGD-1,dbnancdg-1,Cluster 2,0,31.74
M1-TA-1_LGD-1,dbnaobig-1,Cluster 4,0,32.33
M1-TA-1_LGD-1,dbncehih-1,Cluster 2,0,75.55
M1-TA-1_LGD-1,flbdbnop-1,Cluster 4,0,53.74
M1-TA-1_LGD-1,flbddplp-1,Cluster 4,0,57.94
M1-TA-1_LGD-1,dbogdggn-1,Cluster 4,0,47.55
M1-TA-1_LGD-1,fkpjlcae-1,Cluster 4,0,92.34
M1-TA-1_LGD-1,fkpkoclc-1,Cluster 4,0,57.62
M1-TA-1_LGD-1,fkikblnl-1,Cluster 4,0,40.51
M1-TA-1_LGD-1,dbojgaan-1,Cluster 4,0,47.41
M1-TA-1_LGD-1,bfacamcn-1,Cluster 4,0,107.38
M1-TA-1_LGD-1,dbojnbnc-1,Cluster 4,0,42.67
M1-TA-1_LGD-1,fkijnbko-1,Cluster 4,0,226.10
M1-TA-1_LGD-1,flbdeadl-1,Cluster 4,0,262.00
M1-TA-1_LGD-1,fkijlcgm-1,Cluster 4,0,90.72
M1-TA-1_LGD-1,dbncaifc-1,Cluster 4,0,25.24
M1-TA-1_LGD-1,dbogjfke-1,Cluster 4,0,45.11
M1-TA-1_LGD-1,fkiaaigh-1,Cluster 5,0,79.07
M1-TA-1_LGD-1,dbmoling-1,Cluster 2,0,43.58
M1-TA-1_LGD-1,fkiaddpm-1,Cluster 5,0,95.14
M1-TA-1_LGD-1,dbnapfha-1,Cluster 4,0,35.18
M1-TA-1_LGD-1,flbdgodj-1,Cluster 4,0,88.51
M1-TA-1_LGD-1,flbdjkbm-1,Cluster 4,0,51.52
M1-TA-1_LGD-1,fkpkpmig-1,Cluster 4,0,68.59
M1-TA-1_LGD-1,dbnccebk-1,Cluster 12,0,63.58
M1-TA-1_LGD-1,fkpgpopk-1,Cluster 4,0,87.33
M1-TA-1_LGD-1,dbpjbdkb-1,Cluster 13,0,71.44
M1-TA-1_LGD-1,flabbjob-1,Cluster 14,0,18.20
M1-TA-1_LGD-1,flaaeknf-1,Cluster 13,0,68.14
M1-TA-1_LGD-1,flaadpda-1,Cluster 6,0,23.98
M1-TA-1_LGD-1,flabaeml-1,Cluster 10,0,22.94
M1-TA-1_LGD-1,fkpppnnn-1,Cluster 4,0,117.86
M1-TA-1_LGD-1,dbndlmcd-1,Cluster 13,0,36.31
M1-TA-1_LGD-1,fkppkcof-1,Cluster 13,0,217.43
M1-TA-1_LGD-1,fkiainjd-1,Cluster 13,0,64.93
M1-TA-1_LGD-1,dbofoefh-1,Cluster 13,0,43.03
M1-TA-1_LGD-1,fkpgiebp-1,Cluster 4,0,66.97
M1-TA-1_LGD-1,fkpglgdj-1,Cluster 7,0,20.95
M1-TA-1_LGD-1,fkpgonkl-1,Cluster 4,0,56.94
M1-TA-1_LGD-1,fkkhimjk-1,Cluster 9,0,35.72
M1-TA-1_LGD-1,fkkhfnle-1,Cluster 6,0,35.40
M1-TA-1_LGD-1,fkkhkiem-1,Cluster 25,0,49.90
M1-TA-1_LGD-1,flbcfppc-1,Cluster 14,0,26.78
M1-TA-1_LGD-1,fkpgommp-1,Cluster 13,0,29.40
M1-TA-1_LGD-1,fkpkabjj-1,Cluster 8,0,34.09
M1-TA-1_LGD-1,fkpjnbhc-1,Cluster 7,0,19.33
M1-TA-1_LGD-1,fkphejdn-1,Cluster 4,0,53.65
M1-TA-1_LGD-1,fkpjnfee-1,Cluster 14,0,36.71
M1-TA-1_LGD-1,fkkhfhgf-1,Cluster 4,0,53.65
M1-TA-1_LGD-1,flbckhcl-1,Cluster 6,0,123.19
M1-TA-1_LGD-1,flbcmjpb-1,Cluster 6,0,72.52
M1-TA-1_LGD-1,fkkfnnok-1,Cluster 1,0,22.62
M1-TA-1_LGD-1,fkkfifcn-1,Cluster 6,0,43.26
M1-TA-1_LGD-1,flbbpeon-1,Cluster 10,0,36.85
M1-TA-1_LGD-1,flbccdjj-1,Cluster 6,0,44.07
M1-TA-1_LGD-1,fkkgbjej-1,Cluster 19,0,47.41
M1-TA-1_LGD-1,dbofonbm-1,Cluster 24,0,39.02
M1-TA-1_LGD-1,flbccicc-1,Cluster 6,0,36.53
M1-TA-1_LGD-1,oeifflee-1,Cluster 14,0,51.43
M1-TA-1_LGD-1,dboepdne-1,Cluster 2,0,19.64
M1-TA-1_LGD-1,oehkdbbg-1,Cluster 14,0,26.10
M1-TA-1_LGD-1,fjajmanp-1,Cluster 19,0,18.92
M1-TA-1_LGD-1,fkjackgm-1,Cluster 2,0,63.76
M1-TA-1_LGD-1,dbohmeon-1,Cluster 5,0,71.53
M1-TA-1_LGD-1,fjaonpce-1,Cluster 5,0,36.53
M1-TA-1_LGD-1,fjaalbpg-1,Cluster 5,0,178.37
M1-TA-1_LGD-1,dbohiffe-1,Cluster 5,0,43.21
M1-TA-1_LGD-1,fjapddlb-1,Cluster 4,0,70.71
M1-TA-1_LGD-1,fjaopkgc-1,Cluster 10,0,58.30
M1-TA-1_LGD-1,fkgcmeln-1,Cluster 10,0,28.72
M1-TA-1_LGD-1,fkgblgjf-1,Cluster 10,0,44.80
M1-TA-1_LGD-1,dbnnghfl-1,Cluster 2,0,57.39
M1-TA-1_LGD-1,fjaiollh-1,Cluster 9,0,20.41
M1-TA-1_LGD-1,fkgcbnjn-1,Cluster 10,0,31.43
M1-TA-1_LGD-1,fjajdpmj-1,Cluster 9,0,17.29
M1-TA-1_LGD-1,fjaiojdc-1,Cluster 10,0,18.20
M1-TA-1_LGD-1,fjajdfik-1,Cluster 14,0,9.53
M1-TA-1_LGD-1,fkgbpffa-1,Cluster 10,0,31.43
M1-TA-1_LGD-1,fjapekhm-1,Cluster 10,0,48.90
M1-TA-1_LGD-1,dboiihhh-1,Cluster 5,0,70.44
M1-TA-1_LGD-1,fjapbilj-1,Cluster 10,0,38.74
M1-TA-1_LGD-1,fjakdlli-1,Cluster 10,0,29.94
M1-TA-1_LGD-1,fjakecnk-1,Cluster 1,0,37.89
M1-TA-1_LGD-1,fjajgcfe-1,Cluster 20,0,53.83
M1-TA-1_LGD-1,fkgcelgb-1,Cluster 10,0,35.67
M1-TA-1_LGD-1,fjakchna-1,Cluster 10,0,60.74
M1-TA-1_LGD-1,fkgbpcid-1,Cluster 10,0,27.23
M1-TA-1_LGD-1,fkgblfpa-1,Cluster 9,0,29.17
M1-TA-1_LGD-1,fkgbhkmb-1,Cluster 3,0,18.92
M1-TA-1_LGD-1,fjajkcnd-1,Cluster 10,0,59.38
M1-TA-1_LGD-1,fjajicfo-1,Cluster 10,0,28.18
M1-TA-1_LGD-1,fkgcfhhg-1,Cluster 9,0,19.19
M1-TA-1_LGD-1,fkgbeope-1,Cluster 3,0,21.00
M1-TA-1_LGD-1,fjajjijp-1,Cluster 19,0,27.64
M1-TA-1_LGD-1,fkgckpka-1,Cluster 3,0,26.64
M1-TA-1_LGD-1,fjajpjca-1,Cluster 3,0,24.47
M1-TA-1_LGD-1,fjajldok-1,Cluster 9,0,18.29
M1-TA-1_LGD-1,fkgcfplf-1,Cluster 9,0,33.10
M1-TA-1_LGD-1,fjakcfgi-1,Cluster 3,0,22.62
M1-TA-1_LGD-1,fjdfonnj-1,Cluster 4,0,156.42
M1-TA-1_LGD-1,fippbode-1,Cluster 7,0,20.64
M1-TA-1_LGD-1,dbohgkoi-1,Cluster 2,0,88.69
M1-TA-1_LGD-1,beppeejf-1,Cluster 4,0,97.04
M1-TA-1_LGD-1,dbobipcd-1,Cluster 7,0,33.78
M1-TA-1_LGD-1,fkipoccg-1,Cluster 2,0,109.50
M1-TA-1_LGD-1,dboipklc-1,Cluster 2,0,73.11
M1-TA-1_LGD-1,dboiphfl-1,Cluster 2,0,75.95
M1-TA-1_LGD-1,fjdahpeb-1,Cluster 4,0,160.17
M1-TA-1_LGD-1,fkjaailp-1,Cluster 2,0,115.92
M1-TA-1_LGD-1,dboiiagd-1,Cluster 2,0,36.44
M1-TA-1_LGD-1,fkjaacbf-1,Cluster 2,0,65.43
M1-TA-1_LGD-1,fkipomlj-1,Cluster 4,0,42.04
M1-TA-1_LGD-1,dboidhpp-1,Cluster 2,0,50.30
M1-TA-1_LGD-1,dboidehe-1,Cluster 2,0,48.50
M1-TA-1_LGD-1,fkipmahn-1,Cluster 4,0,254.32
M1-TA-1_LGD-1,dboaddmg-1,Cluster 4,0,46.15
M1-TA-1_LGD-1,fipojkll-1,Cluster 2,0,61.32
M1-TA-1_LGD-1,fipofidd-1,Cluster 4,0,105.39
M1-TA-1_LGD-1,fkjakoan-1,Cluster 4,0,53.51
M1-TA-1_LGD-1,fkjakknb-1,Cluster 6,0,36.76
M1-TA-1_LGD-1,oeicdfoi-1,Cluster 9,0,18.47
M1-TA-1_LGD-1,fkfgdonp-1,Cluster 9,0,18.74
M1-TA-1_LGD-1,fjaadell-1,Cluster 14,0,21.86
M1-TA-1_LGD-1,fjaafigo-1,Cluster 3,0,35.58
M1-TA-1_LGD-1,fkjakibo-1,Cluster 6,0,52.11
M1-TA-1_LGD-1,oehiocbj-1,Cluster 14,0,8.35
M1-TA-1_LGD-1,fkfggmnf-1,Cluster 3,0,28.81
M1-TA-1_LGD-1,fjaamojh-1,Cluster 15,0,43.80
M1-TA-1_LGD-1,fjaamile-1,Cluster 20,0,25.60
M1-TA-1_LGD-1,oehioeof-1,Cluster 9,0,20.18
M1-TA-1_LGD-1,fjaamcmc-1,Cluster 19,0,36.17
M1-TA-1_LGD-1,fjaaihcb-1,Cluster 5,0,29.94
M1-TA-1_LGD-1,fjaomikj-1,Cluster 2,0,120.25
M1-TA-1_LGD-1,dboaelcg-1,Cluster 4,0,100.47
M1-TA-1_LGD-1,fkimoeac-1,Cluster 9,0,11.11
M1-TA-1_LGD-1,fkinghob-1,Cluster 15,0,61.73
M1-TA-1_LGD-1,fjmnlnpo-1,Cluster 15,0,46.06
M1-TA-1_LGD-1,fkgcelgo-1,Cluster 3,0,36.98
M1-TA-1_LGD-1,dbnopbbe-1,Cluster 16,0,43.30
M1-TA-1_LGD-1,fkgcepea-1,Cluster 6,0,55.14
M1-TA-1_LGD-1,fkfhcdmj-1,Cluster 9,0,17.02
M1-TA-1_LGD-1,dbnnblml-1,Cluster 2,0,36.22
M1-TA-1_LGD-1,fkfhafkj-1,Cluster 3,0,34.00
M1-TA-1_LGD-1,fkfhiecp-1,Cluster 5,0,186.68
M1-TA-1_LGD-1,dbnnbgng-1,Cluster 2,0,34.23
M1-TA-1_LGD-1,fkfgknke-1,Cluster 4,0,35.22
M1-TA-1_LGD-1,dbnnmlhj-1,Cluster 4,0,61.82
M1-TA-1_LGD-1,fkfghmfk-1,Cluster 3,0,45.88
M1-TA-1_LGD-1,dbnoahjj-1,Cluster 2,0,42.49
M1-TA-1_LGD-1,dbnoadio-1,Cluster 4,0,63.13
M1-TA-1_LGD-1,fkfhegdj-1,Cluster 2,0,19.91
M1-TA-1_LGD-1,fkgcfbab-1,Cluster 6,0,24.25
M1-TA-1_LGD-1,dbnncmda-1,Cluster 5,0,50.67
M1-TA-1_LGD-1,dbnoldmc-1,Cluster 5,0,42.40
M1-TA-1_LGD-1,fkipalii-1,Cluster 6,0,44.30
M1-TA-1_LGD-1,fkinangf-1,Cluster 3,0,24.70
M1-TA-1_LGD-1,fkiopjdh-1,Cluster 6,0,12.42
M1-TA-1_LGD-1,fkinahii-1,Cluster 6,0,30.66
M1-TA-1_LGD-1,dbnnabnn-1,Cluster 5,0,84.80
M1-TA-1_LGD-1,fkfhdoji-1,Cluster 7,0,9.57
M1-TA-1_LGD-1,dbnoiglk-1,Cluster 10,0,49.27
M1-TA-1_LGD-1,fjmnmgmj-1,Cluster 3,0,105.89
M1-TA-1_LGD-1,dbnokcbl-1,Cluster 4,0,68.73
M1-TA-1_LGD-1,dbnokkfo-1,Cluster 2,0,31.38
M1-TA-1_LGD-1,fkgcnfnl-1,Cluster 10,0,42.76
M1-TA-1_LGD-1,fkgbelnf-1,Cluster 2,0,39.24
M1-TA-1_LGD-1,fkfhfcnf-1,Cluster 5,0,43.08
M1-TA-1_LGD-1,oeicdgci-1,Cluster 14,0,9.21
M1-TA-1_LGD-1,dbobgojb-1,Cluster 4,0,34.73
M1-TA-1_LGD-1,dboapbhh-1,Cluster 4,0,31.20
M1-TA-1_LGD-1,dboaoleb-1,Cluster 4,0,27.41
M1-TA-1_LGD-1,dbobhaip-1,Cluster 7,0,15.40
M1-TA-1_LGD-1,dbobjagd-1,Cluster 2,0,20.95
M1-TA-1_LGD-1,dbobacap-1,Cluster 2,0,26.46
M1-TA-1_LGD-1,dboeaipk-1,Cluster 2,0,19.19
M1-TA-1_LGD-1,dboblcbc-1,Cluster 2,0,20.14
M1-TA-1_LGD-1,dbodfapb-1,Cluster 2,0,21.31
M1-TA-1_LGD-1,dbodlloi-1,Cluster 2,0,51.43
M1-TA-1_LGD-1,dbodeljg-1,Cluster 2,0,19.10
M1-TA-1_LGD-1,dbodgblj-1,Cluster 2,0,22.94
M1-TA-1_LGD-1,dbodnaom-1,Cluster 2,0,30.62
M1-TA-1_LGD-1,dbocdbpp-1,Cluster 2,0,19.37
M1-TA-1_LGD-1,dbobgknc-1,Cluster 4,0,52.29
M1-TA-1_LGD-1,dbocafao-1,Cluster 2,0,26.42
M1-TA-1_LGD-1,dbobbfli-1,Cluster 4,0,30.39
M1-TA-1_LGD-1,dbodmnba-1,Cluster 2,0,29.26
M1-TA-1_LGD-1,dbocfkac-1,Cluster 2,0,31.97
M1-TA-1_LGD-1,fkippnjk-1,Cluster 2,0,83.36
M1-TA-1_LGD-1,fkinimic-1,Cluster 4,0,39.11
M1-TA-1_LGD-1,dbobflgp-1,Cluster 4,0,30.75
M1-TA-1_LGD-1,dbocbain-1,Cluster 2,0,26.06
M1-TA-1_LGD-1,fkinogdk-1,Cluster 4,0,204.92
M1-TA-1_LGD-1,fkinlckh-1,Cluster 4,0,88.91
M1-TA-1_LGD-1,dbocdbam-1,Cluster 4,0,18.51
M1-TA-1_LGD-1,dbocegjk-1,Cluster 2,0,24.52
M1-TA-1_LGD-1,dbobcbok-1,Cluster 15,0,43.80
M1-TA-1_LGD-1,fkipjjnc-1,Cluster 4,0,62.68
M1-TA-1_LGD-1,fkipgbgf-1,Cluster 4,0,34.45
M1-TA-1_LGD-1,dboagege-1,Cluster 2,0,54.46
M1-TA-1_LGD-1,dboafckc-1,Cluster 4,0,57.57
M1-TA-1_LGD-1,dboadcdb-1,Cluster 2,0,50.48
M1-TA-1_LGD-1,dboahgom-1,Cluster 2,0,45.20
M1-TA-1_LGD-1,fkilpkdk-1,Cluster 12,0,148.02
M1-TA-1_LGD-1,fkimoiem-1,Cluster 6,0,35.94
M1-TA-1_LGD-1,fkimokdf-1,Cluster 6,0,27.18
M1-TA-1_LGD-1,fkiljkno-1,Cluster 6,0,57.94
M1-TA-1_LGD-1,fkimoeie-1,Cluster 7,0,14.18
M1-TA-1_LGD-1,fkffagfj-1,Cluster 2,0,31.34
M1-TA-1_LGD-1,fkfhmdfm-1,Cluster 4,0,78.80
M1-TA-1_LGD-1,fkffajck-1,Cluster 5,0,24.11
M1-TA-1_LGD-1,fkffbodb-1,Cluster 5,0,29.22
M1-TA-1_LGD-1,dbnmopcm-1,Cluster 2,0,95.19
M1-TA-1_LGD-1,dbnobhgl-1,Cluster 2,0,47.10
M1-TA-1_LGD-1,fkilfnbh-1,Cluster 4,0,39.38
M1-TA-1_LGD-1,fkfhidfh-1,Cluster 4,0,22.58
M1-TA-1_LGD-1,dbnmjiie-1,Cluster 4,0,60.92
M1-TA-1_LGD-1,dbnoccjg-1,Cluster 25,0,30.98
M1-TA-1_LGD-1,dbnmlbgk-1,Cluster 4,0,75.91
M1-TA-1_LGD-1,fkfgjega-1,Cluster 5,0,93.43
M1-TA-1_LGD-1,fkfghkef-1,Cluster 4,0,49.40
M1-TA-1_LGD-1,fkfeplmb-1,Cluster 27,0,61.55
M1-TA-1_LGD-1,oeicbhkp-1,Cluster 9,0,8.76
M1-TA-1_LGD-1,fkfghlfo-1,Cluster 3,0,28.49
M1-TA-1_LGD-1,fkffaeif-1,Cluster 3,0,82.09
M1-TA-1_LGD-1,dbnoaoap-1,Cluster 4,0,56.90
M1-TA-1_LGD-1,fkfehgne-1,Cluster 4,0,23.26
M1-TA-1_LGD-1,dbnpbfpb-1,Cluster 4,0,89.09
M1-TA-1_LGD-1,fkikpdbb-1,Cluster 2,0,18.92
M1-TA-1_LGD-1,fkimfoal-1,Cluster 2,0,17.39
M1-TA-1_LGD-1,fkjleeib-1,Cluster 2,0,33.69
M1-TA-1_LGD-1,dbobkplg-1,Cluster 2,0,24.07
M1-TA-1_LGD-1,fkimhpha-1,Cluster 2,0,39.83
M1-TA-1_LGD-1,fkimmcck-1,Cluster 4,0,47.59
M1-TA-1_LGD-1,fkjlegoo-1,Cluster 7,0,19.82
M1-TA-1_LGD-1,fkimgfah-1,Cluster 4,0,119.57
M1-TA-1_LGD-1,dbocolkk-1,Cluster 4,0,31.34
M1-TA-1_LGD-1,fkimjkel-1,Cluster 7,0,10.84
M1-TA-1_LGD-1,dbnpkbgi-1,Cluster 15,0,48.32
M1-TA-1_LGD-1,fkimibhi-1,Cluster 2,0,22.08
M1-TA-1_LGD-1,dbobjndi-1,Cluster 2,0,22.49
M1-TA-1_LGD-1,fkimgbpo-1,Cluster 4,0,29.04
M1-TA-1_LGD-1,fkikplph-1,Cluster 4,0,113.84
M1-TA-1_LGD-1,fkimgakf-1,Cluster 5,0,55.90
M1-TA-1_LGD-1,fkimfomj-1,Cluster 2,0,19.82
M1-TA-1_LGD-1,fkinmlnf-1,Cluster 2,0,67.42
M1-TA-1_LGD-1,fkioaejc-1,Cluster 2,0,71.26
M1-TA-1_LGD-1,dbnpjppg-1,Cluster 2,0,46.83
M1-TA-1_LGD-1,dbocbodg-1,Cluster 2,0,32.02
M1-TA-1_LGD-1,fkikilao-1,Cluster 4,0,25.65
M1-TA-1_LGD-1,dboenkge-1,Cluster 2,0,25.15
M1-TA-1_LGD-1,fkikihpo-1,Cluster 4,0,77.08
M1-TA-1_LGD-1,fkinafok-1,Cluster 6,0,35.18
M1-TA-1_LGD-1,fkimbkih-1,Cluster 27,0,69.45
M1-TA-1_LGD-1,fkimobja-1,Cluster 7,0,29.49
M1-TA-1_LGD-1,fkimiejl-1,Cluster 7,0,10.84
M1-TA-1_LGD-1,fkilambl-1,Cluster 6,0,41.41
M1-TA-1_LGD-1,dbnphfkp-1,Cluster 14,0,34.41
M1-TA-1_LGD-1,fkilmabp-1,Cluster 6,0,29.98
M1-TA-1_LGD-1,fkimokmm-1,Cluster 9,0,29.22
M1-TA-1_LGD-1,fkilkoga-1,Cluster 6,0,34.41
M1-TA-1_LGD-1,fkjiocpl-1,Cluster 4,0,24.66
M1-TA-1_LGD-1,dcgmadao-1,Cluster 2,0,64.80
M1-TA-1_LGD-1,dcglncfa-1,Cluster 4,0,73.11
M1-TA-1_LGD-1,dbnploip-1,Cluster 4,0,52.16
M1-TA-1_LGD-1,dbnpkock-1,Cluster 5,0,72.07
M1-TA-1_LGD-1,fkffafno-1,Cluster 4,0,40.37
M1-TA-1_LGD-1,dcglmjhm-1,Cluster 2,0,79.57
M1-TA-1_LGD-1,dcgmbbdf-1,Cluster 4,0,102.37
M1-TA-1_LGD-1,dcglphea-1,Cluster 2,0,53.24
M1-TA-1_LGD-1,fkfffbkk-1,Cluster 4,0,314.29
M1-TA-1_LGD-1,dbnppmig-1,Cluster 15,0,34.45
M1-TA-1_LGD-1,fkjibaem-1,Cluster 4,0,60.46
M1-TA-1_LGD-1,fkfffgfp-1,Cluster 4,0,25.33
M1-TA-1_LGD-1,fkilmaih-1,Cluster 4,0,213.00
M1-TA-1_LGD-1,fkfffppl-1,Cluster 4,0,49.36
M1-TA-1_LGD-1,fkimafoi-1,Cluster 15,0,35.13
M1-TA-1_LGD-1,fkfffpik-1,Cluster 2,0,77.35
M1-TA-1_LGD-1,fkilnded-1,Cluster 4,0,95.42
M1-TA-1_LGD-1,fkffcdok-1,Cluster 4,0,69.41
M1-TA-1_LGD-1,dbnmpgdf-1,Cluster 4,0,81.28
M1-TA-1_LGD-1,fkfehabj-1,Cluster 2,0,70.99
M1-TA-1_LGD-1,fkffgjcl-1,Cluster 7,0,21.86
M1-TA-1_LGD-1,dbnmpfhp-1,Cluster 4,0,85.80
M1-TA-1_LGD-1,fkfgbpde-1,Cluster 2,0,83.90
M1-TA-1_LGD-1,fkfgdobj-1,Cluster 2,0,43.21
M1-TA-1_LGD-1,fkffpepe-1,Cluster 7,0,30.03
M1-TA-1_LGD-1,fkffiabe-1,Cluster 19,0,25.78
M1-TA-1_LGD-1,fkffdgen-1,Cluster 4,0,110.68
M1-TA-1_LGD-1,fkjldogd-1,Cluster 4,0,164.50
M1-TA-1_LGD-1,fkjlcpep-1,Cluster 4,0,181.35
M1-TA-1_LGD-1,fkjigcgo-1,Cluster 4,0,53.65
M1-TA-1_LGD-1,dcgmgdpf-1,Cluster 2,0,83.45
M1-TA-1_LGD-1,fkjkaiog-1,Cluster 2,0,39.78
M1-TA-1_LGD-1,dcglilkk-1,Cluster 2,0,48.09
M1-TA-1_LGD-1,fkjlifbk-1,Cluster 4,0,112.89
M1-TA-1_LGD-1,fkjkabla-1,Cluster 7,0,15.04
M1-TA-1_LGD-1,fkiogbpd-1,Cluster 4,0,125.85
M1-TA-1_LGD-1,fkjihejl-1,Cluster 7,0,31.47
M1-TA-1_LGD-1,dcgmcbga-1,Cluster 4,0,132.13
M1-TA-1_LGD-1,fkjjpfhk-1,Cluster 4,0,50.58
M1-TA-1_LGD-1,fkjilhjl-1,Cluster 2,0,41.45
M1-TA-1_LGD-1,fkjlhffo-1,Cluster 2,0,47.64
M1-TA-1_LGD-1,dcgmjbme-1,Cluster 2,0,37.84
M1-TA-1_LGD-1,dcgljnoe-1,Cluster 2,0,65.70
M1-TA-1_LGD-1,fkjijpml-1,Cluster 7,0,12.64
M1-TA-1_LGD-1,dcglhlol-1,Cluster 2,0,46.60
M1-TA-1_LGD-1,fkjicjgf-1,Cluster 4,0,27.23
M1-TA-1_LGD-1,fkjjdhbd-1,Cluster 7,0,15.13
M1-TA-1_LGD-1,fkjknlcc-1,Cluster 4,0,163.33
M1-TA-1_LGD-1,dcgmjhin-1,Cluster 4,0,125.76
M1-TA-1_LGD-1,fkjiemjj-1,Cluster 4,0,28.63
M1-TA-1_LGD-1,fkjjlhfj-1,Cluster 4,0,98.98
M1-TA-1_LGD-1,fkjjfdol-1,Cluster 4,0,280.60
M1-TA-1_LGD-1,fkjifnpl-1,Cluster 4,0,58.88
M1-TA-1_LGD-1,fkjiokog-1,Cluster 4,0,108.56
M1-TA-1_LGD-1,dcgncolj-1,Cluster 4,0,49.94
M1-TA-1_LGD-1,dcgmniem-1,Cluster 2,0,33.46
M1-TA-1_LGD-1,dcgnbmbh-1,Cluster 2,0,26.01
M1-TA-1_LGD-1,dcgnabmn-1,Cluster 4,0,34.82
M1-TA-1_LGD-1,fkjlbbld-1,Cluster 4,0,201.22
M1-TA-1_LGD-1,fkjjehak-1,Cluster 4,0,101.20
M1-TA-1_LGD-1,fkjiljcn-1,Cluster 5,0,41.18
M1-TA-1_LGD-1,dbofjkjp-1,Cluster 4,0,46.60
M1-TA-1_LGD-1,fkhpipfa-1,Cluster 4,0,28.18
M1-TA-1_LGD-1,fkhnfnoa-1,Cluster 4,0,96.09
M1-TA-1_LGD-1,dbokinkp-1,Cluster 4,0,54.23
M1-TA-1_LGD-1,dbnlekjd-1,Cluster 2,0,35.40
M1-TA-1_LGD-1,dboklaei-1,Cluster 2,0,73.65
M1-TA-1_LGD-1,fkiidbmj-1,Cluster 2,0,20.77
M1-TA-1_LGD-1,dbokkpgh-1,Cluster 2,0,32.15
M1-TA-1_LGD-1,dbnleolj-1,Cluster 4,0,68.46
M1-TA-1_LGD-1,dbokfjhf-1,Cluster 4,0,32.65
M1-TA-1_LGD-1,fkiiceif-1,Cluster 7,0,7.09
M1-TA-1_LGD-1,dbokfdeg-1,Cluster 2,0,28.13
M1-TA-1_LGD-1,dbokaald-1,Cluster 2,0,19.87
M1-TA-1_LGD-1,dbojoakb-1,Cluster 2,0,32.42
M1-TA-1_LGD-1,dbojpcdk-1,Cluster 2,0,35.27
M1-TA-1_LGD-1,dbokaaod-1,Cluster 13,0,20.05
M1-TA-1_LGD-1,fkijajmo-1,Cluster 2,0,21.95
M1-TA-1_LGD-1,dbojmmjk-1,Cluster 4,0,51.39
M1-TA-1_LGD-1,dbokcipl-1,Cluster 2,0,18.38
M1-TA-1_LGD-1,dbokkbio-1,Cluster 2,0,23.93
M1-TA-1_LGD-1,dbnljdpo-1,Cluster 2,0,40.05
M1-TA-1_LGD-1,dbojjoho-1,Cluster 2,0,31.65
M1-TA-1_LGD-1,fkiiaicj-1,Cluster 2,0,17.88
M1-TA-1_LGD-1,dbnlgjda-1,Cluster 4,0,46.56
M1-TA-1_LGD-1,fkihimmc-1,Cluster 2,0,13.68
M1-TA-1_LGD-1,fkijfdbp-1,Cluster 4,0,17.70
M1-TA-1_LGD-1,dbnlibgk-1,Cluster 2,0,34.91
M1-TA-1_LGD-1,dbodkdjf-1,Cluster 2,0,38.61
M1-TA-1_LGD-1,fkijjjlb-1,Cluster 2,0,16.66
M1-TA-1_LGD-1,fkjcbonn-1,Cluster 4,0,173.17
M1-TA-1_LGD-1,fkijjlll-1,Cluster 2,0,29.35
M1-TA-1_LGD-1,fkjbneaf-1,Cluster 2,0,95.51
M1-TA-1_LGD-1,fkjcbgcc-1,Cluster 4,0,200.13
M1-TA-1_LGD-1,fkjbbdel-1,Cluster 2,0,53.60
M1-TA-1_LGD-1,dbnliiae-1,Cluster 2,0,29.04
M1-TA-1_LGD-1,fkjbcpdo-1,Cluster 4,0,33.73
M1-TA-1_LGD-1,fkjcbhpj-1,Cluster 2,0,22.26
M1-TA-1_LGD-1,fkiooeal-1,Cluster 2,0,18.69
M1-TA-1_LGD-1,fkijilan-1,Cluster 4,0,133.53
M1-TA-1_LGD-1,fkhpinfk-1,Cluster 2,0,42.18
M1-TA-1_LGD-1,dbongopa-1,Cluster 4,0,71.98
M1-TA-1_LGD-1,fkibafld-1,Cluster 9,0,10.93
M1-TA-1_LGD-1,fkiakojf-1,Cluster 4,0,28.67
M1-TA-1_LGD-1,fkhpmlmc-1,Cluster 4,0,112.53
M1-TA-1_LGD-1,dboiplhl-1,Cluster 2,0,49.18
M1-TA-1_LGD-1,dbolhcff-1,Cluster 4,0,55.27
M1-TA-1_LGD-1,fkhndifa-1,Cluster 4,0,36.13
M1-TA-1_LGD-1,fkhojjei-1,Cluster 2,0,65.84
M1-TA-1_LGD-1,fkhpkibb-1,Cluster 4,0,56.36
M1-TA-1_LGD-1,fkiadmoj-1,Cluster 7,0,11.97
M1-TA-1_LGD-1,dbojchoa-1,Cluster 2,0,30.21
M1-TA-1_LGD-1,fkhpmopo-1,Cluster 4,0,70.44
M1-TA-1_LGD-1,dbongead-1,Cluster 4,0,48.41
M1-TA-1_LGD-1,dbonahgl-1,Cluster 4,0,51.66
M1-TA-1_LGD-1,fkibhing-1,Cluster 4,0,83.63
M1-TA-1_LGD-1,fkiafhei-1,Cluster 4,0,65.66
M1-TA-1_LGD-1,dbolhjbn-1,Cluster 4,0,66.79
M1-TA-1_LGD-1,fkikbdah-1,Cluster 2,0,33.87
M1-TA-1_LGD-1,fkhphejp-1,Cluster 4,0,74.19
M1-TA-1_LGD-1,dbnlbmoh-1,Cluster 2,0,32.56
M1-TA-1_LGD-1,fkhpddfe-1,Cluster 2,0,12.87
M1-TA-1_LGD-1,fkhomelc-1,Cluster 2,0,29.40
M1-TA-1_LGD-1,fkhogcpb-1,Cluster 4,0,45.16
M1-TA-1_LGD-1,dbonjblo-1,Cluster 4,0,103.05
M1-TA-1_LGD-1,dbojffjk-1,Cluster 2,0,51.07
M1-TA-1_LGD-1,dbojdang-1,Cluster 2,0,47.55
M1-TA-1_LGD-1,fkikacbb-1,Cluster 4,0,92.98
M1-TA-1_LGD-1,dbokjaoe-1,Cluster 2,0,33.60
M1-TA-1_LGD-1,dbojgdlj-1,Cluster 2,0,52.34
M1-TA-1_LGD-1,fkhofiam-1,Cluster 4,0,59.97
M1-TA-1_LGD-1,dbokdclg-1,Cluster 4,0,59.52
M1-TA-1_LGD-1,fkiidfin-1,Cluster 4,0,27.73
M1-TA-1_LGD-1,fkiifime-1,Cluster 7,0,7.72
M1-TA-1_LGD-1,fkiajmec-1,Cluster 4,0,122.69
M1-TA-1_LGD-1,dbnmaolb-1,Cluster 4,0,37.80
M1-TA-1_LGD-1,dbnlokig-1,Cluster 2,0,37.84
M1-TA-1_LGD-1,dbnlnegf-1,Cluster 4,0,38.38
M1-TA-1_LGD-1,fkhlkdao-1,Cluster 4,0,17.57
M1-TA-1_LGD-1,dbnkpdkp-1,Cluster 2,0,64.98
M1-TA-1_LGD-1,dbnkncgj-1,Cluster 4,0,54.77
M1-TA-1_LGD-1,fkihaefn-1,Cluster 2,0,32.92
M1-TA-1_LGD-1,fkihhjmo-1,Cluster 4,0,105.08
M1-TA-1_LGD-1,fkigkmfa-1,Cluster 4,0,61.55
M1-TA-1_LGD-1,fkigmecc-1,Cluster 5,0,35.27
M1-TA-1_LGD-1,dbofiflc-1,Cluster 4,0,63.76
M1-TA-1_LGD-1,fkiigcmp-1,Cluster 5,0,97.72
M1-TA-1_LGD-1,fkiigmmc-1,Cluster 4,0,184.64
M1-TA-1_LGD-1,dbodhgaj-1,Cluster 2,0,42.36
M1-TA-1_LGD-1,fkikgflk-1,Cluster 4,0,70.58
M1-TA-1_LGD-1,dbodgdmj-1,Cluster 2,0,46.29
M1-TA-1_LGD-1,fkikhaki-1,Cluster 7,0,6.32
M1-TA-1_LGD-1,fkikdklg-1,Cluster 4,0,35.36
M1-TA-1_LGD-1,fkinngnh-1,Cluster 4,0,12.73
M1-TA-1_LGD-1,fkikekpf-1,Cluster 24,0,55.59
M1-TA-1_LGD-1,fkikfcih-1,Cluster 4,0,25.02
M1-TA-1_LGD-1,fkikcjkj-1,Cluster 2,0,53.42
M1-TA-1_LGD-1,dboddldm-1,Cluster 2,0,16.26
M1-TA-1_LGD-1,fkikegmp-1,Cluster 7,0,25.92
M1-TA-1_LGD-1,dbofcdch-1,Cluster 2,0,21.13
M1-TA-1_LGD-1,fkinohfe-1,Cluster 6,0,24.70
M1-TA-1_LGD-1,fkiikifp-1,Cluster 2,0,38.83
M1-TA-1_LGD-1,fkjbomkn-1,Cluster 4,0,75.86
M1-TA-1_LGD-1,dbodhnck-1,Cluster 2,0,40.69
M1-TA-1_LGD-1,fkijadal-1,Cluster 4,0,31.11
M1-TA-1_LGD-1,dbofdgmk-1,Cluster 2,0,51.84
M1-TA-1_LGD-1,fkiogone-1,Cluster 4,0,41.00
M1-TA-1_LGD-1,fkiomafk-1,Cluster 2,0,27.95
M1-TA-1_LGD-1,fkikidde-1,Cluster 4,0,72.84
M1-TA-1_LGD-1,fkhobclo-1,Cluster 10,0,67.42
M1-TA-1_LGD-1,fkhndmof-1,Cluster 3,0,58.43
M1-TA-1_LGD-1,fkhoanbh-1,Cluster 6,0,50.89
M1-TA-1_LGD-1,fkhmkndm-1,Cluster 10,0,12.55
M1-TA-1_LGD-1,fkhnphaa-1,Cluster 1,0,27.59
M1-TA-1_LGD-1,fkhoegbb-1,Cluster 6,0,61.37
M1-TA-1_LGD-1,fkhobebc-1,Cluster 25,0,49.49
M1-TA-1_LGD-1,fkhnpbon-1,Cluster 10,0,27.41
M1-TA-1_LGD-1,fkhnfgdc-1,Cluster 9,0,27.46
M1-TA-1_LGD-1,fkhnjhim-1,Cluster 4,0,110.45
M1-TA-1_LGD-1,dboodjhk-1,Cluster 4,0,51.48
M1-TA-1_LGD-1,oeicleeg-1,Cluster 9,0,24.57
M1-TA-1_LGD-1,oeicjcle-1,Unassigned,0,6.05
M1-TA-1_LGD-1,dbongdep-1,Cluster 2,0,35.13
M1-TA-1_LGD-1,dbomficb-1,Cluster 5,0,54.23
M1-TA-1_LGD-1,dbonhnni-1,Cluster 5,0,38.52
M1-TA-1_LGD-1,dboobihc-1,Cluster 4,0,95.05
M1-TA-1_LGD-1,dboocodg-1,Cluster 2,0,24.38
M1-TA-1_LGD-1,dbonfcim-1,Cluster 2,0,40.69
M1-TA-1_LGD-1,dbonbmag-1,Cluster 4,0,22.08
M1-TA-1_LGD-1,fkibokpb-1,Cluster 6,0,15.13
M1-TA-1_LGD-1,dbomkbfa-1,Cluster 4,0,50.35
M1-TA-1_LGD-1,fkibafch-1,Cluster 24,0,24.02
M1-TA-1_LGD-1,fkibagih-1,Cluster 4,0,69.41
M1-TA-1_LGD-1,dbomhlpo-1,Cluster 2,0,28.72
M1-TA-1_LGD-1,fkibhkep-1,Cluster 3,0,37.07
M1-TA-1_LGD-1,fkiajlcn-1,Cluster 2,0,39.92
M1-TA-1_LGD-1,fkibhojn-1,Cluster 6,0,27.68
M1-TA-1_LGD-1,dbonddmj-1,Cluster 2,0,38.92
M1-TA-1_LGD-1,dbonalom-1,Cluster 4,0,29.08
M1-TA-1_LGD-1,fkiaopba-1,Cluster 4,0,66.02
M1-TA-1_LGD-1,dbomngjc-1,Cluster 2,0,35.13
M1-TA-1_LGD-1,dbnlmnji-1,Cluster 2,0,34.82
M1-TA-1_LGD-1,fkhljmfe-1,Cluster 4,0,79.25
M1-TA-1_LGD-1,dbpbhkpk-1,Cluster 5,0,100.02
M1-TA-1_LGD-1,fkkhknbn-1,Cluster 5,0,46.38
M1-TA-1_LGD-1,fkkhcamk-1,Cluster 4,0,69.00
M1-TA-1_LGD-1,fkkhdfoe-1,Cluster 6,0,25.92
M1-TA-1_LGD-1,fkkiicbc-1,Cluster 3,0,60.06
M1-TA-1_LGD-1,fkkgppdl-1,Cluster 3,0,42.54
M1-TA-1_LGD-1,fkkfhjdf-1,Cluster 3,0,84.22
M1-TA-1_LGD-1,fkkhpklb-1,Cluster 15,0,70.04
M1-TA-1_LGD-1,fkkiding-1,Cluster 9,0,45.74
M1-TA-1_LGD-1,fkkellfb-1,Cluster 3,0,72.66
M1-TA-1_LGD-1,fkkfhdhk-1,Cluster 9,0,27.86
M1-TA-1_LGD-1,fkkgeaak-1,Cluster 9,0,41.91
M1-TA-1_LGD-1,fkkigeid-1,Cluster 6,0,42.72
M1-TA-1_LGD-1,fkkgclfh-1,Cluster 3,0,49.49
M1-TA-1_LGD-1,fkkghgld-1,Cluster 14,0,22.35
M1-TA-1_LGD-1,fkkgckam-1,Cluster 9,0,32.11
M1-TA-1_LGD-1,dbogbani-1,Cluster 14,0,35.85
M1-TA-1_LGD-1,fkkfibkh-1,Cluster 14,0,14.45
M1-TA-1_LGD-1,fkkfhkjg-1,Cluster 9,0,26.87
M1-TA-1_LGD-1,fkkgbmhi-1,Cluster 14,0,27.95
M1-TA-1_LGD-1,dboganil-1,Cluster 15,0,46.60
M1-TA-1_LGD-1,fkkdmboa-1,Cluster 4,0,24.93
M1-TA-1_LGD-1,dbohekpo-1,Cluster 4,0,46.51
M1-TA-1_LGD-1,fkkefiaj-1,Cluster 7,0,19.96
M1-TA-1_LGD-1,dbolmlkm-1,Cluster 15,0,35.94
M1-TA-1_LGD-1,fkkdnbja-1,Cluster 9,0,29.08
M1-TA-1_LGD-1,dbohepkk-1,Cluster 2,0,50.35
M1-TA-1_LGD-1,fkkeikfj-1,Cluster 7,0,14.22
M1-TA-1_LGD-1,fkkebbkg-1,Cluster 7,0,16.12
M1-TA-1_LGD-1,dbolicii-1,Cluster 2,0,56.36
M1-TA-1_LGD-1,fkkgcbgg-1,Cluster 14,0,24.88
M1-TA-1_LGD-1,dboglcgg-1,Cluster 4,0,43.85
M1-TA-1_LGD-1,dbohfadp-1,Cluster 4,0,29.44
M1-TA-1_LGD-1,fkkencmp-1,Cluster 19,0,29.85
M1-TA-1_LGD-1,fkkelpdm-1,Cluster 10,0,35.09
M1-TA-1_LGD-1,dbolcgno-1,Cluster 25,0,29.62
M1-TA-1_LGD-1,fkkeegei-1,Cluster 14,0,25.65
M1-TA-1_LGD-1,dbopkpbn-1,Cluster 7,0,25.24
M1-TA-1_LGD-1,flaoigci-1,Cluster 13,0,49.36
M1-TA-1_LGD-1,dbopbopa-1,Cluster 13,0,25.20
M1-TA-1_LGD-1,dbpjbhbo-1,Cluster 13,0,81.51
M1-TA-1_LGD-1,dbopeipn-1,Cluster 7,0,24.47
M1-TA-1_LGD-1,dbpaaplj-1,Cluster 13,0,41.54
M1-TA-1_LGD-1,fkkamedm-1,Cluster 13,0,71.66
M1-TA-1_LGD-1,flaoikoe-1,Cluster 4,0,119.12
M1-TA-1_LGD-1,dbopphna-1,Cluster 17,0,17.11
M1-TA-1_LGD-1,flaogmkg-1,Cluster 4,0,82.50
M1-TA-1_LGD-1,flaohffn-1,Cluster 4,0,108.15
M1-TA-1_LGD-1,dbpaoncd-1,Cluster 4,0,20.64
M1-TA-1_LGD-1,fkkjbjlk-1,Cluster 4,0,10.79
M1-TA-1_LGD-1,dbpbapmp-1,Cluster 4,0,58.75
M1-TA-1_LGD-1,fkkgmbki-1,Cluster 13,0,28.36
M1-TA-1_LGD-1,fkkghilm-1,Cluster 4,0,63.53
M1-TA-1_LGD-1,dbpbamif-1,Cluster 2,0,27.05
M1-TA-1_LGD-1,fkkgmkpc-1,Cluster 4,0,37.89
M1-TA-1_LGD-1,fkkibbcl-1,Cluster 4,0,24.11
M1-TA-1_LGD-1,fkkgnafp-1,Cluster 4,0,77.85
M1-TA-1_LGD-1,fkkimncl-1,Cluster 13,0,18.69
M1-TA-1_LGD-1,dbpbifac-1,Cluster 5,0,21.36
M1-TA-1_LGD-1,fkkiljkn-1,Cluster 7,0,7.27
M1-TA-1_LGD-1,fkkikeen-1,Cluster 4,0,33.60
M1-TA-1_LGD-1,dbpajlio-1,Cluster 13,0,47.32
M1-TA-1_LGD-1,dbpabkba-1,Cluster 4,0,32.74
M1-TA-1_LGD-1,fkkgpnhc-1,Cluster 13,0,15.22
M1-TA-1_LGD-1,dbpamocb-1,Cluster 4,0,47.19
M1-TA-1_LGD-1,fkkhonjg-1,Cluster 5,0,49.54
M1-TA-1_LGD-1,fkkhplgp-1,Cluster 5,0,44.07
M1-TA-1_LGD-1,fkkhnjdm-1,Cluster 7,0,9.53
M1-TA-1_LGD-1,fkkigcdg-1,Cluster 4,0,35.00
M1-TA-1_LGD-1,dbpabfje-1,Cluster 13,0,33.87
M1-TA-1_LGD-1,fkkgiieg-1,Cluster 7,0,20.86
M1-TA-1_LGD-1,fkkcooio-1,Cluster 2,0,12.15
M1-TA-1_LGD-1,fkkfgfhn-1,Cluster 5,0,86.61
M1-TA-1_LGD-1,dbolmpem-1,Cluster 5,0,48.23
M1-TA-1_LGD-1,fkkchipk-1,Cluster 2,0,12.64
M1-TA-1_LGD-1,fkkclolk-1,Cluster 5,0,29.62
M1-TA-1_LGD-1,fkkelkno-1,Cluster 3,0,14.86
M1-TA-1_LGD-1,fkklgaon-1,Cluster 27,0,45.25
M1-TA-1_LGD-1,fkkljnlb-1,Cluster 6,0,36.03
M1-TA-1_LGD-1,fkklllbg-1,Cluster 3,0,55.86
M1-TA-1_LGD-1,fkklbeci-1,Cluster 3,0,32.47
M1-TA-1_LGD-1,fkkknglp-1,Cluster 6,0,69.22
M1-TA-1_LGD-1,fkkeobdo-1,Cluster 6,0,64.66
M1-TA-1_LGD-1,fkklkkkn-1,Cluster 3,0,114.43
M1-TA-1_LGD-1,fkkfeadc-1,Cluster 9,0,36.89
M1-TA-1_LGD-1,fkkfbaoo-1,Cluster 6,0,54.14
M1-TA-1_LGD-1,fkkfchdg-1,Cluster 6,0,86.70
M1-TA-1_LGD-1,fkkldale-1,Cluster 27,0,75.77
M1-TA-1_LGD-1,fkklaemi-1,Cluster 14,0,38.38
M1-TA-1_LGD-1,fkklfoal-1,Cluster 3,0,30.62
M1-TA-1_LGD-1,fkhlnfbn-1,Cluster 4,0,27.18
M1-TA-1_LGD-1,fkkemplk-1,Cluster 5,0,54.55
M1-TA-1_LGD-1,fkkledjo-1,Cluster 27,0,22.49
M1-TA-1_LGD-1,fkhlnegl-1,Cluster 10,0,65.52
M1-TA-1_LGD-1,dboloomp-1,Cluster 4,0,118.22
M1-TA-1_LGD-1,fkkllmnb-1,Cluster 6,0,42.49
M1-TA-1_LGD-1,fkklpfol-1,Cluster 6,0,17.66
M1-TA-1_LGD-1,fkhlnecj-1,Cluster 3,0,38.56
M1-TA-1_LGD-1,fkkmanbk-1,Cluster 6,0,56.81
M1-TA-1_LGD-1,fkkmbcei-1,Cluster 3,0,15.76
M1-TA-1_LGD-1,fklaadii-1,Cluster 10,0,56.08
M1-TA-1_LGD-1,dbomcepe-1,Cluster 12,0,92.07
M1-TA-1_LGD-1,fkkemapp-1,Cluster 9,0,25.51
M1-TA-1_LGD-1,fkkplnap-1,Cluster 6,0,48.72
M1-TA-1_LGD-1,dbolokan-1,Cluster 2,0,75.55
M1-TA-1_LGD-1,fkklfopb-1,Cluster 4,0,33.55
M1-TA-1_LGD-1,dbpcmeca-1,Cluster 4,0,31.11
M1-TA-1_LGD-1,dbpdbapb-1,Cluster 4,0,19.33
M1-TA-1_LGD-1,dbpcpood-1,Cluster 4,0,42.63
M1-TA-1_LGD-1,dbpcpipj-1,Cluster 4,0,28.04
M1-TA-1_LGD-1,flaombkc-1,Cluster 2,0,64.03
M1-TA-1_LGD-1,dbpdaakd-1,Cluster 4,0,22.53
M1-TA-1_LGD-1,flaomnae-1,Cluster 4,0,67.73
M1-TA-1_LGD-1,dbpddlbf-1,Cluster 5,0,21.54
M1-TA-1_LGD-1,dbpahhhk-1,Cluster 2,0,33.37
M1-TA-1_LGD-1,dbpbbejb-1,Cluster 5,0,53.96
M1-TA-1_LGD-1,flaofnaj-1,Cluster 7,0,17.29
M1-TA-1_LGD-1,dbpfbgln-1,Cluster 2,0,26.55
M1-TA-1_LGD-1,dbpajaad-1,Cluster 5,0,111.90
M1-TA-1_LGD-1,dbopfeog-1,Cluster 2,0,33.73
M1-TA-1_LGD-1,fkkcmejk-1,Cluster 5,0,57.98
M1-TA-1_LGD-1,dbpefkog-1,Cluster 2,0,55.63
M1-TA-1_LGD-1,dbpeglgc-1,Cluster 4,0,27.91
M1-TA-1_LGD-1,flaomebm-1,Cluster 4,0,71.35
M1-TA-1_LGD-1,dbpaejjh-1,Cluster 2,0,34.00
M1-TA-1_LGD-1,flaofcmo-1,Cluster 4,0,24.43
M1-TA-1_LGD-1,dbpepfkm-1,Cluster 5,0,40.82
M1-TA-1_LGD-1,dbpeepna-1,Cluster 2,0,22.40
M1-TA-1_LGD-1,dbpeldcn-1,Cluster 4,0,46.29
M1-TA-1_LGD-1,dbpfdmha-1,Cluster 2,0,25.24
M1-TA-1_LGD-1,dbpbjanc-1,Cluster 5,0,49.90
M1-TA-1_LGD-1,flaonahn-1,Cluster 4,0,37.16
M1-TA-1_LGD-1,fkkcdmpb-1,Cluster 5,0,234.77
M1-TA-1_LGD-1,fkkcfeff-1,Cluster 4,0,15.80
M1-TA-1_LGD-1,fkkcgdeb-1,Cluster 4,0,37.39
M1-TA-1_LGD-1,dbpegohn-1,Cluster 4,0,59.52
M1-TA-1_LGD-1,fkkcgnjd-1,Cluster 5,0,40.10
M1-TA-1_LGD-1,dbpaglgj-1,Cluster 5,0,27.68
M1-TA-1_LGD-1,fkkcpelo-1,Cluster 5,0,42.04
M1-TA-1_LGD-1,dbpafeic-1,Cluster 4,0,22.26
M1-TA-1_LGD-1,fkidllmn-1,Cluster 6,0,16.89
M1-TA-1_LGD-1,dchbcoai-1,Cluster 2,0,30.21
M1-TA-1_LGD-1,dbofhmhh-1,Cluster 2,0,51.25
M1-TA-1_LGD-1,fkjonmlh-1,Cluster 5,0,69.86
M1-TA-1_LGD-1,fkjnhmia-1,Cluster 2,0,52.97
M1-TA-1_LGD-1,dboeakoj-1,Cluster 2,0,33.33
M1-TA-1_LGD-1,fkjnedij-1,Cluster 3,0,19.33
M1-TA-1_LGD-1,dboejnfe-1,Cluster 15,0,41.72
M1-TA-1_LGD-1,dboeiloc-1,Cluster 2,0,40.64
M1-TA-1_LGD-1,dcgomghk-1,Cluster 2,0,27.41
M1-TA-1_LGD-1,dboeghfm-1,Cluster 2,0,37.25
M1-TA-1_LGD-1,fkjonhel-1,Cluster 6,0,34.91
M1-TA-1_LGD-1,oeiclofa-1,Cluster 9,0,6.59
M1-TA-1_LGD-1,dboediof-1,Cluster 2,0,36.08
M1-TA-1_LGD-1,dbofnbld-1,Cluster 4,0,31.93
M1-TA-1_LGD-1,dboffnfo-1,Cluster 5,0,72.07
M1-TA-1_LGD-1,fkjobbok-1,Cluster 7,0,17.75
M1-TA-1_LGD-1,fkjplken-1,Cluster 3,0,34.54
M1-TA-1_LGD-1,fkiikfhh-1,Cluster 6,0,38.83
M1-TA-1_LGD-1,fkjoekjd-1,Cluster 2,0,88.01
M1-TA-1_LGD-1,dboeflhf-1,Cluster 2,0,18.02
M1-TA-1_LGD-1,fkiocekh-1,Cluster 4,0,57.98
M1-TA-1_LGD-1,fkjmkdnk-1,Cluster 2,0,34.68
M1-TA-1_LGD-1,fkjnpgjp-1,Cluster 7,0,7.36
M1-TA-1_LGD-1,dboeemhj-1,Cluster 2,0,34.95
M1-TA-1_LGD-1,fkioglei-1,Cluster 2,0,34.63
M1-TA-1_LGD-1,fkjnaedl-1,Cluster 4,0,20.73
M1-TA-1_LGD-1,fkjndkim-1,Cluster 7,0,11.70
M1-TA-1_LGD-1,fkjndnmh-1,Cluster 4,0,15.22
M1-TA-1_LGD-1,fkiofibm-1,Cluster 2,0,48.41
M1-TA-1_LGD-1,fkinpjdj-1,Cluster 2,0,19.46
M1-TA-1_LGD-1,fkjnmbao-1,Cluster 2,0,45.52
M1-TA-1_LGD-1,fkioebbm-1,Cluster 2,0,29.17
M1-TA-1_LGD-1,fkjljgpm-1,Cluster 4,0,36.35
M1-TA-1_LGD-1,fkjlilai-1,Cluster 4,0,80.02
M1-TA-1_LGD-1,fkjodmmk-1,Cluster 4,0,63.17
M1-TA-1_LGD-1,fkiochei-1,Cluster 2,0,25.33
M1-TA-1_LGD-1,fkjlkdld-1,Cluster 4,0,90.90
M1-TA-1_LGD-1,dboogkhb-1,Cluster 4,0,24.20
M1-TA-1_LGD-1,fkiemfcd-1,Cluster 3,0,20.37
M1-TA-1_LGD-1,dbnknfom-1,Cluster 2,0,34.59
M1-TA-1_LGD-1,fkhljjfp-1,Cluster 4,0,27.59
M1-TA-1_LGD-1,dboolbek-1,Cluster 4,0,25.69
M1-TA-1_LGD-1,fkhlhlfd-1,Cluster 10,0,53.92
M1-TA-1_LGD-1,fkhmcokh-1,Cluster 10,0,53.96
M1-TA-1_LGD-1,fkhmhehf-1,Cluster 6,0,51.12
M1-TA-1_LGD-1,fkidgpoh-1,Cluster 14,0,11.51
M1-TA-1_LGD-1,fkhlnocg-1,Cluster 3,0,103.27
M1-TA-1_LGD-1,dchanbka-1,Cluster 2,0,50.08
M1-TA-1_LGD-1,fkhmckii-1,Cluster 3,0,28.36
M1-TA-1_LGD-1,dboohbki-1,Cluster 5,0,38.47
M1-TA-1_LGD-1,fkihbabh-1,Cluster 4,0,35.54
M1-TA-1_LGD-1,fkhljonk-1,Cluster 4,0,38.25
M1-TA-1_LGD-1,fkihcnkn-1,Cluster 4,0,163.74
M1-TA-1_LGD-1,dbonmhdi-1,Cluster 4,0,43.30
M1-TA-1_LGD-1,dboobfmf-1,Cluster 5,0,32.56
M1-TA-1_LGD-1,dbooljjl-1,Cluster 4,0,18.92
M1-TA-1_LGD-1,dbonjkol-1,Cluster 2,0,58.66
M1-TA-1_LGD-1,dbonjpbg-1,Cluster 4,0,22.53
M1-TA-1_LGD-1,dbonloba-1,Cluster 2,0,62.72
M1-TA-1_LGD-1,dbooemlf-1,Cluster 4,0,19.73
M1-TA-1_LGD-1,fkhloaln-1,Cluster 3,0,33.19
M1-TA-1_LGD-1,fkhlbbam-1,Cluster 4,0,154.30
M1-TA-1_LGD-1,dbookbeg-1,Cluster 2,0,31.20
M1-TA-1_LGD-1,dbooljkl-1,Cluster 23,0,51.61
M1-TA-1_LGD-1,fkihfeae-1,Cluster 25,0,20.64
M1-TA-1_LGD-1,fkjpiakk-1,Cluster 4,0,99.43
M1-TA-1_LGD-1,fkihciba-1,Cluster 4,0,55.00
M1-TA-1_LGD-1,fkihcegd-1,Cluster 2,0,25.47
M1-TA-1_LGD-1,dbofgbio-1,Cluster 2,0,39.11
M1-TA-1_LGD-1,fkiifmpp-1,Cluster 2,0,45.43
M1-TA-1_LGD-1,dchbnnfl-1,Cluster 2,0,33.51
M1-TA-1_LGD-1,fkjphiam-1,Cluster 4,0,40.05
M1-TA-1_LGD-1,fkjpcnpg-1,Cluster 4,0,21.86
M1-TA-1_LGD-1,dchbpkdn-1,Cluster 4,0,52.74
M1-TA-1_LGD-1,dcgpfhgl-1,Cluster 2,0,18.74
M1-TA-1_LGD-1,fkjojljh-1,Cluster 9,0,20.68
M1-TA-1_LGD-1,fkkaegca-1,Cluster 4,0,49.18
M1-TA-1_LGD-1,fkjkpcmi-1,Cluster 2,0,23.17
M1-TA-1_LGD-1,dcgpfpnp-1,Cluster 2,0,28.31
M1-TA-1_LGD-1,dcgopnac-1,Cluster 2,0,24.11
M1-TA-1_LGD-1,fkjkpgij-1,Cluster 2,0,30.39
M1-TA-1_LGD-1,fkjpnedh-1,Cluster 6,0,20.23
M1-TA-1_LGD-1,fkjobnin-1,Cluster 4,0,25.15
M1-TA-1_LGD-1,fkjplhme-1,Cluster 6,0,35.54
M1-TA-1_LGD-1,fkjpjffo-1,Cluster 15,0,29.58
M1-TA-1_LGD-1,dchboado-1,Cluster 4,0,107.65
M1-TA-1_LGD-1,fkjkoiml-1,Cluster 7,0,18.69
M1-TA-1_LGD-1,fkjodfla-1,Cluster 2,0,25.33
M1-TA-1_LGD-1,fkjohgmc-1,Cluster 4,0,39.11
M1-TA-1_LGD-1,fkjhmgdm-1,Cluster 6,0,19.42
M1-TA-1_LGD-1,dcgopejb-1,Cluster 4,0,80.56
M1-TA-1_LGD-1,fkjpbaic-1,Cluster 7,0,17.61
M1-TA-1_LGD-1,dcgpgomg-1,Cluster 4,0,106.07
M1-TA-1_LGD-1,fkjhilfo-1,Cluster 4,0,30.03
M1-TA-1_LGD-1,dcgoldde-1,Cluster 5,0,78.93
M1-TA-1_LGD-1,fkjpllcd-1,Cluster 6,0,18.42
M1-TA-1_LGD-1,dcgpjpff-1,Cluster 4,0,55.05
M1-TA-1_LGD-1,dcgopkga-1,Cluster 4,0,47.69
M1-TA-1_LGD-1,fkjogece-1,Cluster 2,0,30.53
M1-TA-1_LGD-1,dcgpaeai-1,Cluster 4,0,58.79
M1-TA-1_LGD-1,dcgopmho-1,Cluster 2,0,25.69
M1-TA-1_LGD-1,fkjhkcbo-1,Cluster 2,0,42.72
M1-TA-1_LGD-1,fkjocahm-1,Cluster 2,0,32.38
M1-TA-1_LGD-1,fkjociol-1,Cluster 4,0,19.55
M1-TA-1_LGD-1,fkjpbpob-1,Cluster 7,0,19.24
M1-TA-1_LGD-1,fkkabhco-1,Cluster 7,0,15.62
M1-TA-1_LGD-1,fkiebcph-1,Cluster 6,0,33.73
M1-TA-1_LGD-1,fkienekg-1,Cluster 10,0,55.68
M1-TA-1_LGD-1,oeicljbg-1,Cluster 9,0,5.60
M1-TA-1_LGD-1,dchbmaea-1,Cluster 4,0,80.02
M1-TA-1_LGD-1,flbedmcb-1,Cluster 24,0,22.98
M1-TA-1_LGD-1,fkielegp-1,Cluster 10,0,61.50
M1-TA-1_LGD-1,fkidephf-1,Cluster 10,0,50.44
M1-TA-1_LGD-1,dchamdno-1,Cluster 2,0,43.58
M1-TA-1_LGD-1,fkifofpd-1,Cluster 10,0,77.98
M1-TA-1_LGD-1,fkidpdoa-1,Cluster 6,0,67.15
M1-TA-1_LGD-1,fkififck-1,Cluster 9,0,23.80
M1-TA-1_LGD-1,fkifkpnf-1,Cluster 3,0,71.80
M1-TA-1_LGD-1,fkifkajg-1,Cluster 10,0,49.08
M1-TA-1_LGD-1,fkjmcfki-1,Cluster 3,0,95.42
M1-TA-1_LGD-1,fkieehml-1,Cluster 6,0,31.43
M1-TA-1_LGD-1,fkifoddg-1,Cluster 10,0,97.00
M1-TA-1_LGD-1,fkiegcdh-1,Cluster 6,0,30.21
M1-TA-1_LGD-1,fkiffppg-1,Cluster 10,0,45.74
M1-TA-1_LGD-1,dchamlgg-1,Cluster 2,0,37.84
M1-TA-1_LGD-1,fkkaeiic-1,Cluster 7,0,10.52
M1-TA-1_LGD-1,fkifkmoj-1,Cluster 4,0,155.61
M1-TA-1_LGD-1,dchcfoda-1,Cluster 4,0,35.31
M1-TA-1_LGD-1,dchclpbn-1,Cluster 5,0,30.03
M1-TA-1_LGD-1,dchcankb-1,Cluster 2,0,32.11
M1-TA-1_LGD-1,fkifgpek-1,Cluster 5,0,25.06
M1-TA-1_LGD-1,fkjlpoda-1,Cluster 4,0,48.14
M1-TA-1_LGD-1,fkieppjf-1,Cluster 7,0,12.37
M1-TA-1_LGD-1,fkjombeg-1,Cluster 7,0,6.28
M1-TA-1_LGD-1,fkjpbago-1,Cluster 4,0,42.58
M1-TA-1_LGD-1,fkienfbj-1,Cluster 6,0,37.48
M1-TA-1_LGD-1,dchcceek-1,Cluster 2,0,54.23
M1-TA-1_LGD-1,fkifebmc-1,Cluster 9,0,25.69
M1-TA-1_LGD-1,dchcdemh-1,Cluster 4,0,35.45
M1-TA-1_LGD-1,dchbmpmi-1,Cluster 2,0,44.43
M1-TA-1_LGD-1,flanpjgl-1,Cluster 2,0,57.94
M1-TA-1_LGD-1,fklafiio-1,Cluster 27,0,72.93
M1-TA-1_LGD-1,fkkooelj-1,Cluster 10,0,55.41
M1-TA-1_LGD-1,fkkobhii-1,Cluster 3,0,83.04
M1-TA-1_LGD-1,fkkopaeo-1,Cluster 10,0,37.52
M1-TA-1_LGD-1,fkkodknd-1,Cluster 10,0,50.26
M1-TA-1_LGD-1,fkknognm-1,Cluster 10,0,60.69
M1-TA-1_LGD-1,fkkopifk-1,Cluster 6,0,33.82
M1-TA-1_LGD-1,fklaaidl-1,Cluster 10,0,41.09
M1-TA-1_LGD-1,fkknmgmi-1,Cluster 9,0,21.68
M1-TA-1_LGD-1,fkkpfjmk-1,Cluster 10,0,36.35
M1-TA-1_LGD-1,fkkpenpa-1,Cluster 16,0,68.01
M1-TA-1_LGD-1,fkkpcehf-1,Cluster 14,0,22.98
M1-TA-1_LGD-1,fkkpopil-1,Cluster 9,0,45.11
M1-TA-1_LGD-1,fklaeenj-1,Cluster 10,0,52.56
M1-TA-1_LGD-1,fkkpeipg-1,Cluster 1,0,21.95
M1-TA-1_LGD-1,fkkmmhna-1,Cluster 19,0,50.67
M1-TA-1_LGD-1,fkkohdnj-1,Cluster 3,0,32.51
M1-TA-1_LGD-1,fkknhaho-1,Cluster 10,0,76.31
M1-TA-1_LGD-1,oeidebpc-1,Cluster 14,0,10.30
M1-TA-1_LGD-1,oeicnpmb-1,Cluster 1,0,12.28
M1-TA-1_LGD-1,fkkpemck-1,Cluster 10,0,21.09
M1-TA-1_LGD-1,fkkpbneg-1,Cluster 10,0,64.84
M1-TA-1_LGD-1,oeicmcma-1,Cluster 9,0,11.47
M1-TA-1_LGD-1,fkkpeihn-1,Cluster 16,0,25.15
M1-TA-1_LGD-1,fkkpkbbn-1,Cluster 9,0,49.67
M1-TA-1_LGD-1,fkknfffa-1,Cluster 3,0,46.78
M1-TA-1_LGD-1,fkkmnedc-1,Cluster 10,0,36.08
M1-TA-1_LGD-1,oeicmbkp-1,Cluster 14,0,21.99
M1-TA-1_LGD-1,fkknabcf-1,Cluster 3,0,67.01
M1-TA-1_LGD-1,fkhlljlj-1,Cluster 3,0,90.81
M1-TA-1_LGD-1,dbokndhm-1,Cluster 1,0,29.62
M1-TA-1_LGD-1,fkkpmhkl-1,Cluster 10,0,84.35
M1-TA-1_LGD-1,fkhllcml-1,Cluster 10,0,59.11
M1-TA-1_LGD-1,fkhmppmk-1,Cluster 10,0,26.55
M1-TA-1_LGD-1,fkhmkenf-1,Cluster 10,0,34.73
M1-TA-1_LGD-1,flaoomnd-1,Cluster 7,0,11.20
M1-TA-1_LGD-1,dbpejilk-1,Cluster 5,0,28.63
M1-TA-1_LGD-1,flaodild-1,Cluster 4,0,31.29
M1-TA-1_LGD-1,dbpfheed-1,Cluster 4,0,48.68
M1-TA-1_LGD-1,flapblih-1,Cluster 7,0,12.60
M1-TA-1_LGD-1,dbpfkepn-1,Cluster 4,0,48.18
M1-TA-1_LGD-1,flapfcia-1,Cluster 4,0,19.24
M1-TA-1_LGD-1,flaodhli-1,Cluster 2,0,23.66
M1-TA-1_LGD-1,dbpdhlcd-1,Cluster 4,0,44.07
M1-TA-1_LGD-1,dcggcfka-1,Cluster 4,0,32.42
M1-TA-1_LGD-1,fkkcclea-1,Cluster 4,0,50.98
M1-TA-1_LGD-1,flannfca-1,Cluster 4,0,17.66
M1-TA-1_LGD-1,fkkcdfhh-1,Cluster 4,0,287.87
M1-TA-1_LGD-1,flanlbnj-1,Cluster 7,0,11.24
M1-TA-1_LGD-1,dbpcebio-1,Cluster 4,0,140.30
M1-TA-1_LGD-1,dbpdfhej-1,Cluster 4,0,24.25
M1-TA-1_LGD-1,flapcngi-1,Cluster 4,0,43.80
M1-TA-1_LGD-1,dbpccojg-1,Cluster 4,0,57.62
M1-TA-1_LGD-1,dbpcdfnn-1,Cluster 4,0,50.39
M1-TA-1_LGD-1,dbpfghfa-1,Cluster 2,0,30.48
M1-TA-1_LGD-1,fkkcafdk-1,Cluster 5,0,66.92
M1-TA-1_LGD-1,fkkccahh-1,Cluster 4,0,66.02
M1-TA-1_LGD-1,dbpdemlb-1,Cluster 5,0,27.68
M1-TA-1_LGD-1,dbpfghkc-1,Cluster 5,0,27.59
M1-TA-1_LGD-1,dbpbmapm-1,Cluster 5,0,57.66
M1-TA-1_LGD-1,dbpdgedb-1,Cluster 4,0,23.80
M1-TA-1_LGD-1,fkkchojd-1,Cluster 5,0,111.76
M1-TA-1_LGD-1,fklakbhc-1,Cluster 5,0,64.39
M1-TA-1_LGD-1,dbpcenik-1,Cluster 2,0,44.21
M1-TA-1_LGD-1,fklahjng-1,Cluster 4,0,17.29
M1-TA-1_LGD-1,dbpcfdek-1,Cluster 4,0,67.73
M1-TA-1_LGD-1,dbokleei-1,Cluster 4,0,49.04
M1-TA-1_LGD-1,dboknlgb-1,Cluster 5,0,46.15
M1-TA-1_LGD-1,dbpcknif-1,Cluster 4,0,76.36
M1-TA-1_LGD-1,dchijcdk-1,Cluster 10,0,70.17
M1-TA-1_LGD-1,fkkkckah-1,Cluster 15,0,38.38
M1-TA-1_LGD-1,fkkojpba-1,Cluster 9,0,29.22
M1-TA-1_LGD-1,fkkoifkf-1,Cluster 3,0,62.72
M1-TA-1_LGD-1,fkkmhajn-1,Cluster 10,0,40.37
M1-TA-1_LGD-1,dchjhceo-1,Cluster 2,0,55.68
M1-TA-1_LGD-1,fkkogiii-1,Cluster 3,0,37.25
M1-TA-1_LGD-1,fkkkaljg-1,Cluster 4,0,39.51
M1-TA-1_LGD-1,fkkmlffm-1,Cluster 10,0,44.25
M1-TA-1_LGD-1,fkkmklmk-1,Cluster 9,0,15.13
M1-TA-1_LGD-1,fkkmjofj-1,Cluster 10,0,37.52
M1-TA-1_LGD-1,dchhnlho-1,Cluster 4,0,57.62
M1-TA-1_LGD-1,dchhkmkf-1,Cluster 4,0,44.25
M1-TA-1_LGD-1,dchcnipj-1,Cluster 5,0,41.91
M1-TA-1_LGD-1,dchhglip-1,Cluster 4,0,69.09
M1-TA-1_LGD-1,fkkmnceg-1,Cluster 6,0,52.25
M1-TA-1_LGD-1,fkkkmmii-1,Cluster 3,0,67.96
M1-TA-1_LGD-1,fkkkmpma-1,Cluster 9,0,12.64
M1-TA-1_LGD-1,fkkkfclg-1,Cluster 10,0,34.63
M1-TA-1_LGD-1,fkknlfak-1,Cluster 3,0,24.84
M1-TA-1_LGD-1,fkkkkffm-1,Cluster 3,0,29.62
M1-TA-1_LGD-1,dchicdop-1,Cluster 24,0,42.94
M1-TA-1_LGD-1,dchhlokd-1,Cluster 4,0,30.39
M1-TA-1_LGD-1,dchidpnl-1,Cluster 10,0,42.00
M1-TA-1_LGD-1,fkknjlia-1,Cluster 3,0,26.10
M1-TA-1_LGD-1,fkknhlam-1,Cluster 3,0,92.30
M1-TA-1_LGD-1,fkidebib-1,Cluster 10,0,41.59
M1-TA-1_LGD-1,fkielegg-1,Cluster 10,0,43.30
M1-TA-1_LGD-1,dchhkjab-1,Cluster 2,0,47.32
M1-TA-1_LGD-1,fkknkgkf-1,Cluster 3,0,43.76
M1-TA-1_LGD-1,fkkmdgmj-1,Cluster 4,0,66.52
M1-TA-1_LGD-1,fkidobkl-1,Cluster 6,0,26.69
M1-TA-1_LGD-1,fkiekija-1,Cluster 10,0,24.02
M1-TA-1_LGD-1,fkieifbp-1,Cluster 3,0,47.46
M1-TA-1_LGD-1,flbehpdc-1,Cluster 24,0,59.02
M1-TA-1_LGD-1,flanpicm-1,Cluster 27,0,57.66
M1-TA-1_LGD-1,dcghfmke-1,Cluster 5,0,39.78
M1-TA-1_LGD-1,flbahlci-1,Cluster 4,0,23.66
M1-TA-1_LGD-1,dcgfmbmi-1,Cluster 2,0,20.46
M1-TA-1_LGD-1,flbakhfe-1,Cluster 4,0,26.15
M1-TA-1_LGD-1,flbbaeai-1,Cluster 7,0,20.46
M1-TA-1_LGD-1,dcghlggm-1,Cluster 5,0,28.40
M1-TA-1_LGD-1,flaocbjb-1,Cluster 4,0,22.76
M1-TA-1_LGD-1,dcgghlij-1,Cluster 2,0,21.68
M1-TA-1_LGD-1,dcggiecg-1,Cluster 2,0,35.85
M1-TA-1_LGD-1,dcghbdoa-1,Cluster 25,0,45.65
M1-TA-1_LGD-1,dcghefig-1,Cluster 2,0,24.61
M1-TA-1_LGD-1,dcghekjg-1,Cluster 4,0,23.35
M1-TA-1_LGD-1,dcgfomed-1,Cluster 4,0,45.11
M1-TA-1_LGD-1,dcghfpco-1,Cluster 2,0,18.02
M1-TA-1_LGD-1,dcggojab-1,Cluster 2,0,35.40
M1-TA-1_LGD-1,dcghlbjn-1,Cluster 2,0,30.53
M1-TA-1_LGD-1,dcggebdc-1,Cluster 2,0,36.44
M1-TA-1_LGD-1,dcggkamb-1,Cluster 4,0,38.88
M1-TA-1_LGD-1,dchgball-1,Cluster 5,0,107.70
M1-TA-1_LGD-1,flangjop-1,Cluster 4,0,40.41
M1-TA-1_LGD-1,dcgiaghj-1,Cluster 4,0,24.29
M1-TA-1_LGD-1,dcgickda-1,Cluster 2,0,20.28
M1-TA-1_LGD-1,dcggappd-1,Cluster 4,0,33.46
M1-TA-1_LGD-1,dchgbnig-1,Cluster 4,0,61.73
M1-TA-1_LGD-1,fkkbhmjk-1,Cluster 3,0,46.65
M1-TA-1_LGD-1,fkkjidph-1,Cluster 3,0,109.28
M1-TA-1_LGD-1,fkkcpogf-1,Cluster 10,0,35.99
M1-TA-1_LGD-1,dchibblg-1,Cluster 4,0,57.85
M1-TA-1_LGD-1,dchimgaj-1,Cluster 4,0,73.24
M1-TA-1_LGD-1,dchiljgf-1,Cluster 4,0,61.73
M1-TA-1_LGD-1,fkkbilgi-1,Cluster 5,0,54.73
M1-TA-1_LGD-1,dchfllho-1,Cluster 4,0,53.47
M1-TA-1_LGD-1,fkkojiee-1,Cluster 3,0,58.66
M1-TA-1_LGD-1,fkjkdbml-1,Cluster 4,0,45.65
M1-TA-1_LGD-1,fkgdoagf-1,Cluster 4,0,31.79
M1-TA-1_LGD-1,fkjkcbch-1,Cluster 4,0,38.43
M1-TA-1_LGD-1,fkjkelan-1,Cluster 4,0,27.09
M1-TA-1_LGD-1,fkjkdkod-1,Cluster 7,0,15.31
M1-TA-1_LGD-1,fkjkdpbh-1,Cluster 2,0,72.34
M1-TA-1_LGD-1,fkjhpccb-1,Cluster 2,0,42.27
M1-TA-1_LGD-1,fkjidhig-1,Cluster 2,0,41.72
M1-TA-1_LGD-1,fkgdhajh-1,Cluster 7,0,10.84
M1-TA-1_LGD-1,dcgnocmb-1,Cluster 2,0,58.43
M1-TA-1_LGD-1,fkgdhien-1,Cluster 7,0,7.13
M1-TA-1_LGD-1,fkjkfgcm-1,Cluster 2,0,56.90
M1-TA-1_LGD-1,dcgmbhho-1,Cluster 2,0,32.83
M1-TA-1_LGD-1,fkjhpfia-1,Cluster 4,0,61.59
M1-TA-1_LGD-1,fkjibfll-1,Cluster 2,0,55.50
M1-TA-1_LGD-1,dcefdbkl-1,Cluster 4,0,34.50
M1-TA-1_LGD-1,dchcmkba-1,Cluster 2,0,69.54
M1-TA-1_LGD-1,dchdkhmf-1,Cluster 4,0,101.69
M1-TA-1_LGD-1,fkjmbkhe-1,Cluster 4,0,30.89
M1-TA-1_LGD-1,fkjcopbo-1,Cluster 4,0,195.84
M1-TA-1_LGD-1,fkjmapmb-1,Cluster 4,0,146.22
M1-TA-1_LGD-1,dcgplcmf-1,Cluster 2,0,57.39
M1-TA-1_LGD-1,dchaghab-1,Cluster 2,0,30.53
M1-TA-1_LGD-1,fkjhjdai-1,Cluster 4,0,35.27
M1-TA-1_LGD-1,dcgpjlad-1,Cluster 4,0,50.39
M1-TA-1_LGD-1,fkjebonm-1,Cluster 4,0,61.95
M1-TA-1_LGD-1,dcgpedpk-1,Cluster 2,0,41.72
M1-TA-1_LGD-1,dcgpfidn-1,Cluster 4,0,58.21
M1-TA-1_LGD-1,fkgdoppo-1,Cluster 2,0,71.08
M1-TA-1_LGD-1,fkjdgofc-1,Cluster 2,0,23.48
M1-TA-1_LGD-1,fkjhcgnh-1,Cluster 2,0,19.42
M1-TA-1_LGD-1,fkgdpfpe-1,Cluster 4,0,88.51
M1-TA-1_LGD-1,dcgnmneb-1,Cluster 4,0,33.42
M1-TA-1_LGD-1,dcglhehc-1,Cluster 2,0,50.58
M1-TA-1_LGD-1,fkjhhejp-1,Cluster 2,0,66.42
M1-TA-1_LGD-1,dcgoigbf-1,Cluster 4,0,40.05
M1-TA-1_LGD-1,fkjhbmmp-1,Cluster 4,0,116.01
M1-TA-1_LGD-1,fkjjkmhp-1,Cluster 4,0,155.88
M1-TA-1_LGD-1,dcgoaohj-1,Cluster 2,0,69.68
M1-TA-1_LGD-1,dcgpihpj-1,Cluster 4,0,91.58
M1-TA-1_LGD-1,fkjdflab-1,Cluster 2,0,32.02
M1-TA-1_LGD-1,dcgohnkp-1,Cluster 12,0,42.67
M1-TA-1_LGD-1,fkjhcgfe-1,Cluster 2,0,24.79
M1-TA-1_LGD-1,dchaicno-1,Cluster 4,0,55.23
M1-TA-1_LGD-1,dcgnhidg-1,Cluster 2,0,27.64
M1-TA-1_LGD-1,dcgockig-1,Cluster 2,0,26.42
M1-TA-1_LGD-1,fkjhhjjc-1,Cluster 4,0,29.44
M1-TA-1_LGD-1,dcgnflfh-1,Cluster 2,0,55.45
M1-TA-1_LGD-1,dcgoaenm-1,Cluster 2,0,27.00
M1-TA-1_LGD-1,dcgojppc-1,Cluster 2,0,33.37
M1-TA-1_LGD-1,dcgplkeh-1,Cluster 2,0,49.54
M1-TA-1_LGD-1,dcgnibic-1,Cluster 2,0,24.20
M1-TA-1_LGD-1,dcgobohd-1,Cluster 2,0,28.63
M1-TA-1_LGD-1,fkjhepgo-1,Cluster 2,0,20.46
M1-TA-1_LGD-1,dchbpldc-1,Cluster 4,0,49.72
M1-TA-1_LGD-1,dchfbaid-1,Cluster 4,0,99.52
M1-TA-1_LGD-1,dchfhgde-1,Cluster 4,0,31.20
M1-TA-1_LGD-1,dcheknab-1,Cluster 5,0,102.78
M1-TA-1_LGD-1,dcgjpcak-1,Cluster 4,0,73.42
M1-TA-1_LGD-1,dchelnil-1,Cluster 2,0,53.92
M1-TA-1_LGD-1,dchfjikc-1,Cluster 2,0,28.09
M1-TA-1_LGD-1,dchffpne-1,Cluster 2,0,94.20
M1-TA-1_LGD-1,dchfgfdg-1,Cluster 2,0,51.52
M1-TA-1_LGD-1,dcheojoi-1,Cluster 4,0,71.26
M1-TA-1_LGD-1,dchfcjcj-1,Cluster 2,0,29.89
M1-TA-1_LGD-1,flbegolc-1,Cluster 27,0,25.06
M1-TA-1_LGD-1,fkjloedo-1,Cluster 9,0,18.38
M1-TA-1_LGD-1,dchdmbjp-1,Cluster 4,0,47.23
M1-TA-1_LGD-1,dchdkfne-1,Cluster 5,0,118.49
M1-TA-1_LGD-1,fkjlmecf-1,Cluster 10,0,56.94
M1-TA-1_LGD-1,fkjlmpoc-1,Cluster 9,0,33.73
M1-TA-1_LGD-1,dcglhckp-1,Cluster 4,0,42.13
M1-TA-1_LGD-1,fkjlpbde-1,Cluster 1,0,14.31
M1-TA-1_LGD-1,fkjminjg-1,Cluster 1,0,36.13
M1-TA-1_LGD-1,dchdmbgo-1,Cluster 4,0,55.41
M1-TA-1_LGD-1,dchdpjam-1,Cluster 4,0,20.41
M1-TA-1_LGD-1,dchegnec-1,Cluster 2,0,22.17
M1-TA-1_LGD-1,dchdlnej-1,Cluster 4,0,50.44
M1-TA-1_LGD-1,dchfjmgh-1,Cluster 5,0,37.57
M1-TA-1_LGD-1,fkigadhd-1,Cluster 9,0,37.84
M1-TA-1_LGD-1,fkigcbia-1,Cluster 10,0,49.18
M1-TA-1_LGD-1,fkigfibb-1,Cluster 10,0,45.29
M1-TA-1_LGD-1,fkigcgcj-1,Cluster 3,0,60.19
M1-TA-1_LGD-1,fkigafnk-1,Cluster 1,0,25.11
M1-TA-1_LGD-1,fkjmeiln-1,Cluster 2,0,46.74
M1-TA-1_LGD-1,fkigjfmb-1,Cluster 4,0,24.34
M1-TA-1_LGD-1,fkjmemfp-1,Cluster 2,0,54.59
M1-TA-1_LGD-1,fkigkepn-1,Cluster 9,0,8.90
M1-TA-1_LGD-1,fkjgfebm-1,Cluster 7,0,12.33
M1-TA-1_LGD-1,fkjdehhi-1,Cluster 4,0,40.64
M1-TA-1_LGD-1,fkjddobc-1,Cluster 7,0,9.89
M1-TA-1_LGD-1,fkjgaclb-1,Cluster 7,0,23.66
M1-TA-1_LGD-1,fkjgljnj-1,Cluster 3,0,14.59
M1-TA-1_LGD-1,fkjfnnnn-1,Cluster 2,0,48.77
M1-TA-1_LGD-1,fkgdfjlp-1,Cluster 4,0,115.92
M1-TA-1_LGD-1,fkgdgpmh-1,Cluster 2,0,29.62
M1-TA-1_LGD-1,fkjdidnd-1,Cluster 4,0,129.78
M1-TA-1_LGD-1,fkjcpgdf-1,Cluster 2,0,22.13
M1-TA-1_LGD-1,fkjfplnj-1,Cluster 2,0,24.79
M1-TA-1_LGD-1,dcgojlpk-1,Cluster 2,0,35.45
M1-TA-1_LGD-1,fkjfpapj-1,Cluster 4,0,23.53
M1-TA-1_LGD-1,fkjehjae-1,Cluster 25,0,53.92
M1-TA-1_LGD-1,fkjgloee-1,Cluster 2,0,15.04
M1-TA-1_LGD-1,fkjgdmpi-1,Cluster 6,0,48.81
M1-TA-1_LGD-1,fkjdcokb-1,Cluster 4,0,68.77
M1-TA-1_LGD-1,fkjgnlhp-1,Cluster 6,0,20.64
M1-TA-1_LGD-1,fkjdpdpb-1,Cluster 2,0,58.34
M1-TA-1_LGD-1,fkjeooif-1,Cluster 2,0,17.11
M1-TA-1_LGD-1,fkjgepkd-1,Cluster 3,0,30.35
M1-TA-1_LGD-1,dchajbce-1,Cluster 2,0,19.10
M1-TA-1_LGD-1,fkjeinfk-1,Cluster 2,0,24.70
M1-TA-1_LGD-1,fkjehbnp-1,Cluster 2,0,59.65
M1-TA-1_LGD-1,fkjfnfik-1,Cluster 2,0,15.58
M1-TA-1_LGD-1,fkjcpike-1,Cluster 4,0,74.69
M1-TA-1_LGD-1,fkjdljok-1,Cluster 4,0,98.94
M1-TA-1_LGD-1,dcgolcal-1,Cluster 4,0,30.21
M1-TA-1_LGD-1,dcgnoihf-1,Cluster 2,0,29.85
M1-TA-1_LGD-1,fkjedbfc-1,Cluster 2,0,17.75
M1-TA-1_LGD-1,fkjddaja-1,Cluster 2,0,50.08
M1-TA-1_LGD-1,fkgdhaaa-1,Cluster 4,0,87.69
M1-TA-1_LGD-1,fkgdfmnc-1,Cluster 1,0,11.88
M1-TA-1_LGD-1,fkjgoanb-1,Cluster 4,0,30.16
M1-TA-1_LGD-1,fkjgpoag-1,Cluster 6,0,48.77
M1-TA-1_LGD-1,dcgjnkjm-1,Cluster 4,0,138.72
M1-TA-1_LGD-1,dchdogcb-1,Cluster 4,0,55.32
M1-TA-1_LGD-1,flbebpia-1,Cluster 5,0,43.76
M1-TA-1_LGD-1,flbebpfm-1,Cluster 4,0,68.95
M1-TA-1_LGD-1,flbecbfc-1,Cluster 4,0,151.86
M1-TA-1_LGD-1,dchajojh-1,Cluster 2,0,49.36
M1-TA-1_LGD-1,dcgkmbjp-1,Cluster 12,0,52.11
M1-TA-1_LGD-1,fkjfmnma-1,Cluster 4,0,28.95
M1-TA-1_LGD-1,fkjchhjj-1,Cluster 4,0,46.96
M1-TA-1_LGD-1,fkjclpil-1,Cluster 4,0,103.90
M1-TA-1_LGD-1,fkjcfpcc-1,Cluster 4,0,104.40
M1-TA-1_LGD-1,fkjcecdi-1,Cluster 4,0,25.51
M1-TA-1_LGD-1,dchabheb-1,Cluster 2,0,73.70
M1-TA-1_LGD-1,dcglffef-1,Cluster 4,0,90.04
M1-TA-1_LGD-1,fkicigco-1,Cluster 4,0,143.37
M1-TA-1_LGD-1,dcglffjg-1,Cluster 4,0,138.67
M1-TA-1_LGD-1,dcgjppin-1,Cluster 4,0,37.75
M1-TA-1_LGD-1,fkjfbbei-1,Cluster 4,0,56.31
M1-TA-1_LGD-1,fkjcnldf-1,Cluster 4,0,66.29
M1-TA-1_LGD-1,fkicdbhp-1,Cluster 5,0,118.54
M1-TA-1_LGD-1,fkjcmaad-1,Cluster 3,0,47.14
M1-TA-1_LGD-1,flbelolh-1,Cluster 7,0,29.62
M1-TA-1_LGD-1,dcgkkkig-1,Cluster 4,0,157.78
M1-TA-1_LGD-1,dcgkffij-1,Cluster 4,0,113.03
M1-TA-1_LGD-1,flbekigi-1,Cluster 4,0,105.17
M1-TA-1_LGD-1,fkicldbf-1,Cluster 4,0,134.70
M1-TA-1_LGD-1,flbfaopi-1,Cluster 9,0,13.28
M1-TA-1_LGD-1,flbfcepc-1,Cluster 2,0,75.09
M1-TA-1_LGD-1,dceegpbj-1,Cluster 4,0,44.98
M1-TA-1_LGD-1,fkjgbnmn-1,Cluster 4,0,48.99
M1-TA-1_LGD-1,fkjfbgoa-1,Cluster 3,0,31.97
M1-TA-1_LGD-1,fkjdlneh-1,Cluster 7,0,13.50
M1-TA-1_LGD-1,fkjfkkep-1,Cluster 5,0,24.07
M1-TA-1_LGD-1,dchahbok-1,Cluster 5,0,62.04
M1-TA-1_LGD-1,flaidlma-1,Cluster 6,0,28.27
M1-TA-1_LGD-1,dchgpbmd-1,Cluster 2,0,34.41
M1-TA-1_LGD-1,dchgoapg-1,Cluster 2,0,44.52
M1-TA-1_LGD-1,fkkjfcgm-1,Cluster 4,0,31.02
M1-TA-1_LGD-1,dchgjgno-1,Cluster 4,0,62.95
M1-TA-1_LGD-1,dchgfmdc-1,Cluster 5,0,112.48
M1-TA-1_LGD-1,dchkabpd-1,Cluster 5,0,72.66
M1-TA-1_LGD-1,dchgjang-1,Cluster 4,0,67.78
M1-TA-1_LGD-1,dchjimbg-1,Cluster 4,0,83.67
M1-TA-1_LGD-1,dchcmhff-1,Cluster 4,0,59.20
M1-TA-1_LGD-1,dchhdhei-1,Cluster 4,0,110.50
M1-TA-1_LGD-1,fkkjpaad-1,Cluster 4,0,82.32
M1-TA-1_LGD-1,dchjgpno-1,Cluster 4,0,39.74
M1-TA-1_LGD-1,dchiacdj-1,Cluster 4,0,30.07
M1-TA-1_LGD-1,dchjohlm-1,Cluster 4,0,28.09
M1-TA-1_LGD-1,dchcnhkp-1,Cluster 5,0,129.37
M1-TA-1_LGD-1,dchinffm-1,Cluster 23,0,79.52
M1-TA-1_LGD-1,fkkjjeec-1,Cluster 7,0,10.16
M1-TA-1_LGD-1,fkkkaifa-1,Cluster 7,0,13.59
M1-TA-1_LGD-1,dchdcdil-1,Cluster 2,0,20.77
M1-TA-1_LGD-1,dchjadpi-1,Cluster 2,0,46.51
M1-TA-1_LGD-1,dchhpnaj-1,Cluster 2,0,32.24
M1-TA-1_LGD-1,dchhffea-1,Cluster 5,0,33.10
M1-TA-1_LGD-1,fkkkbeae-1,Cluster 4,0,24.11
M1-TA-1_LGD-1,dchgpidg-1,Cluster 2,0,68.23
M1-TA-1_LGD-1,dchjnnjk-1,Cluster 4,0,98.35
M1-TA-1_LGD-1,fkkmbppa-1,Cluster 4,0,21.27
M1-TA-1_LGD-1,fkkkabfp-1,Cluster 5,0,140.66
M1-TA-1_LGD-1,fkkjifce-1,Cluster 4,0,36.85
M1-TA-1_LGD-1,dchiammk-1,Cluster 2,0,31.20
M1-TA-1_LGD-1,dchjpcka-1,Cluster 4,0,47.73
M1-TA-1_LGD-1,dchjcpij-1,Cluster 4,0,43.03
M1-TA-1_LGD-1,dchdgief-1,Cluster 4,0,37.12
M1-TA-1_LGD-1,dchjgbbg-1,Cluster 4,0,90.13
M1-TA-1_LGD-1,dchdapdp-1,Cluster 4,0,74.51
M1-TA-1_LGD-1,dchcndla-1,Cluster 4,0,54.86
M1-TA-1_LGD-1,dchjmmon-1,Cluster 2,0,37.66
M1-TA-1_LGD-1,fkkcpmbp-1,Cluster 4,0,49.99
M1-TA-1_LGD-1,flaglikm-1,Cluster 9,0,14.86
M1-TA-1_LGD-1,dcgflcmc-1,Cluster 4,0,25.92
M1-TA-1_LGD-1,dcgemmde-1,Cluster 4,0,22.58
M1-TA-1_LGD-1,fkkdhcbg-1,Cluster 10,0,29.62
M1-TA-1_LGD-1,fkkajadk-1,Cluster 6,0,35.31
M1-TA-1_LGD-1,fkkddlpp-1,Cluster 6,0,32.65
M1-TA-1_LGD-1,dcgfacal-1,Cluster 4,0,84.17
M1-TA-1_LGD-1,dcgfakei-1,Cluster 15,0,39.42
M1-TA-1_LGD-1,dcggnalm-1,Cluster 4,0,23.66
M1-TA-1_LGD-1,flagoakp-1,Cluster 10,0,11.79
M1-TA-1_LGD-1,dcgfecin-1,Cluster 4,0,54.96
M1-TA-1_LGD-1,dcgfcflc-1,Cluster 5,0,73.70
M1-TA-1_LGD-1,flagmkka-1,Cluster 10,0,57.30
M1-TA-1_LGD-1,fkkafibl-1,Cluster 3,0,37.25
M1-TA-1_LGD-1,dcgenfek-1,Cluster 2,0,32.29
M1-TA-1_LGD-1,flahphjo-1,Cluster 10,0,72.57
M1-TA-1_LGD-1,dchfkkod-1,Cluster 2,0,52.65
M1-TA-1_LGD-1,flagmcib-1,Cluster 10,0,59.43
M1-TA-1_LGD-1,dcgekgel-1,Cluster 5,0,34.05
M1-TA-1_LGD-1,fkkdbgoc-1,Cluster 10,0,32.56
M1-TA-1_LGD-1,dcgfinnj-1,Cluster 2,0,40.96
M1-TA-1_LGD-1,dcgfdekc-1,Cluster 4,0,34.18
M1-TA-1_LGD-1,dcggigmc-1,Cluster 2,0,17.93
M1-TA-1_LGD-1,dcgeooci-1,Cluster 2,0,20.68
M1-TA-1_LGD-1,dcgfmamm-1,Cluster 2,0,16.48
M1-TA-1_LGD-1,dcggobhd-1,Cluster 2,0,33.19
M1-TA-1_LGD-1,dcgeppah-1,Cluster 4,0,86.75
M1-TA-1_LGD-1,dcgeploj-1,Cluster 4,0,24.93
M1-TA-1_LGD-1,fkkafjac-1,Cluster 4,0,36.98
M1-TA-1_LGD-1,fkkaigmd-1,Cluster 3,0,40.82
M1-TA-1_LGD-1,fkkdifpj-1,Cluster 4,0,97.09
M1-TA-1_LGD-1,dchgjipo-1,Cluster 4,0,35.09
M1-TA-1_LGD-1,fkkdabjc-1,Cluster 6,0,21.58
M1-TA-1_LGD-1,flaheabh-1,Cluster 15,0,19.10
M1-TA-1_LGD-1,dcehbang-1,Cluster 4,0,28.04
M1-TA-1_LGD-1,dcgicpag-1,Cluster 2,0,19.64
M1-TA-1_LGD-1,dcehbjef-1,Cluster 4,0,27.27
M1-TA-1_LGD-1,dcegpmfh-1,Cluster 4,0,83.95
M1-TA-1_LGD-1,dcgiemeh-1,Cluster 4,0,102.82
M1-TA-1_LGD-1,dcgifnpd-1,Cluster 4,0,51.61
M1-TA-1_LGD-1,dcehdbog-1,Cluster 4,0,43.03
M1-TA-1_LGD-1,dcehajno-1,Cluster 2,0,69.22
M1-TA-1_LGD-1,dcgiglni-1,Cluster 4,0,42.54
M1-TA-1_LGD-1,dceefajf-1,Cluster 4,0,47.28
M1-TA-1_LGD-1,fkhkddil-1,Cluster 7,0,16.44
M1-TA-1_LGD-1,dceefbfm-1,Cluster 4,0,29.22
M1-TA-1_LGD-1,fkhigpgg-1,Cluster 4,0,60.42
M1-TA-1_LGD-1,dceepkmm-1,Cluster 5,0,23.89
M1-TA-1_LGD-1,dchddfkh-1,Cluster 4,0,44.98
M1-TA-1_LGD-1,dcegphgg-1,Cluster 2,0,37.12
M1-TA-1_LGD-1,dcehclpj-1,Cluster 4,0,45.74
M1-TA-1_LGD-1,fkhihbab-1,Cluster 4,0,80.69
M1-TA-1_LGD-1,dcdoklbf-1,Cluster 4,0,23.71
M1-TA-1_LGD-1,fkhigiea-1,Cluster 4,0,45.07
M1-TA-1_LGD-1,fkhkdgka-1,Cluster 2,0,56.22
M1-TA-1_LGD-1,dceeklip-1,Cluster 4,0,55.18
M1-TA-1_LGD-1,dceelcco-1,Cluster 4,0,24.70
M1-TA-1_LGD-1,dceeomio-1,Cluster 4,0,27.46
M1-TA-1_LGD-1,dcgifpbf-1,Cluster 2,0,42.09
M1-TA-1_LGD-1,flbeikde-1,Cluster 4,0,321.20
M1-TA-1_LGD-1,fkhjlhkd-1,Cluster 4,0,38.70
M1-TA-1_LGD-1,fkhjiojh-1,Cluster 4,0,69.59
M1-TA-1_LGD-1,fkhjmfco-1,Cluster 4,0,39.74
M1-TA-1_LGD-1,fkhinnen-1,Cluster 4,0,181.98
M1-TA-1_LGD-1,dchdjcpl-1,Cluster 4,0,42.67
M1-TA-1_LGD-1,fkhijfdn-1,Cluster 4,0,75.09
M1-TA-1_LGD-1,fkidcipm-1,Cluster 4,0,53.60
M1-TA-1_LGD-1,dcgidank-1,Cluster 4,0,62.77
M1-TA-1_LGD-1,fkhhkfjb-1,Cluster 4,0,17.84
M1-TA-1_LGD-1,flafjkan-1,Cluster 4,0,27.59
M1-TA-1_LGD-1,flahmlgo-1,Cluster 5,0,64.12
M1-TA-1_LGD-1,fkhgkfng-1,Cluster 4,0,98.08
M1-TA-1_LGD-1,fkhhaehj-1,Cluster 4,0,61.77
M1-TA-1_LGD-1,flahjmmm-1,Cluster 4,0,42.58
M1-TA-1_LGD-1,fkhgneec-1,Cluster 4,0,32.83
M1-TA-1_LGD-1,fkhjmglj-1,Cluster 4,0,84.71
M1-TA-1_LGD-1,dcgimadi-1,Cluster 2,0,38.20
M1-TA-1_LGD-1,dceibbhk-1,Cluster 4,0,44.07
M1-TA-1_LGD-1,dcgimbee-1,Cluster 4,0,54.37
M1-TA-1_LGD-1,dcginbmm-1,Cluster 4,0,44.03
M1-TA-1_LGD-1,dcgiklpg-1,Cluster 4,0,46.10
M1-TA-1_LGD-1,flahndon-1,Cluster 10,0,50.21
M1-TA-1_LGD-1,flaiefkm-1,Cluster 2,0,35.49
M1-TA-1_LGD-1,flahjbnf-1,Cluster 4,0,38.61
M1-TA-1_LGD-1,dcgiomhf-1,Cluster 5,0,48.72
M1-TA-1_LGD-1,fkhidale-1,Cluster 4,0,44.89
M1-TA-1_LGD-1,dcgjlnfn-1,Cluster 2,0,40.51
M1-TA-1_LGD-1,fkhhmlcn-1,Cluster 4,0,90.94
M1-TA-1_LGD-1,dceihfba-1,Cluster 4,0,74.51
M1-TA-1_LGD-1,dcgjdapl-1,Cluster 4,0,94.60
M1-TA-1_LGD-1,flahenag-1,Cluster 6,0,60.87
M1-TA-1_LGD-1,dceifigh-1,Cluster 4,0,50.08
M1-TA-1_LGD-1,flahahho-1,Cluster 9,0,29.31
M1-TA-1_LGD-1,flahdbjb-1,Cluster 7,0,21.27
M1-TA-1_LGD-1,flaghpim-1,Cluster 10,0,36.85
M1-TA-1_LGD-1,flahbbmf-1,Cluster 6,0,40.41
M1-TA-1_LGD-1,dcgjknhn-1,Cluster 2,0,36.49
M1-TA-1_LGD-1,flahhgcm-1,Cluster 3,0,62.68
M1-TA-1_LGD-1,fkhkkifh-1,Cluster 3,0,27.18
M1-TA-1_LGD-1,dceiflki-1,Cluster 5,0,90.18
M1-TA-1_LGD-1,fkhkffff-1,Cluster 6,0,22.44
M1-TA-1_LGD-1,flagihac-1,Cluster 10,0,48.59
M1-TA-1_LGD-1,fkiccldm-1,Cluster 27,0,24.97
M1-TA-1_LGD-1,fkicgljo-1,Cluster 4,0,33.24
M1-TA-1_LGD-1,dceeggdj-1,Cluster 4,0,35.67
M1-TA-1_LGD-1,flbfdfgl-1,Cluster 2,0,23.66
M1-TA-1_LGD-1,fkicoofo-1,Cluster 4,0,55.99
M1-TA-1_LGD-1,dceegjid-1,Cluster 5,0,21.45
M1-TA-1_LGD-1,fkiccfgj-1,Cluster 4,0,128.24
M1-TA-1_LGD-1,flbffdkc-1,Cluster 4,0,239.19
M1-TA-1_LGD-1,flbfibii-1,Cluster 4,0,76.45
M1-TA-1_LGD-1,dcefbdjp-1,Cluster 2,0,36.71
M1-TA-1_LGD-1,fkicfoao-1,Cluster 4,0,152.40
M1-TA-1_LGD-1,fkhjlial-1,Cluster 2,0,15.44
M1-TA-1_LGD-1,fkhjlkjl-1,Cluster 4,0,29.04
M1-TA-1_LGD-1,fkhjeggn-1,Cluster 4,0,32.11
M1-TA-1_LGD-1,flbcfinh-1,Cluster 5,0,47.46
M1-TA-1_LGD-1,dcdojjcb-1,Cluster 2,0,31.29
M1-TA-1_LGD-1,fkhjeilc-1,Cluster 4,0,55.50
M1-TA-1_LGD-1,fkhjbleg-1,Cluster 4,0,36.58
M1-TA-1_LGD-1,flbcelaa-1,Cluster 4,0,36.49
M1-TA-1_LGD-1,dcefdhli-1,Cluster 5,0,54.73
M1-TA-1_LGD-1,dcdnmbhd-1,Cluster 2,0,41.14
M1-TA-1_LGD-1,dcdnmhlk-1,Cluster 4,0,24.29
M1-TA-1_LGD-1,dcdnmlpl-1,Cluster 4,0,25.06
M1-TA-1_LGD-1,dceeehpb-1,Cluster 2,0,41.59
M1-TA-1_LGD-1,dcefokee-1,Cluster 5,0,47.05
M1-TA-1_LGD-1,dcefnhao-1,Cluster 4,0,28.95
M1-TA-1_LGD-1,dcefohij-1,Cluster 2,0,38.70
M1-TA-1_LGD-1,flbflgdn-1,Cluster 10,0,36.53
M1-TA-1_LGD-1,flbfkedg-1,Cluster 4,0,43.98
M1-TA-1_LGD-1,flbfdcej-1,Cluster 4,0,14.00
M1-TA-1_LGD-1,flbfclha-1,Cluster 4,0,35.90
M1-TA-1_LGD-1,fkiddcob-1,Cluster 4,0,12.87
M1-TA-1_LGD-1,dcefmhkp-1,Cluster 2,0,30.53
M1-TA-1_LGD-1,dcefbldn-1,Cluster 4,0,28.67
M1-TA-1_LGD-1,fkhkcbgp-1,Cluster 15,0,33.01
M1-TA-1_LGD-1,fkhkkfml-1,Cluster 6,0,51.75
M1-TA-1_LGD-1,fkhkmkjk-1,Cluster 25,0,55.54
M1-TA-1_LGD-1,fkhkjgfp-1,Cluster 6,0,49.94
M1-TA-1_LGD-1,dcdnodbo-1,Cluster 4,0,95.01
M1-TA-1_LGD-1,dcdoabkn-1,Cluster 2,0,24.43
M1-TA-1_LGD-1,dcdoagon-1,Cluster 2,0,27.05
M1-TA-1_LGD-1,fkhjgfgi-1,Cluster 7,0,7.13
M1-TA-1_LGD-1,dcdoombp-1,Cluster 4,0,34.00
M1-TA-1_LGD-1,dcdobdfi-1,Cluster 4,0,25.24
M1-TA-1_LGD-1,dcdoldja-1,Cluster 5,0,59.74
M1-TA-1_LGD-1,dakhlmmj-1,Cluster 4,0,23.12
M1-TA-1_LGD-1,dakmhpmj-1,Cluster 5,0,56.81
M1-TA-1_LGD-1,dakifonk-1,Cluster 5,0,13.64
M1-TA-1_LGD-1,dakilnhi-1,Cluster 5,0,34.00
M1-TA-1_LGD-1,dakfmpcp-1,Cluster 5,0,34.95
M1-TA-1_LGD-1,dakmfinn-1,Cluster 5,0,19.78
M1-TA-1_LGD-1,dakididj-1,Cluster 5,0,28.36
M1-TA-1_LGD-1,dakifblo-1,Cluster 5,0,15.99
M1-TA-1_LGD-1,dakjjeki-1,Cluster 5,0,24.84
M1-TA-1_LGD-1,dakjnank-1,Cluster 5,0,21.31
M1-TA-1_LGD-1,dakjcopf-1,Cluster 5,0,29.53
M1-TA-1_LGD-1,dakjckak-1,Cluster 5,0,45.02
M1-TA-1_LGD-1,dakhhlgk-1,Cluster 5,0,16.89
M1-TA-1_LGD-1,dakhlcla-1,Cluster 5,0,14.45
M1-TA-1_LGD-1,dakhkbdo-1,Cluster 4,0,16.30
M1-TA-1_LGD-1,dakhjomn-1,Cluster 5,0,22.80
M1-TA-1_LGD-1,dakmghld-1,Cluster 5,0,18.47
M1-TA-1_LGD-1,dakmhpgl-1,Cluster 4,0,18.97
M1-TA-1_LGD-1,dakhhenk-1,Cluster 4,0,19.15
M1-TA-1_LGD-1,dakghifm-1,Cluster 5,0,29.40
M1-TA-1_LGD-1,dakigenm-1,Cluster 4,0,34.00
M1-TA-1_LGD-1,dakgfohi-1,Cluster 5,0,35.67
M1-TA-1_LGD-1,dakhoibn-1,Cluster 13,0,43.76
M1-TA-1_LGD-1,dakhgjog-1,Cluster 5,0,27.32
M1-TA-1_LGD-1,dakiajnc-1,Cluster 4,0,38.11
M1-TA-1_LGD-1,dakjboln-1,Cluster 4,0,26.64
M1-TA-1_LGD-1,dakikdad-1,Cluster 2,0,39.87
M1-TA-1_LGD-1,dakhfkca-1,Cluster 5,0,55.36
M1-TA-1_LGD-1,eipphnld-1,Cluster 7,0,7.32
M1-TA-1_LGD-1,dapdmech-1,Cluster 5,0,36.40
M1-TA-1_LGD-1,eippglkj-1,Cluster 7,0,16.26
M1-TA-1_LGD-1,dapecacf-1,Cluster 4,0,25.51
M1-TA-1_LGD-1,dapegfch-1,Cluster 5,0,19.46
M1-TA-1_LGD-1,dapebbdk-1,Cluster 5,0,30.39
M1-TA-1_LGD-1,dapeagap-1,Cluster 5,0,50.80
M1-TA-1_LGD-1,dapdppig-1,Cluster 4,0,43.40
M1-TA-1_LGD-1,dapdkjff-1,Cluster 5,0,39.33
M1-TA-1_LGD-1,dapdfnfg-1,Cluster 5,0,50.53
M1-TA-1_LGD-1,ejaajahl-1,Cluster 5,0,37.98
M1-TA-1_LGD-1,dapcabcb-1,Cluster 5,0,47.32
M1-TA-1_LGD-1,eippjfab-1,Cluster 5,0,90.36
M1-TA-1_LGD-1,dakggdnm-1,Cluster 4,0,35.13
M1-TA-1_LGD-1,dbbpihle-1,Cluster 4,0,87.65
M1-TA-1_LGD-1,fpfhjkhi-1,Cluster 14,0,13.86
M1-TA-1_LGD-1,fpfhiedl-1,Unassigned,0,13.14
M1-TA-1_LGD-1,fpfhlnfa-1,Cluster 19,0,29.94
M1-TA-1_LGD-1,fpfmcdcc-1,Cluster 1,0,17.70
M1-TA-1_LGD-1,dbahjgjb-1,Cluster 5,0,48.41
M1-TA-1_LGD-1,dbahdokh-1,Cluster 5,0,42.04
M1-TA-1_LGD-1,dbbpiome-1,Cluster 4,0,57.26
M1-TA-1_LGD-1,fpfhpmdm-1,Cluster 6,0,37.34
M1-TA-1_LGD-1,fpflahma-1,Cluster 19,0,72.02
M1-TA-1_LGD-1,dbahodcp-1,Cluster 16,0,17.11
M1-TA-1_LGD-1,fpfhmobd-1,Cluster 6,0,11.02
M1-TA-1_LGD-1,fpflfnmh-1,Cluster 5,0,22.04
M1-TA-1_LGD-1,dbaiaoin-1,Cluster 4,0,46.69
M1-TA-1_LGD-1,dbaiabhb-1,Cluster 4,0,56.49
M1-TA-1_LGD-1,fpfifgme-1,Cluster 7,0,33.19
M1-TA-1_LGD-1,fpflepjn-1,Cluster 6,0,65.97
M1-TA-1_LGD-1,dbccajcp-1,Cluster 4,0,67.19
M1-TA-1_LGD-1,fpfihfol-1,Cluster 24,0,62.04
M1-TA-1_LGD-1,dbccbeih-1,Cluster 15,0,43.21
M1-TA-1_LGD-1,dbccbkch-1,Cluster 16,0,54.77
M1-TA-1_LGD-1,fpfjagfl-1,Cluster 15,0,25.47
M1-TA-1_LGD-1,fpfhdink-1,Cluster 15,0,39.47
M1-TA-1_LGD-1,oefpnefg-1,Cluster 9,0,19.96
M1-TA-1_LGD-1,dbaidooc-1,Cluster 5,0,70.90
M1-TA-1_LGD-1,fpfmcmkl-1,Cluster 5,0,41.81
M1-TA-1_LGD-1,dbahaodo-1,Cluster 5,0,57.89
M1-TA-1_LGD-1,dbahbgml-1,Cluster 12,0,76.13
M1-TA-1_LGD-1,fcdndjoe-1,Cluster 6,0,25.96
M1-TA-1_LGD-1,fpfkjiij-1,Cluster 8,0,155.02
M1-TA-1_LGD-1,fpflhiko-1,Cluster 5,0,77.17
M1-TA-1_LGD-1,dbbpkaie-1,Cluster 5,0,27.82
M1-TA-1_LGD-1,dapcbjbe-1,Cluster 5,0,57.30
M1-TA-1_LGD-1,oedhoeig-1,Cluster 14,0,10.12
M1-TA-1_LGD-1,oefpmnlf-1,Cluster 19,0,22.62
M1-TA-1_LGD-1,fcebgfad-1,Cluster 7,0,19.28
M1-TA-1_LGD-1,fcdoamab-1,Cluster 15,0,36.71
M1-TA-1_LGD-1,fcdopcdn-1,Cluster 14,0,14.22
M1-TA-1_LGD-1,fcdokjlo-1,Cluster 6,0,62.14
M1-TA-1_LGD-1,fcdokneg-1,Cluster 6,0,21.13
M1-TA-1_LGD-1,oefpmfgb-1,Cluster 14,0,23.26
M1-TA-1_LGD-1,fcdnlaga-1,Cluster 6,0,17.02
M1-TA-1_LGD-1,fcdnmail-1,Cluster 15,0,32.51
M1-TA-1_LGD-1,fcdnhnoo-1,Cluster 5,0,64.75
M1-TA-1_LGD-1,fcdnlknj-1,Cluster 1,0,19.01
M1-TA-1_LGD-1,fccppell-1,Cluster 14,0,9.44
M1-TA-1_LGD-1,dbaijjdi-1,Cluster 5,0,75.68
M1-TA-1_LGD-1,fcdnjpbf-1,Cluster 10,0,53.33
M1-TA-1_LGD-1,fcdncdci-1,Cluster 3,0,43.17
M1-TA-1_LGD-1,fcdncdch-1,Cluster 9,0,17.97
M1-TA-1_LGD-1,dbaicmlg-1,Cluster 5,0,64.35
M1-TA-1_LGD-1,dbaiifdm-1,Cluster 5,0,43.71
M1-TA-1_LGD-1,dbaihpep-1,Cluster 5,0,41.63
M1-TA-1_LGD-1,dbaioodj-1,Cluster 4,0,23.44
M1-TA-1_LGD-1,fpffkdic-1,Cluster 5,0,43.49
M1-TA-1_LGD-1,dbaikfee-1,Cluster 4,0,34.73
M1-TA-1_LGD-1,dbajcajp-1,Cluster 2,0,33.33
M1-TA-1_LGD-1,dbajbjeh-1,Cluster 4,0,46.78
M1-TA-1_LGD-1,dbaimbfp-1,Cluster 12,0,49.54
M1-TA-1_LGD-1,dbailooo-1,Cluster 5,0,72.07
M1-TA-1_LGD-1,fpfkjkja-1,Cluster 4,0,24.25
M1-TA-1_LGD-1,fpffikpp-1,Cluster 7,0,9.80
M1-TA-1_LGD-1,dbahdgec-1,Cluster 4,0,62.00
M1-TA-1_LGD-1,fpfkoike-1,Cluster 5,0,46.38
M1-TA-1_LGD-1,fpfkmgpk-1,Cluster 4,0,16.80
M1-TA-1_LGD-1,fpfkmlkm-1,Cluster 5,0,50.03
M1-TA-1_LGD-1,dagjiacg-1,Cluster 14,0,37.52
M1-TA-1_LGD-1,fceflmjh-1,Cluster 10,0,67.15
M1-TA-1_LGD-1,oeganepo-1,Cluster 14,0,22.58
M1-TA-1_LGD-1,fceldone-1,Cluster 14,0,14.95
M1-TA-1_LGD-1,fcelfaic-1,Cluster 10,0,42.36
M1-TA-1_LGD-1,fcebjljk-1,Cluster 2,0,51.30
M1-TA-1_LGD-1,fcefjaej-1,Cluster 9,0,34.18
M1-TA-1_LGD-1,fcebfijh-1,Cluster 27,0,52.29
M1-TA-1_LGD-1,dapbfgic-1,Cluster 5,0,34.18
M1-TA-1_LGD-1,daoajnfk-1,Cluster 4,0,46.42
M1-TA-1_LGD-1,daobjflb-1,Cluster 5,0,25.15
M1-TA-1_LGD-1,daoojcbg-1,Cluster 5,0,33.96
M1-TA-1_LGD-1,eiplpiob-1,Cluster 27,0,102.01
M1-TA-1_LGD-1,dakkjmcp-1,Cluster 5,0,47.87
M1-TA-1_LGD-1,dakmjjnn-1,Cluster 7,0,16.30
M1-TA-1_LGD-1,dakkhfen-1,Cluster 4,0,40.23
M1-TA-1_LGD-1,dakjpkpl-1,Cluster 5,0,69.45
M1-TA-1_LGD-1,dakjnchi-1,Cluster 12,0,32.33
M1-TA-1_LGD-1,dakjndok-1,Cluster 2,0,37.71
M1-TA-1_LGD-1,dakmifgd-1,Cluster 5,0,35.67
M1-TA-1_LGD-1,eipofnff-1,Cluster 6,0,46.96
M1-TA-1_LGD-1,eipnpkfn-1,Cluster 19,0,15.71
M1-TA-1_LGD-1,eipnmnbp-1,Cluster 19,0,55.54
M1-TA-1_LGD-1,dakleaep-1,Cluster 5,0,39.96
M1-TA-1_LGD-1,eipoakdp-1,Cluster 9,0,46.65
M1-TA-1_LGD-1,dapegmen-1,Cluster 5,0,51.97
M1-TA-1_LGD-1,dakknnop-1,Cluster 5,0,76.99
M1-TA-1_LGD-1,daklkjao-1,Cluster 5,0,27.36
M1-TA-1_LGD-1,daklkohp-1,Cluster 4,0,15.44
M1-TA-1_LGD-1,dapcmkdl-1,Cluster 4,0,40.78
M1-TA-1_LGD-1,dakljhkh-1,Cluster 4,0,71.30
M1-TA-1_LGD-1,dakkcddo-1,Cluster 5,0,35.13
M1-TA-1_LGD-1,ejaamcje-1,Cluster 4,0,82.32
M1-TA-1_LGD-1,dakknobl-1,Cluster 4,0,58.30
M1-TA-1_LGD-1,dapeolgj-1,Cluster 4,0,34.91
M1-TA-1_LGD-1,dakkidpj-1,Cluster 23,0,27.32
M1-TA-1_LGD-1,dapfbobj-1,Cluster 4,0,32.87
M1-TA-1_LGD-1,dakjedna-1,Cluster 5,0,14.54
M1-TA-1_LGD-1,dakklmph-1,Cluster 5,0,16.44
M1-TA-1_LGD-1,daklffog-1,Cluster 4,0,20.59
M1-TA-1_LGD-1,dakknmib-1,Cluster 5,0,31.34
M1-TA-1_LGD-1,dakklpcg-1,Cluster 5,0,18.56
M1-TA-1_LGD-1,dapedcpo-1,Cluster 5,0,27.14
M1-TA-1_LGD-1,dapeoghm-1,Cluster 4,0,19.51
M1-TA-1_LGD-1,daklgdak-1,Cluster 5,0,18.02
M1-TA-1_LGD-1,dakkpkob-1,Cluster 5,0,36.53
M1-TA-1_LGD-1,daonnamo-1,Cluster 4,0,47.55
M1-TA-1_LGD-1,eippbadm-1,Cluster 4,0,13.95
M1-TA-1_LGD-1,daomfgnh-1,Cluster 5,0,53.28
M1-TA-1_LGD-1,eippancg-1,Cluster 5,0,56.49
M1-TA-1_LGD-1,ejaikhga-1,Cluster 5,0,102.28
M1-TA-1_LGD-1,daolodpe-1,Cluster 5,0,38.65
M1-TA-1_LGD-1,daonpbnh-1,Cluster 5,0,53.74
M1-TA-1_LGD-1,daoobbic-1,Cluster 4,0,65.97
M1-TA-1_LGD-1,daobhngm-1,Cluster 5,0,26.33
M1-TA-1_LGD-1,daoolofg-1,Cluster 5,0,71.03
M1-TA-1_LGD-1,eipmfiao-1,Cluster 2,0,22.49
M1-TA-1_LGD-1,daoomlam-1,Cluster 5,0,33.96
M1-TA-1_LGD-1,daooncne-1,Cluster 4,0,46.56
M1-TA-1_LGD-1,daoonpbn-1,Cluster 4,0,44.75
M1-TA-1_LGD-1,daonkjen-1,Cluster 4,0,80.15
M1-TA-1_LGD-1,daonenjn-1,Cluster 4,0,97.36
M1-TA-1_LGD-1,daomknjh-1,Cluster 5,0,27.77
M1-TA-1_LGD-1,daomkecb-1,Cluster 4,0,95.73
M1-TA-1_LGD-1,daomcoea-1,Cluster 4,0,31.25
M1-TA-1_LGD-1,eippemkj-1,Cluster 5,0,94.24
M1-TA-1_LGD-1,daoohnnc-1,Cluster 5,0,92.75
M1-TA-1_LGD-1,daoandoe-1,Cluster 5,0,33.33
M1-TA-1_LGD-1,daocajpi-1,Cluster 5,0,47.78
M1-TA-1_LGD-1,daomkhfo-1,Cluster 4,0,79.79
M1-TA-1_LGD-1,ejailkai-1,Cluster 5,0,37.52
M1-TA-1_LGD-1,daocbhbj-1,Cluster 5,0,28.00
M1-TA-1_LGD-1,daonmpce-1,Cluster 4,0,49.04
M1-TA-1_LGD-1,ejajcdlf-1,Cluster 5,0,48.09
M1-TA-1_LGD-1,eipmbhhb-1,Cluster 4,0,50.53
M1-TA-1_LGD-1,ejabhnpe-1,Cluster 5,0,96.27
M1-TA-1_LGD-1,eippfcmi-1,Cluster 5,0,35.72
M1-TA-1_LGD-1,daoohpnc-1,Cluster 5,0,66.74
M1-TA-1_LGD-1,daopjede-1,Cluster 5,0,33.78
M1-TA-1_LGD-1,daoofifc-1,Cluster 5,0,55.27
M1-TA-1_LGD-1,daodaocg-1,Cluster 2,0,34.59
M1-TA-1_LGD-1,dapfnapa-1,Cluster 2,0,36.58
M1-TA-1_LGD-1,dapfeahh-1,Cluster 5,0,40.41
M1-TA-1_LGD-1,dapcdpkc-1,Cluster 5,0,27.77
M1-TA-1_LGD-1,daodeipd-1,Cluster 4,0,21.90
M1-TA-1_LGD-1,dagkmlol-1,Cluster 2,0,94.20
M1-TA-1_LGD-1,dapffmhn-1,Cluster 4,0,16.35
M1-TA-1_LGD-1,dapcpojp-1,Cluster 2,0,35.58
M1-TA-1_LGD-1,daodcogh-1,Cluster 4,0,17.75
M1-TA-1_LGD-1,dapcndfj-1,Cluster 4,0,46.42
M1-TA-1_LGD-1,dapfhgcc-1,Cluster 5,0,27.50
M1-TA-1_LGD-1,daoddlln-1,Cluster 4,0,13.46
M1-TA-1_LGD-1,dapffhhc-1,Cluster 2,0,27.86
M1-TA-1_LGD-1,dapfogkg-1,Cluster 4,0,27.50
M1-TA-1_LGD-1,dapffjlp-1,Cluster 4,0,22.67
M1-TA-1_LGD-1,dagkgcpe-1,Cluster 4,0,20.86
M1-TA-1_LGD-1,dapfpbdg-1,Cluster 5,0,20.64
M1-TA-1_LGD-1,dagkhknc-1,Cluster 4,0,52.47
M1-TA-1_LGD-1,dapfgccj-1,Cluster 5,0,41.54
M1-TA-1_LGD-1,dapbpfin-1,Cluster 5,0,35.18
M1-TA-1_LGD-1,dapbkolp-1,Cluster 5,0,37.16
M1-TA-1_LGD-1,dapbgape-1,Cluster 5,0,33.69
M1-TA-1_LGD-1,dapbgjll-1,Cluster 5,0,21.54
M1-TA-1_LGD-1,dapbgngf-1,Cluster 5,0,20.95
M1-TA-1_LGD-1,dapbjiki-1,Cluster 2,0,27.27
M1-TA-1_LGD-1,eippjdaf-1,Cluster 7,0,6.14
M1-TA-1_LGD-1,dapfjojh-1,Cluster 4,0,18.24
M1-TA-1_LGD-1,dapbjaan-1,Cluster 5,0,44.70
M1-TA-1_LGD-1,dapbfgff-1,Cluster 5,0,25.78
M1-TA-1_LGD-1,dapcdcla-1,Cluster 5,0,21.95
M1-TA-1_LGD-1,dapbkphi-1,Cluster 5,0,29.35
M1-TA-1_LGD-1,dapblhen-1,Cluster 5,0,32.51
M1-TA-1_LGD-1,dapfdpmb-1,Cluster 5,0,40.32
M1-TA-1_LGD-1,dapddohh-1,Cluster 5,0,31.47
M1-TA-1_LGD-1,dapbgbbb-1,Cluster 5,0,39.83
M1-TA-1_LGD-1,eiplloml-1,Cluster 4,0,91.40
M1-TA-1_LGD-1,eiplnihg-1,Cluster 22,0,45.92
M1-TA-1_LGD-1,eiplohjb-1,Cluster 7,0,50.89
M1-TA-1_LGD-1,eiplopjb-1,Cluster 4,0,37.43
M1-TA-1_LGD-1,eiplicln-1,Cluster 4,0,165.32
M1-TA-1_LGD-1,eiplhkio-1,Cluster 4,0,59.52
M1-TA-1_LGD-1,daobnlgj-1,Cluster 5,0,36.08
M1-TA-1_LGD-1,ejaajbik-1,Cluster 27,0,64.98
M1-TA-1_LGD-1,daobpjdp-1,Cluster 4,0,38.61
M1-TA-1_LGD-1,daocdche-1,Cluster 5,0,86.34
M1-TA-1_LGD-1,daocfldj-1,Cluster 2,0,54.68
M1-TA-1_LGD-1,daocfpjf-1,Cluster 5,0,47.41
M1-TA-1_LGD-1,eipogcjc-1,Cluster 4,0,19.96
M1-TA-1_LGD-1,eipopggc-1,Cluster 4,0,22.22
M1-TA-1_LGD-1,eipljpda-1,Cluster 5,0,48.14
M1-TA-1_LGD-1,dagkejje-1,Cluster 5,0,66.65
M1-TA-1_LGD-1,daoapmni-1,Cluster 4,0,48.09
M1-TA-1_LGD-1,daodhddc-1,Cluster 4,0,93.43
M1-TA-1_LGD-1,daodidbk-1,Cluster 4,0,73.97
M1-TA-1_LGD-1,daobmipf-1,Cluster 4,0,25.42
M1-TA-1_LGD-1,eipmkojo-1,Cluster 2,0,26.06
M1-TA-1_LGD-1,daodkfop-1,Cluster 4,0,106.84
M1-TA-1_LGD-1,daocjlbg-1,Cluster 5,0,76.72
M1-TA-1_LGD-1,daocjojc-1,Cluster 5,0,25.92
M1-TA-1_LGD-1,eipnhoei-1,Cluster 4,0,58.79
M1-TA-1_LGD-1,daodhmab-1,Cluster 5,0,44.25
M1-TA-1_LGD-1,eipnijmf-1,Cluster 14,0,22.89
M1-TA-1_LGD-1,eipofpmp-1,Cluster 4,0,43.12
M1-TA-1_LGD-1,eipokpgg-1,Cluster 5,0,77.17
M1-TA-1_LGD-1,eipnhgip-1,Cluster 4,0,10.97
M1-TA-1_LGD-1,eipnkkfp-1,Cluster 7,0,30.12
M1-TA-1_LGD-1,fcekoggh-1,Cluster 6,0,41.05
M1-TA-1_LGD-1,eipogmhf-1,Cluster 4,0,23.80
M1-TA-1_LGD-1,eipojaac-1,Cluster 5,0,18.92
M1-TA-1_LGD-1,fcejgpea-1,Cluster 5,0,111.17
M1-TA-1_LGD-1,eipmflhh-1,Cluster 4,0,35.99
M1-TA-1_LGD-1,dagmmfck-1,Cluster 2,0,63.13
M1-TA-1_LGD-1,eipmikaa-1,Cluster 4,0,44.75
M1-TA-1_LGD-1,daglponf-1,Cluster 10,0,39.74
M1-TA-1_LGD-1,fceiajhf-1,Cluster 7,0,21.86
M1-TA-1_LGD-1,dagllape-1,Cluster 5,0,72.70
M1-TA-1_LGD-1,dagllbnn-1,Cluster 4,0,43.58
M1-TA-1_LGD-1,daglgkli-1,Cluster 4,0,32.65
M1-TA-1_LGD-1,dagmabef-1,Cluster 5,0,25.74
M1-TA-1_LGD-1,fceibggn-1,Cluster 9,0,7.13
M1-TA-1_LGD-1,fcejmdlk-1,Cluster 6,0,35.54
M1-TA-1_LGD-1,daglhefe-1,Cluster 2,0,49.22
M1-TA-1_LGD-1,daglapli-1,Cluster 5,0,61.64
M1-TA-1_LGD-1,eipmfmna-1,Cluster 2,0,24.25
M1-TA-1_LGD-1,dagleogp-1,Cluster 5,0,25.74
M1-TA-1_LGD-1,fcekpjca-1,Cluster 9,0,21.81
M1-TA-1_LGD-1,eipmjgef-1,Cluster 2,0,19.73
M1-TA-1_LGD-1,daglpcnb-1,Cluster 2,0,42.09
M1-TA-1_LGD-1,dagledle-1,Cluster 5,0,35.36
M1-TA-1_LGD-1,dagkmnbm-1,Cluster 2,0,45.79
M1-TA-1_LGD-1,dagmajgb-1,Cluster 5,0,38.74
M1-TA-1_LGD-1,fcekpmjn-1,Cluster 27,0,35.67
M1-TA-1_LGD-1,daglfpjc-1,Cluster 4,0,49.18
M1-TA-1_LGD-1,daglbpeg-1,Cluster 5,0,26.42
M1-TA-1_LGD-1,daglgeij-1,Cluster 5,0,69.81
M1-TA-1_LGD-1,daglbfhf-1,Cluster 2,0,47.69
M1-TA-1_LGD-1,fcehpjmf-1,Cluster 3,0,47.46
M1-TA-1_LGD-1,fcehnffg-1,Cluster 27,0,37.89
M1-TA-1_LGD-1,dagmadda-1,Cluster 2,0,23.84
M1-TA-1_LGD-1,dapbdocp-1,Cluster 4,0,35.09
M1-TA-1_LGD-1,daphhfam-1,Cluster 4,0,42.54
M1-TA-1_LGD-1,dapgnmoh-1,Cluster 3,0,62.81
M1-TA-1_LGD-1,daphfkdg-1,Cluster 4,0,22.76
M1-TA-1_LGD-1,fcedjlaf-1,Cluster 6,0,53.65
M1-TA-1_LGD-1,eipleoce-1,Cluster 3,0,53.60
M1-TA-1_LGD-1,dapgmffg-1,Cluster 10,0,55.32
M1-TA-1_LGD-1,daoadeip-1,Cluster 4,0,60.10
M1-TA-1_LGD-1,eiplhagb-1,Cluster 3,0,23.80
M1-TA-1_LGD-1,eiplejml-1,Cluster 10,0,59.88
M1-TA-1_LGD-1,daphgjjf-1,Cluster 4,0,30.48
M1-TA-1_LGD-1,daphaaii-1,Cluster 5,0,126.57
M1-TA-1_LGD-1,daphcmbe-1,Cluster 4,0,75.14
M1-TA-1_LGD-1,daphhlbe-1,Cluster 4,0,53.51
M1-TA-1_LGD-1,daphaobk-1,Cluster 4,0,70.13
M1-TA-1_LGD-1,daofbhna-1,Cluster 5,0,85.89
M1-TA-1_LGD-1,daofcgkb-1,Cluster 4,0,81.15
M1-TA-1_LGD-1,danpniak-1,Cluster 5,0,20.18
M1-TA-1_LGD-1,eiplhkip-1,Cluster 24,0,21.58
M1-TA-1_LGD-1,daoeepji-1,Cluster 4,0,21.99
M1-TA-1_LGD-1,daoephhl-1,Cluster 4,0,75.37
M1-TA-1_LGD-1,eippabpf-1,Cluster 4,0,87.56
M1-TA-1_LGD-1,eipokkfp-1,Cluster 5,0,105.35
M1-TA-1_LGD-1,eipomoch-1,Cluster 5,0,43.80
M1-TA-1_LGD-1,daoepcab-1,Cluster 4,0,146.04
M1-TA-1_LGD-1,oedhmmfj-1,Cluster 19,0,12.64
M1-TA-1_LGD-1,fcejhppa-1,Cluster 3,0,25.92
M1-TA-1_LGD-1,eipogdla-1,Cluster 5,0,99.75
M1-TA-1_LGD-1,fcejkbjm-1,Cluster 27,0,26.55
M1-TA-1_LGD-1,dagmkjld-1,Cluster 4,0,46.29
M1-TA-1_LGD-1,fcejmbpb-1,Cluster 4,0,149.92
M1-TA-1_LGD-1,fcejbehl-1,Cluster 5,0,76.81
M1-TA-1_LGD-1,eipojnao-1,Cluster 4,0,102.23
M1-TA-1_LGD-1,fcejfnmg-1,Cluster 6,0,55.81
M1-TA-1_LGD-1,daoebdml-1,Cluster 4,0,14.81
M1-TA-1_LGD-1,daodkned-1,Cluster 4,0,47.46
M1-TA-1_LGD-1,dagobnaa-1,Cluster 2,0,34.82
M1-TA-1_LGD-1,dagnjplf-1,Cluster 2,0,34.14
M1-TA-1_LGD-1,dagoeioj-1,Cluster 2,0,44.75
M1-TA-1_LGD-1,daoelkpm-1,Cluster 4,0,25.11
M1-TA-1_LGD-1,daoeideb-1,Cluster 4,0,44.12
M1-TA-1_LGD-1,dagjcgop-1,Cluster 5,0,18.83
M1-TA-1_LGD-1,dagmcggp-1,Cluster 4,0,51.84
M1-TA-1_LGD-1,dagnidfh-1,Cluster 5,0,30.30
M1-TA-1_LGD-1,dagndjkj-1,Cluster 4,0,45.88
M1-TA-1_LGD-1,dagnflka-1,Cluster 7,0,21.22
M1-TA-1_LGD-1,dagmojam-1,Cluster 2,0,32.87
M1-TA-1_LGD-1,dagmeien-1,Cluster 4,0,31.43
M1-TA-1_LGD-1,fcehndnb-1,Cluster 5,0,88.73
M1-TA-1_LGD-1,fcehgmki-1,Cluster 24,0,57.71
M1-TA-1_LGD-1,fcefjpgj-1,Cluster 3,0,57.39
M1-TA-1_LGD-1,fcefpala-1,Cluster 14,0,16.35
M1-TA-1_LGD-1,dagmckkg-1,Cluster 12,0,78.26
M1-TA-1_LGD-1,dagmekca-1,Cluster 4,0,27.36
M1-TA-1_LGD-1,dagnkage-1,Cluster 2,0,27.23
M1-TA-1_LGD-1,fceefopn-1,Cluster 6,0,59.02
M1-TA-1_LGD-1,fceegafb-1,Cluster 6,0,57.12
M1-TA-1_LGD-1,dagnknld-1,Cluster 2,0,42.22
M1-TA-1_LGD-1,fcekcfpj-1,Cluster 6,0,153.35
M1-TA-1_LGD-1,dagmofap-1,Cluster 4,0,63.08
M1-TA-1_LGD-1,fcelcodi-1,Cluster 6,0,47.91
M1-TA-1_LGD-1,daoegdop-1,Cluster 4,0,27.77
M1-TA-1_LGD-1,fcekdckm-1,Cluster 6,0,53.06
M1-TA-1_LGD-1,dagmmlck-1,Cluster 2,0,61.23
M1-TA-1_LGD-1,dagmmiij-1,Cluster 5,0,68.23
M1-TA-1_LGD-1,dagmjcnh-1,Cluster 5,0,92.53
M1-TA-1_LGD-1,daoekope-1,Cluster 4,0,31.79
M1-TA-1_LGD-1,daodnmid-1,Cluster 4,0,26.15
M1-TA-1_LGD-1,fcedhbke-1,Cluster 2,0,19.78
M1-TA-1_LGD-1,danpoiob-1,Cluster 5,0,19.37
M1-TA-1_LGD-1,dagjomin-1,Cluster 2,0,22.17
M1-TA-1_LGD-1,danpncke-1,Cluster 12,0,50.71
M1-TA-1_LGD-1,fccnfihg-1,Cluster 4,0,16.26
M1-TA-1_LGD-1,dagobmkc-1,Cluster 2,0,45.29
M1-TA-1_LGD-1,daoabnii-1,Cluster 2,0,35.04
M1-TA-1_LGD-1,fcedeljm-1,Cluster 2,0,46.56
M1-TA-1_LGD-1,dagnmdia-1,Cluster 2,0,23.89
M1-TA-1_LGD-1,dagohghc-1,Cluster 2,0,19.73
M1-TA-1_LGD-1,dagogkml-1,Cluster 2,0,21.90
M1-TA-1_LGD-1,fcedcjdc-1,Cluster 4,0,76.31
M1-TA-1_LGD-1,daoaghma-1,Cluster 4,0,28.99
M1-TA-1_LGD-1,fcecpjpa-1,Cluster 8,0,7.90
M1-TA-1_LGD-1,dagnlaen-1,Cluster 4,0,25.60
M1-TA-1_LGD-1,dagiipkk-1,Cluster 2,0,14.18
M1-TA-1_LGD-1,fcedgnpn-1,Cluster 4,0,29.80
M1-TA-1_LGD-1,fcedceel-1,Cluster 4,0,13.55
M1-TA-1_LGD-1,dagofadl-1,Cluster 4,0,19.64
M1-TA-1_LGD-1,danpmogi-1,Cluster 4,0,27.50
M1-TA-1_LGD-1,daodnlno-1,Cluster 4,0,19.78
M1-TA-1_LGD-1,dagohkkn-1,Cluster 4,0,24.47
M1-TA-1_LGD-1,danpmgbc-1,Cluster 4,0,24.43
M1-TA-1_LGD-1,dagnlknk-1,Cluster 13,0,27.46
M1-TA-1_LGD-1,dagieaai-1,Cluster 5,0,18.56
M1-TA-1_LGD-1,daodkheb-1,Cluster 4,0,27.91
M1-TA-1_LGD-1,daoajafa-1,Cluster 4,0,34.82
M1-TA-1_LGD-1,fcdpdcdn-1,Cluster 5,0,55.45
M1-TA-1_LGD-1,fpieoebi-1,Cluster 9,0,15.31
M1-TA-1_LGD-1,dbahijgl-1,Cluster 4,0,118.72
M1-TA-1_LGD-1,dbcamcco-1,Cluster 2,0,60.55
M1-TA-1_LGD-1,dbcafeca-1,Cluster 4,0,81.46
M1-TA-1_LGD-1,dbcbnmgo-1,Cluster 2,0,96.95
M1-TA-1_LGD-1,dbbpnihi-1,Cluster 4,0,59.15
M1-TA-1_LGD-1,dbcbonjf-1,Cluster 2,0,50.17
M1-TA-1_LGD-1,dbcbpddm-1,Cluster 4,0,49.76
M1-TA-1_LGD-1,dbcckcah-1,Cluster 12,0,91.71
M1-TA-1_LGD-1,dbccjgia-1,Cluster 2,0,65.25
M1-TA-1_LGD-1,dbccdoac-1,Cluster 4,0,33.51
M1-TA-1_LGD-1,dbccdgdn-1,Cluster 4,0,101.38
M1-TA-1_LGD-1,dbbpnahn-1,Cluster 5,0,88.64
M1-TA-1_LGD-1,fpgjenjc-1,Cluster 5,0,307.51
M1-TA-1_LGD-1,dbbpocja-1,Cluster 5,0,128.38
M1-TA-1_LGD-1,dbcagcic-1,Cluster 12,0,47.37
M1-TA-1_LGD-1,dbcbnadk-1,Cluster 2,0,56.63
M1-TA-1_LGD-1,dbcbniem-1,Cluster 7,0,20.28
M1-TA-1_LGD-1,fpfhfkgb-1,Cluster 9,0,21.54
M1-TA-1_LGD-1,fpgjeghd-1,Cluster 6,0,59.52
M1-TA-1_LGD-1,fpglkbon-1,Cluster 9,0,36.08
M1-TA-1_LGD-1,fpfheefm-1,Cluster 10,0,50.03
M1-TA-1_LGD-1,fpgjepia-1,Cluster 6,0,70.31
M1-TA-1_LGD-1,dbcabplf-1,Cluster 4,0,35.45
M1-TA-1_LGD-1,fpgjaohf-1,Cluster 6,0,61.64
M1-TA-1_LGD-1,fpgljdao-1,Cluster 3,0,56.81
M1-TA-1_LGD-1,fpgjflno-1,Cluster 9,0,13.32
M1-TA-1_LGD-1,dbcabnmo-1,Cluster 15,0,49.08
M1-TA-1_LGD-1,fpgippkj-1,Cluster 9,0,13.23
M1-TA-1_LGD-1,cpepbmla-1,Cluster 4,0,69.09
M1-TA-1_LGD-1,fphgglec-1,Cluster 3,0,80.02
M1-TA-1_LGD-1,dbcagknc-1,Cluster 5,0,79.34
M1-TA-1_LGD-1,dbcakahi-1,Cluster 4,0,93.70
M1-TA-1_LGD-1,fphjbjon-1,Cluster 4,0,207.49
M1-TA-1_LGD-1,dbcajhhf-1,Cluster 2,0,50.80
M1-TA-1_LGD-1,fphgncll-1,Cluster 4,0,51.93
M1-TA-1_LGD-1,fphgncgd-1,Cluster 4,0,45.20
M1-TA-1_LGD-1,fphgilhd-1,Cluster 10,0,58.25
M1-TA-1_LGD-1,dbbpoihi-1,Cluster 4,0,50.39
M1-TA-1_LGD-1,cpepdjoo-1,Cluster 4,0,109.91
M1-TA-1_LGD-1,cpepcemc-1,Cluster 2,0,49.99
M1-TA-1_LGD-1,fphgeofm-1,Cluster 27,0,21.18
M1-TA-1_LGD-1,cpfconeh-1,Cluster 5,0,28.22
M1-TA-1_LGD-1,fpifkfli-1,Cluster 6,0,68.14
M1-TA-1_LGD-1,fphgcfpj-1,Cluster 7,0,41.95
M1-TA-1_LGD-1,cpfcnoae-1,Cluster 25,0,46.69
M1-TA-1_LGD-1,fpgikkoh-1,Cluster 15,0,40.19
M1-TA-1_LGD-1,fpidmjcd-1,Cluster 19,0,30.84
M1-TA-1_LGD-1,dbcabbfl-1,Cluster 15,0,43.40
M1-TA-1_LGD-1,fpifpnao-1,Cluster 14,0,29.35
M1-TA-1_LGD-1,fpienhca-1,Cluster 6,0,87.96
M1-TA-1_LGD-1,fpidoofh-1,Cluster 1,0,52.16
M1-TA-1_LGD-1,fpifhgeh-1,Cluster 14,0,13.46
M1-TA-1_LGD-1,fpidmdmc-1,Cluster 1,0,22.53
M1-TA-1_LGD-1,fpifdhfn-1,Cluster 4,0,61.28
M1-TA-1_LGD-1,fpifcopp-1,Cluster 4,0,51.75
M1-TA-1_LGD-1,fcdjnipc-1,Cluster 5,0,79.20
M1-TA-1_LGD-1,dahchebn-1,Cluster 5,0,63.08
M1-TA-1_LGD-1,dahclcpa-1,Cluster 5,0,69.68
M1-TA-1_LGD-1,fcdmngnc-1,Cluster 4,0,85.80
M1-TA-1_LGD-1,dahcekpf-1,Cluster 25,0,28.36
M1-TA-1_LGD-1,dahaafhe-1,Cluster 4,0,85.93
M1-TA-1_LGD-1,dahaambb-1,Cluster 4,0,68.77
M1-TA-1_LGD-1,fcdmnhjm-1,Cluster 4,0,25.42
M1-TA-1_LGD-1,fcdkgifc-1,Cluster 5,0,77.49
M1-TA-1_LGD-1,dagolcpj-1,Cluster 5,0,91.17
M1-TA-1_LGD-1,dahcdgpk-1,Cluster 4,0,54.96
M1-TA-1_LGD-1,fcdmkhgd-1,Cluster 5,0,196.43
M1-TA-1_LGD-1,dagpplki-1,Cluster 12,0,72.66
M1-TA-1_LGD-1,dahcdmlb-1,Cluster 4,0,75.00
M1-TA-1_LGD-1,fcdmlehl-1,Cluster 5,0,72.48
M1-TA-1_LGD-1,dagojedm-1,Cluster 4,0,72.43
M1-TA-1_LGD-1,fpffifpo-1,Cluster 7,0,18.11
M1-TA-1_LGD-1,dagoncbl-1,Cluster 2,0,48.81
M1-TA-1_LGD-1,dagoifgg-1,Cluster 5,0,132.76
M1-TA-1_LGD-1,fcdmblie-1,Cluster 4,0,78.03
M1-TA-1_LGD-1,fpffjdga-1,Cluster 4,0,88.87
M1-TA-1_LGD-1,fpffjemm-1,Cluster 5,0,62.36
M1-TA-1_LGD-1,fcdmjipo-1,Cluster 4,0,34.54
M1-TA-1_LGD-1,fpffnohn-1,Cluster 5,0,172.32
M1-TA-1_LGD-1,dahajnmj-1,Cluster 4,0,71.57
M1-TA-1_LGD-1,dahaikpc-1,Cluster 12,0,98.62
M1-TA-1_LGD-1,dahahfme-1,Cluster 4,0,107.07
M1-TA-1_LGD-1,dahafjjo-1,Cluster 4,0,89.36
M1-TA-1_LGD-1,dahacicl-1,Cluster 4,0,80.24
M1-TA-1_LGD-1,dahaaenb-1,Cluster 4,0,121.24
M1-TA-1_LGD-1,dagojdlb-1,Cluster 4,0,53.78
M1-TA-1_LGD-1,dahanifh-1,Cluster 4,0,58.88
M1-TA-1_LGD-1,dahapblm-1,Cluster 4,0,67.24
M1-TA-1_LGD-1,dbaikgoo-1,Cluster 4,0,57.12
M1-TA-1_LGD-1,dbahgkjl-1,Cluster 5,0,117.86
M1-TA-1_LGD-1,dbahhiob-1,Cluster 5,0,85.71
M1-TA-1_LGD-1,dbahinfe-1,Cluster 4,0,131.72
M1-TA-1_LGD-1,fcdkndmm-1,Cluster 9,0,31.38
M1-TA-1_LGD-1,fcdkjjem-1,Cluster 3,0,90.00
M1-TA-1_LGD-1,fcdpafhp-1,Cluster 6,0,28.45
M1-TA-1_LGD-1,dahbjdcl-1,Cluster 5,0,32.96
M1-TA-1_LGD-1,fcdpndpb-1,Cluster 14,0,32.06
M1-TA-1_LGD-1,fcdkglkk-1,Cluster 4,0,35.85
M1-TA-1_LGD-1,dahbemfd-1,Cluster 10,0,41.14
M1-TA-1_LGD-1,fceabdag-1,Cluster 7,0,41.63
M1-TA-1_LGD-1,fcdpapia-1,Cluster 1,0,16.66
M1-TA-1_LGD-1,fcdklhhj-1,Cluster 6,0,74.10
M1-TA-1_LGD-1,fcechomp-1,Cluster 16,0,36.58
M1-TA-1_LGD-1,dahbmhde-1,Cluster 2,0,54.55
M1-TA-1_LGD-1,fcdpollb-1,Cluster 7,0,31.52
M1-TA-1_LGD-1,dahbkikd-1,Cluster 2,0,55.45
M1-TA-1_LGD-1,fcdkdcae-1,Cluster 5,0,27.91
M1-TA-1_LGD-1,dahcijjk-1,Cluster 5,0,64.48
M1-TA-1_LGD-1,fceacjpo-1,Cluster 5,0,91.98
M1-TA-1_LGD-1,fceaefkh-1,Cluster 3,0,47.01
M1-TA-1_LGD-1,fcdpkgmk-1,Cluster 5,0,73.88
M1-TA-1_LGD-1,fceaejbi-1,Cluster 4,0,33.24
M1-TA-1_LGD-1,fcdpinpf-1,Cluster 9,0,42.40
M1-TA-1_LGD-1,fcdpedka-1,Cluster 3,0,125.44
M1-TA-1_LGD-1,dahbhamm-1,Cluster 4,0,32.20
M1-TA-1_LGD-1,dahbkgol-1,Cluster 4,0,46.60
M1-TA-1_LGD-1,fcdkdfaj-1,Cluster 3,0,50.67
M1-TA-1_LGD-1,fcdpjddm-1,Cluster 5,0,80.33
M1-TA-1_LGD-1,dahceoli-1,Cluster 5,0,145.81
M1-TA-1_LGD-1,fcdkkoef-1,Cluster 5,0,74.91
M1-TA-1_LGD-1,dahbkgho-1,Cluster 2,0,40.51
M1-TA-1_LGD-1,dahbjckc-1,Cluster 4,0,46.87
M1-TA-1_LGD-1,dahcljdo-1,Cluster 5,0,91.62
M1-TA-1_LGD-1,fcdpifia-1,Cluster 3,0,29.13
M1-TA-1_LGD-1,dahchkpa-1,Cluster 4,0,73.74
M1-TA-1_LGD-1,fcdmakki-1,Cluster 3,0,25.65
M1-TA-1_LGD-1,fccpfgmb-1,Cluster 4,0,57.66
M1-TA-1_LGD-1,fcdjochj-1,Cluster 5,0,181.66
M1-TA-1_LGD-1,cpffdaol-1,Cluster 4,0,49.27
M1-TA-1_LGD-1,cpfeooig-1,Cluster 5,0,23.80
M1-TA-1_LGD-1,fccpomhl-1,Cluster 4,0,429.53
M1-TA-1_LGD-1,fcdahapc-1,Cluster 4,0,65.70
M1-TA-1_LGD-1,fcdafhgj-1,Cluster 4,0,86.65
M1-TA-1_LGD-1,fccpokck-1,Cluster 4,0,40.64
M1-TA-1_LGD-1,cpdceboo-1,Cluster 4,0,61.50
M1-TA-1_LGD-1,fcdafapm-1,Cluster 4,0,61.05
M1-TA-1_LGD-1,dagpjnci-1,Cluster 4,0,69.45
M1-TA-1_LGD-1,fccpmogf-1,Cluster 4,0,150.64
M1-TA-1_LGD-1,cpffcepg-1,Cluster 4,0,46.60
M1-TA-1_LGD-1,dagpgjpl-1,Cluster 7,0,26.33
M1-TA-1_LGD-1,dagpjmfk-1,Cluster 4,0,19.64
M1-TA-1_LGD-1,dagpobcf-1,Cluster 5,0,34.95
M1-TA-1_LGD-1,dagpibll-1,Cluster 5,0,35.31
M1-TA-1_LGD-1,cpfecgkk-1,Cluster 5,0,39.20
M1-TA-1_LGD-1,dagpefaa-1,Cluster 4,0,45.47
M1-TA-1_LGD-1,dagppbnl-1,Cluster 4,0,41.09
M1-TA-1_LGD-1,dagonjhj-1,Cluster 4,0,38.65
M1-TA-1_LGD-1,cpfdghji-1,Cluster 4,0,30.39
M1-TA-1_LGD-1,dagpicod-1,Cluster 4,0,26.06
M1-TA-1_LGD-1,dagphlhm-1,Cluster 7,0,35.09
M1-TA-1_LGD-1,cpfdpjec-1,Cluster 4,0,27.36
M1-TA-1_LGD-1,cpfdklec-1,Cluster 4,0,44.30
M1-TA-1_LGD-1,cpfdindi-1,Cluster 4,0,59.61
M1-TA-1_LGD-1,cpfecgkc-1,Cluster 4,0,19.15
M1-TA-1_LGD-1,cpfdjlmf-1,Cluster 4,0,31.43
M1-TA-1_LGD-1,cpfdmmih-1,Cluster 4,0,24.38
M1-TA-1_LGD-1,cpfdhlgb-1,Cluster 4,0,25.69
M1-TA-1_LGD-1,cpfeofnc-1,Cluster 4,0,23.39
M1-TA-1_LGD-1,cpfenang-1,Cluster 4,0,17.48
M1-TA-1_LGD-1,fphinmck-1,Cluster 4,0,36.53
M1-TA-1_LGD-1,dagopgba-1,Cluster 4,0,19.55
M1-TA-1_LGD-1,fcdffjgf-1,Cluster 1,0,14.27
M1-TA-1_LGD-1,fcdkdcib-1,Cluster 25,0,47.59
M1-TA-1_LGD-1,fcdjhonc-1,Cluster 5,0,30.80
M1-TA-1_LGD-1,fcdlieip-1,Cluster 27,0,16.98
M1-TA-1_LGD-1,fcdjlkap-1,Cluster 9,0,20.55
M1-TA-1_LGD-1,fcdjlaga-1,Cluster 19,0,62.23
M1-TA-1_LGD-1,fcdepmfi-1,Cluster 10,0,56.04
M1-TA-1_LGD-1,fcdfdcam-1,Cluster 1,0,38.20
M1-TA-1_LGD-1,fcdffdea-1,Cluster 6,0,100.02
M1-TA-1_LGD-1,fccphcll-1,Cluster 3,0,58.52
M1-TA-1_LGD-1,fccpkodi-1,Cluster 3,0,41.00
M1-TA-1_LGD-1,dahbnkfi-1,Cluster 4,0,57.89
M1-TA-1_LGD-1,dahcabeo-1,Cluster 5,0,187.22
M1-TA-1_LGD-1,fcdbojfj-1,Cluster 4,0,44.84
M1-TA-1_LGD-1,dahbmjki-1,Cluster 4,0,61.46
M1-TA-1_LGD-1,cpdcedgi-1,Cluster 2,0,59.92
M1-TA-1_LGD-1,dahbigmg-1,Cluster 6,0,60.01
M1-TA-1_LGD-1,fcdabfhc-1,Cluster 5,0,123.32
M1-TA-1_LGD-1,fcdbgdmm-1,Cluster 5,0,97.85
M1-TA-1_LGD-1,fcdaaola-1,Cluster 4,0,68.01
M1-TA-1_LGD-1,cpdbplap-1,Cluster 4,0,105.80
M1-TA-1_LGD-1,fccplien-1,Cluster 6,0,14.09
M1-TA-1_LGD-1,fcdjklbn-1,Cluster 6,0,43.85
M1-TA-1_LGD-1,fcdjkeco-1,Cluster 7,0,33.19
M1-TA-1_LGD-1,fccplomd-1,Cluster 1,0,38.20
M1-TA-1_LGD-1,fcdbjfpa-1,Cluster 4,0,64.08
M1-TA-1_LGD-1,dahcajpe-1,Cluster 4,0,64.21
M1-TA-1_LGD-1,fccpgief-1,Cluster 4,0,50.85
M1-TA-1_LGD-1,fcdjocnd-1,Cluster 3,0,39.20
M1-TA-1_LGD-1,fccpfebh-1,Cluster 4,0,92.98
M1-TA-1_LGD-1,fcdajpdn-1,Cluster 4,0,106.43
M1-TA-1_LGD-1,fcdbdngl-1,Cluster 4,0,33.37
M1-TA-1_LGD-1,fcdaleha-1,Cluster 4,0,59.38
M1-TA-1_LGD-1,fccpfmaf-1,Cluster 4,0,78.48
M1-TA-1_LGD-1,cpeolopm-1,Cluster 5,0,72.84
M1-TA-1_LGD-1,fphhkhkm-1,Cluster 4,0,25.78
M1-TA-1_LGD-1,cpephmjn-1,Cluster 4,0,33.60
M1-TA-1_LGD-1,cpfccjej-1,Cluster 5,0,38.20
M1-TA-1_LGD-1,cpepfbng-1,Cluster 2,0,22.62
M1-TA-1_LGD-1,fpifapac-1,Cluster 4,0,68.50
M1-TA-1_LGD-1,cpfckpdg-1,Cluster 5,0,31.07
M1-TA-1_LGD-1,cpfckafc-1,Cluster 4,0,33.60
M1-TA-1_LGD-1,cpfamkmn-1,Cluster 4,0,73.79
M1-TA-1_LGD-1,cpfaoodc-1,Cluster 2,0,32.51
M1-TA-1_LGD-1,fpiepnpl-1,Cluster 6,0,36.58
M1-TA-1_LGD-1,cpfcgofj-1,Cluster 4,0,90.49
M1-TA-1_LGD-1,cpfalfbm-1,Cluster 2,0,70.49
M1-TA-1_LGD-1,fpigbdjk-1,Cluster 6,0,34.63
M1-TA-1_LGD-1,cpfafjeg-1,Cluster 2,0,69.27
M1-TA-1_LGD-1,cpfagmef-1,Cluster 6,0,53.65
M1-TA-1_LGD-1,fpiepnhn-1,Cluster 10,0,22.17
M1-TA-1_LGD-1,fphphagm-1,Cluster 4,0,70.94
M1-TA-1_LGD-1,fpiabhdn-1,Cluster 1,0,35.13
M1-TA-1_LGD-1,fphppodo-1,Cluster 7,0,32.02
M1-TA-1_LGD-1,fpiabijf-1,Cluster 10,0,53.47
M1-TA-1_LGD-1,cpfaehhe-1,Cluster 15,0,33.42
M1-TA-1_LGD-1,fphplmcg-1,Cluster 10,0,15.35
M1-TA-1_LGD-1,cpfaakfo-1,Cluster 10,0,62.68
M1-TA-1_LGD-1,fphpjlln-1,Cluster 10,0,39.42
M1-TA-1_LGD-1,fphpmckk-1,Cluster 14,0,23.21
M1-TA-1_LGD-1,fphpodha-1,Cluster 14,0,14.18
M1-TA-1_LGD-1,fphoealb-1,Cluster 10,0,70.99
M1-TA-1_LGD-1,cpepnbnj-1,Cluster 9,0,45.34
M1-TA-1_LGD-1,fphiicel-1,Cluster 5,0,37.71
M1-TA-1_LGD-1,fphiiooo-1,Cluster 7,0,40.51
M1-TA-1_LGD-1,cpeomnhg-1,Cluster 4,0,122.01
M1-TA-1_LGD-1,cpeojopb-1,Cluster 4,0,165.00
M1-TA-1_LGD-1,cpeomodo-1,Cluster 2,0,40.87
M1-TA-1_LGD-1,fphiinal-1,Cluster 5,0,37.52
M1-TA-1_LGD-1,cpeopklm-1,Cluster 4,0,46.15
M1-TA-1_LGD-1,fphicjle-1,Cluster 4,0,23.17
M1-TA-1_LGD-1,fphifaja-1,Cluster 4,0,13.73
M1-TA-1_LGD-1,fphhkbfj-1,Cluster 2,0,14.99
M1-TA-1_LGD-1,fphhlbnd-1,Cluster 4,0,26.28
M1-TA-1_LGD-1,fphgkebm-1,Cluster 27,0,63.90
M1-TA-1_LGD-1,cpeonoko-1,Cluster 2,0,46.19
M1-TA-1_LGD-1,fphhpami-1,Cluster 4,0,20.77
M1-TA-1_LGD-1,fphihiij-1,Cluster 7,0,11.06
M1-TA-1_LGD-1,fpidfpig-1,Cluster 4,0,12.24
M1-TA-1_LGD-1,fphgkmlc-1,Cluster 5,0,42.36
M1-TA-1_LGD-1,cpfconib-1,Cluster 4,0,27.77
M1-TA-1_LGD-1,cpfbjopo-1,Cluster 4,0,28.72
M1-TA-1_LGD-1,cpfbpibn-1,Cluster 2,0,39.87
M1-TA-1_LGD-1,cpfdcogp-1,Cluster 2,0,46.74
M1-TA-1_LGD-1,cpfcpojh-1,Cluster 2,0,28.90
M1-TA-1_LGD-1,cpfcpmoc-1,Cluster 5,0,19.73
M1-TA-1_LGD-1,cpfbgbfb-1,Cluster 2,0,14.36
M1-TA-1_LGD-1,cpfcbooi-1,Cluster 2,0,18.60
M1-TA-1_LGD-1,cpfddheo-1,Cluster 2,0,59.52
M1-TA-1_LGD-1,cpfdblhb-1,Cluster 2,0,54.14
M1-TA-1_LGD-1,cpfcbone-1,Cluster 2,0,44.57
M1-TA-1_LGD-1,cpfbocko-1,Cluster 2,0,28.36
M1-TA-1_LGD-1,cpfbpgdf-1,Cluster 2,0,21.99
M1-TA-1_LGD-1,cpfbhaeb-1,Cluster 4,0,23.26
M1-TA-1_LGD-1,cpfcagaa-1,Cluster 5,0,70.85
M1-TA-1_LGD-1,cpfcbhmb-1,Cluster 4,0,22.58
M1-TA-1_LGD-1,cpepekfl-1,Cluster 4,0,27.86
M1-TA-1_LGD-1,flmhofci-1,Cluster 7,0,7.27
M1-TA-1_LGD-1,cpkhcikc-1,Cluster 4,0,31.02
M1-TA-1_LGD-1,cpkiaflo-1,Cluster 4,0,25.87
M1-TA-1_LGD-1,cpkhbake-1,Cluster 5,0,41.41
M1-TA-1_LGD-1,cpkiicfn-1,Cluster 5,0,19.64
M1-TA-1_LGD-1,flmibndc-1,Cluster 12,0,28.31
M1-TA-1_LGD-1,cpkihnib-1,Cluster 4,0,28.45
M1-TA-1_LGD-1,flmicmck-1,Cluster 5,0,17.29
M1-TA-1_LGD-1,cpkjangb-1,Cluster 4,0,25.24
M1-TA-1_LGD-1,flmiacek-1,Cluster 4,0,35.99
M1-TA-1_LGD-1,cpfanlgm-1,Cluster 2,0,27.77
M1-TA-1_LGD-1,cpkjbimj-1,Cluster 12,0,39.11
M1-TA-1_LGD-1,cpkgpdbb-1,Cluster 5,0,28.90
M1-TA-1_LGD-1,cpkikabn-1,Cluster 4,0,34.45
M1-TA-1_LGD-1,flmeibek-1,Cluster 5,0,53.01
M1-TA-1_LGD-1,cpfakdlg-1,Cluster 5,0,66.74
M1-TA-1_LGD-1,flmfjkai-1,Cluster 10,0,39.02
M1-TA-1_LGD-1,oeioaimk-1,Cluster 1,0,67.28
M1-TA-1_LGD-1,flmfhgcb-1,Cluster 4,0,15.94
M1-TA-1_LGD-1,flmccnng-1,Cluster 19,0,34.18
M1-TA-1_LGD-1,oeiobaop-1,Cluster 14,0,13.68
M1-TA-1_LGD-1,flmcffhg-1,Cluster 14,0,12.24
M1-TA-1_LGD-1,cpkinpjd-1,Cluster 5,0,76.86
M1-TA-1_LGD-1,cpjokaim-1,Cluster 5,0,83.04
M1-TA-1_LGD-1,flmfjpnj-1,Cluster 9,0,61.19
M1-TA-1_LGD-1,cpkinlfd-1,Cluster 4,0,26.78
M1-TA-1_LGD-1,cpkinfkn-1,Cluster 5,0,55.09
M1-TA-1_LGD-1,cpjolkdh-1,Cluster 5,0,89.77
M1-TA-1_LGD-1,flmejlfc-1,Cluster 10,0,71.35
M1-TA-1_LGD-1,flmfcobk-1,Cluster 14,0,13.10
M1-TA-1_LGD-1,flmfaohp-1,Cluster 6,0,27.68
M1-TA-1_LGD-1,flmemhdl-1,Cluster 10,0,51.84
M1-TA-1_LGD-1,flmdnoop-1,Cluster 9,0,29.62
M1-TA-1_LGD-1,cpkcnlfk-1,Cluster 10,0,43.30
M1-TA-1_LGD-1,flmfcdke-1,Cluster 9,0,31.20
M1-TA-1_LGD-1,fphiliaf-1,Cluster 4,0,36.17
M1-TA-1_LGD-1,fllhkldn-1,Cluster 4,0,53.19
M1-TA-1_LGD-1,fllhehbc-1,Cluster 27,0,42.72
M1-TA-1_LGD-1,fllhhppo-1,Cluster 5,0,38.02
M1-TA-1_LGD-1,cpfbbabm-1,Cluster 2,0,18.97
M1-TA-1_LGD-1,cpkjmkgc-1,Cluster 4,0,18.24
M1-TA-1_LGD-1,cpkjjcck-1,Cluster 2,0,26.10
M1-TA-1_LGD-1,cpfbgijc-1,Cluster 5,0,24.38
M1-TA-1_LGD-1,cpfapffl-1,Cluster 2,0,35.22
M1-TA-1_LGD-1,cpkdhbnd-1,Cluster 4,0,65.57
M1-TA-1_LGD-1,cpkhpfme-1,Cluster 2,0,32.56
M1-TA-1_LGD-1,fllhooif-1,Cluster 4,0,48.00
M1-TA-1_LGD-1,cpkdfhkd-1,Cluster 4,0,34.50
M1-TA-1_LGD-1,cpkkahdh-1,Cluster 7,0,12.87
M1-TA-1_LGD-1,cpkhpghe-1,Cluster 2,0,24.43
M1-TA-1_LGD-1,fllgkaij-1,Cluster 4,0,11.42
M1-TA-1_LGD-1,cpfapedl-1,Cluster 2,0,25.11
M1-TA-1_LGD-1,fphigfmj-1,Cluster 4,0,50.30
M1-TA-1_LGD-1,cpkjipne-1,Cluster 4,0,28.81
M1-TA-1_LGD-1,flmhkjhj-1,Cluster 4,0,25.83
M1-TA-1_LGD-1,cpkgefda-1,Cluster 2,0,17.79
M1-TA-1_LGD-1,cpkhlpfk-1,Cluster 2,0,34.14
M1-TA-1_LGD-1,cpkjgmdh-1,Cluster 2,0,25.96
M1-TA-1_LGD-1,fllgigko-1,Cluster 4,0,50.89
M1-TA-1_LGD-1,cpkgmjhe-1,Cluster 4,0,39.42
M1-TA-1_LGD-1,cpkhpffl-1,Cluster 4,0,16.66
M1-TA-1_LGD-1,cpkhmeck-1,Cluster 2,0,59.25
M1-TA-1_LGD-1,cpkhmbhm-1,Cluster 2,0,20.59
M1-TA-1_LGD-1,cpkjoklf-1,Cluster 2,0,16.62
M1-TA-1_LGD-1,fllhncpg-1,Cluster 4,0,44.57
M1-TA-1_LGD-1,cpkgebmb-1,Cluster 2,0,53.60
M1-TA-1_LGD-1,cpkjiief-1,Cluster 2,0,38.70
M1-TA-1_LGD-1,flmijfeb-1,Cluster 4,0,11.56
M1-TA-1_LGD-1,cpephgmj-1,Cluster 2,0,21.54
M1-TA-1_LGD-1,fcdcnaom-1,Cluster 4,0,195.39
M1-TA-1_LGD-1,cpflhfag-1,Cluster 4,0,21.40
M1-TA-1_LGD-1,cpfffcii-1,Cluster 4,0,37.34
M1-TA-1_LGD-1,cpfkbloi-1,Cluster 4,0,27.32
M1-TA-1_LGD-1,cpffbefb-1,Cluster 4,0,38.92
M1-TA-1_LGD-1,cpfgimbi-1,Cluster 4,0,20.18
M1-TA-1_LGD-1,cpfkjcem-1,Cluster 2,0,33.14
M1-TA-1_LGD-1,cpfkeian-1,Cluster 2,0,22.44
M1-TA-1_LGD-1,cpffdgfc-1,Cluster 4,0,30.93
M1-TA-1_LGD-1,cpfhjmck-1,Cluster 7,0,16.30
M1-TA-1_LGD-1,cpfkjecl-1,Cluster 4,0,20.37
M1-TA-1_LGD-1,cpflfajn-1,Cluster 2,0,25.15
M1-TA-1_LGD-1,cpffjebi-1,Cluster 7,0,18.02
M1-TA-1_LGD-1,cpffkidi-1,Cluster 4,0,13.64
M1-TA-1_LGD-1,cpfdfhec-1,Cluster 4,0,29.13
M1-TA-1_LGD-1,cpfibhdl-1,Cluster 4,0,26.64
M1-TA-1_LGD-1,cpfiakej-1,Cluster 4,0,30.57
M1-TA-1_LGD-1,cpfhkohb-1,Cluster 4,0,37.21
M1-TA-1_LGD-1,cpfhkbja-1,Cluster 4,0,35.67
M1-TA-1_LGD-1,cpfhjopa-1,Cluster 2,0,34.63
M1-TA-1_LGD-1,cpffmgke-1,Cluster 4,0,21.00
M1-TA-1_LGD-1,fphkfndj-1,Cluster 4,0,49.58
M1-TA-1_LGD-1,cpfhfdnb-1,Cluster 4,0,33.55
M1-TA-1_LGD-1,fphjdicb-1,Cluster 4,0,27.00
M1-TA-1_LGD-1,cpfggfip-1,Cluster 4,0,30.84
M1-TA-1_LGD-1,cpfgkclm-1,Cluster 4,0,73.74
M1-TA-1_LGD-1,cpfhemol-1,Cluster 2,0,27.95
M1-TA-1_LGD-1,cpfibdik-1,Cluster 2,0,23.35
M1-TA-1_LGD-1,cpfhjomk-1,Cluster 5,0,41.18
M1-TA-1_LGD-1,fphhjjof-1,Cluster 4,0,90.81
M1-TA-1_LGD-1,cpfhpbeg-1,Cluster 4,0,39.69
M1-TA-1_LGD-1,fphjdjfm-1,Cluster 4,0,144.68
M1-TA-1_LGD-1,fphjhcji-1,Cluster 4,0,46.29
M1-TA-1_LGD-1,cpeolbhp-1,Cluster 2,0,50.80
M1-TA-1_LGD-1,fphjjijc-1,Cluster 4,0,56.17
M1-TA-1_LGD-1,fphjjgnm-1,Cluster 4,0,38.79
M1-TA-1_LGD-1,cpfeblob-1,Cluster 4,0,20.77
M1-TA-1_LGD-1,fccogohc-1,Cluster 5,0,261.82
M1-TA-1_LGD-1,cpdcgpdi-1,Cluster 2,0,50.26
M1-TA-1_LGD-1,cpddfheh-1,Cluster 4,0,41.45
M1-TA-1_LGD-1,cpfkpkbp-1,Cluster 2,0,83.13
M1-TA-1_LGD-1,cpddedkm-1,Cluster 2,0,22.98
M1-TA-1_LGD-1,fcdcacbm-1,Cluster 4,0,22.85
M1-TA-1_LGD-1,fcddbmmj-1,Cluster 4,0,164.23
M1-TA-1_LGD-1,fcdcgabf-1,Cluster 4,0,22.71
M1-TA-1_LGD-1,cpddgenk-1,Cluster 4,0,56.13
M1-TA-1_LGD-1,fcdbmjbg-1,Cluster 4,0,47.19
M1-TA-1_LGD-1,fcdgdhdi-1,Cluster 5,0,62.95
M1-TA-1_LGD-1,cpfkkhha-1,Cluster 4,0,21.99
M1-TA-1_LGD-1,cpdddkll-1,Cluster 4,0,50.85
M1-TA-1_LGD-1,fcdeneki-1,Cluster 9,0,13.37
M1-TA-1_LGD-1,fcdffkgp-1,Cluster 6,0,66.06
M1-TA-1_LGD-1,cpdcgpig-1,Cluster 4,0,104.36
M1-TA-1_LGD-1,cpdchndk-1,Cluster 2,0,39.29
M1-TA-1_LGD-1,cpfjocge-1,Cluster 4,0,24.20
M1-TA-1_LGD-1,fcdaedai-1,Cluster 4,0,33.60
M1-TA-1_LGD-1,cpddbjon-1,Cluster 2,0,35.81
M1-TA-1_LGD-1,cpddeimo-1,Cluster 2,0,25.02
M1-TA-1_LGD-1,fccomcjb-1,Cluster 4,0,105.03
M1-TA-1_LGD-1,fcdcmhbg-1,Cluster 5,0,223.98
M1-TA-1_LGD-1,cpfkehcd-1,Cluster 4,0,30.48
M1-TA-1_LGD-1,cpddhkgj-1,Cluster 4,0,56.13
M1-TA-1_LGD-1,cpdcgkfo-1,Cluster 2,0,64.93
M1-TA-1_LGD-1,cpddhoee-1,Cluster 5,0,37.03
M1-TA-1_LGD-1,cpddejhj-1,Cluster 4,0,41.05
M1-TA-1_LGD-1,fcdcnnjp-1,Cluster 4,0,50.26
M1-TA-1_LGD-1,fccoekej-1,Cluster 4,0,37.57
M1-TA-1_LGD-1,cpflekhj-1,Cluster 4,0,24.16
M1-TA-1_LGD-1,cpfknccc-1,Cluster 4,0,33.78
M1-TA-1_LGD-1,cpfkclmb-1,Cluster 4,0,31.61
M1-TA-1_LGD-1,cpfklmnd-1,Cluster 4,0,30.71
M1-TA-1_LGD-1,cpfjdlma-1,Cluster 4,0,29.62
M1-TA-1_LGD-1,cpflebom-1,Cluster 2,0,24.88
M1-TA-1_LGD-1,cpfjeggc-1,Cluster 4,0,22.85
M1-TA-1_LGD-1,cpkfgmfd-1,Cluster 2,0,18.74
M1-TA-1_LGD-1,cpfgechg-1,Cluster 13,0,26.19
M1-TA-1_LGD-1,fldgknkm-1,Cluster 4,0,14.45
M1-TA-1_LGD-1,fldiabjj-1,Cluster 7,0,21.22
M1-TA-1_LGD-1,cpkfkjfi-1,Cluster 4,0,21.81
M1-TA-1_LGD-1,cpflihdc-1,Cluster 4,0,26.37
M1-TA-1_LGD-1,cpfficnn-1,Cluster 4,0,17.02
M1-TA-1_LGD-1,cpkfpfdd-1,Cluster 4,0,24.16
M1-TA-1_LGD-1,fldigdbe-1,Cluster 4,0,11.33
M1-TA-1_LGD-1,cpfljdji-1,Cluster 4,0,72.70
M1-TA-1_LGD-1,cpffflnl-1,Cluster 2,0,24.47
M1-TA-1_LGD-1,cpkfhmln-1,Cluster 4,0,39.96
M1-TA-1_LGD-1,cpkegdln-1,Cluster 2,0,29.94
M1-TA-1_LGD-1,cpkeikhn-1,Cluster 4,0,26.33
M1-TA-1_LGD-1,cpkegdik-1,Cluster 7,0,20.64
M1-TA-1_LGD-1,cpkejkga-1,Cluster 2,0,40.19
M1-TA-1_LGD-1,cpfgaopd-1,Cluster 2,0,46.87
M1-TA-1_LGD-1,fldghcen-1,Cluster 4,0,21.95
M1-TA-1_LGD-1,cpfggmnm-1,Cluster 4,0,20.32
M1-TA-1_LGD-1,cpkfcall-1,Cluster 2,0,20.23
M1-TA-1_LGD-1,fldgkbgg-1,Cluster 4,0,47.28
M1-TA-1_LGD-1,cpffofdn-1,Cluster 4,0,64.89
M1-TA-1_LGD-1,cpkfdhga-1,Cluster 4,0,24.75
M1-TA-1_LGD-1,cpfgahkb-1,Cluster 4,0,15.13
M1-TA-1_LGD-1,cpfgadig-1,Cluster 4,0,19.91
M1-TA-1_LGD-1,fldgjjgh-1,Cluster 4,0,52.07
M1-TA-1_LGD-1,fphjkcii-1,Cluster 4,0,28.22
M1-TA-1_LGD-1,cpkegdij-1,Cluster 2,0,26.87
M1-TA-1_LGD-1,cpkeknia-1,Cluster 5,0,53.69
M1-TA-1_LGD-1,fllhhlbh-1,Cluster 4,0,188.71
M1-TA-1_LGD-1,fphhgdea-1,Cluster 4,0,99.52
M1-TA-1_LGD-1,fphhibif-1,Cluster 4,0,61.10
M1-TA-1_LGD-1,fldgehdn-1,Cluster 2,0,18.74
M1-TA-1_LGD-1,cpdckjfi-1,Cluster 2,0,44.39
M1-TA-1_LGD-1,cpdcjaoe-1,Cluster 4,0,38.56
M1-TA-1_LGD-1,fcdcecbk-1,Cluster 4,0,30.21
M1-TA-1_LGD-1,cpflaefl-1,Cluster 4,0,104.09
M1-TA-1_LGD-1,fldfeolp-1,Cluster 4,0,99.71
M1-TA-1_LGD-1,cpfldffa-1,Cluster 4,0,44.39
M1-TA-1_LGD-1,cpddaomd-1,Cluster 4,0,94.83
M1-TA-1_LGD-1,cpfkpekl-1,Cluster 4,0,46.29
M1-TA-1_LGD-1,cpdcknjd-1,Cluster 5,0,62.27
M1-TA-1_LGD-1,cpdblich-1,Cluster 25,0,33.96
M1-TA-1_LGD-1,cpflbmam-1,Cluster 4,0,34.09
M1-TA-1_LGD-1,cpfpbggk-1,Cluster 4,0,28.04
M1-TA-1_LGD-1,fcddbfoj-1,Cluster 4,0,127.93
M1-TA-1_LGD-1,cpdblpie-1,Cluster 2,0,46.65
M1-TA-1_LGD-1,fldfkmbi-1,Cluster 7,0,27.68
M1-TA-1_LGD-1,cpfjjhpe-1,Cluster 4,0,46.19
M1-TA-1_LGD-1,cpdbpkpb-1,Cluster 2,0,26.01
M1-TA-1_LGD-1,cpfjldmc-1,Cluster 4,0,87.42
M1-TA-1_LGD-1,cpfjipcd-1,Cluster 4,0,28.18
M1-TA-1_LGD-1,fldfnibh-1,Cluster 4,0,42.40
M1-TA-1_LGD-1,fldnleng-1,Cluster 4,0,114.74
M1-TA-1_LGD-1,fldfgjkn-1,Cluster 7,0,48.27
M1-TA-1_LGD-1,fldfkghe-1,Cluster 4,0,44.21
M1-TA-1_LGD-1,cpfoggee-1,Cluster 4,0,37.66
M1-TA-1_LGD-1,fldgccfm-1,Cluster 4,0,30.57
M1-TA-1_LGD-1,fldnggnh-1,Cluster 4,0,93.93
M1-TA-1_LGD-1,fldnofjg-1,Cluster 5,0,168.97
M1-TA-1_LGD-1,cpdcikoo-1,Cluster 2,0,30.25
M1-TA-1_LGD-1,cpflhlfc-1,Cluster 2,0,24.38
M1-TA-1_LGD-1,cpfiiacm-1,Cluster 2,0,25.74
M1-TA-1_LGD-1,cpfllmmp-1,Cluster 13,0,25.38
M1-TA-1_LGD-1,cpfjfkpl-1,Cluster 4,0,20.64
M1-TA-1_LGD-1,cpfljlic-1,Cluster 4,0,73.83
M1-TA-1_LGD-1,dahibmci-1,Cluster 5,0,22.35
M1-TA-1_LGD-1,dahfofff-1,Cluster 6,0,72.07
M1-TA-1_LGD-1,dagjimpj-1,Cluster 2,0,35.40
M1-TA-1_LGD-1,daheklme-1,Cluster 4,0,166.49
M1-TA-1_LGD-1,dahdcgbm-1,Cluster 5,0,63.53
M1-TA-1_LGD-1,fceljcgd-1,Cluster 4,0,30.25
M1-TA-1_LGD-1,dahfcmmf-1,Cluster 4,0,71.98
M1-TA-1_LGD-1,dahgeflh-1,Cluster 5,0,200.00
M1-TA-1_LGD-1,fcelhofg-1,Cluster 4,0,74.01
M1-TA-1_LGD-1,dahgfiho-1,Cluster 5,0,56.90
M1-TA-1_LGD-1,dahgdepb-1,Cluster 4,0,59.20
M1-TA-1_LGD-1,fcellike-1,Cluster 4,0,36.08
M1-TA-1_LGD-1,dahgfnpk-1,Cluster 5,0,122.01
M1-TA-1_LGD-1,dahgdkbp-1,Cluster 5,0,110.68
M1-TA-1_LGD-1,dahgfioe-1,Cluster 4,0,51.39
M1-TA-1_LGD-1,fceehaac-1,Cluster 3,0,31.79
M1-TA-1_LGD-1,fcedllne-1,Cluster 3,0,41.86
M1-TA-1_LGD-1,dahemhlm-1,Cluster 4,0,80.33
M1-TA-1_LGD-1,fceebiki-1,Cluster 3,0,36.89
M1-TA-1_LGD-1,dahfmebh-1,Cluster 10,0,41.32
M1-TA-1_LGD-1,dahfjbfd-1,Cluster 10,0,49.08
M1-TA-1_LGD-1,fcefiffh-1,Cluster 19,0,28.09
M1-TA-1_LGD-1,fceebddk-1,Cluster 1,0,44.12
M1-TA-1_LGD-1,fcefpgpp-1,Cluster 14,0,12.55
M1-TA-1_LGD-1,fceemkgk-1,Cluster 6,0,52.34
M1-TA-1_LGD-1,fceepfpd-1,Cluster 10,0,37.03
M1-TA-1_LGD-1,oegahiac-1,Cluster 14,0,14.77
M1-TA-1_LGD-1,fceelafi-1,Cluster 9,0,23.62
M1-TA-1_LGD-1,fcefhlpb-1,Cluster 10,0,54.96
M1-TA-1_LGD-1,fcefikgh-1,Cluster 14,0,21.13
M1-TA-1_LGD-1,fceenljo-1,Cluster 6,0,35.13
M1-TA-1_LGD-1,fcefgepo-1,Cluster 10,0,48.59
M1-TA-1_LGD-1,fcegdkjo-1,Cluster 7,0,16.03
M1-TA-1_LGD-1,oegaiaak-1,Cluster 14,0,9.35
M1-TA-1_LGD-1,fceeigeg-1,Cluster 14,0,11.20
M1-TA-1_LGD-1,fcefomai-1,Cluster 3,0,41.41
M1-TA-1_LGD-1,oegahmnm-1,Unassigned,0,8.35
M1-TA-1_LGD-1,fcdopigp-1,Cluster 10,0,61.91
M1-TA-1_LGD-1,fccnaeeo-1,Cluster 2,0,29.44
M1-TA-1_LGD-1,fccnhfhp-1,Cluster 4,0,51.39
M1-TA-1_LGD-1,fccneapi-1,Cluster 4,0,77.62
M1-TA-1_LGD-1,dahdieoe-1,Cluster 2,0,39.15
M1-TA-1_LGD-1,dagjjeok-1,Cluster 7,0,18.56
M1-TA-1_LGD-1,fcelpnid-1,Cluster 4,0,90.09
M1-TA-1_LGD-1,dagkaakg-1,Cluster 2,0,27.77
M1-TA-1_LGD-1,dahcpida-1,Cluster 2,0,20.50
M1-TA-1_LGD-1,dahdiffl-1,Cluster 2,0,96.05
M1-TA-1_LGD-1,dagjcdln-1,Cluster 2,0,27.68
M1-TA-1_LGD-1,dagnkoem-1,Cluster 4,0,41.32
M1-TA-1_LGD-1,fccnlnab-1,Cluster 4,0,11.51
M1-TA-1_LGD-1,fcelfeol-1,Cluster 4,0,35.13
M1-TA-1_LGD-1,fcelfljd-1,Cluster 7,0,11.74
M1-TA-1_LGD-1,fcemanjg-1,Cluster 5,0,87.24
M1-TA-1_LGD-1,dahcmfgm-1,Cluster 2,0,15.80
M1-TA-1_LGD-1,fccnhkke-1,Cluster 4,0,32.65
M1-TA-1_LGD-1,dahcoapa-1,Cluster 2,0,22.40
M1-TA-1_LGD-1,dahcondc-1,Cluster 2,0,21.54
M1-TA-1_LGD-1,fccnphfp-1,Cluster 5,0,28.31
M1-TA-1_LGD-1,dahddbgk-1,Cluster 4,0,78.03
M1-TA-1_LGD-1,dahdflio-1,Cluster 4,0,26.51
M1-TA-1_LGD-1,dagijdpf-1,Cluster 25,0,37.57
M1-TA-1_LGD-1,dahcnfah-1,Cluster 4,0,58.88
M1-TA-1_LGD-1,dahcmicb-1,Cluster 4,0,27.64
M1-TA-1_LGD-1,dahdbfab-1,Cluster 2,0,28.76
M1-TA-1_LGD-1,dahcppnp-1,Cluster 5,0,83.40
M1-TA-1_LGD-1,dahgndjl-1,Cluster 5,0,56.22
M1-TA-1_LGD-1,dahigbdg-1,Cluster 6,0,43.26
M1-TA-1_LGD-1,fcehclmi-1,Cluster 5,0,31.11
M1-TA-1_LGD-1,dahgoocn-1,Cluster 4,0,30.35
M1-TA-1_LGD-1,dahfogdd-1,Cluster 15,0,44.43
M1-TA-1_LGD-1,fcehekce-1,Cluster 5,0,26.73
M1-TA-1_LGD-1,dahgomjl-1,Cluster 4,0,21.00
M1-TA-1_LGD-1,dahefhkg-1,Cluster 4,0,33.14
M1-TA-1_LGD-1,fcehdmho-1,Cluster 5,0,15.26
M1-TA-1_LGD-1,fcehdnea-1,Cluster 27,0,34.18
M1-TA-1_LGD-1,fcegkfeb-1,Cluster 14,0,6.01
M1-TA-1_LGD-1,fcegjboe-1,Cluster 20,0,60.15
M1-TA-1_LGD-1,fcdlhhmi-1,Cluster 15,0,32.56
M1-TA-1_LGD-1,fccnpkhi-1,Cluster 6,0,35.31
M1-TA-1_LGD-1,fcdlaadi-1,Cluster 9,0,17.07
M1-TA-1_LGD-1,oefpmbco-1,Cluster 1,0,15.58
M1-TA-1_LGD-1,fcdldoll-1,Cluster 10,0,26.01
M1-TA-1_LGD-1,dahfhgnn-1,Cluster 15,0,43.40
M1-TA-1_LGD-1,fcdlbpno-1,Cluster 10,0,75.28
M1-TA-1_LGD-1,dahfhpba-1,Cluster 15,0,48.90
M1-TA-1_LGD-1,fcefeobj-1,Cluster 6,0,22.62
M1-TA-1_LGD-1,fcdlpceo-1,Cluster 6,0,27.95
M1-TA-1_LGD-1,fccoboki-1,Cluster 10,0,50.53
M1-TA-1_LGD-1,fccpaegb-1,Cluster 1,0,63.94
M1-TA-1_LGD-1,fcefbadm-1,Cluster 14,0,8.26
M1-TA-1_LGD-1,fcdlpeen-1,Cluster 6,0,36.40
M1-TA-1_LGD-1,fcconibf-1,Cluster 3,0,41.50
M1-TA-1_LGD-1,fcdmagdf-1,Cluster 1,0,30.75
M1-TA-1_LGD-1,fcefchif-1,Cluster 1,0,15.22
M1-TA-1_LGD-1,fcdlnaga-1,Cluster 10,0,38.29
M1-TA-1_LGD-1,fcefegoj-1,Cluster 15,0,47.01
M1-TA-1_LGD-1,dahbgmof-1,Cluster 10,0,65.21
M1-TA-1_LGD-1,fccoogkh-1,Cluster 14,0,15.08
M1-TA-1_LGD-1,fcdllcap-1,Cluster 9,0,11.33
M1-TA-1_LGD-1,fceeofpn-1,Cluster 14,0,10.48
M1-TA-1_LGD-1,dahhlkpb-1,Cluster 5,0,49.22
M1-TA-1_LGD-1,dahdkcck-1,Cluster 5,0,30.39
M1-TA-1_LGD-1,dahejlfm-1,Cluster 4,0,34.59
M1-TA-1_LGD-1,dahihpoh-1,Cluster 4,0,43.12
M1-TA-1_LGD-1,dahglpjm-1,Cluster 4,0,52.70
M1-TA-1_LGD-1,fccnccma-1,Cluster 5,0,96.18
M1-TA-1_LGD-1,dahgopbe-1,Cluster 5,0,60.42
M1-TA-1_LGD-1,dahgjfbo-1,Cluster 4,0,138.31
M1-TA-1_LGD-1,oefopboo-1,Cluster 7,0,114.61
M1-TA-1_LGD-1,fcelljke-1,Cluster 7,0,77.98
M1-TA-1_LGD-1,dahihafk-1,Cluster 4,0,202.80
M1-TA-1_LGD-1,fcelopip-1,Cluster 4,0,67.64
M1-TA-1_LGD-1,fcegelfl-1,Cluster 5,0,37.98
M1-TA-1_LGD-1,fcellkem-1,Cluster 2,0,49.22
M1-TA-1_LGD-1,dahhgejm-1,Cluster 5,0,55.77
M1-TA-1_LGD-1,dahiddcl-1,Cluster 5,0,117.77
M1-TA-1_LGD-1,dahgjnbh-1,Cluster 5,0,49.31
M1-TA-1_LGD-1,fcelohna-1,Cluster 4,0,102.96
M1-TA-1_LGD-1,dahhfepb-1,Cluster 5,0,48.81
M1-TA-1_LGD-1,fcehalcf-1,Cluster 5,0,74.37
M1-TA-1_LGD-1,fcehbabk-1,Cluster 27,0,35.09
M1-TA-1_LGD-1,fcegglpd-1,Cluster 4,0,36.31
M1-TA-1_LGD-1,dahigdbh-1,Cluster 4,0,77.31
M1-TA-1_LGD-1,dahhdeoo-1,Cluster 4,0,42.85
M1-TA-1_LGD-1,dahfmmlf-1,Cluster 5,0,49.99
M1-TA-1_LGD-1,dahgbecm-1,Cluster 5,0,57.71
M1-TA-1_LGD-1,dahhbjlm-1,Cluster 5,0,60.24
M1-TA-1_LGD-1,cpdelmfh-1,Cluster 5,0,112.62
M1-TA-1_LGD-1,cpddnghd-1,Cluster 5,0,46.56
M1-TA-1_LGD-1,fcdegndf-1,Cluster 3,0,40.23
M1-TA-1_LGD-1,fcdelffa-1,Cluster 10,0,29.89
M1-TA-1_LGD-1,cpdbekfg-1,Cluster 4,0,46.10
M1-TA-1_LGD-1,dahednml-1,Cluster 6,0,41.00
M1-TA-1_LGD-1,fcdddmfi-1,Cluster 5,0,37.25
M1-TA-1_LGD-1,dahejdgo-1,Cluster 4,0,36.85
M1-TA-1_LGD-1,cpdbkbki-1,Cluster 5,0,60.87
M1-TA-1_LGD-1,fcdegbnh-1,Cluster 1,0,17.07
M1-TA-1_LGD-1,dahekbdp-1,Cluster 4,0,18.69
M1-TA-1_LGD-1,dahecibm-1,Cluster 2,0,41.41
M1-TA-1_LGD-1,fcdegmil-1,Cluster 10,0,39.96
M1-TA-1_LGD-1,fcdeleme-1,Cluster 10,0,40.60
M1-TA-1_LGD-1,fcddcplk-1,Cluster 5,0,47.28
M1-TA-1_LGD-1,daheiddh-1,Cluster 5,0,74.55
M1-TA-1_LGD-1,fcdeaike-1,Cluster 5,0,62.95
M1-TA-1_LGD-1,fcdfclhf-1,Cluster 6,0,24.02
M1-TA-1_LGD-1,cpdbikli-1,Cluster 4,0,26.87
M1-TA-1_LGD-1,fccodfid-1,Cluster 27,0,39.74
M1-TA-1_LGD-1,cpdafejk-1,Cluster 10,0,44.57
M1-TA-1_LGD-1,dahegpbo-1,Cluster 5,0,65.39
M1-TA-1_LGD-1,fcdfiaho-1,Cluster 19,0,59.02
M1-TA-1_LGD-1,cpdbhcfk-1,Cluster 4,0,106.70
M1-TA-1_LGD-1,cpdaeiip-1,Cluster 2,0,49.67
M1-TA-1_LGD-1,fcdeichp-1,Cluster 10,0,45.92
M1-TA-1_LGD-1,fcdfhhke-1,Cluster 10,0,42.04
M1-TA-1_LGD-1,cpdagjic-1,Cluster 2,0,66.06
M1-TA-1_LGD-1,fcdiccpl-1,Cluster 1,0,19.28
M1-TA-1_LGD-1,fcdfjghb-1,Cluster 10,0,37.25
M1-TA-1_LGD-1,oefopdog-1,Cluster 14,0,5.92
M1-TA-1_LGD-1,fccobhda-1,Cluster 3,0,96.77
M1-TA-1_LGD-1,fcdfnlje-1,Cluster 15,0,77.98
M1-TA-1_LGD-1,fcdfhhha-1,Cluster 27,0,35.49
M1-TA-1_LGD-1,fcdfjmac-1,Cluster 10,0,47.96
M1-TA-1_LGD-1,fcdiagbn-1,Cluster 10,0,32.06
M1-TA-1_LGD-1,fcdekpil-1,Cluster 9,0,17.43
M1-TA-1_LGD-1,fcdimpje-1,Cluster 4,0,100.52
M1-TA-1_LGD-1,cpcphpmg-1,Cluster 5,0,55.99
M1-TA-1_LGD-1,cpdaopah-1,Cluster 4,0,21.68
M1-TA-1_LGD-1,fccnaabo-1,Cluster 4,0,48.63
M1-TA-1_LGD-1,cpdbeipi-1,Cluster 4,0,53.60
M1-TA-1_LGD-1,cpdebloo-1,Cluster 4,0,38.29
M1-TA-1_LGD-1,cpcpcmik-1,Cluster 4,0,87.24
M1-TA-1_LGD-1,fcdimpia-1,Cluster 4,0,76.13
M1-TA-1_LGD-1,cpdaipdp-1,Cluster 5,0,94.78
M1-TA-1_LGD-1,dahdmopp-1,Cluster 5,0,48.99
M1-TA-1_LGD-1,dahecanb-1,Cluster 4,0,36.40
M1-TA-1_LGD-1,cpcolfhc-1,Cluster 5,0,102.50
M1-TA-1_LGD-1,dahicgbk-1,Cluster 2,0,44.61
M1-TA-1_LGD-1,cpdafogl-1,Cluster 5,0,69.90
M1-TA-1_LGD-1,cpdajifj-1,Cluster 2,0,58.97
M1-TA-1_LGD-1,cpcolpil-1,Cluster 4,0,58.97
M1-TA-1_LGD-1,cpconodl-1,Cluster 4,0,38.29
M1-TA-1_LGD-1,cpcpcnln-1,Cluster 5,0,60.92
M1-TA-1_LGD-1,dahhjeof-1,Cluster 5,0,53.33
M1-TA-1_LGD-1,fccomcjl-1,Cluster 4,0,284.98
M1-TA-1_LGD-1,daheklib-1,Cluster 5,0,55.36
M1-TA-1_LGD-1,cpdapnkb-1,Cluster 2,0,90.85
M1-TA-1_LGD-1,fcdhglcc-1,Cluster 5,0,51.61
M1-TA-1_LGD-1,oefpapig-1,Cluster 1,0,7.09
M1-TA-1_LGD-1,cpfmogld-1,Cluster 5,0,54.68
M1-TA-1_LGD-1,cpfncboi-1,Cluster 5,0,73.79
M1-TA-1_LGD-1,fccolpcf-1,Cluster 3,0,63.63
M1-TA-1_LGD-1,fcdhckhj-1,Cluster 5,0,109.68
M1-TA-1_LGD-1,cpfnbihj-1,Cluster 5,0,69.50
M1-TA-1_LGD-1,fldbhkjp-1,Cluster 4,0,41.09
M1-TA-1_LGD-1,fcdifdpe-1,Cluster 3,0,33.60
M1-TA-1_LGD-1,oefpjkop-1,Cluster 3,0,36.49
M1-TA-1_LGD-1,fldbfbde-1,Cluster 5,0,23.75
M1-TA-1_LGD-1,oefpibem-1,Cluster 14,0,25.02
M1-TA-1_LGD-1,cpddjnnb-1,Cluster 5,0,95.91
M1-TA-1_LGD-1,cpfnddeb-1,Cluster 5,0,55.86
M1-TA-1_LGD-1,cpfnecfl-1,Cluster 5,0,35.49
M1-TA-1_LGD-1,cpdepobd-1,Cluster 4,0,69.54
M1-TA-1_LGD-1,fcdfndka-1,Cluster 6,0,55.50
M1-TA-1_LGD-1,oeihhdji-1,Cluster 14,0,6.64
M1-TA-1_LGD-1,fcdgehmk-1,Cluster 6,0,66.06
M1-TA-1_LGD-1,fldcabjp-1,Cluster 14,0,14.04
M1-TA-1_LGD-1,fldbgama-1,Cluster 7,0,20.95
M1-TA-1_LGD-1,fldbjdhh-1,Cluster 6,0,49.76
M1-TA-1_LGD-1,fldbikoc-1,Cluster 5,0,56.26
M1-TA-1_LGD-1,fcdgbeed-1,Cluster 9,0,17.66
M1-TA-1_LGD-1,cpfmajbo-1,Cluster 10,0,47.73
M1-TA-1_LGD-1,fldbnfdg-1,Cluster 10,0,51.07
M1-TA-1_LGD-1,fcdemcli-1,Cluster 3,0,76.54
M1-TA-1_LGD-1,fcdgepfp-1,Cluster 6,0,21.31
M1-TA-1_LGD-1,cpfmkdai-1,Cluster 10,0,85.84
M1-TA-1_LGD-1,fldbiodb-1,Cluster 6,0,38.43
M1-TA-1_LGD-1,fcdggelj-1,Cluster 6,0,22.85
M1-TA-1_LGD-1,fcdgdobm-1,Cluster 10,0,55.36
M1-TA-1_LGD-1,fcdggbbj-1,Cluster 10,0,30.84
M1-TA-1_LGD-1,fcdgblof-1,Cluster 3,0,21.49
M1-TA-1_LGD-1,fldbnofi-1,Cluster 6,0,60.15
M1-TA-1_LGD-1,fcdikneh-1,Cluster 3,0,99.03
M1-TA-1_LGD-1,fcdinchb-1,Cluster 10,0,41.95
M1-TA-1_LGD-1,fcdjecjm-1,Cluster 4,0,191.37
M1-TA-1_LGD-1,cpcokjon-1,Cluster 10,0,49.36
M1-TA-1_LGD-1,fcdikjhh-1,Cluster 4,0,65.79
M1-TA-1_LGD-1,cpcpfbaf-1,Cluster 4,0,56.26
M1-TA-1_LGD-1,cpcppfgf-1,Cluster 4,0,85.98
M1-TA-1_LGD-1,fcdilgem-1,Cluster 4,0,28.85
M1-TA-1_LGD-1,fcdjfknh-1,Cluster 5,0,47.55
M1-TA-1_LGD-1,fcdildcn-1,Cluster 4,0,47.55
M1-TA-1_LGD-1,cpdaehnp-1,Cluster 5,0,69.04
M1-TA-1_LGD-1,fcdilbem-1,Cluster 10,0,74.51
M1-TA-1_LGD-1,fcdikdpg-1,Cluster 10,0,28.49
M1-TA-1_LGD-1,fcdhlejp-1,Cluster 5,0,95.23
M1-TA-1_LGD-1,fcdhjafb-1,Cluster 5,0,90.04
M1-TA-1_LGD-1,cpdedpmj-1,Cluster 5,0,80.83
M1-TA-1_LGD-1,fcdhliio-1,Cluster 24,0,63.90
M1-TA-1_LGD-1,cpcppaca-1,Cluster 15,0,49.08
M1-TA-1_LGD-1,fcdhkaic-1,Cluster 10,0,34.95
M1-TA-1_LGD-1,fcdihplj-1,Cluster 14,0,8.35
M1-TA-1_LGD-1,cpcpgloe-1,Cluster 5,0,172.27
M1-TA-1_LGD-1,cpcpgnmf-1,Cluster 5,0,90.04
M1-TA-1_LGD-1,cpdejppn-1,Cluster 5,0,24.97
M1-TA-1_LGD-1,cpdeldag-1,Cluster 4,0,61.77
M1-TA-1_LGD-1,fcdijdgb-1,Cluster 9,0,25.60
M1-TA-1_LGD-1,cpddipce-1,Cluster 15,0,62.27
M1-TA-1_LGD-1,cpddmhbb-1,Cluster 5,0,68.91
M1-TA-1_LGD-1,cpfihpkl-1,Cluster 4,0,20.41
M1-TA-1_LGD-1,cpemffia-1,Cluster 2,0,31.47
M1-TA-1_LGD-1,cpkkdamm-1,Cluster 2,0,26.55
M1-TA-1_LGD-1,cpkkdaan-1,Cluster 4,0,32.24
M1-TA-1_LGD-1,flmgnhfi-1,Cluster 4,0,30.71
M1-TA-1_LGD-1,cpkhhoel-1,Cluster 4,0,25.60
M1-TA-1_LGD-1,flmdcakp-1,Cluster 4,0,31.88
M1-TA-1_LGD-1,flmfpknd-1,Cluster 4,0,90.13
M1-TA-1_LGD-1,cpkhdoml-1,Cluster 5,0,45.07
M1-TA-1_LGD-1,cpjonncp-1,Cluster 5,0,58.07
M1-TA-1_LGD-1,cpjojblk-1,Cluster 5,0,76.22
M1-TA-1_LGD-1,flmbmacp-1,Cluster 6,0,27.23
M1-TA-1_LGD-1,flmhkjgn-1,Cluster 4,0,47.69
M1-TA-1_LGD-1,flmdakak-1,Cluster 3,0,130.41
M1-TA-1_LGD-1,cpkmkfff-1,Cluster 5,0,87.15
M1-TA-1_LGD-1,cpkmllld-1,Cluster 4,0,32.56
M1-TA-1_LGD-1,flmeinmh-1,Cluster 4,0,93.61
M1-TA-1_LGD-1,flmdoend-1,Cluster 10,0,54.68
M1-TA-1_LGD-1,flmcglkf-1,Cluster 6,0,66.74
M1-TA-1_LGD-1,cpkmlcfg-1,Cluster 4,0,83.00
M1-TA-1_LGD-1,flmcdcab-1,Cluster 6,0,37.25
M1-TA-1_LGD-1,flmcnmfn-1,Cluster 4,0,49.18
M1-TA-1_LGD-1,flmfhdgn-1,Cluster 9,0,26.87
M1-TA-1_LGD-1,flmalbpf-1,Cluster 3,0,36.67
M1-TA-1_LGD-1,flmamglb-1,Cluster 3,0,58.57
M1-TA-1_LGD-1,flmcffop-1,Cluster 2,0,86.29
M1-TA-1_LGD-1,flmcbnoh-1,Cluster 4,0,43.40
M1-TA-1_LGD-1,flmchhie-1,Cluster 10,0,38.20
M1-TA-1_LGD-1,flmcjjjf-1,Cluster 19,0,45.56
M1-TA-1_LGD-1,flmcopjg-1,Cluster 5,0,53.06
M1-TA-1_LGD-1,cpjogcak-1,Cluster 12,0,77.40
M1-TA-1_LGD-1,cpjoboac-1,Cluster 2,0,55.86
M1-TA-1_LGD-1,flmdkjij-1,Cluster 5,0,121.06
M1-TA-1_LGD-1,cpjoipkj-1,Cluster 4,0,34.23
M1-TA-1_LGD-1,flmbjjnh-1,Cluster 5,0,38.70
M1-TA-1_LGD-1,cpjobhif-1,Cluster 5,0,60.33
M1-TA-1_LGD-1,flmdnimd-1,Cluster 4,0,43.44
M1-TA-1_LGD-1,flmdnhfb-1,Cluster 4,0,46.33
M1-TA-1_LGD-1,flmdgndb-1,Cluster 7,0,58.43
M1-TA-1_LGD-1,flmankgj-1,Cluster 6,0,55.32
M1-TA-1_LGD-1,cpklnmfh-1,Cluster 2,0,27.14
M1-TA-1_LGD-1,cpkkbmop-1,Cluster 2,0,43.89
M1-TA-1_LGD-1,cpklonmp-1,Cluster 2,0,32.60
M1-TA-1_LGD-1,cpkgihbd-1,Cluster 2,0,39.78
M1-TA-1_LGD-1,cpkngjbl-1,Cluster 2,0,21.31
M1-TA-1_LGD-1,cpkngefb-1,Cluster 4,0,25.92
M1-TA-1_LGD-1,cpkmfhnh-1,Cluster 2,0,33.14
M1-TA-1_LGD-1,cpklejjg-1,Cluster 7,0,15.99
M1-TA-1_LGD-1,cpklhpfh-1,Cluster 2,0,26.64
M1-TA-1_LGD-1,fllhclkh-1,Cluster 2,0,24.11
M1-TA-1_LGD-1,cpkljdoi-1,Cluster 2,0,34.54
M1-TA-1_LGD-1,cpkkihbm-1,Cluster 5,0,22.22
M1-TA-1_LGD-1,cpklgodg-1,Cluster 2,0,12.42
M1-TA-1_LGD-1,cpkkeche-1,Cluster 2,0,16.21
M1-TA-1_LGD-1,fllgmbmf-1,Cluster 2,0,19.91
M1-TA-1_LGD-1,cpkknllb-1,Cluster 2,0,26.82
M1-TA-1_LGD-1,cpkkmghh-1,Cluster 2,0,24.66
M1-TA-1_LGD-1,cpkkbjef-1,Cluster 2,0,30.25
M1-TA-1_LGD-1,cpkmcamo-1,Cluster 4,0,28.99
M1-TA-1_LGD-1,cpkneelh-1,Cluster 25,0,30.39
M1-TA-1_LGD-1,cpkncckf-1,Cluster 2,0,17.88
M1-TA-1_LGD-1,cpkkigmh-1,Cluster 4,0,19.73
M1-TA-1_LGD-1,flmhahja-1,Cluster 7,0,8.35
M1-TA-1_LGD-1,flmgkgji-1,Cluster 4,0,16.98
M1-TA-1_LGD-1,cpkhibcc-1,Cluster 2,0,27.36
M1-TA-1_LGD-1,cpkkigka-1,Cluster 2,0,56.08
M1-TA-1_LGD-1,cpkmllfa-1,Cluster 4,0,21.09
M1-TA-1_LGD-1,cpjoadgp-1,Cluster 4,0,22.98
M1-TA-1_LGD-1,flmfnhji-1,Cluster 4,0,24.07
M1-TA-1_LGD-1,cpkmnhjg-1,Cluster 4,0,25.78
M1-TA-1_LGD-1,cpjodbmf-1,Cluster 2,0,33.96
M1-TA-1_LGD-1,cpkhiope-1,Cluster 4,0,25.87
M1-TA-1_LGD-1,cpkmngjh-1,Cluster 4,0,33.01
M1-TA-1_LGD-1,flmgbpmo-1,Cluster 12,0,64.71
M1-TA-1_LGD-1,cpimdnpc-1,Cluster 5,0,47.32
M1-TA-1_LGD-1,cpimblfd-1,Cluster 4,0,81.82
M1-TA-1_LGD-1,cpimdkma-1,Cluster 4,0,53.33
M1-TA-1_LGD-1,flmdccch-1,Cluster 19,0,65.79
M1-TA-1_LGD-1,fllmbcga-1,Cluster 4,0,34.95
M1-TA-1_LGD-1,cpilhdai-1,Cluster 10,0,45.02
M1-TA-1_LGD-1,cpjbhefl-1,Cluster 5,0,72.43
M1-TA-1_LGD-1,fllkgkpn-1,Cluster 9,0,25.24
M1-TA-1_LGD-1,oeinfmgg-1,Cluster 14,0,15.49
M1-TA-1_LGD-1,flllkjcl-1,Cluster 4,0,38.07
M1-TA-1_LGD-1,oeinfcgn-1,Cluster 1,0,15.94
M1-TA-1_LGD-1,flllioml-1,Cluster 6,0,64.57
M1-TA-1_LGD-1,flllhklg-1,Cluster 10,0,45.07
M1-TA-1_LGD-1,flllmkkc-1,Cluster 10,0,67.64
M1-TA-1_LGD-1,fllmaehm-1,Cluster 10,0,64.98
M1-TA-1_LGD-1,cpillodf-1,Cluster 4,0,59.43
M1-TA-1_LGD-1,cpilapmo-1,Cluster 4,0,61.91
M1-TA-1_LGD-1,cpilfkde-1,Cluster 25,0,46.83
M1-TA-1_LGD-1,cpilejea-1,Cluster 4,0,69.09
M1-TA-1_LGD-1,fllkopki-1,Cluster 10,0,38.20
M1-TA-1_LGD-1,fllknafg-1,Cluster 9,0,20.55
M1-TA-1_LGD-1,flllgdfm-1,Cluster 10,0,63.63
M1-TA-1_LGD-1,flllbnnd-1,Cluster 3,0,80.24
M1-TA-1_LGD-1,flllbena-1,Cluster 10,0,44.70
M1-TA-1_LGD-1,flllindk-1,Cluster 10,0,65.07
M1-TA-1_LGD-1,fmaebeoc-1,Cluster 7,0,25.47
M1-TA-1_LGD-1,fmaejjjp-1,Cluster 3,0,39.42
M1-TA-1_LGD-1,fllkjcof-1,Cluster 9,0,30.84
M1-TA-1_LGD-1,fllkgohf-1,Cluster 3,0,35.49
M1-TA-1_LGD-1,oeinekac-1,Cluster 14,0,9.12
M1-TA-1_LGD-1,fmaedimg-1,Cluster 2,0,45.07
M1-TA-1_LGD-1,flmbnool-1,Cluster 14,0,8.13
M1-TA-1_LGD-1,fllkhcie-1,Cluster 4,0,20.59
M1-TA-1_LGD-1,cpildhdi-1,Cluster 12,0,66.24
M1-TA-1_LGD-1,flllploi-1,Cluster 24,0,47.37
M1-TA-1_LGD-1,cpkpnpep-1,Cluster 5,0,39.60
M1-TA-1_LGD-1,flljkifd-1,Cluster 4,0,32.65
M1-TA-1_LGD-1,cpkplcdn-1,Cluster 4,0,76.13
M1-TA-1_LGD-1,cplabnfh-1,Cluster 4,0,69.50
M1-TA-1_LGD-1,cplbahkj-1,Cluster 4,0,19.96
M1-TA-1_LGD-1,cplaahmh-1,Cluster 4,0,42.13
M1-TA-1_LGD-1,cpkkbhdi-1,Cluster 4,0,29.85
M1-TA-1_LGD-1,cpkpnjgh-1,Cluster 2,0,21.90
M1-TA-1_LGD-1,cplbndfm-1,Cluster 2,0,32.47
M1-TA-1_LGD-1,cpkpebdb-1,Cluster 2,0,38.07
M1-TA-1_LGD-1,cplbjkni-1,Cluster 4,0,21.45
M1-TA-1_LGD-1,cpkpheam-1,Cluster 4,0,24.38
M1-TA-1_LGD-1,fllkgalg-1,Cluster 4,0,30.07
M1-TA-1_LGD-1,cpkpeaoa-1,Cluster 3,0,35.54
M1-TA-1_LGD-1,cpiklbaj-1,Cluster 4,0,50.44
M1-TA-1_LGD-1,cpikfhdp-1,Cluster 12,0,50.58
M1-TA-1_LGD-1,flmgjhjf-1,Cluster 6,0,12.46
M1-TA-1_LGD-1,flljofgf-1,Cluster 2,0,35.94
M1-TA-1_LGD-1,cpikedgm-1,Cluster 2,0,21.00
M1-TA-1_LGD-1,cpikikfd-1,Cluster 4,0,23.66
M1-TA-1_LGD-1,cpikhein-1,Cluster 4,0,48.36
M1-TA-1_LGD-1,cplbajfc-1,Cluster 5,0,53.10
M1-TA-1_LGD-1,flmgdnmg-1,Cluster 6,0,20.14
M1-TA-1_LGD-1,cplbfced-1,Cluster 4,0,32.51
M1-TA-1_LGD-1,flljpedl-1,Cluster 4,0,109.32
M1-TA-1_LGD-1,cplbchgk-1,Cluster 5,0,34.23
M1-TA-1_LGD-1,flmfmnlb-1,Cluster 3,0,15.17
M1-TA-1_LGD-1,fllkbdgp-1,Cluster 2,0,35.63
M1-TA-1_LGD-1,cpkpgaoo-1,Cluster 5,0,37.25
M1-TA-1_LGD-1,flmgjkeb-1,Cluster 19,0,48.05
M1-TA-1_LGD-1,flmdhpai-1,Cluster 19,0,40.41
M1-TA-1_LGD-1,cpimijla-1,Cluster 2,0,64.12
M1-TA-1_LGD-1,cpilolnl-1,Cluster 4,0,17.11
M1-TA-1_LGD-1,cpimicob-1,Cluster 4,0,85.75
M1-TA-1_LGD-1,fllemdld-1,Cluster 4,0,78.17
M1-TA-1_LGD-1,cpkdbenc-1,Cluster 2,0,62.54
M1-TA-1_LGD-1,cpkdohgp-1,Cluster 5,0,59.83
M1-TA-1_LGD-1,fllfibpd-1,Cluster 4,0,19.10
M1-TA-1_LGD-1,cpkdcfdj-1,Cluster 2,0,91.44
M1-TA-1_LGD-1,cpkcppfd-1,Cluster 5,0,64.35
M1-TA-1_LGD-1,flligeaj-1,Cluster 6,0,51.30
M1-TA-1_LGD-1,cpkddfca-1,Cluster 2,0,34.77
M1-TA-1_LGD-1,fllijohn-1,Cluster 2,0,32.47
M1-TA-1_LGD-1,cpknmkda-1,Cluster 2,0,24.61
M1-TA-1_LGD-1,cpknmbop-1,Cluster 2,0,19.46
M1-TA-1_LGD-1,flliihln-1,Cluster 4,0,27.00
M1-TA-1_LGD-1,cpkdjfoe-1,Cluster 4,0,23.66
M1-TA-1_LGD-1,flljmkeg-1,Cluster 5,0,63.40
M1-TA-1_LGD-1,fllgmpkj-1,Cluster 2,0,66.33
M1-TA-1_LGD-1,fllgohla-1,Cluster 4,0,58.61
M1-TA-1_LGD-1,fllfphce-1,Cluster 4,0,33.78
M1-TA-1_LGD-1,fllghjfe-1,Cluster 4,0,37.71
M1-TA-1_LGD-1,fllgdihf-1,Cluster 9,0,22.40
M1-TA-1_LGD-1,fllgcklb-1,Cluster 4,0,17.66
M1-TA-1_LGD-1,fllhcdpd-1,Cluster 9,0,20.05
M1-TA-1_LGD-1,fllfkhnp-1,Cluster 4,0,41.23
M1-TA-1_LGD-1,fllflclm-1,Cluster 4,0,53.78
M1-TA-1_LGD-1,fllfnchp-1,Cluster 4,0,63.08
M1-TA-1_LGD-1,fllggdnl-1,Cluster 6,0,61.77
M1-TA-1_LGD-1,cpkncjgm-1,Cluster 2,0,23.07
M1-TA-1_LGD-1,cpkdjhmg-1,Cluster 4,0,57.89
M1-TA-1_LGD-1,fllhgnge-1,Cluster 7,0,13.28
M1-TA-1_LGD-1,cpkeamcf-1,Cluster 4,0,38.92
M1-TA-1_LGD-1,cpkedhnp-1,Cluster 4,0,33.55
M1-TA-1_LGD-1,flljmedi-1,Cluster 2,0,47.01
M1-TA-1_LGD-1,cplagafb-1,Cluster 2,0,40.87
M1-TA-1_LGD-1,cpklldpb-1,Cluster 2,0,19.24
M1-TA-1_LGD-1,cpkooogl-1,Cluster 2,0,24.20
M1-TA-1_LGD-1,cpkoponl-1,Cluster 2,0,30.84
M1-TA-1_LGD-1,fllhaccd-1,Cluster 2,0,65.12
M1-TA-1_LGD-1,cpkdpjpf-1,Cluster 4,0,62.36
M1-TA-1_LGD-1,fldhaiko-1,Cluster 4,0,39.92
M1-TA-1_LGD-1,fldgophk-1,Cluster 4,0,23.93
M1-TA-1_LGD-1,cpkflccn-1,Cluster 4,0,44.43
M1-TA-1_LGD-1,fldgonmh-1,Cluster 4,0,25.96
M1-TA-1_LGD-1,fldhmcck-1,Cluster 4,0,33.73
M1-TA-1_LGD-1,fldhaend-1,Cluster 7,0,17.11
M1-TA-1_LGD-1,cpfiglil-1,Cluster 2,0,28.49
M1-TA-1_LGD-1,fldlbhpi-1,Cluster 4,0,36.13
M1-TA-1_LGD-1,fldiampo-1,Cluster 4,0,20.23
M1-TA-1_LGD-1,cpkedocb-1,Cluster 4,0,24.79
M1-TA-1_LGD-1,cpkflcij-1,Cluster 7,0,20.82
M1-TA-1_LGD-1,cpkgdeoc-1,Cluster 5,0,20.86
M1-TA-1_LGD-1,cpkgaccd-1,Cluster 13,0,18.83
M1-TA-1_LGD-1,cpfifade-1,Cluster 13,0,37.80
M1-TA-1_LGD-1,cpfiobnj-1,Cluster 4,0,24.61
M1-TA-1_LGD-1,fldgohfk-1,Cluster 4,0,38.97
M1-TA-1_LGD-1,fldhcdap-1,Cluster 4,0,99.84
M1-TA-1_LGD-1,fldlbohm-1,Cluster 2,0,30.44
M1-TA-1_LGD-1,cpfjalfo-1,Cluster 4,0,30.07
M1-TA-1_LGD-1,fldikgdh-1,Cluster 7,0,8.44
M1-TA-1_LGD-1,fldgnmla-1,Cluster 4,0,67.01
M1-TA-1_LGD-1,cpfidbhf-1,Cluster 4,0,27.68
M1-TA-1_LGD-1,cpfjhmcf-1,Cluster 4,0,40.96
M1-TA-1_LGD-1,cpfjfion-1,Cluster 4,0,20.64
M1-TA-1_LGD-1,fllecban-1,Cluster 4,0,134.20
M1-TA-1_LGD-1,fldhgdcn-1,Cluster 4,0,35.00
M1-TA-1_LGD-1,fllfacom-1,Cluster 4,0,181.03
M1-TA-1_LGD-1,fllikmep-1,Cluster 2,0,56.72
M1-TA-1_LGD-1,fllipomi-1,Cluster 4,0,138.36
M1-TA-1_LGD-1,fllimkek-1,Cluster 3,0,41.00
M1-TA-1_LGD-1,cpkcpmbe-1,Cluster 5,0,45.34
M1-TA-1_LGD-1,fllimepm-1,Cluster 2,0,55.27
M1-TA-1_LGD-1,fldhccjg-1,Cluster 4,0,334.92
M1-TA-1_LGD-1,flljaoin-1,Cluster 3,0,58.25
M1-TA-1_LGD-1,cpkoloea-1,Cluster 2,0,40.01
M1-TA-1_LGD-1,cpkogaal-1,Cluster 2,0,24.11
M1-TA-1_LGD-1,cpldlapd-1,Cluster 4,0,20.32
M1-TA-1_LGD-1,cpldmalh-1,Cluster 2,0,21.13
M1-TA-1_LGD-1,flliallo-1,Cluster 4,0,14.59
M1-TA-1_LGD-1,cpldckoh-1,Cluster 5,0,44.80
M1-TA-1_LGD-1,cpknnobg-1,Cluster 2,0,20.09
M1-TA-1_LGD-1,cpknmgcg-1,Cluster 2,0,28.95
M1-TA-1_LGD-1,cpldfcam-1,Cluster 5,0,20.64
M1-TA-1_LGD-1,flliecgd-1,Cluster 4,0,12.78
M1-TA-1_LGD-1,cplajgjo-1,Cluster 4,0,16.89
M1-TA-1_LGD-1,cplaldio-1,Cluster 4,0,21.72
M1-TA-1_LGD-1,fllidgmc-1,Cluster 2,0,43.35
M1-TA-1_LGD-1,cpldglbb-1,Cluster 4,0,19.33
M1-TA-1_LGD-1,cplanihh-1,Cluster 2,0,36.22
M1-TA-1_LGD-1,cpknnpih-1,Cluster 4,0,45.88
M1-TA-1_LGD-1,cpkoobpk-1,Cluster 2,0,49.13
M1-TA-1_LGD-1,cpldfpen-1,Cluster 2,0,23.66
M1-TA-1_LGD-1,cpknndmm-1,Cluster 2,0,32.33
M1-TA-1_LGD-1,cplcdlij-1,Cluster 4,0,37.84
M1-TA-1_LGD-1,cplbpelo-1,Cluster 2,0,25.38
M1-TA-1_LGD-1,cplcbmln-1,Cluster 4,0,39.74
M1-TA-1_LGD-1,cpknpieg-1,Cluster 2,0,30.84
M1-TA-1_LGD-1,cplcgllh-1,Cluster 4,0,19.06
M1-TA-1_LGD-1,cpknlplm-1,Cluster 2,0,32.24
M1-TA-1_LGD-1,cpkpbmcp-1,Cluster 2,0,27.41
M1-TA-1_LGD-1,cplcndng-1,Cluster 2,0,32.65
M1-TA-1_LGD-1,cplcgaci-1,Cluster 4,0,20.00
M1-TA-1_LGD-1,cplcabek-1,Cluster 2,0,30.07
M1-TA-1_LGD-1,flljlfdg-1,Cluster 7,0,7.54
M1-TA-1_LGD-1,flljchbi-1,Cluster 4,0,27.00
M1-TA-1_LGD-1,cplcbegi-1,Cluster 2,0,32.96
M1-TA-1_LGD-1,flljcaal-1,Cluster 4,0,38.88
M1-TA-1_LGD-1,flljjpej-1,Cluster 4,0,12.73
M1-TA-1_LGD-1,cplclfog-1,Cluster 4,0,20.55
M1-TA-1_LGD-1,fllcnjch-1,Cluster 2,0,45.61
M1-TA-1_LGD-1,fllfgdoo-1,Cluster 4,0,43.03
M1-TA-1_LGD-1,cpemaimp-1,Cluster 2,0,74.78
M1-TA-1_LGD-1,fllfahic-1,Cluster 4,0,59.83
M1-TA-1_LGD-1,fldmebfp-1,Cluster 2,0,169.52
M1-TA-1_LGD-1,fllebeob-1,Cluster 4,0,103.36
M1-TA-1_LGD-1,flledkog-1,Cluster 4,0,45.07
M1-TA-1_LGD-1,fldmbndg-1,Cluster 2,0,71.44
M1-TA-1_LGD-1,cpeneajp-1,Cluster 4,0,19.55
M1-TA-1_LGD-1,flldaook-1,Cluster 2,0,21.86
M1-TA-1_LGD-1,cpemejpi-1,Cluster 4,0,37.89
M1-TA-1_LGD-1,fldmeika-1,Cluster 4,0,103.41
M1-TA-1_LGD-1,fllddbei-1,Cluster 2,0,50.98
M1-TA-1_LGD-1,flldhiej-1,Cluster 2,0,32.38
M1-TA-1_LGD-1,flldibak-1,Cluster 2,0,28.81
M1-TA-1_LGD-1,cpenkbce-1,Cluster 2,0,23.66
M1-TA-1_LGD-1,cpengmjo-1,Cluster 2,0,39.38
M1-TA-1_LGD-1,cpemoddk-1,Cluster 2,0,30.66
M1-TA-1_LGD-1,fllfhfcm-1,Cluster 4,0,119.03
M1-TA-1_LGD-1,cpknimop-1,Cluster 2,0,15.04
M1-TA-1_LGD-1,cpkngnmc-1,Cluster 4,0,27.00
M1-TA-1_LGD-1,cpenicmn-1,Cluster 2,0,19.96
M1-TA-1_LGD-1,cpenjcln-1,Cluster 2,0,28.00
M1-TA-1_LGD-1,cpknjekj-1,Cluster 4,0,24.57
M1-TA-1_LGD-1,cpendjbd-1,Cluster 2,0,25.02
M1-TA-1_LGD-1,cpldbagp-1,Cluster 2,0,16.66
M1-TA-1_LGD-1,fllemmim-1,Cluster 4,0,33.10
M1-TA-1_LGD-1,cpenhpie-1,Cluster 2,0,25.38
M1-TA-1_LGD-1,flldjdkn-1,Cluster 4,0,51.61
M1-TA-1_LGD-1,cpknhekd-1,Cluster 2,0,24.61
M1-TA-1_LGD-1,cpldbief-1,Cluster 2,0,34.95
M1-TA-1_LGD-1,cpkoeomh-1,Cluster 2,0,34.91
M1-TA-1_LGD-1,cpldbeaa-1,Cluster 7,0,17.48
M1-TA-1_LGD-1,flldjkjc-1,Cluster 2,0,17.88
M1-TA-1_LGD-1,cpihncah-1,Cluster 4,0,75.00
M1-TA-1_LGD-1,cphobebo-1,Cluster 5,0,37.84
M1-TA-1_LGD-1,cphmjmnl-1,Cluster 4,0,29.58
M1-TA-1_LGD-1,flmjcijl-1,Cluster 4,0,48.81
M1-TA-1_LGD-1,flmjklge-1,Cluster 4,0,79.07
M1-TA-1_LGD-1,cphmbdgg-1,Cluster 4,0,47.01
M1-TA-1_LGD-1,flmkfafl-1,Cluster 4,0,45.61
M1-TA-1_LGD-1,cphlkchc-1,Cluster 5,0,50.98
M1-TA-1_LGD-1,flmjibba-1,Cluster 7,0,11.97
M1-TA-1_LGD-1,flmjdnni-1,Cluster 4,0,29.58
M1-TA-1_LGD-1,fllkcioa-1,Cluster 4,0,52.56
M1-TA-1_LGD-1,cphlbajm-1,Cluster 4,0,108.47
M1-TA-1_LGD-1,fllkhpbh-1,Cluster 9,0,13.95
M1-TA-1_LGD-1,cphmhnlp-1,Cluster 2,0,31.16
M1-TA-1_LGD-1,cpikpcnl-1,Cluster 4,0,42.90
M1-TA-1_LGD-1,cphpbjfh-1,Cluster 4,0,37.66
M1-TA-1_LGD-1,flmilipn-1,Cluster 4,0,54.28
M1-TA-1_LGD-1,fllkipno-1,Cluster 4,0,45.25
M1-TA-1_LGD-1,flmimihi-1,Cluster 4,0,109.87
M1-TA-1_LGD-1,cphlebgm-1,Cluster 4,0,38.74
M1-TA-1_LGD-1,cphpefeb-1,Cluster 2,0,30.57
M1-TA-1_LGD-1,cphlhhhm-1,Cluster 4,0,68.28
M1-TA-1_LGD-1,cphoppgp-1,Cluster 4,0,31.52
M1-TA-1_LGD-1,flmilkep-1,Cluster 4,0,151.82
M1-TA-1_LGD-1,cphlmmfn-1,Cluster 2,0,62.36
M1-TA-1_LGD-1,flmjaffm-1,Cluster 4,0,78.17
M1-TA-1_LGD-1,cphlkbkf-1,Cluster 5,0,54.77
M1-TA-1_LGD-1,cphnkimj-1,Cluster 2,0,17.66
M1-TA-1_LGD-1,flmkbebl-1,Cluster 9,0,23.71
M1-TA-1_LGD-1,flmiklbf-1,Cluster 4,0,16.35
M1-TA-1_LGD-1,cphnjdpo-1,Cluster 2,0,25.78
M1-TA-1_LGD-1,cphlpeom-1,Cluster 4,0,60.46
M1-TA-1_LGD-1,flmjmgdh-1,Cluster 27,0,70.35
M1-TA-1_LGD-1,fllkjhkc-1,Cluster 14,0,41.41
M1-TA-1_LGD-1,cphopibk-1,Cluster 5,0,31.47
M1-TA-1_LGD-1,cplbmdda-1,Cluster 2,0,23.98
M1-TA-1_LGD-1,flmjnacl-1,Cluster 7,0,27.59
M1-TA-1_LGD-1,fmaejdac-1,Cluster 2,0,29.85
M1-TA-1_LGD-1,cphnpobo-1,Cluster 4,0,28.99
M1-TA-1_LGD-1,cplajnho-1,Cluster 7,0,21.45
M1-TA-1_LGD-1,cpijbppn-1,Cluster 2,0,16.39
M1-TA-1_LGD-1,cpldgkod-1,Cluster 2,0,23.93
M1-TA-1_LGD-1,cphoajjb-1,Cluster 2,0,24.47
M1-TA-1_LGD-1,cpiiffpd-1,Cluster 2,0,23.80
M1-TA-1_LGD-1,cpijbpaf-1,Cluster 7,0,19.55
M1-TA-1_LGD-1,cphkkjol-1,Cluster 2,0,50.58
M1-TA-1_LGD-1,cplchpkl-1,Cluster 2,0,38.38
M1-TA-1_LGD-1,cphnoikh-1,Cluster 2,0,18.20
M1-TA-1_LGD-1,cpijcpfb-1,Cluster 5,0,30.35
M1-TA-1_LGD-1,cpgmoolj-1,Cluster 2,0,21.49
M1-TA-1_LGD-1,cpihokbg-1,Cluster 2,0,42.67
M1-TA-1_LGD-1,flmjjfco-1,Cluster 7,0,15.17
M1-TA-1_LGD-1,cpijbgdf-1,Cluster 2,0,22.80
M1-TA-1_LGD-1,cpiiompb-1,Cluster 4,0,33.78
M1-TA-1_LGD-1,cpiikplc-1,Cluster 2,0,17.66
M1-TA-1_LGD-1,cpihnomg-1,Cluster 4,0,23.75
M1-TA-1_LGD-1,cpijfmho-1,Cluster 7,0,23.03
M1-TA-1_LGD-1,cplclnbn-1,Cluster 2,0,16.26
M1-TA-1_LGD-1,cphoecmd-1,Cluster 2,0,25.87
M1-TA-1_LGD-1,cplbhfkl-1,Cluster 2,0,21.45
M1-TA-1_LGD-1,cphnoacl-1,Cluster 2,0,15.94
M1-TA-1_LGD-1,cphmfaib-1,Cluster 4,0,18.97
M1-TA-1_LGD-1,cphocadc-1,Cluster 5,0,18.88
M1-TA-1_LGD-1,cphkplhp-1,Cluster 4,0,19.10
M1-TA-1_LGD-1,cphknfgb-1,Cluster 2,0,23.39
M1-TA-1_LGD-1,cphnblpb-1,Cluster 2,0,16.44
M1-TA-1_LGD-1,cphnnhpn-1,Cluster 2,0,19.69
M1-TA-1_LGD-1,cplcidba-1,Cluster 2,0,27.55
M1-TA-1_LGD-1,cphnnloj-1,Cluster 5,0,33.51
M1-TA-1_LGD-1,cphknopj-1,Cluster 4,0,33.42
M1-TA-1_LGD-1,cphmkedm-1,Cluster 2,0,21.04
M1-TA-1_LGD-1,flmjjdib-1,Cluster 7,0,10.88
M1-TA-1_LGD-1,flnigfea-1,Cluster 4,0,21.58
M1-TA-1_LGD-1,cphpfhgk-1,Cluster 2,0,27.36
M1-TA-1_LGD-1,flnhfjcm-1,Cluster 4,0,17.02
M1-TA-1_LGD-1,flnhibbk-1,Cluster 4,0,54.14
M1-TA-1_LGD-1,cphkbled-1,Cluster 4,0,33.64
M1-TA-1_LGD-1,cphokfkn-1,Cluster 4,0,30.21
M1-TA-1_LGD-1,flnhjgko-1,Cluster 4,0,25.47
M1-TA-1_LGD-1,cphohjhf-1,Cluster 4,0,39.83
M1-TA-1_LGD-1,cphjflop-1,Cluster 4,0,111.31
M1-TA-1_LGD-1,cphjepoa-1,Cluster 4,0,95.82
M1-TA-1_LGD-1,flngmmjl-1,Cluster 10,0,45.65
M1-TA-1_LGD-1,flnhaflh-1,Cluster 3,0,23.21
M1-TA-1_LGD-1,flnhmljc-1,Cluster 5,0,249.44
M1-TA-1_LGD-1,oeioegoo-1,Cluster 22,0,58.12
M1-TA-1_LGD-1,flnhbihp-1,Cluster 1,0,23.89
M1-TA-1_LGD-1,flnhbhbl-1,Cluster 27,0,125.58
M1-TA-1_LGD-1,cplfdlkj-1,Cluster 4,0,35.04
M1-TA-1_LGD-1,cphjfndn-1,Cluster 4,0,60.46
M1-TA-1_LGD-1,flnfppmh-1,Cluster 4,0,20.95
M1-TA-1_LGD-1,flngdnko-1,Cluster 15,0,17.75
M1-TA-1_LGD-1,flnjgfjo-1,Cluster 4,0,61.10
M1-TA-1_LGD-1,flngplfa-1,Cluster 10,0,34.95
M1-TA-1_LGD-1,cphmdcko-1,Cluster 4,0,32.92
M1-TA-1_LGD-1,cphlcdnn-1,Cluster 4,0,60.87
M1-TA-1_LGD-1,cphmcpof-1,Cluster 4,0,28.45
M1-TA-1_LGD-1,cphiiiei-1,Cluster 4,0,24.57
M1-TA-1_LGD-1,flmingfi-1,Cluster 5,0,82.64
M1-TA-1_LGD-1,cphmcdab-1,Cluster 4,0,42.27
M1-TA-1_LGD-1,flmkachn-1,Cluster 7,0,69.45
M1-TA-1_LGD-1,cphpffbk-1,Cluster 4,0,44.39
M1-TA-1_LGD-1,flmjjhgm-1,Cluster 9,0,13.55
M1-TA-1_LGD-1,flogbajn-1,Cluster 4,0,54.10
M1-TA-1_LGD-1,flngjmeh-1,Cluster 6,0,58.43
M1-TA-1_LGD-1,flnidccl-1,Cluster 5,0,285.48
M1-TA-1_LGD-1,cphpenbl-1,Cluster 4,0,29.08
M1-TA-1_LGD-1,cpihakak-1,Cluster 2,0,30.53
M1-TA-1_LGD-1,cphphbjf-1,Cluster 2,0,17.75
M1-TA-1_LGD-1,cpiiaemd-1,Cluster 2,0,24.29
M1-TA-1_LGD-1,cpihpomf-1,Cluster 2,0,31.84
M1-TA-1_LGD-1,cphhldjc-1,Cluster 2,0,13.64
M1-TA-1_LGD-1,cphoaocm-1,Cluster 2,0,81.64
M1-TA-1_LGD-1,cpiiadhh-1,Cluster 4,0,15.22
M1-TA-1_LGD-1,cphphjmc-1,Cluster 2,0,24.25
M1-TA-1_LGD-1,cpihmihm-1,Cluster 2,0,21.63
M1-TA-1_LGD-1,cpihjbcf-1,Cluster 2,0,25.96
M1-TA-1_LGD-1,cpihmndh-1,Cluster 4,0,16.21
M1-TA-1_LGD-1,cpihflbc-1,Cluster 5,0,28.22
M1-TA-1_LGD-1,cpihejng-1,Cluster 2,0,41.05
M1-TA-1_LGD-1,cphhihop-1,Cluster 2,0,23.39
M1-TA-1_LGD-1,cpihapig-1,Cluster 2,0,20.68
M1-TA-1_LGD-1,cpihapnb-1,Cluster 4,0,22.58
M1-TA-1_LGD-1,flnikkpe-1,Cluster 7,0,8.53
M1-TA-1_LGD-1,cphhkplj-1,Cluster 4,0,26.33
M1-TA-1_LGD-1,cphpejgc-1,Cluster 4,0,21.86
M1-TA-1_LGD-1,cphkaold-1,Cluster 2,0,23.62
M1-TA-1_LGD-1,flnijccb-1,Cluster 7,0,10.21
M1-TA-1_LGD-1,cphkdbfk-1,Cluster 4,0,14.68
M1-TA-1_LGD-1,cphoeffe-1,Cluster 2,0,29.71
M1-TA-1_LGD-1,cphhjdpa-1,Cluster 4,0,22.80
M1-TA-1_LGD-1,cphphemd-1,Cluster 2,0,20.95
M1-TA-1_LGD-1,cphohdjn-1,Cluster 4,0,26.28
M1-TA-1_LGD-1,cphkkghb-1,Cluster 4,0,14.04
M1-TA-1_LGD-1,cphkbfkb-1,Cluster 4,0,33.19
M1-TA-1_LGD-1,cphpgfog-1,Cluster 4,0,40.87
M1-TA-1_LGD-1,cphkagfa-1,Cluster 4,0,31.70
M1-TA-1_LGD-1,cphkeddo-1,Cluster 5,0,20.59
M1-TA-1_LGD-1,cphpgeon-1,Cluster 4,0,26.46
M1-TA-1_LGD-1,cphonkla-1,Cluster 4,0,21.86
M1-TA-1_LGD-1,flnhljpd-1,Cluster 4,0,17.66
M1-TA-1_LGD-1,cpefikco-1,Cluster 2,0,27.55
M1-TA-1_LGD-1,cpefhjff-1,Cluster 7,0,17.25
M1-TA-1_LGD-1,cpefhlmg-1,Cluster 2,0,45.52
M1-TA-1_LGD-1,cpempaao-1,Cluster 2,0,27.50
M1-TA-1_LGD-1,cpefhonb-1,Cluster 2,0,16.03
M1-TA-1_LGD-1,cpemohfb-1,Cluster 4,0,17.70
M1-TA-1_LGD-1,cpefdnmb-1,Cluster 2,0,13.19
M1-TA-1_LGD-1,cpefdiai-1,Cluster 2,0,21.86
M1-TA-1_LGD-1,cpijpbpa-1,Cluster 2,0,22.98
M1-TA-1_LGD-1,cpeddojh-1,Cluster 2,0,38.34
M1-TA-1_LGD-1,cpeeeoll-1,Cluster 2,0,26.60
M1-TA-1_LGD-1,cpijjnmo-1,Cluster 2,0,14.77
M1-TA-1_LGD-1,cpefbnop-1,Cluster 2,0,19.46
M1-TA-1_LGD-1,cpeelhki-1,Cluster 7,0,18.92
M1-TA-1_LGD-1,cpeeiddl-1,Cluster 2,0,25.78
M1-TA-1_LGD-1,cpldfphg-1,Cluster 2,0,32.65
M1-TA-1_LGD-1,cpedmlen-1,Cluster 2,0,23.57
M1-TA-1_LGD-1,cpedllnf-1,Cluster 2,0,28.13
M1-TA-1_LGD-1,cpemohal-1,Cluster 2,0,20.77
M1-TA-1_LGD-1,cpeeigam-1,Cluster 2,0,32.06
M1-TA-1_LGD-1,cpeejfgf-1,Cluster 2,0,22.49
M1-TA-1_LGD-1,flldkggp-1,Cluster 2,0,9.03
M1-TA-1_LGD-1,cpedjilj-1,Cluster 4,0,23.57
M1-TA-1_LGD-1,cpeejjnb-1,Cluster 2,0,28.04
M1-TA-1_LGD-1,flldnjge-1,Cluster 2,0,15.71
M1-TA-1_LGD-1,cpedhfkk-1,Cluster 2,0,20.55
M1-TA-1_LGD-1,cpiifdeg-1,Cluster 2,0,27.55
M1-TA-1_LGD-1,cpiijeii-1,Cluster 4,0,26.19
M1-TA-1_LGD-1,cpgmjpmg-1,Cluster 2,0,48.86
M1-TA-1_LGD-1,cpldhodk-1,Cluster 2,0,20.46
M1-TA-1_LGD-1,cpedaehh-1,Cluster 2,0,32.15
M1-TA-1_LGD-1,cpedegin-1,Cluster 4,0,24.47
M1-TA-1_LGD-1,fldpcebl-1,Cluster 7,0,5.28
M1-TA-1_LGD-1,cpedobmi-1,Cluster 5,0,30.03
M1-TA-1_LGD-1,cpiihoke-1,Cluster 2,0,21.18
M1-TA-1_LGD-1,cpeegodk-1,Cluster 2,0,22.58
M1-TA-1_LGD-1,flljpebo-1,Cluster 2,0,46.78
M1-TA-1_LGD-1,fldomjnd-1,Cluster 4,0,44.70
M1-TA-1_LGD-1,cpgnbbok-1,Cluster 2,0,47.64
M1-TA-1_LGD-1,cpgnbhej-1,Cluster 2,0,29.58
M1-TA-1_LGD-1,fldmbdin-1,Cluster 2,0,71.12
M1-TA-1_LGD-1,cpgnbdfn-1,Cluster 4,0,20.23
M1-TA-1_LGD-1,fldonfbe-1,Cluster 4,0,24.16
M1-TA-1_LGD-1,cpgmmkel-1,Cluster 7,0,14.22
M1-TA-1_LGD-1,cpglkhge-1,Cluster 4,0,29.80
M1-TA-1_LGD-1,fldpaacp-1,Cluster 4,0,59.34
M1-TA-1_LGD-1,fldogkgp-1,Cluster 7,0,21.00
M1-TA-1_LGD-1,cpecegdg-1,Cluster 2,0,22.67
M1-TA-1_LGD-1,fldocddp-1,Cluster 4,0,26.60
M1-TA-1_LGD-1,fldohooi-1,Cluster 4,0,50.12
M1-TA-1_LGD-1,cpgmkidi-1,Cluster 4,0,61.37
M1-TA-1_LGD-1,cpgmpkhf-1,Cluster 4,0,132.71
M1-TA-1_LGD-1,cpebhgif-1,Cluster 4,0,44.61
M1-TA-1_LGD-1,fldolaml-1,Cluster 4,0,20.86
M1-TA-1_LGD-1,cpeceffd-1,Cluster 2,0,39.42
M1-TA-1_LGD-1,cpemjkpi-1,Cluster 4,0,16.75
M1-TA-1_LGD-1,cpecbkag-1,Cluster 2,0,22.17
M1-TA-1_LGD-1,cpecomkm-1,Cluster 4,0,55.90
M1-TA-1_LGD-1,cpeccncg-1,Cluster 5,0,40.46
M1-TA-1_LGD-1,cpebhnce-1,Cluster 13,0,16.53
M1-TA-1_LGD-1,fldobmec-1,Cluster 7,0,13.32
M1-TA-1_LGD-1,cpebgckj-1,Cluster 2,0,23.17
M1-TA-1_LGD-1,cpemdblh-1,Cluster 2,0,28.76
M1-TA-1_LGD-1,cpecjkbh-1,Cluster 2,0,26.82
M1-TA-1_LGD-1,cpebolcd-1,Cluster 4,0,20.00
M1-TA-1_LGD-1,cpebhfna-1,Cluster 4,0,42.36
M1-TA-1_LGD-1,cpeblpgj-1,Cluster 2,0,22.62
M1-TA-1_LGD-1,cpecblac-1,Cluster 2,0,22.22
M1-TA-1_LGD-1,cpeenono-1,Cluster 2,0,29.94
M1-TA-1_LGD-1,cpempgil-1,Cluster 2,0,30.71
M1-TA-1_LGD-1,cpebhfdk-1,Cluster 5,0,33.64
M1-TA-1_LGD-1,cpdmimhp-1,Cluster 4,0,86.52
M1-TA-1_LGD-1,cpdnbojb-1,Cluster 2,0,17.75
M1-TA-1_LGD-1,cpeccjgl-1,Cluster 5,0,40.14
M1-TA-1_LGD-1,cpdncljk-1,Cluster 13,0,20.73
M1-TA-1_LGD-1,cpdnchio-1,Cluster 4,0,29.04
M1-TA-1_LGD-1,cpdnclgj-1,Cluster 2,0,30.98
M1-TA-1_LGD-1,cpdplhjn-1,Cluster 5,0,51.48
M1-TA-1_LGD-1,cpdnmekm-1,Cluster 4,0,45.29
M1-TA-1_LGD-1,cpdnlcah-1,Cluster 4,0,33.51
M1-TA-1_LGD-1,cpdpojci-1,Cluster 4,0,29.98
M1-TA-1_LGD-1,cpdpnnbm-1,Cluster 4,0,33.37
M1-TA-1_LGD-1,cpeamicf-1,Cluster 2,0,27.05
M1-TA-1_LGD-1,cpdnhdif-1,Cluster 5,0,33.14
M1-TA-1_LGD-1,cpeaopnn-1,Cluster 5,0,45.47
M1-TA-1_LGD-1,cpihfjfc-1,Cluster 4,0,26.01
M1-TA-1_LGD-1,cpgmgpok-1,Cluster 4,0,32.20
M1-TA-1_LGD-1,cpdnkljb-1,Cluster 2,0,25.65
M1-TA-1_LGD-1,fldpbcio-1,Cluster 7,0,9.08
M1-TA-1_LGD-1,cpdnnlji-1,Cluster 4,0,32.24
M1-TA-1_LGD-1,cpeaadoj-1,Cluster 4,0,32.02
M1-TA-1_LGD-1,cpdncnka-1,Cluster 4,0,33.37
M1-TA-1_LGD-1,cpdnldco-1,Cluster 2,0,37.43
M1-TA-1_LGD-1,cpeaobhe-1,Cluster 2,0,18.74
M1-TA-1_LGD-1,cpdndcfi-1,Cluster 4,0,23.48
M1-TA-1_LGD-1,fldpbgkp-1,Cluster 4,0,21.36
M1-TA-1_LGD-1,cpeacjia-1,Cluster 2,0,22.89
M1-TA-1_LGD-1,cpdpongc-1,Cluster 2,0,31.65
M1-TA-1_LGD-1,cpiiccod-1,Cluster 25,0,50.98
M1-TA-1_LGD-1,cpdnnccc-1,Cluster 2,0,27.09
M1-TA-1_LGD-1,cpdplink-1,Cluster 4,0,29.85
M1-TA-1_LGD-1,cpihpcon-1,Cluster 2,0,22.58
M1-TA-1_LGD-1,cpdpjogh-1,Cluster 2,0,26.06
M1-TA-1_LGD-1,cpigmeko-1,Cluster 4,0,47.55
M1-TA-1_LGD-1,cpeeaacn-1,Cluster 4,0,20.18
M1-TA-1_LGD-1,cpedhbhp-1,Cluster 2,0,17.16
M1-TA-1_LGD-1,fldpkjho-1,Cluster 7,0,26.51
M1-TA-1_LGD-1,cpgmmiah-1,Cluster 2,0,36.17
M1-TA-1_LGD-1,cpgmkfkh-1,Cluster 2,0,36.62
M1-TA-1_LGD-1,fldpfngd-1,Cluster 4,0,26.15
M1-TA-1_LGD-1,cpdnonjm-1,Cluster 4,0,40.23
M1-TA-1_LGD-1,cpdnnocm-1,Cluster 4,0,43.03
M1-TA-1_LGD-1,cpdpaihk-1,Cluster 4,0,22.71
M1-TA-1_LGD-1,fldplhne-1,Cluster 4,0,18.92
M1-TA-1_LGD-1,cpgmakij-1,Cluster 4,0,62.77
M1-TA-1_LGD-1,fleadbhh-1,Cluster 2,0,44.75
M1-TA-1_LGD-1,cpdmfkln-1,Cluster 2,0,32.11
M1-TA-1_LGD-1,cpdpghao-1,Cluster 2,0,81.28
M1-TA-1_LGD-1,cpdopndf-1,Cluster 2,0,18.51
M1-TA-1_LGD-1,cpdpghdb-1,Cluster 2,0,23.07
M1-TA-1_LGD-1,fldpmefh-1,Cluster 4,0,31.65
M1-TA-1_LGD-1,fleaannj-1,Cluster 5,0,29.98
M1-TA-1_LGD-1,cpdpabfa-1,Cluster 2,0,22.22
M1-TA-1_LGD-1,cpdpfcni-1,Cluster 2,0,31.52
M1-TA-1_LGD-1,cpdlnnfm-1,Cluster 2,0,17.93
M1-TA-1_LGD-1,cpgnnphe-1,Cluster 2,0,35.49
M1-TA-1_LGD-1,cpdnnpnl-1,Cluster 4,0,21.68
M1-TA-1_LGD-1,cpdmfihp-1,Cluster 2,0,42.09
M1-TA-1_LGD-1,cpdolcgi-1,Cluster 2,0,23.21
M1-TA-1_LGD-1,cpdmdgin-1,Cluster 2,0,20.32
M1-TA-1_LGD-1,cpdomhke-1,Cluster 2,0,19.78
M1-TA-1_LGD-1,cpdopdka-1,Cluster 2,0,28.22
M1-TA-1_LGD-1,cpdokhkd-1,Cluster 2,0,23.62
M1-TA-1_LGD-1,cpdoollk-1,Cluster 2,0,32.20
M1-TA-1_LGD-1,cpdokipd-1,Cluster 4,0,21.18
M1-TA-1_LGD-1,cpdocagn-1,Cluster 4,0,29.62
M1-TA-1_LGD-1,cpdmeogm-1,Cluster 2,0,14.77
M1-TA-1_LGD-1,cpdooaja-1,Cluster 2,0,24.70
M1-TA-1_LGD-1,cpdpjeko-1,Cluster 2,0,47.87
M1-TA-1_LGD-1,cpdmmcoe-1,Cluster 2,0,27.73
M1-TA-1_LGD-1,cpfnfikn-1,Cluster 5,0,70.22
M1-TA-1_LGD-1,fldnfhcb-1,Cluster 10,0,51.75
M1-TA-1_LGD-1,flddekcm-1,Cluster 3,0,57.17
M1-TA-1_LGD-1,flddgfcc-1,Cluster 6,0,71.30
M1-TA-1_LGD-1,cpfpjeic-1,Cluster 5,0,94.06
M1-TA-1_LGD-1,cpfpiaka-1,Cluster 4,0,49.67
M1-TA-1_LGD-1,fldkajaf-1,Cluster 4,0,55.05
M1-TA-1_LGD-1,cpfplcbc-1,Cluster 2,0,19.73
M1-TA-1_LGD-1,cpfonpae-1,Cluster 5,0,75.19
M1-TA-1_LGD-1,cpfoidhh-1,Cluster 4,0,25.83
M1-TA-1_LGD-1,cpfpknef-1,Cluster 4,0,19.82
M1-TA-1_LGD-1,cpfnnkhc-1,Cluster 12,0,37.07
M1-TA-1_LGD-1,fldjdnjc-1,Cluster 4,0,112.57
M1-TA-1_LGD-1,cpfohepb-1,Cluster 4,0,43.98
M1-TA-1_LGD-1,fldlgkgh-1,Cluster 4,0,72.79
M1-TA-1_LGD-1,fldjdieh-1,Cluster 4,0,57.53
M1-TA-1_LGD-1,fldfclbc-1,Cluster 7,0,60.19
M1-TA-1_LGD-1,cpfjjbec-1,Cluster 4,0,36.13
M1-TA-1_LGD-1,cpfoecje-1,Cluster 4,0,24.02
M1-TA-1_LGD-1,fldlfnod-1,Cluster 4,0,124.63
M1-TA-1_LGD-1,fldiiomb-1,Cluster 4,0,62.50
M1-TA-1_LGD-1,fldlipag-1,Cluster 4,0,96.00
M1-TA-1_LGD-1,fldjpoai-1,Cluster 4,0,23.44
M1-TA-1_LGD-1,cpfolcmi-1,Cluster 4,0,34.59
M1-TA-1_LGD-1,fldfhnba-1,Cluster 7,0,51.75
M1-TA-1_LGD-1,fldiicic-1,Cluster 4,0,29.26
M1-TA-1_LGD-1,cpfidbgi-1,Cluster 4,0,27.41
M1-TA-1_LGD-1,cpfojogj-1,Cluster 4,0,40.69
M1-TA-1_LGD-1,cpfihmdo-1,Cluster 4,0,31.74
M1-TA-1_LGD-1,fldiiicp-1,Cluster 4,0,23.71
M1-TA-1_LGD-1,cpfpaehd-1,Cluster 2,0,42.76
M1-TA-1_LGD-1,fldldlnj-1,Cluster 4,0,180.26
M1-TA-1_LGD-1,cpfimkgg-1,Cluster 2,0,37.57
M1-TA-1_LGD-1,cpfokifj-1,Cluster 4,0,53.51
M1-TA-1_LGD-1,fldljjeb-1,Cluster 4,0,34.50
M1-TA-1_LGD-1,cpfohhaf-1,Cluster 5,0,41.45
M1-TA-1_LGD-1,cpfipbnp-1,Cluster 4,0,26.19
M1-TA-1_LGD-1,fcdiicno-1,Cluster 6,0,51.25
M1-TA-1_LGD-1,fcipeedm-1,Cluster 5,0,26.15
M1-TA-1_LGD-1,fcdilbib-1,Cluster 4,0,103.81
M1-TA-1_LGD-1,cpdlmcpf-1,Cluster 5,0,173.35
M1-TA-1_LGD-1,fcdghgjb-1,Cluster 5,0,81.73
M1-TA-1_LGD-1,fciphjam-1,Cluster 4,0,100.38
M1-TA-1_LGD-1,cpdlndif-1,Cluster 5,0,38.16
M1-TA-1_LGD-1,fcdhbigd-1,Cluster 5,0,24.34
M1-TA-1_LGD-1,cpdldfld-1,Cluster 5,0,62.59
M1-TA-1_LGD-1,fcdifiio-1,Cluster 10,0,50.53
M1-TA-1_LGD-1,fcipdjao-1,Cluster 4,0,83.54
M1-TA-1_LGD-1,fcipkebf-1,Cluster 3,0,89.59
M1-TA-1_LGD-1,fcdgkaan-1,Cluster 7,0,6.50
M1-TA-1_LGD-1,fcipipjo-1,Cluster 7,0,30.30
M1-TA-1_LGD-1,fchdeleo-1,Cluster 4,0,81.46
M1-TA-1_LGD-1,fcipdfcc-1,Cluster 12,0,84.94
M1-TA-1_LGD-1,fcjagemi-1,Cluster 6,0,14.95
M1-TA-1_LGD-1,fcjaephb-1,Cluster 5,0,30.71
M1-TA-1_LGD-1,fcjafgja-1,Cluster 5,0,55.05
M1-TA-1_LGD-1,fldembbf-1,Cluster 15,0,27.82
M1-TA-1_LGD-1,cpdlhgke-1,Cluster 5,0,75.28
M1-TA-1_LGD-1,fldeodkd-1,Cluster 5,0,74.46
M1-TA-1_LGD-1,oeihhmdh-1,Cluster 9,0,17.93
M1-TA-1_LGD-1,fcdgibgd-1,Cluster 5,0,120.30
M1-TA-1_LGD-1,cpflmpio-1,Cluster 5,0,89.91
M1-TA-1_LGD-1,fldfakcj-1,Cluster 4,0,57.17
M1-TA-1_LGD-1,fldfbofj-1,Cluster 5,0,97.94
M1-TA-1_LGD-1,fldekbfa-1,Cluster 14,0,25.38
M1-TA-1_LGD-1,fldeikha-1,Cluster 14,0,24.88
M1-TA-1_LGD-1,flddnbmm-1,Cluster 9,0,14.50
M1-TA-1_LGD-1,cpelfpgf-1,Cluster 4,0,55.36
M1-TA-1_LGD-1,cpelfjpf-1,Cluster 4,0,27.41
M1-TA-1_LGD-1,fldelgll-1,Cluster 6,0,27.64
M1-TA-1_LGD-1,flddabeh-1,Cluster 4,0,39.47
M1-TA-1_LGD-1,fldcnblp-1,Cluster 3,0,35.94
M1-TA-1_LGD-1,flddbhla-1,Cluster 6,0,25.15
M1-TA-1_LGD-1,fldckfbl-1,Cluster 10,0,45.11
M1-TA-1_LGD-1,fldcfcco-1,Cluster 3,0,43.89
M1-TA-1_LGD-1,flddjima-1,Cluster 15,0,24.43
M1-TA-1_LGD-1,flddlnkj-1,Cluster 10,0,38.83
M1-TA-1_LGD-1,cpflmnjf-1,Cluster 15,0,45.02
M1-TA-1_LGD-1,fldchjdp-1,Cluster 10,0,49.72
M1-TA-1_LGD-1,flddgpja-1,Cluster 6,0,50.53
M1-TA-1_LGD-1,fldclggp-1,Cluster 6,0,18.83
M1-TA-1_LGD-1,fldcnbel-1,Cluster 10,0,29.76
M1-TA-1_LGD-1,fldcipjf-1,Cluster 6,0,50.44
M1-TA-1_LGD-1,fldcfeie-1,Cluster 6,0,26.82
M1-TA-1_LGD-1,fldklhif-1,Cluster 4,0,64.98
M1-TA-1_LGD-1,fldkdbll-1,Cluster 4,0,39.33
M1-TA-1_LGD-1,fldjmnoe-1,Cluster 4,0,91.94
M1-TA-1_LGD-1,fldkmcog-1,Cluster 4,0,29.58
M1-TA-1_LGD-1,fldkbgci-1,Cluster 4,0,135.38
M1-TA-1_LGD-1,cpenkebh-1,Cluster 13,0,34.86
M1-TA-1_LGD-1,cpfnnkgo-1,Cluster 4,0,146.13
M1-TA-1_LGD-1,fldihimf-1,Cluster 4,0,46.65
M1-TA-1_LGD-1,fldjeckj-1,Cluster 4,0,135.78
M1-TA-1_LGD-1,fldjkmch-1,Cluster 4,0,128.79
M1-TA-1_LGD-1,fldjhjba-1,Cluster 4,0,52.07
M1-TA-1_LGD-1,fldjfcob-1,Cluster 7,0,28.95
M1-TA-1_LGD-1,cpenkodn-1,Cluster 2,0,41.00
M1-TA-1_LGD-1,cpenmbbe-1,Cluster 13,0,40.14
M1-TA-1_LGD-1,fldkeenc-1,Cluster 4,0,103.99
M1-TA-1_LGD-1,cpenlbib-1,Cluster 4,0,95.73
M1-TA-1_LGD-1,cpenpomk-1,Cluster 4,0,86.52
M1-TA-1_LGD-1,cpfnnlfl-1,Cluster 4,0,34.91
M1-TA-1_LGD-1,fcipbphn-1,Cluster 5,0,61.32
M1-TA-1_LGD-1,fcipmkhc-1,Cluster 5,0,114.88
M1-TA-1_LGD-1,fcjbdkod-1,Cluster 4,0,90.72
M1-TA-1_LGD-1,cpdlaobj-1,Cluster 4,0,68.68
M1-TA-1_LGD-1,fcipnlfd-1,Cluster 14,0,41.27
M1-TA-1_LGD-1,cpelliod-1,Cluster 5,0,26.10
M1-TA-1_LGD-1,cpeljpmi-1,Cluster 5,0,99.16
M1-TA-1_LGD-1,cpelnjje-1,Cluster 4,0,58.30
M1-TA-1_LGD-1,fciploho-1,Cluster 5,0,29.35
M1-TA-1_LGD-1,fcjbaejc-1,Cluster 6,0,43.03
M1-TA-1_LGD-1,fcjabdib-1,Cluster 5,0,144.09
M1-TA-1_LGD-1,cpekmafd-1,Cluster 5,0,100.29
M1-TA-1_LGD-1,fcjbdpoi-1,Cluster 3,0,19.37
M1-TA-1_LGD-1,fcipoeja-1,Cluster 5,0,46.06
M1-TA-1_LGD-1,cpdlhljg-1,Cluster 5,0,89.18
M1-TA-1_LGD-1,fcjceffi-1,Cluster 3,0,18.69
M1-TA-1_LGD-1,fcjbefpb-1,Cluster 4,0,42.63
M1-TA-1_LGD-1,fcjbdafd-1,Cluster 3,0,82.64
M1-TA-1_LGD-1,fcjcaojn-1,Cluster 6,0,74.46
M1-TA-1_LGD-1,cpellald-1,Cluster 5,0,75.82
M1-TA-1_LGD-1,cpfnnepk-1,Cluster 5,0,105.67
M1-TA-1_LGD-1,cpdlbdcf-1,Cluster 4,0,41.05
M1-TA-1_LGD-1,cpelgkjj-1,Cluster 4,0,51.88
M1-TA-1_LGD-1,cpekhngi-1,Cluster 5,0,54.32
M1-TA-1_LGD-1,cpdldcal-1,Cluster 5,0,23.44
M1-TA-1_LGD-1,cpfneimn-1,Cluster 4,0,27.91
M1-TA-1_LGD-1,cpelepfe-1,Cluster 4,0,117.63
M1-TA-1_LGD-1,fcjcbbho-1,Cluster 4,0,116.95
M1-TA-1_LGD-1,cpelihja-1,Cluster 4,0,76.49
M1-TA-1_LGD-1,cpfngick-1,Cluster 5,0,92.34
M1-TA-1_LGD-1,fldcdncp-1,Cluster 4,0,131.09
M1-TA-1_LGD-1,cpflmfdg-1,Cluster 4,0,70.53
M1-TA-1_LGD-1,fchadklc-1,Cluster 4,0,77.71
M1-TA-1_LGD-1,oeihnffc-1,Cluster 14,0,17.43
M1-TA-1_LGD-1,fchfekjg-1,Cluster 5,0,209.30
M1-TA-1_LGD-1,fldmimff-1,Cluster 10,0,48.00
M1-TA-1_LGD-1,fldmlemh-1,Cluster 10,0,39.65
M1-TA-1_LGD-1,fldmiopf-1,Cluster 10,0,18.56
M1-TA-1_LGD-1,fldloijl-1,Cluster 4,0,90.72
M1-TA-1_LGD-1,fchffnld-1,Cluster 3,0,76.95
M1-TA-1_LGD-1,cpeocpjk-1,Cluster 5,0,49.54
M1-TA-1_LGD-1,cpgofjgd-1,Cluster 4,0,25.92
M1-TA-1_LGD-1,fldnapof-1,Cluster 6,0,94.24
M1-TA-1_LGD-1,cpeofpmk-1,Cluster 2,0,70.49
M1-TA-1_LGD-1,cpgofgha-1,Cluster 4,0,24.88
M1-TA-1_LGD-1,cpenpkfa-1,Cluster 2,0,37.48
M1-TA-1_LGD-1,cpeocdnj-1,Cluster 4,0,44.52
M1-TA-1_LGD-1,fchaigod-1,Cluster 4,0,34.68
M1-TA-1_LGD-1,fldmmidj-1,Cluster 3,0,83.49
M1-TA-1_LGD-1,fcjbhbfm-1,Cluster 5,0,31.29
M1-TA-1_LGD-1,fldlnncc-1,Cluster 25,0,100.07
M1-TA-1_LGD-1,cpgoddfm-1,Cluster 2,0,88.15
M1-TA-1_LGD-1,fchfpdam-1,Cluster 10,0,38.74
M1-TA-1_LGD-1,fchagaok-1,Cluster 4,0,58.70
M1-TA-1_LGD-1,fldnbmjd-1,Cluster 10,0,57.89
M1-TA-1_LGD-1,cpgoefic-1,Cluster 5,0,58.39
M1-TA-1_LGD-1,cpeogigk-1,Cluster 4,0,21.49
M1-TA-1_LGD-1,cpglkiep-1,Cluster 4,0,44.70
M1-TA-1_LGD-1,cpenocmg-1,Cluster 4,0,36.40
M1-TA-1_LGD-1,oegbdfmh-1,Cluster 1,0,19.55
M1-TA-1_LGD-1,fchaaeia-1,Cluster 4,0,49.81
M1-TA-1_LGD-1,fldnpdla-1,Cluster 4,0,159.72
M1-TA-1_LGD-1,fldlobhe-1,Cluster 5,0,35.85
M1-TA-1_LGD-1,cpenpjnk-1,Cluster 2,0,21.63
M1-TA-1_LGD-1,fchfenao-1,Cluster 5,0,44.52
M1-TA-1_LGD-1,fchajmid-1,Cluster 2,0,54.82
M1-TA-1_LGD-1,fchaanak-1,Cluster 2,0,26.10
M1-TA-1_LGD-1,fcjbkamf-1,Cluster 27,0,42.13
M1-TA-1_LGD-1,fldmhjkl-1,Cluster 4,0,196.20
M1-TA-1_LGD-1,fchddgdd-1,Cluster 4,0,23.39
M1-TA-1_LGD-1,fcipkfbf-1,Cluster 4,0,36.62
M1-TA-1_LGD-1,fchdhnco-1,Cluster 4,0,55.05
M1-TA-1_LGD-1,fcjaiblo-1,Cluster 10,0,52.92
M1-TA-1_LGD-1,cpekdled-1,Cluster 5,0,99.84
M1-TA-1_LGD-1,fcjapnmb-1,Cluster 6,0,31.02
M1-TA-1_LGD-1,fcjaolde-1,Cluster 3,0,41.77
M1-TA-1_LGD-1,fcjadpbb-1,Cluster 7,0,25.06
M1-TA-1_LGD-1,cpekdepc-1,Cluster 5,0,220.50
M1-TA-1_LGD-1,cpgbdaik-1,Cluster 5,0,66.79
M1-TA-1_LGD-1,fcjbeldk-1,Cluster 3,0,73.29
M1-TA-1_LGD-1,fchddbil-1,Cluster 4,0,125.04
M1-TA-1_LGD-1,fcjacpjb-1,Cluster 14,0,9.30
M1-TA-1_LGD-1,cpgafplk-1,Cluster 4,0,121.74
M1-TA-1_LGD-1,cpgagldk-1,Cluster 4,0,70.35
M1-TA-1_LGD-1,cpgceccj-1,Cluster 4,0,141.38
M1-TA-1_LGD-1,cpelaeff-1,Cluster 4,0,50.44
M1-TA-1_LGD-1,cpgcdohd-1,Cluster 4,0,40.55
M1-TA-1_LGD-1,cpelciop-1,Cluster 4,0,91.80
M1-TA-1_LGD-1,cpelchem-1,Cluster 2,0,55.63
M1-TA-1_LGD-1,fcjceocn-1,Cluster 4,0,127.02
M1-TA-1_LGD-1,cpekkjnk-1,Cluster 4,0,46.69
M1-TA-1_LGD-1,cpekmbfh-1,Cluster 4,0,40.46
M1-TA-1_LGD-1,cpgcbnom-1,Cluster 5,0,95.87
M1-TA-1_LGD-1,oeihmfgg-1,Cluster 3,0,22.98
M1-TA-1_LGD-1,oeiibgfe-1,Cluster 9,0,7.50
M1-TA-1_LGD-1,fchffpem-1,Cluster 4,0,28.67
M1-TA-1_LGD-1,fldmmhol-1,Cluster 3,0,35.40
M1-TA-1_LGD-1,cpgkkljj-1,Cluster 5,0,74.78
M1-TA-1_LGD-1,cpgknjna-1,Cluster 4,0,22.98
M1-TA-1_LGD-1,fchgfook-1,Cluster 7,0,36.62
M1-TA-1_LGD-1,fchgieol-1,Cluster 2,0,79.48
M1-TA-1_LGD-1,fcgplhje-1,Cluster 10,0,65.25
M1-TA-1_LGD-1,fcjbhack-1,Cluster 7,0,16.98
M1-TA-1_LGD-1,cpgkkgaj-1,Cluster 4,0,42.36
M1-TA-1_LGD-1,cpgkgoph-1,Cluster 4,0,40.91
M1-TA-1_LGD-1,fcgpbkpl-1,Cluster 10,0,49.85
M1-TA-1_LGD-1,oegbcpdb-1,Cluster 7,0,41.77
M1-TA-1_LGD-1,fldnoldd-1,Cluster 4,0,81.06
M1-TA-1_LGD-1,fcgpjlio-1,Cluster 7,0,17.57
M1-TA-1_LGD-1,cpgpalhe-1,Cluster 4,0,36.80
M1-TA-1_LGD-1,fldpdenb-1,Cluster 4,0,56.45
M1-TA-1_LGD-1,oegbchmc-1,Cluster 9,0,17.70
M1-TA-1_LGD-1,cpgoimdh-1,Cluster 4,0,91.71
M1-TA-1_LGD-1,fchaliok-1,Cluster 4,0,54.23
M1-TA-1_LGD-1,cpgolcgb-1,Cluster 2,0,50.30
M1-TA-1_LGD-1,cpgpfcop-1,Cluster 4,0,49.90
M1-TA-1_LGD-1,cpgompag-1,Cluster 4,0,46.42
M1-TA-1_LGD-1,cpgpdikg-1,Cluster 4,0,90.67
M1-TA-1_LGD-1,cpgompaj-1,Cluster 4,0,113.70
M1-TA-1_LGD-1,cpgpcjlb-1,Cluster 4,0,52.07
M1-TA-1_LGD-1,fldpkfld-1,Cluster 4,0,41.41
M1-TA-1_LGD-1,fcgpbheh-1,Cluster 3,0,35.54
M1-TA-1_LGD-1,cpgnedal-1,Cluster 4,0,72.57
M1-TA-1_LGD-1,fcgonjod-1,Cluster 10,0,34.09
M1-TA-1_LGD-1,cpgnngah-1,Cluster 4,0,97.18
M1-TA-1_LGD-1,cpgoidkp-1,Cluster 4,0,40.96
M1-TA-1_LGD-1,cpgofmea-1,Cluster 2,0,39.11
M1-TA-1_LGD-1,fldphalo-1,Cluster 4,0,36.94
M1-TA-1_LGD-1,cpgnicdh-1,Cluster 4,0,57.39
M1-TA-1_LGD-1,cpgogbgl-1,Cluster 5,0,44.70
M1-TA-1_LGD-1,flbfnmam-1,Cluster 4,0,128.79
M1-TA-1_LGD-1,fldnohjo-1,Cluster 4,0,38.02
M1-TA-1_LGD-1,cpgbbjff-1,Cluster 4,0,48.72
M1-TA-1_LGD-1,cpgagkhp-1,Cluster 4,0,42.00
M1-TA-1_LGD-1,cpgcjmol-1,Cluster 4,0,76.00
M1-TA-1_LGD-1,cpgcbegb-1,Cluster 4,0,114.34
M1-TA-1_LGD-1,cpgbbllh-1,Cluster 4,0,64.03
M1-TA-1_LGD-1,fchdcoco-1,Cluster 4,0,61.01
M1-TA-1_LGD-1,fcjbfdnc-1,Cluster 5,0,114.65
M1-TA-1_LGD-1,fchddjcp-1,Cluster 5,0,90.09
M1-TA-1_LGD-1,fchcjkjc-1,Cluster 4,0,39.02
M1-TA-1_LGD-1,fchhebjk-1,Cluster 5,0,41.91
M1-TA-1_LGD-1,cpgdhcha-1,Cluster 5,0,111.81
M1-TA-1_LGD-1,fchcnnoa-1,Cluster 5,0,59.47
M1-TA-1_LGD-1,cpgdccep-1,Cluster 4,0,40.51
M1-TA-1_LGD-1,cpgdjjgn-1,Cluster 4,0,106.03
M1-TA-1_LGD-1,cpgcokjl-1,Cluster 4,0,36.08
M1-TA-1_LGD-1,cpgcpano-1,Cluster 4,0,39.87
M1-TA-1_LGD-1,cpgclbma-1,Cluster 7,0,23.21
M1-TA-1_LGD-1,cpgdcemk-1,Cluster 4,0,41.95
M1-TA-1_LGD-1,cpgdghhk-1,Cluster 4,0,37.66
M1-TA-1_LGD-1,fchdclhk-1,Cluster 4,0,52.79
M1-TA-1_LGD-1,fchgonhb-1,Cluster 4,0,17.57
M1-TA-1_LGD-1,fchckbhb-1,Cluster 4,0,19.96
M1-TA-1_LGD-1,fchbplmb-1,Cluster 4,0,52.34
M1-TA-1_LGD-1,cpgbcadg-1,Cluster 4,0,38.25
M1-TA-1_LGD-1,fchblhho-1,Cluster 4,0,103.90
M1-TA-1_LGD-1,cpgaglkl-1,Cluster 4,0,57.80
M1-TA-1_LGD-1,fchbfela-1,Cluster 4,0,43.89
M1-TA-1_LGD-1,fchgoffa-1,Cluster 4,0,32.69
M1-TA-1_LGD-1,cpgbpcne-1,Cluster 4,0,55.27
M1-TA-1_LGD-1,cpgdabfi-1,Cluster 4,0,61.91
M1-TA-1_LGD-1,cpgcieem-1,Cluster 4,0,49.22
M1-TA-1_LGD-1,fchgicoh-1,Cluster 5,0,93.70
M1-TA-1_LGD-1,fchganhp-1,Cluster 4,0,86.88
M1-TA-1_LGD-1,cpgkjona-1,Cluster 4,0,79.79
M1-TA-1_LGD-1,flcdggpn-1,Cluster 9,0,10.07
M1-TA-1_LGD-1,elkaejkb-1,Cluster 2,0,18.97
M1-TA-1_LGD-1,cphicgef-1,Cluster 7,0,24.38
M1-TA-1_LGD-1,flnkngmp-1,Cluster 4,0,25.96
M1-TA-1_LGD-1,cpiddfbo-1,Cluster 4,0,46.47
M1-TA-1_LGD-1,cphidjpn-1,Cluster 5,0,91.35
M1-TA-1_LGD-1,flodjhak-1,Cluster 3,0,131.63
M1-TA-1_LGD-1,cpldmanp-1,Cluster 2,0,42.90
M1-TA-1_LGD-1,cpidddfb-1,Cluster 4,0,29.53
M1-TA-1_LGD-1,flodjekk-1,Cluster 5,0,65.88
M1-TA-1_LGD-1,cphifglh-1,Cluster 4,0,80.56
M1-TA-1_LGD-1,cphiehmh-1,Cluster 5,0,51.97
M1-TA-1_LGD-1,flogakmc-1,Cluster 4,0,31.34
M1-TA-1_LGD-1,cpidbgjb-1,Cluster 2,0,19.19
M1-TA-1_LGD-1,cphjgimp-1,Cluster 4,0,74.10
M1-TA-1_LGD-1,cplinaml-1,Cluster 2,0,38.16
M1-TA-1_LGD-1,flmpmbac-1,Cluster 3,0,16.30
M1-TA-1_LGD-1,flmpgboo-1,Cluster 9,0,18.33
M1-TA-1_LGD-1,flnjnmli-1,Cluster 27,0,82.37
M1-TA-1_LGD-1,cpliicfd-1,Cluster 4,0,46.29
M1-TA-1_LGD-1,floddocf-1,Cluster 10,0,76.31
M1-TA-1_LGD-1,flnjllkm-1,Cluster 4,0,31.38
M1-TA-1_LGD-1,cplinglk-1,Cluster 2,0,44.52
M1-TA-1_LGD-1,cpleecmi-1,Cluster 5,0,29.85
M1-TA-1_LGD-1,cpljplpj-1,Cluster 2,0,27.05
M1-TA-1_LGD-1,cpldpjaa-1,Cluster 2,0,46.96
M1-TA-1_LGD-1,cpleaooh-1,Cluster 2,0,39.20
M1-TA-1_LGD-1,cpliladc-1,Cluster 5,0,33.42
M1-TA-1_LGD-1,cphimjjo-1,Cluster 5,0,59.79
M1-TA-1_LGD-1,cphjaima-1,Cluster 4,0,35.85
M1-TA-1_LGD-1,cphilkdl-1,Cluster 2,0,28.27
M1-TA-1_LGD-1,cphifipm-1,Cluster 5,0,38.29
M1-TA-1_LGD-1,cphikodk-1,Cluster 5,0,14.45
M1-TA-1_LGD-1,cplfchgn-1,Cluster 4,0,20.05
M1-TA-1_LGD-1,cplfckha-1,Cluster 2,0,18.65
M1-TA-1_LGD-1,cplfcilm-1,Cluster 4,0,26.69
M1-TA-1_LGD-1,cplijjbp-1,Cluster 4,0,27.91
M1-TA-1_LGD-1,cpliifgl-1,Cluster 5,0,34.86
M1-TA-1_LGD-1,cpljpbfp-1,Cluster 4,0,66.83
M1-TA-1_LGD-1,cphiohnc-1,Cluster 4,0,30.71
M1-TA-1_LGD-1,cpiekbia-1,Cluster 4,0,19.06
M1-TA-1_LGD-1,flnjjkon-1,Cluster 4,0,22.94
M1-TA-1_LGD-1,flnkakdo-1,Cluster 7,0,8.58
M1-TA-1_LGD-1,cpifcafc-1,Cluster 2,0,22.40
M1-TA-1_LGD-1,cphjibnm-1,Cluster 5,0,34.59
M1-TA-1_LGD-1,cphjnpna-1,Cluster 5,0,37.03
M1-TA-1_LGD-1,cphhphfb-1,Cluster 4,0,25.65
M1-TA-1_LGD-1,flnjpcbc-1,Cluster 4,0,16.98
M1-TA-1_LGD-1,cpiegbnp-1,Cluster 4,0,21.99
M1-TA-1_LGD-1,cpidofgj-1,Cluster 4,0,35.22
M1-TA-1_LGD-1,cphjjaeg-1,Cluster 4,0,19.19
M1-TA-1_LGD-1,flnjgpil-1,Cluster 4,0,33.28
M1-TA-1_LGD-1,cphjlcji-1,Cluster 2,0,30.98
M1-TA-1_LGD-1,cphjpccb-1,Cluster 5,0,39.24
M1-TA-1_LGD-1,cpicpkjk-1,Cluster 4,0,20.86
M1-TA-1_LGD-1,cpicpmel-1,Cluster 4,0,24.29
M1-TA-1_LGD-1,cphjoeck-1,Cluster 5,0,22.35
M1-TA-1_LGD-1,cphjpfbm-1,Cluster 4,0,32.65
M1-TA-1_LGD-1,cpiepppk-1,Cluster 4,0,21.54
M1-TA-1_LGD-1,cpicfmmn-1,Cluster 4,0,25.83
M1-TA-1_LGD-1,cpiepibl-1,Cluster 4,0,40.73
M1-TA-1_LGD-1,cpielanc-1,Cluster 4,0,45.88
M1-TA-1_LGD-1,cpieonak-1,Cluster 5,0,31.79
M1-TA-1_LGD-1,cpicobli-1,Cluster 7,0,16.30
M1-TA-1_LGD-1,flmpmflf-1,Cluster 4,0,45.52
M1-TA-1_LGD-1,cpicglpm-1,Cluster 7,0,57.12
M1-TA-1_LGD-1,cpiclkma-1,Cluster 5,0,56.40
M1-TA-1_LGD-1,cpiebeal-1,Cluster 5,0,37.93
M1-TA-1_LGD-1,cpiebaak-1,Cluster 4,0,39.29
M1-TA-1_LGD-1,flmpmcfa-1,Cluster 5,0,81.73
M1-TA-1_LGD-1,flmpfjed-1,Cluster 4,0,104.31
M1-TA-1_LGD-1,cpidgfcd-1,Cluster 4,0,107.25
M1-TA-1_LGD-1,cpidkjni-1,Cluster 4,0,38.65
M1-TA-1_LGD-1,cpidiocd-1,Cluster 5,0,64.35
M1-TA-1_LGD-1,elkaffhp-1,Cluster 4,0,51.34
M1-TA-1_LGD-1,cpibajih-1,Cluster 4,0,71.08
M1-TA-1_LGD-1,cpibblod-1,Cluster 4,0,102.96
M1-TA-1_LGD-1,dbmelfgd-1,Cluster 6,0,54.23
M1-TA-1_LGD-1,flnkchno-1,Cluster 4,0,111.94
M1-TA-1_LGD-1,flnkikaf-1,Cluster 4,0,68.37
M1-TA-1_LGD-1,flnldhdo-1,Cluster 6,0,24.16
M1-TA-1_LGD-1,elicdjon-1,Cluster 5,0,46.29
M1-TA-1_LGD-1,flnliikc-1,Cluster 6,0,82.55
M1-TA-1_LGD-1,flnkcejo-1,Cluster 6,0,28.45
M1-TA-1_LGD-1,elicfmfh-1,Cluster 10,0,50.71
M1-TA-1_LGD-1,elkadbjn-1,Cluster 10,0,14.36
M1-TA-1_LGD-1,cpiakjdm-1,Cluster 10,0,70.90
M1-TA-1_LGD-1,flnkbnbn-1,Cluster 6,0,40.28
M1-TA-1_LGD-1,elicglpk-1,Cluster 25,0,106.66
M1-TA-1_LGD-1,elicbhho-1,Cluster 7,0,12.73
M1-TA-1_LGD-1,flnllfon-1,Cluster 6,0,13.59
M1-TA-1_LGD-1,flnlijck-1,Cluster 10,0,27.59
M1-TA-1_LGD-1,eliclgcd-1,Cluster 10,0,55.23
M1-TA-1_LGD-1,flnljhcl-1,Cluster 3,0,18.92
M1-TA-1_LGD-1,flnlnlha-1,Cluster 5,0,109.14
M1-TA-1_LGD-1,elicmcpj-1,Cluster 5,0,35.45
M1-TA-1_LGD-1,dbmejgcd-1,Cluster 4,0,51.21
M1-TA-1_LGD-1,flnlmcgo-1,Cluster 5,0,88.82
M1-TA-1_LGD-1,cplkambl-1,Cluster 4,0,66.70
M1-TA-1_LGD-1,elickokl-1,Cluster 4,0,38.47
M1-TA-1_LGD-1,cpljcdho-1,Cluster 4,0,44.52
M1-TA-1_LGD-1,dbnfepio-1,Cluster 5,0,99.89
M1-TA-1_LGD-1,elicjfdd-1,Cluster 5,0,33.19
M1-TA-1_LGD-1,elicleeg-1,Cluster 4,0,84.44
M1-TA-1_LGD-1,flbbideb-1,Cluster 4,0,20.41
M1-TA-1_LGD-1,cplkfpcl-1,Cluster 4,0,31.29
M1-TA-1_LGD-1,elicjeek-1,Cluster 4,0,22.22
M1-TA-1_LGD-1,cpljhnfp-1,Cluster 12,0,75.32
M1-TA-1_LGD-1,cplkfdma-1,Cluster 4,0,46.29
M1-TA-1_LGD-1,dcaeagdi-1,Cluster 4,0,24.47
M1-TA-1_LGD-1,elkadana-1,Cluster 7,0,8.76
M1-TA-1_LGD-1,elkaifbk-1,Cluster 4,0,13.82
M1-TA-1_LGD-1,cpibdhdo-1,Cluster 4,0,31.52
M1-TA-1_LGD-1,cphpihld-1,Cluster 4,0,33.82
M1-TA-1_LGD-1,cpibjknf-1,Cluster 5,0,27.27
M1-TA-1_LGD-1,cpibjdla-1,Cluster 5,0,33.37
M1-TA-1_LGD-1,dcaecjgb-1,Cluster 4,0,16.44
M1-TA-1_LGD-1,eljpoogp-1,Cluster 4,0,13.37
M1-TA-1_LGD-1,dcaemgjc-1,Cluster 4,0,28.13
M1-TA-1_LGD-1,dcadndde-1,Cluster 2,0,28.27
M1-TA-1_LGD-1,cpibgddb-1,Cluster 4,0,19.91
M1-TA-1_LGD-1,cpibgfom-1,Cluster 4,0,29.40
M1-TA-1_LGD-1,cphphnod-1,Cluster 4,0,42.13
M1-TA-1_LGD-1,cphpmdjk-1,Cluster 4,0,23.17
M1-TA-1_LGD-1,dcaelkkn-1,Cluster 4,0,16.21
M1-TA-1_LGD-1,dcadojbl-1,Cluster 4,0,21.72
M1-TA-1_LGD-1,flnlbafj-1,Cluster 4,0,11.15
M1-TA-1_LGD-1,cpiaiahc-1,Cluster 2,0,27.59
M1-TA-1_LGD-1,cpiafpni-1,Cluster 4,0,18.69
M1-TA-1_LGD-1,cpibgbck-1,Cluster 4,0,22.40
M1-TA-1_LGD-1,dcaefeie-1,Cluster 4,0,36.35
M1-TA-1_LGD-1,cpiahjkh-1,Cluster 4,0,30.48
M1-TA-1_LGD-1,flnkjkga-1,Cluster 5,0,72.93
M1-TA-1_LGD-1,cpibechh-1,Cluster 4,0,35.31
M1-TA-1_LGD-1,dcaelhfl-1,Cluster 4,0,29.44
M1-TA-1_LGD-1,cpidpmge-1,Cluster 4,0,35.49
M1-TA-1_LGD-1,dbmegoag-1,Cluster 4,0,63.08
M1-TA-1_LGD-1,cpibcala-1,Cluster 4,0,47.59
M1-TA-1_LGD-1,elkafpec-1,Cluster 5,0,188.71
M1-TA-1_LGD-1,elkagpbh-1,Cluster 4,0,65.21
M1-TA-1_LGD-1,dbmemklc-1,Cluster 2,0,84.08
M1-TA-1_LGD-1,cpiambek-1,Cluster 5,0,42.63
M1-TA-1_LGD-1,cpiaimek-1,Cluster 4,0,59.74
M1-TA-1_LGD-1,flbplbkl-1,Cluster 4,0,34.27
M1-TA-1_LGD-1,cphehipk-1,Cluster 2,0,17.20
M1-TA-1_LGD-1,cphefcnj-1,Cluster 4,0,25.02
M1-TA-1_LGD-1,cphdnoll-1,Cluster 4,0,25.51
M1-TA-1_LGD-1,cphehggl-1,Cluster 2,0,34.41
M1-TA-1_LGD-1,cpigindl-1,Cluster 2,0,26.28
M1-TA-1_LGD-1,flnjfbpi-1,Cluster 7,0,6.14
M1-TA-1_LGD-1,cpgnmgig-1,Cluster 4,0,49.36
M1-TA-1_LGD-1,cpiggmdh-1,Cluster 4,0,25.06
M1-TA-1_LGD-1,cphefbcl-1,Cluster 2,0,16.17
M1-TA-1_LGD-1,cpheecmd-1,Cluster 5,0,22.58
M1-TA-1_LGD-1,cpifdflk-1,Cluster 2,0,18.06
M1-TA-1_LGD-1,cphefgde-1,Cluster 2,0,19.60
M1-TA-1_LGD-1,cpgnnanj-1,Cluster 2,0,27.23
M1-TA-1_LGD-1,cpifcedl-1,Cluster 2,0,21.40
M1-TA-1_LGD-1,cphecmne-1,Cluster 4,0,22.31
M1-TA-1_LGD-1,flnjgaka-1,Cluster 2,0,16.48
M1-TA-1_LGD-1,cpigoioe-1,Cluster 2,0,30.66
M1-TA-1_LGD-1,cpifckab-1,Cluster 2,0,20.86
M1-TA-1_LGD-1,cphgoenl-1,Cluster 4,0,19.60
M1-TA-1_LGD-1,cphhbfid-1,Cluster 2,0,14.27
M1-TA-1_LGD-1,cphhhnhj-1,Cluster 4,0,20.64
M1-TA-1_LGD-1,cphhicch-1,Cluster 2,0,20.05
M1-TA-1_LGD-1,cpifdhck-1,Cluster 2,0,24.02
M1-TA-1_LGD-1,cpifdoib-1,Cluster 2,0,24.61
M1-TA-1_LGD-1,cphidjnk-1,Cluster 2,0,61.73
M1-TA-1_LGD-1,cpifeipb-1,Cluster 2,0,31.38
M1-TA-1_LGD-1,cpiganab-1,Cluster 2,0,20.91
M1-TA-1_LGD-1,cphhobkn-1,Cluster 2,0,25.87
M1-TA-1_LGD-1,cpigdemm-1,Cluster 2,0,29.13
M1-TA-1_LGD-1,cpigfoek-1,Cluster 2,0,18.79
M1-TA-1_LGD-1,cpifkpda-1,Cluster 2,0,41.45
M1-TA-1_LGD-1,flnjhmgn-1,Cluster 7,0,6.23
M1-TA-1_LGD-1,cphgkkbd-1,Cluster 2,0,23.66
M1-TA-1_LGD-1,cpigfmjh-1,Cluster 4,0,24.25
M1-TA-1_LGD-1,cpifphem-1,Cluster 4,0,19.73
M1-TA-1_LGD-1,cphgjhhi-1,Cluster 2,0,22.04
M1-TA-1_LGD-1,flbppfkj-1,Cluster 4,0,26.06
M1-TA-1_LGD-1,cpebemjh-1,Cluster 2,0,22.17
M1-TA-1_LGD-1,cpejalpd-1,Cluster 2,0,54.46
M1-TA-1_LGD-1,cpejdohg-1,Cluster 2,0,41.41
M1-TA-1_LGD-1,elkbpflj-1,Cluster 4,0,39.69
M1-TA-1_LGD-1,cpejdilg-1,Cluster 5,0,43.40
M1-TA-1_LGD-1,cpekbjjb-1,Cluster 5,0,39.92
M1-TA-1_LGD-1,cpejdkkh-1,Cluster 5,0,30.25
M1-TA-1_LGD-1,elkccdap-1,Cluster 7,0,10.70
M1-TA-1_LGD-1,flbpmdbm-1,Cluster 4,0,19.96
M1-TA-1_LGD-1,cpeacmbi-1,Cluster 2,0,23.53
M1-TA-1_LGD-1,flbpmnlk-1,Cluster 4,0,30.93
M1-TA-1_LGD-1,flbpmdcp-1,Cluster 5,0,41.63
M1-TA-1_LGD-1,cpeijhpk-1,Cluster 2,0,25.92
M1-TA-1_LGD-1,cpekagie-1,Cluster 4,0,64.62
M1-TA-1_LGD-1,flnjeipi-1,Cluster 2,0,20.05
M1-TA-1_LGD-1,cpeakjal-1,Cluster 2,0,32.83
M1-TA-1_LGD-1,cphdlglm-1,Cluster 2,0,29.22
M1-TA-1_LGD-1,cphdmcmm-1,Cluster 4,0,24.84
M1-TA-1_LGD-1,flnjbnif-1,Cluster 7,0,4.43
M1-TA-1_LGD-1,cphdmmlf-1,Cluster 2,0,17.66
M1-TA-1_LGD-1,flnjcchi-1,Cluster 2,0,22.31
M1-TA-1_LGD-1,cpejacnl-1,Cluster 4,0,27.36
M1-TA-1_LGD-1,cpeimdkj-1,Cluster 2,0,17.70
M1-TA-1_LGD-1,cpeipnmi-1,Cluster 2,0,24.70
M1-TA-1_LGD-1,cpeimkia-1,Cluster 2,0,15.08
M1-TA-1_LGD-1,cphdldah-1,Cluster 2,0,16.12
M1-TA-1_LGD-1,cphebofo-1,Cluster 5,0,31.25
M1-TA-1_LGD-1,cpiggebm-1,Cluster 2,0,25.92
M1-TA-1_LGD-1,cpeiffmk-1,Cluster 4,0,21.90
M1-TA-1_LGD-1,cpeieoif-1,Cluster 4,0,23.57
M1-TA-1_LGD-1,cpignnib-1,Cluster 4,0,41.63
M1-TA-1_LGD-1,cpheaicp-1,Cluster 2,0,29.53
M1-TA-1_LGD-1,cpigmnnm-1,Cluster 2,0,26.42
M1-TA-1_LGD-1,cphekfnb-1,Cluster 2,0,23.30
M1-TA-1_LGD-1,cphejphi-1,Cluster 2,0,31.34
M1-TA-1_LGD-1,dcaccibb-1,Cluster 2,0,16.30
M1-TA-1_LGD-1,cphencim-1,Cluster 2,0,20.64
M1-TA-1_LGD-1,cphepclk-1,Cluster 2,0,18.65
M1-TA-1_LGD-1,cphgijeo-1,Cluster 2,0,28.22
M1-TA-1_LGD-1,cphekfac-1,Cluster 2,0,14.59
M1-TA-1_LGD-1,dcacgaok-1,Cluster 2,0,20.95
M1-TA-1_LGD-1,cphggnba-1,Cluster 2,0,21.58
M1-TA-1_LGD-1,cpiceeic-1,Cluster 2,0,20.68
M1-TA-1_LGD-1,dcadbpof-1,Cluster 4,0,46.06
M1-TA-1_LGD-1,cphfhfla-1,Cluster 2,0,20.00
M1-TA-1_LGD-1,cphgcfea-1,Cluster 4,0,21.63
M1-TA-1_LGD-1,dcacochn-1,Cluster 2,0,24.20
M1-TA-1_LGD-1,cpicdbdh-1,Cluster 2,0,20.50
M1-TA-1_LGD-1,dcaclmmo-1,Cluster 2,0,54.01
M1-TA-1_LGD-1,cpicccfa-1,Cluster 2,0,22.13
M1-TA-1_LGD-1,cphgfkbn-1,Cluster 2,0,20.37
M1-TA-1_LGD-1,cpibpoap-1,Cluster 2,0,19.51
M1-TA-1_LGD-1,cphfgijc-1,Cluster 2,0,30.03
M1-TA-1_LGD-1,cphgbnde-1,Cluster 4,0,19.51
M1-TA-1_LGD-1,elkajngk-1,Cluster 4,0,12.42
M1-TA-1_LGD-1,cphfhnai-1,Cluster 2,0,22.98
M1-TA-1_LGD-1,dcacnjni-1,Cluster 5,0,18.92
M1-TA-1_LGD-1,cphgadhk-1,Cluster 2,0,21.09
M1-TA-1_LGD-1,cphfhapo-1,Cluster 2,0,23.44
M1-TA-1_LGD-1,dcadenbe-1,Cluster 4,0,25.83
M1-TA-1_LGD-1,cpheifjb-1,Cluster 2,0,21.27
M1-TA-1_LGD-1,cpieedjb-1,Cluster 4,0,24.70
M1-TA-1_LGD-1,cphfopcf-1,Cluster 2,0,22.85
M1-TA-1_LGD-1,dcaddcgc-1,Cluster 2,0,20.59
M1-TA-1_LGD-1,cphfnmfn-1,Cluster 2,0,32.65
M1-TA-1_LGD-1,cphgdnho-1,Cluster 2,0,18.79
M1-TA-1_LGD-1,cpifekbh-1,Cluster 2,0,19.82
M1-TA-1_LGD-1,cpibplbm-1,Cluster 2,0,17.61
M1-TA-1_LGD-1,elkcedhl-1,Cluster 27,0,75.55
M1-TA-1_LGD-1,flbomidp-1,Cluster 4,0,22.71
M1-TA-1_LGD-1,flbpbmmm-1,Cluster 4,0,32.87
M1-TA-1_LGD-1,elkcencp-1,Cluster 4,0,26.10
M1-TA-1_LGD-1,cphdlbpi-1,Cluster 4,0,34.23
M1-TA-1_LGD-1,elkcmljp-1,Cluster 4,0,14.36
M1-TA-1_LGD-1,flbpeglk-1,Cluster 7,0,12.37
M1-TA-1_LGD-1,elkcjmhg-1,Cluster 7,0,17.61
M1-TA-1_LGD-1,elkcofio-1,Cluster 4,0,15.08
M1-TA-1_LGD-1,elkcjjgg-1,Cluster 4,0,20.91
M1-TA-1_LGD-1,cpginimi-1,Cluster 4,0,27.55
M1-TA-1_LGD-1,elkcfmch-1,Cluster 4,0,41.05
M1-TA-1_LGD-1,cpgihmjn-1,Cluster 4,0,21.49
M1-TA-1_LGD-1,cphdkbfo-1,Cluster 4,0,37.07
M1-TA-1_LGD-1,flbglmpa-1,Cluster 2,0,11.02
M1-TA-1_LGD-1,flbpbkgn-1,Cluster 7,0,5.83
M1-TA-1_LGD-1,flbpbgig-1,Cluster 7,0,9.03
M1-TA-1_LGD-1,cphenaia-1,Cluster 2,0,27.41
M1-TA-1_LGD-1,cpghpplk-1,Cluster 4,0,51.61
M1-TA-1_LGD-1,elkbbnfl-1,Cluster 4,0,20.46
M1-TA-1_LGD-1,cpgigalj-1,Cluster 2,0,26.55
M1-TA-1_LGD-1,dcadfinj-1,Cluster 4,0,20.86
M1-TA-1_LGD-1,dcadmnok-1,Cluster 4,0,36.67
M1-TA-1_LGD-1,cphehnji-1,Cluster 4,0,22.80
M1-TA-1_LGD-1,cphggfgi-1,Cluster 4,0,29.80
M1-TA-1_LGD-1,dcadjacm-1,Cluster 2,0,23.75
M1-TA-1_LGD-1,flnjfehe-1,Cluster 4,0,22.76
M1-TA-1_LGD-1,cphffiek-1,Cluster 4,0,23.75
M1-TA-1_LGD-1,elkannlg-1,Cluster 4,0,11.56
M1-TA-1_LGD-1,cphfffao-1,Cluster 2,0,26.01
M1-TA-1_LGD-1,cpheohac-1,Cluster 4,0,66.06
M1-TA-1_LGD-1,cphgjall-1,Cluster 4,0,31.16
M1-TA-1_LGD-1,dcacaelf-1,Cluster 4,0,21.63
M1-TA-1_LGD-1,dcadeplf-1,Cluster 2,0,19.28
M1-TA-1_LGD-1,flaklmpj-1,Cluster 3,0,94.69
M1-TA-1_LGD-1,dbnealfa-1,Cluster 4,0,22.94
M1-TA-1_LGD-1,dbmfiemc-1,Cluster 6,0,59.88
M1-TA-1_LGD-1,dbmdpede-1,Cluster 5,0,28.09
M1-TA-1_LGD-1,flaempbb-1,Cluster 10,0,30.44
M1-TA-1_LGD-1,flabgogi-1,Cluster 4,0,94.29
M1-TA-1_LGD-1,dbncempb-1,Cluster 4,0,34.45
M1-TA-1_LGD-1,flabjjlc-1,Cluster 2,0,49.85
M1-TA-1_LGD-1,flaebofl-1,Cluster 19,0,36.76
M1-TA-1_LGD-1,dbncpmnj-1,Cluster 4,0,37.62
M1-TA-1_LGD-1,dbncjmfa-1,Cluster 5,0,80.06
M1-TA-1_LGD-1,flabgogj-1,Cluster 4,0,38.25
M1-TA-1_LGD-1,dbncmfan-1,Cluster 4,0,59.02
M1-TA-1_LGD-1,flaaikma-1,Cluster 6,0,71.89
M1-TA-1_LGD-1,fladibma-1,Cluster 3,0,57.71
M1-TA-1_LGD-1,flaeljdn-1,Cluster 6,0,73.60
M1-TA-1_LGD-1,flaaopjn-1,Cluster 5,0,48.63
M1-TA-1_LGD-1,fladmigc-1,Cluster 24,0,38.34
M1-TA-1_LGD-1,flaeknim-1,Cluster 6,0,25.29
M1-TA-1_LGD-1,dbndgfel-1,Cluster 2,0,19.87
M1-TA-1_LGD-1,dbndalbj-1,Cluster 2,0,13.73
M1-TA-1_LGD-1,dbncmglp-1,Cluster 5,0,59.06
M1-TA-1_LGD-1,dbmekkjf-1,Cluster 4,0,54.64
M1-TA-1_LGD-1,flaclckb-1,Cluster 4,0,54.68
M1-TA-1_LGD-1,flaagfia-1,Cluster 5,0,82.23
M1-TA-1_LGD-1,oeifmdbm-1,Cluster 14,0,32.20
M1-TA-1_LGD-1,oeifmceg-1,Cluster 14,0,42.76
M1-TA-1_LGD-1,flaegadc-1,Cluster 5,0,54.77
M1-TA-1_LGD-1,flabggno-1,Cluster 6,0,53.19
M1-TA-1_LGD-1,dbmfefec-1,Cluster 15,0,51.25
M1-TA-1_LGD-1,flaanbkc-1,Cluster 4,0,53.19
M1-TA-1_LGD-1,oeigfgoa-1,Cluster 14,0,25.11
M1-TA-1_LGD-1,flaafaln-1,Cluster 4,0,62.27
M1-TA-1_LGD-1,fkppdebf-1,Cluster 14,0,13.28
M1-TA-1_LGD-1,flabflim-1,Cluster 14,0,16.21
M1-TA-1_LGD-1,oeiflkka-1,Unassigned,0,15.35
M1-TA-1_LGD-1,dbndehep-1,Cluster 2,0,32.06
M1-TA-1_LGD-1,flaapobc-1,Cluster 6,0,53.56
M1-TA-1_LGD-1,dbmcclgi-1,Cluster 4,0,72.16
M1-TA-1_LGD-1,flafacgi-1,Cluster 4,0,80.69
M1-TA-1_LGD-1,fladhkml-1,Cluster 3,0,91.35
M1-TA-1_LGD-1,dbmcmmdm-1,Cluster 5,0,23.89
M1-TA-1_LGD-1,dbmedaeb-1,Cluster 2,0,58.43
M1-TA-1_LGD-1,dbmebfpg-1,Cluster 5,0,46.06
M1-TA-1_LGD-1,flacohmp-1,Cluster 4,0,21.99
M1-TA-1_LGD-1,dbmcpkia-1,Cluster 4,0,44.21
M1-TA-1_LGD-1,dbmcckpe-1,Cluster 5,0,27.91
M1-TA-1_LGD-1,dbmegfdf-1,Cluster 4,0,51.03
M1-TA-1_LGD-1,flacchag-1,Cluster 5,0,102.05
M1-TA-1_LGD-1,fladjnpe-1,Cluster 7,0,16.35
M1-TA-1_LGD-1,dbmeajdn-1,Cluster 2,0,34.00
M1-TA-1_LGD-1,flafgpbk-1,Cluster 5,0,18.47
M1-TA-1_LGD-1,dbmedlib-1,Cluster 4,0,35.36
M1-TA-1_LGD-1,fladjjcb-1,Cluster 3,0,9.53
M1-TA-1_LGD-1,flaffgdm-1,Cluster 7,0,4.56
M1-TA-1_LGD-1,flafgecn-1,Cluster 5,0,20.68
M1-TA-1_LGD-1,flafipok-1,Cluster 3,0,48.54
M1-TA-1_LGD-1,dbmclggb-1,Cluster 4,0,24.66
M1-TA-1_LGD-1,dbmeggei-1,Cluster 4,0,43.44
M1-TA-1_LGD-1,flafffbp-1,Cluster 6,0,27.64
M1-TA-1_LGD-1,dbmcbmkj-1,Cluster 4,0,46.33
M1-TA-1_LGD-1,flafihgk-1,Cluster 3,0,90.27
M1-TA-1_LGD-1,flacoojh-1,Cluster 4,0,48.41
M1-TA-1_LGD-1,dbmenffk-1,Cluster 4,0,36.13
M1-TA-1_LGD-1,oeiggoop-1,Cluster 14,0,17.02
M1-TA-1_LGD-1,dbmdbefl-1,Cluster 4,0,28.72
M1-TA-1_LGD-1,dbmdlffo-1,Cluster 4,0,35.31
M1-TA-1_LGD-1,fladiemn-1,Cluster 10,0,98.76
M1-TA-1_LGD-1,flaeondi-1,Cluster 2,0,74.46
M1-TA-1_LGD-1,flacldaf-1,Cluster 10,0,55.09
M1-TA-1_LGD-1,dbmeakfk-1,Cluster 4,0,40.51
M1-TA-1_LGD-1,flaeikfe-1,Cluster 10,0,73.11
M1-TA-1_LGD-1,dbpjoohc-1,Cluster 2,0,24.16
M1-TA-1_LGD-1,dbpjfebp-1,Cluster 4,0,26.73
M1-TA-1_LGD-1,dbmdpepo-1,Cluster 5,0,33.37
M1-TA-1_LGD-1,dbphomdf-1,Cluster 2,0,30.12
M1-TA-1_LGD-1,dbpinbdh-1,Cluster 4,0,22.85
M1-TA-1_LGD-1,dbmdmlaf-1,Cluster 4,0,23.98
M1-TA-1_LGD-1,dbpiagpe-1,Cluster 5,0,26.15
M1-TA-1_LGD-1,dbpiidla-1,Cluster 4,0,21.31
M1-TA-1_LGD-1,dbphpdng-1,Cluster 2,0,21.77
M1-TA-1_LGD-1,fkokagkd-1,Cluster 4,0,15.13
M1-TA-1_LGD-1,dbpjfjop-1,Cluster 2,0,29.13
M1-TA-1_LGD-1,dbndhbah-1,Cluster 2,0,26.19
M1-TA-1_LGD-1,dbpikdgl-1,Cluster 4,0,26.33
M1-TA-1_LGD-1,dbphpjck-1,Cluster 4,0,29.44
M1-TA-1_LGD-1,dbpgjiig-1,Cluster 5,0,24.20
M1-TA-1_LGD-1,dbphdjdi-1,Cluster 5,0,42.13
M1-TA-1_LGD-1,dbndcekc-1,Cluster 2,0,20.86
M1-TA-1_LGD-1,dbphnbic-1,Cluster 5,0,25.29
M1-TA-1_LGD-1,dbndmjei-1,Cluster 2,0,18.88
M1-TA-1_LGD-1,dbndpiff-1,Cluster 4,0,79.70
M1-TA-1_LGD-1,dbphhghk-1,Cluster 5,0,45.65
M1-TA-1_LGD-1,dbpiijbh-1,Cluster 4,0,33.28
M1-TA-1_LGD-1,flaodpjm-1,Cluster 10,0,37.25
M1-TA-1_LGD-1,fkkbcogn-1,Cluster 10,0,51.52
M1-TA-1_LGD-1,fkpoobee-1,Cluster 4,0,59.06
M1-TA-1_LGD-1,fkppbned-1,Cluster 24,0,59.56
M1-TA-1_LGD-1,fkkbgcda-1,Cluster 1,0,23.03
M1-TA-1_LGD-1,fkkanoff-1,Cluster 3,0,42.67
M1-TA-1_LGD-1,dbphgcbd-1,Cluster 7,0,26.01
M1-TA-1_LGD-1,dbphcghj-1,Cluster 13,0,50.76
M1-TA-1_LGD-1,fkkbeoah-1,Cluster 13,0,66.06
M1-TA-1_LGD-1,flaoemco-1,Cluster 6,0,39.51
M1-TA-1_LGD-1,fkkbgefe-1,Cluster 7,0,16.53
M1-TA-1_LGD-1,fkiahhii-1,Cluster 27,0,72.43
M1-TA-1_LGD-1,fkppegcc-1,Cluster 9,0,52.61
M1-TA-1_LGD-1,dbmddpag-1,Cluster 5,0,20.37
M1-TA-1_LGD-1,dbmdbpaf-1,Cluster 5,0,40.01
M1-TA-1_LGD-1,dbmceomf-1,Cluster 2,0,24.16
M1-TA-1_LGD-1,dbmdempo-1,Cluster 5,0,45.20
M1-TA-1_LGD-1,dbpgdbdm-1,Cluster 4,0,34.73
M1-TA-1_LGD-1,flakhmli-1,Cluster 6,0,36.98
M1-TA-1_LGD-1,dbmdelng-1,Cluster 4,0,29.22
M1-TA-1_LGD-1,dbpgbjml-1,Cluster 4,0,29.94
M1-TA-1_LGD-1,dbpfpmon-1,Cluster 4,0,17.57
M1-TA-1_LGD-1,dbpjknoa-1,Cluster 4,0,27.64
M1-TA-1_LGD-1,dbpjlcen-1,Cluster 5,0,28.76
M1-TA-1_LGD-1,flajomhf-1,Cluster 5,0,44.30
M1-TA-1_LGD-1,dbpghklj-1,Cluster 5,0,32.74
M1-TA-1_LGD-1,dbpjhpcl-1,Cluster 4,0,23.71
M1-TA-1_LGD-1,dbmchpim-1,Cluster 4,0,23.39
M1-TA-1_LGD-1,dbmdiopg-1,Cluster 5,0,14.68
M1-TA-1_LGD-1,dbpibhoh-1,Cluster 4,0,14.31
M1-TA-1_LGD-1,dbmdkmnm-1,Cluster 5,0,28.49
M1-TA-1_LGD-1,dbmdfigo-1,Cluster 5,0,15.13
M1-TA-1_LGD-1,dbmcgfln-1,Cluster 2,0,16.89
M1-TA-1_LGD-1,dbpjoaln-1,Cluster 2,0,39.33
M1-TA-1_LGD-1,dbmdkkne-1,Cluster 5,0,24.16
M1-TA-1_LGD-1,dbpigplo-1,Cluster 2,0,26.73
M1-TA-1_LGD-1,dbpifpme-1,Cluster 4,0,17.16
M1-TA-1_LGD-1,dbpicfpk-1,Cluster 2,0,36.22
M1-TA-1_LGD-1,dbpjoeag-1,Cluster 4,0,38.20
M1-TA-1_LGD-1,dbpjkaea-1,Cluster 4,0,26.55
M1-TA-1_LGD-1,dbpkaejc-1,Cluster 2,0,25.38
M1-TA-1_LGD-1,dbpjikon-1,Cluster 4,0,29.40
M1-TA-1_LGD-1,dbmeaiaj-1,Cluster 7,0,16.08
M1-TA-1_LGD-1,dbmdpjhi-1,Cluster 4,0,24.11
M1-TA-1_LGD-1,dbpgmdfk-1,Cluster 4,0,21.27
M1-TA-1_LGD-1,dbpgllio-1,Cluster 4,0,30.62
M1-TA-1_LGD-1,dbpjckhm-1,Cluster 4,0,46.92
M1-TA-1_LGD-1,dbpolpge-1,Cluster 5,0,39.42
M1-TA-1_LGD-1,dbplpcoc-1,Cluster 2,0,18.29
M1-TA-1_LGD-1,dbplogdf-1,Cluster 4,0,25.02
M1-TA-1_LGD-1,dbplpbpo-1,Cluster 4,0,21.18
M1-TA-1_LGD-1,dbpmlieg-1,Cluster 2,0,20.95
M1-TA-1_LGD-1,dcaelkci-1,Cluster 4,0,20.91
M1-TA-1_LGD-1,dcaabhpn-1,Cluster 2,0,26.19
M1-TA-1_LGD-1,dbppjedc-1,Cluster 2,0,30.44
M1-TA-1_LGD-1,dcaajnlk-1,Cluster 2,0,17.93
M1-TA-1_LGD-1,dcaajgca-1,Cluster 5,0,34.36
M1-TA-1_LGD-1,dbppomfc-1,Cluster 5,0,31.47
M1-TA-1_LGD-1,dcabolcl-1,Cluster 4,0,26.33
M1-TA-1_LGD-1,dcaemcgc-1,Cluster 2,0,26.19
M1-TA-1_LGD-1,dcabhipa-1,Cluster 4,0,21.49
M1-TA-1_LGD-1,dbppjlma-1,Cluster 2,0,27.64
M1-TA-1_LGD-1,dcabighl-1,Cluster 4,0,19.10
M1-TA-1_LGD-1,dbppgkli-1,Cluster 4,0,36.13
M1-TA-1_LGD-1,dcabidck-1,Cluster 4,0,59.74
M1-TA-1_LGD-1,dcabknpl-1,Cluster 4,0,30.07
M1-TA-1_LGD-1,flablcde-1,Cluster 2,0,27.55
M1-TA-1_LGD-1,dbppechj-1,Cluster 4,0,50.35
M1-TA-1_LGD-1,fladhjmf-1,Cluster 7,0,19.19
M1-TA-1_LGD-1,dbppaggc-1,Cluster 4,0,83.00
M1-TA-1_LGD-1,dcabgbec-1,Cluster 4,0,20.41
M1-TA-1_LGD-1,dcabellh-1,Cluster 4,0,31.25
M1-TA-1_LGD-1,dcaeinmb-1,Cluster 5,0,41.09
M1-TA-1_LGD-1,dcabeiop-1,Cluster 4,0,19.60
M1-TA-1_LGD-1,dbpoikgi-1,Cluster 4,0,25.92
M1-TA-1_LGD-1,dbppjgla-1,Cluster 4,0,27.50
M1-TA-1_LGD-1,dcaaojlh-1,Cluster 4,0,16.66
M1-TA-1_LGD-1,dcaefakm-1,Cluster 4,0,26.87
M1-TA-1_LGD-1,dcabobnb-1,Cluster 4,0,41.14
M1-TA-1_LGD-1,flacfbal-1,Cluster 5,0,60.46
M1-TA-1_LGD-1,dcaankbd-1,Cluster 2,0,27.59
M1-TA-1_LGD-1,flacgonc-1,Cluster 5,0,82.59
M1-TA-1_LGD-1,dbppedfn-1,Cluster 4,0,55.14
M1-TA-1_LGD-1,flceoimn-1,Cluster 4,0,26.82
M1-TA-1_LGD-1,flcenjap-1,Cluster 4,0,21.09
M1-TA-1_LGD-1,dbpobdbf-1,Cluster 4,0,47.23
M1-TA-1_LGD-1,dbpofkap-1,Cluster 4,0,38.34
M1-TA-1_LGD-1,flceogdb-1,Cluster 27,0,128.56
M1-TA-1_LGD-1,flcenmha-1,Cluster 4,0,60.46
M1-TA-1_LGD-1,flcghhog-1,Cluster 27,0,87.47
M1-TA-1_LGD-1,flcgnnof-1,Cluster 19,0,105.53
M1-TA-1_LGD-1,dbpnloab-1,Cluster 4,0,40.28
M1-TA-1_LGD-1,flcdpnkj-1,Cluster 9,0,46.38
M1-TA-1_LGD-1,flcgpblc-1,Cluster 19,0,58.30
M1-TA-1_LGD-1,elkancmh-1,Cluster 9,0,30.48
M1-TA-1_LGD-1,flcggmoa-1,Cluster 4,0,53.33
M1-TA-1_LGD-1,dcackggd-1,Cluster 4,0,57.35
M1-TA-1_LGD-1,flcgenei-1,Cluster 4,0,28.18
M1-TA-1_LGD-1,flcgealb-1,Cluster 4,0,37.43
M1-TA-1_LGD-1,dbpoeffa-1,Cluster 4,0,46.83
M1-TA-1_LGD-1,dbplgiib-1,Cluster 2,0,26.24
M1-TA-1_LGD-1,dbplkmbf-1,Cluster 2,0,22.40
M1-TA-1_LGD-1,dbpoaeki-1,Cluster 2,0,17.43
M1-TA-1_LGD-1,dbpmppno-1,Cluster 4,0,31.25
M1-TA-1_LGD-1,dbpodpel-1,Cluster 2,0,25.20
M1-TA-1_LGD-1,dbpnekkc-1,Cluster 2,0,24.88
M1-TA-1_LGD-1,dbpohcmd-1,Cluster 2,0,23.07
M1-TA-1_LGD-1,flabkkfp-1,Cluster 4,0,24.38
M1-TA-1_LGD-1,dbpmbbmk-1,Cluster 2,0,42.36
M1-TA-1_LGD-1,dbplkjpd-1,Cluster 4,0,21.54
M1-TA-1_LGD-1,dbpmhomg-1,Cluster 2,0,47.23
M1-TA-1_LGD-1,dbpnbbmm-1,Cluster 4,0,22.17
M1-TA-1_LGD-1,dbpnfoje-1,Cluster 4,0,26.46
M1-TA-1_LGD-1,dbpmdpfm-1,Cluster 5,0,24.93
M1-TA-1_LGD-1,dbpmkkkp-1,Cluster 5,0,44.07
M1-TA-1_LGD-1,dbpmcpab-1,Cluster 2,0,20.73
M1-TA-1_LGD-1,dbpnaple-1,Cluster 2,0,57.26
M1-TA-1_LGD-1,dbpnhpaj-1,Cluster 5,0,45.88
M1-TA-1_LGD-1,flalcajf-1,Cluster 10,0,46.96
M1-TA-1_LGD-1,dblgnble-1,Cluster 3,0,35.49
M1-TA-1_LGD-1,dblgnejb-1,Cluster 6,0,37.75
M1-TA-1_LGD-1,dblgkobn-1,Cluster 6,0,44.80
M1-TA-1_LGD-1,flakggpj-1,Cluster 10,0,59.65
M1-TA-1_LGD-1,flakhdae-1,Cluster 4,0,45.16
M1-TA-1_LGD-1,dblgldmd-1,Cluster 15,0,46.92
M1-TA-1_LGD-1,flabneod-1,Cluster 24,0,19.73
M1-TA-1_LGD-1,dbmbokgp-1,Cluster 4,0,129.10
M1-TA-1_LGD-1,dbppabge-1,Cluster 4,0,40.46
M1-TA-1_LGD-1,dcaagbpm-1,Cluster 2,0,37.25
M1-TA-1_LGD-1,dcaajela-1,Cluster 5,0,35.63
M1-TA-1_LGD-1,flacbdmp-1,Cluster 10,0,47.41
M1-TA-1_LGD-1,flakbiad-1,Cluster 3,0,36.22
M1-TA-1_LGD-1,dbpoihgi-1,Cluster 4,0,48.41
M1-TA-1_LGD-1,flakbcmn-1,Cluster 3,0,216.07
M1-TA-1_LGD-1,dcaagokj-1,Cluster 4,0,50.85
M1-TA-1_LGD-1,dcaaikin-1,Cluster 12,0,60.96
M1-TA-1_LGD-1,flakmkkj-1,Cluster 6,0,33.28
M1-TA-1_LGD-1,flacbokj-1,Cluster 10,0,60.55
M1-TA-1_LGD-1,flacbkig-1,Cluster 4,0,33.42
M1-TA-1_LGD-1,flakkmne-1,Cluster 3,0,50.62
M1-TA-1_LGD-1,dbpoihag-1,Cluster 4,0,37.93
M1-TA-1_LGD-1,dcaahgia-1,Cluster 4,0,61.95
M1-TA-1_LGD-1,flalaapo-1,Cluster 6,0,39.69
M1-TA-1_LGD-1,dcaaifej-1,Cluster 4,0,37.21
M1-TA-1_LGD-1,flabplbp-1,Cluster 4,0,58.52
M1-TA-1_LGD-1,dbpfmmbj-1,Cluster 4,0,36.71
M1-TA-1_LGD-1,dcaafmkm-1,Cluster 5,0,27.55
M1-TA-1_LGD-1,flakpabl-1,Cluster 9,0,34.32
M1-TA-1_LGD-1,flakebpe-1,Cluster 3,0,31.88
M1-TA-1_LGD-1,flacahkk-1,Cluster 27,0,38.56
M1-TA-1_LGD-1,flablljj-1,Cluster 7,0,23.21
M1-TA-1_LGD-1,dcaagafp-1,Cluster 4,0,42.54
M1-TA-1_LGD-1,flcbobed-1,Cluster 5,0,72.57
M1-TA-1_LGD-1,flcabdjg-1,Cluster 14,0,10.30
M1-TA-1_LGD-1,flcffnhj-1,Cluster 10,0,94.15
M1-TA-1_LGD-1,dblgjaab-1,Cluster 5,0,52.34
M1-TA-1_LGD-1,flcdgbaj-1,Cluster 6,0,48.81
M1-TA-1_LGD-1,flcaiclc-1,Cluster 9,0,16.89
M1-TA-1_LGD-1,flcdlilh-1,Cluster 6,0,20.86
M1-TA-1_LGD-1,flcdkcid-1,Cluster 14,0,31.43
M1-TA-1_LGD-1,flcbmlid-1,Cluster 3,0,29.31
M1-TA-1_LGD-1,flcafdmn-1,Cluster 19,0,23.07
M1-TA-1_LGD-1,dblghbib-1,Cluster 4,0,41.54
M1-TA-1_LGD-1,dblghffp-1,Cluster 5,0,61.59
M1-TA-1_LGD-1,dblgnkmf-1,Cluster 4,0,42.18
M1-TA-1_LGD-1,flcbngfl-1,Cluster 4,0,36.44
M1-TA-1_LGD-1,dblghmaa-1,Cluster 4,0,41.36
M1-TA-1_LGD-1,flcahgdo-1,Cluster 3,0,64.26
M1-TA-1_LGD-1,flcaobak-1,Cluster 6,0,46.87
M1-TA-1_LGD-1,flcbfdam-1,Cluster 5,0,40.64
M1-TA-1_LGD-1,dbpmmean-1,Cluster 5,0,20.05
M1-TA-1_LGD-1,flcbcpgc-1,Cluster 3,0,45.74
M1-TA-1_LGD-1,flcapala-1,Cluster 10,0,51.16
M1-TA-1_LGD-1,flcapggk-1,Cluster 10,0,90.27
M1-TA-1_LGD-1,flcfblkk-1,Cluster 7,0,19.55
M1-TA-1_LGD-1,dbpmlimj-1,Cluster 15,0,55.00
M1-TA-1_LGD-1,dbpnaogh-1,Cluster 5,0,67.82
M1-TA-1_LGD-1,oeihbkpe-1,Cluster 14,0,50.03
M1-TA-1_LGD-1,flcaejbo-1,Cluster 6,0,27.05
M1-TA-1_LGD-1,flcagcba-1,Cluster 10,0,46.42
M1-TA-1_LGD-1,flcbadif-1,Cluster 3,0,28.99
M1-TA-1_LGD-1,flbggcfe-1,Cluster 6,0,42.40
M1-TA-1_LGD-1,flalckhf-1,Cluster 6,0,89.18
M1-TA-1_LGD-1,fkomeinb-1,Cluster 10,0,43.85
M1-TA-1_LGD-1,flbgifaj-1,Cluster 6,0,62.95
M1-TA-1_LGD-1,flbgijjo-1,Cluster 10,0,92.93
M1-TA-1_LGD-1,dblmbejk-1,Cluster 5,0,68.73
M1-TA-1_LGD-1,cphamkjm-1,Cluster 7,0,23.57
M1-TA-1_LGD-1,cpghbcco-1,Cluster 2,0,21.81
M1-TA-1_LGD-1,cpehfgmp-1,Cluster 7,0,16.71
M1-TA-1_LGD-1,cpehfmjn-1,Cluster 2,0,23.26
M1-TA-1_LGD-1,cpefimlk-1,Cluster 7,0,17.02
M1-TA-1_LGD-1,cpdmamnm-1,Cluster 2,0,25.11
M1-TA-1_LGD-1,elkdjaoi-1,Cluster 2,0,20.14
M1-TA-1_LGD-1,cpehcedl-1,Cluster 2,0,19.78
M1-TA-1_LGD-1,cpefoona-1,Cluster 2,0,17.52
M1-TA-1_LGD-1,cpefoenb-1,Cluster 2,0,29.71
M1-TA-1_LGD-1,cpegpmfe-1,Cluster 2,0,23.30
M1-TA-1_LGD-1,cpehokob-1,Cluster 2,0,42.36
M1-TA-1_LGD-1,cpghaiab-1,Cluster 2,0,25.20
M1-TA-1_LGD-1,cpdmdiof-1,Cluster 2,0,17.25
M1-TA-1_LGD-1,cpdmdehe-1,Cluster 2,0,19.82
M1-TA-1_LGD-1,cpehklma-1,Cluster 4,0,21.40
M1-TA-1_LGD-1,cpghacha-1,Cluster 7,0,15.31
M1-TA-1_LGD-1,cpeglkdp-1,Cluster 2,0,41.63
M1-TA-1_LGD-1,cpehkgpc-1,Cluster 4,0,25.33
M1-TA-1_LGD-1,cpehinlp-1,Cluster 2,0,66.97
M1-TA-1_LGD-1,cpegkngc-1,Cluster 2,0,36.76
M1-TA-1_LGD-1,cpgnkebj-1,Cluster 4,0,36.98
M1-TA-1_LGD-1,cpegjmpe-1,Cluster 7,0,14.99
M1-TA-1_LGD-1,flcfljce-1,Cluster 5,0,38.52
M1-TA-1_LGD-1,cpdmnfgh-1,Cluster 2,0,16.57
M1-TA-1_LGD-1,cpggkpea-1,Cluster 4,0,28.90
M1-TA-1_LGD-1,cpeggfcf-1,Cluster 2,0,29.40
M1-TA-1_LGD-1,cpegfnok-1,Cluster 2,0,25.33
M1-TA-1_LGD-1,cpgglnji-1,Cluster 2,0,24.34
M1-TA-1_LGD-1,flcfohdo-1,Cluster 4,0,33.69
M1-TA-1_LGD-1,cpdmipim-1,Cluster 2,0,26.73
M1-TA-1_LGD-1,cpehkdgk-1,Cluster 4,0,24.88
M1-TA-1_LGD-1,cpdmjdpd-1,Cluster 2,0,33.28
M1-TA-1_LGD-1,cpekcgba-1,Cluster 2,0,71.80
M1-TA-1_LGD-1,cpejgmim-1,Cluster 2,0,24.57
M1-TA-1_LGD-1,cphdlghf-1,Cluster 2,0,28.18
M1-TA-1_LGD-1,cphdmmji-1,Cluster 2,0,61.23
M1-TA-1_LGD-1,elkcdlnn-1,Cluster 7,0,3.75
M1-TA-1_LGD-1,cpglidoi-1,Cluster 4,0,39.38
M1-TA-1_LGD-1,cpgklobo-1,Cluster 4,0,42.18
M1-TA-1_LGD-1,fcgpldob-1,Cluster 4,0,117.09
M1-TA-1_LGD-1,fchfafal-1,Cluster 3,0,20.00
M1-TA-1_LGD-1,cpgniiof-1,Cluster 4,0,56.22
M1-TA-1_LGD-1,cphcalpe-1,Cluster 4,0,78.53
M1-TA-1_LGD-1,fchepjem-1,Cluster 6,0,29.26
M1-TA-1_LGD-1,cphbkech-1,Cluster 4,0,197.24
M1-TA-1_LGD-1,cpgkeaap-1,Cluster 4,0,77.08
M1-TA-1_LGD-1,cphbgeea-1,Cluster 25,0,46.06
M1-TA-1_LGD-1,fcgpaeep-1,Cluster 4,0,32.29
M1-TA-1_LGD-1,cpgkfggn-1,Cluster 5,0,91.08
M1-TA-1_LGD-1,cpgkeppj-1,Cluster 4,0,60.64
M1-TA-1_LGD-1,fcgpkjol-1,Cluster 4,0,97.13
M1-TA-1_LGD-1,cphbioco-1,Cluster 2,0,128.20
M1-TA-1_LGD-1,cphbinjo-1,Cluster 4,0,106.12
M1-TA-1_LGD-1,cphbplgg-1,Cluster 4,0,42.04
M1-TA-1_LGD-1,eljnnbll-1,Cluster 3,0,20.95
M1-TA-1_LGD-1,flbfmijj-1,Cluster 4,0,93.83
M1-TA-1_LGD-1,cpgjldbg-1,Cluster 2,0,57.75
M1-TA-1_LGD-1,cpgnphaa-1,Cluster 4,0,41.63
M1-TA-1_LGD-1,cpehcpjo-1,Cluster 2,0,20.95
M1-TA-1_LGD-1,fldplomo-1,Cluster 4,0,43.35
M1-TA-1_LGD-1,cpehckjl-1,Cluster 2,0,31.38
M1-TA-1_LGD-1,cpgnoanp-1,Cluster 2,0,31.61
M1-TA-1_LGD-1,cpehhmjh-1,Cluster 2,0,19.82
M1-TA-1_LGD-1,elkdjdhc-1,Cluster 7,0,15.44
M1-TA-1_LGD-1,cpehfpgn-1,Cluster 4,0,43.30
M1-TA-1_LGD-1,cpehidem-1,Cluster 2,0,28.04
M1-TA-1_LGD-1,fldplkcc-1,Cluster 2,0,20.64
M1-TA-1_LGD-1,flbgabnb-1,Cluster 4,0,74.87
M1-TA-1_LGD-1,flbfplmi-1,Cluster 4,0,82.55
M1-TA-1_LGD-1,fleacanb-1,Cluster 4,0,37.34
M1-TA-1_LGD-1,flbfoamk-1,Cluster 4,0,88.37
M1-TA-1_LGD-1,cpghpnhp-1,Cluster 2,0,51.39
M1-TA-1_LGD-1,cpgjpdnh-1,Cluster 4,0,38.70
M1-TA-1_LGD-1,cpghpina-1,Cluster 2,0,32.87
M1-TA-1_LGD-1,cpgjnkjd-1,Cluster 4,0,40.46
M1-TA-1_LGD-1,flegaphd-1,Cluster 4,0,30.35
M1-TA-1_LGD-1,cpghhiih-1,Cluster 5,0,36.35
M1-TA-1_LGD-1,cpgghnob-1,Cluster 7,0,54.37
M1-TA-1_LGD-1,cpgjpdka-1,Cluster 4,0,22.58
M1-TA-1_LGD-1,cpgjaidn-1,Cluster 4,0,28.13
M1-TA-1_LGD-1,cpggmfmj-1,Cluster 2,0,40.19
M1-TA-1_LGD-1,cpghdfdj-1,Cluster 2,0,69.18
M1-TA-1_LGD-1,elkdbjng-1,Cluster 4,0,27.86
M1-TA-1_LGD-1,cpghllim-1,Cluster 4,0,29.35
M1-TA-1_LGD-1,flbolhde-1,Cluster 4,0,20.64
M1-TA-1_LGD-1,cpghdipp-1,Cluster 2,0,31.25
M1-TA-1_LGD-1,flehebnb-1,Cluster 7,0,11.74
M1-TA-1_LGD-1,cpghkaak-1,Cluster 4,0,21.40
M1-TA-1_LGD-1,fleghjaf-1,Cluster 7,0,14.50
M1-TA-1_LGD-1,cpghmbjg-1,Cluster 4,0,20.68
M1-TA-1_LGD-1,cpgjfhgp-1,Cluster 2,0,35.18
M1-TA-1_LGD-1,flbofcnp-1,Cluster 4,0,32.20
M1-TA-1_LGD-1,flbokcpl-1,Cluster 2,0,32.42
M1-TA-1_LGD-1,cpgjgbgn-1,Cluster 4,0,41.41
M1-TA-1_LGD-1,cpggpmmi-1,Cluster 2,0,98.17
M1-TA-1_LGD-1,cpghdgph-1,Cluster 2,0,25.38
M1-TA-1_LGD-1,cpghdjbo-1,Cluster 5,0,54.77
M1-TA-1_LGD-1,cpghhcfo-1,Cluster 2,0,37.39
M1-TA-1_LGD-1,cpghhajc-1,Cluster 2,0,20.00
M1-TA-1_LGD-1,flbpoing-1,Cluster 2,0,25.11
M1-TA-1_LGD-1,flbomdge-1,Cluster 4,0,42.31
M1-TA-1_LGD-1,elkbpkon-1,Cluster 7,0,10.79
M1-TA-1_LGD-1,flbohafl-1,Cluster 4,0,19.82
M1-TA-1_LGD-1,elkbgole-1,Cluster 4,0,42.54
M1-TA-1_LGD-1,flbomcmg-1,Cluster 4,0,50.39
M1-TA-1_LGD-1,cphdhihm-1,Cluster 2,0,70.94
M1-TA-1_LGD-1,cphbcmjb-1,Cluster 5,0,54.91
M1-TA-1_LGD-1,cphbkbml-1,Cluster 4,0,50.85
M1-TA-1_LGD-1,cphclnhl-1,Cluster 4,0,28.63
M1-TA-1_LGD-1,cphchgik-1,Cluster 4,0,60.46
M1-TA-1_LGD-1,cphcbajb-1,Cluster 4,0,69.36
M1-TA-1_LGD-1,fcgnkjda-1,Cluster 3,0,14.40
M1-TA-1_LGD-1,fcgnpnda-1,Cluster 3,0,32.33
M1-TA-1_LGD-1,cphcdlbk-1,Cluster 4,0,101.42
M1-TA-1_LGD-1,cphcenmf-1,Cluster 4,0,132.22
M1-TA-1_LGD-1,cphbmopl-1,Cluster 4,0,93.07
M1-TA-1_LGD-1,cphbhpkd-1,Cluster 4,0,123.73
M1-TA-1_LGD-1,cphbnepa-1,Cluster 4,0,47.87
M1-TA-1_LGD-1,fcgoaafg-1,Cluster 3,0,64.39
M1-TA-1_LGD-1,fcgnjaik-1,Cluster 1,0,16.80
M1-TA-1_LGD-1,fchamdkj-1,Cluster 1,0,17.88
M1-TA-1_LGD-1,cphcmaoc-1,Cluster 2,0,34.50
M1-TA-1_LGD-1,fchappok-1,Cluster 25,0,14.31
M1-TA-1_LGD-1,cphcdbhk-1,Cluster 4,0,83.22
M1-TA-1_LGD-1,cphccllb-1,Cluster 4,0,71.93
M1-TA-1_LGD-1,eljnkknp-1,Cluster 7,0,62.41
M1-TA-1_LGD-1,cpgepgfj-1,Cluster 4,0,35.09
M1-TA-1_LGD-1,fledmlko-1,Cluster 4,0,25.51
M1-TA-1_LGD-1,cpgfglkb-1,Cluster 4,0,29.31
M1-TA-1_LGD-1,flednpde-1,Cluster 4,0,147.66
M1-TA-1_LGD-1,fledpbhh-1,Cluster 4,0,67.01
M1-TA-1_LGD-1,fchaoing-1,Cluster 4,0,69.72
M1-TA-1_LGD-1,cpgfboao-1,Cluster 4,0,42.67
M1-TA-1_LGD-1,cpgeppgl-1,Cluster 2,0,20.59
M1-TA-1_LGD-1,flefkepl-1,Cluster 4,0,42.67
M1-TA-1_LGD-1,cpgjlapi-1,Cluster 4,0,59.97
M1-TA-1_LGD-1,flefkbfj-1,Cluster 2,0,19.33
M1-TA-1_LGD-1,cpgkcncj-1,Cluster 4,0,36.17
M1-TA-1_LGD-1,cpgjojil-1,Cluster 13,0,21.99
M1-TA-1_LGD-1,cpgkagma-1,Cluster 2,0,29.49
M1-TA-1_LGD-1,fchbcaga-1,Cluster 6,0,64.35
M1-TA-1_LGD-1,fchcilib-1,Cluster 5,0,48.09
M1-TA-1_LGD-1,fchdhpal-1,Cluster 5,0,119.84
M1-TA-1_LGD-1,cpgpieij-1,Cluster 5,0,32.15
M1-TA-1_LGD-1,fchdmdap-1,Cluster 4,0,40.28
M1-TA-1_LGD-1,cpgpplbg-1,Cluster 4,0,83.09
M1-TA-1_LGD-1,cpgpmajn-1,Cluster 5,0,39.02
M1-TA-1_LGD-1,fchbhcpd-1,Cluster 4,0,16.71
M1-TA-1_LGD-1,fchdpfia-1,Cluster 10,0,56.26
M1-TA-1_LGD-1,cphaaglc-1,Cluster 5,0,64.48
M1-TA-1_LGD-1,cpgdgjfm-1,Cluster 4,0,68.59
M1-TA-1_LGD-1,fchbfapf-1,Cluster 19,0,44.21
M1-TA-1_LGD-1,cphddnih-1,Cluster 4,0,33.33
M1-TA-1_LGD-1,fchbelog-1,Cluster 6,0,58.48
M1-TA-1_LGD-1,cphdbcjm-1,Cluster 4,0,40.10
M1-TA-1_LGD-1,cphdabei-1,Cluster 4,0,43.53
M1-TA-1_LGD-1,cpgbejhh-1,Cluster 4,0,96.18
M1-TA-1_LGD-1,cphdenkf-1,Cluster 5,0,38.61
M1-TA-1_LGD-1,cphdcbao-1,Cluster 2,0,56.45
M1-TA-1_LGD-1,fcheapoj-1,Cluster 5,0,37.57
M1-TA-1_LGD-1,cphcnabh-1,Cluster 5,0,40.19
M1-TA-1_LGD-1,cpgbohgp-1,Cluster 4,0,39.60
M1-TA-1_LGD-1,cphcppbb-1,Cluster 4,0,26.87
M1-TA-1_LGD-1,cphcofpo-1,Cluster 4,0,35.99
M1-TA-1_LGD-1,cpgbfpna-1,Cluster 5,0,51.84
M1-TA-1_LGD-1,cphalfpe-1,Cluster 4,0,49.67
M1-TA-1_LGD-1,fchdimei-1,Cluster 5,0,45.79
M1-TA-1_LGD-1,fchcgojm-1,Cluster 5,0,42.67
M1-TA-1_LGD-1,fchcdgfj-1,Cluster 6,0,38.83
M1-TA-1_LGD-1,fchcbjgh-1,Cluster 10,0,42.67
M1-TA-1_LGD-1,cphafbkg-1,Cluster 4,0,32.51
M1-TA-1_LGD-1,cpgpljjd-1,Cluster 5,0,58.79
M1-TA-1_LGD-1,fchedeee-1,Cluster 1,0,35.54
M1-TA-1_LGD-1,cphamcfi-1,Cluster 4,0,34.73
M1-TA-1_LGD-1,fchdloac-1,Cluster 5,0,130.91
M1-TA-1_LGD-1,cphammbn-1,Cluster 5,0,44.61
M1-TA-1_LGD-1,cphanfpl-1,Cluster 5,0,38.29
M1-TA-1_LGD-1,cphbammm-1,Cluster 4,0,38.34
M1-TA-1_LGD-1,cphbbodp-1,Cluster 5,0,43.76
M1-TA-1_LGD-1,cphbcfel-1,Cluster 4,0,32.33
M1-TA-1_LGD-1,cphbaihk-1,Cluster 4,0,61.05
M1-TA-1_LGD-1,fchcbcje-1,Cluster 27,0,29.53
M1-TA-1_LGD-1,fchdiahj-1,Cluster 4,0,75.91
M1-TA-1_LGD-1,fchebpjn-1,Cluster 10,0,31.61
M1-TA-1_LGD-1,fchdlfnb-1,Cluster 5,0,112.21
M1-TA-1_LGD-1,fchejcpn-1,Cluster 3,0,80.47
M1-TA-1_LGD-1,fcheegpb-1,Cluster 5,0,77.85
M1-TA-1_LGD-1,flehlhba-1,Cluster 7,0,21.95
M1-TA-1_LGD-1,dbllldbb-1,Cluster 2,0,54.68
M1-TA-1_LGD-1,cpghobcp-1,Cluster 2,0,63.81
M1-TA-1_LGD-1,flcfkkah-1,Cluster 4,0,40.64
M1-TA-1_LGD-1,flehgafj-1,Cluster 2,0,37.25
M1-TA-1_LGD-1,fcgodajj-1,Cluster 3,0,162.25
M1-TA-1_LGD-1,dblkeklm-1,Cluster 4,0,54.01
M1-TA-1_LGD-1,dblkcbki-1,Cluster 2,0,28.90
M1-TA-1_LGD-1,fcgoibgl-1,Cluster 7,0,22.17
M1-TA-1_LGD-1,dblkcael-1,Cluster 4,0,27.55
M1-TA-1_LGD-1,elkdfbbb-1,Cluster 3,0,103.81
M1-TA-1_LGD-1,dbllaiaj-1,Cluster 4,0,31.61
M1-TA-1_LGD-1,flchbeim-1,Cluster 4,0,91.13
M1-TA-1_LGD-1,fcgofnog-1,Cluster 4,0,38.74
M1-TA-1_LGD-1,cpgjkemd-1,Cluster 25,0,56.67
M1-TA-1_LGD-1,elkdghch-1,Cluster 6,0,77.22
M1-TA-1_LGD-1,dblknghp-1,Cluster 4,0,33.78
M1-TA-1_LGD-1,elkbmkjm-1,Cluster 6,0,78.53
M1-TA-1_LGD-1,elkboehg-1,Cluster 6,0,42.18
M1-TA-1_LGD-1,elkdilpe-1,Cluster 3,0,87.69
M1-TA-1_LGD-1,fcgofafd-1,Cluster 3,0,42.81
M1-TA-1_LGD-1,dblkmcnd-1,Cluster 2,0,23.71
M1-TA-1_LGD-1,dbllbigl-1,Cluster 2,0,20.64
M1-TA-1_LGD-1,dblkhpng-1,Cluster 2,0,36.89
M1-TA-1_LGD-1,flcfnhlj-1,Cluster 3,0,102.05
M1-TA-1_LGD-1,dblkhhog-1,Cluster 2,0,21.99
M1-TA-1_LGD-1,fcgohidi-1,Cluster 7,0,27.41
M1-TA-1_LGD-1,fcgodoec-1,Cluster 4,0,25.56
M1-TA-1_LGD-1,flcfjdio-1,Cluster 4,0,36.89
M1-TA-1_LGD-1,elkdbobc-1,Cluster 3,0,65.66
M1-TA-1_LGD-1,flcediaj-1,Cluster 7,0,26.06
M1-TA-1_LGD-1,elkdgclm-1,Cluster 9,0,41.91
M1-TA-1_LGD-1,flcfhclh-1,Cluster 2,0,34.68
M1-TA-1_LGD-1,flcfkefm-1,Cluster 2,0,35.09
M1-TA-1_LGD-1,dblkfkdf-1,Cluster 2,0,27.68
M1-TA-1_LGD-1,flcgpmlj-1,Cluster 14,0,19.10
M1-TA-1_LGD-1,flceccop-1,Cluster 4,0,43.17
M1-TA-1_LGD-1,elkbfpon-1,Cluster 4,0,116.37
M1-TA-1_LGD-1,dblnnomo-1,Cluster 2,0,58.30
M1-TA-1_LGD-1,cpgekcko-1,Cluster 4,0,44.61
M1-TA-1_LGD-1,fleiilob-1,Cluster 4,0,106.43
M1-TA-1_LGD-1,elkbfdnf-1,Cluster 4,0,17.75
M1-TA-1_LGD-1,cpgfkodg-1,Cluster 4,0,27.73
M1-TA-1_LGD-1,flehhing-1,Cluster 3,0,84.04
M1-TA-1_LGD-1,cpgejodo-1,Cluster 13,0,22.17
M1-TA-1_LGD-1,cpgelecc-1,Cluster 7,0,23.75
M1-TA-1_LGD-1,dbloiklk-1,Cluster 2,0,66.29
M1-TA-1_LGD-1,dbloghfb-1,Cluster 5,0,103.99
M1-TA-1_LGD-1,dblnmdeg-1,Cluster 2,0,68.01
M1-TA-1_LGD-1,dbloegbm-1,Cluster 4,0,72.97
M1-TA-1_LGD-1,dbljjgbf-1,Cluster 2,0,28.22
M1-TA-1_LGD-1,dbljejmd-1,Cluster 4,0,66.92
M1-TA-1_LGD-1,cpgfjmdk-1,Cluster 7,0,16.75
M1-TA-1_LGD-1,cpgfphni-1,Cluster 2,0,33.55
M1-TA-1_LGD-1,dbllhkfn-1,Cluster 4,0,80.29
M1-TA-1_LGD-1,cpgfelgk-1,Cluster 2,0,26.37
M1-TA-1_LGD-1,dbljephn-1,Cluster 2,0,32.15
M1-TA-1_LGD-1,cpggfhll-1,Cluster 4,0,21.95
M1-TA-1_LGD-1,dbljfpfn-1,Cluster 4,0,110.36
M1-TA-1_LGD-1,dblogjcp-1,Cluster 4,0,17.93
M1-TA-1_LGD-1,fcgoiild-1,Cluster 4,0,59.70
M1-TA-1_LGD-1,dblokago-1,Cluster 13,0,22.67
M1-TA-1_LGD-1,dbloahgh-1,Cluster 2,0,35.72
M1-TA-1_LGD-1,cpgfalei-1,Cluster 2,0,24.11
M1-TA-1_LGD-1,dbllpmmm-1,Cluster 2,0,34.27
M1-TA-1_LGD-1,dbljfiaf-1,Cluster 2,0,46.87
M1-TA-1_LGD-1,flehfadi-1,Cluster 9,0,33.37
M1-TA-1_LGD-1,dblmahah-1,Cluster 4,0,31.38
M1-TA-1_LGD-1,flehfifk-1,Cluster 27,0,46.56
M1-TA-1_LGD-1,cpghpojf-1,Cluster 4,0,42.54
M1-TA-1_LGD-1,elkbeibf-1,Cluster 4,0,37.75
M1-TA-1_LGD-1,flcgceaj-1,Cluster 2,0,28.04
M1-TA-1_LGD-1,flccabao-1,Cluster 4,0,63.94
M1-TA-1_LGD-1,dbllbkip-1,Cluster 4,0,38.07
M1-TA-1_LGD-1,dbllfhkg-1,Cluster 5,0,28.09
M1-TA-1_LGD-1,dbpkedbl-1,Cluster 2,0,43.35
M1-TA-1_LGD-1,dbpkcgem-1,Cluster 5,0,16.84
M1-TA-1_LGD-1,dbplagkb-1,Cluster 4,0,21.04
M1-TA-1_LGD-1,dbpkhicd-1,Cluster 4,0,25.20
M1-TA-1_LGD-1,dblhdpph-1,Cluster 4,0,89.86
M1-TA-1_LGD-1,dblhebjb-1,Cluster 2,0,76.90
M1-TA-1_LGD-1,dblifilp-1,Cluster 5,0,64.26
M1-TA-1_LGD-1,dbpkodcp-1,Cluster 5,0,20.82
M1-TA-1_LGD-1,flccgbnf-1,Cluster 3,0,37.75
M1-TA-1_LGD-1,dblhfhfk-1,Cluster 2,0,39.11
M1-TA-1_LGD-1,dbllfocd-1,Cluster 5,0,45.34
M1-TA-1_LGD-1,dbplcnko-1,Cluster 2,0,76.18
M1-TA-1_LGD-1,dbllghoi-1,Cluster 13,0,27.59
M1-TA-1_LGD-1,dbplghij-1,Cluster 4,0,16.35
M1-TA-1_LGD-1,dbpkncgm-1,Cluster 4,0,48.05
M1-TA-1_LGD-1,dblldfla-1,Cluster 4,0,29.76
M1-TA-1_LGD-1,flcbpmod-1,Cluster 4,0,81.15
M1-TA-1_LGD-1,dbpkfmbb-1,Cluster 4,0,27.36
M1-TA-1_LGD-1,dblififk-1,Cluster 4,0,36.53
M1-TA-1_LGD-1,dbplghpk-1,Cluster 5,0,104.31
M1-TA-1_LGD-1,dblhmgda-1,Cluster 4,0,41.32
M1-TA-1_LGD-1,flcefeaj-1,Cluster 4,0,24.75
M1-TA-1_LGD-1,dbpklmde-1,Cluster 4,0,67.82
M1-TA-1_LGD-1,dbpkgckf-1,Cluster 4,0,49.76
M1-TA-1_LGD-1,flcdhmln-1,Cluster 4,0,33.46
M1-TA-1_LGD-1,flcfgmam-1,Cluster 5,0,30.71
M1-TA-1_LGD-1,dblhnpem-1,Cluster 2,0,45.16
M1-TA-1_LGD-1,flcedajm-1,Cluster 4,0,33.78
M1-TA-1_LGD-1,dbpkgcci-1,Cluster 4,0,39.42
M1-TA-1_LGD-1,dbpkkkoe-1,Cluster 4,0,34.41
M1-TA-1_LGD-1,dbplfnib-1,Cluster 2,0,85.07
M1-TA-1_LGD-1,dblggepc-1,Cluster 5,0,89.23
M1-TA-1_LGD-1,dbljpeph-1,Cluster 4,0,55.86
M1-TA-1_LGD-1,flccnikb-1,Cluster 2,0,47.14
M1-TA-1_LGD-1,dblomeig-1,Cluster 15,0,39.51
M1-TA-1_LGD-1,dbllkfnc-1,Cluster 2,0,23.80
M1-TA-1_LGD-1,fleblpme-1,Cluster 4,0,39.56
M1-TA-1_LGD-1,flebmkio-1,Cluster 4,0,63.53
M1-TA-1_LGD-1,flebooai-1,Cluster 7,0,18.97
M1-TA-1_LGD-1,dblmaieo-1,Cluster 2,0,21.95
M1-TA-1_LGD-1,flccngoa-1,Cluster 27,0,30.80
M1-TA-1_LGD-1,flcddcad-1,Cluster 5,0,45.02
M1-TA-1_LGD-1,flcdchkn-1,Cluster 9,0,13.59
M1-TA-1_LGD-1,flecaeac-1,Cluster 4,0,181.17
M1-TA-1_LGD-1,dbllnjfi-1,Cluster 4,0,81.60
M1-TA-1_LGD-1,fledeaia-1,Cluster 4,0,85.71
M1-TA-1_LGD-1,dblkaiak-1,Cluster 4,0,25.24
M1-TA-1_LGD-1,dblllplh-1,Cluster 5,0,42.45
M1-TA-1_LGD-1,flcddjon-1,Cluster 4,0,101.47
M1-TA-1_LGD-1,flcdeccd-1,Cluster 4,0,78.98
M1-TA-1_LGD-1,dblphijk-1,Cluster 4,0,53.37
M1-TA-1_LGD-1,dblpkifn-1,Cluster 4,0,95.42
M1-TA-1_LGD-1,dblpkdgo-1,Cluster 4,0,56.13
M1-TA-1_LGD-1,flebglgd-1,Cluster 4,0,97.13
M1-TA-1_LGD-1,dblpljhk-1,Cluster 4,0,28.76
M1-TA-1_LGD-1,dblllmbh-1,Cluster 4,0,35.00
M1-TA-1_LGD-1,dblphmgd-1,Cluster 4,0,29.08
M1-TA-1_LGD-1,flcdeaml-1,Cluster 4,0,36.31
M1-TA-1_LGD-1,dblpicbb-1,Cluster 4,0,94.87
M1-TA-1_LGD-1,flcddmnf-1,Cluster 4,0,126.89
M1-TA-1_LGD-1,dbmabcmo-1,Cluster 4,0,72.93
M1-TA-1_LGD-1,dblpodba-1,Cluster 4,0,39.69
M1-TA-1_LGD-1,flebejmi-1,Cluster 4,0,45.70
M1-TA-1_LGD-1,flccibim-1,Cluster 4,0,52.65
M1-TA-1_LGD-1,flcddblm-1,Cluster 3,0,38.61
M1-TA-1_LGD-1,dbpkcbbg-1,Cluster 4,0,39.56
M1-TA-1_LGD-1,eljoakjm-1,Cluster 9,0,39.78
M1-TA-1_LGD-1,eljopffi-1,Cluster 16,0,64.71
M1-TA-1_LGD-1,eljomiem-1,Cluster 4,0,43.67
M1-TA-1_LGD-1,eljooboa-1,Cluster 6,0,36.58
M1-TA-1_LGD-1,eljomkic-1,Cluster 6,0,27.77
M1-TA-1_LGD-1,eljomaam-1,Cluster 6,0,48.86
M1-TA-1_LGD-1,eljofjpc-1,Cluster 4,0,30.12
M1-TA-1_LGD-1,dblefhhm-1,Cluster 5,0,50.89
M1-TA-1_LGD-1,fchehlpm-1,Cluster 6,0,44.34
M1-TA-1_LGD-1,fchefdlk-1,Cluster 5,0,71.39
M1-TA-1_LGD-1,eljodomn-1,Cluster 4,0,83.00
M1-TA-1_LGD-1,dblmhnkc-1,Cluster 5,0,50.98
M1-TA-1_LGD-1,cphciebg-1,Cluster 4,0,82.82
M1-TA-1_LGD-1,eljnlnno-1,Cluster 2,0,17.88
M1-TA-1_LGD-1,fcgomkfm-1,Cluster 4,0,54.55
M1-TA-1_LGD-1,fcgojnoj-1,Cluster 14,0,16.62
M1-TA-1_LGD-1,fchelfnn-1,Cluster 4,0,185.91
M1-TA-1_LGD-1,eljnokoo-1,Cluster 4,0,73.38
M1-TA-1_LGD-1,cphahgnf-1,Cluster 7,0,26.42
M1-TA-1_LGD-1,eljnofmi-1,Cluster 2,0,48.36
M1-TA-1_LGD-1,dblmikpj-1,Cluster 5,0,56.45
M1-TA-1_LGD-1,dblmcdin-1,Cluster 4,0,76.77
M1-TA-1_LGD-1,eljnnbna-1,Cluster 4,0,179.13
M1-TA-1_LGD-1,dblokifa-1,Cluster 2,0,29.94
M1-TA-1_LGD-1,elkbddbi-1,Cluster 4,0,202.84
M1-TA-1_LGD-1,dbleenco-1,Cluster 5,0,94.02
M1-TA-1_LGD-1,dblmcaeg-1,Cluster 4,0,105.08
M1-TA-1_LGD-1,dblnpieo-1,Cluster 2,0,67.24
M1-TA-1_LGD-1,dblmndlj-1,Cluster 7,0,31.65
M1-TA-1_LGD-1,dblnkehg-1,Cluster 2,0,55.00
M1-TA-1_LGD-1,cphcjacp-1,Cluster 4,0,98.89
M1-TA-1_LGD-1,dblmfgfp-1,Cluster 4,0,49.72
M1-TA-1_LGD-1,flecemgm-1,Cluster 4,0,75.77
M1-TA-1_LGD-1,dblmggej-1,Cluster 4,0,50.48
M1-TA-1_LGD-1,dblmdomn-1,Cluster 7,0,61.91
M1-TA-1_LGD-1,flechmph-1,Cluster 4,0,154.12
M1-TA-1_LGD-1,oeiiblci-1,Cluster 7,0,99.39
M1-TA-1_LGD-1,oeiicblh-1,Cluster 7,0,63.67
M1-TA-1_LGD-1,dbmajgid-1,Cluster 4,0,78.80
M1-TA-1_LGD-1,flegodkg-1,Cluster 4,0,48.72
M1-TA-1_LGD-1,fleglfal-1,Cluster 4,0,90.99
M1-TA-1_LGD-1,flegodpe-1,Cluster 7,0,34.14
M1-TA-1_LGD-1,dbmagohf-1,Cluster 4,0,58.43
M1-TA-1_LGD-1,fledajbp-1,Cluster 2,0,89.64
M1-TA-1_LGD-1,dbmbdhae-1,Cluster 4,0,31.47
M1-TA-1_LGD-1,dbmbdhic-1,Cluster 4,0,77.53
M1-TA-1_LGD-1,dbmbgchl-1,Cluster 4,0,110.05
M1-TA-1_LGD-1,flehmoem-1,Cluster 4,0,84.17
M1-TA-1_LGD-1,dbmbelmd-1,Cluster 4,0,65.79
M1-TA-1_LGD-1,flehnhfi-1,Cluster 2,0,38.92
M1-TA-1_LGD-1,flehamak-1,Cluster 4,0,46.56
M1-TA-1_LGD-1,dbmblgmo-1,Cluster 4,0,48.63
M1-TA-1_LGD-1,dblolihm-1,Cluster 2,0,115.24
M1-TA-1_LGD-1,dbmbiohl-1,Cluster 13,0,44.03
M1-TA-1_LGD-1,dbmbanfd-1,Cluster 13,0,31.79
M1-TA-1_LGD-1,dbmbdldo-1,Cluster 4,0,111.22
M1-TA-1_LGD-1,dbmacagb-1,Cluster 2,0,76.18
M1-TA-1_LGD-1,dbmbffih-1,Cluster 2,0,38.88
M1-TA-1_LGD-1,dbmajpkn-1,Cluster 4,0,78.35
M1-TA-1_LGD-1,dbmbcoob-1,Cluster 13,0,45.16
M1-TA-1_LGD-1,dbmajiif-1,Cluster 4,0,104.18
M1-TA-1_LGD-1,dbmalenm-1,Cluster 4,0,87.96
M1-TA-1_LGD-1,flecjfek-1,Cluster 13,0,39.51
M1-TA-1_LGD-1,dbmafomf-1,Cluster 4,0,67.42
M1-TA-1_LGD-1,dblnlmce-1,Cluster 2,0,79.25
M1-TA-1_LGD-1,dbmadelh-1,Cluster 4,0,59.88
M1-TA-1_LGD-1,flecbmpd-1,Cluster 4,0,31.43
M1-TA-1_LGD-1,dblmcicj-1,Cluster 5,0,35.99
M1-TA-1_LGD-1,flecajmn-1,Cluster 4,0,25.15
M1-TA-1_LGD-1,fleccphh-1,Cluster 4,0,35.81
M1-TA-1_LGD-1,flecaknk-1,Cluster 7,0,12.15
M1-TA-1_LGD-1,dblnccii-1,Cluster 4,0,23.53
M1-TA-1_LGD-1,flecdpbm-1,Cluster 2,0,32.38
M1-TA-1_LGD-1,dblmhkim-1,Cluster 4,0,37.62
M1-TA-1_LGD-1,dblmgilo-1,Cluster 4,0,41.09
M1-TA-1_LGD-1,fleciend-1,Cluster 4,0,94.51
M1-TA-1_LGD-1,flamjlhg-1,Cluster 1,0,19.28
M1-TA-1_LGD-1,flbnkibd-1,Cluster 4,0,42.85
M1-TA-1_LGD-1,flamedpm-1,Cluster 5,0,17.34
M1-TA-1_LGD-1,fkojkcnc-1,Cluster 4,0,58.75
M1-TA-1_LGD-1,dbnhfime-1,Cluster 2,0,53.24
M1-TA-1_LGD-1,dbnikjmc-1,Cluster 2,0,44.16
M1-TA-1_LGD-1,dbnifhji-1,Cluster 4,0,90.63
M1-TA-1_LGD-1,dbnifnni-1,Cluster 5,0,103.68
M1-TA-1_LGD-1,dbpkaahb-1,Cluster 4,0,30.12
M1-TA-1_LGD-1,dbpjmjjc-1,Cluster 4,0,35.63
M1-TA-1_LGD-1,dbnieill-1,Cluster 5,0,49.40
M1-TA-1_LGD-1,dbnhklhn-1,Cluster 4,0,38.25
M1-TA-1_LGD-1,dbpjpfjd-1,Cluster 4,0,45.61
M1-TA-1_LGD-1,dbnhpmbi-1,Cluster 4,0,57.03
M1-TA-1_LGD-1,dbpjofio-1,Cluster 5,0,25.60
M1-TA-1_LGD-1,dbpibefd-1,Cluster 27,0,58.03
M1-TA-1_LGD-1,dbnibmdg-1,Cluster 4,0,67.46
M1-TA-1_LGD-1,fkojodbj-1,Cluster 6,0,53.06
M1-TA-1_LGD-1,dbpiamkd-1,Cluster 4,0,29.44
M1-TA-1_LGD-1,dbpiahdo-1,Cluster 5,0,16.53
M1-TA-1_LGD-1,fkoklaae-1,Cluster 4,0,64.53
M1-TA-1_LGD-1,fkokimcp-1,Cluster 4,0,38.61
M1-TA-1_LGD-1,dbopnola-1,Cluster 13,0,44.21
M1-TA-1_LGD-1,fkokifij-1,Cluster 4,0,86.34
M1-TA-1_LGD-1,dbooppll-1,Cluster 5,0,58.34
M1-TA-1_LGD-1,fkkbglmp-1,Cluster 13,0,37.07
M1-TA-1_LGD-1,fkojpiij-1,Cluster 14,0,29.58
M1-TA-1_LGD-1,fkojofhn-1,Cluster 9,0,8.53
M1-TA-1_LGD-1,dbooobko-1,Cluster 5,0,55.63
M1-TA-1_LGD-1,fkojnamc-1,Cluster 4,0,28.58
M1-TA-1_LGD-1,fkokbknc-1,Cluster 9,0,16.75
M1-TA-1_LGD-1,dboollfh-1,Cluster 4,0,40.73
M1-TA-1_LGD-1,fkokchko-1,Cluster 3,0,56.22
M1-TA-1_LGD-1,fkokfjec-1,Cluster 7,0,43.67
M1-TA-1_LGD-1,dbpaaclk-1,Cluster 4,0,26.24
M1-TA-1_LGD-1,fkokcogo-1,Cluster 4,0,45.29
M1-TA-1_LGD-1,fkojldbd-1,Cluster 3,0,49.90
M1-TA-1_LGD-1,fkokhagl-1,Cluster 4,0,25.47
M1-TA-1_LGD-1,dbpgnlbh-1,Cluster 13,0,53.42
M1-TA-1_LGD-1,fkooacak-1,Cluster 7,0,35.76
M1-TA-1_LGD-1,flcaacpg-1,Cluster 2,0,46.87
M1-TA-1_LGD-1,dblhafff-1,Cluster 5,0,44.61
M1-TA-1_LGD-1,flalmbag-1,Cluster 4,0,84.08
M1-TA-1_LGD-1,fkomomfm-1,Cluster 4,0,30.16
M1-TA-1_LGD-1,flbgdeif-1,Cluster 4,0,75.95
M1-TA-1_LGD-1,fkopakdc-1,Cluster 5,0,34.86
M1-TA-1_LGD-1,flamddcf-1,Cluster 4,0,54.91
M1-TA-1_LGD-1,flaldaaa-1,Cluster 10,0,75.50
M1-TA-1_LGD-1,fkompnoo-1,Cluster 5,0,25.38
M1-TA-1_LGD-1,flalnfcn-1,Cluster 5,0,43.12
M1-TA-1_LGD-1,fkonbnla-1,Cluster 4,0,49.49
M1-TA-1_LGD-1,flalgegm-1,Cluster 25,0,45.47
M1-TA-1_LGD-1,fkomdogc-1,Cluster 24,0,38.65
M1-TA-1_LGD-1,dblgnbll-1,Cluster 15,0,43.30
M1-TA-1_LGD-1,fkonnagn-1,Cluster 4,0,28.99
M1-TA-1_LGD-1,fkooagnb-1,Cluster 5,0,40.96
M1-TA-1_LGD-1,flamagje-1,Cluster 4,0,66.92
M1-TA-1_LGD-1,flaljaoc-1,Cluster 7,0,17.29
M1-TA-1_LGD-1,flamdmcn-1,Cluster 5,0,34.18
M1-TA-1_LGD-1,flalkmga-1,Cluster 4,0,27.36
M1-TA-1_LGD-1,flcbfaic-1,Cluster 6,0,42.81
M1-TA-1_LGD-1,flbgemak-1,Cluster 4,0,74.51
M1-TA-1_LGD-1,flakonja-1,Cluster 5,0,58.52
M1-TA-1_LGD-1,fkoocflc-1,Cluster 14,0,28.31
M1-TA-1_LGD-1,flakjelp-1,Cluster 25,0,68.32
M1-TA-1_LGD-1,fkolapef-1,Cluster 27,0,152.36
M1-TA-1_LGD-1,fkoopbio-1,Cluster 6,0,47.96
M1-TA-1_LGD-1,oeiepemo-1,Cluster 6,0,19.91
M1-TA-1_LGD-1,fkolojca-1,Cluster 6,0,59.15
M1-TA-1_LGD-1,fkojkgia-1,Cluster 27,0,35.49
M1-TA-1_LGD-1,fkolkadk-1,Cluster 27,0,178.14
M1-TA-1_LGD-1,dbnhjjno-1,Cluster 4,0,52.16
M1-TA-1_LGD-1,fkolhphc-1,Cluster 4,0,41.86
M1-TA-1_LGD-1,dbnilpae-1,Cluster 2,0,49.40
M1-TA-1_LGD-1,dbnkkbfe-1,Cluster 2,0,39.11
M1-TA-1_LGD-1,dbnkihhn-1,Cluster 2,0,33.42
M1-TA-1_LGD-1,dbnjbibp-1,Cluster 4,0,41.27
M1-TA-1_LGD-1,dbnippod-1,Cluster 2,0,47.23
M1-TA-1_LGD-1,dbnkcnkb-1,Cluster 2,0,21.72
M1-TA-1_LGD-1,dbnkggnk-1,Cluster 2,0,61.37
M1-TA-1_LGD-1,fkooihdj-1,Cluster 5,0,24.57
M1-TA-1_LGD-1,dbnimedb-1,Cluster 2,0,43.89
M1-TA-1_LGD-1,dbnhcenp-1,Cluster 4,0,46.42
M1-TA-1_LGD-1,dbnkfcec-1,Cluster 5,0,74.42
M1-TA-1_LGD-1,dbnjccjb-1,Cluster 5,0,85.62
M1-TA-1_LGD-1,fkookebd-1,Cluster 4,0,132.80
M1-TA-1_LGD-1,fkolhfkb-1,Cluster 4,0,67.42
M1-TA-1_LGD-1,dbnjgffb-1,Cluster 4,0,26.96
M1-TA-1_LGD-1,dbpdnobc-1,Cluster 4,0,30.80
M1-TA-1_LGD-1,dbpdnejn-1,Cluster 25,0,34.82
M1-TA-1_LGD-1,fkooijfg-1,Cluster 4,0,31.84
M1-TA-1_LGD-1,fkooggpm-1,Cluster 25,0,23.35
M1-TA-1_LGD-1,fkoohhbp-1,Cluster 7,0,25.47
M1-TA-1_LGD-1,fkpalofe-1,Cluster 6,0,22.98
M1-TA-1_LGD-1,fkooiceh-1,Cluster 27,0,79.88
M1-TA-1_LGD-1,fkoohfaj-1,Cluster 25,0,23.66
M1-TA-1_LGD-1,fkoofojf-1,Cluster 7,0,25.11
M1-TA-1_LGD-1,fkoodgdg-1,Cluster 4,0,12.42
M1-TA-1_LGD-1,fkooeakg-1,Cluster 4,0,35.45
M1-TA-1_LGD-1,dbnjjngo-1,Cluster 5,0,22.85
M1-TA-1_LGD-1,dbnkckfk-1,Cluster 5,0,41.50
M1-TA-1_LGD-1,dbnjfgpe-1,Cluster 4,0,34.18
M1-TA-1_LGD-1,dboomppm-1,Cluster 4,0,53.65
M1-TA-1_LGD-1,dbpedbba-1,Cluster 4,0,42.09
M1-TA-1_LGD-1,dbpdpjjm-1,Cluster 5,0,107.61
M1-TA-1_LGD-1,dbniielm-1,Cluster 5,0,64.30
M1-TA-1_LGD-1,flapcfla-1,Cluster 6,0,20.73
M1-TA-1_LGD-1,dbpdhlki-1,Cluster 4,0,38.29
M1-TA-1_LGD-1,fkoofmpf-1,Cluster 9,0,34.91
M1-TA-1_LGD-1,fkopbkbg-1,Cluster 3,0,39.78
M1-TA-1_LGD-1,flamgfab-1,Cluster 7,0,17.25
M1-TA-1_LGD-1,flbgahmi-1,Cluster 4,0,22.13
M1-TA-1_LGD-1,fkomnedo-1,Cluster 27,0,73.38
M1-TA-1_LGD-1,fkonhbne-1,Cluster 6,0,72.52
M1-TA-1_LGD-1,flaknkof-1,Cluster 4,0,24.97
M1-TA-1_LGD-1,fkoneafi-1,Cluster 5,0,64.08
M1-TA-1_LGD-1,fkonjgkc-1,Cluster 14,0,24.61
M1-TA-1_LGD-1,fkpcminf-1,Cluster 10,0,42.00
M1-TA-1_LGD-1,fkonjeck-1,Cluster 3,0,21.90
M1-TA-1_LGD-1,dblfmccn-1,Cluster 15,0,36.31
M1-TA-1_LGD-1,flamjapc-1,Cluster 24,0,70.76
M1-TA-1_LGD-1,fkopiomb-1,Cluster 1,0,29.85
M1-TA-1_LGD-1,fkonkkgo-1,Cluster 4,0,65.34
M1-TA-1_LGD-1,fkopadne-1,Cluster 6,0,47.91
M1-TA-1_LGD-1,dblfgpbb-1,Cluster 4,0,46.56
M1-TA-1_LGD-1,fkoleggd-1,Cluster 7,0,30.12
M1-TA-1_LGD-1,fkooemgg-1,Cluster 6,0,68.37
M1-TA-1_LGD-1,flamggip-1,Cluster 5,0,40.87
M1-TA-1_LGD-1,fkopkjid-1,Cluster 10,0,46.78
M1-TA-1_LGD-1,fkonkpll-1,Cluster 4,0,142.65
M1-TA-1_LGD-1,flbliaih-1,Cluster 4,0,37.48
M1-TA-1_LGD-1,dblfgphd-1,Cluster 4,0,30.89
M1-TA-1_LGD-1,flaknfbd-1,Cluster 4,0,43.62
M1-TA-1_LGD-1,flbhecld-1,Cluster 3,0,27.50
M1-TA-1_LGD-1,fkoofikl-1,Cluster 6,0,74.55
M1-TA-1_LGD-1,dblfgclp-1,Cluster 25,0,58.93
M1-TA-1_LGD-1,fkopmjbi-1,Cluster 3,0,61.28
M1-TA-1_LGD-1,flakkeba-1,Cluster 6,0,59.15
M1-TA-1_LGD-1,fkokpfmf-1,Cluster 9,0,20.64
M1-TA-1_LGD-1,fkomaldo-1,Cluster 6,0,64.62
M1-TA-1_LGD-1,fkomcdhl-1,Cluster 6,0,35.49
M1-TA-1_LGD-1,flakhodn-1,Cluster 5,0,39.20
M1-TA-1_LGD-1,fledjnbm-1,Cluster 7,0,11.29
M1-TA-1_LGD-1,dblegbmm-1,Cluster 4,0,26.73
M1-TA-1_LGD-1,dblepbpb-1,Cluster 2,0,47.01
M1-TA-1_LGD-1,dbleijko-1,Cluster 4,0,16.84
M1-TA-1_LGD-1,dbldoabo-1,Cluster 2,0,28.49
M1-TA-1_LGD-1,dblckhfj-1,Cluster 4,0,65.39
M1-TA-1_LGD-1,dblehnmg-1,Cluster 2,0,33.01
M1-TA-1_LGD-1,dblejlhj-1,Cluster 4,0,96.95
M1-TA-1_LGD-1,dblejbpe-1,Cluster 4,0,31.70
M1-TA-1_LGD-1,dblepjaj-1,Cluster 2,0,23.84
M1-TA-1_LGD-1,dblcmppg-1,Cluster 4,0,84.31
M1-TA-1_LGD-1,dbldgcol-1,Cluster 7,0,30.16
M1-TA-1_LGD-1,dblcpanp-1,Cluster 4,0,43.62
M1-TA-1_LGD-1,dbleaneg-1,Cluster 2,0,30.44
M1-TA-1_LGD-1,fkoihfcm-1,Cluster 7,0,13.91
M1-TA-1_LGD-1,fkoigjkm-1,Cluster 3,0,30.35
M1-TA-1_LGD-1,flebcobi-1,Cluster 4,0,40.05
M1-TA-1_LGD-1,fledbfed-1,Cluster 4,0,46.92
M1-TA-1_LGD-1,dblpglei-1,Cluster 4,0,65.30
M1-TA-1_LGD-1,dblhaije-1,Cluster 2,0,39.56
M1-TA-1_LGD-1,fkoiadle-1,Cluster 9,0,14.45
M1-TA-1_LGD-1,fledcedo-1,Cluster 4,0,103.77
M1-TA-1_LGD-1,flcdmekb-1,Cluster 4,0,128.97
M1-TA-1_LGD-1,flebjdcn-1,Cluster 5,0,210.16
M1-TA-1_LGD-1,dblhdgeo-1,Cluster 4,0,35.40
M1-TA-1_LGD-1,flcdolbe-1,Cluster 4,0,115.06
M1-TA-1_LGD-1,flccoeij-1,Cluster 4,0,32.33
M1-TA-1_LGD-1,dblhdnpp-1,Cluster 2,0,31.74
M1-TA-1_LGD-1,flccopcb-1,Cluster 5,0,192.64
M1-TA-1_LGD-1,dblpbebi-1,Cluster 4,0,63.13
M1-TA-1_LGD-1,fledfnfh-1,Cluster 4,0,110.05
M1-TA-1_LGD-1,dbleaggb-1,Cluster 4,0,35.99
M1-TA-1_LGD-1,fleddcbh-1,Cluster 4,0,28.90
M1-TA-1_LGD-1,fkoiopki-1,Cluster 4,0,92.34
M1-TA-1_LGD-1,fkoihiji-1,Cluster 4,0,24.84
M1-TA-1_LGD-1,fleafnpc-1,Cluster 4,0,101.51
M1-TA-1_LGD-1,flcaaebl-1,Cluster 4,0,15.40
M1-TA-1_LGD-1,dblegeek-1,Cluster 7,0,43.76
M1-TA-1_LGD-1,fkoiadjp-1,Cluster 4,0,33.73
M1-TA-1_LGD-1,dbleaoaf-1,Cluster 4,0,35.18
M1-TA-1_LGD-1,flebacif-1,Cluster 4,0,81.78
M1-TA-1_LGD-1,dbljccjm-1,Cluster 4,0,29.80
M1-TA-1_LGD-1,dbljbcap-1,Cluster 4,0,27.00
M1-TA-1_LGD-1,flbodnbd-1,Cluster 4,0,30.35
M1-TA-1_LGD-1,flblbnje-1,Cluster 2,0,13.05
M1-TA-1_LGD-1,flblkamc-1,Cluster 4,0,56.81
M1-TA-1_LGD-1,dblfdmgl-1,Cluster 2,0,36.76
M1-TA-1_LGD-1,flbnbfpg-1,Cluster 4,0,88.51
M1-TA-1_LGD-1,flbnochp-1,Cluster 4,0,69.31
M1-TA-1_LGD-1,dblgbiji-1,Cluster 4,0,30.84
M1-TA-1_LGD-1,dblgagni-1,Cluster 4,0,58.30
M1-TA-1_LGD-1,flboclje-1,Cluster 7,0,12.15
M1-TA-1_LGD-1,dblikhkc-1,Cluster 4,0,74.24
M1-TA-1_LGD-1,flbkphcj-1,Cluster 4,0,211.02
M1-TA-1_LGD-1,dblfbfhe-1,Cluster 2,0,34.18
M1-TA-1_LGD-1,flbmocme-1,Cluster 4,0,36.80
M1-TA-1_LGD-1,flbncabe-1,Cluster 4,0,57.03
M1-TA-1_LGD-1,dblimbcj-1,Cluster 2,0,34.82
M1-TA-1_LGD-1,flbmlacc-1,Cluster 6,0,82.46
M1-TA-1_LGD-1,flbmbohl-1,Cluster 4,0,106.57
M1-TA-1_LGD-1,flbmnale-1,Cluster 4,0,22.22
M1-TA-1_LGD-1,dblioike-1,Cluster 2,0,37.43
M1-TA-1_LGD-1,flblfgif-1,Cluster 4,0,43.85
M1-TA-1_LGD-1,flbloagj-1,Cluster 2,0,112.35
M1-TA-1_LGD-1,flbleeff-1,Cluster 4,0,25.56
M1-TA-1_LGD-1,flblbike-1,Cluster 4,0,84.62
M1-TA-1_LGD-1,flbmbfif-1,Cluster 4,0,39.11
M1-TA-1_LGD-1,flblpifc-1,Cluster 4,0,84.31
M1-TA-1_LGD-1,dblepkpp-1,Cluster 2,0,35.00
M1-TA-1_LGD-1,flblklnj-1,Cluster 2,0,49.72
M1-TA-1_LGD-1,flblggcj-1,Cluster 7,0,10.84
M1-TA-1_LGD-1,flblnpke-1,Cluster 2,0,41.41
M1-TA-1_LGD-1,dblffiaf-1,Cluster 2,0,47.50
M1-TA-1_LGD-1,dblionff-1,Cluster 2,0,45.16
M1-TA-1_LGD-1,flbmejlo-1,Cluster 27,0,125.08
M1-TA-1_LGD-1,fkoifbjh-1,Cluster 7,0,8.62
M1-TA-1_LGD-1,fkoidcig-1,Cluster 4,0,57.39
M1-TA-1_LGD-1,fkoibink-1,Cluster 4,0,45.65
M1-TA-1_LGD-1,fledlkie-1,Cluster 4,0,94.96
M1-TA-1_LGD-1,dbldfgbi-1,Cluster 4,0,23.80
M1-TA-1_LGD-1,dblegomm-1,Cluster 4,0,26.06
M1-TA-1_LGD-1,fledjjfm-1,Cluster 4,0,140.80
M1-TA-1_LGD-1,fledkbgl-1,Cluster 7,0,28.67
M1-TA-1_LGD-1,dbldlhhn-1,Cluster 2,0,29.62
M1-TA-1_LGD-1,dblddhkf-1,Cluster 4,0,37.98
M1-TA-1_LGD-1,dbldcdff-1,Cluster 4,0,40.05
M1-TA-1_LGD-1,fleakkel-1,Cluster 5,0,27.14
M1-TA-1_LGD-1,dcianfep-1,Cluster 4,0,31.65
M1-TA-1_LGD-1,dciaomfm-1,Cluster 4,0,29.80
M1-TA-1_LGD-1,dcidndan-1,Cluster 4,0,40.96
M1-TA-1_LGD-1,dbngojpi-1,Cluster 4,0,29.04
M1-TA-1_LGD-1,dcgcjejf-1,Cluster 4,0,58.43
M1-TA-1_LGD-1,dbnfnbdf-1,Cluster 4,0,21.95
M1-TA-1_LGD-1,dbnfkmln-1,Cluster 4,0,47.96
M1-TA-1_LGD-1,dcgdcggf-1,Cluster 4,0,72.07
M1-TA-1_LGD-1,fkpbdifd-1,Cluster 2,0,50.85
M1-TA-1_LGD-1,fkpbdbep-1,Cluster 4,0,36.08
M1-TA-1_LGD-1,flbadbnk-1,Cluster 9,0,16.89
M1-TA-1_LGD-1,fkpbfoba-1,Cluster 4,0,22.89
M1-TA-1_LGD-1,fkpbdhhn-1,Cluster 25,0,19.91
M1-TA-1_LGD-1,dbnfkhai-1,Cluster 4,0,35.22
M1-TA-1_LGD-1,flapocol-1,Cluster 3,0,26.28
M1-TA-1_LGD-1,fkpalneb-1,Cluster 4,0,156.51
M1-TA-1_LGD-1,dbpfebmc-1,Cluster 4,0,104.63
M1-TA-1_LGD-1,flbbacpl-1,Cluster 4,0,136.28
M1-TA-1_LGD-1,fkpcblaa-1,Cluster 4,0,26.42
M1-TA-1_LGD-1,flaiggno-1,Cluster 6,0,27.41
M1-TA-1_LGD-1,dbpfknkk-1,Cluster 4,0,80.87
M1-TA-1_LGD-1,fkpcaggk-1,Cluster 4,0,131.81
M1-TA-1_LGD-1,fkpbnchc-1,Cluster 4,0,92.62
M1-TA-1_LGD-1,fkpbaggb-1,Cluster 7,0,27.86
M1-TA-1_LGD-1,fkpcdooi-1,Cluster 4,0,81.01
M1-TA-1_LGD-1,fkpbphka-1,Cluster 4,0,60.51
M1-TA-1_LGD-1,fkpceeol-1,Cluster 4,0,76.99
M1-TA-1_LGD-1,dcgdbmjh-1,Cluster 4,0,44.39
M1-TA-1_LGD-1,flaigbfi-1,Cluster 6,0,64.30
M1-TA-1_LGD-1,fkpaiejm-1,Cluster 4,0,176.65
M1-TA-1_LGD-1,flahkmfc-1,Cluster 14,0,24.25
M1-TA-1_LGD-1,fkpcbabb-1,Cluster 3,0,101.10
M1-TA-1_LGD-1,fkpalhhl-1,Cluster 4,0,56.54
M1-TA-1_LGD-1,flbapkmb-1,Cluster 4,0,30.35
M1-TA-1_LGD-1,flanpjei-1,Cluster 2,0,47.41
M1-TA-1_LGD-1,fkpbnnpl-1,Cluster 6,0,66.79
M1-TA-1_LGD-1,flapcpal-1,Cluster 3,0,19.87
M1-TA-1_LGD-1,fkpaoegd-1,Cluster 4,0,101.78
M1-TA-1_LGD-1,fkpahljm-1,Cluster 4,0,49.67
M1-TA-1_LGD-1,dciedgim-1,Cluster 2,0,32.33
M1-TA-1_LGD-1,dbnfjdgo-1,Cluster 2,0,36.58
M1-TA-1_LGD-1,fkpahjpf-1,Cluster 2,0,31.56
M1-TA-1_LGD-1,dcidaeii-1,Cluster 4,0,52.79
M1-TA-1_LGD-1,dcieelim-1,Cluster 2,0,34.82
M1-TA-1_LGD-1,dciepfeg-1,Cluster 4,0,29.26
M1-TA-1_LGD-1,dciaopje-1,Cluster 4,0,37.66
M1-TA-1_LGD-1,dcifgmnd-1,Cluster 4,0,22.62
M1-TA-1_LGD-1,fkpahhnh-1,Cluster 4,0,35.31
M1-TA-1_LGD-1,dbnghdin-1,Cluster 4,0,48.05
M1-TA-1_LGD-1,dbnffdfj-1,Cluster 2,0,30.39
M1-TA-1_LGD-1,dcieecoi-1,Cluster 2,0,41.77
M1-TA-1_LGD-1,dcieehjb-1,Cluster 2,0,27.55
M1-TA-1_LGD-1,dciffoep-1,Cluster 4,0,26.28
M1-TA-1_LGD-1,fkpadikn-1,Cluster 4,0,28.72
M1-TA-1_LGD-1,dbngdacl-1,Cluster 2,0,28.58
M1-TA-1_LGD-1,dbnffjck-1,Cluster 2,0,29.17
M1-TA-1_LGD-1,dbngdjen-1,Cluster 4,0,27.95
M1-TA-1_LGD-1,dcifchdj-1,Cluster 2,0,25.92
M1-TA-1_LGD-1,fkpafglf-1,Cluster 4,0,111.22
M1-TA-1_LGD-1,dcifcaea-1,Cluster 2,0,24.57
M1-TA-1_LGD-1,dcidkjmo-1,Cluster 4,0,30.98
M1-TA-1_LGD-1,dbnkfige-1,Cluster 2,0,23.03
M1-TA-1_LGD-1,dbngodgn-1,Cluster 4,0,30.16
M1-TA-1_LGD-1,dbngahld-1,Cluster 4,0,31.79
M1-TA-1_LGD-1,dciebjej-1,Cluster 2,0,30.30
M1-TA-1_LGD-1,flanfman-1,Cluster 4,0,78.44
M1-TA-1_LGD-1,dbngnkid-1,Cluster 4,0,25.11
M1-TA-1_LGD-1,dbnhbbfd-1,Cluster 4,0,23.12
M1-TA-1_LGD-1,dcidojlo-1,Cluster 4,0,23.44
M1-TA-1_LGD-1,dbnfjgof-1,Cluster 4,0,27.18
M1-TA-1_LGD-1,dcieajcl-1,Cluster 4,0,32.74
M1-TA-1_LGD-1,dcicpepj-1,Cluster 2,0,53.74
M1-TA-1_LGD-1,flagggpk-1,Cluster 4,0,67.15
M1-TA-1_LGD-1,flbahhfb-1,Cluster 4,0,23.07
M1-TA-1_LGD-1,fkhhhbaf-1,Cluster 6,0,38.70
M1-TA-1_LGD-1,flaijabg-1,Cluster 14,0,20.50
M1-TA-1_LGD-1,dcgdoebh-1,Cluster 4,0,59.92
M1-TA-1_LGD-1,dcehoiko-1,Cluster 4,0,36.49
M1-TA-1_LGD-1,flbahmde-1,Cluster 2,0,40.32
M1-TA-1_LGD-1,fkhhfijk-1,Cluster 6,0,41.63
M1-TA-1_LGD-1,dceheefe-1,Cluster 4,0,32.60
M1-TA-1_LGD-1,flagfmic-1,Cluster 4,0,114.83
M1-TA-1_LGD-1,dcgecnfk-1,Cluster 4,0,42.40
M1-TA-1_LGD-1,dcgdjahh-1,Cluster 2,0,28.58
M1-TA-1_LGD-1,flafjhhj-1,Cluster 4,0,31.34
M1-TA-1_LGD-1,dcehmnio-1,Cluster 5,0,34.73
M1-TA-1_LGD-1,dcgdpopc-1,Cluster 2,0,22.26
M1-TA-1_LGD-1,dcgdllmd-1,Cluster 4,0,49.81
M1-TA-1_LGD-1,fkhhbnph-1,Cluster 4,0,31.97
M1-TA-1_LGD-1,dcegohfe-1,Cluster 4,0,15.22
M1-TA-1_LGD-1,dcgdoinf-1,Cluster 5,0,54.59
M1-TA-1_LGD-1,fkhhahlf-1,Cluster 4,0,15.99
M1-TA-1_LGD-1,dcegkobk-1,Cluster 4,0,35.22
M1-TA-1_LGD-1,dcgdcpaj-1,Cluster 4,0,27.23
M1-TA-1_LGD-1,flaifgie-1,Cluster 4,0,49.22
M1-TA-1_LGD-1,dcgdjdjb-1,Cluster 2,0,44.61
M1-TA-1_LGD-1,dcgiofmm-1,Cluster 2,0,28.63
M1-TA-1_LGD-1,dcgjacnm-1,Cluster 5,0,43.85
M1-TA-1_LGD-1,dcehjhkk-1,Cluster 4,0,28.27
M1-TA-1_LGD-1,dcehknfk-1,Cluster 2,0,28.72
M1-TA-1_LGD-1,flahplkb-1,Cluster 6,0,42.85
M1-TA-1_LGD-1,dcehfjlp-1,Cluster 4,0,40.91
M1-TA-1_LGD-1,fkhhhcdo-1,Cluster 4,0,19.24
M1-TA-1_LGD-1,dcicdkha-1,Cluster 2,0,36.22
M1-TA-1_LGD-1,dcibmljc-1,Cluster 4,0,47.05
M1-TA-1_LGD-1,dciblkkb-1,Cluster 2,0,30.98
M1-TA-1_LGD-1,dcidbkpb-1,Cluster 2,0,36.03
M1-TA-1_LGD-1,flafkeda-1,Cluster 2,0,30.30
M1-TA-1_LGD-1,dciclhoj-1,Cluster 2,0,35.81
M1-TA-1_LGD-1,dciccfnn-1,Cluster 4,0,31.84
M1-TA-1_LGD-1,dcicahdh-1,Cluster 4,0,31.74
M1-TA-1_LGD-1,dcidepph-1,Cluster 4,0,50.94
M1-TA-1_LGD-1,dcibeghk-1,Cluster 2,0,45.20
M1-TA-1_LGD-1,dcicaeaa-1,Cluster 4,0,38.11
M1-TA-1_LGD-1,dcibonjo-1,Cluster 4,0,34.50
M1-TA-1_LGD-1,dcibnjhh-1,Cluster 2,0,36.80
M1-TA-1_LGD-1,dcicplkn-1,Cluster 4,0,45.16
M1-TA-1_LGD-1,dcicdkpg-1,Cluster 5,0,32.92
M1-TA-1_LGD-1,dcgdcmnp-1,Cluster 2,0,78.12
M1-TA-1_LGD-1,flagfofa-1,Cluster 4,0,212.28
M1-TA-1_LGD-1,flailljk-1,Cluster 7,0,16.08
M1-TA-1_LGD-1,dcicngfh-1,Cluster 7,0,41.54
M1-TA-1_LGD-1,dcichpha-1,Cluster 2,0,25.65
M1-TA-1_LGD-1,dcicfoep-1,Cluster 4,0,40.41
M1-TA-1_LGD-1,dcgegdnd-1,Cluster 4,0,31.70
M1-TA-1_LGD-1,dcgejagp-1,Cluster 2,0,36.80
M1-TA-1_LGD-1,flaigaei-1,Cluster 4,0,25.92
M1-TA-1_LGD-1,flaghmfk-1,Cluster 4,0,111.27
M1-TA-1_LGD-1,flbadofl-1,Cluster 5,0,121.33
M1-TA-1_LGD-1,flapmikn-1,Cluster 9,0,24.07
M1-TA-1_LGD-1,flbademj-1,Cluster 4,0,23.26
M1-TA-1_LGD-1,flapldip-1,Cluster 9,0,28.40
M1-TA-1_LGD-1,dcgeikcp-1,Cluster 2,0,32.78
M1-TA-1_LGD-1,flbaddmk-1,Cluster 4,0,86.20
M1-TA-1_LGD-1,flaiklff-1,Cluster 14,0,23.17
M1-TA-1_LGD-1,flaghifp-1,Cluster 7,0,28.85
M1-TA-1_LGD-1,flaiklcg-1,Cluster 4,0,44.21
M1-TA-1_LGD-1,flbkeccj-1,Cluster 4,0,99.71
M1-TA-1_LGD-1,dblflmdn-1,Cluster 2,0,78.08
M1-TA-1_LGD-1,flbmfnle-1,Cluster 3,0,90.58
M1-TA-1_LGD-1,dcihnhlh-1,Cluster 2,0,41.05
M1-TA-1_LGD-1,flbmffnk-1,Cluster 10,0,27.95
M1-TA-1_LGD-1,dcihmidk-1,Cluster 5,0,35.85
M1-TA-1_LGD-1,flampfdj-1,Cluster 10,0,55.41
M1-TA-1_LGD-1,flamlepj-1,Cluster 6,0,42.09
M1-TA-1_LGD-1,fkopgkih-1,Cluster 3,0,90.90
M1-TA-1_LGD-1,dcihmfje-1,Cluster 25,0,49.22
M1-TA-1_LGD-1,fkopgkie-1,Unassigned,0,29.35
M1-TA-1_LGD-1,flamkkgk-1,Cluster 9,0,20.68
M1-TA-1_LGD-1,fkopgdmo-1,Cluster 9,0,35.76
M1-TA-1_LGD-1,fkpcoekm-1,Cluster 6,0,64.12
M1-TA-1_LGD-1,fkopgfbi-1,Cluster 9,0,54.41
M1-TA-1_LGD-1,fkpcgjoa-1,Cluster 10,0,67.82
M1-TA-1_LGD-1,flampobe-1,Cluster 6,0,37.21
M1-TA-1_LGD-1,fkpcpfjp-1,Cluster 3,0,41.14
M1-TA-1_LGD-1,fkopfiej-1,Cluster 9,0,35.90
M1-TA-1_LGD-1,flamndfg-1,Cluster 10,0,26.87
M1-TA-1_LGD-1,flbhidkf-1,Cluster 14,0,24.57
M1-TA-1_LGD-1,flamhoag-1,Cluster 9,0,54.77
M1-TA-1_LGD-1,fkpddphd-1,Cluster 7,0,39.33
M1-TA-1_LGD-1,flbhkdnl-1,Cluster 14,0,16.84
M1-TA-1_LGD-1,flamjmje-1,Cluster 10,0,53.56
M1-TA-1_LGD-1,oeifabgp-1,Cluster 14,0,38.83
M1-TA-1_LGD-1,flamopkl-1,Cluster 9,0,12.78
M1-TA-1_LGD-1,flandldc-1,Cluster 14,0,17.02
M1-TA-1_LGD-1,fkpddbmd-1,Cluster 4,0,73.88
M1-TA-1_LGD-1,fkpdafoc-1,Cluster 4,0,17.66
M1-TA-1_LGD-1,flamobdi-1,Cluster 9,0,32.11
M1-TA-1_LGD-1,fkpceihc-1,Cluster 10,0,35.36
M1-TA-1_LGD-1,fkpcegga-1,Cluster 4,0,28.90
M1-TA-1_LGD-1,fkpdgbgo-1,Cluster 3,0,78.35
M1-TA-1_LGD-1,fkookikk-1,Cluster 9,0,19.60
M1-TA-1_LGD-1,fkpdgoec-1,Cluster 10,0,68.37
M1-TA-1_LGD-1,dbngdpok-1,Cluster 7,0,59.15
M1-TA-1_LGD-1,dblippjg-1,Cluster 4,0,34.09
M1-TA-1_LGD-1,dbligfig-1,Cluster 25,0,50.21
M1-TA-1_LGD-1,dbliipid-1,Cluster 4,0,35.22
M1-TA-1_LGD-1,dblijalo-1,Cluster 2,0,26.37
M1-TA-1_LGD-1,fkojfejc-1,Cluster 3,0,32.47
M1-TA-1_LGD-1,dbldhgfl-1,Cluster 2,0,33.42
M1-TA-1_LGD-1,fkojclhk-1,Cluster 2,0,107.02
M1-TA-1_LGD-1,flbjpgjn-1,Cluster 3,0,126.03
M1-TA-1_LGD-1,fkojhpmk-1,Cluster 4,0,45.25
M1-TA-1_LGD-1,fkojjlai-1,Cluster 2,0,13.73
M1-TA-1_LGD-1,dbldakgh-1,Cluster 4,0,36.40
M1-TA-1_LGD-1,fkoipnio-1,Cluster 2,0,32.15
M1-TA-1_LGD-1,flbkaelb-1,Cluster 4,0,51.70
M1-TA-1_LGD-1,flbjodmo-1,Cluster 3,0,76.40
M1-TA-1_LGD-1,flbnabep-1,Cluster 4,0,78.89
M1-TA-1_LGD-1,flbknmpc-1,Cluster 1,0,19.64
M1-TA-1_LGD-1,flbkchkm-1,Cluster 3,0,54.23
M1-TA-1_LGD-1,flbnachd-1,Cluster 3,0,38.16
M1-TA-1_LGD-1,flbjpgpf-1,Cluster 4,0,44.07
M1-TA-1_LGD-1,flbkdjnd-1,Cluster 4,0,19.37
M1-TA-1_LGD-1,flbkpfkk-1,Cluster 3,0,35.36
M1-TA-1_LGD-1,flbkllnm-1,Cluster 9,0,29.67
M1-TA-1_LGD-1,dblfogkl-1,Cluster 2,0,21.09
M1-TA-1_LGD-1,dcijlpea-1,Cluster 4,0,71.35
M1-TA-1_LGD-1,dcijmcae-1,Cluster 2,0,30.12
M1-TA-1_LGD-1,flbkpeoi-1,Cluster 6,0,38.79
M1-TA-1_LGD-1,flbmgbgn-1,Cluster 4,0,72.79
M1-TA-1_LGD-1,dblgcmdp-1,Cluster 4,0,71.62
M1-TA-1_LGD-1,flbmmpnd-1,Cluster 3,0,108.78
M1-TA-1_LGD-1,dcihlach-1,Cluster 4,0,49.85
M1-TA-1_LGD-1,flbmlfcm-1,Cluster 9,0,10.43
M1-TA-1_LGD-1,flbodmie-1,Cluster 4,0,43.26
M1-TA-1_LGD-1,dcijlobg-1,Cluster 4,0,65.79
M1-TA-1_LGD-1,dcijpfbm-1,Cluster 4,0,76.40
M1-TA-1_LGD-1,flajloak-1,Cluster 27,0,58.61
M1-TA-1_LGD-1,flajjkfl-1,Cluster 3,0,60.64
M1-TA-1_LGD-1,dciibbeg-1,Cluster 4,0,51.79
M1-TA-1_LGD-1,flaimcom-1,Cluster 3,0,70.26
M1-TA-1_LGD-1,flajhgae-1,Cluster 14,0,12.46
M1-TA-1_LGD-1,flainndn-1,Cluster 3,0,43.21
M1-TA-1_LGD-1,dciejmjf-1,Cluster 2,0,47.55
M1-TA-1_LGD-1,flbaglnn-1,Cluster 4,0,43.62
M1-TA-1_LGD-1,dcienbaf-1,Cluster 4,0,24.61
M1-TA-1_LGD-1,dcifcime-1,Cluster 2,0,57.57
M1-TA-1_LGD-1,dcifijeg-1,Cluster 2,0,21.31
M1-TA-1_LGD-1,oeigjfmj-1,Cluster 1,0,25.78
M1-TA-1_LGD-1,dcifdpna-1,Cluster 4,0,24.34
M1-TA-1_LGD-1,dciflpad-1,Cluster 5,0,47.14
M1-TA-1_LGD-1,flbaeofe-1,Cluster 5,0,47.82
M1-TA-1_LGD-1,flangiln-1,Cluster 7,0,33.05
M1-TA-1_LGD-1,dciaikmg-1,Cluster 2,0,25.51
M1-TA-1_LGD-1,dciaggph-1,Cluster 4,0,29.71
M1-TA-1_LGD-1,flamgldn-1,Cluster 14,0,11.65
M1-TA-1_LGD-1,dcidihbc-1,Cluster 2,0,23.80
M1-TA-1_LGD-1,flaflepb-1,Cluster 9,0,75.82
M1-TA-1_LGD-1,dciaelbo-1,Cluster 2,0,27.50
M1-TA-1_LGD-1,dcidifee-1,Cluster 4,0,70.67
M1-TA-1_LGD-1,dciacfjn-1,Cluster 4,0,39.83
M1-TA-1_LGD-1,dcidhpni-1,Cluster 4,0,34.36
M1-TA-1_LGD-1,flajbcoi-1,Cluster 24,0,48.05
M1-TA-1_LGD-1,dcibkjcf-1,Cluster 2,0,34.54
M1-TA-1_LGD-1,dcibikdk-1,Cluster 4,0,36.44
M1-TA-1_LGD-1,dcidicfe-1,Cluster 4,0,24.66
M1-TA-1_LGD-1,flajbaoc-1,Cluster 4,0,27.91
M1-TA-1_LGD-1,dcibacki-1,Cluster 4,0,21.54
M1-TA-1_LGD-1,dciadijg-1,Cluster 4,0,40.87
M1-TA-1_LGD-1,flafpaam-1,Cluster 2,0,36.67
M1-TA-1_LGD-1,dcibckln-1,Cluster 4,0,17.79
M1-TA-1_LGD-1,dcidjnpc-1,Cluster 2,0,28.45
M1-TA-1_LGD-1,dcijgmle-1,Cluster 5,0,32.15
M1-TA-1_LGD-1,fkpcenbm-1,Cluster 6,0,46.15
M1-TA-1_LGD-1,dcijloml-1,Cluster 5,0,71.98
M1-TA-1_LGD-1,fkpdajdj-1,Cluster 5,0,29.44
M1-TA-1_LGD-1,dcijncag-1,Cluster 4,0,61.46
M1-TA-1_LGD-1,dcijhfap-1,Cluster 5,0,54.41
M1-TA-1_LGD-1,dciiliep-1,Cluster 5,0,59.74
M1-TA-1_LGD-1,flamhijb-1,Cluster 5,0,67.51
M1-TA-1_LGD-1,dcijdbej-1,Cluster 5,0,125.85
M1-TA-1_LGD-1,dcijdhde-1,Cluster 5,0,73.38
M1-TA-1_LGD-1,flbgjnkd-1,Cluster 4,0,105.76
M1-TA-1_LGD-1,dcijhgbi-1,Cluster 5,0,46.06
M1-TA-1_LGD-1,flbhdgmd-1,Cluster 2,0,68.50
M1-TA-1_LGD-1,flbhcnba-1,Cluster 5,0,106.07
M1-TA-1_LGD-1,flbgldpm-1,Cluster 4,0,63.99
M1-TA-1_LGD-1,flbgkpjk-1,Cluster 4,0,64.30
M1-TA-1_LGD-1,dcikjgdh-1,Cluster 4,0,72.97
M1-TA-1_LGD-1,dcikikoh-1,Cluster 5,0,46.83
M1-TA-1_LGD-1,flbhbnfd-1,Cluster 4,0,23.93
M1-TA-1_LGD-1,flbhamig-1,Cluster 4,0,66.33
M1-TA-1_LGD-1,flajcfhn-1,Cluster 5,0,30.57
M1-TA-1_LGD-1,dciimnom-1,Cluster 2,0,65.61
M1-TA-1_LGD-1,dcijapfb-1,Cluster 4,0,55.99
M1-TA-1_LGD-1,flajdngh-1,Cluster 5,0,37.34
M1-TA-1_LGD-1,flajnddg-1,Cluster 7,0,11.74
M1-TA-1_LGD-1,oeighgde-1,Cluster 19,0,33.42
M1-TA-1_LGD-1,dciijcmh-1,Cluster 4,0,35.36
M1-TA-1_LGD-1,flainble-1,Cluster 5,0,15.22
M1-TA-1_LGD-1,oeighomm-1,Cluster 14,0,33.96
M1-TA-1_LGD-1,dciiadpn-1,Cluster 4,0,64.26
M1-TA-1_LGD-1,dciigoph-1,Cluster 4,0,41.50