"sample_id","barcode","surface_label"
"R2_large_2","AACCTACAGAGGTAGT-1","All"
"R2_large_2","AACCTACTGTAACTCA-1","All"
"R2_large_2","AACGAATTGACCGGTT-1","All"
"R2_large_2","AACGCTTCGAGTAACT-1","All"
"R2_large_2","AACGTCGCGACAAGGT-1","All"
"R2_large_2","AACTCACCGAACTTAT-1","All"
"R2_large_2","AACTCAGATCCATGCC-1","All"
"R2_large_2","AACTTCACAATAACTG-1","All"
"R2_large_2","AAGACTGTCATAGTGC-1","All"
"R2_large_2","AAGCAGTATCAGAATC-1","All"
"R2_large_2","AAGGAGGCACTCAATT-1","All"
"R2_large_2","AAGGCCAGTCGCAATT-1","All"
"R2_large_2","AAGTCTACCGGTTGGA-1","All"
"R2_large_2","AAGTTACTATTACATC-1","All"
"R2_large_2","AATAACGTAACTGTGA-1","All"
"R2_large_2","AATACGAGCAAGCCAG-1","All"
"R2_large_2","AATACGCATATCCAGA-1","All"
"R2_large_2","AATCCGCCTGGTCAAT-1","All"
"R2_large_2","AATCGAACGGACGGAG-1","All"
"R2_large_2","ACAATAGGATCCAACC-1","All"
"R2_large_2","ACATCTGACCTTGTCT-1","All"
"R2_large_2","ACCATCCGTTCGAGTG-1","All"
"R2_large_2","ACCTGCCACTATCAAT-1","All"
"R2_large_2","ACGAACATAGGATCGG-1","All"
"R2_large_2","ACGAAGTTCCAGCACC-1","All"
"R2_large_2","ACGACTGAAGACTTAC-1","All"
"R2_large_2","ACGAGTGCGTGCGTTC-1","All"
"R2_large_2","ACGCCGGCATCACTGG-1","All"
"R2_large_2","ACGGCTTCCATCGGAA-1","All"
"R2_large_2","ACGTTCGTCCGCCTAT-1","All"
"R2_large_2","ACTGACTCTGCTGGCC-1","All"
"R2_large_2","ACTGTAGAGTGCCGGC-1","All"
"R2_large_2","ACTTGAGCCGTTCTTA-1","All"
"R2_large_2","AGAACTTCGATGCGTA-1","All"
"R2_large_2","AGATGCTCCGTCATCT-1","All"
"R2_large_2","AGCAATAACAATTCCA-1","All"
"R2_large_2","AGCATGAGCGAATATT-1","All"
"R2_large_2","AGCCGATGTTCTACTC-1","Island"
"R2_large_2","AGCGTTACAGTCCTGG-1","All"
"R2_large_2","AGCTAGCGTACAGTAA-1","All"
"R2_large_2","AGCTTGAGTCAGGCCG-1","All"
"R2_large_2","AGGACGTCGGCACGAA-1","All"
"R2_large_2","AGGAGCATCACTCAGC-1","All"
"R2_large_2","AGGCATTAAGTCTGGC-1","All"
"R2_large_2","AGGCGATTCCACTTCT-1","All"
"R2_large_2","AGTAGAGCATGGACGT-1","All"
"R2_large_2","AGTGCTTCGCGGACGC-1","All"
"R2_large_2","ATAATCGTAGTTATTC-1","All"
"R2_large_2","ATACATGCATGATCTG-1","All"
"R2_large_2","ATAGTGACGAATAGAT-1","All"
"R2_large_2","ATAGTTCGCAGCCGTG-1","All"
"R2_large_2","ATCACCAGTTCGGCGA-1","All"
"R2_large_2","ATCATTGTCCATGCCA-1","All"
"R2_large_2","ATCCGTAGCTTCAGTA-1","All"
"R2_large_2","ATCCGTAGTGTCGCTC-1","All"
"R2_large_2","ATCGTCAGTTAGTCCA-1","All"
"R2_large_2","ATCTACGACAGCTCTT-1","All"
"R2_large_2","ATGACCAGACGGCCGG-1","All"
"R2_large_2","ATGGAGTAATCGGACC-1","All"
"R2_large_2","ATGTGAATCCATACGA-1","All"
"R2_large_2","ATTAGATAAGACGGCG-1","All"
"R2_large_2","ATTCAAGATTAGTTGC-1","All"
"R2_large_2","ATTCGCTCGCGGAGGC-1","All"
"R2_large_2","CAAGATAAGTGCAATG-1","All"
"R2_large_2","CAATCCGAGGTGCTAG-1","All"
"R2_large_2","CAATGCGGATGCTGGT-1","All"
"R2_large_2","CACGTCAAGTGCGATC-1","All"
"R2_large_2","CACTGGCCAGCCAGAT-1","All"
"R2_large_2","CACTGGTGGCGTCGTT-1","All"
"R2_large_2","CAGAGGCACTTAAGTC-1","All"
"R2_large_2","CAGCTCCTTAGGTAAG-1","All"
"R2_large_2","CATACCTACCGAAGGA-1","All"
"R2_large_2","CATGCATATTCTGCCT-1","All"
"R2_large_2","CATTAACTATTGTTCC-1","All"
"R2_large_2","CCATTCGTCTGCTCTA-1","All"
"R2_large_2","CCGACAAGACTGTACT-1","All"
"R2_large_2","CCGAGGATGACTCGTC-1","All"
"R2_large_2","CCGCCACTGCGTTGGC-1","All"
"R2_large_2","CCGCGAGGTGCGATGG-1","All"
"R2_large_2","CCTACCACTCCAGTTA-1","All"
"R2_large_2","CCTCTTCGAGCGGTTG-1","All"
"R2_large_2","CCTGTCGAGTGACAGA-1","All"
"R2_large_2","CGAAGTCGTTGGCTCG-1","All"
"R2_large_2","CGACGCCAAGGTGCAA-1","All"
"R2_large_2","CGACGCTCCGCACGTG-1","All"
"R2_large_2","CGCAATGTATCCAATG-1","All"
"R2_large_2","CGCAGATATGGACAGT-1","All"
"R2_large_2","CGCCATGAGGCGATGA-1","All"
"R2_large_2","CGCCTCTAATTCGCGG-1","All"
"R2_large_2","CGCCTCTACTCGGAAC-1","All"
"R2_large_2","CGCTTGCGTACGGCAC-1","All"
"R2_large_2","CGGCTTACGTGCACGA-1","All"
"R2_large_2","CGGCTTATTCGCTAAT-1","All"
"R2_large_2","CGTAACATTGGCTGAG-1","All"
"R2_large_2","CGTAGCCTTGAGCAAG-1","All"
"R2_large_2","CGTAGTACGCATAATG-1","All"
"R2_large_2","CGTAGTTCGTTGGTAG-1","All"
"R2_large_2","CGTCCAATCTGCGTCC-1","All"
"R2_large_2","CGTCCATCGTCCAATA-1","All"
"R2_large_2","CGTCGGCGGTAGATCA-1","All"
"R2_large_2","CGTGGCTCCTTGTCTT-1","All"
"R2_large_2","CGTTCCTGTCACCGTG-1","All"
"R2_large_2","CTAATCTGGCCGTGTT-1","All"
"R2_large_2","CTAGCACGATCACTGT-1","Island"
"R2_large_2","CTATTAAGCCAGCACT-1","All"
"R2_large_2","CTATTCTGTAGGACCT-1","All"
"R2_large_2","CTCAATGACCATTAAG-1","All"
"R2_large_2","CTCACGATCTCCGGAG-1","All"
"R2_large_2","CTCAGGATACGCGGCA-1","All"
"R2_large_2","CTGAAGGATCTGTACG-1","All"
"R2_large_2","CTGAAGTTGCAGACAT-1","All"
"R2_large_2","CTGACCGCCAATTAGG-1","All"
"R2_large_2","CTGACTGTGGCCGGTT-1","All"
"R2_large_2","CTGATGCCAATGCTTC-1","All"
"R2_large_2","CTGCCTAGTGAATAAG-1","All"
"R2_large_2","CTGCCTGACACGGATT-1","All"
"R2_large_2","CTGGTACTCGAAGTGG-1","All"
"R2_large_2","CTTAGTCTATCGAGAC-1","All"
"R2_large_2","CTTAGTGGTACACGAC-1","All"
"R2_large_2","CTTCCGTCGCTGCATC-1","All"
"R2_large_2","CTTCGAGTGATGGAAT-1","All"
"R2_large_2","CTTGAACCGAGTTAAT-1","All"
"R2_large_2","GAACTAACTCTACGTG-1","All"
"R2_large_2","GAACTACAAGTAGGAG-1","All"
"R2_large_2","GAACTATCGTCTCGTC-1","All"
"R2_large_2","GACCTGTCGATTGCAG-1","All"
"R2_large_2","GACGCTGTACAAGGCG-1","All"
"R2_large_2","GACTGCCATAGAATAC-1","All"
"R2_large_2","GAGCCTCACGTATGTA-1","All"
"R2_large_2","GAGGTATTAATAGCGG-1","All"
"R2_large_2","GAGTCCACGCCTGAAG-1","Island"
"R2_large_2","GAGTCCTGTTACATCT-1","All"
"R2_large_2","GAGTTCTATCGTGCCT-1","All"
"R2_large_2","GATCGTCATGCGGAGG-1","All"
"R2_large_2","GATGAGTGAACGGCTG-1","All"
"R2_large_2","GATGGACCTGGACGGA-1","All"
"R2_large_2","GCAAGAATGTTCCACC-1","All"
"R2_large_2","GCAAGATAGGTTAACT-1","All"
"R2_large_2","GCAAGCTTATTGACGT-1","All"
"R2_large_2","GCACGCGTGACATCAG-1","All"
"R2_large_2","GCACTGTTGCGGCCTT-1","All"
"R2_large_2","GCAGTAGATGTCCAAT-1","All"
"R2_large_2","GCCATTCTCGTGTAGA-1","All"
"R2_large_2","GCCGCTGATTGGCCAG-1","All"
"R2_large_2","GCCGGCGTAGGTGACG-1","All"
"R2_large_2","GCCGGCGTGAACTTGC-1","All"
"R2_large_2","GCCTCCTGCGGCCGTT-1","All"
"R2_large_2","GCCTGGTACATGGTCG-1","All"
"R2_large_2","GCGAGCGGACCATAAC-1","All"
"R2_large_2","GCGTACCGGAACGACA-1","All"
"R2_large_2","GCGTACCGTGTATCAG-1","All"
"R2_large_2","GCGTACGAATCTAATC-1","All"
"R2_large_2","GCTGACAGCCGGAGCG-1","All"
"R2_large_2","GCTTATCCGCATTCTT-1","All"
"R2_large_2","GCTTCTAGCGTTCATT-1","All"
"R2_large_2","GGACGGTATGCGGCTG-1","All"
"R2_large_2","GGCATTGCTAAGAATG-1","All"
"R2_large_2","GGTACGTGCTCGGCAA-1","All"
"R2_large_2","GTACAACTCGGCAGAA-1","All"
"R2_large_2","GTACGAATTACATAAT-1","All"
"R2_large_2","GTATGCTTGCGACTAA-1","All"
"R2_large_2","GTATGTTAGTTCTACC-1","All"
"R2_large_2","GTCACTAAGAGGAATA-1","All"
"R2_large_2","GTCAGCCATTGTGCGG-1","All"
"R2_large_2","GTCAGTTCTGCCTGGA-1","All"
"R2_large_2","GTCATCACGTGGTTCA-1","All"
"R2_large_2","GTCATCACTATTGTGC-1","All"
"R2_large_2","GTCTAATACGGCTAAG-1","All"
"R2_large_2","GTCTTGACAATAGCAA-1","All"
"R2_large_2","GTGAACATTCAACGAT-1","All"
"R2_large_2","GTGAATTAGACATTGC-1","All"
"R2_large_2","GTGACATACAGGTCCT-1","All"
"R2_large_2","GTGCACTTGTAAGCAC-1","All"
"R2_large_2","GTGCTACGTTCTAACC-1","All"
"R2_large_2","GTGGCGACCTAATATT-1","All"
"R2_large_2","GTTAACTCCGACCACT-1","All"
"R2_large_2","GTTATGATACGATTAT-1","All"
"R2_large_2","GTTATTCGTAACGTCC-1","All"
"R2_large_2","GTTGAATGTTGCTGCC-1","All"
"R2_large_2","GTTGTCGTAATATGGA-1","All"
"R2_large_2","TAACGTGATTCACTAG-1","All"
"R2_large_2","TAAGGACGCCTGGTTG-1","All"
"R2_large_2","TACAAGCAGATCGTTG-1","All"
"R2_large_2","TACACTTAGTCGTGGT-1","All"
"R2_large_2","TACCTGTTAACGGCCT-1","All"
"R2_large_2","TACGACTGATAATCGC-1","All"
"R2_large_2","TACGGAATACTCGTTC-1","All"
"R2_large_2","TACGGATCAGCCATCC-1","All"
"R2_large_2","TACTCCTACATCAACT-1","All"
"R2_large_2","TAGAATTCAACGTGGC-1","All"
"R2_large_2","TAGGTCTATGGATTAT-1","All"
"R2_large_2","TAGTATAACCTCGACA-1","All"
"R2_large_2","TATGACAGCGAGAAGC-1","All"
"R2_large_2","TATGTCGAGGTTGAAG-1","All"
"R2_large_2","TATGTTGGTCCAGTGA-1","All"
"R2_large_2","TATTCTCCTATGATGG-1","All"
"R2_large_2","TCAAGGCAACGCGGCT-1","All"
"R2_large_2","TCACCGTTGCTAATGG-1","All"
"R2_large_2","TCAGCGTGACCTTACC-1","All"
"R2_large_2","TCAGGAGCAACGGTCG-1","All"
"R2_large_2","TCATCGTTATGTATCT-1","All"
"R2_large_2","TCATCTCCAGCCGGTG-1","All"
"R2_large_2","TCCGAACCTCAACCAT-1","All"
"R2_large_2","TCCGCCAGTGATTAAT-1","All"
"R2_large_2","TCCGTGTCTTACATAA-1","All"
"R2_large_2","TCCTATCCTCGAATCA-1","All"
"R2_large_2","TCGAATGGTTCCACGC-1","All"
"R2_large_2","TCGCCTATCGACTCCT-1","All"
"R2_large_2","TCGGCGGAACATACGC-1","All"
"R2_large_2","TCTACAGCACGTCCGA-1","All"
"R2_large_2","TCTACTGTCTCAATGA-1","All"
"R2_large_2","TCTACTTCACCGTGGA-1","All"
"R2_large_2","TCTGAGCGTAATTGTC-1","All"
"R2_large_2","TCTTAGTCGCGGCAGA-1","All"
"R2_large_2","TCTTGCAGACTGCGAG-1","All"
"R2_large_2","TGAACGGATCTGGTAC-1","All"
"R2_large_2","TGAATGCGGTTATGGA-1","All"
"R2_large_2","TGAATGTACCTTCGTC-1","All"
"R2_large_2","TGCACGAATGTACTAA-1","All"
"R2_large_2","TGCAGAAGCAGTAGGC-1","All"
"R2_large_2","TGCCAGGATGAGGTTC-1","All"
"R2_large_2","TGCGCAATTGATCATA-1","All"
"R2_large_2","TGCGTCTGGATCGGAT-1","All"
"R2_large_2","TGCTATTGCGGCGTGG-1","All"
"R2_large_2","TGGAAGCTCCATCGAC-1","All"
"R2_large_2","TGGACTGAGTACCTAG-1","All"
"R2_large_2","TGGAGTGCTCCTGATC-1","All"
"R2_large_2","TGGTACGGACGTAGTT-1","All"
"R2_large_2","TGGTAGCCAGTTGACA-1","All"
"R2_large_2","TGGTGCACGACCTTAG-1","All"
"R2_large_2","TGGTGCGAACGTGGCG-1","All"
"R2_large_2","TGTCGTTCATACGATA-1","All"
"R2_small_2","AACTGCCTCGATAGGT-1","All"
"R2_small_2","AAGCCAGGCCGACGTG-1","All"
"R2_small_2","AAGGCGAACTAGTAGA-1","All"
"R2_small_2","AAGTCGCTATCCTGTC-1","All"
"R2_small_2","AAGTCTTAAGTTGCCA-1","All"
"R2_small_2","AATGGAGGACCTGGTG-1","All"
"R2_small_2","AATGGTCTCGAGCGCT-1","All"
"R2_small_2","ACAACTAAGTGGCGCT-1","All"
"R2_small_2","ACAGAATAAGAACCAT-1","All"
"R2_small_2","ACAGATCTGAAGTATC-1","All"
"R2_small_2","ACAGGAACTACAGAAC-1","All"
"R2_small_2","ACCATTAGATCGTGGC-1","All"
"R2_small_2","ACCTGTGGTCACCTCG-1","All"
"R2_small_2","ACCTTCGGTGCTACGA-1","All"
"R2_small_2","ACGACTGAAGACTTAC-1","All"
"R2_small_2","ACGGCCGGAACGCTAG-1","All"
"R2_small_2","ACGGTTCGTACAGTTG-1","All"
"R2_small_2","ACGTTAATACAATGAC-1","Island"
"R2_small_2","ACTCTACTTCCGCATT-1","All"
"R2_small_2","AGACGTGGCGTTGAGT-1","All"
"R2_small_2","AGACTCATGACCTGGC-1","All"
"R2_small_2","AGCACGCTCGATCTAA-1","All"
"R2_small_2","AGCCAGCGGCAAGCGT-1","All"
"R2_small_2","AGCCGTATTCAACCGT-1","All"
"R2_small_2","AGCGAGAACAGATTCT-1","All"
"R2_small_2","AGCGTGCTTCGCTCAT-1","Island"
"R2_small_2","AGCGTGGCACCGACAA-1","All"
"R2_small_2","AGGACCAGTAACCTAA-1","All"
"R2_small_2","AGGACGAATGCTTCAA-1","All"
"R2_small_2","AGGAGCATCACTCAGC-1","All"
"R2_small_2","AGGCATTAAGTCTGGC-1","All"
"R2_small_2","AGTCGCAGGAACGAGT-1","All"
"R2_small_2","AGTTGTACTTAATGGA-1","All"
"R2_small_2","ATACGCTGAGATCAGA-1","All"
"R2_small_2","ATAGACATGGCTATGG-1","All"
"R2_small_2","ATCCGGTATCACAAGT-1","All"
"R2_small_2","ATGCTCGCCTCCAATT-1","All"
"R2_small_2","ATGTATGAGTACCGGA-1","All"
"R2_small_2","ATGTCGTTACCAGACG-1","All"
"R2_small_2","ATGTGCGTCTGAACAG-1","All"
"R2_small_2","ATTATCTAGATTAACG-1","All"
"R2_small_2","CAAGATAAGTGCAATG-1","All"
"R2_small_2","CAAGCCGCCATAGAGG-1","All"
"R2_small_2","CAATAACTACATTAAC-1","All"
"R2_small_2","CACCTACCGCTACCTT-1","All"
"R2_small_2","CACGATCATACAATTA-1","All"
"R2_small_2","CACTACTGCGGAATTG-1","All"
"R2_small_2","CAGAGGCACTTAAGTC-1","All"
"R2_small_2","CAGATTCCGTATGCGA-1","All"
"R2_small_2","CAGCACGCTAATCAGA-1","All"
"R2_small_2","CAGTTGCACGGACAGG-1","All"
"R2_small_2","CATCCTGGTACCTGCT-1","All"
"R2_small_2","CATGTTACCGAAGGCG-1","All"
"R2_small_2","CATTGGCGGTTGAGTC-1","All"
"R2_small_2","CCAGCACTCGACTGAC-1","All"
"R2_small_2","CCATCTGTGGCATCGT-1","All"
"R2_small_2","CCGAGGATGACTCGTC-1","All"
"R2_small_2","CCGCTCTGCTGAATTC-1","All"
"R2_small_2","CCTGGCTTATGGTCTG-1","All"
"R2_small_2","CCTTGTGATGGTCTAG-1","All"
"R2_small_2","CGACAAGTACTCCTTA-1","All"
"R2_small_2","CGACATTGTATGGAGG-1","All"
"R2_small_2","CGAGGAAGACTTAGAT-1","All"
"R2_small_2","CGCTTGCGTACGGCAC-1","All"
"R2_small_2","CGGAGCGGTAAGACGC-1","All"
"R2_small_2","CGGTATAGGATGAGCG-1","All"
"R2_small_2","CGTACATCACTGGATG-1","All"
"R2_small_2","CGTCCATCGTCCAATA-1","Island"
"R2_small_2","CGTGGCTCCTTGTCTT-1","All"
"R2_small_2","CTATGTCGTTCCGCTA-1","All"
"R2_small_2","CTGGCTGGACGCTTGG-1","All"
"R2_small_2","CTGTTCCAGAAGCTGA-1","All"
"R2_small_2","CTTAGCTATCCTTGCG-1","All"
"R2_small_2","CTTAGTGGTACACGAC-1","All"
"R2_small_2","CTTCCGACGCACAACC-1","All"
"R2_small_2","GAACAGATAACCTTAA-1","All"
"R2_small_2","GAACGCTAGAAGGCTA-1","All"
"R2_small_2","GAATACTAAGGCGAAT-1","All"
"R2_small_2","GAATGAGTATAGACCA-1","All"
"R2_small_2","GACAACGGACTCAGCT-1","All"
"R2_small_2","GACAGTCACTTCGCTC-1","All"
"R2_small_2","GAGGTGCATTCGGATC-1","All"
"R2_small_2","GAGTAGACGCAGGCTC-1","All"
"R2_small_2","GATCGGAGATACGCAG-1","All"
"R2_small_2","GATTCCATACTGAACC-1","All"
"R2_small_2","GCAAGATAGGTTAACT-1","All"
"R2_small_2","GCACCTAGCCGAATCT-1","All"
"R2_small_2","GCACCTTACTGGCTAC-1","All"
"R2_small_2","GCACGCATAGGCGATC-1","All"
"R2_small_2","GCATGACGGATTATCA-1","All"
"R2_small_2","GCATTGACTACAGCGA-1","All"
"R2_small_2","GCCAGTAGACGATACC-1","All"
"R2_small_2","GCCTATAGCATACCTT-1","All"
"R2_small_2","GCCTTCTGTCACGCTC-1","All"
"R2_small_2","GCTTAATAGAGGCGAG-1","All"
"R2_small_2","GCTTCTCCAGAACCGC-1","All"
"R2_small_2","GGCCTTCGACCAGGTA-1","All"
"R2_small_2","GGCGATCGGTCTGCTC-1","All"
"R2_small_2","GGCGGAAGTCTTGTAG-1","All"
"R2_small_2","GGCGTGTAATTACTTA-1","All"
"R2_small_2","GGCTGACGCCGAATCA-1","All"
"R2_small_2","GGTAGGTTGTTACGGC-1","All"
"R2_small_2","GGTCTTATAGGCTGGC-1","All"
"R2_small_2","GGTCTTCCGGCTGGAC-1","All"
"R2_small_2","GTATCTGTCAACGGTG-1","All"
"R2_small_2","GTATTATGAGTTAGCG-1","All"
"R2_small_2","GTCAGCCTCCGAACCT-1","All"
"R2_small_2","GTCAGTGCCAGAATAA-1","All"
"R2_small_2","GTCAGTTCTGCCTGGA-1","All"
"R2_small_2","GTCATCACGTGGTTCA-1","All"
"R2_small_2","GTCATCACTATTGTGC-1","All"
"R2_small_2","GTCGTGCTAATGCCTT-1","All"
"R2_small_2","GTCTAAGATCGGACTA-1","Island"
"R2_small_2","GTCTTGATTGCCACCT-1","All"
"R2_small_2","GTGACAATAGGTATGT-1","All"
"R2_small_2","GTGGCGCACCTGTTCC-1","All"
"R2_small_2","GTGGCGCCAGCTAACC-1","All"
"R2_small_2","GTGGTACTTGGTTGGA-1","All"
"R2_small_2","GTGGTCGCTCTGTAGC-1","All"
"R2_small_2","GTTACAGGTACATGGC-1","All"
"R2_small_2","GTTATTCGTAACGTCC-1","All"
"R2_small_2","GTTCCAGTGCCTTACC-1","All"
"R2_small_2","GTTCCTGAACCTTCAA-1","All"
"R2_small_2","GTTGTCCTGTGATGTA-1","All"
"R2_small_2","TAACGCGTAATATGGC-1","All"
"R2_small_2","TAAGAATATGAGATAG-1","All"
"R2_small_2","TAGACCGCGGAAGGAC-1","All"
"R2_small_2","TAGCTATGTTGAGCAC-1","All"
"R2_small_2","TATTCGACAACCGTGA-1","All"
"R2_small_2","TATTGAATCCGACTAA-1","All"
"R2_small_2","TCAGCTAGGATGTACT-1","All"
"R2_small_2","TCAGCTATTAATCGCT-1","All"
"R2_small_2","TCATTCACTGTAATGG-1","All"
"R2_small_2","TCATTGTTCAATGCGT-1","All"
"R2_small_2","TCCAATACTATCTGTT-1","All"
"R2_small_2","TCCTGAAGCGTGCACT-1","All"
"R2_small_2","TCGCACTGTACGGCGA-1","All"
"R2_small_2","TCGGCGCAGAATGTCT-1","All"
"R2_small_2","TCTAGGCGGAAGGCAC-1","All"
"R2_small_2","TCTGAGTCAGATCTTG-1","All"
"R2_small_2","TCTTAGTCGTCTCGGC-1","All"
"R2_small_2","TCTTCGCCATTCGAAT-1","All"
"R2_small_2","TGAATTATGCCGCAGT-1","All"
"R2_small_2","TGAGTCGCCTCCGTCG-1","All"
"R2_small_2","TGATAGGAGCATCAAC-1","Island"
"R2_small_2","TGCGAATTCTCCGCAC-1","All"
"R2_small_2","TGCGTTATGTTCCGGA-1","All"
"R2_small_2","TGGATCCAGTCACTTC-1","All"
"R2_small_2","TGGCATGTTCGAACAG-1","All"
"R2_small_2","TGGCCACTCCGCGGAC-1","All"
"R2_small_2","TGGTATTCCTAGTCCA-1","All"
"R2_small_2","TGGTTGAACACGCCAA-1","All"
"R2_small_2","TGTAGGTCACTACATG-1","All"
"R2_small_2","TGTCAAGCGGATCGGT-1","All"
"R2_small_2","TGTCTTGCGACTAATT-1","All"
"R2_small_2","TGTTCATTGGTCCAAG-1","All"
"R2_small_2","TGTTGGAACCTTCCGC-1","All"
"R2_small_1","AACTAGCCTTGCAATA-1","All"
"R2_small_1","AACTCAACCTTGACCA-1","Island"
"R2_small_1","AACTTCGCTTAGTCAG-1","Island"
"R2_small_1","AAGCAGCGGACACGTG-1","Island"
"R2_small_1","AATAGTATAGTTGTCG-1","Island"
"R2_small_1","AATGAAGACGGTTCAG-1","All"
"R2_small_1","ACCAAGTGGCTGTATG-1","All"
"R2_small_1","ACCAGTATGAAGTTCC-1","All"
"R2_small_1","ACCGGCACCATACTGC-1","All"
"R2_small_1","ACGTTAATACAATGAC-1","All"
"R2_small_1","AGAAGCAGCCTAAGCT-1","Island"
"R2_small_1","AGACGTGGCGTTGAGT-1","All"
"R2_small_1","AGCGTGCTTCGCTCAT-1","All"
"R2_small_1","AGGCATTACTATAGTA-1","Island"
"R2_small_1","AGTCGCCACTCGGCGA-1","All"
"R2_small_1","AGTGAGTATTCTAAGT-1","Island"
"R2_small_1","AGTGCCAGATGCTCTG-1","Island"
"R2_small_1","ATACATCAAGGATTGC-1","All"
"R2_small_1","ATACGCTGAGATCAGA-1","All"
"R2_small_1","ATACTGGAGGATAACG-1","All"
"R2_small_1","ATAGATTGAGTTCGAG-1","All"
"R2_small_1","ATAGTCCGCCGTTGGC-1","Island"
"R2_small_1","ATAGTTCGCAGCCGTG-1","All"
"R2_small_1","ATCCGGATGACGTAAC-1","All"
"R2_small_1","ATCGTAACTACCTCTT-1","All"
"R2_small_1","ATCTGGATCCTCAGAC-1","All"
"R2_small_1","ATCTGTACGCGTCTCC-1","Island"
"R2_small_1","ATGGAGTAATCGGACC-1","Island"
"R2_small_1","ATGTATCGGAATACGG-1","Island"
"R2_small_1","ATGTGCGTCTGAACAG-1","Island"
"R2_small_1","ATTAAGAACAGCTCCG-1","Island"
"R2_small_1","ATTCACGTCGCAGGCT-1","Island"
"R2_small_1","ATTCTACTGGTCGTTC-1","Island"
"R2_small_1","CAACGCTTGCTCCTAC-1","Island"
"R2_small_1","CAACTGCAGTGCAATA-1","Island"
"R2_small_1","CAACTGCTGGAGTTAT-1","Island"
"R2_small_1","CAAGACCACTATCGAA-1","Island"
"R2_small_1","CACCATAAGCTGGCTG-1","All"
"R2_small_1","CACGTCCACGACCTAT-1","Island"
"R2_small_1","CAGATTGCCTGTAAGT-1","All"
"R2_small_1","CATGCTCATCTGAACG-1","All"
"R2_small_1","CATGTTACCGAAGGCG-1","Island"
"R2_small_1","CCAGCACTCGACTGAC-1","Island"
"R2_small_1","CCGACAACGTCATCGG-1","Island"
"R2_small_1","CCGAGGATGACTCGTC-1","All"
"R2_small_1","CCGCGTCGTTGGTCTG-1","All"
"R2_small_1","CCGCGTTACCTTGGCG-1","All"
"R2_small_1","CCGCTGTTGCCATACG-1","Island"
"R2_small_1","CCTGGCTTATGGTCTG-1","Island"
"R2_small_1","CGAGGAGCGTTCGTTA-1","Island"
"R2_small_1","CGATAAGGTGCCTGAC-1","Island"
"R2_small_1","CGCAACCATGCACCGA-1","All"
"R2_small_1","CGCACTGTGAGCCTGT-1","All"
"R2_small_1","CGCCTTGTGAAGTCTA-1","Island"
"R2_small_1","CGCTCGCAATTGGCGA-1","All"
"R2_small_1","CGCTCGGTACTGCGAA-1","Island"
"R2_small_1","CGCTGCTTCGCATACT-1","Island"
"R2_small_1","CGGCAACCTAAGTCCA-1","Island"
"R2_small_1","CGGTCATGGAGGACTC-1","All"
"R2_small_1","CGTACATCACTGGATG-1","All"
"R2_small_1","CGTCAAGGCGGAATGT-1","All"
"R2_small_1","CGTGGCTCCTTGTCTT-1","All"
"R2_small_1","CTAAGCGTGCCTGCAA-1","Island"
"R2_small_1","CTAATCTGGCCGTGTT-1","All"
"R2_small_1","CTATGTAGGCCGAACG-1","Island"
"R2_small_1","CTCAATACGTTAACCG-1","All"
"R2_small_1","CTCCTACATTGTATCT-1","All"
"R2_small_1","CTCGACTCCTAATGGA-1","Island"
"R2_small_1","CTGAAGTGCTGAACTG-1","Island"
"R2_small_1","CTGTCACTCGGCCTTA-1","Island"
"R2_small_1","CTGTTCCAGAAGCTGA-1","Island"
"R2_small_1","CTTACGGTAAGCCGAA-1","All"
"R2_small_1","CTTAGCTACGCAAGGT-1","Island"
"R2_small_1","CTTAGTCTATCGAGAC-1","All"
"R2_small_1","CTTCCGACGCACAACC-1","Island"
"R2_small_1","CTTCGATACTCCGACC-1","Island"
"R2_small_1","GAACAGATAACCTTAA-1","Island"
"R2_small_1","GAATAAGGAGAACTAA-1","All"
"R2_small_1","GAATGACACGACTAGG-1","All"
"R2_small_1","GACAACTTAACCAACC-1","Island"
"R2_small_1","GACAAGCTGAATCTGG-1","Island"
"R2_small_1","GACAATTGTATGCTTC-1","All"
"R2_small_1","GAGCTACAGCTCGGTA-1","Island"
"R2_small_1","GAGGTAACTGCGAGAC-1","All"
"R2_small_1","GAGGTATTAATAGCGG-1","All"
"R2_small_1","GAGGTGCATTCGGATC-1","All"
"R2_small_1","GAGTAGGATGGTAGTC-1","Island"
"R2_small_1","GCACCTTACTGGCTAC-1","Island"
"R2_small_1","GCACGCATAGATTGCT-1","All"
"R2_small_1","GCAGATCCTAATGTGG-1","Island"
"R2_small_1","GCCGCTGATTGGCCAG-1","Island"
"R2_small_1","GCCGGTATGCTCATGC-1","Island"
"R2_small_1","GCCTGGTCAGGTTGCC-1","Island"
"R2_small_1","GCCTTGGCGAACAATC-1","All"
"R2_small_1","GCGACACTAAGCTAAG-1","Island"
"R2_small_1","GCGATCTTGCTCACGC-1","All"
"R2_small_1","GCGTACCGTGTATCAG-1","Island"
"R2_small_1","GCTCATACAATTAGAC-1","All"
"R2_small_1","GCTTCTAGCGTTCATT-1","Island"
"R2_small_1","GGAATCCTTAGACTGT-1","All"
"R2_small_1","GGACCGATCTGGATTA-1","Island"
"R2_small_1","GGACCGCTTCCTGGCA-1","All"
"R2_small_1","GGAGCGAGTGTAACTT-1","Island"
"R2_small_1","GGAGCGGCACCTCGTA-1","Island"
"R2_small_1","GGAGGTCGTAGGAGCT-1","All"
"R2_small_1","GGCGTGGCACGGCACT-1","Island"
"R2_small_1","GGTAAGGCGACGATGA-1","All"
"R2_small_1","GGTCCTGCGAGTAGGT-1","All"
"R2_small_1","GTACAGATGACATCGC-1","All"
"R2_small_1","GTACCTGAAGTGAATG-1","All"
"R2_small_1","GTAGAAGGACATCATA-1","Island"
"R2_small_1","GTAGCGCTCATCAGGT-1","All"
"R2_small_1","GTATCTGTCAACGGTG-1","Island"
"R2_small_1","GTATTATGAGTTAGCG-1","Island"
"R2_small_1","GTCCTTCATCAGATCA-1","Island"
"R2_small_1","GTCTGATATCTGAATT-1","Island"
"R2_small_1","GTCTTGCGGCGATTCA-1","All"
"R2_small_1","GTGACAAGATGCTCAT-1","Island"
"R2_small_1","GTTATTCGTAACGTCC-1","All"
"R2_small_1","GTTGACGAACCAGAAC-1","Island"
"R2_small_1","GTTGACTAGAGCACGT-1","All"
"R2_small_1","GTTGAGCTTCGTCCGG-1","All"
"R2_small_1","GTTGGTCCGCCAATCT-1","All"
"R2_small_1","TAACGCTTATGCCATA-1","Island"
"R2_small_1","TAACGTCACTATAATC-1","All"
"R2_small_1","TAAGGACGCCTGGTTG-1","All"
"R2_small_1","TACACTGTCGAACCAA-1","All"
"R2_small_1","TAGACATACGTCTAAT-1","Island"
"R2_small_1","TAGATGGCTGTATGCC-1","All"
"R2_small_1","TAGGACATCAGCATGG-1","All"
"R2_small_1","TAGGTCTTGGCTCGTC-1","Island"
"R2_small_1","TAGTGACTCAATTGCT-1","Island"
"R2_small_1","TAGTGCAGTGCGGTAG-1","All"
"R2_small_1","TAGTTCCGATAGAATC-1","All"
"R2_small_1","TATCCACTTGCGTATC-1","Island"
"R2_small_1","TATGAGCGATCCATTA-1","All"
"R2_small_1","TCAGCGTGACCTTACC-1","All"
"R2_small_1","TCAGCTCGCCAGGATG-1","Island"
"R2_small_1","TCAGTCGCCAAGGTTG-1","All"
"R2_small_1","TCCGTGTCTTACATAA-1","All"
"R2_small_1","TCGTATCACGTTATGA-1","All"
"R2_small_1","TCTATTCTGCATTGGC-1","Island"
"R2_small_1","TCTTCGCCATTCGAAT-1","Island"
"R2_small_1","TGAAGTATGATCGTGC-1","Island"
"R2_small_1","TGAGACAGAAGTGCTC-1","Island"
"R2_small_1","TGAGGTAGGACTACTG-1","All"
"R2_small_1","TGATGGCCGGCATCGC-1","All"
"R2_small_1","TGCCTAAGTTAATTAT-1","Island"
"R2_small_1","TGCGAATTCTCCGCAC-1","Island"
"R2_small_1","TGCTACTTGTGGCTGG-1","All"
"R2_small_1","TGCTATCCATGTAATA-1","Island"
"R2_small_1","TGGCCTGGCACTGTGG-1","All"
"R2_small_1","TGGTAGCATCAAGTCT-1","All"
"R2_small_1","TGTAAGATCTTCACAT-1","Island"
"R2_large_1","AACCACTAACATGATT-1","All"
"R2_large_1","AACGCATGCCTCAATA-1","All"
"R2_large_1","AACTTGGTTAATACTA-1","Island"
"R2_large_1","AAGACTCAAGGCTCCA-1","Island"
"R2_large_1","AAGCAAGAGCGTGATC-1","All"
"R2_large_1","AAGGCCGACCTACCTG-1","All"
"R2_large_1","AAGGCGCCTAACATAG-1","Island"
"R2_large_1","AAGGTTGCAGAAGCAG-1","Island"
"R2_large_1","AAGTACTACAGTAGAA-1","Island"
"R2_large_1","AATCCGGAGCTTGTCT-1","All"
"R2_large_1","AATCTATCTAACCGAG-1","All"
"R2_large_1","AATGATTACAACCTAA-1","All"
"R2_large_1","AATGCGAACCTCGCGT-1","All"
"R2_large_1","ACAATACGCCTTATTC-1","Island"
"R2_large_1","ACAGAATGTCTTATTG-1","All"
"R2_large_1","ACGCAACGTGTAATTG-1","All"
"R2_large_1","ACGTCAGATTACTTCG-1","Island"
"R2_large_1","ACTAATCGGCCACCGA-1","All"
"R2_large_1","ACTCAGCTTCTGAGAC-1","All"
"R2_large_1","ACTCGATAAGACCAGG-1","All"
"R2_large_1","ACTGCCGTTGGTGAGC-1","All"
"R2_large_1","ACTGTAGAGTGCCGGC-1","All"
"R2_large_1","ACTTGAAGCGAGCGGT-1","All"
"R2_large_1","AGACAAGACGTATCGC-1","All"
"R2_large_1","AGACTCTATTAGCGCT-1","Island"
"R2_large_1","AGATCAACTCGCTATG-1","All"
"R2_large_1","AGCCGGCCTATTCCAG-1","All"
"R2_large_1","AGCCTCTATGCAGCAA-1","Island"
"R2_large_1","AGCGGAATGTCGCTGT-1","Island"
"R2_large_1","AGCGTGCCTGTATGCC-1","All"
"R2_large_1","AGCGTGGCACCGACAA-1","All"
"R2_large_1","AGGATCAACATTCGTT-1","Island"
"R2_large_1","AGGTGGCACTTGTCAG-1","All"
"R2_large_1","AGGTTAGTGGCCATAG-1","Island"
"R2_large_1","AGTTCGTGCAGACCTT-1","All"
"R2_large_1","AGTTGGCACCAGTTAC-1","All"
"R2_large_1","ATAAGACCAATCGCGG-1","Island"
"R2_large_1","ATAAGGAATAGAACAT-1","All"
"R2_large_1","ATACTATCAACTTGTA-1","All"
"R2_large_1","ATAGAATTCTAGGCCG-1","Island"
"R2_large_1","ATAGATGCCTAAGCAC-1","All"
"R2_large_1","ATAGTGAGTGAGGATT-1","All"
"R2_large_1","ATCACCAGTTCGGCGA-1","All"
"R2_large_1","ATCCACTCGTACTCGG-1","All"
"R2_large_1","ATCGCAGTCTATGGCA-1","All"
"R2_large_1","ATCGTCACCATGTCAC-1","All"
"R2_large_1","ATCTTAGTGGCATGGA-1","Island"
"R2_large_1","ATGCATGGTTCCGCCT-1","All"
"R2_large_1","ATGCTGCCTACTGCAT-1","All"
"R2_large_1","ATGGAACGATAGTGAT-1","Island"
"R2_large_1","ATGGAGTCTTCGCAGT-1","All"
"R2_large_1","ATGGCATTATGGCTCG-1","All"
"R2_large_1","ATGTATCCAAGGTGGC-1","Island"
"R2_large_1","ATTATGATACTGCGCA-1","All"
"R2_large_1","ATTCACTCACGTGCAC-1","All"
"R2_large_1","ATTCCGCAACGCCGCT-1","All"
"R2_large_1","ATTCCTTCGAAGGTGC-1","All"
"R2_large_1","CAACTGCAGTGCAATA-1","All"
"R2_large_1","CACGAGGCCATCCACT-1","All"
"R2_large_1","CACTGGTGAGACGCTT-1","All"
"R2_large_1","CACTGGTGGCGTCGTT-1","All"
"R2_large_1","CACTTGACATTCAGAA-1","All"
"R2_large_1","CAGAAGATTAGAATGG-1","All"
"R2_large_1","CAGACGAATGAGGAAC-1","All"
"R2_large_1","CAGACGATACAGATCG-1","All"
"R2_large_1","CAGCATAGACTAGGCA-1","All"
"R2_large_1","CAGGCCGTATCTGTTA-1","All"
"R2_large_1","CAGTGAACAGCAACGA-1","All"
"R2_large_1","CATAGCTTGACAACGG-1","All"
"R2_large_1","CATCGCGGTCGGTGCG-1","All"
"R2_large_1","CATGCATATGACGTCG-1","All"
"R2_large_1","CATGTCCACCTGCGTC-1","All"
"R2_large_1","CATTAGGCAATGGTTA-1","All"
"R2_large_1","CCAGACAGAACCTAAG-1","All"
"R2_large_1","CCAGATGATATGTAGG-1","Island"
"R2_large_1","CCGATGGAACATCAGC-1","All"
"R2_large_1","CCGATTCCTCACTACA-1","All"
"R2_large_1","CCGGCGTCTTAATAAG-1","All"
"R2_large_1","CCTAGCCTTCATCGGC-1","All"
"R2_large_1","CCTATGCCTTCTTGTT-1","All"
"R2_large_1","CCTGGCATACCTGTCA-1","All"
"R2_large_1","CCTGTCTGCATAGGTC-1","All"
"R2_large_1","CCTTAGTTATACCAGA-1","All"
"R2_large_1","CCTTCATAGTACTTCA-1","Island"
"R2_large_1","CCTTGTGATGGTCTAG-1","All"
"R2_large_1","CGAATCCTGATAGGTG-1","All"
"R2_large_1","CGAATGGACCGTCTTG-1","All"
"R2_large_1","CGACCTTGGCGTTCTA-1","All"
"R2_large_1","CGACTAATCGGCTCCT-1","All"
"R2_large_1","CGACTGAACGAATGCT-1","Island"
"R2_large_1","CGAGTGCGGCTCGTGG-1","All"
"R2_large_1","CGATGAGGCCAACGTA-1","All"
"R2_large_1","CGGAGTAAGGTGCGGT-1","Island"
"R2_large_1","CGGCACTCCGGTTCGC-1","Island"
"R2_large_1","CGGCTTACGTGCACGA-1","All"
"R2_large_1","CGTTGTGAGCAAGTGG-1","All"
"R2_large_1","CTAACCTCACCGAAGA-1","All"
"R2_large_1","CTAACGTGAATGATGT-1","All"
"R2_large_1","CTACAGATGGTCATAC-1","Island"
"R2_large_1","CTACCTGTGCGATGTA-1","All"
"R2_large_1","CTAGTTATGTCCAAGG-1","All"
"R2_large_1","CTATCCGTACGTTGGC-1","All"
"R2_large_1","CTATGCCGTACAGCGT-1","All"
"R2_large_1","CTCAACATCCAGATTG-1","All"
"R2_large_1","CTCACCGCTCTAATCA-1","All"
"R2_large_1","CTCACCTGAGACTAAG-1","All"
"R2_large_1","CTCAGAAGACAACTCG-1","All"
"R2_large_1","CTGGCGCATATCCGTG-1","Island"
"R2_large_1","CTGGTGCACCATACCA-1","All"
"R2_large_1","CTTACGCAACTCAACG-1","Island"
"R2_large_1","CTTCGATAACATTGGT-1","All"
"R2_large_1","CTTCGTATTAATACGG-1","Island"
"R2_large_1","CTTCTGAGGTCGCATA-1","All"
"R2_large_1","CTTGTATCGTATGATT-1","Island"
"R2_large_1","GAACTATCGTCTCGTC-1","All"
"R2_large_1","GAACTCATAGTGAGTG-1","All"
"R2_large_1","GACCACTCCTGACGTT-1","Island"
"R2_large_1","GACGAGTGCTGGAGAT-1","All"
"R2_large_1","GAGCGGCAATGGAATA-1","All"
"R2_large_1","GAGGTAACTAGACAGT-1","Island"
"R2_large_1","GAGGTTAGATCGAAGA-1","All"
"R2_large_1","GAGTAGATTATGGTTC-1","Island"
"R2_large_1","GAGTGCGTACTGTAAC-1","All"
"R2_large_1","GAGTGGAGCAAGCGCA-1","All"
"R2_large_1","GAGTTACTCAATGGAA-1","All"
"R2_large_1","GATATCCATATGAGGC-1","All"
"R2_large_1","GATTCCATTGAGTTGA-1","All"
"R2_large_1","GCACTGGACGCAGCAC-1","All"
"R2_large_1","GCATTGACTACAGCGA-1","All"
"R2_large_1","GCCACTCCGTCACCTC-1","All"
"R2_large_1","GCCGATACGGTATCAG-1","All"
"R2_large_1","GCCGGCGTAGGTGACG-1","All"
"R2_large_1","GCGAATCGAGAACACG-1","All"
"R2_large_1","GCGATGACCGTGTAAT-1","All"
"R2_large_1","GCGATTCTAACAGTAA-1","All"
"R2_large_1","GCGTCCAGCAATTGGC-1","All"
"R2_large_1","GCTTACATGTTGCGCT-1","All"
"R2_large_1","GCTTCTAAGTCTGACG-1","All"
"R2_large_1","GCTTCTGTTACGAGAA-1","All"
"R2_large_1","GCTTGAACTCCATCCA-1","All"
"R2_large_1","GCTTGCAATACAAGGC-1","All"
"R2_large_1","GCTTGGATGCTCGCTT-1","All"
"R2_large_1","GGAATGGCAACTTGGA-1","All"
"R2_large_1","GGAGACTATTGTGACA-1","All"
"R2_large_1","GGAGATGTGCCATAAC-1","All"
"R2_large_1","GGCAGGAAGTCTTCTA-1","Island"
"R2_large_1","GGCCATTAGCTAGTGG-1","All"
"R2_large_1","GGTAGCCAAGGTACTT-1","All"
"R2_large_1","GGTATGGTCAGGTTGG-1","All"
"R2_large_1","GGTCTGAAGGTTCGAA-1","Island"
"R2_large_1","GGTCTGAAGTATGTCA-1","All"
"R2_large_1","GGTCTGCGAACTGTAT-1","All"
"R2_large_1","GGTTAGACTCGGAGGT-1","Island"
"R2_large_1","GGTTCTCGTGATGTGA-1","Island"
"R2_large_1","GTAAGTAATTACAATC-1","All"
"R2_large_1","GTACAGTATCGGAATT-1","All"
"R2_large_1","GTAGAAGGACATCATA-1","All"
"R2_large_1","GTAGCACGAGCTCAAG-1","All"
"R2_large_1","GTAGCCTAAGGTTAGT-1","All"
"R2_large_1","GTATGATCACTTGACG-1","Island"
"R2_large_1","GTATTATGAGTTAGCG-1","All"
"R2_large_1","GTCAACAGTTAAGTGA-1","All"
"R2_large_1","GTCACTTACGTGTATG-1","All"
"R2_large_1","GTCAGCTGGTGAGGCG-1","All"
"R2_large_1","GTCCGAATGCGGACAG-1","All"
"R2_large_1","GTCCGACAGCCGCATT-1","All"
"R2_large_1","GTCTATCAATGGATTA-1","Island"
"R2_large_1","GTGACCAGATCGAGAT-1","Island"
"R2_large_1","GTGATCTACGAGATCC-1","All"
"R2_large_1","GTGCAACGACGGTGTT-1","All"
"R2_large_1","GTGCATGGTTGAGTTC-1","Island"
"R2_large_1","GTGGATAATCATAATC-1","All"
"R2_large_1","GTGGCTGAATGCGAGT-1","All"
"R2_large_1","GTTAGGTCCACTGGCG-1","All"
"R2_large_1","GTTCCGTACCTCCACT-1","All"
"R2_large_1","GTTCCTGAACCTTCAA-1","Island"
"R2_large_1","GTTCTTGATCTGTTGA-1","All"
"R2_large_1","GTTGAATCAACCTGGC-1","Island"
"R2_large_1","GTTGACGGATAGCCAT-1","All"
"R2_large_1","GTTGCTCCTGAGATTC-1","Island"
"R2_large_1","TAACAGCAGGCCTTAC-1","Island"
"R2_large_1","TAACCGTACCATCCTG-1","All"
"R2_large_1","TAAGGATTGGAAGTGG-1","All"
"R2_large_1","TAATCTGATAAGATGT-1","Island"
"R2_large_1","TACACCAGTGCCGACA-1","All"
"R2_large_1","TACGGAGTCAACGAAG-1","Island"
"R2_large_1","TACGTAATCTAGTAAG-1","All"
"R2_large_1","TACTCACTACTCACTC-1","All"
"R2_large_1","TAGCTAGAGGCCTGAA-1","All"
"R2_large_1","TAGTGCACATAGTCTG-1","All"
"R2_large_1","TAGTTCGAATTAGCGG-1","All"
"R2_large_1","TATCAACGAATATGAG-1","All"
"R2_large_1","TATCAATCGCCGAGTG-1","All"
"R2_large_1","TATCACTTCGAGCCGT-1","All"
"R2_large_1","TATGACTCAATGATCG-1","All"
"R2_large_1","TATTGAATGAATGTGG-1","All"
"R2_large_1","TCAAGGTACACGAAGA-1","All"
"R2_large_1","TCAAGGTATCAACTTA-1","All"
"R2_large_1","TCCAACTGCCGCCATA-1","All"
"R2_large_1","TCCAATCTAACACGCA-1","All"
"R2_large_1","TCCATGTCGGACCGAC-1","All"
"R2_large_1","TCCTGAAGCGTGCACT-1","Island"
"R2_large_1","TCGATCCAGTCTGTAG-1","All"
"R2_large_1","TCGGAACGTCTGCAAG-1","All"
"R2_large_1","TCGGCGCAGAATGTCT-1","All"
"R2_large_1","TCGGTAATAGCGGTTC-1","All"
"R2_large_1","TCGTATAGGAGCCTAT-1","All"
"R2_large_1","TCGTGCCTCGGTAGTT-1","All"
"R2_large_1","TCTACATTGGAGTAAT-1","All"
"R2_large_1","TCTGCAAGGACGGCAA-1","All"
"R2_large_1","TCTGCGTGCTTCAGAC-1","All"
"R2_large_1","TCTTGCACGGTGAGCC-1","All"
"R2_large_1","TGAATGGTGCTTCGAT-1","All"
"R2_large_1","TGACTCTGCTCGCACG-1","All"
"R2_large_1","TGACTTAATGCGTTGG-1","All"
"R2_large_1","TGAGTTGTCCTCGCTT-1","All"
"R2_large_1","TGCATTAATGGCCACC-1","All"
"R2_large_1","TGCCACTTAAGTGATG-1","All"
"R2_large_1","TGCGAATTCTCCGCAC-1","All"
"R2_large_1","TGCGAGCCAGACGAAT-1","Island"
"R2_large_1","TGCGATGCAGGTGCGA-1","All"
"R2_large_1","TGCGTGTCGGCGGATA-1","All"
"R2_large_1","TGCTTACTCACCGGTC-1","Island"
"R2_large_1","TGCTTAGCCTGTTGGT-1","All"
"R2_large_1","TGGAGTGCTCCTGATC-1","All"
"R2_large_1","TGGCCGTCTATCAGGA-1","All"
"R2_large_1","TGGCGAGCCACTAGCG-1","All"
"R2_large_1","TGGCTCACTCAATCAC-1","All"
"R2_large_1","TGGTCGCCGGCTTACT-1","All"
"R2_large_1","TGGTGCATTGTAATCC-1","All"
"R2_large_1","TGTCTACTAGATTGCC-1","All"
"R2_large_1","TGTTACCTATTGGACA-1","All"
"R2_large_1","TGTTGCGTCCAAGATT-1","All"
"R3_large_1","AACATGACTTGGCTGC-1","Island"
"R3_large_1","AACCAAGGTATCAGGC-1","All"
"R3_large_1","AACCACTGCCATAGCC-1","All"
"R3_large_1","AACCTACAGAGGTAGT-1","All"
"R3_large_1","AACTCACGGAGTACGT-1","All"
"R3_large_1","AACTGCAATACGGATT-1","All"
"R3_large_1","AACTGCCTCGATAGGT-1","All"
"R3_large_1","AACTGGTCATGTGGTT-1","All"
"R3_large_1","AACTTCAAGGATAATC-1","All"
"R3_large_1","AACTTCATCTTCTGGT-1","All"
"R3_large_1","AAGACTGTCATAGTGC-1","All"
"R3_large_1","AAGATGCACTATACTT-1","All"
"R3_large_1","AAGATTATCTAGCATA-1","All"
"R3_large_1","AAGCAGTGGCATCACT-1","All"
"R3_large_1","AAGCAGTGGCTCATCC-1","All"
"R3_large_1","AAGCAGTGTACACCGC-1","All"
"R3_large_1","AAGCGTTCGTCTGTCC-1","All"
"R3_large_1","AAGGACCTGCAAGCAT-1","Island"
"R3_large_1","AAGGCGAGGTTCATGT-1","All"
"R3_large_1","AAGGCGCCTAACATAG-1","All"
"R3_large_1","AAGGTTGCAGAAGCAG-1","All"
"R3_large_1","AAGTATTGTAGGTCGC-1","Island"
"R3_large_1","AAGTGAGCCTGTTACA-1","All"
"R3_large_1","AAGTGATCCACGAGCG-1","Island"
"R3_large_1","AAGTTCCTATTGCTGG-1","All"
"R3_large_1","AATAACATGTTACGTC-1","All"
"R3_large_1","AATAACGTATTGAACA-1","All"
"R3_large_1","AATAACTCTAATACAG-1","All"
"R3_large_1","AATATTAGGCTTCTGG-1","All"
"R3_large_1","AATCCGCCTGGTCAAT-1","All"
"R3_large_1","AATCCGGAGCTTGTCT-1","All"
"R3_large_1","AATGCCGCGATTGAGC-1","All"
"R3_large_1","AATGCGAACCTCGCGT-1","All"
"R3_large_1","AATGGTGCGTCCTAAC-1","All"
"R3_large_1","AATGGTTATTCTAGCT-1","All"
"R3_large_1","AATTAGCTTAGGTGTA-1","All"
"R3_large_1","ACAACGTGGAGCTACT-1","All"
"R3_large_1","ACAACTAAGTGGCGCT-1","All"
"R3_large_1","ACAGGATACCGGATTC-1","All"
"R3_large_1","ACATAACCTCTGCCTT-1","Island"
"R3_large_1","ACATCACTGGCGTTCG-1","All"
"R3_large_1","ACATCGAAGTGATTAA-1","Island"
"R3_large_1","ACATCTCGCATAGAAT-1","All"
"R3_large_1","ACATTGAATACGCATA-1","All"
"R3_large_1","ACCAATCATGGTTCAT-1","Island"
"R3_large_1","ACCAATGAGCCTCATC-1","All"
"R3_large_1","ACCGAAGCCGAATTAA-1","All"
"R3_large_1","ACCGATTGAGGATCTG-1","All"
"R3_large_1","ACCGCAGGTCGAGTTG-1","All"
"R3_large_1","ACCGGCCTCAGGAGTT-1","All"
"R3_large_1","ACCTCGCACTAAGAGC-1","Island"
"R3_large_1","ACCTGCTTGCTACGAC-1","All"
"R3_large_1","ACCTTGGCTCTGTAAG-1","Island"
"R3_large_1","ACGACTGAAGACTTAC-1","All"
"R3_large_1","ACGAGGACCTGCTAGT-1","All"
"R3_large_1","ACGCTGCGATTAACGA-1","All"
"R3_large_1","ACGGCTTCAGGTACCG-1","All"
"R3_large_1","ACGGTTCGTACAGTTG-1","All"
"R3_large_1","ACGTTAATACAATGAC-1","All"
"R3_large_1","ACTAATAGTCAACATA-1","All"
"R3_large_1","ACTAATGCCTTGCATC-1","Island"
"R3_large_1","ACTACCAACTGTGGCT-1","Island"
"R3_large_1","ACTACGCCTCATGATT-1","All"
"R3_large_1","ACTATGAGGTTCTGTC-1","All"
"R3_large_1","ACTCAGCTTCTGAGAC-1","All"
"R3_large_1","ACTCCTGCGGCAACCA-1","All"
"R3_large_1","ACTCGTATTGTCAGAA-1","All"
"R3_large_1","ACTCTACTTCCGCATT-1","All"
"R3_large_1","ACTGAGCGCAACTCAT-1","All"
"R3_large_1","ACTGGTGATTCCGATC-1","All"
"R3_large_1","ACTGTAGCAGCTTCTG-1","All"
"R3_large_1","ACTTGAGCCGTTCTTA-1","All"
"R3_large_1","AGAACATACTGGTCGT-1","All"
"R3_large_1","AGAAGTTGAGCGCAAG-1","All"
"R3_large_1","AGAATTCTGTTGACAA-1","All"
"R3_large_1","AGACCGAACCGATGTC-1","All"
"R3_large_1","AGACCGCCGGCCAATG-1","All"
"R3_large_1","AGACCGGAGCAACGCT-1","All"
"R3_large_1","AGACGATGCTGATAAT-1","Island"
"R3_large_1","AGACTCATGACCTGGC-1","All"
"R3_large_1","AGACTCCTGTATGGCG-1","All"
"R3_large_1","AGACTCTATTAGCGCT-1","All"
"R3_large_1","AGCACCTCCAATCACG-1","Island"
"R3_large_1","AGCACGAGATAACGGT-1","All"
"R3_large_1","AGCACGCTCGATCTAA-1","All"
"R3_large_1","AGCACGGAGGCAGTCA-1","All"
"R3_large_1","AGCACGTGCACCTCTG-1","Island"
"R3_large_1","AGCAGGTGCAATGGTT-1","All"
"R3_large_1","AGCATTAGACGGATTG-1","All"
"R3_large_1","AGCCGGCCTATTCCAG-1","All"
"R3_large_1","AGCGGTACGGCGCATC-1","All"
"R3_large_1","AGCGTGCGCCTGATCG-1","All"
"R3_large_1","AGCGTGCTTCGCTCAT-1","All"
"R3_large_1","AGCTTGAGTCAGGCCG-1","All"
"R3_large_1","AGGAATTACGGTGACG-1","All"
"R3_large_1","AGGAGCAGCGTTAATA-1","All"
"R3_large_1","AGGTACAGCTATGATA-1","All"
"R3_large_1","AGTACCGAACCGCAAT-1","Island"
"R3_large_1","AGTACCGTTGTACGCC-1","All"
"R3_large_1","AGTAGAGCATGGACGT-1","All"
"R3_large_1","AGTATTCGTCGGTATC-1","All"
"R3_large_1","AGTCACCATACCTCCA-1","Island"
"R3_large_1","AGTCGCCACTCGGCGA-1","All"
"R3_large_1","AGTCGGTCTAATCTGT-1","All"
"R3_large_1","AGTCTAGGATTGTCAC-1","All"
"R3_large_1","AGTGCAATAACTAACA-1","All"
"R3_large_1","AGTGTCTAGGCTAATA-1","All"
"R3_large_1","AGTGTCTTAAGCTTGT-1","All"
"R3_large_1","AGTTCGGCACATACGG-1","All"
"R3_large_1","ATAAGAATCATGCATC-1","All"
"R3_large_1","ATAAGGCGGACAAGTT-1","All"
"R3_large_1","ATAAGGTTAGCTCACG-1","Island"
"R3_large_1","ATAATCCGTTCCGTTC-1","All"
"R3_large_1","ATAATCGTAGTTATTC-1","All"
"R3_large_1","ATACATCAAGGATTGC-1","All"
"R3_large_1","ATACTATGCCAGTGAG-1","Island"
"R3_large_1","ATACTGACTTCGGCAC-1","All"
"R3_large_1","ATACTGGAGGATAACG-1","All"
"R3_large_1","ATAGACATGGCTATGG-1","All"
"R3_large_1","ATAGTCGAAGGAAGCT-1","Island"
"R3_large_1","ATCCACGACACGAATG-1","All"
"R3_large_1","ATCCGAGTCACTTGTA-1","All"
"R3_large_1","ATCCGGATGACGTAAC-1","All"
"R3_large_1","ATCCGGTACCGTCCTT-1","All"
"R3_large_1","ATCGAACTCGTCCGGC-1","Island"
"R3_large_1","ATCGACTAAGTACTGC-1","Island"
"R3_large_1","ATCGCAGTAACTTATT-1","All"
"R3_large_1","ATCGCATCACGCATCT-1","All"
"R3_large_1","ATCGTCAGTTAGTCCA-1","All"
"R3_large_1","ATCTTGGCTTCGTCCT-1","All"
"R3_large_1","ATGACACTAATCGCAC-1","All"
"R3_large_1","ATGAGGAACGACCAGC-1","All"
"R3_large_1","ATGCATGTCGATGTGG-1","Island"
"R3_large_1","ATGCTGCGGAACTACC-1","Island"
"R3_large_1","ATGGAGTCTTCGCAGT-1","All"
"R3_large_1","ATGTATGAGTACCGGA-1","All"
"R3_large_1","ATGTCGGACTGAAGTA-1","All"
"R3_large_1","ATGTTACTGGAGGCGG-1","Island"
"R3_large_1","ATTAAGAATAACGCTT-1","All"
"R3_large_1","ATTAGCCTCACTTCTA-1","All"
"R3_large_1","ATTAGCGAGCATGCTG-1","All"
"R3_large_1","ATTAGCTAGATGCGCA-1","Island"
"R3_large_1","ATTAGTGAGGTATCGC-1","All"
"R3_large_1","ATTAGTTCACAGACTC-1","All"
"R3_large_1","ATTATGATACTGCGCA-1","All"
"R3_large_1","ATTATGCCATCGTTAA-1","All"
"R3_large_1","ATTCACGCTGTTATCG-1","All"
"R3_large_1","ATTCAGCTCCTACTAA-1","All"
"R3_large_1","ATTCATAGCGAAGCGT-1","All"
"R3_large_1","ATTCTAGTCCACAAGA-1","All"
"R3_large_1","ATTCTGAGTACTGTAG-1","All"
"R3_large_1","ATTGACTGAATACTAT-1","Island"
"R3_large_1","CAACCGTATTACTGTA-1","All"
"R3_large_1","CAAGCCGCCATAGAGG-1","All"
"R3_large_1","CAAGTCCATCGGCGGT-1","Island"
"R3_large_1","CAAGTCGTAGGACTCG-1","Island"
"R3_large_1","CAAGTCTTGGCGATAG-1","All"
"R3_large_1","CAATAACTCAAGGCAA-1","All"
"R3_large_1","CAATAATCGTAGGATA-1","All"
"R3_large_1","CAATCCGAGGTGCTAG-1","All"
"R3_large_1","CAATGTCCGTTGCGTG-1","Island"
"R3_large_1","CAATTGAACCGGCTCG-1","All"
"R3_large_1","CACGATGGTGCTAATA-1","All"
"R3_large_1","CACTACCTTCGCTTCA-1","All"
"R3_large_1","CACTACTGCGGAATTG-1","All"
"R3_large_1","CACTCAAGACCATGCA-1","All"
"R3_large_1","CACTCATCACGTTACG-1","All"
"R3_large_1","CACTCGTAGGCCACGG-1","Island"
"R3_large_1","CACTGGCGGTAACACC-1","All"
"R3_large_1","CAGAACATGCCTAGTG-1","Island"
"R3_large_1","CAGACACTTACAAGAC-1","All"
"R3_large_1","CAGATATGTCCTTAAG-1","Island"
"R3_large_1","CAGCCACGGCTCTACG-1","All"
"R3_large_1","CAGGACATGGTAATGC-1","All"
"R3_large_1","CAGGACCTACATAGTC-1","Island"
"R3_large_1","CAGGTACCACTCGCGG-1","Island"
"R3_large_1","CAGTATCTTACACTAA-1","All"
"R3_large_1","CATATTCTTGTCGTAA-1","All"
"R3_large_1","CATGATACTCAGGATT-1","Island"
"R3_large_1","CATGCGCTACTGGAGG-1","All"
"R3_large_1","CATGTTATTGATGCAG-1","All"
"R3_large_1","CATTAAGTAGCTTACC-1","Island"
"R3_large_1","CATTGTCGGTCGCTAG-1","All"
"R3_large_1","CCAACTTGCGTTAACC-1","All"
"R3_large_1","CCAATACCAACACGCC-1","All"
"R3_large_1","CCACGTCGGTCGCTTC-1","All"
"R3_large_1","CCACGTGCCACCTCAA-1","All"
"R3_large_1","CCACGTGGACTGCGGT-1","All"
"R3_large_1","CCAGATAGACGAGGTG-1","All"
"R3_large_1","CCAGATGATATGTAGG-1","All"
"R3_large_1","CCATCGGACAACCGTG-1","Island"
"R3_large_1","CCATTCCGGTTCTTCC-1","Island"
"R3_large_1","CCGACAAGGCACGGTT-1","Island"
"R3_large_1","CCGAGGATGACTCGTC-1","All"
"R3_large_1","CCGCAAGGAAGGAGGC-1","All"
"R3_large_1","CCGCAAGTAGCGGACT-1","All"
"R3_large_1","CCGCATAGTACAGGTT-1","All"
"R3_large_1","CCGCATGTAGTTAGAC-1","All"
"R3_large_1","CCGCGTTGACGGAACG-1","Island"
"R3_large_1","CCGGAGACAAGAATAA-1","All"
"R3_large_1","CCGGCATGAGCCGTCT-1","Island"
"R3_large_1","CCGGCGAACATCACGT-1","All"
"R3_large_1","CCGGCGAATGTACAGG-1","Island"
"R3_large_1","CCGTGAAGGATAACAG-1","All"
"R3_large_1","CCTAATCGCTCACCAT-1","Island"
"R3_large_1","CCTAATGGCACTGTTC-1","All"
"R3_large_1","CCTACACCGACATTAC-1","All"
"R3_large_1","CCTAGCCTAGTACCGG-1","All"
"R3_large_1","CCTCACATGTACCTGG-1","All"
"R3_large_1","CCTCGATAGAATAGGA-1","All"
"R3_large_1","CCTCGGAAGGCATGCA-1","All"
"R3_large_1","CCTGGATTGCGTAACA-1","All"
"R3_large_1","CCTGGCAACGAACGTC-1","Island"
"R3_large_1","CCTTAGATCTGTAATA-1","All"
"R3_large_1","CCTTATAGGTCTCAAC-1","Island"
"R3_large_1","CGACCTATACTGACGT-1","All"
"R3_large_1","CGACGCCGCAAGTAGC-1","All"
"R3_large_1","CGACTAGGTCCTTAAC-1","All"
"R3_large_1","CGAGAACGACAAGACC-1","Island"
"R3_large_1","CGAGCGTGAAGTTAGC-1","Island"
"R3_large_1","CGAGTCATCCGCACCA-1","All"
"R3_large_1","CGATTGGAACAGGCCA-1","All"
"R3_large_1","CGCACGGCTGTCAGGT-1","All"
"R3_large_1","CGCACGTATGAAGGCC-1","All"
"R3_large_1","CGCACTGTGAGCCTGT-1","All"
"R3_large_1","CGCACTTAAGGCATGC-1","All"
"R3_large_1","CGCAGAGCAGTCCGAG-1","All"
"R3_large_1","CGCCACAATAGCTCAA-1","All"
"R3_large_1","CGCCTCGGAACTGTGC-1","All"
"R3_large_1","CGCCTCGTAGTCGTGA-1","Island"
"R3_large_1","CGCTATAGTCTTCATC-1","All"
"R3_large_1","CGCTATTAATCTATAA-1","All"
"R3_large_1","CGCTCGGCCGGTTGTC-1","All"
"R3_large_1","CGCTGCAATTAGGCGT-1","Island"
"R3_large_1","CGCTGCTATGACAGAC-1","All"
"R3_large_1","CGGAGCCGCAATAGCC-1","All"
"R3_large_1","CGGAGCGGTAAGACGC-1","All"
"R3_large_1","CGGAGTAAGGTGCGGT-1","All"
"R3_large_1","CGGCAATTAATTGGAC-1","Island"
"R3_large_1","CGGCCTGCGATCGATG-1","All"
"R3_large_1","CGGCTGACCGCTCGCA-1","Island"
"R3_large_1","CGGCTTACGTGCACGA-1","All"
"R3_large_1","CGGCTTCCAATAGGAA-1","Island"
"R3_large_1","CGGTCAATTGGCCGAT-1","Island"
"R3_large_1","CGGTCCATACTTGAGC-1","Island"
"R3_large_1","CGGTCCATTACAACTA-1","All"
"R3_large_1","CGTAGCCTTGAGCAAG-1","All"
"R3_large_1","CGTGAGCAATGGACAT-1","All"
"R3_large_1","CGTTGGTCGTCACTGT-1","All"
"R3_large_1","CGTTGGTGGCGTCTGC-1","All"
"R3_large_1","CTAACGTGAATGATGT-1","All"
"R3_large_1","CTAAGCTCCACGATCA-1","All"
"R3_large_1","CTAATGAGCGAGGCTA-1","All"
"R3_large_1","CTACAGAATTAATGAC-1","All"
"R3_large_1","CTACAGATCGGTCGCC-1","All"
"R3_large_1","CTACAGGTAGAATTCC-1","All"
"R3_large_1","CTACGCTTAGAAGTGC-1","All"
"R3_large_1","CTAGCAACCAGTGCGG-1","All"
"R3_large_1","CTAGCACGCCAAGCTT-1","All"
"R3_large_1","CTAGTCAGGCGACAGT-1","All"
"R3_large_1","CTAGTTGTGCGTCACT-1","Island"
"R3_large_1","CTATCGGATATCGGAG-1","All"
"R3_large_1","CTATCGTTACAACCTT-1","All"
"R3_large_1","CTATCGTTCCGCTCGT-1","Island"
"R3_large_1","CTATGCCATGCGGACA-1","All"
"R3_large_1","CTATGTGCGGTTGACT-1","All"
"R3_large_1","CTCAATTGGCGATTCC-1","All"
"R3_large_1","CTCACCGCTCTAATCA-1","All"
"R3_large_1","CTCACCTGAGACTAAG-1","All"
"R3_large_1","CTCACCTTAATAAGAT-1","All"
"R3_large_1","CTCACCTTATCTCCTT-1","All"
"R3_large_1","CTCACCTTCGGCGTCT-1","Island"
"R3_large_1","CTCACCTTGGAAGAAC-1","Island"
"R3_large_1","CTCCAACCTTAGCCGG-1","Island"
"R3_large_1","CTCCAATGGTCGCAGA-1","Island"
"R3_large_1","CTCCACGCTAGCTAGA-1","All"
"R3_large_1","CTCCGGTTATGGCACG-1","Island"
"R3_large_1","CTCCTACATTGTATCT-1","All"
"R3_large_1","CTCCTACCTCGTGGTA-1","All"
"R3_large_1","CTCCTACTTGAGTAAG-1","All"
"R3_large_1","CTCGCTGTTCATAGAT-1","All"
"R3_large_1","CTGAAGCGTGGTGAAG-1","All"
"R3_large_1","CTGACTGATTAGGCTG-1","All"
"R3_large_1","CTGACTGGTATGATAA-1","All"
"R3_large_1","CTGACTGGTCTACCTT-1","All"
"R3_large_1","CTGATTAACGCAAGAA-1","All"
"R3_large_1","CTGCGGCATGTAAGTA-1","All"
"R3_large_1","CTGGAATGGATAGTTC-1","All"
"R3_large_1","CTGGCCTTACCACTTA-1","All"
"R3_large_1","CTGGTGATCCTGAAGG-1","All"
"R3_large_1","CTGGTGCACGATCAAG-1","All"
"R3_large_1","CTGGTGCGTTCACGAG-1","All"
"R3_large_1","CTGTGGCTTGTCAGCT-1","All"
"R3_large_1","CTTACGCAACTCAACG-1","All"
"R3_large_1","CTTACGGTAAGCCGAA-1","All"
"R3_large_1","CTTAGCAAGGACAGCC-1","All"
"R3_large_1","CTTAGCACGACAGAAC-1","All"
"R3_large_1","CTTAGCTATCCTTGCG-1","All"
"R3_large_1","CTTAGTCTATCGAGAC-1","All"
"R3_large_1","CTTAGTGCGACCTATT-1","All"
"R3_large_1","CTTAGTGGTACACGAC-1","All"
"R3_large_1","CTTCAAGACGCAAGTG-1","Island"
"R3_large_1","CTTCCAATTGAAGATT-1","All"
"R3_large_1","CTTCGATATGTAGGAG-1","All"
"R3_large_1","CTTCGTATTAATACGG-1","All"
"R3_large_1","CTTGCCGGAAGACGCA-1","All"
"R3_large_1","CTTGGTCGGAAGTAGC-1","All"
"R3_large_1","CTTGTCAAGGCGTCAA-1","All"
"R3_large_1","GAACATTCGACACGTA-1","All"
"R3_large_1","GAACTCCTCATACATA-1","All"
"R3_large_1","GAAGCTTGACGCTTAA-1","All"
"R3_large_1","GAATAAGGAGAACTAA-1","All"
"R3_large_1","GAATACCTGCCACGGC-1","All"
"R3_large_1","GAATCACCAGTGATAC-1","Island"
"R3_large_1","GACAACGGACTCAGCT-1","All"
"R3_large_1","GACAACTTGATTGTGA-1","All"
"R3_large_1","GACAATTGTATGCTTC-1","All"
"R3_large_1","GACCACATTCTTGAAT-1","All"
"R3_large_1","GACCACTTACGGACAT-1","All"
"R3_large_1","GACCGAGGCAACGTTC-1","Island"
"R3_large_1","GACCGTATTAGACCGG-1","All"
"R3_large_1","GACCTGCTGTCGTGTA-1","Island"
"R3_large_1","GACGCTCAACTGAGTG-1","Island"
"R3_large_1","GACGGCTTAGGTGCGA-1","All"
"R3_large_1","GACTGAGGTGATTAAC-1","Island"
"R3_large_1","GAGCTAACCTACTTAC-1","All"
"R3_large_1","GAGGATCCAGAACTGG-1","All"
"R3_large_1","GAGGATGATAGGAAGG-1","All"
"R3_large_1","GAGGTAACATTCGATC-1","All"
"R3_large_1","GAGTCTGACTATAGAA-1","All"
"R3_large_1","GAGTGCGGATACAGTC-1","All"
"R3_large_1","GATAAGTTGGCGATTA-1","All"
"R3_large_1","GATAGCTAATGGATAG-1","All"
"R3_large_1","GATCACGTGATAGTTC-1","Island"
"R3_large_1","GATCTATGAAGATGCG-1","All"
"R3_large_1","GATGTAGGAGTTGGCC-1","All"
"R3_large_1","GATTGACTCCATGCGA-1","All"
"R3_large_1","GCAAGATAGGTTAACT-1","All"
"R3_large_1","GCAATCGTGACTCCAA-1","All"
"R3_large_1","GCAATTCCTATCATAC-1","Island"
"R3_large_1","GCACAGTCTTGATAGA-1","Island"
"R3_large_1","GCACCTAGCCGAATCT-1","All"
"R3_large_1","GCACGAGCTATTGTCG-1","All"
"R3_large_1","GCACGGAAGGATAGTA-1","All"
"R3_large_1","GCACTCCGACTGGCGT-1","All"
"R3_large_1","GCAGTTCGGCATTAGC-1","All"
"R3_large_1","GCATGCTGAGACAGGT-1","All"
"R3_large_1","GCATTGCTGTTCCATC-1","All"
"R3_large_1","GCCACTCCGTCACCTC-1","All"
"R3_large_1","GCCATTCTCGTGTAGA-1","All"
"R3_large_1","GCCGATCTCGTGACTC-1","All"
"R3_large_1","GCCGTACCAGATCTAG-1","All"
"R3_large_1","GCCTCCGTGCTGTAAT-1","Island"
"R3_large_1","GCCTGGACAATGTATC-1","Island"
"R3_large_1","GCCTGGAGCAAGTTAG-1","All"
"R3_large_1","GCCTTAATTGACGGAT-1","All"
"R3_large_1","GCCTTCTGATTCCGTC-1","All"
"R3_large_1","GCCTTCTGTCACGCTC-1","All"
"R3_large_1","GCCTTGGCGAACAATC-1","All"
"R3_large_1","GCGAATTGGCTAGCCA-1","All"
"R3_large_1","GCGAGTTGAACGTCGA-1","Island"
"R3_large_1","GCGGCAAGTGTTATGT-1","Island"
"R3_large_1","GCGGTCGTTGATCTTG-1","All"
"R3_large_1","GCGTCCAGCAATTGGC-1","All"
"R3_large_1","GCGTCGGAATGCTGCC-1","All"
"R3_large_1","GCGTCGGTCACGCCAG-1","All"
"R3_large_1","GCGTTAATAGTCAGTA-1","All"
"R3_large_1","GCTAACGTCCATTCTG-1","Island"
"R3_large_1","GCTACCATCCTGTAGA-1","All"
"R3_large_1","GCTACTTCTGACGCGA-1","All"
"R3_large_1","GCTCATACAATTAGAC-1","All"
"R3_large_1","GCTCGTCTGCCGCAAT-1","All"
"R3_large_1","GCTTACATGTTGCGCT-1","All"
"R3_large_1","GCTTCTCAGACCGCCT-1","All"
"R3_large_1","GCTTGAACTCCATCCA-1","All"
"R3_large_1","GCTTGACCTCCGCTTC-1","All"
"R3_large_1","GCTTGCTTACTTAACG-1","All"
"R3_large_1","GGAATCCTTAGACTGT-1","All"
"R3_large_1","GGACGGCTATCGACCA-1","All"
"R3_large_1","GGACGTACATACCAGA-1","All"
"R3_large_1","GGACGTCGAGGATTCA-1","All"
"R3_large_1","GGACTCGTTCCTCGGA-1","Island"
"R3_large_1","GGAGATGCGTGCAGTA-1","All"
"R3_large_1","GGAGGCACATAGCGTA-1","Island"
"R3_large_1","GGAGTCTAAGTGGTCC-1","All"
"R3_large_1","GGATCGAGTGTCCACT-1","All"
"R3_large_1","GGATCGCTGGCATATT-1","All"
"R3_large_1","GGCAAGACAATCAGCT-1","All"
"R3_large_1","GGCAGCTCCTGGACGG-1","All"
"R3_large_1","GGCCTGCGTTATGCCG-1","All"
"R3_large_1","GGCGAGGCAGCCTACT-1","All"
"R3_large_1","GGCGGAAGTCTTGTAG-1","Island"
"R3_large_1","GGCGGAGCACTGATAA-1","All"
"R3_large_1","GGTACGAAGAACTCGA-1","Island"
"R3_large_1","GGTACGTGCTCGGCAA-1","All"
"R3_large_1","GGTAGCCATCAATCCG-1","All"
"R3_large_1","GGTCCTGCGAGTAGGT-1","All"
"R3_large_1","GGTCTTGAACCGGCCA-1","All"
"R3_large_1","GGTGCAATCAGACTTC-1","All"
"R3_large_1","GGTGCAGTGGTCTTAT-1","All"
"R3_large_1","GGTGTCAAGCTGCACC-1","All"
"R3_large_1","GGTTACCAAGGAATCT-1","Island"
"R3_large_1","GGTTAGATGAGTCTAA-1","All"
"R3_large_1","GGTTCAAGGTTAAGCC-1","All"
"R3_large_1","GGTTCTGGAGTCTACC-1","All"
"R3_large_1","GGTTGACCATTGCTGT-1","All"
"R3_large_1","GTAACATCTTATAATG-1","All"
"R3_large_1","GTAACCACCTACAACC-1","All"
"R3_large_1","GTAAGTATTGCTATCG-1","All"
"R3_large_1","GTACAGAACGCAGCGT-1","Island"
"R3_large_1","GTACGACAGCTCCGGA-1","All"
"R3_large_1","GTAGCACGAGCTCAAG-1","All"
"R3_large_1","GTAGCCAGCTTAATTG-1","Island"
"R3_large_1","GTAGTCAGACCAATGT-1","All"
"R3_large_1","GTAGTCCATTGTTCGT-1","All"
"R3_large_1","GTATGTAGCTCACCTT-1","All"
"R3_large_1","GTATGTGCAAGCCGGA-1","All"
"R3_large_1","GTATTACGGCCATTAT-1","All"
"R3_large_1","GTATTAGATTGAGGTC-1","All"
"R3_large_1","GTATTCCAAGTTACCT-1","All"
"R3_large_1","GTATTCGTGACTTGAT-1","All"
"R3_large_1","GTCACTTATCCAAGAC-1","All"
"R3_large_1","GTCACTTATGTCGTAT-1","All"
"R3_large_1","GTCAGCCATTGTGCGG-1","All"
"R3_large_1","GTCAGCCTCCGAACCT-1","All"
"R3_large_1","GTCAGCTAGATCGACA-1","Island"
"R3_large_1","GTCAGGTACGTGGCAT-1","All"
"R3_large_1","GTCAGTTGGAACCACG-1","Island"
"R3_large_1","GTCCGAATGCGGACAG-1","All"
"R3_large_1","GTCGCTAAGTGAGGTT-1","All"
"R3_large_1","GTCTAAGATCGGACTA-1","All"
"R3_large_1","GTCTATCAATGGATTA-1","All"
"R3_large_1","GTCTATTAGTGAGGCC-1","All"
"R3_large_1","GTCTGTGGATCTGACG-1","All"
"R3_large_1","GTCTTGCGATGAATGC-1","All"
"R3_large_1","GTGAACTCGTGGTATC-1","All"
"R3_large_1","GTGAAGATGAGTGCCT-1","All"
"R3_large_1","GTGAATTAGACATTGC-1","All"
"R3_large_1","GTGACATGCAATTAAT-1","Island"
"R3_large_1","GTGACCGGAGTCATAC-1","All"
"R3_large_1","GTGCTCAATGCAACCT-1","All"
"R3_large_1","GTGGCGACCTAATATT-1","All"
"R3_large_1","GTGGCGCACCTGTTCC-1","All"
"R3_large_1","GTGGCGCCAACAGCTC-1","All"
"R3_large_1","GTGGCGGTCCGGATGA-1","Island"
"R3_large_1","GTGGCTGAATGCGAGT-1","All"
"R3_large_1","GTGGTACTGGTTCCAA-1","All"
"R3_large_1","GTGGTACTTGGTTGGA-1","All"
"R3_large_1","GTTAATACGACACGCC-1","Island"
"R3_large_1","GTTATTGGCATGTAGA-1","Island"
"R3_large_1","GTTCATTGCCTGAATA-1","All"
"R3_large_1","GTTCCGTCTTATCTTA-1","All"
"R3_large_1","GTTGAATAAGTCAGCA-1","All"
"R3_large_1","GTTGAATGTTGCTGCC-1","All"
"R3_large_1","GTTGAATTATTCGGTG-1","Island"
"R3_large_1","GTTGAATTCATAAGAT-1","Island"
"R3_large_1","GTTGACTAGAGCACGT-1","All"
"R3_large_1","GTTGCTCCTGAGATTC-1","All"
"R3_large_1","TAACATGGCCACCTCC-1","All"
"R3_large_1","TAACGACCTTGCCTAT-1","All"
"R3_large_1","TAACGAGTTGCCAACC-1","All"
"R3_large_1","TAACGTCACTATAATC-1","All"
"R3_large_1","TAAGAACAGGTGTAAC-1","All"
"R3_large_1","TAAGAATATGAGATAG-1","All"
"R3_large_1","TAAGCTCCTTCACGCC-1","All"
"R3_large_1","TAAGTGGCCGCTCACC-1","Island"
"R3_large_1","TAAGTGTCAAGGTGGC-1","All"
"R3_large_1","TAATGTGCACGATCTG-1","All"
"R3_large_1","TAATTACCGGTGCGAG-1","All"
"R3_large_1","TACACCTTGCGGCAGG-1","All"
"R3_large_1","TACACTGTAGTCAACG-1","All"
"R3_large_1","TACACTGTCGAACCAA-1","All"
"R3_large_1","TACCACAGGCCATTGC-1","Island"
"R3_large_1","TACCAGACAACCTCAG-1","All"
"R3_large_1","TACCATGGCGCCTTGT-1","Island"
"R3_large_1","TACGAGATTGGTCTGT-1","All"
"R3_large_1","TACGGAATACTCGTTC-1","All"
"R3_large_1","TACGTGTTGCCACTGA-1","Island"
"R3_large_1","TACTAAGGAACATCAA-1","Island"
"R3_large_1","TACTAGGATCAATGGC-1","All"
"R3_large_1","TAGACCGCGGAAGGAC-1","All"
"R3_large_1","TAGATGTCGAGGCCAG-1","All"
"R3_large_1","TAGCGTCACGACAGGC-1","All"
"R3_large_1","TAGCTACCATACTGCT-1","All"
"R3_large_1","TAGGACATCAGCATGG-1","All"
"R3_large_1","TAGGACTTCATGTTAT-1","All"
"R3_large_1","TAGGCTTATCTAGCTC-1","All"
"R3_large_1","TAGGTCCGTAGCCTAT-1","Island"
"R3_large_1","TAGGTCTACTCGTGAA-1","All"
"R3_large_1","TAGTAAGCGGTGGATA-1","All"
"R3_large_1","TAGTATCCAATTACGT-1","All"
"R3_large_1","TAGTGAGGTGCCATCA-1","Island"
"R3_large_1","TAGTGCAGCTGGCGTC-1","All"
"R3_large_1","TAGTGCGTGGAGAAGT-1","All"
"R3_large_1","TAGTTCGAATTAGCGG-1","All"
"R3_large_1","TATCCAATACCGCAAT-1","All"
"R3_large_1","TATCCTGCGGTTGATC-1","All"
"R3_large_1","TATGAAGCGACCGTCC-1","All"
"R3_large_1","TATGAGCGATCCATTA-1","All"
"R3_large_1","TATGAGGATCTACTGG-1","All"
"R3_large_1","TATGGCCGGCGACACT-1","All"
"R3_large_1","TATGTTGGTCCAGTGA-1","All"
"R3_large_1","TATTCGACATTACTAT-1","All"
"R3_large_1","TATTCGTTATCGCCTG-1","All"
"R3_large_1","TCAAGGCCATAGCCTG-1","All"
"R3_large_1","TCACATAGACCTCCGT-1","All"
"R3_large_1","TCACATCCTTCTCAGT-1","All"
"R3_large_1","TCACATGGATAACTGT-1","Island"
"R3_large_1","TCACATTGTCGGTGAC-1","All"
"R3_large_1","TCAGAATCGATATCAT-1","All"
"R3_large_1","TCAGTCATTGCAAGTG-1","All"
"R3_large_1","TCAGTGCCAAGTAGCA-1","Island"
"R3_large_1","TCAGTTCAGAATCTCG-1","All"
"R3_large_1","TCATAGCTTCCAGTAC-1","Island"
"R3_large_1","TCATCCTAGGACTCGC-1","All"
"R3_large_1","TCATCGGCCTGTGCGG-1","All"
"R3_large_1","TCATCTCCAACCACCT-1","All"
"R3_large_1","TCATGAGTAAGACATC-1","All"
"R3_large_1","TCATTCTGATGGTGCG-1","Island"
"R3_large_1","TCCAACGAAGATGCTT-1","All"
"R3_large_1","TCCAACGCGACGTTGG-1","Island"
"R3_large_1","TCCAATACTATCTGTT-1","All"
"R3_large_1","TCCAATTGGTTACAGT-1","All"
"R3_large_1","TCCAGATCTTCGCTTA-1","All"
"R3_large_1","TCCAGTCACGGTGGCT-1","All"
"R3_large_1","TCCATCGGCTAGACGA-1","All"
"R3_large_1","TCCGACCGCAAGTCCT-1","Island"
"R3_large_1","TCCGTTGGTTCACTCG-1","Island"
"R3_large_1","TCCTACCGGTTCCTAG-1","All"
"R3_large_1","TCCTATCCTGTCAATA-1","All"
"R3_large_1","TCCTATTGACTGTTGA-1","All"
"R3_large_1","TCCTTGAACAGGACCA-1","All"
"R3_large_1","TCGATCCAACGTCCTT-1","Island"
"R3_large_1","TCGATCCAGTCTGTAG-1","All"
"R3_large_1","TCGATCGTTGTCTGAA-1","All"
"R3_large_1","TCGCACCTCATGTCAG-1","All"
"R3_large_1","TCGCACTGTACGGCGA-1","Island"
"R3_large_1","TCGCGGTCCGGATCAG-1","All"
"R3_large_1","TCGGACGGCCGAGGAA-1","All"
"R3_large_1","TCGGCGCAGATAGATA-1","All"
"R3_large_1","TCGTATCCTGATGCAA-1","All"
"R3_large_1","TCGTATGTCGTGCCTA-1","All"
"R3_large_1","TCGTATTCTGAGTGGC-1","Island"
"R3_large_1","TCGTCAAGCCTAATCT-1","All"
"R3_large_1","TCGTCAGAACAGCCAG-1","All"
"R3_large_1","TCTACAACTGGAACTT-1","All"
"R3_large_1","TCTACACTAATTACTC-1","All"
"R3_large_1","TCTACTGTCTCAATGA-1","All"
"R3_large_1","TCTAGAATTGCGGTTG-1","All"
"R3_large_1","TCTATTCCTTCCGGAA-1","All"
"R3_large_1","TCTGAGTCAGATCTTG-1","All"
"R3_large_1","TCTGCAAGGACGGCAA-1","All"
"R3_large_1","TCTGCGCTTGCAGATA-1","All"
"R3_large_1","TCTGCGTTAGATAGGT-1","All"
"R3_large_1","TCTGGATATTAACCTA-1","All"
"R3_large_1","TCTGGTAATCGTCCAA-1","Island"
"R3_large_1","TCTGGTATCTGTAGCC-1","All"
"R3_large_1","TCTGTCACCGTTAATA-1","All"
"R3_large_1","TCTTGTTATTCTTGAT-1","All"
"R3_large_1","TGAACGAATCTTAATT-1","Island"
"R3_large_1","TGAATACAGACTGCTC-1","Island"
"R3_large_1","TGAATGCGGTTATGGA-1","All"
"R3_large_1","TGAATGTACCTTCGTC-1","All"
"R3_large_1","TGACCAAGCTGCACAT-1","All"
"R3_large_1","TGACCAAGTAAGGACC-1","All"
"R3_large_1","TGACCAGGCTCATGCA-1","All"
"R3_large_1","TGACGGAGCGCTATAC-1","All"
"R3_large_1","TGAGAACGAGTTCTGT-1","Island"
"R3_large_1","TGAGACCTGAGCCGAG-1","Island"
"R3_large_1","TGAGGTAGGACTACTG-1","All"
"R3_large_1","TGAGTTGTTAGCACCG-1","Island"
"R3_large_1","TGATAGGAGCATCAAC-1","All"
"R3_large_1","TGATGGCTAATCCATA-1","Island"
"R3_large_1","TGATTCGTCTGGATCT-1","All"
"R3_large_1","TGCAACAGTGAAGCTC-1","All"
"R3_large_1","TGCAGAGGTCGTAATT-1","All"
"R3_large_1","TGCATTCGCCAGCGAT-1","All"
"R3_large_1","TGCCGGCATTATAGAT-1","All"
"R3_large_1","TGCCTTAGGCGTCTAT-1","All"
"R3_large_1","TGCGAGCCAGACGAAT-1","All"
"R3_large_1","TGCGGACGATACGGAC-1","Island"
"R3_large_1","TGCGTCCTAAGTTCCA-1","Island"
"R3_large_1","TGCGTCTGGATCGGAT-1","All"
"R3_large_1","TGCTACGCTGCGTGGA-1","All"
"R3_large_1","TGCTATTGCGGCGTGG-1","All"
"R3_large_1","TGCTGTCAGAACGAAG-1","All"
"R3_large_1","TGGATCATTGTAACGG-1","All"
"R3_large_1","TGGCATGTTCGAACAG-1","All"
"R3_large_1","TGGCCAAGCTGGCACC-1","All"
"R3_large_1","TGGCCTGACATACTCA-1","All"
"R3_large_1","TGGCGACACTGCCGGA-1","All"
"R3_large_1","TGGCGAGCCACTAGCG-1","All"
"R3_large_1","TGGCGAGCTCCACGTG-1","All"
"R3_large_1","TGGTACGTGCTGTTGA-1","All"
"R3_large_1","TGGTATTCCTAGTCCA-1","Island"
"R3_large_1","TGGTGCATTGTAATCC-1","All"
"R3_large_1","TGGTGCGAGGTCGTAT-1","All"
"R3_large_1","TGTAATTGTATCCTCG-1","All"
"R3_large_1","TGTACCACATACTGGT-1","All"
"R3_large_1","TGTTCACTCACGGTAA-1","Island"
"R3_large_1","TGTTCAGAACGGTGTA-1","All"
"R3_large_1","TGTTCAGATAACGGTC-1","Island"
"R3_large_1","TGTTCGTGACCAGTAG-1","Island"
"R3_large_1","TGTTGCGTCCAAGATT-1","All"
"R3_large_7","AACATGACGCAGCGTG-1","Island"
"R3_large_7","AACCAATCTGGTTGGC-1","All"
"R3_large_7","AACCACTAACATGATT-1","All"
"R3_large_7","AACTTAACAGTGAGGA-1","All"
"R3_large_7","AACTTCAGCATGGCCG-1","Island"
"R3_large_7","AACTTGCAACTTGGAC-1","All"
"R3_large_7","AAGATACAGGCGAACG-1","All"
"R3_large_7","AAGATGGCCGCTAGTT-1","All"
"R3_large_7","AAGCCACCATTCAAGA-1","All"
"R3_large_7","AAGCCACGCATAATGA-1","All"
"R3_large_7","AAGCCAGATATCAGAA-1","All"
"R3_large_7","AAGCCAGATCCAACAT-1","Island"
"R3_large_7","AAGGACATAACCGCAC-1","Island"
"R3_large_7","AAGGCGAACTAGTAGA-1","All"
"R3_large_7","AAGTTAAGCACTATAA-1","All"
"R3_large_7","AAGTTACTATTACATC-1","All"
"R3_large_7","AATACAATGCGAGCAG-1","All"
"R3_large_7","AATACGAGAACACTCG-1","All"
"R3_large_7","AATACGAGCAAGCCAG-1","All"
"R3_large_7","AATAGTCTGGAACAAT-1","Island"
"R3_large_7","AATCCGCCTGGTCAAT-1","All"
"R3_large_7","AATCGAACGGACGGAG-1","All"
"R3_large_7","ACAACTGTCGTGGATA-1","All"
"R3_large_7","ACAGAATGTTGAGTCC-1","All"
"R3_large_7","ACAGGTGGACGACCTC-1","Island"
"R3_large_7","ACAGTACGCACTACCT-1","All"
"R3_large_7","ACATCGTAGACAGGTT-1","All"
"R3_large_7","ACATTGGTTCTGCCGT-1","All"
"R3_large_7","ACCGAGGTGATACCGA-1","All"
"R3_large_7","ACCGATTCCGGATACT-1","All"
"R3_large_7","ACGAAGTTCCAGCACC-1","All"
"R3_large_7","ACGACAAGCACTTCAC-1","All"
"R3_large_7","ACGAGGACCTGCTAGT-1","All"
"R3_large_7","ACGAGGCTTAATCACG-1","All"
"R3_large_7","ACGGCCTTGCCAGAAC-1","All"
"R3_large_7","ACGGTTCGTACAGTTG-1","All"
"R3_large_7","ACTTCGACGGATCATT-1","Island"
"R3_large_7","ACTTGAGCCGTTCTTA-1","All"
"R3_large_7","AGAAGCTGGCCTAGTG-1","All"
"R3_large_7","AGACCGCCGGCCAATG-1","All"
"R3_large_7","AGACGGCCTTACGGAG-1","All"
"R3_large_7","AGACTCCGCTTCGTAT-1","All"
"R3_large_7","AGATAAGTGCTACGAC-1","All"
"R3_large_7","AGATACAAGGATGGTG-1","All"
"R3_large_7","AGATCAGTCGATAGAA-1","All"
"R3_large_7","AGATTGCGCCTCGCTC-1","All"
"R3_large_7","AGCAGGTATGCCATTG-1","All"
"R3_large_7","AGCATGAGCGAATATT-1","All"
"R3_large_7","AGCGACAGCTACATCG-1","Island"
"R3_large_7","AGCGGCGAATAATCTT-1","All"
"R3_large_7","AGCGGTACGCCGAGAA-1","All"
"R3_large_7","AGCGGTGCACCAAGCC-1","Island"
"R3_large_7","AGCTACCAGCGTTACT-1","All"
"R3_large_7","AGCTATAGAATAGTCT-1","All"
"R3_large_7","AGCTTGAGTCAGGCCG-1","All"
"R3_large_7","AGGACCGTAGATGCTA-1","All"
"R3_large_7","AGGATCTTAATGGTGA-1","Island"
"R3_large_7","AGGCCTTGTCGTTGAT-1","Island"
"R3_large_7","AGGCTGCGCAGCAACT-1","All"
"R3_large_7","AGGCTTAGCATTAACC-1","Island"
"R3_large_7","AGGTCTTCCATCGCCG-1","All"
"R3_large_7","AGTAGAGCATGGACGT-1","All"
"R3_large_7","AGTATTAGCTGATCGA-1","Island"
"R3_large_7","AGTTGTGAACCTGATG-1","All"
"R3_large_7","ATAACGGCGTTACACT-1","All"
"R3_large_7","ATAAGAATCATGCATC-1","All"
"R3_large_7","ATAAGGCGGACAAGTT-1","Island"
"R3_large_7","ATAGGCCGATGATCTA-1","All"
"R3_large_7","ATAGTTCGCAGCCGTG-1","All"
"R3_large_7","ATCAAGTGGTGATGGC-1","All"
"R3_large_7","ATCCGGTATCACAAGT-1","All"
"R3_large_7","ATCCTCCAGCCATTGT-1","Island"
"R3_large_7","ATCGTAACTACCTCTT-1","All"
"R3_large_7","ATCGTCTATGATGCCG-1","All"
"R3_large_7","ATCTACCATATTCCAG-1","All"
"R3_large_7","ATCTACTCACATCTCC-1","All"
"R3_large_7","ATGACGAGATCATTAA-1","All"
"R3_large_7","ATGAGCATGGCATTCT-1","Island"
"R3_large_7","ATGAGCTACTGGACAT-1","Island"
"R3_large_7","ATGAGTTACAGATAGA-1","All"
"R3_large_7","ATGGAGGCCGCTATCC-1","All"
"R3_large_7","ATGGAGGTTCACCGGT-1","Island"
"R3_large_7","ATGTACTAGAGGAATT-1","All"
"R3_large_7","ATGTCATACTTAGACC-1","All"
"R3_large_7","ATGTCTGCGTTGCAGC-1","All"
"R3_large_7","ATTAGAACAGTGGTAG-1","All"
"R3_large_7","ATTATCCAGGTGAAGT-1","All"
"R3_large_7","ATTCACATAGGATGAG-1","All"
"R3_large_7","ATTCGGAAGCTATTAC-1","All"
"R3_large_7","ATTGATAACACTAAGA-1","All"
"R3_large_7","ATTGTTATACTTCACG-1","All"
"R3_large_7","CAACAGCCAGACCTTC-1","All"
"R3_large_7","CAACCGTATTACTGTA-1","All"
"R3_large_7","CAACTGACAAGACAAG-1","All"
"R3_large_7","CAAGTCCGCTACCGTT-1","All"
"R3_large_7","CACTACTGCGGAATTG-1","All"
"R3_large_7","CACTCAAGACGGACTA-1","All"
"R3_large_7","CAGCACCGCACGACTA-1","Island"
"R3_large_7","CAGCTCACGCACTAGA-1","Island"
"R3_large_7","CAGGAGCGTATCGCAT-1","All"
"R3_large_7","CAGGTACCACTCGCGG-1","Island"
"R3_large_7","CAGTAGCACTACATTG-1","All"
"R3_large_7","CATCAACATAACCGAT-1","All"
"R3_large_7","CATCCGCCTAAGGAAC-1","All"
"R3_large_7","CATCGGCATGTCGAAG-1","All"
"R3_large_7","CATGATGCATGTGCTA-1","All"
"R3_large_7","CATTGTGGCCTCAGGC-1","Island"
"R3_large_7","CCAGAACCGTGCATCC-1","All"
"R3_large_7","CCAGACATCGGCACGC-1","All"
"R3_large_7","CCAGACCAGCGGCAAG-1","Island"
"R3_large_7","CCAGATGATATGTAGG-1","All"
"R3_large_7","CCATGAACAATGCTCC-1","All"
"R3_large_7","CCGCGTTGCTACAACT-1","All"
"R3_large_7","CCGGCAATGAAGTGAA-1","All"
"R3_large_7","CCTAACGCGATTGCAT-1","All"
"R3_large_7","CCTCGGAAGGCATGCA-1","All"
"R3_large_7","CCTCGGTATGACAGTA-1","All"
"R3_large_7","CCTTAGTCTGTCACTG-1","All"
"R3_large_7","CGACAAGTGATGCGCA-1","Island"
"R3_large_7","CGACGCCAAGGTGCAA-1","All"
"R3_large_7","CGACGCCGCAAGTAGC-1","All"
"R3_large_7","CGACTAGGTCCTTAAC-1","All"
"R3_large_7","CGAGTCCGTTGGAACT-1","All"
"R3_large_7","CGAGTCGCGTAGACAT-1","Island"
"R3_large_7","CGATAAGAATTCCAGT-1","All"
"R3_large_7","CGCACGTGACTGTTGG-1","All"
"R3_large_7","CGCCACCTGGAAGACA-1","All"
"R3_large_7","CGCCTCGTAGTCGTGA-1","Island"
"R3_large_7","CGCCTCTAATTCGCGG-1","All"
"R3_large_7","CGCTATTAATCTATAA-1","All"
"R3_large_7","CGGAGTGGCGACTAAG-1","All"
"R3_large_7","CGGCGTTGGTTGCAGC-1","All"
"R3_large_7","CGGTAGGTTCGATTCA-1","Island"
"R3_large_7","CGGTCAACGGCGGATT-1","All"
"R3_large_7","CGTAGTTATTGGTAGT-1","All"
"R3_large_7","CGTCCAATCTGCGTCC-1","All"
"R3_large_7","CGTCCATCGTCCAATA-1","All"
"R3_large_7","CGTGTACGATGATTGT-1","All"
"R3_large_7","CGTGTTAACCTGAAGC-1","All"
"R3_large_7","CTAAGAATTGATTCAC-1","All"
"R3_large_7","CTAAGTGGCCGATTAG-1","All"
"R3_large_7","CTACAGATCGGTCGCC-1","All"
"R3_large_7","CTACAGATGGTCATAC-1","All"
"R3_large_7","CTACCTTATCAACTGA-1","All"
"R3_large_7","CTATAGGTTGATGCCT-1","Island"
"R3_large_7","CTATGGCCAACGCCGG-1","All"
"R3_large_7","CTATTAAGCCAGCACT-1","All"
"R3_large_7","CTCACGAGTAGATGAG-1","All"
"R3_large_7","CTCACGTGAACGTATT-1","Island"
"R3_large_7","CTCAGGATACGCGGCA-1","All"
"R3_large_7","CTCAGGTCGTGCTCGC-1","All"
"R3_large_7","CTCATATGATAACTAT-1","All"
"R3_large_7","CTCCACTGGCTAATGG-1","All"
"R3_large_7","CTCCGTAAGGTCTGTT-1","All"
"R3_large_7","CTCCTGTCGAAGCCAA-1","All"
"R3_large_7","CTCGACATAATTCTAT-1","All"
"R3_large_7","CTCGGTCTCCAACTGC-1","All"
"R3_large_7","CTCGTCGCGATTAATT-1","All"
"R3_large_7","CTGATTATCAATAGAC-1","All"
"R3_large_7","CTGCCTGACACGGATT-1","All"
"R3_large_7","CTGGCCTGGAACAATT-1","Island"
"R3_large_7","CTGGTAATTAATCTGG-1","All"
"R3_large_7","CTGGTGGCCTTCCGAC-1","Island"
"R3_large_7","CTGTATCGAAGTGGAT-1","Island"
"R3_large_7","CTGTATCTTCGCCATA-1","All"
"R3_large_7","CTTAATACGGCTAGCA-1","Island"
"R3_large_7","CTTACGACAACGATAC-1","All"
"R3_large_7","CTTACGCCATGCACAG-1","All"
"R3_large_7","CTTAGCAACTAGGACC-1","All"
"R3_large_7","CTTAGCTTCGCTGACC-1","All"
"R3_large_7","CTTAGTTGGAGCGACC-1","All"
"R3_large_7","CTTCCATAACCTTACG-1","All"
"R3_large_7","CTTCCTAGCCGATTGG-1","All"
"R3_large_7","CTTCTACTCAAGTCGT-1","Island"
"R3_large_7","CTTCTGTACGGACATC-1","All"
"R3_large_7","CTTGAGCCTTGTTCCA-1","All"
"R3_large_7","CTTGAGTCTTACAGTG-1","All"
"R3_large_7","GAACAGCCATGTTGCA-1","All"
"R3_large_7","GAACCGAACGAAGACT-1","All"
"R3_large_7","GAACGCCAGTGCATAC-1","All"
"R3_large_7","GAATGACACGACTAGG-1","All"
"R3_large_7","GAATTCACAACTGCAG-1","Island"
"R3_large_7","GACAACATCATGCCGC-1","All"
"R3_large_7","GACATCTGCGGTCTTG-1","All"
"R3_large_7","GACCGTGAATGTAAGT-1","All"
"R3_large_7","GACGTAGACTGCCGCA-1","Island"
"R3_large_7","GACGTTCGGTCTTACC-1","Island"
"R3_large_7","GACTAGCTTCCTTGTA-1","Island"
"R3_large_7","GAGGTCCAAGTAGCTA-1","All"
"R3_large_7","GAGGTGAGGATTCATT-1","All"
"R3_large_7","GATAGAGTGATAAGCT-1","All"
"R3_large_7","GATCGCGGAGTCTAAT-1","All"
"R3_large_7","GATCGTTGATGGATGC-1","All"
"R3_large_7","GATCTATGAAGATGCG-1","All"
"R3_large_7","GATGGACCTGGACGGA-1","All"
"R3_large_7","GATGGATCGTGGAGGT-1","All"
"R3_large_7","GATTCCAAGTCCTGTA-1","Island"
"R3_large_7","GATTCCATACTGAACC-1","All"
"R3_large_7","GATTCCTGCAGATCGT-1","All"
"R3_large_7","GATTCGCCATGTATCA-1","All"
"R3_large_7","GCAAGAATGTTCCACC-1","All"
"R3_large_7","GCACAGTCTTGATAGA-1","Island"
"R3_large_7","GCACGCAACCATACCA-1","All"
"R3_large_7","GCACGCATAGATTGCT-1","All"
"R3_large_7","GCAGGTGCTGATGCTT-1","All"
"R3_large_7","GCCATTGCATGTTAAC-1","All"
"R3_large_7","GCCGAAGATGTATTGA-1","All"
"R3_large_7","GCGATCTTGCTCACGC-1","All"
"R3_large_7","GCGGTTGCCTCGACGG-1","All"
"R3_large_7","GCGTACGAATCTAATC-1","All"
"R3_large_7","GCTACATCTGTACTCA-1","Island"
"R3_large_7","GCTCCTATGTCTTCGC-1","All"
"R3_large_7","GCTCGCATCGTCATTA-1","All"
"R3_large_7","GCTGACCACGTCTTGG-1","All"
"R3_large_7","GCTGCGCAATGGAAGC-1","Island"
"R3_large_7","GCTGTTCAACCGAATA-1","All"
"R3_large_7","GCTTACAGATGTGCAC-1","All"
"R3_large_7","GCTTGGTCAACCGTGG-1","All"
"R3_large_7","GCTTGGTGTTCGAACA-1","All"
"R3_large_7","GGAAGCAGTCATTCAG-1","All"
"R3_large_7","GGACGAGTCTGTTCAC-1","All"
"R3_large_7","GGACGTTAGATATTAC-1","All"
"R3_large_7","GGATAAGTCAGGATAG-1","All"
"R3_large_7","GGATAATTATGCTGGT-1","All"
"R3_large_7","GGATCTTCTAAGCGAA-1","All"
"R3_large_7","GGATTCCGACGTGATG-1","All"
"R3_large_7","GGCCTTGGATGTTGTC-1","All"
"R3_large_7","GGCTCGATTAAGGCGG-1","Island"
"R3_large_7","GGTAGTACCGCAACAG-1","All"
"R3_large_7","GGTTAGTGCTCCTACT-1","All"
"R3_large_7","GTAGTTGTTCATGTAG-1","Island"
"R3_large_7","GTATACATAGGTTGCC-1","All"
"R3_large_7","GTATCTGTGGTCCAGC-1","Island"
"R3_large_7","GTATGGTGGAGCGGCC-1","All"
"R3_large_7","GTATGTGCAAGCCGGA-1","All"
"R3_large_7","GTATTAATGGTTGTGG-1","All"
"R3_large_7","GTCACTAAGAGGAATA-1","All"
"R3_large_7","GTCACTACTCGCGGAG-1","Island"
"R3_large_7","GTCCATCTATACAAGG-1","All"
"R3_large_7","GTCGCAACGAGCTGAC-1","All"
"R3_large_7","GTCGCAGATTACTGCA-1","All"
"R3_large_7","GTCGGCCTCGGTTCAT-1","All"
"R3_large_7","GTCTAAGATCGGACTA-1","All"
"R3_large_7","GTCTATAGAATCGAGC-1","Island"
"R3_large_7","GTCTCAATACTATGAG-1","Island"
"R3_large_7","GTCTGAACAAGGTTAG-1","All"
"R3_large_7","GTCTTGCTCAGATTAC-1","All"
"R3_large_7","GTGCACCGAATGTTAA-1","Island"
"R3_large_7","GTGCACTTGTAAGCAC-1","All"
"R3_large_7","GTGCACTTGTTCCTGG-1","All"
"R3_large_7","GTGCAGTGGTAGATTC-1","Island"
"R3_large_7","GTGCATTGCAATGTTG-1","All"
"R3_large_7","GTGGCGACTGATTAAC-1","Island"
"R3_large_7","GTGGCGCCAGCTAACC-1","All"
"R3_large_7","GTGGTTACCTTGCGCA-1","All"
"R3_large_7","GTTATTGACCTCATTC-1","All"
"R3_large_7","GTTCATCTTACATTCC-1","All"
"R3_large_7","GTTCCAGTGCCTTACC-1","All"
"R3_large_7","GTTCCGGCTGCAGTCA-1","Island"
"R3_large_7","GTTGAGAATCACGGAG-1","Island"
"R3_large_7","GTTGCCACAAGTCATA-1","All"
"R3_large_7","GTTGCCATCTACGCAC-1","Island"
"R3_large_7","GTTGCTGACTCATTCG-1","All"
"R3_large_7","GTTGGTCCGCCAATCT-1","All"
"R3_large_7","GTTGTCCTTGAGCGGT-1","Island"
"R3_large_7","GTTGTCGTGGCATTAC-1","All"
"R3_large_7","TAACAGTCTACTATGG-1","Island"
"R3_large_7","TAACATGCGTGCGAAC-1","All"
"R3_large_7","TAACGAGCCGAAGGTC-1","All"
"R3_large_7","TAACGCGGCTATAGGT-1","All"
"R3_large_7","TAACGCGTCCTACAAC-1","All"
"R3_large_7","TAACTCCAGGTAGGCT-1","Island"
"R3_large_7","TAACTTAACCTCGGTG-1","All"
"R3_large_7","TAAGATTGAGATTACA-1","All"
"R3_large_7","TAAGGTACGGATAGTG-1","All"
"R3_large_7","TAATTCCTGCAGAAGG-1","All"
"R3_large_7","TAATTGACGTCGTTCC-1","All"
"R3_large_7","TACACCTTGCGGCAGG-1","All"
"R3_large_7","TACACTTCGCACCGAT-1","All"
"R3_large_7","TACCACAGGCCATTGC-1","Island"
"R3_large_7","TACCATCTCGGCCGAA-1","All"
"R3_large_7","TACGACGCGATTCAAG-1","All"
"R3_large_7","TACGACTACCTTCCTC-1","All"
"R3_large_7","TACGCTTCCGCAAGCT-1","Island"
"R3_large_7","TACGGAATACTCGTTC-1","All"
"R3_large_7","TACGTTCTACCGCCAT-1","Island"
"R3_large_7","TACTAGTACACCTAAG-1","All"
"R3_large_7","TAGACAGGATGCAATA-1","All"
"R3_large_7","TAGACCATTGCTTAGA-1","All"
"R3_large_7","TAGATGAGCCGTCATT-1","All"
"R3_large_7","TAGATGCTGTATCGTA-1","Island"
"R3_large_7","TAGGTCCGTAGCCTAT-1","Island"
"R3_large_7","TAGGTCTATGGATTAT-1","All"
"R3_large_7","TAGTGGTTGAACCAAT-1","All"
"R3_large_7","TAGTTGGCTTAGGCCT-1","All"
"R3_large_7","TATCTAGTGAGGTAGG-1","Island"
"R3_large_7","TATGGCCGGCGACACT-1","All"
"R3_large_7","TATGTTGGTCCAGTGA-1","All"
"R3_large_7","TATTAACTTCCGCTCA-1","All"
"R3_large_7","TATTAATATGTCGACT-1","All"
"R3_large_7","TATTCTCCTATGATGG-1","All"
"R3_large_7","TCACATAAGCGTTGCC-1","All"
"R3_large_7","TCACTCCGCTCACTGG-1","All"
"R3_large_7","TCAGATTACCAGGTTA-1","All"
"R3_large_7","TCAGCTAGGATGTACT-1","All"
"R3_large_7","TCAGGTTGGCCTTGGC-1","All"
"R3_large_7","TCAGTTGCAGTTCTTA-1","Island"
"R3_large_7","TCAGTTGCTAAGCCTA-1","All"
"R3_large_7","TCATGGTTCCGAACTT-1","All"
"R3_large_7","TCCAATTGGTTACAGT-1","All"
"R3_large_7","TCCAGCTCTGCTATAG-1","Island"
"R3_large_7","TCCAGTTGTACCTGTC-1","All"
"R3_large_7","TCCATGCGTCGGTTAC-1","All"
"R3_large_7","TCCGAGACAATACGCA-1","All"
"R3_large_7","TCCGTCGGTACAAGTT-1","All"
"R3_large_7","TCCGTGTCTTACATAA-1","All"
"R3_large_7","TCCTACCGATCGTGGC-1","All"
"R3_large_7","TCCTGACAGGCAGCAA-1","Island"
"R3_large_7","TCCTGGTGGCAATAGC-1","All"
"R3_large_7","TCGAATGGTTCCACGC-1","All"
"R3_large_7","TCGAGCTGGTTGCCGA-1","All"
"R3_large_7","TCGATATTGTCCTAAC-1","Island"
"R3_large_7","TCGCAATGATAGTTCA-1","Island"
"R3_large_7","TCGCACTTGGTCCGTC-1","All"
"R3_large_7","TCGCCTGACGGCCACT-1","All"
"R3_large_7","TCGCCTGCTATCAGTC-1","All"
"R3_large_7","TCGCGGAAGCACCACG-1","Island"
"R3_large_7","TCGGACCAACCATACA-1","Island"
"R3_large_7","TCGGTAATTACGTGGA-1","All"
"R3_large_7","TCGGTATCGTAATTGG-1","All"
"R3_large_7","TCGTCAAGTCCAGGTT-1","Island"
"R3_large_7","TCGTTAGCCAGGCCAG-1","All"
"R3_large_7","TCTACATTCGATCGCC-1","All"
"R3_large_7","TCTACTGTCTCAATGA-1","All"
"R3_large_7","TCTACTTAGTATTAGT-1","All"
"R3_large_7","TCTACTTCACCGTGGA-1","All"
"R3_large_7","TCTAGACGGTGGCTGA-1","All"
"R3_large_7","TCTGCAATTCACAAGA-1","All"
"R3_large_7","TCTGCGAGGTGCACGT-1","All"
"R3_large_7","TCTTACGAGGAATAAG-1","All"
"R3_large_7","TCTTACGGCCGCAACA-1","All"
"R3_large_7","TCTTGTTACCGGTTAC-1","All"
"R3_large_7","TGAACGGACATTGAGT-1","Island"
"R3_large_7","TGACGCTCGCGGTAGT-1","All"
"R3_large_7","TGACGGAGTGAGGTTA-1","All"
"R3_large_7","TGAGTGACCTACTCGT-1","All"
"R3_large_7","TGATCCGCACTCCTTA-1","All"
"R3_large_7","TGCAGAGGTCGTAATT-1","All"
"R3_large_7","TGCATTCACGTGTACT-1","Island"
"R3_large_7","TGCGACTACGTGCGAG-1","All"
"R3_large_7","TGCGCCGAACGGACTC-1","All"
"R3_large_7","TGCGTTATTGTTGCGA-1","Island"
"R3_large_7","TGCTTATGAATAAGCA-1","All"
"R3_large_7","TGGAAGGTTCGCTTGC-1","Island"
"R3_large_7","TGGACTTCGCGGAACT-1","All"
"R3_large_7","TGGAGTGATGGCTCTT-1","All"
"R3_large_7","TGGAGTTGGTGAATCA-1","Island"
"R3_large_7","TGGCAAGCGACACTTA-1","All"
"R3_large_7","TGGCCAAGCGTACAAG-1","All"
"R3_large_7","TGGTCTCAGAATGCAC-1","All"
"R3_large_7","TGGTGCAGTACCATGC-1","Island"
"R3_large_7","TGGTGCTTCTAGGCAA-1","Island"
"R3_large_7","TGGTTGCCAGTGTCAA-1","All"
"R3_large_7","TGGTTGGATTGAGCTG-1","All"
"R3_large_7","TGTAATAGCCGATTAT-1","All"
"R3_large_7","TGTATGCAGGATTCAC-1","Island"
"R3_large_7","TGTCAGAAGTTGTAAC-1","All"
"R3_large_7","TGTCGTTCATACGATA-1","All"
"R3_large_7","TGTCTTGCGACTAATT-1","All"
"R3_large_7","TGTTCAGCGAGGCAGT-1","All"
"R3_large_7","TGTTGGAACCTTCCGC-1","All"
"R3_large_2","AACTGCGAACCTTACC-1","All"
"R3_large_2","AACTTGTTGACCGATA-1","All"
"R3_large_2","AAGGACATAACCGCAC-1","All"
"R3_large_2","AAGGTTGCAGAAGCAG-1","All"
"R3_large_2","AATAGTCTGGAACAAT-1","All"
"R3_large_2","ACGCAACGTGTAATTG-1","Island"
"R3_large_2","ACGCGGCTCAAGTTCA-1","All"
"R3_large_2","ACTAATAGTCAACATA-1","All"
"R3_large_2","ACTAATTCTATGCGCA-1","All"
"R3_large_2","AGACGCTTGGCCTCAC-1","All"
"R3_large_2","AGACTCGACTCCTAAT-1","All"
"R3_large_2","AGACTCTATTAGCGCT-1","All"
"R3_large_2","AGATAGGTGAATTGCC-1","All"
"R3_large_2","AGATAGGTGACCGCGT-1","All"
"R3_large_2","AGCACCTCCAATCACG-1","All"
"R3_large_2","AGCCAGCGTTACAGTC-1","All"
"R3_large_2","AGCGACCGTTCTATAC-1","All"
"R3_large_2","AGCGGTTAATCGAAGT-1","All"
"R3_large_2","AGGAGCGAATGCGTTA-1","All"
"R3_large_2","AGGATCGAGCACCGCC-1","All"
"R3_large_2","AGGTACGGAAGTCAAC-1","All"
"R3_large_2","AGTCGTTGCCGCCAAC-1","All"
"R3_large_2","AGTGCTTCGCGGACGC-1","All"
"R3_large_2","AGTGTAAGCCTGCAAG-1","All"
"R3_large_2","ATAAGGAGCCGTGATG-1","All"
"R3_large_2","ATACGCGGTGAAGCCG-1","All"
"R3_large_2","ATACTATCCGAACATA-1","All"
"R3_large_2","ATCACTTAGGCCTTGT-1","All"
"R3_large_2","ATCATTCCAACTTCGC-1","All"
"R3_large_2","ATCCGAACAGGCTCGA-1","All"
"R3_large_2","ATCCGGTACCGTCCTT-1","All"
"R3_large_2","ATCGTACAACTGGCTA-1","All"
"R3_large_2","ATCGTCCTAGTACGAA-1","All"
"R3_large_2","ATCTTATCAGCAATAC-1","All"
"R3_large_2","ATGAGCATGGCATTCT-1","All"
"R3_large_2","ATGAGTCTTAGGAAGG-1","All"
"R3_large_2","ATGCTGCGCTGTTGCA-1","All"
"R3_large_2","ATGGAGGTTCACCGGT-1","All"
"R3_large_2","ATGTGCTTGTGCTACC-1","All"
"R3_large_2","ATTCATAGTTCTAACT-1","All"
"R3_large_2","CAATCCGAGGTGCTAG-1","All"
"R3_large_2","CACCATAGGTAACCAG-1","All"
"R3_large_2","CACGTGCCAGAATTCT-1","All"
"R3_large_2","CACTCAATAGTGATGC-1","All"
"R3_large_2","CAGAACATGCCTAGTG-1","All"
"R3_large_2","CAGATACAGCACTCGT-1","All"
"R3_large_2","CAGATATGTCCTTAAG-1","All"
"R3_large_2","CAGCGATAATGCGATT-1","All"
"R3_large_2","CAGTAATATCACTACG-1","All"
"R3_large_2","CATAGCTTGACAACGG-1","All"
"R3_large_2","CATATCAGACTATCCA-1","All"
"R3_large_2","CATCTTACTTGCACTC-1","All"
"R3_large_2","CATTAAGTAGCTTACC-1","All"
"R3_large_2","CCACAACCAGCAGGTG-1","All"
"R3_large_2","CCACGTCAATCAACAT-1","All"
"R3_large_2","CCGACAAGGCACGGTT-1","All"
"R3_large_2","CCGCAGTGATCACTGT-1","All"
"R3_large_2","CCGGTGGCTTCTGAGC-1","All"
"R3_large_2","CCTGGATCTAGAGCCA-1","All"
"R3_large_2","CCTTATAGGTCTCAAC-1","All"
"R3_large_2","CGACTTCGCAAGCGGT-1","All"
"R3_large_2","CGCCTTAGCGGCCTCC-1","All"
"R3_large_2","CGGAGCTCTTCCAACG-1","All"
"R3_large_2","CGGAGGCTAGTCGGCA-1","All"
"R3_large_2","CGGAGTAAGGTGCGGT-1","All"
"R3_large_2","CGGCAATTAATTGGAC-1","All"
"R3_large_2","CGGCTTCTACGATATG-1","All"
"R3_large_2","CGGTCAATTGGCCGAT-1","All"
"R3_large_2","CGTAACATCGTTACGG-1","Island"
"R3_large_2","CTAACCTCACCGAAGA-1","All"
"R3_large_2","CTAAGCCTAGGCTCAT-1","All"
"R3_large_2","CTACGAATCAGCCTGG-1","All"
"R3_large_2","CTACTTATGAACATAA-1","All"
"R3_large_2","CTAGCATCGACTTGTT-1","All"
"R3_large_2","CTAGCCGAAGATGGAC-1","All"
"R3_large_2","CTATAGGTTGATGCCT-1","All"
"R3_large_2","CTATTCTGCAACGCAC-1","All"
"R3_large_2","CTCACCTTCGGCGTCT-1","All"
"R3_large_2","CTCATAATAGCACCGT-1","All"
"R3_large_2","CTCATCCTCGGCAAGT-1","All"
"R3_large_2","CTCCAACCTTAGCCGG-1","All"
"R3_large_2","CTCCGCAGCCGCCTTC-1","Island"
"R3_large_2","CTGATTACAATGTCCA-1","All"
"R3_large_2","CTGCACTACACTCATT-1","All"
"R3_large_2","CTGCCTGTGAGCCAGG-1","All"
"R3_large_2","CTTACGACAACGATAC-1","All"
"R3_large_2","CTTAGTCTGTGCATCC-1","All"
"R3_large_2","CTTAGTGGCTAAGACG-1","All"
"R3_large_2","CTTGAGTCTTACAGTG-1","All"
"R3_large_2","CTTGGACTTGTCTGTC-1","All"
"R3_large_2","GAATCACCAGTGATAC-1","All"
"R3_large_2","GAATGACCACGTGCAG-1","All"
"R3_large_2","GAATGTGCCTAGCAGA-1","All"
"R3_large_2","GACAATGACAAGCTTA-1","All"
"R3_large_2","GACATTATCTTAATCT-1","All"
"R3_large_2","GACCAATTGCGTCAGA-1","All"
"R3_large_2","GACCTGCTGTCGTGTA-1","All"
"R3_large_2","GACGTAGACTGCCGCA-1","All"
"R3_large_2","GACTTGACGATGCTGT-1","All"
"R3_large_2","GATACATAACGCATGT-1","All"
"R3_large_2","GCAACAGCGTGGATCA-1","Island"
"R3_large_2","GCAGCGATCTAACGAA-1","All"
"R3_large_2","GCAGTTCGGCATTAGC-1","All"
"R3_large_2","GCCGATCTCGTGACTC-1","All"
"R3_large_2","GCCTGGAACGTCTGCT-1","All"
"R3_large_2","GCGTCGTAGGCTCATC-1","All"
"R3_large_2","GCTGCGCAATGGAAGC-1","All"
"R3_large_2","GCTTCTAGCCGAACAG-1","All"
"R3_large_2","GGACTCGTTCCTCGGA-1","All"
"R3_large_2","GGAGACTATTGTGACA-1","All"
"R3_large_2","GGAGCAATGCGGTGCA-1","All"
"R3_large_2","GGCCATTAGCTAGTGG-1","All"
"R3_large_2","GGTCTTGATAACGTCA-1","All"
"R3_large_2","GGTTCTCGCTCACGCC-1","All"
"R3_large_2","GTAACCTAGCGTCACG-1","All"
"R3_large_2","GTAATGATCACGTAAG-1","All"
"R3_large_2","GTACAGAACCGATTAT-1","All"
"R3_large_2","GTATCTGTGGTCCAGC-1","All"
"R3_large_2","GTATTAGATTGAGGTC-1","All"
"R3_large_2","GTCAACTCAACTGTTA-1","All"
"R3_large_2","GTCGAGTGATTACTGT-1","All"
"R3_large_2","GTCTAAGCGGCACGCC-1","All"
"R3_large_2","GTGAATTAGACATTGC-1","All"
"R3_large_2","GTGACCAGATCGAGAT-1","All"
"R3_large_2","GTGCACTTGTTCCTGG-1","All"
"R3_large_2","GTGCAGTGGTAGATTC-1","All"
"R3_large_2","GTGGATAATCATAATC-1","All"
"R3_large_2","GTGGCGACCTAATATT-1","All"
"R3_large_2","GTGGCTGAATGCGAGT-1","Island"
"R3_large_2","GTTAGGCCTGAACATC-1","All"
"R3_large_2","GTTCCGGCTGAGCCGA-1","All"
"R3_large_2","GTTCGAATCACGTACG-1","All"
"R3_large_2","GTTCGAGCTCGCGAAT-1","All"
"R3_large_2","GTTGCTCCTGAGATTC-1","All"
"R3_large_2","TAACAGTCTACTATGG-1","All"
"R3_large_2","TAACGAGCTATCCGTC-1","All"
"R3_large_2","TAACTCCGATACGTAA-1","All"
"R3_large_2","TAAGATTGGCGGTCGT-1","All"
"R3_large_2","TAAGTGTCAAGGTGGC-1","All"
"R3_large_2","TACGTTACTGGTAGCG-1","All"
"R3_large_2","TACTAAGGAACATCAA-1","All"
"R3_large_2","TACTAGTACACCTAAG-1","All"
"R3_large_2","TAGACAGTTCAGATTA-1","All"
"R3_large_2","TAGCTACCTGTAGGAT-1","All"
"R3_large_2","TAGGCAGTGCGTAGAC-1","All"
"R3_large_2","TAGGCATCGGAGCCTC-1","All"
"R3_large_2","TAGGTCTGCCTCTGTA-1","All"
"R3_large_2","TATCTAGGAGTGGACA-1","All"
"R3_large_2","TATGCTCCTGGTTAGT-1","All"
"R3_large_2","TATTCGTTAATGCTCC-1","All"
"R3_large_2","TATTGAATGAATGTGG-1","All"
"R3_large_2","TCAATCAGATGACGTG-1","All"
"R3_large_2","TCATACTGGTGAACCG-1","All"
"R3_large_2","TCATCTCATGATACGT-1","All"
"R3_large_2","TCATTCTGATGGTGCG-1","All"
"R3_large_2","TCCTATCCTGTCAATA-1","All"
"R3_large_2","TCCTGACAACGCTCGT-1","All"
"R3_large_2","TCCTGATCACCGGTCC-1","All"
"R3_large_2","TCGATCCAACGTCCTT-1","All"
"R3_large_2","TCGATCGTGAGGCGCC-1","All"
"R3_large_2","TCGCACGATTCGGTGG-1","All"
"R3_large_2","TCGCCTGCACGGAAGG-1","All"
"R3_large_2","TCGCGTTACGCAGAAT-1","All"
"R3_large_2","TCGTATCAACAGCACC-1","All"
"R3_large_2","TCGTTAGCTTACTCAT-1","All"
"R3_large_2","TCTACAGCTGAATCAA-1","All"
"R3_large_2","TCTAGGACTGCCACCG-1","All"
"R3_large_2","TCTTACGAGGCCGACA-1","All"
"R3_large_2","TGACGGAGTGAGGTTA-1","All"
"R3_large_2","TGAGACGTGAACGGTC-1","All"
"R3_large_2","TGAGGTGCTTAAGCGA-1","All"
"R3_large_2","TGCACGAATGTACTAA-1","All"
"R3_large_2","TGCATTCACGTGTACT-1","All"
"R3_large_2","TGCGCCTCTGGCTACA-1","All"
"R3_large_2","TGCTATTGGTAAGTTC-1","All"
"R3_large_2","TGGTACCAGATTGTTA-1","All"
"R3_large_2","TGGTACGTGCTGTTGA-1","All"
"R3_large_2","TGGTTGGCGAAGCCTT-1","All"
"R3_large_2","TGTACCTGCAGGAACA-1","All"
"R3_large_2","TGTATGCAGGATTCAC-1","All"
"R3_large_2","TGTCATGTGACACGCT-1","All"
"R3_large_2","TGTCTAAGCAGACGTA-1","All"
"R3_large_2","TGTTGGCCTACACGTG-1","All"
"R3_large_6","AACAGGATTCATAGTT-1","Island"
"R3_large_6","AACAGGTTCACCGAAG-1","Island"
"R3_large_6","AACTATGCTGCATTCG-1","Island"
"R3_large_6","AACTTCAAGGATAATC-1","Island"
"R3_large_6","AAGAATTCTGGCTGCA-1","Island"
"R3_large_6","AAGACAATCTCCTGCA-1","Island"
"R3_large_6","AAGGAGGCACTCAATT-1","All"
"R3_large_6","AAGGCCTCGCGAGGAA-1","All"
"R3_large_6","AAGGTTGCAGAAGCAG-1","All"
"R3_large_6","AAGTACTGGATGCGCA-1","Island"
"R3_large_6","AAGTCGGACACTTCAG-1","Island"
"R3_large_6","AAGTCTGTCAATTCTT-1","Island"
"R3_large_6","AAGTTACTATTACATC-1","Island"
"R3_large_6","AATAACATGTGCTATG-1","Island"
"R3_large_6","AATAGTGGAAGAGCAT-1","Island"
"R3_large_6","AATCCGCCGACCTGAG-1","Island"
"R3_large_6","AATCGAACGGACGGAG-1","Island"
"R3_large_6","AATGGAGGACCTGGTG-1","All"
"R3_large_6","AATGTACTTAACATCA-1","All"
"R3_large_6","AATTGCATTGAAGAAT-1","Island"
"R3_large_6","AATTGCGTCAGACACT-1","Island"
"R3_large_6","AATTGGACGGCATCGT-1","Island"
"R3_large_6","AATTGTAGAATCCTAG-1","Island"
"R3_large_6","ACAACTAAGGTGTTAT-1","Island"
"R3_large_6","ACAGAATCTTGATAAG-1","Island"
"R3_large_6","ACAGGACTGAGCCGAT-1","Island"
"R3_large_6","ACATAAGCAATGCGGT-1","All"
"R3_large_6","ACATGTTCCAGGACGT-1","Island"
"R3_large_6","ACATTGTACATTCTTG-1","Island"
"R3_large_6","ACCAATGAGCCTCATC-1","Island"
"R3_large_6","ACCAATGATCGCGGCC-1","All"
"R3_large_6","ACCGGACGCCAAGCGT-1","Island"
"R3_large_6","ACCGGCACCATACTGC-1","Island"
"R3_large_6","ACCTCCTAGAGGCATG-1","Island"
"R3_large_6","ACCTGTCTGCGGTTGT-1","All"
"R3_large_6","ACGACAAGCACTTCAC-1","Island"
"R3_large_6","ACGAGGACCTGCTAGT-1","All"
"R3_large_6","ACGATGTTACCTCATT-1","Island"
"R3_large_6","ACGCAAGGCATAAGTC-1","Island"
"R3_large_6","ACGGCCTTGCCAGAAC-1","All"
"R3_large_6","ACGGCTATGGCATACC-1","Island"
"R3_large_6","ACGGCTTCAGGTACCG-1","Island"
"R3_large_6","ACGGTTCACCTTCCGG-1","Island"
"R3_large_6","ACGTTAATACAATGAC-1","Island"
"R3_large_6","ACGTTCTATGCACGAC-1","Island"
"R3_large_6","ACGTTCTGCCATAATC-1","All"
"R3_large_6","ACTACGCCTCATGATT-1","All"
"R3_large_6","ACTATCAAGGACGGAA-1","Island"
"R3_large_6","ACTCGAGTCCAAGTTG-1","Island"
"R3_large_6","ACTCGATTGATATCCA-1","All"
"R3_large_6","ACTCGTATTGTCAGAA-1","Island"
"R3_large_6","ACTCTTGCGGAGAACC-1","Island"
"R3_large_6","ACTGTACAATTCTACT-1","Island"
"R3_large_6","ACTTGAGCCGTTCTTA-1","Island"
"R3_large_6","AGAATTCTGTTGACAA-1","Island"
"R3_large_6","AGACCGGACTGTCCAT-1","All"
"R3_large_6","AGACCGGTATCCGTGG-1","All"
"R3_large_6","AGACCGTCATTAGTTA-1","Island"
"R3_large_6","AGATAAGCCACTCATA-1","Island"
"R3_large_6","AGATCAACTCGCTATG-1","Island"
"R3_large_6","AGATCAGTCGATAGAA-1","Island"
"R3_large_6","AGATTGCGCCTCGCTC-1","Island"
"R3_large_6","AGCACGTGCACCTCTG-1","All"
"R3_large_6","AGCATGAGCGAATATT-1","Island"
"R3_large_6","AGCCGTAGTGGAGTGC-1","Island"
"R3_large_6","AGCCGTATCTTCGTCT-1","Island"
"R3_large_6","AGCCTCTATGCAGCAA-1","All"
"R3_large_6","AGCGGAATGTCGCTGT-1","Island"
"R3_large_6","AGCGGTTACAATACGC-1","All"
"R3_large_6","AGCGGTTAGACTCGCC-1","Island"
"R3_large_6","AGCGTGCTTCGCTCAT-1","Island"
"R3_large_6","AGCGTGTATGTACGGT-1","All"
"R3_large_6","AGCGTTATACCTGTTG-1","Island"
"R3_large_6","AGCTCGACAGGCGATA-1","Island"
"R3_large_6","AGCTGACGTAACGCTG-1","Island"
"R3_large_6","AGCTTGAGTCAGGCCG-1","Island"
"R3_large_6","AGGAATTACGGTGACG-1","Island"
"R3_large_6","AGGACCGTAGATGCTA-1","Island"
"R3_large_6","AGGACTGGATGAAGAC-1","All"
"R3_large_6","AGGATAACCGGTCGGA-1","Island"
"R3_large_6","AGGATGCTCGACAGTC-1","Island"
"R3_large_6","AGGCAACTAGCGTACC-1","Island"
"R3_large_6","AGGTACAGCTATGATA-1","Island"
"R3_large_6","AGGTCTTCCATCGCCG-1","Island"
"R3_large_6","AGGTGAGCAATGTCTT-1","Island"
"R3_large_6","AGGTGATTGGCGGTAT-1","Island"
"R3_large_6","AGGTGGCACTTGTCAG-1","Island"
"R3_large_6","AGTGGTATGTCCAAGT-1","Island"
"R3_large_6","AGTGTTCGAGGATGAA-1","All"
"R3_large_6","AGTTAAGACTGGCTCC-1","Island"
"R3_large_6","AGTTGGCACCAGTTAC-1","Island"
"R3_large_6","AGTTGTCCACAGACCA-1","Island"
"R3_large_6","ATACATCACGCCTTCT-1","Island"
"R3_large_6","ATACCATAGCCAATCG-1","Island"
"R3_large_6","ATACCGTTCCAGTCCA-1","All"
"R3_large_6","ATAGAATTCTAGGCCG-1","Island"
"R3_large_6","ATAGATTGAGTTCGAG-1","Island"
"R3_large_6","ATAGCGGCGAGTAATT-1","All"
"R3_large_6","ATAGTTCGCAGCCGTG-1","Island"
"R3_large_6","ATCACTTAGGCCTTGT-1","All"
"R3_large_6","ATCAGATACCAGCTGT-1","Island"
"R3_large_6","ATCCAACGCCACATCG-1","Island"
"R3_large_6","ATCCACTCGTACTCGG-1","Island"
"R3_large_6","ATCCGGATCGCCGTAT-1","Island"
"R3_large_6","ATCCGGCGTAGTCTGA-1","Island"
"R3_large_6","ATCCGTGGAACTTCAA-1","Island"
"R3_large_6","ATCCTCGTTCCAGGCC-1","Island"
"R3_large_6","ATCGAACTCGTCCGGC-1","All"
"R3_large_6","ATCGTAACTACCTCTT-1","Island"
"R3_large_6","ATCGTAATCCACATGC-1","Island"
"R3_large_6","ATCGTATTACTCGGAG-1","Island"
"R3_large_6","ATCTGACCGGAGTCCT-1","All"
"R3_large_6","ATCTGAGGAACGGTTG-1","Island"
"R3_large_6","ATCTTAGACGCCTACT-1","All"
"R3_large_6","ATGCATGCCTGCGATG-1","Island"
"R3_large_6","ATGCATGTATGTGAGT-1","Island"
"R3_large_6","ATGCCGTCGATAAGAC-1","All"
"R3_large_6","ATGCTACTGAATAGTA-1","Island"
"R3_large_6","ATGCTCCGTTCTACTG-1","Island"
"R3_large_6","ATGCTGACGACTCGCT-1","All"
"R3_large_6","ATGCTTGGACGAACTT-1","Island"
"R3_large_6","ATGTAATTGTCGTTCG-1","Island"
"R3_large_6","ATGTAGCCGACCAAGG-1","Island"
"R3_large_6","ATGTAGGTAACCGTAC-1","Island"
"R3_large_6","ATGTCATACTTAGACC-1","Island"
"R3_large_6","ATGTCGGATAAGCCGA-1","Island"
"R3_large_6","ATGTTAAGATTACTGA-1","Island"
"R3_large_6","ATTAGTTCACAGACTC-1","Island"
"R3_large_6","ATTATCGAGTGCAGAT-1","Island"
"R3_large_6","ATTCCGGACCGGTCTT-1","Island"
"R3_large_6","ATTCGTTAGAATTCGG-1","Island"
"R3_large_6","ATTCTACGTGGCAGAT-1","Island"
"R3_large_6","ATTCTTGGAGTGATAG-1","Island"
"R3_large_6","ATTGCATCACTGACTG-1","Island"
"R3_large_6","ATTGGCTAACAGACAA-1","Island"
"R3_large_6","CAACCGTACTGATCTT-1","Island"
"R3_large_6","CAACGGCACTCAGTCC-1","All"
"R3_large_6","CAATAAGCGGCCAGAT-1","All"
"R3_large_6","CAATGGCTGAGCGATT-1","Island"
"R3_large_6","CACCTACCGCTACCTT-1","Island"
"R3_large_6","CACCTTAGCTATTGTC-1","Island"
"R3_large_6","CACGAGGCCATCCACT-1","Island"
"R3_large_6","CACGATGGTGCTAATA-1","All"
"R3_large_6","CACGGATTCTCATCAC-1","Island"
"R3_large_6","CACGGCTGCGCTTGGC-1","Island"
"R3_large_6","CACGTACGTAGCTCAT-1","Island"
"R3_large_6","CACGTGGCGGCACTAG-1","All"
"R3_large_6","CACTAGTCGACATCTA-1","Island"
"R3_large_6","CACTCAATAAGCCGAA-1","Island"
"R3_large_6","CACTCAATAGTGATGC-1","All"
"R3_large_6","CACTGGTGAGACGCTT-1","Island"
"R3_large_6","CAGAACATGCCTAGTG-1","All"
"R3_large_6","CAGATTATCATAACGC-1","Island"
"R3_large_6","CAGCCACGGCTCTACG-1","Island"
"R3_large_6","CAGGAGCGTATCGCAT-1","Island"
"R3_large_6","CAGGCCAACGGTCGTA-1","Island"
"R3_large_6","CAGGCCGTATCTGTTA-1","Island"
"R3_large_6","CAGTGCCTTGCGGTCT-1","Island"
"R3_large_6","CAGTTGCTCACGTGTC-1","Island"
"R3_large_6","CATAGAACATTGAACA-1","All"
"R3_large_6","CATCCGAAGCGTATGG-1","Island"
"R3_large_6","CATCCGTGGTCGTAAG-1","Island"
"R3_large_6","CATGATACTCAGGATT-1","All"
"R3_large_6","CATGTCCACCTGCGTC-1","Island"
"R3_large_6","CATTAGGATAGTGAAT-1","All"
"R3_large_6","CATTCTGTGCATGCTC-1","Island"
"R3_large_6","CATTGCGTGCCACCTT-1","Island"
"R3_large_6","CATTGCTATGTTAGCT-1","Island"
"R3_large_6","CCAACAGGAACACGGT-1","Island"
"R3_large_6","CCAAGCTGGCCATTGC-1","Island"
"R3_large_6","CCAATAGCGGTACGTG-1","All"
"R3_large_6","CCAATTATGACACTGG-1","Island"
"R3_large_6","CCACGAACGCTGCCGC-1","Island"
"R3_large_6","CCAGGTCCACATCCAT-1","Island"
"R3_large_6","CCATAGTATTGTCTGC-1","Island"
"R3_large_6","CCGACAGACTGTGCCT-1","All"
"R3_large_6","CCGATTAGCGAGTGTA-1","All"
"R3_large_6","CCGCGTTACCTTGGCG-1","Island"
"R3_large_6","CCGGATCTCCGAAGCG-1","Island"
"R3_large_6","CCGGCGAACATCACGT-1","All"
"R3_large_6","CCGGCGCAGCATGCGA-1","Island"
"R3_large_6","CCGGTGGCTTCTGAGC-1","All"
"R3_large_6","CCGTCTTATGGACGAG-1","All"
"R3_large_6","CCTAAGGTTACAGTAA-1","All"
"R3_large_6","CCTAATCCACAAGGAT-1","All"
"R3_large_6","CCTAGCCTAGTACCGG-1","Island"
"R3_large_6","CCTATGCCAGCAATCC-1","Island"
"R3_large_6","CCTATGTCTTACCGGC-1","All"
"R3_large_6","CCTCACATGTCTTACT-1","Island"
"R3_large_6","CCTTCCGCTCCGGCAT-1","Island"
"R3_large_6","CGACCTTGGCGTTCTA-1","Island"
"R3_large_6","CGACGCAACATGGCGA-1","All"
"R3_large_6","CGACGCTCCGCACGTG-1","Island"
"R3_large_6","CGACTAGGAGATAAGC-1","Island"
"R3_large_6","CGACTAGGTCCTTAAC-1","Island"
"R3_large_6","CGAGTCACTCATAGAT-1","Island"
"R3_large_6","CGATGATCAGCTATAA-1","Island"
"R3_large_6","CGCATCTTGACTTAGT-1","Island"
"R3_large_6","CGCATGGAATTCACGA-1","All"
"R3_large_6","CGCCTCGGAACTGTGC-1","All"
"R3_large_6","CGCCTTACGAGTAGCG-1","Island"
"R3_large_6","CGCCTTAGGATCGGCA-1","Island"
"R3_large_6","CGCTTAGGCTGAGTCC-1","Island"
"R3_large_6","CGCTTGGCTTGGATCT-1","All"
"R3_large_6","CGGACTGTGAGTATAG-1","Island"
"R3_large_6","CGGAGTGGTCAAGTAT-1","Island"
"R3_large_6","CGGATGTTGAACCACG-1","Island"
"R3_large_6","CGGATTGCGTCTACCT-1","Island"
"R3_large_6","CGGCAAGATGCGTCGG-1","Island"
"R3_large_6","CGGCAATCAACGTGGA-1","Island"
"R3_large_6","CGGCAATTAATTGGAC-1","All"
"R3_large_6","CGGCACTCCGGTTCGC-1","Island"
"R3_large_6","CGGCGTAGCGCTAGGA-1","Island"
"R3_large_6","CGGCTTGTGCCGGCCT-1","Island"
"R3_large_6","CGGTCATGGAGGACTC-1","Island"
"R3_large_6","CGGTGAGCATGTATAC-1","All"
"R3_large_6","CGTCCAATCTGCGTCC-1","Island"
"R3_large_6","CGTCCATCGTCCAATA-1","Island"
"R3_large_6","CGTGTATGAGGCCAGG-1","All"
"R3_large_6","CGTTACAGTGCACTCA-1","Island"
"R3_large_6","CGTTCTCGAGGTTCGC-1","All"
"R3_large_6","CTAAGCTCCACGATCA-1","Island"
"R3_large_6","CTAAGTCAAGATCATG-1","Island"
"R3_large_6","CTACAGAATTAATGAC-1","Island"
"R3_large_6","CTACAGATGGTCATAC-1","Island"
"R3_large_6","CTACAGGTAGAATTCC-1","All"
"R3_large_6","CTACCAGGAGACATCT-1","Island"
"R3_large_6","CTATAACTACGCCTGG-1","Island"
"R3_large_6","CTATCCATTAGCTCGA-1","Island"
"R3_large_6","CTATCGATCTGCGTGA-1","All"
"R3_large_6","CTCAAGATACAACGGA-1","Island"
"R3_large_6","CTCACCGCCTGTGAGT-1","All"
"R3_large_6","CTCACCTTAATAAGAT-1","Island"
"R3_large_6","CTCACGAGTAGATGAG-1","Island"
"R3_large_6","CTCAGAAGACAACTCG-1","Island"
"R3_large_6","CTCAGGATACGCGGCA-1","Island"
"R3_large_6","CTCCAGAATATTACAT-1","Island"
"R3_large_6","CTCCATGGCGACCAGT-1","Island"
"R3_large_6","CTCGGACTAACGTGGC-1","Island"
"R3_large_6","CTCGTTGCACCTTAGG-1","All"
"R3_large_6","CTGAAGGAGCCTCACT-1","Island"
"R3_large_6","CTGACTCGAATTCGTG-1","Island"
"R3_large_6","CTGCACTACACTCATT-1","All"
"R3_large_6","CTGCCTGACACGGATT-1","Island"
"R3_large_6","CTGGCCTTACCACTTA-1","Island"
"R3_large_6","CTGGCCTTGCATTCGG-1","Island"
"R3_large_6","CTGGCTGGACGCTTGG-1","Island"
"R3_large_6","CTGGTGATCCTGAAGG-1","Island"
"R3_large_6","CTGGTGATCGCCGTAG-1","Island"
"R3_large_6","CTGTCTATCCACATCT-1","Island"
"R3_large_6","CTGTTCGTATGCACCA-1","Island"
"R3_large_6","CTGTTCTGCTCAGGAC-1","All"
"R3_large_6","CTGTTGCTACTCACAG-1","All"
"R3_large_6","CTTACGAACTCCGTCC-1","Island"
"R3_large_6","CTTACGCAACTCAACG-1","All"
"R3_large_6","CTTAGTAAGCCTTAGG-1","All"
"R3_large_6","CTTAGTGCGACCTATT-1","Island"
"R3_large_6","CTTCGTATTAATACGG-1","Island"
"R3_large_6","CTTCTGTACGGACATC-1","Island"
"R3_large_6","CTTGAACTTAGAGGAA-1","Island"
"R3_large_6","CTTGAGCCTTGTTCCA-1","Island"
"R3_large_6","CTTGCGTAACAGCAGT-1","Island"
"R3_large_6","CTTGGAACTCCACGCC-1","All"
"R3_large_6","CTTGTCAAGGCGTCAA-1","All"
"R3_large_6","GAACAAGGTCGAGCAA-1","Island"
"R3_large_6","GAACGCCAGTGCATAC-1","Island"
"R3_large_6","GAACTCATAGTGAGTG-1","Island"
"R3_large_6","GAACTCCTGGAGGCTC-1","Island"
"R3_large_6","GAAGTAGCTGAGTCTA-1","Island"
"R3_large_6","GAATCATGAACCAGTG-1","Island"
"R3_large_6","GAATGACACGACTAGG-1","Island"
"R3_large_6","GAATGACCACAATCGA-1","Island"
"R3_large_6","GAATGACCACGTGCAG-1","All"
"R3_large_6","GAATGAGTATAGACCA-1","All"
"R3_large_6","GAATGGCCAAGGAGGC-1","Island"
"R3_large_6","GAATGTATTGGATCAA-1","Island"
"R3_large_6","GACAACGGCGATGTTA-1","Island"
"R3_large_6","GACAATTGTATGCTTC-1","Island"
"R3_large_6","GACATTATCTTAATCT-1","Island"
"R3_large_6","GACCACTTACGGACAT-1","All"
"R3_large_6","GACCGAATCTAATACG-1","Island"
"R3_large_6","GACCGACAATAGGAAT-1","Island"
"R3_large_6","GACTTGACGATGCTGT-1","All"
"R3_large_6","GAGCACCATTCGCTGT-1","All"
"R3_large_6","GAGGACGAGTCCTAGT-1","Island"
"R3_large_6","GAGGCCAGCAGAGGTT-1","Island"
"R3_large_6","GAGGCGCTCCATTCCT-1","Island"
"R3_large_6","GAGGTACAACCTTCCG-1","Island"
"R3_large_6","GAGGTCACTGTAAGCT-1","All"
"R3_large_6","GAGGTGTAGCAACTCA-1","Island"
"R3_large_6","GAGTAACGTGGCTTGA-1","Island"
"R3_large_6","GAGTTAATTCCACTGG-1","Island"
"R3_large_6","GATACTTCACTCAGCA-1","Island"
"R3_large_6","GATAGTGACACTCCAA-1","Island"
"R3_large_6","GATATCCATATGAGGC-1","Island"
"R3_large_6","GATCACTTAACGGATT-1","All"
"R3_large_6","GATCCGGACATACACC-1","Island"
"R3_large_6","GATCTATGAAGATGCG-1","Island"
"R3_large_6","GATGGACCTGGACGGA-1","Island"
"R3_large_6","GCAACAGGCCATTGAC-1","Island"
"R3_large_6","GCAATCGTGACTCCAA-1","Island"
"R3_large_6","GCAATTCCTATCATAC-1","Island"
"R3_large_6","GCACGACTGGTGCGTA-1","Island"
"R3_large_6","GCACGCTTCGTTGTTC-1","Island"
"R3_large_6","GCAGGTGCTGATGCTT-1","Island"
"R3_large_6","GCAGTTCGGCATTAGC-1","All"
"R3_large_6","GCATAACCGAGGTGAT-1","Island"
"R3_large_6","GCATACTAGCATCGAA-1","Island"
"R3_large_6","GCCACGCCTTAGTACG-1","Island"
"R3_large_6","GCCATTGTAATGTCTT-1","Island"
"R3_large_6","GCCGAAGATGTATTGA-1","All"
"R3_large_6","GCCGCTTCTAAGGTGA-1","Island"
"R3_large_6","GCCGGCGAACCATTGT-1","Island"
"R3_large_6","GCCTGTGAAGTCGGCG-1","Island"
"R3_large_6","GCCTGTGACACCAGAA-1","All"
"R3_large_6","GCGATCTTGCTCACGC-1","Island"
"R3_large_6","GCGATTCTAACAGTAA-1","Island"
"R3_large_6","GCGGTTGCCTCGACGG-1","Island"
"R3_large_6","GCGTCTCGCAACTCAT-1","Island"
"R3_large_6","GCTACTTCTGACGCGA-1","Island"
"R3_large_6","GCTATGCGTGAACGGT-1","Island"
"R3_large_6","GCTCGTAACGGAGCAC-1","All"
"R3_large_6","GCTGAGGACAAGAAGT-1","Island"
"R3_large_6","GCTGCCGCCTATGTAG-1","All"
"R3_large_6","GCTGTTATGGTTGCCG-1","Island"
"R3_large_6","GCTGTTCATCAGCGTC-1","All"
"R3_large_6","GCTTCGGCATCAGAGT-1","Island"
"R3_large_6","GCTTCTGTTACGAGAA-1","Island"
"R3_large_6","GCTTGCAATACAAGGC-1","Island"
"R3_large_6","GCTTGCTCAGTGTCCG-1","All"
"R3_large_6","GGAACATCGTGGAATC-1","Island"
"R3_large_6","GGAACTTCGACATGTC-1","Island"
"R3_large_6","GGAAGCTATGGCACAG-1","All"
"R3_large_6","GGAAGTCTTGTCGCAT-1","Island"
"R3_large_6","GGACAGTGCGGCAACA-1","All"
"R3_large_6","GGACCATCACCGCCAA-1","Island"
"R3_large_6","GGAGATGGCTCGAGAT-1","Island"
"R3_large_6","GGAGCGAATTGGACGG-1","Island"
"R3_large_6","GGATGGATCACTCATA-1","Island"
"R3_large_6","GGCAAGACAATCAGCT-1","Island"
"R3_large_6","GGCACGTCCATAACCT-1","Island"
"R3_large_6","GGCAGCTCCTGGACGG-1","All"
"R3_large_6","GGCATACATGGCTCAG-1","Island"
"R3_large_6","GGCCAGTAGGTATGAG-1","Island"
"R3_large_6","GGCCTGCGTTATGCCG-1","Island"
"R3_large_6","GGCGCCTTGGCCTAAG-1","All"
"R3_large_6","GGCGCTAATATGCTCC-1","Island"
"R3_large_6","GGCGGAGTTGAACTAT-1","Island"
"R3_large_6","GGCGTCGGTAGTGATA-1","Island"
"R3_large_6","GGCTGCTCCATAGCTG-1","All"
"R3_large_6","GGCTTGCCATAGGCTC-1","All"
"R3_large_6","GGTACGGTATGCTCCA-1","Island"
"R3_large_6","GGTACTGTGATCTTCC-1","Island"
"R3_large_6","GGTAGCTTAGCCAATC-1","Island"
"R3_large_6","GGTAGGTTGTTCTAAG-1","All"
"R3_large_6","GGTATGCAACAGTGGC-1","Island"
"R3_large_6","GGTCTTCCGGCTGGAC-1","Island"
"R3_large_6","GGTTACCAGACAACAT-1","All"
"R3_large_6","GGTTCTATACCGCTTG-1","Island"
"R3_large_6","GGTTCTCGCTCACGCC-1","All"
"R3_large_6","GTAAGTTGCGGAGCGT-1","Island"
"R3_large_6","GTAAGTTGCTGGTGGA-1","Island"
"R3_large_6","GTAATAGTCCTAAGCC-1","Island"
"R3_large_6","GTAATCAGGCGGACGG-1","Island"
"R3_large_6","GTAATCTTGTCTAGTT-1","Island"
"R3_large_6","GTACAGATGACATCGC-1","Island"
"R3_large_6","GTACAGTATCGGAATT-1","Island"
"R3_large_6","GTACGAAGGATTATTG-1","All"
"R3_large_6","GTAGCAACGACCGTGG-1","Island"
"R3_large_6","GTAGCCGCACTCCATC-1","All"
"R3_large_6","GTAGTCCGTGTACTAA-1","Island"
"R3_large_6","GTATACATAGGTTGCC-1","Island"
"R3_large_6","GTATACATTGGCTCAG-1","Island"
"R3_large_6","GTATACGGTACACGCA-1","Island"
"R3_large_6","GTATCTAGCTACCAGC-1","Island"
"R3_large_6","GTATGCGGTATCATGA-1","All"
"R3_large_6","GTATGTAGCAGGCATA-1","Island"
"R3_large_6","GTATGTGCAAGCCGGA-1","Island"
"R3_large_6","GTATTACGGCCATTAT-1","Island"
"R3_large_6","GTCAACAGCGCACCGA-1","Island"
"R3_large_6","GTCACTAAGAGGAATA-1","Island"
"R3_large_6","GTCAGCGATTGATTCA-1","Island"
"R3_large_6","GTCAGTAATCCAATTA-1","Island"
"R3_large_6","GTCATCAGTAGACCAG-1","Island"
"R3_large_6","GTCCATCTATACAAGG-1","Island"
"R3_large_6","GTCGTAGACTGACAAG-1","Island"
"R3_large_6","GTCTAAGATCGGACTA-1","Island"
"R3_large_6","GTCTAGGACAGGATAA-1","Island"
"R3_large_6","GTCTATCAATGGATTA-1","Island"
"R3_large_6","GTCTATGTTAATAGAA-1","Island"
"R3_large_6","GTCTGATAGATTATAA-1","Island"
"R3_large_6","GTCTGTGGATCTGACG-1","Island"
"R3_large_6","GTCTTGACCGGAGGCC-1","Island"
"R3_large_6","GTCTTGACTTGCTCTG-1","All"
"R3_large_6","GTCTTGATTGCCACCT-1","Island"
"R3_large_6","GTGACACCAAGTGAAT-1","All"
"R3_large_6","GTGACCAGATCGAGAT-1","All"
"R3_large_6","GTGATCTACGAGATCC-1","Island"
"R3_large_6","GTGCACTTGTAAGCAC-1","Island"
"R3_large_6","GTGCACTTGTTCCTGG-1","All"
"R3_large_6","GTGCATTCCTGTGGTC-1","Island"
"R3_large_6","GTGCCTGACACGTTGG-1","All"
"R3_large_6","GTGGACCAACTAGGAG-1","All"
"R3_large_6","GTGGCGATCTGCGATA-1","All"
"R3_large_6","GTGGCGCCAGACTCGA-1","Island"
"R3_large_6","GTGGTACTGGTTCCAA-1","Island"
"R3_large_6","GTGGTAGGTCTAAGAA-1","Island"
"R3_large_6","GTGGTTGACAAGGAGC-1","Island"
"R3_large_6","GTTAACAACTTCGGAT-1","Island"
"R3_large_6","GTTAGGTACTAACTGG-1","All"
"R3_large_6","GTTAGGTCCACTGGCG-1","Island"
"R3_large_6","GTTATGTTGCTTAGAT-1","Island"
"R3_large_6","GTTATTCGGCCATTCG-1","Island"
"R3_large_6","GTTCCTGAACCTTCAA-1","Island"
"R3_large_6","GTTGAACCAGGATCGC-1","All"
"R3_large_6","GTTGACATGAACCAAC-1","Island"
"R3_large_6","GTTGACGTCAGATTAG-1","All"
"R3_large_6","GTTGGTCCGCCAATCT-1","Island"
"R3_large_6","TAACGAGCTATCCGTC-1","All"
"R3_large_6","TAACGCATTGGTCCAA-1","Island"
"R3_large_6","TAACGCTCATACGGCA-1","Island"
"R3_large_6","TAACTCCAACATGGAC-1","Island"
"R3_large_6","TAAGACCGAGTGAACA-1","Island"
"R3_large_6","TAAGATTGAGATTACA-1","Island"
"R3_large_6","TAAGCAGTAGATACTC-1","Island"
"R3_large_6","TAAGCCTGGCTTCAGT-1","Island"
"R3_large_6","TAATGATCCGGTTATT-1","Island"
"R3_large_6","TACAACGGACGGCTCA-1","Island"
"R3_large_6","TACAAGCGGAAGTACG-1","All"
"R3_large_6","TACCATCTCGGCCGAA-1","Island"
"R3_large_6","TACCTCAGGCAACAGA-1","Island"
"R3_large_6","TACCTGCGGTTGTCCT-1","Island"
"R3_large_6","TACGCTCCGGTTGGTA-1","Island"
"R3_large_6","TACGGAATACTCGTTC-1","Island"
"R3_large_6","TACGGAGTCAACGAAG-1","All"
"R3_large_6","TACGGCCTTGTAGGAG-1","Island"
"R3_large_6","TACGTACACCTTAAGC-1","Island"
"R3_large_6","TACTAAGGAACATCAA-1","All"
"R3_large_6","TACTAGGATCAATGGC-1","Island"
"R3_large_6","TACTATGTTGAATCTT-1","All"
"R3_large_6","TAGACCTGAGGAGCTG-1","Island"
"R3_large_6","TAGATGGCTGTATGCC-1","Island"
"R3_large_6","TAGCGTACCTTGACAT-1","Island"
"R3_large_6","TAGCTAGAGGCCTGAA-1","Island"
"R3_large_6","TAGGACATCAGCATGG-1","Island"
"R3_large_6","TAGGACGGCCAGCCGA-1","Island"
"R3_large_6","TAGTTCGAATTAGCGG-1","Island"
"R3_large_6","TAGTTGGCTTAGGCCT-1","All"
"R3_large_6","TATCATGGATGTTGCC-1","Island"
"R3_large_6","TATCTAGTGCCATATT-1","All"
"R3_large_6","TATGACGCGTATGTCG-1","Island"
"R3_large_6","TATGAGCGATCCATTA-1","Island"
"R3_large_6","TATGGCAGTTCGTCTA-1","All"
"R3_large_6","TATGGCCATAATAGAC-1","Island"
"R3_large_6","TATGGCCGGCGACACT-1","Island"
"R3_large_6","TATGTAGAGCTGATCA-1","Island"
"R3_large_6","TATGTCATAAGCGTCG-1","All"
"R3_large_6","TATGTTGCAGTCTAGG-1","Island"
"R3_large_6","TATGTTGGTCCAGTGA-1","Island"
"R3_large_6","TATTAACTTCCGCTCA-1","Island"
"R3_large_6","TATTAATAGAATGGCA-1","Island"
"R3_large_6","TATTCGGTGGAGATTC-1","Island"
"R3_large_6","TATTCGTTAATGCTCC-1","Island"
"R3_large_6","TATTCTAAGGCTCATC-1","Island"
"R3_large_6","TATTCTCCTATGATGG-1","Island"
"R3_large_6","TATTGAGCATGGACCG-1","All"
"R3_large_6","TCAACAATGGAGGCCT-1","Island"
"R3_large_6","TCAAGGTCTGAATATG-1","Island"
"R3_large_6","TCACAAGGAGAACAAG-1","All"
"R3_large_6","TCACAGCACCAAGGTT-1","Island"
"R3_large_6","TCAGCTACCAACTCCG-1","All"
"R3_large_6","TCAGTATGTAGGACAA-1","Island"
"R3_large_6","TCATCGGCCTGTGCGG-1","Island"
"R3_large_6","TCATCTCCAACCACCT-1","Island"
"R3_large_6","TCATCTTCCACGTATG-1","Island"
"R3_large_6","TCCAATTGGTTACAGT-1","Island"
"R3_large_6","TCCAGTACCGAGCGCA-1","All"
"R3_large_6","TCCATGCGTCCACCAG-1","All"
"R3_large_6","TCCGATGCGTATCCGG-1","Island"
"R3_large_6","TCCGGTACGTGGCCTC-1","Island"
"R3_large_6","TCCGTGTCTTACATAA-1","Island"
"R3_large_6","TCCTCATGGCACCGTT-1","Island"
"R3_large_6","TCGATATTAGACATAC-1","Island"
"R3_large_6","TCGCACTGCTGTGCTC-1","Island"
"R3_large_6","TCGCACTTCAGTGACA-1","Island"
"R3_large_6","TCGCCGTTCGCCACAG-1","Island"
"R3_large_6","TCGCCTAATGACCGGT-1","Island"
"R3_large_6","TCGCCTAGATAATTAA-1","Island"
"R3_large_6","TCGCCTGGTGGATTCT-1","All"
"R3_large_6","TCGCGTTACGCAGAAT-1","All"
"R3_large_6","TCGGACTGCCACCTCC-1","Island"
"R3_large_6","TCGGAGCGTTACCTCG-1","All"
"R3_large_6","TCGGAGTGGTACTTGC-1","Island"
"R3_large_6","TCGGAGTTGTCTTGTT-1","Island"
"R3_large_6","TCGTATTCTGAGTGGC-1","Island"
"R3_large_6","TCTACAGGTACGCAGT-1","Island"
"R3_large_6","TCTACATTGGAGTAAT-1","Island"
"R3_large_6","TCTACTGTCTCAATGA-1","Island"
"R3_large_6","TCTACTTAGGTTCTTA-1","Island"
"R3_large_6","TCTACTTCACCGTGGA-1","Island"
"R3_large_6","TCTAGATAAGGTTAGC-1","All"
"R3_large_6","TCTTAGATGCCTCCGA-1","Island"
"R3_large_6","TCTTAGGCCTGGCGTA-1","All"
"R3_large_6","TCTTGCCATCGTTGTA-1","Island"
"R3_large_6","TCTTGCCGGCAGTCTA-1","Island"
"R3_large_6","TCTTGCTCCGTCGGCA-1","Island"
"R3_large_6","TGACATTACAACGCCG-1","Island"
"R3_large_6","TGACCAACAGATAGGT-1","Island"
"R3_large_6","TGACCTCCTTCAGATT-1","Island"
"R3_large_6","TGACTCTGCTCGCACG-1","Island"
"R3_large_6","TGACTTAATGCGTTGG-1","Island"
"R3_large_6","TGACTTCGGCGTAACA-1","Island"
"R3_large_6","TGAGACGTGAACGGTC-1","All"
"R3_large_6","TGAGACTATTGAATCT-1","Island"
"R3_large_6","TGATAGGAGCATCAAC-1","Island"
"R3_large_6","TGATGGAACTAACGAA-1","All"
"R3_large_6","TGATGGCTGCGACGAT-1","Island"
"R3_large_6","TGATTCGTCTGGATCT-1","Island"
"R3_large_6","TGCACGCTCCTATCCG-1","Island"
"R3_large_6","TGCATTCGCTACAATG-1","Island"
"R3_large_6","TGCCAATCCATGTCTA-1","All"
"R3_large_6","TGCCACAATGCTACCG-1","Island"
"R3_large_6","TGCCACTCAACCGGCC-1","Island"
"R3_large_6","TGCCACTTAAGTGATG-1","Island"
"R3_large_6","TGCCGAGTTAAGAACG-1","Island"
"R3_large_6","TGCCTTAGGCGTCTAT-1","Island"
"R3_large_6","TGCGAGCCAGACGAAT-1","All"
"R3_large_6","TGCGGACGATACGGAC-1","All"
"R3_large_6","TGCGGACTTCTGTCGC-1","Island"
"R3_large_6","TGCGGATCATCCTAGA-1","All"
"R3_large_6","TGCGTGTCAGCCAGTG-1","Island"
"R3_large_6","TGCTACTTGTGGCTGG-1","Island"
"R3_large_6","TGCTATTGGTAAGTTC-1","All"
"R3_large_6","TGCTTAGCTCCTGGCT-1","Island"
"R3_large_6","TGCTTATGAATAAGCA-1","All"
"R3_large_6","TGGAAGACTAGTCTTG-1","All"
"R3_large_6","TGGCATGCGTTCACGC-1","Island"
"R3_large_6","TGGCCGTCTATCAGGA-1","Island"
"R3_large_6","TGGCCTGGCACTGTGG-1","Island"
"R3_large_6","TGGTACAAGACACTGA-1","Island"
"R3_large_6","TGGTACCAATACTTAC-1","Island"
"R3_large_6","TGGTACGGTCGGCGAA-1","Island"
"R3_large_6","TGGTACGTGCTGTTGA-1","All"
"R3_large_6","TGGTAGCCAGTTGACA-1","All"
"R3_large_6","TGGTCTGCTCAGGTTG-1","Island"
"R3_large_6","TGTAATGCACTACGAG-1","All"
"R3_large_6","TGTAGGTTCTGGCTTA-1","Island"
"R3_large_6","TGTATGCTCGCCTAGT-1","All"
"R3_large_6","TGTATGGTGCCAAGGT-1","Island"
"R3_large_6","TGTCAGTGGCTTCCAT-1","Island"
"R3_large_6","TGTCGAGTGCGTTAGC-1","Island"
"R3_large_6","TGTCGATTCACGTAGT-1","Island"
"R3_large_6","TGTCGTTCATACGATA-1","Island"
"R3_large_6","TGTCTACTAGATTGCC-1","Island"
"R3_large_6","TGTTACCTATTGGACA-1","Island"
"R3_large_6","TGTTCAGAACGGTGTA-1","Island"
"R3_large_6","TGTTGCGTCCAAGATT-1","Island"
"R3_large_6","TGTTGGCCAGACCTAC-1","Island"
"R3_large_3","AACAGGAAGAGCATAG-1","All"
"R3_large_3","AACAGGCCAACGATTA-1","All"
"R3_large_3","AACAGTCAGGCTCCGC-1","All"
"R3_large_3","AACCATGAATTGCCTT-1","All"
"R3_large_3","AACCTACAGAGGTAGT-1","All"
"R3_large_3","AACGACCATTCGAATC-1","All"
"R3_large_3","AACTATCGTCATAGTC-1","All"
"R3_large_3","AACTGGATACTTCACT-1","All"
"R3_large_3","AAGATAGTCGACCTTG-1","All"
"R3_large_3","AAGCCATCCGTGCTAT-1","All"
"R3_large_3","AAGGCGAACTAGTAGA-1","All"
"R3_large_3","AAGGTGCCGCTAAGGT-1","All"
"R3_large_3","AAGTGAGCCTGTTACA-1","All"
"R3_large_3","AATACGAGCAAGCCAG-1","All"
"R3_large_3","AATACTAACCACTTAT-1","All"
"R3_large_3","AATAGTATAGTTGTCG-1","Island"
"R3_large_3","AATCCGCCGACCTGAG-1","Island"
"R3_large_3","AATCCGGAGCTTGTCT-1","All"
"R3_large_3","AATCTGCGTTCCTTAC-1","All"
"R3_large_3","AATGAACTACGTCCAG-1","All"
"R3_large_3","AATGAAGAGGATGTAT-1","All"
"R3_large_3","AATGGTCGAACGTGAA-1","All"
"R3_large_3","AATGGTCGATACTCGG-1","All"
"R3_large_3","AATGGTCTCGAGCGCT-1","All"
"R3_large_3","AATTAGCTTAGGTGTA-1","All"
"R3_large_3","ACAGGCATTGAACCAT-1","All"
"R3_large_3","ACATAAGACGCATATG-1","All"
"R3_large_3","ACATTGGTTCACAGTG-1","All"
"R3_large_3","ACCGAGGTGATACCGA-1","All"
"R3_large_3","ACCGGACGCCAAGCGT-1","All"
"R3_large_3","ACCTAAGTAGAACAGA-1","All"
"R3_large_3","ACCTCCGATTATAAGA-1","All"
"R3_large_3","ACGAAGCCACCTGAGG-1","All"
"R3_large_3","ACGAGGACAACTCACC-1","All"
"R3_large_3","ACGCGGAAGAGTTCCG-1","All"
"R3_large_3","ACGCTCAGTGCTATTC-1","All"
"R3_large_3","ACGGCTTATTGGTATG-1","All"
"R3_large_3","ACGGTTCACCTTCCGG-1","All"
"R3_large_3","ACTATTGCGAGCTAGA-1","All"
"R3_large_3","ACTCAGCTTCTGAGAC-1","All"
"R3_large_3","ACTCCTATGTTCCTAC-1","All"
"R3_large_3","ACTCCTGACCACTGAG-1","All"
"R3_large_3","ACTCGTTCCTGATACA-1","All"
"R3_large_3","ACTGACGGCCATGTCT-1","All"
"R3_large_3","ACTGCATCTTGTTCCA-1","All"
"R3_large_3","ACTTGAAGCGAGCGGT-1","Island"
"R3_large_3","AGAAGCTGGCCTAGTG-1","All"
"R3_large_3","AGAAGCTTGCCTCCGC-1","All"
"R3_large_3","AGACCGACCGCAGACA-1","Island"
"R3_large_3","AGACCGCCAAGTTCAA-1","All"
"R3_large_3","AGACCGGACTGTCCAT-1","All"
"R3_large_3","AGACGTAGGCGGACCG-1","All"
"R3_large_3","AGATCAAGCATCTACT-1","All"
"R3_large_3","AGATCTAACGAGCTCA-1","All"
"R3_large_3","AGATGAGGCGCCTCCA-1","All"
"R3_large_3","AGCACGATACCTAAGC-1","All"
"R3_large_3","AGCAGGTATGCCATTG-1","All"
"R3_large_3","AGCAGGTGCAATGGTT-1","All"
"R3_large_3","AGCGGAATGTCGCTGT-1","All"
"R3_large_3","AGCGGCGAATAATCTT-1","All"
"R3_large_3","AGCGGTGCAGGCATCT-1","All"
"R3_large_3","AGCTAGCGTACAGTAA-1","All"
"R3_large_3","AGCTGACGTAACGCTG-1","All"
"R3_large_3","AGGACTGAAGTGCCTT-1","All"
"R3_large_3","AGGAGCAGCGTTAATA-1","All"
"R3_large_3","AGGAGCTATGAACACT-1","All"
"R3_large_3","AGGCAACAGCGTTCGC-1","All"
"R3_large_3","AGGTCTCACGCCAATA-1","All"
"R3_large_3","AGTAGACAGATAACGG-1","All"
"R3_large_3","AGTCCGTGATCACTAC-1","All"
"R3_large_3","AGTGGTATGTCCAAGT-1","All"
"R3_large_3","AGTGTTCGAGGATGAA-1","All"
"R3_large_3","ATAACGGCGTTACACT-1","All"
"R3_large_3","ATAAGGAATAGAACAT-1","All"
"R3_large_3","ATAATCGTAGTTATTC-1","All"
"R3_large_3","ATACAATTGCGGTATT-1","All"
"R3_large_3","ATACTGTCCACTACCG-1","All"
"R3_large_3","ATAGAACGTTCGATCT-1","All"
"R3_large_3","ATAGCTTCACAACCGT-1","All"
"R3_large_3","ATAGTGACGAATAGAT-1","All"
"R3_large_3","ATCCGAACGCAACCTT-1","All"
"R3_large_3","ATCCGATGTCTGTCAC-1","All"
"R3_large_3","ATCCGATTATCTACGT-1","All"
"R3_large_3","ATCCGTAGTGTCGCTC-1","All"
"R3_large_3","ATCGTCTATGATGCCG-1","All"
"R3_large_3","ATGCATGTCGATGTGG-1","All"
"R3_large_3","ATGGTAACGGACCGGA-1","All"
"R3_large_3","ATGTCATCAGGTTATG-1","All"
"R3_large_3","ATGTTAAGATTACTGA-1","All"
"R3_large_3","ATGTTCGCAGAAGTCT-1","All"
"R3_large_3","ATGTTCTGCCTTATCT-1","All"
"R3_large_3","ATTAAGTGGCCTAAGG-1","All"
"R3_large_3","ATTAGCATTCCGATCG-1","All"
"R3_large_3","ATTAGTCGTGTTATGC-1","All"
"R3_large_3","ATTATCCAGGTGAAGT-1","All"
"R3_large_3","ATTCACATAGGATGAG-1","All"
"R3_large_3","ATTCACGCTGCCTAGG-1","All"
"R3_large_3","ATTCCTCAATTCCATA-1","All"
"R3_large_3","ATTCCTGCCTTAACAG-1","All"
"R3_large_3","ATTGACGCCACCTTCT-1","All"
"R3_large_3","CAACAGCCAGACCTTC-1","All"
"R3_large_3","CAACAGGTCAGAGGAC-1","All"
"R3_large_3","CAAGGCAAGATTAGCA-1","All"
"R3_large_3","CAAGTACTCCGCATCG-1","All"
"R3_large_3","CAAGTGTTGACGGCCA-1","All"
"R3_large_3","CAATAACTCAGATGAG-1","All"
"R3_large_3","CAATAAGAACCGACTT-1","All"
"R3_large_3","CAATGCGGATGCTGGT-1","All"
"R3_large_3","CACCATTCTTACGAGC-1","All"
"R3_large_3","CACGTCCAATTCGACT-1","All"
"R3_large_3","CACTCAGTGGTCCTTC-1","All"
"R3_large_3","CACTCGGCGTATCGGC-1","All"
"R3_large_3","CACTCGTAGGCCACGG-1","All"
"R3_large_3","CACTGGTGAGTTATCG-1","All"
"R3_large_3","CAGAAGTCGCGGTTAT-1","All"
"R3_large_3","CAGACGATACAGATCG-1","All"
"R3_large_3","CAGCTTCACTACCGTG-1","All"
"R3_large_3","CAGCTTCTAGCTGGCA-1","All"
"R3_large_3","CAGGACAGAAGGCTGG-1","All"
"R3_large_3","CATATCCGTTCACCTC-1","All"
"R3_large_3","CATATTCATCCGCATT-1","All"
"R3_large_3","CATCAGAAGGCTTCGG-1","All"
"R3_large_3","CATCAGTAATCAGACA-1","All"
"R3_large_3","CATCCGTGCGGTCTAC-1","All"
"R3_large_3","CATCCGTTAAGCGTGC-1","All"
"R3_large_3","CATCGCGGATGATATG-1","All"
"R3_large_3","CATCGGCCTGCATATC-1","All"
"R3_large_3","CATCTGTACCACGCGA-1","All"
"R3_large_3","CATGCACGCCGACGGA-1","All"
"R3_large_3","CATTAACTAATCGCGT-1","All"
"R3_large_3","CATTGCGTGCCACCTT-1","All"
"R3_large_3","CCAGACATCCGGTTCT-1","All"
"R3_large_3","CCAGACATCGGCACGC-1","All"
"R3_large_3","CCATAGGACCGCCAAC-1","All"
"R3_large_3","CCGATTAGCGAGTGTA-1","All"
"R3_large_3","CCGCCATACTTCACCA-1","All"
"R3_large_3","CCGCGTAAGATTCCTT-1","All"
"R3_large_3","CCGCGTTGCTACAACT-1","All"
"R3_large_3","CCGGCGTCCTCATTGT-1","All"
"R3_large_3","CCGTGCACATCTGGCA-1","All"
"R3_large_3","CCTGTCATTGAATTAT-1","All"
"R3_large_3","CCTGTCGAGTGACAGA-1","All"
"R3_large_3","CCTGTCTAAGTAGGCT-1","All"
"R3_large_3","CCTTAGTGGATCCACG-1","All"
"R3_large_3","CGAAGTCGTTGGCTCG-1","All"
"R3_large_3","CGACAAGCACTCAGCC-1","All"
"R3_large_3","CGAGATGCGGTATGCG-1","All"
"R3_large_3","CGAGGAACGCTGTCCA-1","All"
"R3_large_3","CGAGGAAGACTTAGAT-1","Island"
"R3_large_3","CGAGGAAGGCAGAAGG-1","All"
"R3_large_3","CGATAAGGATAGGCAA-1","All"
"R3_large_3","CGCCGGTATCTAGCAC-1","All"
"R3_large_3","CGCCTATTGCCTCGCC-1","All"
"R3_large_3","CGCTAGATGTATTCTA-1","All"
"R3_large_3","CGCTGCAATCGCTGTT-1","All"
"R3_large_3","CGCTGCGGTTGAGTAG-1","All"
"R3_large_3","CGCTTGCTTGGTCTGG-1","All"
"R3_large_3","CGGAGCGTCTGACAGT-1","All"
"R3_large_3","CGGCAAGATGCGTCGG-1","All"
"R3_large_3","CGGCAATTAATTGGAC-1","All"
"R3_large_3","CGGCACTCCGGTTCGC-1","All"
"R3_large_3","CGGCGTTGGTTGCAGC-1","All"
"R3_large_3","CGGCTTACGTGCACGA-1","All"
"R3_large_3","CGGCTTCGATCTCCAA-1","All"
"R3_large_3","CGGTAGAACGTGACTT-1","All"
"R3_large_3","CGGTAGGTACTCTACG-1","Island"
"R3_large_3","CGGTCCATGCGACTCC-1","All"
"R3_large_3","CGGTCCGGTTCTTAGC-1","All"
"R3_large_3","CGGTCTGCGTATCTGG-1","All"
"R3_large_3","CGTACACGGCGTCTCC-1","All"
"R3_large_3","CGTACAGGATTGGAAT-1","All"
"R3_large_3","CGTCGGCGGTAGATCA-1","All"
"R3_large_3","CGTCGGTTAGCGGTGA-1","All"
"R3_large_3","CGTGCGGATTCATGTA-1","All"
"R3_large_3","CGTTACAGTGCACTCA-1","All"
"R3_large_3","CTAAGCCTAGGCTCAT-1","All"
"R3_large_3","CTACAGGTCGCTAAGC-1","All"
"R3_large_3","CTACCTGTAATAAGCA-1","All"
"R3_large_3","CTAGCACGCCAAGCTT-1","All"
"R3_large_3","CTAGTTATGTCCAAGG-1","All"
"R3_large_3","CTATGCCATGCGGACA-1","All"
"R3_large_3","CTATGTGCCTGGTAGG-1","All"
"R3_large_3","CTCAGGTCGTGCTCGC-1","All"
"R3_large_3","CTCATCCTCGGCAAGT-1","All"
"R3_large_3","CTCATCTATTCGATAC-1","All"
"R3_large_3","CTCGGAAGGCCAATAA-1","All"
"R3_large_3","CTCGGAATTCTTGATA-1","All"
"R3_large_3","CTGAAGTTGGATCGGC-1","All"
"R3_large_3","CTGATATTAGTAATCG-1","All"
"R3_large_3","CTGATTAACAGCGGCC-1","All"
"R3_large_3","CTGCCTATACATCCAT-1","All"
"R3_large_3","CTGCCTCCAACACCAG-1","All"
"R3_large_3","CTGCTTACTGTCGCGA-1","All"
"R3_large_3","CTGGTGATCGCCGTAG-1","All"
"R3_large_3","CTGTATGGCTCAACAT-1","All"
"R3_large_3","CTGTCAGGCTTCCTAA-1","All"
"R3_large_3","CTGTGGCTTGTCAGCT-1","All"
"R3_large_3","CTTAGCACGACAGAAC-1","All"
"R3_large_3","CTTAGTTGCTCGTTGT-1","All"
"R3_large_3","CTTCGCACCTGGCGGA-1","All"
"R3_large_3","CTTGAGCCTTGTTCCA-1","All"
"R3_large_3","CTTGAGTCTTACAGTG-1","All"
"R3_large_3","CTTGCCGGAAGACGCA-1","All"
"R3_large_3","CTTGCGTAACAGCAGT-1","All"
"R3_large_3","CTTGGACAGGTTAGAA-1","All"
"R3_large_3","GAACGCTAGAAGGCTA-1","All"
"R3_large_3","GAAGCGAGAACATGGA-1","All"
"R3_large_3","GAATACAGACGAACTG-1","All"
"R3_large_3","GACAGTCACTTCGCTC-1","Island"
"R3_large_3","GACCAATTGCGTCAGA-1","All"
"R3_large_3","GACCACTTAGACAGGT-1","All"
"R3_large_3","GACCTGCTGTACGAAG-1","All"
"R3_large_3","GACGTACAGGAACGCT-1","All"
"R3_large_3","GACTAGGCAGACTTGG-1","All"
"R3_large_3","GAGCGAATCGGTAGAA-1","All"
"R3_large_3","GAGCTAAGGTTGCGTT-1","All"
"R3_large_3","GAGGACAGATCGCCTA-1","All"
"R3_large_3","GAGGTGCGGCTGACCA-1","All"
"R3_large_3","GAGTAGACGCAGGCTC-1","All"
"R3_large_3","GAGTTACTCAATGGAA-1","All"
"R3_large_3","GAGTTGGTATTAATAG-1","All"
"R3_large_3","GATCGTTGGAATGACA-1","All"
"R3_large_3","GATGCAACTCGCGTTG-1","All"
"R3_large_3","GATGCCAGACATAATG-1","All"
"R3_large_3","GATGCCGACAGATATT-1","All"
"R3_large_3","GCACTCTGTTGCCATA-1","All"
"R3_large_3","GCAGATACGTTGAACG-1","All"
"R3_large_3","GCAGGTCACTACCTCA-1","All"
"R3_large_3","GCAGTAGATGTCCAAT-1","All"
"R3_large_3","GCCACGACCGTTAAGT-1","All"
"R3_large_3","GCCACTCCGTCACCTC-1","All"
"R3_large_3","GCCATTGAGTGCTGCG-1","All"
"R3_large_3","GCCGATCTCGTGACTC-1","All"
"R3_large_3","GCCGCACTTCGTCTAT-1","All"
"R3_large_3","GCCGGTATGCTCATGC-1","Island"
"R3_large_3","GCCTCATGCGAGCAGG-1","All"
"R3_large_3","GCCTTCGCTTATGTTC-1","All"
"R3_large_3","GCGACAGTGCCGCACC-1","All"
"R3_large_3","GCGAGTTGAACGTCGA-1","All"
"R3_large_3","GCGTACGAATCTAATC-1","All"
"R3_large_3","GCGTCCAGCAATTGGC-1","All"
"R3_large_3","GCTAACAGATTGGTAG-1","All"
"R3_large_3","GCTCCGAGACTACATA-1","All"
"R3_large_3","GCTCCGGCAACATGAT-1","All"
"R3_large_3","GCTGTTCAACCGAATA-1","All"
"R3_large_3","GCTTAGACTACCAATG-1","All"
"R3_large_3","GCTTCAATGTAACACC-1","All"
"R3_large_3","GCTTCGCTAAGCGACC-1","All"
"R3_large_3","GCTTCTGTATCGACGC-1","All"
"R3_large_3","GCTTGGATGCTCGCTT-1","Island"
"R3_large_3","GGAATGCGCCGACAGG-1","All"
"R3_large_3","GGACGGCTATCGACCA-1","All"
"R3_large_3","GGACGTAGCCGCGTAA-1","All"
"R3_large_3","GGAGAAGCCAAGCGCT-1","All"
"R3_large_3","GGAGCCAGTCTGCTGA-1","All"
"R3_large_3","GGAGGCACATAGCGTA-1","All"
"R3_large_3","GGAGGCTCGCACTTAC-1","All"
"R3_large_3","GGATCTTCTAAGCGAA-1","All"
"R3_large_3","GGATGTAACTAATCCG-1","All"
"R3_large_3","GGATTCCGACGTGATG-1","All"
"R3_large_3","GGCAGCCGGCACTTCC-1","All"
"R3_large_3","GGCATTCCGATGCTCG-1","All"
"R3_large_3","GGCGCAGGTCGCGTCT-1","All"
"R3_large_3","GGCGCTTCACCAGCGA-1","All"
"R3_large_3","GGTATGGTTGTCCTCG-1","All"
"R3_large_3","GGTCATGCTCTGCCAA-1","All"
"R3_large_3","GGTGCAGTTCCATATG-1","All"
"R3_large_3","GGTTCAAGGTTAAGCC-1","All"
"R3_large_3","GGTTGCGATTGAACAG-1","All"
"R3_large_3","GTAACCTAGCGTCACG-1","All"
"R3_large_3","GTACGCCTCGCTTCCA-1","All"
"R3_large_3","GTAGCGTGGCACGCAG-1","All"
"R3_large_3","GTATGGTGGAGCGGCC-1","All"
"R3_large_3","GTCAACAGTTAAGTGA-1","All"
"R3_large_3","GTCAACATGGTGCTAT-1","All"
"R3_large_3","GTCACTTCTGGAGCGG-1","All"
"R3_large_3","GTCATCAGTAGACCAG-1","All"
"R3_large_3","GTCCGTCGGCATGCGT-1","All"
"R3_large_3","GTCTATCCAGGACGTC-1","All"
"R3_large_3","GTCTTCGATAGGTGTT-1","All"
"R3_large_3","GTGAAGTATTGGTCAC-1","All"
"R3_large_3","GTGACATACAGGTCCT-1","All"
"R3_large_3","GTGAGGTTGGACGGCG-1","All"
"R3_large_3","GTGCAACTACTGTACG-1","All"
"R3_large_3","GTGCACCAATCATAAC-1","All"
"R3_large_3","GTGCCACCTTGAGCAT-1","All"
"R3_large_3","GTGCCGTCCTGTCAGC-1","All"
"R3_large_3","GTGGATTAACAGCGGT-1","All"
"R3_large_3","GTTATGTTGCTTAGAT-1","All"
"R3_large_3","GTTCTTACTGAAGTAT-1","All"
"R3_large_3","GTTGAATGTTGCTGCC-1","All"
"R3_large_3","GTTGACATGAACCAAC-1","All"
"R3_large_3","TAACATGCGTGCGAAC-1","All"
"R3_large_3","TAACCAAGGTGCTCTA-1","All"
"R3_large_3","TAACGAATGCTCCAAT-1","All"
"R3_large_3","TAACGACTGGCCGTCG-1","All"
"R3_large_3","TAACGCTAGTACGCAG-1","All"
"R3_large_3","TAACGCTCACATTCTA-1","All"
"R3_large_3","TAACGTTGCGTCGATG-1","All"
"R3_large_3","TAAGATTGCTCACTTC-1","All"
"R3_large_3","TAAGTGCTTGACGATT-1","All"
"R3_large_3","TAATTAGCTCGATTGT-1","All"
"R3_large_3","TACAAGCGCCATCGGA-1","All"
"R3_large_3","TACAAGGTCGACAAGT-1","All"
"R3_large_3","TACACTTAGTCGTGGT-1","All"
"R3_large_3","TACCACAGGCCATTGC-1","All"
"R3_large_3","TACCGGACCGTTAGGT-1","All"
"R3_large_3","TACGTTCCACGCTCGT-1","All"
"R3_large_3","TACTAGACTAGTGACA-1","All"
"R3_large_3","TAGACAGGATGCAATA-1","All"
"R3_large_3","TAGACATGGTTAGGTC-1","All"
"R3_large_3","TAGATGAGCCGTCATT-1","All"
"R3_large_3","TAGCGTACGGAGCGCC-1","All"
"R3_large_3","TAGCGTCTCGGTCTAT-1","All"
"R3_large_3","TAGCTACCTGTAGGAT-1","All"
"R3_large_3","TAGGCGCATATCTAAC-1","All"
"R3_large_3","TATCAACGAATATGAG-1","All"
"R3_large_3","TATCAAGGCCGCGTGG-1","All"
"R3_large_3","TATCAAGGCTCGTCGG-1","All"
"R3_large_3","TATCCAATACCGCAAT-1","All"
"R3_large_3","TATGAACTACGCGGTG-1","All"
"R3_large_3","TATGAGCCGCAATCCG-1","All"
"R3_large_3","TATGTTGGTAGGTCGT-1","All"
"R3_large_3","TATTAAGCAGCGCCGG-1","Island"
"R3_large_3","TCAACCGGAGACCTCG-1","All"
"R3_large_3","TCACAAGATGACTCGA-1","All"
"R3_large_3","TCAGAATCTAATAGTC-1","All"
"R3_large_3","TCAGTCGCCAAGGTTG-1","Island"
"R3_large_3","TCAGTTGACAGTGCCA-1","All"
"R3_large_3","TCAGTTGCTAAGCCTA-1","All"
"R3_large_3","TCATAATTCGTGCAGA-1","All"
"R3_large_3","TCATCTTCCACGTATG-1","All"
"R3_large_3","TCATGGTTCCGAACTT-1","All"
"R3_large_3","TCCAATTAGCAATCAA-1","All"
"R3_large_3","TCCGAACATAGTCTGA-1","All"
"R3_large_3","TCCGATGCGTATCCGG-1","All"
"R3_large_3","TCCGCCGGTCTATTCA-1","All"
"R3_large_3","TCCGTCGGTACAAGTT-1","All"
"R3_large_3","TCCTATCCTGTCAATA-1","All"
"R3_large_3","TCCTATGAGGATTGTT-1","All"
"R3_large_3","TCCTATTGACTGTTGA-1","All"
"R3_large_3","TCCTTACTCGCAATGA-1","All"
"R3_large_3","TCCTTGAACAGGACCA-1","All"
"R3_large_3","TCGAATTAGTTACTCC-1","All"
"R3_large_3","TCGCCTAGATAATTAA-1","All"
"R3_large_3","TCGCGGTAGTATGATC-1","All"
"R3_large_3","TCGGAGCTGAGTCGGA-1","All"
"R3_large_3","TCGGCGACCTCGCTGA-1","All"
"R3_large_3","TCGGCGGAACATACGC-1","All"
"R3_large_3","TCGTAAGGCGTTCAGG-1","All"
"R3_large_3","TCTACAGCACGTCCGA-1","All"
"R3_large_3","TCTACATTCGATCGCC-1","All"
"R3_large_3","TCTATCCGTGTTGCCA-1","All"
"R3_large_3","TCTTACGAGGCCGACA-1","All"
"R3_large_3","TCTTACGGCCGCAACA-1","All"
"R3_large_3","TCTTAGGCGACAGTCA-1","All"
"R3_large_3","TCTTGAGTCTCCGAAT-1","All"
"R3_large_3","TCTTGCATAGACAATA-1","All"
"R3_large_3","TGACGGCAGCCAGACC-1","All"
"R3_large_3","TGAGGACCACTGTTAC-1","All"
"R3_large_3","TGAGGTGCTTAAGCGA-1","All"
"R3_large_3","TGAGTTCGCTTGACCT-1","All"
"R3_large_3","TGCACGGCCTGTGATA-1","All"
"R3_large_3","TGCAGACGAACCAGAT-1","All"
"R3_large_3","TGCCAGACGAGTTAGG-1","All"
"R3_large_3","TGCTGTGAAGTCAAGA-1","All"
"R3_large_3","TGGAAGCTCCATCGAC-1","All"
"R3_large_3","TGGAGTGCTCCTGATC-1","All"
"R3_large_3","TGGCAAGCGACACTTA-1","All"
"R3_large_3","TGGTGCCTAGCACGGC-1","All"
"R3_large_3","TGGTGCCTTCCGCTAA-1","All"
"R3_large_3","TGGTTGCCAGTGTCAA-1","All"
"R3_large_3","TGGTTGTCTATCGACA-1","All"
"R3_large_3","TGTAATGCACTACGAG-1","All"
"R3_large_3","TGTAGGCAGGTCTAGC-1","All"
"R3_large_3","TGTATGGAACTACGCA-1","All"
"R3_large_3","TGTCACTCCGTCAAGT-1","All"
"R3_large_3","TGTCATCCAAGCTGCG-1","All"
"R3_large_3","TGTCCATGTATGGAAT-1","All"
"R3_large_3","TGTCCGGATGGCAGTT-1","All"
"R3_large_3","TGTTAAGGAAGTCTTA-1","All"
"R3_large_5","AACACTTGGCAAGGAA-1","Island"
"R3_large_5","AACATAGTCTATCTAC-1","Island"
"R3_large_5","AACCAATCTGGTTGGC-1","Island"
"R3_large_5","AACCATGAATTGCCTT-1","Island"
"R3_large_5","AACCGTGCTTATGTTG-1","Island"
"R3_large_5","AACCTACAGAGGTAGT-1","All"
"R3_large_5","AACTGCCTCGATAGGT-1","Island"
"R3_large_5","AACTGGTCATGTGGTT-1","All"
"R3_large_5","AACTTCAAGGATAATC-1","Island"
"R3_large_5","AAGATATTGGACGTCC-1","Island"
"R3_large_5","AAGATTATCTAGCATA-1","Island"
"R3_large_5","AAGCAGCGGACACGTG-1","Island"
"R3_large_5","AAGCCACTATGTCTAA-1","All"
"R3_large_5","AAGCCAGGCCGACGTG-1","Island"
"R3_large_5","AAGCCAGGTTACGAAC-1","Island"
"R3_large_5","AAGGACCAACATGGCT-1","All"
"R3_large_5","AAGGCATGAACAGCTC-1","All"
"R3_large_5","AAGGTGGATATGATCG-1","Island"
"R3_large_5","AAGTACTGGATGCGCA-1","Island"
"R3_large_5","AATAGTCGTTATCTAG-1","Island"
"R3_large_5","AATGAACTACGTCCAG-1","Island"
"R3_large_5","AATGAAGACGGTTCAG-1","Island"
"R3_large_5","AATGAAGAGGATGTAT-1","Island"
"R3_large_5","AATGGACATCCTACTC-1","Island"
"R3_large_5","AATGGCATAGTATCAT-1","Island"
"R3_large_5","AATTAGCAACCGTTCC-1","All"
"R3_large_5","AATTGAATTCACTAGA-1","Island"
"R3_large_5","AATTGGTTATGATACA-1","Island"
"R3_large_5","ACAAGTAGTTCCGGTA-1","All"
"R3_large_5","ACAGGACTGAGCCGAT-1","Island"
"R3_large_5","ACAGGCATTGAACCAT-1","All"
"R3_large_5","ACAGTCACAATATTAG-1","All"
"R3_large_5","ACATGTTGCTTGATCT-1","Island"
"R3_large_5","ACCAATGAGCCTCATC-1","Island"
"R3_large_5","ACCGAAGCCGAATTAA-1","Island"
"R3_large_5","ACCGAGGTGATACCGA-1","Island"
"R3_large_5","ACCTAAGTAGAACAGA-1","All"
"R3_large_5","ACCTATGCTACCGGAT-1","Island"
"R3_large_5","ACCTCCGATTATAAGA-1","Island"
"R3_large_5","ACCTGCCACTATCAAT-1","All"
"R3_large_5","ACCTGCTTGAGCCTGG-1","All"
"R3_large_5","ACGGCCGTGACATTAA-1","Island"
"R3_large_5","ACGGCCTGGCTAAGTT-1","All"
"R3_large_5","ACGGCTTATTGGTATG-1","Island"
"R3_large_5","ACTACCAACTGTGGCT-1","All"
"R3_large_5","ACTATTACCAGGTGCT-1","Island"
"R3_large_5","ACTCCTATGTTCCTAC-1","Island"
"R3_large_5","AGACCTCAGCGAGGTG-1","Island"
"R3_large_5","AGACTCCTGTATGGCG-1","Island"
"R3_large_5","AGATAAGCCACTCATA-1","Island"
"R3_large_5","AGATCTAACGAGCTCA-1","Island"
"R3_large_5","AGCAGGTAAGTATCTG-1","All"
"R3_large_5","AGCCGGCCTATTCCAG-1","Island"
"R3_large_5","AGCGCATCGTGGTCGA-1","Island"
"R3_large_5","AGCGGTGAGTGACATG-1","Island"
"R3_large_5","AGCTAGCGTACAGTAA-1","All"
"R3_large_5","AGCTATAGAATAGTCT-1","Island"
"R3_large_5","AGCTCAACATCGTCCG-1","Island"
"R3_large_5","AGCTCGACAGGCGATA-1","Island"
"R3_large_5","AGGAATTACGGTGACG-1","Island"
"R3_large_5","AGGACGTCGGCACGAA-1","Island"
"R3_large_5","AGGAGCATCTTAACTC-1","Island"
"R3_large_5","AGGAGCCGCTGAGTAG-1","Island"
"R3_large_5","AGGTTCCACGCCGAAG-1","Island"
"R3_large_5","AGTATTACGGTATTCG-1","Island"
"R3_large_5","AGTCGCCACTCGGCGA-1","Island"
"R3_large_5","AGTCGGACCGTGCTTA-1","Island"
"R3_large_5","AGTCGGTCTAATCTGT-1","Island"
"R3_large_5","AGTGAGGTCTGTGCTC-1","Island"
"R3_large_5","AGTGCAATAACTAACA-1","Island"
"R3_large_5","AGTGCGCAACATGCGT-1","Island"
"R3_large_5","AGTGTAGCTCTTATCT-1","All"
"R3_large_5","AGTTGTACTTAATGGA-1","Island"
"R3_large_5","ATACATCAAGGATTGC-1","Island"
"R3_large_5","ATACATCATGCACCAA-1","All"
"R3_large_5","ATACGACATCTAGACC-1","Island"
"R3_large_5","ATACGCTGAGATCAGA-1","Island"
"R3_large_5","ATAGCTTCGTGGAACG-1","Island"
"R3_large_5","ATAGGCCGATGATCTA-1","All"
"R3_large_5","ATAGTGTCAGATGTAG-1","Island"
"R3_large_5","ATAGTTCATCGGATCT-1","All"
"R3_large_5","ATAGTTCGGTTCCAGA-1","Island"
"R3_large_5","ATCACCAGTTCGGCGA-1","All"
"R3_large_5","ATCCGTAGTGTCGCTC-1","All"
"R3_large_5","ATCCGTGGAACTTCAA-1","Island"
"R3_large_5","ATCGCAGTAACTTATT-1","Island"
"R3_large_5","ATCGTCTATGATGCCG-1","All"
"R3_large_5","ATCTACCATATTCCAG-1","Island"
"R3_large_5","ATCTGAAGTATGCACG-1","Island"
"R3_large_5","ATCTGTACGCGTCTCC-1","Island"
"R3_large_5","ATGACCTCACGCACTG-1","All"
"R3_large_5","ATGACCTCACTTAACC-1","Island"
"R3_large_5","ATGATATCTAGTCTTA-1","Island"
"R3_large_5","ATGCATGCCTGCGATG-1","Island"
"R3_large_5","ATGCTGCGGATGGTTG-1","All"
"R3_large_5","ATGGTAACGGACCGGA-1","Island"
"R3_large_5","ATGTACCATTATTGTC-1","Island"
"R3_large_5","ATGTACCGATCCAGAA-1","Island"
"R3_large_5","ATGTACTCGTGGCTGT-1","All"
"R3_large_5","ATGTACTCTGCAGCAC-1","Island"
"R3_large_5","ATGTCGCATGCCATAC-1","All"
"R3_large_5","ATGTCTAACTGGCGAA-1","Island"
"R3_large_5","ATGTTCTGCCTTATCT-1","Island"
"R3_large_5","ATTACATTGAAGTATG-1","Island"
"R3_large_5","ATTACTCAGTTAACGA-1","All"
"R3_large_5","ATTACTGTACGCGGTG-1","Island"
"R3_large_5","ATTAGATTCGTACTCA-1","Island"
"R3_large_5","ATTAGTTCACAGACTC-1","Island"
"R3_large_5","ATTCACATCGTCACAG-1","All"
"R3_large_5","ATTCTACGTGGCAGAT-1","Island"
"R3_large_5","ATTCTTGAGGCGACGC-1","Island"
"R3_large_5","CAACAGGTCAGAGGAC-1","All"
"R3_large_5","CAACCGTTAACAGACC-1","Island"
"R3_large_5","CAACGCTTGCTCCTAC-1","Island"
"R3_large_5","CACCTACATGATTGAT-1","Island"
"R3_large_5","CACCTAGAATACTTCT-1","Island"
"R3_large_5","CACCTATTACTCAGAT-1","Island"
"R3_large_5","CACGTACGTAGCTCAT-1","Island"
"R3_large_5","CACGTCCAATTCGACT-1","Island"
"R3_large_5","CACTCAGTGGTCCTTC-1","Island"
"R3_large_5","CACTGGATCGATACGA-1","All"
"R3_large_5","CAGATTGCCTGTAAGT-1","Island"
"R3_large_5","CAGCGATAACTGAACC-1","Island"
"R3_large_5","CAGTCTGGTAATCTAC-1","Island"
"R3_large_5","CATACAATGAGTAGCT-1","Island"
"R3_large_5","CATCAGATACTAATCG-1","Island"
"R3_large_5","CATCCTTCGACTAAGT-1","All"
"R3_large_5","CATGCAGAAGTCAGGA-1","All"
"R3_large_5","CATTAACTATTGTTCC-1","Island"
"R3_large_5","CATTCTCCAGTCACCA-1","Island"
"R3_large_5","CCACGAACGCTGCCGC-1","Island"
"R3_large_5","CCACGTCGGTCGCTTC-1","Island"
"R3_large_5","CCAGATAGACGAGGTG-1","Island"
"R3_large_5","CCAGCGGATTCCGCTG-1","Island"
"R3_large_5","CCATAGTAGGTGCTTG-1","All"
"R3_large_5","CCATGGTTCCAATGTC-1","Island"
"R3_large_5","CCATTCGTCTGCTCTA-1","All"
"R3_large_5","CCGAGGATGACTCGTC-1","Island"
"R3_large_5","CCGCTGTCACCTGCAA-1","Island"
"R3_large_5","CCGGAGAAGCTAACCA-1","Island"
"R3_large_5","CCGGATCTCCGAAGCG-1","Island"
"R3_large_5","CCGTGCTGGCAATATG-1","Island"
"R3_large_5","CCTACGGTAAGACTCG-1","All"
"R3_large_5","CCTATGCCAGCAATCC-1","Island"
"R3_large_5","CCTCTACCGTGATTGG-1","Island"
"R3_large_5","CCTCTTCGAGCGGTTG-1","All"
"R3_large_5","CCTGTCTAAGTAGGCT-1","All"
"R3_large_5","CGAACCAGAAGTCTGG-1","Island"
"R3_large_5","CGACAATTATTCTGTC-1","Island"
"R3_large_5","CGACAATTCGTCATGT-1","Island"
"R3_large_5","CGACCAGAAGGATCCG-1","Island"
"R3_large_5","CGACTAATGTTAGGCT-1","Island"
"R3_large_5","CGAGTGCGGCTCGTGG-1","Island"
"R3_large_5","CGATGTCCGACTACAG-1","Island"
"R3_large_5","CGCACTCACCAGCACG-1","Island"
"R3_large_5","CGCCGATTGTCCTTCG-1","All"
"R3_large_5","CGCCTCGTACGAAGGC-1","Island"
"R3_large_5","CGCTCGGCCGGTTGTC-1","Island"
"R3_large_5","CGCTGCGAGTCCACAT-1","Island"
"R3_large_5","CGGAGTGGTCAAGTAT-1","Island"
"R3_large_5","CGGATGTTGAACCACG-1","Island"
"R3_large_5","CGGCAATCAACGTGGA-1","Island"
"R3_large_5","CGGTGAACGGTTAGAT-1","Island"
"R3_large_5","CGTAACCTGACATCGA-1","All"
"R3_large_5","CGTAACTAACAATCAT-1","All"
"R3_large_5","CGTAGTACGCATAATG-1","Island"
"R3_large_5","CGTCAAGGCGGAATGT-1","Island"
"R3_large_5","CGTCCATAATCCGCTT-1","Island"
"R3_large_5","CTAAGAACCTTATTCC-1","All"
"R3_large_5","CTAAGCTCCACGATCA-1","Island"
"R3_large_5","CTAAGTCAAGATCATG-1","Island"
"R3_large_5","CTACAGCGTCTACACT-1","Island"
"R3_large_5","CTACAGGTCGCTAAGC-1","Island"
"R3_large_5","CTACATCTACTGGCTT-1","Island"
"R3_large_5","CTACCTGTAATAAGCA-1","Island"
"R3_large_5","CTAGCATAGAGCGAGC-1","Island"
"R3_large_5","CTAGGCCAGGAGTACG-1","Island"
"R3_large_5","CTATCGGATATCGGAG-1","Island"
"R3_large_5","CTATCGTTACAACCTT-1","Island"
"R3_large_5","CTATGTGCGGTTGACT-1","Island"
"R3_large_5","CTCAATACGTTAACCG-1","Island"
"R3_large_5","CTCATATGTAACCGTG-1","Island"
"R3_large_5","CTCATATTACTATGGT-1","All"
"R3_large_5","CTCCAGTGGTTCTAGG-1","All"
"R3_large_5","CTCCTACATTGTATCT-1","Island"
"R3_large_5","CTCCTACCTCGTGGTA-1","All"
"R3_large_5","CTCGACAGCACTCGGA-1","Island"
"R3_large_5","CTCGACTCCTAATGGA-1","Island"
"R3_large_5","CTCGCATACTCAACTC-1","Island"
"R3_large_5","CTCGCTAGCACCATCT-1","Island"
"R3_large_5","CTGACTCCGAATCTGC-1","Island"
"R3_large_5","CTGATTACAATGTCCA-1","All"
"R3_large_5","CTGCATTGAGGAGCCG-1","All"
"R3_large_5","CTGCCGTGAAGTCGCA-1","Island"
"R3_large_5","CTGGCCTTACCACTTA-1","Island"
"R3_large_5","CTGGTGCGTTCACGAG-1","Island"
"R3_large_5","CTGTTCCAGAAGCTGA-1","Island"
"R3_large_5","CTTACGAACTCCGTCC-1","Island"
"R3_large_5","CTTACGGTAAGCCGAA-1","Island"
"R3_large_5","CTTAGCTACGCAAGGT-1","Island"
"R3_large_5","CTTAGTCTATCGAGAC-1","Island"
"R3_large_5","CTTAGTTGCTCGTTGT-1","All"
"R3_large_5","CTTCGATAACATTGGT-1","Island"
"R3_large_5","CTTGGACTTGTCTGTC-1","All"
"R3_large_5","GAACCGAACGAAGACT-1","Island"
"R3_large_5","GAAGCGTCCATAGTTG-1","Island"
"R3_large_5","GAAGTCCAATCGTGTT-1","All"
"R3_large_5","GAATAAGGAGAACTAA-1","Island"
"R3_large_5","GAATGACAACTAGTCA-1","Island"
"R3_large_5","GACAACGGACTCAGCT-1","Island"
"R3_large_5","GACATCCTTCATTATC-1","All"
"R3_large_5","GACCACATTCTTGAAT-1","Island"
"R3_large_5","GACCACGGCGTACATA-1","Island"
"R3_large_5","GACGCAGCGTCAAGTT-1","Island"
"R3_large_5","GACGCCGAACTTCCGT-1","All"
"R3_large_5","GACTACGAGTTCCATT-1","Island"
"R3_large_5","GAGCATCTCCAGTCTG-1","Island"
"R3_large_5","GAGCTTGATGGAAGCT-1","All"
"R3_large_5","GAGGACAGATCGCCTA-1","Island"
"R3_large_5","GAGGATCCAGAACTGG-1","Island"
"R3_large_5","GAGGTATTAATAGCGG-1","Island"
"R3_large_5","GAGGTGCATTCGGATC-1","Island"
"R3_large_5","GAGTAACGTGGCTTGA-1","Island"
"R3_large_5","GAGTCTGGTGAATGAG-1","Island"
"R3_large_5","GAGTGCCGCATTAGGC-1","Island"
"R3_large_5","GAGTTAATTCCACTGG-1","Island"
"R3_large_5","GATAGAGTGATAAGCT-1","Island"
"R3_large_5","GATCGCGGAGTCTAAT-1","All"
"R3_large_5","GATGCCAGACATAATG-1","All"
"R3_large_5","GATGCCTAGAGTCTGT-1","Island"
"R3_large_5","GATGTAGGAGTTGGCC-1","Island"
"R3_large_5","GATTCCGCTGCAAGAT-1","Island"
"R3_large_5","GCAAGATAGGTTAACT-1","Island"
"R3_large_5","GCAATTCCTATCATAC-1","Island"
"R3_large_5","GCACATCGTCTGCGGA-1","All"
"R3_large_5","GCACATGCCGGTCTGG-1","Island"
"R3_large_5","GCACCTAGTAATTATC-1","Island"
"R3_large_5","GCACCTTCGCGGTAGA-1","All"
"R3_large_5","GCACTGAATATGACAG-1","Island"
"R3_large_5","GCACTGGACGCAGCAC-1","All"
"R3_large_5","GCAGCGACAGTTCGGT-1","Island"
"R3_large_5","GCAGCGATCTAACGAA-1","All"
"R3_large_5","GCCAGTAGACGATACC-1","Island"
"R3_large_5","GCCGCTGATTGGCCAG-1","Island"
"R3_large_5","GCCGTATGCCAGTCTT-1","All"
"R3_large_5","GCCTTGAGATCTGAGC-1","All"
"R3_large_5","GCCTTGGCGAACAATC-1","Island"
"R3_large_5","GCGAATCGAGAACACG-1","Island"
"R3_large_5","GCTCATACAATTAGAC-1","Island"
"R3_large_5","GCTCCTATGTCTTCGC-1","Island"
"R3_large_5","GCTTGAGCTCTTGACA-1","All"
"R3_large_5","GGAATCCTTAGACTGT-1","Island"
"R3_large_5","GGACCGCTTCCTGGCA-1","Island"
"R3_large_5","GGACGTAGTGTAGAAG-1","All"
"R3_large_5","GGACGTTAGATTCAGG-1","Island"
"R3_large_5","GGAGACATGACCTAGG-1","All"
"R3_large_5","GGAGATGCGTGCAGTA-1","Island"
"R3_large_5","GGATAAGTCAGGATAG-1","Island"
"R3_large_5","GGATTCCGACGTGATG-1","Island"
"R3_large_5","GGCAAGACAATCAGCT-1","Island"
"R3_large_5","GGCATTCCGATGCTCG-1","Island"
"R3_large_5","GGCATTGCTAAGAATG-1","Island"
"R3_large_5","GGCCAAGATGGATGGC-1","All"
"R3_large_5","GGCGGAGCACTGATAA-1","Island"
"R3_large_5","GGCTCAATCAACATGA-1","Island"
"R3_large_5","GGCTGTTCAATGTCAA-1","Island"
"R3_large_5","GGTAAGGCGACGATGA-1","Island"
"R3_large_5","GGTACGGTATGCTCCA-1","Island"
"R3_large_5","GGTACTGTGATCTTCC-1","Island"
"R3_large_5","GGTAGCGTACATCTGT-1","Island"
"R3_large_5","GGTCTTGAACCGGCCA-1","Island"
"R3_large_5","GGTGCAGTTCCATATG-1","Island"
"R3_large_5","GGTTACAGCCGGCCGG-1","All"
"R3_large_5","GGTTAGATGCCGTTGC-1","All"
"R3_large_5","GGTTGATAAGTACCTG-1","All"
"R3_large_5","GTACCTGAAGTGAATG-1","Island"
"R3_large_5","GTACCTTCATGTGCAA-1","All"
"R3_large_5","GTACGCCTCGCTTCCA-1","Island"
"R3_large_5","GTAGCGCCTGAACTCA-1","All"
"R3_large_5","GTATACATTGGCTCAG-1","Island"
"R3_large_5","GTATGTTCTGGATCGC-1","Island"
"R3_large_5","GTCAACATGGTGCTAT-1","Island"
"R3_large_5","GTCCTGCTTACGGCTG-1","Island"
"R3_large_5","GTCCTTATACATTACG-1","Island"
"R3_large_5","GTCCTTCATCAGATCA-1","Island"
"R3_large_5","GTCGCAGATTACTGCA-1","Island"
"R3_large_5","GTCGCAGTATTAGGAT-1","All"
"R3_large_5","GTCGGCCTCGGTTCAT-1","All"
"R3_large_5","GTCTAGCGTTGTGACC-1","Island"
"R3_large_5","GTCTATCCAGGACGTC-1","Island"
"R3_large_5","GTCTGCTCAACACCAA-1","Island"
"R3_large_5","GTGAAGATGAGTGCCT-1","Island"
"R3_large_5","GTGACATACAGGTCCT-1","All"
"R3_large_5","GTGACATATGCTAGAT-1","All"
"R3_large_5","GTGACCGGAGTCATAC-1","Island"
"R3_large_5","GTGCAACGACGGTGTT-1","Island"
"R3_large_5","GTGCAGTTGTGGCGCT-1","Island"
"R3_large_5","GTGCCGCATCCTTCCT-1","Island"
"R3_large_5","GTGGTTGCCGCTTCAA-1","Island"
"R3_large_5","GTTATTCGGCCATTCG-1","Island"
"R3_large_5","GTTCGCTGGTATTAGA-1","Island"
"R3_large_5","GTTCTTACTGAAGTAT-1","Island"
"R3_large_5","GTTGACGAACCAGAAC-1","Island"
"R3_large_5","GTTGACGGATAGCCAT-1","All"
"R3_large_5","GTTGACTAGAGCACGT-1","Island"
"R3_large_5","GTTGCTACGTCTTAAT-1","Island"
"R3_large_5","TAACCGGATGGACAGG-1","Island"
"R3_large_5","TAACCGTACTTCTAAC-1","All"
"R3_large_5","TAACGAATGCTCCAAT-1","All"
"R3_large_5","TAACGCTCACATTCTA-1","All"
"R3_large_5","TAACGCTTCGGCACTT-1","Island"
"R3_large_5","TAACGTCACTATAATC-1","Island"
"R3_large_5","TAACTCCAACATGGAC-1","Island"
"R3_large_5","TAAGCTCCTTCACGCC-1","All"
"R3_large_5","TACAACGGACGGCTCA-1","Island"
"R3_large_5","TACAAGTGGTCTGAGG-1","All"
"R3_large_5","TACACTTCGCACCGAT-1","Island"
"R3_large_5","TACTAGGATCAATGGC-1","Island"
"R3_large_5","TACTAGTACACCTAAG-1","All"
"R3_large_5","TACTAGTACCGGATGG-1","All"
"R3_large_5","TACTCCGCCAATACAA-1","Island"
"R3_large_5","TAGACATGGTTAGGTC-1","All"
"R3_large_5","TAGACCATCGATTGAG-1","Island"
"R3_large_5","TAGAGGCGATTGATTC-1","Island"
"R3_large_5","TAGCAATTATGGACCG-1","Island"
"R3_large_5","TAGCGTATAGCGCTAA-1","Island"
"R3_large_5","TAGCTACCATACTGCT-1","Island"
"R3_large_5","TAGCTAGAAGCGATCA-1","All"
"R3_large_5","TAGCTTAAGCTGGCGT-1","Island"
"R3_large_5","TAGGCATCGGAGCCTC-1","All"
"R3_large_5","TAGGCTTATCTAGCTC-1","Island"
"R3_large_5","TAGTATAACCTCGACA-1","All"
"R3_large_5","TAGTGACCAGTTGCGG-1","All"
"R3_large_5","TAGTGAGGACATGTTG-1","Island"
"R3_large_5","TAGTTGAGTTCTGCAC-1","Island"
"R3_large_5","TATCAATGCCGCTCAC-1","All"
"R3_large_5","TATCCACTTGCGTATC-1","Island"
"R3_large_5","TATGAACTACGCGGTG-1","Island"
"R3_large_5","TATGACAATGCTTGAA-1","Island"
"R3_large_5","TATGCCACAGCCGGTG-1","Island"
"R3_large_5","TATGGCCATAATAGAC-1","Island"
"R3_large_5","TATGGCCTCACGTACA-1","Island"
"R3_large_5","TATGTAGAGCTGATCA-1","Island"
"R3_large_5","TATGTTAGGCCGAACC-1","All"
"R3_large_5","TATTAATATGTCGACT-1","Island"
"R3_large_5","TATTCGGTGGAGATTC-1","Island"
"R3_large_5","TATTCGTTATCGCCTG-1","Island"
"R3_large_5","TATTCTCAGCGGCTGG-1","Island"
"R3_large_5","TATTGTTAACCGAGAC-1","All"
"R3_large_5","TCAACACCAATCATTA-1","Island"
"R3_large_5","TCAAGGACGTTAGGAG-1","Island"
"R3_large_5","TCACAAGCTCGAGGCA-1","Island"
"R3_large_5","TCACGACATCAGAAGG-1","All"
"R3_large_5","TCAGCGCCTAGTCTTA-1","Island"
"R3_large_5","TCATCCTAGGACTCGC-1","All"
"R3_large_5","TCATCGGCCTGTGCGG-1","Island"
"R3_large_5","TCATCTATCCACGATT-1","Island"
"R3_large_5","TCATGGTTCCGAACTT-1","All"
"R3_large_5","TCATTACGGCACAGTA-1","All"
"R3_large_5","TCATTCACGCGAGCTC-1","Island"
"R3_large_5","TCCAACTAAGACTCCA-1","Island"
"R3_large_5","TCCAATAACGTGCTAG-1","Island"
"R3_large_5","TCCAATGTCCACGAGC-1","All"
"R3_large_5","TCCGCCAGTGATTAAT-1","Island"
"R3_large_5","TCCGTCGGTACAAGTT-1","Island"
"R3_large_5","TCCTCAATGAGGAACG-1","Island"
"R3_large_5","TCGATCCAGTCTGTAG-1","Island"
"R3_large_5","TCGCTTACTCGCAAGT-1","Island"
"R3_large_5","TCGTATCCTGATGCAA-1","All"
"R3_large_5","TCGTATTCTGAGTGGC-1","Island"
"R3_large_5","TCGTCCAGCATGGCTT-1","Island"
"R3_large_5","TCTACACTAATTACTC-1","Island"
"R3_large_5","TCTACAGGTACGCAGT-1","Island"
"R3_large_5","TCTACTCCGACTCGGC-1","Island"
"R3_large_5","TCTTACTCTGTATGCG-1","Island"
"R3_large_5","TCTTAGGCGACAGTCA-1","Island"
"R3_large_5","TCTTAGTCGTCTCGGC-1","Island"
"R3_large_5","TGAAGCACCGTCATGA-1","Island"
"R3_large_5","TGAATGTACCTTCGTC-1","All"
"R3_large_5","TGACCAACTTGGTCAA-1","All"
"R3_large_5","TGACCAGGCTCATGCA-1","All"
"R3_large_5","TGACCATCCATCTGCT-1","Island"
"R3_large_5","TGACGGAGTGAGGTTA-1","All"
"R3_large_5","TGAGGAATCCATAGAA-1","Island"
"R3_large_5","TGAGGTAGGACTACTG-1","Island"
"R3_large_5","TGCACGGCTGGTAAGG-1","Island"
"R3_large_5","TGCAGACAATACTGTT-1","Island"
"R3_large_5","TGCAGTACAACGAGTG-1","Island"
"R3_large_5","TGCAGTTGTCGGAGCG-1","All"
"R3_large_5","TGCATTCTTACGGAGG-1","Island"
"R3_large_5","TGCCTAAGTTAATTAT-1","Island"
"R3_large_5","TGCCTTAGGCGTCTAT-1","Island"
"R3_large_5","TGCGACTACGTGCGAG-1","Island"
"R3_large_5","TGCGGACTCACGTGAT-1","Island"
"R3_large_5","TGCTACGCTGCGTGGA-1","All"
"R3_large_5","TGCTGTGAAGTCAAGA-1","Island"
"R3_large_5","TGGCCTGACATACTCA-1","Island"
"R3_large_5","TGGTACTGACCGCTGC-1","Island"
"R3_large_5","TGGTAGCATCAAGTCT-1","Island"
"R3_large_5","TGGTATTAGCTAGACC-1","Island"
"R3_large_5","TGGTCGCCGGCTTACT-1","Island"
"R3_large_5","TGTAAGGTGAGCGACC-1","Island"
"R3_large_5","TGTAGGTCTGAACGCA-1","Island"
"R3_large_5","TGTCAGTGGCTTCCAT-1","Island"
"R3_large_5","TGTCCATGTATGGAAT-1","All"
"R3_large_5","TGTTGGAACGAGGTCA-1","Island"
"R3_small_1","AACCAAGGTATCAGGC-1","Island"
"R3_small_1","AACCACTGCCATAGCC-1","Island"
"R3_small_1","AACCTACAGAGGTAGT-1","Island"
"R3_small_1","AACCTACTGTAACTCA-1","Island"
"R3_small_1","AACGAGCCTCTTCGGC-1","Island"
"R3_small_1","AACTAGCACTGTTCGA-1","Island"
"R3_small_1","AACTAGCCTTGCAATA-1","Island"
"R3_small_1","AACTAGGCCTGACACC-1","Island"
"R3_small_1","AACTATTCTGCGGCCT-1","Island"
"R3_small_1","AACTGCAACGTCCTGG-1","Island"
"R3_small_1","AACTGCCTCGATAGGT-1","Island"
"R3_small_1","AACTTCATCTTCTGGT-1","Island"
"R3_small_1","AACTTGCAACTTGGAC-1","Island"
"R3_small_1","AAGATTATCTAGCATA-1","Island"
"R3_small_1","AAGCAGTATCAGAATC-1","Island"
"R3_small_1","AAGCATTGAGTGGTTG-1","Island"
"R3_small_1","AAGCCACCATTCAAGA-1","Island"
"R3_small_1","AAGCCAGGCCGACGTG-1","Island"
"R3_small_1","AAGCCAGGTTACGAAC-1","Island"
"R3_small_1","AAGGCCAGTCGCAATT-1","Island"
"R3_small_1","AAGGCCGACTATGTAA-1","Island"
"R3_small_1","AAGGTGGATATGATCG-1","Island"
"R3_small_1","AAGTCGCTATCCTGTC-1","Island"
"R3_small_1","AAGTCGGACACTTCAG-1","Island"
"R3_small_1","AAGTTCCTATTGCTGG-1","Island"
"R3_small_1","AATAACGTAACTGTGA-1","Island"
"R3_small_1","AATACGAGAACACTCG-1","Island"
"R3_small_1","AATACTAACCACTTAT-1","Island"
"R3_small_1","AATAGATAGCCTAACC-1","Island"
"R3_small_1","AATAGTCGTTATCTAG-1","Island"
"R3_small_1","AATCCGCCTGGTCAAT-1","Island"
"R3_small_1","AATCCGGAGCTTGTCT-1","Island"
"R3_small_1","AATGAAGACGGTTCAG-1","Island"
"R3_small_1","AATGATCTTGACAGCG-1","Island"
"R3_small_1","AATGCAATCACTGTCG-1","Island"
"R3_small_1","AATGGACATCCTACTC-1","Island"
"R3_small_1","AATGGAGGACCTGGTG-1","Island"
"R3_small_1","AATGGTGCGTCCTAAC-1","Island"
"R3_small_1","AATGGTTATTCTAGCT-1","Island"
"R3_small_1","AATGTAGTCTTACGAG-1","Island"
"R3_small_1","AATTGCATTGAAGAAT-1","Island"
"R3_small_1","AATTGCGGTGCTAATA-1","Island"
"R3_small_1","AATTGCGTCAGACACT-1","Island"
"R3_small_1","AATTGGACGGCATCGT-1","Island"
"R3_small_1","AATTGGCTTGAGTTGC-1","Island"
"R3_small_1","ACAACGCCGATAGTAT-1","Island"
"R3_small_1","ACAACTGTCGTGGATA-1","Island"
"R3_small_1","ACAATACAGGCGCCGT-1","Island"
"R3_small_1","ACAGAATCCGTTGCTT-1","Island"
"R3_small_1","ACAGGATACCGGATTC-1","Island"
"R3_small_1","ACAGGCACGCGAGGAT-1","Island"
"R3_small_1","ACAGGTTCAGTGAACG-1","Island"
"R3_small_1","ACAGTACGCACTACCT-1","Island"
"R3_small_1","ACATGTTGCTTGATCT-1","Island"
"R3_small_1","ACATTGAAGGCGGTGC-1","Island"
"R3_small_1","ACATTGGTTCACAGTG-1","Island"
"R3_small_1","ACATTGGTTCTGCCGT-1","Island"
"R3_small_1","ACCAAGTGGCTGTATG-1","Island"
"R3_small_1","ACCACGGCCTCGCACC-1","Island"
"R3_small_1","ACCAGTATGAAGTTCC-1","Island"
"R3_small_1","ACCATTAGATCGTGGC-1","Island"
"R3_small_1","ACCGGCCTCAGGAGTT-1","Island"
"R3_small_1","ACCTAAGTAGAACAGA-1","Island"
"R3_small_1","ACCTATGCTACCGGAT-1","Island"
"R3_small_1","ACCTCCTAGAGGCATG-1","Island"
"R3_small_1","ACCTGCCACTATCAAT-1","Island"
"R3_small_1","ACGAACGCACGAGCAC-1","Island"
"R3_small_1","ACGACTGAAGACTTAC-1","Island"
"R3_small_1","ACGAGGACCTGCTAGT-1","Island"
"R3_small_1","ACGATGACTATTAGAT-1","Island"
"R3_small_1","ACGCAAGGCATAAGTC-1","Island"
"R3_small_1","ACGCACATTGTAAGTA-1","Island"
"R3_small_1","ACGCGGAAGAGTTCCG-1","Island"
"R3_small_1","ACGCGTCGGTGAGGTT-1","Island"
"R3_small_1","ACGCTCAGTGCTATTC-1","Island"
"R3_small_1","ACGGCCTTGCCAGAAC-1","Island"
"R3_small_1","ACGGCTTATTGGTATG-1","Island"
"R3_small_1","ACGGCTTCCATCGGAA-1","Island"
"R3_small_1","ACGGTGATAATGTTAC-1","Island"
"R3_small_1","ACGGTGTACGGTGCCA-1","Island"
"R3_small_1","ACGTGCAATTATTCGG-1","Island"
"R3_small_1","ACGTTAATACAATGAC-1","Island"
"R3_small_1","ACGTTCACATGATCTG-1","Island"
"R3_small_1","ACTCAGCTCGAGTGTC-1","Island"
"R3_small_1","ACTCAGCTTCTGAGAC-1","Island"
"R3_small_1","ACTCAGTGAGCCTCCA-1","Island"
"R3_small_1","ACTCCAGTAGCTCCAG-1","Island"
"R3_small_1","ACTCGATTGATATCCA-1","Island"
"R3_small_1","ACTGGTGATTCCGATC-1","Island"
"R3_small_1","ACTGGTTCTGAACGAT-1","Island"
"R3_small_1","ACTGTACAATTCTACT-1","Island"
"R3_small_1","ACTGTACATCCGATAC-1","Island"
"R3_small_1","ACTGTAGACAAGGAAT-1","Island"
"R3_small_1","AGAACTTCGATGCGTA-1","Island"
"R3_small_1","AGAAGTTGAGCGCAAG-1","Island"
"R3_small_1","AGACCGCCGGCCAATG-1","Island"
"R3_small_1","AGACCTCAGCGAGGTG-1","Island"
"R3_small_1","AGACGTAGGCGGACCG-1","Island"
"R3_small_1","AGACTCAGACAGATAA-1","Island"
"R3_small_1","AGACTCATTGCGGACA-1","Island"
"R3_small_1","AGACTCCTGTATGGCG-1","Island"
"R3_small_1","AGATCAGTCGATAGAA-1","Island"
"R3_small_1","AGCACGAGATAACGGT-1","Island"
"R3_small_1","AGCCAGCGGCAAGCGT-1","Island"
"R3_small_1","AGCCGGCCTATTCCAG-1","Island"
"R3_small_1","AGCCGTATTCAACCGT-1","Island"
"R3_small_1","AGCCTCCGAACTACCA-1","Island"
"R3_small_1","AGCGGTGAGTGACATG-1","Island"
"R3_small_1","AGCGGTTACAATACGC-1","Island"
"R3_small_1","AGCTAGCGTACAGTAA-1","Island"
"R3_small_1","AGCTATAAGTCCAGCA-1","Island"
"R3_small_1","AGCTCAACATCGTCCG-1","Island"
"R3_small_1","AGCTTGAGTCAGGCCG-1","Island"
"R3_small_1","AGGACCAGTAACCTAA-1","Island"
"R3_small_1","AGGACCGCAATAGTTA-1","Island"
"R3_small_1","AGGACGAAGCCTCCTT-1","Island"
"R3_small_1","AGGACGAATGCTTCAA-1","Island"
"R3_small_1","AGGACGTATCGCCGTA-1","Island"
"R3_small_1","AGGACGTCGGCACGAA-1","Island"
"R3_small_1","AGGACTGGATGAAGAC-1","Island"
"R3_small_1","AGGAGCATCACTCAGC-1","Island"
"R3_small_1","AGGATCCGTGAGGCGG-1","Island"
"R3_small_1","AGGATTCTACGCCTAG-1","Island"
"R3_small_1","AGGCATTAAGTCTGGC-1","Island"
"R3_small_1","AGGCTTAACCGATTGT-1","Island"
"R3_small_1","AGGTACAGCTATGATA-1","Island"
"R3_small_1","AGGTCTCACGCCAATA-1","Island"
"R3_small_1","AGGTCTTCCATCGCCG-1","Island"
"R3_small_1","AGGTGGCTGTCGCCAA-1","Island"
"R3_small_1","AGGTTCCACGCCGAAG-1","Island"
"R3_small_1","AGTACCGTTGTACGCC-1","Island"
"R3_small_1","AGTAGAGCATGGACGT-1","Island"
"R3_small_1","AGTATTCGTCGGTATC-1","Island"
"R3_small_1","AGTATTGGTATGTCTA-1","Island"
"R3_small_1","AGTCGCCACTCGGCGA-1","Island"
"R3_small_1","AGTCGGTCTAATCTGT-1","Island"
"R3_small_1","AGTCGGTTATACATAG-1","Island"
"R3_small_1","AGTCTAGGATTGTCAC-1","Island"
"R3_small_1","AGTGCGCAACATGCGT-1","Island"
"R3_small_1","AGTGTACCTCTGTATG-1","Island"
"R3_small_1","AGTGTCTTAAGCTTGT-1","Island"
"R3_small_1","AGTTATCCTGAACGAA-1","Island"
"R3_small_1","AGTTGTACTTAATGGA-1","Island"
"R3_small_1","ATAACCTAGAACCTGC-1","Island"
"R3_small_1","ATAAGAATCATGCATC-1","Island"
"R3_small_1","ATAAGGAATAGAACAT-1","Island"
"R3_small_1","ATAAGGCGGACAAGTT-1","Island"
"R3_small_1","ATAAGTACCACGAGTT-1","Island"
"R3_small_1","ATAATCGTAGTTATTC-1","Island"
"R3_small_1","ATACATCAAGGATTGC-1","Island"
"R3_small_1","ATACATCATGCACCAA-1","Island"
"R3_small_1","ATACGCTGAGATCAGA-1","Island"
"R3_small_1","ATACTAGTAACTGAGT-1","Island"
"R3_small_1","ATACTGGAGGATAACG-1","Island"
"R3_small_1","ATAGAATTCTAGGCCG-1","Island"
"R3_small_1","ATAGCTTCACAACCGT-1","Island"
"R3_small_1","ATAGGCCGATGATCTA-1","Island"
"R3_small_1","ATAGTACTATGGTTCT-1","Island"
"R3_small_1","ATAGTTCGCAGCCGTG-1","Island"
"R3_small_1","ATCACCAGTTCGGCGA-1","Island"
"R3_small_1","ATCATTCACCAGATTG-1","Island"
"R3_small_1","ATCCAACGCCACATCG-1","Island"
"R3_small_1","ATCCGGTATCACAAGT-1","Island"
"R3_small_1","ATCCGTAGCTTCAGTA-1","Island"
"R3_small_1","ATCCGTAGTGTCGCTC-1","Island"
"R3_small_1","ATCGACAGCGGCAACA-1","Island"
"R3_small_1","ATCGATGTCAGATAGA-1","Island"
"R3_small_1","ATCGCAATGCACTAAC-1","Island"
"R3_small_1","ATCGCAGTAACTTATT-1","Island"
"R3_small_1","ATCGCAGTCTATGGCA-1","Island"
"R3_small_1","ATCGTAATCCACATGC-1","Island"
"R3_small_1","ATCGTACACCTATGCC-1","Island"
"R3_small_1","ATCGTCTTAACGAAGG-1","Island"
"R3_small_1","ATCTGAGGAACGGTTG-1","Island"
"R3_small_1","ATCTGCCGTCTACAGC-1","Island"
"R3_small_1","ATCTTGGCTTCGTCCT-1","Island"
"R3_small_1","ATGACCAGACGGCCGG-1","Island"
"R3_small_1","ATGAGCTATTCGAAGA-1","Island"
"R3_small_1","ATGAGTACGCTTCCTA-1","Island"
"R3_small_1","ATGATAATTCCTTGCG-1","Island"
"R3_small_1","ATGATATCTAGTCTTA-1","Island"
"R3_small_1","ATGCCTTCGTAAGTTA-1","Island"
"R3_small_1","ATGCTCGCCTCCAATT-1","Island"
"R3_small_1","ATGCTGCGGATGGTTG-1","Island"
"R3_small_1","ATGGTAACGGACCGGA-1","Island"
"R3_small_1","ATGTACAGTGCCTATG-1","Island"
"R3_small_1","ATGTACATCGTGGTTA-1","Island"
"R3_small_1","ATGTACATGAACTCCG-1","Island"
"R3_small_1","ATGTACTACCGACTTC-1","Island"
"R3_small_1","ATGTACTCTGCAGCAC-1","Island"
"R3_small_1","ATGTAGGTTGGCGAGG-1","Island"
"R3_small_1","ATGTATCCATAAGTTG-1","Island"
"R3_small_1","ATGTATGAGTACCGGA-1","Island"
"R3_small_1","ATGTCGGCTGTCGTAA-1","Island"
"R3_small_1","ATGTCTGCGTTGCAGC-1","Island"
"R3_small_1","ATGTGAATTGCTGACC-1","Island"
"R3_small_1","ATGTTCTGCCTTATCT-1","Island"
"R3_small_1","ATTAAGTGGCCTAAGG-1","Island"
"R3_small_1","ATTACATTGAAGTATG-1","Island"
"R3_small_1","ATTACTGTACGCGGTG-1","Island"
"R3_small_1","ATTAGATAAGACGGCG-1","Island"
"R3_small_1","ATTAGCCTCACTTCTA-1","Island"
"R3_small_1","ATTAGCGAGCATGCTG-1","Island"
"R3_small_1","ATTATCACAACTCGGC-1","Island"
"R3_small_1","ATTATCCAGGTGAAGT-1","Island"
"R3_small_1","ATTATCTAGATTAACG-1","Island"
"R3_small_1","ATTCACGCTGTTATCG-1","Island"
"R3_small_1","ATTCCGCAACGCCGCT-1","Island"
"R3_small_1","ATTCCGTAAGGATTCC-1","Island"
"R3_small_1","ATTCCTGCCTTAACAG-1","Island"
"R3_small_1","ATTCGCTCGCGGAGGC-1","Island"
"R3_small_1","ATTCTAGGACATCAGT-1","Island"
"R3_small_1","ATTCTAGTCCACAAGA-1","Island"
"R3_small_1","ATTGACGCATCTCAAC-1","Island"
"R3_small_1","ATTGATAACACTAAGA-1","Island"
"R3_small_1","ATTGTTATACTTCACG-1","Island"
"R3_small_1","CAACAGGTCAGAGGAC-1","Island"
"R3_small_1","CAACGCTTGCTCCTAC-1","Island"
"R3_small_1","CAAGATAAGTGCAATG-1","Island"
"R3_small_1","CAAGCCGCCATAGAGG-1","Island"
"R3_small_1","CAAGTAGCCTCGATCC-1","Island"
"R3_small_1","CAATTGAACCGGCTCG-1","Island"
"R3_small_1","CACCATTCTTACGAGC-1","Island"
"R3_small_1","CACCTACCGCTACCTT-1","Island"
"R3_small_1","CACCTAGAATACTTCT-1","Island"
"R3_small_1","CACCTTAGCTATTGTC-1","Island"
"R3_small_1","CACGCCACAATCGCAC-1","Island"
"R3_small_1","CACGTAGGTAGGCTGA-1","Island"
"R3_small_1","CACGTCAAGTGCGATC-1","Island"
"R3_small_1","CACGTCCATCTACTGA-1","Island"
"R3_small_1","CACTCAGTACTCCGCT-1","Island"
"R3_small_1","CACTGGCCAGCCAGAT-1","Island"
"R3_small_1","CACTGGTGAGTTATCG-1","Island"
"R3_small_1","CAGACGAATGAGGAAC-1","Island"
"R3_small_1","CAGATTGCCTGTAAGT-1","Island"
"R3_small_1","CAGCACGCTAATCAGA-1","Island"
"R3_small_1","CAGCCATGTCTGCCGT-1","Island"
"R3_small_1","CAGCCTCGTGGCTCAC-1","Island"
"R3_small_1","CAGCTCCTCGGATTCT-1","Island"
"R3_small_1","CAGCTGGATGCGGCTA-1","Island"
"R3_small_1","CAGGACATGGTAATGC-1","Island"
"R3_small_1","CAGTCTGGTAATCTAC-1","Island"
"R3_small_1","CAGTGAACAGCAACGA-1","Island"
"R3_small_1","CAGTGCCTTGCGGTCT-1","Island"
"R3_small_1","CAGTTGCACGGACAGG-1","Island"
"R3_small_1","CATACAATGAGTAGCT-1","Island"
"R3_small_1","CATAGAACATTGAACA-1","Island"
"R3_small_1","CATCAGGTAGGACCGT-1","Island"
"R3_small_1","CATCCGCCTAAGGAAC-1","Island"
"R3_small_1","CATCCGTGGTCGTAAG-1","Island"
"R3_small_1","CATCGGCATGTCGAAG-1","Island"
"R3_small_1","CATGATAGGCCATGAG-1","Island"
"R3_small_1","CATGATGCATGTGCTA-1","Island"
"R3_small_1","CATGATGCTAGCCATG-1","Island"
"R3_small_1","CATGTCCACCTGCGTC-1","Island"
"R3_small_1","CATGTTATTGATGCAG-1","Island"
"R3_small_1","CATTAACTATTGTTCC-1","Island"
"R3_small_1","CATTAGGATAGTGAAT-1","Island"
"R3_small_1","CATTAGGCAATGGTTA-1","Island"
"R3_small_1","CCAACAGGAACACGGT-1","Island"
"R3_small_1","CCAACTTGCCACCGTA-1","Island"
"R3_small_1","CCAGACATCCGGTTCT-1","Island"
"R3_small_1","CCAGATAGACGAGGTG-1","Island"
"R3_small_1","CCAGCGGATTCCGCTG-1","Island"
"R3_small_1","CCATTCGTCTGCTCTA-1","Island"
"R3_small_1","CCATTGGCAATTCTCA-1","Island"
"R3_small_1","CCGACAGACTGTGCCT-1","Island"
"R3_small_1","CCGAGGATGACTCGTC-1","Island"
"R3_small_1","CCGCAAGGAAGGAGGC-1","Island"
"R3_small_1","CCGCATGTAGTTAGAC-1","Island"
"R3_small_1","CCGCCACTGCGTTGGC-1","Island"
"R3_small_1","CCGCGTCGTTGGTCTG-1","Island"
"R3_small_1","CCGCTCTGCTGAATTC-1","Island"
"R3_small_1","CCGCTGTCACCTGCAA-1","Island"
"R3_small_1","CCGGCAATGAAGTGAA-1","Island"
"R3_small_1","CCGGCGAACCGTGCAC-1","Island"
"R3_small_1","CCGGCGCAGCATGCGA-1","Island"
"R3_small_1","CCTAATCCACAAGGAT-1","Island"
"R3_small_1","CCTAATGGCACTGTTC-1","Island"
"R3_small_1","CCTACCATCGCAGTAT-1","Island"
"R3_small_1","CCTAGCCTTCATCGGC-1","Island"
"R3_small_1","CCTAGTCAGTCCTTAT-1","Island"
"R3_small_1","CCTCATGATTATCTGA-1","Island"
"R3_small_1","CCTCGGAAGGCATGCA-1","Island"
"R3_small_1","CCTCTACCGTGATTGG-1","Island"
"R3_small_1","CCTCTTCGAGCGGTTG-1","Island"
"R3_small_1","CCTGTCTAAGTAGGCT-1","Island"
"R3_small_1","CCTGTCTGATAGGTGA-1","Island"
"R3_small_1","CCTTAGTCTGTCACTG-1","Island"
"R3_small_1","CCTTAGTTATACCAGA-1","Island"
"R3_small_1","CCTTGTCTACTTAGAC-1","Island"
"R3_small_1","CGAACCAGAAGTCTGG-1","Island"
"R3_small_1","CGAAGACCGCCAGGCG-1","Island"
"R3_small_1","CGAATGGACCGTCTTG-1","Island"
"R3_small_1","CGACAAGTACTCCTTA-1","Island"
"R3_small_1","CGACAATTATTCTGTC-1","Island"
"R3_small_1","CGACATTGTATGGAGG-1","Island"
"R3_small_1","CGACCTATACTGACGT-1","Island"
"R3_small_1","CGACGCCAAGGTGCAA-1","Island"
"R3_small_1","CGACGCCGCAAGTAGC-1","Island"
"R3_small_1","CGACTAGGTCCTTAAC-1","Island"
"R3_small_1","CGAGCCTGCAAGGTTA-1","Island"
"R3_small_1","CGAGCGTAATGGAGTG-1","Island"
"R3_small_1","CGAGCTTAGAATACCT-1","Island"
"R3_small_1","CGAGGAGTCTAAGGAT-1","Island"
"R3_small_1","CGAGTCCGTTGGAACT-1","Island"
"R3_small_1","CGAGTGCGGCTCGTGG-1","Island"
"R3_small_1","CGATAAGGATAGGCAA-1","Island"
"R3_small_1","CGCAACCATGCACCGA-1","Island"
"R3_small_1","CGCAATGTATCCAATG-1","Island"
"R3_small_1","CGCACGCAGGTAAGTC-1","Island"
"R3_small_1","CGCACGTAGCATTGTT-1","Island"
"R3_small_1","CGCACGTGACTGTTGG-1","Island"
"R3_small_1","CGCACTGTGAGCCTGT-1","Island"
"R3_small_1","CGCAGAGCAGTCCGAG-1","Island"
"R3_small_1","CGCATGGAATTCACGA-1","Island"
"R3_small_1","CGCCTCGATAATGCGG-1","Island"
"R3_small_1","CGCCTTGACGTGAATC-1","Island"
"R3_small_1","CGCTATTAATCTATAA-1","Island"
"R3_small_1","CGCTATTATGATACGT-1","Island"
"R3_small_1","CGCTCGGCCGGTTGTC-1","Island"
"R3_small_1","CGCTGCTATGACAGAC-1","Island"
"R3_small_1","CGCTTGCGTACGGCAC-1","Island"
"R3_small_1","CGGAGTAAGTGCACAT-1","Island"
"R3_small_1","CGGAGTCTTACGTGAA-1","Island"
"R3_small_1","CGGAGTGGTCAAGTAT-1","Island"
"R3_small_1","CGGCGTAGCGCTAGGA-1","Island"
"R3_small_1","CGGCTCGTGGAGTACT-1","Island"
"R3_small_1","CGGCTTACGTGCACGA-1","Island"
"R3_small_1","CGGCTTATTCGCTAAT-1","Island"
"R3_small_1","CGGTATAGGATGAGCG-1","Island"
"R3_small_1","CGGTCTTGCTATTCTA-1","Island"
"R3_small_1","CGGTGAACGGTTAGAT-1","Island"
"R3_small_1","CGGTTATCTGTCTTAA-1","Island"
"R3_small_1","CGTAACATTGGCTGAG-1","Island"
"R3_small_1","CGTAAGCCGACCGCTT-1","Island"
"R3_small_1","CGTACAGACGAGGACC-1","Island"
"R3_small_1","CGTAGTACGCATAATG-1","Island"
"R3_small_1","CGTAGTTCGTTGGTAG-1","Island"
"R3_small_1","CGTCAAGGCGGAATGT-1","Island"
"R3_small_1","CGTCCATCGTCCAATA-1","Island"
"R3_small_1","CGTCGGCGGTAGATCA-1","Island"
"R3_small_1","CGTGTACGATGATTGT-1","Island"
"R3_small_1","CGTGTTACCATATGTA-1","Island"
"R3_small_1","CGTTCTCGAGGTTCGC-1","Island"
"R3_small_1","CGTTGTGAGCAAGTGG-1","Island"
"R3_small_1","CTAATCTGGCCGTGTT-1","Island"
"R3_small_1","CTACAACCGCTGTCTA-1","Island"
"R3_small_1","CTACAGATCGGTCGCC-1","Island"
"R3_small_1","CTACATCTACTGGCTT-1","Island"
"R3_small_1","CTACGAGCCGGACGGT-1","Island"
"R3_small_1","CTACGAGCCTGGAGAC-1","Island"
"R3_small_1","CTAGGCCAGGAGTACG-1","Island"
"R3_small_1","CTAGTCAGGCGACAGT-1","Island"
"R3_small_1","CTAGTTATGTCCAAGG-1","Island"
"R3_small_1","CTATACCGACTCGCAT-1","Island"
"R3_small_1","CTATCCGCTGCAATTG-1","Island"
"R3_small_1","CTATCGGATATCGGAG-1","Island"
"R3_small_1","CTATCGTATCAGCGTG-1","Island"
"R3_small_1","CTATGTGCGGTTGACT-1","Island"
"R3_small_1","CTATTATGAGATACGA-1","Island"
"R3_small_1","CTATTATGGCACCTCG-1","Island"
"R3_small_1","CTATTCTGTAGGACCT-1","Island"
"R3_small_1","CTCAATACGTTAACCG-1","Island"
"R3_small_1","CTCAATGACCATTAAG-1","Island"
"R3_small_1","CTCACCTGAGACTAAG-1","Island"
"R3_small_1","CTCACCTGCCGACTAA-1","Island"
"R3_small_1","CTCACGAGTAGATGAG-1","Island"
"R3_small_1","CTCACGATCTCCGGAG-1","Island"
"R3_small_1","CTCAGAAGACAACTCG-1","Island"
"R3_small_1","CTCAGGTCGTGCTCGC-1","Island"
"R3_small_1","CTCATATGATAACTAT-1","Island"
"R3_small_1","CTCCACTGGCTAATGG-1","Island"
"R3_small_1","CTCCTACATTGTATCT-1","Island"
"R3_small_1","CTCCTACCTCGTGGTA-1","Island"
"R3_small_1","CTCGACAGCACTCGGA-1","Island"
"R3_small_1","CTCGATGTTGCTATGT-1","Island"
"R3_small_1","CTCGCATACTCAACTC-1","Island"
"R3_small_1","CTCGCTAGCACCATCT-1","Island"
"R3_small_1","CTCGCTGTTCATAGAT-1","Island"
"R3_small_1","CTCGGACTAACGTGGC-1","Island"
"R3_small_1","CTCGGAGTCTTAAGGA-1","Island"
"R3_small_1","CTCGGTCTCCAACTGC-1","Island"
"R3_small_1","CTGAAGGATCTGTACG-1","Island"
"R3_small_1","CTGAAGTGCTATGGCG-1","Island"
"R3_small_1","CTGAAGTTGCAGACAT-1","Island"
"R3_small_1","CTGACTGTGGCCGGTT-1","Island"
"R3_small_1","CTGATTATCAATAGAC-1","Island"
"R3_small_1","CTGGAATAGTGCAAGT-1","Island"
"R3_small_1","CTGGAATGGATCAGCA-1","Island"
"R3_small_1","CTGGCGGACAACGCAC-1","Island"
"R3_small_1","CTGGCTGGACGCTTGG-1","Island"
"R3_small_1","CTGGTGCGTTCACGAG-1","Island"
"R3_small_1","CTGTATCTTCGCCATA-1","Island"
"R3_small_1","CTGTATGGCTCAACAT-1","Island"
"R3_small_1","CTGTCTATCCACATCT-1","Island"
"R3_small_1","CTGTGGCTTGTCAGCT-1","Island"
"R3_small_1","CTGTGGTAAGCTAATA-1","Island"
"R3_small_1","CTGTTCCAGAAGCTGA-1","Island"
"R3_small_1","CTTACGCCATGCACAG-1","Island"
"R3_small_1","CTTACGGTAAGCCGAA-1","Island"
"R3_small_1","CTTACGTCATCCTTAT-1","Island"
"R3_small_1","CTTAGCAAGGACAGCC-1","Island"
"R3_small_1","CTTAGCACGACAGAAC-1","Island"
"R3_small_1","CTTAGCCTAATGGTAA-1","Island"
"R3_small_1","CTTAGCGTAGCGTGCG-1","Island"
"R3_small_1","CTTAGCTATCCTTGCG-1","Island"
"R3_small_1","CTTAGCTTCGCTGACC-1","Island"
"R3_small_1","CTTAGTAAGCGTGGCA-1","Island"
"R3_small_1","CTTAGTCCTCATAAGT-1","Island"
"R3_small_1","CTTAGTCTATCGAGAC-1","Island"
"R3_small_1","CTTCCGTCGCTGCATC-1","Island"
"R3_small_1","CTTCGACTCCAGACTG-1","Island"
"R3_small_1","CTTCGTCAAGACTCGT-1","Island"
"R3_small_1","CTTCTGTACGGACATC-1","Island"
"R3_small_1","CTTGGTTAGAGTCATC-1","Island"
"R3_small_1","GAACATTCGACACGTA-1","Island"
"R3_small_1","GAACGCTAGAAGGCTA-1","Island"
"R3_small_1","GAACTAACTCTACGTG-1","Island"
"R3_small_1","GAACTACAAGTAGGAG-1","Island"
"R3_small_1","GAAGCTGTTCTACATC-1","Island"
"R3_small_1","GAATAAGGAGAACTAA-1","Island"
"R3_small_1","GAATACAGACGAACTG-1","Island"
"R3_small_1","GAATACTAAGGCGAAT-1","Island"
"R3_small_1","GAATCAATTACCGACC-1","Island"
"R3_small_1","GAATGACACGACTAGG-1","Island"
"R3_small_1","GAATGAGTATAGACCA-1","Island"
"R3_small_1","GAATGTATTGGATCAA-1","Island"
"R3_small_1","GACAACATCATGCCGC-1","Island"
"R3_small_1","GACAACGGACTCAGCT-1","Island"
"R3_small_1","GACAACTTGATTGTGA-1","Island"
"R3_small_1","GACATCTGCGGTCTTG-1","Island"
"R3_small_1","GACCACATTCTTGAAT-1","Island"
"R3_small_1","GACCACGGCGTACATA-1","Island"
"R3_small_1","GACCTGCTGTACGAAG-1","Island"
"R3_small_1","GACGCCTCGTCAGAGG-1","Island"
"R3_small_1","GACGCCTCTTGATTGT-1","Island"
"R3_small_1","GACGGTACCTGGCCGT-1","Island"
"R3_small_1","GACGTCTTATCTCAGC-1","Island"
"R3_small_1","GACTACGAGTTCCATT-1","Island"
"R3_small_1","GACTAGTAATCTTGCT-1","Island"
"R3_small_1","GAGCCTCACGTATGTA-1","Island"
"R3_small_1","GAGCTAACCTACTTAC-1","Island"
"R3_small_1","GAGGACAGATCGCCTA-1","Island"
"R3_small_1","GAGGACGAGTCCTAGT-1","Island"
"R3_small_1","GAGGATCCAGAACTGG-1","Island"
"R3_small_1","GAGGCCACAAGGTGCA-1","Island"
"R3_small_1","GAGGTATTAATAGCGG-1","Island"
"R3_small_1","GAGGTGCATTCGGATC-1","Island"
"R3_small_1","GAGGTGGCTCGAGGTT-1","Island"
"R3_small_1","GAGTCTCGAGATAGTC-1","Island"
"R3_small_1","GAGTCTGACTATAGAA-1","Island"
"R3_small_1","GAGTTACTCAATGGAA-1","Island"
"R3_small_1","GAGTTCTATCGTGCCT-1","Island"
"R3_small_1","GATAATCAGCTATTGT-1","Island"
"R3_small_1","GATAGTGACACTCCAA-1","Island"
"R3_small_1","GATCCGGACATACACC-1","Island"
"R3_small_1","GATCGGAGATACGCAG-1","Island"
"R3_small_1","GATCGTTGATGGATGC-1","Island"
"R3_small_1","GATCTATGAAGATGCG-1","Island"
"R3_small_1","GATGCCTAGAGTCTGT-1","Island"
"R3_small_1","GATGGACCTGGACGGA-1","Island"
"R3_small_1","GATTATGTGACATGAT-1","Island"
"R3_small_1","GATTCCGCTGCAAGAT-1","Island"
"R3_small_1","GATTCCGTGCGTATAC-1","Island"
"R3_small_1","GATTCGCCATGTATCA-1","Island"
"R3_small_1","GATTGTCGCAACGAGG-1","Island"
"R3_small_1","GCAAGAATGTTCCACC-1","Island"
"R3_small_1","GCAAGATAGGTTAACT-1","Island"
"R3_small_1","GCAATCCTCGAGCGTT-1","Island"
"R3_small_1","GCAATTAATCAACGTA-1","Island"
"R3_small_1","GCACGCAACCATACCA-1","Island"
"R3_small_1","GCACGGAAGGATAGTA-1","Island"
"R3_small_1","GCACTGCCTCGATGCG-1","Island"
"R3_small_1","GCAGGCAGTGATCTAC-1","Island"
"R3_small_1","GCAGGTCACTACCTCA-1","Island"
"R3_small_1","GCAGTAGATGTCCAAT-1","Island"
"R3_small_1","GCATACTAGCATCGAA-1","Island"
"R3_small_1","GCCAACGAGCGGCATA-1","Island"
"R3_small_1","GCCACTATAGACCATA-1","Island"
"R3_small_1","GCCACTCCGTCACCTC-1","Island"
"R3_small_1","GCCAGTAGACGATACC-1","Island"
"R3_small_1","GCCATTGTAATGTCTT-1","Island"
"R3_small_1","GCCGCTTCTAAGGTGA-1","Island"
"R3_small_1","GCCGGCGTGAACTTGC-1","Island"
"R3_small_1","GCCGTATGCCAGTCTT-1","Island"
"R3_small_1","GCCTATAGCATACCTT-1","Island"
"R3_small_1","GCCTCCGTCTACCTCG-1","Island"
"R3_small_1","GCCTGGTACATGGTCG-1","Island"
"R3_small_1","GCCTTCGCTTATGTTC-1","Island"
"R3_small_1","GCGAATAGTGGCTAAT-1","Island"
"R3_small_1","GCGACAGTGCCGCACC-1","Island"
"R3_small_1","GCGAGCGGACCATAAC-1","Island"
"R3_small_1","GCGAGCGGTTGTCATG-1","Island"
"R3_small_1","GCGGTCCTGTAGTCTG-1","Island"
"R3_small_1","GCGGTGGCCGACGCAT-1","Island"
"R3_small_1","GCGTACCGGAACGACA-1","Island"
"R3_small_1","GCGTCCAGCAATTGGC-1","Island"
"R3_small_1","GCGTCGGTCACGCCAG-1","Island"
"R3_small_1","GCGTCTCGCAACTCAT-1","Island"
"R3_small_1","GCTACCATCCTGTAGA-1","Island"
"R3_small_1","GCTCGGAGATGAATGT-1","Island"
"R3_small_1","GCTCGTCTGCCGCAAT-1","Island"
"R3_small_1","GCTGAGTGTTCAACCG-1","Island"
"R3_small_1","GCTTCTAAGTCTGACG-1","Island"
"R3_small_1","GCTTGCTTACTTAACG-1","Island"
"R3_small_1","GCTTGGCTGCGGTAAC-1","Island"
"R3_small_1","GCTTGGTCAACCGTGG-1","Island"
"R3_small_1","GGAATCCTTAGACTGT-1","Island"
"R3_small_1","GGACAGTGCGGCAACA-1","Island"
"R3_small_1","GGACCATCACCGCCAA-1","Island"
"R3_small_1","GGACCGCTTCCTGGCA-1","Island"
"R3_small_1","GGACGTTAGATATTAC-1","Island"
"R3_small_1","GGACGTTGGAGGTGAT-1","Island"
"R3_small_1","GGAGCGAATTGGACGG-1","Island"
"R3_small_1","GGAGTCTAAGTGGTCC-1","Island"
"R3_small_1","GGATAATTATGCTGGT-1","Island"
"R3_small_1","GGATAATTCAATGCTG-1","Island"
"R3_small_1","GGATCGCTGGCATATT-1","Island"
"R3_small_1","GGCAGCCGGCACTTCC-1","Island"
"R3_small_1","GGCATAATCCTATCGC-1","Island"
"R3_small_1","GGCATTGCTAAGAATG-1","Island"
"R3_small_1","GGCCTGCGTTATGCCG-1","Island"
"R3_small_1","GGCGAGGCAGCCTACT-1","Island"
"R3_small_1","GGCGCCAAGGAGCGCT-1","Island"
"R3_small_1","GGCGGAAGTCTTGTAG-1","Island"
"R3_small_1","GGCGGAGCACTGATAA-1","Island"
"R3_small_1","GGCGGAGTTGAACTAT-1","Island"
"R3_small_1","GGCGGATATTGATTGA-1","Island"
"R3_small_1","GGCGTGTAATTACTTA-1","Island"
"R3_small_1","GGCTGTTCAATGTCAA-1","Island"
"R3_small_1","GGTAAGGCGACGATGA-1","Island"
"R3_small_1","GGTACGTGCTCGGCAA-1","Island"
"R3_small_1","GGTAGTACAGGTTAGA-1","Island"
"R3_small_1","GGTCACCGCATAACAA-1","Island"
"R3_small_1","GGTCCTGCGAGTAGGT-1","Island"
"R3_small_1","GGTCTGAAGTATGTCA-1","Island"
"R3_small_1","GGTCTGCGAACTGTAT-1","Island"
"R3_small_1","GGTCTGGTTGTAGAAC-1","Island"
"R3_small_1","GGTCTTATAGGCTGGC-1","Island"
"R3_small_1","GGTCTTCCGGCTGGAC-1","Island"
"R3_small_1","GGTCTTGAACCGGCCA-1","Island"
"R3_small_1","GGTGCAATCAGACTTC-1","Island"
"R3_small_1","GGTGCAGGCACCGCGT-1","Island"
"R3_small_1","GGTTCTATACCGCTTG-1","Island"
"R3_small_1","GGTTCTGGAGTCTACC-1","Island"
"R3_small_1","GTAAGTTGCGGAGCGT-1","Island"
"R3_small_1","GTAAGTTGCTGGTGGA-1","Island"
"R3_small_1","GTAATCAGGCGGACGG-1","Island"
"R3_small_1","GTAATGACGGTCTACG-1","Island"
"R3_small_1","GTACAGCCGTTACAGA-1","Island"
"R3_small_1","GTACAGTATCGGAATT-1","Island"
"R3_small_1","GTACCTGAAGTGAATG-1","Island"
"R3_small_1","GTACGAGGTAGTGCAC-1","Island"
"R3_small_1","GTACGCCTCGCTTCCA-1","Island"
"R3_small_1","GTACGCTCGCCAACAT-1","Island"
"R3_small_1","GTACGCTTGATACCAC-1","Island"
"R3_small_1","GTACTGCATAAGGTTA-1","Island"
"R3_small_1","GTACTTACTTCATACC-1","Island"
"R3_small_1","GTAGAAGTAAGCTGCG-1","Island"
"R3_small_1","GTAGACCTGTCAACCA-1","Island"
"R3_small_1","GTAGCAGAACATGGTG-1","Island"
"R3_small_1","GTAGGAGCAACAGGCA-1","Island"
"R3_small_1","GTAGGTGATAATTCAC-1","Island"
"R3_small_1","GTAGTGACATTACGAC-1","Island"
"R3_small_1","GTATGATAGTATGGAT-1","Island"
"R3_small_1","GTATGCGGTATCATGA-1","Island"
"R3_small_1","GTATGTAGCAGGCATA-1","Island"
"R3_small_1","GTATGTGCAAGCCGGA-1","Island"
"R3_small_1","GTATGTTAGTTCTACC-1","Island"
"R3_small_1","GTATTAGGTTATCTGC-1","Island"
"R3_small_1","GTATTCGTGACTTGAT-1","Island"
"R3_small_1","GTCAACAGTTAAGTGA-1","Island"
"R3_small_1","GTCACTAAGCCAGCGG-1","Island"
"R3_small_1","GTCACTGAATCTCACC-1","Island"
"R3_small_1","GTCACTTATGTCGTAT-1","Island"
"R3_small_1","GTCAGCCAACATCACG-1","Island"
"R3_small_1","GTCAGTGCCAGAATAA-1","Island"
"R3_small_1","GTCAGTGCTGACAGCG-1","Island"
"R3_small_1","GTCAGTTCTGCCTGGA-1","Island"
"R3_small_1","GTCATCACGTGGTTCA-1","Island"
"R3_small_1","GTCCTGCTTACGGCTG-1","Island"
"R3_small_1","GTCGCATGCGGTAGAT-1","Island"
"R3_small_1","GTCGCTAAGTGAGGTT-1","Island"
"R3_small_1","GTCTAAGATCGGACTA-1","Island"
"R3_small_1","GTCTAATACGGCTAAG-1","Island"
"R3_small_1","GTCTATGTTAATAGAA-1","Island"
"R3_small_1","GTCTATTAGTGAGGCC-1","Island"
"R3_small_1","GTCTATTGCGAGTTAC-1","Island"
"R3_small_1","GTCTCATGACTAGTTG-1","Island"
"R3_small_1","GTCTTGACAATAGCAA-1","Island"
"R3_small_1","GTCTTGATTGCCACCT-1","Island"
"R3_small_1","GTCTTGCGGCGATTCA-1","Island"
"R3_small_1","GTGAACATTCAACGAT-1","Island"
"R3_small_1","GTGAAGATGAGTGCCT-1","Island"
"R3_small_1","GTGAAGTGATCGTGCT-1","Island"
"R3_small_1","GTGACATACAGGTCCT-1","Island"
"R3_small_1","GTGACCGGAGTCATAC-1","Island"
"R3_small_1","GTGCAACGACGGTGTT-1","Island"
"R3_small_1","GTGCAGTTGTGGCGCT-1","Island"
"R3_small_1","GTGCCTGACACGTTGG-1","Island"
"R3_small_1","GTGGAACAGAAGTCGA-1","Island"
"R3_small_1","GTGGCGCCAGCTAACC-1","Island"
"R3_small_1","GTGGTACTTGGTTGGA-1","Island"
"R3_small_1","GTGGTTGCCGCTTCAA-1","Island"
"R3_small_1","GTTAACTCCGACCACT-1","Island"
"R3_small_1","GTTATGATACGATTAT-1","Island"
"R3_small_1","GTTATTGCTGAATCCG-1","Island"
"R3_small_1","GTTCCTTGAGGAACGC-1","Island"
"R3_small_1","GTTCTTGATCTGTTGA-1","Island"
"R3_small_1","GTTGAATAAGTCAGCA-1","Island"
"R3_small_1","GTTGAATGTTGCTGCC-1","Island"
"R3_small_1","GTTGACGGATAGCCAT-1","Island"
"R3_small_1","GTTGACTAGAGCACGT-1","Island"
"R3_small_1","GTTGGCGTGAGCGACC-1","Island"
"R3_small_1","TAACGCGTAATATGGC-1","Island"
"R3_small_1","TAACGCTCACATTCTA-1","Island"
"R3_small_1","TAACGCTTCGGCACTT-1","Island"
"R3_small_1","TAACGTCACTATAATC-1","Island"
"R3_small_1","TAACGTGCCATAGTTA-1","Island"
"R3_small_1","TAAGAATATGAGATAG-1","Island"
"R3_small_1","TAAGCTCCTTCACGCC-1","Island"
"R3_small_1","TAAGGACGCCTGGTTG-1","Island"
"R3_small_1","TAAGGTCCGTGACCGT-1","Island"
"R3_small_1","TAAGTGGCCGCTCACC-1","Island"
"R3_small_1","TAATAGCGCTGTACTC-1","Island"
"R3_small_1","TAATGACGAAGCGGCT-1","Island"
"R3_small_1","TAATGTGCACGATCTG-1","Island"
"R3_small_1","TAATTGACGTCGTTCC-1","Island"
"R3_small_1","TACAAGCGGAAGTACG-1","Island"
"R3_small_1","TACACCTTGCGGCAGG-1","Island"
"R3_small_1","TACACTGCGTCCGGAC-1","Island"
"R3_small_1","TACACTTCGCACCGAT-1","Island"
"R3_small_1","TACAGTCTCGGCACGG-1","Island"
"R3_small_1","TACATCGGACAACTGG-1","Island"
"R3_small_1","TACCTCAGGCAACAGA-1","Island"
"R3_small_1","TACCTGCGGTTGTCCT-1","Island"
"R3_small_1","TACGCTCCGGTTGGTA-1","Island"
"R3_small_1","TACGGAATACTCGTTC-1","Island"
"R3_small_1","TACGGAATTGAACCAA-1","Island"
"R3_small_1","TACGGAGGAAGCACCT-1","Island"
"R3_small_1","TACGGATCAGCCATCC-1","Island"
"R3_small_1","TACGGCCTTGTAGGAG-1","Island"
"R3_small_1","TACTCCTACATCAACT-1","Island"
"R3_small_1","TAGACAGGAGATCATT-1","Island"
"R3_small_1","TAGACCATCGATTGAG-1","Island"
"R3_small_1","TAGACCGGCCAGTACG-1","Island"
"R3_small_1","TAGAGGCGATTGATTC-1","Island"
"R3_small_1","TAGCAGTGATTCTGTC-1","Island"
"R3_small_1","TAGCGTCACGACAGGC-1","Island"
"R3_small_1","TAGCTATGTTGAGCAC-1","Island"
"R3_small_1","TAGGCATCTGCGGACC-1","Island"
"R3_small_1","TAGGCGAGCGATCGGT-1","Island"
"R3_small_1","TAGGCGCATATCTAAC-1","Island"
"R3_small_1","TAGTATAACCTCGACA-1","Island"
"R3_small_1","TAGTGAACATGCAGAT-1","Island"
"R3_small_1","TAGTGACTCGCTCCGC-1","Island"
"R3_small_1","TAGTGGTTGAACCAAT-1","Island"
"R3_small_1","TAGTTCAATCGACCTC-1","Island"
"R3_small_1","TAGTTGGCTTAGGCCT-1","Island"
"R3_small_1","TATCAACGAATATGAG-1","Island"
"R3_small_1","TATCAAGGCCGCGTGG-1","Island"
"R3_small_1","TATCATGGATGTTGCC-1","Island"
"R3_small_1","TATCCACTTGCGTATC-1","Island"
"R3_small_1","TATCCTGCGGTTGATC-1","Island"
"R3_small_1","TATCTAGTGCCATATT-1","Island"
"R3_small_1","TATGACAATGCTTGAA-1","Island"
"R3_small_1","TATGACGCGTATGTCG-1","Island"
"R3_small_1","TATGAGTTCCGAGTGA-1","Island"
"R3_small_1","TATGGCCGGCGACACT-1","Island"
"R3_small_1","TATGGCCTCACGTACA-1","Island"
"R3_small_1","TATGTTGGTCCAGTGA-1","Island"
"R3_small_1","TATTGAATCCGACTAA-1","Island"
"R3_small_1","TATTGTTAACCGAGAC-1","Island"
"R3_small_1","TCAAGGAACCTATTGC-1","Island"
"R3_small_1","TCAAGGCAACGCGGCT-1","Island"
"R3_small_1","TCAAGGTATCAACTTA-1","Island"
"R3_small_1","TCACAAGCTCGAGGCA-1","Island"
"R3_small_1","TCACAGCACCAAGGTT-1","Island"
"R3_small_1","TCACATAAGCGTTGCC-1","Island"
"R3_small_1","TCACATAGACCTCCGT-1","Island"
"R3_small_1","TCACATTGTCGGTGAC-1","Island"
"R3_small_1","TCACCGTTGCTAATGG-1","Island"
"R3_small_1","TCAGAATCGATATCAT-1","Island"
"R3_small_1","TCAGAATCTAATAGTC-1","Island"
"R3_small_1","TCAGATTACCAGGTTA-1","Island"
"R3_small_1","TCAGCGTGACCTTACC-1","Island"
"R3_small_1","TCAGCTATTAATCGCT-1","Island"
"R3_small_1","TCAGGAGCAACGGTCG-1","Island"
"R3_small_1","TCAGTCGCCAAGGTTG-1","Island"
"R3_small_1","TCATAGGTGAGTCGAC-1","Island"
"R3_small_1","TCATCCACGTGGTCAC-1","Island"
"R3_small_1","TCATCGTTATGTATCT-1","Island"
"R3_small_1","TCATCTATCCACGATT-1","Island"
"R3_small_1","TCATCTCCAACCACCT-1","Island"
"R3_small_1","TCATGAGGTTGATATG-1","Island"
"R3_small_1","TCATTCACTGTAATGG-1","Island"
"R3_small_1","TCATTGATAGACTTGC-1","Island"
"R3_small_1","TCATTGGCGACCGACG-1","Island"
"R3_small_1","TCATTGTTCAATGCGT-1","Island"
"R3_small_1","TCCAATACTATCTGTT-1","Island"
"R3_small_1","TCCAATCCAGATACAT-1","Island"
"R3_small_1","TCCAATCTAACACGCA-1","Island"
"R3_small_1","TCCAATTGGTTACAGT-1","Island"
"R3_small_1","TCCAGTACGTGCTATG-1","Island"
"R3_small_1","TCCAGTGATTGGTGCT-1","Island"
"R3_small_1","TCCATGCGTCGGTTAC-1","Island"
"R3_small_1","TCCGAACATAGTCTGA-1","Island"
"R3_small_1","TCCGAACCTCAACCAT-1","Island"
"R3_small_1","TCCGAATAGAAGCACC-1","Island"
"R3_small_1","TCCGCCAACATTGCTC-1","Island"
"R3_small_1","TCCGCCAGTGATTAAT-1","Island"
"R3_small_1","TCCGCCGGTCTATTCA-1","Island"
"R3_small_1","TCCGGCTCTATGGACA-1","Island"
"R3_small_1","TCCGTGTCTTACATAA-1","Island"
"R3_small_1","TCCTAGGTATCTGATG-1","Island"
"R3_small_1","TCCTATTGACTGTTGA-1","Island"
"R3_small_1","TCCTCAGTCGGATGCG-1","Island"
"R3_small_1","TCCTTGAACAGGACCA-1","Island"
"R3_small_1","TCCTTGGCTCAAGAGT-1","Island"
"R3_small_1","TCGAATTGTACACTAT-1","Island"
"R3_small_1","TCGATATTAGACATAC-1","Island"
"R3_small_1","TCGATCCAGTCTGTAG-1","Island"
"R3_small_1","TCGCACTGTACGGCGA-1","Island"
"R3_small_1","TCGCCTATCGACTCCT-1","Island"
"R3_small_1","TCGCCTGACGGCCACT-1","Island"
"R3_small_1","TCGCCTGCGTGCGTGG-1","Island"
"R3_small_1","TCGGAACGTCTGCAAG-1","Island"
"R3_small_1","TCGGACCAGGATCGCC-1","Island"
"R3_small_1","TCGGTAGGCATCACGC-1","Island"
"R3_small_1","TCGTATCACGTTATGA-1","Island"
"R3_small_1","TCGTCAGAACAGCCAG-1","Island"
"R3_small_1","TCGTCCAGCATGGCTT-1","Island"
"R3_small_1","TCGTGCCTCGGTAGTT-1","Island"
"R3_small_1","TCGTTAGCCAGGCCAG-1","Island"
"R3_small_1","TCTAACAAGCCAATCC-1","Island"
"R3_small_1","TCTAACCGTGCTAGCT-1","Island"
"R3_small_1","TCTACAACTGGAACTT-1","Island"
"R3_small_1","TCTACAGGTACGCAGT-1","Island"
"R3_small_1","TCTACATGAACTATAC-1","Island"
"R3_small_1","TCTACTGTCTCAATGA-1","Island"
"R3_small_1","TCTAGAATTGCGGTTG-1","Island"
"R3_small_1","TCTAGGCGGAAGGCAC-1","Island"
"R3_small_1","TCTGCAAGGACGGCAA-1","Island"
"R3_small_1","TCTGCAATTCACAAGA-1","Island"
"R3_small_1","TCTGCCTGGATGTCAG-1","Island"
"R3_small_1","TCTGGATATTAACCTA-1","Island"
"R3_small_1","TCTGGTCCTCCACTGT-1","Island"
"R3_small_1","TCTGTCACCGTTAATA-1","Island"
"R3_small_1","TCTTACCGCTCGTATG-1","Island"
"R3_small_1","TCTTACTGAGACTAGT-1","Island"
"R3_small_1","TCTTAGTCGTCTCGGC-1","Island"
"R3_small_1","TCTTGCACTATTCAGA-1","Island"
"R3_small_1","TCTTGCTCCGTCGGCA-1","Island"
"R3_small_1","TGAATGCGGTTATGGA-1","Island"
"R3_small_1","TGAATGTACCTTCGTC-1","Island"
"R3_small_1","TGAATTATGCCGCAGT-1","Island"
"R3_small_1","TGAATTCGTGGTATAA-1","Island"
"R3_small_1","TGACCAGCACTCCAGC-1","Island"
"R3_small_1","TGACCATGTACACTCA-1","Island"
"R3_small_1","TGACGCTCGCGGTAGT-1","Island"
"R3_small_1","TGACGCTTACTAGACA-1","Island"
"R3_small_1","TGACGGAGCGCTATAC-1","Island"
"R3_small_1","TGAGCCGCGTGATCAT-1","Island"
"R3_small_1","TGAGGAATCCATAGAA-1","Island"
"R3_small_1","TGAGGTAGGACTACTG-1","Island"
"R3_small_1","TGAGTATTCTAGGACT-1","Island"
"R3_small_1","TGAGTGAGATCGCTAA-1","Island"
"R3_small_1","TGAGTGAGGCACGCCT-1","Island"
"R3_small_1","TGATAAGCAGTAAGAA-1","Island"
"R3_small_1","TGATAGGAGCATCAAC-1","Island"
"R3_small_1","TGATGGCCGGCATCGC-1","Island"
"R3_small_1","TGATTAGAATGACATA-1","Island"
"R3_small_1","TGCAACAGTGAAGCTC-1","Island"
"R3_small_1","TGCACGCTCCTATCCG-1","Island"
"R3_small_1","TGCACTCCAGCTACTC-1","Island"
"R3_small_1","TGCAGACAATACTGTT-1","Island"
"R3_small_1","TGCAGAGGTCGTAATT-1","Island"
"R3_small_1","TGCAGTACAACGAGTG-1","Island"
"R3_small_1","TGCATTCGCCAGCGAT-1","Island"
"R3_small_1","TGCATTCTTACGGAGG-1","Island"
"R3_small_1","TGCCAATCCATGTCTA-1","Island"
"R3_small_1","TGCCACAATGCTACCG-1","Island"
"R3_small_1","TGCCACTCAACCGGCC-1","Island"
"R3_small_1","TGCCAGCTATTGTAGA-1","Island"
"R3_small_1","TGCCGGAACTTAGGCA-1","Island"
"R3_small_1","TGCCTATCAATGCCAT-1","Island"
"R3_small_1","TGCCTATCGGCTATGT-1","Island"
"R3_small_1","TGCGATTAGCTCCGCC-1","Island"
"R3_small_1","TGCGGATCGGATCTTA-1","Island"
"R3_small_1","TGCGTATCTTGTACCG-1","Island"
"R3_small_1","TGCGTCTGGATCGGAT-1","Island"
"R3_small_1","TGCGTGTCGGCGGATA-1","Island"
"R3_small_1","TGCTATTGCGGCGTGG-1","Island"
"R3_small_1","TGCTGTCAGAACGAAG-1","Island"
"R3_small_1","TGCTGTGAAGTCAAGA-1","Island"
"R3_small_1","TGCTTATGAATAAGCA-1","Island"
"R3_small_1","TGGAAGCTCCATCGAC-1","Island"
"R3_small_1","TGGACGCCTGCGACCG-1","Island"
"R3_small_1","TGGAGTGAACGCGGTC-1","Island"
"R3_small_1","TGGAGTGATGGCTCTT-1","Island"
"R3_small_1","TGGAGTGCTCCTGATC-1","Island"
"R3_small_1","TGGATCCAGTCACTTC-1","Island"
"R3_small_1","TGGCAAGCGACACTTA-1","Island"
"R3_small_1","TGGCATGTTCGAACAG-1","Island"
"R3_small_1","TGGCCAACATTCTGAG-1","Island"
"R3_small_1","TGGCCTGACATACTCA-1","Island"
"R3_small_1","TGGCCTGGCACTGTGG-1","Island"
"R3_small_1","TGGCGACACTGCCGGA-1","Island"
"R3_small_1","TGGTAGCATCAAGTCT-1","Island"
"R3_small_1","TGGTATTCCTAGTCCA-1","Island"
"R3_small_1","TGGTATTGAGTTGTAA-1","Island"
"R3_small_1","TGGTGCAGACCGAAGT-1","Island"
"R3_small_1","TGGTGCCTAGCACGGC-1","Island"
"R3_small_1","TGGTTGAACACGCCAA-1","Island"
"R3_small_1","TGGTTGCCTCCGGCTT-1","Island"
"R3_small_1","TGTACCACATACTGGT-1","Island"
"R3_small_1","TGTAGGTCACTACATG-1","Island"
"R3_small_1","TGTAGGTCTGAACGCA-1","Island"
"R3_small_1","TGTATCGGCGGTCGCA-1","Island"
"R3_small_1","TGTCATGCATGAGCAC-1","Island"
"R3_small_1","TGTTCACTGTCTTCCT-1","Island"
"R3_small_1","TGTTCCTCACATTAAT-1","Island"
"R3_small_1","TGTTGCGTCCAAGATT-1","Island"
"R3_large_4","AACATATTCTTGCGAA-1","Island"
"R3_large_4","AACCACTAACATGATT-1","All"
"R3_large_4","AACCTGACAGTGCCGC-1","All"
"R3_large_4","AACGTGACGGTCCACC-1","Island"
"R3_large_4","AACTAGCCTAATAGCA-1","All"
"R3_large_4","AACTAGCGCTCCAGTT-1","Island"
"R3_large_4","AACTATGTGCTTGTTA-1","All"
"R3_large_4","AACTGCGATCGACTAA-1","Island"
"R3_large_4","AACTGCGATGAATAGG-1","Island"
"R3_large_4","AACTGGATACTTCACT-1","All"
"R3_large_4","AACTTAACAGTGAGGA-1","All"
"R3_large_4","AAGATAGTCGACCTTG-1","All"
"R3_large_4","AAGCAGTGGCATCACT-1","All"
"R3_large_4","AAGCATTGAGTGGTTG-1","All"
"R3_large_4","AAGCCAGGTTACGAAC-1","All"
"R3_large_4","AAGCCATCGCGATATG-1","All"
"R3_large_4","AAGGAGTGGCTACCAA-1","All"
"R3_large_4","AAGGCGAGGTTCATGT-1","All"
"R3_large_4","AAGGTGATCCGTGACG-1","Island"
"R3_large_4","AAGGTGTCCATTAAGA-1","Island"
"R3_large_4","AAGTACTAAGGTTACG-1","All"
"R3_large_4","AAGTCGGACACTTCAG-1","All"
"R3_large_4","AATAGTCGTTATCTAG-1","All"
"R3_large_4","AATCGAATGTAACAGT-1","Island"
"R3_large_4","AATTCTTGCATTGGTC-1","Island"
"R3_large_4","AATTGCGGTGCTAATA-1","All"
"R3_large_4","ACAACCTTGGTGTCAA-1","All"
"R3_large_4","ACAACGCCGATAGTAT-1","All"
"R3_large_4","ACAATTGGTCGCGTAA-1","All"
"R3_large_4","ACATAAGCAATGCGGT-1","All"
"R3_large_4","ACATCGTAGACAGGTT-1","All"
"R3_large_4","ACATCTCGCATAGAAT-1","All"
"R3_large_4","ACATTCCTGAGTTCCG-1","All"
"R3_large_4","ACCAATGAGCCTCATC-1","All"
"R3_large_4","ACCGAGAACGTGTTGG-1","All"
"R3_large_4","ACCGTACTATCGGAGG-1","All"
"R3_large_4","ACCGTCGAGTATACTC-1","All"
"R3_large_4","ACCTAAGTGATAATCA-1","Island"
"R3_large_4","ACCTATAACGAACTAC-1","All"
"R3_large_4","ACCTGTGGCGCTGCAA-1","Island"
"R3_large_4","ACGAACATAGGATCGG-1","All"
"R3_large_4","ACGAACGCACGAGCAC-1","All"
"R3_large_4","ACGATGTCGCACAATC-1","All"
"R3_large_4","ACGATGTCGTTGCCAA-1","All"
"R3_large_4","ACGCACATTGTAAGTA-1","All"
"R3_large_4","ACGCGGCTCAAGTTCA-1","Island"
"R3_large_4","ACGCGTAGACTCAACT-1","All"
"R3_large_4","ACGGCCGTCAACGTAT-1","All"
"R3_large_4","ACGGCTTATTGGTATG-1","All"
"R3_large_4","ACGGCTTCAGGTACCG-1","All"
"R3_large_4","ACGGTGTACGGTGCCA-1","All"
"R3_large_4","ACGTGCAATTATTCGG-1","All"
"R3_large_4","ACGTTCTGCCATAATC-1","All"
"R3_large_4","ACTATTGTTCGCACAG-1","Island"
"R3_large_4","ACTCCAGGCCGAAGAC-1","All"
"R3_large_4","ACTCGAGTCCAAGTTG-1","All"
"R3_large_4","ACTCTGACCTTACTGA-1","All"
"R3_large_4","ACTGACGGCCATGTCT-1","All"
"R3_large_4","ACTGATACTCCATTAC-1","All"
"R3_large_4","ACTGGTAAGGCCTCAG-1","All"
"R3_large_4","ACTGTAGACAAGGAAT-1","All"
"R3_large_4","ACTGTATTCTAGTCCA-1","All"
"R3_large_4","ACTTAAGCCAGTAGGA-1","All"
"R3_large_4","AGAACTTCGATGCGTA-1","All"
"R3_large_4","AGACATCTTAGCACCT-1","All"
"R3_large_4","AGACTCGACTCCTAAT-1","All"
"R3_large_4","AGCAGGTATGCCATTG-1","All"
"R3_large_4","AGCATTAGACGGATTG-1","All"
"R3_large_4","AGCCAGCGTTACAGTC-1","Island"
"R3_large_4","AGCGACTATGTATCTT-1","All"
"R3_large_4","AGCGGTTAATCGAAGT-1","All"
"R3_large_4","AGCTATAGAATAGTCT-1","All"
"R3_large_4","AGCTCAACATCGTCCG-1","All"
"R3_large_4","AGCTCGCATTAGGATT-1","Island"
"R3_large_4","AGGACCGCAATAGTTA-1","All"
"R3_large_4","AGGATACCTCCGAGCG-1","All"
"R3_large_4","AGGATATCGCGAATAC-1","All"
"R3_large_4","AGGATCGAGCACCGCC-1","Island"
"R3_large_4","AGGATGCTCGACAGTC-1","Island"
"R3_large_4","AGGCTGCGCAGCAACT-1","All"
"R3_large_4","AGGTTCCACGCCGAAG-1","All"
"R3_large_4","AGTACATATGTAGGAA-1","All"
"R3_large_4","AGTCGGTTATACATAG-1","All"
"R3_large_4","AGTGTAAGTCCATACA-1","Island"
"R3_large_4","AGTTAGAAGGACGAAT-1","All"
"R3_large_4","AGTTCAGTTCATACAT-1","Island"
"R3_large_4","AGTTGGACGTTGGTAT-1","Island"
"R3_large_4","ATAACGCCTGTAGGCA-1","All"
"R3_large_4","ATAATTAGTTCTACGG-1","All"
"R3_large_4","ATACATCACTGTCCGG-1","All"
"R3_large_4","ATACGCGGTGAAGCCG-1","Island"
"R3_large_4","ATACTATCCGAACATA-1","Island"
"R3_large_4","ATACTGACTTCGGCAC-1","All"
"R3_large_4","ATACTGGACCACAGCC-1","All"
"R3_large_4","ATAGAATTCTAGGCCG-1","All"
"R3_large_4","ATAGTGAGTGAGGATT-1","All"
"R3_large_4","ATCAATCTGCAGGACC-1","All"
"R3_large_4","ATCCACATCACTGCCG-1","All"
"R3_large_4","ATCCGATTATCTACGT-1","All"
"R3_large_4","ATCCGTTATCGAAGGC-1","All"
"R3_large_4","ATCGCAGTAATATCAG-1","Island"
"R3_large_4","ATCGTACAACTGGCTA-1","All"
"R3_large_4","ATCTGCCGTCTACAGC-1","All"
"R3_large_4","ATGAACAATCGATGCG-1","All"
"R3_large_4","ATGAGCTACATGGAAG-1","All"
"R3_large_4","ATGAGTACGCTTCCTA-1","All"
"R3_large_4","ATGCTGAATGCAATAG-1","All"
"R3_large_4","ATGCTGCGCTGTTGCA-1","Island"
"R3_large_4","ATGGCATTATGGCTCG-1","All"
"R3_large_4","ATGGTAACGGACCGGA-1","All"
"R3_large_4","ATGTAGTCCAGAACAT-1","All"
"R3_large_4","ATGTCATACTTAGACC-1","All"
"R3_large_4","ATGTCATCAGGTTATG-1","All"
"R3_large_4","ATGTCGGCTGTCGTAA-1","All"
"R3_large_4","ATGTGCTAACATCGAA-1","All"
"R3_large_4","ATTACCTTCGCAGAAG-1","All"
"R3_large_4","ATTACTGAGTGCCTCC-1","All"
"R3_large_4","ATTCCGCAACGCCGCT-1","All"
"R3_large_4","ATTCCTGCCTTAACAG-1","All"
"R3_large_4","ATTGACGCATCTCAAC-1","All"
"R3_large_4","ATTGCCTTGTCTAAGT-1","All"
"R3_large_4","CAAGGCAAGCATCTCG-1","All"
"R3_large_4","CAAGTCTTGGCGATAG-1","All"
"R3_large_4","CAATAAGGTAGCGATG-1","Island"
"R3_large_4","CAATCCGAGGTGCTAG-1","All"
"R3_large_4","CAATCGTCGGAGCATG-1","All"
"R3_large_4","CACCGACAAGGCGTAT-1","Island"
"R3_large_4","CACCTAGAATACTTCT-1","All"
"R3_large_4","CACCTTGCGAGTTATG-1","All"
"R3_large_4","CACGAGGTATAGGTAT-1","All"
"R3_large_4","CACGTGCCAGAATTCT-1","Island"
"R3_large_4","CACTGGTGAGTTATCG-1","All"
"R3_large_4","CAGACGAATGAGGAAC-1","All"
"R3_large_4","CAGACGATACAGATCG-1","All"
"R3_large_4","CAGCATCCTCGCCACT-1","All"
"R3_large_4","CAGTAATATCACTACG-1","All"
"R3_large_4","CAGTGATATTGATGTC-1","Island"
"R3_large_4","CATACAATGAGTAGCT-1","All"
"R3_large_4","CATATCCGTTCACCTC-1","All"
"R3_large_4","CATCGCGGATGATATG-1","Island"
"R3_large_4","CATGCAGGTAGTTGTA-1","All"
"R3_large_4","CATGCGAGTGAGCTAA-1","Island"
"R3_large_4","CATTGCAGCGAAGACC-1","All"
"R3_large_4","CCAGACAGAACCTAAG-1","All"
"R3_large_4","CCAGCGGATTCCGCTG-1","All"
"R3_large_4","CCGATTCCTCACTACA-1","All"
"R3_large_4","CCGCATAGTACAGGTT-1","All"
"R3_large_4","CCGGCAATGAAGTGAA-1","All"
"R3_large_4","CCGGCGAGAATATTGA-1","Island"
"R3_large_4","CCTAGTGAATGTCTGC-1","All"
"R3_large_4","CCTATGCCTTCTTGTT-1","All"
"R3_large_4","CCTATGTCTTACCGGC-1","All"
"R3_large_4","CCTGTCTTACAATCCT-1","All"
"R3_large_4","CCTTAGTCTGTCACTG-1","All"
"R3_large_4","CCTTAGTGGATCCACG-1","All"
"R3_large_4","CCTTCACCGACGGACA-1","All"
"R3_large_4","CGAAGAACGACTCGAT-1","Island"
"R3_large_4","CGAATTAAGTGGACTA-1","All"
"R3_large_4","CGACATTGTATGGAGG-1","All"
"R3_large_4","CGACCAAGGTGAGCCG-1","Island"
"R3_large_4","CGACCAGCCTTGATTA-1","All"
"R3_large_4","CGACGCAGCCTTAGTC-1","All"
"R3_large_4","CGAGCGTGGACTGGAA-1","All"
"R3_large_4","CGAGTCCATGTCAACA-1","All"
"R3_large_4","CGAGTCCGTTGGAACT-1","All"
"R3_large_4","CGATGCCGACCGTGAC-1","Island"
"R3_large_4","CGCCTTAAGGTACGCT-1","All"
"R3_large_4","CGCTAGCCGCATGCAT-1","All"
"R3_large_4","CGCTGACATTGCGGTC-1","Island"
"R3_large_4","CGCTTAGGCTGAGTCC-1","Island"
"R3_large_4","CGGCAATCAACGTGGA-1","All"
"R3_large_4","CGGCACTCTAGCGGAA-1","All"
"R3_large_4","CGGCCTGTCTGTCTGT-1","All"
"R3_large_4","CGGCTTCGATCTCCAA-1","All"
"R3_large_4","CGGTCTAGATCGAATG-1","All"
"R3_large_4","CGGTCTTGCTATTCTA-1","All"
"R3_large_4","CGGTTACGTCCATGAA-1","Island"
"R3_large_4","CGTAACATAAGTCATC-1","All"
"R3_large_4","CGTAAGGATACGGCAC-1","Island"
"R3_large_4","CGTTCCTGTCACCGTG-1","All"
"R3_large_4","CGTTGTGAGCAAGTGG-1","All"
"R3_large_4","CTAACAGTATACCGGC-1","All"
"R3_large_4","CTAAGCTCCACGATCA-1","All"
"R3_large_4","CTAAGCTTACAGTACG-1","All"
"R3_large_4","CTAAGTCAAGATCATG-1","All"
"R3_large_4","CTAATGACATCATTCT-1","All"
"R3_large_4","CTACCATCGATGAGAA-1","All"
"R3_large_4","CTACGAATTGGCTGGT-1","All"
"R3_large_4","CTACTTATGAACATAA-1","All"
"R3_large_4","CTAGCACGCCAAGCTT-1","All"
"R3_large_4","CTATAACTCCTGGAGG-1","All"
"R3_large_4","CTATTATGAGATACGA-1","All"
"R3_large_4","CTCACCTTATCTCCTT-1","All"
"R3_large_4","CTCACGATCTCCGGAG-1","All"
"R3_large_4","CTCAGGTCGTGCTCGC-1","All"
"R3_large_4","CTCGGACTAACGTGGC-1","All"
"R3_large_4","CTCGTGTCTTGGCCGC-1","Island"
"R3_large_4","CTGAAGTTGGATCGGC-1","All"
"R3_large_4","CTGACGTATCCGCCAC-1","All"
"R3_large_4","CTGACTGGTATGATAA-1","All"
"R3_large_4","CTGATTAACAGCGGCC-1","All"
"R3_large_4","CTGATTAACGCAAGAA-1","All"
"R3_large_4","CTGCGGAAGCAGGCAC-1","All"
"R3_large_4","CTGGCTGGACGCTTGG-1","All"
"R3_large_4","CTGTCAGGCTTCCTAA-1","All"
"R3_large_4","CTGTCAGGTGGATCGT-1","All"
"R3_large_4","CTGTCTATCCACATCT-1","All"
"R3_large_4","CTTACGCTACGTAAGC-1","Island"
"R3_large_4","CTTAGCAACTAGGACC-1","All"
"R3_large_4","CTTAGTAATGCAACGA-1","All"
"R3_large_4","CTTATTGAGTTCTGTA-1","Island"
"R3_large_4","CTTCAAGTCGACCTTC-1","All"
"R3_large_4","CTTGGACATTACAGGA-1","All"
"R3_large_4","GAAGTAGCTGAGTCTA-1","Island"
"R3_large_4","GAATTAACCTTCAATT-1","All"
"R3_large_4","GACATCCTTCATTATC-1","All"
"R3_large_4","GACGAGAAGTTACAGA-1","All"
"R3_large_4","GACGTACTGCGTGCGG-1","All"
"R3_large_4","GAGCGATACTCCAGGC-1","All"
"R3_large_4","GAGGAAGGACAATGAA-1","All"
"R3_large_4","GAGGACGAGTCCTAGT-1","All"
"R3_large_4","GAGGATACCAGGTACG-1","Island"
"R3_large_4","GAGTAACGTGGCTTGA-1","All"
"R3_large_4","GAGTGGAGCAAGCGCA-1","All"
"R3_large_4","GATCTTGTCATGATCT-1","All"
"R3_large_4","GATTGTCGCAACGAGG-1","All"
"R3_large_4","GCAAGAATGTTCCACC-1","All"
"R3_large_4","GCAAGCTTATTGACGT-1","All"
"R3_large_4","GCACGGAAGGATAGTA-1","All"
"R3_large_4","GCAGATCGGTAATTAT-1","Island"
"R3_large_4","GCAGCCGGATGCCGCA-1","All"
"R3_large_4","GCATTGCTGTTCCATC-1","All"
"R3_large_4","GCCGATCTCGTGACTC-1","All"
"R3_large_4","GCCGTATGCGTTATAG-1","Island"
"R3_large_4","GCCTGGACCTATTGTC-1","All"
"R3_large_4","GCCTGTGACACCAGAA-1","All"
"R3_large_4","GCGGTTCTGTGGACGT-1","All"
"R3_large_4","GCGGTTGCCTCGACGG-1","All"
"R3_large_4","GCGTCGTAGGCTCATC-1","Island"
"R3_large_4","GCTCGATCGCAGCCAC-1","All"
"R3_large_4","GCTCGATGCTCGCATG-1","All"
"R3_large_4","GCTGAATGACCGTGAG-1","All"
"R3_large_4","GCTGTTCAACCGAATA-1","All"
"R3_large_4","GCTTAGACTACCAATG-1","All"
"R3_large_4","GCTTCTGTATCGACGC-1","All"
"R3_large_4","GCTTGAACTCGCCATG-1","Island"
"R3_large_4","GCTTGCAATACAAGGC-1","All"
"R3_large_4","GGAATGCGCCGACAGG-1","All"
"R3_large_4","GGACCAGATAGGATGT-1","All"
"R3_large_4","GGACGGCTATCGACCA-1","All"
"R3_large_4","GGACGTTACGTACATC-1","Island"
"R3_large_4","GGACTCTGAACCTGAG-1","Island"
"R3_large_4","GGAGCACCAACTGATT-1","Island"
"R3_large_4","GGATCGAGTGTCCACT-1","All"
"R3_large_4","GGCATACTATTGCACT-1","Island"
"R3_large_4","GGCGACCTATCTGGCG-1","All"
"R3_large_4","GGCGCCACTCTGCGTT-1","Island"
"R3_large_4","GGCGTCGGTAGTGATA-1","All"
"R3_large_4","GGCTGTTCAATGTCAA-1","All"
"R3_large_4","GGTCATGCTCTGCCAA-1","All"
"R3_large_4","GGTGCACTCCGGTTCG-1","All"
"R3_large_4","GGTGCAGGCACCGCGT-1","All"
"R3_large_4","GGTGCATGATACGGAT-1","All"
"R3_large_4","GGTTAGCTTCATGAGT-1","All"
"R3_large_4","GGTTCAAGGTTAAGCC-1","All"
"R3_large_4","GGTTCATTCCGGCCTC-1","All"
"R3_large_4","GGTTCTCCTATCAGTT-1","All"
"R3_large_4","GTAACCACAAGGCTGA-1","Island"
"R3_large_4","GTAACCACCTACAACC-1","All"
"R3_large_4","GTAACGGCAGCCTACA-1","All"
"R3_large_4","GTAATCAGGCGGACGG-1","All"
"R3_large_4","GTACAGAACAGGACTC-1","All"
"R3_large_4","GTACAGCCGTTACAGA-1","All"
"R3_large_4","GTACGCCTCGCTTCCA-1","All"
"R3_large_4","GTATACATAGGTTGCC-1","All"
"R3_large_4","GTATCTCAGCCTTGGT-1","Island"
"R3_large_4","GTATGGTGCCGGCAGG-1","Island"
"R3_large_4","GTATTACGGCCATTAT-1","All"
"R3_large_4","GTCCAGCACGTTCAGA-1","Island"
"R3_large_4","GTCCTCCGGATTATAC-1","Island"
"R3_large_4","GTCGAGACTGCCTAAG-1","Island"
"R3_large_4","GTCGAGTGATTACTGT-1","Island"
"R3_large_4","GTCGTAGACTGACAAG-1","All"
"R3_large_4","GTCTAAGCGGCACGCC-1","All"
"R3_large_4","GTCTAGCATGGTACGT-1","All"
"R3_large_4","GTCTTGAACAATTACA-1","All"
"R3_large_4","GTCTTGATTGCCACCT-1","All"
"R3_large_4","GTGAAGCCACAACCGG-1","All"
"R3_large_4","GTGAAGTGATCGTGCT-1","All"
"R3_large_4","GTGCAGGCTGGACATG-1","All"
"R3_large_4","GTGCAGTTGTGGCGCT-1","All"
"R3_large_4","GTGCTCAATGCAACCT-1","All"
"R3_large_4","GTGGAACAGAAGTCGA-1","All"
"R3_large_4","GTGGAGTACAATCAAT-1","All"
"R3_large_4","GTTAGACAATGGATGA-1","All"
"R3_large_4","GTTATTCGGCCATTCG-1","All"
"R3_large_4","GTTCGAGCTCGCGAAT-1","Island"
"R3_large_4","GTTGAACTACCGTTCA-1","Island"
"R3_large_4","TAACGACTGGCCGTCG-1","All"
"R3_large_4","TAAGGTCCGTGACCGT-1","All"
"R3_large_4","TAATAGGCTTGCTGAA-1","Island"
"R3_large_4","TAATTGACGTCGTTCC-1","All"
"R3_large_4","TACAACGGACGGCTCA-1","All"
"R3_large_4","TACACGAACAGCTACT-1","Island"
"R3_large_4","TACACTCAGTAGAATG-1","All"
"R3_large_4","TACACTGCGTCCGGAC-1","All"
"R3_large_4","TACACTTCGCACCGAT-1","All"
"R3_large_4","TACGAGATTGGTCTGT-1","All"
"R3_large_4","TACGCCGGAGTTCTGA-1","All"
"R3_large_4","TACGCCTTGCCGTGTT-1","All"
"R3_large_4","TACGTACACCTTAAGC-1","All"
"R3_large_4","TACGTGTACATCCGTG-1","All"
"R3_large_4","TACGTTATCCAGACGC-1","Island"
"R3_large_4","TAGACCATCGATTGAG-1","All"
"R3_large_4","TAGACTAATATGGCGA-1","Island"
"R3_large_4","TAGGACTTCATGTTAT-1","All"
"R3_large_4","TAGGCTCCGGCATACA-1","All"
"R3_large_4","TAGTGCAGCTGGCGTC-1","All"
"R3_large_4","TATCAAGGCCGCGTGG-1","All"
"R3_large_4","TATCAAGGCTCGTCGG-1","All"
"R3_large_4","TATCACATAGCGAACT-1","All"
"R3_large_4","TATCCAAGCGCCGTAG-1","All"
"R3_large_4","TATCCGTAAGCCAGCG-1","Island"
"R3_large_4","TATGGCCTCACGTACA-1","All"
"R3_large_4","TATGTTGGCGAGAACA-1","Island"
"R3_large_4","TATTCGGTGGAGATTC-1","All"
"R3_large_4","TATTCTCGTGCTTGGC-1","Island"
"R3_large_4","TCACGTCTAAGACTAG-1","Island"
"R3_large_4","TCATACTGGTGAACCG-1","Island"
"R3_large_4","TCATGAGGTTGATATG-1","All"
"R3_large_4","TCCAGATCTTCGCTTA-1","All"
"R3_large_4","TCCTTGGCTCAAGAGT-1","All"
"R3_large_4","TCGCACTTCAGTGACA-1","Island"
"R3_large_4","TCGCCGTTGTTACAAG-1","All"
"R3_large_4","TCGGACCAGATTCAAT-1","All"
"R3_large_4","TCGGACGTTGCCTCAG-1","All"
"R3_large_4","TCGGTATCTAGTATAC-1","Island"
"R3_large_4","TCGTATCAACAGCACC-1","All"
"R3_large_4","TCGTATCCTGATGCAA-1","All"
"R3_large_4","TCTAACAAGCCAATCC-1","All"
"R3_large_4","TCTACTTAGTATTAGT-1","All"
"R3_large_4","TCTAGATAAGGTTAGC-1","All"
"R3_large_4","TCTGCGCTTGCAGATA-1","All"
"R3_large_4","TCTTACTGAGACTAGT-1","All"
"R3_large_4","TCTTGAGTCATTATAC-1","All"
"R3_large_4","TCTTGCCGGAGCCAGA-1","Island"
"R3_large_4","TGAATGTTGACATCGT-1","All"
"R3_large_4","TGACCAGGCTCATGCA-1","All"
"R3_large_4","TGACGCTCGCGGTAGT-1","All"
"R3_large_4","TGAGTTCGCTTGACCT-1","All"
"R3_large_4","TGCATTAATGGCCACC-1","All"
"R3_large_4","TGCATTCTTACGGAGG-1","All"
"R3_large_4","TGCCACTATCAGGCAG-1","All"
"R3_large_4","TGCCTACGCAGGCTGC-1","Island"
"R3_large_4","TGCGGACATTCGCCGG-1","Island"
"R3_large_4","TGCGTATCTTGTACCG-1","All"
"R3_large_4","TGCTATCCTAAGACGA-1","All"
"R3_large_4","TGCTGTGAAGTCAAGA-1","All"
"R3_large_4","TGGAGTCGGCAAGCTC-1","All"
"R3_large_4","TGGATCCAGTCACTTC-1","All"
"R3_large_4","TGGCAAGCGACACTTA-1","All"
"R3_large_4","TGGCGAGCTCCACGTG-1","All"
"R3_large_4","TGGTACAAGACACTGA-1","All"
"R3_large_4","TGGTTGGCGAAGCCTT-1","Island"
"R3_large_4","TGTCCGATAGTCACAG-1","All"
"R3_large_4","TGTTGGCCTACACGTG-1","Island"
"R4_small_1","AACCAATCTGGTTGGC-1","Island"
"R4_small_1","AACCTACTGTAACTCA-1","Island"
"R4_small_1","AACTGCCTCGATAGGT-1","Island"
"R4_small_1","AACTTGCAACTTGGAC-1","Island"
"R4_small_1","AAGCATTGAGTGGTTG-1","Island"
"R4_small_1","AAGCCAGGCCGACGTG-1","Island"
"R4_small_1","AAGGCCAGTCGCAATT-1","Island"
"R4_small_1","AAGGTGGATATGATCG-1","Island"
"R4_small_1","AAGTCTTAAGTTGCCA-1","Island"
"R4_small_1","AAGTTAAGCACTATAA-1","Island"
"R4_small_1","AATAGTGGAAGAGCAT-1","Island"
"R4_small_1","AATGAAGACGGTTCAG-1","Island"
"R4_small_1","AATGGACATCCTACTC-1","Island"
"R4_small_1","AATTGCATTGAAGAAT-1","Island"
"R4_small_1","ACAACGCCGATAGTAT-1","Island"
"R4_small_1","ACAGAATCTTGATAAG-1","Island"
"R4_small_1","ACAGGAACTACAGAAC-1","Island"
"R4_small_1","ACATCGTAGACAGGTT-1","Island"
"R4_small_1","ACATGTTGCTTGATCT-1","Island"
"R4_small_1","ACATTGTACATTCTTG-1","Island"
"R4_small_1","ACCGAGGTGATACCGA-1","Island"
"R4_small_1","ACGATGTTACCTCATT-1","Island"
"R4_small_1","ACGCGTCGGTGAGGTT-1","Island"
"R4_small_1","ACGGCTTATTGGTATG-1","Island"
"R4_small_1","ACGTGCAATTATTCGG-1","Island"
"R4_small_1","ACTCAGTGAGCCTCCA-1","Island"
"R4_small_1","ACTCCTATGTTCCTAC-1","Island"
"R4_small_1","ACTCGTATTGTCAGAA-1","Island"
"R4_small_1","AGACGGCCTTACGGAG-1","Island"
"R4_small_1","AGACTCATTGCGGACA-1","Island"
"R4_small_1","AGACTCCTGTATGGCG-1","Island"
"R4_small_1","AGATCAGTCGATAGAA-1","Island"
"R4_small_1","AGCCGGCCTATTCCAG-1","Island"
"R4_small_1","AGCGGTACGCCGAGAA-1","Island"
"R4_small_1","AGCGGTGAGTGACATG-1","Island"
"R4_small_1","AGCTATAAGTCCAGCA-1","Island"
"R4_small_1","AGCTATAGAATAGTCT-1","Island"
"R4_small_1","AGGACCGCAATAGTTA-1","Island"
"R4_small_1","AGGACGTCGGCACGAA-1","Island"
"R4_small_1","AGGCAACTAGCGTACC-1","Island"
"R4_small_1","AGGTCTCACGCCAATA-1","Island"
"R4_small_1","AGGTCTTCCATCGCCG-1","Island"
"R4_small_1","AGGTTCCACGCCGAAG-1","Island"
"R4_small_1","AGTAGACAGTAAGGAG-1","Island"
"R4_small_1","AGTCGCCACTCGGCGA-1","Island"
"R4_small_1","AGTCGGTCTAATCTGT-1","Island"
"R4_small_1","AGTGCGCAACATGCGT-1","Island"
"R4_small_1","AGTTGTACTTAATGGA-1","Island"
"R4_small_1","ATACATCAAGGATTGC-1","Island"
"R4_small_1","ATACGCTGAGATCAGA-1","Island"
"R4_small_1","ATAGCTTCACAACCGT-1","Island"
"R4_small_1","ATAGTTCGCAGCCGTG-1","Island"
"R4_small_1","ATCAGATACCAGCTGT-1","Island"
"R4_small_1","ATCCGTGGAACTTCAA-1","Island"
"R4_small_1","ATCGCAATGCACTAAC-1","Island"
"R4_small_1","ATCTACTCACATCTCC-1","Island"
"R4_small_1","ATCTGAGGAACGGTTG-1","Island"
"R4_small_1","ATGACCAGACGGCCGG-1","Island"
"R4_small_1","ATGAGCTATTCGAAGA-1","Island"
"R4_small_1","ATGAGTACGCTTCCTA-1","Island"
"R4_small_1","ATGATATCTAGTCTTA-1","Island"
"R4_small_1","ATGCATGTCACTCGTG-1","Island"
"R4_small_1","ATGCTACTGAATAGTA-1","Island"
"R4_small_1","ATGGTAACGGACCGGA-1","Island"
"R4_small_1","ATGTACTCTGCAGCAC-1","Island"
"R4_small_1","ATGTCGGCTGTCGTAA-1","Island"
"R4_small_1","ATGTTCTGCCTTATCT-1","Island"
"R4_small_1","ATTAAGTGGCCTAAGG-1","Island"
"R4_small_1","ATTACATTGAAGTATG-1","Island"
"R4_small_1","ATTATCCAGGTGAAGT-1","Island"
"R4_small_1","CAACGCTTGCTCCTAC-1","Island"
"R4_small_1","CAACTGACAAGACAAG-1","Island"
"R4_small_1","CAAGTACTTCAATAGT-1","Island"
"R4_small_1","CAAGTAGCCTCGATCC-1","Island"
"R4_small_1","CAAGTCCGCTACCGTT-1","Island"
"R4_small_1","CACCATTCTTACGAGC-1","Island"
"R4_small_1","CACCTTAGCTATTGTC-1","Island"
"R4_small_1","CACGTCCATCTACTGA-1","Island"
"R4_small_1","CACTGGCCAGCCAGAT-1","Island"
"R4_small_1","CACTGGTGAGACGCTT-1","Island"
"R4_small_1","CACTGGTGAGTTATCG-1","Island"
"R4_small_1","CAGATTGCCTGTAAGT-1","Island"
"R4_small_1","CAGCACGCTAATCAGA-1","Island"
"R4_small_1","CAGCCATGTCTGCCGT-1","Island"
"R4_small_1","CAGCCTCGTGGCTCAC-1","Island"
"R4_small_1","CAGGCCGTATCTGTTA-1","Island"
"R4_small_1","CATACAATGAGTAGCT-1","Island"
"R4_small_1","CATCCGCCTAAGGAAC-1","Island"
"R4_small_1","CATGATAGGCCATGAG-1","Island"
"R4_small_1","CATGTCCACCTGCGTC-1","Island"
"R4_small_1","CATTAACTATTGTTCC-1","Island"
"R4_small_1","CCAGATAGACGAGGTG-1","Island"
"R4_small_1","CCAGCGGATTCCGCTG-1","Island"
"R4_small_1","CCATCTGTGGCATCGT-1","Island"
"R4_small_1","CCGAGGATGACTCGTC-1","Island"
"R4_small_1","CCGCTGTCACCTGCAA-1","Island"
"R4_small_1","CCGGCAATGAAGTGAA-1","Island"
"R4_small_1","CCGGCGCAGCATGCGA-1","Island"
"R4_small_1","CCGGCGCTAAGGATGA-1","Island"
"R4_small_1","CCTACCATGTGATCAC-1","Island"
"R4_small_1","CCTAGCCTAGTACCGG-1","Island"
"R4_small_1","CCTAGCCTTCATCGGC-1","Island"
"R4_small_1","CCTATGCCAGCAATCC-1","Island"
"R4_small_1","CCTTCCGCTCCGGCAT-1","Island"
"R4_small_1","CGACCTGCATCTGCAT-1","Island"
"R4_small_1","CGACGCCAAGGTGCAA-1","Island"
"R4_small_1","CGAGCCTGCAAGGTTA-1","Island"
"R4_small_1","CGAGCGAGCCACGCTA-1","Island"
"R4_small_1","CGAGTCCGTTGGAACT-1","Island"
"R4_small_1","CGAGTGCGGCTCGTGG-1","Island"
"R4_small_1","CGATAAGGATAGGCAA-1","Island"
"R4_small_1","CGATGTCCGACTACAG-1","Island"
"R4_small_1","CGCTCGGCCGGTTGTC-1","Island"
"R4_small_1","CGGACTGTGAGTATAG-1","Island"
"R4_small_1","CGGAGTAAGTGCACAT-1","Island"
"R4_small_1","CGGAGTCTTACGTGAA-1","Island"
"R4_small_1","CGGAGTGGTCAAGTAT-1","Island"
"R4_small_1","CGGATGTTGAACCACG-1","Island"
"R4_small_1","CGGTCAACGGCGGATT-1","Island"
"R4_small_1","CGGTGAACGGTTAGAT-1","Island"
"R4_small_1","CGTAAGCCGACCGCTT-1","Island"
"R4_small_1","CGTAGCCAAGTCCGTC-1","Island"
"R4_small_1","CGTAGTACGCATAATG-1","Island"
"R4_small_1","CGTCAAGGCGGAATGT-1","Island"
"R4_small_1","CGTCCATCGTCCAATA-1","Island"
"R4_small_1","CGTCGGCAGACGGTAT-1","Island"
"R4_small_1","CGTGTTAGATGGTATC-1","Island"
"R4_small_1","CTACATCTACTGGCTT-1","Island"
"R4_small_1","CTAGGCCAGGAGTACG-1","Island"
"R4_small_1","CTATACCGACTCGCAT-1","Island"
"R4_small_1","CTATGTGCGGTTGACT-1","Island"
"R4_small_1","CTATTATGAGATACGA-1","Island"
"R4_small_1","CTCAATACGTTAACCG-1","Island"
"R4_small_1","CTCAATGACCATTAAG-1","Island"
"R4_small_1","CTCACCTGAGACTAAG-1","Island"
"R4_small_1","CTCACGAGTAGATGAG-1","Island"
"R4_small_1","CTCACGATCTCCGGAG-1","Island"
"R4_small_1","CTCAGAAGACAACTCG-1","Island"
"R4_small_1","CTCAGGCACGTCAGAC-1","Island"
"R4_small_1","CTCAGGTCGTGCTCGC-1","Island"
"R4_small_1","CTCCTACATTGTATCT-1","Island"
"R4_small_1","CTCCTGTCGAAGCCAA-1","Island"
"R4_small_1","CTCGACAGCACTCGGA-1","Island"
"R4_small_1","CTCGACTCCTAATGGA-1","Island"
"R4_small_1","CTCGCATACTCAACTC-1","Island"
"R4_small_1","CTCGCTAGCACCATCT-1","Island"
"R4_small_1","CTCGGAGTCTTAAGGA-1","Island"
"R4_small_1","CTGAAGGATCTGTACG-1","Island"
"R4_small_1","CTGAAGTTGCAGACAT-1","Island"
"R4_small_1","CTGCTCATTAGAGTGC-1","Island"
"R4_small_1","CTGGCGGACAACGCAC-1","Island"
"R4_small_1","CTGTATCTTCGCCATA-1","Island"
"R4_small_1","CTGTATGGCTCAACAT-1","Island"
"R4_small_1","CTGTCTATCCACATCT-1","Island"
"R4_small_1","CTGTTCCAGAAGCTGA-1","Island"
"R4_small_1","CTTACGAACTCCGTCC-1","Island"
"R4_small_1","CTTACGCCATGCACAG-1","Island"
"R4_small_1","CTTACGGTAAGCCGAA-1","Island"
"R4_small_1","CTTAGTAAGCGTGGCA-1","Island"
"R4_small_1","CTTAGTCTATCGAGAC-1","Island"
"R4_small_1","CTTCGTCAAGACTCGT-1","Island"
"R4_small_1","GAACTACAAGTAGGAG-1","Island"
"R4_small_1","GAAGCTGTTCTACATC-1","Island"
"R4_small_1","GAATAAGGAGAACTAA-1","Island"
"R4_small_1","GAATCATGAACCAGTG-1","Island"
"R4_small_1","GAATGACACGACTAGG-1","Island"
"R4_small_1","GAATGACCACAATCGA-1","Island"
"R4_small_1","GACAACGGACTCAGCT-1","Island"
"R4_small_1","GACCACATTCTTGAAT-1","Island"
"R4_small_1","GACCTGCTGTACGAAG-1","Island"
"R4_small_1","GACGCCTCGTCAGAGG-1","Island"
"R4_small_1","GACGGTACCTGGCCGT-1","Island"
"R4_small_1","GACTAGTAATCTTGCT-1","Island"
"R4_small_1","GAGGACAGATCGCCTA-1","Island"
"R4_small_1","GAGGTATTAATAGCGG-1","Island"
"R4_small_1","GAGGTGCATTCGGATC-1","Island"
"R4_small_1","GAGTGCCGCATTAGGC-1","Island"
"R4_small_1","GAGTTAATTCCACTGG-1","Island"
"R4_small_1","GATAATCAGCTATTGT-1","Island"
"R4_small_1","GATATCTTGTGACACG-1","Island"
"R4_small_1","GATGCCTAGAGTCTGT-1","Island"
"R4_small_1","GATTCCGCTGCAAGAT-1","Island"
"R4_small_1","GCAAGAATGTTCCACC-1","Island"
"R4_small_1","GCAAGATAGGTTAACT-1","Island"
"R4_small_1","GCAATCCTCGAGCGTT-1","Island"
"R4_small_1","GCACGCAACCATACCA-1","Island"
"R4_small_1","GCACTGCCTCGATGCG-1","Island"
"R4_small_1","GCAGGCAGTGATCTAC-1","Island"
"R4_small_1","GCAGTAGATGTCCAAT-1","Island"
"R4_small_1","GCATACTAGCATCGAA-1","Island"
"R4_small_1","GCCAGTAGACGATACC-1","Island"
"R4_small_1","GCCGCTGATTGGCCAG-1","Island"
"R4_small_1","GCCGGCGTGAACTTGC-1","Island"
"R4_small_1","GCGGCAAGTGTTATGT-1","Island"
"R4_small_1","GCGGTGGCCGACGCAT-1","Island"
"R4_small_1","GCTGAGTGTTCAACCG-1","Island"
"R4_small_1","GCTTCGGCATCAGAGT-1","Island"
"R4_small_1","GCTTGGTCAACCGTGG-1","Island"
"R4_small_1","GGAATCCTTAGACTGT-1","Island"
"R4_small_1","GGACCGCTTCCTGGCA-1","Island"
"R4_small_1","GGACGTTAGATATTAC-1","Island"
"R4_small_1","GGATAAGTCAGGATAG-1","Island"
"R4_small_1","GGCATTGCTAAGAATG-1","Island"
"R4_small_1","GGCGGAAGTCTTGTAG-1","Island"
"R4_small_1","GGCGGAGCACTGATAA-1","Island"
"R4_small_1","GGCGTGTAATTACTTA-1","Island"
"R4_small_1","GGTAAGGCGACGATGA-1","Island"
"R4_small_1","GGTCTTGAACCGGCCA-1","Island"
"R4_small_1","GGTTCTCCTATCAGTT-1","Island"
"R4_small_1","GTAAGTTGCGGAGCGT-1","Island"
"R4_small_1","GTACAGTATCGGAATT-1","Island"
"R4_small_1","GTACCTGAAGTGAATG-1","Island"
"R4_small_1","GTACGCCTCGCTTCCA-1","Island"
"R4_small_1","GTAGAAGTAAGCTGCG-1","Island"
"R4_small_1","GTAGCAACGACCGTGG-1","Island"
"R4_small_1","GTAGCAGAACATGGTG-1","Island"
"R4_small_1","GTATACGGTACACGCA-1","Island"
"R4_small_1","GTATGTGCAAGCCGGA-1","Island"
"R4_small_1","GTCAGCCAACATCACG-1","Island"
"R4_small_1","GTCGCAGATTACTGCA-1","Island"
"R4_small_1","GTCTAAGATCGGACTA-1","Island"
"R4_small_1","GTCTATTGCGAGTTAC-1","Island"
"R4_small_1","GTCTCATGACTAGTTG-1","Island"
"R4_small_1","GTCTTGCGGCGATTCA-1","Island"
"R4_small_1","GTGAAGATGAGTGCCT-1","Island"
"R4_small_1","GTGACCGGAGTCATAC-1","Island"
"R4_small_1","GTGCAACGACGGTGTT-1","Island"
"R4_small_1","GTGGTCGCTCTGTAGC-1","Island"
"R4_small_1","GTGGTTGCCGCTTCAA-1","Island"
"R4_small_1","GTTATGATACGATTAT-1","Island"
"R4_small_1","GTTCATCTTACATTCC-1","Island"
"R4_small_1","GTTCCTTGAGGAACGC-1","Island"
"R4_small_1","GTTGACTAGAGCACGT-1","Island"
"R4_small_1","TAACGAGCCGAAGGTC-1","Island"
"R4_small_1","TAACGTCACTATAATC-1","Island"
"R4_small_1","TAACGTGCCATAGTTA-1","Island"
"R4_small_1","TAACTCCAACATGGAC-1","Island"
"R4_small_1","TAAGTGGCCGCTCACC-1","Island"
"R4_small_1","TAATAGCGCTGTACTC-1","Island"
"R4_small_1","TACACTGCGTCCGGAC-1","Island"
"R4_small_1","TACACTTCGCACCGAT-1","Island"
"R4_small_1","TAGAGGCGATTGATTC-1","Island"
"R4_small_1","TAGCAGTGATTCTGTC-1","Island"
"R4_small_1","TAGTGACTCGCTCCGC-1","Island"
"R4_small_1","TAGTTCAATCGACCTC-1","Island"
"R4_small_1","TATCACCGGCATCGTG-1","Island"
"R4_small_1","TATGACAATGCTTGAA-1","Island"
"R4_small_1","TATGACAGCGAGAAGC-1","Island"
"R4_small_1","TATTCTAAGGCTCATC-1","Island"
"R4_small_1","TCAACAATGGAGGCCT-1","Island"
"R4_small_1","TCAAGGTATCAACTTA-1","Island"
"R4_small_1","TCACAAGCTCGAGGCA-1","Island"
"R4_small_1","TCAGAATCGATATCAT-1","Island"
"R4_small_1","TCAGAATCTAATAGTC-1","Island"
"R4_small_1","TCAGATTACCAGGTTA-1","Island"
"R4_small_1","TCAGGAGCAACGGTCG-1","Island"
"R4_small_1","TCAGTCCAACGGAAGT-1","Island"
"R4_small_1","TCAGTCGCCAAGGTTG-1","Island"
"R4_small_1","TCATAGCTTCCAGTAC-1","Island"
"R4_small_1","TCATCTATCCACGATT-1","Island"
"R4_small_1","TCATGAGGTTGATATG-1","Island"
"R4_small_1","TCCAACTAAGACTCCA-1","Island"
"R4_small_1","TCCAATCCAGATACAT-1","Island"
"R4_small_1","TCCAGTGATTGGTGCT-1","Island"
"R4_small_1","TCCGCCAACATTGCTC-1","Island"
"R4_small_1","TCCGCCAGTGATTAAT-1","Island"
"R4_small_1","TCCGCCGGTCTATTCA-1","Island"
"R4_small_1","TCCGTCGGTACAAGTT-1","Island"
"R4_small_1","TCCGTGTCTTACATAA-1","Island"
"R4_small_1","TCCTATTGACTGTTGA-1","Island"
"R4_small_1","TCCTGGTGGCAATAGC-1","Island"
"R4_small_1","TCCTTGAACAGGACCA-1","Island"
"R4_small_1","TCCTTGGCTCAAGAGT-1","Island"
"R4_small_1","TCGATCCAGTCTGTAG-1","Island"
"R4_small_1","TCGCACTGTACGGCGA-1","Island"
"R4_small_1","TCGCCTATCGACTCCT-1","Island"
"R4_small_1","TCGCCTGACGGCCACT-1","Island"
"R4_small_1","TCGTCCAGCATGGCTT-1","Island"
"R4_small_1","TCTACAGCACGTCCGA-1","Island"
"R4_small_1","TCTACATGAACTATAC-1","Island"
"R4_small_1","TCTACTGTCTCAATGA-1","Island"
"R4_small_1","TCTAGGCGGAAGGCAC-1","Island"
"R4_small_1","TCTGCAAGGACGGCAA-1","Island"
"R4_small_1","TCTGCAATTCACAAGA-1","Island"
"R4_small_1","TCTGCCTGGATGTCAG-1","Island"
"R4_small_1","TCTTACGAGGAATAAG-1","Island"
"R4_small_1","TCTTACTCTGTATGCG-1","Island"
"R4_small_1","TCTTAGTCGTCTCGGC-1","Island"
"R4_small_1","TCTTGCCGGCAGTCTA-1","Island"
"R4_small_1","TGAATTATGCCGCAGT-1","Island"
"R4_small_1","TGACGCTCGCGGTAGT-1","Island"
"R4_small_1","TGAGACTATTGAATCT-1","Island"
"R4_small_1","TGAGGAATCCATAGAA-1","Island"
"R4_small_1","TGAGGTAGGACTACTG-1","Island"
"R4_small_1","TGAGTGACCTACTCGT-1","Island"
"R4_small_1","TGATCCGCACTCCTTA-1","Island"
"R4_small_1","TGATGGCCGGCATCGC-1","Island"
"R4_small_1","TGCAGACAATACTGTT-1","Island"
"R4_small_1","TGCCGAGTTAAGAACG-1","Island"
"R4_small_1","TGCCGGAACTTAGGCA-1","Island"
"R4_small_1","TGCCTAAGTTAATTAT-1","Island"
"R4_small_1","TGCCTATCGGCTATGT-1","Island"
"R4_small_1","TGCGACTACGTGCGAG-1","Island"
"R4_small_1","TGCGGATCGGATCTTA-1","Island"
"R4_small_1","TGCGTATCTTGTACCG-1","Island"
"R4_small_1","TGCTGTGAAGTCAAGA-1","Island"
"R4_small_1","TGGAAGCTCCATCGAC-1","Island"
"R4_small_1","TGGAGTGATGGCTCTT-1","Island"
"R4_small_1","TGGCAAGCGACACTTA-1","Island"
"R4_small_1","TGGCCTGACATACTCA-1","Island"
"R4_small_1","TGGTAGCATCAAGTCT-1","Island"
"R4_small_1","TGGTATTCCTAGTCCA-1","Island"
"R4_small_1","TGGTCGCCGGCTTACT-1","Island"
"R4_small_1","TGGTCTGCTCAGGTTG-1","Island"
"R4_small_1","TGGTGCAGACCGAAGT-1","Island"
"R4_small_1","TGTAGGTCTGAACGCA-1","Island"
"R4_small_1","TGTTACCTATTGGACA-1","Island"
"R4_large_1","AACGAATTGACCGGTT-1","All"
"R4_large_1","AACGAGCTAATAACTA-1","All"
"R4_large_1","AACTATCGTCATAGTC-1","All"
"R4_large_1","AACTCAACCTTGACCA-1","Island"
"R4_large_1","AACTCACCTCGGTGTT-1","All"
"R4_large_1","AACTTCATCTTCTGGT-1","All"
"R4_large_1","AACTTCGCTTAGTCAG-1","Island"
"R4_large_1","AAGACTAAGGAGATCC-1","All"
"R4_large_1","AAGCAGTGAGTGCGAC-1","All"
"R4_large_1","AAGCCACTATGTCTAA-1","All"
"R4_large_1","AAGCCAGATATCAGAA-1","All"
"R4_large_1","AAGGTGCCGCTAAGGT-1","All"
"R4_large_1","AAGTACTACAGTAGAA-1","All"
"R4_large_1","AAGTGGACGAATCTAC-1","All"
"R4_large_1","AAGTGGCGAAGTTAAT-1","Island"
"R4_large_1","AATAGTATAGTTGTCG-1","Island"
"R4_large_1","AATGAACTACGTCCAG-1","All"
"R4_large_1","AATGCAATCACTGTCG-1","All"
"R4_large_1","AATGGTCGAACGTGAA-1","All"
"R4_large_1","AATGTAGTCTTACGAG-1","All"
"R4_large_1","AATTGAATTCACTAGA-1","All"
"R4_large_1","ACAGAATCCGTTGCTT-1","All"
"R4_large_1","ACATTGCAGTTCGGCA-1","Island"
"R4_large_1","ACCAAGGCTTCGCTAG-1","All"
"R4_large_1","ACCATAACTCCTCGTA-1","All"
"R4_large_1","ACCATCCGTTCGAGTG-1","Island"
"R4_large_1","ACCGAAGCCGAATTAA-1","Island"
"R4_large_1","ACCTATAACGAACTAC-1","All"
"R4_large_1","ACCTGCTTATAGTTCG-1","All"
"R4_large_1","ACCTGCTTGAGCCTGG-1","All"
"R4_large_1","ACGAAGATCGAATTGA-1","All"
"R4_large_1","ACGATGCGAAGGAGCA-1","All"
"R4_large_1","ACGCAACGTGTAATTG-1","All"
"R4_large_1","ACGCTCAGTGCTATTC-1","All"
"R4_large_1","ACGGCTTACGTATGCC-1","All"
"R4_large_1","ACGGTTACATCCGAAG-1","All"
"R4_large_1","ACGGTTCGCAAGTAAC-1","All"
"R4_large_1","ACGTGCAATTATTCGG-1","All"
"R4_large_1","ACGTTCCATTACCTCA-1","All"
"R4_large_1","ACGTTCTATGCACGAC-1","All"
"R4_large_1","ACTATGAGGTTCTGTC-1","All"
"R4_large_1","ACTCGTATTGTCAGAA-1","Island"
"R4_large_1","ACTGAGACCTTAGCAC-1","All"
"R4_large_1","ACTGAGCGATTACTAA-1","All"
"R4_large_1","ACTGAGCGCAACTCAT-1","All"
"R4_large_1","ACTGGTAAGGCCTCAG-1","Island"
"R4_large_1","AGAACATACTGGTCGT-1","Island"
"R4_large_1","AGAAGCAATGAGGAAC-1","All"
"R4_large_1","AGACCGGAGCAACGCT-1","All"
"R4_large_1","AGACCTATCCTTATAG-1","All"
"R4_large_1","AGACGCGTGATGCATC-1","All"
"R4_large_1","AGATCTAACGAGCTCA-1","All"
"R4_large_1","AGATTGCGCCTCGCTC-1","All"
"R4_large_1","AGCACGGAGGCAGTCA-1","All"
"R4_large_1","AGCCAGATACTCGAAC-1","All"
"R4_large_1","AGCCGATGTTCTACTC-1","All"
"R4_large_1","AGCCGTATCTTCGTCT-1","All"
"R4_large_1","AGCCTACGGTGACCAA-1","All"
"R4_large_1","AGCGCATCGTGGTCGA-1","All"
"R4_large_1","AGCTATAAGTCCAGCA-1","All"
"R4_large_1","AGCTCACTATGCAGTT-1","Island"
"R4_large_1","AGCTTGAGTCAGGCCG-1","All"
"R4_large_1","AGGACCGCAATAGTTA-1","All"
"R4_large_1","AGGACCGTAGATGCTA-1","All"
"R4_large_1","AGGAGCATAATCCACT-1","All"
"R4_large_1","AGGCCTGTCTAGTGGC-1","All"
"R4_large_1","AGGTCTCACGCCAATA-1","All"
"R4_large_1","AGGTGAGCAATGTCTT-1","All"
"R4_large_1","AGGTTAGTGGCCATAG-1","All"
"R4_large_1","AGTCACTTATTCAAGG-1","All"
"R4_large_1","AGTGAGTATTCTAAGT-1","Island"
"R4_large_1","ATACTATCAACTTGTA-1","All"
"R4_large_1","ATACTATGAATGTCTT-1","All"
"R4_large_1","ATAGCTATTCGCACTC-1","Island"
"R4_large_1","ATAGGCCGGTAATTCT-1","All"
"R4_large_1","ATAGTACTATGGTTCT-1","All"
"R4_large_1","ATAGTTAAGGCACGAG-1","Island"
"R4_large_1","ATCCACATCACTGCCG-1","All"
"R4_large_1","ATCCGTTATCGAAGGC-1","All"
"R4_large_1","ATCGGCTCTATGCCTC-1","All"
"R4_large_1","ATCTGAGGAACGGTTG-1","All"
"R4_large_1","ATCTGGATCCTCAGAC-1","All"
"R4_large_1","ATCTTAGTGGCATGGA-1","All"
"R4_large_1","ATGACACTAATCGCAC-1","All"
"R4_large_1","ATGAGCTACATGGAAG-1","All"
"R4_large_1","ATGAGCTATTCGAAGA-1","All"
"R4_large_1","ATGAGTACGCTTCCTA-1","All"
"R4_large_1","ATGCATGTATGTGAGT-1","All"
"R4_large_1","ATGGAGGCCACGGCTT-1","All"
"R4_large_1","ATGTACAGTGCCTATG-1","All"
"R4_large_1","ATGTAGGTAACCGTAC-1","All"
"R4_large_1","ATGTAGTCCAGAACAT-1","All"
"R4_large_1","ATGTATCGGAATACGG-1","Island"
"R4_large_1","ATGTGAATCCATACGA-1","All"
"R4_large_1","ATGTGCGTCTGAACAG-1","Island"
"R4_large_1","ATTACTGTCGCATATT-1","Island"
"R4_large_1","ATTAGATTCGTACTCA-1","All"
"R4_large_1","ATTATCCATTGTGACA-1","Island"
"R4_large_1","ATTATGTTAAGGTAGT-1","All"
"R4_large_1","ATTCACGTCGCAGGCT-1","Island"
"R4_large_1","ATTCAGCTCCTACTAA-1","All"
"R4_large_1","ATTCCGCTCCATCAGC-1","All"
"R4_large_1","ATTCCTCAATTCCATA-1","All"
"R4_large_1","ATTGCATCACTGACTG-1","All"
"R4_large_1","ATTGCCTGATGTGCGG-1","All"
"R4_large_1","CAACCGTTAACAGACC-1","All"
"R4_large_1","CAATAACTACATTAAC-1","All"
"R4_large_1","CAATAACTCAGATGAG-1","All"
"R4_large_1","CAATTGTTGACGTGAG-1","All"
"R4_large_1","CACCAGGCACGCTATC-1","All"
"R4_large_1","CACCATTCTTACGAGC-1","All"
"R4_large_1","CACCTATTACTCAGAT-1","All"
"R4_large_1","CACCTTAGCTATTGTC-1","All"
"R4_large_1","CACGTACACTCGCACC-1","Island"
"R4_large_1","CACGTCCAATTCGACT-1","All"
"R4_large_1","CACGTCCACGACCTAT-1","Island"
"R4_large_1","CACTTGACATTCAGAA-1","Island"
"R4_large_1","CAGACAGTCGGATCTG-1","Island"
"R4_large_1","CAGAGGCACTTAAGTC-1","All"
"R4_large_1","CAGAGTCATGTACAGG-1","All"
"R4_large_1","CAGCCTGGTTGAACTA-1","All"
"R4_large_1","CAGCTTCTCCGCTCTT-1","All"
"R4_large_1","CAGGCCGTATCTGTTA-1","All"
"R4_large_1","CAGTTGCTCACGTGTC-1","All"
"R4_large_1","CATCAGTAATCAGACA-1","All"
"R4_large_1","CATCGGATCCTACCTG-1","Island"
"R4_large_1","CATGATAGGCCATGAG-1","All"
"R4_large_1","CATGGCTACTGTACGT-1","All"
"R4_large_1","CATTAGGCAATGGTTA-1","All"
"R4_large_1","CCAACTGGAGATTCAT-1","All"
"R4_large_1","CCAACTTGCCACCGTA-1","All"
"R4_large_1","CCAAGCTGGCCATTGC-1","All"
"R4_large_1","CCACGGTACACCAACC-1","All"
"R4_large_1","CCAGACAATATCGTTA-1","Island"
"R4_large_1","CCAGATTGTAGCCTAC-1","All"
"R4_large_1","CCATAGTATTGTCTGC-1","All"
"R4_large_1","CCATTGGCAATTCTCA-1","All"
"R4_large_1","CCGCAAGGTACCGTTG-1","All"
"R4_large_1","CCGCGAGGTGCGATGG-1","Island"
"R4_large_1","CCGGCGCTAAGGATGA-1","All"
"R4_large_1","CCTAACTTATGTTGGA-1","All"
"R4_large_1","CCTACCATGTGATCAC-1","All"
"R4_large_1","CCTAGCCTTCATCGGC-1","All"
"R4_large_1","CCTATCTATCAATCGC-1","Island"
"R4_large_1","CCTGCTCGCCGTCCAG-1","All"
"R4_large_1","CCTTCCGCTCCGGCAT-1","All"
"R4_large_1","CCTTGTCTTACGGTTC-1","All"
"R4_large_1","CGAACGTGAAGTCCAA-1","All"
"R4_large_1","CGAAGATCCGAAGGCA-1","All"
"R4_large_1","CGAATGGACCGTCTTG-1","All"
"R4_large_1","CGACTAGGTCCTTAAC-1","All"
"R4_large_1","CGAGCGTGCATTGTGG-1","Island"
"R4_large_1","CGAGTCACTCATAGAT-1","All"
"R4_large_1","CGAGTCCATGTCAACA-1","Island"
"R4_large_1","CGATGACCTCATCCTC-1","Island"
"R4_large_1","CGCCGGTATCTAGCAC-1","All"
"R4_large_1","CGCCTCTAATTCGCGG-1","Island"
"R4_large_1","CGCCTCTGACTATTGT-1","All"
"R4_large_1","CGCCTTGTGAAGTCTA-1","Island"
"R4_large_1","CGCTATGGTTGGTTAA-1","All"
"R4_large_1","CGCTCGCAATTGGCGA-1","All"
"R4_large_1","CGGCAACCTAAGTCCA-1","Island"
"R4_large_1","CGGCATGGCCGCTTGT-1","All"
"R4_large_1","CGTACAGACGAGGACC-1","All"
"R4_large_1","CGTAGCCAAGTCCGTC-1","All"
"R4_large_1","CGTAGTACAAGGTACT-1","All"
"R4_large_1","CTACAGAATTAATGAC-1","Island"
"R4_large_1","CTACAGGTAGAATTCC-1","All"
"R4_large_1","CTACCAGGAGACATCT-1","All"
"R4_large_1","CTACGAATTGGCTGGT-1","All"
"R4_large_1","CTAGCACGATCACTGT-1","All"
"R4_large_1","CTATTCCGGCCGTCGG-1","Island"
"R4_large_1","CTCACCTGCCGACTAA-1","All"
"R4_large_1","CTCACCTGGCTTAGGT-1","All"
"R4_large_1","CTCACCTTAATAAGAT-1","All"
"R4_large_1","CTCCATGGCGACCAGT-1","All"
"R4_large_1","CTCCGGATCCTCGCTC-1","All"
"R4_large_1","CTCGGAATTCTTGATA-1","All"
"R4_large_1","CTGAAGGAGCCTCACT-1","All"
"R4_large_1","CTGACCGCCAATTAGG-1","Island"
"R4_large_1","CTGACGTATCCGCCAC-1","Island"
"R4_large_1","CTGGAAGTCTAAGCTC-1","All"
"R4_large_1","CTGGCGCATATCCGTG-1","All"
"R4_large_1","CTGGTGAGGTCTCGTC-1","All"
"R4_large_1","CTGGTGATCCTGAAGG-1","All"
"R4_large_1","CTGGTTGGACATCACC-1","All"
"R4_large_1","CTGTCACTCGGCCTTA-1","Island"
"R4_large_1","CTTAGTCTTATTCGGA-1","All"
"R4_large_1","CTTAGTGCGACCTATT-1","All"
"R4_large_1","CTTAGTGCGTTGACGC-1","All"
"R4_large_1","CTTCCGACGCACAACC-1","Island"
"R4_large_1","CTTCGTATTAATACGG-1","All"
"R4_large_1","CTTGGAGGCCACCTGC-1","All"
"R4_large_1","GAACGCTTAGAACGTC-1","All"
"R4_large_1","GAATGACCACAATCGA-1","All"
"R4_large_1","GACCACTCCTGACGTT-1","All"
"R4_large_1","GACCGAATCTAATACG-1","Island"
"R4_large_1","GACGCAGCGTCAAGTT-1","Island"
"R4_large_1","GACGGTACCTGGCCGT-1","All"
"R4_large_1","GACTACGCCTATAGCC-1","Island"
"R4_large_1","GACTTGAACGTCCGTA-1","All"
"R4_large_1","GAGCAGACTAGTGGTA-1","All"
"R4_large_1","GAGCCAAGCGATCGTA-1","All"
"R4_large_1","GAGCTAAGGTTGCGTT-1","All"
"R4_large_1","GAGGAAGGCAACGGCG-1","Island"
"R4_large_1","GAGGTAACTGCGAGAC-1","All"
"R4_large_1","GAGGTGAGATCATTGG-1","All"
"R4_large_1","GAGGTGTAGCAACTCA-1","All"
"R4_large_1","GAGTAGATTATGGTTC-1","All"
"R4_large_1","GATAGTGACACTCCAA-1","All"
"R4_large_1","GATCCACCGCGTGCAA-1","Island"
"R4_large_1","GATGACTCTGAATCTT-1","All"
"R4_large_1","GATGGACCTGGACGGA-1","All"
"R4_large_1","GCACGCAACCATACCA-1","All"
"R4_large_1","GCACTCTTGCTACCGA-1","Island"
"R4_large_1","GCAGATACGTTGAACG-1","All"
"R4_large_1","GCAGATCCTAATGTGG-1","Island"
"R4_large_1","GCAGGCTGGTTCCAAG-1","All"
"R4_large_1","GCCGAGTCCTCGTCCA-1","Island"
"R4_large_1","GCCGGCATTCCGCCGA-1","All"
"R4_large_1","GCCTCATGCGAGCAGG-1","All"
"R4_large_1","GCGATCTTGCTCACGC-1","All"
"R4_large_1","GCTAACCATAGGCGTT-1","All"
"R4_large_1","GCTGAATGACCGTGAG-1","All"
"R4_large_1","GCTTCGATTGCGGTGC-1","All"
"R4_large_1","GCTTCGCTCAAGCGAT-1","All"
"R4_large_1","GGAATGCGCCGACAGG-1","All"
"R4_large_1","GGAATGGCAACTTGGA-1","Island"
"R4_large_1","GGACCAGATAGGATGT-1","All"
"R4_large_1","GGACTCACGGTCCAAT-1","All"
"R4_large_1","GGAGAAGCCAAGCGCT-1","All"
"R4_large_1","GGAGCGAGTGTAACTT-1","Island"
"R4_large_1","GGATTCCGACGTGATG-1","All"
"R4_large_1","GGCAATGCGAACTTAA-1","All"
"R4_large_1","GGCAGCTCCTGGACGG-1","All"
"R4_large_1","GGCCTGCGTTATGCCG-1","All"
"R4_large_1","GGCCTTCGACCAGGTA-1","Island"
"R4_large_1","GGCGACCATAGCGTTA-1","All"
"R4_large_1","GGCGCCGTCGGACATA-1","All"
"R4_large_1","GGCTCAATCAACATGA-1","Island"
"R4_large_1","GGCTGACGCCGAATCA-1","Island"
"R4_large_1","GGTAGCTTAGCCAATC-1","All"
"R4_large_1","GGTCTGAAGTATGTCA-1","All"
"R4_large_1","GGTCTGAGATCCGCCA-1","Island"
"R4_large_1","GGTCTGCGAACTGTAT-1","All"
"R4_large_1","GGTCTTGATTCAACCT-1","All"
"R4_large_1","GGTGCAGTTCCATATG-1","All"
"R4_large_1","GGTTAGACTCACTAGC-1","All"
"R4_large_1","GGTTAGTATGAGTGTC-1","All"
"R4_large_1","GTAACGGCAGCCTACA-1","All"
"R4_large_1","GTAAGTTGCGGAGCGT-1","All"
"R4_large_1","GTACAGATGACATCGC-1","All"
"R4_large_1","GTACAGTATCGGAATT-1","All"
"R4_large_1","GTAGCACGAGCTCAAG-1","All"
"R4_large_1","GTAGCATCGAAGGTCT-1","Island"
"R4_large_1","GTATCTGTCAACGGTG-1","Island"
"R4_large_1","GTATGATAGTATGGAT-1","All"
"R4_large_1","GTATGATCACTTGACG-1","All"
"R4_large_1","GTATGCTTGCGACTAA-1","All"
"R4_large_1","GTATGGTGGAGCGGCC-1","All"
"R4_large_1","GTATGTAGCTCACCTT-1","Island"
"R4_large_1","GTCAACATGGTGCTAT-1","All"
"R4_large_1","GTCACTTCTGGAGCGG-1","All"
"R4_large_1","GTCAGGTACGTGGCAT-1","All"
"R4_large_1","GTCCTTATACATTACG-1","All"
"R4_large_1","GTCGGCCGTTGTGAAT-1","All"
"R4_large_1","GTCTATCCAGGACGTC-1","All"
"R4_large_1","GTCTGATATCTGAATT-1","Island"
"R4_large_1","GTGACATGTACCACCT-1","All"
"R4_large_1","GTGACTGTCCTGGTAT-1","Island"
"R4_large_1","GTGAGCACCAGCATCC-1","All"
"R4_large_1","GTGCATGGTTGAGTTC-1","All"
"R4_large_1","GTGGAACAGAAGTCGA-1","All"
"R4_large_1","GTTCTTACTGAAGTAT-1","All"
"R4_large_1","GTTCTTGATCTGTTGA-1","All"
"R4_large_1","GTTGAAGGAAGTCGGC-1","All"
"R4_large_1","GTTGAATGGTACAGTA-1","All"
"R4_large_1","GTTGAGCTTCGTCCGG-1","All"
"R4_large_1","TAACGCATTGGTCCAA-1","All"
"R4_large_1","TAAGCACGAGACCTAC-1","All"
"R4_large_1","TAAGGATCTGAAGATA-1","All"
"R4_large_1","TAATCTGATAAGATGT-1","All"
"R4_large_1","TAATTAAGGAGTACTG-1","All"
"R4_large_1","TACACCTCGTACTCCA-1","All"
"R4_large_1","TACACTCAGCGTATAA-1","Island"
"R4_large_1","TACCTGTTAACGGCCT-1","Island"
"R4_large_1","TACTCCGCCAATACAA-1","All"
"R4_large_1","TAGACCTGAGGAGCTG-1","All"
"R4_large_1","TAGATGAGCCGTCATT-1","All"
"R4_large_1","TAGGACTTCATGTTAT-1","All"
"R4_large_1","TAGGCGAGCGATCGGT-1","All"
"R4_large_1","TAGTGAATGTTCAGTG-1","All"
"R4_large_1","TAGTGCAGTGCGGTAG-1","All"
"R4_large_1","TAGTTCAATCGACCTC-1","All"
"R4_large_1","TATCCAAGCGCCGTAG-1","All"
"R4_large_1","TATGAACTACGCGGTG-1","All"
"R4_large_1","TATGCGTACCTGAGTC-1","Island"
"R4_large_1","TCAATCAGATGACGTG-1","Island"
"R4_large_1","TCACGCTATCCACTAC-1","All"
"R4_large_1","TCAGTATGTAGGACAA-1","All"
"R4_large_1","TCAGTCATTGCAAGTG-1","All"
"R4_large_1","TCATAATTCGTGCAGA-1","All"
"R4_large_1","TCATCTGCCGCTATTC-1","All"
"R4_large_1","TCATGATTCTGATACT-1","All"
"R4_large_1","TCCAACGTGGTTGTTC-1","All"
"R4_large_1","TCCAATCTAACACGCA-1","All"
"R4_large_1","TCCAATTGGTTACAGT-1","All"
"R4_large_1","TCCGGTTCCGTTCTAG-1","All"
"R4_large_1","TCCTAATTGCGGCCTG-1","All"
"R4_large_1","TCCTACCGATCGTGGC-1","Island"
"R4_large_1","TCCTGACACTTCACGG-1","All"
"R4_large_1","TCCTGCTACATGCAGA-1","All"
"R4_large_1","TCCTTGAACAGGACCA-1","All"
"R4_large_1","TCGAATTAGTTACTCC-1","All"
"R4_large_1","TCGCCGTTGTTACAAG-1","All"
"R4_large_1","TCGCCTGCGTGCGTGG-1","All"
"R4_large_1","TCGCCTGGTGGATTCT-1","All"
"R4_large_1","TCGGAACGTCTGCAAG-1","All"
"R4_large_1","TCGGACCAGATTCAAT-1","All"
"R4_large_1","TCGGCGCTATCACGTG-1","All"
"R4_large_1","TCGGTGATCGCCGGCC-1","All"
"R4_large_1","TCGTATGCCGGACGTT-1","All"
"R4_large_1","TCTAACTCTATGTTCT-1","All"
"R4_large_1","TCTACCGGTCAATAGC-1","All"
"R4_large_1","TCTATGATCGGTGCCT-1","All"
"R4_large_1","TCTGAGCGTAATTGTC-1","Island"
"R4_large_1","TCTGCCTGGATGTCAG-1","All"
"R4_large_1","TCTTAGGCGACAGTCA-1","All"
"R4_large_1","TCTTCGCCATTCGAAT-1","Island"
"R4_large_1","TCTTGCACGTCTAATG-1","All"
"R4_large_1","TGAACGGATCTGGTAC-1","All"
"R4_large_1","TGAACGGATTCAAGTT-1","All"
"R4_large_1","TGAATTCGTGGTATAA-1","All"
"R4_large_1","TGACCAAGCTGCACAT-1","All"
"R4_large_1","TGAGACAAGGACGACC-1","All"
"R4_large_1","TGAGTACGCTGCTCAG-1","All"
"R4_large_1","TGATCCGCACTCCTTA-1","All"
"R4_large_1","TGATTCGTCTGGATCT-1","All"
"R4_large_1","TGCAGAGGAAGGCCTG-1","All"
"R4_large_1","TGCGGACCATGGTACC-1","Island"
"R4_large_1","TGCGGAGGCTGGACCG-1","All"
"R4_large_1","TGCGGATCGGATCTTA-1","All"
"R4_large_1","TGCGTTAGCACGTACC-1","All"
"R4_large_1","TGCGTTATGTTCCGGA-1","Island"
"R4_large_1","TGCTACTTGTGGCTGG-1","All"
"R4_large_1","TGCTATGGTTGCGACA-1","All"
"R4_large_1","TGGAGTCGGCAAGCTC-1","All"
"R4_large_1","TGGATCATTGTAACGG-1","All"
"R4_large_1","TGGATCCAGTCACTTC-1","All"
"R4_large_1","TGGCCAACATTCTGAG-1","All"
"R4_large_1","TGGTATTAGCTAGACC-1","All"
"R4_large_1","TGGTCTGCTCAGGTTG-1","Island"
"R4_large_1","TGGTGCCTAGCACGGC-1","All"
"R4_large_1","TGTAAGATCTTCACAT-1","Island"
"R4_large_1","TGTAATCATATGAGAC-1","All"
"R4_large_1","TGTAATGCACTACGAG-1","All"
"R4_large_1","TGTACCTGCAGGAACA-1","Island"
"R4_large_1","TGTAGCCGTACATAAC-1","All"
"R4_large_1","TGTAGGATCAGAGCGT-1","All"
"R4_large_1","TGTATGGTGCCAAGGT-1","All"
"R4_large_1","TGTTCATTGGTCCAAG-1","Island"
"R4_large_1","TGTTCTGCTCTGTCGT-1","All"
"R4_large_1","TGTTGGCCAGACCTAC-1","All"
"R4_large_2","AACAGGATTCATAGTT-1","All"
"R4_large_2","AACCAATCTGGTTGGC-1","Island"
"R4_large_2","AACCACTAACATGATT-1","Island"
"R4_large_2","AACCTACTGTAACTCA-1","All"
"R4_large_2","AACTAGCATCACGTAC-1","Island"
"R4_large_2","AACTAGGCCTGACACC-1","All"
"R4_large_2","AACTATCTAGCAGTAT-1","All"
"R4_large_2","AACTCACCGAACTTAT-1","All"
"R4_large_2","AAGATTGACACTCGAT-1","All"
"R4_large_2","AAGCAGTGTAGAATCT-1","All"
"R4_large_2","AAGCCACCATTCAAGA-1","Island"
"R4_large_2","AAGCCAGGTTACGAAC-1","Island"
"R4_large_2","AAGCCATCCGTGCTAT-1","Island"
"R4_large_2","AAGCCATCGCGATATG-1","Island"
"R4_large_2","AAGCGTTCGTCTGTCC-1","All"
"R4_large_2","AAGGCAGTCTGATCAC-1","All"
"R4_large_2","AAGGCATGAACAGCTC-1","All"
"R4_large_2","AAGGCCAGTCGCAATT-1","All"
"R4_large_2","AAGGCCTCGCGAGGAA-1","All"
"R4_large_2","AAGGTGGATATGATCG-1","Island"
"R4_large_2","AAGTCTACCGGTTGGA-1","All"
"R4_large_2","AAGTGGTTCCTCGCGT-1","All"
"R4_large_2","AATACGGTACGGCCTA-1","All"
"R4_large_2","AATACTAACCACTTAT-1","Island"
"R4_large_2","AATAGTCGTTATCTAG-1","Island"
"R4_large_2","AATGTAGTCTTACGAG-1","Island"
"R4_large_2","AATTCTAACATCGTGC-1","All"
"R4_large_2","AATTCTCGCACCAGTA-1","All"
"R4_large_2","ACAGAATGTTGAGTCC-1","All"
"R4_large_2","ACAGCCAGGCATAAGC-1","All"
"R4_large_2","ACATGTTGCTTGATCT-1","Island"
"R4_large_2","ACCGAGAACGTGTTGG-1","All"
"R4_large_2","ACCGAGGTGATACCGA-1","Island"
"R4_large_2","ACCGGCTATCGTGCGG-1","All"
"R4_large_2","ACCTATGCTACCGGAT-1","Island"
"R4_large_2","ACGCAATAGTATACGA-1","All"
"R4_large_2","ACGCACATTGTAAGTA-1","Island"
"R4_large_2","ACGCGGAAGAGTTCCG-1","Island"
"R4_large_2","ACGCTCAGTGCTATTC-1","Island"
"R4_large_2","ACGGCTTAACGATAGT-1","All"
"R4_large_2","ACGGCTTATTGGTATG-1","Island"
"R4_large_2","ACGGCTTCAGGTACCG-1","All"
"R4_large_2","ACGTGAAGGTCGCCTC-1","All"
"R4_large_2","ACGTTAATACAATGAC-1","All"
"R4_large_2","ACTCCTATGTTCCTAC-1","Island"
"R4_large_2","ACTCTGACCTTACTGA-1","All"
"R4_large_2","ACTGAGACCTTAGCAC-1","All"
"R4_large_2","ACTGAGCGATTACTAA-1","All"
"R4_large_2","ACTGGTGATTCCGATC-1","All"
"R4_large_2","AGAAGCAATGAGGAAC-1","All"
"R4_large_2","AGAATTCTGTTGACAA-1","All"
"R4_large_2","AGACCTCAGCGAGGTG-1","Island"
"R4_large_2","AGATAGGTGACCGCGT-1","All"
"R4_large_2","AGATCTCCGCCTTATT-1","Island"
"R4_large_2","AGCACGGAGGCAGTCA-1","All"
"R4_large_2","AGCAGGTAAGTATCTG-1","All"
"R4_large_2","AGCAGGTATGCCATTG-1","Island"
"R4_large_2","AGCATGCACCGCGTCA-1","All"
"R4_large_2","AGCGGATCGCGGACAG-1","All"
"R4_large_2","AGCGGTTAGACTCGCC-1","All"
"R4_large_2","AGCGTGCTTCGCTCAT-1","All"
"R4_large_2","AGCGTTGGCTCACGAT-1","Island"
"R4_large_2","AGCTATAGAATAGTCT-1","Island"
"R4_large_2","AGCTCAACATCGTCCG-1","Island"
"R4_large_2","AGGACCGCAATAGTTA-1","All"
"R4_large_2","AGGATGAGTGCGTGCG-1","All"
"R4_large_2","AGGTACGGAAGTCAAC-1","All"
"R4_large_2","AGGTGAAGTGACGACT-1","All"
"R4_large_2","AGGTGAGCAATGTCTT-1","All"
"R4_large_2","AGGTTCCACGCCGAAG-1","Island"
"R4_large_2","AGTATTACGGTATTCG-1","Island"
"R4_large_2","AGTCCGTGATCACTAC-1","Island"
"R4_large_2","AGTCGGTTGGTTGGCG-1","All"
"R4_large_2","AGTCTAGGATTGTCAC-1","All"
"R4_large_2","AGTGAGGTCTGTGCTC-1","Island"
"R4_large_2","AGTGTCTAGGCTAATA-1","All"
"R4_large_2","AGTGTCTTAAGCTTGT-1","All"
"R4_large_2","AGTTAAGACTGGCTCC-1","All"
"R4_large_2","ATAACGAAGAGCACGC-1","Island"
"R4_large_2","ATACAATTGCGGTATT-1","All"
"R4_large_2","ATACGGCGACTGGTCT-1","All"
"R4_large_2","ATAGCTTCGTGGAACG-1","Island"
"R4_large_2","ATAGGCCGGTAATTCT-1","All"
"R4_large_2","ATAGTTCGGTTCCAGA-1","Island"
"R4_large_2","ATCCACTCGTACTCGG-1","Island"
"R4_large_2","ATCCGAGTACCACGTG-1","All"
"R4_large_2","ATCCGATGTCTGTCAC-1","Island"
"R4_large_2","ATCGACCGGAGTATCG-1","All"
"R4_large_2","ATCGATGTCAGATAGA-1","All"
"R4_large_2","ATCGTACCGCGTACGC-1","All"
"R4_large_2","ATCTACAGGAGTGCAC-1","All"
"R4_large_2","ATCTACCATATTCCAG-1","Island"
"R4_large_2","ATCTTAAGCTCCTTGA-1","All"
"R4_large_2","ATGAACAATCGATGCG-1","Island"
"R4_large_2","ATGAAGCTGAATCCAG-1","All"
"R4_large_2","ATGACGAGATCATTAA-1","All"
"R4_large_2","ATGAGCTATTCGAAGA-1","Island"
"R4_large_2","ATGCATGTATGTGAGT-1","All"
"R4_large_2","ATGCATGTCACTCGTG-1","All"
"R4_large_2","ATGCCAGCTGCCATCT-1","Island"
"R4_large_2","ATGCTCCAACCTGGCC-1","All"
"R4_large_2","ATGCTCGCCTCCAATT-1","All"
"R4_large_2","ATGCTGACAGTTACAT-1","All"
"R4_large_2","ATGCTGGCTTACTACA-1","All"
"R4_large_2","ATGGTAACGGACCGGA-1","Island"
"R4_large_2","ATGTATCCATAAGTTG-1","All"
"R4_large_2","ATGTCATACTTAGACC-1","Island"
"R4_large_2","ATGTGAATCCATACGA-1","All"
"R4_large_2","ATGTTACGCCATTCCT-1","All"
"R4_large_2","ATGTTCTGCCTTATCT-1","Island"
"R4_large_2","ATTACCTTCGCAGAAG-1","Island"
"R4_large_2","ATTACTGTACGCGGTG-1","Island"
"R4_large_2","ATTAGCCTCAGTAGAT-1","Island"
"R4_large_2","ATTAGTGAGGTATCGC-1","All"
"R4_large_2","ATTCACATAGGATGAG-1","All"
"R4_large_2","ATTCAGCTCCTACTAA-1","All"
"R4_large_2","ATTCATAGCGAAGCGT-1","All"
"R4_large_2","ATTCCGCAACGCCGCT-1","All"
"R4_large_2","ATTCCTGCCTTAACAG-1","All"
"R4_large_2","ATTGACGCCAGCCAAG-1","All"
"R4_large_2","ATTGATAACACTAAGA-1","Island"
"R4_large_2","ATTGCACGACCACTTG-1","All"
"R4_large_2","ATTGGCCTTCCGTGCA-1","All"
"R4_large_2","ATTGTTATACTTCACG-1","Island"
"R4_large_2","CAAGGCAAGCATCTCG-1","All"
"R4_large_2","CAAGGTCTCAATACAG-1","All"
"R4_large_2","CAAGTACTCCGCATCG-1","All"
"R4_large_2","CAATAAGGTAACTCGT-1","Island"
"R4_large_2","CACGGATTCTCATCAC-1","All"
"R4_large_2","CACGGCGACGGTGCCT-1","All"
"R4_large_2","CACGGCTGCGCTTGGC-1","All"
"R4_large_2","CACGTCCAATTCGACT-1","Island"
"R4_large_2","CACGTCCATCTACTGA-1","Island"
"R4_large_2","CACTACTGGCTGAACC-1","All"
"R4_large_2","CACTCAGTGGTCCTTC-1","Island"
"R4_large_2","CACTGGATCGATACGA-1","All"
"R4_large_2","CACTGGCGGTAACACC-1","All"
"R4_large_2","CAGAACGTATCGACTT-1","All"
"R4_large_2","CAGACGAATGAGGAAC-1","All"
"R4_large_2","CAGACGATACAGATCG-1","Island"
"R4_large_2","CAGCATAGACTAGGCA-1","Island"
"R4_large_2","CAGCCTCGTGGCTCAC-1","All"
"R4_large_2","CAGTCTGGTAATCTAC-1","Island"
"R4_large_2","CAGTGCCTTGCGGTCT-1","All"
"R4_large_2","CAGTTGCGACTTCTCG-1","All"
"R4_large_2","CATACAATGAGTAGCT-1","Island"
"R4_large_2","CATGCAGAAGTCAGGA-1","All"
"R4_large_2","CATTCTCCAGTCACCA-1","Island"
"R4_large_2","CCAATTATGACACTGG-1","All"
"R4_large_2","CCACGGTACACCAACC-1","Island"
"R4_large_2","CCAGAACCGTGCATCC-1","Island"
"R4_large_2","CCAGATTGTAGCCTAC-1","Island"
"R4_large_2","CCAGGTCCACATCCAT-1","Island"
"R4_large_2","CCGACAAGACTGTACT-1","All"
"R4_large_2","CCGATAATGGAGCCTT-1","All"
"R4_large_2","CCGCAAGGAAGGAGGC-1","All"
"R4_large_2","CCGCTCGCTAGTCTAA-1","Island"
"R4_large_2","CCGGCGTCCTCATTGT-1","All"
"R4_large_2","CCGTGCACATCTGGCA-1","Island"
"R4_large_2","CCTACCATGTGATCAC-1","Island"
"R4_large_2","CCTGAAGCGTATAGCA-1","All"
"R4_large_2","CCTGCTCGCCGTCCAG-1","Island"
"R4_large_2","CGACAATCATACGCAC-1","All"
"R4_large_2","CGACCTTGGCGTTCTA-1","Island"
"R4_large_2","CGACTATTGGTACTAT-1","All"
"R4_large_2","CGAGTCCGTTGGAACT-1","All"
"R4_large_2","CGCAGAGCAGTCCGAG-1","All"
"R4_large_2","CGCCACAATAGCTCAA-1","All"
"R4_large_2","CGCCGGTATCTAGCAC-1","Island"
"R4_large_2","CGCCTCGAGCCACTCG-1","All"
"R4_large_2","CGCCTCTACTCGGAAC-1","All"
"R4_large_2","CGCCTCTGACTATTGT-1","All"
"R4_large_2","CGCTAGACTTCATCAC-1","All"
"R4_large_2","CGCTTAGAATTCTTAC-1","All"
"R4_large_2","CGGAGTAAGTGCACAT-1","Island"
"R4_large_2","CGGAGTCTTACGTGAA-1","Island"
"R4_large_2","CGGAGTGGCGACTAAG-1","All"
"R4_large_2","CGGATTCCAGACGGTT-1","All"
"R4_large_2","CGGCATTATCGCGTGG-1","All"
"R4_large_2","CGGCGTTGGTTGCAGC-1","Island"
"R4_large_2","CGGCTTGTGCCGGCCT-1","All"
"R4_large_2","CGGTCAACGGCGGATT-1","All"
"R4_large_2","CGGTCATGGAGGACTC-1","All"
"R4_large_2","CGGTCTGCTTGAATGA-1","Island"
"R4_large_2","CGGTGAACGGTTAGAT-1","Island"
"R4_large_2","CGGTGAACTCACATTG-1","All"
"R4_large_2","CGGTGAACTCCACCAG-1","All"
"R4_large_2","CGTAACATTCGCGATA-1","All"
"R4_large_2","CGTAACCTGACATCGA-1","All"
"R4_large_2","CGTAAGCCGACCGCTT-1","Island"
"R4_large_2","CGTGTTAACCTGAAGC-1","Island"
"R4_large_2","CGTTACGTGCAGATGG-1","All"
"R4_large_2","CGTTGTGAGCAAGTGG-1","All"
"R4_large_2","CTACAGAACCAGTTGA-1","All"
"R4_large_2","CTACAGGTCGCTAAGC-1","Island"
"R4_large_2","CTACCATCGATGAGAA-1","All"
"R4_large_2","CTACGAGCCTGGAGAC-1","Island"
"R4_large_2","CTACGATGCGTCCGGC-1","All"
"R4_large_2","CTACGCTACATCTGTT-1","All"
"R4_large_2","CTATCCATTGAGCCAC-1","All"
"R4_large_2","CTATCGAGATGCCTAC-1","All"
"R4_large_2","CTATCGGCCGTCTGAC-1","All"
"R4_large_2","CTATTAGACTAAGTGG-1","All"
"R4_large_2","CTATTCTGCAACGCAC-1","All"
"R4_large_2","CTCACCAGGAATTGAC-1","All"
"R4_large_2","CTCACCGTGACTCGGA-1","All"
"R4_large_2","CTCACCTGCCGACTAA-1","All"
"R4_large_2","CTCCTGTCGAAGCCAA-1","All"
"R4_large_2","CTCCTTATGGAACCTT-1","All"
"R4_large_2","CTCGCATACTCAACTC-1","Island"
"R4_large_2","CTCGGAATTCTTGATA-1","Island"
"R4_large_2","CTGAATTCGCGTAAGG-1","All"
"R4_large_2","CTGACCGCCAATTAGG-1","All"
"R4_large_2","CTGACTCGAATTCGTG-1","All"
"R4_large_2","CTGATTAACAGCGGCC-1","Island"
"R4_large_2","CTGATTGCTTCTAGAA-1","All"
"R4_large_2","CTGCATAATGGACCGC-1","All"
"R4_large_2","CTGCCACGTGTTAATA-1","All"
"R4_large_2","CTGGAACAATAGACAG-1","All"
"R4_large_2","CTGGCGGACAACGCAC-1","All"
"R4_large_2","CTGGTGCGAGAAGCTT-1","All"
"R4_large_2","CTGGTGCTACAGTATT-1","Island"
"R4_large_2","CTGGTTGGACATCACC-1","All"
"R4_large_2","CTGTATGGCTCAACAT-1","Island"
"R4_large_2","CTGTCAGGCTTCCTAA-1","Island"
"R4_large_2","CTGTCAGGTGGATCGT-1","All"
"R4_large_2","CTTAGCAACTAGGACC-1","Island"
"R4_large_2","CTTAGCGTAGCGTGCG-1","All"
"R4_large_2","CTTAGCTTAGTTCTCG-1","All"
"R4_large_2","CTTAGTCTCGACAACT-1","All"
"R4_large_2","CTTAGTCTGTGCATCC-1","All"
"R4_large_2","CTTCAAGTAACAGCTT-1","All"
"R4_large_2","CTTGAACTTAGAGGAA-1","All"
"R4_large_2","GAACCGAACGAAGACT-1","Island"
"R4_large_2","GAACTACAAGTAGGAG-1","All"
"R4_large_2","GAAGGATGGTATACGT-1","All"
"R4_large_2","GACAATTGTATGCTTC-1","All"
"R4_large_2","GACAGCAACTCAGAAC-1","Island"
"R4_large_2","GACATCTGCGGTCTTG-1","Island"
"R4_large_2","GACATTATCTTAATCT-1","All"
"R4_large_2","GACCGTATTAGACCGG-1","All"
"R4_large_2","GACCTGCTGTACGAAG-1","Island"
"R4_large_2","GACGCCTCGTCAGAGG-1","Island"
"R4_large_2","GACGTACAGGAACGCT-1","Island"
"R4_large_2","GACTGCGGTCTGCGTG-1","All"
"R4_large_2","GACTTCATACCGCTGT-1","All"
"R4_large_2","GAGCAGACTAGTGGTA-1","All"
"R4_large_2","GAGCCAAGCGATCGTA-1","Island"
"R4_large_2","GAGCGAATCGGTAGAA-1","Island"
"R4_large_2","GAGCTAAGGTTGCGTT-1","Island"
"R4_large_2","GAGGACAGATCGCCTA-1","Island"
"R4_large_2","GAGGTCCAAGTAGCTA-1","Island"
"R4_large_2","GAGGTGAGATCATTGG-1","All"
"R4_large_2","GAGTCCTCTAGCGACA-1","All"
"R4_large_2","GATAGAGTCTGAATCG-1","All"
"R4_large_2","GATAGAGTGATAAGCT-1","Island"
"R4_large_2","GATATCCATATGAGGC-1","Island"
"R4_large_2","GATATCTTGTGACACG-1","All"
"R4_large_2","GATCACGAACGTTGAG-1","All"
"R4_large_2","GATGGACGGCAGATGA-1","All"
"R4_large_2","GATTCCGCTATCGGCT-1","All"
"R4_large_2","GATTCCTGCAGATCGT-1","Island"
"R4_large_2","GATTGTCGCAACGAGG-1","All"
"R4_large_2","GCAATCCTCGAGCGTT-1","Island"
"R4_large_2","GCACGAGCAGTACCGA-1","All"
"R4_large_2","GCACGCAACCATACCA-1","All"
"R4_large_2","GCACGGAAGGATAGTA-1","All"
"R4_large_2","GCAGGTCACTACCTCA-1","All"
"R4_large_2","GCATTGGTTACCAAGC-1","All"
"R4_large_2","GCCACGCCTTAGTACG-1","Island"
"R4_large_2","GCCATTGCATGTTAAC-1","All"
"R4_large_2","GCCTGTTAACGGACGA-1","All"
"R4_large_2","GCGAATAGTGGCTAAT-1","All"
"R4_large_2","GCGACAGTGCCGCACC-1","All"
"R4_large_2","GCGTAACGTTACAGGT-1","Island"
"R4_large_2","GCGTTGTATCGGAGCT-1","Island"
"R4_large_2","GCTCCTATGTCTTCGC-1","Island"
"R4_large_2","GCTGACTTGTCTCAAT-1","All"
"R4_large_2","GCTGAGTGTTCAACCG-1","Island"
"R4_large_2","GCTGTCGCGATGGTAG-1","All"
"R4_large_2","GCTGTTATGGTTGCCG-1","Island"
"R4_large_2","GCTGTTCAACCGAATA-1","Island"
"R4_large_2","GCTGTTGATAGTCTTA-1","All"
"R4_large_2","GCTTGAGCTCTTGACA-1","All"
"R4_large_2","GCTTGCAATACAAGGC-1","Island"
"R4_large_2","GCTTGCCATAGTGGAT-1","All"
"R4_large_2","GGAAGCATTAGAGGCA-1","All"
"R4_large_2","GGAAGCTGAGATAAGG-1","All"
"R4_large_2","GGAGAAGCCAAGCGCT-1","Island"
"R4_large_2","GGAGATCCGTAGGATA-1","All"
"R4_large_2","GGAGATGGCTCGAGAT-1","All"
"R4_large_2","GGAGTGTCCATGTATT-1","All"
"R4_large_2","GGATAAGTCAGGATAG-1","Island"
"R4_large_2","GGATGGATCACTCATA-1","All"
"R4_large_2","GGATTCCGACGTGATG-1","Island"
"R4_large_2","GGCATAATCCTTCATG-1","Island"
"R4_large_2","GGCATTCCGATGCTCG-1","Island"
"R4_large_2","GGCTGTTCAATGTCAA-1","Island"
"R4_large_2","GGCTTGCCATAGGCTC-1","All"
"R4_large_2","GGTACGCTTACCTGCG-1","All"
"R4_large_2","GGTAGCTTAGCCAATC-1","All"
"R4_large_2","GGTAGTACAGGTTAGA-1","Island"
"R4_large_2","GGTGCACTCCGGTTCG-1","All"
"R4_large_2","GGTGCAGGCACCGCGT-1","All"
"R4_large_2","GGTGCAGTTCCATATG-1","Island"
"R4_large_2","GGTTAGCTTCATGAGT-1","Island"
"R4_large_2","GGTTCTCCTATCAGTT-1","All"
"R4_large_2","GTACAGATGACATCGC-1","All"
"R4_large_2","GTACCTGTCTTACTGT-1","All"
"R4_large_2","GTACCTTCATGTGCAA-1","All"
"R4_large_2","GTACGAAGATTATCCG-1","All"
"R4_large_2","GTACGCCTCGCTTCCA-1","Island"
"R4_large_2","GTACGCTCGCCAACAT-1","Island"
"R4_large_2","GTACGCTTGATACCAC-1","Island"
"R4_large_2","GTACTACCGTTAGGTG-1","All"
"R4_large_2","GTAGCAGAACATGGTG-1","Island"
"R4_large_2","GTATCTAGCTACCAGC-1","All"
"R4_large_2","GTATGCCTATCTTGCG-1","All"
"R4_large_2","GTATTACGAGTCAATC-1","All"
"R4_large_2","GTATTACGGCCATTAT-1","All"
"R4_large_2","GTATTACGGTATTGAG-1","All"
"R4_large_2","GTCAACAGACGCACGT-1","Island"
"R4_large_2","GTCAGCCAACATCACG-1","Island"
"R4_large_2","GTCAGCGATTGATTCA-1","All"
"R4_large_2","GTCCTGCTTACGGCTG-1","Island"
"R4_large_2","GTCCTTCGGAACCTGC-1","All"
"R4_large_2","GTCGCAGATTACTGCA-1","Island"
"R4_large_2","GTCGTAGACTGACAAG-1","All"
"R4_large_2","GTCTAGGACAGGATAA-1","All"
"R4_large_2","GTCTATCAGTACTAAT-1","All"
"R4_large_2","GTCTGTGGATCTGACG-1","All"
"R4_large_2","GTCTTCGGTAGCTACA-1","All"
"R4_large_2","GTCTTGCTGGACGATA-1","All"
"R4_large_2","GTGACCGTGGATTAGC-1","All"
"R4_large_2","GTGATGGATTAGAACA-1","All"
"R4_large_2","GTGCAACTACTGTACG-1","Island"
"R4_large_2","GTGCAGTTGTGGCGCT-1","Island"
"R4_large_2","GTGCTCGCTTGATCGG-1","All"
"R4_large_2","GTGGAGTACAATCAAT-1","All"
"R4_large_2","GTGGTACTTGGTTGGA-1","All"
"R4_large_2","GTGGTTGACAAGGAGC-1","All"
"R4_large_2","GTTAGGTCCACTGGCG-1","Island"
"R4_large_2","GTTGAGCTTCGTCCGG-1","All"
"R4_large_2","TAACATGCGTGCGAAC-1","All"
"R4_large_2","TAACATGGCCACCTCC-1","All"
"R4_large_2","TAACGAATCCTAGATA-1","All"
"R4_large_2","TAACGTGCCATAGTTA-1","Island"
"R4_large_2","TAAGATTGCTCACTTC-1","All"
"R4_large_2","TAATTAGCTCGATTGT-1","Island"
"R4_large_2","TAATTGACGTCGTTCC-1","Island"
"R4_large_2","TACAAGTGTCTGTCCG-1","All"
"R4_large_2","TACAGTACTTAGTGTA-1","Island"
"R4_large_2","TACATCGTCAGCGGTT-1","All"
"R4_large_2","TACCTGTTAACGGCCT-1","All"
"R4_large_2","TACGACGTCTCATATT-1","Island"
"R4_large_2","TACGGAGGAAGCACCT-1","All"
"R4_large_2","TACGGATCTTGCGATG-1","All"
"R4_large_2","TACGGTAGTTGCGTGA-1","All"
"R4_large_2","TACGTACACCTTAAGC-1","Island"
"R4_large_2","TACTCCGCCAATACAA-1","Island"
"R4_large_2","TAGAACATGATTAACA-1","All"
"R4_large_2","TAGACATGGTTAGGTC-1","All"
"R4_large_2","TAGACATTGACTTGCA-1","All"
"R4_large_2","TAGACCAGGTACGATC-1","All"
"R4_large_2","TAGACCATCGATTGAG-1","Island"
"R4_large_2","TAGATGCGTGCCAGCG-1","All"
"R4_large_2","TAGCAGTGATTCTGTC-1","Island"
"R4_large_2","TAGCTAGAGCACGCCG-1","All"
"R4_large_2","TAGCTATGTTGAGCAC-1","All"
"R4_large_2","TAGGACATCAGCATGG-1","All"
"R4_large_2","TAGTGAACATGCAGAT-1","All"
"R4_large_2","TATCAAGGCCGCGTGG-1","All"
"R4_large_2","TATCACCGGCATCGTG-1","All"
"R4_large_2","TATGACGGAGATTGGC-1","All"
"R4_large_2","TATGAGCGATCCATTA-1","All"
"R4_large_2","TATGGCCTCACGTACA-1","Island"
"R4_large_2","TATTCCGGTTGTTAAT-1","All"
"R4_large_2","TATTCGTTAATGCTCC-1","All"
"R4_large_2","TATTGAATTAAGCGTT-1","All"
"R4_large_2","TCAAGGAACCTATTGC-1","All"
"R4_large_2","TCAATTAATAGAACCT-1","All"
"R4_large_2","TCACCATAGATTGTTA-1","All"
"R4_large_2","TCAGAATCTAATAGTC-1","Island"
"R4_large_2","TCAGCTACCAACTCCG-1","All"
"R4_large_2","TCAGTCGTGCCGGCAG-1","All"
"R4_large_2","TCAGTTGACAGTGCCA-1","All"
"R4_large_2","TCAGTTGCTAAGCCTA-1","Island"
"R4_large_2","TCATCTATCCACGATT-1","Island"
"R4_large_2","TCATCTTCGACACCGT-1","Island"
"R4_large_2","TCATGCAGCGCCTTCG-1","All"
"R4_large_2","TCCAACAGATGCGGCA-1","All"
"R4_large_2","TCCAACGTGGTTGTTC-1","All"
"R4_large_2","TCCAACTGGCTGAAGA-1","All"
"R4_large_2","TCCAATACTATCTGTT-1","All"
"R4_large_2","TCCAATCCAGATACAT-1","All"
"R4_large_2","TCCACCAAGTGACGAA-1","All"
"R4_large_2","TCCAGTGATTGGTGCT-1","All"
"R4_large_2","TCCGCCAACATTGCTC-1","Island"
"R4_large_2","TCCGCCGGTCTATTCA-1","Island"
"R4_large_2","TCCGGTACGTGGCCTC-1","All"
"R4_large_2","TCCGTCGGTACAAGTT-1","Island"
"R4_large_2","TCCTACCGATCGTGGC-1","All"
"R4_large_2","TCCTATGAGGATTGTT-1","Island"
"R4_large_2","TCCTCATGGCACCGTT-1","Island"
"R4_large_2","TCCTGATAAGTGCCGT-1","All"
"R4_large_2","TCGAATTAGTTACTCC-1","Island"
"R4_large_2","TCGACGAAGAGCAAGT-1","All"
"R4_large_2","TCGCACTGCTGTGCTC-1","All"
"R4_large_2","TCGCACTTACTGAAGT-1","All"
"R4_large_2","TCGGACCAGATTCAAT-1","All"
"R4_large_2","TCGGCACTGGCGCCGA-1","All"
"R4_large_2","TCGTCAAGCCTAATCT-1","All"
"R4_large_2","TCTAGAACTTCTTGCA-1","Island"
"R4_large_2","TCTGAGCGTAATTGTC-1","All"
"R4_large_2","TCTGCCTGGATGTCAG-1","Island"
"R4_large_2","TCTTACCGCACTGAAT-1","All"
"R4_large_2","TCTTACGAATCAGTGC-1","All"
"R4_large_2","TCTTAGGCGACAGTCA-1","Island"
"R4_large_2","TCTTCGAATTGTATAC-1","Island"
"R4_large_2","TCTTGCCGGAGCCAGA-1","All"
"R4_large_2","TCTTGTTATTCTTGAT-1","All"
"R4_large_2","TGAATTCGTGGTATAA-1","All"
"R4_large_2","TGACCATCCGCCACGT-1","All"
"R4_large_2","TGACGCTCACCAAGCC-1","All"
"R4_large_2","TGACGCTTACTAGACA-1","All"
"R4_large_2","TGAGATGCTCTAATGA-1","All"
"R4_large_2","TGAGGAATCCATAGAA-1","Island"
"R4_large_2","TGAGTAAGCGCAATCC-1","All"
"R4_large_2","TGATCCGCACTCCTTA-1","All"
"R4_large_2","TGCACCGGTCACCTCC-1","All"
"R4_large_2","TGCAGTACAACGAGTG-1","Island"
"R4_large_2","TGCATTCGCCAGCGAT-1","All"
"R4_large_2","TGCATTCTTACGGAGG-1","Island"
"R4_large_2","TGCCACTTAAGTGATG-1","Island"
"R4_large_2","TGCCAGCTATTGTAGA-1","All"
"R4_large_2","TGCCGGAACTTAGGCA-1","Island"
"R4_large_2","TGCGACTACGTGCGAG-1","Island"
"R4_large_2","TGCGGATCGGATCTTA-1","Island"
"R4_large_2","TGCGTCTGGATCGGAT-1","All"
"R4_large_2","TGCGTTGTATTGCCTG-1","All"
"R4_large_2","TGCTGTATTAGCGGTC-1","All"
"R4_large_2","TGCTGTGAAGTCAAGA-1","Island"
"R4_large_2","TGGAAGACTAGTCTTG-1","All"
"R4_large_2","TGGAAGCCATAACAGT-1","All"
"R4_large_2","TGGAGTCGGCAAGCTC-1","All"
"R4_large_2","TGGATCGGCCTCCATG-1","All"
"R4_large_2","TGGCATGTTCGAACAG-1","All"
"R4_large_2","TGGCCACTCCGCGGAC-1","All"
"R4_large_2","TGGTATTAGCTAGACC-1","Island"
"R4_large_2","TGTAGGATCAGAGCGT-1","Island"
"R4_large_2","TGTAGGTCTGAACGCA-1","Island"
"R4_large_2","TGTCAACTTATTCAAT-1","All"
"R4_large_2","TGTCAAGCGGATCGGT-1","All"
"R4_large_2","TGTCAGACGAAGCACC-1","Island"
"R4_large_2","TGTCTACTAGATTGCC-1","Island"
"R4_large_2","TGTTCATAGTATGACG-1","All"
"R4_large_3","AACAGGAAGAGCATAG-1","All"
"R4_large_3","AACATAGTCTATCTAC-1","All"
"R4_large_3","AACATGCGCAAGTGAG-1","All"
"R4_large_3","AACCATCGGAAGCGAC-1","All"
"R4_large_3","AACCTAAGATACTGAG-1","All"
"R4_large_3","AACGAGCCTCTTCGGC-1","All"
"R4_large_3","AACTATCTAGCAGTAT-1","All"
"R4_large_3","AAGACAATCTCCTGCA-1","All"
"R4_large_3","AAGAGCAGATGTGCCA-1","All"
"R4_large_3","AAGATAGTCGACCTTG-1","All"
"R4_large_3","AAGATGAAGGTCATCG-1","All"
"R4_large_3","AAGCAGTATCAGAATC-1","All"
"R4_large_3","AAGCGAGGAAGTGAAC-1","All"
"R4_large_3","AAGGCAGTCTGATCAC-1","All"
"R4_large_3","AAGGTGGATATGATCG-1","All"
"R4_large_3","AAGTGGTTCCTCGCGT-1","All"
"R4_large_3","AAGTTAAGCACTATAA-1","All"
"R4_large_3","AATACGGTACGGCCTA-1","All"
"R4_large_3","AATAGCACGGAAGCGA-1","All"
"R4_large_3","AATCGACTATCGCTAG-1","All"
"R4_large_3","AATCTATCTAACCGAG-1","All"
"R4_large_3","AATGGCTCCACGAATT-1","All"
"R4_large_3","AATGTAGTCTTACGAG-1","All"
"R4_large_3","AATTCTTGGATACGGA-1","All"
"R4_large_3","AATTGGAGACATGGAG-1","All"
"R4_large_3","AATTGTAGAATCCTAG-1","All"
"R4_large_3","ACAATACAATCCTTAA-1","All"
"R4_large_3","ACAATATCATCCGGTA-1","All"
"R4_large_3","ACAGAATAAGAACCAT-1","All"
"R4_large_3","ACATGTTCCAGGACGT-1","All"
"R4_large_3","ACATTCCTGAGTTCCG-1","All"
"R4_large_3","ACATTGAATACGCATA-1","All"
"R4_large_3","ACATTGATCGTAATCC-1","All"
"R4_large_3","ACCAAGCACTTGCGCA-1","All"
"R4_large_3","ACCACGGAAGTTAATT-1","All"
"R4_large_3","ACCATCCGTTCGAGTG-1","All"
"R4_large_3","ACCATTAGATCGTGGC-1","All"
"R4_large_3","ACCGAGAACGTGTTGG-1","All"
"R4_large_3","ACCGATTGAGGATCTG-1","All"
"R4_large_3","ACCGTAGGCGGAGGTT-1","All"
"R4_large_3","ACCTGCCAGAGGATCT-1","All"
"R4_large_3","ACGACTGAAGACTTAC-1","All"
"R4_large_3","ACGAGGCTAGGTGGCT-1","All"
"R4_large_3","ACGATGCGAAGGAGCA-1","All"
"R4_large_3","ACGCAATAGTATACGA-1","All"
"R4_large_3","ACGCGTTCCAGCCTTC-1","All"
"R4_large_3","ACGGCTATGGCATACC-1","All"
"R4_large_3","ACGGCTTACGTATGCC-1","All"
"R4_large_3","ACGGTCGCATCTAGAA-1","All"
"R4_large_3","ACTACGCCTCATGATT-1","All"
"R4_large_3","ACTCGAACGTTCGTTA-1","All"
"R4_large_3","ACTCGTTCCTGATACA-1","All"
"R4_large_3","ACTCTGACCTTACTGA-1","All"
"R4_large_3","ACTGACGGCCATGTCT-1","All"
"R4_large_3","AGACCGAACCGATGTC-1","All"
"R4_large_3","AGACCGGACTGTCCAT-1","All"
"R4_large_3","AGACCGGAGCAACGCT-1","All"
"R4_large_3","AGACTCATTGCGGACA-1","All"
"R4_large_3","AGCAACAGTATGTCGC-1","All"
"R4_large_3","AGCCGATGTTCTACTC-1","All"
"R4_large_3","AGCGACAGCTACATCG-1","All"
"R4_large_3","AGCGGTACGCCGAGAA-1","All"
"R4_large_3","AGCGGTGAGTGACATG-1","All"
"R4_large_3","AGCTGACGTAACGCTG-1","All"
"R4_large_3","AGCTGTCCAGATGCTA-1","All"
"R4_large_3","AGCTTGGATGCAAGCC-1","All"
"R4_large_3","AGGACCGTAGATGCTA-1","All"
"R4_large_3","AGGACGAAGCCTCCTT-1","All"
"R4_large_3","AGGATAGGCTCAGTTG-1","All"
"R4_large_3","AGGCCGCAGAATAACG-1","All"
"R4_large_3","AGGCTTAACCGATTGT-1","All"
"R4_large_3","AGGTCTCACGCCAATA-1","All"
"R4_large_3","AGTGCGCAACATGCGT-1","All"
"R4_large_3","AGTGTCTAGGCTAATA-1","All"
"R4_large_3","AGTGTTCGAGGATGAA-1","All"
"R4_large_3","AGTTGTCCACAGACCA-1","All"
"R4_large_3","ATAACTGAACTCCTGG-1","All"
"R4_large_3","ATAATCCGTTCCGTTC-1","All"
"R4_large_3","ATAATTAGTTCTACGG-1","All"
"R4_large_3","ATACGGTCCTTGTCTT-1","All"
"R4_large_3","ATACTATGACTTCTTA-1","All"
"R4_large_3","ATACTGACTTCGGCAC-1","All"
"R4_large_3","ATAGGCCGGTAATTCT-1","All"
"R4_large_3","ATAGTACTATGGTTCT-1","All"
"R4_large_3","ATCACTTAGGCCTTGT-1","All"
"R4_large_3","ATCAGATACCAGCTGT-1","All"
"R4_large_3","ATCATTGTCCATGCCA-1","All"
"R4_large_3","ATCCACGAACGTTCGG-1","All"
"R4_large_3","ATCCGAGTACCACGTG-1","All"
"R4_large_3","ATCGATGTCAGATAGA-1","All"
"R4_large_3","ATCGCAGTCTATGGCA-1","All"
"R4_large_3","ATCGTAACTACCTCTT-1","All"
"R4_large_3","ATCGTCTTAACGAAGG-1","All"
"R4_large_3","ATCTACCATATTCCAG-1","All"
"R4_large_3","ATCTGTACGCGTCTCC-1","All"
"R4_large_3","ATCTTATCAGCAATAC-1","All"
"R4_large_3","ATGAGCTATTCGAAGA-1","All"
"R4_large_3","ATGATAATTCCTTGCG-1","All"
"R4_large_3","ATGATTGATTCCGAAT-1","All"
"R4_large_3","ATGCTCGCCTCCAATT-1","All"
"R4_large_3","ATGGAGTAATCGGACC-1","All"
"R4_large_3","ATGTACTCTGCAGCAC-1","All"
"R4_large_3","ATGTAGCCGACCAAGG-1","All"
"R4_large_3","ATGTATCCATAAGTTG-1","All"
"R4_large_3","ATGTTACGCCATTCCT-1","All"
"R4_large_3","ATGTTAGAATAGTACT-1","All"
"R4_large_3","ATTACAAGCAAGTGTC-1","All"
"R4_large_3","ATTACTCCGTGAAGCG-1","All"
"R4_large_3","ATTATCCATTGTGACA-1","All"
"R4_large_3","ATTATCTTATTGAGAC-1","All"
"R4_large_3","ATTCACGCTGCCTAGG-1","All"
"R4_large_3","ATTCCGCTCCATCAGC-1","All"
"R4_large_3","ATTCCGGTTACATACC-1","All"
"R4_large_3","ATTGGCCTTCCGTGCA-1","All"
"R4_large_3","CAACCGTATTACTGTA-1","All"
"R4_large_3","CAACGCTTGCTCCTAC-1","All"
"R4_large_3","CAAGACCACTATCGAA-1","All"
"R4_large_3","CAAGATTAGATGAGTT-1","All"
"R4_large_3","CAAGCCGCCATAGAGG-1","All"
"R4_large_3","CAAGGTCTCAATACAG-1","All"
"R4_large_3","CAAGTACTCCGCATCG-1","All"
"R4_large_3","CAAGTACTTATTAAGC-1","All"
"R4_large_3","CAATAAGAACCGACTT-1","All"
"R4_large_3","CAATAATCGTAGGATA-1","All"
"R4_large_3","CAATCTGAGTCGACTC-1","All"
"R4_large_3","CAATGCATTGACGGCA-1","All"
"R4_large_3","CACCATTCTTACGAGC-1","All"
"R4_large_3","CACCTCGAGCGATGCT-1","All"
"R4_large_3","CACGAAGGTGAATGGT-1","All"
"R4_large_3","CACGATGGTGCTAATA-1","All"
"R4_large_3","CACGGCGATACATACG-1","All"
"R4_large_3","CACGTCCAATTCGACT-1","All"
"R4_large_3","CACGTCCATCTACTGA-1","All"
"R4_large_3","CACTCAGTACTCCGCT-1","All"
"R4_large_3","CAGAACATGATAGGAC-1","All"
"R4_large_3","CAGACACTTACAAGAC-1","All"
"R4_large_3","CAGACGCACTACTGAC-1","All"
"R4_large_3","CAGATTGCCTGTAAGT-1","All"
"R4_large_3","CAGCCAGTCCTGTCGG-1","All"
"R4_large_3","CAGCCTCGTGGCTCAC-1","All"
"R4_large_3","CAGGACAGAAGGCTGG-1","All"
"R4_large_3","CAGTATCTTACACTAA-1","All"
"R4_large_3","CAGTTGCGACTTCTCG-1","All"
"R4_large_3","CATCAGGTAGGACCGT-1","All"
"R4_large_3","CATCCGTGCGGTCTAC-1","All"
"R4_large_3","CATGCGCTACTGGAGG-1","All"
"R4_large_3","CATGCTCATCTGAACG-1","All"
"R4_large_3","CATTAACTATTGTTCC-1","All"
"R4_large_3","CATTAGGCAATGGTTA-1","All"
"R4_large_3","CATTCTCCAGTCACCA-1","All"
"R4_large_3","CCAACTTGCCACCGTA-1","All"
"R4_large_3","CCACAACCAGCAGGTG-1","All"
"R4_large_3","CCACGGTACACCAACC-1","All"
"R4_large_3","CCAGGATACCGTTAGT-1","All"
"R4_large_3","CCATAGGACCGCCAAC-1","All"
"R4_large_3","CCATGAACATCGTTGG-1","All"
"R4_large_3","CCGATTAGCGAGTGTA-1","All"
"R4_large_3","CCGCAAGTAGCGGACT-1","All"
"R4_large_3","CCGCATGTAGTTAGAC-1","All"
"R4_large_3","CCGCGAGGTGCGATGG-1","All"
"R4_large_3","CCGCGTATCGTTGCAG-1","All"
"R4_large_3","CCGCGTTACCTTGGCG-1","All"
"R4_large_3","CCGCTGTCACCTGCAA-1","All"
"R4_large_3","CCGGAGAAGCTAACCA-1","All"
"R4_large_3","CCGGATCAGCCGACTA-1","All"
"R4_large_3","CCGGCGTCCTCATTGT-1","All"
"R4_large_3","CCTACCATGTGATCAC-1","All"
"R4_large_3","CCTATCTATCAATCGC-1","All"
"R4_large_3","CCTCACATGTACCTGG-1","All"
"R4_large_3","CCTCACATGTCTTACT-1","All"
"R4_large_3","CCTCTACCGTGATTGG-1","All"
"R4_large_3","CCTGAAGTGCATGCAT-1","All"
"R4_large_3","CCTTATGAGGCGTTCC-1","All"
"R4_large_3","CCTTCCACTGCCTAAG-1","All"
"R4_large_3","CGACAAGTACTCCTTA-1","All"
"R4_large_3","CGACAATTATTCTGTC-1","All"
"R4_large_3","CGACCAGAAGGATCCG-1","All"
"R4_large_3","CGACGCAACATGGCGA-1","All"
"R4_large_3","CGACTAAGCGGCAGAC-1","All"
"R4_large_3","CGAGATGCCGCATCTT-1","All"
"R4_large_3","CGAGCGAGCCACGCTA-1","All"
"R4_large_3","CGAGCGGCACAGTAGG-1","All"
"R4_large_3","CGATAAGGATAGGCAA-1","All"
"R4_large_3","CGATGATCAGCTATAA-1","All"
"R4_large_3","CGATGATCCTGCAGCC-1","All"
"R4_large_3","CGCAAGTAGAGCTTGA-1","All"
"R4_large_3","CGCACTTAAGGCATGC-1","All"
"R4_large_3","CGCCGGATCATTAGAC-1","All"
"R4_large_3","CGCCTCGTACGAAGGC-1","All"
"R4_large_3","CGCCTTGACGTGAATC-1","All"
"R4_large_3","CGCTAGACTTCATCAC-1","All"
"R4_large_3","CGCTCGGCCGGTTGTC-1","All"
"R4_large_3","CGGAGTAAGTGCACAT-1","All"
"R4_large_3","CGGAGTCTTACGTGAA-1","All"
"R4_large_3","CGGAGTGGCGACTAAG-1","All"
"R4_large_3","CGGAGTGGTCAAGTAT-1","All"
"R4_large_3","CGGATTGCGTCTACCT-1","All"
"R4_large_3","CGGCACTCCGGTTCGC-1","All"
"R4_large_3","CGGCATGGCCGCTTGT-1","All"
"R4_large_3","CGGTGAACGGTTAGAT-1","All"
"R4_large_3","CGTAACATTGGCTGAG-1","All"
"R4_large_3","CGTAAGCCGACCGCTT-1","All"
"R4_large_3","CGTACAGGCCGCACTG-1","All"
"R4_large_3","CGTACAGTAAGTAATG-1","All"
"R4_large_3","CGTAGTACAAGGTACT-1","All"
"R4_large_3","CGTAGTTCGTTGGTAG-1","All"
"R4_large_3","CGTCGGCGGTAGATCA-1","All"
"R4_large_3","CGTGAGCAATGGACAT-1","All"
"R4_large_3","CGTGCGGATTCATGTA-1","All"
"R4_large_3","CGTGGCTACATCCATT-1","All"
"R4_large_3","CGTGTAGTATTCTTGG-1","All"
"R4_large_3","CGTGTTACCATATGTA-1","All"
"R4_large_3","CGTGTTAGATGGTATC-1","All"
"R4_large_3","CTAACGTTAGGCAATG-1","All"
"R4_large_3","CTAATGAGCGAGGCTA-1","All"
"R4_large_3","CTACAGGTCGCTAAGC-1","All"
"R4_large_3","CTAGCACGATCACTGT-1","All"
"R4_large_3","CTAGCGCCTAGCTTAA-1","All"
"R4_large_3","CTAGGCCAGGAGTACG-1","All"
"R4_large_3","CTAGTCAGGCGACAGT-1","All"
"R4_large_3","CTATAACCAGCAGTAT-1","All"
"R4_large_3","CTATAACTCCTGGAGG-1","All"
"R4_large_3","CTATCCATAATCGATA-1","All"
"R4_large_3","CTATCGGCTTAACTAG-1","All"
"R4_large_3","CTATCGTATGGTGATG-1","All"
"R4_large_3","CTCAAGAAGCACTGTA-1","All"
"R4_large_3","CTCACCAGGAATTGAC-1","All"
"R4_large_3","CTCACCTGCCGACTAA-1","All"
"R4_large_3","CTCACGTTCGGTCTGC-1","All"
"R4_large_3","CTCATAATAGCACCGT-1","All"
"R4_large_3","CTCCTACTTGAGTAAG-1","All"
"R4_large_3","CTCCTTATCTTAAGAC-1","All"
"R4_large_3","CTCGCATACTCAACTC-1","All"
"R4_large_3","CTCGCTAGCACCATCT-1","All"
"R4_large_3","CTCGGAGTCTTAAGGA-1","All"
"R4_large_3","CTCGTCGCGATTAATT-1","All"
"R4_large_3","CTGAAGGAGCCTCACT-1","All"
"R4_large_3","CTGAAGGATCTGTACG-1","All"
"R4_large_3","CTGAAGTTGGATCGGC-1","All"
"R4_large_3","CTGACCGCCAATTAGG-1","All"
"R4_large_3","CTGATTAGGTGCCGAA-1","All"
"R4_large_3","CTGCCGTGAAGTCGCA-1","All"
"R4_large_3","CTGGTGATCGCCGTAG-1","All"
"R4_large_3","CTGGTGCACGATCAAG-1","All"
"R4_large_3","CTGGTGCGAGAAGCTT-1","All"
"R4_large_3","CTGTTCCAGAAGCTGA-1","All"
"R4_large_3","CTTAGTAAGCGTGGCA-1","All"
"R4_large_3","CTTAGTCCTCATAAGT-1","All"
"R4_large_3","CTTAGTTGGAGCGACC-1","All"
"R4_large_3","CTTCTGAGCCAGGAAC-1","All"
"R4_large_3","CTTGAGTCTTACAGTG-1","All"
"R4_large_3","CTTGCCGGAAGACGCA-1","All"
"R4_large_3","CTTGTCAAGGCGTCAA-1","All"
"R4_large_3","GAACTCATAGTGAGTG-1","All"
"R4_large_3","GAACTGTAACTCAGGC-1","All"
"R4_large_3","GAAGCGATTGCCGAAT-1","All"
"R4_large_3","GAAGTCCAATCGTGTT-1","All"
"R4_large_3","GAATGACAACTAGTCA-1","All"
"R4_large_3","GACAACCTAGGAGTCT-1","All"
"R4_large_3","GACCACTTAGACAGGT-1","All"
"R4_large_3","GACGTACTGCGTGCGG-1","All"
"R4_large_3","GAGGAAGCCGATGTGA-1","All"
"R4_large_3","GAGGTATTAATAGCGG-1","All"
"R4_large_3","GAGGTGTAGCAACTCA-1","All"
"R4_large_3","GAGTAGGATGGTAGTC-1","All"
"R4_large_3","GAGTCACCGTCCTCCA-1","All"
"R4_large_3","GAGTCCACGCCTGAAG-1","All"
"R4_large_3","GAGTGCCGCATTAGGC-1","All"
"R4_large_3","GATACGACTGAACAGA-1","All"
"R4_large_3","GATACTTCACTCAGCA-1","All"
"R4_large_3","GATAGAGTGATAAGCT-1","All"
"R4_large_3","GATATCTTGTGACACG-1","All"
"R4_large_3","GATCTTGTCATGATCT-1","All"
"R4_large_3","GATGCCAGACATAATG-1","All"
"R4_large_3","GATTCCGCTGCAAGAT-1","All"
"R4_large_3","GATTCCTGTTCGCACC-1","All"
"R4_large_3","GCAACAGCCTGCTCTA-1","All"
"R4_large_3","GCAAGCACTACCGCCA-1","All"
"R4_large_3","GCAATCCTCGAGCGTT-1","All"
"R4_large_3","GCACAGCAGTCTGTAA-1","All"
"R4_large_3","GCACAGTCTTGATAGA-1","All"
"R4_large_3","GCACGCATAGATTGCT-1","All"
"R4_large_3","GCACTGGACGCAGCAC-1","All"
"R4_large_3","GCAGACGCCTGGTTAT-1","All"
"R4_large_3","GCAGCGACAGTTCGGT-1","All"
"R4_large_3","GCAGGTCACTACCTCA-1","All"
"R4_large_3","GCAGGTGCTGATGCTT-1","All"
"R4_large_3","GCAGTAGATGTCCAAT-1","All"
"R4_large_3","GCAGTTCGGCATTAGC-1","All"
"R4_large_3","GCCGCTGATTGGCCAG-1","All"
"R4_large_3","GCCGGCGAACCATTGT-1","All"
"R4_large_3","GCCTTCGCTTATGTTC-1","All"
"R4_large_3","GCCTTGGCGAACAATC-1","All"
"R4_large_3","GCGAATAGTGGCTAAT-1","All"
"R4_large_3","GCGAATGCAGTGTCAA-1","All"
"R4_large_3","GCGAATTGGCTAGCCA-1","All"
"R4_large_3","GCGATCTTGCTCACGC-1","All"
"R4_large_3","GCGATGGAGCTACATT-1","All"
"R4_large_3","GCGGTCCATCACGGCA-1","All"
"R4_large_3","GCGTACCGTGTATCAG-1","All"
"R4_large_3","GCTCCGAGACTACATA-1","All"
"R4_large_3","GCTCCGGCAACATGAT-1","All"
"R4_large_3","GCTCGATCGCAGCCAC-1","All"
"R4_large_3","GCTGAGGACAAGAAGT-1","All"
"R4_large_3","GCTTACATGTTGCGCT-1","All"
"R4_large_3","GCTTACCTATTAATAC-1","All"
"R4_large_3","GCTTACCTCGTGCTAT-1","All"
"R4_large_3","GCTTCGGCATCAGAGT-1","All"
"R4_large_3","GCTTCTAGCGTTCATT-1","All"
"R4_large_3","GCTTCTGTATCGACGC-1","All"
"R4_large_3","GCTTCTGTTACGAGAA-1","All"
"R4_large_3","GCTTGACCTCCGCTTC-1","All"
"R4_large_3","GCTTGGATCCAACCGG-1","All"
"R4_large_3","GCTTGGCTGCGGTAAC-1","All"
"R4_large_3","GCTTGGTCAACCGTGG-1","All"
"R4_large_3","GGAACTTCGACATGTC-1","All"
"R4_large_3","GGAAGTCTTGTCGCAT-1","All"
"R4_large_3","GGACGGTGCAGTAGGA-1","All"
"R4_large_3","GGACGTAGTGTAGAAG-1","All"
"R4_large_3","GGACGTTGGAGGTGAT-1","All"
"R4_large_3","GGAGTCTAAGGCCGCT-1","All"
"R4_large_3","GGATAAGTCAGGATAG-1","All"
"R4_large_3","GGATAATTATGCTGGT-1","All"
"R4_large_3","GGATCTTCTAAGCGAA-1","All"
"R4_large_3","GGATTCCGACGTGATG-1","All"
"R4_large_3","GGCACGACGGACGTCG-1","All"
"R4_large_3","GGCATTCCGATGCTCG-1","All"
"R4_large_3","GGCCAATAACGCTACA-1","All"
"R4_large_3","GGCGACTTCTTGATGT-1","All"
"R4_large_3","GGCTAATGTCTAGCGT-1","All"
"R4_large_3","GGCTTGCCATAGGCTC-1","All"
"R4_large_3","GGTACGCTTACCTGCG-1","All"
"R4_large_3","GGTCTGAGATCCGCCA-1","All"
"R4_large_3","GGTCTTGATAACGTCA-1","All"
"R4_large_3","GGTGCAGGCACCGCGT-1","All"
"R4_large_3","GGTGCAGTTCCATATG-1","All"
"R4_large_3","GGTTACAGCCGGCCGG-1","All"
"R4_large_3","GGTTACGGACGATTAA-1","All"
"R4_large_3","GGTTAGTATGAGTGTC-1","All"
"R4_large_3","GTACAGGAACGAATGG-1","All"
"R4_large_3","GTACATAAGCTACGCC-1","All"
"R4_large_3","GTACCTGAAGTGAATG-1","All"
"R4_large_3","GTACCTTCATGTGCAA-1","All"
"R4_large_3","GTACGAGGTAGTGCAC-1","All"
"R4_large_3","GTAGCAGAACATGGTG-1","All"
"R4_large_3","GTAGCAGAAGACTCTT-1","All"
"R4_large_3","GTAGTTGTTCATGTAG-1","All"
"R4_large_3","GTATACATAAGGACTA-1","All"
"R4_large_3","GTATGCTTGCGACTAA-1","All"
"R4_large_3","GTATTAGATTGAGGTC-1","All"
"R4_large_3","GTATTCCAAGTTACCT-1","All"
"R4_large_3","GTCAACCTGACGATAG-1","All"
"R4_large_3","GTCACTAAGCCAGCGG-1","All"
"R4_large_3","GTCACTTACGTGTATG-1","All"
"R4_large_3","GTCAGTAATCCAATTA-1","All"
"R4_large_3","GTCCTTCATCAGATCA-1","All"
"R4_large_3","GTCGCACGCAGCCTGC-1","All"
"R4_large_3","GTCGCAGATTACTGCA-1","All"
"R4_large_3","GTCTATAGAATCGAGC-1","All"
"R4_large_3","GTCTATCCAGGACGTC-1","All"
"R4_large_3","GTCTCGACTGACGAGT-1","All"
"R4_large_3","GTCTGATAGATTATAA-1","All"
"R4_large_3","GTCTTGCTGGACGATA-1","All"
"R4_large_3","GTGAAGTGATCGTGCT-1","All"
"R4_large_3","GTGACCGGAGTCATAC-1","All"
"R4_large_3","GTGACTTCCTCACGAC-1","All"
"R4_large_3","GTGCACCGAATGTTAA-1","All"
"R4_large_3","GTGCAGGACTCCAAGG-1","All"
"R4_large_3","GTGCATTCCTGTGGTC-1","All"
"R4_large_3","GTGGAACAGAAGTCGA-1","All"
"R4_large_3","GTGGAGTACAATCAAT-1","All"
"R4_large_3","GTGGTACTTGGTTGGA-1","All"
"R4_large_3","GTGGTTGCCGCTTCAA-1","All"
"R4_large_3","GTTATGATACGATTAT-1","All"
"R4_large_3","GTTATGTTGCTTAGAT-1","All"
"R4_large_3","GTTCCGTACCTCCACT-1","All"
"R4_large_3","GTTCCTTGAGGAACGC-1","All"
"R4_large_3","GTTCTTGATCTGTTGA-1","All"
"R4_large_3","TAACATGCGTGCGAAC-1","All"
"R4_large_3","TAACCTTGAGACTTCG-1","All"
"R4_large_3","TAACGCATTGGTCCAA-1","All"
"R4_large_3","TAACGCGTAATATGGC-1","All"
"R4_large_3","TAACGCTCACATTCTA-1","All"
"R4_large_3","TAACGTCACTATAATC-1","All"
"R4_large_3","TAACGTTGCGTCGATG-1","All"
"R4_large_3","TAAGATTGAGATTACA-1","All"
"R4_large_3","TAAGCAGTAGATACTC-1","All"
"R4_large_3","TAAGCCACAATTGCCT-1","All"
"R4_large_3","TAAGCCATACGACACG-1","All"
"R4_large_3","TAAGGTATGAATGCTA-1","All"
"R4_large_3","TAAGTGTCAAGGTGGC-1","All"
"R4_large_3","TAATGACGAAGCGGCT-1","All"
"R4_large_3","TACAAGTGTCTGTCCG-1","All"
"R4_large_3","TACCACAGGCCATTGC-1","All"
"R4_large_3","TACCGTAGGTATAACA-1","All"
"R4_large_3","TACCTGTTAACGGCCT-1","All"
"R4_large_3","TACGCTTCCGCAAGCT-1","All"
"R4_large_3","TACGGAGGAAGCACCT-1","All"
"R4_large_3","TACGGATCCTTGCGAT-1","All"
"R4_large_3","TACGGATCTTGCGATG-1","All"
"R4_large_3","TACGGTTAATGTACTA-1","All"
"R4_large_3","TACGTGGAGGCATGGC-1","All"
"R4_large_3","TACTAGTGAGACAATG-1","All"
"R4_large_3","TAGAACGATTGCCTCC-1","All"
"R4_large_3","TAGACATGGTTAGGTC-1","All"
"R4_large_3","TAGACCTGAGGAGCTG-1","All"
"R4_large_3","TAGAGGCGATTGATTC-1","All"
"R4_large_3","TAGCCGCTGTGGCTGG-1","All"
"R4_large_3","TAGCGTATAGCGCTAA-1","All"
"R4_large_3","TAGCGTGGTATTGTGC-1","All"
"R4_large_3","TAGCTAGAGCACGCCG-1","All"
"R4_large_3","TAGCTAGAGGCCTGAA-1","All"
"R4_large_3","TAGCTATGTTGAGCAC-1","All"
"R4_large_3","TAGCTTAACTAGGTTC-1","All"
"R4_large_3","TAGGACTTCATGTTAT-1","All"
"R4_large_3","TAGGCAGGCGGACGCC-1","All"
"R4_large_3","TAGTGAACATGCAGAT-1","All"
"R4_large_3","TAGTGACTCGCTCCGC-1","All"
"R4_large_3","TAGTTCGAATTAGCGG-1","All"
"R4_large_3","TATCACATAGCGAACT-1","All"
"R4_large_3","TATCACCGGCATCGTG-1","All"
"R4_large_3","TATCCAAGCGCCGTAG-1","All"
"R4_large_3","TATCCAATACCGCAAT-1","All"
"R4_large_3","TATCCACTTGCGTATC-1","All"
"R4_large_3","TATCTAATCACCTCGG-1","All"
"R4_large_3","TATCTAGGAGTGGACA-1","All"
"R4_large_3","TATGAACTACGCGGTG-1","All"
"R4_large_3","TATGACAATGCTTGAA-1","All"
"R4_large_3","TATGACTCAATGATCG-1","All"
"R4_large_3","TATGAGGATCTACTGG-1","All"
"R4_large_3","TATGTTGCAGTCTAGG-1","All"
"R4_large_3","TATTAACTTCCGCTCA-1","All"
"R4_large_3","TATTAATATGTCGACT-1","All"
"R4_large_3","TCAACACCAATCATTA-1","All"
"R4_large_3","TCAAGGCCATAGCCTG-1","All"
"R4_large_3","TCACAAGATGACTCGA-1","All"
"R4_large_3","TCACATCCTTCTCAGT-1","All"
"R4_large_3","TCAGACCGGCCTGCTC-1","All"
"R4_large_3","TCAGGATACACTACAA-1","All"
"R4_large_3","TCAGTTCAGAATCTCG-1","All"
"R4_large_3","TCATCTATCCACGATT-1","All"
"R4_large_3","TCATGAGGCTTGACGC-1","All"
"R4_large_3","TCATTGATAGGTGGAA-1","All"
"R4_large_3","TCATTGGCGACCGACG-1","All"
"R4_large_3","TCATTGTTCAATGCGT-1","All"
"R4_large_3","TCCAACAGATGCGGCA-1","All"
"R4_large_3","TCCAACTAAGACTCCA-1","All"
"R4_large_3","TCCGATGCGTATCCGG-1","All"
"R4_large_3","TCCGCCAACATTGCTC-1","All"
"R4_large_3","TCCGCCGGTCTATTCA-1","All"
"R4_large_3","TCCTACAAGCTCGAAC-1","All"
"R4_large_3","TCCTACCGATCGTGGC-1","All"
"R4_large_3","TCCTATTGACTGTTGA-1","All"
"R4_large_3","TCCTCAAGCGAGGTCC-1","All"
"R4_large_3","TCCTCACGTGTAGACG-1","All"
"R4_large_3","TCCTCAGTCGGATGCG-1","All"
"R4_large_3","TCCTGAAGCGTGCACT-1","All"
"R4_large_3","TCCTGGTGCGAGGCCT-1","All"
"R4_large_3","TCCTTACTCGCAATGA-1","All"
"R4_large_3","TCCTTGAACAGGACCA-1","All"
"R4_large_3","TCCTTGAACGATGGTC-1","All"
"R4_large_3","TCGACTCAGGTTAACC-1","All"
"R4_large_3","TCGATCGTATAACGAC-1","All"
"R4_large_3","TCGCCTAGATAATTAA-1","All"
"R4_large_3","TCGCGGAGTACAACCA-1","All"
"R4_large_3","TCGGAACGTCTGCAAG-1","All"
"R4_large_3","TCGGACTGCCACCTCC-1","All"
"R4_large_3","TCGGAGTTGTCTTGTT-1","All"
"R4_large_3","TCGGCGACCTCGCTGA-1","All"
"R4_large_3","TCGGTATCGTAATTGG-1","All"
"R4_large_3","TCGTATGCCGGACGTT-1","All"
"R4_large_3","TCGTCAAGCCTAATCT-1","All"
"R4_large_3","TCGTCCAGCATGGCTT-1","All"
"R4_large_3","TCTACAGCACCGAACC-1","All"
"R4_large_3","TCTACAGGTACGCAGT-1","All"
"R4_large_3","TCTACATGAACTATAC-1","All"
"R4_large_3","TCTACATGAATCTGAT-1","All"
"R4_large_3","TCTACTTAGGTTCTTA-1","All"
"R4_large_3","TCTAGACGGTGGCTGA-1","All"
"R4_large_3","TCTAGCGACACCGAGC-1","All"
"R4_large_3","TCTAGCGGAATGGATC-1","All"
"R4_large_3","TCTATGATCGGTGCCT-1","All"
"R4_large_3","TCTATTGATGCATGCC-1","All"
"R4_large_3","TCTATTGGCTTCGATC-1","All"
"R4_large_3","TCTGCAAGGACGGCAA-1","All"
"R4_large_3","TCTGCCTGGATGTCAG-1","All"
"R4_large_3","TCTTACCGCTCGTATG-1","All"
"R4_large_3","TCTTACGAGGAATAAG-1","All"
"R4_large_3","TCTTAGATGCCTCCGA-1","All"
"R4_large_3","TCTTAGGCGACAGTCA-1","All"
"R4_large_3","TCTTGCACCAATCTAT-1","All"
"R4_large_3","TGAACTCAAGGTCGGT-1","All"
"R4_large_3","TGAAGCACCGTCATGA-1","All"
"R4_large_3","TGAATGCGGTTATGGA-1","All"
"R4_large_3","TGAATTCGTGGTATAA-1","All"
"R4_large_3","TGACATTACAACGCCG-1","All"
"R4_large_3","TGACCAACAGATAGGT-1","All"
"R4_large_3","TGACCAGCACTCCAGC-1","All"
"R4_large_3","TGACCTCCTTCAGATT-1","All"
"R4_large_3","TGACGCTCACCAAGCC-1","All"
"R4_large_3","TGACTCTGCTCGCACG-1","All"
"R4_large_3","TGAGCACCTCGACGTT-1","All"
"R4_large_3","TGATGGTTCCACTGAT-1","All"
"R4_large_3","TGCAGACAATACTGTT-1","All"
"R4_large_3","TGCAGATGAGATCTAG-1","All"
"R4_large_3","TGCATTCGCCAGCGAT-1","All"
"R4_large_3","TGCCGGAACTTAGGCA-1","All"
"R4_large_3","TGCCGGCATTATAGAT-1","All"
"R4_large_3","TGCCTAAGTTAATTAT-1","All"
"R4_large_3","TGCGACTACGTGCGAG-1","All"
"R4_large_3","TGCGCCTCTGGCTACA-1","All"
"R4_large_3","TGCGGACTTAACTTCC-1","All"
"R4_large_3","TGCGTCTGGATCGGAT-1","All"
"R4_large_3","TGCGTGTCAGCCAGTG-1","All"
"R4_large_3","TGCTATCCATGTAATA-1","All"
"R4_large_3","TGCTGTCAGAACGAAG-1","All"
"R4_large_3","TGGAGTCGGCAAGCTC-1","All"
"R4_large_3","TGGCCACTCCGCGGAC-1","All"
"R4_large_3","TGGTACTGGTATCTTG-1","All"
"R4_large_3","TGGTATTAGCTAGACC-1","All"
"R4_large_3","TGGTCGCCGGCTTACT-1","All"
"R4_large_3","TGGTGCCTAGCACGGC-1","All"
"R4_large_3","TGTAAGGTGAGCGACC-1","All"
"R4_large_3","TGTAATACTACACGGT-1","All"
"R4_large_3","TGTAGGAGCTTCAATA-1","All"
"R4_large_3","TGTCAAGCGGATCGGT-1","All"
"R4_large_3","TGTCAGAAGTTGTAAC-1","All"
"R4_large_3","TGTCCGGATGGCAGTT-1","All"
"R4_large_3","TGTTAAGGAAGTCTTA-1","All"
"R4_large_3","TGTTACCTATTGGACA-1","All"
"R4_large_3","TGTTGCGTCCAAGATT-1","All"
"R4_large_3","TGTTGGATGGACTTCT-1","All"
"R4_large_5","AACAGGTTATTGCACC-1","All"
"R4_large_5","AACTAGCATCACGTAC-1","All"
"R4_large_5","AACTAGGCCTGACACC-1","All"
"R4_large_5","AACTGCAACGTCCTGG-1","All"
"R4_large_5","AAGCCATTATCTGCCA-1","All"
"R4_large_5","AAGGCAGTCTGATCAC-1","All"
"R4_large_5","AAGGTTACTATGACGC-1","Island"
"R4_large_5","AATAGTATAGTTGTCG-1","All"
"R4_large_5","AATCCGCCTGGTCAAT-1","All"
"R4_large_5","AATGAATCGGAAGGCA-1","All"
"R4_large_5","AATGTCAGGTCATTAC-1","All"
"R4_large_5","AATTGGACGGCATCGT-1","All"
"R4_large_5","AATTGGAGACATGGAG-1","All"
"R4_large_5","ACAGAATACATACTAA-1","Island"
"R4_large_5","ACATCGCCACAAGAGG-1","All"
"R4_large_5","ACATGGATGCGTAAGC-1","All"
"R4_large_5","ACCGGCACCATACTGC-1","All"
"R4_large_5","ACGACTGAAGACTTAC-1","All"
"R4_large_5","ACGTTAATACAATGAC-1","All"
"R4_large_5","ACGTTCACGACTAGGT-1","All"
"R4_large_5","ACTGACTGTCATCTAC-1","All"
"R4_large_5","AGAATTCTGTTGACAA-1","All"
"R4_large_5","AGACCTATCCTTATAG-1","All"
"R4_large_5","AGACGTAGGCGGACCG-1","All"
"R4_large_5","AGCATGCACCGCGTCA-1","All"
"R4_large_5","AGCGTGGCACCGACAA-1","All"
"R4_large_5","AGCTGACGTAACGCTG-1","All"
"R4_large_5","AGGACCTGTACCATTC-1","All"
"R4_large_5","AGGTCTTCCATCGCCG-1","All"
"R4_large_5","AGGTGAAGTGACGACT-1","All"
"R4_large_5","AGGTTGAGTAGGAGAT-1","All"
"R4_large_5","AGTAAGCTCGGCCAAT-1","All"
"R4_large_5","AGTGAGTATTCTAAGT-1","All"
"R4_large_5","ATAAGGAATAGAACAT-1","All"
"R4_large_5","ATAAGTACCACGAGTT-1","All"
"R4_large_5","ATACGGCGACTGGTCT-1","All"
"R4_large_5","ATAGAACGTTCGATCT-1","All"
"R4_large_5","ATAGTACTATGGTTCT-1","All"
"R4_large_5","ATAGTGAGTGAGGATT-1","All"
"R4_large_5","ATCATTGTCCATGCCA-1","All"
"R4_large_5","ATCCTCGTTCCAGGCC-1","All"
"R4_large_5","ATCGTCACCATGTCAC-1","All"
"R4_large_5","ATCTACTCACATCTCC-1","All"
"R4_large_5","ATCTCCTTGCGATACA-1","All"
"R4_large_5","ATGCATCCTGACTCAC-1","All"
"R4_large_5","ATGCATGTATGTGAGT-1","All"
"R4_large_5","ATGCCGTTGTGAAGCG-1","All"
"R4_large_5","ATGGAGGCCACGGCTT-1","All"
"R4_large_5","ATGTAATTGTCGTTCG-1","All"
"R4_large_5","ATGTACATGAACTCCG-1","All"
"R4_large_5","ATGTAGGTAACCGTAC-1","All"
"R4_large_5","ATGTTAAGATTACTGA-1","All"
"R4_large_5","ATTACTGAGTGCCTCC-1","All"
"R4_large_5","ATTGATAACACTAAGA-1","Island"
"R4_large_5","ATTGCAATTATGGTTG-1","Island"
"R4_large_5","ATTGCATCACTGACTG-1","All"
"R4_large_5","CAAGACCACTATCGAA-1","All"
"R4_large_5","CAAGCCGCCATAGAGG-1","All"
"R4_large_5","CAATAACTACATTAAC-1","All"
"R4_large_5","CACCATAAGCTGGCTG-1","All"
"R4_large_5","CACCGAGTCTTGGACA-1","All"
"R4_large_5","CACTACTGCGGAATTG-1","All"
"R4_large_5","CACTCAATAAGCCGAA-1","All"
"R4_large_5","CAGATTCCGTATGCGA-1","All"
"R4_large_5","CAGGCCAACGGTCGTA-1","All"
"R4_large_5","CAGTGAACAGCAACGA-1","All"
"R4_large_5","CAGTTGCTCACGTGTC-1","All"
"R4_large_5","CATCGGATACGCACAG-1","Island"
"R4_large_5","CATGTTACCGAAGGCG-1","All"
"R4_large_5","CCAACTTGCCACCGTA-1","All"
"R4_large_5","CCACGATCCTAATCCG-1","All"
"R4_large_5","CCATTGGCAATTCTCA-1","Island"
"R4_large_5","CCGCGTTACCTTGGCG-1","All"
"R4_large_5","CCGCTCGCTAGTCTAA-1","All"
"R4_large_5","CCGCTCTGCTGAATTC-1","All"
"R4_large_5","CCGGATCACTATGGCC-1","Island"
"R4_large_5","CCTAACTTATGTTGGA-1","All"
"R4_large_5","CCTCACCTAGTGGCAA-1","All"
"R4_large_5","CCTGAAGCGTATAGCA-1","All"
"R4_large_5","CCTGTCTGCATAGGTC-1","All"
"R4_large_5","CCTTCCAACCTTCAGA-1","All"
"R4_large_5","CGAACTACAGATGTAA-1","All"
"R4_large_5","CGACGCAGCCTTAGTC-1","All"
"R4_large_5","CGACTTCACTCGGCAT-1","All"
"R4_large_5","CGCAGATTCGACCGAA-1","All"
"R4_large_5","CGCATCTTGACTTAGT-1","All"
"R4_large_5","CGCCTCGATAATGCGG-1","All"
"R4_large_5","CGCCTCTAATTCGCGG-1","All"
"R4_large_5","CGCCTTGTGAAGTCTA-1","All"
"R4_large_5","CGCTCGGTACTGCGAA-1","All"
"R4_large_5","CGGCTTCCTACTGGTT-1","Island"
"R4_large_5","CGGTCATGGAGGACTC-1","All"
"R4_large_5","CGTACATCACTGGATG-1","All"
"R4_large_5","CGTACATCGATGTCTT-1","Island"
"R4_large_5","CGTGGCTCCTTGTCTT-1","All"
"R4_large_5","CTACAGATCGGTCGCC-1","All"
"R4_large_5","CTACGAATTGGCTGGT-1","All"
"R4_large_5","CTATCGAGATGCCTAC-1","All"
"R4_large_5","CTATGTAGGCCGAACG-1","All"
"R4_large_5","CTATTAGCGGCTTCGT-1","All"
"R4_large_5","CTCACCTTCTGAAGTA-1","All"
"R4_large_5","CTCAGGTCACTACAGC-1","All"
"R4_large_5","CTCCGGCCTACAGCTT-1","All"
"R4_large_5","CTGAATTCGCGTAAGG-1","All"
"R4_large_5","CTGGTGATCGCCGTAG-1","All"
"R4_large_5","CTGGTGCTTATGACCA-1","All"
"R4_large_5","CTGGTGGCCAATAAGT-1","All"
"R4_large_5","CTTCAAGTCGACCTTC-1","All"
"R4_large_5","CTTCATTGGATACCAC-1","All"
"R4_large_5","CTTCCAATTGAAGATT-1","All"
"R4_large_5","CTTCGATACTCCGACC-1","All"
"R4_large_5","GAACAGATAACCTTAA-1","All"
"R4_large_5","GAACTACCTTATCATA-1","All"
"R4_large_5","GAATACAGACGAACTG-1","All"
"R4_large_5","GAATGACACGACTAGG-1","All"
"R4_large_5","GACAAGCTGAATCTGG-1","All"
"R4_large_5","GACATTATCTTAATCT-1","All"
"R4_large_5","GACCGTATTAGACCGG-1","All"
"R4_large_5","GACGAGCTGCACTCGT-1","All"
"R4_large_5","GACTTGAACGTCCGTA-1","All"
"R4_large_5","GAGCTACAGCTCGGTA-1","All"
"R4_large_5","GAGGCCACAAGGTGCA-1","All"
"R4_large_5","GAGGCCAGCAGAGGTT-1","All"
"R4_large_5","GAGGTAACTGCGAGAC-1","All"
"R4_large_5","GATGTAGCGAGGTCCA-1","All"
"R4_large_5","GCACTACACTATTGCG-1","All"
"R4_large_5","GCACTGTTGCGGCCTT-1","All"
"R4_large_5","GCAGGCTACCGTCCTT-1","All"
"R4_large_5","GCATGACGGATTATCA-1","All"
"R4_large_5","GCCAGACATCTATCAC-1","All"
"R4_large_5","GCCATTCTTGCAACCA-1","Island"
"R4_large_5","GCGTACCGTGTATCAG-1","All"
"R4_large_5","GCTATGCGTGAACGGT-1","All"
"R4_large_5","GCTCGTCTGCCGCAAT-1","Island"
"R4_large_5","GCTGACAGCCGGAGCG-1","All"
"R4_large_5","GCTGACTTGTCTCAAT-1","All"
"R4_large_5","GCTTGGCTGCGGTAAC-1","All"
"R4_large_5","GGACCATCACCGCCAA-1","Island"
"R4_large_5","GGATGGATCACTCATA-1","All"
"R4_large_5","GGCGTGCGCTAGATTA-1","Island"
"R4_large_5","GGCGTGGCACGGCACT-1","All"
"R4_large_5","GGTACGGAGCATCAGC-1","All"
"R4_large_5","GGTGTCATACTATTAG-1","Island"
"R4_large_5","GGTTAGACTCACTAGC-1","All"
"R4_large_5","GGTTCATTCCGGCCTC-1","All"
"R4_large_5","GTACAACTCGGCAGAA-1","All"
"R4_large_5","GTACGAAGGCGTCTAT-1","Island"
"R4_large_5","GTACGATTAGTCTACA-1","All"
"R4_large_5","GTACTTCTGATCCTCG-1","All"
"R4_large_5","GTATGTAGCAGGCATA-1","Island"
"R4_large_5","GTCAACAGACGCACGT-1","All"
"R4_large_5","GTCACTTATGTCGTAT-1","All"
"R4_large_5","GTCAGCGATGTAATTG-1","All"
"R4_large_5","GTCCGACAGCCGCATT-1","All"
"R4_large_5","GTCCTTCGGAACCTGC-1","All"
"R4_large_5","GTCTAAGATCGGACTA-1","All"
"R4_large_5","GTCTAGGACAGGATAA-1","All"
"R4_large_5","GTCTGATATCTGAATT-1","All"
"R4_large_5","GTGGTTGACAAGGAGC-1","All"
"R4_large_5","GTTAACAACTTCGGAT-1","All"
"R4_large_5","TACACCTCGTACTCCA-1","All"
"R4_large_5","TACATATGCACCAGTG-1","All"
"R4_large_5","TACGTGAGGACAACCG-1","Island"
"R4_large_5","TAGGTCTTGGCTCGTC-1","All"
"R4_large_5","TATGACGGAGATTGGC-1","All"
"R4_large_5","TATGAGCGATCCATTA-1","All"
"R4_large_5","TATGAGGATCTACTGG-1","All"
"R4_large_5","TCAAGGCAACGCGGCT-1","All"
"R4_large_5","TCACATCCTTCTCAGT-1","All"
"R4_large_5","TCACGATACCTAGCCA-1","All"
"R4_large_5","TCAGTCGAGCGATGAA-1","Island"
"R4_large_5","TCAGTCGTGCCGGCAG-1","All"
"R4_large_5","TCATTGTTCAATGCGT-1","All"
"R4_large_5","TCCAACGTGGTTGTTC-1","All"
"R4_large_5","TCCAACTGAATAAGGT-1","All"
"R4_large_5","TCCAATCTAACACGCA-1","All"
"R4_large_5","TCCAATTAGCAATCAA-1","All"
"R4_large_5","TCCGAACATAGTCTGA-1","All"
"R4_large_5","TCCTAATTGCGGCCTG-1","All"
"R4_large_5","TCGACGAAGAGCAAGT-1","All"
"R4_large_5","TCGCACTCTTGGACAG-1","All"
"R4_large_5","TCGCCTGACGGCCACT-1","All"
"R4_large_5","TCGGCGCAGAATGTCT-1","All"
"R4_large_5","TCTGGTAGTGCAGCAA-1","Island"
"R4_large_5","TCTTAGGCGACAGTCA-1","All"
"R4_large_5","TGAACGGACACGTATC-1","All"
"R4_large_5","TGAATGTTGACATCGT-1","All"
"R4_large_5","TGACCAACAGATAGGT-1","All"
"R4_large_5","TGAGATGCTCTAATGA-1","All"
"R4_large_5","TGCAACGTTACCTGGT-1","All"
"R4_large_5","TGCACGAGTGTCAGCC-1","All"
"R4_large_5","TGCACGGCTGAGACTT-1","All"
"R4_large_5","TGCATTGATAGACATA-1","Island"
"R4_large_5","TGCGCTCATAGAACGA-1","All"
"R4_large_5","TGCTATCCATGTAATA-1","All"
"R4_large_5","TGCTTATGACGCTGGC-1","All"
"R4_large_5","TGGTACGGACGTAGTT-1","All"
"R4_large_5","TGGTGCCTAGCACGGC-1","All"
"R4_large_5","TGTAGGTCACTACATG-1","All"
"R4_large_5","TGTATGGTGCCAAGGT-1","All"
"R4_large_5","TGTTCATAGTATGACG-1","All"
"R4_large_5","TGTTCCTCACATTAAT-1","All"
"R4_large_5","TGTTCTGCTCTGTCGT-1","All"
"R4_small_2","AACCAAGGTATCAGGC-1","Island"
"R4_small_2","AACCTACAGAGGTAGT-1","Island"
"R4_small_2","AACCTACTGTAACTCA-1","Island"
"R4_small_2","AACGAGCTAATAACTA-1","Island"
"R4_small_2","AACTAGCCTTGCAATA-1","Island"
"R4_small_2","AACTAGGCCTGACACC-1","Island"
"R4_small_2","AACTATTCTGCGGCCT-1","Island"
"R4_small_2","AACTGCAACGTCCTGG-1","Island"
"R4_small_2","AACTGCCTCGATAGGT-1","Island"
"R4_small_2","AACTTGCAACTTGGAC-1","Island"
"R4_small_2","AAGACTCAAGGCTCCA-1","Island"
"R4_small_2","AAGCAGTATCAGAATC-1","Island"
"R4_small_2","AAGCATTGAGTGGTTG-1","Island"
"R4_small_2","AAGCCACTATGTCTAA-1","Island"
"R4_small_2","AAGCCAGGCCGACGTG-1","Island"
"R4_small_2","AAGCGAGGAAGTGAAC-1","Island"
"R4_small_2","AAGGCCAGTCGCAATT-1","Island"
"R4_small_2","AAGGCCGACTATGTAA-1","Island"
"R4_small_2","AAGTCGCTATCCTGTC-1","Island"
"R4_small_2","AAGTCGGACACTTCAG-1","Island"
"R4_small_2","AAGTCTTAAGTTGCCA-1","Island"
"R4_small_2","AAGTTAAGCACTATAA-1","Island"
"R4_small_2","AATAACGTAACTGTGA-1","Island"
"R4_small_2","AATAGATAGCCTAACC-1","Island"
"R4_small_2","AATGATTACAACCTAA-1","Island"
"R4_small_2","AATGGTGCGTCCTAAC-1","Island"
"R4_small_2","AATTGCGGTGCTAATA-1","Island"
"R4_small_2","AATTGCGTCAGACACT-1","Island"
"R4_small_2","AATTGGACGGCATCGT-1","Island"
"R4_small_2","ACAACGCCGATAGTAT-1","Island"
"R4_small_2","ACAATACAGGCGCCGT-1","Island"
"R4_small_2","ACAATACGCCTTATTC-1","Island"
"R4_small_2","ACAGAATCCGTTGCTT-1","Island"
"R4_small_2","ACAGAATGTCTTATTG-1","Island"
"R4_small_2","ACAGGAACTACAGAAC-1","Island"
"R4_small_2","ACATCGTAGACAGGTT-1","Island"
"R4_small_2","ACATTGAAGGCGGTGC-1","Island"
"R4_small_2","ACATTGGTTCACAGTG-1","Island"
"R4_small_2","ACCACGGCCTCGCACC-1","Island"
"R4_small_2","ACCAGTATGAAGTTCC-1","Island"
"R4_small_2","ACCATTAGATCGTGGC-1","Island"
"R4_small_2","ACCGGCCTCAGGAGTT-1","Island"
"R4_small_2","ACCTGCCACTATCAAT-1","Island"
"R4_small_2","ACCTGCTTGAGCCTGG-1","Island"
"R4_small_2","ACCTGTGGTCACCTCG-1","Island"
"R4_small_2","ACGAACGCACGAGCAC-1","Island"
"R4_small_2","ACGGTGTACGGTGCCA-1","Island"
"R4_small_2","ACGTCAGATTACTTCG-1","Island"
"R4_small_2","ACGTGCAATTATTCGG-1","Island"
"R4_small_2","ACTCAGCTCGAGTGTC-1","Island"
"R4_small_2","ACTCTAAGCTTGCGCC-1","Island"
"R4_small_2","ACTGGTTCTGAACGAT-1","Island"
"R4_small_2","ACTGTAGACAAGGAAT-1","Island"
"R4_small_2","AGAACTTCGATGCGTA-1","Island"
"R4_small_2","AGACAAGACGTATCGC-1","Island"
"R4_small_2","AGACGTAGGCGGACCG-1","Island"
"R4_small_2","AGCCAGCGGCAAGCGT-1","Island"
"R4_small_2","AGCCTCCGAACTACCA-1","Island"
"R4_small_2","AGCGAGAACAGATTCT-1","Island"
"R4_small_2","AGCGGTACGCCGAGAA-1","Island"
"R4_small_2","AGGACCGCAATAGTTA-1","Island"
"R4_small_2","AGGACGAATGCTTCAA-1","Island"
"R4_small_2","AGGACGTATCGCCGTA-1","Island"
"R4_small_2","AGGATCAACATTCGTT-1","Island"
"R4_small_2","AGGATTCTACGCCTAG-1","Island"
"R4_small_2","AGGCCGCAGAATAACG-1","Island"
"R4_small_2","AGGTTAGTGGCCATAG-1","Island"
"R4_small_2","AGTCGGTTATACATAG-1","Island"
"R4_small_2","AGTTATCCTGAACGAA-1","Island"
"R4_small_2","AGTTGTACTTAATGGA-1","Island"
"R4_small_2","ATAACCTAGAACCTGC-1","Island"
"R4_small_2","ATAAGACCAATCGCGG-1","Island"
"R4_small_2","ATAAGGAATAGAACAT-1","Island"
"R4_small_2","ATAAGTACCACGAGTT-1","Island"
"R4_small_2","ATACAATTGCGGTATT-1","Island"
"R4_small_2","ATAGAACCTCTACCGA-1","Island"
"R4_small_2","ATAGCTTCACAACCGT-1","Island"
"R4_small_2","ATAGTGAGTGAGGATT-1","Island"
"R4_small_2","ATCACCAGTTCGGCGA-1","Island"
"R4_small_2","ATCATTCACCAGATTG-1","Island"
"R4_small_2","ATCCGTAGCTTCAGTA-1","Island"
"R4_small_2","ATCCGTAGTGTCGCTC-1","Island"
"R4_small_2","ATCGCAGTCTATGGCA-1","Island"
"R4_small_2","ATCGTAATCCACATGC-1","Island"
"R4_small_2","ATCTGCCGTCTACAGC-1","Island"
"R4_small_2","ATGACCAGACGGCCGG-1","Island"
"R4_small_2","ATGAGTACGCTTCCTA-1","Island"
"R4_small_2","ATGCATGTCACTCGTG-1","Island"
"R4_small_2","ATGTAAGAGCCACCTC-1","Island"
"R4_small_2","ATGTACATGAACTCCG-1","Island"
"R4_small_2","ATGTACTACCGACTTC-1","Island"
"R4_small_2","ATGTATCCAAGGTGGC-1","Island"
"R4_small_2","ATGTATCCATAAGTTG-1","Island"
"R4_small_2","ATGTATGAGTACCGGA-1","Island"
"R4_small_2","ATGTCGGCTGTCGTAA-1","Island"
"R4_small_2","ATGTGAATTGCTGACC-1","Island"
"R4_small_2","ATTAGATAAGACGGCG-1","Island"
"R4_small_2","ATTAGCCTCACTTCTA-1","Island"
"R4_small_2","ATTATCCAGGTGAAGT-1","Island"
"R4_small_2","ATTATCTAGATTAACG-1","Island"
"R4_small_2","ATTCACATAGGATGAG-1","Island"
"R4_small_2","ATTCACGCTGTTATCG-1","Island"
"R4_small_2","ATTCACTCACGTGCAC-1","Island"
"R4_small_2","ATTCCGTAAGGATTCC-1","Island"
"R4_small_2","ATTCCTGCCTTAACAG-1","Island"
"R4_small_2","ATTCTAGGACATCAGT-1","Island"
"R4_small_2","ATTCTAGTCCACAAGA-1","Island"
"R4_small_2","ATTGACGCATCTCAAC-1","Island"
"R4_small_2","ATTGGCTAACAGACAA-1","Island"
"R4_small_2","CAACAGGTCAGAGGAC-1","Island"
"R4_small_2","CAACTGACAAGACAAG-1","Island"
"R4_small_2","CAACTGCAGTGCAATA-1","Island"
"R4_small_2","CAAGGTCTCAATACAG-1","Island"
"R4_small_2","CAAGTACTTCAATAGT-1","Island"
"R4_small_2","CAAGTAGCCTCGATCC-1","Island"
"R4_small_2","CAAGTCCGCTACCGTT-1","Island"
"R4_small_2","CAATGCGGATGCTGGT-1","Island"
"R4_small_2","CACCTACCGCTACCTT-1","Island"
"R4_small_2","CAGAACATGATAGGAC-1","Island"
"R4_small_2","CAGAAGTCGCGGTTAT-1","Island"
"R4_small_2","CAGAATTCTTGAACCA-1","Island"
"R4_small_2","CAGCACGCTAATCAGA-1","Island"
"R4_small_2","CAGCCTCGTGGCTCAC-1","Island"
"R4_small_2","CAGCTGGATGCGGCTA-1","Island"
"R4_small_2","CAGTGAACAGCAACGA-1","Island"
"R4_small_2","CAGTTGCACGGACAGG-1","Island"
"R4_small_2","CATGCGCTACTGGAGG-1","Island"
"R4_small_2","CATTAGGATAGTGAAT-1","Island"
"R4_small_2","CCAACTTGCCACCGTA-1","Island"
"R4_small_2","CCACATGGCGACGTCT-1","Island"
"R4_small_2","CCACGGTACACCAACC-1","Island"
"R4_small_2","CCAGACATCCGGTTCT-1","Island"
"R4_small_2","CCAGACATCGGCACGC-1","Island"
"R4_small_2","CCATCTGTGGCATCGT-1","Island"
"R4_small_2","CCGAGGATGACTCGTC-1","Island"
"R4_small_2","CCGATAATGGAGCCTT-1","Island"
"R4_small_2","CCGATGGAACATCAGC-1","Island"
"R4_small_2","CCGCCATACTTCACCA-1","Island"
"R4_small_2","CCGCTCTGCTGAATTC-1","Island"
"R4_small_2","CCGCTGTTGCCATACG-1","Island"
"R4_small_2","CCGGCAATGAAGTGAA-1","Island"
"R4_small_2","CCGGCGAACCGTGCAC-1","Island"
"R4_small_2","CCGGCGCTAAGGATGA-1","Island"
"R4_small_2","CCTAATCCACAAGGAT-1","Island"
"R4_small_2","CCTAATGGCACTGTTC-1","Island"
"R4_small_2","CCTACCATGTGATCAC-1","Island"
"R4_small_2","CCTAGTCAGTCCTTAT-1","Island"
"R4_small_2","CCTCATGATTATCTGA-1","Island"
"R4_small_2","CCTCGGTATGACAGTA-1","Island"
"R4_small_2","CCTGTCTGATAGGTGA-1","Island"
"R4_small_2","CCTTGTCTACTTAGAC-1","Island"
"R4_small_2","CGAATGGACCGTCTTG-1","Island"
"R4_small_2","CGACATTGTATGGAGG-1","Island"
"R4_small_2","CGACCAGCCTTGATTA-1","Island"
"R4_small_2","CGACCTGCATCTGCAT-1","Island"
"R4_small_2","CGACGCCAAGGTGCAA-1","Island"
"R4_small_2","CGACTGAACGAATGCT-1","Island"
"R4_small_2","CGAGCCTGCAAGGTTA-1","Island"
"R4_small_2","CGAGCGAGCCACGCTA-1","Island"
"R4_small_2","CGAGCGGCACAGTAGG-1","Island"
"R4_small_2","CGAGCTTAGAATACCT-1","Island"
"R4_small_2","CGAGTCCGTTGGAACT-1","Island"
"R4_small_2","CGATAAGGATAGGCAA-1","Island"
"R4_small_2","CGATGCACCAGGCCTC-1","Island"
"R4_small_2","CGCAACCATGCACCGA-1","Island"
"R4_small_2","CGCATGGAATTCACGA-1","Island"
"R4_small_2","CGCCTCGATAATGCGG-1","Island"
"R4_small_2","CGCTATAGTCTTCATC-1","Island"
"R4_small_2","CGGTAGATTCCTATGC-1","Island"
"R4_small_2","CGGTCAACGGCGGATT-1","Island"
"R4_small_2","CGGTCTTGCTATTCTA-1","Island"
"R4_small_2","CGGTTATCTGTCTTAA-1","Island"
"R4_small_2","CGTAACATTGGCTGAG-1","Island"
"R4_small_2","CGTACAGTAAGTAATG-1","Island"
"R4_small_2","CGTAGCCAAGTCCGTC-1","Island"
"R4_small_2","CGTAGTTCGTTGGTAG-1","Island"
"R4_small_2","CGTCGGCGGTAGATCA-1","Island"
"R4_small_2","CGTGTACGATGATTGT-1","Island"
"R4_small_2","CGTGTTAGATGGTATC-1","Island"
"R4_small_2","CGTTGTGAGCAAGTGG-1","Island"
"R4_small_2","CTAATCTGGCCGTGTT-1","Island"
"R4_small_2","CTACGAGCCGGACGGT-1","Island"
"R4_small_2","CTATAGATCCACAAGC-1","Island"
"R4_small_2","CTATCCGCTGCAATTG-1","Island"
"R4_small_2","CTATGTGCGGTTGACT-1","Island"
"R4_small_2","CTATTATGAGATACGA-1","Island"
"R4_small_2","CTATTCTGTAGGACCT-1","Island"
"R4_small_2","CTCAATGACCATTAAG-1","Island"
"R4_small_2","CTCACCAGTGTAAGTT-1","Island"
"R4_small_2","CTCACGATCTCCGGAG-1","Island"
"R4_small_2","CTCAGGCACGTCAGAC-1","Island"
"R4_small_2","CTCAGGTCGTGCTCGC-1","Island"
"R4_small_2","CTCCTACCTCGTGGTA-1","Island"
"R4_small_2","CTCCTGTCGAAGCCAA-1","Island"
"R4_small_2","CTCGATGTTGCTATGT-1","Island"
"R4_small_2","CTCGCTGTTCATAGAT-1","Island"
"R4_small_2","CTCGGAGTCTTAAGGA-1","Island"
"R4_small_2","CTGAAGGATCTGTACG-1","Island"
"R4_small_2","CTGAAGTTGCAGACAT-1","Island"
"R4_small_2","CTGCTCATTAGAGTGC-1","Island"
"R4_small_2","CTGGAATGGATCAGCA-1","Island"
"R4_small_2","CTGGCGCATATCCGTG-1","Island"
"R4_small_2","CTGGCGGACAACGCAC-1","Island"
"R4_small_2","CTGGCTGGACGCTTGG-1","Island"
"R4_small_2","CTGTCTATCCACATCT-1","Island"
"R4_small_2","CTTACGCCATGCACAG-1","Island"
"R4_small_2","CTTACGTCATCCTTAT-1","Island"
"R4_small_2","CTTAGCAAGGACAGCC-1","Island"
"R4_small_2","CTTAGCCTAATGGTAA-1","Island"
"R4_small_2","CTTAGTAAGCGTGGCA-1","Island"
"R4_small_2","CTTAGTTGCTCGTTGT-1","Island"
"R4_small_2","CTTATTCACTAGCTGG-1","Island"
"R4_small_2","CTTCGACTCCAGACTG-1","Island"
"R4_small_2","CTTGGTTAGAGTCATC-1","Island"
"R4_small_2","CTTGTATCGTATGATT-1","Island"
"R4_small_2","GAACATTCGACACGTA-1","Island"
"R4_small_2","GAACTACAAGTAGGAG-1","Island"
"R4_small_2","GAAGCTGTTCTACATC-1","Island"
"R4_small_2","GAATACTAAGGCGAAT-1","Island"
"R4_small_2","GAATGAGTATAGACCA-1","Island"
"R4_small_2","GACAACGGACTCAGCT-1","Island"
"R4_small_2","GACCACATTCTTGAAT-1","Island"
"R4_small_2","GACGAGCTGCACTCGT-1","Island"
"R4_small_2","GACGGTACCTGGCCGT-1","Island"
"R4_small_2","GACTAGTAATCTTGCT-1","Island"
"R4_small_2","GAGCCTCACGTATGTA-1","Island"
"R4_small_2","GAGCGAATCGGTAGAA-1","Island"
"R4_small_2","GAGCTAACCTACTTAC-1","Island"
"R4_small_2","GAGGTAACTAGACAGT-1","Island"
"R4_small_2","GAGGTGGCTCGAGGTT-1","Island"
"R4_small_2","GAGTAGATTATGGTTC-1","Island"
"R4_small_2","GAGTCTGACTATAGAA-1","Island"
"R4_small_2","GAGTTACTCAATGGAA-1","Island"
"R4_small_2","GAGTTCTATCGTGCCT-1","Island"
"R4_small_2","GATAAGCACGTGCGTA-1","Island"
"R4_small_2","GATAATCAGCTATTGT-1","Island"
"R4_small_2","GATATCTTGTGACACG-1","Island"
"R4_small_2","GATCCGGACATACACC-1","Island"
"R4_small_2","GATCGGAGATACGCAG-1","Island"
"R4_small_2","GATTCCGTGCGTATAC-1","Island"
"R4_small_2","GATTGTCGCAACGAGG-1","Island"
"R4_small_2","GCAAGAATGTTCCACC-1","Island"
"R4_small_2","GCAATTAATCAACGTA-1","Island"
"R4_small_2","GCACCTTAGCCTCGCA-1","Island"
"R4_small_2","GCACGCAACCATACCA-1","Island"
"R4_small_2","GCACTGGACGCAGCAC-1","Island"
"R4_small_2","GCAGGCAGTGATCTAC-1","Island"
"R4_small_2","GCAGGTCACTACCTCA-1","Island"
"R4_small_2","GCAGTAGATGTCCAAT-1","Island"
"R4_small_2","GCATTGACTACAGCGA-1","Island"
"R4_small_2","GCCGTATGCCAGTCTT-1","Island"
"R4_small_2","GCCTGGTACATGGTCG-1","Island"
"R4_small_2","GCCTTGAGATCTGAGC-1","Island"
"R4_small_2","GCCTTGCCACTTCTGA-1","Island"
"R4_small_2","GCGAATAGTGGCTAAT-1","Island"
"R4_small_2","GCGAGCGGTTGTCATG-1","Island"
"R4_small_2","GCGAGGATCGACCTTA-1","Island"
"R4_small_2","GCGATGACCGTGTAAT-1","Island"
"R4_small_2","GCGGCAAGTGTTATGT-1","Island"
"R4_small_2","GCGGTCCTGTAGTCTG-1","Island"
"R4_small_2","GCGGTGGCCGACGCAT-1","Island"
"R4_small_2","GCGTACGAATCTAATC-1","Island"
"R4_small_2","GCGTCGGTCACGCCAG-1","Island"
"R4_small_2","GCTACCATCCTGTAGA-1","Island"
"R4_small_2","GCTCGGAGATGAATGT-1","Island"
"R4_small_2","GCTTCTAAGTCTGACG-1","Island"
"R4_small_2","GCTTGGATCCAACCGG-1","Island"
"R4_small_2","GCTTGGCTGCGGTAAC-1","Island"
"R4_small_2","GGACAGTGCGGCAACA-1","Island"
"R4_small_2","GGACCATCACCGCCAA-1","Island"
"R4_small_2","GGACGTTGGAGGTGAT-1","Island"
"R4_small_2","GGAGCGAATTGGACGG-1","Island"
"R4_small_2","GGAGTCTAAGTGGTCC-1","Island"
"R4_small_2","GGCATAATCCTATCGC-1","Island"
"R4_small_2","GGCGAGGCAGCCTACT-1","Island"
"R4_small_2","GGCGCCACTGAACATC-1","Island"
"R4_small_2","GGCGGAAGTCTTGTAG-1","Island"
"R4_small_2","GGCGGAGTTGAACTAT-1","Island"
"R4_small_2","GGCGGATATTGATTGA-1","Island"
"R4_small_2","GGCGTGTAATTACTTA-1","Island"
"R4_small_2","GGTCACCGCATAACAA-1","Island"
"R4_small_2","GGTCTGAAGTATGTCA-1","Island"
"R4_small_2","GGTCTGCGAACTGTAT-1","Island"
"R4_small_2","GGTCTTATAGGCTGGC-1","Island"
"R4_small_2","GGTCTTCCGGCTGGAC-1","Island"
"R4_small_2","GGTCTTGAACCGGCCA-1","Island"
"R4_small_2","GGTGCAGGCACCGCGT-1","Island"
"R4_small_2","GGTTAGACTCGGAGGT-1","Island"
"R4_small_2","GGTTCTCCTATCAGTT-1","Island"
"R4_small_2","GGTTCTCGTGATGTGA-1","Island"
"R4_small_2","GGTTCTGGAGTCTACC-1","Island"
"R4_small_2","GTAACATACACCTGTT-1","Island"
"R4_small_2","GTAAGTTGCTGGTGGA-1","Island"
"R4_small_2","GTAATCAGGCGGACGG-1","Island"
"R4_small_2","GTACAGCCGTTACAGA-1","Island"
"R4_small_2","GTACGAGGTAGTGCAC-1","Island"
"R4_small_2","GTACTGCATAAGGTTA-1","Island"
"R4_small_2","GTACTTACTTCATACC-1","Island"
"R4_small_2","GTAGAAGGACATCATA-1","Island"
"R4_small_2","GTAGAAGTAAGCTGCG-1","Island"
"R4_small_2","GTAGACCTGTCAACCA-1","Island"
"R4_small_2","GTAGCATAGTTACAGG-1","Island"
"R4_small_2","GTAGCCAGTGCGGTTG-1","Island"
"R4_small_2","GTATGATCACTTGACG-1","Island"
"R4_small_2","GTATGTTAGTTCTACC-1","Island"
"R4_small_2","GTATTATGAGTTAGCG-1","Island"
"R4_small_2","GTATTCGTGACTTGAT-1","Island"
"R4_small_2","GTCAACAGTTAAGTGA-1","Island"
"R4_small_2","GTCACTAAGCCAGCGG-1","Island"
"R4_small_2","GTCACTGAATCTCACC-1","Island"
"R4_small_2","GTCACTTATGTCGTAT-1","Island"
"R4_small_2","GTCAGTGCCAGAATAA-1","Island"
"R4_small_2","GTCCGACAGCCGCATT-1","Island"
"R4_small_2","GTCGCTAAGTGAGGTT-1","Island"
"R4_small_2","GTCTATTGCGAGTTAC-1","Island"
"R4_small_2","GTCTTGACAATAGCAA-1","Island"
"R4_small_2","GTCTTGATTGCCACCT-1","Island"
"R4_small_2","GTGAAGATGAGTGCCT-1","Island"
"R4_small_2","GTGAAGTGATCGTGCT-1","Island"
"R4_small_2","GTGACATACAGGTCCT-1","Island"
"R4_small_2","GTGCATGGTTGAGTTC-1","Island"
"R4_small_2","GTGGAACAGAAGTCGA-1","Island"
"R4_small_2","GTGGTCGCTCTGTAGC-1","Island"
"R4_small_2","GTTATGATACGATTAT-1","Island"
"R4_small_2","GTTCCTGAACCTTCAA-1","Island"
"R4_small_2","GTTCCTTGAGGAACGC-1","Island"
"R4_small_2","GTTCTTGATCTGTTGA-1","Island"
"R4_small_2","GTTGAATCAACCTGGC-1","Island"
"R4_small_2","GTTGACGGATAGCCAT-1","Island"
"R4_small_2","TAACCTTGAGACTTCG-1","Island"
"R4_small_2","TAACGCTTATGCCATA-1","Island"
"R4_small_2","TAACGTTGCGTCGATG-1","Island"
"R4_small_2","TAAGAATATGAGATAG-1","Island"
"R4_small_2","TAAGATTGCTCACTTC-1","Island"
"R4_small_2","TAAGCACGAGACCTAC-1","Island"
"R4_small_2","TAAGCCATACGACACG-1","Island"
"R4_small_2","TAAGCTCCTTCACGCC-1","Island"
"R4_small_2","TAAGGACGCCTGGTTG-1","Island"
"R4_small_2","TAAGTGGCCGCTCACC-1","Island"
"R4_small_2","TAATCTGATAAGATGT-1","Island"
"R4_small_2","TAATGTGCACGATCTG-1","Island"
"R4_small_2","TACACTGCAGGTTAGA-1","Island"
"R4_small_2","TACACTGCGTCCGGAC-1","Island"
"R4_small_2","TACCTCAGGCAACAGA-1","Island"
"R4_small_2","TACCTGCGGTTGTCCT-1","Island"
"R4_small_2","TACGGAATTGAACCAA-1","Island"
"R4_small_2","TACGGAGGAAGCACCT-1","Island"
"R4_small_2","TACGGATCAGCCATCC-1","Island"
"R4_small_2","TACTCCTACATCAACT-1","Island"
"R4_small_2","TAGACATACGTCTAAT-1","Island"
"R4_small_2","TAGACCGGCCAGTACG-1","Island"
"R4_small_2","TAGCGGACCACTGTTA-1","Island"
"R4_small_2","TAGCGTCACGACAGGC-1","Island"
"R4_small_2","TAGCTAGAAGCGATCA-1","Island"
"R4_small_2","TAGGCATCTGCGGACC-1","Island"
"R4_small_2","TAGGCGCATATCTAAC-1","Island"
"R4_small_2","TAGTATAACCTCGACA-1","Island"
"R4_small_2","TAGTGACTCGCTCCGC-1","Island"
"R4_small_2","TATCAACGAATATGAG-1","Island"
"R4_small_2","TATCAATGCCGCTCAC-1","Island"
"R4_small_2","TATCACCGGCATCGTG-1","Island"
"R4_small_2","TATCACTTCGAGCCGT-1","Island"
"R4_small_2","TATCATGGATGTTGCC-1","Island"
"R4_small_2","TATCCTGCGGTTGATC-1","Island"
"R4_small_2","TATGACAGCGAGAAGC-1","Island"
"R4_small_2","TATGACGCGTATGTCG-1","Island"
"R4_small_2","TATGAGTTCCGAGTGA-1","Island"
"R4_small_2","TCAAGGCAACGCGGCT-1","Island"
"R4_small_2","TCACAAGCTCGAGGCA-1","Island"
"R4_small_2","TCACAGCACCAAGGTT-1","Island"
"R4_small_2","TCACATCCTGTCGCGG-1","Island"
"R4_small_2","TCACCGTTGCTAATGG-1","Island"
"R4_small_2","TCACGACATCAGAAGG-1","Island"
"R4_small_2","TCAGGAGCAACGGTCG-1","Island"
"R4_small_2","TCAGTCCAACGGAAGT-1","Island"
"R4_small_2","TCAGTTGACAGTGCCA-1","Island"
"R4_small_2","TCATAGCTTCCAGTAC-1","Island"
"R4_small_2","TCATAGGTGAGTCGAC-1","Island"
"R4_small_2","TCATCGTTATGTATCT-1","Island"
"R4_small_2","TCATGAGGTTGATATG-1","Island"
"R4_small_2","TCATTCACTGTAATGG-1","Island"
"R4_small_2","TCCAATCCAGATACAT-1","Island"
"R4_small_2","TCCAATCTAACACGCA-1","Island"
"R4_small_2","TCCAGTACGTGCTATG-1","Island"
"R4_small_2","TCCAGTGATTGGTGCT-1","Island"
"R4_small_2","TCCGAACATAGTCTGA-1","Island"
"R4_small_2","TCCGAACCTCAACCAT-1","Island"
"R4_small_2","TCCGAATAGAAGCACC-1","Island"
"R4_small_2","TCCTAATTGCTCAACG-1","Island"
"R4_small_2","TCCTAGGTATCTGATG-1","Island"
"R4_small_2","TCCTATGAGGATTGTT-1","Island"
"R4_small_2","TCCTCATCGTGCTGGA-1","Island"
"R4_small_2","TCCTGAAGCGTGCACT-1","Island"
"R4_small_2","TCCTTACTCGCAATGA-1","Island"
"R4_small_2","TCCTTGGCTCAAGAGT-1","Island"
"R4_small_2","TCGAATTAGTTACTCC-1","Island"
"R4_small_2","TCGAATTGTACACTAT-1","Island"
"R4_small_2","TCGATATTAGACATAC-1","Island"
"R4_small_2","TCGCACTGTACGGCGA-1","Island"
"R4_small_2","TCGGAACGTCTGCAAG-1","Island"
"R4_small_2","TCGGTAGGCATCACGC-1","Island"
"R4_small_2","TCGTATCACGTTATGA-1","Island"
"R4_small_2","TCGTGCCTCGGTAGTT-1","Island"
"R4_small_2","TCTAACAAGCCAATCC-1","Island"
"R4_small_2","TCTACAACTGGAACTT-1","Island"
"R4_small_2","TCTACAGCACGTCCGA-1","Island"
"R4_small_2","TCTACATGAACTATAC-1","Island"
"R4_small_2","TCTAGGCGGAAGGCAC-1","Island"
"R4_small_2","TCTGCCTGGATGTCAG-1","Island"
"R4_small_2","TCTGCGTGCTATTCTA-1","Island"
"R4_small_2","TCTGGTATCTGTAGCC-1","Island"
"R4_small_2","TCTGGTCCTCCACTGT-1","Island"
"R4_small_2","TCTGTACGCTGTCCTC-1","Island"
"R4_small_2","TCTTACGAGGAATAAG-1","Island"
"R4_small_2","TCTTACTGAGACTAGT-1","Island"
"R4_small_2","TCTTGCTCCGTCGGCA-1","Island"
"R4_small_2","TGAATGCGGTTATGGA-1","Island"
"R4_small_2","TGAATGTACCTTCGTC-1","Island"
"R4_small_2","TGAATGTTGACATCGT-1","Island"
"R4_small_2","TGAATTATGCCGCAGT-1","Island"
"R4_small_2","TGAATTCGTGGTATAA-1","Island"
"R4_small_2","TGACCAGCACTCCAGC-1","Island"
"R4_small_2","TGACGCTCGCGGTAGT-1","Island"
"R4_small_2","TGACGGAGCGCTATAC-1","Island"
"R4_small_2","TGAGTGACCTACTCGT-1","Island"
"R4_small_2","TGAGTGAGGCACGCCT-1","Island"
"R4_small_2","TGATAAGCAGTAAGAA-1","Island"
"R4_small_2","TGATCCGCACTCCTTA-1","Island"
"R4_small_2","TGATTAGAATGACATA-1","Island"
"R4_small_2","TGCACTCCAGCTACTC-1","Island"
"R4_small_2","TGCAGTTATTCCACTC-1","Island"
"R4_small_2","TGCCAATCCATGTCTA-1","Island"
"R4_small_2","TGCCACAATGCTACCG-1","Island"
"R4_small_2","TGCCACTCAACCGGCC-1","Island"
"R4_small_2","TGCCAGCTATTGTAGA-1","Island"
"R4_small_2","TGCCAGGATGAGGTTC-1","Island"
"R4_small_2","TGCCTATCAATGCCAT-1","Island"
"R4_small_2","TGCCTATCGGCTATGT-1","Island"
"R4_small_2","TGCGAATTCTCCGCAC-1","Island"
"R4_small_2","TGCGATTAGCTCCGCC-1","Island"
"R4_small_2","TGCGGATCGGATCTTA-1","Island"
"R4_small_2","TGCGTATCTTGTACCG-1","Island"
"R4_small_2","TGCGTGTCGGCGGATA-1","Island"
"R4_small_2","TGCTTACTCACCGGTC-1","Island"
"R4_small_2","TGGACGCCTGCGACCG-1","Island"
"R4_small_2","TGGACTGAGTACCTAG-1","Island"
"R4_small_2","TGGAGTGAACGCGGTC-1","Island"
"R4_small_2","TGGAGTGATGGCTCTT-1","Island"
"R4_small_2","TGGAGTGCTCCTGATC-1","Island"
"R4_small_2","TGGCCAGAGTATCTCC-1","Island"
"R4_small_2","TGGCGACACTGCCGGA-1","Island"
"R4_small_2","TGGTATTCCTAGTCCA-1","Island"
"R4_small_2","TGGTTGAACACGCCAA-1","Island"
"R4_small_2","TGGTTGCCTCCGGCTT-1","Island"
"R4_small_2","TGTACCAACTACGCAT-1","Island"
"R4_small_2","TGTAGGTCACTACATG-1","Island"
"R4_small_2","TGTCATGCATGAGCAC-1","Island"
"R4_small_2","TGTCCATGTATGGAAT-1","Island"
"R4_small_2","TGTTCCTCACATTAAT-1","Island"
"R4_large_4","AACAGTCAGGCTCCGC-1","All"
"R4_large_4","AACCACTGCCATAGCC-1","All"
"R4_large_4","AACCGCATGTATGTTA-1","All"
"R4_large_4","AACGAGCTAATAACTA-1","All"
"R4_large_4","AACTCAGATCCATGCC-1","All"
"R4_large_4","AACTGGATACTTCACT-1","All"
"R4_large_4","AACTTCAGCATGGCCG-1","All"
"R4_large_4","AAGAATTCTGGCTGCA-1","All"
"R4_large_4","AAGCAAGAGCGTGATC-1","All"
"R4_large_4","AAGCCACTATGTCTAA-1","All"
"R4_large_4","AAGGCAGTCTGATCAC-1","All"
"R4_large_4","AAGGCCAATTCAATAA-1","All"
"R4_large_4","AATAACTCTACGATGT-1","All"
"R4_large_4","AATACGCATATCCAGA-1","All"
"R4_large_4","AATGGTTATTCTAGCT-1","All"
"R4_large_4","AATTGGCTTGAGTTGC-1","All"
"R4_large_4","ACAACTAAGTGGCGCT-1","All"
"R4_large_4","ACAGGCACGCGAGGAT-1","All"
"R4_large_4","ACATCTATCCGAACCA-1","All"
"R4_large_4","ACATCTCAGTATTGCA-1","All"
"R4_large_4","ACATGTTCACCGGCAG-1","All"
"R4_large_4","ACATTGTACATTCTTG-1","All"
"R4_large_4","ACCATTAGATCGTGGC-1","All"
"R4_large_4","ACCGGCACCATACTGC-1","All"
"R4_large_4","ACCTATGCTACCGGAT-1","All"
"R4_large_4","ACCTGCTTGAGCCTGG-1","All"
"R4_large_4","ACCTGTGGTCACCTCG-1","All"
"R4_large_4","ACGATGTTACCTCATT-1","All"
"R4_large_4","ACGCGTTCGCGATCAT-1","All"
"R4_large_4","ACGGCTTCAGGTACCG-1","All"
"R4_large_4","ACGGTGATAATGTTAC-1","All"
"R4_large_4","ACGGTTCGCAAGTAAC-1","All"
"R4_large_4","ACGGTTCGTCCGACCG-1","All"
"R4_large_4","ACGTCAGATTACTTCG-1","All"
"R4_large_4","ACGTTACGCAGACAGC-1","All"
"R4_large_4","ACGTTCACGACTAGGT-1","All"
"R4_large_4","ACTACGCCTCATGATT-1","All"
"R4_large_4","ACTCAGTGAGCCTCCA-1","All"
"R4_large_4","ACTGCAAGGCTTCTCG-1","All"
"R4_large_4","ACTGTACAATTCTACT-1","All"
"R4_large_4","ACTGTACATCCGATAC-1","All"
"R4_large_4","ACTGTAGAGTGCCGGC-1","All"
"R4_large_4","AGAAGTTGAGCGCAAG-1","All"
"R4_large_4","AGACCTCAGCGAGGTG-1","All"
"R4_large_4","AGACGGCCTTACGGAG-1","All"
"R4_large_4","AGACTACGTGCTCCAT-1","All"
"R4_large_4","AGACTCAGACAGATAA-1","All"
"R4_large_4","AGCCGATGTTCTACTC-1","All"
"R4_large_4","AGCCTCGCATGGTCCT-1","All"
"R4_large_4","AGCCTCTGTTCCGATG-1","All"
"R4_large_4","AGCGACTATGTATCTT-1","All"
"R4_large_4","AGCTGACGTAACGCTG-1","All"
"R4_large_4","AGGACGAAGCCTCCTT-1","All"
"R4_large_4","AGGAGCGAATGCGTTA-1","All"
"R4_large_4","AGGATCAACATTCGTT-1","All"
"R4_large_4","AGGCCGCAGAATAACG-1","All"
"R4_large_4","AGGTACAGCTATGATA-1","All"
"R4_large_4","AGGTGGCACTTGTCAG-1","All"
"R4_large_4","AGGTTAGTGGCCATAG-1","All"
"R4_large_4","AGGTTCCACGCCGAAG-1","All"
"R4_large_4","AGTACCGAACCGCAAT-1","All"
"R4_large_4","AGTAGACAGTAAGGAG-1","All"
"R4_large_4","AGTCGTTGCCGCCAAC-1","All"
"R4_large_4","ATACCATAGCCAATCG-1","All"
"R4_large_4","ATACTATCAACTTGTA-1","All"
"R4_large_4","ATACTATGAATGTCTT-1","All"
"R4_large_4","ATAGAACCTCTACCGA-1","All"
"R4_large_4","ATAGTACTATGGTTCT-1","All"
"R4_large_4","ATCACCAGTTCGGCGA-1","All"
"R4_large_4","ATCCGGTATCACAAGT-1","All"
"R4_large_4","ATCGCAATGCACTAAC-1","All"
"R4_large_4","ATCGCAGTCTATGGCA-1","All"
"R4_large_4","ATCGTCTTAACGAAGG-1","All"
"R4_large_4","ATCTGAGGAACGGTTG-1","All"
"R4_large_4","ATGACACTAATCGCAC-1","All"
"R4_large_4","ATGATATCTAGTCTTA-1","All"
"R4_large_4","ATGTAATTGTCGTTCG-1","All"
"R4_large_4","ATGTACCAGTTACTCG-1","All"
"R4_large_4","ATGTAGGTAACCGTAC-1","All"
"R4_large_4","ATGTATCCAAGGTGGC-1","All"
"R4_large_4","ATGTATGTTATTGAAG-1","All"
"R4_large_4","ATGTCGTTACCAGACG-1","All"
"R4_large_4","ATGTTAAGATTACTGA-1","All"
"R4_large_4","ATTACATGTTATTGAC-1","All"
"R4_large_4","ATTATCACAACTCGGC-1","All"
"R4_large_4","ATTATCCAGGTGAAGT-1","All"
"R4_large_4","ATTCCTGCCTTAACAG-1","All"
"R4_large_4","ATTCCTTCGAAGGTGC-1","All"
"R4_large_4","ATTGACTTATGTGGTA-1","All"
"R4_large_4","ATTGATAACACTAAGA-1","All"
"R4_large_4","ATTGCAGTTCTTCATT-1","Island"
"R4_large_4","CAAGCCGCCATAGAGG-1","All"
"R4_large_4","CAAGGTCAGCGATGTC-1","All"
"R4_large_4","CAATCGTGAAGTGATA-1","All"
"R4_large_4","CACGCTTATCAATCTT-1","All"
"R4_large_4","CACGGCGATACATACG-1","All"
"R4_large_4","CACTAGTCGACATCTA-1","All"
"R4_large_4","CACTCAATAAGCCGAA-1","All"
"R4_large_4","CACTGGCCAGCCAGAT-1","All"
"R4_large_4","CACTGGTGAGTTATCG-1","All"
"R4_large_4","CACTGGTGGCGTCGTT-1","All"
"R4_large_4","CAGGCCGTATCTGTTA-1","All"
"R4_large_4","CAGGTACCACTCGCGG-1","All"
"R4_large_4","CAGTGAACAGCAACGA-1","All"
"R4_large_4","CAGTTGCGACTTCTCG-1","All"
"R4_large_4","CATACAATGAGTAGCT-1","All"
"R4_large_4","CATCCGTGGTCGTAAG-1","All"
"R4_large_4","CATCTGTACCACGCGA-1","All"
"R4_large_4","CATGCAGAAGTCAGGA-1","All"
"R4_large_4","CATGCGAGTGAGCTAA-1","All"
"R4_large_4","CATTAGGCAATGGTTA-1","All"
"R4_large_4","CATTGCTATGTTAGCT-1","All"
"R4_large_4","CCAACTTGCCACCGTA-1","All"
"R4_large_4","CCAAGCTGGCCATTGC-1","All"
"R4_large_4","CCAGACATCCGGTTCT-1","All"
"R4_large_4","CCAGCGGATTCCGCTG-1","All"
"R4_large_4","CCAGTGTCACAGCGCC-1","All"
"R4_large_4","CCATGAGGCTATGCCA-1","All"
"R4_large_4","CCGCGTTACCTTGGCG-1","All"
"R4_large_4","CCGGAGACAAGAATAA-1","All"
"R4_large_4","CCTAACTTATGTTGGA-1","All"
"R4_large_4","CCTAATCAGGCCATTA-1","All"
"R4_large_4","CCTGCTCGCCGTCCAG-1","Island"
"R4_large_4","CCTTAGTCTGTCACTG-1","All"
"R4_large_4","CCTTAGTTATACCAGA-1","All"
"R4_large_4","CGAAGTCGTTGGCTCG-1","All"
"R4_large_4","CGACAAGTACTCCTTA-1","All"
"R4_large_4","CGACAAGTGATGCGCA-1","All"
"R4_large_4","CGACTAATCGGCTCCT-1","All"
"R4_large_4","CGAGCGTGCATTGTGG-1","All"
"R4_large_4","CGAGCTATGTCCTCGC-1","All"
"R4_large_4","CGAGTCACTCATAGAT-1","All"
"R4_large_4","CGATAAGAATTCCAGT-1","All"
"R4_large_4","CGATGACCTCATCCTC-1","All"
"R4_large_4","CGATTGGAACAGGCCA-1","All"
"R4_large_4","CGCACGCATAATGGTG-1","All"
"R4_large_4","CGCACTAACTACCGGT-1","All"
"R4_large_4","CGCTCGGCCGGTTGTC-1","All"
"R4_large_4","CGGAGCCGCAATAGCC-1","All"
"R4_large_4","CGGAGTGGCGACTAAG-1","All"
"R4_large_4","CGGCACTCTAGCGGAA-1","All"
"R4_large_4","CGGCATTATCGCGTGG-1","All"
"R4_large_4","CGGCTCGTGGAGTACT-1","All"
"R4_large_4","CGGTAGGTCTGGCAGA-1","All"
"R4_large_4","CGGTCTTATCCAAGCT-1","All"
"R4_large_4","CGTAACATTGGCTGAG-1","All"
"R4_large_4","CGTCTTGCAACTTCTG-1","All"
"R4_large_4","CGTGTAGTATTCTTGG-1","All"
"R4_large_4","CGTGTTACCATATGTA-1","All"
"R4_large_4","CTACAGCGTCTACACT-1","All"
"R4_large_4","CTACGAGCCTGGAGAC-1","All"
"R4_large_4","CTAGCACGATCACTGT-1","All"
"R4_large_4","CTATCGTATCAGCGTG-1","All"
"R4_large_4","CTATGCACCAATCCAG-1","All"
"R4_large_4","CTATTCTGTAGGACCT-1","All"
"R4_large_4","CTCACCAGTGTAAGTT-1","All"
"R4_large_4","CTCACCTGCCGACTAA-1","All"
"R4_large_4","CTCCATGGCGACCAGT-1","All"
"R4_large_4","CTCGACAGCACTCGGA-1","All"
"R4_large_4","CTCGCTAGCACCATCT-1","All"
"R4_large_4","CTCGTTCACGACTGCA-1","All"
"R4_large_4","CTGAAGCGGTTGCCAA-1","All"
"R4_large_4","CTGAAGGTGCTCGAGG-1","All"
"R4_large_4","CTGATTAGGTGCCGAA-1","All"
"R4_large_4","CTGCCGCTTCGGCTGC-1","All"
"R4_large_4","CTGCCGTGAAGTCGCA-1","All"
"R4_large_4","CTGCGGAAGCAGGCAC-1","All"
"R4_large_4","CTGGTGGCTTAGACTC-1","All"
"R4_large_4","CTGTCAGGTGGATCGT-1","All"
"R4_large_4","CTTACGTCATCCTTAT-1","All"
"R4_large_4","CTTAGCGTAGCGTGCG-1","All"
"R4_large_4","CTTAGTCCTCATAAGT-1","All"
"R4_large_4","CTTCCAATTGAAGATT-1","All"
"R4_large_4","CTTCGACCAAGCCGAG-1","All"
"R4_large_4","CTTGGATCAACCGTAT-1","All"
"R4_large_4","GAACAGCCATGTTGCA-1","All"
"R4_large_4","GAACTATCGTCTCGTC-1","All"
"R4_large_4","GAATCATAGTCTGAAG-1","Island"
"R4_large_4","GAATGACAACAGAATA-1","All"
"R4_large_4","GACAACTTGATTGTGA-1","All"
"R4_large_4","GACGAGAAGTTACAGA-1","All"
"R4_large_4","GACGCCTCTTGATTGT-1","All"
"R4_large_4","GACGGCTTAGGTGCGA-1","All"
"R4_large_4","GAGCGGCAATGGAATA-1","All"
"R4_large_4","GAGCTATCCATCACGC-1","All"
"R4_large_4","GAGTAGATTATGGTTC-1","All"
"R4_large_4","GAGTGCGTACTGTAAC-1","All"
"R4_large_4","GAGTTACTCAATGGAA-1","All"
"R4_large_4","GAGTTAGCAGTAGATG-1","All"
"R4_large_4","GATCACGGCGTCTGGA-1","All"
"R4_large_4","GATTCCATACTGAACC-1","All"
"R4_large_4","GATTCCGTCTAACGTT-1","All"
"R4_large_4","GCACAGGCTCTACCAT-1","All"
"R4_large_4","GCACAGTCTTGATAGA-1","All"
"R4_large_4","GCACTGGACGCAGCAC-1","All"
"R4_large_4","GCAGGTCACTACCTCA-1","All"
"R4_large_4","GCATGTCGAGTGTCTT-1","All"
"R4_large_4","GCCAGTGCTCTACACT-1","All"
"R4_large_4","GCCATTGTAACTGATC-1","All"
"R4_large_4","GCCATTGTAATGTCTT-1","All"
"R4_large_4","GCCGCTTCTAAGGTGA-1","All"
"R4_large_4","GCCGTATGCCAGTCTT-1","All"
"R4_large_4","GCGAATAGTGGCTAAT-1","All"
"R4_large_4","GCGGTCGGCGTACCTT-1","All"
"R4_large_4","GCGTTAATAGTCAGTA-1","All"
"R4_large_4","GCTATGCGTGAACGGT-1","All"
"R4_large_4","GCTTAATAGAGGCGAG-1","All"
"R4_large_4","GCTTACCTCGTGCTAT-1","All"
"R4_large_4","GCTTCTAAGTCTGACG-1","All"
"R4_large_4","GCTTCTCCAGAACCGC-1","All"
"R4_large_4","GCTTCTGTTACGAGAA-1","All"
"R4_large_4","GCTTCTTGAATCGGTT-1","All"
"R4_large_4","GCTTGGATGCTCGCTT-1","All"
"R4_large_4","GGACAGGTCGCATAAT-1","All"
"R4_large_4","GGACGTTGGAGGTGAT-1","All"
"R4_large_4","GGAGTCCAGATAGCTT-1","All"
"R4_large_4","GGATAATTATGCTGGT-1","All"
"R4_large_4","GGCAGCGTATACGACT-1","All"
"R4_large_4","GGCGTGGACCTTAGAT-1","All"
"R4_large_4","GGCTGTTCAATGTCAA-1","All"
"R4_large_4","GGTGCAGGCACCGCGT-1","All"
"R4_large_4","GTAAGTTGCGGAGCGT-1","All"
"R4_large_4","GTAATAGTCCTAAGCC-1","All"
"R4_large_4","GTACATAAGCTACGCC-1","All"
"R4_large_4","GTACGCACTCAATTGC-1","All"
"R4_large_4","GTACGCTCGCCAACAT-1","All"
"R4_large_4","GTACTACCGTTAGGTG-1","All"
"R4_large_4","GTAGCAACGACCGTGG-1","All"
"R4_large_4","GTAGCAGAAGACTCTT-1","All"
"R4_large_4","GTAGTTGTTCATGTAG-1","All"
"R4_large_4","GTATACGATACCTTGT-1","All"
"R4_large_4","GTCAGTAGGTGACCGG-1","All"
"R4_large_4","GTCAGTATGTCCGGCG-1","All"
"R4_large_4","GTCAGTTCTGCCTGGA-1","All"
"R4_large_4","GTCATCACGTGGTTCA-1","All"
"R4_large_4","GTCCTGCTTACGGCTG-1","All"
"R4_large_4","GTCTATGTTAATAGAA-1","All"
"R4_large_4","GTCTCATGACTAGTTG-1","All"
"R4_large_4","GTCTTGTATTGTAGAT-1","All"
"R4_large_4","GTGAACTGAGTTCGGC-1","All"
"R4_large_4","GTGCATGGTTGAGTTC-1","All"
"R4_large_4","GTGGAGTACAATCAAT-1","All"
"R4_large_4","GTGGTAGGTCTAAGAA-1","All"
"R4_large_4","GTTCCAGTGCCTTACC-1","All"
"R4_large_4","GTTCCGTACCTCCACT-1","All"
"R4_large_4","GTTGACTACAACATAC-1","All"
"R4_large_4","TAACATGCGTGCGAAC-1","All"
"R4_large_4","TAACCGTACCATCCTG-1","All"
"R4_large_4","TAACGAGCCGAAGGTC-1","All"
"R4_large_4","TAACGCGTAATATGGC-1","All"
"R4_large_4","TAACGCTAGTACGCAG-1","All"
"R4_large_4","TAACGCTTCGGCACTT-1","All"
"R4_large_4","TAACGTTGCGTCGATG-1","All"
"R4_large_4","TACATCGGACAACTGG-1","All"
"R4_large_4","TACATCTAACATGTCC-1","All"
"R4_large_4","TACATTGAATACGATC-1","All"
"R4_large_4","TACGCTTCCGCAAGCT-1","All"
"R4_large_4","TAGCAGTCGTCATGAA-1","All"
"R4_large_4","TAGCGTATAGCGCTAA-1","All"
"R4_large_4","TAGCTAGAGCACGCCG-1","All"
"R4_large_4","TAGGAGGCGTATTGCC-1","All"
"R4_large_4","TAGGCATAAGTGAGGC-1","All"
"R4_large_4","TAGGTCCGTAGCCTAT-1","All"
"R4_large_4","TAGTTGAGCGACGCTA-1","All"
"R4_large_4","TATCAACGAATATGAG-1","All"
"R4_large_4","TATCAAGGCCGCGTGG-1","All"
"R4_large_4","TATCCAAGCGCCGTAG-1","All"
"R4_large_4","TATGGAGTTCTACGGC-1","All"
"R4_large_4","TATTAATAGAATGGCA-1","All"
"R4_large_4","TATTGATCGTGATCTT-1","All"
"R4_large_4","TCAACAATGGAGGCCT-1","All"
"R4_large_4","TCAACCGGAGACCTCG-1","Island"
"R4_large_4","TCACAGCACCAAGGTT-1","All"
"R4_large_4","TCACGATACCTAGCCA-1","All"
"R4_large_4","TCAGAATCGATATCAT-1","All"
"R4_large_4","TCAGAATCTAATAGTC-1","All"
"R4_large_4","TCAGATTACCAGGTTA-1","All"
"R4_large_4","TCAGCTATTAATCGCT-1","All"
"R4_large_4","TCAGTCGCCAAGGTTG-1","All"
"R4_large_4","TCAGTGCCAAGTAGCA-1","All"
"R4_large_4","TCATCGTTATGTATCT-1","All"
"R4_large_4","TCATGATTCACTCAGT-1","All"
"R4_large_4","TCATTGTTCAATGCGT-1","All"
"R4_large_4","TCCAATCTAACACGCA-1","All"
"R4_large_4","TCCGAATCGCAGGTTC-1","All"
"R4_large_4","TCCGCCAGTGATTAAT-1","All"
"R4_large_4","TCCGTCATAAGATGAC-1","All"
"R4_large_4","TCCGTTGGAGCTCACT-1","All"
"R4_large_4","TCCTCAGTCGGATGCG-1","All"
"R4_large_4","TCCTGGTGGCAATAGC-1","All"
"R4_large_4","TCGCCTAGATAATTAA-1","All"
"R4_large_4","TCGCCTATCGACTCCT-1","All"
"R4_large_4","TCGGAACGTCTGCAAG-1","All"
"R4_large_4","TCGGAGTGGTACTTGC-1","All"
"R4_large_4","TCGTATGCCGGACGTT-1","All"
"R4_large_4","TCGTTAGCCAGGCCAG-1","All"
"R4_large_4","TCTAGGCTTAAGACTG-1","All"
"R4_large_4","TCTTACTCTGTATGCG-1","All"
"R4_large_4","TCTTACTGAGACTAGT-1","All"
"R4_large_4","TCTTAGTCGCGGCAGA-1","All"
"R4_large_4","TCTTGAGTCTCCGAAT-1","All"
"R4_large_4","TCTTGCCGGCAGTCTA-1","All"
"R4_large_4","TGAAGCACCGTCATGA-1","All"
"R4_large_4","TGACGCTTACTAGACA-1","All"
"R4_large_4","TGAGGACCACTGTTAC-1","All"
"R4_large_4","TGATGGCCGGCATCGC-1","All"
"R4_large_4","TGATGGTTCCACTGAT-1","All"
"R4_large_4","TGCAGTACAACGAGTG-1","All"
"R4_large_4","TGCATTCTTACGGAGG-1","All"
"R4_large_4","TGCCACTATCAGGCAG-1","All"
"R4_large_4","TGCCGACGATGAACTG-1","All"
"R4_large_4","TGCGGACATTCGCCGG-1","All"
"R4_large_4","TGCGTGTCGGCGGATA-1","All"
"R4_large_4","TGCTCCTAACGGAAGA-1","All"
"R4_large_4","TGCTGTGAAGTCAAGA-1","All"
"R4_large_4","TGCTTACTCACCGGTC-1","All"
"R4_large_4","TGGAAGACGTGAGTAG-1","All"
"R4_large_4","TGGAAGCTAGTAATAC-1","All"
"R4_large_4","TGGAGTGCTCCTGATC-1","All"
"R4_large_4","TGGCAAGCGACACTTA-1","All"
"R4_large_4","TGGCCGTCTATCAGGA-1","All"
"R4_large_4","TGGTGCAGACCGAAGT-1","All"
"R4_large_4","TGGTGCCGCTGCAACA-1","All"
"R4_large_4","TGGTGCCTAGCACGGC-1","All"
"R4_large_4","TGGTGCGAATCCTGCT-1","All"
"R4_large_4","TGTAAGGTGAGCGACC-1","All"
"R4_large_4","TGTATCGGCGGTCGCA-1","All"
"R4_large_4","TGTCTTGCGACTAATT-1","All"
"R2_small_2","AACGAATTGACCGGTT-1","All"
"R2_small_2","AACTCAACCTTGACCA-1","All"
"R2_small_2","AGTGCCAGATGCTCTG-1","All"
"R2_small_2","AGTTATCCTGAACGAA-1","All"
"R2_small_2","ATAACCTAGAACCTGC-1","All"
"R2_small_2","CACCATAAGCTGGCTG-1","All"
"R2_small_2","CGACAATTATTCTGTC-1","All"
"R2_small_2","CGCCATGAGGCGATGA-1","All"
"R2_small_2","CTGCTCATTAGAGTGC-1","All"
"R2_small_2","CTTACGTCATCCTTAT-1","All"
"R2_small_2","GACTAGTAATCTTGCT-1","All"
"R2_small_2","GTCACTTATCCAAGAC-1","All"
"R2_small_2","TAATACCGTTAATTGC-1","All"
"R2_small_2","TAGTGAATGTTCAGTG-1","All"
"R2_small_2","TGAATTCGTGGTATAA-1","All"
"R2_small_2","TGACTCCAAGTCTACC-1","All"
"R3_large_1","CGGCGTAGCGCTAGGA-1","All"
"R3_large_1","CGGTCTGCGTATCTGG-1","All"
"R3_large_1","TGGTATTGAGTTGTAA-1","All"
"R3_large_1","TGTAGGTCACTACATG-1","All"
"R3_large_6","GGTATGGTCAGGTTGG-1","Island"
"R3_large_4","AGGACGTATCGCCGTA-1","All"
"R3_large_4","CTACTGCTCCGACAGT-1","All"
"R3_large_4","CTCACCTGCCGACTAA-1","All"
"R3_large_4","TCTTACCGCTCGTATG-1","All"
"R3_large_4","TGACCAGCACTCCAGC-1","All"
"R4_large_1","ACAATACGCCTTATTC-1","All"
"R4_large_1","ACATTGTACATTCTTG-1","All"
"R4_large_1","ACCGCAGGTCGAGTTG-1","All"
"R4_large_1","ACCGTCGAGTATACTC-1","All"
"R4_large_1","ATGTACATGAACTCCG-1","All"
"R4_large_1","CGTAACATTGGCTGAG-1","All"
"R4_large_1","CGTAGTTCGTTGGTAG-1","All"
"R4_large_1","TAACGACTGGCCGTCG-1","All"
"R4_large_1","TACACCAGTGCCGACA-1","All"
"R4_large_1","TCAGGAATAGAACCTG-1","All"
"R4_large_4","AACTGCGGTCCGAAGC-1","All"
"R4_large_4","AAGGCCGACCTACCTG-1","All"
"R4_large_4","AAGGCCTCGCGAGGAA-1","All"
"R4_large_4","AAGGCGACGGTGTCGG-1","All"
"R4_large_4","AAGTCTGTCAATTCTT-1","All"
"R4_large_4","AAGTTCCTATTGCTGG-1","All"
"R4_large_4","AATAACGTATTGAACA-1","All"
"R4_large_4","AATGGTCGAACGTGAA-1","All"
"R4_large_4","AATTCTCAGACGCAAC-1","All"
"R4_large_4","ACAACTAAGGTGTTAT-1","All"
"R4_large_4","ACAATACGCCTTATTC-1","All"
"R4_large_4","ACATTCCTGAGTTCCG-1","All"
"R4_large_4","ACATTGAATACGCATA-1","All"
"R4_large_4","ACATTGCAGTTCGGCA-1","All"
"R4_large_4","ACGAAGATCGAATTGA-1","All"
"R4_large_4","ACGATGCGAAGGAGCA-1","All"
"R4_large_4","ACGCAACGAAGAGTAT-1","All"
"R4_large_4","ACGCAATAGTATACGA-1","All"
"R4_large_4","ACGGTTCACCTTCCGG-1","All"
"R4_large_4","ACTCAGCGGTAGATTG-1","All"
"R4_large_4","ACTCAGGCCTGCAACT-1","All"
"R4_large_4","ACTCGATAAGACCAGG-1","All"
"R4_large_4","ACTCTGACCTTACTGA-1","All"
"R4_large_4","ACTTGAAGCGAGCGGT-1","All"
"R4_large_4","AGACCGGAGCAACGCT-1","All"
"R4_large_4","AGACTCCTGTATGGCG-1","All"
"R4_large_4","AGATAGGTGAATTGCC-1","All"
"R4_large_4","AGCAGGTAAGTATCTG-1","All"
"R4_large_4","AGCGTGCCTGTATGCC-1","All"
"R4_large_4","AGCTCAACATCGTCCG-1","All"
"R4_large_4","AGGACTGAAGTGCCTT-1","All"
"R4_large_4","AGGAGCCTTCGCCTTA-1","All"
"R4_large_4","AGGCTTAGCATTAACC-1","All"
"R4_large_4","AGGTACCAGACGCCAG-1","All"
"R4_large_4","AGTAAGCTCGGCCAAT-1","All"
"R4_large_4","AGTACATATGTAGGAA-1","All"
"R4_large_4","AGTATTAGCTGATCGA-1","All"
"R4_large_4","ATAACGCCTGTAGGCA-1","All"
"R4_large_4","ATACGGCACGTTACGA-1","All"
"R4_large_4","ATACTGACTTCGGCAC-1","All"
"R4_large_4","ATCATTCCAACTTCGC-1","All"
"R4_large_4","ATCCGGATGACGTAAC-1","All"
"R4_large_4","ATCCGTTATCGAAGGC-1","All"
"R4_large_4","ATCGTATTGGAATCCT-1","All"
"R4_large_4","ATGCATGGTTGCTGTA-1","All"
"R4_large_4","ATGCCGTCGATAAGAC-1","All"
"R4_large_4","ATGTAGTCCAGAACAT-1","All"
"R4_large_4","ATTAAGAATAACGCTT-1","All"
"R4_large_4","ATTAGCAGGATGTATT-1","All"
"R4_large_4","ATTCCGCTCCATCAGC-1","All"
"R4_large_4","ATTCCTCAATTCCATA-1","All"
"R4_large_4","ATTGACGCCAGCCAAG-1","All"
"R4_large_4","ATTGCATCACTGACTG-1","All"
"R4_large_4","ATTGGCTAACAGACAA-1","All"
"R4_large_4","CAATAACTCAAGGCAA-1","All"
"R4_large_4","CACCTAGAATACTTCT-1","All"
"R4_large_4","CACCTTGCGAGTTATG-1","All"
"R4_large_4","CACGACCTCCGTCATA-1","All"
"R4_large_4","CACGGCGACGGTGCCT-1","All"
"R4_large_4","CAGACACTTACAAGAC-1","All"
"R4_large_4","CAGCTTCTCCGCTCTT-1","All"
"R4_large_4","CAGGACAGAAGGCTGG-1","All"
"R4_large_4","CAGGCCAACGGTCGTA-1","All"
"R4_large_4","CAGTTGCTCACGTGTC-1","All"
"R4_large_4","CCACTAATCACCGGTA-1","All"
"R4_large_4","CCAGGTTACGAGACTG-1","All"
"R4_large_4","CCGATGGATCCGGCAG-1","All"
"R4_large_4","CCGCGTAAGATTCCTT-1","All"
"R4_large_4","CCGCTGTCACCTGCAA-1","All"
"R4_large_4","CCTAGTGAATGTCTGC-1","All"
"R4_large_4","CCTCACATGTACCTGG-1","All"
"R4_large_4","CCTCACTTCCTTCCGA-1","All"
"R4_large_4","CCTCTAGCTGGTCCGC-1","All"
"R4_large_4","CCTGTCTGCATAGGTC-1","All"
"R4_large_4","CCTTCCGCTCCGGCAT-1","All"
"R4_large_4","CGAATTAAGTGGACTA-1","All"
"R4_large_4","CGACTAAGCGGCAGAC-1","All"
"R4_large_4","CGATGTCCGACTACAG-1","All"
"R4_large_4","CGCACTTAAGGCATGC-1","All"
"R4_large_4","CGCATCTTGACTTAGT-1","All"
"R4_large_4","CGCCTTGACGTGAATC-1","All"
"R4_large_4","CGGACTGTGAGTATAG-1","All"
"R4_large_4","CGGTATAGGATGAGCG-1","All"
"R4_large_4","CGTAACCTGACATCGA-1","All"
"R4_large_4","CGTACAGACGAGGACC-1","All"
"R4_large_4","CGTAGTACGCATAATG-1","All"
"R4_large_4","CGTCGGCAGACGGTAT-1","All"
"R4_large_4","CGTGAGCAATGGACAT-1","All"
"R4_large_4","CTAATCACTCCGAGAC-1","All"
"R4_large_4","CTATTAGCGGCTTCGT-1","All"
"R4_large_4","CTCATATGTCCGTGAC-1","All"
"R4_large_4","CTCGCTGTTCATAGAT-1","All"
"R4_large_4","CTGATTACAATGTCCA-1","All"
"R4_large_4","CTGGTGCACCATACCA-1","All"
"R4_large_4","CTTAGTTGCTCGTTGT-1","All"
"R4_large_4","CTTCCACGCCTTCCTG-1","All"
"R4_large_4","CTTGGACATTACAGGA-1","All"
"R4_large_4","GAACGCCACGGTGGTT-1","All"
"R4_large_4","GAACGCTTAGAACGTC-1","All"
"R4_large_4","GACATCCTCAACCTCG-1","All"
"R4_large_4","GACCACGGCGTACATA-1","All"
"R4_large_4","GACCGACAATAGGAAT-1","All"
"R4_large_4","GAGGAAGCCGATGTGA-1","All"
"R4_large_4","GATCCACGAGCGTGCC-1","All"
"R4_large_4","GATTCCGCTGCAAGAT-1","All"
"R4_large_4","GCACGGAAGGATAGTA-1","All"
"R4_large_4","GCAGACGCCTGGTTAT-1","All"
"R4_large_4","GCCAGACATCTATCAC-1","All"
"R4_large_4","GCCTGGACCTATTGTC-1","All"
"R4_large_4","GCGGTTCTGTGGACGT-1","All"
"R4_large_4","GCTAACCATAGGCGTT-1","All"
"R4_large_4","GCTCCGAGACTACATA-1","All"
"R4_large_4","GCTTCGATTGCGGTGC-1","All"
"R4_large_4","GCTTGAGCTCTTGACA-1","All"
"R4_large_4","GGATAATTCAATGCTG-1","All"
"R4_large_4","GGATCGAGTGTCCACT-1","All"
"R4_large_4","GGCCAAGATGGATGGC-1","All"
"R4_large_4","GGCCGGCGGTCTGTTA-1","All"
"R4_large_4","GGTACGCTTACCTGCG-1","All"
"R4_large_4","GGTACGGAGCATCAGC-1","All"
"R4_large_4","GGTATGCAACAGTGGC-1","All"
"R4_large_4","GGTGCATGATACGGAT-1","All"
"R4_large_4","GGTTACCAAGGAATCT-1","All"
"R4_large_4","GGTTAGACTCGGAGGT-1","All"
"R4_large_4","GGTTAGTATGAGTGTC-1","All"
"R4_large_4","GGTTCTATCATATGGC-1","All"
"R4_large_4","GGTTCTGGAGTCTACC-1","All"
"R4_large_4","GTAACGGCAGCCTACA-1","All"
"R4_large_4","GTAATCACGCACAGCT-1","All"
"R4_large_4","GTAGCATCGAAGGTCT-1","All"
"R4_large_4","GTAGTCCATTGTTCGT-1","All"
"R4_large_4","GTATGATCACTTGACG-1","All"
"R4_large_4","GTATGCCTATCTTGCG-1","All"
"R4_large_4","GTATGTAGCAGGCATA-1","All"
"R4_large_4","GTCACTTCTGGAGCGG-1","All"
"R4_large_4","GTCAGCTGGTGAGGCG-1","All"
"R4_large_4","GTCTATAGAATCGAGC-1","All"
"R4_large_4","GTCTGTGGATCTGACG-1","All"
"R4_large_4","GTCTTGCGGCGATTCA-1","All"
"R4_large_4","GTGAAGTATTGGTCAC-1","All"
"R4_large_4","GTGAAGTGATCGTGCT-1","All"
"R4_large_4","GTGACATATGCTAGAT-1","All"
"R4_large_4","GTGATCTACGAGATCC-1","All"
"R4_large_4","GTGCAGTTGTGGCGCT-1","All"
"R4_large_4","GTGGAACAGAAGTCGA-1","All"
"R4_large_4","GTGGCGACTGATTAAC-1","All"
"R4_large_4","GTGGCGCCAGACTCGA-1","All"
"R4_large_4","GTTAACAACTTCGGAT-1","All"
"R4_large_4","GTTCATCTTACATTCC-1","All"
"R4_large_4","GTTCCGGCTGCAGTCA-1","All"
"R4_large_4","GTTGAATTATTCGGTG-1","All"
"R4_large_4","TAAGAACAGGTGTAAC-1","All"
"R4_large_4","TAAGGTATGAATGCTA-1","All"
"R4_large_4","TAATCTGATAAGATGT-1","All"
"R4_large_4","TACACTTCGCACCGAT-1","All"
"R4_large_4","TACGACGCGATTCAAG-1","All"
"R4_large_4","TACGCCGGAGTTCTGA-1","All"
"R4_large_4","TACGTATCCTATCACG-1","All"
"R4_large_4","TACGTGTACATCCGTG-1","All"
"R4_large_4","TAGGACTTCATGTTAT-1","All"
"R4_large_4","TAGGTCTGCCTCTGTA-1","All"
"R4_large_4","TAGTATTGCCGAGTTG-1","All"
"R4_large_4","TAGTGAGGTATCGACC-1","All"
"R4_large_4","TAGTGCACATAGTCTG-1","All"
"R4_large_4","TATCCTGCGGTTGATC-1","All"
"R4_large_4","TATTCGTCTGCGGTGG-1","All"
"R4_large_4","TCACAAGATGACTCGA-1","All"
"R4_large_4","TCAGGAATAGAACCTG-1","All"
"R4_large_4","TCATAATTCGTGCAGA-1","All"
"R4_large_4","TCATAGGTAGTGACGA-1","All"
"R4_large_4","TCATAGTACTAGTTCA-1","All"
"R4_large_4","TCATTGATAGGTGGAA-1","All"
"R4_large_4","TCCATGCGTCGGTTAC-1","All"
"R4_large_4","TCGTATGTCGTGCCTA-1","All"
"R4_large_4","TCTACATGTCCGACTT-1","All"
"R4_large_4","TCTACATTGGAGTAAT-1","All"
"R4_large_4","TCTATTCCTTCCGGAA-1","All"
"R4_large_4","TCTGGTAATCGTCCAA-1","All"
"R4_large_4","TCTTACCGCTCGTATG-1","All"
"R4_large_4","TGAATGGTGCTTCGAT-1","All"
"R4_large_4","TGACCTCACGCACGAG-1","All"
"R4_large_4","TGAGACAAGGACGACC-1","All"
"R4_large_4","TGAGTTGTCCTCGCTT-1","All"
"R4_large_4","TGATCTTGCCTATTGT-1","All"
"R4_large_4","TGATGGAACTAACGAA-1","All"
"R4_large_4","TGCACGGTAGACGGTA-1","All"
"R4_large_4","TGCACGTAGTTCGAAG-1","All"
"R4_large_4","TGCAGAAGCAGTAGGC-1","All"
"R4_large_4","TGCTTAGCCTGTTGGT-1","All"
"R4_large_4","TGGAAGACTAGTCTTG-1","All"
"R4_large_4","TGGCCAACATTCTGAG-1","All"
"R4_large_4","TGGCGACACTGCCGGA-1","All"
"R4_large_4","TGGCGATGAGTGGCAG-1","All"
"R4_large_4","TGGTACCAATACTTAC-1","All"
"R4_large_4","TGTCCGATAGTCACAG-1","All"
"R4_large_4","TGTCGAGTGCGTTAGC-1","All"
"R4_large_4","TGTTAAGGAAGTCTTA-1","All"
"Pilot_large_1","AACATAGTCTATCTAC-1","All"
"Pilot_large_1","AACGACATTAAGATGG-1","All"
"Pilot_large_1","AACGGCACAGAATATT-1","All"
"Pilot_large_1","AACTAGCATCACGTAC-1","All"
"Pilot_large_1","AACTATCGTCATAGTC-1","All"
"Pilot_large_1","AAGACTAAGGAGATCC-1","All"
"Pilot_large_1","AAGATCTGTAACTTGT-1","All"
"Pilot_large_1","AAGATGGCCGCTAGTT-1","All"
"Pilot_large_1","AAGATTAGGCTGTCTA-1","All"
"Pilot_large_1","AAGCGACGAACCGCCT-1","All"
"Pilot_large_1","AAGGCCAATTCAATAA-1","All"
"Pilot_large_1","AAGGCCGACTATGTAA-1","All"
"Pilot_large_1","AATAACTTCATACGGA-1","All"
"Pilot_large_1","AATAGCACGGAAGCGA-1","All"
"Pilot_large_1","AATAGTCGTTATCTAG-1","All"
"Pilot_large_1","AATGGTTATTCTAGCT-1","All"
"Pilot_large_1","ACAACGCCGATAGTAT-1","All"
"Pilot_large_1","ACATGTTGCTTGATCT-1","All"
"Pilot_large_1","ACATTCCTGAGTTCCG-1","All"
"Pilot_large_1","ACCGAAGATGTCGGCA-1","All"
"Pilot_large_1","ACCTAAGTAGAACAGA-1","All"
"Pilot_large_1","ACGAGGACCTGCTAGT-1","All"
"Pilot_large_1","ACGCAAGGCGTCCAAT-1","All"
"Pilot_large_1","ACGGCCTTGCCAGAAC-1","All"
"Pilot_large_1","ACGGCTTATTGGTATG-1","All"
"Pilot_large_1","ACGGTCGGACAGGCGA-1","All"
"Pilot_large_1","ACGTTACGCAGACAGC-1","All"
"Pilot_large_1","ACTCAGCTCGAGTGTC-1","All"
"Pilot_large_1","ACTCGATAAGACCAGG-1","All"
"Pilot_large_1","ACTGGTGATTCCGATC-1","All"
"Pilot_large_1","AGACCGGACTGTCCAT-1","All"
"Pilot_large_1","AGATAAGTGCTACGAC-1","All"
"Pilot_large_1","AGATCAAGCATCTACT-1","All"
"Pilot_large_1","AGCACGAGATAACGGT-1","All"
"Pilot_large_1","AGCCTACGGTGACCAA-1","All"
"Pilot_large_1","AGCGACTATGTATCTT-1","All"
"Pilot_large_1","AGCGCATCGTGGTCGA-1","All"
"Pilot_large_1","AGCTGATCGGATTGTT-1","All"
"Pilot_large_1","AGGACCGCAATAGTTA-1","All"
"Pilot_large_1","AGGAGCTATGAACACT-1","All"
"Pilot_large_1","AGGAGTACAGTGCATA-1","All"
"Pilot_large_1","AGTAACCGCAGGTCAA-1","All"
"Pilot_large_1","AGTATTGGTATGTCTA-1","All"
"Pilot_large_1","AGTCCGTGATCACTAC-1","All"
"Pilot_large_1","AGTGTAGCTCTTATCT-1","All"
"Pilot_large_1","AGTGTCTTAAGCTTGT-1","All"
"Pilot_large_1","AGTTCGTGCATGTCGA-1","All"
"Pilot_large_1","ATAACGGCGTTACACT-1","All"
"Pilot_large_1","ATAAGGCGGACAAGTT-1","All"
"Pilot_large_1","ATACATCATGCACCAA-1","All"
"Pilot_large_1","ATACTAGTAACTGAGT-1","All"
"Pilot_large_1","ATACTGTCCACTACCG-1","All"
"Pilot_large_1","ATAGTGTCAGATGTAG-1","All"
"Pilot_large_1","ATCAAGGAGCTTACAT-1","All"
"Pilot_large_1","ATCAAGTGGTGATGGC-1","All"
"Pilot_large_1","ATCACGTTCAATGATA-1","All"
"Pilot_large_1","ATCACTTAGGCCTTGT-1","All"
"Pilot_large_1","ATCGACAGCGGCAACA-1","All"
"Pilot_large_1","ATCGACCGGAGTATCG-1","All"
"Pilot_large_1","ATCGTCTATGATGCCG-1","All"
"Pilot_large_1","ATCTACCATATTCCAG-1","All"
"Pilot_large_1","ATCTGATACTTCATTA-1","All"
"Pilot_large_1","ATGACCTCACGCACTG-1","All"
"Pilot_large_1","ATGAGTATCAGATCTG-1","All"
"Pilot_large_1","ATGAGTCTAGATACTC-1","All"
"Pilot_large_1","ATGAGTTACAGATAGA-1","All"
"Pilot_large_1","ATGCTGCCGGCATACT-1","All"
"Pilot_large_1","ATGCTGCGGATGGTTG-1","All"
"Pilot_large_1","ATGTACTGGTCGAAGC-1","All"
"Pilot_large_1","ATGTAGAAGCGAATAG-1","All"
"Pilot_large_1","ATGTAGGTGGTCTAAC-1","All"
"Pilot_large_1","ATGTTACCTCGTCTGT-1","All"
"Pilot_large_1","ATGTTAGACTATCTCA-1","All"
"Pilot_large_1","ATTAGCAGGATGTATT-1","All"
"Pilot_large_1","ATTAGCGAGCATGCTG-1","All"
"Pilot_large_1","ATTGCCTGATGTGCGG-1","All"
"Pilot_large_1","ATTGGCCTAGGAATCG-1","All"
"Pilot_large_1","ATTGTTACGACTAGCG-1","All"
"Pilot_large_1","CAACCGTTAACAGACC-1","All"
"Pilot_large_1","CAACTGCATTCGACTC-1","All"
"Pilot_large_1","CAAGATTCGTCAGCTG-1","All"
"Pilot_large_1","CAATTGTTGACGTGAG-1","All"
"Pilot_large_1","CACCTAGAATACTTCT-1","All"
"Pilot_large_1","CACCTATTACTCAGAT-1","All"
"Pilot_large_1","CACCTCGAGGACTCTA-1","All"
"Pilot_large_1","CACGGCGATACATACG-1","All"
"Pilot_large_1","CACTCAAGACCATGCA-1","All"
"Pilot_large_1","CACTGGTGAGTTATCG-1","All"
"Pilot_large_1","CAGCTGGCGATAAGTG-1","All"
"Pilot_large_1","CAGTCTGGACAATCTA-1","All"
"Pilot_large_1","CATACAATGAGTAGCT-1","All"
"Pilot_large_1","CATATGTTGACTGGCG-1","All"
"Pilot_large_1","CATCAGAAGGCTTCGG-1","All"
"Pilot_large_1","CATCAGTAATCAGACA-1","All"
"Pilot_large_1","CATCCTAGTGGTATGT-1","All"
"Pilot_large_1","CATCCTTCGACTAAGT-1","All"
"Pilot_large_1","CATCGGATCCTACCTG-1","All"
"Pilot_large_1","CATCGGCATGTCGAAG-1","All"
"Pilot_large_1","CATCGGTAGCGTCCGA-1","All"
"Pilot_large_1","CATGCACGCCGACGGA-1","All"
"Pilot_large_1","CATGCGGCCGGAATTC-1","All"
"Pilot_large_1","CATGGTGAGGCAGCAT-1","All"
"Pilot_large_1","CCAATATTAGTGCGTT-1","All"
"Pilot_large_1","CCACAGGAAGATGTGC-1","All"
"Pilot_large_1","CCACGCCTGGAGAAGT-1","All"
"Pilot_large_1","CCAGCATCTACCGCTT-1","All"
"Pilot_large_1","CCATAGTTCGAGTAAG-1","All"
"Pilot_large_1","CCATGAACAATGCTCC-1","All"
"Pilot_large_1","CCGATTAGCGAGTGTA-1","All"
"Pilot_large_1","CCGCATGTAGTTAGAC-1","All"
"Pilot_large_1","CCGCTGGCACCAAGAC-1","All"
"Pilot_large_1","CCGGATCACTATGGCC-1","All"
"Pilot_large_1","CCGGTGGCAAGCCGTA-1","All"
"Pilot_large_1","CCGTACTGGACGCAGA-1","All"
"Pilot_large_1","CCGTGCACTACCAGAA-1","All"
"Pilot_large_1","CCTAATCAGGCCATTA-1","All"
"Pilot_large_1","CCTAATCGGCAGTCAC-1","All"
"Pilot_large_1","CCTAGTCAGCGAACCA-1","All"
"Pilot_large_1","CCTCGGAAGGCATGCA-1","All"
"Pilot_large_1","CCTCTTCGAGCGGTTG-1","All"
"Pilot_large_1","CCTGTCTAAGTAGGCT-1","All"
"Pilot_large_1","CGACAATTCGTCATGT-1","All"
"Pilot_large_1","CGACGCCGCAAGTAGC-1","All"
"Pilot_large_1","CGAGATGCGGTATGCG-1","All"
"Pilot_large_1","CGAGGAAGGCAGAAGG-1","All"
"Pilot_large_1","CGAGTCCGTTGGAACT-1","All"
"Pilot_large_1","CGATGACCAGATCTGT-1","All"
"Pilot_large_1","CGATTAACTAATCTTA-1","All"
"Pilot_large_1","CGCATCCTGTTGTAGC-1","All"
"Pilot_large_1","CGCCACCTGGAAGACA-1","All"
"Pilot_large_1","CGCCGGTATCTAGCAC-1","All"
"Pilot_large_1","CGCCTCGTACGAAGGC-1","All"
"Pilot_large_1","CGCCTCTACTCGGAAC-1","All"
"Pilot_large_1","CGCTACTCAGCCATAG-1","All"
"Pilot_large_1","CGCTATTAATCTATAA-1","All"
"Pilot_large_1","CGCTGCGGTTGAGTAG-1","All"
"Pilot_large_1","CGCTGCTATGACAGAC-1","All"
"Pilot_large_1","CGGAGCGTCTGACAGT-1","All"
"Pilot_large_1","CGGTCCGGTTCTTAGC-1","All"
"Pilot_large_1","CGGTTGATTGAGCGCC-1","All"
"Pilot_large_1","CTAAGAATTGATTCAC-1","All"
"Pilot_large_1","CTAATTATGTTGCCGC-1","All"
"Pilot_large_1","CTACAGGTCGCTAAGC-1","All"
"Pilot_large_1","CTACGAGCCGGACGGT-1","All"
"Pilot_large_1","CTACGATGCGTCCGGC-1","All"
"Pilot_large_1","CTATCGTATCAGCGTG-1","All"
"Pilot_large_1","CTATCGTATGATAGGA-1","All"
"Pilot_large_1","CTATCGTATGGTGATG-1","All"
"Pilot_large_1","CTCACGATCTCCGGAG-1","All"
"Pilot_large_1","CTCAGGTCGTGCTCGC-1","All"
"Pilot_large_1","CTCCACATAACCTATT-1","All"
"Pilot_large_1","CTCCACTGGCTAATGG-1","All"
"Pilot_large_1","CTCCGTAAGGTCTGTT-1","All"
"Pilot_large_1","CTCGCATACTCAACTC-1","All"
"Pilot_large_1","CTGAAGTGCTATGGCG-1","All"
"Pilot_large_1","CTGAAGTTGCAGACAT-1","All"
"Pilot_large_1","CTGACTGATTAGGCTG-1","All"
"Pilot_large_1","CTGCATAATGGACCGC-1","All"
"Pilot_large_1","CTGGAAGGCAACCGGA-1","All"
"Pilot_large_1","CTGGAAGTCTAAGCTC-1","All"
"Pilot_large_1","CTGGCGGACAACGCAC-1","All"
"Pilot_large_1","CTGGTGCACCATACCA-1","All"
"Pilot_large_1","CTGTCACTATGTGCAT-1","All"
"Pilot_large_1","CTGTGCAACATTGAGG-1","All"
"Pilot_large_1","CTGTTGGATCAACGCA-1","All"
"Pilot_large_1","CTTCCTGGTGTTGGAC-1","All"
"Pilot_large_1","CTTCGAGCTGCAGCCT-1","All"
"Pilot_large_1","CTTGAGTCTTACAGTG-1","All"
"Pilot_large_1","CTTGGACAGGTTAGAA-1","All"
"Pilot_large_1","CTTGGATCAACCGTAT-1","All"
"Pilot_large_1","GAACAGCCATGTTGCA-1","All"
"Pilot_large_1","GAAGTCCAATCGTGTT-1","All"
"Pilot_large_1","GACAACCTAGGAGTCT-1","All"
"Pilot_large_1","GACATCAGATTCTTAC-1","All"
"Pilot_large_1","GACTTGAAGCCATAGC-1","All"
"Pilot_large_1","GAGGCCATGGCTCGGA-1","All"
"Pilot_large_1","GAGTTAGCAGTAGATG-1","All"
"Pilot_large_1","GATAGAGTGATAAGCT-1","All"
"Pilot_large_1","GATCCATAGGATGTAA-1","All"
"Pilot_large_1","GATCGTCATGCGGAGG-1","All"
"Pilot_large_1","GCATGTCGAGTGTCTT-1","All"
"Pilot_large_1","GCCATTGAGTGCTGCG-1","All"
"Pilot_large_1","GCCGAAGATGTATTGA-1","All"
"Pilot_large_1","GCCTCATGCGAGCAGG-1","All"
"Pilot_large_1","GCGACGTAGAGCGTTA-1","All"
"Pilot_large_1","GCGTTCGATCTTGGCC-1","All"
"Pilot_large_1","GCTCGGACCTTCAAGT-1","All"
"Pilot_large_1","GCTGACCGCATCGGAT-1","All"
"Pilot_large_1","GCTGCGTTATGTGGAC-1","All"
"Pilot_large_1","GCTTACAGATGTGCAC-1","All"
"Pilot_large_1","GGAAGCATTAGAGGCA-1","All"
"Pilot_large_1","GGAAGCTATGGCACAG-1","All"
"Pilot_large_1","GGACCACTTATCGTTC-1","All"
"Pilot_large_1","GGACGAGTCTGTTCAC-1","All"
"Pilot_large_1","GGACTCACTAGAGCCG-1","All"
"Pilot_large_1","GGAGATCCGTAGGATA-1","All"
"Pilot_large_1","GGATTCCGACGTGATG-1","All"
"Pilot_large_1","GGCATTCCGATGCTCG-1","All"
"Pilot_large_1","GGCCATGCTCCTCGTG-1","All"
"Pilot_large_1","GGCGCCGTGGTTACAT-1","All"
"Pilot_large_1","GGCGCTTCACCAGCGA-1","All"
"Pilot_large_1","GGCGGATATTGATTGA-1","All"
"Pilot_large_1","GGCGTGCGCTAGATTA-1","All"
"Pilot_large_1","GGCTGTTCAATGTCAA-1","All"
"Pilot_large_1","GGTAGCGTACATCTGT-1","All"
"Pilot_large_1","GGTCTGGTTGTAGAAC-1","All"
"Pilot_large_1","GGTCTGTATCTTGTCG-1","All"
"Pilot_large_1","GGTCTTGATAACGTCA-1","All"
"Pilot_large_1","GGTGCAGTTCCATATG-1","All"
"Pilot_large_1","GGTGCGTGGAGTTGGT-1","All"
"Pilot_large_1","GGTTACCAGACAACAT-1","All"
"Pilot_large_1","GGTTCTCCTATCAGTT-1","All"
"Pilot_large_1","GTACATAAGCTACGCC-1","All"
"Pilot_large_1","GTACGCCTCGCTTCCA-1","All"
"Pilot_large_1","GTACGGTTAATGCAGG-1","All"
"Pilot_large_1","GTACTGCATAAGGTTA-1","All"
"Pilot_large_1","GTACTTCCATCTGGCA-1","All"
"Pilot_large_1","GTAGCGTGTAGCATGT-1","All"
"Pilot_large_1","GTATCTGTGGCGTCTA-1","All"
"Pilot_large_1","GTATGTTAGACTGCCT-1","All"
"Pilot_large_1","GTCAACAGCATAGATT-1","All"
"Pilot_large_1","GTCCTTCATGGATTAG-1","All"
"Pilot_large_1","GTCGAAGTCGTGTTCT-1","All"
"Pilot_large_1","GTCTATTAGTGAGGCC-1","All"
"Pilot_large_1","GTGAGCACCAGCATCC-1","All"
"Pilot_large_1","GTGCACTTGTTCCTGG-1","All"
"Pilot_large_1","GTGCAGGACTCCAAGG-1","All"
"Pilot_large_1","GTTAGAGGTGTTAAGA-1","All"
"Pilot_large_1","GTTGTCGTGGCATTAC-1","All"
"Pilot_large_1","TAACGCGTCAAGCGTT-1","All"
"Pilot_large_1","TAACGCTCACATTCTA-1","All"
"Pilot_large_1","TAACTTAACCTCGGTG-1","All"
"Pilot_large_1","TACACCTTGCGGCAGG-1","All"
"Pilot_large_1","TACACTGCGTCCGGAC-1","All"
"Pilot_large_1","TACGGAATTGAACCAA-1","All"
"Pilot_large_1","TACGTGAGGACAACCG-1","All"
"Pilot_large_1","TACTAGACTAGTGACA-1","All"
"Pilot_large_1","TAGAGCAGACAGTCCA-1","All"
"Pilot_large_1","TAGCTAGACACTGGTT-1","All"
"Pilot_large_1","TAGGAGCCAGACTCAG-1","All"
"Pilot_large_1","TAGGAGGCGTATTGCC-1","All"
"Pilot_large_1","TATCTAATCACCTCGG-1","All"
"Pilot_large_1","TATCTAGGAGTGGACA-1","All"
"Pilot_large_1","TATGGAGTTCTACGGC-1","All"
"Pilot_large_1","TATTCTAGAATCGGAC-1","All"
"Pilot_large_1","TCAAGGAACCTATTGC-1","All"
"Pilot_large_1","TCACATCCTTATACAG-1","All"
"Pilot_large_1","TCAGAATCCTACGGTG-1","All"
"Pilot_large_1","TCAGCTCGATGACTTC-1","All"
"Pilot_large_1","TCAGTCTGAGTGCTTG-1","All"
"Pilot_large_1","TCAGTGAAGAGTTCTA-1","All"
"Pilot_large_1","TCATGAGGTTGATATG-1","All"
"Pilot_large_1","TCATTACGGCACAGTA-1","All"
"Pilot_large_1","TCATTCACGCGAGCTC-1","All"
"Pilot_large_1","TCCAATCCAGATACAT-1","All"
"Pilot_large_1","TCCACCAAGTGACGAA-1","All"
"Pilot_large_1","TCCAGTGATTGGTGCT-1","All"
"Pilot_large_1","TCCAGTTGTACCTGTC-1","All"
"Pilot_large_1","TCCGAATACCGAATAG-1","All"
"Pilot_large_1","TCCGCCGGTCTATTCA-1","All"
"Pilot_large_1","TCCTAGGTATCTGATG-1","All"
"Pilot_large_1","TCCTGCCGTGTCTAAG-1","All"
"Pilot_large_1","TCGAATTGTACACTAT-1","All"
"Pilot_large_1","TCGCCTGCTATCAGTC-1","All"
"Pilot_large_1","TCGGCGACCTCGCTGA-1","All"
"Pilot_large_1","TCGGCGGAACATACGC-1","All"
"Pilot_large_1","TCGTATTAGATCCGGT-1","All"
"Pilot_large_1","TCTACACTCCGGCTCC-1","All"
"Pilot_large_1","TCTACATAGACGTGAG-1","All"
"Pilot_large_1","TCTACATTCGATCGCC-1","All"
"Pilot_large_1","TCTACTCGAGCAGAGG-1","All"
"Pilot_large_1","TCTAGGCTTAAGACTG-1","All"
"Pilot_large_1","TCTGCAGTAGTTATGA-1","All"
"Pilot_large_1","TCTGGACGCTAAGACA-1","All"
"Pilot_large_1","TCTGTCACCGTTAATA-1","All"
"Pilot_large_1","TCTTCGTCAGACCAGG-1","All"
"Pilot_large_1","TCTTGCACGTCTAATG-1","All"
"Pilot_large_1","TGAACGGATTCAAGTT-1","All"
"Pilot_large_1","TGACCATCCATCTGCT-1","All"
"Pilot_large_1","TGATGGATGATCACGG-1","All"
"Pilot_large_1","TGCACGCTCCTATCCG-1","All"
"Pilot_large_1","TGCATTCGCCAGCGAT-1","All"
"Pilot_large_1","TGCATTCTTACGGAGG-1","All"
"Pilot_large_1","TGCCACAATGCTACCG-1","All"
"Pilot_large_1","TGCCACTATCAGGCAG-1","All"
"Pilot_large_1","TGCGAATCCGGCTTGA-1","All"
"Pilot_large_1","TGCGATACGCCTCGCA-1","All"
"Pilot_large_1","TGCGTTAGCACGTACC-1","All"
"Pilot_large_1","TGCTATAATGTCGCTG-1","All"
"Pilot_large_1","TGCTGTGAAGTCAAGA-1","All"
"Pilot_large_1","TGGAGTGAACGCGGTC-1","All"
"Pilot_large_1","TGGCAAGCGACACTTA-1","All"
"Pilot_large_1","TGGCCACTCCTGAGTG-1","All"
"Pilot_large_1","TGGCGACACTCGCATC-1","All"
"Pilot_large_1","TGGTATTAGCTAGACC-1","All"
"Pilot_large_1","TGGTCATCTAGGTCAT-1","All"
"Pilot_large_1","TGGTGCAGTACCATGC-1","All"
"Pilot_large_1","TGGTTGCCAGTGTCAA-1","All"
"Pilot_large_1","TGTAATGCCTAACACC-1","All"
"Pilot_large_1","TGTACCACATACTGGT-1","All"
"Pilot_large_1","TGTAGGAGCTTCAATA-1","All"
"Pilot_large_1","TGTATGGAACTACGCA-1","All"
"Pilot_large_1","TGTCGCGGAAGAGCTA-1","All"
"Pilot_small_1","AACCGTGCTTATGTTG-1","All"
"Pilot_small_1","AACCTACAGAGGTAGT-1","All"
"Pilot_small_1","AACGAGCTAATAACTA-1","All"
"Pilot_small_1","AACTGCCTCGATAGGT-1","All"
"Pilot_small_1","AACTTCATCTTCTGGT-1","All"
"Pilot_small_1","AACTTGGTTACATAAC-1","All"
"Pilot_small_1","AAGATAGGCTTGCTTA-1","All"
"Pilot_small_1","AAGATTATCTAGCATA-1","All"
"Pilot_small_1","AAGCAGTATCAGAATC-1","All"
"Pilot_small_1","AAGCAGTGGCTCATCC-1","All"
"Pilot_small_1","AAGCCAGGCCGACGTG-1","All"
"Pilot_small_1","AAGTCTTAAGTTGCCA-1","All"
"Pilot_small_1","AAGTGGCGAGTGTACA-1","Island"
"Pilot_small_1","AATCCGGAGCTTGTCT-1","All"
"Pilot_small_1","AATGCGAACCTCGCGT-1","All"
"Pilot_small_1","AATGTCAGGTCATTAC-1","All"
"Pilot_small_1","ACAACGTGGAGCTACT-1","All"
"Pilot_small_1","ACAACTAAGTGGCGCT-1","All"
"Pilot_small_1","ACAATACGCCTTATTC-1","All"
"Pilot_small_1","ACAGGATACCGGATTC-1","All"
"Pilot_small_1","ACCTAATGTTACCAAT-1","All"
"Pilot_small_1","ACCTGCCACTATCAAT-1","All"
"Pilot_small_1","ACGGCCTTGCCAGAAC-1","All"
"Pilot_small_1","ACGGCTTCCATCGGAA-1","All"
"Pilot_small_1","ACGGCTTGTTCAATCG-1","Island"
"Pilot_small_1","ACTCAGCTTCTGAGAC-1","All"
"Pilot_small_1","AGAACAGGAGCATGGA-1","All"
"Pilot_small_1","AGAAGGATGGTATGAA-1","All"
"Pilot_small_1","AGACCGAACCGATGTC-1","All"
"Pilot_small_1","AGACCGGACTGTCCAT-1","All"
"Pilot_small_1","AGACTCCTGTATGGCG-1","All"
"Pilot_small_1","AGCCGGCCTATTCCAG-1","All"
"Pilot_small_1","AGCGGTTACAATACGC-1","All"
"Pilot_small_1","AGCGTGCGCCTGATCG-1","Island"
"Pilot_small_1","AGGCCGCAGAATAACG-1","All"
"Pilot_small_1","AGTACCGTTGTACGCC-1","Island"
"Pilot_small_1","AGTCGGACCGTGCTTA-1","Island"
"Pilot_small_1","AGTCGGTCTAATCTGT-1","All"
"Pilot_small_1","AGTGTACCTCTGTATG-1","All"
"Pilot_small_1","AGTTCGTGCATGTCGA-1","All"
"Pilot_small_1","ATAAGACCAATCGCGG-1","All"
"Pilot_small_1","ATACGCTGAGATCAGA-1","All"
"Pilot_small_1","ATACTAGTAACTGAGT-1","All"
"Pilot_small_1","ATAGGCCGATAGAAGT-1","All"
"Pilot_small_1","ATAGTCCGCCGTTGGC-1","All"
"Pilot_small_1","ATAGTGTCAGATGTAG-1","All"
"Pilot_small_1","ATCCGTAGTGTCGCTC-1","All"
"Pilot_small_1","ATCGAACATGCTAAGC-1","All"
"Pilot_small_1","ATCGACAGCGGCAACA-1","All"
"Pilot_small_1","ATCTCCTTGCGATACA-1","All"
"Pilot_small_1","ATGGAGTAATCGGACC-1","All"
"Pilot_small_1","ATGTAAGAGCCACCTC-1","All"
"Pilot_small_1","ATGTACAGTGCCTATG-1","All"
"Pilot_small_1","ATGTACATCGTGGTTA-1","All"
"Pilot_small_1","ATGTACCATTATTGTC-1","All"
"Pilot_small_1","ATGTCGGACTGAAGTA-1","All"
"Pilot_small_1","ATTAGTGAGGTATCGC-1","All"
"Pilot_small_1","ATTATGCCATCGTTAA-1","All"
"Pilot_small_1","ATTCACCTGACCAGTT-1","All"
"Pilot_small_1","ATTCTGAGTACTGTAG-1","All"
"Pilot_small_1","ATTGCATATTGTTATC-1","All"
"Pilot_small_1","CAACTGCATTCGACTC-1","All"
"Pilot_small_1","CAAGATTCGTCAGCTG-1","All"
"Pilot_small_1","CAATTGAACCGGCTCG-1","Island"
"Pilot_small_1","CACGTAGGTAGGCTGA-1","Island"
"Pilot_small_1","CACGTCAAGTGCGATC-1","Island"
"Pilot_small_1","CACTCAATGGTTCGGA-1","All"
"Pilot_small_1","CAGACACTTACAAGAC-1","All"
"Pilot_small_1","CAGACGCAGTAGGTCT-1","All"
"Pilot_small_1","CAGAGTCATGTACAGG-1","All"
"Pilot_small_1","CAGCCAGTCCTGTCGG-1","Island"
"Pilot_small_1","CAGCTCCTCGGATTCT-1","Island"
"Pilot_small_1","CAGCTGTTGCCGGAGT-1","All"
"Pilot_small_1","CAGGACATGGTAATGC-1","All"
"Pilot_small_1","CAGTATGCGTGGCGCT-1","All"
"Pilot_small_1","CAGTGAAGATACATAA-1","All"
"Pilot_small_1","CATATTCATCCGCATT-1","All"
"Pilot_small_1","CATCAGTAATCAGACA-1","All"
"Pilot_small_1","CATCCGTGCGGTCTAC-1","All"
"Pilot_small_1","CATCCTAGTGGTATGT-1","All"
"Pilot_small_1","CATCGGCATGTCGAAG-1","All"
"Pilot_small_1","CATGTTATTGATGCAG-1","All"
"Pilot_small_1","CCAGATAGACGAGGTG-1","All"
"Pilot_small_1","CCATAGTTCGAGTAAG-1","All"
"Pilot_small_1","CCATGAACAATGCTCC-1","All"
"Pilot_small_1","CCATGGTTCCAATGTC-1","All"
"Pilot_small_1","CCATTGGCAATTCTCA-1","All"
"Pilot_small_1","CCGAGGATGACTCGTC-1","All"
"Pilot_small_1","CCGATTAGCGAGTGTA-1","All"
"Pilot_small_1","CCGCAAGTAGCGGACT-1","All"
"Pilot_small_1","CCGGCGAACCGTGCAC-1","All"
"Pilot_small_1","CCGTGAAGGATAACAG-1","Island"
"Pilot_small_1","CCTAAGCATGCCTTGT-1","All"
"Pilot_small_1","CCTACCACTCCAGTTA-1","All"
"Pilot_small_1","CCTCGATAGAATAGGA-1","Island"
"Pilot_small_1","CGACAATTCGTCATGT-1","All"
"Pilot_small_1","CGACGCAACATGGCGA-1","All"
"Pilot_small_1","CGACTAATGTTAGGCT-1","All"
"Pilot_small_1","CGAGTGCGGCTCGTGG-1","All"
"Pilot_small_1","CGATGCACCAGGCCTC-1","All"
"Pilot_small_1","CGATTGGAACAGGCCA-1","All"
"Pilot_small_1","CGCACTCACCAGCACG-1","All"
"Pilot_small_1","CGCTGCTATGACAGAC-1","All"
"Pilot_small_1","CGGAGCCGCAATAGCC-1","All"
"Pilot_small_1","CGGCAACCACTAGCAT-1","Island"
"Pilot_small_1","CGGCCTGCGATCGATG-1","All"
"Pilot_small_1","CGGCTTACGTGCACGA-1","All"
"Pilot_small_1","CGGTTATCTGTCTTAA-1","All"
"Pilot_small_1","CTAATGACATCATTCT-1","All"
"Pilot_small_1","CTAATTATGTTGCCGC-1","All"
"Pilot_small_1","CTACATCTACTGGCTT-1","All"
"Pilot_small_1","CTATAACCAGCAGTAT-1","All"
"Pilot_small_1","CTATACCGACTCGCAT-1","All"
"Pilot_small_1","CTATAGATCCACAAGC-1","All"
"Pilot_small_1","CTATCGTATGATAGGA-1","All"
"Pilot_small_1","CTATGTGCGGTTGACT-1","All"
"Pilot_small_1","CTCAATACGTTAACCG-1","All"
"Pilot_small_1","CTCAATTGGCGATTCC-1","All"
"Pilot_small_1","CTCACCGCTCTAATCA-1","All"
"Pilot_small_1","CTCACCTGAGACTAAG-1","All"
"Pilot_small_1","CTCCACTGGCTAATGG-1","All"
"Pilot_small_1","CTCCTACTTGAGTAAG-1","All"
"Pilot_small_1","CTGAAGTGCTATGGCG-1","All"
"Pilot_small_1","CTGACTGTGGCCGGTT-1","Island"
"Pilot_small_1","CTGATTATCAATAGAC-1","All"
"Pilot_small_1","CTGGAAGTCTAAGCTC-1","All"
"Pilot_small_1","CTGGTGGCCAATAAGT-1","All"
"Pilot_small_1","CTTACGGTAAGCCGAA-1","All"
"Pilot_small_1","CTTAGCACGACAGAAC-1","All"
"Pilot_small_1","CTTAGTCTCGACAACT-1","All"
"Pilot_small_1","CTTGCCGGAAGACGCA-1","All"
"Pilot_small_1","CTTGGTCGGAAGTAGC-1","All"
"Pilot_small_1","GAACTAACTCTACGTG-1","All"
"Pilot_small_1","GAAGCGTCCATAGTTG-1","All"
"Pilot_small_1","GAATCAATTACCGACC-1","All"
"Pilot_small_1","GACAACGGACTCAGCT-1","All"
"Pilot_small_1","GACTACGAGTTCCATT-1","All"
"Pilot_small_1","GACTGCGGTCTGCGTG-1","All"
"Pilot_small_1","GAGCCTCACGTATGTA-1","All"
"Pilot_small_1","GAGCTACAGCTCGGTA-1","All"
"Pilot_small_1","GAGGATCCAGAACTGG-1","All"
"Pilot_small_1","GAGGATGATAGGAAGG-1","Island"
"Pilot_small_1","GAGGTGCATTCGGATC-1","All"
"Pilot_small_1","GAGTCCTACCTCTGCA-1","All"
"Pilot_small_1","GATAAGCACGTGCGTA-1","All"
"Pilot_small_1","GATAGCTAATGGATAG-1","All"
"Pilot_small_1","GATGCCTAGAGTCTGT-1","All"
"Pilot_small_1","GCAAGATAGGTTAACT-1","All"
"Pilot_small_1","GCAATACATGAGGACA-1","All"
"Pilot_small_1","GCACCTTAGCCTCGCA-1","All"
"Pilot_small_1","GCATGTCGAGTGTCTT-1","All"
"Pilot_small_1","GCATTACCTGTCAAGA-1","Island"
"Pilot_small_1","GCCTTCTGATTCCGTC-1","All"
"Pilot_small_1","GCGAATTGGCTAGCCA-1","All"
"Pilot_small_1","GCGTACCGTGTATCAG-1","All"
"Pilot_small_1","GCGTCGGAATGCTGCC-1","Island"
"Pilot_small_1","GCTCGTCTGCCGCAAT-1","All"
"Pilot_small_1","GCTTCTAGCGTTCATT-1","All"
"Pilot_small_1","GCTTCTCAGACCGCCT-1","All"
"Pilot_small_1","GCTTCTTGGACGAGCG-1","Island"
"Pilot_small_1","GCTTGACCTCCGCTTC-1","All"
"Pilot_small_1","GGAAGCATTAGAGGCA-1","All"
"Pilot_small_1","GGACGTTAGATTCAGG-1","All"
"Pilot_small_1","GGCGCCAAGGAGCGCT-1","All"
"Pilot_small_1","GGTAAGGCGACGATGA-1","All"
"Pilot_small_1","GGTAGCCATCAATCCG-1","Island"
"Pilot_small_1","GGTCTGGTTGTAGAAC-1","All"
"Pilot_small_1","GTACAACTCGGCAGAA-1","All"
"Pilot_small_1","GTACTTAACTTCAGCG-1","Island"
"Pilot_small_1","GTAGGTGATAATTCAC-1","All"
"Pilot_small_1","GTAGTCAGACCAATGT-1","All"
"Pilot_small_1","GTATGTTCTGGATCGC-1","All"
"Pilot_small_1","GTATTCTAAGTGCTGT-1","All"
"Pilot_small_1","GTCAGCTCAATCAAGG-1","All"
"Pilot_small_1","GTCCGAATGCGGACAG-1","All"
"Pilot_small_1","GTCTAGCGTTGTGACC-1","All"
"Pilot_small_1","GTCTTGACAATAGCAA-1","All"
"Pilot_small_1","GTGAACATTCAACGAT-1","Island"
"Pilot_small_1","GTGAAGATGAGTGCCT-1","All"
"Pilot_small_1","GTGATGGATTAGAACA-1","All"
"Pilot_small_1","GTGCAACGACGGTGTT-1","All"
"Pilot_small_1","GTGCAGCCGGTCTGCA-1","All"
"Pilot_small_1","GTGGCTGAATGCGAGT-1","All"
"Pilot_small_1","GTGGTACTGTTGTAGC-1","All"
"Pilot_small_1","GTTCCGTCATACGGCT-1","All"
"Pilot_small_1","GTTGAATGTTGCTGCC-1","All"
"Pilot_small_1","GTTGACTAGAGCACGT-1","All"
"Pilot_small_1","TAACGACCTTGCCTAT-1","All"
"Pilot_small_1","TAACGAGTTGCCAACC-1","Island"
"Pilot_small_1","TAAGCTCCTTCACGCC-1","All"
"Pilot_small_1","TAAGGACGCCTGGTTG-1","All"
"Pilot_small_1","TACTAGTACCGGATGG-1","All"
"Pilot_small_1","TAGACCGGCCAGTACG-1","All"
"Pilot_small_1","TAGCTTAAGCTGGCGT-1","All"
"Pilot_small_1","TAGTATAACCTCGACA-1","All"
"Pilot_small_1","TAGTATCCAATTACGT-1","Island"
"Pilot_small_1","TAGTGAACATGCAGAT-1","All"
"Pilot_small_1","TAGTGAGGACATGTTG-1","All"
"Pilot_small_1","TATCCAATACCGCAAT-1","All"
"Pilot_small_1","TATGGATATGGTGCGA-1","All"
"Pilot_small_1","TATTCGACATTACTAT-1","All"
"Pilot_small_1","TCACAAGCTCGAGGCA-1","All"
"Pilot_small_1","TCACATCCTGTCGCGG-1","All"
"Pilot_small_1","TCAGAATCGATATCAT-1","All"
"Pilot_small_1","TCAGCGTGACCTTACC-1","All"
"Pilot_small_1","TCCATGATGTGATCAA-1","All"
"Pilot_small_1","TCCTATTGACTGTTGA-1","All"
"Pilot_small_1","TCCTCACGTGTAGACG-1","All"
"Pilot_small_1","TCCTTACTCGCAATGA-1","All"
"Pilot_small_1","TCGATCCAGTCTGTAG-1","All"
"Pilot_small_1","TCGGACCAGGATCGCC-1","All"
"Pilot_small_1","TCGGCGACCTCGCTGA-1","All"
"Pilot_small_1","TCGGTGTCTAACCAAG-1","All"
"Pilot_small_1","TCGTCAGAACAGCCAG-1","All"
"Pilot_small_1","TCTTCGTCAGACCAGG-1","All"
"Pilot_small_1","TCTTGTTATTCTTGAT-1","All"
"Pilot_small_1","TGAATGCGGTTATGGA-1","All"
"Pilot_small_1","TGAATGTACCTTCGTC-1","All"
"Pilot_small_1","TGACCAATCAGCCACG-1","All"
"Pilot_small_1","TGCAGTTATTCCACTC-1","All"
"Pilot_small_1","TGCCGGCATTATAGAT-1","All"
"Pilot_small_1","TGCTATCCATGTAATA-1","All"
"Pilot_small_1","TGCTATTGCGGCGTGG-1","All"
"Pilot_small_1","TGCTTATGAATAAGCA-1","All"
"Pilot_small_1","TGGCCAAGCTGGCACC-1","All"
"Pilot_small_1","TGGCGAGCCACTAGCG-1","All"
"Pilot_small_1","TGGCTCCGCATCAGAT-1","Island"
"Pilot_small_1","TGGTACGGACGTAGTT-1","All"
"Pilot_small_1","TGTAATGCACTACGAG-1","All"
"Pilot_small_1","TGTACCACATACTGGT-1","All"
"Pilot_large_2","AACATACTCATATGCG-1","All"
"Pilot_large_2","AACGACATTAAGATGG-1","All"
"Pilot_large_2","AACGGCACAGAATATT-1","All"
"Pilot_large_2","AACGGTAATCGACCTG-1","All"
"Pilot_large_2","AACTTAACAGTGAGGA-1","All"
"Pilot_large_2","AACTTCAGCATGGCCG-1","Island"
"Pilot_large_2","AACTTCATCTTCTGGT-1","All"
"Pilot_large_2","AACTTGGTTACATAAC-1","All"
"Pilot_large_2","AAGACTGCTACTTCCT-1","Island"
"Pilot_large_2","AAGATTAGGCTGTCTA-1","All"
"Pilot_large_2","AAGCAGTGGCTCATCC-1","All"
"Pilot_large_2","AAGGCCTCGCGAGGAA-1","Island"
"Pilot_large_2","AAGTATTGTAGGTCGC-1","Island"
"Pilot_large_2","AAGTCTTAATAGAACT-1","All"
"Pilot_large_2","AATGGTCGAACGTGAA-1","All"
"Pilot_large_2","ACAATACACTTCCATC-1","All"
"Pilot_large_2","ACAGAAGTGATCAATC-1","All"
"Pilot_large_2","ACAGGATACCGGATTC-1","All"
"Pilot_large_2","ACAGGCACGCGAGGAT-1","All"
"Pilot_large_2","ACAGGTACCAAGGAAG-1","All"
"Pilot_large_2","ACAGGTGGACGACCTC-1","Island"
"Pilot_large_2","ACAGTTGAGGCTAATG-1","Island"
"Pilot_large_2","ACATCGAAGTGATTAA-1","Island"
"Pilot_large_2","ACCGTCGAGTATACTC-1","All"
"Pilot_large_2","ACCTAACAATCTTCAA-1","All"
"Pilot_large_2","ACCTGTCTGCGGTTGT-1","Island"
"Pilot_large_2","ACCTTCAGACCTCGGT-1","Island"
"Pilot_large_2","ACCTTGGCTCTGTAAG-1","Island"
"Pilot_large_2","ACGCAAGCTCCGCTTA-1","All"
"Pilot_large_2","ACGCAAGGCGTCCAAT-1","All"
"Pilot_large_2","ACGCGTTCCAGCCTTC-1","All"
"Pilot_large_2","ACGGCCTGGCTAAGTT-1","All"
"Pilot_large_2","ACGGCTTCGATTAAGC-1","All"
"Pilot_large_2","ACGGTGATAATGTTAC-1","All"
"Pilot_large_2","ACTACCAACTGTGGCT-1","All"
"Pilot_large_2","ACTATTAGCCTAATCG-1","All"
"Pilot_large_2","ACTCAGCTTCTGAGAC-1","All"
"Pilot_large_2","ACTCCTTGTCCAGACC-1","All"
"Pilot_large_2","ACTCGAACGTTCGTTA-1","All"
"Pilot_large_2","ACTCGATAAGACCAGG-1","All"
"Pilot_large_2","ACTCGTTCCTGATACA-1","All"
"Pilot_large_2","ACTGACGGCCATGTCT-1","All"
"Pilot_large_2","ACTGATGTCCACTCGC-1","All"
"Pilot_large_2","ACTGCATCTTGTTCCA-1","All"
"Pilot_large_2","AGACCGAACCGATGTC-1","All"
"Pilot_large_2","AGACCGCCAAGTTCAA-1","All"
"Pilot_large_2","AGACTACGTGCTCCAT-1","Island"
"Pilot_large_2","AGCACGTGCACCTCTG-1","Island"
"Pilot_large_2","AGCCAGATCAAGATTC-1","All"
"Pilot_large_2","AGCGGTGCACCAAGCC-1","All"
"Pilot_large_2","AGCGTTACAGTCCTGG-1","All"
"Pilot_large_2","AGCTGATCGGATTGTT-1","All"
"Pilot_large_2","AGCTTGGATGCAAGCC-1","All"
"Pilot_large_2","AGGACGAAGCCTCCTT-1","All"
"Pilot_large_2","AGGAGCATCACTCAGC-1","All"
"Pilot_large_2","AGGAGTACAGTGCATA-1","All"
"Pilot_large_2","AGGATAGAGTTAATCA-1","All"
"Pilot_large_2","AGGATCCGCTCGGTGC-1","Island"
"Pilot_large_2","AGGCATGCATGGAATT-1","Island"
"Pilot_large_2","AGGTGGCACTTGTCAG-1","All"
"Pilot_large_2","AGTATTGATTGAGTCA-1","Island"
"Pilot_large_2","AGTCACCATACCTCCA-1","Island"
"Pilot_large_2","AGTCTGTTACAATAGT-1","All"
"Pilot_large_2","AGTGTAAGCCGAACAA-1","All"
"Pilot_large_2","AGTGTAAGCCTGCAAG-1","Island"
"Pilot_large_2","ATAACGCCTGTAGGCA-1","All"
"Pilot_large_2","ATAACGGCAAGACTCC-1","All"
"Pilot_large_2","ATAACTGAACTCCTGG-1","All"
"Pilot_large_2","ATACTATCAACTTGTA-1","All"
"Pilot_large_2","ATACTATGAATGTCTT-1","All"
"Pilot_large_2","ATACTATGGTTACATT-1","Island"
"Pilot_large_2","ATAGAATTCTACTTGA-1","All"
"Pilot_large_2","ATCAATGGTTGTACCT-1","All"
"Pilot_large_2","ATCCACATCACTGCCG-1","All"
"Pilot_large_2","ATCCACTCGTACTCGG-1","All"
"Pilot_large_2","ATCCGATTATCTACGT-1","All"
"Pilot_large_2","ATCGAACTCGTCCGGC-1","Island"
"Pilot_large_2","ATCGACTAAGTACTGC-1","Island"
"Pilot_large_2","ATCTTAGACTTGATCT-1","Island"
"Pilot_large_2","ATGACCTCACGCACTG-1","All"
"Pilot_large_2","ATGAGCTACTGGACAT-1","Island"
"Pilot_large_2","ATGAGTCTTAGGAAGG-1","Island"
"Pilot_large_2","ATGAGTTACAGATAGA-1","All"
"Pilot_large_2","ATGCCGTCGATAAGAC-1","Island"
"Pilot_large_2","ATGCTGGCTTACTACA-1","Island"
"Pilot_large_2","ATGGAGGTTCACCGGT-1","Island"
"Pilot_large_2","ATGTACTCGTGGCTGT-1","All"
"Pilot_large_2","ATGTCATCAGGTTATG-1","All"
"Pilot_large_2","ATGTCGCATGCCATAC-1","All"
"Pilot_large_2","ATGTCGGACTGAAGTA-1","All"
"Pilot_large_2","ATGTGATCCGTCTAAC-1","All"
"Pilot_large_2","ATTACATGTTATTGAC-1","Island"
"Pilot_large_2","ATTACTCAGTTAACGA-1","All"
"Pilot_large_2","ATTCCGGACCGGTCTT-1","All"
"Pilot_large_2","ATTCGTTAGAATTCGG-1","All"
"Pilot_large_2","ATTCTAACGCCTGTTA-1","Island"
"Pilot_large_2","ATTCTACAGCCAGCAC-1","Island"
"Pilot_large_2","ATTGCAATTATGGTTG-1","All"
"Pilot_large_2","ATTGGCACCACGCCAT-1","Island"
"Pilot_large_2","CAAGATTAGATGAGTT-1","All"
"Pilot_large_2","CAAGGCAAGATTAGCA-1","Island"
"Pilot_large_2","CAATCCATGCCGATGC-1","All"
"Pilot_large_2","CAATGCATCATTATGC-1","Island"
"Pilot_large_2","CAATGTCCGTTGCGTG-1","Island"
"Pilot_large_2","CAATTACAGGTGTCAT-1","All"
"Pilot_large_2","CACCTCGAGGACTCTA-1","All"
"Pilot_large_2","CACGACCTCCGTCATA-1","Island"
"Pilot_large_2","CACGCTTATCAATCTT-1","Island"
"Pilot_large_2","CACGTACACTCGCACC-1","All"
"Pilot_large_2","CACTCAGTACTCCGCT-1","All"
"Pilot_large_2","CACTCATCACGTTACG-1","All"
"Pilot_large_2","CAGAACATGCCTAGTG-1","Island"
"Pilot_large_2","CAGATATGTCCTTAAG-1","Island"
"Pilot_large_2","CAGCTGGCGATAAGTG-1","All"
"Pilot_large_2","CAGCTTGACGCCATTA-1","Island"
"Pilot_large_2","CAGGACCTACATAGTC-1","Island"
"Pilot_large_2","CAGGTTCCACTAATCC-1","Island"
"Pilot_large_2","CAGTCTGGACAATCTA-1","All"
"Pilot_large_2","CAGTGAAGATACATAA-1","All"
"Pilot_large_2","CATCAGGTAGGACCGT-1","All"
"Pilot_large_2","CATCCTTCGACTAAGT-1","All"
"Pilot_large_2","CATGATACTCAGGATT-1","Island"
"Pilot_large_2","CATTGTGGCCTCAGGC-1","Island"
"Pilot_large_2","CCAATATTAGTGCGTT-1","All"
"Pilot_large_2","CCACAACCAGCAGGTG-1","All"
"Pilot_large_2","CCAGATAGCGTAGTGA-1","All"
"Pilot_large_2","CCATTGGCAATTCTCA-1","All"
"Pilot_large_2","CCGACAAGGCACGGTT-1","Island"
"Pilot_large_2","CCGATGGATCCGGCAG-1","All"
"Pilot_large_2","CCGCAAGTAGCGGACT-1","All"
"Pilot_large_2","CCGCGGCCACAATCGG-1","All"
"Pilot_large_2","CCGCGTAAGATTCCTT-1","All"
"Pilot_large_2","CCGGATCAGCCGACTA-1","All"
"Pilot_large_2","CCGGCATGAGCCGTCT-1","Island"
"Pilot_large_2","CCGGTGGAGCTGGCTC-1","Island"
"Pilot_large_2","CCGTACTGGACGCAGA-1","All"
"Pilot_large_2","CCTAACTACGAATATG-1","Island"
"Pilot_large_2","CCTAATCAGGCCATTA-1","All"
"Pilot_large_2","CCTACCATCGCAGTAT-1","All"
"Pilot_large_2","CCTCGCCAACTACAAG-1","All"
"Pilot_large_2","CCTCTAGCTGGTCCGC-1","Island"
"Pilot_large_2","CCTGGCAACGAACGTC-1","Island"
"Pilot_large_2","CCTTAGTTATACCAGA-1","All"
"Pilot_large_2","CCTTATAGGCGAATAC-1","All"
"Pilot_large_2","CCTTCATAGTACTTCA-1","All"
"Pilot_large_2","CCTTGTCTAGTTCTTG-1","Island"
"Pilot_large_2","CGAAGAGCAGATGATT-1","All"
"Pilot_large_2","CGACCTTGGCGTTCTA-1","All"
"Pilot_large_2","CGAGCGTGAAGTTAGC-1","Island"
"Pilot_large_2","CGATAACTCCTTATGC-1","All"
"Pilot_large_2","CGATTGGAACAGGCCA-1","All"
"Pilot_large_2","CGCATCCTGTTGTAGC-1","All"
"Pilot_large_2","CGCCGATTGTCCTTCG-1","All"
"Pilot_large_2","CGCCGGATCATTAGAC-1","All"
"Pilot_large_2","CGCCTAACTTGATGGT-1","Island"
"Pilot_large_2","CGCCTAGAGCGTGGAG-1","All"
"Pilot_large_2","CGCCTTAAGGTACGCT-1","All"
"Pilot_large_2","CGCCTTGACGTGAATC-1","All"
"Pilot_large_2","CGCTAATTACATTAGG-1","Island"
"Pilot_large_2","CGCTGCAATTAGGCGT-1","Island"
"Pilot_large_2","CGGAACCGATTGAGTC-1","All"
"Pilot_large_2","CGGACACTATGTATCA-1","Island"
"Pilot_large_2","CGGAGCGTCTGACAGT-1","All"
"Pilot_large_2","CGGAGCTCCGATACCT-1","All"
"Pilot_large_2","CGGCCATCAACCGGCG-1","Island"
"Pilot_large_2","CGGCCTGCGATCGATG-1","All"
"Pilot_large_2","CGGCTGTCGGTATTAC-1","Island"
"Pilot_large_2","CGGCTTATTCGCTAAT-1","All"
"Pilot_large_2","CGGCTTCCAATAGGAA-1","Island"
"Pilot_large_2","CGGCTTCGATCTCCAA-1","All"
"Pilot_large_2","CGGTAGGTTCGATTCA-1","Island"
"Pilot_large_2","CGGTCAATTGGCCGAT-1","Island"
"Pilot_large_2","CGTAACAGGTCTTGAA-1","All"
"Pilot_large_2","CGTAGTCCGAGCATGA-1","All"
"Pilot_large_2","CGTCTTGCAACTTCTG-1","All"
"Pilot_large_2","CGTGAATGGTCCTGCG-1","All"
"Pilot_large_2","CGTGAGGAACATAGGT-1","All"
"Pilot_large_2","CTAACGTTAGGCAATG-1","All"
"Pilot_large_2","CTAAGAATTGATTCAC-1","All"
"Pilot_large_2","CTAAGAGGCTATGTTC-1","All"
"Pilot_large_2","CTAATTACGCAATGGA-1","All"
"Pilot_large_2","CTACTCGGCGTCTAAT-1","All"
"Pilot_large_2","CTACTGAGTGACGGAC-1","All"
"Pilot_large_2","CTAGTCAGGCGACAGT-1","All"
"Pilot_large_2","CTAGTTATGTCCAAGG-1","All"
"Pilot_large_2","CTAGTTCTACATGACG-1","Island"
"Pilot_large_2","CTATAACCAGCAGTAT-1","All"
"Pilot_large_2","CTATAACTACGCCTGG-1","All"
"Pilot_large_2","CTATCGATCTGCGTGA-1","Island"
"Pilot_large_2","CTATCGCAGTCAATGG-1","All"
"Pilot_large_2","CTATCGTTATCCGTCG-1","Island"
"Pilot_large_2","CTATGCAACAGAGTCG-1","All"
"Pilot_large_2","CTATGCACCAATCCAG-1","Island"
"Pilot_large_2","CTATGCAGACCTCGCC-1","Island"
"Pilot_large_2","CTATGTAGCGCAGATA-1","All"
"Pilot_large_2","CTATTAGTACTGGCTC-1","All"
"Pilot_large_2","CTATTATGGCACCTCG-1","All"
"Pilot_large_2","CTCAATACAGTATTCT-1","All"
"Pilot_large_2","CTCACCGAGGATCCGC-1","All"
"Pilot_large_2","CTCACCGTGACTCGGA-1","Island"
"Pilot_large_2","CTCACCTTCGGCGTCT-1","Island"
"Pilot_large_2","CTCACGTGAACGTATT-1","Island"
"Pilot_large_2","CTCCAACCTTAGCCGG-1","Island"
"Pilot_large_2","CTCCACATAACCTATT-1","All"
"Pilot_large_2","CTCCAGAATATTACAT-1","All"
"Pilot_large_2","CTGAAGTTGGATCGGC-1","All"
"Pilot_large_2","CTGAGGTTCAGGCCAA-1","All"
"Pilot_large_2","CTGCCACGTGTTAATA-1","All"
"Pilot_large_2","CTGGAATTCGGCGAAC-1","Island"
"Pilot_large_2","CTGGTGCACCATACCA-1","All"
"Pilot_large_2","CTGGTGCACGATCAAG-1","All"
"Pilot_large_2","CTGGTTGCGTTAATTG-1","All"
"Pilot_large_2","CTGTGCAACATTGAGG-1","All"
"Pilot_large_2","CTGTTGGATCAACGCA-1","All"
"Pilot_large_2","CTTAGCTATCCTTGCG-1","All"
"Pilot_large_2","CTTAGTAATGCAACGA-1","All"
"Pilot_large_2","CTTAGTCCTCATAAGT-1","All"
"Pilot_large_2","CTTAGTTCACCGCCAG-1","All"
"Pilot_large_2","CTTCGTCACCAAGAGG-1","All"
"Pilot_large_2","CTTCTACTCAAGTCGT-1","Island"
"Pilot_large_2","CTTGGTGCAGCCTCCA-1","Island"
"Pilot_large_2","CTTGTAAGCGCTTCAT-1","All"
"Pilot_large_2","GAAGCGATTGCCGAAT-1","All"
"Pilot_large_2","GAATCAATTACCGACC-1","All"
"Pilot_large_2","GAATCACCAGTGATAC-1","Island"
"Pilot_large_2","GAATCATTATGAGCTG-1","All"
"Pilot_large_2","GACAACTTGATTGTGA-1","All"
"Pilot_large_2","GACAAGTGTTATAGGC-1","Island"
"Pilot_large_2","GACCGAAGACTGGCAG-1","Island"
"Pilot_large_2","GACCGACAATAGGAAT-1","All"
"Pilot_large_2","GACCGAGGCAACGTTC-1","Island"
"Pilot_large_2","GACCTGCTGTCGTGTA-1","Island"
"Pilot_large_2","GACGCCTCTTGATTGT-1","All"
"Pilot_large_2","GACGCTCAACTGAGTG-1","Island"
"Pilot_large_2","GACGTACTGCGTGCGG-1","All"
"Pilot_large_2","GACGTTCGGTCTTACC-1","Island"
"Pilot_large_2","GACTGAGGTGATTAAC-1","Island"
"Pilot_large_2","GAGCGGCAATGGAATA-1","All"
"Pilot_large_2","GAGCTTGATGGAAGCT-1","All"
"Pilot_large_2","GAGGAAGGACAATGAA-1","All"
"Pilot_large_2","GAGGCCATGGCTCGGA-1","All"
"Pilot_large_2","GAGGTGCCTCTTCGTG-1","Island"
"Pilot_large_2","GAGTCCTACCTCTGCA-1","All"
"Pilot_large_2","GATAGATATGGTTCCG-1","All"
"Pilot_large_2","GATAGCTAATGGATAG-1","All"
"Pilot_large_2","GATCCATAGGATGTAA-1","All"
"Pilot_large_2","GATGCCACATTATCAC-1","All"
"Pilot_large_2","GATGCGGTCCAGCTTA-1","All"
"Pilot_large_2","GCAACAGCCTGCTCTA-1","All"
"Pilot_large_2","GCAACATGGTTCTTCA-1","All"
"Pilot_large_2","GCCACGAAGGAATTCC-1","All"
"Pilot_large_2","GCCACTCCGTCACCTC-1","All"
"Pilot_large_2","GCCAGTTAATTCTTGC-1","Island"
"Pilot_large_2","GCCATTCTTGCAACCA-1","All"
"Pilot_large_2","GCCATTGAGTGCTGCG-1","All"
"Pilot_large_2","GCCATTGATACTCAAG-1","All"
"Pilot_large_2","GCCTGGACAATGTATC-1","All"
"Pilot_large_2","GCCTTGCCTAGTCGAT-1","All"
"Pilot_large_2","GCGATGGAGCTACATT-1","All"
"Pilot_large_2","GCGATTCTAACAGTAA-1","All"
"Pilot_large_2","GCGGTGAATCCTGTTA-1","All"
"Pilot_large_2","GCGTAATTCTTGCCTT-1","All"
"Pilot_large_2","GCGTCCAGCAATTGGC-1","All"
"Pilot_large_2","GCGTGAACGTGACTCA-1","Island"
"Pilot_large_2","GCTAACGTCCATTCTG-1","Island"
"Pilot_large_2","GCTCGGACCTTCAAGT-1","All"
"Pilot_large_2","GCTCTGACTCGACTTA-1","All"
"Pilot_large_2","GCTGACCGCATCGGAT-1","All"
"Pilot_large_2","GCTGCGCAATGGAAGC-1","Island"
"Pilot_large_2","GCTGTCGCGATGGTAG-1","Island"
"Pilot_large_2","GCTGTTATGGTTGCCG-1","All"
"Pilot_large_2","GCTGTTCATCAGCGTC-1","Island"
"Pilot_large_2","GCTTCTGTATCGACGC-1","All"
"Pilot_large_2","GGAACAGGTGATCTCC-1","All"
"Pilot_large_2","GGACTCACTAGAGCCG-1","All"
"Pilot_large_2","GGACTCGTTCCTCGGA-1","Island"
"Pilot_large_2","GGAGGCACATAGCGTA-1","Island"
"Pilot_large_2","GGATCGATACCTCCGG-1","Island"
"Pilot_large_2","GGCCATGCTCCTCGTG-1","All"
"Pilot_large_2","GGCGACCTATCTGGCG-1","All"
"Pilot_large_2","GGCGTGAACTCAACGG-1","All"
"Pilot_large_2","GGCGTGGACCTTAGAT-1","Island"
"Pilot_large_2","GGCTAATGTCTAGCGT-1","All"
"Pilot_large_2","GGCTCGATTAAGGCGG-1","Island"
"Pilot_large_2","GGCTGCTAACTTCGCT-1","Island"
"Pilot_large_2","GGTACGAAGAACTCGA-1","Island"
"Pilot_large_2","GGTACGTGCTCGGCAA-1","All"
"Pilot_large_2","GGTCCGGACGAGTGAA-1","All"
"Pilot_large_2","GGTCTGTATCTTGTCG-1","All"
"Pilot_large_2","GGTGCGTGGAGTTGGT-1","All"
"Pilot_large_2","GGTTACGGACGATTAA-1","All"
"Pilot_large_2","GGTTAGATGCCGTTGC-1","All"
"Pilot_large_2","GGTTCTCGCTCACGCC-1","Island"
"Pilot_large_2","GTACAGCTGTTGTCCT-1","All"
"Pilot_large_2","GTACGGTTAATGCAGG-1","All"
"Pilot_large_2","GTAGCACGAGCTCAAG-1","All"
"Pilot_large_2","GTAGCAGAAGACTCTT-1","Island"
"Pilot_large_2","GTAGCCAGCTTAATTG-1","Island"
"Pilot_large_2","GTAGCGTGTAGCATGT-1","All"
"Pilot_large_2","GTAGTCAGACCAATGT-1","All"
"Pilot_large_2","GTAGTCCGTGTACTAA-1","All"
"Pilot_large_2","GTATAACTTGTTGCGA-1","All"
"Pilot_large_2","GTATACGGTTAAGATA-1","Island"
"Pilot_large_2","GTATGCCTTACTCCAC-1","Island"
"Pilot_large_2","GTATGTTAGACTGCCT-1","All"
"Pilot_large_2","GTATTCTAAGTGCTGT-1","All"
"Pilot_large_2","GTCAACAGCATAGATT-1","All"
"Pilot_large_2","GTCAACATAAGATAGA-1","All"
"Pilot_large_2","GTCACTACTCGCGGAG-1","Island"
"Pilot_large_2","GTCAGCCTAATTACGT-1","All"
"Pilot_large_2","GTCAGCTAGATCGACA-1","Island"
"Pilot_large_2","GTCAGTTGGAACCACG-1","Island"
"Pilot_large_2","GTCGAGACCGTCCGTT-1","Island"
"Pilot_large_2","GTCGCAGTATTAGGAT-1","All"
"Pilot_large_2","GTCTTGCTTGATCCAC-1","All"
"Pilot_large_2","GTGAACTGAGTTCGGC-1","Island"
"Pilot_large_2","GTGAAGTATTGGTCAC-1","All"
"Pilot_large_2","GTGACAGCCTAGCCTC-1","All"
"Pilot_large_2","GTGACATAGTTAGCTG-1","Island"
"Pilot_large_2","GTGAGGTCACAGGCCA-1","All"
"Pilot_large_2","GTGCAGCCGGTCTGCA-1","All"
"Pilot_large_2","GTGGCGACCTTGATTC-1","All"
"Pilot_large_2","GTGGCGGTCCGGATGA-1","Island"
"Pilot_large_2","GTTCCGAGTATGATCG-1","All"
"Pilot_large_2","GTTCGAATCACGTACG-1","Island"
"Pilot_large_2","GTTCTGGACACGCAAC-1","All"
"Pilot_large_2","GTTGCCATCTACGCAC-1","Island"
"Pilot_large_2","GTTGCCGGTGGAAGTA-1","Island"
"Pilot_large_2","GTTGCTAGATCGTTGA-1","All"
"Pilot_large_2","GTTGGCGTGAGCGACC-1","All"
"Pilot_large_2","GTTGTCCTTGAGCGGT-1","Island"
"Pilot_large_2","TAACAGTCTACTATGG-1","Island"
"Pilot_large_2","TAACAGTTCCACTTCG-1","Island"
"Pilot_large_2","TAACCAGATACGCTTC-1","Island"
"Pilot_large_2","TAACGCGGCTATAGGT-1","All"
"Pilot_large_2","TAACGCGTCAAGCGTT-1","All"
"Pilot_large_2","TACACCGGTATGTATC-1","All"
"Pilot_large_2","TACACTTAGTCGTGGT-1","All"
"Pilot_large_2","TACAGTCTCGGCACGG-1","All"
"Pilot_large_2","TACATCGGACAACTGG-1","All"
"Pilot_large_2","TACCTCAGCGGTTGAT-1","All"
"Pilot_large_2","TACGCCAGCACCGGAA-1","Island"
"Pilot_large_2","TACGCTGATAGCAGTC-1","All"
"Pilot_large_2","TACGTTCTACCGCCAT-1","Island"
"Pilot_large_2","TAGATGAGGACGCTTA-1","All"
"Pilot_large_2","TAGATGTCACGGTCGA-1","All"
"Pilot_large_2","TAGCGTCTCAAGGTGG-1","All"
"Pilot_large_2","TAGGTCGCCGCAACTC-1","Island"
"Pilot_large_2","TAGTGCACATAGTCTG-1","All"
"Pilot_large_2","TATCTAGTGAGGTAGG-1","All"
"Pilot_large_2","TATGACCGATGAAGTG-1","All"
"Pilot_large_2","TATGGAGTTCTACGGC-1","All"
"Pilot_large_2","TATTAATAGAATGGCA-1","All"
"Pilot_large_2","TATTCGATGATCTAGT-1","Island"
"Pilot_large_2","TCAATCAGATGACGTG-1","All"
"Pilot_large_2","TCAGGAATAGAACCTG-1","All"
"Pilot_large_2","TCAGTCTGAGTGCTTG-1","All"
"Pilot_large_2","TCAGTTGCAGTTCTTA-1","Island"
"Pilot_large_2","TCATAATTCGTGCAGA-1","All"
"Pilot_large_2","TCATCGGTCTCAGTTC-1","Island"
"Pilot_large_2","TCATGAGGCTTGACGC-1","All"
"Pilot_large_2","TCATGCAGCGCCTTCG-1","Island"
"Pilot_large_2","TCATTACGGCACAGTA-1","All"
"Pilot_large_2","TCATTCTGATGGTGCG-1","Island"
"Pilot_large_2","TCATTGCAAGTGCTCA-1","Island"
"Pilot_large_2","TCCAATACTGGAGCGT-1","Island"
"Pilot_large_2","TCCAGAGGCAAGAACT-1","Island"
"Pilot_large_2","TCCAGCTCTGCTATAG-1","Island"
"Pilot_large_2","TCCAGTTGAAGTAGCA-1","Island"
"Pilot_large_2","TCCATAGCGACTCAGT-1","Island"
"Pilot_large_2","TCCGAATACCGAATAG-1","All"
"Pilot_large_2","TCCGACCGCAAGTCCT-1","Island"
"Pilot_large_2","TCCGTTGGTTCACTCG-1","Island"
"Pilot_large_2","TCCTCAGTCGGATGCG-1","All"
"Pilot_large_2","TCCTGGTGCGAGGCCT-1","All"
"Pilot_large_2","TCGAACAGGTTGCACG-1","All"
"Pilot_large_2","TCGACGAAGCAGCTCA-1","All"
"Pilot_large_2","TCGACTCAGGTTAACC-1","All"
"Pilot_large_2","TCGACTTATTAATCCT-1","Island"
"Pilot_large_2","TCGATCCAACGTCCTT-1","Island"
"Pilot_large_2","TCGCCAGGCATGCCTC-1","Island"
"Pilot_large_2","TCGCGGAAGCACCACG-1","Island"
"Pilot_large_2","TCGGACCAACCATACA-1","Island"
"Pilot_large_2","TCGGAGTGGTACTTGC-1","All"
"Pilot_large_2","TCGGCGGAACATACGC-1","All"
"Pilot_large_2","TCGGTGTCAACAGGCA-1","Island"
"Pilot_large_2","TCGTATCGGTCTCCTT-1","All"
"Pilot_large_2","TCGTATGTCGTGCCTA-1","All"
"Pilot_large_2","TCGTCAGAACAGCCAG-1","All"
"Pilot_large_2","TCTACAGCACCGAACC-1","All"
"Pilot_large_2","TCTACATTGGAGTAAT-1","All"
"Pilot_large_2","TCTACCGGTCAATAGC-1","All"
"Pilot_large_2","TCTTACCGCACTGAAT-1","All"
"Pilot_large_2","TCTTACCGGATCCGCT-1","All"
"Pilot_large_2","TCTTGCACGTATGGAC-1","All"
"Pilot_large_2","TGAACCAATGTTGAGC-1","All"
"Pilot_large_2","TGAACGAATCTTAATT-1","Island"
"Pilot_large_2","TGAACGGACATTGAGT-1","Island"
"Pilot_large_2","TGAAGATACAATCTGC-1","All"
"Pilot_large_2","TGACCTCACTCCTTAT-1","All"
"Pilot_large_2","TGACGCTGCAGCTCAT-1","All"
"Pilot_large_2","TGACTCGGCCGACCGA-1","All"
"Pilot_large_2","TGACTTAATGCGTTGG-1","All"
"Pilot_large_2","TGATTCAAGATCGAGC-1","All"
"Pilot_large_2","TGATTCACATGCAGAA-1","All"
"Pilot_large_2","TGCACGGTAGACGGTA-1","Island"
"Pilot_large_2","TGCAGAATCGGAGGCT-1","Island"
"Pilot_large_2","TGCAGTTGTCGGAGCG-1","All"
"Pilot_large_2","TGCATTCACGTGTACT-1","Island"
"Pilot_large_2","TGCCAGTTATGCAGCT-1","Island"
"Pilot_large_2","TGCCGACGATGAACTG-1","Island"
"Pilot_large_2","TGCGAATCCGGCTTGA-1","All"
"Pilot_large_2","TGCGATCGGATTCACT-1","Island"
"Pilot_large_2","TGCGGACGATACGGAC-1","Island"
"Pilot_large_2","TGCGTCCTAAGTTCCA-1","Island"
"Pilot_large_2","TGCTCCTAACGGAAGA-1","All"
"Pilot_large_2","TGCTGTATTAGCGGTC-1","Island"
"Pilot_large_2","TGGAAGTCTGGACTAA-1","Island"
"Pilot_large_2","TGGACTGACGTACCAC-1","All"
"Pilot_large_2","TGGATCGGCCTCCATG-1","All"
"Pilot_large_2","TGGATTAGTACATTGC-1","All"
"Pilot_large_2","TGGCATCGATCAATTG-1","All"
"Pilot_large_2","TGGCATGTTCGAACAG-1","All"
"Pilot_large_2","TGGCCAAGCTGGCACC-1","All"
"Pilot_large_2","TGGCCGTCTATCAGGA-1","All"
"Pilot_large_2","TGGCGACACTCGCATC-1","All"
"Pilot_large_2","TGGCTGGAGTTATTGT-1","Island"
"Pilot_large_2","TGGTACCAATACTTAC-1","All"
"Pilot_large_2","TGGTCATCTAGGTCAT-1","All"
"Pilot_large_2","TGGTGCCGCTGCAACA-1","All"
"Pilot_large_2","TGTAAGTGATCAGACC-1","All"
"Pilot_large_2","TGTACCTGCAGGAACA-1","All"
"Pilot_large_2","TGTATCACGGTGGAAC-1","Island"
"Pilot_large_2","TGTATCGGCGGTCGCA-1","All"
"Pilot_large_2","TGTATGCAGGATTCAC-1","Island"
"Pilot_large_2","TGTCCGATAGTCACAG-1","All"
"Pilot_large_2","TGTTCACTGTCTTCCT-1","All"
"Pilot_large_2","TGTTCGTGACCAGTAG-1","Island"
