gene,p_val,avg_log2FC,pct.1,pct.2,p_val_adj
AXIN2,2.296002940689081e-57,2.979571795291367,0.903,0.306,4.152321318236203e-53
SLC12A2,4.821665145146414e-54,2.2886874423028143,0.953,0.483,8.71998141499729e-50
CD44,1.029381931172255e-51,1.8233509003693509,0.973,0.65,1.861637222525023e-47
S100P,6.548393357663235e-48,2.4487637213146267,0.934,0.439,1.184276938733396e-43
CCND2,6.506279713964217e-42,1.774760659383236,0.911,0.522,1.1766606862704286e-37
ITGA6,9.29316972566527e-41,1.2931746174293932,0.973,0.772,1.6806697448865643e-36
IGFBP2,1.6448551886973859e-40,1.8760129830404295,0.911,0.494,2.9747206087592225e-36
CEMIP,1.1516750715387825e-38,3.5401610108823496,0.703,0.106,2.082804366877888e-34
OLFM4,1.5100236015053021e-37,2.0781114302414094,0.946,0.594,2.730877683322339e-33
GMDS,2.2560985607974625e-37,1.2334241232846015,0.988,0.783,4.080154247202211e-33
RNF43,1.1224617035062575e-36,2.156053966126758,0.819,0.267,2.0299719907910669e-32
ENC1,8.264166225053471e-36,1.5081509313824792,0.924,0.611,1.4945744618009201e-31
GGH,5.371604226514682e-34,2.126543448037678,0.823,0.322,9.714546243651802e-30
MYC,2.3164040613185202e-33,1.8717629578241588,0.839,0.328,4.189216744894544e-29
ETS2,3.478322835509424e-33,1.2584363574217865,0.961,0.717,6.290546848018793e-29
GPX2,4.772350422680446e-33,1.6677233384751573,0.872,0.444,8.630795739417586e-29
SAMD5,1.2043908710297001e-32,2.11149449249126,0.763,0.194,2.1781408902572126e-28
LRATD1,1.4633833531600366e-32,1.2097289231011057,0.967,0.783,2.6465287941899264e-28
FERMT1,2.3226721388842596e-31,1.5546677688529362,0.858,0.456,4.200552563172183e-27
PLCB4,3.58087631609805e-31,1.5661846414122527,0.918,0.528,6.476014817663323e-27
MET,5.7948297005931515e-31,1.9256817720517874,0.804,0.3,1.0479949513522714e-26
ASCL2,6.129123299967886e-31,2.3297693222485165,0.736,0.239,1.1084519487991922e-26
SRPK1,7.470364823021704e-31,1.235401180345605,0.926,0.667,1.3510154782434752e-26
HIST1H1B,1.0058694214629825e-30,1.8696923391801274,0.882,0.522,1.819114848715804e-26
HOXB9,3.0582245674033976e-30,1.3994360059003252,0.911,0.556,5.530799130149044e-26
EPHB2,2.1292584122230928e-29,1.9404419513167794,0.786,0.311,3.8507638385054633e-25
ZNF703,5.210241515577892e-28,1.2540133204750452,0.926,0.578,9.422721780922618e-24
ALDH1B1,6.753028824718035e-28,1.664604006720725,0.823,0.372,1.2212852629502567e-23
NQO1,1.032189899138192e-27,1.2241039768479953,0.94,0.672,1.86671543259142e-23
MYB,1.0475484750263339e-27,1.5592787832299375,0.831,0.367,1.8944914170851248e-23
HELLS,1.0699591733418408e-27,1.8209677510891953,0.808,0.322,1.935021164988719e-23
RETNLB,1.26088222451559e-27,2.2932824728960197,0.672,0.161,2.2803055030364446e-23
SPINK1,1.340661726576438e-27,1.4234760099140036,0.864,0.428,2.4245867325134883e-23
ID1,3.751496470902249e-26,1.0445429811499574,0.973,0.794,6.784581367626717e-22
MACROD1,4.758151677765655e-26,1.7049268786340641,0.786,0.306,8.605117309239187e-22
TRAP1,6.616984376441302e-26,1.4601215980208546,0.812,0.389,1.1966816244794095e-21
MARCKSL1,1.0553927911877573e-24,0.9031100759979558,0.971,0.844,1.908677862863059e-20
MKI67,2.162844708846032e-24,2.036024688651768,0.68,0.233,3.911504655948049e-20
MLEC,4.2275577978319854e-24,0.9920329138776194,0.953,0.711,7.645538277379145e-20
PROX1,2.0321570660093988e-23,2.5196658410256254,0.596,0.139,3.6751560538779975e-19
RACK1,4.4526235074542533e-23,0.9758098151375447,0.948,0.7,8.052569613231017e-19
EIF4A1,4.5990109411600175e-23,0.96739490038387,0.934,0.806,8.317311287087892e-19
MTHFD1,4.827975113209247e-23,1.689143760071913,0.691,0.211,8.731392992238923e-19
KIF13A,6.203682783585942e-23,1.2181550526321006,0.849,0.45,1.1219360314115177e-18
EPHB3,7.103914739592688e-23,2.1838906242047527,0.649,0.194,1.2847429806553376e-18
TPX2,7.860175234867759e-23,2.148537400614991,0.61,0.161,1.4215126912258341e-18
BACE2,1.078902418628433e-22,1.4004842360170322,0.792,0.411,1.951195024089521e-18
PA2G4,1.2769696608124012e-22,1.1620436974736927,0.893,0.6,2.3093996315792276e-18
LCN2,1.4309652208656425e-22,1.2897251922908568,0.946,0.639,2.5879006019355146e-18
TYMS,1.6427917988840452e-22,1.7497488493967015,0.693,0.25,2.9709889682817956e-18
ANXA3,1.788157448069804e-22,1.2663305519411316,0.827,0.439,3.2338827448342404e-18
NKD1,1.9942197314155753e-22,2.667668192821915,0.548,0.117,3.606546384265068e-18
MCM3,2.5103566483590697e-22,1.7013282297741088,0.722,0.294,4.539979998557378e-18
PKM,3.7600550593111224e-22,1.222943281027538,0.866,0.556,6.800059574764165e-18
LRPPRC,6.12849746695616e-22,0.9783156530192834,0.907,0.661,1.1083387668990214e-17
EPHB4,6.4205823800700415e-22,1.4383335613534203,0.689,0.217,1.161162323435667e-17
MECOM,8.737739632130278e-22,1.020745971425841,0.909,0.589,1.580220212470761e-17
NOP16,3.0956137618002663e-21,1.2908294162150393,0.808,0.394,5.598417488215781e-17
EIF3B,3.421681262776136e-21,0.9053844332846479,0.94,0.711,6.188110563730642e-17
ARHGAP8,4.879333184281941e-21,1.298149129277307,0.798,0.367,8.82427406377389e-17
MCM4,7.149332690794791e-21,1.611323139563025,0.701,0.261,1.292956817130238e-16
MCM7,8.687833818233948e-21,1.168030491958945,0.874,0.6,1.5711947460276095e-16
APEX1,9.369702082267133e-21,1.1801285959953691,0.812,0.428,1.694510621578011e-16
ENO1,1.2169091727825075e-20,0.8890518444005728,0.959,0.822,2.200780238977165e-16
ASPH,1.389421996582682e-20,0.8409475286581647,0.948,0.8,2.5127696808197806e-16
CIT,1.7901837375710258e-20,2.822946919984828,0.48,0.078,3.2375472893972003e-16
DEGS2,1.8027837173550417e-20,1.5168904079340964,0.738,0.294,3.260334352836593e-16
SMAGP,6.254542988979432e-20,1.1509674346039305,0.823,0.489,1.1311340995569303e-15
PPP1R1B,7.952337176113409e-20,0.9722903428587784,0.899,0.522,1.43818017830011e-15
CEP55,8.694935451210247e-20,2.9916846838373234,0.449,0.067,1.5724790763513732e-15
TGIF1,1.100950560847599e-19,1.0981411889984216,0.86,0.483,1.991069089292883e-15
HMGB2,1.1345819068204116e-19,1.4098848192000788,0.728,0.306,2.0518913784847142e-15
TK1,1.4700718392089965e-19,1.924271119516401,0.588,0.172,2.6586249212094702e-15
CHCHD2,1.550336460324486e-19,0.8907706614735256,0.944,0.761,2.8037834884968328e-15
HMGA1,2.001539398430951e-19,1.4837034062268468,0.74,0.35,3.619784002062375e-15
LMNB1,3.1233551316620543e-19,1.386817328716801,0.709,0.278,5.6485877556108254e-15
IQGAP3,3.325645771426433e-19,2.1626221590855566,0.505,0.106,6.0144303776247044e-15
CCT6A,4.1632303924890386e-19,1.2483060736697489,0.806,0.456,7.529202164816426e-15
CENPM,5.747700517688242e-19,1.638314495229216,0.674,0.272,1.0394716386239185e-14
TNS4,6.161502962257998e-19,1.944035466614667,0.528,0.122,1.114307810724359e-14
TIMM13,6.228238865699023e-19,0.9749042065362702,0.882,0.611,1.1263769988616682e-14
CCL24,7.341326997857286e-19,1.4261813862520332,0.695,0.294,1.3276789875624902e-14
POLD2,7.671599224099172e-19,1.504454961268038,0.678,0.272,1.3874087196783351e-14
GPSM2,9.729251925867625e-19,1.7350002620236873,0.584,0.161,1.7595352107931598e-14
HMMR,1.1096990494728603e-18,1.9523823763153125,0.584,0.183,2.006890730971668e-14
HOXB8,1.2258588670883281e-18,1.9857810714068518,0.526,0.122,2.2169657611292415e-14
FANCI,1.359191333491878e-18,1.9848636253715233,0.561,0.156,2.4580975266200613e-14
SPC24,1.7733068659122884e-18,2.222039869871108,0.497,0.111,3.207025467002374e-14
CKAP5,1.951976311493261e-18,1.139693772492936,0.814,0.478,3.530149159335563e-14
NCAPG2,2.4092579385201735e-18,1.840802934685465,0.592,0.194,4.357142981813734e-14
JAG1,2.5690724167457086e-18,1.0135997871066624,0.872,0.594,4.646167465684614e-14
DPEP1,2.6083552830626295e-18,1.9443883688087624,0.507,0.111,4.717210529418765e-14
KIFC1,2.627154008124181e-18,2.1040351806369184,0.53,0.139,4.751208023692581e-14
REG4,3.3628806192933602e-18,1.3343773223629132,0.788,0.406,6.081769599992042e-14
KCNQ1,3.4356552466001813e-18,1.4533244126596236,0.619,0.189,6.213382513476428e-14
PRKDC,3.881908013165877e-18,1.241732775313864,0.767,0.4,7.020430641810488e-14
ECT2,4.075260584387355e-18,1.6274471792295293,0.619,0.211,7.370108766864531e-14
ZWINT,4.2158079927279746e-18,1.5617253051499551,0.656,0.244,7.624288754848542e-14
MIF,4.9220138020567134e-18,1.5059912962700852,0.689,0.311,8.901461961019566e-14
GTF2IRD1,6.81419767877531e-18,1.6150246974404172,0.61,0.183,1.2323476502065148e-13
GDF15,7.078372143510424e-18,1.7715791107882137,0.551,0.15,1.2801236021538602e-13
APCDD1,7.542526502005768e-18,2.832091697117076,0.458,0.094,1.364065917887743e-13
CCNB1,7.84631510130879e-18,1.8443447308098224,0.534,0.139,1.4190060860716947e-13
PDZD8,8.187012465802472e-18,1.1544955065141902,0.821,0.494,1.480621204440377e-13
HES6,9.061906706479042e-18,1.4015237428814644,0.742,0.339,1.6388458278667348e-13
PRDX2,9.426598519526317e-18,0.8680821406867251,0.942,0.728,1.7048003422563343e-13
PSMB5,9.875953608558979e-18,1.2512552516856392,0.761,0.422,1.7860662101078912e-13
RHPN1,1.2165306602965902e-17,1.3980411397780577,0.641,0.211,2.2000956991463834e-13
EVPL,1.2348869918627696e-17,1.4311003174893329,0.668,0.256,2.2332931247838188e-13
MSX2,1.64823781256141e-17,2.912742637859158,0.41,0.056,2.98083808401731e-13
PRC1,1.6947730707926283e-17,1.7949762777520406,0.528,0.133,3.0649970985284684e-13
CDK1,2.0753105665998512e-17,2.1250945536118024,0.491,0.117,3.753199159695831e-13
YAP1,2.1184986092590044e-17,1.2692812118296488,0.724,0.356,3.8313047348449094e-13
PLP2,2.1683950579929612e-17,1.3474784503955455,0.682,0.272,3.9215424623802703e-13
NOX1,2.476233978574962e-17,1.5023936024910522,0.641,0.239,4.478269150252819e-13
L1TD1,2.4877677173790117e-17,2.324435397162847,0.485,0.111,4.499127916879943e-13
EPB41L2,2.5057160393035217e-17,0.8279005252047755,0.924,0.672,4.531587457080419e-13
PCNA,2.512231504510234e-17,1.2893111583183563,0.695,0.272,4.543370675906758e-13
MRTO4,2.528356865205582e-17,1.4415687463679967,0.604,0.183,4.572533390724296e-13
SUPT4H1,3.076206046931289e-17,2.2259028602184685,0.46,0.089,5.563318635875236e-13
HJURP,3.85169131215942e-17,2.321260762340884,0.462,0.094,6.965783738040311e-13
NME2,4.274660983559393e-17,1.2874695920541877,0.73,0.394,7.730724388767162e-13
TBX3,6.19047594145579e-17,1.655808251401997,0.602,0.211,1.1195475740122795e-12
CDC20,6.831126322664161e-17,2.1178935751964447,0.435,0.072,1.2354091954538136e-12
SMARCC1,8.099547449902927e-17,0.8497796911814767,0.918,0.733,1.4648031563149444e-12
H2AFX,8.971511263277598e-17,1.5725681753653231,0.647,0.256,1.6224978119637535e-12
CCND1,9.466932708486077e-17,1.081296766848896,0.876,0.606,1.712094780329707e-12
MCM2,1.1482608761399378e-16,1.7970311696038312,0.555,0.167,2.0766297944990774e-12
EZH2,1.3288707689854948e-16,1.4563913331934826,0.66,0.272,2.4032627857102675e-12
TUFM,1.6397270030880186e-16,0.7610171136523576,0.946,0.75,2.9654462850846814e-12
AHCY,1.7660615121945274e-16,1.3622708484753945,0.664,0.3,3.1939222448038027e-12
CENPE,1.7683106592901939e-16,1.92515319384658,0.433,0.078,3.1979898273263155e-12
SSRP1,1.9966035203426311e-16,0.9459513635549054,0.843,0.589,3.6108574665396484e-12
ZNRF3,2.6360090024032127e-16,1.7317040418294514,0.555,0.178,4.7672222808462105e-12
FASN,3.291473820361802e-16,1.2211482579736304,0.755,0.439,5.952630404124319e-12
MCCC2,3.9973394477023846e-16,1.1238141105839075,0.746,0.344,7.229188391169763e-12
CHD7,4.215228062527492e-16,1.3368186129597046,0.66,0.261,7.62323995108097e-12
PSMG3,4.555204607199284e-16,1.1271839921787867,0.784,0.428,8.238087532119906e-12
RGMB,5.181714663875516e-16,1.721638276548585,0.658,0.294,9.371130969618872e-12
EIF4EBP1,5.318165912071895e-16,1.5418096747572472,0.592,0.211,9.617903051982021e-12
GGCT,6.13651811080853e-16,1.4012003010422986,0.645,0.261,1.1097893003397227e-11
CD46,6.166219830173239e-16,0.8922338542982831,0.885,0.611,1.1151608562868303e-11
CENPF,6.335423968177372e-16,1.8236696390812672,0.46,0.094,1.1457614246448777e-11
SOX4,6.715960996875729e-16,0.8653166322722489,0.897,0.589,1.2145815462849756e-11
SNRPB,6.904829540333048e-16,0.9371419506529046,0.849,0.594,1.2487384223692316e-11
CDK4,8.916265813055274e-16,1.0999534271532694,0.746,0.361,1.6125066722910462e-11
YBX3,8.942508337032787e-16,0.7056245383608564,0.944,0.783,1.6172526327523794e-11
ARID5B,9.258483121718675e-16,0.9985156655392442,0.812,0.489,1.6743966725628224e-11
SEMA3F,1.0219696671295087e-15,1.7068136101246607,0.553,0.189,1.8482321430037164e-11
HSPD1,1.140824303275599e-15,1.3505345405564455,0.637,0.267,2.063180752473921e-11
C19orf48,1.2552701066719463e-15,1.5906278784752135,0.581,0.211,2.270155987916215e-11
GLCE,1.2635925242826677e-15,1.0394104655461132,0.821,0.522,2.2852070801652045e-11
SOX9,1.288391900450146e-15,1.3565836731417564,0.61,0.206,2.330056751964089e-11
CERS6,1.295558025812471e-15,1.0136209920117225,0.798,0.439,2.3430166896818537e-11
CDCA2,1.3725996106336893e-15,2.3675635779386743,0.398,0.067,2.4823463958310272e-11
TOP1MT,1.4009432125137306e-15,1.7715182139406547,0.499,0.133,2.533605799831082e-11
CADPS,1.445654925259933e-15,1.9080284234961318,0.489,0.128,2.614466932332589e-11
SHMT1,1.451024080906894e-15,1.2290906698647954,0.629,0.222,2.6241770503201178e-11
HSPE1,1.6408460910553024e-15,1.0134486720676554,0.819,0.467,2.9674701556735145e-11
KANK1,2.026683136967864e-15,1.2751651314337424,0.701,0.317,3.6652564532063816e-11
NME1,2.1834376410156323e-15,1.3441673264684044,0.598,0.228,3.948746973776771e-11
HSDL2,2.280630843506444e-15,1.0896392146864406,0.779,0.422,4.124520880481404e-11
ATIC,2.3027182294679713e-15,1.1553182205787844,0.709,0.339,4.164465917992826e-11
CENPW,2.36606913413224e-15,2.005995500426109,0.452,0.1,4.2790360290781556e-11
TOP2A,2.6022163260090247e-15,1.8247604050837323,0.515,0.161,4.706108225587321e-11
CDH3,2.6886402392460712e-15,3.0610004504216617,0.353,0.044,4.8624058726765196e-11
HSP90AB1,2.83577514796203e-15,0.9391094710625272,0.845,0.567,5.1284993550893315e-11
NFIX,2.864453950079078e-15,1.0982557865116802,0.779,0.433,5.180364968718013e-11
NUSAP1,2.9617251709697875e-15,1.8162214151158464,0.495,0.144,5.356279971698861e-11
UBE2T,2.9738966241010716e-15,2.2546988914066137,0.41,0.072,5.378292044686788e-11
LBR,3.09146993054344e-15,1.0373579006809064,0.761,0.406,5.590923369387811e-11
CCNB2,3.717516852644653e-15,2.615976844301901,0.361,0.044,6.723129228007855e-11
NTMT1,3.7898213076506976e-15,1.232575476250436,0.699,0.322,6.853891834886287e-11
JPH1,3.856324926664967e-15,2.1709022434921197,0.421,0.083,6.974163629873593e-11
NDUFA4,4.026626642749028e-15,0.8700965513263894,0.87,0.622,7.282154283411617e-11
IDH2,4.121945453301067e-15,1.082900980550619,0.763,0.417,7.45453835229498e-11
ILF3,4.352135629801989e-15,0.8265179894294303,0.86,0.6,7.870837286496897e-11
VWA2,4.7655118971466626e-15,1.5207570509789885,0.548,0.178,8.618428265989739e-11
SNORC,4.943100668813648e-15,1.135960330146255,0.697,0.322,8.939597559549483e-11
KDM1A,5.154442736714557e-15,1.110933306963415,0.74,0.372,9.321809689348277e-11
NCL,5.4655812811233984e-15,1.0396240953361706,0.798,0.528,9.884503746911666e-11
CDH24,5.866313438748886e-15,2.000373169125477,0.431,0.089,1.0609227853977361e-10
MYBL2,5.886260139557865e-15,1.7440030902693937,0.511,0.156,1.0645301462390399e-10
SNRPF,7.07994583728565e-15,1.2828427956456696,0.602,0.228,1.2804082046731097e-10
HIST1H1D,7.713192829838232e-15,1.3155032778249867,0.753,0.394,1.3949309232762443e-10
DLGAP5,7.777983718581516e-15,2.598012390216232,0.355,0.044,1.4066483555054672e-10
GALNT8,8.037132674906077e-15,1.6788601645579226,0.511,0.156,1.453515444256764e-10
FBL,8.081503524859591e-15,1.2820481071972076,0.654,0.272,1.461539912470857e-10
TMEM63A,8.460829610614933e-15,0.8181031491288826,0.928,0.672,1.5301410350797107e-10
APRT,8.533473852778693e-15,0.7765612961383016,0.897,0.611,1.5432787462750268e-10
TAF1D,1.0100352329855396e-14,1.172671286572985,0.711,0.406,1.8266487188543483e-10
NDUFAF8,1.0592234352714342e-14,1.0365329077929655,0.794,0.483,1.9156055826883888e-10
PLK1,1.3167621805384258e-14,2.0082652738492426,0.485,0.15,2.381364403503743e-10
KIF23,1.4988610545223886e-14,1.5818498168440218,0.474,0.122,2.7106902171037397e-10
ASRGL1,1.6083163661082444e-14,1.5491179686295888,0.544,0.178,2.90864014810676e-10
NENF,1.6164565895388025e-14,0.9645565958193585,0.769,0.433,2.9233617421809245e-10
KIAA1324,1.7032625576157208e-14,1.2706804454375393,0.724,0.367,3.080350335448031e-10
BRIX1,1.7188475009315053e-14,1.356690531211648,0.573,0.194,3.1085357054346273e-10
TOMM5,1.8807882745798936e-14,1.1019422494779352,0.734,0.372,3.4014055945777374e-10
HOXB6,1.9114283702814822e-14,0.7100454490566568,0.938,0.761,3.4568182076540607e-10
FAT1,1.933544334238688e-14,0.8168181309095837,0.911,0.739,3.4968149284706674e-10
TP53,2.0259686965225484e-14,1.1084672411887437,0.724,0.378,3.6639643876610286e-10
PRDX5,2.1382661788511897e-14,1.0115145178209732,0.786,0.456,3.867054384452377e-10
TRIP13,2.2257224867558047e-14,2.3353302231538864,0.384,0.072,4.025219117297873e-10
RPF2,2.3292880413985592e-14,1.437234591001276,0.53,0.167,4.212517422869294e-10
SORD,2.6950239531560336e-14,1.3723724080221402,0.586,0.217,4.873950819282686e-10
SMC2,2.913937336057362e-14,1.3893311008109406,0.546,0.183,5.269855672259739e-10
WDR90,2.983101200900568e-14,1.3933781476160088,0.602,0.239,5.394938521828677e-10
AGR2,3.160587756935312e-14,0.747725408811498,0.87,0.583,5.715922958417512e-10
SPAG5,3.1950928778423085e-14,1.6649403283585311,0.495,0.15,5.778325469577815e-10
CXCL3,3.979032541066857e-14,1.6365398985567294,0.489,0.144,7.196080350519411e-10
NHP2,4.0453401429245056e-14,1.2229227514952543,0.664,0.311,7.315997648478968e-10
HSP90AA1,4.124005226511518e-14,0.6971205997808474,0.938,0.783,7.45826345214608e-10
PGD,4.4938583896878195e-14,0.9183073985524147,0.827,0.489,8.127142897750422e-10
BANF1,4.6537662558793523e-14,0.919835990832344,0.806,0.472,8.416336273757808e-10
KPNA2,4.9342949147037766e-14,1.4462851048681646,0.536,0.189,8.92367235324178e-10
HACD3,4.9812113809555115e-14,1.4013781379865589,0.526,0.167,9.008520782458043e-10
LDHB,5.921494562123461e-14,2.019781329378966,0.41,0.089,1.0709022915600279e-9
RRM2,5.956029320036912e-14,2.3717565212786726,0.357,0.056,1.0771479025286755e-9
ASPM,6.101382921317534e-14,2.4451127742794285,0.34,0.044,1.103435101320276e-9
QPCT,6.101574556584662e-14,1.935476866899674,0.4,0.078,1.1034697585583362e-9
CLUH,6.752610354771971e-14,0.8607150751863681,0.837,0.561,1.221209582660511e-9
SMAD6,6.880251282040664e-14,1.070992935180903,0.66,0.278,1.2442934443570542e-9
PUS7,6.886333537299308e-14,1.667806839173536,0.497,0.156,1.2453934202205798e-9
CCDC88B,8.103302504631862e-14,1.1023244250317554,0.825,0.489,1.4654822579626723e-9
NOA1,8.707954090195664e-14,1.2883652997464092,0.596,0.228,1.5748334972118857e-9
SLC39A8,8.809153727218376e-14,1.0088356984725901,0.705,0.361,1.5931354515674433e-9
HDGF,9.126400835567748e-14,0.7616248063244909,0.918,0.744,1.6505095911124272e-9
DKC1,9.628717698419857e-14,1.1640083821037832,0.629,0.256,1.7413535957592312e-9
PHB,1.0278614992276622e-13,0.9207642763360375,0.796,0.483,1.858887521353227e-9
WDR43,1.0786217986458308e-13,1.1323076598789386,0.625,0.244,1.9506875228509852e-9
C1QBP,1.1750953928388257e-13,1.5484436300677804,0.495,0.156,2.1251600179490162e-9
PGM2L1,1.1869811299701502e-13,1.183832659406451,0.654,0.283,2.146655373551017e-9
REXO2,1.2297382098358356e-13,0.8234327128266818,0.858,0.6,2.2239815524881085e-9
LSM5,1.2904516182873776e-13,1.0751972303325847,0.732,0.361,2.3337817516727225e-9
FANCA,1.4938893807231366e-13,1.678290333317098,0.48,0.144,2.7016989450377927e-9
HIST1H1E,1.5363033660626256e-13,1.1283490188585432,0.786,0.506,2.7784046375242586e-9
DTYMK,1.7754732719780695e-13,1.7481852118509527,0.476,0.156,3.210943412372339e-9
FHDC1,1.8282150135056554e-13,1.1307654055135958,0.664,0.311,3.306326851924978e-9
ASF1B,1.9717904902213197e-13,1.5834925178377885,0.518,0.183,3.5659831015652568e-9
DMAC1,1.976056981800083e-13,1.2952617628817347,0.592,0.233,3.57369905158545e-9
PDHA1,1.9974168504194888e-13,0.5888174641428665,0.957,0.817,3.6123283739836456e-9
ALDH1A1,2.007867974408886e-13,1.1225124100662667,0.742,0.428,3.63122923171847e-9
BIN1,2.2472647862918923e-13,1.0776716933387935,0.614,0.228,4.064178366008887e-9
WDR34,2.2588367010649506e-13,1.2297730426642786,0.652,0.294,4.0851061738759635e-9
PHKA1,2.2600376760448498e-13,2.0983068010609838,0.371,0.067,4.087278137127111e-9
PYCR1,2.4251425154662567e-13,1.4498625149453621,0.493,0.15,4.385870239220725e-9
PTGES2,2.446706927142161e-13,0.7510706006292677,0.897,0.672,4.424869477736598e-9
REPIN1,2.517811544441963e-13,0.8884311342179594,0.827,0.539,4.55346217812329e-9
NOB1,2.771265442478429e-13,1.0797739102362316,0.652,0.278,5.0118335527222385e-9
CPNE7,2.815598036091746e-13,1.9373900641345987,0.404,0.094,5.092009048271923e-9
LRP11,3.048235427167414e-13,1.3382237598209386,0.544,0.194,5.512733770032268e-9
TMEM147,3.232380526168057e-13,1.220542633730669,0.608,0.244,5.845760181574931e-9
HNRNPA0,3.3299506275047116e-13,0.6345797212265152,0.946,0.75,6.022215709842271e-9
ZBTB18,3.538513208075004e-13,1.2514016750788857,0.584,0.228,6.399401136803645e-9
ACTN1,3.6613656171317496e-13,0.8066658735203166,0.854,0.561,6.621579718582769e-9
CLDN2,3.6975616847222624e-13,2.480540895235481,0.334,0.05,6.687040306820212e-9
JPT2,3.985588157793425e-13,1.0882211654931349,0.705,0.367,7.207936183369409e-9
NOP14,4.866238041991908e-13,1.0485756870830119,0.713,0.378,8.800591498942366e-9
ANLN,4.888536188155278e-13,1.8643735825578847,0.425,0.111,8.84091769627882e-9
RUVBL1,4.96196050231083e-13,1.4848922554593547,0.491,0.15,8.973705568429135e-9
LARS2,5.079573762174057e-13,1.2894877744806352,0.575,0.233,9.186409148891782e-9
DUOX2,5.422026855815655e-13,0.9094822976636405,0.843,0.517,9.805735568742612e-9
CMSS1,5.441007030518392e-13,2.2163340154629285,0.365,0.072,9.840061214692513e-9
RARG,5.64575658595848e-13,1.922298179257615,0.384,0.083,1.0210350785705911e-8
SH3BP4,5.682194700010277e-13,1.0916311234846046,0.625,0.261,1.0276249114968586e-8
TBRG4,6.070976124901436e-13,0.818308906679145,0.827,0.567,1.0979360321884249e-8
METTL26,6.194424401028481e-13,0.950495759864839,0.775,0.478,1.1202616529260008e-8
FBP1,6.533085840116998e-13,1.0512347485864597,0.666,0.311,1.181508574185159e-8
LMNB2,6.54620402013917e-13,1.030024412222671,0.775,0.483,1.1838809970421689e-8
GPI,6.634223909267705e-13,1.1882929645582363,0.577,0.211,1.1997993939910643e-8
SSX2IP,6.837591599328307e-13,2.8690157231478874,0.291,0.028,1.2365784407385243e-8
STAMBPL1,7.103301033831829e-13,0.8814630490992119,0.773,0.444,1.2846319919684863e-8
NIPSNAP2,7.3932323587013e-13,1.0279858385890737,0.685,0.339,1.3370660720711301e-8
KIF11,8.150185840314845e-13,2.268816725641661,0.353,0.067,1.4739611092209396e-8
SMC4,8.469600764862234e-13,0.951351612986052,0.79,0.511,1.531727298325335e-8
SMAD9,8.930474318529726e-13,1.8810513435656024,0.41,0.106,1.615076280506101e-8
FAM111B,9.436255117971266e-13,1.981242510606184,0.386,0.089,1.7065467380851035e-8
PDCD11,9.711961460150331e-13,1.2599869429188697,0.559,0.211,1.7564082300681874e-8
GINS2,1.030520455520246e-12,2.578677566107088,0.324,0.05,1.8636962438083648e-8
CDCA8,1.1347434571636988e-12,1.7231914284615815,0.443,0.133,2.0521835422805492e-8
SLC29A2,1.1743026209542944e-12,1.613797857744005,0.441,0.122,2.1237262899958416e-8
ANKRD22,1.1853494622859752e-12,1.3708501327614577,0.526,0.194,2.1437045025441862e-8
SERPINB5,1.2309305740117413e-12,2.4238892578311915,0.355,0.072,2.226137943100234e-8
LGR5,1.3138486181126999e-12,2.199108398669972,0.419,0.122,2.3760952258568177e-8
BCCIP,1.3373849567282083e-12,1.3906879069780294,0.499,0.167,2.4186606942429646e-8
ADAT2,1.4038262921442356e-12,1.0701954136791978,0.61,0.25,2.53881984934285e-8
NEBL,1.4166654476327867e-12,1.6565992123300965,0.41,0.1,2.5620394620438945e-8
CDCA3,1.4809679027548011e-12,1.8763284305146821,0.371,0.078,2.678330452132058e-8
NDC80,1.493283950781019e-12,1.8987876821967204,0.388,0.089,2.700604024987473e-8
RRP9,1.5149876144761313e-12,1.5140803694664515,0.439,0.122,2.7398551007800834e-8
VARS,1.5290072763565215e-12,0.8623023469494344,0.753,0.433,2.765209659290769e-8
PRPF40A,1.5551254608237523e-12,0.5898647680445026,0.918,0.761,2.812444395899756e-8
CDC6,1.5585750043223898e-12,1.9747770042564075,0.34,0.056,2.818682895317042e-8
MSLN,1.5760360956407715e-12,2.488584727308701,0.381,0.094,2.8502612789663352e-8
RRM1,1.5921697433921048e-12,1.4521975576768775,0.509,0.183,2.8794389809246213e-8
KNTC1,1.6557032498684986e-12,1.6207544155874847,0.427,0.122,2.99433932738718e-8
HDAC2,1.7367915260003437e-12,1.0478316347157968,0.67,0.317,3.140987474771622e-8
SLC25A6,1.7420148110228036e-12,0.6358795301215405,0.965,0.8,3.15043378573474e-8
KIF5B,1.759171847050172e-12,0.6192107628964592,0.948,0.844,3.181462285390236e-8
KNSTRN,1.8789566563150615e-12,1.9442626743839955,0.375,0.083,3.398093112945789e-8
LIG1,1.8913037443366134e-12,1.2264194256975742,0.588,0.256,3.4204228216327655e-8
KLK11,1.9357602146723503e-12,2.7164488267360754,0.318,0.05,3.5008223482349456e-8
KCNE3,2.2122438646843058e-12,1.1889411876908356,0.631,0.272,4.000843029281567e-8
TSPO,2.2594609477215806e-12,0.586642610708626,0.955,0.811,4.0862351239544784e-8
NCAPG,2.2620950210082043e-12,2.003958478470486,0.375,0.083,4.090998845493337e-8
EMP2,2.287983941823172e-12,0.9456882568526984,0.536,0.172,4.137818958787207e-8
YBX1,2.6117577996862208e-12,0.7375230824891533,0.845,0.65,4.7233639807325305e-8
GOLIM4,2.9466872616829607e-12,0.778360617943733,0.839,0.617,5.3290839127536344e-8
IMPDH2,3.106700739390874e-12,1.11607054586259,0.575,0.228,5.6184682871883955e-8
CDC42EP1,3.135205814430199e-12,1.048353755932232,0.736,0.411,5.6700197153970147e-8
COPG2,3.313249136513862e-12,1.2406425642668906,0.553,0.206,5.992011063385319e-8
RABL6,3.4669178213458443e-12,0.5435800581843788,0.944,0.822,6.26992087990396e-8
RASAL1,3.4750436701580924e-12,1.5724147671266415,0.412,0.111,6.28461647748091e-8
CD47,3.931597234164897e-12,0.755482029249531,0.835,0.567,7.110293597987216e-8
PTMS,4.084320845611671e-12,0.8713940178923272,0.784,0.45,7.386494249288708e-8
CDCA7,4.28116841251686e-12,1.612313340751021,0.386,0.089,7.742493074036742e-8
MLXIPL,4.348302856302047e-12,2.367556619180743,0.311,0.044,7.863905715622251e-8
FOXQ1,4.366861361658951e-12,1.8588925034235402,0.421,0.122,7.897468772560213e-8
NDC1,4.499672106904034e-12,1.4283824378386698,0.454,0.133,8.137657005335947e-8
SNU13,4.506323787539146e-12,0.79517746851838,0.814,0.517,8.149686569764546e-8
CDC25B,4.506712373132087e-12,0.9877132711759067,0.666,0.328,8.150389326809378e-8
NUTF2,4.572876657044087e-12,0.9348964594383683,0.734,0.383,8.27004743426423e-8
BCL11A,4.615127376621164e-12,1.0978576672190539,0.606,0.267,8.346457860619376e-8
TNFRSF12A,4.784477969162165e-12,1.2695306202792793,0.569,0.239,8.652728407229776e-8
TRAF5,4.908505626636445e-12,0.986793873940594,0.713,0.35,8.877032425772011e-8
ATP5MC1,5.063740146874198e-12,0.8085291576999458,0.794,0.483,9.157774055621987e-8
SMARCA4,5.306766012885389e-12,0.8592293128912023,0.757,0.461,9.597286334303225e-8
PHB2,5.658966006558866e-12,0.93803391748504406,0.773,0.439,1.0234240022861709e-7
RUVBL2,5.87537265071848e-12,1.191460555631155,0.608,0.267,1.0625611438824372e-7
PREP,5.910321067660196e-12,0.8499965161552465,0.784,0.456,1.0688815650863465e-7
SNRNP40,5.9457049677066605e-12,1.2526145170837524,0.594,0.267,1.0752807434097495e-7
CD320,6.073497001768767e-12,0.9655905879123843,0.728,0.383,1.0983919327698816e-7
EMC9,6.402004540743691e-12,1.2032880557472623,0.507,0.172,1.1578025211934965e-7
UHRF1,6.439891551470114e-12,1.6915408555151938,0.423,0.122,1.1646543870833701e-7
KIF9,6.574183952168816e-12,1.7574595961397401,0.379,0.094,1.1889411677497304e-7
SPINK4,6.598487940662238e-12,1.274595975051085,0.697,0.394,1.1933365440687658e-7
PPM1H,7.020768234960058e-12,1.8821369582854,0.363,0.083,1.2697059352925264e-7
ELAVL1,7.540474355960765e-12,0.8268629784083588,0.827,0.556,1.3636947872755044e-7
SLC25A39,7.680611665171606e-12,0.6329280308523781,0.922,0.75,1.389038619646285e-7
SMTN,7.792676049379535e-12,0.9010676929931509,0.819,0.539,1.409305463530289e-7
HSPA8,8.013792901470091e-12,0.8457422742658993,0.847,0.7,1.449294446230866e-7
IARS,8.596442093423537e-12,1.3072306218354606,0.485,0.161,1.5546665525956466e-7
HSF4,8.64064380721042e-12,0.9909608057690314,0.606,0.25,1.5626604325340047e-7
H2AFZ,8.968630016533356e-12,1.2447151744884182,0.503,0.178,1.6219767384900575e-7
EBNA1BP2,9.383390008988097e-12,0.9457934864290161,0.718,0.4,1.6969860831254973e-7
CCNA2,9.566700393134006e-12,1.5694367129493534,0.454,0.144,1.730137766098285e-7
GRAMD1A,1.0026723402986725e-11,1.229165959385109,0.544,0.217,1.8133329274301492e-7
RRP1,1.0245753416340849e-11,1.5691380421026235,0.441,0.139,1.8529445053452425e-7
NCAPD3,1.1132996617540824e-11,1.0254327256695557,0.581,0.233,2.013402438282258e-7
AMOT,1.1141773899532725e-11,1.8112797572338581,0.359,0.078,2.0149898097304932e-7
ITGA2,1.1160408087275044e-11,1.1512392851060842,0.569,0.222,2.0183598025836918e-7
POLR3K,1.1200537999759145e-11,1.5214023108203436,0.435,0.133,2.0256172972564413e-7
TPGS2,1.1672341327812009e-11,1.0281387428255604,0.67,0.356,2.110942929134802e-7
DTL,1.1919176324785464e-11,2.111658687043522,0.336,0.067,2.155583038337451e-7
DUS1L,1.1932294536406848e-11,0.6413040926963249,0.889,0.65,2.1579554669091784e-7
TRIP6,1.2201590824543581e-11,0.8048941877831373,0.711,0.378,2.2066577006187066e-7
GTPBP4,1.3473467560316527e-11,1.148595362277706,0.577,0.25,2.4366766082832436e-7
CRLS1,1.3661289389195744e-11,0.9400556584617253,0.693,0.361,2.47064418603605e-7
HSD17B10,1.3885036274619642e-11,0.8551257412105011,0.697,0.344,2.5111088102649625e-7
HSD17B4,1.408055570825928e-11,0.6778475042166086,0.903,0.683,2.546468499838691e-7
RBFA,1.457078872966942e-11,1.0723219291527757,0.538,0.194,2.635127141760714e-7
PKMYT1,1.5382637445097212e-11,1.7198349792740693,0.384,0.094,2.7819499819458306e-7
DCTD,1.651324454007887e-11,0.8791506123129934,0.72,0.389,2.986420275073264e-7
TOMM40,1.6541442101364477e-11,0.8625892120613654,0.755,0.417,2.991519804031766e-7
EPHA1,1.7167066572614057e-11,1.369383874155801,0.499,0.178,3.104663989657252e-7
ID4,1.7596770257404434e-11,1.524694950016328,0.433,0.133,3.182375901051592e-7
ABHD11,1.9000769026533495e-11,0.9120383402533843,0.769,0.483,3.4362890784485826e-7
CTPS1,2.0270230942695983e-11,1.6743580402664668,0.408,0.122,3.6658712659865685e-7
TTPA,2.2019160659008786e-11,1.768018621163189,0.369,0.089,3.982165205181739e-7
WDR77,2.235746285466296e-11,1.0430329021232667,0.668,0.339,4.0433471572657965e-7
TNFRSF11A,2.283920208942064e-11,0.9450552063326412,0.643,0.311,4.130469697871723e-7
NUF2,2.297293681101035e-11,2.4175716974979133,0.307,0.056,4.154655622271222e-7
HOXA7,2.330100532589006e-11,1.3551827445248847,0.435,0.128,4.2139868131872175e-7
TP53I11,2.3863403739428248e-11,1.0333723455325545,0.643,0.311,4.3156965662755984e-7
TRIM16,2.4237341306861908e-11,1.0109395662412775,0.563,0.222,4.383323175345976e-7
PCCB,2.4554296519386775e-11,1.1676553457490284,0.551,0.228,4.4406445255310984e-7
LIPG,2.4596247962633906e-11,1.8437180012761623,0.373,0.094,4.448231444042342e-7
TKT,2.513933476983143e-11,1.148531517899392,0.563,0.239,4.5464486931240145e-7
IL17RB,2.5390304912161733e-11,2.0122790770775723,0.33,0.067,4.5918366433644494e-7
ILF2,2.5779990602325413e-11,1.0450973642920607,0.625,0.3,4.662311300430551e-7
CDT1,2.8583235284309282e-11,1.4597350424208313,0.4,0.117,5.169278101167334e-7
PRPF19,2.945693782036986e-11,1.301933595633137,0.495,0.178,5.327287204813889e-7
CHTF18,2.9491734023787775e-11,1.7894419421352055,0.396,0.111,5.333580098202019e-7
PLA2G12A,2.9828524342025047e-11,0.7443378452355234,0.804,0.489,5.39448862725523e-7
DDAH1,3.076572404475036e-11,0.7963347852812634,0.821,0.578,5.563981193493103e-7
USP1,3.1886635927587183e-11,0.9182911199259731,0.652,0.328,5.766698107504142e-7
SET,3.3975819668577796e-11,0.8453056745611972,0.74,0.45,6.144526987062294e-7
TRIM2,3.642908189323648e-11,0.67985000848592,0.862,0.6,6.588199460391817e-7
MIPEP,3.7260210105116943e-11,1.258732263213731,0.495,0.178,6.7385089975104e-7
SHCBP1,3.8431926440291034e-11,1.5476999229583108,0.379,0.094,6.950413896726634e-7
ATRAID,4.0222397532565366e-11,0.8765525191747034,0.649,0.289,7.274220593764446e-7
BUD23,4.157739879664443e-11,0.909912089314526,0.682,0.35,7.519272572373145e-7
LRP8,4.51329119209858e-11,2.0098638740494024,0.334,0.072,8.162287120910282e-7
GALNT6,4.608683879113401e-11,1.1814642914964286,0.522,0.194,8.334804795376586e-7
HMGCS2,4.6113184813713064e-11,0.6570921063524846,0.965,0.844,8.339569473560007e-7
PHF19,4.98458507331174e-11,1.1349307876001509,0.561,0.233,9.014622105084281e-7
PNPO,5.622090378003984e-11,0.8640712292695711,0.623,0.278,1.0167550448620205e-6
NARS,5.652613886122998e-11,0.6154137778627343,0.915,0.722,1.0222752213053443e-6
MUC5B,5.66124181102109e-11,1.170450050003325,0.511,0.206,1.0238355815231642e-6
TTLL3,6.045264244092133e-11,0.7544562474268046,0.858,0.611,1.0932860385440623e-6
AURKB,6.257559511835958e-11,1.5585736697844013,0.398,0.117,1.131679637715533e-6
MMP7,6.3102794082273e-11,3.12602102764002,0.299,0.056,1.1412140309779072e-6
TMTC2,6.459174772588499e-11,0.9258805978986516,0.555,0.217,1.16814175762263e-6
KCNN4,6.626218847069859e-11,1.0842941421009513,0.569,0.25,1.198351678492584e-6
TBC1D16,7.055650452485314e-11,1.172136350470934,0.581,0.261,1.276014384331969e-6
HIBADH,7.108408845855566e-11,0.9681699571931354,0.66,0.328,1.285555739772979e-6
MLPH,7.684841329014869e-11,0.600563995508526,0.959,0.828,1.389803554352339e-6
PHLDA1,7.838284761603063e-11,1.134295314259332,0.598,0.272,1.4175537991359138e-6
CUX1,7.996184146718725e-11,0.6053432573508915,0.895,0.722,1.4461099029340814e-6
CNPY2,8.077569604004004e-11,0.7535368590371758,0.757,0.45,1.460828462884124e-6
PSMB1,8.087390409624053e-11,0.6550023226811043,0.872,0.661,1.46260455558051e-6
ALDH7A1,8.218523467737113e-11,1.2029828874545188,0.474,0.161,1.4863199691402568e-6
SPC25,8.478122574044277e-11,2.1027929789748394,0.324,0.072,1.5332684675159075e-6
ATP5MF,8.503477256353509e-11,0.7749867622390224,0.746,0.439,1.537853861811532e-6
RAB23,9.181815366974228e-11,1.5115866867092018,0.441,0.156,1.660531309117289e-6
BORA,9.296988518452588e-11,1.5172973573486326,0.408,0.122,1.6813603735621506e-6
EPRS,9.330753696001228e-11,0.8118568997264384,0.777,0.517,1.6874668059218223e-6
STOML2,9.458463403218377e-11,0.9354049153364559,0.625,0.294,1.7105631064720436e-6
MCM5,9.488978077275205e-11,1.0850435211067468,0.567,0.244,1.7160816852752208e-6
PCBD1,9.684159352641452e-11,1.0044088295207285,0.631,0.306,1.7513802189252066e-6
ALCAM,9.721174294016779e-11,0.9198423795761985,0.645,0.306,1.7580743710729345e-6
ZDHHC4,9.760398601320957e-11,1.2273656807565543,0.507,0.194,1.7651680870488952e-6
RBBP7,1.0003299532386443e-10,0.9426351291158029,0.625,0.289,1.8090967204320882e-6
RECQL4,1.0056147864941618e-10,1.7433330761478638,0.363,0.094,1.8186543413746915e-6
THUMPD3,1.0084803777046424e-10,1.129841039875664,0.441,0.139,1.8238367630788457e-6
PLEKHS1,1.0613992750040776e-10,1.521651512710944,0.394,0.111,1.919540588844874e-6
ATOH8,1.0871455560765581e-10,1.391089860575275,0.419,0.128,1.9661027381644554e-6
TACC3,1.1218900736034833e-10,1.0698118043690013,0.61,0.306,2.0289381981118994e-6
CCT4,1.1502501160802196e-10,1.52685082313801,0.406,0.122,2.080227334931077e-6
STXBP6,1.1601724252842258e-10,1.0564438956911986,0.569,0.25,2.0981718311265222e-6
NOP56,1.187377823914952e-10,0.8477051364166119,0.724,0.428,2.1473727945501904e-6
KIF4A,1.1970226892807687e-10,2.3392401153202655,0.274,0.039,2.1648155335642704e-6
GRIN2B,1.20897437173567e-10,2.2725461695354783,0.28,0.044,2.186430151283959e-6
ITGB4,1.2787704317513844e-10,0.49594794311874923,0.938,0.811,2.3126563258223785e-6
PSPH,1.294863807572117e-10,1.4844073938658608,0.41,0.128,2.3417611959941733e-6
CCNI2,1.2973047746184602e-10,1.2832161372598343,0.454,0.156,2.346175684897485e-6
KRT80,1.3133222088329579e-10,2.485829273354132,0.262,0.033,2.3751432146744044e-6
TSN,1.329626885700623e-10,0.9032153342909823,0.699,0.389,2.4046302227895765e-6
LTA4H,1.3456678533571237e-10,0.6895156540134918,0.81,0.506,2.4336403127963583e-6
ADGRG1,1.363135067393531e-10,0.8599712099330974,0.732,0.411,2.465229769381201e-6
NDUFAB1,1.37246559371884e-10,0.7197955276871535,0.819,0.539,2.482104026240522e-6
DEK,1.393164314513288e-10,0.8616336944128464,0.73,0.428,2.5195376627972814e-6
TCOF1,1.444016730448199e-10,0.9929082698638381,0.551,0.233,2.6115042570155676e-6
UGT8,1.462492663718376e-10,0.8926359314870568,0.738,0.478,2.644917982334683e-6
CCT2,1.4638885808944125e-10,1.2017131614685344,0.421,0.122,2.647442498547545e-6
GRSF1,1.484644801961113e-10,0.6445047862087198,0.864,0.644,2.6849801243466732e-6
KARS,1.499866615636191e-10,0.9742620196336743,0.518,0.2,2.7125087743780513e-6
TCF19,1.5206472226226337e-10,2.001248195870085,0.322,0.072,2.750090502113033e-6
CXCL2,1.5483984078297147e-10,1.9699540647253198,0.332,0.078,2.800278520560039e-6
CDK2,1.5826269934005492e-10,1.3462584952305203,0.41,0.128,2.8621809175648935e-6
MICOS10,1.589262803955099e-10,0.5875105419440574,0.901,0.744,2.8741817809527968e-6
COPZ1,1.6057168180437406e-10,0.7311254048245163,0.804,0.483,2.9039388654321047e-6
TMEM141,1.6492639865093176e-10,0.5467847831721282,0.944,0.833,2.982693919602101e-6
MSI2,1.7017177950323264e-10,0.7972947253744469,0.777,0.478,3.077556632315962e-6
NOP2,1.7662483381598035e-10,0.96821320361443175,0.619,0.306,3.1942601195620046e-6
NARS2,1.816447435066128e-10,1.177213332870904,0.501,0.194,3.2850451863170924e-6
SDC3,1.8382033866034208e-10,0.8794298635069905,0.641,0.294,3.3243908246722863e-6
PPP1R9A,1.9141536263365767e-10,0.9560910605359492,0.513,0.189,3.461746833229699e-6
KCTD3,1.9400543591579274e-10,0.8105975988613293,0.724,0.439,3.5085883085371117e-6
HOXB5,2.0429944758562744e-10,0.8409204159586041,0.728,0.406,3.6947555095860723e-6
DNAJC24,2.0536847379317284e-10,1.5596745993531005,0.303,0.056,3.7140888485495308e-6
NELFCD,2.158732571369734e-10,0.6955202756092023,0.847,0.572,3.9040678553221635e-6
POLR1E,2.1641073277885177e-10,1.3582340626112623,0.412,0.128,3.913788102305534e-6
OTUD3,2.1961821456536994e-10,1.1538587184909601,0.503,0.189,3.971795410414716e-6
PTRH1,2.2117047736336665e-10,1.363667798107476,0.458,0.161,3.999868083116486e-6
RTKN,2.3047296921926168e-10,1.0543316590956935,0.561,0.244,4.1681036483303476e-6
CAPRIN1,2.409105109075626e-10,0.6629159192615276,0.796,0.511,4.356866589763269e-6
KIF18A,2.494204187565434e-10,2.2628296424099124,0.26,0.033,4.510768273212087e-6
PFAS,2.554314360793255e-10,0.918514641727066,0.594,0.267,4.619477521494601e-6
KIF15,2.62670766869829e-10,1.7558292870446612,0.328,0.072,4.750400818840857e-6
PBK,2.6885352547221285e-10,2.2388570179669984,0.278,0.044,4.862216008164969e-6
C9orf152,2.7387557328283687e-10,0.9225141084592474,0.567,0.244,4.953039742820105e-6
CSNK1E,2.8191047010200955e-10,0.8875363582844575,0.715,0.383,5.098350851794843e-6
CLDN1,2.9020973049276463e-10,3.277616842706426,0.233,0.022,5.2484429759616485e-6
CXXC5,2.9372575064318066e-10,0.8643008610708816,0.693,0.367,5.3120302003819225e-6
PPM1G,2.9571661810781946e-10,0.8403113025622877,0.668,0.356,5.348035038479915e-6
PTK7,2.982895634658955e-10,1.8607999563440625,0.338,0.089,5.39456675528072e-6
PCLAF,2.9909938739521616e-10,1.6698696515492881,0.348,0.089,5.4092124210424845e-6
NDUFV1,3.0791633800003614e-10,0.5045025316120173,0.963,0.844,5.568666972730654e-6
HOXA10,3.168998017021733e-10,0.9035848817559596,0.635,0.294,5.731132913783804e-6
ANKRD13B,3.1735544310353925e-10,1.8405382393636858,0.311,0.067,5.739373188527507e-6
NOP58,3.3211647095135534e-10,0.8282474404761024,0.645,0.317,6.006326377155261e-6
ENTPD2,3.3340870272291685e-10,1.0644691045296222,0.474,0.172,6.029696388743952e-6
TOMM7,3.3367980263306713e-10,0.6957625290579001,0.829,0.578,6.034599230619019e-6
DUOXA2,3.437546230417449e-10,1.3436360725033323,0.505,0.222,6.216802357709957e-6
GPCPD1,3.447200429656606e-10,0.8161903388738219,0.788,0.572,6.234261977033972e-6
NBEAL2,3.5049795624845007e-10,0.8847418370148767,0.746,0.439,6.3387555387532194e-6
KLK10,3.512935630820026e-10,3.79423834154302,0.212,0.011,6.353144088338017e-6
CAT,3.567848983610074e-10,0.5922728093628515,0.88,0.694,6.452454886858819e-6
AZGP1,3.62996197850391e-10,1.1485793435473155,0.421,0.133,6.564786238124322e-6
LYAR,3.632873194009032e-10,1.6079349872668756,0.381,0.117,6.570051171365335e-6
ABCC1,3.7907308627223134e-10,0.9038818985795455,0.658,0.333,6.8555367652333035e-6
COPS3,3.817255395946966e-10,1.0261169441816427,0.561,0.239,6.903506383570088e-6
MED24,3.9266510891196403e-10,0.8139370521480658,0.666,0.333,7.1013484946728695e-6
ARHGEF10,3.9601353802679246e-10,1.2340048081456583,0.499,0.206,7.1619048352145414e-6
PROM2,4.1018904059210785e-10,1.1906724700348739,0.429,0.139,7.41826879910827e-6
KIF20B,4.216647926560181e-10,1.1997374735305393,0.526,0.239,7.625807775184088e-6
ESD,4.221421157031659e-10,0.7821134916884344,0.744,0.456,7.634440162491755e-6
LCN15,4.2282723721451673e-10,2.357234687088496,0.338,0.094,7.646830585024535e-6
PDCD5,4.331673802974094e-10,0.9709047862149451,0.672,0.367,7.83383207267865e-6
PPIA,4.5729417666104414e-10,0.8332623636389993,0.728,0.45,8.270165184914984e-6
PITX1,4.663646946509602e-10,1.273324621792296,0.466,0.172,8.434205502762616e-6
PAQR4,4.712082163128181e-10,1.1029282319169122,0.458,0.167,8.521800592017316e-6
SEM1,4.810287611167272e-10,0.7850450177223908,0.763,0.433,8.699405144796012e-6
TMEM165,4.929929475545301e-10,0.7435167203729058,0.765,0.433,8.915777456523678e-6
GADD45GIP1,5.000450259321643e-10,0.6970011346710469,0.874,0.672,9.043314293983191e-6
CLIC1,5.068608957780641e-10,0.5533787733534196,0.899,0.739,9.166579300146288e-6
TMEM97,5.106544177838266e-10,1.0918165443074674,0.478,0.183,9.235185145620505e-6
REPS2,5.131187206067521e-10,1.318068956050796,0.41,0.128,9.279752062173112e-6
ARNTL2,5.163375714596057e-10,1.7507749743341359,0.324,0.078,9.337964979846969e-6
DARS,5.168453280123556e-10,0.802782996831433,0.715,0.417,9.347147757103452e-6
SNTB1,5.230872899718757e-10,1.1277019048613641,0.52,0.217,9.460033639141371e-6
KIF20A,5.291628455301412e-10,1.9318211034454948,0.289,0.056,9.569910061412605e-6
AHSA1,5.383634315732848e-10,0.5325566006291627,0.907,0.694,9.736302660002856e-6
COX16,5.390963605199615e-10,0.89469698941183,0.695,0.406,9.749557680003505e-6
NCS1,5.57125109848285e-10,2.3922034444376745,0.258,0.039,1.0075607611606235e-5
SMYD2,5.774640855165872e-10,1.0676766407934115,0.573,0.278,1.044343798656748e-5
DPH2,5.921989361347974e-10,1.2330741826922922,0.462,0.172,1.070991775999781e-5
POLQ,6.08045652685561e-10,1.7558225427604282,0.299,0.061,1.099650562881837e-5
POF1B,6.266150215609363e-10,0.6416340132878284,0.907,0.733,1.1332332664929533e-5
MDM2,6.408284591627916e-10,0.8400832247388353,0.724,0.4,1.1589382683959086e-5
HOXA9,6.474221773452363e-10,0.7282359504313987,0.827,0.594,1.1708630077288599e-5
ETV4,6.618618680244271e-10,2.1100886941668526,0.287,0.056,1.1969771883221763e-5
PRDX3,6.673813240537244e-10,1.2044914867436263,0.363,0.094,1.2069591245511606e-5
HBS1L,6.689630861412063e-10,0.4921029209863126,0.93,0.75,1.2098197412863717e-5
ZNF511,6.849070332977649e-10,1.0120779523707906,0.46,0.161,1.2386543697190078e-5
DCTPP1,6.908736808304697e-10,0.784402313443105,0.705,0.411,1.2494450517819044e-5
LSM4,6.958214982194428e-10,0.6728742753421131,0.839,0.594,1.2583931795298622e-5
IQANK1,7.04612077075744e-10,1.5825311443295187,0.328,0.083,1.2742909413914831e-5
CENPU,7.511199338773006e-10,1.418838270318661,0.353,0.094,1.3584004004170982e-5
TOMM20,7.529551716141753e-10,0.8235761335587297,0.687,0.383,1.361719427864236e-5
TXNRD3,7.669948976566523e-10,1.5736960957603596,0.295,0.056,1.3871102724120558e-5
AGPAT5,7.700194141334653e-10,1.030827729885668,0.544,0.244,1.392580110460372e-5
SEMA5A,8.059096898291247e-10,0.6368724305147107,0.858,0.628,1.457487674055972e-5
CKAP2L,8.140969490079461e-10,3.0535891997823867,0.239,0.033,1.4722943322808705e-5
KRTCAP3,8.378471891983145e-10,0.8512400593712015,0.652,0.344,1.5152466416651517e-5
TCERG1,8.430365839064175e-10,0.6707087899502839,0.784,0.478,1.524631661994756e-5
CDK6,8.460332745010216e-10,1.057941338399146,0.503,0.211,1.5300511769350977e-5
NT5DC2,8.519845807103654e-10,0.9073228037371243,0.46,0.167,1.5408141142146956e-5
CSTF3,8.536040542428066e-10,0.7421529131975053,0.819,0.561,1.543742932098116e-5
UTP20,8.541049685032686e-10,1.0764892267016082,0.499,0.206,1.5446488355381613e-5
ERH,8.781084706933949e-10,1.1195405816831001,0.491,0.206,1.5880591692490045e-5
SF3B3,8.875234389426786e-10,0.7937311836124943,0.713,0.422,1.6050861393278342e-5
TTC3,9.260644288436837e-10,0.4877929763533384,0.957,0.811,1.674787519563802e-5
PLEK2,1.0130073946990157e-9,0.9863212415179518,0.458,0.172,1.83202387331317e-5
MAP4,1.071723794370677e-9,0.623714768341259,0.88,0.656,1.9382124821193693e-5
RFC3,1.0886348813969195e-9,1.6290634095290568,0.338,0.089,1.9687961830063288e-5
SPATA33,1.1045525042047818e-9,1.0780013039611076,0.518,0.222,1.997583203854348e-5
TAMM41,1.1079468471006204e-9,0.827938538945008,0.687,0.361,2.003721872981472e-5
RRS1,1.1343369859556012e-9,1.0106699147223441,0.522,0.211,2.051448439100705e-5
TNFRSF10B,1.1495455831906025e-9,0.6572882447610405,0.8,0.5,2.0789531872002045e-5
TCF7,1.1546181417642252e-9,1.3914875043363082,0.373,0.111,2.0881269093806014e-5
KIF14,1.1577458415090677e-9,1.818503119053695,0.293,0.061,2.093783354369149e-5
CNN3,1.1789689214069555e-9,0.6497215128531293,0.876,0.661,2.132165294364479e-5
VANGL1,1.1852609121064204e-9,1.128082401041409,0.526,0.233,2.1435443595444615e-5
B4GALT2,1.1908207658807646e-9,1.2980030662962745,0.41,0.139,2.1535993550953627e-5
CASK,1.2088856217523115e-9,0.5867555815605539,0.907,0.756,2.1862696469390554e-5
EEF2,1.2416769510339957e-9,0.5849148729736209,0.889,0.722,2.2455727659449813e-5
TSFM,1.2445544224005493e-9,0.7375743751528903,0.643,0.306,2.2507766729113935e-5
ADH6,1.246764262143185e-9,1.392431410514669,0.334,0.083,2.25477316808595e-5
CNOT9,1.2999386303036386e-9,0.8497111573348805,0.668,0.367,2.3509390129041304e-5
SLC44A3,1.3543911723328507e-9,0.7889912209202409,0.726,0.417,2.4494164351639604e-5
ENOPH1,1.3721805123996734e-9,0.9915570613143487,0.518,0.217,2.4815884566748092e-5
KIF18B,1.391984424643495e-9,1.9425308383402533,0.266,0.044,2.5174038319677607e-5
USP14,1.3936342708542665e-9,0.9844849235557868,0.602,0.3,2.5203875788399408e-5
FAN1,1.4270649446509054e-9,1.1600724941106066,0.431,0.15,2.5808469524011624e-5
LFNG,1.4624542316044527e-9,0.8097086916086969,0.707,0.406,2.6448484778566528e-5
GPT2,1.4946133759105936e-9,1.7395961839400629,0.307,0.072,2.7030082903343086e-5
GNL3,1.5168951689636384e-9,0.8201133065147992,0.732,0.461,2.74330491307074e-5
CYB5A,1.5241426954995126e-9,0.7547253349348306,0.781,0.494,2.7564120648108687e-5
CDC45,1.565877675568458e-9,1.7568878614755121,0.34,0.1,2.8318897762655563e-5
PTTG1,1.5935492001499005e-9,1.3090181716957914,0.377,0.111,2.881933728471095e-5
MRRF,1.6291652971474063e-9,1.0125341770237117,0.6,0.311,2.946345439891084e-5
RNF220,1.6317871376922348e-9,0.6501308767029643,0.74,0.433,2.9510870385164065e-5
NUBPL,1.6681949828284499e-9,1.0243447050419647,0.367,0.106,3.0169306264452515e-5
GOT2,1.6974896081768888e-9,0.9740357118149111,0.627,0.361,3.069909956387903e-5
CRIP1,1.72392389877201e-9,0.9369248156411815,0.798,0.583,3.11771637092918e-5
EIF4A3,1.7308793011269253e-9,0.7504308865938034,0.775,0.517,3.130295216088045e-5
UMPS,1.791550004458553e-9,1.0580392274355785,0.441,0.156,3.240018183063293e-5
NDE1,1.7975637272175514e-9,0.6903196196821739,0.699,0.383,3.250894000672942e-5
RFC1,1.8360292504976748e-9,0.8402294682276488,0.452,0.156,3.320458899525045e-5
KIF2C,1.8471499951724492e-9,1.8593822804004723,0.305,0.072,3.3405707662693746e-5
UTP4,1.951296932556521e-9,1.6276635589329422,0.297,0.061,3.528920502528468e-5
ACACA,1.9607172872276727e-9,1.0278533491240747,0.551,0.261,3.545957213951246e-5
DCPS,1.9847988185627904e-9,1.4708706673685916,0.332,0.089,3.589508663370806e-5
PAK1IP1,2.0059855573683866e-9,1.2518223172252172,0.386,0.122,3.627824880500727e-5
CCDC34,2.0269845628864807e-9,0.9847383141586119,0.404,0.133,3.6658015819802005e-5
WDR76,2.032758948914545e-9,1.0634460143997715,0.449,0.167,3.676244559111955e-5
RAD23A,2.0555423405908698e-9,0.7879298671588173,0.608,0.283,3.717448322958588e-5
UBE2C,2.101730090486145e-9,1.2352860676722783,0.456,0.178,3.800978868644193e-5
ATAD5,2.117210917845996e-9,1.2655707574531858,0.402,0.133,3.828975944924484e-5
USP5,2.1184365451699833e-9,1.0173420746564605,0.478,0.189,3.831192491939915e-5
KEAP1,2.1331796078475015e-9,0.8613102097139439,0.6,0.289,3.857855320792207e-5
RABGGTB,2.1493508596693647e-9,0.6995941374728698,0.72,0.422,3.887101029712046e-5
SLC25A27,2.1525435610792464e-9,1.2825009536643495,0.318,0.078,3.892875030211817e-5
CRTAP,2.1603034801874315e-9,0.6589823954094405,0.802,0.539,3.90690884391897e-5
GTF3C4,2.1646688246346035e-9,0.8174478968697291,0.495,0.189,3.9148035693516805e-5
EMC1,2.2175594098365144e-9,1.172527061457162,0.392,0.128,4.0104561926893364e-5
EMC4,2.292477304946167e-9,0.657222100389636,0.786,0.5,4.145945205995143e-5
PLS3,2.295405339104916e-9,1.064071900899341,0.441,0.161,4.1512405557712404e-5
PSMC3IP,2.3044420467515345e-9,1.8195518165768418,0.276,0.056,4.16758344155015e-5
POLA1,2.3331618847782633e-9,0.9608213100473404,0.487,0.189,4.219523268621489e-5
CCNO,2.3565205319795864e-9,1.3329388764986656,0.369,0.111,4.261767382085082e-5
SMPD4,2.389997224051757e-9,0.8493561954444213,0.668,0.361,4.3223099796976024e-5
ZNF121,2.425967626883638e-9,0.9207511048379972,0.563,0.256,4.3873624532190596e-5
CKAP4,2.433307903037359e-9,0.6934764012543829,0.823,0.55,4.400637342643064e-5
SNRNP25,2.45596209525889e-9,1.0576285485668788,0.538,0.256,4.4416074492757025e-5
BUB1,2.4895811761805273e-9,1.6633448100920942,0.276,0.056,4.502407557122484e-5
SIGMAR1,2.5187211950393513e-9,0.964496900742414,0.623,0.317,4.555107281228667e-5
SLC11A2,2.6000861946108107e-9,1.3271602638272433,0.559,0.272,4.702255882953651e-5
FARSB,2.609539482191853e-9,0.9010097152288766,0.641,0.356,4.7193521535439666e-5
NAP1L4,2.6490503992430956e-9,0.6239302893183718,0.833,0.583,4.790807647031138e-5
EIF3L,2.7080408833142342e-9,1.052740408676427,0.497,0.211,4.897491937473793e-5
TSTA3,2.7102969986737535e-9,0.787872274467317,0.697,0.411,4.901572122101483e-5
DBF4,2.753979938081314e-9,1.1730602820942884,0.412,0.144,4.980572718020056e-5
NUP107,2.774964350346719e-9,0.8827809894851653,0.637,0.344,5.018523027602041e-5
FAIM,2.8055727368042337e-9,1.3874165446989764,0.369,0.117,5.0738782945104563e-5
PSMD12,2.8302612747434674e-9,0.8501541840476279,0.577,0.278,5.118527515373561e-5
GPATCH4,2.8577191310552984e-9,0.9243987417612112,0.614,0.306,5.168185048513507e-5
EEF1B2,2.936721768624113e-9,0.6942142534556133,0.796,0.572,5.311061318556708e-5
POLR1C,3.097469384397323e-9,1.3904895212449095,0.369,0.117,5.6017733816825585e-5
CHID1,3.1182596783801593e-9,0.6549156156333237,0.8,0.506,5.639372628350518e-5
TMEM9,3.2043530979087354e-9,0.9852226362654859,0.478,0.194,5.795072577567948e-5
RHNO1,3.2221622729768484e-9,1.0109391212785193,0.363,0.106,5.827280470678631e-5
TPD52L1,3.251940306854145e-9,1.454451991154549,0.322,0.083,5.881134044945721e-5
CHEK2,3.396692518529725e-9,1.189868691584264,0.412,0.144,6.142918419761008e-5
ZBTB38,3.4579137905885963e-9,0.827105884433528,0.755,0.472,6.253637090279476e-5
HMBS,3.4898094420441936e-9,0.9410200807891596,0.503,0.211,6.311320375936924e-5
SLBP,3.589976100514987e-9,0.7849602627307422,0.709,0.428,6.492471777781354e-5
CEP250,3.5967908135080246e-9,0.8829412170301386,0.518,0.217,6.504796186229263e-5
SLC37A3,3.6548913017597072e-09,0.7026234311374698,0.765,0.433,6.609870919232431e-5
NSA2,3.6718169036889655e-9,0.6575525238656874,0.806,0.5,6.640480870321495e-5
QTRT1,3.674175622708122e-9,0.7887071917664372,0.738,0.461,6.644746613667639e-5
TRMT1,3.6838963519112944e-9,0.7450343320658036,0.682,0.367,6.662326552431575e-5
ARFGEF3,3.9081562988019665e-9,1.284264122844859,0.353,0.106,7.067900666383357e-5
HSPA9,4.001350419564503e-9,0.7907823581521243,0.685,0.389,7.236442233782403e-5
EIF5B,4.044020529078992e-9,0.7734109162986207,0.728,0.461,7.313611126839357e-5
RAD54L,4.073290793028871e-9,1.7810709037418047,0.256,0.044,7.366546399192714e-5
SH3YL1,4.133391965593651e-9,0.7817429514832405,0.674,0.361,7.475239369776118e-5
IFRD2,4.181954527366904e-9,1.1474123167556212,0.423,0.15,7.563064762743046e-5
EIPR1,4.195998697873979e-9,0.9650362617036818,0.569,0.278,7.588463645105091e-5
PRPS2,4.360282508137003e-9,0.8854787430458368,0.586,0.283,7.885570915965769e-5
XRCC2,4.369926820557543e-9,2.0939630786148395,0.235,0.033,7.903012654978317e-5
PHF10,4.445645256570505e-9,0.8557667404244812,0.588,0.283,8.039949446507758e-5
ATAD2,4.5013573702694445e-9,1.4869198977291702,0.332,0.094,8.14070480413229e-5
COA6,4.503734629996222e-9,1.0415356102922995,0.464,0.178,8.145004078348167e-5
GRHL2,4.5594427521106284e-9,0.7558730007239569,0.629,0.311,8.245752217192072e-5
CNTROB,4.649383411885758e-9,1.1095175245787359,0.456,0.183,8.408409900395394e-5
MTERF2,4.685832306036042e-9,0.9534603758385407,0.497,0.2,8.474327725466181e-5
CDCA5,4.692733390794568e-9,2.1211024051031924,0.252,0.044,8.486808337251976e-5
PI4K2B,4.706457644038798e-9,1.030938835721789,0.513,0.222,8.511628649244167e-5
XRCC3,4.829831081571886e-9,1.7809618417510296,0.278,0.061,8.734749511022756e-5
CDC25C,4.836496488399275e-9,2.094728104853048,0.216,0.022,8.746803899270088e-5
SRM,4.87851258239451e-9,0.8300082043594041,0.641,0.339,8.82279000526047e-5
PPFIBP1,4.959553177438825e-9,0.6195984464367184,0.88,0.583,8.969351921398115e-5
ARSE,5.1242635237034954e-9,0.9957572692101582,0.402,0.139,9.267230582617772e-5
NUDT8,5.163533946251426e-9,1.113487454511398,0.447,0.172,9.338251141795704e-5
GART,5.186780832045239e-9,1.110955788372063,0.458,0.178,9.380293134753815e-5
TSR1,5.191732116453755e-9,0.9390543272071036,0.487,0.194,9.389247532606616e-5
CHD4,5.206321837675437e-9,0.7238226606871117,0.691,0.378,9.415633043436028e-5
ENAH,5.2129308808409316e-9,0.8248212418801377,0.631,0.328,9.427585498000825e-5
POLR1D,5.305325265811203e-9,0.5316743820843132,0.893,0.717,9.59468074321956e-5
EI24,5.365169326580975e-9,0.8022714982403539,0.623,0.306,9.702908727121693e-5
TEDC1,5.390953996622207e-9,0.8293194047351828,0.54,0.244,9.749540302891261e-5
BYSL,5.413190633299486e-9,1.3866756957314899,0.369,0.117,9.789755260322121e-5
SASS6,5.783573890099277e-9,1.5805331770020143,0.313,0.083,1.0459593380244543e-4
MID1IP1,5.815594975992277e-9,1.059245696812222,0.466,0.183,1.0517503514082033e-4
RAD51,5.823166991966378e-9,2.6688443825835577,0.21,0.022,1.0531197504971195e-4
CLSPN,5.839249975084466e-9,1.4788612065716116,0.344,0.106,1.0560283579940257e-4
ZDHHC9,5.855667337254895e-9,1.0471631813416304,0.497,0.217,1.0589974379425477e-4
MYBBP1A,5.885677212772194e-9,0.7571919370419713,0.584,0.272,1.0644247239298513e-4
IPO5,6.043446114411825e-9,0.9228636505550163,0.46,0.183,1.0929572297913786e-4
CYP4X1,6.195320710439057e-9,2.100671898234181,0.266,0.056,1.1204237504829035e-4
ZNF146,6.300755074537854e-9,0.994955122896226,0.487,0.2,1.1394915552301709e-4
EXOSC7,6.315927929096581e-9,0.7765155177150369,0.598,0.289,1.1422355659771167e-4
ALDH3A1,6.588774818479318e-9,1.7848744986063008,0.33,0.1,1.1915799259219847e-4
PGAP2,6.762699357371745e-9,0.8507467498678265,0.656,0.356,1.2230341787806802e-4
CCDC14,6.773754070770906e-9,0.5841835703846774,0.868,0.678,1.2250334236989184e-4
TTC27,6.8786989063646774e-9,1.3486106679023897,0.359,0.111,1.244012697216052e-4
CDKN3,7.000148496660277e-9,1.3325845419319657,0.254,0.044,1.2659768556210111e-4
HPS4,7.022576580617781e-9,0.9786470667144964,0.515,0.228,1.2700329746047258e-4
SCML1,7.116669683561787e-9,1.356476344958769,0.381,0.133,1.287049712272149e-4
SPTBN2,7.212692137469981e-9,1.503491400289861,0.293,0.067,1.304415373061446e-4
HTATSF1,7.257261740851173e-9,0.633967467283256,0.715,0.406,1.3124757858329347e-4
NME4,7.301347004904972e-9,0.8037577705853636,0.59,0.272,1.3204486058370643e-4
THEM6,7.351538475824538e-9,1.0012638494989485,0.503,0.217,1.3295257333528675e-4
LURAP1L,7.416210282956792e-9,0.9002522335278615,0.524,0.233,1.3412216296727357e-4
RPAIN,7.577589193459063e-9,0.7001890413140062,0.806,0.539,1.3704070056370715e-4
PERP,7.891814262580635e-9,0.4790155649544632,0.946,0.756,1.4272346093877078e-4
APIP,8.392443930950907e-9,0.6958197403007191,0.641,0.328,1.5177734849124717e-4
TOMM22,8.450743603088696e-9,0.8289213986980766,0.54,0.239,1.5283169806185905e-4
DNA2,8.505846917069358e-9,1.1773559401558131,0.416,0.156,1.5382824149519933e-4
CKAP2,8.512080421543212e-9,1.2037350744611683,0.402,0.144,1.53940974423609e-4
TESMIN,8.542693477291466e-9,1.7060456716232988,0.266,0.056,1.5449461153681617e-4
DAP3,8.547298830138572e-9,0.6100242389744147,0.771,0.528,1.5457789934305606e-4
GLO1,8.599928935271881e-9,1.4488081352710998,0.34,0.106,1.5552971479439198e-4
NFIA,8.632520228964955e-9,1.6884440646374206,0.293,0.072,1.561191283408312e-4
WNK2,8.639441737871469e-9,0.6718550824806246,0.767,0.506,1.5624430382940553e-4
SEC16B,8.782614388813942e-9,0.9221843682384134,0.61,0.317,1.5883358122170012e-4
SRPRB,8.94740740753934e-9,0.7958262263652804,0.662,0.361,1.61813862965349e-4
TIMM50,9.055694664294433e-9,0.9182949422055471,0.54,0.244,1.6377223800376483e-4
LSM7,9.163447805476173e-9,0.6998005950321373,0.755,0.517,1.657209535620366e-4
CDC25A,9.238561635788874e-9,1.6809158100796342,0.276,0.061,1.6707938718324178e-4
SF3B5,9.405346550336395e-9,0.6664286402754069,0.8,0.567,1.7009569236283372e-4
TTK,9.487424180856571e-9,1.9606090317147244,0.254,0.05,1.715800663107911e-4
NUCKS1,9.500303176860656e-9,0.8797743875982107,0.703,0.428,1.7181298295352497e-4
PPAN,9.531856917185871e-9,1.0017363261804315,0.489,0.211,1.7238363234730648e-4
NUP85,9.853602265892887e-9,0.7041244651360283,0.73,0.45,1.7820239697867286e-4
LARP7,9.875397337158338e-9,0.7780310126660066,0.625,0.311,1.7859656084250855e-4
PCID2,1.0191043901502957e-8,0.8769390450318775,0.606,0.294,1.8430502895868097e-4
MANEAL,1.0407531624210368e-8,1.5831026750596475,0.344,0.111,1.8822020942384451e-4
ADAMTS9,1.1021754200456344e-8,1.0754928834577266,0.454,0.183,1.9932842471525298e-4
D2HGDH,1.1043969942279302e-8,0.7993307491831356,0.676,0.372,1.9973019640612117e-4
POLE3,1.1131409183388323e-8,0.8167367146111513,0.674,0.394,2.013115350815778e-4
DDX56,1.1311380228721377e-8,0.5942337040680667,0.728,0.444,2.045663114364261e-4
PEMT,1.1359739234882683e-8,1.6239096017808912,0.28,0.067,2.0544088406285332e-4
QPRT,1.1739879835445099e-8,0.9419868991214501,0.588,0.311,2.123157268240246e-4
CPS1,1.1954157021601603e-8,3.3868246372645405,0.173,0.006,2.1619092973566498e-4
PRRC2B,1.2313277161234205e-8,0.6658188083177394,0.695,0.378,2.226856174609206e-4
VDAC3,1.2384739367342234e-8,0.581127435661501,0.852,0.644,2.239780114583843e-4
PAFAH1B3,1.2406597613576728e-8,1.0538967467876783,0.379,0.128,2.2437331784153512e-4
LAPTM4B,1.2599328287391683e-8,0.822374845253175,0.526,0.228,2.278588520774786e-4
GNL2,1.2646500802821628e-8,0.9271690030123296,0.499,0.211,2.2871196701902913e-4
CEP85,1.2665751573430053e-8,0.9787405491629041,0.468,0.189,2.2906011720548252e-4
SLC22A3,1.297944201522476e-8,1.594465285602149,0.258,0.05,2.347332088453398e-4
TUBB,1.3022372970368273e-8,1.3983335493782905,0.369,0.133,2.3550961516911022e-4
ACBD6,1.3151622369892657e-8,0.7910776395172524,0.623,0.328,2.378470905595087e-4
INTS10,1.3486183951461581e-8,0.7850749675049176,0.67,0.411,2.438976367621827e-4
PSMA7,1.3624033928014608e-8,0.6666565147316466,0.831,0.6,2.463906535881442e-4
ARHGEF39,1.3819185163333291e-8,1.709908447491434,0.289,0.072,2.4991996367888255e-4
VPS13C,1.4179891055935192e-8,0.4316979554187821,0.938,0.778,2.5644332974658797e-4
RANGAP1,1.4271596991680921e-8,0.7920140289404984,0.715,0.478,2.5810183159454946e-4
PELP1,1.4597453645074966e-8,0.8862137486145188,0.505,0.217,2.6399494917118076e-4
FUT4,1.468085471437087e-8,0.6595698154563938,0.794,0.522,2.6550325750939716e-4
EXO1,1.4690509122115939e-8,1.6393905621563778,0.289,0.072,2.6567785747346677e-4
BAZ1B,1.4722390839422879e-8,0.6659124593354994,0.794,0.572,2.662544383309628e-4
SAPCD2,1.5133345543706625e-8,1.0742353408206338,0.431,0.167,2.736865541579343e-4
CDC37,1.5212584114950512e-8,0.5632344002400841,0.893,0.7,2.7511958371888003e-4
PSMA3,1.5408711843075523e-8,1.2144374813592627,0.402,0.15,2.786665536820208e-4
YEATS4,1.541006671671319e-8,1.1688619418822221,0.359,0.111,2.7869105657175804e-4
ANP32E,1.546570280592454e-8,0.764350078907758,0.771,0.506,2.7969723524514533e-4
REG1A,1.5568304561414253e-8,2.7591211599121195,0.293,0.083,2.8155278799317675e-4
NDUFB5,1.5659430831869763e-8,0.4192540503455595,0.953,0.844,2.8320080659436465e-4
NECTIN1,1.7529923585183155e-8,1.218378888155118,0.408,0.15,3.1702866803803734e-4
SLC25A29,1.8092360617517482e-8,0.8767457436876414,0.485,0.206,3.2720034176780366e-4
EXOSC2,1.8596388470578284e-8,1.154748848096635,0.452,0.194,3.3631568549040826e-4
NOP9,1.863621486459757e-8,0.9750182778281091,0.497,0.211,3.3703594582624704e-4
TMEM238,1.9212329666415545e-8,0.4766317255576996,0.885,0.706,3.4745498201712514e-4
MYO6,1.9213050666583074e-8,0.47340585028718674,0.984,0.828,3.474680213051549e-4
MYRIP,1.9276891269629026e-8,1.7349337370038507,0.214,0.028,3.4862257861124093e-4
BRCA1,1.948289753017388e-8,1.2296940685925424,0.377,0.133,3.5234820183319463e-4
WDR62,1.9514806351297916e-8,1.9726119365126853,0.225,0.033,3.529252728632228e-4
ZC3H8,1.961492283258019e-8,0.8955273694668074,0.46,0.183,3.547358794272127e-4
MTHFD2,1.9749473762233857e-8,0.9076858055092325,0.563,0.283,3.571692329899993e-4
BAG5,2.087470837690956e-8,0.5789291444861997,0.827,0.528,3.775191009964094e-4
TTYH3,2.0929807367093218e-8,0.6859542675607453,0.794,0.511,3.7851556623388086e-4
TKFC,2.1044714581334268e-8,0.9722798424600558,0.466,0.189,3.8059366320343025e-4
HMGN1,2.110469531661841e-8,0.6216528291279867,0.798,0.517,3.816784148010439e-4
SNRPD1,2.1336160464341693e-8,0.8828939220218789,0.588,0.311,3.858644619976195e-4
DIAPH3,2.1408876667712e-8,1.6625332928922947,0.252,0.05,3.871795345355715e-4
TTLL4,2.142133444952271e-8,0.9615642175391599,0.404,0.144,3.874048335196182e-4
CXCL1,2.1820418950457583e-8,1.3842532020921836,0.379,0.139,3.9462227671902537e-4
TTF2,2.222784670284694e-8,0.8220463812034342,0.501,0.222,4.019906076209869e-4
NARF,2.2340189744628e-8,0.6909992823208286,0.728,0.422,4.040223315315974e-4
INTS13,2.2633059528349868e-8,1.0272740609952882,0.414,0.156,4.0931888157020734e-4
NUDC,2.2646276520789243e-8,0.5754623958047298,0.8,0.55,4.0955791087847346e-4
UQCRH,2.355471095872416e-8,0.9298948378942331,0.41,0.15,4.2598694768852645e-4
WDR12,2.370915758753018e-8,1.0071154107120883,0.379,0.133,4.287801149704833e-4
UBE2I,2.377663469508758e-8,0.5179865498911771,0.887,0.622,4.300004384606589e-4
BSPRY,2.386582971925538e-8,1.0380265310434496,0.52,0.239,4.316135304727335e-4
SLC35E4,2.422301412887028e-8,1.4547526543202975,0.285,0.072,4.38073210520619e-4
TONSL,2.4651583688890484e-8,1.6474769837824668,0.301,0.083,4.458238910135844e-4
ME1,2.510491994535652e-8,0.8898536373446903,0.621,0.333,4.540224772117727e-4
PLEKHG4,2.5733146364888635e-8,1.041879219198986,0.491,0.228,4.6538395200901094e-4
CAPN12,2.5742544706746538e-8,1.8155864219082551,0.276,0.067,4.655539210215111e-4
HUNK,2.581620012342054e-8,1.4399808898395814,0.27,0.061,4.6688597923206046e-4
HMGN5,2.5939603379055968e-8,1.3694919177949259,0.264,0.056,4.691177271102272e-4
YARS,2.612400962216302e-8,0.768341967719991,0.518,0.228,4.724527140168182e-4
KIF22,2.663267155900005e-8,0.7563520738524099,0.581,0.294,4.816518651445159e-4
KLHDC4,2.7211328559029543e-8,0.7169910306150631,0.755,0.494,4.921168769900493e-4
PGGHG,2.7223908613460512e-8,0.8822303132004372,0.705,0.439,4.923443872744334e-4
DPCD,2.767746120057213e-8,1.075025306405857,0.46,0.189,5.005468858123469e-4
MLF2,2.7766090623876265e-8,0.6888810387468489,0.784,0.528,5.021497489328023e-4
PTRH2,2.7849253246571183e-8,0.8187647512914409,0.4,0.139,5.036537449642399e-4
COMT,2.8137011075235745e-8,0.7278046192163515,0.73,0.461,5.088578452956384e-4
LANCL1,2.8186512559926394e-8,0.7646771116422337,0.52,0.233,5.097530796462688e-4
SRSF1,2.8211806714432513e-8,0.649151726580082,0.736,0.444,5.10210524430512e-4
PILRB,2.872031333338863e-8,0.4305790060924657,0.936,0.778,5.194068666343333e-4
EHF,2.8751743869300728e-8,0.5881164885281759,0.845,0.656,5.199752878763036e-4
SNRPE,2.8890827998838865e-8,1.372599461718356,0.315,0.094,5.224906243590008e-4
CBX3,2.8899157842138884e-8,0.6444588515388207,0.753,0.506,5.226412695750817e-4
TPPP3,2.897866260214464e-8,1.1314145494727244,0.4,0.144,5.240791131597858e-4
COQ8A,2.9048010365981046e-8,0.9249732944125013,0.505,0.233,5.253332674687672e-4
NEK2,2.9160088125253627e-8,1.8759066235932353,0.219,0.033,5.273601937452119e-4
PSMG2,2.9892035040928905e-8,0.7797115957568566,0.6,0.322,5.405974537151993e-4
ZMYM4,3.0074475967395215e-8,0.6088568380932555,0.631,0.311,5.438968978703425e-4
LZTS3,3.024000595270248e-8,1.2886734970450064,0.361,0.122,5.468905076546244e-4
URB1,3.0495834227359304e-8,1.049959529221444,0.412,0.161,5.51517162001793e-4
LRRC45,3.072669705644468e-8,0.9534607163833579,0.445,0.183,5.556923162658021e-4
C17orf75,3.1352514972652645e-8,0.9874734928612527,0.425,0.167,5.67010233280423e-4
PFDN2,3.136873137718699e-8,0.6536433843472685,0.763,0.55,5.673035069564267e-4
TM4SF1,3.1967914936224396e-8,0.875710499576736,0.542,0.261,5.781397416216181e-4
C7orf50,3.235525709482301e-8,0.6443071677214823,0.79,0.517,5.851448245598742e-4
PPP2R3B,3.2399290439633166e-8,1.1847201970040953,0.342,0.111,5.859411676007658e-4
SRRT,3.241837281948656e-8,0.6108238249360289,0.812,0.511,5.862862724404145e-4
TCF20,3.278115182110994e-8,0.7412132469681966,0.73,0.417,5.928471306847733e-4
TIMM8B,3.28071239531248e-8,0.6602270379794235,0.701,0.428,5.933168366922619e-4
ADAM15,3.3487567650493596e-8,0.43112863077473307,0.922,0.772,6.056226609591767e-4
SYPL1,3.36684242604594e-8,0.7842353023708761,0.485,0.206,6.088934527504082e-4
GTPBP10,3.431535482876592e-8,0.7584547297579511,0.685,0.394,6.205931920782317e-4
PHF14,3.4550837289705875e-8,0.777775489010813,0.701,0.428,6.248518923843308e-4
FUT8,3.508218238747931e-8,0.9954460159489181,0.458,0.189,6.344612684775633e-4
SAMD12,3.514075812759716e-8,0.8307641718240257,0.555,0.256,6.355206107375947e-4
DACH1,3.5708654509910586e-8,0.851586347816711,0.524,0.244,6.457910168117329e-4
MYOF,3.6093197892922483e-8,0.5263253626170334,0.918,0.694,6.527454838935031e-4
TEAD1,3.722501957309826e-8,1.1143294822323042,0.342,0.106,6.732144789794819e-4
LAS1L,3.739879673176316e-8,0.6962909679488543,0.485,0.2,6.763572388939368e-4
AEN,3.74754125752301e-8,1.17332663865552,0.373,0.133,6.777428364230364e-4
TRUB1,3.9224611086787175e-8,0.9716146667685637,0.462,0.189,7.093770915045461e-4
DCAKD,3.948551217257152e-8,0.8737750014429981,0.526,0.244,7.140954876409559e-4
TOMM70,3.9909792149021985e-8,0.8556620155336045,0.522,0.244,7.217685910150626e-4
ABCB6,4.04162198410941e-8,1.1514870622950635,0.373,0.133,7.309273358261868e-4
ARHGAP32,4.064822911324259e-8,0.6851409620455216,0.718,0.45,7.351232235129923e-4
GPC4,4.211288681132193e-8,1.3673193089152007,0.344,0.117,7.616115579827571e-4
ESCO2,4.281875289973009e-8,1.6029273442167866,0.28,0.072,7.743771461916187e-4
SHB,4.295663425920035e-8,0.8119748816753967,0.59,0.289,7.768707305776384e-4
NMRAL1,4.300342317794473e-8,0.6921549671892893,0.726,0.417,7.777169081731305e-4
PSMC1,4.3018881109655795e-8,0.8955949879523746,0.452,0.178,7.779964648681251e-4
NT5C3B,4.3181584355657675e-8,0.9731837178042095,0.412,0.15,7.809389530720691e-4
NCLN,4.367339159066157e-8,0.7266108929590874,0.695,0.411,7.898332869171145e-4
NOP53,4.378715145876536e-8,0.6750249058620593,0.687,0.378,7.918906341317715e-4
ZNHIT6,4.400633339500428e-8,0.7205316931688126,0.616,0.3,7.958545394486524e-4
RTRAF,4.433510743681497e-8,0.695548494251264,0.746,0.528,8.018004179947987e-4
ALG3,4.4393875553408285e-8,0.7229646623459522,0.489,0.211,8.028632393833888e-4
ATAD3B,4.529845752425171e-8,0.840459441355148,0.54,0.261,8.192226043260922e-4
NAA38,4.564523185389379e-8,0.5732721384159734,0.835,0.617,8.254940180776692e-4
ZNF69,4.610707747778078e-8,0.9142134311559325,0.482,0.206,8.338464961856653e-4
SMARCA5,4.646716822948975e-8,0.600552017119725,0.819,0.567,8.403587374303221e-4
PTDSS1,4.658817551176741e-8,0.7469166528525633,0.509,0.222,8.425471541303137e-4
ACPP,4.7153629934211475e-8,1.259456931429374,0.332,0.106,8.527733973602145e-4
EEF1AKMT4,4.810222329247968e-8,2.142379997266174,0.196,0.022,8.69928708244495e-4
COPS6,4.8577056614988136e-8,0.6993858694260384,0.722,0.45,8.785160688820604e-4
ANAPC11,4.898794931524766e-8,0.5643281346431432,0.816,0.622,8.859470633662539e-4
NIPSNAP1,4.918110823747644e-8,1.0256879849760674,0.406,0.15,8.894403424747614e-4
DAP,4.927646721551038e-8,0.7281413116291422,0.691,0.411,8.911649095925052e-4
AADAT,4.945614770850867e-8,1.782735477368273,0.241,0.05,8.944144313083793e-4
SLC7A1,4.9720944900460154e-8,0.9067513285012518,0.546,0.272,8.992032885248219e-4
KNL1,4.9927083832207274e-8,1.2800775108633293,0.324,0.106,9.029313111054686e-4
FDFT1,5.015835938302326e-8,0.7514217482810017,0.713,0.5,9.071139294419756e-4
HSBP1,5.05098864537573e-8,0.7803475315967587,0.588,0.278,9.134712965162008e-4
MCMBP,5.05413514137207e-8,0.7627185978885794,0.639,0.356,9.140403403171389e-4
ERGIC3,5.055567705506992e-8,0.3802642952175297,0.922,0.806,9.142994195409395e-4
DENND4C,5.063078694824456e-8,0.6651317082550334,0.771,0.517,9.156577819590028e-4
C1orf198,5.081001388597017e-8,1.1196093049108045,0.472,0.211,9.188991011277705e-4
HMGB3,5.104804398911759e-8,1.41846249281434,0.278,0.072,9.232038755431916e-4
POLB,5.109453784554512e-8,1.1675261113000786,0.34,0.111,9.240447169366835e-4
FGFRL1,5.160152607795544e-8,0.9684819508225214,0.458,0.194,9.332135991198242e-4
CENPI,5.301329170836756e-8,1.7755038982659155,0.26,0.061,9.587453805458274e-4
XPO5,5.348312176868742e-8,0.6659426328161016,0.682,0.4,9.67242257186712e-4
CSE1L,5.407323403387092e-8,0.9696682374961778,0.373,0.133,9.779144375025555e-4
CFTR,5.411085644068622e-8,0.6988925239510007,0.715,0.428,9.785948387298104e-4
PRAC1,5.505999258428442e-8,1.5739891641421482,0.334,0.122,9.957599658867837e-4
NUP37,5.516528747891836e-8,0.8575158923363899,0.548,0.272,9.976642240562385e-4
TCN1,5.551896557553132e-8,2.1428462069123126,0.212,0.033,0.001004060492433484
CFAP298,5.569744087157031e-8,0.4855604688037878,0.88,0.683,0.001007288218162349
PPP1R14B,5.649155616093847e-8,0.8320947503218189,0.571,0.289,0.001021649793170572
PRORP,5.717538487374562e-8,0.871445457542747,0.489,0.211,0.0010340168354416896
SH2D4A,5.846144349579923e-8,0.6896266565888055,0.528,0.233,0.001057275205621529
CHAF1A,5.926723922225278e-8,1.1178295250903099,0.394,0.15,0.0010718480213344416
HENMT1,6.03675490762355e-8,1.437885437050781,0.315,0.1,0.001091747125043719
DEFA6,6.164208316840775e-8,2.8954306866292594,0.225,0.044,0.0011147970741006543
L2HGDH,6.350114217969194e-8,1.117402190929559,0.361,0.128,0.0011484181563197289
MCM6,6.353925426795926e-8,0.7072710350285016,0.546,0.256,0.0011491074134360433
MAPK9,6.390015105727671e-8,0.7586055955573284,0.513,0.228,0.0011556342318708493
CHAF1B,6.418148873918865e-8,2.1249228492460746,0.21,0.033,0.0011607222238482267
DHRS4,6.435067379831742e-8,1.4540832379893338,0.262,0.061,0.0011637819356425706
MIB1,6.443954736292778e-8,0.7896491094408067,0.515,0.239,0.0011653892140585488
POLR2I,6.483510364034895e-8,0.8022341372749686,0.654,0.4,0.0011725428493357109
PEBP1,6.53370712496918e-8,0.6086824716012702,0.839,0.656,0.0011816209335506762
HNRNPK,6.540947896255587e-8,0.7004382950084924,0.497,0.222,0.0011829304270378229
FOXM1,6.593236721281477e-8,1.6888091687736297,0.28,0.078,0.001192386861043755
HNRNPU,6.599925161107062e-8,0.6499346037078795,0.703,0.428,0.001193596465386212
ANAPC5,6.610636822399243e-8,0.6196020270108165,0.759,0.489,0.0011955336693309031
STK38,6.635561362761972e-8,0.5881692739839572,0.845,0.628,0.0012000412724555026
PES1,6.731632602015464e-8,0.8900878433302735,0.542,0.267,0.0012174157560744968
CSTF2T,6.809487313466485e-8,0.6665088742951875,0.709,0.422,0.0012314957806404138
NRARP,6.907795082803098e-8,0.6055207504476583,0.819,0.589,0.0012492747407249402
FOCAD,6.921474390285161e-8,0.9236627291915421,0.458,0.206,0.0012517486434830713
LSM2,7.009209648815014e-8,0.7844404708827712,0.563,0.267,0.0012676155649881953
RBM3,7.124398985562836e-8,0.4937129158342841,0.909,0.706,0.0012884475565390389
EIF2D,7.127087522743246e-8,0.8094746660813303,0.53,0.25,0.0012889337784881161
HPCAL1,7.159142942755238e-8,0.7074911640776285,0.726,0.422,0.0012947310011972848
L3MBTL4,7.170081518639876e-8,1.4834616319034801,0.301,0.089,0.0012967092426460216
TUBG1,7.207477587849544e-8,0.9964177734025074,0.47,0.217,0.00130347232176259
USP22,7.225235386479139e-8,0.5169985708691658,0.891,0.711,0.0013066838196447524
SUMF2,7.23461916738489e-8,0.5818625802697193,0.87,0.639,0.0013083808764215573
NDUFA9,7.290170698819838e-8,0.6988253450474953,0.744,0.517,0.0013184273708815677
E2F8,7.421835694085816e-8,1.6688979598563272,0.247,0.056,0.0013422389852754198
TOMM34,7.572835130023348e-8,1.0477581212836697,0.443,0.194,0.0013695472332647225
WDR27,7.590921852022853e-8,0.7783249081166146,0.614,0.328,0.001372818216938333
FKBP9,7.595986508153392e-8,0.7022965923021502,0.631,0.339,0.001373734159999541
GYS1,7.642133069910961e-8,0.7336497189235337,0.48,0.206,0.0013820797656933974
ACLY,7.650768102862956e-8,0.6332952101872972,0.551,0.25,0.0013836414114027657
SOD3,7.759830923278905e-8,0.9903544038323363,0.635,0.356,0.0014033654224749898
ACTL6A,7.771364249478428e-8,0.7897295346423615,0.522,0.244,0.0014054512245181736
NSDHL,7.941792924609964e-8,1.1277438047973405,0.392,0.15,0.0014362732504157119
PRKRA,8.007909407803628e-8,0.9122335917171536,0.534,0.261,0.001448230416401286
NUDT5,8.09811185561092e-8,0.7831919462919843,0.604,0.328,0.001464543529087235
VWA1,8.185435328547218e-8,0.7361587138849333,0.571,0.294,0.0014803359791677644
SYBU,8.257646158444113e-8,1.0976546603173762,0.305,0.089,0.0014933953077546178
FBF1,8.261786142318125e-8,0.7959417013674883,0.487,0.217,0.001494144023838233
ANAPC7,8.52251851982136e-8,0.7064358900770679,0.637,0.339,0.001541297474309693
CCT3,8.644822447941571e-8,0.7691920507510224,0.565,0.283,0.0015634161397102332
POC1B,8.815095316087061e-8,0.9023452364116675,0.412,0.161,0.001594209987914345
HDHD5,8.81518559177828e-8,1.0296491595406687,0.384,0.144,0.001594226314273102
C11orf80,8.825532832712073e-8,0.8945769314085483,0.534,0.261,0.0015960976127959783
ADK,8.966134547253915e-8,0.6941310366025596,0.643,0.389,0.0016215254328708704
S100A11,9.083170921085683e-8,0.8101298961039199,0.693,0.444,0.0016426914610783458
C14orf119,9.104040254136208e-8,0.6175522817413566,0.695,0.422,0.0016464656799605331
DNAAF5,9.137241269846122e-8,0.826581699603563,0.577,0.311,0.0016524700836516712
AFAP1,9.236028017874658e-8,0.71366698645116,0.672,0.394,0.0016703356670326318
CENPH,9.522323427376496e-8,1.6418094698853212,0.231,0.044,0.0017221121918410394
ICMT,9.566393782394722e-8,0.7979336230111231,0.569,0.289,0.0017300823155460855
RPUSD4,9.617521009021607e-8,0.8393958900364373,0.435,0.178,0.0017393286744815577
B9D1,9.61784097650583e-8,1.1992221314797982,0.334,0.111,0.0017393865406010792
PSMD14,9.632575678858611e-8,1.1467251481879543,0.328,0.106,0.00174205131152158
TIMM21,9.674587920551818e-8,0.8718135725127022,0.476,0.211,0.0017496492254317963
SIVA1,9.693004878287507e-8,0.5596808519041949,0.814,0.617,0.0017529799322382957
NOTCH1,9.716630379073039e-8,0.6171923226257707,0.751,0.478,0.001757252604055359
TCF3,1.0152127060121042e-7,0.5246864833555414,0.856,0.606,0.0018360121788228905
MEA1,1.0192650052305007e-7,0.7365832885500312,0.524,0.239,0.0018433407619593606
RCC2,1.035271091899089e-7,0.7927456239366455,0.509,0.233,0.0018722877696995025
CCDC149,1.0475676707398578e-7,0.8612001699315197,0.371,0.128,0.0018945261325330328
CCDC150,1.059880328123308e-7,1.7969151207075278,0.219,0.039,0.0019167935734110025
BUB3,1.0871998895129808e-7,0.7401248934035036,0.588,0.294,0.001966201000184226
BIRC5,1.1008787044153295e-7,1.337581521180409,0.338,0.122,0.0019909391369351236
C20orf96,1.114111952011396e-7,0.8778512183192917,0.52,0.25,0.00201487146521261
CFAP97,1.1303149760094602e-7,0.9987569920305575,0.373,0.139,0.0020441746341131085
TMEM237,1.141356561470487e-7,3.367835074170131,0.171,0.017,0.002064143341419376
BOP1,1.1536126480651992e-7,1.1647235584180087,0.318,0.1,0.0020863084740259125
CLDN12,1.1841075665043805e-7,0.7181552041916004,0.536,0.256,0.002141458534023172
SPG21,1.1987991800707315e-7,0.7198771329605496,0.753,0.506,0.002168028317157918
RTEL1,1.2093458490956186e-7,0.7643750527985778,0.542,0.256,0.0021871019680894262
MMAB,1.2123610385795943e-07,0.814792523768326,0.528,0.256,0.002192554938271196
CYC1,1.2270536996130675e-7,0.5153108675845444,0.882,0.756,0.0022191266157502326
SLC2A12,1.2284938223615482e-7,2.364189603690884,0.186,0.022,0.00222173107774086
NOTUM,1.2569477480997689e-7,3.2286011682875153,0.198,0.033,0.002273190002438432
WDR18,1.2605152917275847e-7,0.7406985093943668,0.559,0.294,0.002279641905089337
WDR74,1.2626478089048862e-7,0.743232748898077,0.573,0.289,0.002283498562404487
NUP205,1.290348527104925e-7,0.739883683967935,0.592,0.322,0.002333595311269257
ULK4,1.295141456140964e-7,0.7454563525867526,0.503,0.233,0.0023422633234309333
SLC35B2,1.3000576157445352e-7,0.7403641182530754,0.563,0.272,0.002351154198073992
CDK5RAP2,1.3197849987055881e-7,0.6393853211576797,0.573,0.278,0.002386831170159056
E2F1,1.3232015758896464e-7,1.19683851022382,0.348,0.122,0.0023930100499964255
TRAPPC12,1.3234236838398478e-7,0.686251474041996,0.604,0.317,0.0023934117322243647
MLLT1,1.3359405897651882e-7,0.5951687055681314,0.635,0.333,0.002416048556590343
INTS14,1.3366940073811814e-7,0.8192072946716207,0.505,0.244,0.0024174111123488667
HERC2,1.337058637395141e-7,0.6600770026100127,0.759,0.511,0.0024180705457291125
NABP2,1.3684124621362e-7,0.8937302877690859,0.497,0.239,0.0024747739377733178
PTRHD1,1.385683633157239e-7,0.8972908313203165,0.398,0.156,0.002506008850564867
PPP2R1B,1.420243058728827e-7,0.703663520972026,0.769,0.522,0.0025685095717110835
GCLM,1.423940777917209e-7,0.925478374636693,0.332,0.111,0.002575196896863272
GSTCD,1.437471896754082e-7,1.192179222820712,0.33,0.117,0.0025996679252797573
SPAST,1.442934393709139e-7,0.7700712894004029,0.52,0.25,0.002609546851022978
CIP2A,1.4440550014718258e-7,1.3389084089625185,0.256,0.061,0.002611573470161797
COL12A1,1.4485996109419976e-7,1.8530686531304001,0.258,0.067,0.0026197923963886026
DDB2,1.45134728176073e-7,0.9544942285665727,0.445,0.2,0.0026247615590642803
ARPP19,1.4587882399904082e-7,0.7234255423169461,0.672,0.389,0.0026382185320226533
MEX3D,1.4635109491100626e-7,0.7154790238415188,0.685,0.4,0.002646759551465548
KNOP1,1.4710607194506522e-7,0.9709337478472655,0.431,0.178,0.0026604133111265047
SPNS2,1.4827047448394933e-7,1.1273463469897353,0.342,0.122,0.0026814715310422236
TROAP,1.4969002741889276e-7,1.5710502433003353,0.276,0.078,0.0027071441458706757
MTHFD1L,1.5049081228583844e-7,0.9592863720089191,0.398,0.156,0.0027216263401893884
TWISTNB,1.5261012372171242e-7,1.0795078075283984,0.332,0.111,0.0027599540875071693
HIST1H2BH,1.526410481769805e-7,0.9810434576612124,0.388,0.15,0.0027605133562806925
EXOSC4,1.5295687508022872e-7,0.743215795613016,0.518,0.233,0.0027662250858259364
SLIRP,1.5359275664515144e-7,1.0247018428871546,0.386,0.15,0.0027777250039275636
APBB2,1.5363976844809607e-7,0.9251895018486742,0.416,0.172,0.0027785752123838173
TBCB,1.5454383448144137e-7,0.5688642984236596,0.798,0.55,0.0027949252465968672
RBM19,1.592943891391806e-7,0.6199343948969589,0.53,0.244,0.002880839027582081
TTLL5,1.593393465110909e-7,0.5776162513167056,0.736,0.45,0.002881652081653079
CBX5,1.594823408463767e-7,0.8426779669342873,0.458,0.2,0.0028842381342067225
ZC3H15,1.6153130753727122e-7,0.4923770097950705,0.882,0.717,0.00292129369681155
ZKSCAN1,1.6172721601451591e-7,0.5127769003719219,0.845,0.594,0.00292483670162252
KHK,1.673238514502702e-7,1.3333663741842539,0.293,0.089,0.0030260518534781368
ITGB8,1.6821917342241258e-7,1.1882444559414482,0.456,0.217,0.0030422437513443314
MECR,1.7130575044403212e-7,0.9214815499575628,0.324,0.1,0.003098064496780321
CMTM4,1.7438841954413304e-7,0.7091753129334744,0.678,0.417,0.003153814567455646
TIGD2,1.7543751682126324e-7,0.8999524197901905,0.388,0.15,0.003172787491712546
OIP5,1.7763766299520673e-7,1.7160035087141132,0.204,0.033,0.003212577135268314
CASP2,1.7765051440620938e-7,0.6910600865986929,0.703,0.422,0.0032128095530362965
DDRGK1,1.7939630687760872e-7,0.6735394756489526,0.777,0.511,0.0032443822098815536
GARS,1.7992982159983674e-7,0.8538252991446568,0.551,0.283,0.0032540308236330474
DHCR7,1.809275828660014e-7,1.42663857081325,0.291,0.089,0.0032720753361316357
PRSS23,1.8178887611087626e-7,0.6937616740218553,0.812,0.567,0.003287651824465197
RASSF10,1.8268935300358757e-7,3.2286766105707785,0.159,0.011,0.0033039369490698812
MLLT6,1.8431464022596018e-7,0.5083698764350644,0.878,0.683,0.00333333026848649
TASP1,1.8554884089509534e-7,0.6129006608584715,0.557,0.278,0.003355650787587799
PTCD1,1.8616177152932175e-7,0.9093224303263017,0.379,0.144,0.003366735638107784
WDR5,1.8648702686232524e-7,0.9498265632880454,0.386,0.15,0.003372617880805152
ABHD14B,1.8782235043265633e-7,0.7402317010622096,0.641,0.361,0.0033967672075745897
CA9,1.8910006883585693e-7,2.147500587671618,0.252,0.067,0.0034198747448964725
BAX,1.8999339767516523e-7,0.5996415880329204,0.792,0.578,0.0034360305969553633
ZNF202,1.9151154832092565e-7,1.0508433826038583,0.342,0.117,0.00346348635138394
CARS2,1.9235040239586585e-7,0.7857151974459471,0.565,0.289,0.003478657027329234
HSPA4,1.9297302301923177e-7,0.7129004995872369,0.509,0.233,0.0034899171213028067
CUL4A,1.9299238473227772e-7,0.5016188152445742,0.8,0.561,0.0034902672778832425
PSMB4,1.933009897538008e-7,0.6957574507250932,0.649,0.378,0.0034958483996974875
HNRNPD,1.9390919090612675e-7,0.5945533874856784,0.777,0.55,0.003506847717537302
AP1S3,1.9505794403116373e-7,0.9305912613373761,0.485,0.228,0.003527622917803596
EBPL,1.9585713659971669e-7,0.9008280798079973,0.458,0.2,0.0035420763154058762
TP53BP1,1.9879398711121268e-7,1.0407977333942398,0.379,0.15,0.0035951892569062813
OSBP2,1.991712416185612e-7,1.6874750204449267,0.239,0.056,0.003602011904671679
HADH,1.999675346644068e-7,0.6692916857883854,0.691,0.4,0.003616412864405797
LRATD2,2.0111088105427287e-7,0.706183500111278,0.524,0.244,0.003637090283866525
SHF,2.0414957949134946e-7,1.237626396694088,0.351,0.133,0.003692045145101055
PFKM,2.0451303515507426e-7,0.686013290381769,0.548,0.261,0.0036986182407795177
WDR36,2.0609255522731015e-7,0.7861503164400474,0.569,0.289,0.003727183861285904
NDUFA7,2.0620612935994803e-7,0.6691127552191503,0.705,0.411,0.00372923784947466
MCM10,2.1329579028951235e-7,2.197425271621487,0.181,0.022,0.0038574543673858307
SMC6,2.153362392846783e-7,0.7474177237472572,0.553,0.283,0.0038943558874634074
SLC28A2,2.2022657415903064e-7,1.6137893885077832,0.351,0.144,0.003982797593666069
CEP78,2.217451531183129e-7,0.9771102128502716,0.381,0.15,0.004010261094144689
RHOBTB3,2.2221238001491276e-7,0.7205156191481846,0.596,0.311,0.004018710892569697
LRFN4,2.2331840324444605e-7,0.7467215672394014,0.596,0.333,0.004038713322675807
PPA1,2.2548885748595087e-7,0.8510247305394429,0.573,0.317,0.0040779659876334215
TMEM161A,2.2618731144381866e-7,0.9495818183115865,0.439,0.189,0.00409059752746146
METAP2,2.2630696620054228e-7,0.7866906409824581,0.458,0.2,0.004092761483736807
ODC1,2.2814327781713327e-7,0.8418100399580764,0.386,0.15,0.004125971179322855
GPN3,2.3291159419296117e-7,1.0863785877619205,0.301,0.094,0.004212206180979703
DNTTIP2,2.3616228729228754e-7,0.6507374616904702,0.633,0.333,0.004270994965681021
H2AFY2,2.3999753087848875e-7,1.0242435691800693,0.39,0.156,0.004340355345937469
SLCO4A1,2.4004229172713297e-7,1.634547679842791,0.235,0.056,0.004341164845885199
ORC5,2.4146547301702604e-7,1.02302863880567,0.357,0.128,0.004366903079512916
GOT1,2.4286136888058057e-7,0.8459986991069812,0.408,0.161,0.004392147856205299
SUZ12,2.4987539921801373e-7,0.7838459408264713,0.588,0.306,0.0045189965948577784
MOCOS,2.5006210544413216e-7,1.3519050703412807,0.272,0.078,0.00452237317695713
MAP3K20,2.510949160464742e-7,1.0147830177614419,0.429,0.189,0.004541051556700486
SFPQ,2.5589239744041887e-7,0.7010079947368867,0.753,0.517,0.004627814007709975
POLR2E,2.57103432101336e-7,0.5664270962234239,0.792,0.556,0.0046497155695526616
ACP6,2.5862186932870127e-7,0.8781669860424182,0.431,0.183,0.004677176506809562
PIAS2,2.6020757185701116e-7,0.7448584374067295,0.577,0.3,0.004705853937034047
NEK6,2.606218076928098e-7,0.477938812289473,0.934,0.767,0.004713345392124466
ZYX,2.6679016458514633e-7,0.548277507173855,0.825,0.583,0.004824900126522372
DDX21,2.693768257869107e-7,0.7503458906757569,0.571,0.306,0.00487167989435628
GSPT1,2.7053014315642826e-7,0.9067238484822728,0.353,0.122,0.004892537638984005
OCIAD2,2.7559140503116357e-7,0.5077806157326781,0.819,0.572,0.004984070559988593
ALG5,2.811262141107316e-7,0.6751635182504467,0.718,0.461,0.005084167582192581
PRTFDC1,2.8167421971984244e-7,1.1759844198379992,0.305,0.1,0.0050940782636333505
SLC25A10,2.818231784529745e-7,0.7844618462316639,0.478,0.211,0.005096772182322043
API5,2.824738088291988e-7,0.52133972925872,0.835,0.644,0.00510853883267606
SNRPA1,2.8412850542292886e-7,0.6622473352795035,0.66,0.372,0.005138464020573668
NDUFS5,2.843889260102811e-7,0.5282336018666831,0.802,0.539,0.005143173726895934
WNK4,2.8801182811797116e-7,0.5687669909068627,0.753,0.472,0.005208693911513508
PSMC3,2.8856791462855763e-7,0.49995778476296565,0.695,0.383,0.005218750736057464
PRMT1,2.910430294671123e-7,0.6924452302043682,0.596,0.322,0.005263513187912725
TRUB2,2.9214467206100805e-7,0.7347692811023463,0.507,0.233,0.005283436394223331
PARPBP,2.9243674257488494e-7,1.5207658939197537,0.243,0.061,0.005288718489466794
TICRR,2.943596310698352e-7,1.8763612891186718,0.237,0.061,0.00532349392789797
EPDR1,2.951354782896881e-7,0.9270985588222793,0.416,0.178,0.005337525124869009
PTP4A3,2.9565470201691815e-7,1.0736560572127976,0.396,0.167,0.005346915285975965
TRIM29,2.958063952273768e-7,1.429488495580706,0.28,0.083,0.005349658657687109
SPIN4,2.9865795304935035e-7,0.8995913711121407,0.443,0.194,0.005401229080897501
BCS1L,3.048897429905936e-7,0.7403798577017393,0.557,0.272,0.005513931001984885
SFXN4,3.082020864273554e-7,0.7748774906947926,0.48,0.222,0.005573834733038722
ADCK2,3.1171842466810104e-7,0.7211990870620293,0.551,0.272,0.005637427710122607
ZNF84,3.139733064597001e-7,1.0546174217638762,0.332,0.117,0.0056782072473236765
LRR1,3.14439369708486e-7,0.7999996203552486,0.447,0.194,0.005686636001177969
ARPC5L,3.179062072143242e-7,0.5957983972578949,0.742,0.544,0.005749333757471053
POLR2L,3.2013406741799004e-7,0.5063656417216742,0.858,0.717,0.00578962460925435
AUTS2,3.2062802481507774e-7,0.8085767512162341,0.507,0.244,0.0057985578287806806
AIMP2,3.209689572214797e-7,0.6874940348589142,0.59,0.306,0.00580472359135046
NDUFB10,3.2337095673573376e-7,0.39941884239790304,0.911,0.733,0.005848163752565745
ARL2,3.243624971422532e-7,0.6226592559635166,0.753,0.472,0.0058660957608176485
EIF2AK1,3.255260516858643e-7,0.45129732501535563,0.833,0.572,0.005887138644738855
QDPR,3.2633276830397923e-7,0.7751339431660718,0.563,0.294,0.005901728114777465
SAE1,3.2852664177732657e-7,0.7903222822139733,0.577,0.322,0.005941404316542951
CENPX,3.3218063631870264e-7,0.6819773203048596,0.72,0.489,0.006007486807823737
TARBP1,3.3229617174913665e-7,0.7246500090428962,0.606,0.333,0.006009576266083136
CCDC47,3.345142880306752e-7,0.5546809838612876,0.806,0.55,0.006049690899034761
PBX4,3.3690848580223515e-7,1.214662947902129,0.268,0.072,0.006092989965733423
RRP7A,3.3887187186453215e-7,0.6958013169122279,0.652,0.356,0.006128497802670064
TMED3,3.507553009052167e-7,0.7699688657862652,0.524,0.261,0.006343409616870844
GEN1,3.551611905604352e-7,0.7220408406714699,0.505,0.244,0.0064230901312854706
DDX31,3.559645187061646e-7,0.9275994948055084,0.373,0.144,0.0064376183208009865
MAP7,3.628872531167874e-7,0.6437172499490266,0.72,0.422,0.0065628159726171
EXOSC10,3.635140927260621e-7,0.6988425662186064,0.546,0.267,0.006574152366950833
GRHPR,3.671304603143354e-7,0.6345643429750906,0.586,0.306,0.006639554374784756
TARS2,3.676186924610443e-7,0.9169492879976475,0.318,0.106,0.006648384053157986
MSH6,3.70500241268761e-7,0.837147027681459,0.427,0.183,0.006700496863345542
ENGASE,3.770191346795661e-7,0.58018232428797,0.755,0.472,0.006818391050679953
AMT,3.8333419948266014e-7,0.7210700877467597,0.637,0.361,0.006932598997643908
BCAP31,3.8751674259280295e-7,0.6433984725730022,0.705,0.428,0.007008240289790841
PSMC2,3.9255951977369505e-7,0.6610302241291658,0.532,0.256,0.007099438915107275
DCAF13,3.939128168079609e-7,0.7181410251174989,0.559,0.267,0.0071239132919719735
SLC4A8,3.949546926111088e-7,1.0431505296286943,0.303,0.094,0.007142755615871903
ATP5ME,3.957374972724503e-7,0.47312297701625416,0.866,0.667,0.007156912638172264
AKR1E2,3.962182610456571e-7,1.8389330457604585,0.252,0.072,0.007165607251010709
TNFRSF10A,4.044252535223659e-7,0.674428919353848,0.449,0.194,0.007314030709951988
RPP40,4.1546245051993956e-7,1.1236148523493237,0.322,0.111,0.007513638417653107
NSUN2,4.2247216189521414e-7,0.6529892214314978,0.718,0.489,0.007640409047874948
MPHOSPH10,4.244759730776334e-7,0.7026970196234967,0.598,0.322,0.007676647973109
LAMB2,4.3043265245076013e-7,0.5789744866965336,0.532,0.25,0.007784374519571997
TIMM8A,4.3096989133775463e-7,0.925926251976132,0.398,0.161,0.007794090484843292
DNAJC2,4.355173704469042e-7,0.5824177476292667,0.573,0.278,0.007876331644532263
NUDCD3,4.358237349486925e-7,0.6666012121302077,0.695,0.428,0.007881872246547104
GATD1,4.3807197354719934e-7,0.6119792462298513,0.757,0.489,0.0079225316416011
IDH3B,4.392191799693991e-7,0.4929803681863343,0.852,0.628,0.007943278869746584
COPRS,4.3938627006676593e-7,0.7964950241628248,0.503,0.239,0.007946300694157462
PSAT1,4.4100184313580956e-7,1.9089169071196643,0.227,0.056,0.007975518333111116
COX7A2,4.5022385136969797e-7,0.3910248781606538,0.951,0.833,0.008142298352020988
FARSA,4.5744016673878724e-7,0.6898823775297872,0.635,0.367,0.008272805415470968
UNG,4.620194295875043e-7,0.8438946050574647,0.491,0.228,0.008355621384090016
DCUN1D1,4.625224845525026e-7,0.7864441395455563,0.478,0.217,0.00836471913313201
ECM1,4.630868190594597e-7,0.7461777526736866,0.565,0.294,0.008374925122690328
MSH5,4.664748220014141e-7,0.8255935149642013,0.412,0.172,0.008436197155895574
TRIB3,4.6881579438508286e-7,1.791281201208199,0.237,0.061,0.008478533641454223
PGAP1,4.688810180270196e-7,1.2705612495033747,0.266,0.078,0.008479713211018649
CEMIP2,4.7399420193168994e-7,0.6294393809526689,0.744,0.483,0.008572185141934613
VRK1,4.795431746338009e-7,0.8067479378079033,0.482,0.233,0.00867253831325229
BCL2L12,4.822164212764183e-7,1.4796050958471931,0.249,0.067,0.008720883978784025
CASC3,4.865311705420185e-7,0.6319733433426216,0.761,0.494,0.008798916219252405
RFC2,4.868368203156009e-7,0.8406103832546263,0.408,0.172,0.008804443895407642
DHX9,4.877265901075282e-7,0.7285361296910847,0.614,0.344,0.008820535382094647
OBI1,4.881671931038816e-7,1.5545387473750178,0.231,0.056,0.0088285036872837
AKT1,4.914349563053294e-7,0.42328110632790183,0.913,0.761,0.008887601184781881
PFDN6,4.932551475587326e-7,0.6484210323643834,0.643,0.356,0.00892051934359968
RPF1,4.950472600758323e-7,1.1486558680407675,0.377,0.161,0.008952929698471427
HIST1H4C,5.014771057055427e-7,0.6784025798805352,0.427,0.189,0.00906921345668474
KAZALD1,5.025358481778923e-7,1.0229615437673436,0.363,0.144,0.009088360814297184
DHX33,5.050739448064579e-7,0.960366634912357,0.41,0.178,0.00913426229182479
SRPX2,5.074705984779417e-7,1.0934717983236664,0.33,0.122,0.009177605773473575
DFFA,5.078934710210627e-7,0.8835531326062637,0.472,0.228,0.00918525342341592
FNBP1L,5.08588884133471e-7,0.5619689144954292,0.685,0.411,0.009197829969553824
SSBP1,5.145498556401007e-7,0.7502228922262982,0.548,0.289,0.009305634139251222
ANKS6,5.14942883314106e-7,0.7587750764260368,0.454,0.194,0.009312742044735608
B3GALNT2,5.163084960793992e-7,0.8604213862039123,0.367,0.139,0.009337439151595935
DLAT,5.180800245359803e-7,0.7450057940274846,0.528,0.267,0.009369477243733205
PTBP3,5.212323970697387e-7,0.46038757345561643,0.868,0.694,0.009426487901006225
E2F3,5.234584568407336e-7,0.7608143556236899,0.443,0.194,0.009466746191964666
TNFRSF10D,5.254860275315948e-7,0.8423817799956348,0.39,0.156,0.009503414807908893
RBBP8NL,5.271308613228385e-7,2.2283117468284295,0.181,0.028,0.009533161627023534
PIGX,5.366408796087279e-7,0.8990164410447159,0.452,0.206,0.009705150307723844
ICA1,5.367081731542165e-7,0.6236293557237866,0.808,0.583,0.009706367311494006
ECSIT,5.407327264269294e-7,0.5968137312089813,0.678,0.4,0.009779151357431017
POLDIP2,5.410613785707155e-7,0.5204208737852773,0.775,0.55,0.00978509503145139
C9orf16,5.540352530168445e-7,0.45287693862513123,0.854,0.628,0.010019727550809633
HEATR1,5.567657619204634e-7,0.7569948719415929,0.485,0.222,0.01006910880433158
ODF2,5.692901156187643e-7,0.730273917107733,0.571,0.306,0.010295611740965351
IARS2,5.713984837700645e-7,0.5873477422038439,0.748,0.528,0.010333741578981617
UCHL3,5.732064110937032e-7,0.7913490461534286,0.54,0.278,0.010366437944629622
FCSK,5.753911095240096e-7,0.6732762501814511,0.579,0.311,0.010405948215741713
DPY30,5.798046116239645e-7,0.6411141984125746,0.579,0.3,0.010485766401219399
PPIL1,5.799005169800873e-7,1.1444421488854144,0.322,0.117,0.01048750084958488
AGO2,5.830726569960307e-7,0.6697110776898935,0.588,0.3,0.010544869001773215
STT3B,5.873002905459317e-7,0.47824996975625156,0.897,0.733,0.010621325754523174
CDK2AP1,5.977259216115306e-7,0.7821103591666562,0.608,0.344,0.010809873292344532
ZNF695,6.033227953551712e-7,3.2609731187737983,0.138,0.006,0.01091109275399827
CAAP1,6.055896565767179e-7,0.547492242521383,0.726,0.467,0.010952088939189943
UBE2H,6.110621560692502e-7,0.7117919026071415,0.571,0.294,0.01105105909251239
DDIT4,6.15508421756421e-7,0.8144338004266842,0.687,0.45,0.011131469807464874
TGFBI,6.21908684528054e-7,0.7301571216277731,0.748,0.494,0.011247218559689857
PMPCB,6.295621093691656e-7,0.44149983030083173,0.907,0.783,0.01138563074794136
S100A2,6.301352914994326e-7,1.6902652351182055,0.235,0.061,0.011395996746767239
PAM16,6.336826110851165e-7,0.6376216113577295,0.713,0.439,0.011460150021474333
ATAD3A,6.429089936549243e-7,0.8240920837049877,0.41,0.178,0.011627009150249307
TCF12,6.497960076836052e-7,0.8515875488596508,0.579,0.328,0.011751560798958
ATXN10,6.636637325988659e-7,0.8365739774880485,0.54,0.278,0.01200235860405049
CD200,6.679144661003645e-7,1.6545625952116718,0.194,0.033,0.012079233119425091
POLR2B,6.710878242939421e-7,0.572968398814754,0.687,0.394,0.012136623302355943
DNPH1,6.797799626655797e-7,0.5856947393726264,0.718,0.461,0.012293820624807009
WDR75,6.832701190803415e-7,0.6779621715727382,0.557,0.289,0.012356940103567976
IRAK1BP1,6.87346803644212e-7,2.725976665450144,0.148,0.011,0.012430666943905573
LCORL,6.893339982187688e-7,0.6347089779804271,0.472,0.211,0.012466605357786435
PSMD13,6.934683557419343e-7,0.5307555835711595,0.831,0.667,0.012541375213592882
CCDC113,6.995481123906121e-7,1.3478038942906299,0.247,0.067,0.01265132761258422
KDELR3,7.284729610219985e-7,1.2190757049174228,0.326,0.122,0.013174433500082842
POLE2,7.307438542973351e-7,1.437010494950886,0.247,0.067,0.013215502604967306
CCNF,7.331167815409986e-7,1.2631969309688162,0.303,0.106,0.01325841699416896
TGFBR2,7.333487531500916e-7,0.5282351919608632,0.872,0.656,0.013262612200719406
STX1A,7.344280505928954e-7,1.2920236729632633,0.247,0.067,0.013282131294972514
STK11,7.391032659840903e-7,0.5004319740452725,0.812,0.539,0.013366682565322273
ALDH3A2,7.462725824551448e-7,0.553038239934776,0.814,0.628,0.013496339653701294
ARHGAP33,7.495560587984769e-7,1.2691012228764809,0.249,0.067,0.013555721323370455
NECTIN4,7.506857947380872e-7,1.1035108262216857,0.313,0.111,0.013576152597838308
SLC25A26,7.575676903505655e-7,0.7037725294767136,0.445,0.194,0.013700611679989977
SP5,7.636703646809666e-7,1.5501696798829867,0.225,0.056,0.01381097854525528
TELO2,7.673523839687656e-7,0.6369035264644226,0.695,0.439,0.013877567864075126
CSTF1,7.679516299763521e-7,0.9274469516981472,0.398,0.172,0.013888405228122328
PDHX,7.791089677660897e-7,0.7098828942171895,0.435,0.183,0.014090185682049733
FOPNL,8.014789552277177e-7,0.8934734507912772,0.433,0.189,0.014494746905293274
PDCD6,8.086146988323686e-7,0.586097238606374,0.773,0.506,0.014623796828383386
KLF7,8.126753688203047e-7,1.0773099130094026,0.305,0.106,0.01469723404511521
FEN1,8.146513696286357e-7,1.1510506589396696,0.268,0.078,0.014732970019733876
BOLA3,8.212017065626648e-7,1.0919012033576148,0.301,0.1,0.014851432863185793
SLC39A10,8.268070372744147e-7,1.001577966622977,0.348,0.133,0.01495280526910779
LONP1,8.285195487494754e-7,0.6359382376661694,0.67,0.383,0.014983776039134263
ZPR1,8.408420932430005e-7,0.8342642479905349,0.396,0.167,0.015206629256299663
FAM241A,8.522425669806404e-7,1.0374914730872233,0.32,0.117,0.015412806823844882
ZNF774,8.607659561217854e-7,1.087425391701104,0.33,0.117,0.015566952316462488
TPR,8.712592268364902e-7,0.5212347247302006,0.742,0.511,0.015756723117337924
BRAT1,8.712824972632821e-7,0.6764926577495949,0.645,0.372,0.015757143963006457
ITGB1BP1,8.716617139142396e-7,0.9920069618601128,0.367,0.15,0.015764002096139023
POC1A,8.728996684943861e-7,1.2488560866191605,0.285,0.094,0.015786390504720974
PRIM2,8.83258057207204e-7,1.063581122624253,0.252,0.067,0.015973721964592284
RBMX,8.863549981612214e-7,0.7801008429237145,0.487,0.239,0.01602973014174569
NTN4,8.942434479423246e-7,0.5027082749777962,0.513,0.244,0.01617239275603694
BOK,8.983327925613247e-7,0.8997842138416787,0.458,0.217,0.016246348553471558
FAM227A,9.038090120365532e-7,1.9530061145042819,0.169,0.022,0.016345385982681065
TRIAP1,9.098248949697628e-7,0.8249702889820227,0.359,0.144,0.01645418322552816
CDHR1,9.131514595475183e-7,0.7744680830228698,0.654,0.406,0.01651434414591687
ODR4,9.135500402470785e-7,0.637556986434397,0.513,0.25,0.016521552477868413
WDR46,9.160922546951793e-7,0.5031135687021902,0.777,0.483,0.01656752842616232
KAT2A,9.178993526003341e-7,0.6659425742351182,0.416,0.183,0.01660020979177704
PRDM5,9.215901664431073e-7,0.9333283885876964,0.361,0.139,0.016666958160123594
UTP11,9.223016444859044e-7,0.6434815415376949,0.361,0.133,0.016679825240527583
PDP1,9.266500115663162e-7,0.6982679659226623,0.419,0.178,0.01675846545917683
PKP4,9.268995746545221e-7,0.8612855152598815,0.309,0.106,0.016762978807627033
RARS,9.318160753875876e-7,0.5487115389988758,0.755,0.494,0.016851893723384522
HILPDA,9.332006365554158e-7,0.978863012444561,0.266,0.078,0.016876933512104696
IL20RA,9.496072549720277e-7,0.9954248668531107,0.309,0.106,0.01717364720616912
RCN2,9.496351010245997e-7,0.7853761823606509,0.392,0.161,0.017174150802029886
IRX2,9.524147907099144e-7,2.529437719121979,0.157,0.017,0.0172244214899888
DUSP18,9.544734654575404e-7,1.183610338347656,0.293,0.1,0.01726165262279962
EIF3J,9.600583695244826e-7,0.7576099313389776,0.596,0.344,0.017362655612850268
TIMMDC1,9.65759968988959e-7,0.5972918636415503,0.761,0.528,0.017465769039165323
VRK2,9.83346117352579e-7,0.5499078454420513,0.738,0.467,0.01778381453232139
ZNF827,9.861723764802123e-7,0.5786348054789192,0.46,0.2,0.01783492742864464
METTL5,1.0044849860454722e-6,0.8995551483486957,0.485,0.244,0.018166110972632363
CDK5RAP1,1.0066597164202863e-6,0.6968095606932447,0.456,0.194,0.018205440971460877
TALDO1,1.0143546729503732e-6,0.5227743681407115,0.759,0.561,0.018344604260307498
PM20D2,1.017585879085223e-6,0.5583823433250674,0.414,0.178,0.018403040623256258
TAGLN2,1.019323072014401e-6,0.5242121884934443,0.81,0.583,0.01843445775738044
ADCY3,1.0247938198031575e-6,0.6778011180512753,0.513,0.267,0.018533396231140104
TTL,1.0294496737014484e-6,0.712128558012564,0.468,0.222,0.018617597348890694
CLOCK,1.0379860273413391e-6,0.7038644057825767,0.41,0.178,0.01877197730446812
BRI3BP,1.0514353152804207e-6,0.580219431681573,0.816,0.628,0.019015207676846408
UTP25,1.0658450902433546e-6,0.7296226473269034,0.466,0.211,0.01927580845705107
APTX,1.0688950261444623e-6,0.7328898331008362,0.507,0.256,0.0193309665478226
SBSPON,1.07891744318313e-6,1.828227708511542,0.212,0.05,0.019512221959966908
IMP4,1.082039052164485e-6,0.6699497223087695,0.66,0.378,0.019568676258394712
MYL6B,1.0894909224518023e-6,1.4338984917705866,0.223,0.056,0.019703443332540843
CHD3,1.1046746763350494e-6,0.5949105755640302,0.753,0.539,0.019978041521519368
LRSAM1,1.1051338980454316e-6,0.6324265093148558,0.449,0.2,0.01998634654615163
ACO1,1.1252128992312105e-6,0.6713783336042232,0.515,0.261,0.02034947528259644
ZFP36L1,1.1302881126614274e-6,0.46746350138578374,0.897,0.733,0.020441260517481914
GINS1,1.1355834182734542e-6,1.4842321643841476,0.223,0.056,0.02053702611947542
AMPD2,1.1512418649488375e-6,0.656598629246292,0.53,0.261,0.020820209127599725
LRRC27,1.151360353648935e-6,1.453514483562354,0.223,0.056,0.02082235199574099
ROCK2,1.1562036521165362e-6,0.5172042792504894,0.856,0.717,0.020909943048527557
FANCC,1.157858611641081e-6,1.1443801381604946,0.324,0.122,0.02093987299152895
NOC3L,1.1598484984410715e-6,0.8412186225717679,0.412,0.172,0.020975860094306777
ZCCHC17,1.1615989115544716e-6,0.7736367490435954,0.412,0.183,0.021007516315462618
COA1,1.1657515903470523e-6,0.9167215918779181,0.388,0.161,0.02108261751142644
TMTC4,1.1680232937928986e-6,0.7435847875473305,0.419,0.183,0.02112370126824457
TMX2,1.1699474652214459e-6,0.40945881154608976,0.901,0.75,0.02115849990852985
PABPC1L,1.1737411947172925e-6,0.7332185431657112,0.629,0.372,0.021227109506462234
PDIA6,1.1745780698903302e-6,0.6856022479904591,0.652,0.417,0.02124224439396662
DCUN1D5,1.1779464379854544e-6,1.667424019864379,0.219,0.056,0.021303161330966942
TMEM68,1.1797433862505506e-6,0.5032343596906516,0.744,0.433,0.021335659140341207
DCAF16,1.2028826648658616e-6,0.6935736221458387,0.565,0.306,0.021754132994099108
SCCPDH,1.2183860304215022e-6,0.7202159017006062,0.52,0.261,0.022034511360172867
ZCRB1,1.22950535044478e-6,0.6989113193956261,0.641,0.378,0.022235604262793845
HGH1,1.2302056497263243e-6,0.6890940484805113,0.47,0.222,0.022248269175300577
COPS4,1.2324769653154465e-6,0.7452560186793186,0.464,0.222,0.02228934591772985
DNAH14,1.233645893927358e-6,1.4752704389253766,0.241,0.067,0.02231048599167627
MACC1,1.2340437829537919e-6,0.7584272147766083,0.546,0.3,0.022317681814719326
EEF1E1,1.2457492810831809e-6,2.2238684063055523,0.181,0.033,0.022529375748389327
LIMCH1,1.2466115736448341e-6,0.886500298698498,0.287,0.094,0.022544970309366825
CLUAP1,1.2526030887181517e-6,0.8375762842021341,0.278,0.089,0.022653326859467773
ZNF587B,1.2563105150530716e-6,0.5881157169033309,0.449,0.189,0.0227203756647348
CAMLG,1.2767576064587752e-6,0.8243466787424671,0.427,0.2,0.02309016131280695
NCAPD2,1.2773021966804338e-6,0.7054227552104024,0.532,0.283,0.023100010226965645
RNF157,1.2793975308414166e-6,0.8351784877256541,0.355,0.139,0.02313790434526702
EHBP1,1.2893558808486842e-6,0.6298808197216097,0.602,0.322,0.023318001105148454
LIF,1.2920760318752595e-6,0.8781041089363817,0.429,0.194,0.023367195036464068
CARNMT1,1.29345397387889e-6,0.7815044323082199,0.447,0.211,0.023392115117599727
IPO11,1.299591108353399e-6,1.0251268258731159,0.336,0.133,0.02350310519457122
TIMM10,1.321324806921682e-6,0.8066633407606014,0.555,0.3,0.023896159133178618
FOXK1,1.328209135192122e-6,0.6167872687142986,0.6,0.322,0.024020662209949525
TRA2A,1.3398738690777096e-6,0.47008498078047845,0.87,0.672,0.024231618922270378
CEBPZOS,1.3484993899602208e-6,0.6742619322256269,0.408,0.178,0.024387611467430594
MDN1,1.359285586891106e-6,0.6147688272112275,0.416,0.172,0.024582679838925654
ITPA,1.3615127347825424e-6,0.43974265002566404,0.8,0.5,0.02462295780854228
RAB13,1.3705034172358759e-6,0.559126498084674,0.802,0.611,0.024785554300710815
EXOSC5,1.3825976607289088e-6,1.0160148195626428,0.336,0.133,0.025004278694282317
SUPT16H,1.3858807520823242e-6,0.6045859172919983,0.608,0.322,0.02506365340140883
CAMKMT,1.3877654988770843e-6,0.7143219995854466,0.606,0.339,0.02509773904719207
POLA2,1.3921580281256904e-6,1.018635426003208,0.301,0.106,0.02517717793865311
MAP4K3,1.3971105003693319e-6,0.6042778987274544,0.59,0.311,0.025266743399179368
UBAP2,1.3987610326950182e-6,0.8527778593508133,0.447,0.211,0.025296593276289404
KLHL3,1.4083759888945052e-6,1.3595672605212914,0.258,0.078,0.025470479759157127
NCAPH,1.4100479983425006e-6,1.425414338320833,0.223,0.056,0.025500718050024122
ADH5,1.4117606206181986e-6,0.5801995767365767,0.701,0.461,0.025531690823880123
POLR1A,1.4177815640057268e-6,0.601048908264751,0.633,0.361,0.02564057958504357
SLCO1B3,1.4387047674123948e-6,2.4444220863995993,0.142,0.011,0.02601897571865316
MTSS1,1.4464482597561765e-6,0.6768968955835275,0.563,0.3,0.02615901677769045
AASDH,1.4476218343619147e-06,0.8308638717564618,0.342,0.128,0.026180240874435226
COX11,1.4482638618109193e-6,0.5607570192087844,0.802,0.572,0.026191851940850476
PRELID3A,1.4607466680452071e-6,0.9134240822652648,0.28,0.089,0.02641760349159757
SLC37A4,1.4770856595591474e-6,0.5995546904974478,0.6,0.344,0.02671309415312718
XRN2,1.4856220538556732e-6,0.5742498500838001,0.742,0.522,0.02686747484397985
NOS2,1.4900571327982077e-6,1.6618066564962655,0.28,0.1,0.026947683246655585
CEP128,1.4909213953118364e-6,1.0910922232201608,0.355,0.15,0.026963313434214563
NUP155,1.5073423579513088e-6,0.9698774129746357,0.414,0.194,0.02726028654354942
ZNF195,1.5104931062417466e-6,0.5491582525272634,0.687,0.411,0.027317267826381986
WEE1,1.5149043583371426e-6,0.76179886000954,0.311,0.106,0.027397045320527225
NOL10,1.5164641541419432e-6,0.6692334611320326,0.526,0.261,0.027425254227657042
TCEAL9,1.5248960496221495e-6,0.6744671555818953,0.715,0.472,0.027577745057416572
COPS9,1.5304777613435408e-6,0.7580446650043287,0.431,0.194,0.027678690313897934
PPP5C,1.5351365452048348e-6,0.6839549687204983,0.666,0.422,0.02776294442002944
TRIM65,1.555575929182386e-6,0.9069827081430197,0.414,0.189,0.02813259067926345
ADD3,1.5580558457349501e-6,0.5430994560557688,0.759,0.544,0.028177439970116572
KCTD14,1.5593005228073478e-6,1.145977302539732,0.334,0.133,0.028199949954970886
SLC29A1,1.5691413025388091e-6,0.7543551544030782,0.396,0.167,0.028377920456414362
ALDH5A1,1.5750277803347634e-6,0.9419167894133071,0.326,0.122,0.028484377407354197
RPN1,1.5763278585805527e-6,0.6632393662243964,0.493,0.25,0.028507889322429297
E2F7,1.5853199642464484e-6,1.5032453688106933,0.175,0.028,0.02867051155339702
NFE2L3,1.5871118581755495e-6,1.125926298961409,0.307,0.111,0.028702917955104813
SOD1,1.5948294442561083e-6,0.4787368555190141,0.852,0.694,0.02884249049937172
ATP6V1G1,1.603407538659479e-6,0.6970810156071799,0.581,0.333,0.02899762533665668
SNHG32,1.6179741687262675e-6,0.721636947943538,0.414,0.183,0.02926106284141455
MTRES1,1.6230844404919795e-6,1.0360639195650476,0.299,0.106,0.02935348210629745
METTL1,1.6514929077228738e-6,1.047169011634475,0.301,0.106,0.029867249236168174
PLA2G2A,1.6547695948967504e-6,0.38110712639484357,0.691,0.45,0.029926508123707733
SEPTIN11,1.6616681106187847e-6,0.5134593193437588,0.751,0.494,0.030051267780540722
TMEM132A,1.674918918139514e-6,1.0386416639205316,0.299,0.106,0.03029090863455311
PLEKHB1,1.6796775733729732e-6,1.3658666801174113,0.264,0.083,0.03037696891445022
ERCC6L,1.6977457519735474e-6,1.3194670651097113,0.186,0.033,0.030703731924441605
REG3A,1.7092192335875957e-6,2.869076280669711,0.151,0.017,0.03091122983943167
WDR4,1.722094974715727e-6,0.7579044243102597,0.412,0.189,0.03114408761773392
MSH2,1.7265456686301486e-6,0.7031008528008998,0.553,0.294,0.031224578417176237
FAM221A,1.7288172189567572e-6,0.7404876024851046,0.431,0.189,0.03126565940483295
AACS,1.730028693987767e-6,0.6271680842827205,0.695,0.456,0.03128756893076877
RBFOX2,1.7390858123403982e-6,0.6119159845432458,0.493,0.239,0.0314513669161761
ARVCF,1.7562763225601995e-6,0.9346348301842826,0.454,0.228,0.03176225729350121
CCDC124,1.7665228347799606e-6,0.663327999948948,0.689,0.472,0.031947565466995585
LIG3,1.7766224737740818e-6,0.8508667273613086,0.39,0.167,0.03213021743820427
IMMP2L,1.7860884579782586e-6,0.5247893922256565,0.649,0.378,0.03230140976253681
TBC1D7,1.7900504438447228e-6,0.7005160255483802,0.493,0.239,0.03237306227693181
SCX,1.7902425101998164e-6,0.4605500500441036,0.581,0.283,0.03237653579696368
PPFIA3,1.7952145566612459e-6,2.356956238952758,0.151,0.017,0.032466455257218634
DPM3,1.8004219113667948e-6,0.7443651391044908,0.431,0.189,0.032560630267068486
LAD1,1.810262946778837e-6,0.3662020984165242,0.897,0.756,0.03273860539249527
DLD,1.8239836726585256e-6,0.5336249121044335,0.784,0.6,0.03298674472002944
PYCR3,1.8282549380578078e-6,0.87536402182311,0.303,0.106,0.033063990554775456
NUP43,1.8433455052101199e-6,0.64247783447628,0.532,0.278,0.03333690346172502
DEPTOR,1.8513467869825439e-6,1.1527593969493388,0.276,0.089,0.033481606642579306
GEMIN4,1.8517201292194462e-6,1.5197323705543386,0.216,0.056,0.03348835853693368
MYO19,1.8710219667129923e-6,0.6594977266467332,0.672,0.422,0.033837432268004466
LEFTY1,1.8796127541465406e-6,0.8867602368733745,0.61,0.361,0.033992796658740186
POLD1,1.887132620220342e-6,0.7221761562398181,0.458,0.206,0.03412879343668488
TLCD3A,1.890084301826856e-6,1.0358468005901915,0.289,0.1,0.034182174598538693
PHGDH,1.8969790111642138e-6,1.8974989566416443,0.357,0.167,0.03430686541690481
ACYP1,1.9068388374155525e-6,0.9606388881253611,0.28,0.094,0.034485180374660265
TTC39C,1.9283972194605295e-6,0.7968678591728942,0.482,0.244,0.03487506371394367
GTF2I,1.9360849241714902e-6,0.5591388936889071,0.616,0.344,0.0350140958536414
GRIN2D,1.93769899481275e-6,1.11526163061319,0.231,0.061,0.03504328632118859
TFDP1,1.94468075972223e-6,0.6993182890380897,0.586,0.344,0.03516955153957653
NUDCD1,1.9466797079720738e-6,0.9423693756107081,0.309,0.111,0.035205702518674956
SLC6A6,1.9541126005659794e-6,0.7270168772261826,0.509,0.25,0.03534012638123574
RBM28,1.968472709101708e-6,0.8192567365235965,0.419,0.189,0.03559982894410439
OTUD6B,1.9864609575455643e-6,0.7344938054596528,0.565,0.322,0.03592514641721153
NUP54,1.9890449377295603e-6,0.6672672797338663,0.542,0.283,0.0359718776988391
P4HB,1.9943270506043286e-6,0.43064453444739415,0.895,0.667,0.03606740471017928
PAWR,1.9965744560850105e-6,0.4729040277430936,0.895,0.667,0.03610804903829742
CMTM8,1.9987718880956397e-6,0.9670714239305056,0.293,0.1,0.036147789596209644
LTB4R,2.0207348484279043e-6,0.8590831970129171,0.394,0.172,0.03654498973381865
LY6G6D,2.061685649995137e-6,2.1065579668739884,0.206,0.05,0.03728558498016205
AJUBA,2.0627696750879375e-6,1.290113534342764,0.249,0.078,0.03730518957396535
MLST8,2.063796884751748e-6,0.46466206149395384,0.501,0.239,0.03732376666073536
OXSM,2.0664777388761768e-6,0.9617098649227147,0.338,0.133,0.03737224990757566
RAD18,2.077572464202638e-6,0.8906985549133801,0.276,0.089,0.03757289801510471
SND1,2.0908016489968854e-6,0.5698928048309024,0.668,0.422,0.03781214782210867
C21orf58,2.1171868614599612e-6,1.1353087477276487,0.272,0.089,0.0382893243895034
MYCBP,2.1220273679688643e-6,0.7200498922369059,0.423,0.189,0.03837686494971691
THOC1,2.1470952541348804e-6,1.178681166605866,0.239,0.067,0.03883021767102931
EIF3H,2.1590625181685003e-6,0.7723210468230218,0.499,0.261,0.03904664564107733
PCNX2,2.1596091996020965e-6,0.6782868732669387,0.423,0.183,0.039056532374803915
ARHGEF19,2.175681920961341e-6,0.886850039178297,0.322,0.117,0.039347207540585856
SMAD5,2.1922024618427252e-6,0.5966452588207672,0.489,0.239,0.03964598152242568
DBI,2.203291683875794e-6,0.6005284030946239,0.786,0.556,0.03984653010289373
SKIL,2.205206949446726e-6,0.6220064021431403,0.672,0.411,0.03988116768074403
CENPA,2.2254738928325375e-6,0.9894848764735547,0.221,0.056,0.040247695351876445
ARMC6,2.227050696628501e-6,0.593877123024779,0.614,0.344,0.04027621184852644
NTHL1,2.2683305679793225e-6,0.919836628774046,0.369,0.156,0.04102275832190605
NKAPD1,2.280493952265051e-6,0.49055788755945473,0.536,0.261,0.04124273312671345
SNRPC,2.3056006416676963e-6,0.6148896184312371,0.728,0.489,0.04169678760456029
FDXR,2.344025400981747e-6,0.9426583370810806,0.309,0.111,0.042391699376754896
GSE1,2.356254421140209e-6,0.5673521314097532,0.715,0.444,0.04261286120632068
INTS12,2.3628014951873777e-6,0.749230330339141,0.406,0.189,0.04273126504046373
RAI1,2.3793311512229504e-6,0.714734942129549,0.353,0.139,0.043030203869867056
CDCA4,2.3809384034713743e-6,1.0355584346162718,0.266,0.083,0.043059271026779804
HYAL2,2.382636258366776e-6,0.7789000585216777,0.328,0.122,0.043089976732563144
ALG1,2.3834706383272628e-6,0.7751097883444045,0.388,0.167,0.043105066494148546
SLC25A22,2.3863897970379995e-6,0.8307140395331891,0.334,0.128,0.04315785947943222
NT5DC3,2.4022683796681633e-6,0.8847848769500744,0.398,0.178,0.043445023646298736
UFD1,2.432033531401326e-6,0.61888018003484635,0.538,0.289,0.04398332641539298
RFWD3,2.4480743869707438e-6,0.8668347172782748,0.449,0.217,0.0442734252883659
SPRYD4,2.4488718984850097e-6,0.7144560786917762,0.513,0.267,0.0442878482841014
FAM207A,2.449288806684578e-6,0.6775861239867879,0.511,0.244,0.04429538806889059
PSMB7,2.458958490220827e-6,0.7948796408728964,0.398,0.172,0.04447026429564366
TMED2,2.497026125393635e-6,0.715026756954763,0.631,0.389,0.04515871747774389
FAM234A,2.500998979370132e-6,0.7369311226173665,0.518,0.267,0.04523056654190884
PLPP2,2.51465621333242e-6,0.6469006967288682,0.711,0.483,0.045477557618116816
ALDH1L1,2.51707894496749e-6,0.6162496608369077,0.588,0.344,0.04552137271973706
EARS2,2.5247181564364913e-6,0.7821965531717983,0.408,0.178,0.04565952785915395
FIGNL1,2.5295022530873766e-6,1.798652564973585,0.202,0.05,0.045746048247085204
TEAD4,2.540485964423305e-6,1.263154971353349,0.216,0.056,0.04594468866659547
RAC3,2.5678197275340736e-6,0.9803752439468083,0.28,0.094,0.046439019772453724
DPH5,2.575289834535018e-6,1.621676439927966,0.196,0.044,0.0465741166575658
TEX10,2.5800005431407047e-6,0.7683336511359409,0.367,0.15,0.04665930982269965
RANBP17,2.580363628654458e-6,1.0403036580327667,0.266,0.083,0.04666587622421587
DDX27,2.591123535616949e-6,0.5503135952816728,0.777,0.539,0.04686046914163253
ATP2C2,2.59299051847323e-6,0.3643073099324099,0.878,0.65,0.046894233526588364
TDP1,2.607785949296022e-6,0.7795677709757933,0.322,0.122,0.047161808893018554
CDC7,2.6161788508624873e-6,1.0760899043255234,0.208,0.05,0.047313594517848084
PITHD1,2.6202647254065813e-6,0.6685312137587232,0.526,0.272,0.04738748755897802
PSRC1,2.6353291600728943e-6,1.576076650317169,0.221,0.061,0.047659927859918294
SULT2B1,2.6353291600728943e-6,1.5991317441470003,0.221,0.061,0.047659927859918294
DRG2,2.644251501417175e-6,0.8076022516059727,0.445,0.217,0.04782128840312961
TCAF1,2.6535984031245517e-6,0.542811545494341,0.736,0.478,0.04799032712050752
ABLIM1,2.6628598761721223e-6,0.6015707657384497,0.672,0.417,0.04815782086057283
PLCH1,2.664526324095608e-6,1.0007473601673478,0.313,0.117,0.04818795857126907
PRMT6,2.6763328371981203e-6,0.9009719084447276,0.348,0.139,0.04840147936072801
HNRNPL,2.6993181830675023e-6,0.5151314257615119,0.748,0.539,0.048817169340775776
KANSL3,2.7131463121098815e-6,0.5232820670336068,0.777,0.506,0.04906725105450721
C19orf53,2.7191916092665495e-6,0.9518749905403303,0.334,0.133,0.049176580253585546
HIST1H2BN,2.749875717649409e-6,0.9154556314491544,0.334,0.133,0.04973150235368957
URI1,2.784499096371366e-6,0.4695038541029947,0.794,0.583,0.05035766615787615
SPICE1,2.8066452877785342e-6,0.5472233725629062,0.631,0.356,0.05075818002947479
CD99,2.8403879148651666e-6,0.49115824576045775,0.829,0.639,0.05136841544033654
NPNT,2.8524237249080258e-6,0.7258233042492637,0.577,0.333,0.051586083064961645
FANCG,2.853190011931773e-6,0.7333820322614857,0.295,0.106,0.05159994136578611
RBX1,2.857143440668275e-6,0.6556446357967645,0.639,0.411,0.05167143912448575
NUDT1,2.8692742528200037e-6,0.9899579141015247,0.326,0.128,0.05189082486224977
NAV2,2.8735722352351114e-6,0.8555643602248315,0.342,0.133,0.05196855387422699
MROH6,2.876125329703069e-6,0.7956984062640089,0.441,0.206,0.05201472658768
PCDHGA10,2.8822784557069314e-6,1.2322806357043579,0.225,0.061,0.05212600587145985
NOL8,2.913307205752244e-6,0.5865310353519628,0.571,0.294,0.05268716081602933
DDX28,2.922467528872089e-6,1.4739675537643446,0.227,0.067,0.05285282525965173
TRIM27,2.922552842793982e-6,0.522027903216084,0.773,0.539,0.05285436816192916
RAB3D,2.9488041057746794e-6,0.6511195821938511,0.386,0.167,0.053329122252935075
PIMREG,2.9634434041230127e-6,1.603535663515125,0.188,0.039,0.05359387396356469
NDUFAF2,2.965079166535172e-6,0.9880838003772519,0.379,0.172,0.05362345672678859
SLC25A15,2.9856439751971975e-6,1.2235894238191793,0.28,0.1,0.053995371291441316
AIFM3,2.9873396280816484e-6,0.5247669189562811,0.833,0.661,0.05402603717385661
SUV39H2,3.019108874837932e-6,2.0115202060435875,0.173,0.033,0.054600584001444
TXLNG,3.03790982530398e-6,0.9154433527250865,0.285,0.1,0.054940599190622476
NBN,3.0580546820802912e-6,0.6382937995620758,0.482,0.239,0.05530491892542207
NAA15,3.071284105049509e-6,0.7168314330539288,0.518,0.267,0.05554417303982037
EEF1G,3.087057839970574e-6,0.5541894884549382,0.682,0.422,0.05582944103586783
UXT,3.116418185150434e-6,0.6495131671252197,0.645,0.411,0.0563604228784456
GPAA1,3.117316641954465e-6,0.4846898789130224,0.781,0.556,0.0563766714697465
CENPN,3.121873836979292e-6,0.8453769591688416,0.39,0.172,0.0564590883417705
ARHGAP11A,3.163184025751517e-6,1.5670080457297528,0.21,0.056,0.05720618310571618
PLK4,3.1901883327978076e-6,1.3798796363368941,0.229,0.067,0.05769455599864835
LPCAT2,3.1907735992325593e-6,0.7818947488165213,0.365,0.15,0.057705140542120836
SULT1C2,3.2152779741748144e-6,1.3986320278924167,0.297,0.117,0.05814830216295152
KPNA6,3.2175319153982782e-6,0.6410804286924408,0.602,0.333,0.05818906468997786
DUS3L,3.235493402723187e-6,0.5516006678332439,0.468,0.222,0.05851389818824884
DDX54,3.2357934624805165e-6,0.6636673025727963,0.476,0.233,0.05851932476896014
ORC6,3.2428711787441788e-6,1.3026366500587891,0.233,0.067,0.05864732526758847
SNRPG,3.2521588662987346e-6,0.7544885295386174,0.425,0.2,0.05881529309701262
PIR,3.283417596401842e-6,0.8698486480274492,0.291,0.1,0.05938060723092731
HR,3.3146315171001285e-6,0.64552336551586,0.563,0.294,0.059945110986755826
SSU72,3.3350922109957884e-6,0.5678168712868101,0.718,0.444,0.06031514263585883
VSNL1,3.3416149850547712e-6,1.2116489830519481,0.198,0.044,0.06043310700471554
ZNHIT1,3.3860670800652835e-6,0.48222158677272187,0.804,0.611,0.06123702314298065
WDR70,3.389815960618082e-6,0.4931079321746268,0.423,0.189,0.061304821647778014
AASDHPPT,3.401659245256382e-6,0.6031777818018437,0.468,0.217,0.06151900745046167
FAF1,3.411455521043487e-6,0.5639911708594486,0.612,0.367,0.06169617309807146
NUP93,3.43204221451646e-6,0.6771912966187812,0.419,0.189,0.06206848344953018
ARHGEF28,3.4342207318112403e-6,0.8033463376015073,0.4,0.178,0.06210788193480628
CENPK,3.4841412667169386e-6,1.210016777824273,0.198,0.044,0.06301069480857584
TCFL5,3.4860784311149946e-6,1.00147682583209,0.268,0.089,0.06304572842671467
DHX30,3.494504682483639e-6,0.5439130120756581,0.691,0.417,0.0631981171827166
SPATA18,3.5260911941417345e-6,0.7151679477340258,0.371,0.156,0.06376935924605327
GTSE1,3.5345365720712324e-6,1.4906064418710305,0.204,0.05,0.06392209390590824
PLEKHA5,3.5518691220740754e-6,0.5334447253301855,0.703,0.422,0.06423555307270966
PCYT2,3.5538766764030853e-6,0.583957830449297,0.656,0.428,0.0642718596927498
HMGN3,3.571368340853118e-6,0.6411896468946163,0.581,0.35,0.06458819644432864
PPA2,3.579667136027496e-6,0.5443751067229112,0.557,0.3,0.06473828015505727
SNRPD2,3.5937807760147514e-6,0.6411580425686022,0.515,0.278,0.06499352533422678
MFHAS1,3.6065883177801535e-6,0.6815831854140133,0.567,0.317,0.06522514972705408
THG1L,3.625146974659233e-6,0.7409627875090008,0.348,0.144,0.06556078303671223
SMARCAD1,3.6421868766069024e-6,0.64079556617341,0.522,0.272,0.06586894966343583
RAB15,3.6435952683394734e-6,0.7802988596498653,0.445,0.217,0.06589442042791938
WWC1,3.6485089711559607e-6,0.5644628226485879,0.511,0.267,0.06598328474335555
SEZ6L2,3.6786891190486845e-6,0.809616780907044,0.353,0.144,0.06652909271799547
SCD,3.7044088055394475e-6,0.8852735260747442,0.485,0.267,0.0669942332481809
NLN,3.7210293249175528e-6,0.8214207155006492,0.359,0.15,0.06729481534113395
DNAJA3,3.7216706532641634e-6,0.7373894591130092,0.513,0.267,0.0673064137642824
MAD2L1,3.7293182771109238e-6,1.9334832829425213,0.155,0.022,0.06744472104155105
TRMT61A,3.7394448085862993e-6,0.9574645565506268,0.369,0.161,0.06762785936328322
EMC10,3.7527766107308077e-6,0.4370470954988439,0.841,0.661,0.06786896500506666
NPM3,3.767596080337471e-6,1.0195232693203389,0.293,0.106,0.06813697511290316
NAXE,3.8099212487924986e-6,0.7874400245147386,0.474,0.25,0.06890242578441233
ZBTB1,3.818321562694533e-6,0.43849188542445705,0.87,0.678,0.06905434546133063
POLR1B,3.820055405980319e-6,0.6716232073349855,0.371,0.156,0.06908570201715407
PTPRG,3.833468731007175e-6,0.5881758243506388,0.425,0.2,0.06932828200026477
IFT80,3.847238662644034e-6,0.7495189337874932,0.353,0.144,0.06957731121391736
CEP72,3.856032195326951e-6,0.964330997118598,0.357,0.15,0.06973634225248791
RRP15,3.858560279718971e-6,0.7070833318117549,0.406,0.183,0.06978206265871759
GCN1,3.864671918660558e-6,0.5293983881430079,0.608,0.333,0.0698925916489762
CEP83,3.942309709495704e-6,0.7063012046199323,0.559,0.3,0.07129667109622981
LSM8,3.944115920142195e-6,0.5673713921976075,0.672,0.417,0.07132933641577159
ELP6,4.013594505421382e-6,0.7614880693140591,0.474,0.239,0.07258585663054569
C2orf15,4.046207597200537e-6,1.3215910680908904,0.196,0.044,0.07317566439537172
AC093323.1,4.076673102007407e-6,1.003292139624548,0.26,0.083,0.07372663304980395
PIGN,4.0820687020828225e-6,0.4758390403053889,0.532,0.272,0.07382421247716785
EIF4B,4.095432782999506e-6,0.7578711889966891,0.515,0.283,0.07406590188054607
IPO4,4.116120013336592e-6,1.8045217228349895,0.2,0.05,0.07444003044119227
RPAP3,4.120368220999059e-6,0.7645270351276885,0.381,0.161,0.07451685927676799
ENTR1,4.132399159894432e-6,0.662361919394076,0.524,0.278,0.0747344388066908
TIMP1,4.164488096177293e-6,0.26930206019882497,0.742,0.517,0.07531476721936635
MYO10,4.165525195280918e-6,0.5825369605373804,0.664,0.422,0.0753335231566554
TRMT10C,4.21510113138876e-6,0.8311891977454997,0.423,0.194,0.07623010396116572
UQCC3,4.246977194423211e-6,0.6103919949960167,0.685,0.422,0.07680658256114377
DMPK,4.276465514329527e-6,0.670325087714067,0.495,0.25,0.0773398788266495
COA4,4.2776528513478196e-6,0.592092584867034,0.705,0.478,0.07736135181662532
ATRIP,4.3434716694580064e-6,0.890647552758983,0.348,0.144,0.07855168514214804
NOL3,4.386628831464959e-6,0.6141711746907468,0.596,0.328,0.07933218241704379
ANP32A,4.386943925646841e-6,0.7148421356522884,0.476,0.239,0.07933788089532312
SORBS2,4.40625609801481e-6,0.9536295227140106,0.346,0.144,0.07968714153259783
ELK1,4.423285911355538e-6,0.7509946944580447,0.538,0.289,0.0799951257068649
MCAT,4.465827520747095e-6,0.6720002812624495,0.435,0.194,0.08076449071271122
RAB3IP,4.473285184723472e-6,0.505239104421094,0.662,0.4,0.08089936256572398
CD55,4.516251476859006e-6,0.6352137567462216,0.784,0.594,0.08167640795899513
KCTD20,4.516350997015129e-6,0.47525984081992745,0.715,0.461,0.08167820778101861
ADSL,4.518820614411932e-6,0.6866932652712034,0.513,0.267,0.08172287081163979
VMA21,4.5328543367709954e-6,0.7446392475086698,0.487,0.25,0.08197667068050345
REEP4,4.540893186933309e-6,0.5559901100466972,0.528,0.261,0.08212205328568889
NAALADL2,4.543233299975118e-6,0.5756299735896048,0.649,0.406,0.08216437423005
TIMELESS,4.561761343826894e-6,1.3204103005507055,0.235,0.072,0.08249945390310938
RSL1D1,4.577438212056007e-6,1.01817474346585,0.252,0.078,0.0827829700650329
FAM122C,4.601401028361125e-6,1.0823550155926736,0.264,0.089,0.08321633759791096
RASA2,4.624556104519985e-6,0.5102855242790588,0.757,0.483,0.08363509715024392
ATP11A,4.635761138915475e-6,0.5752165393395122,0.52,0.267,0.08383774019728636
RPIA,4.658866832749157e-6,0.5105991601120986,0.493,0.256,0.0842556066702685
WBP1,4.662894744763634e-6,0.4842285345931895,0.808,0.567,0.08432845145905032
PTER,4.66445045645416e-6,0.7557512837806384,0.447,0.211,0.08435658650497349
AIFM1,4.6728069887416476e-6,0.5446475654682543,0.635,0.361,0.0845077143913927
GAS6,4.679056880019712e-6,0.5443192242683104,0.724,0.483,0.0846207436751565
XPA,4.692831109894786e-6,0.6861304157320937,0.474,0.239,0.08486985062244722
MFSD14B,4.699199527435844e-6,0.6503082872344872,0.575,0.328,0.08498502345367723
PPAT,4.753467411908092e-6,1.1591345965622089,0.235,0.072,0.08596645814435784
PRKAR1B,4.755550829313184e-6,0.6822956369809554,0.324,0.128,0.08600413674812893
DDX39A,4.76548856356151e-6,0.4831863889779366,0.751,0.511,0.08618386067200991
PARL,4.815663675178165e-6,0.6551589044222013,0.493,0.25,0.0870912775655971
C12orf29,4.845814848948764e-6,1.187226323532605,0.237,0.072,0.0876365615432384
DDX50,4.928069419116459e-6,0.6347406701632796,0.443,0.206,0.08912413544472116
ZNF41,4.964961583366404e-6,0.981532987584969,0.307,0.117,0.08979133023518142
PUS7L,5.005967740754647e-6,0.732760514185123,0.425,0.206,0.0905329265915478
TACSTD2,5.013873682407664e-6,1.0895101998579315,0.249,0.078,0.0906759055463426
MMS22L,5.015542637651882e-6,1.1520832814324917,0.212,0.056,0.09070608860193428
UTP14A,5.038360691154324e-6,2.411469808980027,0.14,0.017,0.09111875309952595
TRAPPC6A,5.046860260137614e-6,0.7199149375322693,0.412,0.189,0.09127246780458875
GTF2F2,5.0498760024547895e-6,0.6651026226942387,0.406,0.189,0.09132700750439486
MUC5AC,5.142692281418123e-6,1.9832218917562527,0.219,0.067,0.09300558990944675
CYB561,5.179324248117236e-6,0.6545824245817529,0.619,0.361,0.0936680790272002
DSTN,5.217773571399658e-6,0.5541443437718998,0.711,0.467,0.09436343503876282
ISOC2,5.221851284376668e-6,0.6717053995996873,0.458,0.233,0.09443718047795203
LAMTOR5,5.2240447971944365e-6,0.8263786466706402,0.32,0.122,0.09447685015726139
PEX10,5.242437441524846e-6,0.6897286720440201,0.394,0.172,0.09480948112997684
C11orf58,5.245478084004866e-6,0.36869830576056606,0.911,0.722,0.094864471149228
AGPS,5.280220425020562e-6,0.5223236100854086,0.732,0.517,0.09549278638649687
FKTN,5.306997011979156e-6,0.6004509846031438,0.421,0.194,0.09597704096164304
CEP70,5.310615802226939e-6,0.655878254460819,0.423,0.194,0.09604248678327419
VEZT,5.3760211029427e-6,0.7155879099112004,0.429,0.206,0.09722534164671873
UBXN10,5.38154789172134e-6,0.6999280538402914,0.291,0.106,0.09732529362178044
MGST1,5.437361959051503e-6,0.4174519138862255,0.748,0.517,0.09833469102944643
CD276,5.462664907451821e-6,0.5774110209808089,0.635,0.372,0.09879229485126619
SF3A1,5.4820195807941515e-6,0.6116558122110527,0.598,0.339,0.09914232411866222
ATR,5.504533816382091e-6,0.7211887910999182,0.515,0.278,0.09954949406927012
LHPP,5.5073446438609675e-6,0.5883171536418752,0.503,0.256,0.0996003278842256
ADNP,5.511509496993665e-6,0.6778975913820524,0.52,0.261,0.09967564925313042
CMC4,5.522082850118779e-6,0.5695376630343403,0.408,0.178,0.09986686834439812
RP9,5.537633134172654e-6,0.8861027988453367,0.241,0.072,0.10014809523151245
PASK,5.545815752399985e-6,0.889594145461619,0.334,0.139,0.10029607788215372
THOP1,5.582691409870309e-6,0.7948130207318536,0.441,0.222,0.10096297414750453
ACAD9,5.58879597290149e-6,0.5186143744289342,0.592,0.328,0.10107337516992346
PSMA5,5.6411011291752836e-6,0.5301364811285377,0.604,0.333,0.102019313921135
ENDOG,5.643951471438511e-6,0.7553026076626281,0.419,0.2,0.10207086236096548
BUB1B,5.658169518156122e-6,1.3246407129814464,0.223,0.067,0.10232799573585347
ORC1,5.673256031287613e-6,1.2184352765071598,0.227,0.067,0.10260083532583648
CAND1,5.69316016955205e-6,0.4553816176015933,0.711,0.467,0.10296080166634883
SLC7A6,5.696581451683216e-6,0.4587151176213597,0.734,0.5,0.10302267555369096
KPNB1,5.712943835024242e-6,0.5508561627306888,0.662,0.417,0.10331858925641342
PMS1,5.722144673074155e-6,0.5496756439665238,0.456,0.217,0.10348498641254608
PIF1,5.808491362833158e-6,1.1472431785403723,0.28,0.106,0.10504656629683766
C2CD3,5.817453836676018e-6,0.7944255316917079,0.34,0.139,0.10520865263628579
ATP7B,5.847794681468512e-6,0.7244437817218676,0.348,0.144,0.10575736681435804
GPALPP1,5.871252392195802e-6,0.689082365460709,0.487,0.25,0.10618159951286107
HIST1H2BB,5.877146326925271e-6,1.4804935534355272,0.196,0.05,0.10628819132244353
TRAIP,5.884768565514715e-6,1.8377437542171955,0.169,0.033,0.10642603950733362
CHCHD3,5.887825999874198e-6,0.7088034098684135,0.435,0.211,0.10648133320772486
NDUFB11,5.948275715291378e-6,0.43550420811946955,0.874,0.683,0.10757456631104458
STAM,5.9749253579066545e-6,0.847105275154661,0.361,0.156,0.10805652509774184
TRMT6,5.992990254079643e-6,1.0241559198454286,0.239,0.072,0.10838322874503034
SAMD1,6.002938964823348e-6,0.5658186159343074,0.715,0.472,0.10856315117883025
SLC39A9,6.0530485713214156e-6,0.5487008025580966,0.682,0.433,0.1094693834123478
AP4B1,6.066331279079076e-6,0.4676279400581312,0.796,0.55,0.1097096011821451
SETD7,6.090255969417426e-6,0.8499205786607156,0.363,0.156,0.11014227920691415
BRD9,6.177989066178983e-6,0.5261842711871569,0.59,0.339,0.11172893226184691
FRAT2,6.2049888450201695e-6,0.5172740401624609,0.592,0.339,0.11221722326218976
PLEKHG1,6.207792015077061e-6,0.7870045151876712,0.338,0.139,0.11226791859266864
DEPDC1,6.213162871562889e-6,3.9228149118042634,0.105,0,0.11236505053221484
ABLIM2,6.215366133254029e-6,0.9137598190479364,0.262,0.089,0.11240489651989911
NOL9,6.233367710173503e-6,0.7783104356492576,0.386,0.172,0.1127304550384878
RBBP9,6.314034180215653e-6,0.9727526682014829,0.245,0.078,0.11418930814920009
OGFOD1,6.427663892336893e-6,0.5904888099415948,0.394,0.172,0.11624430149291272
RAB5IF,6.43360769036618e-6,0.450427256717589,0.773,0.567,0.11635179508027237
NR4A1,6.491990346213861e-6,1.123195512168482,0.464,0.239,0.11740764541127767
GRPEL1,6.5301871527688244e-6,0.7014844663681927,0.511,0.272,0.11809843465782419
PSMG1,6.601084270791346e-6,1.330620173431197,0.243,0.083,0.11938060903726148
MKKS,6.616574585672996e-6,0.5250443122164705,0.662,0.394,0.11966075138189614
LSM6,6.620077229819808e-6,0.6613506054512263,0.501,0.272,0.11972409670129124
MFSD13A,6.6268891797429375e-6,0.5690167266145354,0.367,0.156,0.11984729081565103
RAD51AP1,6.68507679142971e-6,1.180669992104817,0.2,0.05,0.1208996137730063
EIF3D,6.706536350737774e-6,0.6309155567277271,0.61,0.367,0.12128770990309265
LY6G6E,6.709100163765921e-6,1.785779077922229,0.169,0.033,0.12133407646170667
ZFR,6.7780525438240265e-6,0.5878797384562235,0.559,0.322,0.12258108025505753
TRABD,6.86649267644497e-6,0.4172920214706153,0.926,0.778,0.12418052005350727
EFTUD2,6.89265358599912e-6,0.5977582554236488,0.608,0.361,0.12465364010279409
TCHP,6.930085557406764e-6,0.5987932687854209,0.427,0.2,0.1253305973057013
RFC4,6.946351475948525e-6,0.6461397920043219,0.346,0.139,0.12562476644252907
IFT22,7.006840198155318e-6,1.4023407453692398,0.227,0.072,0.12671870498363894
VKORC1L1,7.01124490193939e-6,0.6306915987279756,0.468,0.233,0.12679836405157388
USP10,7.0750710008636755e-6,0.6653400736983228,0.392,0.172,0.12795265905061956
TRIM45,7.076760560609068e-6,1.184126382605752,0.192,0.044,0.127983214738615
ASNSD1,7.0974624656139175e-6,0.6845442626567433,0.464,0.233,0.1283576086906277
DTX2,7.1164453587888144e-6,0.5395856148190468,0.734,0.478,0.1287009143136957
DIAPH1,7.20665311441422e-6,0.46490579260053877,0.763,0.539,0.13033232157418118
ACAT2,7.218130187330083e-6,0.6474750632067583,0.501,0.267,0.13053988443786455
C1orf53,7.2267632487812885e-6,1.0437926579364722,0.208,0.056,0.1306960133542096
ACD,7.2655207809720895e-6,0.9715517321839096,0.315,0.128,0.13139694332388024
PTPDC1,7.353487846461864e-6,0.7817630273243306,0.357,0.15,0.1329878277032628
C1QTNF6,7.370397763109138e-6,0.7297155832395255,0.386,0.167,0.13329364354582876
INO80B,7.4512076391908986e-6,0.5247049579761449,0.697,0.428,0.1347550901547674
MAP3K5,7.479295450906335e-6,0.6375741985092364,0.682,0.428,0.13526305822964108
ERI2,7.496549642321971e-6,0.5467542349462822,0.53,0.278,0.13557510028139286
RFC5,7.5544392302924155e-6,1.0109216635793357,0.258,0.089,0.13662203347983834
INCENP,7.567937250363728e-6,0.5585190449965081,0.363,0.156,0.13686614517282802
TBL3,7.637279235971993e-6,0.6587077037051279,0.584,0.339,0.13812019498255348
TBC1D14,7.665005369060169e-6,0.4598541619684535,0.827,0.589,0.13862162209945314
SIKE1,7.713227274703888e-6,0.6097621577074679,0.561,0.3,0.13949371526301982
RAD50,7.764807758252939e-6,0.5166179732211341,0.489,0.244,0.14042654830800438
TOMM6,7.866834291499301e-6,0.7140974138889478,0.392,0.178,0.14227169816176485
SNRPA,7.934344165640676e-6,0.5962307500013322,0.616,0.372,0.14349261423561163
ORMDL2,7.968294912169022e-6,0.6137110110486297,0.678,0.461,0.14410661348657675
FBXO5,7.984568008185781e-6,1.157141338395074,0.223,0.067,0.14440091242803985
XPO1,7.995048971740402e-6,0.6608028325302651,0.437,0.211,0.14459046065392517
NCKAP1,8.048446639174874e-6,0.45606008335092585,0.79,0.572,0.1455561574694776
IRF2BP1,8.056553986063685e-6,0.9085842774913524,0.386,0.183,0.14570277883796173
PSMD7,8.061414817704742e-6,0.5574293155304413,0.73,0.489,0.14579068697819025
ANO8,8.129629031014913e-6,0.5109880521449821,0.447,0.211,0.1470243410259047
NUP188,8.197722957685899e-6,0.564673883250648,0.623,0.361,0.1482558196897495
CAMKK1,8.255520914419088e-6,0.4986511010066188,0.408,0.183,0.1493010957372692
CETN2,8.331732375682429e-6,0.663520280452691,0.404,0.183,0.1506793800142167
BZW2,8.36201958306105e-6,0.6004304984743614,0.588,0.344,0.15122712415965908
PAGR1,8.384054456141048e-6,0.6274110309742671,0.619,0.361,0.15162562483931086
ZNF510,8.4429677446453e-6,0.8876988695201382,0.276,0.1,0.15269107166191026
TRMU,8.455435056340745e-6,0.45275556762857416,0.567,0.311,0.15291654299392238
POGK,8.484689535640908e-6,0.531400849287172,0.746,0.5,0.15344561025206582
AMMECR1L,8.60735670416633e-6,0.8187450386308635,0.369,0.167,0.1556640459948481
RCL1,8.629154479843182e-6,0.6369522385937743,0.355,0.15,0.15605825876796395
PSMA4,8.6389834666852e-6,0.6612774055248202,0.606,0.367,0.15623601599500184
TEAD2,8.662643253283204e-6,0.9226657868178956,0.262,0.089,0.15666390323562673
ZMYND19,8.66834893986826e-6,0.6164325387369365,0.524,0.278,0.1567670905775175
MTREX,8.668667358242648e-6,0.591393811611241,0.668,0.428,0.15677284917381828
RMND5B,8.698110331707677e-6,0.6477688880493464,0.565,0.317,0.15730532534893332
CSTB,8.711950364189221e-6,0.7811487306674506,0.579,0.35,0.15755562233636206
DDX18,8.739095328947839e-6,0.5815200418606696,0.507,0.256,0.15804653902402166
FANCD2,8.777791251250702e-6,0.9087806992758907,0.21,0.056,0.15874635477886895
SLC2A8,8.842693345984695e-6,0.7753749711152871,0.342,0.144,0.1599201091621332
DIMT1,8.902551539563922e-6,0.705397179972993,0.445,0.222,0.16100264459301353
NTPCR,8.910869335498283e-6,0.5547687734936011,0.46,0.228,0.16115307193248646
HCFC1R1,8.983784666238366e-6,0.5884667877525556,0.536,0.294,0.16247174568892084
KIAA0100,9.006571433316708e-6,0.3625914701525681,0.887,0.744,0.16288384437153267
USP6NL,9.093096053195006e-6,0.6436821764443394,0.449,0.228,0.16444864212203167
UQCC2,9.098551881914564e-6,0.589413252745407,0.635,0.389,0.1645473107844249
CCDC167,9.117217876661893e-6,0.7311629518850409,0.425,0.206,0.16488488529943035
LYRM4,9.119897798414551e-6,1.0811736335832216,0.26,0.094,0.16493335168432716
ACTRT3,9.14828330848144e-6,1.550289820568647,0.148,0.022,0.16544670363388683
ZW10,9.257298175472805e-6,0.6038911697594604,0.416,0.194,0.1674182375034257
ZNF497,9.289039333574877e-6,1.6035014573392168,0.148,0.022,0.16799227634770164
NOC2L,9.336592844115542e-6,0.41994961426052313,0.482,0.244,0.16885228158582957
B4GALT7,9.47287692783342e-6,0.4640881082889877,0.48,0.244,0.1713169792398674
KDM7A,9.65449808102422e-6,0.45694411428045845,0.849,0.644,0.17460159779532303
NOC4L,9.6898666822797e-6,0.6084337721650226,0.503,0.25,0.17524123894902838
ZNF593,9.70703745670174e-6,0.6069030919717155,0.369,0.161,0.17555177240445097
ANKEF1,9.774517951758094e-6,0.7345855727888289,0.318,0.128,0.17677215715754513
PPP2R2A,9.849395256593724e-6,0.6469839586295749,0.567,0.328,0.1781263132154975
XPO7,9.916885747696083e-6,0.7557257714419108,0.412,0.206,0.17934687874708366
SYK,9.9373219302696e-6,0.5324313707006858,0.829,0.583,0.17971646710892572
MTPAP,9.975365661250967e-6,0.6193349432391467,0.499,0.261,0.18040448798372374
XRCC6,9.978280916083864e-6,0.598163151471117,0.468,0.233,0.18045721036737666
PIK3R4,1.0135774881479139e-5,0.5926574140060636,0.431,0.206,0.18330548873155023
PODXL2,1.014016935722835e-5,0.9564445831267556,0.268,0.094,0.1833849628254747
RASAL2,1.0154184030931573e-5,0.4455871439630241,0.524,0.267,0.1836384181993975
C11orf49,1.018276906334716e-5,0.49366310690820225,0.46,0.233,0.18415537851063338
XXYLT1,1.0232544793850023e-5,1.2740266310964146,0.264,0.1,0.18505557259677766
ALKBH2,1.041174292784966e-5,0.7664873954764997,0.285,0.106,0.1882963708501611
DEFA5,1.0431554941449961e-5,3.5315810388767073,0.153,0.028,0.18865467111612255
TMEM67,1.0431554941449961e-5,2.2186922806473963,0.153,0.028,0.18865467111612255
FASTKD2,1.0433651016819547e-5,0.5986957584867584,0.627,0.378,0.1886925786391815
ZNF184,1.0462140102653589e-5,0.6711941976470359,0.39,0.178,0.18920780375649016
MEGF6,1.052365894727969e-5,0.9159034865666851,0.359,0.167,0.1903203720615532
COA3,1.0576844057845886e-5,0.41195770937359333,0.825,0.622,0.19128222478614285
SHMT2,1.0601097130968532e-5,1.1712052190424371,0.237,0.078,0.1917208416135659
SCYL1,1.0621868767521609e-5,0.5879090538458354,0.645,0.378,0.19209649666062828
GINS4,1.06636321137504e-5,0.969898981096033,0.223,0.067,0.192851786777176
TMPO,1.0683058039877875e-5,0.6101506599176345,0.522,0.289,0.19320310465119137
CPSF2,1.0783400161617016e-5,0.4718205832144054,0.575,0.333,0.19501779192284374
PPP1R8,1.0813915346692328e-5,0.4275427542370642,0.808,0.556,0.19556965904493076
KIAA1549,1.089876851151747e-5,1.2086506163072883,0.21,0.061,0.19710422853079343
UHRF2,1.0950842511793234e-5,0.7238717236287553,0.412,0.206,0.19804598682578065
MAP4K4,1.0991044338252806e-5,0.4537720178234985,0.616,0.344,0.198773036857302
PRDX4,1.104966129870889e-5,0.6191272317593586,0.491,0.267,0.19983312458715027
RBM14,1.1057831004422689e-5,0.41782555800812615,0.697,0.461,0.19998087371498433
ZWILCH,1.1072876117449198e-5,1.5398461004206467,0.181,0.044,0.20025296458406874
TIMM23,1.1104419547978892e-5,0.6522609018624651,0.592,0.35,0.20082342752519827
CCNQ,1.1184975442856616e-5,0.5456406626861792,0.515,0.267,0.2022802808840619
LCLAT1,1.1209210199682529e-5,0.6363473885975987,0.46,0.228,0.20271856646125852
SUGP2,1.127815420889603e-5,0.4427440944398305,0.816,0.606,0.20396541886788472
EIF3M,1.1290545308772367e-5,0.7244244049413837,0.551,0.322,0.20418951190914825
KLK1,1.141502906034291e-5,0.6304119501387762,0.699,0.478,0.2064408005563015
NUPR1,1.1448570560415018e-5,0.7501104081586969,0.713,0.539,0.2070473985851056
NUDT21,1.1536299809255978e-5,0.5527889133619529,0.693,0.45,0.20863398205039435
DARS2,1.1549434956225684e-5,0.6943371707457529,0.41,0.2,0.20887153118334148
TWNK,1.1559335388176474e-5,1.3755988774844914,0.216,0.067,0.20905058049517153
MRGBP,1.1619751289998017e-5,0.5995088594212773,0.493,0.25,0.21014320207961415
GAS8,1.1725019546998823e-5,0.8055663501074084,0.414,0.2,0.2120469785074737
IL33,1.1748174582117089e-5,2.08711653024893,0.169,0.039,0.21246573731758756
UBA2,1.1755054266719787e-5,0.6280143655565056,0.489,0.261,0.21259015641362736
TRAF2,1.1760901130741396e-5,0.48746050956056,0.598,0.333,0.21269589694945815
STK32C,1.1848416552343973e-5,0.6001983763571959,0.353,0.15,0.21427861334914075
P4HTM,1.1861145677687743e-5,0.621217201949546,0.639,0.406,0.21450881958098283
PMPCA,1.1959602070298705e-5,0.5500734502752591,0.536,0.289,0.21628940344135208
SQLE,1.2047404147821574e-5,1.07403116889649,0.274,0.106,0.21787730401335317
PAXBP1,1.2160628277410365e-5,0.5332670979052307,0.786,0.544,0.21992496239696643
MANBAL,1.2200908966387456e-5,0.5137922389894283,0.532,0.294,0.22065343865711715
AAAS,1.225469419887897e-5,0.4844133759181465,0.736,0.467,0.2216261445867262
PICK1,1.2347099912232544e-5,0.6189563908389515,0.573,0.333,0.22329730191272557
EEFSEC,1.2519875554935214e-5,0.969839060150929,0.237,0.078,0.22642194941100335
ETFB,1.2580742743965487e-5,0.40719534549212866,0.866,0.733,0.22752273252461583
GATA2,1.2581854314569024e-5,0.8430613653290504,0.375,0.183,0.2275428352789808
TXNL4A,1.261918119193482e-5,0.42315567225844186,0.841,0.711,0.22821789185614122
KHDRBS3,1.2645654572888197e-5,1.0709206695020561,0.245,0.083,0.22869666295068303
HSPBP1,1.2730446740254936e-5,0.7280642386643807,0.499,0.267,0.23023012929751052
GMNN,1.2751183148527926e-5,0.6238698899231221,0.388,0.178,0.23060514724112754
TMEM184B,1.2758475475352137e-5,0.47772139988343326,0.682,0.428,0.2307370289717434
SLC16A5,1.282589486069167e-5,0.6686128168519709,0.421,0.206,0.23195630855560884
DCK,1.2828992907209199e-5,0.6878029344239021,0.466,0.233,0.23201233672687835
CENPS,1.2844595938805684e-5,0.9403117211454002,0.241,0.078,0.2322945175533008
STEAP1,1.2851020784443078e-5,0.862249059520618,0.293,0.111,0.23241071088665308
ICE2,1.2885295786764349e-5,0.8473026406914419,0.32,0.133,0.23303057430363325
FBXO9,1.2961311733059786e-5,0.5892392477611084,0.445,0.217,0.23440532269238623
PMM2,1.3118067101267255e-5,0.44141535318577313,0.781,0.517,0.23724024352641832
IQCK,1.312265800219104e-5,0.9347952912181805,0.303,0.122,0.23732326996962494
ARV1,1.321440426506317e-5,0.6265779777954503,0.569,0.317,0.23898250113366742
UNC5CL,1.3237813172289201e-5,1.0003122822331711,0.301,0.122,0.2394058512208502
LRBA,1.3278976580216451e-5,0.4536460924812439,0.798,0.611,0.2401502914532145
ATAT1,1.3316265485966764e-5,0.6447340547572733,0.384,0.172,0.24082466131370892
DSCC1,1.3323087159224505e-5,1.2068845833291575,0.192,0.05,0.24094803127457518
CAPNS1,1.3388143931016839e-5,0.5539575154613956,0.662,0.456,0.24212458299243952
AGRN,1.348677275641845e-5,0.4887471837953602,0.816,0.583,0.24390828529982767
HAUS1,1.3582229158371657e-5,1.052783010743728,0.202,0.056,0.24563461432915143
TNFRSF6B,1.3595453539389802e-5,0.7601370007965897,0.48,0.256,0.24587377725986456
EIF2S1,1.3724853676800188e-5,0.5193205563151153,0.67,0.456,0.2482139787449314
GSTO2,1.3793537882188066e-5,0.9439276310761304,0.258,0.089,0.24945613259937116
ZNF283,1.3804924953643197e-5,1.0937724174172652,0.287,0.117,0.24966206778663722
CFB,1.3922751294953282e-5,0.7013315836519424,0.581,0.339,0.2517929571692301
SEH1L,1.4011918364215175e-5,0.5788443857646975,0.594,0.361,0.25340554361683143
GLMN,1.4210147844691541e-5,0.9200064264624028,0.274,0.1,0.25699052377124654
GAR1,1.4234558600216314e-5,1.0394964978956822,0.245,0.083,0.25743199228491204
CDCA7L,1.4254690090423493e-5,0.8081156183369098,0.351,0.156,0.2577960702853089
ATP5F1D,1.4257565152753933e-5,0.37648179029103335,0.897,0.706,0.25784806578755487
HNRNPC,1.4356679019176514e-5,0.5232068434722457,0.623,0.383,0.25964054006180726
ESPL1,1.4456126337010745e-5,0.73630439470454,0.313,0.128,0.2614390448048393
NEK3,1.4583682971320824e-5,0.5104135213992294,0.581,0.333,0.2637459065363371
CREB3L4,1.4606011020158057e-5,1.026477340831864,0.309,0.133,0.26414970929955844
IRAK1,1.4629820213063604e-5,0.5010110789607417,0.67,0.417,0.26458029855325527
PRPF40B,1.4788135254565555e-5,1.1926936048431678,0.2,0.056,0.26744342607881805
SNAPC1,1.47892777209193e-5,1.3721842429669664,0.171,0.039,0.2674640875828255
FOXA3,1.489191458593492e-5,0.5220954988236928,0.54,0.294,0.26932027528663305
RAD1,1.492118401790478e-5,0.7884729998515625,0.34,0.15,0.26984961296380794
MIS18BP1,1.5004580270198012e-5,0.6242845331510833,0.402,0.189,0.27135783418653103
SERTAD4,1.5128903004999793e-5,1.2678225534185343,0.208,0.061,0.27360621084542125
COL7A1,1.5192629959685922e-5,0.7399939632302417,0.414,0.2,0.2747587128209199
ANKMY1,1.519333488478079e-5,0.7865976053116115,0.373,0.178,0.2747714613912606
RFX7,1.5224858657228689e-5,1.1910280653731555,0.247,0.089,0.2753415688159808
VAPB,1.5230967477537348e-5,0.7764798631372687,0.495,0.278,0.27545204683126295
HEATR3,1.5286077255921264e-5,0.7050723116121841,0.466,0.244,0.27644870717333603
RRP36,1.533382006431409e-5,0.47660080475393596,0.629,0.367,0.2773121358631203
AP1S1,1.5367450957697034e-5,0.545101040142029,0.711,0.5,0.27792035056995085
RAE1,1.5445619197167744e-5,0.7799604159637861,0.416,0.211,0.27933402318077866
CBFB,1.554776468867887e-5,0.44909986315024175,0.682,0.433,0.28118132439475735
CCDC6,1.563912271614389e-5,0.5904881133041002,0.691,0.45,0.2828335343214623
SRFBP1,1.5666924181607614e-5,0.6003165862057184,0.577,0.322,0.2833363238243737
NUDT15,1.5698010348955702e-5,0.6941928743640662,0.41,0.194,0.2838985171608639
CADPS2,1.5761034254313772e-5,0.4965708959241834,0.606,0.356,0.28503830448926454
NR2C1,1.5773452452939297e-5,0.9625601015285112,0.309,0.128,0.28526288761140717
NAE1,1.5796086318875746e-5,0.6216997033939957,0.491,0.267,0.28567222107686785
HMOX2,1.5880019818730604e-5,0.5626542772718793,0.639,0.394,0.287190158421743
DDX51,1.599669020235217e-5,1.3217984739041726,0.221,0.072,0.28930014230953904
NDUFS6,1.6006287730785814e-5,0.47976179826754045,0.827,0.633,0.28947371361126145
SNRNP48,1.6036556759308657e-5,0.6116337904045155,0.53,0.289,0.29002112899209703
RBAK,1.648244889468608e-5,0.7949777537325675,0.309,0.128,0.29808508826039776
LTV1,1.659145610639737e-5,0.5842480303042088,0.53,0.3,0.3000564836841964
TXNL1,1.666408550686892e-5,0.496094103787449,0.734,0.489,0.30136998639172446
USP36,1.6668021574434293e-5,0.42894867396795444,0.452,0.217,0.3014411701736442
PINX1,1.6788098866672393e-5,1.5801586936403593,0.2,0.061,0.30361276800377024
CYP2S1,1.682864451016774e-5,0.4391570493374912,0.454,0.228,0.3043460359663836
SMARCD1,1.6929078437502184e-5,0.5979116272101146,0.536,0.289,0.30616238354222697
TM7SF3,1.6943860370998404e-5,0.48068182852155716,0.658,0.406,0.30642971480950615
RNF186,1.7002394293774918e-5,0.6147182282462298,0.449,0.222,0.3074883008029194
GCHFR,1.700327858028868e-5,0.5923118543838073,0.538,0.294,0.30750429312452077
ZNF169,1.7028969201443382e-5,0.5021912766543974,0.447,0.217,0.30796890800810356
CCT8,1.703867579596303e-5,0.500120443302366,0.699,0.444,0.3081444517699914
TSPAN5,1.7075011242732756e-5,1.646566754438859,0.169,0.039,0.3088015783248219
RAD23B,1.7118534136496454e-5,0.7345532549741375,0.47,0.256,0.3095886898585384
STRIP1,1.717843755271819e-5,0.5181700319943321,0.528,0.289,0.31067204314090846
NUP98,1.7183384270628167e-5,0.4937339974869681,0.647,0.4,0.3107615045343104
GUF1,1.7222523733498517e-5,0.758257630179549,0.482,0.261,0.3114693417203207
WDHD1,1.7225917295303208e-5,1.0922975755814073,0.216,0.067,0.3115307142855585
EIF4A2,1.73044791637527e-5,0.4801650495350918,0.767,0.55,0.3129515056764676
NIP7,1.7362853242172917e-5,0.5504700324138618,0.524,0.294,0.3140072008846972
CALU,1.7376379867304063e-5,0.36805203414885124,0.849,0.606,0.31425182990019396
CHEK1,1.7426131046174528e-5,1.1358563757792104,0.233,0.078,0.3151515799700663
TMEM109,1.760305522295375e-5,0.5615901699119923,0.507,0.272,0.3183512537071186
ADGRL1,1.7629242333119215e-05,0.5303413158689856,0.336,0.139,0.318824847594461
HYAL1,1.768358067829502e-5,0.7488408299997342,0.276,0.106,0.3198075565669654
CCDC86,1.7694226004135125e-5,0.8093390264279758,0.324,0.144,0.32000007728478375
SLC12A8,1.7696197739427962e-5,1.1742197729401331,0.221,0.072,0.3200357361175547
MED14,1.7729690889409633e-5,0.4855877906839808,0.685,0.411,0.3206414597349732
UQCRB,1.7730411615499353e-5,0.3644034208774052,0.829,0.633,0.3206544940663058
RBM41,1.774115700862898e-5,0.5584050635827753,0.427,0.206,0.3208488245010551
PYURF,1.7805139847587967e-5,0.5273321793563208,0.703,0.444,0.32200595414362837
MRM3,1.7900696013797955e-5,1.1159440863546601,0.198,0.056,0.323734087409536
PSME3,1.79282457658117e-5,1.0885762421199319,0.262,0.1,0.3242323246747046
SMIM20,1.7985235553727878e-5,0.5518801801919997,0.468,0.244,0.32526298498916867
VPS16,1.8088825181519652e-5,0.60501708501948,0.342,0.144,0.32713640340778294
MSANTD2,1.8128670698985204e-5,0.6838040051809979,0.472,0.25,0.32785700959114744
FANCL,1.8171762049963245e-5,0.8093462081637368,0.425,0.222,0.3286363166735853
VPS72,1.818339988306548e-5,0.5808109284337971,0.505,0.267,0.3288467868852392
NEIL3,1.8200930229885354e-5,2.1035448432322386,0.12,0.011,0.3291638232074766
ST7,1.8317884772862788e-5,1.069292505940584,0.268,0.106,0.3312789461172235
GGPS1,1.8332259197795615e-5,1.0148139848223963,0.208,0.061,0.3315389075921337
CMC2,1.8513171982889126e-5,0.5635386554296782,0.427,0.206,0.33481071531054984
NOLC1,1.8536749952455165e-5,0.8830468786318244,0.241,0.083,0.3352371228901517
ZNF714,1.864877862481364e-5,0.9696982261954017,0.264,0.1,0.33726316142975465
VEZF1,1.868299838208608e-5,0.5282219967025421,0.505,0.278,0.3378820257400268
IMPACT,1.8693325187092652e-5,0.7806548393069088,0.278,0.106,0.3380687860085706
NCR3LG1,1.876739363087985e-5,0.7249479113457331,0.289,0.111,0.33940831381446207
KLHL42,1.8791126568315775e-5,0.42470516509954437,0.431,0.211,0.3398375239879908
JOSD2,1.8958717753631998e-5,0.474253092862164,0.437,0.211,0.3428684105744347
MND1,1.8975436124733472e-5,0.9539538505618625,0.229,0.072,0.34317076231580484
QRSL1,1.8977453562926988e-5,0.5994346032420887,0.513,0.272,0.34320724768553457
GALNT10,1.902314012123634e-5,0.47908325533204144,0.812,0.628,0.3440334890925592
TMEM208,1.905249027804177e-5,0.5862866473983646,0.672,0.439,0.3445642866783854
FAM83H,1.9124254850540416e-5,0.4771187986576102,0.736,0.5,0.34586214897202344
MSX1,1.9130082774799013e-5,1.7401235840234,0.159,0.033,0.34596754698224014
GATB,1.9173064235347768e-5,0.7164876701329794,0.318,0.128,0.34674486669626436
LYSMD4,1.9173779232718638e-5,0.5467206251841712,0.363,0.161,0.3467577974237166
FIS1,1.918221648406774e-5,0.4202202721501012,0.802,0.578,0.34691038511436506
SGO1,1.9315771963518202e-5,2.5234949264381417,0.118,0.011,0.3493257359602267
MVD,1.9341782711576813e-5,0.7035287111171742,0.522,0.289,0.3497961403388667
NDUFA6,1.9517754908990055e-5,0.8953715295298816,0.291,0.117,0.35297859752908517
HPDL,1.9620646956156685e-5,1.5941911627371108,0.175,0.044,0.35483940020209365
RABEPK,1.9771303106792447e-5,0.5404965844566127,0.433,0.211,0.3575640166863414
BRIP1,1.987134842899235e-5,0.7266641002570073,0.32,0.133,0.35937333633832663
BCL9,1.9924818139848228e-5,1.239108554045996,0.179,0.044,0.3603403360591552
MYO1B,1.9952608246640403e-5,0.5252963787758222,0.695,0.472,0.3608429201404917
FZD7,1.997735370307005e-5,0.8665259189730312,0.254,0.089,0.36129044172002184
EIF3G,1.9982629021314517e-5,0.3663280692874669,0.734,0.5,0.36138584585047306
RABGAP1,2.0077161630415392e-5,0.4827351176704371,0.536,0.289,0.36309546808606236
MBIP,2.008859886424482e-5,0.7135917294601823,0.454,0.233,0.36330231045986755
PSME4,2.037803518205558e-5,0.5485531919920629,0.685,0.439,0.36853676626747517
CFAP20,2.039694818450849e-5,0.654760077864911,0.412,0.2,0.3688788079168361
PNP,2.0479947284830165e-5,0.5336729618548132,0.635,0.4,0.37037984664615353
DCAF6,2.0484414155764522e-5,0.7232393394416395,0.47,0.256,0.3704606300070014
ADAT1,2.0501839919399994e-5,0.4794120735791223,0.53,0.294,0.37077577494234887
KLK6,2.0689463480792473e-5,2.14891306416596,0.155,0.033,0.3741689470501319
ISY1,2.0752159859206548e-5,0.501617601507296,0.542,0.294,0.3753028110537504
TMEM18,2.0859100812390433e-5,0.6016953495036494,0.445,0.228,0.377236838192081
STMN1,2.097289270860456e-5,1.2633990630552727,0.216,0.072,0.37929476463511347
PPP1CC,2.1051848424832978e-5,0.4506415336547349,0.697,0.444,0.3807226787631044
TRIOBP,2.1236324185616765e-5,0.395675819696087,0.878,0.689,0.3840589228968792
NONO,2.12483742040338e-5,0.6898617935643037,0.348,0.156,0.3842768474799513
NOXO1,2.1309815858620515e-5,0.5739489633963583,0.435,0.217,0.385388019803152
MORF4L2,2.138076295227509e-5,0.5372402480481779,0.41,0.194,0.386671097991895
ZBED3,2.139242034754779e-5,0.7983689899532931,0.219,0.067,0.3868819219854018
PUM3,2.1439542436498963e-5,0.556464239118279,0.412,0.2,0.38773412496408377
PLEKHA2,2.171179115101401e-5,0.4202387787213027,0.633,0.35,0.3926577429660884
BCR,2.171924453425464e-5,0.626436721497242,0.557,0.328,0.3927925374019952
REV3L,2.1760073122540678e-5,0.7404140798217993,0.301,0.122,0.3935309224211482
GABPB2,2.2041939675654753e-5,0.5237434595588535,0.627,0.378,0.3986284790342162
NXT1,2.2085371959377886e-5,0.8732825527743069,0.276,0.106,0.39941395188534906
ATP5MC2,2.2118212279136463e-5,0.3741742038292236,0.885,0.7,0.4000078690681829
TUT4,2.221802505758934e-5,0.43760042771023044,0.544,0.306,0.4018129831665032
HAAO,2.2366241102472238e-5,0.7507391271005616,0.412,0.211,0.4044934703382104
RRP12,2.2457778141146226e-5,1.15483543181765,0.223,0.072,0.4061489176826295
EME1,2.2669611099170472e-5,1.4564140207234835,0.194,0.056,0.409979916728498
COPS2,2.2832146543659756e-5,0.5034594160640675,0.711,0.45,0.4129193702420867
BRMS1L,2.290998778640173e-5,0.8221661740806292,0.254,0.089,0.41432712911707525
DONSON,2.291993296048989e-5,0.8266858368729237,0.27,0.1,0.4145069875904597
CLN6,2.295775759270624e-5,0.6603442479543795,0.447,0.228,0.41519104606409235
MOCS2,2.3010144535799787e-5,0.5406150476000529,0.592,0.35,0.41613846392993914
CUEDC1,2.303502454193438e-5,0.608681524272695,0.493,0.261,0.41658841884088327
MAP3K10,2.3157974444564842e-5,0.6311490202269998,0.291,0.111,0.41881196782995517
C1orf43,2.3173645246005443e-5,0.5504301689646386,0.509,0.267,0.41909537427400845
ZNF26,2.3194221509631257e-5,0.9233541592297927,0.299,0.122,0.41946749600168126
GRB10,2.3303948244858482e-5,1.1380292603777193,0.243,0.089,0.42145190400826565
SPA17,2.338010053497519e-5,0.9959888370795928,0.179,0.044,0.42282911817502633
XPNPEP3,2.3406041005742092e-5,1.2870617339938288,0.194,0.056,0.4232982515888457
DAZAP1,2.344078654376442e-5,0.7402710729694495,0.361,0.167,0.42392662464397957
EFCAB11,2.3465169255766703e-5,0.605987304966622,0.256,0.089,0.4243675859905408
TOPBP1,2.3778317392375455e-5,0.6912259673731771,0.342,0.15,0.4300308700411101
C14orf93,2.3920004408772363e-5,0.6688672303706154,0.282,0.111,0.43259327973264816
RAD51D,2.4004389534334987e-5,0.8152805995602661,0.293,0.117,0.43411938472844824
MMS19,2.403345472417929e-5,0.6889709840671316,0.528,0.317,0.43464502868678245
LRRC58,2.4220843835546474e-5,0.7085758997018874,0.398,0.2,0.438033960765858
L3HYPDH,2.4341202047542406e-5,0.4828260661953367,0.569,0.317,0.4402106390298044
GPAT4,2.43625305744105e-5,0.5877718786613071,0.462,0.233,0.44059636543821384
TMA16,2.440065064680775e-5,0.549889568322447,0.588,0.35,0.44128576694751814
PIEZO1,2.4509785414903852e-5,0.5069942871379491,0.623,0.367,0.44325946922853615
UQCRFS1,2.466918553340879e-5,0.8926484011014635,0.342,0.156,0.446142220371698
CTPS2,2.4671998274629242e-5,0.4321746397916406,0.557,0.3,0.44619308879666986
CIZ1,2.4699439171358224e-5,0.4648890080713754,0.722,0.483,0.4466893574140135
GSTZ1,2.479097918374442e-5,0.7686438669640634,0.359,0.167,0.44834485853801787
MOSPD3,2.4873455466106536e-5,0.6691387867599419,0.501,0.272,0.4498364421045367
FXN,2.4945263336725783e-5,0.8629339515684646,0.295,0.122,0.4511350874446858
TXN2,2.5081300723313428e-5,0.3323551266175989,0.666,0.394,0.45359532358112337
TRPM5,2.5166553379375248e-5,1.6332577057909416,0.165,0.039,0.45513711786600136
YIPF2,2.5179045168827304e-5,0.6138965374445509,0.474,0.25,0.4553630318782418
TUBGCP4,2.5216202031878423e-5,0.6782281216244985,0.282,0.111,0.4560350137465213
PLEKHA1,2.5272459287979113e-5,0.425703444021299,0.493,0.261,0.45705242622310227
EHMT1,2.5405368058171717e-5,0.38486298852727796,0.864,0.622,0.4594560813320355
AP1M2,2.5411319977937265e-5,0.5761674572815538,0.208,0.061,0.4595637218009954
TLE2,2.547563376031965e-5,0.6712798118552765,0.348,0.156,0.4607268365553809
UNC13B,2.5479517831311405e-5,0.6179603599142969,0.528,0.3,0.4607970799792668
PTBP2,2.558822210306428e-5,1.1845463883303178,0.202,0.061,0.46276299673391746
RNF167,2.561951478840768e-5,0.567508749114598,0.563,0.322,0.46332892494835287
NDUFA11,2.562040402271664e-5,0.691077597370179,0.388,0.183,0.46334500675083046
TEDC2,2.5791572524195114e-5,1.3379985029083596,0.146,0.028,0.46644058910006864
PRMT3,2.5903562824714886e-5,0.528054843841981,0.433,0.217,0.4684659336849687
ERG28,2.601412495282875e-5,0.5568285047973789,0.386,0.183,0.4704654497719079
NDUFS8,2.6198177545413154e-5,0.989667399727681,0.229,0.078,0.4737940409087969
ILVBL,2.6358096417764723e-5,0.6089532322357726,0.612,0.394,0.476686173715275
KMT5C,2.6545991905446113e-5,0.5684971874233689,0.431,0.211,0.48008426360999296
ADRM1,2.6615201672458354e-5,0.42128257357037463,0.804,0.572,0.4813359222464093
WDR72,2.6647542616195046e-5,1.268452587443877,0.148,0.028,0.4819208082138874
SF3A3,2.6660427829330145e-5,1.0906177865193687,0.252,0.094,0.4821538372934357
ZNF131,2.6718944149121133e-5,0.7368767158154772,0.324,0.139,0.4832121049368557
DVL1,2.694761119893179e-5,0.5174207099177526,0.744,0.522,0.4873475485326814
RNF169,2.6964555736134484e-5,0.4717593433019259,0.464,0.244,0.48765399048799213
SURF6,2.73425886034895e-5,0.5428701408499224,0.647,0.411,0.4944907148941076
LTBP1,2.7482510160833997e-5,0.7710439544695633,0.377,0.183,0.49702119625868285
ZNF787,2.754037745699367e-5,0.5848844570766651,0.381,0.178,0.4980677263097305
PDZK1IP1,2.758328117116194e-5,0.494193387208974,0.781,0.556,0.49884363998046366
ACSM3,2.7649420230523694e-5,0.39111332690104716,0.445,0.222,0.500039764869021
NUBP1,2.772403882393399e-5,0.7151902993540042,0.305,0.128,0.5013892421308462
HEXB,2.780067774660033e-5,0.37009593838177834,0.922,0.806,0.502775257047267
DGCR8,2.800074687362905e-5,0.4602362191716073,0.604,0.344,0.5063935072095814
NUP58,2.8042436939441304e-5,0.5873200239803723,0.563,0.328,0.5071474720497959
ZNF587,2.8159997961878397e-5,0.5231619319764698,0.392,0.183,0.5092735631405708
SLC35F5,2.821663171637876e-5,0.33544524597763226,0.891,0.739,0.5102977845907098
CNOT10,2.8221416920592135e-5,0.6359299420647557,0.528,0.306,0.5103843250089087
NDUFA12,2.8272694760242304e-5,0.8818730124891165,0.297,0.128,0.511311684738982
TECR,2.8433394745378387e-5,0.5689523579537532,0.544,0.289,0.5142179439701682
ZNF644,2.8474496827155597e-5,0.3743699083430658,0.891,0.728,0.5149612751191089
MED1,2.849041948088948e-5,0.5871475088554943,0.534,0.294,0.5152492363118862
THOC5,2.852342234773e-5,0.6083647667547278,0.402,0.194,0.515846093158697
CENPO,2.8661619662304418e-5,0.8274384972282545,0.276,0.106,0.5183453915927754
KLHL22,2.8667611789414686e-5,0.6288818018413539,0.538,0.3,0.5184537592115646
ZNF367,2.8947266224476782e-5,0.8171048099342113,0.212,0.067,0.5235113096696626
SLC2A10,2.903780001465189e-5,1.3355807333118057,0.229,0.083,0.5251486132649794
MIER2,2.9048814609289725e-5,0.9335732088394737,0.27,0.106,0.5253478122090047
ACBD3,2.909842816332246e-5,0.46244131097931923,0.734,0.483,0.5262450733336866
RCCD1,2.9407712658648547e-5,0.5492583338366102,0.497,0.278,0.531838483431659
TTC37,2.941632569365807e-5,0.5389928276658645,0.674,0.45,0.5319942501698062
SMARCD2,2.9419966284077256e-5,0.5224169819618248,0.68,0.456,0.5320600902475372
SERBP1,2.9505280536307464e-5,0.6532917527671034,0.612,0.383,0.5336029984991205
KPNA1,2.9539261857356504e-5,0.44162749234576804,0.672,0.433,0.5342175506902924
TSEN2,2.989106207401819e-5,0.8577040528719122,0.32,0.144,0.5405798576086189
GLRX3,2.991899035980105e-5,0.51182618816604,0.598,0.35,0.541084940657002
CKS2,2.993545857091781e-5,1.6672131232423548,0.179,0.05,0.5413827682550486
BMP4,3.0039491782566392e-5,0.737007464329134,0.472,0.272,0.5432642088877132
ANKDD1B,3.011507432934916e-5,0.4904771175675563,0.493,0.261,0.5446311192462795
MTFR1,3.0136089639634163e-5,0.6103908279192432,0.551,0.322,0.5450111811327838
NEDD4,3.0161110462027025e-5,0.8502558283435095,0.231,0.078,0.5454636827057587
NFAT5,3.0250186548051932e-5,0.497007499895665,0.74,0.528,0.5470746237215192
AURKA,3.02970476506994e-5,0.990517115955293,0.175,0.044,0.5479221067628987
HSPA4L,3.032026348922022e-5,1.3764376190628855,0.165,0.039,0.5483419652025476
DNAJC9,3.036472278595404e-5,0.6403923288719557,0.361,0.167,0.5491460115839788
STRAP,3.0376768035453847e-5,0.5972815404654368,0.559,0.333,0.5493638499211828
ZBTB47,3.0457273316198006e-5,1.2060333010212076,0.216,0.072,0.5508197879234409
SNRNP200,3.0494184799138418e-5,0.3942618674097055,0.895,0.75,0.5514873320924183
DHRS1,3.055573786136861e-5,0.4488063136097733,0.598,0.35,0.5526005192228514
NLE1,3.0650162687466424e-5,0.6385845101100194,0.334,0.144,0.5543081922028302
STT3A,3.068810596941606e-5,0.41490453967701124,0.812,0.583,0.5549943964568894
ZDHHC16,3.071212403790533e-5,0.5411353824713747,0.61,0.361,0.5554287632255178
FANCF,3.07545422505604e-5,0.5725181768822025,0.526,0.283,0.5561958966013849
NFXL1,3.0807070279517874e-5,0.5969366591123997,0.637,0.411,0.5571458660050808
TMED6,3.087759312149025e-5,0.9718515808783375,0.229,0.078,0.5584212716021512
TRIM24,3.088931621927304e-5,0.5546989197047911,0.573,0.328,0.5586332838255529
PPIH,3.099804199179312e-5,0.6432579961442659,0.334,0.144,0.5605995894215785
H2AFJ,3.110618754652821e-5,0.41001293007440887,0.862,0.756,0.5625554017789627
RNF8,3.135894721499825e-5,0.4529797695048674,0.396,0.189,0.5671265603832434
RAD54B,3.160980627986095e-5,0.9418172690427569,0.219,0.072,0.5716633465712854
MELK,3.1652242171024155e-5,1.0386165482113436,0.184,0.05,0.5724307996629718
PRR11,3.168190177535551e-5,2.0129156173571006,0.151,0.033,0.5729671936073044
DLST,3.198502492941766e-5,0.525832126647242,0.532,0.3,0.5784491758485184
EXOSC8,3.2208423507879706e-5,0.5941897854282732,0.423,0.211,0.5824893391400044
ZC3HAV1L,3.227069758765781e-5,1.736543162077027,0.134,0.022,0.5836155658727915
RMDN3,3.238831259099189e-5,0.5176051575692592,0.658,0.411,0.5857426332080884
TBCCD1,3.24489826025634e-5,0.7950834167171683,0.249,0.089,0.5868398503673591
POMGNT1,3.2644921297183956e-5,0.558280507889199,0.423,0.206,0.5903834016595718
NIPSNAP3A,3.275283159928795e-5,0.6012296608201739,0.402,0.2,0.5923349594731225
ZDHHC3,3.2767284428889566e-5,0.5004312733130226,0.639,0.444,0.5925963388964678
MAP3K21,3.2797647248082345e-5,0.6847714945064852,0.497,0.283,0.5931454504815692
FGGY,3.323245329104742e-5,1.0303719903152349,0.241,0.089,0.6010089177685927
TBC1D4,3.326536181246024e-5,0.6099761239019226,0.355,0.167,0.6016040683783435
ATP5F1A,3.359421759040877e-5,0.3981167986574399,0.841,0.672,0.6075514251225426
WDR33,3.3692237495774635e-5,0.35917829441678983,0.86,0.656,0.6093241151110843
NUP88,3.378207314659309e-5,0.5803078948404553,0.571,0.322,0.610948792856136
UBA5,3.4630656869077264e-5,0.6029822276210641,0.542,0.322,0.6262954294772624
MDFI,3.46660605866041e-5,1.052676087801998,0.223,0.078,0.6269357057087352
AC118549.1,3.473884592234627e-5,0.46512273882423116,0.449,0.228,0.6282520285056322
DENR,3.4752873601973824e-5,0.41699929398674884,0.478,0.25,0.6285057190916966
NAXD,3.5016221416154954e-5,0.5336379103195654,0.493,0.261,0.6332683643111623
TAF15,3.5157613722013445e-5,0.5346199682530346,0.454,0.228,0.6358254441626131
SRSF3,3.533871488462912e-5,0.5559480783735274,0.662,0.45,0.6391006586885176
HNRNPDL,3.560797620785849e-5,0.3426871715344895,0.724,0.467,0.6439702497191209
HAUS5,3.562432492744808e-5,0.7645690261280218,0.326,0.144,0.6442659163128985
ANO6,3.5706415235724304e-5,0.7767696336700927,0.287,0.117,0.645750519538074
PLEKHA8,3.5767727334680546e-5,0.6184173293521301,0.464,0.244,0.6468593488476977
POLR2G,3.579364981987064e-5,0.48128492772255094,0.643,0.389,0.6473281569923606
SPRYD7,3.594502886062361e-5,0.6730057979217532,0.328,0.144,0.650065846944378
MFF,3.6038223257825594e-5,0.4211435492043391,0.742,0.511,0.6517512676177759
HPRT1,3.636323711131869e-5,0.5814997920399799,0.575,0.35,0.6576291431581984
ZBTB45,3.647222482138124e-5,0.8234908554077622,0.299,0.128,0.6596001858946797
SAP30,3.6558337539183735e-5,0.46691078052511314,0.443,0.228,0.6611575343961379
NDRG3,3.656812513603999e-5,0.5512752470471547,0.416,0.206,0.6613345430852833
RTL6,3.6596867829187574e-5,0.6450292698984814,0.313,0.139,0.6618543546908573
URB2,3.6672949995064775e-5,0.9456449908315068,0.227,0.078,0.6632303006607465
HSD17B12,3.678770933788355e-5,0.7188068238384042,0.307,0.133,0.665305723375624
AQP1,3.682320284625183e-5,0.8097037026525928,0.237,0.089,0.6659476234744643
NSMCE4A,3.682374261088225e-5,0.3977991261198757,0.746,0.511,0.6659573851178054
CDK16,3.707360838174693e-5,0.48362802822352413,0.72,0.472,0.6704762075838933
ZNF280D,3.7085150129311463e-5,0.6493193619121367,0.301,0.128,0.6706849400885978
DNAJC21,3.713929349453299e-5,0.3663546742560273,0.856,0.678,0.6716641228486291
DGAT2,3.7515636872509966e-5,1.480974848698688,0.186,0.056,0.6784702928393427
STX6,3.7516773001869265e-5,0.4896507448760936,0.563,0.333,0.6784908397388056
BSCL2,3.7760122851646076e-5,0.5002121232301882,0.54,0.311,0.6828918217720193
PRPSAP1,3.8158350713785795e-5,0.5690292943229305,0.639,0.394,0.6900937726588161
SERPINE2,3.8260419728620054e-5,0.7352843891666698,0.39,0.194,0.6919396907920937
ZNF777,3.8355934371157094e-5,0.9474006743607641,0.252,0.094,0.6936670731023761
LSM12,3.8572386839703455e-5,0.7709589711905722,0.28,0.111,0.697581615996037
UNC119B,3.857884492142805e-5,0.8098977159755099,0.301,0.133,0.6976984104040264
YARS2,3.8612267054632005e-5,0.39783686551867237,0.536,0.283,0.6983028496830198
ADAM9,3.8628122084636315e-5,0.4427781904717427,0.649,0.406,0.6985895879006477
ZNF180,3.895511180985599e-5,0.6727817511496998,0.373,0.178,0.7045031970812456
TMED1,3.912352431550203e-5,0.8389201976497633,0.328,0.15,0.7075489372458542
UBE2Z,3.91331820669241e-5,0.37700605949622146,0.718,0.461,0.7077235976803223
RBM25,3.9134077667536514e-5,0.4184273023763503,0.831,0.6,0.7077397946173979
ARHGEF10L,3.9390716757393333e-5,0.38791675627861677,0.891,0.678,0.7123811125574584
XRCC1,3.980041985838178e-5,0.5478368695882193,0.596,0.367,0.7197905931388344
RABGEF1,3.989048126302653e-5,0.5207325889025086,0.546,0.311,0.7214193536418347
ZNF888,3.991618710964257e-5,0.8230126602506562,0.254,0.094,0.7218842438778859
PARP1,3.993459211438619e-5,0.8898690237114515,0.332,0.156,0.7222170983886742
MED25,3.994474082678629e-5,0.39097095765742795,0.831,0.639,0.7224006378524301
TMC5,4.014450381321556e-5,0.4420477840972694,0.796,0.589,0.7260133514620034
NEDD1,4.0290295920792376e-5,0.5222932634652484,0.398,0.194,0.7286500017275301
UBE3C,4.0515712918283016e-5,0.4795908626067915,0.627,0.394,0.7327266681271484
UBE2D4,4.058641446488365e-5,0.6096298412953689,0.313,0.133,0.7340053055974208
MMACHC,4.063600313867315e-5,0.6881805017682674,0.202,0.061,0.7349021167629038
PSMD4,4.06504038446821e-5,0.6914414907011961,0.495,0.272,0.7351625535310757
ATF7IP,4.065354490131927e-5,0.5085191347441161,0.654,0.428,0.735219359540359
FNTA,4.071017981148221e-5,0.5423691480386057,0.427,0.217,0.7362436018906559
SAMD13,4.071347500841029e-5,0.48986430277422555,0.4,0.189,0.7363031955271001
EML2,4.081462011611446e-5,0.5338355550173326,0.672,0.428,0.73813240479993
LETMD1,4.085952372631641e-5,0.3743859725146187,0.654,0.394,0.7389444865904322
PHAX,4.123173564159655e-5,0.46008246885427173,0.577,0.328,0.7456759390782736
DNAJC30,4.154733438355932e-5,0.8361984581666309,0.245,0.089,0.7513835423266704
BID,4.192322671296723e-5,0.4786387490609677,0.672,0.422,0.7581815551040124
IMPAD1,4.199423377276404e-5,0.47587622779627103,0.627,0.411,0.7594657177804376
ELAC2,4.203609596199407e-5,0.49293941370996475,0.652,0.422,0.7602227954726628
ABL2,4.2319298082263e-5,0.8743397455151463,0.272,0.111,0.7653445058177264
EPB41L1,4.237550745173822e-5,0.591827630610191,0.452,0.239,0.7663610522646858
TTC5,4.242040045549001e-5,0.6627849267638832,0.27,0.106,0.7671729422375367
TMEM43,4.2435068552859884e-5,0.5179047829802186,0.52,0.294,0.767438214778471
EIF1AX,4.266094457964046e-5,0.6562384749236038,0.491,0.267,0.7715231827227977
GALNT3,4.2855145118649176e-5,0.5069450802467779,0.551,0.317,0.7750352994707703
ATPSCKMT,4.296928318214085e-5,0.6944608529797776,0.437,0.228,0.7770994863490173
SRSF10,4.311645724853389e-5,0.6548874880036042,0.381,0.183,0.7797611293397354
PUS3,4.3192373402907135e-5,0.727128047663061,0.315,0.139,0.7811340729915756
ELF2,4.3199574970063074e-5,0.48875806111353115,0.408,0.2,0.7812643133335907
POFUT1,4.320108165082094e-5,0.566955002824013,0.487,0.267,0.7812915616550967
RCN1,4.32095809820661e-5,0.7839509282473054,0.365,0.183,0.7814452720606654
CYB5RL,4.335057468816292e-5,0.9227855132358305,0.264,0.106,0.7839951432354264
ARHGEF38,4.342016334013236e-5,0.5699178837538088,0.563,0.328,0.7852536540062938
LARP1,4.3501386730584096e-5,0.5008711552156213,0.433,0.222,0.7867225790226133
HDAC1,4.3976098263536306e-5,0.30849524469863643,0.93,0.783,0.7953077370960541
CEP135,4.410487945973579e-5,0.8413371552874693,0.353,0.172,0.7976367450293218
IDE,4.428961023764387e-5,0.6053797249258419,0.491,0.272,0.8009776011477895
PWP1,4.502402569472318e-5,0.4953215104265506,0.598,0.367,0.8142595046890687
ST13,4.530926602250571e-5,0.6562776239010246,0.338,0.156,0.8194180760170158
PMS2,4.5470088378565584e-5,0.5287742674287419,0.342,0.156,0.8223265483263585
CCDC18,4.5502816052056996e-5,0.6459723569652254,0.243,0.089,0.8229184283014508
STEAP3,4.551359552400509e-5,0.5044419597001113,0.419,0.206,0.8231133750516321
RCC1,4.555876639742788e-5,0.6863165449086053,0.334,0.15,0.8239302902974832
YIF1A,4.561924886331854e-5,0.43307695840029936,0.6,0.356,0.8250241156931158
ELP5,4.573489574598666e-5,0.4510505578854621,0.643,0.406,0.8271155895661688
C1QTNF3,4.5764143394384756e-5,1.5424493784225737,0.167,0.044,0.8276445332874484
SLC30A6,4.643908745041105e-5,0.5135925363675178,0.468,0.244,0.8398508965406838
HES1,4.6478763529958854e-5,0.4365960216123429,0.849,0.672,0.8405684384393058
C9orf64,4.6492539137938986e-5,0.529275688957592,0.429,0.217,0.8408175703096266
KIAA0586,4.6573337335429063e-5,0.6284428896678298,0.256,0.094,0.8422788057112346
MSMO1,4.661122265197848e-5,0.8538868075984645,0.289,0.128,0.8429639616610307
GSPT2,4.6659620474672545e-5,1.0435510781842505,0.258,0.106,0.843839236284453
PTBP1,4.6833989827832603e-05,0.4756231428288639,0.59,0.344,0.8469927060363527
BLACAT1,4.7048199805124764e-5,1.3134064075758873,0.153,0.033,0.8508666934756813
AARSD1,4.7099046575149794e-5,0.7225316782156712,0.398,0.206,0.8517862573115841
ARMC1,4.711848221338565e-5,0.5025417924787876,0.39,0.189,0.8521377508290795
DMRT2,4.715445351508335e-5,1.086647278239051,0.204,0.067,0.8527882918202825
TARBP2,4.804527853137651e-5,0.5076571632601422,0.507,0.278,0.8688988622399442
DNMT1,4.806039134182767e-5,0.4293874496136733,0.619,0.389,0.8691721774169534
SPATA5,4.9322685864695834e-5,0.6309010586697066,0.342,0.156,0.8920007738630241
BMS1,4.956129415733596e-5,0.4681672127804128,0.67,0.428,0.8963160048354208
STIL,5.0085772413538904e-5,0.650971297527742,0.482,0.261,0.9058011940988511
ALG8,5.048498103262628e-5,0.8016229337194609,0.235,0.083,0.9130208819750463
AGTRAP,5.0523150473687205e-5,0.8280862683250807,0.348,0.167,0.9137111763166331
MCCC1,5.066001285171252e-5,0.5097843477960045,0.664,0.417,0.9161863324232209
UBXN8,5.07693212495171e-5,1.1051936957376385,0.179,0.05,0.9181631747975167
BTAF1,5.078081136101293e-5,0.4163741110736021,0.767,0.517,0.9183709734639188
UBXN11,5.129467819951362e-5,0.475485523232384,0.445,0.222,0.9276642552382038
PRXL2A,5.156920314074258e-5,0.36115898727047524,0.852,0.661,0.9326290388003295
RPP25,5.195745351448867e-5,0.4715647409430529,0.447,0.233,0.9396505468095275
EWSR1,5.202360827937115e-5,0.3814762612476561,0.73,0.478,0.9408469557324272
CDKN2C,5.209735923898549e-5,0.7400896883095465,0.258,0.1,0.9421807418370526
TGS1,5.2119200051175034e-5,0.4305044797280872,0.586,0.328,0.9425757329255005
THAP11,5.224611061262136e-5,0.41124938029862157,0.511,0.272,0.9448709104292573
PCBP4,5.2453164697873247e-5,0.47257540574689383,0.344,0.161,0.9486154835610376
STRIP2,5.254232500236781e-5,1.4486345086858257,0.159,0.039,0.9502279476678218
UTP18,5.306317145278223e-5,0.4112526424485441,0.604,0.361,0.9596474557235667
FIBP,5.3076059083431085e-5,0.4868812889909069,0.435,0.228,0.9598805285238512
GEMIN8,5.311871747642323e-5,1.151660677437798,0.169,0.044,0.9606520055611142
CCDC112,5.3907446471352386e-5,0.5886825881415281,0.297,0.122,0.9749161694344078
BEND3,5.403491844840557e-5,0.7059941075401484,0.208,0.067,0.9772215001394148
ZNF76,5.404996290936117e-5,0.41102041919543697,0.487,0.261,0.9774935792157968
PVR,5.41308508098664e-5,0.4871105114481279,0.476,0.261,0.9789564368964339
PRPF39,5.4327187273538504e-5,0.46431740981008435,0.732,0.489,0.9825071818419439
TMEM14A,5.434777522625353e-5,0.47102580672924077,0.542,0.294,0.9828795149667952
PTGR2,5.469261721413904e-5,0.491576634479872,0.264,0.1,0.9891159823177046
TAF6,5.4725803582910556e-5,0.7107408085623133,0.33,0.15,0.9897161577969374
HNRNPR,5.478888413133928e-5,0.5330268527241412,0.674,0.472,0.9908569695152708
ZDHHC6,5.48148367764654e-5,0.4586510512112692,0.604,0.372,0.9913263231023768
LRIG3,5.48424667365643e-5,0.3879709189123146,0.482,0.256,0.9918260109307654
PAFAH1B2,5.4894709398851334e-5,0.3752792859706644,0.755,0.489,0.9927708194782264
IVD,5.5514220136873144e-5,0.5462182260319994,0.52,0.289,1
CHERP,5.5688074485944464e-5,0.5031290110926481,0.637,0.383,1
MCM8,5.5940197025030334e-5,0.5513578390703455,0.33,0.15,1
POLR2F,5.603711543373617e-5,0.48237813007297625,0.697,0.461,1
AIMP1,5.6121181673902274e-5,0.4366911620880519,0.755,0.533,1
PPIE,5.643430229804692e-5,0.3920701589655504,0.658,0.406,1
SHQ1,5.659180120982078e-5,0.4455864488417416,0.344,0.156,1
DZIP3,5.659890208053163e-5,0.8650862737305474,0.278,0.117,1
COX7A2L,5.690828250911709e-5,0.3056697316930056,0.854,0.65,1
TRAF7,5.7016438234846995e-5,0.4105314051798039,0.707,0.472,1
ARSJ,5.705037378481774e-5,0.953913885818598,0.206,0.067,1
ENOSF1,5.7520567020801295e-5,0.4347627467201992,0.802,0.589,1
PSMF1,5.804708949696992e-5,0.36379904294939347,0.781,0.544,1
SLC12A9,5.827016220613569e-5,0.42253430329709785,0.522,0.283,1
AGMAT,5.8287865953259247e-5,0.5142180255960374,0.361,0.167,1
LPCAT1,5.8332126333970435e-5,0.47360277388440974,0.614,0.361,1
CTNNAL1,5.834220055650263e-5,0.8019359035400095,0.305,0.133,1
PSMB2,5.850473543192892e-5,0.629563787419606,0.507,0.294,1
CWC15,5.864721600680386e-5,0.3952663802095526,0.67,0.433,1
PSMD10,5.8702730385770495e-5,0.5824345141109235,0.627,0.4,1
WRN,5.8723594123450815e-5,0.5213032333077323,0.41,0.2,1
IGF1R,5.87511057896216e-5,0.6234304799618142,0.396,0.2,1
SRRD,5.8802350529762365e-5,0.6918399157775021,0.328,0.156,1
YDJC,5.891521726763769e-5,0.3593713215172454,0.546,0.3,1
DAG1,5.958177767319208e-5,0.39854747827841164,0.699,0.456,1
EHMT2,5.972466774028844e-5,0.4740086183832422,0.629,0.378,1
POLE,5.9905372520042445e-5,0.34472179928762603,0.631,0.378,1
WARS2,5.994967685838225e-5,0.9177067850229883,0.27,0.111,1
DEPDC1B,6.005598153745332e-5,1.022571444162283,0.227,0.083,1
VPS26B,6.0628724407406676e-5,0.5754695026239063,0.629,0.389,1
TDRD5,6.099995278737841e-5,2.2137433493304837,0.118,0.017,1
SNUPN,6.10484483083326e-5,0.5723131704112527,0.452,0.244,1
CHCHD6,6.148293521812823e-5,1.0202936836551486,0.204,0.067,1
JADE3,6.239941043308737e-5,0.7711929358357237,0.204,0.067,1
PRUNE2,6.25366712336064e-5,0.4259775809626105,0.664,0.433,1
WDR59,6.253861730368431e-5,0.42302274556402625,0.606,0.367,1
TSPAN12,6.274380949659627e-5,0.5395563526967098,0.575,0.356,1
PSMD2,6.281899832159754e-5,0.6282526946093119,0.315,0.139,1
MID1,6.302753894481536e-5,0.5859068546095831,0.435,0.222,1
SLX4IP,6.318640447948769e-5,0.6065947107966767,0.425,0.222,1
TCAIM,6.329838862128125e-5,0.5618436976367637,0.526,0.3,1
ZNF692,6.332031251538885e-5,0.5022534137279472,0.526,0.306,1
NAT10,6.385943103216855e-5,0.5995516633520286,0.466,0.25,1
RBIS,6.41262482930255e-5,0.523469767999339,0.289,0.122,1
EEF1AKNMT,6.447861561050797e-5,0.4489275655531928,0.551,0.317,1
NDUFB9,6.49406912675977e-5,0.2928243364017442,0.909,0.756,1
MDH1,6.505140137803336e-5,0.4780336011463867,0.476,0.256,1
APEH,6.51503394306302e-5,0.36919908427855136,0.736,0.55,1
C17orf49,6.568943507267397e-5,0.4604502874228007,0.548,0.306,1
DHX40,6.634449888554445e-5,0.44586422816222937,0.472,0.25,1
CTNNBL1,6.788502934388162e-5,0.2836052914375198,0.396,0.189,1
TTLL1,6.812520715821845e-5,1.390125355740453,0.165,0.044,1
FAM171A1,6.840115249006631e-5,0.7464337812458262,0.311,0.139,1
SYNJ2,6.864319130414818e-5,0.5679478197752199,0.429,0.228,1
NFYB,6.868076706733397e-5,0.49381510745256696,0.447,0.239,1
UTP15,6.883966870169772e-5,0.7057931899881749,0.256,0.1,1
NADK2,6.888736826445428e-5,0.4990249088259042,0.392,0.189,1
TRIM68,6.895742564535192e-5,0.7404392232360211,0.272,0.111,1
HECTD1,6.902553463009344e-5,0.26652285294710176,0.856,0.656,1
OSBPL10,6.906830335647591e-5,0.5511797960544942,0.282,0.117,1
DHFR,6.916708769123071e-5,0.5293612892399489,0.581,0.344,1
ZNF629,6.940601518382848e-5,0.9285020604096039,0.235,0.089,1
ERAL1,6.94993788195525e-5,0.5780759651540612,0.408,0.206,1
MFSD14A,6.97022943307348e-5,0.3388624260655666,0.447,0.222,1
NEMP2,7.003839151893568e-5,0.9423584399779044,0.186,0.056,1
CEP131,7.033066041580344e-5,0.5997841476017622,0.33,0.15,1
FDPS,7.035539523615629e-5,0.5934892020680138,0.544,0.328,1
CISH,7.054297057322279e-5,0.6578725042908735,0.433,0.233,1
LRRC14,7.061758679180138e-5,0.3587784400674816,0.689,0.461,1
PUM1,7.071179386840474e-5,0.37027391783024644,0.757,0.522,1
TBCD,7.171887954016148e-5,0.43851806883099553,0.466,0.25,1
TMEM189,7.175767199756256e-5,0.5539826510328181,0.466,0.256,1
SELENOH,7.176172348242607e-5,0.3053081172549854,0.911,0.761,1
SMARCB1,7.215908762588787e-5,0.3616384280162743,0.86,0.683,1
NSD2,7.233100649361052e-5,0.6185361740985872,0.493,0.267,1
RNASEH1,7.238080743925076e-5,0.6261736093044699,0.476,0.256,1
PPP1R35,7.258400529224419e-5,0.44701861430138107,0.788,0.561,1
PPP4C,7.298365037422373e-5,0.3933794131757047,0.845,0.65,1
NCAPH2,7.301703371521307e-5,0.6314748483823662,0.431,0.233,1
COX7C,7.348867839432409e-5,0.3970483934050587,0.835,0.706,1
CUL5,7.425201434035415e-5,0.42512985823413996,0.637,0.4,1
NEK4,7.425549204269314e-5,0.5181481078233704,0.468,0.25,1
WDR89,7.427156864908884e-5,0.5585565627527149,0.305,0.133,1
TRNT1,7.428455922142998e-5,0.5625553802182186,0.546,0.322,1
DDX46,7.445775431403911e-5,0.4049631406291024,0.765,0.539,1
G6PD,7.467835006890257e-5,0.8548148898666985,0.315,0.144,1
GORASP1,7.518435802580235e-5,0.44651145348097965,0.561,0.333,1
RRP1B,7.521438432189359e-5,0.3836831086820742,0.427,0.211,1
KPTN,7.551970222211826e-5,0.7182166824027236,0.266,0.106,1
ORAI1,7.566191693847374e-5,0.5794995014328452,0.365,0.178,1
TIMM17A,7.629451189983026e-5,0.5604803654034087,0.464,0.244,1
SRRM1,7.64689683801864e-5,0.403143135703662,0.802,0.656,1
GGCX,7.661678050035086e-5,0.715454848431508,0.194,0.061,1
TAF1A,7.666232994797796e-5,0.9737000313458024,0.227,0.083,1
BABAM1,7.716944234408625e-5,0.4586411718771094,0.705,0.472,1
EMG1,7.740132615597485e-5,0.38469402858459956,0.555,0.311,1
FBXW8,7.868102220433863e-5,0.5437407409416374,0.522,0.306,1
BTBD6,7.91624670035953e-5,0.5017662306566405,0.623,0.383,1
MED22,7.959402591141277e-5,0.4379931644776922,0.551,0.3,1
GNL1,7.966253992669242e-5,0.6316442153641375,0.313,0.144,1
ATRX,8.022123815009947e-5,0.36382587951074014,0.8,0.561,1
DDC,8.063820607189488e-5,2.018155120130162,0.124,0.022,1
CRCP,8.06445488885907e-5,0.40309736561543724,0.674,0.406,1
UGGT1,8.074615804835383e-5,0.3602010765297208,0.676,0.422,1
RNMT,8.085686515583006e-5,0.5584781011064738,0.489,0.272,1
SETDB1,8.102366932870031e-5,0.4570896095086926,0.711,0.472,1
HASPIN,8.10462618119838e-5,0.8745552459383479,0.202,0.067,1
TLE1,8.143964987948613e-5,0.44012780980048893,0.649,0.394,1
MARCH9,8.195297654149001e-5,0.3972883948184147,0.466,0.239,1
KIAA0895,8.198510116966437e-5,1.252194214993842,0.157,0.039,1
POLR3C,8.306837306681702e-5,0.5376848209409322,0.394,0.2,1
NOMO1,8.392088153091377e-5,0.4876237797178913,0.48,0.256,1
TIPARP,8.436461983030741e-5,0.4299735896213095,0.346,0.156,1
PGM2,8.586945592277822e-5,0.4573287735679452,0.452,0.244,1
SMYD3,8.603509486837878e-5,0.674053667068852,0.254,0.1,1
GANAB,8.610445399695648e-5,0.9756280736987386,0.198,0.067,1
INPP5E,8.618758923363486e-5,0.3789140584059305,0.406,0.2,1
ZNF706,8.622142981370682e-5,0.692487300221377,0.34,0.161,1
DHX37,8.6310563188944e-5,0.4284184189835287,0.462,0.239,1
ARHGAP21,8.675430051504724e-5,0.43760533195412665,0.532,0.311,1
SPATA20,8.685799203681302e-5,0.401348708868143,0.816,0.639,1
MTF2,8.692540215543944e-5,0.45384315568168704,0.643,0.394,1
FAM135A,8.715274334937273e-5,0.5259615707711001,0.431,0.228,1
ELP4,8.754289019578853e-5,0.7039918130042289,0.392,0.2,1
SCRIB,8.809689851834518e-5,0.4316418600228552,0.691,0.467,1
SARS,8.837721986507557e-5,0.5351192074949065,0.402,0.206,1
CCL20,8.915701891311672e-5,0.8832848729758356,0.546,0.356,1
EVI5,8.954198973216108e-5,0.44600148559055935,0.604,0.361,1
CLBA1,8.95979203250141e-5,1.212271468436199,0.202,0.072,1
RNF26,8.981907550881128e-5,0.6734386145693674,0.309,0.139,1
FASTKD1,9.012648762546851e-5,0.4959269947469458,0.511,0.283,1
PRPF38B,9.024738871158231e-5,0.35432293343451554,0.761,0.544,1
CRPPA,9.067654563731996e-5,0.918691705276828,0.208,0.072,1
PDIA3,9.082807301547189e-5,0.5006171844524724,0.703,0.522,1
FAM120C,9.093410064195672e-5,0.8394182755011761,0.311,0.144,1
CCDC183,9.161333227130919e-5,0.7616126166990758,0.445,0.25,1
SH3TC2,9.162422906707576e-5,1.173315661650995,0.165,0.044,1
CDKAL1,9.211700022472124e-5,0.48356985066622826,0.487,0.261,1
TMEM70,9.242530667504011e-5,0.5731625447628035,0.359,0.172,1
STK26,9.2790851514723e-5,0.4591213845377746,0.377,0.178,1
DPY19L4,9.370861982308754e-5,0.6847037980239394,0.359,0.172,1
CNIH1,9.407691097540764e-5,0.49651805841516405,0.503,0.278,1
CDC42BPB,9.431611904196652e-5,0.4648819670298904,0.713,0.489,1
SEC14L2,9.476199441205233e-5,1.1878005986343472,0.126,0.022,1
CRYBG1,9.512131287871553e-5,0.31396072500089744,0.864,0.711,1
SEC11A,9.534234512357891e-5,0.3883520323233606,0.812,0.628,1
TRIT1,9.580036761625411e-5,0.420027101465815,0.47,0.25,1
SDHAF4,9.5965226050675e-5,0.4792275392578358,0.489,0.267,1
THOC2,9.645914666334752e-5,0.4033185842289406,0.699,0.483,1
NMNAT3,9.64924700284313e-5,0.7569883375888904,0.311,0.139,1
ATF7,9.739990098719733e-5,0.5416718216648497,0.414,0.222,1
PLA2G6,9.754900004800008e-5,0.4914095789230781,0.363,0.172,1
NDUFB6,9.756238439822672e-5,0.4670430373825676,0.786,0.622,1
C7orf25,9.804559539827239e-5,0.681101553343292,0.396,0.2,1
STARD4,9.807308554917006e-5,0.5103627379538336,0.375,0.183,1
RECQL5,9.808238714575198e-5,0.48619490697059464,0.406,0.206,1
NAA30,9.875256340849226e-5,0.48648099265906475,0.429,0.228,1
SLC39A4,9.897840686578177e-5,0.7736704998518125,0.276,0.117,1
ARHGAP44,9.921203461806296e-5,0.3869540441609137,0.757,0.55,1
PSMG4,1.0010243980545013e-4,0.5902382657677556,0.295,0.128,1
PPP4R3B,1.0015062796849184e-4,0.4981203428906026,0.598,0.389,1
ZCCHC4,1.0056410414012204e-4,0.5046121653409412,0.336,0.161,1
SOCS7,1.0113986583551966e-4,0.6345356373005706,0.351,0.172,1
RNF141,1.0120371165463853e-4,0.38704265970723345,0.594,0.35,1
VCP,1.0227856936540287e-4,0.6118073587985158,0.429,0.222,1
CEP295,1.0240158916690858e-4,0.7118479909751154,0.289,0.128,1
GIPC2,1.0333226074189466e-4,0.3312281351836686,0.596,0.35,1
NYNRIN,1.042351959988954e-4,0.7406961038441844,0.309,0.144,1
RAB11FIP4,1.0429780371272999e-4,0.413181229100702,0.705,0.45,1
EMD,1.0461705514006896e-4,0.49377511925703843,0.571,0.333,1
PPIG,1.0484029608739933e-4,0.4870834974285674,0.664,0.433,1
PPWD1,1.0511619221140604e-4,0.42599261307459274,0.687,0.428,1
DDX23,1.0515649008982206e-4,0.3854505474754742,0.713,0.494,1
SYT13,1.0522798020491547e-4,0.8076522565335416,0.289,0.128,1
RNPS1,1.0535468197276359e-4,0.5670729759798013,0.542,0.311,1
ZNF277,1.054579719500827e-4,0.40904886141302677,0.421,0.211,1
PDSS2,1.0587451641684181e-4,0.45197094511164204,0.476,0.256,1
TM9SF1,1.0595487983914468e-4,0.3163246896557905,0.645,0.383,1
AQR,1.0624897406639886e-4,0.5513375528374709,0.542,0.328,1
KIF2A,1.0643474050403989e-4,0.37672142138181175,0.487,0.256,1
CEBPZ,1.0651198084844876e-4,0.42978378951894275,0.635,0.422,1
C12orf57,1.0655712141670585e-4,0.2811206936477777,0.862,0.694,1
RNF215,1.0704406834343908e-4,0.6060782321421976,0.258,0.1,1
DBF4B,1.0749338621133217e-4,0.8276266039792817,0.2,0.067,1
AFG3L2,1.0752983712980063e-4,0.28730159459357407,0.804,0.622,1
SELENOI,1.0753973047957638e-4,0.5285108791395896,0.402,0.211,1
FAM111A,1.088569043546537e-4,0.35408959592045486,0.864,0.739,1
HIST1H2AE,1.0921301090633975e-4,0.785399406480856,0.318,0.15,1
HDDC2,1.0966081664072139e-4,0.6973942323868567,0.34,0.167,1
CHRM3,1.1004023300870117e-4,0.8115792240443236,0.198,0.067,1
SGMS1,1.1024952929627222e-4,0.6475208497133897,0.375,0.194,1
RAD51B,1.1059445388064411e-4,0.45468259767262065,0.493,0.278,1
NF1,1.1093556189025574e-4,0.4254706631705458,0.625,0.394,1
CCDC138,1.1109061922654208e-4,0.7225638815982038,0.249,0.1,1
TMCO4,1.1139824015408333e-4,0.4460740310184459,0.482,0.267,1
ZBED5,1.114726592312563e-4,0.563588162523755,0.513,0.3,1
POLK,1.1160490473458308e-4,0.44457956548297684,0.47,0.261,1
DNM1L,1.1163875112211396e-4,0.35498684271938097,0.701,0.467,1
POP5,1.1203041850976406e-4,0.5785617577336044,0.569,0.367,1
DYRK4,1.1211177970345126e-4,0.5612670452765098,0.324,0.15,1
RBM4B,1.1265304203496196e-4,0.7086928732485025,0.272,0.117,1
SART1,1.1289397493859865e-4,0.549079833730133,0.536,0.322,1
DDX42,1.13661893578887e-4,0.4556480386859738,0.641,0.411,1
ANO1,1.139236653347352e-4,0.8467962205047868,0.326,0.161,1
TMEM92,1.1433941660638056e-4,0.8347301743563769,0.206,0.072,1
USP37,1.1478895101913669e-4,0.5734297566971229,0.396,0.2,1
SMIM26,1.1492889716650338e-4,0.4562246103828407,0.602,0.361,1
FAM81A,1.1544795588044055e-4,1.354065329267427,0.134,0.028,1
PTPN4,1.156449798673276e-4,0.41338333128318117,0.464,0.25,1
CCDC171,1.173390861645794e-4,0.7313331779523446,0.357,0.178,1
GALNT11,1.1737442336679987e-4,0.6757366802078919,0.32,0.15,1
SNX7,1.1781444635496325e-4,0.5293176134979731,0.355,0.178,1
CLPX,1.1822746456966909e-4,0.47583145111289715,0.515,0.294,1
GEMIN7,1.1832797692275394e-4,0.33740330225884047,0.598,0.356,1
SFXN2,1.1884891361511692e-4,0.8142326934608946,0.264,0.117,1
TOM1L1,1.1890047750418691e-4,0.49985653916517964,0.703,0.483,1
CTSE,1.1899285044494248e-4,0.8346670089963393,0.464,0.283,1
ZNF181,1.2065462053095025e-4,1.0110072500303384,0.169,0.05,1
NDUFA8,1.2096108705939464e-4,0.489922400427194,0.596,0.372,1
C1orf131,1.2133665256048401e-4,0.5637545917370756,0.344,0.161,1
GIT1,1.2163438411147717e-4,0.4667221059516913,0.555,0.317,1
NDUFV3,1.22322114745041e-4,0.46519515362267805,0.691,0.472,1
ZNF740,1.230594521328951e-4,0.49846341311101533,0.569,0.344,1
FBXL19,1.2312172297034187e-4,0.5702545799218457,0.373,0.183,1
SRXN1,1.2370904247659242e-4,0.38430535130242205,0.474,0.261,1
BORCS7,1.2378248515169143e-4,0.5423620460679035,0.39,0.206,1
KRTCAP2,1.2390294533265973e-4,0.3923233810751855,0.621,0.383,1
CCNE1,1.2439961066149901e-4,0.6614276524266187,0.227,0.083,1
FOXRED1,1.2483557706396558e-4,0.8581264562630704,0.262,0.111,1
FBXL8,1.255743791529346e-4,0.5325564116902763,0.513,0.294,1
VARS2,1.2725703987300063e-4,0.35296290078281045,0.495,0.272,1
ZNF32,1.272784594420455e-4,0.49046984079736267,0.431,0.228,1
UQCRC1,1.272932919782673e-4,0.2552247877979763,0.963,0.833,1
CNN2,1.2795474205586405e-4,0.32684075325723927,0.839,0.65,1
CNOT11,1.284399439695694e-4,0.37855331304781964,0.796,0.617,1
HDGFL2,1.2875149561102027e-4,0.38884417058790266,0.454,0.239,1
PRMT5,1.2957932359004566e-4,1.167647174162473,0.223,0.089,1
CWC27,1.2972364466482688e-4,0.5149607626612913,0.427,0.233,1
NBAS,1.299994065852149e-4,0.4751605008319228,0.59,0.35,1
ZNF22,1.3017051231581096e-4,0.6143688739156522,0.546,0.333,1
TSPYL4,1.302725225397009e-4,0.6710525895844708,0.334,0.161,1
SPTLC3,1.3029558289503364e-4,0.45309983033940093,0.313,0.144,1
PRMT9,1.303595190733023e-4,0.6843516458669789,0.293,0.133,1
ZGRF1,1.3067911723462324e-4,0.7019364611436805,0.348,0.172,1
ABT1,1.3117111682107543e-4,0.5565955355578049,0.371,0.183,1
NREP,1.315732060209284e-4,0.6918709678175974,0.346,0.178,1
BCL7A,1.3200262576692996e-4,0.5677600193003594,0.258,0.106,1
RANGRF,1.321038270865865e-4,0.6133064057664503,0.322,0.15,1
USP3,1.32228949734779e-4,0.37627361240311513,0.742,0.522,1
GALNT4,1.327827879549241e-4,0.46934940969429506,0.567,0.339,1
ACVR1,1.3313194264601198e-4,0.6813846050651047,0.363,0.183,1
GPHN,1.3314159454517178e-4,0.7274817995946108,0.28,0.122,1
ERI1,1.3402913503205512e-4,0.625370453274894,0.384,0.2,1
TIMM10B,1.341249634368968e-4,0.353002307523046,0.699,0.456,1
SARS2,1.3460811702688803e-4,0.5260486032227933,0.303,0.139,1
POLM,1.3470154509353632e-4,0.3876712078869865,0.548,0.317,1
ZNRD2,1.351627395027362e-4,0.48996058279289484,0.555,0.333,1
UBN2,1.3549063029781074e-4,0.501194293103778,0.379,0.189,1
MNS1,1.3552520854087896e-4,1.439658253459894,0.148,0.039,1
TMEM223,1.3664772392046266e-4,0.5253952099987564,0.301,0.133,1
CPSF3,1.3682869853962897e-4,0.5425888261863359,0.528,0.3,1
PPIL3,1.3686419865632516e-4,0.49799240785859267,0.326,0.15,1
DCAF7,1.3724596493399363e-4,0.3970015520911517,0.751,0.544,1
SAPCD1,1.3754028731895155e-4,0.4409438441138367,0.315,0.15,1
REXO4,1.3782222558169648e-4,0.5215400016658306,0.48,0.267,1
FAM76B,1.3855903261215008e-4,0.5323998014921649,0.416,0.222,1
ZBTB33,1.3880136110350162e-4,0.3487641334948075,0.499,0.267,1
ALDH4A1,1.3923085774439136e-4,1.6643905154088898,0.146,0.039,1
MBNL2,1.4050302478118323e-4,0.39935833293045353,0.52,0.294,1
RPA4,1.4136584395857006e-4,0.7869141563650035,0.198,0.067,1
GFM2,1.4172835305940854e-4,0.45173162312329795,0.538,0.322,1
C1QTNF1,1.4247038766498573e-4,0.7263446282598178,0.315,0.15,1
EYA3,1.428860196551673e-4,0.4398946995322965,0.581,0.344,1
RIOK2,1.4289936979959615e-4,0.5181027068009125,0.342,0.167,1
PRPS1,1.4314504332869234e-4,0.43875040002914156,0.241,0.094,1
RCC1L,1.432149158171451e-4,0.48379838604481207,0.41,0.211,1
GALNT1,1.4335367140696562e-4,0.47613283856526445,0.563,0.333,1
DDX1,1.4466515618023678e-4,0.5443700905221869,0.569,0.361,1
IZUMO4,1.4478047911750026e-4,0.8703175879702134,0.186,0.061,1
EPB41,1.4515338751500652e-4,0.5132253438684993,0.419,0.222,1
SLC27A4,1.47067107734084e-4,0.34724762928921055,0.579,0.344,1
PPME1,1.4752537211691044e-4,0.4266560950110003,0.435,0.239,1
DOHH,1.4799897700137364e-4,0.5599215103240738,0.423,0.228,1
XRCC5,1.4800576497402959e-4,0.5563019945369836,0.318,0.15,1
RHBDD3,1.4807419946432341e-4,0.6358636902062038,0.326,0.156,1
TIMM17B,1.4815365676469172e-4,0.5357684972297891,0.394,0.211,1
MORC2,1.488969413313015e-4,0.4090655373226937,0.462,0.239,1
HAUS6,1.4897859175521205e-4,0.5224942477412999,0.249,0.1,1
CDKN2AIPNL,1.494755384649998e-4,0.5027836466856183,0.487,0.267,1
CRY1,1.4982729923632235e-4,0.5840986372606252,0.369,0.183,1
ZNF782,1.5001523282725593e-4,0.4217414725917463,0.299,0.139,1
CAD,1.5017261517866152e-4,0.5676379960545848,0.305,0.139,1
NPW,1.5036152566732613e-4,1.263929621572062,0.167,0.05,1
SGO2,1.507904899934065e-4,1.588312162284129,0.155,0.044,1
CBX8,1.5107910279366739e-4,0.6944582816708118,0.307,0.144,1
XYLB,1.5186862826374993e-4,0.682480954935256,0.276,0.122,1
SLC38A5,1.520761998065036e-4,0.8836898110270122,0.194,0.067,1
FAM83B,1.5240526264248173e-4,0.40708491847027184,0.493,0.272,1
NUP160,1.5259700489216505e-4,0.413374642677524,0.627,0.417,1
FBXW9,1.5265909937563723e-4,0.575091761618741,0.344,0.167,1
WDR61,1.5472192932427189e-4,0.37965676606694476,0.433,0.222,1
NUDCD2,1.5477566002655745e-4,0.6331387051478488,0.472,0.272,1
TXNL4B,1.547966999333224e-4,0.42150201356337313,0.394,0.2,1
ZNF33B,1.5481841142379033e-4,0.5320096777107572,0.328,0.156,1
CBLL1,1.549061859552616e-4,0.4509102622226777,0.431,0.222,1
DHX57,1.5752887728272724e-4,0.6487857565322663,0.357,0.183,1
MIS12,1.5792232495496548e-4,0.6008533000849363,0.449,0.256,1
SCMH1,1.584639575640803e-4,0.6708903873190977,0.388,0.211,1
NPIPB15,1.58626674382877e-4,0.8654595795299698,0.196,0.067,1
POGLUT2,1.586869046646339e-4,1.4199776976802627,0.13,0.028,1
ACTR5,1.5971004955360455e-4,0.5541891741148932,0.324,0.15,1
RMND1,1.597649133785463e-4,0.4906886845773305,0.48,0.261,1
SCNM1,1.5977339680669792e-4,0.447845721384172,0.447,0.244,1
YRDC,1.600215539081035e-4,0.570118796630831,0.375,0.194,1
BLVRB,1.602719072770366e-4,0.3246562761261087,0.711,0.478,1
CANX,1.6040904811416313e-4,0.6431929723764852,0.468,0.289,1
MFSD2A,1.6107393303958358e-4,1.2166097241748663,0.148,0.039,1
GCAT,1.612437593383738e-4,0.5927995092695886,0.34,0.161,1
USP40,1.6150806943723888e-4,0.5101731556675134,0.621,0.4,1
RWDD2B,1.6171240546763695e-4,0.7199796787113844,0.212,0.078,1
CPNE3,1.6209205036998286e-4,0.3831982382440092,0.598,0.383,1
MTRR,1.6363550005265047e-4,0.5821799790241011,0.32,0.15,1
EXD2,1.6401263365048297e-4,0.4720613283169848,0.421,0.222,1
LRP5,1.6403937682662423e-4,0.3157886912157556,0.79,0.589,1
HOOK1,1.6421220860864284e-4,0.4687506270784997,0.629,0.417,1
DDX24,1.6484974548472566e-4,0.39214766560387987,0.689,0.444,1
METTL2A,1.6591825314650867e-4,0.33331825271686955,0.503,0.278,1
HTRA2,1.6731374352906597e-4,0.4393258034711085,0.396,0.206,1
RTKN2,1.6737436311403927e-4,0.8587100453460477,0.239,0.1,1
ACAD11,1.674359180692847e-4,0.6550807557060581,0.381,0.2,1
ZNF514,1.6812997779661778e-4,0.4135774277837112,0.386,0.194,1
THNSL2,1.688026646406105e-4,0.5307443453451202,0.357,0.178,1
PAPSS1,1.6889091733061153e-4,0.4090540492507093,0.437,0.228,1
EIF4H,1.7011571864414295e-4,0.36668036350614686,0.858,0.722,1
BRCA2,1.701623996370368e-4,0.773419068839067,0.272,0.122,1
SURF2,1.7026565583434287e-4,0.5502220729668585,0.334,0.167,1
AARS2,1.7041288606882402e-4,0.4421584487000244,0.518,0.306,1
LRRC20,1.705160049820527e-4,0.6233510442315566,0.186,0.061,1
CASTOR2,1.7054642460998147e-4,1.2090390025223967,0.157,0.044,1
KCTD16,1.7162235825552718e-4,1.5469630456727943,0.146,0.039,1
APMAP,1.7163473377741593e-4,0.48140039633735265,0.625,0.389,1
BICD1,1.7283503231988704e-4,0.700823120718391,0.34,0.172,1
MTIF2,1.7321315860228278e-4,0.3955704843788728,0.687,0.45,1
SBNO1,1.7333314531758413e-4,0.4600773929078221,0.643,0.4,1
MORC4,1.7566303734708734e-4,0.6836878075425474,0.227,0.089,1
KLHDC9,1.7690150652143922e-4,0.814246187687669,0.274,0.122,1
RBM42,1.7747747824307909e-4,0.44398862358604346,0.637,0.406,1
PPP1R37,1.777410193163956e-4,0.32944911370608354,0.699,0.444,1
RHEB,1.7827392664228266e-4,0.4532254414680399,0.406,0.211,1
ZNF205,1.791263838117664e-4,0.3905707448782787,0.478,0.261,1
LPAR2,1.796165658527687e-4,0.5149721153628466,0.363,0.183,1
RAD21,1.8025576079086855e-4,0.5764200101648971,0.353,0.178,1
ETFA,1.8036269484373037e-4,0.31189641636047816,0.862,0.722,1
LARS,1.8152676184959952e-4,0.5527729892236619,0.662,0.45,1
TRAPPC5,1.8226524124802273e-4,0.3229116239420409,0.746,0.533,1
CACTIN,1.8262386403752518e-4,0.48584309496807265,0.466,0.256,1
GPX4,1.833306858580305e-4,0.2784087389569696,0.959,0.85,1
DCAF12,1.840298334498166e-4,0.4738830968821448,0.697,0.467,1
PUS1,1.84441538527961e-4,0.4396055259959886,0.567,0.344,1
DSN1,1.8519268092221652e-4,0.5288834715748842,0.377,0.194,1
TBC1D22B,1.8524607124842062e-4,0.32346165014686834,0.423,0.217,1
NECAB3,1.8537460405246503e-4,0.35347122430592637,0.515,0.294,1
ATG10,1.8594703190272796e-4,0.44970374579621564,0.412,0.217,1
DMTN,1.8597945696039692e-4,0.3072703401355984,0.464,0.244,1
TAF6L,1.860964922168919e-4,0.6300349319275345,0.237,0.094,1
C1orf112,1.8675681216770356e-4,0.647486100722336,0.285,0.128,1
SLC5A6,1.8714130452594723e-4,0.6682178880705516,0.416,0.228,1
PSMD6,1.8780673445020654e-4,0.5694808669957465,0.551,0.339,1
PIK3R2,1.8825506148982977e-4,0.34369800251499694,0.526,0.3,1
TPST2,1.8861896404431464e-4,0.5470075982796023,0.392,0.206,1
C5orf22,1.89592796771986e-4,0.6443517220526378,0.313,0.15,1
NOTCH3,1.897419029160551e-4,0.9094421289866224,0.278,0.128,1
DOCK9,1.915367428178487e-4,0.4710680276341982,0.487,0.267,1
EED,1.9250452094002736e-4,0.5279284355958199,0.462,0.267,1
TRMT2B,1.9269109524725812e-4,0.5594793504353681,0.404,0.206,1
UBE2O,1.9335790554239903e-4,0.4319679716172311,0.447,0.239,1
PPIF,1.934036108087833e-4,0.4639401060076906,0.662,0.45,1
SLC7A5,1.94352786154052e-4,0.8117616940226255,0.299,0.144,1
HIF1AN,1.96372417294658e-4,0.4858529641099314,0.505,0.3,1
KIF7,1.9640834034650412e-4,0.6459994040407586,0.285,0.128,1
TFAM,1.9743669225894396e-4,0.5619891991350472,0.268,0.117,1
CLHC1,1.982012100018374e-4,0.5822663887314676,0.291,0.133,1
ZNF354B,1.9865099905936885e-4,0.6507518196810589,0.268,0.117,1
SEPTIN2,1.989406445216311e-4,0.35956788610440454,0.594,0.378,1
NRXN3,1.9989265460484875e-4,1.4048588231834622,0.136,0.033,1
SLC25A16,2.0091127863902788e-4,0.34406327503254613,0.707,0.456,1
HES5,2.0103394938746294e-4,0.8085692072060837,0.212,0.083,1
ZNF800,2.0166348037481174e-4,0.42693129337893626,0.619,0.383,1
CEP152,2.0166745092648985e-4,0.40361058659402405,0.289,0.128,1
AVL9,2.023719206461154e-4,0.3106173561507557,0.837,0.672,1
MCFD2,2.0243000472102514e-4,0.7579098674784557,0.28,0.128,1
NUP42,2.0294940257911342e-4,0.5042992342914945,0.491,0.272,1
LRCH1,2.040626874660875e-4,0.5272100421057206,0.505,0.3,1
SLC25A4,2.042286145834997e-4,0.4917229305574091,0.449,0.239,1
PSMD5,2.0451939171156725e-4,0.7635428924831853,0.241,0.1,1
PIH1D1,2.0457829578311091e-4,0.4507589106495965,0.482,0.267,1
ZFAND1,2.051091168845769e-4,0.34013601336639304,0.608,0.367,1
SH3PXD2A,2.0605689918717286e-4,0.28259394706287677,0.891,0.75,1
GLG1,2.067130184109155e-4,0.3487985272884728,0.435,0.222,1
TBL2,2.069128316200661e-4,0.4313140290508676,0.48,0.267,1
KIAA0753,2.0699244517851715e-4,0.5060952766584992,0.367,0.189,1
ADCK5,2.0716263520375162e-4,0.41334530601037134,0.515,0.289,1
TRAF3IP1,2.0724598376914652e-4,0.4846874168132329,0.452,0.239,1
SAP30L,2.086242787093674e-4,0.34744779774485596,0.579,0.361,1
METTL8,2.088517129339425e-4,0.7252833978355016,0.216,0.083,1
APOO,2.0931079957973238e-4,0.7875885314952269,0.173,0.056,1
SLC25A38,2.1002318543899098e-4,0.3596897052197937,0.668,0.411,1
DAAM1,2.1014238039940986e-4,0.35137500822329004,0.476,0.267,1
IFITM2,2.1015719417182116e-4,0.8895869871303475,0.266,0.122,1
CHCHD1,2.1056093813254744e-4,0.48710833137221377,0.802,0.6,1
COG1,2.12074863238098e-4,0.379940384156629,0.462,0.256,1
ESRP1,2.1222170217053795e-4,0.2740964138510189,0.913,0.778,1
FAM83D,2.1261569241855303e-4,0.897146952426279,0.165,0.05,1
EXTL2,2.1479394134006833e-4,0.5911154617227479,0.252,0.106,1
RIOX2,2.1509422147402088e-4,0.42697790601133,0.489,0.267,1
EIF1,2.1559299057787444e-4,0.5120435180297465,0.375,0.194,1
GAS2L3,2.1748197786868707e-4,0.9158191257994508,0.258,0.117,1
ACBD5,2.1809909859063075e-4,0.3944485914401844,0.713,0.5,1
ATG101,2.192759124362077e-4,0.4242784592514004,0.489,0.278,1
INSIG2,2.1956638602480205e-4,0.5722591268211106,0.379,0.206,1
TOP2B,2.197443267811837e-4,0.42815874048754893,0.575,0.35,1
NIT2,2.1998686702721462e-4,0.423031319346417,0.482,0.278,1
ZBTB25,2.206062260412982e-4,0.46613059614104557,0.381,0.194,1
ZNF248,2.2064269814789096e-4,0.4462759938506604,0.414,0.217,1
ZNF850,2.2126034048880786e-4,1.278950124166859,0.144,0.039,1
CUL7,2.2164445667266933e-4,0.764127277676333,0.311,0.15,1
QTRT2,2.223941900766048e-4,0.447483627950215,0.384,0.194,1
SVIL,2.2287090058194502e-4,0.46990031051873243,0.594,0.367,1
KCTD17,2.2289288384734124e-4,0.56983993425807,0.445,0.25,1
BZW1,2.2509785074051856e-4,0.46098297011022477,0.6,0.378,1
MAPK1IP1L,2.2573625162328352e-4,0.5619651130194798,0.357,0.178,1
TTI1,2.2642357187019734e-4,0.5879362969201194,0.447,0.256,1
AMMECR1,2.2643839513140058e-4,0.7309804928564438,0.254,0.111,1
PHETA2,2.269416400879126e-4,0.42465467570341375,0.384,0.194,1
INTU,2.2766993878086533e-4,0.5861097357552194,0.258,0.111,1
IFT52,2.2808077587359296e-4,0.5714647686580796,0.252,0.106,1
LMBR1,2.287248129839133e-4,0.4087142088345225,0.466,0.261,1
BRD8,2.2890342461290007e-4,0.42844442665911425,0.635,0.411,1
GTF2F1,2.293073377620182e-4,0.4738991820704268,0.445,0.25,1
ERCC8,2.2935756707245355e-4,0.691895858264512,0.214,0.083,1
LRRC61,2.2987423055021428e-4,0.4096772266780522,0.344,0.167,1
IER5L,2.301456732305285e-4,0.4653892396448702,0.4,0.211,1
MANF,2.3073518475476098e-4,0.36484669091831445,0.759,0.544,1
STK25,2.311087050215788e-4,0.2635999527310072,0.724,0.467,1
DYNLT3,2.3162437503761372e-4,0.7313541076804742,0.278,0.128,1
LENG9,2.3186169106113243e-4,0.7917810382216932,0.268,0.122,1
SEMA4C,2.3194849776342113e-4,0.37991060670823695,0.464,0.267,1
SLC41A3,2.332377363346636e-4,1.0643118532112683,0.192,0.072,1
TADA2A,2.3440567393105e-4,0.5171625025096691,0.423,0.228,1
TDG,2.3465119130822068e-4,0.611084789978384,0.241,0.1,1
SUGP1,2.3479943179325558e-4,0.6476592548368558,0.301,0.144,1
LSM14B,2.349560556777169e-4,0.4809803179315256,0.555,0.333,1
NDUFA13,2.349560556777169e-4,0.47884420780118897,0.553,0.339,1
SLC35E3,2.3590510802880832e-4,0.4610952107421027,0.297,0.139,1
ZNF708,2.3647336751554603e-4,0.40214060352974146,0.406,0.217,1
PCBP2,2.364805424685961e-4,0.39536654349795586,0.396,0.206,1
NOM1,2.3871672599786535e-4,0.4040496882579321,0.429,0.228,1
CCDC85B,2.4023943631268526e-4,0.5466237513339379,0.629,0.417,1
COX10,2.4050620663515024e-4,0.43294829425582526,0.518,0.306,1
WDR6,2.4071347727202568e-4,0.3555902585334029,0.757,0.533,1
PPIB,2.4208681231489994e-4,0.3135107620298898,0.878,0.656,1
C16orf95,2.4226689567869879e-4,1.0888023119763357,0.136,0.033,1
AKR1C3,2.4253210815510827e-4,0.5217070862846471,0.375,0.194,1
ALPK3,2.4263031821922652e-4,1.4990549617671207,0.142,0.039,1
PSMA2,2.4345837391110745e-4,0.7367874689691531,0.4,0.233,1
HAX1,2.446192963135122e-4,0.414234403831249,0.491,0.283,1
NDUFA10,2.467132345055329e-4,0.2815971289052971,0.843,0.628,1
CNNM3,2.4688513059309213e-4,0.40590294532034077,0.586,0.344,1
TAF9,2.471251441401739e-4,0.49853631896135253,0.266,0.117,1
YEATS2,2.4747184177481937e-4,0.5070044355668597,0.365,0.189,1
FTO,2.4939915073032663e-4,0.4368305170172353,0.256,0.106,1
AK6,2.4974980931922856e-4,0.48651773977743895,0.262,0.111,1
MTURN,2.4982701845538587e-4,0.5706061607061703,0.367,0.194,1
TIMM9,2.5008005665670365e-4,0.4865522217983389,0.334,0.156,1
EPS8L1,2.50206064967018e-4,0.46780865000498084,0.67,0.428,1
ASF1A,2.507125462017397e-4,0.3391545676910108,0.375,0.189,1
ANAPC13,2.512308396905013e-4,0.4030442656703903,0.464,0.25,1
IFT43,2.517349963157298e-4,0.34174373528581303,0.553,0.311,1
PRDX1,2.5181516433592954e-4,0.3612928725693293,0.598,0.356,1
NMD3,2.5245780366812764e-4,0.4076780330528712,0.503,0.294,1
IFT57,2.547268951868986e-4,0.4369001531623807,0.551,0.328,1
BDP1,2.54796754074328e-4,0.5904378153512365,0.581,0.383,1
ZDHHC20,2.556034914758287e-4,0.3166541773249354,0.816,0.656,1
BDH2,2.5603415068012846e-4,0.5472015181552274,0.332,0.167,1
ANGEL1,2.562312420357067e-4,0.3676957624774161,0.596,0.356,1
PIWIL4,2.571039353077813e-4,0.6978354846709363,0.196,0.072,1
ACTR3B,2.57338917025729e-4,1.0538709038231202,0.186,0.067,1
CCDC66,2.5828229750174365e-4,0.5289840910158954,0.336,0.167,1
ADGRG6,2.587636259801873e-4,0.5400972241214861,0.326,0.161,1
RBBP8,2.598179328796795e-4,1.1641330486537815,0.169,0.056,1
IKZF2,2.5996098572226656e-4,0.7273364502454114,0.181,0.061,1
OCRL,2.6006702235243555e-4,0.38939767165879113,0.68,0.456,1
CTSH,2.603328697175404e-4,0.34246197176108994,0.563,0.35,1
MRAP2,2.60355286076088e-4,0.6322280539665637,0.297,0.139,1
TIPIN,2.605617954247352e-4,1.326139810527248,0.134,0.033,1
LSM14A,2.613028432762834e-4,0.35654570178140244,0.384,0.194,1
FAM120B,2.6152182986813343e-4,0.4197445449487147,0.489,0.278,1
ATXN3,2.6227725874112797e-4,0.3175318699697049,0.559,0.333,1
NDUFAF5,2.630229088179984e-4,0.3905505066740851,0.384,0.2,1
CPSF6,2.6320899231260667e-4,0.39598019183118294,0.623,0.389,1
CTNNBIP1,2.63842665194213e-4,0.47042448965388817,0.604,0.389,1
PRLR,2.641006639181229e-4,0.5638363765251755,0.332,0.167,1
COQ9,2.660327556745288e-4,0.3870588165236414,0.784,0.589,1
LANCL2,2.682604326401981e-4,0.410540401437153,0.435,0.233,1
TNPO1,2.686197705896605e-4,0.4902689425430613,0.384,0.2,1
FITM2,2.687043882565135e-4,0.8351656751052667,0.204,0.078,1
SDR16C5,2.6878516916319106e-4,0.4422815807830155,0.456,0.25,1
TMEM161B,2.693602465518229e-4,0.5037872920520436,0.495,0.294,1
RALGAPA2,2.6986093169091097e-4,0.4271850461903292,0.637,0.422,1
HMGCS1,2.6989051696540305e-4,0.4858093440774959,0.532,0.317,1
PLBD1,2.7000945757781557e-4,0.4535473553054379,0.559,0.339,1
FRG1,2.7087192239861414e-4,0.4207491229824918,0.313,0.144,1
UPF3A,2.7120495294506085e-4,0.502944898788348,0.524,0.317,1
PCDHB14,2.716174731172737e-4,0.9060251635215146,0.177,0.061,1
EIF2B2,2.7397786748358655e-4,0.36015268642404963,0.363,0.183,1
FZD4,2.7490047084612084e-4,1.0298016355807746,0.208,0.083,1
UROS,2.750705771605551e-4,0.46354651927920376,0.46,0.25,1
LONP2,2.781828813804267e-4,0.3297200175482062,0.798,0.628,1
ADAMTSL2,2.7846291844337663e-4,1.175212381002238,0.142,0.039,1
CXCL8,2.787074057418317e-4,1.4685331220863103,0.175,0.061,1
GTF3A,2.7875940320698923e-4,0.43776391166738726,0.431,0.244,1
CDC23,2.803113010294997e-4,0.6820403780375246,0.32,0.161,1
AGK,2.8053277032177225e-4,0.5063197356503606,0.247,0.106,1
SNF8,2.8155046694744966e-4,0.3259612877728053,0.847,0.661,1
PPIP5K1,2.821563092840972e-4,0.46378595615026796,0.48,0.261,1
CDX1,2.837833828443288e-4,0.2350500934769184,0.957,0.822,1
POLR3E,2.837919112028764e-4,0.3593554454679261,0.678,0.45,1
ZMIZ2,2.846503316229098e-4,0.378591511071227,0.821,0.633,1
GRWD1,2.858309720068128e-4,0.552468757378862,0.289,0.133,1
RPGRIP1L,2.8746553097425527e-4,1.0465731373553417,0.184,0.067,1
NECTIN3,2.8752400932814367e-4,0.3519203823167715,0.678,0.456,1
ZC3H7B,2.8816565738224717e-4,0.4178790552488277,0.59,0.35,1
PBDC1,2.8871175033107395e-4,0.511914200667658,0.404,0.222,1
MTMR2,2.905151968887275e-4,0.45214769698636026,0.408,0.228,1
DNTTIP1,2.9121156609670894e-4,0.438837886673472,0.52,0.311,1
PEX1,2.9148631934573614e-4,0.47656851337040596,0.542,0.328,1
KLHL29,2.9195204365051555e-4,0.9268729325937013,0.194,0.072,1
BLMH,2.924551206000188e-4,0.4681510237242681,0.377,0.194,1
SMIM13,2.9278699399608527e-4,0.6091992491830771,0.249,0.106,1
C16orf91,2.928267384081561e-4,0.49546660938534326,0.299,0.144,1
INVS,2.93160123884786e-4,0.5059178097769019,0.425,0.239,1
AGA,2.93253958004841e-4,0.3534029759636015,0.414,0.222,1
INO80,2.9369939489471016e-4,0.3476088165268342,0.544,0.322,1
TYW3,2.940212886865818e-4,0.47856040949323475,0.371,0.194,1
BBS4,2.9421527469041463e-4,0.4543720408764791,0.309,0.15,1
CUEDC2,2.9526255957908204e-4,0.46012809991144776,0.472,0.267,1
C2orf49,2.952645426863548e-4,0.40296030979011266,0.478,0.272,1
IFT172,2.957416739152257e-4,0.49262209898483245,0.34,0.172,1
TMEM106C,2.971991785151475e-4,0.3041063131629361,0.827,0.689,1
MTDH,2.9780855331135875e-4,0.34555660910044894,0.823,0.617,1
MIPOL1,2.981866654087708e-4,0.40932691990301584,0.295,0.139,1
RNF24,2.984792628346723e-4,0.8573302234342166,0.21,0.083,1
COX19,3.003920224400516e-4,0.458160427338782,0.555,0.344,1
DBR1,3.006668749093105e-4,0.3093773539034621,0.394,0.2,1
ZNF502,3.0083881379540747e-4,0.8409630859338941,0.204,0.078,1
MLH3,3.0095808094123493e-4,0.47273297448458806,0.386,0.211,1
PIGP,3.0139447784196497e-4,0.5947845585061944,0.303,0.144,1
CENPL,3.014146263121725e-4,0.8791546113836746,0.219,0.089,1
SUPT7L,3.021747695609519e-4,0.3585066547722514,0.67,0.417,1
SRP68,3.047300137177389e-4,0.29641740355590074,0.557,0.333,1
BPHL,3.0580253871450035e-4,0.5534223808502581,0.32,0.156,1
SF3B2,3.064110459504405e-4,0.3777103166061515,0.524,0.311,1
SRP9,3.0705019867394856e-4,0.3742844301769925,0.802,0.633,1
STK35,3.072291025325124e-4,0.25254965404835517,0.532,0.311,1
CACNB3,3.072773029448316e-4,0.513405432284886,0.511,0.3,1
NSD3,3.089045050002085e-4,0.3885745496891361,0.509,0.294,1
PDIA4,3.100042662649773e-4,0.5848785333225518,0.458,0.272,1
MANSC1,3.10023152876665e-4,0.3858585178825895,0.511,0.294,1
NAA25,3.1125749922023677e-4,0.4322651583565982,0.373,0.189,1
CCDC57,3.117674986412409e-4,0.2548553180173423,0.336,0.161,1
AP1G2,3.1182590542542843e-4,0.3417101131357214,0.845,0.644,1
PFDN5,3.127207195596116e-4,0.4801496927123554,0.518,0.311,1
PIGO,3.131064313992625e-4,0.37445863351549524,0.699,0.489,1
RPRD1A,3.136435199003857e-4,0.3696567774184382,0.633,0.389,1
CDC123,3.139079420896511e-4,0.4593878874900841,0.705,0.511,1
PDCD7,3.1450533842179197e-4,0.49849473475464134,0.334,0.167,1
UBR3,3.1465283973556375e-4,0.38064663383635444,0.474,0.261,1
NRDC,3.148824450563873e-4,0.3660854265835586,0.775,0.572,1
MAZ,3.1547976814683506e-4,0.3907597200019741,0.509,0.294,1
CDC42EP2,3.163217489052545e-4,0.5219984711503751,0.344,0.172,1
BTBD2,3.169323148238282e-4,0.3902774005606539,0.713,0.5,1
CACNA1D,3.191920044276031e-4,0.4926229074463855,0.272,0.122,1
PGP,3.199715531164616e-4,0.3607690237214364,0.625,0.4,1
HOMEZ,3.204986159865995e-4,0.591378538977009,0.282,0.133,1
KDSR,3.226467877651916e-4,0.414042784821112,0.542,0.322,1
TRAPPC13,3.24865289101781e-4,0.45742959751599077,0.431,0.233,1
CCSER2,3.252643409402736e-4,0.49797100997566723,0.48,0.283,1
FAM189B,3.264004807103753e-4,0.7610196762282269,0.188,0.067,1
PHACTR4,3.2648088449093967e-4,0.269577091053707,0.563,0.322,1
HSD3B7,3.2730984308495945e-4,0.35359769442743016,0.384,0.2,1
NFIC,3.2740212273226193e-4,0.3367201661554588,0.571,0.344,1
PTPRO,3.2788327536847466e-4,0.8853827224172619,0.221,0.094,1
PGLS,3.2888272514059765e-4,0.39611098690715824,0.647,0.417,1
NCBP2,3.2925154975795733e-4,0.3289608228965225,0.841,0.689,1
CAPG,3.293264492102933e-4,0.21949887267116108,0.887,0.756,1
NAA10,3.300375665543971e-4,0.45088937911799387,0.577,0.361,1
SLC30A5,3.31922267450969e-4,0.4466499880092508,0.493,0.289,1
PIP4K2B,3.324211925602742e-4,0.5846739255766651,0.342,0.178,1
ZNF704,3.3482699660730583e-4,0.3585228520481252,0.322,0.156,1
CA13,3.357236629637231e-4,0.6918334386790699,0.291,0.139,1
WDR73,3.3573244595819473e-4,0.42719366225893407,0.54,0.317,1
PLXNA1,3.3619773562703085e-4,0.5889874395758561,0.297,0.144,1
PHIP,3.3638252633461313e-4,0.40021165572805273,0.68,0.456,1
YWHAQ,3.3715124016564215e-4,0.3624807949822791,0.748,0.567,1
TADA3,3.3776791809386655e-4,0.35213037787586476,0.792,0.572,1
KMT5A,3.378456373904575e-4,0.3960549428055983,0.699,0.461,1
MAK16,0.00033942151744204365,0.4317248076893372,0.406,0.222,1
MAGED1,3.4007574562488146e-4,0.46530758103124814,0.524,0.317,1
ZNF519,3.4076069085709995e-4,0.40688224860370403,0.276,0.128,1
DUT,3.420024833136973e-4,0.5058170242707598,0.48,0.289,1
LPIN1,3.434173312814638e-4,0.4297170392904661,0.39,0.206,1
RPE,3.437887180704136e-4,0.6401019974185274,0.249,0.111,1
JARID2,3.453532572731061e-4,0.41597979908490257,0.386,0.2,1
OXCT1,3.45364324302806e-4,0.6233573183004242,0.268,0.122,1
C15orf41,3.4583582210432067e-4,0.7170493770223536,0.256,0.117,1
TMEM107,3.463730149492387e-4,0.5683845549550675,0.307,0.15,1
TAF12,3.47684776402715e-4,0.37265030190056214,0.482,0.278,1
CCNC,3.4785589922214813e-4,0.5024228720004495,0.433,0.239,1
GTF2H3,3.4892344447854176e-4,0.9862780956396024,0.167,0.056,1
EIF6,3.489772621592749e-4,0.3657544124995744,0.858,0.711,1
CTH,3.502708230059113e-4,0.30073788649193034,0.309,0.144,1
HMGA2,3.51473010712558e-4,0.37001492502912225,0.322,0.156,1
HACE1,3.5147368842941096e-4,0.7085563222756195,0.287,0.139,1
WDPCP,3.531195672059464e-4,0.39088384546461663,0.208,0.078,1
TRMT61B,3.5399074700571357e-4,0.41246690182518897,0.342,0.167,1
RINT1,3.544557093494895e-4,0.37359434481494835,0.581,0.372,1
RASA1,3.5531632643005833e-4,0.38060252469913236,0.68,0.461,1
XPOT,3.5658497928742786e-4,0.4968275784344238,0.301,0.144,1
CHDH,3.569591889885345e-4,0.5630384871801614,0.433,0.25,1
SIN3A,3.584060545264702e-4,0.5104885712830411,0.464,0.278,1
DDX11,3.584564317223387e-4,0.546551142021394,0.404,0.222,1
COL9A2,3.5899396471155277e-4,0.5229608870426137,0.344,0.178,1
KANSL2,3.590770087487376e-4,0.5719353482209268,0.402,0.222,1
RUNX1,3.602397537631698e-4,0.5021063849177552,0.788,0.611,1
GADD45A,3.6043900624462753e-4,0.6424786647553309,0.307,0.156,1
PIK3R1,3.615976657172638e-4,0.3859995495897464,0.656,0.433,1
PARP6,3.643913711155665e-4,0.6208157644749557,0.303,0.15,1
SHC2,3.647901851886941e-4,0.6748311758401666,0.235,0.1,1
MTA3,3.6573101813174225e-4,0.46507940873649256,0.612,0.406,1
RPP30,3.676149685759209e-4,0.41345261838393643,0.388,0.2,1
BAG3,3.680134161386934e-4,0.5699125720482363,0.392,0.217,1
WDR24,3.690183324566763e-4,0.32660819682914144,0.351,0.178,1
CBY1,3.7065878905121537e-4,0.6570266604622836,0.21,0.083,1
POM121,3.708837846173573e-4,0.5293834406632651,0.311,0.156,1
CETN3,3.709022592910937e-4,0.4608138610053065,0.221,0.089,1
DNAAF2,3.716813644962221e-4,0.43473562396242293,0.293,0.139,1
FANCB,3.725871618910229e-4,0.621725351456401,0.194,0.072,1
FYTTD1,3.727872906850409e-4,0.46973374475204366,0.493,0.294,1
ZNF18,3.7396707050948064e-4,0.6393936064137713,0.235,0.1,1
TOR3A,3.73977261799772e-4,0.5090415955455364,0.456,0.267,1
DMAC2,3.760705210043166e-4,0.2882037283226777,0.497,0.289,1
ACOT7,3.76338360441779e-4,0.48790199261959954,0.598,0.389,1
ATP5MPL,3.771087295357012e-4,0.3440872651562694,0.41,0.211,1
CRYZ,3.7712499120413646e-4,0.5442766052692785,0.39,0.211,1
FEM1A,3.7831926379972377e-4,0.4584028626860205,0.456,0.261,1
FABP5,3.7844473393919617e-4,0.6068286552013673,0.303,0.156,1
SLC39A7,3.78699397247577e-4,0.411876562459044,0.61,0.389,1
PROSER3,3.795041123767482e-4,0.4044241737212241,0.515,0.306,1
TMEM129,3.8154224659377894e-4,0.2965774502824089,0.775,0.55,1
CISD1,3.8203288850991666e-4,0.6294005574400221,0.282,0.133,1
STARD7,3.8292720559130177e-4,0.34366819714999586,0.497,0.289,1
GET3,3.829899151574742e-4,0.4742812529025593,0.348,0.183,1
MED28,3.8333827356557486e-4,0.44584775589805953,0.592,0.378,1
SLC18B1,3.833911801082151e-4,0.6169321945086161,0.27,0.128,1
ERCC2,3.8461529711335924e-4,0.6505658689610931,0.365,0.189,1
RNF139,3.8484238768153584e-4,0.5593647993159723,0.365,0.2,1
SNAPC4,3.851522439239881e-4,0.5210802572087463,0.501,0.294,1
ERO1A,3.8558711457184014e-4,0.40995240450657666,0.796,0.622,1
FAM200A,3.8582949135676205e-4,0.9984223299288302,0.175,0.061,1
ARL6,3.8593062912302347e-4,0.8241152389410593,0.192,0.072,1
RFX3,3.8644111301686676e-4,0.5798165067200882,0.252,0.111,1
IRGQ,3.865550833371064e-4,0.4257043488596542,0.606,0.378,1
CNOT7,3.8666179072453414e-4,0.4592938191401763,0.348,0.183,1
IPO9,3.867620186904751e-4,0.4429859946182664,0.449,0.256,1
RMDN1,3.8719808611217506e-4,0.5597860632005847,0.26,0.117,1
SENP3,3.8723694182525706e-4,0.26398010462748134,0.489,0.278,1
CSNK2A1,3.8815379993631117e-4,0.4108041953314947,0.384,0.2,1
FAM192A,3.8887000605239576e-4,0.4151431194916213,0.509,0.306,1
DLG5,3.905280087089997e-4,0.3775833545813926,0.482,0.278,1
NF2,3.9294803247281676e-4,0.3556035866398781,0.693,0.472,1
YWHAE,3.930091093003966e-4,0.37286487566592896,0.775,0.6,1
AGBL5,3.933334331479507e-4,0.4304892299772183,0.338,0.172,1
MALSU1,3.939996380469036e-4,0.44267155934793,0.386,0.2,1
SENP2,3.9520577528062744e-4,0.2963534115940559,0.573,0.344,1
MAN1B1,3.9574005180919236e-4,0.5306302236153179,0.503,0.3,1
PSMB3,3.9590047526647345e-4,0.5548880933633182,0.355,0.183,1
MTCH2,3.9616284528870907e-4,0.5275304138521535,0.404,0.222,1
SLC39A6,3.979070592294938e-4,0.8561601980829199,0.254,0.117,1
PET100,3.981976468704175e-4,0.37125870009704764,0.728,0.483,1
RBM12,3.984962304732663e-4,0.4851522065543945,0.476,0.272,1
POP1,3.986163125013783e-4,0.4648888577161372,0.28,0.133,1
GPRIN1,3.9877120057680546e-4,1.2143822552262353,0.146,0.044,1
EIF1AY,4.0001512761474894e-4,0.6692394695375786,0.406,0.239,1
C2CD4A,4.0066599901290823e-4,0.835338828025912,0.186,0.067,1
CDK5,4.0249565574801736e-4,0.7791973497644569,0.175,0.061,1
SMIM19,4.047470557059356e-4,0.5056488994708763,0.431,0.244,1
POLH,4.0494306471787554e-4,0.5930074523646325,0.369,0.2,1
USP8,4.0686149770538706e-4,0.3708679458630483,0.672,0.456,1
ZNF200,4.076163255404203e-4,0.6747762777582429,0.324,0.167,1
P4HA2,4.0903126821568146e-4,0.40509306892794816,0.528,0.311,1
DAB2,4.090695950987882e-4,0.37267491886469023,0.738,0.567,1
DMAC2L,4.095152436957899e-4,0.5760112369076917,0.394,0.211,1
FBXO22,4.1265790843619614e-4,0.5878777398388992,0.353,0.183,1
DYNC1I2,4.1479480707500596e-4,0.3449487309314169,0.734,0.511,1
ACTR1B,4.164585340333141e-4,0.3367094076732188,0.816,0.689,1
ZNF627,4.1687772763386816e-4,0.5453225514801703,0.305,0.15,1
TMEM120B,4.1688079425658195e-4,0.7435617539374584,0.272,0.128,1
COL4A5,4.196993172242953e-4,0.30710940962316635,0.439,0.244,1
ELOC,4.198282537514893e-4,0.4727612642598319,0.466,0.261,1
TIGD5,4.2041955599540786e-4,0.5014805057596954,0.435,0.244,1
SLC31A1,4.2420329638880776e-4,0.4300125262541923,0.46,0.256,1
TTC12,4.244781248380662e-4,0.4743818034606072,0.476,0.272,1
C12orf10,4.248130450227419e-4,0.36330581227704184,0.52,0.306,1
TTC8,4.2598341322557957e-4,0.47169983718251274,0.379,0.2,1
GLE1,4.291961265407456e-4,0.4436132955617167,0.449,0.256,1
TMEM123,4.2939544638139854e-4,0.5937958046232443,0.307,0.156,1
CCDC43,4.298128629706736e-4,0.42653766466965093,0.511,0.294,1
UBA3,4.304369427049898e-4,0.37216020197428834,0.635,0.411,1
RRP8,4.3181923127471087e-4,0.36523556539558655,0.313,0.15,1
FAF2,4.332234447613628e-4,0.396686679831614,0.423,0.228,1
SEC61G,4.3613953315650315e-4,0.4321218659110164,0.524,0.322,1
SLC25A32,4.365759015563262e-4,0.4213335609835609,0.379,0.2,1
PTPN3,4.371653890701209e-4,0.5834640035354237,0.497,0.294,1
RTCB,4.3718258945875323e-4,0.27673215202633217,0.864,0.728,1
SIPA1L1,4.3821467533951774e-4,0.3815315180448733,0.334,0.161,1
ANKRD17,4.389877232544705e-4,0.3054427760991232,0.854,0.667,1
MAGEF1,4.4023682274391254e-4,0.7642075334359695,0.245,0.111,1
SAV1,4.407817336498135e-4,0.671815381832483,0.27,0.128,1
NISCH,4.4143679401739455e-4,0.38816658897345646,0.66,0.45,1
TENT4A,4.423661508785317e-4,0.40328401360191896,0.709,0.489,1
MIIP,4.4345433147126447e-4,0.2835446401405499,0.505,0.294,1
THRA,4.4380464476643903e-4,0.544763911816118,0.493,0.3,1
DESI1,4.448542377488613e-4,0.489188179891516,0.449,0.256,1
TSPAN14,4.461558081086168e-4,0.3971725833063271,0.573,0.35,1
KHDRBS1,4.522702983854368e-4,0.27373156735674736,0.592,0.356,1
DDX3Y,4.5422312494619946e-4,0.45847344156904746,0.509,0.322,1
MAPRE1,4.544599423411185e-4,0.42523647348050164,0.548,0.333,1
TASOR2,4.55477283682878e-4,0.2993255938823657,0.647,0.383,1
PITPNB,4.5674393320715e-4,0.39858101071926866,0.72,0.5,1
BUD13,4.5687249246284306e-4,0.5737127793191685,0.326,0.167,1
TMCO6,4.591837362938224e-4,0.3213823107625986,0.266,0.117,1
C1orf35,4.594431799822947e-4,0.7024006858593925,0.348,0.189,1
TUBD1,4.5961730783782034e-4,0.6113164080142668,0.311,0.156,1
LSS,4.64599382538366e-4,0.4278040087956212,0.534,0.322,1
ARMCX3,4.6665021604979604e-4,0.31159372394834833,0.606,0.378,1
ARHGEF26,4.6692275021633235e-4,0.2810807559810824,0.247,0.106,1
EAF1,4.6749936521662096e-4,0.31207389235204075,0.485,0.283,1
PARVA,4.6966045002449976e-4,0.2302926402962485,0.72,0.472,1
NIF3L1,4.7202403181053736e-4,0.3896120454800398,0.406,0.217,1
ZNF117,4.7548440979238067e-4,0.5021610166667998,0.344,0.178,1
SIRT5,4.7579655317479857e-4,0.5103653990849149,0.404,0.222,1
ATG5,4.765763662759244e-4,0.48666940295666694,0.553,0.356,1
SHROOM4,4.766704861030702e-4,1.2574308531092235,0.169,0.061,1
TRMT112,4.76863896646615e-4,0.4672714567142896,0.501,0.294,1
DNAJC11,4.768832944514152e-4,0.4211830842907063,0.668,0.456,1
PRRG1,4.776094039821584e-4,0.3871705628178579,0.309,0.156,1
C17orf80,4.785587664043361e-4,0.6812717291327188,0.227,0.1,1
MTRF1,4.789561630679087e-4,0.5187803391929378,0.355,0.183,1
PRIM1,4.800628018711794e-4,0.4704344538060674,0.237,0.1,1
EEPD1,4.80530845850966e-4,0.2963999816237206,0.396,0.211,1
RAP1GDS1,4.808367019694395e-4,0.4196644936117204,0.53,0.322,1
SUPV3L1,4.80901401211822e-4,0.24721755254023514,0.513,0.294,1
AKAP8,4.8454369166405355e-4,0.38885623837902783,0.606,0.361,1
ERLIN2,4.862810614002649e-4,0.355297145937158,0.474,0.267,1
QARS,4.8743697918012115e-4,0.3317065779049637,0.847,0.689,1
MTHFSD,4.878076602190285e-4,0.5136285442084436,0.371,0.206,1
LRWD1,4.907381106322344e-4,0.7797946569897132,0.21,0.089,1
PHLDA3,4.932628176186045e-4,0.6711775541476455,0.301,0.156,1
CDPF1,4.974864212279977e-4,0.6149397704222279,0.198,0.078,1
MYDGF,4.99381617497619e-4,0.3759431453185871,0.695,0.494,1
PEX3,5.04091719546815e-4,0.6209170563132491,0.272,0.128,1
TXLNA,5.044130015159242e-4,0.3740490700573904,0.74,0.522,1
SLC25A11,5.077547832797579e-4,0.35342405576383046,0.639,0.417,1
ZNF330,5.087061875862464e-4,0.2808235890460056,0.621,0.4,1
DPM1,5.091129362451078e-4,0.38916602532278033,0.751,0.583,1
HDAC3,5.092965220817351e-4,0.5639664718251727,0.439,0.261,1
PLSCR3,5.0974988311811e-4,0.344187303088926,0.449,0.244,1
NELFA,5.112229286267487e-4,0.4471400378146248,0.66,0.45,1
GCNT4,5.125858991904055e-4,0.6818541267052356,0.299,0.15,1
USP45,5.132958023853414e-4,0.3325396819887587,0.439,0.239,1
EPHX2,5.178618441318368e-4,0.3635585477196464,0.755,0.561,1
TTF1,5.194496602812055e-4,0.45948046398686526,0.313,0.156,1
MNAT1,5.202428911272875e-4,0.2972871616790056,0.258,0.117,1
MYO5C,5.228543512697425e-4,0.36384374700039757,0.621,0.389,1
RPGR,5.242611321546035e-4,0.5448210287522741,0.408,0.228,1
LMAN2L,5.24601745753192e-4,0.6530218332120541,0.303,0.156,1
MGA,5.26559821103946e-4,0.4414402739755027,0.482,0.283,1
ANKRD18A,5.269446694842113e-4,0.36695714947534497,0.396,0.217,1
XPNPEP1,5.269571284380237e-4,0.41846737597243566,0.697,0.489,1
TUBE1,5.278067362417497e-4,0.30504672839667557,0.381,0.211,1
SLC48A1,5.302592605316769e-4,0.8212740845009354,0.225,0.1,1
CLIC3,5.302984504805331e-4,0.8903356472598638,0.196,0.078,1
PHOSPHO2,5.307248777010103e-4,0.49040150979760266,0.344,0.178,1
FGFR4,5.310366628161943e-4,0.5627745507841488,0.332,0.178,1
WDR3,5.32093544480877e-4,0.5406230830034366,0.305,0.15,1
MCUB,5.327782502123915e-4,0.6759538679482104,0.19,0.072,1
ACAD8,5.355544505456772e-4,0.4443030263626059,0.515,0.306,1
TOP3A,5.394252862746647e-4,0.520944845228315,0.371,0.206,1
TSPAN17,5.411076455435344e-4,0.30565558685025407,0.563,0.333,1
MCRS1,5.42084338960636e-4,0.2700729250225399,0.755,0.539,1
QPCTL,5.423380912293182e-4,0.5174806070615394,0.334,0.172,1
GPER1,5.453130138511393e-4,0.8706245099733336,0.241,0.111,1
SSTR1,5.500653103568528e-4,0.974740390067037,0.169,0.061,1
KHSRP,5.50328782910652e-4,0.3471280505608825,0.616,0.4,1
SATB1,5.521201855305022e-4,0.47506076380167117,0.592,0.389,1
FTSJ1,5.530407702873959e-4,0.4807848255866798,0.326,0.167,1
SNAPC2,5.531376544366979e-4,0.5979040955989734,0.313,0.161,1
ZUP1,5.563121135223657e-4,0.6163456352773156,0.245,0.111,1
THOC7,5.574625273812119e-4,0.4234880645184693,0.534,0.339,1
DPF2,5.584433344471356e-4,0.4313235055742295,0.445,0.244,1
COA7,5.618900626852574e-4,0.7215916332576988,0.212,0.089,1
MARK4,5.622801953972659e-4,0.6200802834511623,0.188,0.072,1
CCRL2,5.633260281279803e-4,0.27572812064753105,0.348,0.178,1
C1orf109,5.641901868470734e-4,0.526025103439967,0.287,0.139,1
SDHAF3,5.645786035362442e-4,0.43390922252414166,0.315,0.161,1
HINT1,5.646094175097441e-4,0.45165183503550477,0.485,0.289,1
LMLN,5.703142221400604e-4,0.6042467522879873,0.2,0.078,1
POLRMT,5.706015755934689e-4,0.35958433517253385,0.513,0.306,1
AIG1,5.706779334809238e-4,0.24851713093028227,0.449,0.244,1
MBTD1,5.710471784999581e-4,0.3919553248280673,0.647,0.422,1
SMARCC2,5.731711448485352e-4,0.37941737280413346,0.711,0.511,1
PNPLA8,5.754494438784868e-4,0.4562690290043213,0.462,0.261,1
PLA2R1,5.760173546496613e-4,0.32326012255561754,0.394,0.217,1
RAB25,5.782858305004838e-4,0.27461963326688177,0.784,0.606,1
ANXA13,5.784519927107047e-4,0.32667480778582814,0.19,0.072,1
MRS2,5.791665299769324e-4,0.4078645672672194,0.678,0.45,1
SPAG1,5.805118274766452e-4,0.6132715791461103,0.245,0.111,1
BUD31,5.810072944985035e-4,0.34425045214871397,0.73,0.539,1
POC5,5.818347742882628e-4,0.5743134844530529,0.233,0.1,1
RNF20,5.830406978146572e-4,0.3755454853106026,0.46,0.256,1
DDX20,5.858944209043713e-4,0.39083234347048545,0.287,0.139,1
FAM98B,5.860302292329466e-4,0.39646978446387404,0.567,0.35,1
ABCB8,5.866690887103154e-4,0.40353048033937433,0.491,0.294,1
CDC26,5.870618658446422e-4,0.5608337212276662,0.241,0.111,1
FAM104B,5.873037134987485e-4,0.6401921932039327,0.243,0.111,1
SSR1,5.898054108824715e-4,0.30639030650995625,0.39,0.211,1
PDZD11,5.915573679587329e-4,0.3867545713037064,0.47,0.272,1
ZNF503,5.93443970045324e-4,0.7214317033272859,0.309,0.161,1
PELI1,5.93777125921783e-4,0.3614808112333454,0.472,0.267,1
TYW5,5.960228844602293e-4,0.32179692430303675,0.353,0.178,1
PROSER1,5.971082946050435e-4,0.3980584297829428,0.357,0.189,1
TMEM260,5.989298452238608e-4,0.41020301516938606,0.52,0.317,1
DHX34,5.992282277089314e-4,0.49676058553674274,0.324,0.167,1
AZIN1,6.001302054046426e-4,0.4130861266389598,0.699,0.494,1
CEP57,6.023933794809569e-4,0.45431883981246934,0.359,0.189,1
ZCCHC9,6.033524887535804e-4,0.38846365569067454,0.526,0.311,1
CDC37L1,6.071470263703081e-4,0.27166579530201584,0.509,0.3,1
HIST1H4J,6.080428195350288e-4,0.502479452351307,0.41,0.233,1
NR2C2AP,6.082859191762149e-4,0.6873099218050625,0.276,0.133,1
SH3PXD2B,6.088465894821342e-4,0.5017377596651855,0.342,0.178,1
NUDT19,6.097942353923255e-4,0.4364247519056561,0.579,0.367,1
BEX3,6.126533701059055e-4,0.4262241673560197,0.513,0.317,1
IFT46,6.192900555241151e-4,0.3594197086002384,0.278,0.128,1
AP2S1,6.238247125402712e-4,0.6954739782928474,0.258,0.122,1
SVBP,6.24683425943409e-4,0.3223465089649762,0.334,0.172,1
MTFP1,6.247420467127168e-4,0.45642324315669014,0.416,0.228,1
KLHDC3,6.250018531417308e-4,0.36395599121299194,0.482,0.283,1
FBXO44,6.259655274312479e-4,0.4748894458662596,0.28,0.133,1
H2AFY,6.261858184062293e-4,0.3413024386531309,0.52,0.3,1
PGAM5,6.263641192120726e-4,0.472889056413057,0.445,0.256,1
ZBED6CL,6.275602651729077e-4,0.3651784042022186,0.427,0.239,1
MAPRE2,6.291184615072363e-4,0.4846581635763154,0.404,0.228,1
PTPN13,6.30426811297409e-4,0.34629315530644744,0.272,0.128,1
RNF168,6.305533312981502e-4,0.35988353841016063,0.491,0.283,1
DUSP10,6.310331869743423e-4,0.6600558505727645,0.318,0.167,1
CEP89,6.311905020559362e-4,0.4742590606623789,0.419,0.244,1
IAH1,6.313158076684009e-4,0.4375595246421698,0.561,0.35,1
ALDH6A1,6.334359628397671e-4,0.4897034168087845,0.487,0.3,1
ARL14EP,6.337394959739184e-4,0.43424535509520723,0.46,0.261,1
OVOL2,6.34307777272474e-4,0.36163927785029654,0.722,0.544,1
BIVM,6.349405977528826e-4,0.36970459574230974,0.431,0.239,1
SLC39A1,6.349674454650318e-4,0.359923875102943,0.501,0.289,1
METTL21A,6.350544501021626e-4,0.5533379247263805,0.346,0.189,1
MEAF6,6.356388527199635e-4,0.3932543686430292,0.67,0.472,1
BRF2,6.369802180445907e-4,0.3767723688004918,0.398,0.217,1
NDUFB8,6.373192372614776e-4,0.34844675685042037,0.732,0.506,1
MKLN1,6.378974630642944e-4,0.3311405581907434,0.509,0.306,1
PDSS1,6.382633346240385e-4,0.28252942415738613,0.396,0.217,1
ADAM32,6.420390001347132e-4,1.0148911016362177,0.159,0.056,1
ZNRD1,6.429238348984072e-4,0.5827564060428918,0.305,0.156,1
WDR19,6.439081510203833e-4,0.6258407028964235,0.243,0.111,1
CCDC137,6.501797449003522e-4,0.38604130653491753,0.509,0.3,1
TFB1M,6.530581271008645e-4,0.28322796278064644,0.359,0.183,1
PLOD3,6.543245203844664e-4,0.326818144414573,0.755,0.561,1
ARL1,6.547951589318014e-4,0.33237805819780786,0.559,0.339,1
GTF2H5,6.5590309248843e-4,0.5696998659606614,0.363,0.206,1
DCAF10,6.579315929104967e-4,0.3303575612858347,0.452,0.25,1
RCAN3,6.579452172246321e-4,0.36905331358132076,0.47,0.272,1
RDH10,6.582375805360963e-4,0.5335379621314451,0.381,0.222,1
CCDC127,6.601624413428944e-4,0.49834578629693427,0.353,0.189,1
MED20,6.620930546083824e-4,0.25556707786099975,0.392,0.206,1
DESI2,6.650565437423903e-4,0.34236228398457363,0.584,0.361,1
CDK7,6.653994437455825e-4,0.5646292125981591,0.241,0.111,1
FADD,6.663771099016683e-4,0.4311424386156921,0.511,0.3,1
MYRF,6.724376528907535e-4,0.22243638772041352,0.563,0.344,1
BEND7,6.776190909516002e-4,0.4043990774526631,0.357,0.183,1
TMEM256,6.777090561924492e-4,0.4929523644736524,0.416,0.239,1
AKAP11,6.783726481773849e-4,0.34937186384155017,0.773,0.583,1
COIL,6.784877389303521e-4,0.6872259458797103,0.254,0.122,1
RALA,6.799172957817132e-4,0.39143798292516374,0.53,0.328,1
ZNF322,6.8144606192603e-4,0.2677697701501751,0.357,0.189,1
YTHDF2,6.842754178604439e-4,0.38131772864012825,0.68,0.45,1
MSTO1,6.89321734977394e-4,0.36853016220551416,0.577,0.35,1
TAF8,6.901206116128691e-4,0.31420812777824914,0.458,0.256,1
SLC1A5,6.935977092850052e-4,0.40734740343530895,0.691,0.472,1
ZNF717,6.956957816263314e-4,0.5366113977841991,0.221,0.094,1
WBP4,6.97047787372121e-4,0.31809911077563857,0.466,0.267,1
PSMD9,6.9754286043344e-4,0.3793206176529942,0.695,0.467,1
SFT2D2,6.998535873555762e-4,0.29508395658803876,0.379,0.206,1
APOL1,7.028855316286235e-4,0.5420994507704813,0.631,0.461,1
ABHD13,7.040987141783474e-4,0.5060373100042543,0.278,0.133,1
FAAP20,7.095982857084101e-4,0.4220050734652647,0.476,0.278,1
PAAF1,0.00071051508200132825,0.479514351498453,0.243,0.111,1
SCFD2,7.105473553286469e-4,0.38199040505751913,0.289,0.139,1
PFDN1,7.115582377029385e-4,0.3466502681812982,0.371,0.194,1
SPTBN1,7.128433796864097e-4,0.24351780769118747,0.901,0.706,1
QSOX2,7.133991680279362e-4,0.42519262822095083,0.27,0.128,1
WDR31,7.140401618203726e-4,0.9827381890794871,0.159,0.056,1
PPL,7.140852893301344e-4,0.9851785851520232,0.19,0.078,1
CAMTA1,7.160019825168042e-4,0.2788660736637931,0.553,0.339,1
CPSF7,7.162677496932996e-4,0.35793796740103034,0.742,0.544,1
C2CD2,7.191770372147496e-4,0.44187935402703227,0.252,0.117,1
COPS7B,7.20074710394816e-4,0.302777536103492,0.631,0.4,1
SPATA13,7.21054103147876e-4,0.35688569358170763,0.485,0.289,1
ZNF552,7.233301350232168e-4,0.35813236489911443,0.8,0.606,1
FAM174C,7.267372860902354e-4,0.4025879043015128,0.744,0.544,1
NIFK,7.281422429776575e-4,0.5441737473150909,0.214,0.089,1
COX5B,7.290302105889297e-4,0.38055272266019236,0.53,0.317,1
PSPC1,7.29108855974718e-4,0.3509399789108437,0.689,0.461,1
USP7,7.295518686336938e-4,0.31697957701759516,0.724,0.506,1
PPM1F,7.298060436969876e-4,0.312610756484755,0.478,0.267,1
MRVI1,7.30256728926274e-4,0.5680945795331649,0.344,0.189,1
SAP130,7.304602537648972e-4,0.3791627914475759,0.394,0.217,1
G6PC3,7.310267313350053e-4,0.36572524168859344,0.318,0.161,1
ZNF12,7.338662587195214e-4,0.4272104113616426,0.344,0.183,1
ARSD,7.367142593404947e-4,0.4129090461859444,0.384,0.211,1
NUDT14,7.386391987943125e-4,0.47693214632232417,0.652,0.444,1
RUBCNL,7.389481440679894e-4,0.34812767567016156,0.466,0.267,1
CYB5B,7.460226101242617e-4,0.28239575685087104,0.889,0.761,1
PPP2R3C,7.47192441395107e-4,0.41044021908056205,0.365,0.194,1
SEC61B,7.473737987067772e-4,0.4634784108697654,0.326,0.167,1
DNAJC14,7.475290868929476e-4,0.24650627028602146,0.404,0.228,1
ZNF507,7.475497406119272e-4,0.269198688352266,0.532,0.322,1
MTAP,7.51370792898066e-4,0.6117363841076613,0.278,0.139,1
TRMT11,7.523275644333869e-4,0.5963340102135404,0.282,0.139,1
FAAH,7.554084690422772e-4,0.3167565605480204,0.664,0.433,1
GTPBP6,7.570939677407104e-4,0.27816821967788535,0.8,0.6,1
PLAA,7.57417658239028e-4,0.4211151161901568,0.563,0.35,1
ASCC1,7.604925062191339e-4,0.4157293719042636,0.365,0.2,1
PAXIP1,7.607788113168086e-4,0.5643861698369794,0.336,0.183,1
RBM15,7.624917043089084e-4,0.27953896230428393,0.579,0.378,1
INTS2,7.635600566039076e-4,0.300565581336502,0.34,0.178,1
TNPO3,7.636599132173769e-4,0.40279023826704763,0.707,0.533,1
MTX2,7.648359427138064e-4,0.2895163380583581,0.406,0.217,1
ITPK1,7.663958174767483e-4,0.2791021027178301,0.887,0.728,1
PIDD1,7.673377625013469e-4,0.22887502875343546,0.522,0.306,1
SLC38A2,7.718107528901357e-4,0.3431471219854747,0.726,0.5,1
MEN1,7.734701029765458e-4,0.22801733404476976,0.371,0.194,1
ERGIC2,7.744989876338807e-4,0.2593177812310926,0.571,0.35,1
IER3IP1,7.747334913382364e-4,0.42886122674679616,0.377,0.206,1
PTPN14,7.752697482793081e-4,0.7190471109390186,0.202,0.083,1
PTK2,7.761574174465162e-4,0.3287441645514431,0.608,0.378,1
IBA57,7.79705908902649e-4,0.567646634400703,0.208,0.089,1
SOX12,7.799955237343884e-4,0.5411310356336823,0.26,0.122,1
HELQ,7.816956958178941e-4,0.49904234973427086,0.41,0.239,1
RNF121,7.819444873839275e-4,0.30566417649314004,0.367,0.194,1
ILKAP,7.834346385379431e-4,0.3232851794618896,0.505,0.306,1
DBNDD1,7.836257607683211e-4,0.7516910976886586,0.184,0.072,1
COLGALT1,7.840515175707536e-4,0.2823848863441743,0.746,0.533,1
CRACR2A,7.859040472338506e-4,0.32143759161528224,0.767,0.556,1
PET117,7.908583952283433e-4,0.3719023771997777,0.52,0.322,1
KDM3B,7.940468314093073e-4,0.2767021766118841,0.765,0.539,1
ZNF579,7.977767597723913e-4,0.576413925537743,0.254,0.117,1
CHCHD5,7.981062873013684e-4,0.28738322519119097,0.563,0.333,1
MMADHC,7.994387752038637e-4,0.46344911303905945,0.394,0.217,1
SYMPK,7.996304948881457e-4,0.35254341410304524,0.765,0.589,1
AJM1,8.055674311709234e-4,0.4402142571056693,0.243,0.111,1
MBD4,8.073915582805152e-4,0.5005755559021756,0.544,0.339,1
SMYD5,8.077196032381322e-4,0.35554642841091755,0.326,0.167,1
SLC3A2,8.09038168240035e-4,0.3200959560100427,0.839,0.65,1
ZNF576,8.117257893415591e-4,0.35299161608149476,0.32,0.161,1
PPID,8.174446780087366e-4,0.41585024258234504,0.565,0.378,1
NIBAN2,8.175449641193004e-4,0.32849935121841134,0.858,0.7,1
EDRF1,8.184009112383153e-4,0.4185016987175314,0.499,0.3,1
SAMM50,8.186853063643508e-4,0.5335740988733654,0.493,0.306,1
LIN9,8.191477368520946e-4,0.7553700934105976,0.2,0.083,1
KLHL36,8.197565119110671e-4,0.3681062124872245,0.487,0.289,1
MPG,8.199060700589412e-4,0.45537233860370274,0.369,0.2,1
FAM210A,8.202071214313664e-4,0.49242609671455884,0.318,0.167,1
ARID2,8.202720604909171e-4,0.30420244778960026,0.619,0.411,1
FILIP1L,8.20824108154218e-4,0.6111954056767881,0.293,0.15,1
SEC23B,8.218144869972114e-4,0.32978393766252934,0.633,0.394,1
CARM1,8.252578320175131e-4,0.3790061987837613,0.577,0.372,1
RSAD1,8.253459871057615e-4,0.3423180593884707,0.462,0.261,1
PRPF31,8.260412019401412e-4,0.2876779719291016,0.515,0.317,1
ERI3,8.287183137681318e-4,0.3410920236811874,0.41,0.233,1
PIGW,8.28866457866642e-4,0.8599866967432681,0.181,0.072,1
ZNF148,8.339548735123244e-4,0.42690730687636047,0.412,0.233,1
DBT,8.344371586294053e-4,0.24863230832790406,0.307,0.156,1
NACC2,8.34798594778432e-4,0.24119053878544938,0.456,0.261,1
KPNA4,8.412827299911549e-4,0.31127076755994576,0.449,0.25,1
ATP7A,8.44040641935795e-4,0.42712934503451727,0.307,0.161,1
AHI1,8.504018836581937e-4,0.4067716967326127,0.47,0.278,1
FAM136A,8.507173908462673e-4,0.2889677733407514,0.433,0.233,1
FBXO41,8.510597197276808e-4,0.7645139449212426,0.19,0.078,1
SPCS1,8.512166518200473e-4,0.36244217890477487,0.771,0.594,1
SETD5,8.518270993305747e-4,0.25603458856166694,0.874,0.739,1
CCDC191,8.519823949572897e-4,0.7653950028654402,0.184,0.072,1
RIF1,8.527775317662692e-4,0.2007695132412104,0.575,0.344,1
OCIAD1,8.534958325539571e-4,0.31327550717939817,0.586,0.367,1
MOK,8.569861463752715e-4,0.567583951277506,0.202,0.083,1
C8orf76,8.585094366991042e-4,0.21649544681017652,0.425,0.233,1
ERLIN1,8.60771541121786e-4,0.4099596999362203,0.507,0.3,1
PSENEN,8.650434366470901e-4,0.3159836143688509,0.736,0.5,1
PTPRD,8.653728212997922e-4,0.36519467589914756,0.499,0.306,1
KLHL11,8.670604618780427e-4,0.4633259695037846,0.192,0.078,1
FPGS,8.673577831472e-4,0.45614051744214335,0.493,0.294,1
DCBLD1,8.712314600616157e-4,0.31577871008750735,0.464,0.267,1
EPN3,8.712643042608463e-4,0.40162115170084833,0.408,0.222,1
GATC,8.745940779229919e-4,0.4111172055753203,0.429,0.25,1
MAP1LC3A,8.776945251464708e-4,0.2339058845239364,0.699,0.472,1
SDF2L1,8.827021195376164e-4,0.4607572798558348,0.596,0.4,1
RUFY1,8.901157679309217e-4,0.3297107684611446,0.755,0.533,1
CIC,8.937878226980758e-4,0.21588650554267474,0.614,0.383,1
MRM2,8.939080273624755e-4,0.39825846715467517,0.406,0.228,1
SMG1,8.957934137951645e-4,0.4007649910443922,0.555,0.35,1
ABCD4,8.999773197782474e-4,0.286872794222798,0.274,0.133,1
TCEAL4,8.999977675000389e-4,0.4409349498875954,0.299,0.15,1
DNAJC27,9.00847619158358e-4,0.6525002647918834,0.223,0.1,1
ARMC10,9.028753622901068e-4,0.643318355630822,0.214,0.094,1
PDHB,9.036632264082836e-4,0.31595095095978754,0.847,0.65,1
THEM4,9.046354013699349e-4,0.41718511865507546,0.21,0.089,1
CLYBL,9.104650001867866e-4,0.2584506781759688,0.419,0.228,1
GPR180,9.121969942924617e-4,0.710838225756862,0.231,0.106,1
PARD3B,9.128775707976783e-4,0.37057620262048474,0.495,0.289,1
ABCE1,9.13938717431499e-4,0.6973870981615713,0.157,0.056,1
C18orf21,9.157830214802117e-4,0.48473889903440925,0.227,0.1,1
CEP192,9.221162417675672e-4,0.4250413361555646,0.526,0.333,1
ABCB10,9.239321421455061e-4,0.4270933302124158,0.318,0.161,1
SLC4A2,9.24825349403163e-4,0.39679414239704425,0.606,0.4,1
KRI1,9.340819108158119e-4,0.36743978722846826,0.557,0.339,1
ZBTB10,9.351423210245953e-4,0.34259138095966124,0.371,0.194,1
TIA1,9.387789326594057e-4,0.3067076299383483,0.633,0.439,1
KIAA1841,9.414049549484723e-4,0.43544339287869394,0.478,0.3,1
USP21,9.429348610679765e-4,0.3488854804143584,0.536,0.333,1
MBTPS2,9.430444948431368e-4,0.5600202587126546,0.159,0.056,1
MOB3C,9.439731440004815e-4,0.20560205013038213,0.441,0.256,1
SEC13,9.4520949627384e-4,0.303437380998654,0.814,0.644,1
C16orf46,9.474647001353864e-4,0.8654083103694763,0.163,0.061,1
SLC10A7,9.477490639542794e-4,0.2855142826053999,0.536,0.322,1
TRIM32,9.530139419435423e-4,0.38334313223216543,0.33,0.172,1
POLR3H,9.536035930277716e-4,0.40005214521429755,0.454,0.267,1
SREBF1,9.582853731597586e-4,0.38897010896743645,0.598,0.4,1
YIPF6,9.588966743378212e-4,0.3607029239330506,0.315,0.161,1
MXD3,9.679904860590552e-4,0.3200091531399136,0.377,0.2,1
GPR89B,9.684139750207257e-4,0.3359869599843106,0.303,0.15,1
MDH2,9.686329444070523e-4,0.44304718806593035,0.518,0.328,1
ESAM,9.706025403824198e-4,1.0776334794358275,0.179,0.072,1
LLGL1,9.711576467691816e-4,0.38562549409653823,0.351,0.189,1
PIM3,9.719663377617819e-4,0.39424815834600535,0.841,0.689,1
GSS,9.740221645808989e-4,0.25762971133195967,0.627,0.389,1
TXNDC17,9.740698544527606e-4,0.37052892641965035,0.592,0.383,1
DCTN6,9.743368830874736e-4,0.3455409085130613,0.476,0.289,1
HLTF,9.745059977536448e-4,0.4802590278795784,0.328,0.178,1
EFCAB7,9.767795485306084e-4,0.950795513424878,0.19,0.078,1
YAE1,9.776257648537639e-4,0.3979649489926347,0.425,0.239,1
IFITM1,9.798664365718963e-4,0.6052189391948355,0.233,0.106,1
PLPP6,9.801004622839436e-4,0.3200509218973968,0.252,0.117,1
ZNF799,9.804951828319233e-4,0.44836879799485363,0.2,0.083,1
COPS7A,9.822039893935387e-4,0.20858244493379152,0.53,0.322,1
SCAI,9.874196416419273e-4,0.41973991140119615,0.268,0.128,1
NSMCE1,9.89768243744937e-4,0.42134484429407615,0.641,0.428,1
LY6G5B,9.93690279261291e-4,0.38453006883626417,0.522,0.322,1
ZMYND11,9.955537239731218e-4,0.3299999752620997,0.485,0.294,1
KDM4A,9.985811056188935e-4,0.40559147505159876,0.662,0.461,1
SRSF8,0.0010026982598678497,0.42413399266844987,0.592,0.383,1
PHLDA2,0.001004185704160689,0.3873427081520182,0.377,0.211,1
RAB33B,0.0010058267412092138,0.3593160344640707,0.491,0.294,1
SRSF4,0.0010060379975055493,0.2661112715738996,0.905,0.75,1
METTL3,0.0010105702138806685,0.26601360380113137,0.425,0.244,1
XYLT2,0.0010138294851765632,0.40213567158721464,0.229,0.106,1
IFT81,0.0010170744524403085,0.30046917423821573,0.34,0.183,1
SMC5,0.0010173052273654431,0.2876313318941627,0.637,0.4,1
CPSF4,0.0010201348351378012,0.2690868394009662,0.351,0.183,1
TAF11,0.001023949331322749,0.24620750711284636,0.682,0.45,1
DLGAP4,0.0010245897987116832,0.31197302690181883,0.625,0.394,1
OGFOD3,0.0010312725581032133,0.4354281786835379,0.414,0.239,1
FAM3C,0.001031381371903072,0.2709841345650701,0.641,0.417,1
ASMTL,0.0010356690253467105,0.29194675617319543,0.466,0.272,1
SMC1A,0.0010400721624529731,0.3926146373166276,0.606,0.417,1
HS2ST1,0.0010421656527255824,0.3804568051134394,0.515,0.317,1
PHLPP1,0.001046524689672377,0.3967484116662068,0.363,0.2,1
FBXW11,0.0010468440624365695,0.3746810790733053,0.357,0.189,1
ARMCX6,0.0010481573933931031,0.474306367859753,0.396,0.233,1
AKIP1,0.0010519821129680083,0.3085809228654095,0.518,0.306,1
MGST2,0.0010520969501913611,0.3290196835366947,0.812,0.672,1
SPEF2,0.0010549927714886376,0.4044316472013829,0.365,0.206,1
ADSS,0.001058588345837755,0.33691955514618244,0.715,0.489,1
RASGRF2,0.0010615448992640653,0.32285060119113806,0.157,0.056,1
SGCB,0.0010631245095618234,0.3744933462714971,0.623,0.411,1
STX16,0.0010654581733318452,0.22211736401568305,0.874,0.683,1
SETD4,0.0010663092835373304,0.482832307812203,0.573,0.372,1
MSRB2,0.0010664273482305676,0.33909811753902597,0.711,0.489,1
SMC3,0.001069529078899008,0.3198638650418148,0.592,0.383,1
ZNF74,0.0010696960664308367,0.9071465218909998,0.202,0.089,1
SUMO2,0.0010708514287977996,0.29906801591303345,0.913,0.783,1
TRRAP,0.0010745294740241355,0.2880833457233253,0.641,0.411,1
SNRPB2,0.001075528474783468,0.5335178023655689,0.26,0.128,1
LEMD3,0.001077510063639998,0.48846792502095226,0.34,0.183,1
DUSP4,0.001080642232343542,1.157772844142401,0.167,0.067,1
TMEM14C,0.0010874457558347063,0.37992836123858226,0.561,0.356,1
STX17,0.001087839853481952,0.35016593947214714,0.452,0.267,1
SMOX,0.0010926936192325236,0.4493247280740571,0.433,0.261,1
CCNE2,0.0010935558306775569,0.2481424841365607,0.28,0.133,1
BLOC1S2,0.001096989134126443,0.949712865670552,0.161,0.061,1
PGAM1,0.0010970155293423762,0.47228290538351136,0.392,0.222,1
DTD2,0.001097031179296347,0.4825912676840134,0.256,0.122,1
DPAGT1,0.0010987588678322835,0.43967900194832654,0.315,0.167,1
GPR157,0.0011065809191580813,0.8285747244398718,0.177,0.072,1
LUC7L2,0.0011071494657167082,0.30284479449789403,0.907,0.794,1
PRPF8,0.0011085337643582927,0.28856310009592245,0.497,0.3,1
IFT140,0.0011179825196666077,0.8954248050090086,0.161,0.061,1
WDR48,0.0011201633499874056,0.4492737430500833,0.414,0.233,1
SDHA,0.0011232975654489735,0.25568235976134523,0.862,0.756,1
CWC25,0.00112795127813899,0.3811475313670528,0.489,0.289,1
PTPA,0.0011292166192166954,0.293003610248442,0.602,0.4,1
ANAPC1,0.0011328968173494557,0.39303075141673816,0.258,0.122,1
C2CD4B,0.0011400764771960635,0.7132895276828166,0.225,0.106,1
SCAMP3,0.0011416515061191397,0.29990016247714646,0.336,0.178,1
TMX1,0.0011428961165841484,0.34221279306521946,0.377,0.211,1
UNC13D,0.001143347215661308,0.5260242449658431,0.584,0.406,1
CCDC7,0.0011453163475496516,0.6666209517723716,0.235,0.111,1
SLC25A35,0.0011470430241739727,0.6035211293787608,0.221,0.1,1
AATF,0.0011472306336364712,0.41289551232064814,0.751,0.556,1
SERPINH1,0.001148586143406184,0.3734644158572386,0.711,0.517,1
ATAD1,0.001150218386661532,0.32940266489645065,0.654,0.428,1
RAB32,0.0011562367210369382,0.38893998327229107,0.577,0.383,1
SMG9,0.0011566295265523887,0.30235970715813165,0.406,0.228,1
AGT,0.00115715228956038,0.5554988300354688,0.336,0.194,1
OPLAH,0.0011593547109689652,0.3350236866746541,0.495,0.3,1
CRTC1,0.0011607724350130649,0.29121152185993227,0.305,0.156,1
ATP5IF1,0.001160985618364773,0.29652535178706607,0.913,0.806,1
CFAP36,0.0011652412559285574,0.3551534070449158,0.392,0.222,1
TESC,0.0011721764138884776,0.8007703368698686,0.254,0.128,1
COX14,0.001172828699432929,0.3241234255246672,0.835,0.672,1
ZNF554,0.0011747612998379007,0.3704597529660645,0.256,0.122,1
SARM1,0.0011758383143712697,0.44461224052395165,0.287,0.144,1
NPR2,0.0011770549263679436,0.29029947839299286,0.328,0.167,1
SPRTN,0.0011799513621141738,0.5074057590954153,0.243,0.117,1
ZNF518A,0.0011837576581246792,0.2734734162356749,0.837,0.661,1
NMT1,0.001185761828436362,0.40838199623052707,0.575,0.361,1
CMTM6,0.0011863847561729244,0.3721359744220755,0.544,0.344,1
EMC6,0.0011895964194255943,0.3954862087198414,0.433,0.25,1
VPS36,0.0011914591054200143,0.27501917123010666,0.816,0.633,1
THNSL1,0.0011960281373869118,0.9821628984894577,0.161,0.061,1
TTC21B,0.0011973081350739882,0.40273353600286876,0.421,0.244,1
PLEKHA3,0.001199936085701915,0.6534453822701569,0.173,0.067,1
KRR1,0.0012033473181359581,0.609364803552376,0.268,0.133,1
RTF1,0.0012041276899951141,0.3726189821527649,0.722,0.511,1
SPIDR,0.0012043172607546478,0.2897166199486789,0.466,0.278,1
GSTO1,0.0012073643100817015,0.3588032753724093,0.297,0.156,1
PPM1D,0.0012098451970627702,0.45325724614131335,0.268,0.133,1
ANKH,0.0012111138832575491,0.39950549715964756,0.74,0.578,1
CBX4,0.0012114933876544076,0.52729254423501,0.443,0.267,1
STYXL1,0.0012122439261486476,0.39820691739854386,0.361,0.2,1
DENND4B,0.0012153850648407025,0.2364231140085119,0.511,0.3,1
EXO5,0.0012162784162362333,0.4187441255691151,0.291,0.15,1
ZBED4,0.001217903011065142,0.4121476891283359,0.458,0.272,1
MPLKIP,0.0012180248807583333,0.32150299848542574,0.526,0.311,1
ARMT1,0.0012229588013703174,0.6605438004592807,0.202,0.089,1
TRA2B,0.0012237652923259722,0.386010964868269,0.687,0.489,1
ANKS3,0.001224744488605103,0.34630879737889364,0.338,0.178,1
NOD1,0.001226096087848942,0.5789397653880108,0.212,0.094,1
PACRGL,0.0012294735252716647,0.43847862210226873,0.342,0.183,1
B3GALT6,0.0012304099655104468,0.5491024430905664,0.221,0.1,1
ORMDL1,0.001234659665491425,0.329700382789061,0.72,0.533,1
UBL7,0.0012379170136151395,0.3501399832267322,0.569,0.361,1
ENKD1,0.0012393814899683791,0.44178659433127054,0.518,0.322,1
TWSG1,0.001241841556365396,0.43562175827172345,0.449,0.267,1
TMEM177,0.0012457021647151753,0.40701263350254213,0.274,0.139,1
HRAS,0.0012465088650604305,0.3284183707622531,0.598,0.394,1
PNO1,0.0012525043401167004,0.47413670743347014,0.214,0.094,1
UBE2K,0.001257258036490772,0.4139463599500184,0.505,0.306,1
TMED7,0.0012580712541885764,0.28496560716494923,0.835,0.7,1
PDCL3,0.0012637842767753214,0.3766985658599846,0.511,0.317,1
AP2B1,0.0012671161010832405,0.36374254377921433,0.363,0.2,1
CINP,0.0012729581354790677,0.4277782165376227,0.303,0.161,1
TBC1D24,0.0012771589035070403,0.7635461575208962,0.208,0.094,1
EXOC1,0.001277588327676142,0.39427988759214305,0.633,0.444,1
RILPL1,0.0012777104953853693,0.5925122501448137,0.301,0.161,1
COMMD1,0.0012781413112610805,0.27497688943235055,0.431,0.244,1
PPHLN1,0.0012860162512712213,0.3269057976108478,0.68,0.45,1
MTLN,0.001286247234481383,0.28336357538578416,0.68,0.467,1
CSPP1,0.001287321945389864,0.3204669409489598,0.489,0.294,1
ZNF527,0.0012879493371956306,0.5849074349953312,0.194,0.083,1
TMEM248,0.0012895211033111416,0.23842848333511657,0.715,0.478,1
DEPDC5,0.001295385961178763,0.3651606559609063,0.54,0.344,1
RANBP3,0.0012966216905178592,0.4232762394230675,0.594,0.378,1
URM1,0.0012970369353194568,0.33936402335320803,0.437,0.256,1
PLRG1,0.0012982006482740649,0.36083093276109457,0.633,0.422,1
CYP4F11,0.0012990770756250772,0.406190574704145,0.361,0.206,1
SNX3,0.0013037111201576448,0.44229397582011654,0.454,0.278,1
CCDC9,0.0013037678502948943,0.4633559799082546,0.73,0.55,1
SLC7A8,0.001303951463254938,0.376226208726915,0.553,0.35,1
TBL1XR1,0.0013058377552768537,0.2731934183555073,0.769,0.594,1
PRPF4,0.0013087103301839505,0.291172029819609,0.396,0.222,1
TMEM185B,0.0013103395391161296,0.5029010567582197,0.402,0.233,1
TRIM37,0.001315350314576481,0.46237988067259783,0.254,0.122,1
C19orf57,0.001316901341816173,0.6468578191546182,0.171,0.067,1
COQ5,0.0013206841686499646,0.46379653390877906,0.439,0.261,1
DUS2,0.0013240147044214657,0.5598914997067244,0.219,0.1,1
NEIL2,0.001326519962041335,0.42829994809598215,0.227,0.106,1
USP48,0.0013274053100100472,0.2956607593877353,0.765,0.6,1
ZNF236,0.0013302917810679659,0.41372677966046534,0.363,0.206,1
CDC5L,0.0013336914819454496,0.36924093500929894,0.649,0.45,1
ZNF428,0.0013351244367830837,0.3393310647721885,0.584,0.378,1
PDCD2L,0.001341093822887223,0.4978135763910574,0.231,0.106,1
ELOVL1,0.0013433172074417872,0.4565526585869085,0.662,0.461,1
STOML1,0.0013456259871117038,0.47428562878760405,0.274,0.144,1
ERAP1,0.0013579883407188484,0.4126272180273508,0.608,0.417,1
VTI1A,0.0013607440357603748,0.33263473176915453,0.767,0.567,1
PIGT,0.0013627956840990105,0.34783499492097064,0.561,0.356,1
BOLA1,0.0013636867587912926,0.4318764922595726,0.348,0.194,1
BX255925.3,0.0013637002112308002,0.38351913459693987,0.553,0.35,1
MTG2,0.0013640734366475939,0.4643927437800919,0.359,0.2,1
ENTPD7,0.0013661484856546681,0.38556412118243677,0.489,0.3,1
CYTH2,0.0013721891416631125,0.31802888085863035,0.868,0.706,1
PEX7,0.0013733377650571984,0.4004979858307376,0.21,0.094,1
EFHC1,0.0013798085810612373,0.32268528153540277,0.487,0.289,1
IFITM3,0.0013810110140718384,0.37113055355713187,0.478,0.311,1
SLC52A3,0.001382703071148898,0.390361246625043,0.404,0.233,1
DTD1,0.0013830835739412684,0.2906632475156694,0.437,0.25,1
ZNF232,0.001383382315789157,0.6655994573795962,0.177,0.072,1
CCDC51,0.0013848268750456722,0.6085878491325794,0.188,0.078,1
DYNC2LI1,0.0013870039230534045,0.31780182544750635,0.505,0.3,1
ZNF383,0.0013947133555908349,0.43520335548990285,0.204,0.089,1
RPUSD3,0.00139944620612706,0.35851485599604205,0.299,0.156,1
ZNF138,0.0014019865735467004,0.49371032803729875,0.196,0.083,1
PATL1,0.0014038509194884237,0.3904388753111877,0.501,0.311,1
SKP2,0.0014055854201266663,0.4752878338750144,0.274,0.139,1
PRSS22,0.0014072785391047045,0.47165000654210765,0.289,0.15,1
ZNF664,0.0014203691802744324,0.3396018664224725,0.695,0.506,1
AAMP,0.0014206986354627896,0.27269389062064375,0.903,0.772,1
PDE4A,0.0014219827734402216,0.2611961216970453,0.373,0.206,1
FAM89B,0.0014230367570193263,0.5035369689826374,0.439,0.267,1
CCDC146,0.0014234494988727656,0.37141153929287474,0.303,0.156,1
DDX39B,0.0014247554575872693,0.29022198822909206,0.478,0.283,1
GPRIN3,0.0014327468959133135,0.21879339255475871,0.367,0.194,1
IMMT,0.0014406680629665612,0.35675199742738867,0.751,0.6,1
CXCL16,0.0014438238943888283,0.4886840795938942,0.542,0.367,1
HUWE1,0.0014448134746538578,0.40063945269396667,0.612,0.389,1
B3GAT3,0.001445022183293832,0.27384714634871155,0.604,0.378,1
SNX8,0.0014451976147748745,0.35567653231958807,0.53,0.322,1
TMEM64,0.0014520529336795333,0.43605429449768107,0.266,0.133,1
CLCN5,0.001454583225310654,0.35956875885140294,0.353,0.194,1
ANKRD16,0.0014660282304533728,0.48129429625352915,0.274,0.139,1
KATNAL1,0.0014769745355667752,0.256524356590788,0.28,0.139,1
CIAO2B,0.0014789848770866071,0.4866501564114516,0.307,0.161,1
TFDP2,0.001480424379379902,0.41565528780708305,0.666,0.433,1
TMEM242,0.0014841432291596568,0.364986714477445,0.384,0.222,1
UBXN4,0.001487942730809707,0.26253543135452917,0.903,0.761,1
RTP4,0.0014980361665069546,0.5119018004434295,0.27,0.139,1
INHBA,0.0015000544419965388,0.5493704927971108,0.208,0.094,1
RFX5,0.0015011980394402024,0.2855687422632557,0.579,0.378,1
BRF1,0.0015019036197880282,0.251985154442261,0.619,0.394,1
HAUS4,0.0015093923536304555,0.3260980750041297,0.501,0.294,1
SNX5,0.0015125489831864937,0.37769710538788726,0.503,0.317,1
ZFP91,0.0015182259721370503,0.29119750681183476,0.823,0.661,1
EPHX1,0.0015206583577115262,0.3008341506725527,0.596,0.378,1
COA5,0.001525155369174946,0.35804587235235963,0.313,0.167,1
CALCOCO1,0.0015254042272595293,0.36370871800631627,0.829,0.644,1
B4GALT6,0.001531071285392747,0.48287450741179594,0.181,0.072,1
INTS1,0.0015501580575387902,0.3055937401846645,0.573,0.367,1
NDUFB1,0.001550829074832724,0.29761149301454726,0.674,0.478,1
RASSF1,0.0015532793754778503,0.22558727946069146,0.394,0.217,1
AAR2,0.0015573815983300084,0.5978784130146018,0.169,0.067,1
RTTN,0.0015599862695164334,0.4914801022874711,0.212,0.094,1
PIN1,0.001560777647335796,0.2788902536854936,0.52,0.328,1
ADIRF,0.0015737295851561339,0.5679212343364259,0.695,0.533,1
IRF3,0.0015756538897187902,0.24573398009597058,0.913,0.756,1
MED12,0.0015837928837222058,0.29518992940746247,0.429,0.244,1
AKR7A2,0.0015884866241883515,0.2968792605710022,0.561,0.367,1
PRPSAP2,0.0015942654893353967,0.5143798032785503,0.252,0.128,1
UBIAD1,0.0015952970922235997,0.32680316028411904,0.307,0.167,1
SEC22C,0.0016084034898358897,0.5489185082588226,0.272,0.139,1
PGM3,0.0016137753193954446,0.3105535242508699,0.565,0.361,1
USPL1,0.0016196746847955685,0.3923051565731044,0.373,0.211,1
POLL,0.0016208889711288436,0.23942611058098484,0.487,0.289,1
PEX5,0.0016215670475955362,0.5153645164231819,0.33,0.183,1
ZNF672,0.001621924308262661,0.3548706547116107,0.357,0.194,1
ZNF263,0.0016229995027761581,0.31121976709977683,0.699,0.478,1
USP25,0.001623927569344031,0.2859681455157138,0.796,0.617,1
MEGF8,0.001624666098321702,0.3925830339756353,0.266,0.133,1
NMI,0.0016361891475237048,0.34168644673355264,0.532,0.333,1
AKAP8L,0.001642639171599054,0.20597954706920452,0.709,0.5,1
MARCH8,0.0016433945459988157,0.4349001282929661,0.338,0.189,1
PLXNB1,0.0016519454274413312,0.2614506296867876,0.639,0.422,1
NDUFC1,0.0016548173055667005,0.2809923212939044,0.761,0.583,1
ZSWIM4,0.0016613333397962685,0.5598048580371153,0.231,0.111,1
RNF115,0.0016652756380921775,0.26513153099944303,0.563,0.372,1
CCDC24,0.0016723397424185625,0.3104418225105523,0.427,0.25,1
SETMAR,0.0016725798470521337,0.6052468270403657,0.175,0.072,1
RYK,0.0016783435059006253,0.4269141790266373,0.338,0.183,1
FOXA2,0.0016795385939158297,0.24423121354467092,0.243,0.117,1
PLAGL2,0.0016796930430158846,0.35339987823943786,0.384,0.222,1
NUBP2,0.0016840852110981705,0.41026499609520733,0.573,0.378,1
MGMT,0.00168629063404644,0.22458777813634534,0.586,0.361,1
FDX2,0.001696190436927648,0.29850366239007853,0.32,0.167,1
EIF3I,0.0016990101767717881,0.3315602315467334,0.163,0.061,1
UQCRQ,0.001700256904544136,0.3750598232583884,0.718,0.572,1
ZMYM1,0.0017156396242985204,0.4852684606298121,0.241,0.117,1
AK9,0.001725038040333004,0.46813015056679186,0.256,0.128,1
ARL3,0.0017285601787956969,0.4649103883571253,0.225,0.106,1
IMMP1L,0.0017301964403389452,0.3976056503352541,0.285,0.144,1
IFI27L2,0.001731204615961628,0.3982723418485157,0.361,0.211,1
MDM1,0.0017394327846337108,0.28651801772365015,0.301,0.156,1
LIN52,0.0017416860858600902,0.27128777570953533,0.202,0.089,1
DUS4L,0.0017470512066806486,0.7704526262884586,0.179,0.078,1
ITGB1,0.0017491373332356355,0.31433302946103125,0.757,0.567,1
ACSL1,0.0017564265597085377,0.4725503132141622,0.216,0.1,1
ATP6V1F,0.0017646756088320799,0.34922107120363854,0.524,0.339,1
SMS,0.001764903926442473,0.4232778522327161,0.579,0.411,1
WDR35,0.001768495309813482,0.33204931801465687,0.227,0.106,1
NR1H2,0.0017717966434462372,0.2890447620851814,0.524,0.322,1
PEF1,0.0017734699667472384,0.3160406232081786,0.499,0.311,1
CASP9,0.001778779067442913,0.333530238451357,0.379,0.217,1
IQCB1,0.0017852046491891435,0.35145490623047215,0.433,0.261,1
GCC1,0.0017935457499596878,0.3596509544832327,0.318,0.172,1
RALGPS1,0.0017935681781248477,0.365973152286388,0.563,0.356,1
NOL7,0.001794794225170801,0.3589573711858649,0.398,0.233,1
CEP162,0.0018006693448550505,0.2490824995752663,0.373,0.206,1
ANO10,0.0018042144415871542,0.26208537513302643,0.676,0.444,1
PYCR2,0.0018054907482520713,0.2892281008841732,0.788,0.611,1
ARHGAP18,0.0018118696138314436,0.24103354865675397,0.841,0.628,1
TRPT1,0.001815489980233107,0.3668343670288206,0.726,0.539,1
SLC25A12,0.001816212474980771,0.399550123507028,0.402,0.233,1
SHANK2,0.0018257751187480188,0.4384769338456693,0.307,0.167,1
FANCM,0.0018264851815561615,0.34450707178985773,0.276,0.139,1
GNS,0.0018365777625161098,0.21922744317317472,0.616,0.394,1
LCN12,0.0018507621304436222,0.6129931406367195,0.184,0.078,1
UCHL5,0.0018508471513582708,0.23667302591629036,0.351,0.194,1
CFAP44,0.0018543998163985647,0.45855770235196225,0.596,0.394,1
KDM6B,0.001855378055295053,0.24440817453670782,0.555,0.35,1
TRIP11,0.0018596888099230188,0.3637899934205957,0.489,0.3,1
ANXA1,0.0018649278612535999,0.6133207665422461,0.497,0.328,1
IPO13,0.0018656495323584876,0.20288422498589942,0.449,0.267,1
TRAPPC3,0.0018659560303718658,0.3030294744443246,0.837,0.639,1
UBE2G2,0.0018660340581720196,0.24962517800020922,0.819,0.639,1
STMP1,0.0018681804645001297,0.39493503805568575,0.425,0.256,1
CEP95,0.0018688807459240912,0.3787121058796572,0.344,0.194,1
SLC5A3,0.0018689044096121946,0.3712049136301753,0.724,0.506,1
BLOC1S5,0.0018722101168252934,0.2572761715717624,0.315,0.167,1
SRPK2,0.0018758546153125999,0.3910981375929612,0.466,0.289,1
LRP1,0.0018812640734482688,0.302298633851166,0.812,0.628,1
ZNF600,0.0018898297548276682,0.27695275752425674,0.252,0.122,1
SLC5A1,0.0018909122540833891,0.3839004902483741,0.6,0.417,1
RELA,0.0018927379917000758,0.3399671253690939,0.555,0.356,1
PRCC,0.0018991843475709223,0.3602549664239916,0.416,0.244,1
OSBPL3,0.0019069286303694923,0.4369368550098779,0.47,0.289,1
DNAJC15,0.0019087017800354274,0.41931529318019534,0.643,0.461,1
KIF12,0.0019177375766776972,0.5294961702815693,0.309,0.172,1
IFI27L1,0.0019236027533048293,0.2990994607781363,0.375,0.206,1
MTFMT,0.0019265941612469412,0.2362652574717825,0.26,0.128,1
CNOT1,0.001930955565041225,0.31894889832475193,0.485,0.3,1
NDUFB4,0.0019317359809134166,0.5966172924603921,0.221,0.106,1
CASP8,0.0019361814316135632,0.39435528927731,0.757,0.533,1
TNFAIP1,0.0019366733678432926,0.44094776642044975,0.419,0.25,1
MGME1,0.001946764045060879,0.36501488639268165,0.662,0.483,1
DVL2,0.0019543222749478202,0.32673751041484334,0.353,0.194,1
VGLL4,0.001958760595273159,0.3872594959408685,0.532,0.344,1
ME3,0.0019618058404021863,0.2640843308077322,0.722,0.511,1
LRP6,0.0019651655714386985,0.2627003990581697,0.606,0.389,1
TMEM214,0.001965174131817322,0.33564002810360355,0.66,0.456,1
SLC19A1,0.001966014360733552,0.41524133442633926,0.33,0.183,1
KIF27,0.001974344589618787,0.6054425519384488,0.181,0.078,1
PLA2G4F,0.0019764097991508706,0.3705465534057826,0.425,0.256,1
NDUFB7,0.001976690172835442,0.21967567985983671,0.918,0.794,1
EFCAB2,0.0019783626462143936,0.3786442808447439,0.26,0.133,1
OSBP,0.0019787366904870426,0.29115292053916353,0.765,0.583,1
SPOUT1,0.001978900791002908,0.28716152474634526,0.388,0.222,1
RNF216,0.001992120942343778,0.41910423791943985,0.297,0.161,1
RCOR1,0.001992414936210404,0.35165117149271163,0.649,0.428,1
LDLR,0.0019930368718844116,0.35232384180668536,0.577,0.383,1
PITRM1,0.001993388907594732,0.3127789068020498,0.643,0.439,1
GFOD2,0.0019938312884818874,0.20498279089413962,0.515,0.311,1
PUF60,0.001995202325640784,0.31875996239755866,0.633,0.428,1
USP39,0.001999343669719266,0.37059373320875566,0.485,0.294,1
FAAH2,0.0020011747384822733,0.2567201968692019,0.247,0.117,1
PPP6R3,0.0020078758170980373,0.32436506627887624,0.738,0.528,1
VPS33B,0.002009511844665034,0.4853913149613134,0.231,0.111,1
DCP2,0.002010547468705023,0.2897918379321387,0.472,0.283,1
RAB18,0.0020114064371400285,0.35572879938117846,0.551,0.35,1
GMPS,0.0020129917418861792,0.36603292808637633,0.315,0.172,1
CASP6,0.0020248339430112097,0.3370697269595787,0.753,0.594,1
DNAJC12,0.0020330252885355452,0.8021076142051111,0.21,0.1,1
HAPLN3,0.002033725322162719,0.37792198902983953,0.338,0.194,1
ZNF343,0.0020412812156478297,0.25855208282522457,0.447,0.261,1
WDYHV1,0.0020447323565760214,0.5228418979380267,0.19,0.083,1
ASPSCR1,0.00205176874124293,0.345749271861442,0.553,0.35,1
CCDC115,0.0020525497533708478,0.25969625254042916,0.462,0.267,1
CEP76,0.0020594224498432625,0.557378055592106,0.19,0.083,1
NPRL2,0.0020614022792056585,0.4505788675425857,0.348,0.2,1
NPAT,0.0020702078334006555,0.5845972448829833,0.179,0.078,1
MSH3,0.0020751485108022067,0.3048447544015136,0.439,0.261,1
STEAP2,0.0020767873972480765,0.4514094075937385,0.27,0.139,1
RBM22,0.0020789159576665,0.3731162948725486,0.28,0.144,1
HAS3,0.0020803294947656795,0.3752990068666726,0.2,0.089,1
BTC,0.002080433529426185,0.21045685206978515,0.245,0.117,1
KIAA1211L,0.00208047154877424,0.34144844317960477,0.287,0.15,1
LARP4B,0.0020861186416754,0.33590515363704154,0.761,0.578,1
FBXL4,0.0020878701008061034,0.44073031808200225,0.604,0.411,1
ZMYM2,0.002089528215515054,0.2661704409946737,0.777,0.583,1
ZBTB21,0.0020896255571164965,0.3146017537531822,0.472,0.289,1
HAUS3,0.0020998798415255595,0.36734301756983,0.4,0.233,1
ZBTB5,0.0021001699290089885,0.3457768498008873,0.441,0.261,1
DDB1,0.002100451860094788,0.33370373628896954,0.707,0.511,1
BBS5,0.002108896225184744,0.3018241541616882,0.233,0.111,1
SMG7,0.0021177505591448327,0.34664061022357107,0.34,0.189,1
ZBTB9,0.0021383620169533723,0.549646124417762,0.212,0.1,1
ACOT11,0.002143837669203273,0.2654299617940036,0.763,0.567,1
KCTD15,0.0021602940527772276,0.45909126382287013,0.328,0.189,1
UTP6,0.0021640000145212585,0.3579183922751281,0.363,0.206,1
ZKSCAN8,0.0021654556664753993,0.22846311036460332,0.384,0.217,1
CHURC1,0.002167060467036294,0.334766999464813,0.757,0.583,1
FAM200B,0.0021727675748919387,0.43799939265729204,0.235,0.117,1
METTL27,0.002172802674311207,0.2958893861243963,0.216,0.1,1
TM7SF2,0.0021737338556353245,0.3410931398237709,0.324,0.178,1
BCKDHA,0.0021845954210426527,0.3589257618763586,0.297,0.156,1
CENPV,0.0021862963032294688,0.27922600224519045,0.625,0.411,1
ZMYM3,0.0021870009755960112,0.3360191629415801,0.388,0.222,1
ZDHHC8,0.0021897624775432103,0.288015608652601,0.625,0.411,1
PAFAH2,0.0021945714206915625,0.2749811164880762,0.392,0.222,1
TM2D1,0.002196106328054729,0.2615991270537446,0.633,0.406,1
BIK,0.002205969016223257,0.45614806252338846,0.353,0.206,1
ZNHIT2,0.0022120327083630592,0.6712362527486038,0.212,0.1,1
BCOR,0.0022136643823445806,0.2614143898693121,0.528,0.317,1
MZT1,0.0022154380367964866,0.3431893509893378,0.249,0.122,1
SELENON,0.002224356723130334,0.42411715683241313,0.497,0.317,1
SPTLC2,0.002226313520366885,0.3729807306484264,0.753,0.578,1
ZCCHC8,0.0022264229134132617,0.3655479272417499,0.485,0.3,1
ROMO1,0.0022350668391514137,0.311390206157522,0.837,0.656,1
FRA10AC1,0.0022449942788146998,0.3322717873191736,0.326,0.183,1
MORN4,0.002245279579299985,0.766447115588488,0.186,0.083,1
PDIK1L,0.0022471279874199733,0.4181681661899057,0.315,0.172,1
DNASE2,0.002247869932076501,0.21959479641679658,0.429,0.25,1
NAA35,0.0022491638207741325,0.22849735429204632,0.414,0.239,1
ACSL4,0.0022537237380265904,0.5469480257998649,0.285,0.156,1
UBQLN4,0.0022650769431038996,0.3759593965750909,0.272,0.139,1
WBP11,0.0022688168960710966,0.5678096490397802,0.188,0.083,1
RAD54L2,0.002277058220317761,0.3314756239137151,0.32,0.178,1
SLC12A4,0.0022820046180545583,0.2978261223717604,0.359,0.206,1
CRELD1,0.0022893182818412364,0.4765095803866789,0.59,0.4,1
SLC29A3,0.002295913311094122,0.5049779773464556,0.188,0.083,1
INTS3,0.0023014000448879526,0.2804408263376799,0.561,0.35,1
THRAP3,0.0023038630033657605,0.3273398492459761,0.759,0.567,1
COQ8B,0.0023044981239836245,0.32166497735367416,0.408,0.244,1
ZNF235,0.002310721969984195,0.5900619435913308,0.245,0.128,1
SRSF7,0.0023145658573966166,0.3509874400749078,0.332,0.183,1
SESN3,0.0023162197124108556,0.32843829196223817,0.433,0.261,1
TUSC2,0.0023191116816709224,0.3039035414328486,0.34,0.189,1
FCHO1,0.0023255724956576557,0.22801488299478545,0.357,0.2,1
DOCK7,0.002335755542470052,0.3440623511352071,0.571,0.372,1
SSBP4,0.002345342816656042,0.46016775524326436,0.32,0.178,1
MIS18A,0.002364550510808412,0.2932362317871071,0.245,0.122,1
SNAPIN,0.0023696927857440597,0.24120528925984508,0.348,0.194,1
TIAL1,0.002370437386336557,0.25430229722224895,0.808,0.628,1
ALKBH3,0.0023749876081659935,0.5067761390425276,0.204,0.094,1
PRKD3,0.002380065852115777,0.29220951193481015,0.515,0.322,1
PRR5,0.0023806564327417054,0.38559934429451137,0.348,0.194,1
HINT2,0.0023860163638128595,0.28207719010614807,0.324,0.178,1
RBM17,0.0023945765268372455,0.22426932010480374,0.755,0.55,1
NNT,0.0023946802114937007,0.2577693611027364,0.722,0.517,1
IBTK,0.0023960846313753515,0.3171402870117834,0.676,0.467,1
MPHOSPH6,0.0023982141180489023,0.3316516658860247,0.408,0.233,1
AGTPBP1,0.0024046070822420426,0.2600836898199981,0.458,0.278,1
SUMF1,0.0024054613822344453,0.30686730325926703,0.546,0.344,1
NGDN,0.0024189351444172083,0.3192827186307139,0.299,0.161,1
TNS3,0.0024198750533642606,0.2550662006167124,0.625,0.422,1
FAM241B,0.002422919794498664,0.8035441448775393,0.186,0.083,1
BRAF,0.00242975606337873,0.4203952935590509,0.439,0.272,1
STX10,0.0024357688522958477,0.28328071931827764,0.821,0.617,1
SLC25A33,0.0024404398004644564,0.6546379101768331,0.202,0.094,1
HIPK2,0.0024415057913461957,0.32297677136106107,0.788,0.656,1
ZNF124,0.002443857358887374,0.249784002808769,0.437,0.267,1
MYNN,0.0024441074436285072,0.3954436704037163,0.449,0.283,1
VBP1,0.002459289304515681,0.41302135457663636,0.299,0.161,1
ZSCAN26,0.0024685277397612296,0.4471162391994983,0.262,0.133,1
ATF1,0.002475575620495372,0.4353843371889399,0.249,0.128,1
SNRNP70,0.002484647650391372,0.27432846103788033,0.804,0.606,1
HAT1,0.0024905195516863403,0.2123303248203694,0.285,0.15,1
GSR,0.00249057257558279,0.31554937705783365,0.796,0.656,1
LSG1,0.0024936780705482014,0.20720766888246622,0.487,0.294,1
ZNF141,0.0025180804387936982,0.20167613993179634,0.423,0.256,1
EXOC4,0.0025181303074506265,0.29925787394384806,0.748,0.567,1
KIAA0355,0.0025185070672503564,0.33501232634037703,0.386,0.233,1
MTSS2,0.0025185888693664347,0.2678513449552453,0.406,0.239,1
ZMAT5,0.002523435237620885,0.25759015062983437,0.26,0.133,1
ZNF680,0.002526275703468876,0.43604785827070236,0.353,0.2,1
SDR39U1,0.0025273305135236892,0.3068445355210537,0.705,0.522,1
ZBTB41,0.0025386892176101346,0.28188401342321634,0.361,0.206,1
SYNJ2BP,0.002559878206448039,0.21258635080134325,0.513,0.317,1
KATNA1,0.002578500112528518,0.40861715148355193,0.375,0.217,1
SESTD1,0.0025813276557427036,0.2912635530018092,0.536,0.333,1
CARMIL1,0.002583693383644105,0.30423351979868124,0.697,0.506,1
BHLHE40,0.0025846427770890006,0.30603889273178064,0.635,0.461,1
NDUFC2,0.0025884463523374993,0.26490615002685924,0.831,0.689,1
DNAL4,0.0025914340004330547,0.4013436441625835,0.301,0.167,1
EPN2,0.002600696438387874,0.37064529070479024,0.482,0.294,1
LRRC41,0.0026042708679353214,0.4311375318975912,0.48,0.306,1
SEC63,0.0026146422570086027,0.27572098221484487,0.524,0.328,1
BCAT2,0.002627471740951494,0.23351084232132613,0.295,0.156,1
FAM219B,0.0026282059272860897,0.32608584060749224,0.619,0.4,1
VHL,0.002634260006363621,0.3190310798281537,0.777,0.6,1
METTL17,0.0026389293192490143,0.3128200658832864,0.753,0.561,1
ANAPC4,0.002648424612080621,0.260862737334992,0.693,0.489,1
DPH6,0.002651884245629439,0.2590439760593728,0.462,0.278,1
MED29,0.002656085107085762,0.37895871183556373,0.398,0.233,1
PARP2,0.0026661676226505163,0.521709351192488,0.186,0.083,1
ZNF174,0.0026665796076266886,0.4343070316364126,0.2,0.094,1
UBE2V1,0.002668612224586848,0.2899736069242096,0.46,0.289,1
TAS2R14,0.0027053622909507923,0.27088775624891204,0.369,0.211,1
CLNS1A,0.002708667076221768,0.4216488081498504,0.363,0.217,1
CDAN1,0.0027125934404876114,0.5649939779436899,0.225,0.111,1
WDR41,0.002718236811999333,0.21296745216800894,0.348,0.2,1
SETD3,0.0027185574976185457,0.28569149240694114,0.777,0.594,1
UPF3B,0.0027199401023967466,0.33676546335349666,0.274,0.144,1
TTC4,0.0027270338733764482,0.32775730038047834,0.227,0.111,1
EMSY,0.0027291572478047514,0.39937179793968713,0.39,0.228,1
GUSB,0.002742983155480233,0.39097584398854557,0.542,0.344,1
SHTN1,0.0027430167157972227,0.3436358233449183,0.616,0.428,1
PCED1A,0.002743911084900311,0.33505904291212224,0.577,0.361,1
RAB3GAP1,0.002757252316313383,0.2634940263640997,0.885,0.761,1
MTMR6,0.0027597886822340765,0.23549692193390315,0.359,0.2,1
SDCBP,0.0027598878579001,0.3181204451201187,0.435,0.272,1
CYB5D2,0.0027705110496976455,0.4553813591815983,0.204,0.094,1
MBTPS1,0.002771754800663215,0.2810898472363663,0.835,0.683,1
ZNF35,0.0027830777206368125,0.6834757170177381,0.214,0.106,1
CTU2,0.0027840829625200877,0.3470927859949122,0.212,0.1,1
UBA6,0.002792074694674252,0.34938225112852433,0.555,0.378,1
PTCD2,0.0028023633212645514,0.3388013744518208,0.243,0.122,1
RMI2,0.002804386217140832,0.3659118022780854,0.254,0.128,1
FLAD1,0.0028052715991519696,0.34204966407867987,0.33,0.189,1
TERF2,0.002808899638322877,0.37081927502626955,0.515,0.333,1
UBA1,0.0028090585645284536,0.3043309893696147,0.586,0.383,1
FTCDNL1,0.0028107579738598744,0.48774034584061576,0.186,0.083,1
POGLUT1,0.0028109713349582137,0.301060690704678,0.412,0.25,1
TUBA1C,0.00281973716805853,0.3614156245546931,0.687,0.544,1
ZNF92,0.002825413628883685,0.47492485328299994,0.179,0.078,1
TRIM13,0.0028291716688503546,0.2772492288761659,0.371,0.211,1
IFT122,0.0028365935242903803,0.24282770593191394,0.332,0.183,1
CSRP1,0.002862374550743615,0.2234727685210799,0.889,0.728,1
GLB1L2,0.0028772896596758867,0.40557274391651976,0.186,0.083,1
ZNF738,0.0028810118566284858,0.4556637026307815,0.212,0.1,1
TRABD2A,0.0028812428531882492,0.36169546188934953,0.472,0.294,1
ZNF783,0.0028906108698789224,0.34784700313411065,0.513,0.328,1
LONRF1,0.002928392994902769,0.2798698580541883,0.328,0.189,1
FAM20B,0.002929570804595735,0.2930539700809227,0.456,0.289,1
ALMS1,0.0029485957659023225,0.3523160232740845,0.373,0.222,1
METTL22,0.002948761921061114,0.44546708630055765,0.295,0.161,1
HLCS,0.002953803199626736,0.3318764555410454,0.421,0.25,1
PRMT7,0.0029593317659929964,0.29197280727677266,0.367,0.206,1
LRRCC1,0.002968616975249961,0.4121674486036575,0.221,0.106,1
SHISA5,0.0029730048774548597,0.3221810290156239,0.654,0.444,1
NSUN7,0.0029937752735987298,0.35617397498257786,0.365,0.211,1
CCNB1IP1,0.002994408433968781,0.34451152041096034,0.221,0.106,1
RBM15B,0.003008028212911523,0.24171029439698066,0.507,0.294,1
GNL3L,0.0030101010195143817,0.26278331161777607,0.709,0.511,1
CYB5R1,0.003011638065221236,0.2342615576250262,0.256,0.128,1
PTGFRN,0.0030192059548410765,0.35826812311140666,0.581,0.383,1
FNBP4,0.003024728950956759,0.27903485609528306,0.718,0.517,1
DNAL1,0.003030328084549773,0.449008470195726,0.216,0.106,1
IQCG,0.0030340578294798756,0.5613070330391263,0.223,0.111,1
MTMR12,0.0030496745700433286,0.2497761825945758,0.499,0.317,1
YWHAG,0.003060079094495315,0.2466800063647217,0.771,0.572,1
MIOS,0.003063547436947174,0.3051924706721937,0.635,0.433,1
RPUSD2,0.0030646557888213076,0.4192212453316153,0.227,0.111,1
SLC35C2,0.0030750770381751083,0.3281519607399117,0.4,0.239,1
CIAO2A,0.003076822068422226,0.3639098414836053,0.643,0.45,1
C18orf54,0.0030908777274863374,0.38701479910196435,0.227,0.111,1
ZMAT3,0.0031160003240337953,0.29512858012088916,0.33,0.189,1
CABIN1,0.003127699277064876,0.2984964995998562,0.755,0.556,1
RPP38,0.0031284013843034617,0.23142412847778482,0.468,0.283,1
CHMP6,0.0031352397924038337,0.3664247780924694,0.678,0.478,1
GTF2H4,0.0031356263996043295,0.30927564120130757,0.241,0.122,1
UGGT2,0.0031593774879206285,0.3814471764492706,0.443,0.267,1
AGFG1,0.0031595191695457828,0.29726302904920826,0.697,0.506,1
DYNLT1,0.0031932417638369575,0.24786075847370836,0.849,0.7,1
ABCF3,0.003203758502540685,0.33115335608049734,0.468,0.283,1
BRPF1,0.0032041319636217755,0.31653764431326326,0.311,0.172,1
CHMP4A,0.0032084747990330552,0.3245935450263975,0.705,0.511,1
PRR22,0.0032093404102866486,0.4638458869302391,0.208,0.1,1
DDAH2,0.0032094744451894807,0.20858251115843052,0.847,0.661,1
GTPBP3,0.0032138040377423806,0.4232865301016484,0.501,0.311,1
CPOX,0.003220520323886934,0.28948815994807886,0.54,0.35,1
VAMP4,0.0032227371856172592,0.3683463514834151,0.245,0.128,1
C11orf1,0.0032326290867996724,0.38657463161968475,0.361,0.211,1
SLC38A4,0.003233185366364933,0.48078140366938893,0.179,0.078,1
ADNP2,0.0032339885447111136,0.2776579506153105,0.433,0.261,1
ST7L,0.0032383320255199776,0.4775827612034673,0.233,0.117,1
CEP164,0.0032420139304533166,0.25745977236204287,0.324,0.178,1
NOS1AP,0.003242462172180725,0.26223589626739097,0.202,0.094,1
KDM5C,0.003254852626780289,0.2783877902477728,0.87,0.761,1
FASTKD5,0.003255028756724066,0.40215410094261883,0.394,0.239,1
LMAN1,0.0032613205016080228,0.22154022178286192,0.833,0.656,1
LRRC59,0.003262400689222288,0.38866571770234704,0.598,0.411,1
S100A9,0.0032648649332122155,0.2884181727862467,0.264,0.139,1
SMARCE1,0.003267178789436968,0.35375631225357806,0.487,0.306,1
DYNC1LI1,0.003270680504365912,0.41461879025681414,0.221,0.111,1
SPIN3,0.0032784071183005457,0.31486514671714394,0.408,0.244,1
EBLN2,0.003289401800295481,0.4694996690977158,0.245,0.128,1
EIF4E2,0.0033074363761457976,0.24074269600425324,0.849,0.683,1
ZBTB48,0.003317326921980486,0.2435979645697628,0.474,0.289,1
DIP2A,0.003317787917632783,0.33765018076021586,0.674,0.489,1
RTL10,0.0033289779304741867,0.365258086034852,0.355,0.206,1
RIPK2,0.003350796393280458,0.3501987785497125,0.239,0.122,1
AKAP5,0.0033841439302345847,0.40174736464518546,0.256,0.133,1
PKP3,0.003384654776522281,0.3342337610060295,0.806,0.628,1
ZC3H18,0.0033935251125876095,0.3288427848755574,0.454,0.283,1
TYW1,0.0033991535173692904,0.3242468055550831,0.196,0.089,1
TRPA1,0.003399458050640118,0.3347508421195947,0.419,0.261,1
ARF5,0.003403920546088738,0.279537935154093,0.697,0.533,1
SPRY2,0.003411805368425555,0.3844073793410791,0.676,0.467,1
DNAJA1,0.0034183851155653354,0.2805315115682321,0.416,0.25,1
TBC1D10A,0.0034192720011280904,0.23496122000934272,0.623,0.406,1
TGIF2,0.0034200153190073754,0.514555560087187,0.208,0.1,1
TFPT,0.00344701592915132,0.26536792796734365,0.46,0.283,1
PPIL4,0.003452118776089762,0.46969237664225627,0.214,0.106,1
MYSM1,0.0034610829416316306,0.2204262073947284,0.532,0.333,1
RITA1,0.0034673985181852417,0.22795569866965248,0.348,0.2,1
MELTF,0.0034705565510987487,0.304154680251028,0.377,0.228,1
TEX261,0.0034883527765120037,0.5408616964332764,0.21,0.106,1
RHOT2,0.0034971825337645566,0.26077479457456393,0.796,0.617,1
GALK1,0.0035024907803919265,0.29409866460491507,0.278,0.144,1
DUSP23,0.003512345795961393,0.38403075807598985,0.66,0.461,1
MYCL,0.003513211385692597,0.2128949895789637,0.493,0.306,1
POMP,0.0035228174126576035,0.3579844284150008,0.544,0.356,1
NSUN5,0.0035290435336585986,0.26328293042108,0.237,0.117,1
C3orf70,0.0035387829715216594,0.3787055089413851,0.313,0.178,1
TMEM8B,0.003546204642951929,0.27171650589460666,0.551,0.361,1
CHSY1,0.00354897743369827,0.24544887318902997,0.536,0.35,1
ALOX5,0.0035669658447633162,0.23685564902733175,0.635,0.456,1
DHODH,0.003574808156141767,0.29263770011288237,0.202,0.094,1
CHTOP,0.0035774668074293236,0.2005206809625244,0.847,0.694,1
BCL2L15,0.0035942181556702047,0.24248421264944353,0.204,0.094,1
NAMPT,0.0035969032383375535,0.3982221843758855,0.449,0.283,1
ANAPC15,0.0036153850526785872,0.38518766169090657,0.631,0.439,1
KCMF1,0.003616840640051285,0.26943655974128805,0.565,0.367,1
ZNF446,0.0036189158705780557,0.30193712624831703,0.363,0.206,1
LUC7L,0.0036239075661779682,0.2507769484907654,0.913,0.789,1
C1RL,0.0036243298700469723,0.21285693921285442,0.633,0.422,1
TSG101,0.003625443493073212,0.48901714211340375,0.28,0.156,1
NSMCE2,0.003627030799325523,0.4395602002236343,0.326,0.189,1
BRCC3,0.0036306659289327427,0.21573935071679984,0.524,0.328,1
EIF2A,0.00363216741359541,0.36351222518280935,0.449,0.294,1
MAP3K9,0.0036502238043090427,0.3524615076175843,0.2,0.094,1
HSD17B8,0.003653667307027998,0.29394606640025933,0.371,0.217,1
FAM98A,0.003660410578103313,0.2295636733465889,0.363,0.206,1
LRFN3,0.0036854949367011794,0.25164376609998307,0.4,0.233,1
AGR3,0.0036891582243975584,0.3102053745178332,0.637,0.439,1
WDSUB1,0.0036907477947142726,0.3430166726804009,0.32,0.183,1
TMEM86B,0.0037024106426023027,0.6168434441437043,0.216,0.111,1
SMAD7,0.0037156034253316263,0.2832087694243197,0.806,0.6,1
RASL11A,0.0037162317373720505,0.5510173562700809,0.241,0.128,1
BRD7,0.00371860566887037,0.2433650761144058,0.728,0.544,1
ZBTB4,0.0037249778723517065,0.31366225493147515,0.355,0.206,1
RBBP5,0.003746935721617439,0.29014095899735404,0.315,0.178,1
TMEM245,0.0037512103102623926,0.3462809991949387,0.511,0.328,1
FBXL6,0.003788722681920344,0.3637260148964816,0.635,0.467,1
ZNF185,0.0037903495198676907,0.5783834491856155,0.184,0.083,1
SOCS3,0.00379305557771443,0.22740322162854776,0.367,0.211,1
RNF145,0.0038014119513500996,0.3217781063990861,0.264,0.139,1
ARL8A,0.0038088522157069945,0.23252902959467092,0.396,0.233,1
CELF1,0.003815219143473968,0.2416135779889993,0.823,0.672,1
TAF1B,0.00381531468968898,0.5776444083311896,0.21,0.106,1
C4BPB,0.003815800451626587,0.5789319947850848,0.324,0.194,1
GSTM3,0.0038235260512535264,0.4822435756777361,0.21,0.106,1
GMEB1,0.003855746137810497,0.3048253582160829,0.47,0.283,1
SUCO,0.003856712495038169,0.2928768563923687,0.373,0.217,1
HP1BP3,0.003863227118982432,0.24445033400193167,0.703,0.522,1
TMEM41A,0.003864962825350543,0.2077341956771679,0.318,0.178,1
SPATA6L,0.0038838029879682255,0.5394337343053115,0.26,0.144,1
TOP3B,0.0038919471913633477,0.33698412337854444,0.414,0.25,1
MFSD8,0.00389485237752801,0.27337669494867045,0.276,0.15,1
IFT27,0.003898441247279613,0.3026749734303751,0.414,0.25,1
RNF227,0.003907133542373837,0.5574581588174654,0.268,0.15,1
NUP62,0.003908317490539801,0.3387567053934283,0.588,0.378,1
MAP3K6,0.003928484141096659,0.31304108846161416,0.227,0.117,1
SLC2A11,0.003935080902072677,0.20949010153904357,0.26,0.133,1
DDOST,0.003936512790281937,0.22411952553918502,0.186,0.083,1
KANSL1L,0.003939116068364827,0.3515862089164643,0.398,0.25,1
GTF3C1,0.003951972363487871,0.27611841471079634,0.54,0.339,1
C10orf99,0.003989371538960696,0.2708309794871919,0.835,0.728,1
MCM9,0.003994821175398007,0.30031553884727935,0.41,0.244,1
ADAM10,0.004001716931433885,0.2131856289699251,0.561,0.367,1
AHCYL1,0.0040264651627018935,0.3354581373834012,0.784,0.65,1
DUSP11,0.004042782195316462,0.21442326423975278,0.612,0.394,1
CALR,0.004045455036417958,0.34342047954890964,0.645,0.483,1
HNF1B,0.004066930174773885,0.2703621738975499,0.456,0.283,1
ZBTB14,0.004067880518331268,0.26509267623086363,0.361,0.211,1
GDI2,0.004070909222272955,0.2915803255500382,0.416,0.25,1
SPHK2,0.0040764425884252924,0.2648929043998083,0.544,0.35,1
OXER1,0.004085012419471309,0.39249346438314214,0.225,0.111,1
PARG,0.004090597515491426,0.27567123613907274,0.311,0.172,1
TUBGCP5,0.004099229775143737,0.2641469334002722,0.367,0.217,1
PRKCA,0.004123030252678267,0.3244368002237968,0.654,0.45,1
JAG2,0.004134781446871609,0.2314016213509058,0.264,0.139,1
PTGES3L,0.004155226407957295,0.3382672782496745,0.334,0.194,1
BICDL1,0.004156337315777325,0.24235647212662137,0.441,0.267,1
ANG,0.0041737230491437835,0.30082031312400725,0.46,0.289,1
MTR,0.004174799755730832,0.291746382392179,0.493,0.322,1
NUP153,0.004183236965838252,0.24900386925494744,0.594,0.389,1
REEP5,0.004188840805382655,0.2644898814523234,0.81,0.628,1
CPPED1,0.0042369843018317775,0.3631458826442955,0.332,0.189,1
RBBP6,0.004250329121169602,0.32750617658325387,0.441,0.278,1
ATP5MD,0.004251261921501416,0.3789477582309657,0.212,0.106,1
MICU1,0.004254696300023179,0.24035760950799842,0.633,0.417,1
C3orf38,0.004256947685501286,0.20824836348752584,0.416,0.25,1
PACS2,0.004257492479328569,0.2430810342387244,0.379,0.222,1
DDHD1,0.004262338127113783,0.20156523324057773,0.577,0.383,1
FH,0.004269066285795041,0.2916705612168752,0.641,0.439,1
ENTPD6,0.00426983828760127,0.2670015423762151,0.876,0.767,1
NETO2,0.0042717682241596045,0.2485857955241022,0.425,0.261,1
AURKAIP1,0.004277086400132839,0.28183996524620536,0.895,0.756,1
EMC8,0.0042805386045218245,0.28428574665381845,0.435,0.267,1
POLR3D,0.004282471486674608,0.2477294158284188,0.491,0.306,1
NUP133,0.004285726865414269,0.39139329952551116,0.505,0.333,1
SLC25A36,0.004290975819460024,0.27563270314593313,0.437,0.267,1
RNF128,0.004293197931548774,0.2327851744703695,0.569,0.378,1
TMEM186,0.004330022199355734,0.346060967646733,0.359,0.211,1
CENPB,0.004334215295257293,0.3041863858135112,0.384,0.228,1
HSPA5,0.004343812695113102,0.339373771671839,0.518,0.333,1
ADGRE5,0.004368251029764072,0.2602633386533052,0.757,0.544,1
MICOS13,0.004371890594205671,0.24523709021506512,0.435,0.261,1
FTSJ3,0.004374124161735316,0.3268887927549642,0.282,0.156,1
ALDH3B1,0.004375454557706153,0.3049209542360025,0.375,0.228,1
SLC7A11,0.004388634896302135,0.6621237936346129,0.229,0.122,1
THBS3,0.004425750899618296,0.22541923326305113,0.441,0.278,1
SDHB,0.004432686913865935,0.24830273198465913,0.821,0.711,1
TBK1,0.004436647850627849,0.3421646547929711,0.575,0.389,1
STARD3NL,0.004447970901138335,0.35028299345449143,0.472,0.294,1
RWDD4,0.004452016967190522,0.24631844975409845,0.245,0.128,1
GALK2,0.004499595244851595,0.28985910173098794,0.468,0.3,1
SPTY2D1OS,0.004511357553389896,0.4263849941559821,0.198,0.094,1
CCDC90B,0.004524701031305489,0.3492725721671879,0.249,0.133,1
RAB1B,0.004525356668706215,0.2520844336214065,0.769,0.572,1
KLHL18,0.0045332475716008324,0.21957565656262723,0.394,0.239,1
STK19,0.004565464388525031,0.24582917041288233,0.322,0.183,1
HMGN4,0.0045742516239826465,0.36700445945967336,0.691,0.506,1
SIL1,0.0045994564242529965,0.31518215296324814,0.509,0.333,1
PREB,0.004601237581032887,0.3466296937281928,0.619,0.422,1
UQCR11,0.004607465362107847,0.31291404690545394,0.666,0.478,1
RXYLT1,0.004612059810635862,0.27408073419136114,0.355,0.206,1
ZSCAN21,0.004627258361492325,0.23985904478326803,0.324,0.183,1
PLA2G4B,0.0046331162140012885,0.23347900478334638,0.392,0.233,1
ZNF668,0.004642464167512843,0.38156884825416215,0.233,0.122,1
TCIM,0.004675657054556866,0.44783423110944476,0.555,0.394,1
GPATCH8,0.004679576149118017,0.3212020456593354,0.53,0.344,1
TINAGL1,0.004701608836735747,0.20598654249392712,0.841,0.667,1
EXOSC3,0.0047267259631716355,0.2882291809282211,0.555,0.378,1
SH3BP5L,0.004729470746590091,0.2006056986014598,0.652,0.433,1
GMPPA,0.004743064619269598,0.3976633452039817,0.379,0.228,1
ZFHX3,0.004743364729613533,0.44773726234102695,0.249,0.133,1
EBP,0.00474407543878114,0.367174745700364,0.625,0.461,1
KIZ,0.0047499424871931565,0.3768762376354453,0.548,0.361,1
BLNK,0.004784357470904031,0.3149260071435511,0.348,0.206,1
RBM26,0.004792816184402044,0.28416132522266113,0.419,0.256,1
ELP1,0.0047934916330494215,0.3813330475152366,0.561,0.378,1
ELOVL7,0.004814182063205672,0.4204045898799196,0.233,0.122,1
TM9SF4,0.004824919566907275,0.27868198688396173,0.561,0.367,1
KRBOX4,0.004827556467827694,0.2814967916884794,0.214,0.106,1
PFKFB4,0.00485151944346293,0.4995439957218668,0.21,0.106,1
MPZL1,0.004872220212740344,0.39338528162801323,0.394,0.244,1
CCDC59,0.0048831328975270615,0.22763372405728344,0.231,0.117,1
SDCCAG8,0.004887324573400178,0.21193220785047606,0.652,0.439,1
DHX38,0.004901235468254264,0.29127214462507384,0.685,0.494,1
ALDH9A1,0.004908949411706629,0.20367083171779948,0.757,0.567,1
HDAC8,0.0049095064395877595,0.2595172926151812,0.375,0.222,1
ZNF891,0.004922800733450197,0.29020205498308016,0.231,0.117,1
ATP5F1E,0.004957007590249561,0.29412896215977297,0.794,0.611,1
DYNC1H1,0.004988786444990368,0.45913168092784185,0.268,0.15,1
FAM53C,0.004990202232325882,0.2323529754965299,0.328,0.189,1
NEMF,0.00501943306964043,0.3209531889563212,0.604,0.417,1
CNOT8,0.005031978549535251,0.23261275188507935,0.878,0.728,1
CEP290,0.005041687025477585,0.3498674641625903,0.423,0.261,1
TASOR,0.005057026528136827,0.3092191866749175,0.645,0.461,1
LZTS2,0.005073514710382234,0.26703078178823536,0.54,0.344,1
LRRC8D,0.005109615259454118,0.21911572925187328,0.392,0.239,1
CWF19L1,0.005112809252628654,0.21133386640970175,0.344,0.2,1
AC073111.4,0.005127332827485604,0.35024705904909825,0.392,0.233,1
EBAG9,0.00512862716245453,0.2486183763172855,0.577,0.378,1
ELOA,0.005142764001111697,0.3908072254510243,0.625,0.461,1
TAF1C,0.005147980059761648,0.2632128498170523,0.501,0.322,1
ATP5F1C,0.005175260366299538,0.2669535331771926,0.454,0.289,1
LRIF1,0.005185303881442258,0.23773177266358125,0.262,0.144,1
TNKS,0.005186161864152217,0.3991175532524948,0.602,0.411,1
TUT1,0.005186859929347313,0.2507353793241247,0.268,0.144,1
NAGLU,0.005223939202972015,0.28065576969843276,0.503,0.322,1
ZC3H13,0.005264054125682899,0.2794574249701114,0.491,0.311,1
PLAGL1,0.005298349157088032,0.263991977446258,0.643,0.439,1
NDUFAF7,0.005309981492160873,0.28935938950241913,0.439,0.278,1
USO1,0.005311723419759703,0.26119469247133137,0.561,0.372,1
PMVK,0.0053231239814174386,0.30517914559389003,0.606,0.417,1
TRMT5,0.005324723807701745,0.31263630569741485,0.247,0.133,1
EPS15L1,0.005338659595332448,0.31434385983893753,0.682,0.478,1
SIMC1,0.005340540997903768,0.276907451446768,0.419,0.25,1
FGFR1OP,0.005341035096512926,0.39834802247735834,0.336,0.2,1
PAN2,0.005341661250600476,0.3544828620272247,0.596,0.4,1
FAM217B,0.005342825490969083,0.28272676063434377,0.249,0.133,1
TMEM263,0.005346781298538207,0.29071715675953247,0.691,0.489,1
HIPK1,0.005349359972947241,0.2358332099877091,0.631,0.444,1
ESF1,0.005354465288554243,0.2400921788230994,0.604,0.422,1
TNFAIP8L1,0.0053580656550036194,0.2019251066247203,0.305,0.172,1
MRNIP,0.00536151346465638,0.3467184495079628,0.658,0.45,1
ZNF19,0.005389194033752453,0.28698260061076253,0.299,0.167,1
TRIM44,0.005389898042451048,0.33955059875824695,0.802,0.611,1
DEXI,0.005404032350893339,0.27431157420358687,0.431,0.267,1
AVEN,0.0054136076761307685,0.20493640869552243,0.48,0.3,1
CDKL5,0.0054275048713016685,0.5540304525125124,0.229,0.122,1
COX18,0.005431921004838068,0.36779810605360996,0.313,0.183,1
FMC1,0.005432823850296176,0.41685445745209826,0.282,0.161,1
USP43,0.005436534289570693,0.21123366026204637,0.322,0.183,1
PMFBP1,0.00545750382615385,0.49959796715779703,0.223,0.117,1
MST1,0.005460622739002229,0.33844338530252305,0.235,0.122,1
TRMT10A,0.005475254990098594,0.4688876855847317,0.243,0.133,1
STRBP,0.005478375174757973,0.2708182945525868,0.709,0.528,1
PRR7,0.005484749237317365,0.40900375889239093,0.202,0.1,1
LRRC40,0.005493525398972815,0.298008234403656,0.526,0.328,1
PSMB8,0.005510474155908957,0.24310648151541803,0.86,0.75,1
NEU3,0.005539681397443325,0.2284796686390833,0.245,0.128,1
C1orf174,0.005553171007502767,0.37345941703465835,0.518,0.356,1
ZNF274,0.005567661540937432,0.28479661908248,0.4,0.25,1
TMEM39A,0.005569792758998668,0.303107021331395,0.456,0.294,1
TUBB4B,0.0055737687450593786,0.3117159261694456,0.711,0.528,1
ME2,0.005575936312078985,0.291397996352189,0.555,0.361,1
PKD1,0.0055848715881051305,0.39086419565709085,0.357,0.217,1
RIOK1,0.005586828491647992,0.2579922369794876,0.377,0.222,1
IFT20,0.005602812967603343,0.2798246025203201,0.614,0.411,1
ITFG1,0.005607899441532062,0.2647831662745562,0.726,0.55,1
S100A16,0.005625060846994242,0.29696158491410696,0.882,0.772,1
SEMA3C,0.0056523245768125095,0.21939743525346037,0.724,0.522,1
FOXA1,0.0056763667069392645,0.36163247760633976,0.332,0.194,1
MEPCE,0.005677909738960544,0.2939580322640619,0.532,0.35,1
ZDHHC2,0.005693696807471769,0.3289975948119259,0.365,0.222,1
YIPF5,0.005704248383552824,0.2661153494942756,0.381,0.239,1
SLC15A4,0.005711039003494275,0.29249057269050427,0.433,0.272,1
ATL2,0.005718525963168293,0.2889947415553913,0.538,0.35,1
FIG4,0.00573343495763887,0.5625659065234285,0.247,0.139,1
FAM193A,0.005744119546565075,0.3051626070879083,0.441,0.278,1
PLCB3,0.005745982115087664,0.2096273550821467,0.732,0.556,1
RNH1,0.005747878152618307,0.23639735136734769,0.678,0.489,1
PLCB1,0.005760786872672591,0.2720447018901999,0.324,0.189,1
ALKBH5,0.005781971078093292,0.20050512787899516,0.627,0.422,1
NDUFS1,0.005798173487896643,0.25309974736796936,0.662,0.478,1
GHDC,0.005799097294589728,0.2667280579494654,0.489,0.317,1
METAP1D,0.005804714642499913,0.5577449239568191,0.212,0.111,1
MED4,0.005812217178134515,0.3232292457669557,0.693,0.489,1
SHKBP1,0.005824925365458529,0.22484848116832057,0.534,0.333,1
BTBD1,0.005841331233169885,0.2981395810545585,0.695,0.522,1
SHLD2,0.005845504732169342,0.2163660138251,0.243,0.128,1
CATSPERB,0.005864522631172697,0.3656084810961602,0.262,0.15,1
RPAP1,0.005885285210257509,0.23941739375678428,0.433,0.272,1
TRMT2A,0.005888919564582706,0.2772484572599672,0.563,0.378,1
PRXL2B,0.005908866588324464,0.263486436926583,0.649,0.461,1
PABPC4,0.005927384514015023,0.25269780215200077,0.235,0.122,1
POLR2D,0.005947160421472099,0.34573124817449674,0.26,0.139,1
TPD52L2,0.005954145493788131,0.2396870996112218,0.864,0.706,1
CYFIP2,0.00596798706161613,0.4000918098328079,0.328,0.2,1
DNAJC10,0.005971558423816935,0.3566093404724213,0.456,0.289,1
SNTB2,0.005982709725463813,0.2353276250642508,0.678,0.472,1
ACOT13,0.005983064429530777,0.31964603770626465,0.573,0.383,1
HEMK1,0.005989458648562344,0.2575971837724885,0.54,0.344,1
NAA40,0.005998731559625275,0.2654801000790472,0.373,0.233,1
JADE2,0.0060070887709284745,0.2896934905813755,0.245,0.133,1
WDR83OS,0.006017631464610195,0.30399452014460404,0.79,0.622,1
PIGM,0.006074415858758753,0.46660977741658316,0.221,0.117,1
IDH1,0.006087881031801268,0.20762229539531052,0.515,0.344,1
PRCP,0.006089809405161413,0.42462095671935796,0.26,0.144,1
EMC7,0.006131319875428019,0.25497824105315736,0.713,0.511,1
PI4K2A,0.006137231527149091,0.21263616284364462,0.247,0.133,1
NME7,0.006138257114409108,0.4008044901548491,0.239,0.128,1
HES4,0.006144074612373135,0.21347126201598166,0.485,0.311,1
MKRN2,0.006169139126599713,0.3047785903407727,0.402,0.256,1
COBLL1,0.006173109057742249,0.2783563120070467,0.324,0.183,1
CMC1,0.006182069854981398,0.2184252774989246,0.297,0.167,1
OMA1,0.006195827377978796,0.3255009807257776,0.332,0.2,1
TFB2M,0.006210510320791901,0.34354806199002264,0.233,0.122,1
SERAC1,0.006253185967912261,0.34119452884353496,0.274,0.156,1
SELENOO,0.006264476623316954,0.2427627185392928,0.61,0.411,1
NACC1,0.006278456431523477,0.24765201369714385,0.637,0.444,1
CCDC120,0.00628300918654358,0.27608800401301403,0.27,0.15,1
SRD5A3,0.0063232882897448295,0.32191557178345676,0.309,0.178,1
ZNF197,0.0063400796044726666,0.25464304235375246,0.379,0.228,1
TEX264,0.006372324765773661,0.23917415259875385,0.408,0.25,1
KIAA1143,0.006376779292438155,0.24483930771458162,0.318,0.183,1
ANKRD52,0.006421703809030592,0.2404501321732978,0.6,0.417,1
ERP44,0.006425472794434313,0.2598104488077718,0.59,0.406,1
METTL16,0.0064269764301236485,0.29462398641101784,0.371,0.222,1
MAP3K7,0.006431658796620482,0.26136079394366707,0.643,0.456,1
DIXDC1,0.006433118337688772,0.3207471704682088,0.266,0.15,1
USP28,0.006454953847999751,0.2340008128740032,0.322,0.183,1
HSPH1,0.006466631496307116,0.2946936547622242,0.623,0.45,1
SIK2,0.0064876854551379395,0.3187559982809409,0.497,0.317,1
TMEM102,0.0064950981008385965,0.2587648952360422,0.441,0.278,1
C17orf97,0.006564421134875588,0.3378021119945458,0.291,0.167,1
TTPAL,0.006566613295374753,0.25456154873293024,0.303,0.178,1
HIP1R,0.0065777053953332085,0.2999270045236456,0.627,0.428,1
NANS,0.006584727318466888,0.23397603600466155,0.715,0.522,1
FBXO7,0.006612951951934505,0.23445983390356673,0.54,0.35,1
NDUFS4,0.006637873798688754,0.2011233749066174,0.767,0.622,1
PCK2,0.006645654969930653,0.266435772121127,0.732,0.55,1
RDH11,0.006653230200651362,0.2757979730772089,0.4,0.244,1
RNF113A,0.00667710992005965,0.2546713799373168,0.233,0.122,1
PIGQ,0.0067028017158746725,0.22011101007649336,0.429,0.261,1
CSNK2A2,0.006718892022156718,0.3051317287927844,0.505,0.333,1
UBE2R2,0.006720078620432518,0.22550082884251732,0.635,0.439,1
EFCC1,0.006728820703747314,0.25256179138838997,0.212,0.111,1
NSMF,0.0067383886143546476,0.24551650177341947,0.726,0.539,1
SRSF9,0.006745682088868728,0.28779798218743674,0.736,0.55,1
FN3K,0.006774788363879037,0.3420977135364107,0.301,0.178,1
TAF2,0.006793730458401658,0.29825369037875493,0.553,0.356,1
SSNA1,0.0068013854326650315,0.21816451715690688,0.367,0.222,1
ZBTB42,0.006863962442863148,0.34747343365176375,0.26,0.144,1
SLC4A7,0.0068689128068873066,0.21277371857023897,0.427,0.261,1
ERCC3,0.006872968160450104,0.22940636858487695,0.505,0.328,1
GPS1,0.00687388953336337,0.2893678385322538,0.654,0.489,1
ATP5MC3,0.0069126995691438,0.24330776573656931,0.447,0.289,1
RNF187,0.006939231283876828,0.2338912655531884,0.79,0.633,1
GTF3C3,0.006967525822581312,0.30729524662864804,0.454,0.294,1
SHARPIN,0.007015044604003364,0.26080512199557637,0.784,0.583,1
HIRIP3,0.0070153118734770665,0.3143081758717876,0.365,0.217,1
C11orf95,0.007058708989376764,0.4505118843406073,0.278,0.167,1
MTERF3,0.007059840724657948,0.23300008968315122,0.266,0.144,1
TIMM44,0.007115500261311946,0.2059090090498919,0.654,0.456,1
ZNF7,0.00711917665562781,0.2645336936168765,0.518,0.322,1
HNRNPM,0.0071333790823167945,0.3558860091386844,0.375,0.233,1
GNPNAT1,0.007155839032245956,0.3053579586602515,0.225,0.117,1
RPP21,0.007163506219845943,0.24890066632528268,0.604,0.4,1
RWDD2A,0.007186602437521427,0.4123571105070636,0.219,0.117,1
TSPOAP1,0.007199619930716401,0.31307944147806355,0.355,0.211,1
RSRC1,0.007224852418768774,0.48265859764156027,0.287,0.172,1
HMG20A,0.007232425244358782,0.2116030850675642,0.509,0.322,1
ELP3,0.007250912471946226,0.2572015200607365,0.52,0.339,1
UFM1,0.00726255520869437,0.3479668864898885,0.569,0.389,1
AGPAT1,0.007271598983383183,0.2793188784416072,0.551,0.378,1
BTBD8,0.0073204355226381135,0.37425987314562104,0.373,0.233,1
ANKIB1,0.007349886358773429,0.22897112445931256,0.456,0.289,1
MED21,0.0073501788262871305,0.24217799682099028,0.443,0.272,1
NCOA7,0.0073510443623675086,0.4510049284978267,0.66,0.511,1
NFIB,0.007374642728598924,0.2998105066300051,0.567,0.411,1
NAA20,0.007403527745287116,0.26616361886580253,0.359,0.217,1
AGAP1,0.007412980511101065,0.20487992141544065,0.87,0.7,1
LAMB1,0.007429710286377976,0.21892922386735914,0.825,0.656,1
LRRC42,0.007432504720221979,0.28605582099102356,0.301,0.178,1
CNTLN,0.007463223515648946,0.20342817422774173,0.214,0.111,1
PHF6,0.0074704663594406286,0.32126625056228364,0.365,0.228,1
RBM18,0.007533286024420421,0.28609577890136917,0.394,0.239,1
IMP3,0.007549621842221534,0.22946420587281446,0.524,0.344,1
ATP5F1B,0.007565045680380398,0.21677438971091856,0.775,0.65,1
SRPRA,0.007598318591906445,0.2273539811250181,0.8,0.644,1
UBE3A,0.007613944480874958,0.21013025940854435,0.736,0.528,1
CKLF,0.007616005161292602,0.20259873873009976,0.769,0.589,1
TMEM183A,0.007631270310749038,0.2988749819995302,0.489,0.322,1
ZNF106,0.007632612041471294,0.2483336539494364,0.553,0.361,1
ZNF524,0.007638024236602684,0.35275188167350313,0.377,0.233,1
TMEM62,0.007660201374325767,0.29226846497404635,0.476,0.311,1
ARFIP2,0.007669335820881794,0.3001748840402655,0.695,0.517,1
ZNF830,0.0076769910076163435,0.22751337791821868,0.47,0.3,1
PSMD1,0.007688464585963735,0.2263743923755766,0.691,0.522,1
ARL6IP1,0.007740928188368242,0.25250202472578787,0.379,0.233,1
IQCE,0.007820866370147702,0.24892341769823448,0.685,0.478,1
HYKK,0.007821951194110045,0.39265213038114943,0.212,0.111,1
GPR107,0.007840687767311413,0.2742398702259178,0.736,0.533,1
KHDC4,0.007847893203698815,0.2192027783744147,0.845,0.689,1
ZNF562,0.00785379110892055,0.22197542999008668,0.48,0.306,1
PNPLA4,0.007879424899625532,0.4658116172831632,0.249,0.144,1
GCDH,0.007883467206932419,0.3001840642766749,0.227,0.122,1
AP3S2,0.00789221498695409,0.26294427182951025,0.563,0.383,1
MARVELD1,0.007908136423154357,0.2661383180535891,0.466,0.294,1
CCP110,0.007918825374526199,0.2781673143519181,0.303,0.178,1
TMEM134,0.007948390621390706,0.3222177481345898,0.631,0.45,1
CLCN3,0.007960510452551684,0.27379259063381245,0.775,0.622,1
WIPI2,0.007963600992406469,0.3471878498103689,0.726,0.544,1
NPRL3,0.007970923546553994,0.3508661617395017,0.219,0.117,1
CSAD,0.00798235682626188,0.3074742764416494,0.697,0.511,1
AARS,0.00800054495367765,0.31139511233694694,0.293,0.172,1
H6PD,0.00800957209405515,0.306076005995799,0.338,0.2,1
CHUK,0.008119818878409147,0.24817906010559143,0.495,0.317,1
PTGDR,0.008131501275911697,0.31062183495924,0.328,0.194,1
DHX29,0.008145388523617184,0.3088075410794784,0.408,0.267,1
PAK2,0.00814737908885986,0.25841293796351406,0.371,0.228,1
PRKAG1,0.008153247611186033,0.277021007976624,0.406,0.25,1
RNPEP,0.008167181228192193,0.2430029879935196,0.654,0.444,1
KIF21A,0.008167245716266598,0.23887352175159227,0.348,0.211,1
RPA1,0.008181142008510554,0.24212005643233447,0.361,0.217,1
MRM1,0.008190942890892207,0.24902248135616922,0.295,0.167,1
ZNF182,0.008223532873812391,0.2611023538882249,0.295,0.172,1
HEXIM2,0.008241362725789583,0.2635097603892542,0.227,0.122,1
SOCS4,0.008257018110549082,0.334152312893668,0.53,0.361,1
TPRA1,0.00827144869136483,0.2849017258959551,0.48,0.322,1
FBXW5,0.008320261978338277,0.20722950774364834,0.691,0.467,1
PLCXD1,0.008334213360371674,0.21898524364617833,0.4,0.244,1
SEPTIN8,0.00834832245810637,0.24147484461163463,0.608,0.411,1
ANKRA2,0.008350505547171348,0.3024578653476153,0.546,0.372,1
DOCK6,0.008354324246682279,0.28957892383854145,0.695,0.522,1
PALLD,0.008397677761959281,0.2672975219695547,0.643,0.461,1
ZDHHC5,0.008446185522133125,0.2966985936760078,0.33,0.2,1
PHF20,0.008454707136288871,0.21890086001272935,0.307,0.183,1
MBD3,0.008477269112574078,0.2361659938546586,0.633,0.433,1
MBOAT2,0.008494025027194037,0.21161921940042294,0.441,0.283,1
MED17,0.00852230936661042,0.24528448315877405,0.509,0.328,1
COA8,0.008587519958294505,0.22015675444720084,0.491,0.322,1
DDX55,0.008594631919846118,0.35695069646721134,0.518,0.35,1
MAP2K4,0.008595319365592657,0.28728808735439304,0.365,0.228,1
ZSCAN30,0.008607106351645964,0.2064063239322782,0.462,0.294,1
BRD3,0.008668961529879275,0.4121382127321652,0.596,0.411,1
KDF1,0.00867062444576809,0.2447708344470545,0.212,0.111,1
CCDC82,0.00869845806532514,0.2137850666209597,0.668,0.478,1
GEMIN6,0.008712133748459852,0.41779399265601347,0.241,0.133,1
PDRG1,0.008746081750037776,0.24133923700339888,0.348,0.211,1
HELZ2,0.008846590382956068,0.32414370310790774,0.256,0.144,1
ZNF234,0.008853305664867092,0.256049585717514,0.264,0.15,1
DNAJB11,0.00890579701767522,0.20241856571738423,0.738,0.556,1
FNTB,0.008930645505516706,0.39732450912349915,0.237,0.133,1
R3HDM2,0.00898751448456794,0.240776953549508,0.509,0.333,1
JMJD8,0.009022197059461714,0.28456742613677477,0.431,0.267,1
STUB1,0.009053783925710558,0.23287295440140787,0.8,0.689,1
ALYREF,0.009071457477638947,0.336894004364253,0.239,0.133,1
HOOK2,0.00909446234601712,0.3133853117478579,0.678,0.5,1
EIF4G1,0.00919592372627319,0.2726670417631472,0.586,0.411,1
NDRG2,0.00920155337521003,0.21292402540510896,0.639,0.467,1
SAYSD1,0.009214730568449394,0.2696254422703568,0.353,0.217,1
MAGOH,0.009327389542338572,0.23654308152911208,0.412,0.256,1
NUDT16,0.009345339433002071,0.2276098199458358,0.705,0.511,1
TMEM101,0.00937109939730565,0.30740780123348865,0.402,0.261,1
SAC3D1,0.009374714226185672,0.32528148313345673,0.237,0.133,1
FBXO28,0.00938398906580124,0.26222251022929227,0.602,0.411,1
TRIM28,0.009389698795164802,0.2520587072862719,0.365,0.222,1
OARD1,0.009402256014830657,0.2923788965091944,0.641,0.483,1
DAPP1,0.009456410372132107,0.3807652585682815,0.361,0.228,1
UEVLD,0.009516276563962825,0.2621952998495118,0.573,0.389,1
BBS1,0.00955028899938858,0.2984725165288007,0.384,0.244,1
CLRN3,0.009550399383631425,0.21101877110772815,0.814,0.689,1
PDIA5,0.009558110508448053,0.27559677642705194,0.623,0.439,1
SLAIN2,0.009576263993888477,0.27993688682168094,0.476,0.311,1
COQ2,0.009579369567229302,0.2304394146105484,0.454,0.289,1
RFXANK,0.009595734711316847,0.28929622019169376,0.466,0.306,1
METTL9,0.009596996272382018,0.2781483615324452,0.738,0.594,1
UBAP1,0.009618667463797184,0.25972131190587744,0.295,0.178,1
VIRMA,0.009621249593719863,0.28099318961129294,0.449,0.294,1
AP002495.1,0.009630806942723918,0.21775173267639447,0.307,0.183,1
SFXN5,0.009632817977280566,0.26728576235734947,0.243,0.133,1
SLC25A13,0.009644128306544632,0.21036124977594983,0.598,0.406,1
TTC1,0.00966713700892287,0.20263686924876204,0.647,0.433,1
EIF4G2,0.00971679418659575,0.33311144690583117,0.443,0.294,1
PRRG2,0.009734321943197512,0.22119522084578058,0.239,0.133,1
TRMT13,0.009741711360527245,0.2289967777833929,0.596,0.417,1
MST1R,0.009747615431590053,0.313079060445671,0.707,0.539,1
VTA1,0.009750608622095064,0.22424452500701708,0.353,0.222,1
TMED9,0.009756147368134785,0.216241975089833,0.866,0.739,1
ABHD15,0.00976942064285353,0.28722023416294795,0.412,0.261,1
INIP,0.009781021389049667,0.23140930190881326,0.27,0.15,1
ST6GAL1,0.009785860603348332,0.24026455763517285,0.433,0.278,1
MAN1A2,0.00983095019926594,0.2163878578189351,0.361,0.228,1
PIK3C2B,0.009832674325441236,0.20749600471960053,0.687,0.511,1
NAPG,0.009902133223632216,0.23721025537473506,0.462,0.306,1
TENT4B,0.009961228673723805,0.23070458620598955,0.435,0.278,1
ZFP90,0.00996442757583081,0.2649373889492246,0.241,0.133,1
ZNF282,0.01005547702371827,0.24967091711755063,0.548,0.367,1
ALPK1,0.010115914585311553,0.23673146702252734,0.437,0.278,1
FCF1,0.01019001821466936,0.3684909766257425,0.237,0.133,1
CUL1,0.010197464676791413,0.3640313407837528,0.53,0.378,1
ANKRD42,0.010205526812243498,0.274087082981755,0.243,0.139,1
BBS9,0.010277643518253173,0.24146257395950688,0.32,0.194,1
WFDC1,0.0103680110960544,0.20663064501112327,0.318,0.194,1
USP24,0.010391706745405755,0.26189387925052626,0.553,0.378,1
VMAC,0.010436797346289314,0.33502320007401165,0.421,0.272,1
AP3M1,0.010459482676066298,0.29497990030870325,0.355,0.222,1
INTS5,0.010466569997722915,0.2851381283303134,0.245,0.139,1
NCBP2AS2,0.01048378595268591,0.28135681496932663,0.524,0.35,1
PKN2,0.010527310850100953,0.24441484848966252,0.612,0.422,1
YY1AP1,0.010599208211442845,0.29402015668242015,0.588,0.406,1
INTS7,0.010650740708659708,0.25741434551324394,0.546,0.367,1
CC2D1A,0.010694151960829082,0.30000377306941906,0.845,0.706,1
VPS25,0.010753251476032994,0.20360369108266044,0.726,0.55,1
TARS,0.01075643774774786,0.25464900339596586,0.348,0.217,1
COX6B1,0.010771465282440362,0.28634293484638446,0.699,0.517,1
CLCN7,0.010773040460695625,0.24124974094016194,0.509,0.328,1
EIF4E,0.010787995317444824,0.3225654042804672,0.528,0.361,1
AMD1,0.01084346540440491,0.3250743704899305,0.485,0.322,1
LSM10,0.010849679445782872,0.24282612388071478,0.336,0.206,1
NDFIP1,0.010851944621786432,0.20248131665311686,0.786,0.606,1
STX5,0.010896380555083955,0.3073033425521946,0.575,0.4,1
FKBP8,0.010898309415897285,0.2370587627035594,0.847,0.65,1
SCAMP4,0.010918629616981201,0.27978130593708667,0.701,0.528,1
WDR45B,0.010925816724221491,0.29425742240018327,0.672,0.528,1
RAB27B,0.011001754683903782,0.3548937006738393,0.357,0.222,1
ZNF266,0.011006631621300096,0.33612802345672954,0.487,0.333,1
MRI1,0.011015888664954033,0.2644878340600013,0.538,0.367,1
RAP1GAP2,0.01110168054955828,0.23165200241390038,0.464,0.289,1
GYG1,0.011114713076205075,0.32553827190858975,0.243,0.139,1
RAMP3,0.011148078473428235,0.3552506912228901,0.241,0.139,1
CHMP4C,0.011165949489619997,0.33388105812405144,0.548,0.383,1
UBE2Q2,0.011191135277948275,0.2617101225801133,0.524,0.361,1
SUOX,0.011239905825422062,0.22094751745762786,0.565,0.383,1
BCL7C,0.011323136348623418,0.20209785198286667,0.565,0.378,1
NOP10,0.011331966748330412,0.2921292330084997,0.344,0.217,1
BABAM2,0.011344511369375919,0.23549555154442348,0.373,0.233,1
DUSP7,0.01138339429732718,0.22791356117108963,0.266,0.156,1
RNF34,0.01142948687402658,0.25867018333561553,0.252,0.144,1
POU2F1,0.011470216582387808,0.3198195549718643,0.311,0.189,1
FNIP1,0.011479788174808003,0.23717183031266187,0.728,0.544,1
SPIRE1,0.011557027242921741,0.3112949358826471,0.363,0.233,1
TWF1,0.011560290037001725,0.2806733207766212,0.276,0.161,1
CCNG1,0.01156614761018815,0.35119363678537757,0.567,0.422,1
PIP5K1A,0.011590751566783526,0.23754995775649285,0.637,0.439,1
UBQLN1,0.011667484988498917,0.21285699366077848,0.315,0.189,1
CHPF,0.01168175033216068,0.21140996748905377,0.666,0.467,1
ABCB7,0.011696377784695086,0.20218037232873332,0.491,0.328,1
SOX18,0.011745272772119548,0.2923779790456411,0.254,0.144,1
PSIP1,0.01176652031858883,0.2350990645162796,0.303,0.178,1
PXMP4,0.011768695013617473,0.20164600175976766,0.351,0.211,1
CNTN3,0.011914098310075925,0.4433139305368894,0.235,0.133,1
NOL6,0.01192050120028884,0.30604025864045137,0.334,0.206,1
DIS3L,0.011930278267664178,0.3123383861665452,0.419,0.267,1
COG6,0.011949231772974285,0.36507850858119784,0.318,0.194,1
GNPAT,0.011973493684760073,0.2738356892942646,0.348,0.217,1
TM2D2,0.01199037999434909,0.25459844916554886,0.509,0.339,1
SMYD4,0.0120254791313272,0.23914504834743822,0.384,0.244,1
NUDT9,0.012059847598665498,0.3121020501881463,0.526,0.361,1
ZC3H7A,0.012113289436872142,0.21568057084334114,0.427,0.272,1
KDELR1,0.012204627487693532,0.34515893415377175,0.351,0.222,1
STARD10,0.01223550324073582,0.2045252353328746,0.893,0.761,1
ACAD10,0.012237495911862838,0.24839256587677405,0.439,0.283,1
GIGYF1,0.012381319358376153,0.3168872529089305,0.643,0.467,1
LAMC2,0.012398868228574078,0.24540750701142677,0.447,0.3,1
TPM2,0.012432198564900384,0.2847407778220603,0.847,0.694,1
HSF1,0.012453203694674434,0.21032946354383328,0.742,0.567,1
PLEKHH3,0.012457690066609973,0.3273044689832376,0.398,0.256,1
MPV17L2,0.012464586993759262,0.26390422851308015,0.252,0.144,1
RNGTT,0.012489223619020075,0.22939118599706254,0.507,0.333,1
RHOB,0.012506636157722592,0.24043838641420168,0.761,0.6,1
PCM1,0.012513501729105876,0.23282242489368704,0.742,0.594,1
CALM1,0.012555427174891,0.21552748960569534,0.26,0.15,1
CREB1,0.012603415390962701,0.27554015079108807,0.567,0.394,1
GTF3C6,0.01260532136736874,0.34369030503432363,0.406,0.267,1
TTC19,0.0126298288672544,0.3246838604386614,0.668,0.539,1
NKRF,0.012678802899306226,0.2125251218478994,0.313,0.183,1
ATF6B,0.012800957376890094,0.20326366209564362,0.816,0.672,1
LIN7B,0.012831491177257407,0.3103465273005743,0.332,0.206,1
FAM122B,0.012987199772234583,0.23670796035911504,0.676,0.511,1
MYEOV,0.01311611897893072,0.41852818147704673,0.353,0.228,1
SRSF11,0.013134524807440212,0.3008522186898831,0.709,0.511,1
GNE,0.013162771210539726,0.37432431369035113,0.594,0.433,1
USP9Y,0.013169689717110022,0.318841008192857,0.258,0.15,1
TMEM106B,0.013218638949201137,0.345933817902165,0.703,0.544,1
TRAPPC6B,0.013253375010015627,0.21142502839969024,0.499,0.333,1
ERCC1,0.013281356970528914,0.2596101145147478,0.689,0.517,1
CDK12,0.013285561074319675,0.2732408302828601,0.616,0.439,1
ALG14,0.013290479657880086,0.23435751596944465,0.398,0.256,1
DPYSL3,0.013388690975951332,0.35234691967853804,0.256,0.15,1
HEBP2,0.013496375205647055,0.24814183138065424,0.6,0.406,1
SUGT1,0.013540470105496211,0.2693462805032897,0.658,0.494,1
SLC30A9,0.013629829175748684,0.2447375417257618,0.674,0.517,1
R3HDM4,0.01363613769424156,0.2878154518424315,0.649,0.489,1
TOB2,0.013672694617169858,0.2237589159908856,0.553,0.383,1
RAP2A,0.013869483775178803,0.2471517739668688,0.652,0.45,1
C11orf71,0.01387295798597034,0.2366978936792652,0.478,0.306,1
KCNC4,0.01390517282672,0.36882126732566345,0.367,0.233,1
NT5DC1,0.013979140204307926,0.2591442320631435,0.586,0.411,1
PSMC5,0.014002529735411265,0.3127154979639552,0.699,0.556,1
ANXA7,0.014081353220407595,0.2530654720447035,0.738,0.583,1
ALDH16A1,0.01411784344481285,0.20126367268380618,0.474,0.317,1
VCL,0.01416560901036659,0.2154757331447649,0.73,0.578,1
SLC17A9,0.014218385076075818,0.28078964639773596,0.315,0.2,1
PHTF1,0.01424299059236869,0.28463212147861405,0.392,0.256,1
ST5,0.014249414878542406,0.22803080488948352,0.724,0.561,1
SUPT20H,0.014309353343836293,0.20772353541757937,0.46,0.3,1
TRAPPC1,0.014449104105081833,0.21912237372577592,0.548,0.367,1
OXA1L,0.014527481952656261,0.20887438512608958,0.565,0.389,1
HMBOX1,0.014547134161435602,0.20558448690958653,0.649,0.478,1
IGFBP4,0.014604616307825544,0.20010334869057855,0.889,0.772,1
CPNE1,0.014613202017026832,0.29869084659565215,0.73,0.572,1
METTL6,0.014685261990696107,0.22431722452585534,0.309,0.189,1
USP19,0.01473954063852859,0.2410687567392614,0.664,0.489,1
IGBP1,0.014802112406170303,0.24223414992341608,0.515,0.339,1
EXOC6,0.014871349732551402,0.2571876768296637,0.47,0.317,1
L3MBTL1,0.01488731669369407,0.33416551579713216,0.272,0.167,1
RBL1,0.014900641999419607,0.32448980288563734,0.297,0.183,1
ARHGAP12,0.015041909542438572,0.2252321286281498,0.703,0.511,1
IDNK,0.01513122480092893,0.23168382047295988,0.285,0.172,1
MFSD11,0.015168050966762561,0.24122912773332694,0.427,0.278,1
KDM1B,0.015232558029545514,0.22040440491539132,0.592,0.422,1
MED9,0.015339574873928574,0.2088652287397419,0.34,0.211,1
ATP5MG,0.01542017032751273,0.2114710216341152,0.699,0.5,1
YES1,0.015438254576725718,0.27629211099323775,0.649,0.489,1
MAPK8IP3,0.015442467655485221,0.20323365284177153,0.849,0.667,1
DNMT3A,0.015445115285123844,0.2838260244163324,0.53,0.361,1
TMEM201,0.015490052418171623,0.20185000690321298,0.252,0.144,1
ZFP62,0.015601646337423699,0.3297037280043796,0.567,0.411,1
HECTD4,0.015697067140157034,0.26887263003383044,0.462,0.3,1
SLC52A2,0.015755955612069567,0.3622096655470855,0.619,0.439,1
CYHR1,0.015829899185089584,0.252523409207688,0.581,0.389,1
NOXA1,0.015849402959374686,0.2030109719140382,0.664,0.478,1
PFKFB2,0.01599224639077659,0.24131112256353793,0.687,0.561,1
KIFC2,0.01602099501925795,0.2030122036794404,0.771,0.589,1
NUP210,0.016027976186176796,0.373409050933474,0.245,0.144,1
ATP2B4,0.016103587835323164,0.32010071106464,0.561,0.394,1
ZNF561,0.01614438362384129,0.2633784787502811,0.449,0.294,1
PAXX,0.016187221281264152,0.23070490320926396,0.794,0.628,1
SESN1,0.016250533790834302,0.25170618580633475,0.449,0.3,1
SF3B1,0.016277663931588793,0.20962496774116737,0.687,0.478,1
MAD2L1BP,0.016291278267314444,0.20234633694902604,0.456,0.294,1
SYTL1,0.016312565274949727,0.2046040624110197,0.474,0.311,1
PPP2R1A,0.016379117475140034,0.24691895084862647,0.33,0.206,1
CYP51A1,0.016404732866801688,0.23106861244613608,0.338,0.211,1
CISD2,0.016487773050708705,0.2519298286067453,0.433,0.278,1
UTP23,0.016580962457260973,0.23441284517834737,0.433,0.283,1
GPN1,0.016590609637113483,0.24252353205226185,0.336,0.211,1
RGS5,0.01660925674023883,0.2278002210203235,0.359,0.239,1
NFE2L2,0.01666465382765893,0.23539205962255594,0.788,0.639,1
NUCB1,0.016769340810039737,0.23777809683424123,0.821,0.661,1
SAFB,0.016827259796519067,0.20344971942310175,0.895,0.789,1
ZNF589,0.01686028417975829,0.20034353620369494,0.41,0.267,1
POLI,0.01688759671241157,0.3058500604938531,0.452,0.3,1
LRRC47,0.016910499147073748,0.23533206607473484,0.734,0.589,1
FXYD5,0.01701363501459921,0.2307562103166056,0.577,0.4,1
LNX1,0.017027155852846525,0.21316833963264847,0.425,0.283,1
CARHSP1,0.01713445751535281,0.28734098844249123,0.598,0.433,1
TNFSF13,0.0171584388727692,0.22471809707303403,0.753,0.611,1
PEX6,0.01719388484397094,0.23827628943099932,0.365,0.233,1
LDLRAD4,0.017235289562233202,0.29116319822023384,0.33,0.211,1
RBPJ,0.01728344994470836,0.30132473183064135,0.291,0.183,1
C4orf3,0.017307005414837557,0.23895150614377003,0.542,0.367,1
CDRT4,0.01741037449286744,0.2924792422427357,0.499,0.339,1
TIMM29,0.01747516347684735,0.2867574272667286,0.344,0.222,1
HAGHL,0.017524651709138053,0.34631774787259384,0.307,0.194,1
POLR2K,0.01770112675337627,0.2731899087076534,0.542,0.383,1
FUBP3,0.017759893377591738,0.22034959732590564,0.464,0.306,1
KAT14,0.017809964208733733,0.24602791737896124,0.47,0.306,1
U2AF2,0.01794368051485592,0.23820464022240406,0.4,0.267,1
SLC35E1,0.01803348962430975,0.2524626773060399,0.462,0.3,1
AKT2,0.018153414153049115,0.22716255376460784,0.666,0.494,1
LACTB2,0.018176013591009683,0.30392587565653295,0.54,0.378,1
BBS2,0.018242511465744942,0.2735442015661751,0.482,0.322,1
SZT2,0.018316042240351018,0.24723340602917654,0.388,0.256,1
FAR1,0.018327078840540634,0.25741013393753787,0.693,0.539,1
C12orf43,0.018377657107476054,0.23372642722866277,0.299,0.183,1
AP4E1,0.018401710168556018,0.25929572439317483,0.305,0.189,1
TSEN34,0.018520311265443883,0.2539064428991107,0.28,0.172,1
RABL3,0.018600355528923813,0.21492945990439405,0.396,0.256,1
ZNF623,0.01862650021029569,0.23851573382362612,0.53,0.35,1
SLC4A1AP,0.01868834754103319,0.20111057383505573,0.689,0.483,1
DPY19L3,0.018746535547963596,0.36768106257054356,0.342,0.228,1
ZMAT2,0.018790748078658753,0.24296409895258544,0.738,0.583,1
HCFC1,0.01906274649988569,0.273486489957136,0.454,0.3,1
SLC35A4,0.019075482879974882,0.25106306995983096,0.645,0.456,1
GPR35,0.01918059203218618,0.2357588138708125,0.575,0.394,1
TMEM203,0.019192937477735247,0.24894976397318946,0.456,0.3,1
EXOSC9,0.01955231928749982,0.23879356176986544,0.46,0.311,1
ATP2C1,0.01971865239697291,0.20790796401757367,0.767,0.617,1
HMGXB4,0.01972032445900082,0.23543943697178404,0.532,0.361,1
ATXN2L,0.019756851952813986,0.24322467767339395,0.588,0.417,1
GTDC1,0.019774988408321818,0.22416851124959614,0.256,0.156,1
DOP1B,0.019872060450986877,0.2010438440228659,0.381,0.244,1
DRAM2,0.01994708923767523,0.33449779448628414,0.534,0.372,1
KDELR2,0.019952159375664136,0.26593198279510044,0.551,0.383,1
ZNF384,0.019972374830937698,0.2472460962183856,0.621,0.45,1
NUCB2,0.020509914959838886,0.24170995686813024,0.351,0.222,1
MKS1,0.020819072762151856,0.2285686857991025,0.254,0.15,1
GNG10,0.020869004246086162,0.2102450112921217,0.309,0.194,1
RARS2,0.020992069112243498,0.23491486207216597,0.662,0.5,1
NCKIPSD,0.0210240908804206,0.22132262434869487,0.468,0.322,1
STXBP5,0.021029007002174607,0.25477180661493976,0.645,0.472,1
NTAN1,0.021039164012415144,0.31995456601153105,0.299,0.189,1
TTC13,0.02106338055992763,0.2080809436609552,0.497,0.339,1
INTS6,0.02117509332948654,0.20500534058059583,0.414,0.272,1
MTG1,0.02118677279225714,0.2388764282903545,0.769,0.617,1
TMEM205,0.021194591147875166,0.2362296746777961,0.353,0.222,1
MTOR,0.021421769422418552,0.21120367583129307,0.581,0.411,1
ADPRHL2,0.021430173125405013,0.2164505480509029,0.48,0.317,1
NDUFS7,0.021551642648502387,0.21442736349241048,0.662,0.494,1
PYGL,0.02158382534001863,0.2596132108832212,0.365,0.244,1
SWI5,0.021872305209516257,0.3448841353682872,0.305,0.194,1
CRAMP1,0.021986248775212904,0.25840682093781675,0.534,0.367,1
NUDT2,0.022011281165778874,0.2394290763785809,0.472,0.311,1
GLI4,0.022046191871699723,0.2658070727093593,0.48,0.328,1
RNF114,0.022146044799855644,0.20229438423462542,0.682,0.5,1
PEX11A,0.02223439871139424,0.23139333637268422,0.491,0.339,1
GALNT2,0.022242737870272984,0.2918792969761437,0.359,0.239,1
RUFY2,0.02238961958397899,0.2118520021182475,0.643,0.472,1
HTT,0.022528855147882235,0.22416727541004416,0.763,0.622,1
IDH3G,0.0225722057541485,0.2105669074968617,0.606,0.433,1
TGFBRAP1,0.02266671557561145,0.23077087107540617,0.394,0.261,1
NDUFA3,0.022676868628768783,0.20777789873510832,0.831,0.717,1
NAB1,0.022783713313896614,0.22723647141051398,0.619,0.45,1
ABCF1,0.023385482289644197,0.21633691358604668,0.664,0.489,1
NIPA2,0.023613297057785223,0.2888389901625812,0.553,0.389,1
ARID1B,0.023658575147729326,0.25883555580389156,0.577,0.422,1
TSPAN15,0.023818333859453412,0.20661147169921268,0.775,0.611,1
RASD1,0.023839136445265904,0.24983344726065604,0.301,0.194,1
ACSS1,0.023995827905780993,0.2041279510266248,0.596,0.417,1
HELB,0.024036798062628376,0.20446162939653,0.445,0.3,1
OXLD1,0.02404730040317061,0.2421505488002389,0.538,0.361,1
EIF2B5,0.02410022625640454,0.218343310767082,0.602,0.422,1
CCDC61,0.024219785718697207,0.2965787444737109,0.324,0.211,1
SIX5,0.024318522278888578,0.21944836318206207,0.365,0.239,1
ST6GALNAC1,0.02463403013350483,0.28529095984734715,0.699,0.561,1
ZNF550,0.024929907555960213,0.217365051394397,0.297,0.189,1
C5orf24,0.025028215796136764,0.29055843115875035,0.408,0.267,1
AKIRIN1,0.025078871859921026,0.2789612170050991,0.456,0.306,1
ZC3H4,0.025218704699474882,0.24631451131308443,0.649,0.483,1
DCP1A,0.02560077829353997,0.20523307245457245,0.581,0.411,1
LARP1B,0.026076006691022266,0.3009560484867928,0.542,0.378,1
PRMT2,0.026140231681104773,0.2736522966391412,0.643,0.461,1
DCXR,0.026585781832068906,0.20257636574060375,0.598,0.439,1
RNASEH2C,0.02744872791512712,0.33486653332163463,0.482,0.339,1
MED23,0.02765865838887479,0.25496304227324096,0.633,0.472,1
HDLBP,0.028035166570354292,0.2320545083736053,0.833,0.722,1
ABTB2,0.028376809795873075,0.20444689639396985,0.318,0.211,1
RHOT1,0.028715289807448696,0.2786922474690542,0.538,0.383,1
WRNIP1,0.02903081687927481,0.2154873333620213,0.6,0.422,1
ELP2,0.029270851836983868,0.20830190711070495,0.579,0.428,1
OST4,0.029300977180787075,0.20403821549904255,0.315,0.206,1
NVL,0.029432924889917788,0.2434354197530222,0.334,0.222,1
FBXW2,0.029728895945546882,0.2295709270422756,0.718,0.583,1
CLPP,0.029950768308371258,0.27720194815801014,0.371,0.244,1
CSNK1G1,0.030000186241679112,0.22907213897990397,0.39,0.261,1
TYSND1,0.030717675704342886,0.27885053891029965,0.489,0.339,1
SLCO3A1,0.03072673863465105,0.22632261508665952,0.268,0.167,1
GOPC,0.030939965296144987,0.26398090564261795,0.672,0.517,1
SNIP1,0.030997396068007714,0.22547115447191168,0.287,0.183,1
MAP3K8,0.031042216847892778,0.26785555375903214,0.346,0.233,1
RSU1,0.031524356189183186,0.20446666592811047,0.468,0.322,1
ZNF275,0.03197130726269281,0.22369763031924328,0.315,0.211,1
VDAC1,0.0320495013579565,0.2691454508034713,0.513,0.372,1
COMMD7,0.032930114555161184,0.2227010007957153,0.468,0.317,1
DPH1,0.033315504350022986,0.20544366042872042,0.408,0.272,1
MFN1,0.03341206929614277,0.21799425931823663,0.777,0.622,1
MTA2,0.03376994338330007,0.2455964596608909,0.73,0.561,1
CUL3,0.033798648761483543,0.21376583344633812,0.689,0.539,1
HPS3,0.03385510970328845,0.28728450610889034,0.509,0.361,1
CCNK,0.033936915364872186,0.24849289614044034,0.779,0.661,1
ATPAF1,0.03402491400368355,0.2583006489108822,0.604,0.422,1
LTN1,0.03413219834356028,0.3022774243044485,0.466,0.333,1
TPP2,0.03440067391351464,0.22243403446494495,0.641,0.494,1
C19orf47,0.034915484348434236,0.20815434669999133,0.381,0.261,1
TATDN3,0.03526875583832544,0.2499873337148213,0.305,0.2,1
LEPROTL1,0.03555444295954445,0.22558454909361253,0.662,0.494,1
CCNY,0.035669443656117863,0.20607340294740373,0.526,0.367,1
GLRX5,0.036055778961697454,0.24460922034605453,0.668,0.528,1
HK1,0.03642044744597331,0.24509317524909824,0.794,0.661,1
NSFL1C,0.0365717505968468,0.2339406849101613,0.625,0.456,1
RANBP9,0.036803229908923075,0.21856398232963387,0.759,0.594,1
CHMP7,0.038294951141362395,0.20034222075104036,0.614,0.439,1
HTRA1,0.03842723149958897,0.23064786071564414,0.295,0.189,1
FOXP4,0.03929717208576203,0.2153888518715139,0.452,0.306,1
SRP72,0.040093181223148616,0.23241698257108623,0.458,0.322,1
GK5,0.04089735483034203,0.23178493450091397,0.515,0.378,1
TP53BP2,0.04175002886307523,0.20290741557198744,0.503,0.361,1
TMEM234,0.04374566418775904,0.229371419167322,0.616,0.444,1
CRKL,0.044314736089735775,0.21517237787403848,0.594,0.444,1
AKAP7,0.04585239443777477,0.22331023600742614,0.501,0.367,1
MVK,0.04631496922694313,0.29417145687643886,0.39,0.278,1
CCDC12,0.04651710465648807,0.2104086720799448,0.777,0.622,1
STK38L,0.04782605393589499,0.22206814559135388,0.767,0.594,1
ZNF862,0.04810036698216423,0.24738214519744917,0.39,0.272,1
DVL3,0.04842792231101182,0.2354570167698714,0.753,0.567,1
TBRG1,0.049697969997652316,0.24148656466258248,0.643,0.489,1
SGTA,0.050351613676113134,0.20658533815703384,0.468,0.333,1
RRAS,0.055317334533191216,0.25062280493218436,0.592,0.444,1
NFKBID,0.05654868566929978,0.217894730747759,0.392,0.278,1
MFAP1,0.05769448705955499,0.2016094737753379,0.631,0.489,1
CCHCR1,0.058045678064052655,0.21678894279012428,0.515,0.372,1
PCGF3,0.05864337594143153,0.20841308633619354,0.788,0.6,1
STARD5,0.05901537519349148,0.20805619021324762,0.466,0.339,1
EFCAB14,0.05914408500888559,0.23919394733273247,0.798,0.689,1
PPP3CA,0.0605122913681689,0.2262704465823152,0.598,0.478,1
PPIC,0.06071211848884024,0.21577000046559164,0.625,0.472,1
ARID4A,0.06380802613992163,0.20542191939453938,0.693,0.511,1
FAM174A,0.06743415576708178,0.2226017404240206,0.472,0.333,1
ALG13,0.06775199595157158,0.21008480050716222,0.654,0.528,1
ABCF2,0.06924707936422116,0.20031236422477483,0.487,0.361,1
NUMA1,0.06935668454520375,0.20660070714464307,0.837,0.7,1
ZMYM6,0.07479904658351734,0.20338268345483734,0.369,0.267,1
PYM1,0.07894548790654275,0.2244748070035663,0.604,0.461,1
ATXN7L1,0.08572423630796834,0.20943344384877238,0.647,0.494,1
DENND11,0.08900023464984338,0.2538194095101365,0.718,0.578,1
ABHD2,0.090704961670763945,0.21448446110318106,0.676,0.533,1
NSF,0.09086575127697599,0.21445979926823594,0.767,0.617,1
HYOU1,0.09093209676200348,0.21022820674167925,0.771,0.617,1
SLC39A11,0.2715519015276574,0.2751389211586013,0.586,0.472,1
