gene,p_val,avg_log2FC,pct.1,pct.2,p_val_adj
LGR5,0,2.1546324799375824,0.935,0.345,0
DACH1,0,1.5795192509453662,0.901,0.402,0
PCSK1,0,2.639034738100277,0.565,0.068,0
TGFBI,0,1.9583622022111633,0.921,0.513,0
EPHB3,0,1.5380742030417318,0.977,0.572,0
ASCL2,0,1.9182400457645383,0.999,0.605,0
EPHB2,0,1.26745000722719,0.981,0.701,0
KIAA1324,0,1.2668420270762446,0.981,0.715,0
RNF43,0,1.1643252091185297,0.99,0.749,0
AXIN2,0,1.1044626904265187,0.997,0.819,0
SLC6A6,1.0197796225770605e-306,1.5119123307395146,0.85,0.314,1.844271447430614e-302
NKD1,1.6241653723373901e-288,1.676655667707971,0.839,0.331,2.93730307587217e-284
SMAD9,3.0228560172739e-279,1.608933944035202,0.799,0.316,5.4668351072398485e-275
APCDD1,1.1782641499527793e-277,2.209775083789447,0.713,0.225,2.1308907151896015e-273
PTK7,7.466351476040498e-274,1.7535979501205856,0.675,0.164,1.350289664441924e-269
ITGA9,1.2288365955860522e-267,1.738005969052939,0.702,0.2,2.2223509831173755e-263
RGMB,1.3320414965343566e-266,1.411936295290916,0.964,0.633,2.408997046482384e-262
PROX1,2.3606983623104722e-264,1.3170081706233638,0.914,0.452,4.269322988238489e-260
PRAC1,1.3072066804551287e-261,2.132003595724805,0.728,0.345,2.3640832816031004e-257
CLDN2,2.0713240802636734e-253,1.9410881325687068,0.66,0.171,3.7459895991568536e-249
CDCA7,3.8946154003949756e-253,1.3716075802589611,0.784,0.264,7.043411951614314e-249
PHLDA1,1.8972822748174753e-248,1.297921144484707,0.847,0.353,3.431234994007404e-244
SESN1,1.193424132026139e-241,1.3296447397129652,0.844,0.408,2.1583075427692725e-237
RACK1,2.1113878450203027e-241,0.8176530826233641,0.993,0.89,3.818444917719217e-237
LEFTY1,8.478400177263203e-236,1.281022020736344,0.943,0.597,1.5333186720580503e-231
TCN1,2.483052337111764e-235,2.4316853083358154,0.516,0.093,4.490600151666625e-231
SHF,2.272170126200482e-234,1.2712034477364196,0.703,0.204,4.1092196732335716e-230
MAP3K20,4.662763032242725e-234,1.293075203629665,0.78,0.277,8.432606943810968e-230
PGGHG,9.514247081663143e-229,1.0636033883287859,0.931,0.526,1.7206515847187794e-224
CYP4X1,3.4421831034174306e-219,1.8259084848018332,0.57,0.131,6.225188142530423e-215
SAMD5,9.374083530959402e-217,0.8761508187775751,0.96,0.646,1.695303006574008e-212
SOX9,6.425618156563843e-214,1.0167740882982885,0.911,0.544,1.162073043614571e-209
CFTR,2.7993297631990083e-208,0.9091069343482976,0.953,0.692,5.062587876745406e-204
SLITRK6,3.5133273374274546e-208,1.65664517945839,0.646,0.221,6.353852489737551e-204
GOLIM4,2.8367925265214872e-205,0.8637197418653222,0.972,0.797,5.13033928421411e-201
ATOH8,2.618505611801697e-204,1.3709809173106042,0.725,0.291,4.735567398943369e-200
TMEM63A,2.6641532806916325e-204,0.6910007238330123,0.995,0.889,4.818121208130817e-200
DEFA6,8.798480687147419e-204,2.4851192683265433,0.57,0.164,1.5912052322706107e-199
PLEKHB1,2.4596224134229643e-202,1.237895386011019,0.668,0.211,4.448227134675431e-198
ITGB8,1.9531580154966215e-197,0.9356819105656069,0.833,0.347,3.53228627102564e-193
CCL24,3.861498434319252e-196,1.2186165921638745,0.861,0.48,6.983519918466368e-192
FOXA2,1.1939316655026256e-193,1.3568061638051,0.654,0.221,2.1592254170614985e-189
KIF12,1.989293610142145e-191,1.0490540137535875,0.802,0.351,3.5976374939420695e-187
EEF1G,1.6357448669738125e-190,1.2678388560661453,0.894,0.651,2.95824459192214e-186
ZNRF3,2.2747844744696713e-189,1.0041308942548275,0.845,0.417,4.113947722078401e-185
EEF2,4.899790590124738e-188,1.1077812849386217,0.989,0.874,8.861271282240588e-184
TESC,2.312647508751759e-187,2.0599108328795914,0.487,0.113,4.182423019577556e-183
KLK11,4.935300492636739e-187,1.169797730096966,0.633,0.195,8.925490940933543e-183
IMPDH2,6.02177877688336e-185,1.0651784955415933,0.87,0.54,1.0890386917993558e-180
FXYD5,1.836409989934427e-184,1.1862510408005564,0.819,0.465,3.3211474667964113e-180
ID4,1.3353581109191853e-183,1.0956992881981724,0.718,0.281,2.4149951435973465e-179
GRAMD1A,3.8274741223105e-182,0.9599568005218633,0.87,0.484,6.921986950198538e-178
SORBS2,8.045291383152223e-180,1.089181842883935,0.739,0.287,1.4549909466430797e-175
RETNLB,6.832248326488001e-179,1.0460292294549485,0.923,0.692,1.235612109845355e-174
SBSPON,1.597579098556692e-176,1.599238259182938,0.462,0.095,2.8892217997397776e-172
ART3,8.191063963369182e-176,1.8096829624242128,0.426,0.077,1.4813539177753166e-171
RHOBTB3,8.567552679180075e-175,1.0277744122028831,0.881,0.544,1.5494419020297165e-170
WFDC2,2.3271128842775103e-174,0.7945939834842941,0.875,0.481,4.208583651215877e-170
FOXQ1,2.2571078467030075e-173,1.034787703250369,0.756,0.324,4.081979540762389e-169
LY6G6D,2.4053999477085493e-173,1.7976791979195352,0.465,0.102,4.3501658054309116e-169
GTF2IRD1,2.4243822824250955e-173,0.8751073453394633,0.883,0.485,4.3844953577657856e-169
EPHB4,4.284783969738603e-171,0.6967165018265836,0.959,0.597,7.749031809272263e-167
SOD3,4.38719522764017e-171,1.0924209867357964,0.884,0.564,7.934242569187248e-167
MLXIPL,5.135695995267515e-171,1.3304008605835511,0.607,0.196,9.287906207441302e-167
WNK2,9.041889425569377e-171,0.8094710056829084,0.977,0.746,1.6352257026142217e-166
ALDH1B1,1.7062079694642049e-168,0.7959818450664884,0.982,0.738,3.0856771127760146e-164
SUPT4H1,2.8549710306419134e-168,0.9994510607849831,0.783,0.356,5.1632151089159e-164
ADGRG1,1.2684964434191824e-167,0.7412655394718165,0.945,0.679,2.2940758179235915e-163
PROM1,1.496445887330161e-166,0.8269827550936169,0.886,0.522,2.706322387236596e-162
NEBL,1.231891023686672e-164,1.0078813227914913,0.741,0.326,2.2278749163373465e-160
IL17RB,8.974600029128098e-164,1.107320166549278,0.67,0.247,1.6230564152678165e-159
RCC2,9.563680505273194e-163,1.0135667372545898,0.808,0.43,1.7295916193786572e-158
C19orf48,3.2744376719808065e-162,0.8608566318894326,0.871,0.478,5.921820529777289e-158
L1TD1,8.492671294218763e-160,1.1510597397678641,0.759,0.369,1.5358996035594632e-155
CACNA2D2,3.42741187166734e-159,1.4379828576673033,0.497,0.13,6.198474369910385e-155
PGAP1,3.2651177055654594e-158,1.3411518932219144,0.579,0.203,5.9049653705151336e-154
FGFR4,3.296015325513078e-157,1.028190046431495,0.699,0.277,5.960843716190402e-153
TBX3,4.4678801697620975e-156,0.9516758134330294,0.835,0.499,8.080161287014754e-152
APEX1,3.3528665305935076e-154,0.6204177439369325,0.965,0.752,6.063659120578358e-150
SP5,9.622152416620852e-154,1.1308820772454038,0.557,0.173,1.7401662645458812e-149
GALNT4,2.8246928498749584e-153,1.000829647245042,0.848,0.508,5.108457018998862e-149
EIF3L,1.7785395567629493e-152,1.0539397726304442,0.814,0.464,3.216488788405794e-148
LIPG,2.4929987614173683e-152,0.8848921928314162,0.746,0.332,4.50858826002331e-148
CHDH,2.7772375699725296e-152,0.8577971974649227,0.815,0.411,5.02263414529532e-148
MUC5B,5.083527666728164e-151,0.8635332994661918,0.838,0.469,9.193559785277885e-147
KCTD16,1.501571327018954e-150,1.473045667683481,0.455,0.113,2.7155917449137783e-146
EEF1B2,5.653901180261714e-150,0.7604277428532555,0.964,0.783,1.022508028450331e-145
PATZ1,4.309711649539313e-149,0.9572704239465687,0.69,0.282,7.794113518191848e-145
GPRIN3,2.3406393887807153e-148,0.9458095173756953,0.718,0.314,4.2330463346099234e-144
SOX4,2.721237189686469e-148,0.6094394108937065,0.993,0.835,4.921357457547979e-144
FMOD,2.5906805146051814e-147,1.452634557705019,0.496,0.148,4.685245710663471e-143
SLC25A27,1.5500152560422767e-145,0.9646766461681467,0.654,0.249,2.803202590552457e-141
LAMB1,2.0878493677696434e-144,0.6691084207376246,0.944,0.65,3.7758755816114e-140
GRIN2B,6.35202899078933e-143,1.190602934981731,0.551,0.185,1.1487644429842505e-138
MYB,4.3024960552047403e-141,0.5752723137984013,0.982,0.804,7.781064115837773e-137
SNTB1,9.880503610275303e-141,0.848167093491223,0.758,0.351,1.7868890779182888e-136
WDR77,1.0537095740848415e-140,0.7120706833297206,0.885,0.564,1.9056337647324357e-136
ARNT2,1.1230293689583638e-140,1.5864159430988263,0.36,0.065,2.030998613761201e-136
FGGY,3.098511301189615e-140,1.0114621651098392,0.583,0.203,5.6036576882014184e-136
RASSF10,7.584192402570212e-140,1.2188479766537685,0.488,0.141,1.3716011960048229e-135
GSTO2,8.571398557804575e-140,1.0237279190643478,0.669,0.281,1.5501374291789574e-135
NOTCH1,2.2463900515663786e-139,0.6337423715336377,0.959,0.704,4.0625964082577956e-135
SEMA3F,2.35045821082753e-139,0.8168171170217633,0.787,0.387,4.250803674281588e-135
PTPN13,8.94522410266653e-139,1.044931903921917,0.551,0.185,1.617743778967242e-134
TRPM5,1.4179876063072804e-138,1.3044368818128456,0.401,0.087,2.5644305860067167e-134
GLUL,1.8025354633026482e-138,0.7073477239660985,0.933,0.697,3.2598853853828395e-134
THRA,3.5345403242236675e-138,0.8500953586776601,0.803,0.443,6.392216176358503e-134
RHOBTB1,4.2422819535603334e-137,1.0419789717977601,0.582,0.214,7.672166913013863e-133
DDOST,1.6112082447332543e-136,1.482869770664025,0.508,0.178,2.91387011060009e-132
SLC5A1,3.235334154686556e-136,0.6813141552323195,0.885,0.504,5.851101818750637e-132
PHC1,4.8444538926404734e-136,0.8821520404880969,0.598,0.216,8.761194864840296e-132
FERMT1,2.2644244739306348e-135,0.5566463578626828,0.983,0.82,4.0952116611035533e-131
ETV4,7.693389178697682e-135,1.1798820745305858,0.564,0.211,1.3913494329674757e-130
PUM1,1.911740288280992e-134,0.6420335322992122,0.932,0.657,3.4573823113561738e-130
ZDHHC2,3.763770137135215e-134,0.9613504927710326,0.698,0.33,6.806778293009037e-130
CCSER2,4.498272758393871e-134,0.822672168462768,0.813,0.441,8.135126283555315e-130
CD200,5.17812662067908e-134,1.1886997351089632,0.439,0.115,9.364641993498115e-130
GPX2,8.3650440650409e-133,0.6114502009818732,0.975,0.85,1.5128182191626468e-128
TMEM9,1.737084042363953e-132,0.8209683884016441,0.784,0.406,3.141516490615209e-128
VANGL2,1.8006330228161174e-132,1.0815728072452209,0.475,0.137,3.2564448217629484e-128
ILF3,5.252615823165483e-132,0.554689048382124,0.97,0.776,9.499355716194776e-128
GPHN,7.235763645520199e-132,1.0369970962316934,0.658,0.288,1.3085878552923279e-127
TRIM2,2.3885143624044637e-131,0.53612227930283,0.979,0.803,4.3196282244084724e-127
CAPN12,9.222486215992355e-131,1.1262824307944324,0.507,0.162,1.6678866321622175e-126
KCNN4,1.6384892797115805e-130,0.6874236167355896,0.878,0.529,2.963207862358393e-126
IFITM3,6.230811645258044e-130,0.9872510278658511,0.719,0.368,1.1268422860449174e-125
CPE,1.680678932611895e-129,1.2954004663826293,0.525,0.181,3.0395078496286117e-125
NREP,2.0360613128096994e-129,0.8366158993707516,0.665,0.272,3.6822168842163413e-125
ARFGEF3,2.5627562133691523e-129,0.9218211466867396,0.694,0.319,4.634744611878112e-125
ARSD,9.924152810202488e-129,0.8762362665517096,0.746,0.381,1.7947830357251199e-124
SH3YL1,5.616885411673043e-128,0.6812281530913439,0.923,0.621,1.0158137267010698e-123
NOB1,2.7028989718207834e-127,0.6531527090438795,0.917,0.577,4.888192790537887e-123
EIF4B,5.5503792532188396e-127,0.9111706369902053,0.804,0.485,1.0037860879446272e-122
CLNS1A,7.248824247640905e-127,0.9518071090817852,0.71,0.351,1.3109498651858575e-122
TP53,8.840875178974865e-127,0.6569932176769335,0.919,0.635,1.5988722761176043e-122
GRK3,1.3834557986731125e-126,0.94409988618368,0.568,0.208,2.5019798119003237e-122
RCN1,2.10964853757148e-126,0.9904159608977869,0.635,0.29,3.8152993801980215e-122
SLC29A1,3.227412488456914e-126,0.7995570004138504,0.685,0.297,5.836775485374329e-122
AHCY,8.730777366303359e-126,0.6731907077307544,0.913,0.628,1.5789610866959626e-121
GSTA4,3.1524102608983847e-125,1.2169476982896155,0.432,0.119,5.701133956834729e-121
TOP1MT,4.5874022486586856e-125,0.7198502888556647,0.828,0.429,8.296316966699234e-121
PTGDR,7.763986443672061e-125,0.7184540537735037,0.769,0.377,1.4041169483380924e-120
CCNI,1.0435496237027306e-124,0.5820224198208557,0.974,0.809,1.8872594944663884e-120
GTF3A,3.106502706975358e-124,0.8128310741821931,0.756,0.394,5.618110145564935e-120
PTMS,3.1246191195727807e-124,0.6611599922443303,0.911,0.6,5.650873677747374e-120
LARGE2,3.429173777862191e-124,1.3845789327331035,0.344,0.069,6.201660777263772e-120
MACC1,7.582139672767793e-124,0.7738786803344235,0.829,0.472,1.3712299598200555e-119
FRA10AC1,8.307810393158687e-124,0.8653634367245844,0.694,0.317,1.5024675096027485e-119
NMNAT3,9.054311658733485e-124,0.7936977106820793,0.632,0.255,1.6374722634819508e-119
SH3TC2,1.0314650394612335e-123,1.0023004232813417,0.438,0.124,1.8654045238656406e-119
NBEAL2,2.1345523746306943e-123,0.6420968238668889,0.925,0.642,3.8603379695196106e-119
DMPK,4.5314473186900466e-123,0.7112095124850627,0.748,0.36,8.195122475850949e-119
GDI2,6.101734170376059e-123,1.080681489789969,0.695,0.374,1.1034986247125102e-118
UCP2,6.705462611542205e-123,0.9378773723202924,0.663,0.305,1.2126829132974077e-118
ASB9,4.2534336050394363e-122,1.4645702076975424,0.329,0.062,7.69233467471382e-118
DPH5,5.295776899739331e-122,1.0255439382184703,0.503,0.169,9.57741252317858e-118
BCL11A,7.295264233361569e-122,0.6837267027560111,0.886,0.533,1.3193485366034397e-117
DEFA5,1.0098800607392228e-121,2.44988216515752,0.352,0.088,1.8263680898468846e-117
REG4,1.4206016209432867e-121,0.5799019847319169,0.916,0.732,2.569158031475934e-117
GSE1,1.8941917661451604e-121,0.6656392974468059,0.912,0.642,3.4256458090735224e-117
KLK12,6.231457438451422e-121,1.128007856132708,0.342,0.07,1.1269590777439397e-116
NT5DC3,1.9284864869550495e-120,0.7967740427970442,0.709,0.332,3.4876678116582073e-116
RBMX,1.9975165802043874e-120,0.7501374858311359,0.778,0.414,3.6125087352996345e-116
TOMM7,5.69723491028379e-120,0.6368321570581104,0.946,0.745,1.0303449335248235e-115
SPINK4,8.51780596022187e-120,0.8306468460742524,0.872,0.58,1.5404452079061252e-115
KANK1,1.1305777286916718e-119,0.6975494126801256,0.906,0.572,2.0446498223388883e-115
HNRNPU,3.922168576808576e-119,0.6736028745206063,0.918,0.668,7.09324187115831e-115
RFX3,4.673607010562064e-119,0.9067995343465318,0.577,0.22,8.452218278601492e-115
NUDT21,5.784803041634591e-119,0.6118483783177551,0.916,0.603,1.0461816300796159e-114
GABBR1,6.732895434563091e-119,0.7883005941075985,0.655,0.282,1.217644139340735e-114
LDHB,7.51924063590528e-119,0.9863865814290712,0.661,0.314,1.35985466900347e-114
BEX3,2.2924665299413368e-118,0.6754693226106633,0.831,0.439,4.1459257193989074e-114
CA9,2.84459237313526e-118,1.3976093583294813,0.389,0.102,5.144445306815118e-114
HMGN1,3.6409162305573406e-118,0.5932779563368044,0.953,0.726,6.584597002962951e-114
SNRPD2,7.628215361572903e-118,0.8309817048209179,0.761,0.43,1.3795627481404594e-113
DMKN,9.813818924509777e-118,1.0992515314473377,0.487,0.164,1.774829152497593e-113
SH3BP4,2.7404753495941707e-117,0.6402775902637239,0.886,0.557,4.9561496697410574e-113
PPM1H,2.9572427653216447e-117,0.812031516573319,0.664,0.288,5.348173541084195e-113
SHC2,8.219574478837865e-117,0.7872875287360206,0.558,0.202,1.486510044497828e-112
EIF3D,9.579933445728754e-117,0.8028186115760443,0.832,0.518,1.7325309636600452e-112
FOXP4,4.182925913411578e-116,0.7827560812803355,0.791,0.432,7.564821514404838e-112
BAIAP2,4.663587719540348e-116,0.7961167351834004,0.608,0.246,8.43409839078872e-112
ARHGEF19,7.445982758611138e-116,0.8309744594039667,0.557,0.209,1.3466059818948243e-111
PCMTD2,1.5024519972707939e-115,0.7020150574794688,0.827,0.472,2.7171844370642306e-111
GATA6,1.9460417429126377e-115,0.8763970839334785,0.72,0.381,3.5194164920575056e-111
CD46,1.9781269260915326e-115,0.5339003082293636,0.972,0.79,3.577442545836537e-111
PLEKHG4,2.553068354376384e-115,0.6641212838087929,0.805,0.424,4.617224118889691e-111
ZNF362,5.206850082525765e-115,0.9047236862237891,0.497,0.17,9.416588374247847e-111
FOXP1,9.256037124836526e-114,0.6889932951540267,0.914,0.652,1.6739543140266857e-109
NT5C3B,1.9006323234641584e-113,0.7252955216354022,0.704,0.328,3.4372935569849305e-109
RAB15,1.9038595630809603e-113,0.7022983165515793,0.79,0.427,3.443130019831917e-109
HSP90AB1,2.060385709080974e-113,0.5431795039622385,0.957,0.772,3.7262075548729413e-109
AADAT,2.4409203210825466e-113,0.9214739391332447,0.494,0.17,4.414404400677785e-109
PABPC1L,2.957114826232391e-113,0.5892187987945645,0.88,0.494,5.347942163241279e-109
RUBCNL,3.860803406843159e-113,0.7090297566156338,0.803,0.436,6.982262961275853e-109
URB1,4.2136996362111853e-113,0.7289761136423983,0.697,0.332,7.620475792087928e-109
FBL,4.549456471742509e-113,0.602423187478033,0.904,0.569,8.227692029146328e-109
PIK3R1,5.828911018520826e-113,0.6468170566777647,0.88,0.538,1.0541585576994915e-108
TP53BP1,7.375843432167015e-113,0.8034898905806566,0.656,0.288,1.3339212847074046e-108
STMN1,8.270674374793919e-113,1.1860667127346725,0.412,0.12,1.4957514606814803e-108
TTC39C,1.53465305602045e-112,0.6359868060401819,0.708,0.317,2.7754200518129835e-108
SMOC2,1.6679628044707463e-112,1.7977440515847412,0.383,0.108,3.0165107318853445e-108
SORBS1,1.7343137239705165e-112,0.8002675843395745,0.628,0.265,3.1365063698006792e-108
ALOX5,1.7396064517959547e-112,0.6903712873557748,0.842,0.512,3.146078268072984e-108
PPA1,2.372343944874658e-112,0.7941143055448932,0.839,0.547,4.2903840243058195e-108
NFIA,2.448118899092228e-112,0.8722794914752641,0.592,0.248,4.4274230290082944e-108
NKD2,4.498344584638754e-112,0.9605007998803281,0.428,0.129,8.135256181319186e-108
IFT22,5.787229711254357e-112,1.0519804651697937,0.449,0.143,1.0466204932803505e-107
NONO,1.2367307095997796e-111,0.9132660567390216,0.623,0.285,2.2366274883112013e-107
BMP4,4.7603471347922074e-111,0.8758549404263889,0.642,0.301,8.609087793271707e-107
MIF,5.197108136861493e-111,0.8127420484079957,0.852,0.614,9.39897006551401e-107
CDHR1,5.35425922992205e-111,0.7043340763036823,0.942,0.653,9.683177817314027e-107
SLC22A3,7.386119911419827e-111,0.9703311689727248,0.513,0.188,1.3357797859802757e-106
NPNT,8.408229759509663e-111,0.6851500922557651,0.808,0.445,1.5206283520073226e-106
SELENON,2.267880858507281e-110,0.7422989785833313,0.759,0.413,4.101462532610418e-106
HNRNPD,2.381633263065441e-110,0.5639350729098619,0.94,0.728,4.30718375625385e-106
MEGF6,3.06909872170378e-110,0.6797100973808807,0.644,0.272,5.550465038201286e-106
TCF12,9.535024243328061e-110,0.8245087971377412,0.81,0.504,1.7244091344058797e-105
SYTL1,1.2100170097752265e-109,0.67016603306621,0.804,0.452,2.188315762178497e-105
PDZRN3,5.082674252083918e-109,0.7881759436739839,0.626,0.269,9.192016384893767e-105
IFT140,5.281808465359447e-109,0.8665849200437286,0.494,0.176,9.55215060960256e-105
RTL10,5.467563793519091e-109,0.6674584852431236,0.663,0.297,9.888089120579277e-105
DPY19L3,1.1684275880653983e-108,0.8959769823968068,0.64,0.298,2.1131012930162727e-104
SDC3,3.9690127535625535e-108,0.6334276050708662,0.794,0.431,7.177959564817878e-104
GTF2I,5.159856329812769e-108,0.6554242402893538,0.845,0.499,9.331600172466392e-104
SLC28A3,5.778766632355156e-108,1.4401472261224915,0.306,0.062,1.0450899454614299e-103
FUBP1,6.855320128600727e-108,0.6666202211838879,0.87,0.583,1.2397846452574414e-103
TOMM20,1.2200894515265558e-107,0.638263285571807,0.905,0.643,2.2065317730857762e-103
MYL6B,1.8995216723761917e-107,0.9005050228792109,0.504,0.182,3.4352849444923426e-103
ZNF703,1.9802275433609805e-107,0.3915112355057919,0.991,0.877,3.581241512168333e-103
SNHG32,4.884270968911135e-107,0.7771168465474544,0.662,0.314,8.833204047275787e-103
ITPR2,5.020363743393303e-107,0.7489831784769709,0.97,0.756,9.079327829926787e-103
TRAF5,7.809968910039562e-107,0.6136915685663058,0.911,0.603,1.4124328773806548e-102
PCBD1,9.971264882730736e-107,0.6987022067834084,0.861,0.602,1.8033032540418535e-102
RANBP17,1.3944427751309767e-106,0.8399680667747988,0.538,0.206,2.521849758824371e-102
GMNN,2.587172879822762e-106,0.7135461753154028,0.731,0.372,4.678902153159465e-102
SLC2A12,3.6722755564273964e-106,0.9564909125406478,0.445,0.146,6.641310343798947e-102
ANP32B,3.9792026630034144e-106,1.271892455143828,0.523,0.224,7.196388016041675e-102
IFFO2,6.326145970864312e-106,0.8173701844499147,0.599,0.256,1.1440834988308108e-101
IDH2,7.121133184390301e-106,0.5823905238652141,0.929,0.716,1.2878569363969861e-101
SEMA4C,1.542951532797779e-105,0.686627520837091,0.641,0.277,2.7904278470647834e-101
STXBP6,1.5433344279558496e-105,0.6284000628498398,0.85,0.513,2.791120312958154e-101
APBB2,1.757182711558051e-105,0.7179809498124328,0.68,0.317,3.177864933852736e-101
ATP5MC2,2.7546834947904075e-105,0.47281382174024644,0.984,0.845,4.981845100328452e-101
ALPK3,2.8378036408061573e-105,1.2276611489823273,0.377,0.109,5.1321678843979355e-101
CYP39A1,4.762521009854044e-105,1.1692054412317359,0.361,0.094,8.613019246321038e-101
NME2,7.812892317215481e-105,0.7144418684893741,0.901,0.689,1.4129615755684197e-100
RABGAP1,8.476508007057471e-105,0.7013529555341159,0.797,0.461,1.5329764730763437e-100
SFXN2,1.0278208841537015e-104,0.7995827051224307,0.547,0.213,1.8588140689919693e-100
WDR35,1.8100122290207272e-104,0.8155146140539786,0.48,0.168,3.273407116183985e-100
AGTRAP,5.546885274208686e-104,0.6903843405736443,0.642,0.287,1.0031542018406408e-99
LPGAT1,1.214920819666184e-103,0.6863221475823296,0.728,0.37,2.197184302366294e-99
ABI2,1.4034957892004497e-103,0.6168208793619916,0.59,0.239,2.5382221347690134e-99
MIPOL1,1.9353548439810472e-103,0.7100234495243083,0.596,0.25,3.5000892353397237e-99
EIF2A,2.319641346997459e-103,0.8116718854152065,0.741,0.442,4.195071376044905e-99
PPP1R9A,5.098837236420556e-103,0.6467101284221258,0.776,0.4,9.221247142066575e-99
PFDN5,5.567758536241778e-103,0.7460577719374976,0.791,0.473,1.0069291312793256e-98
TSPAN5,8.645524697315534e-103,1.180048146088438,0.369,0.103,1.5635431415095143e-98
GATAD1,1.438065359709344e-102,0.7154135511193617,0.73,0.385,2.6007412030343488e-98
CSE1L,2.798779166048054e-102,0.8177867059769388,0.608,0.267,5.061592121797906e-98
IFI6,5.474566317508203e-102,0.5595914038302585,0.892,0.574,9.900753185213585e-98
ADSL,6.307674634337829e-102,0.6800780237692898,0.789,0.445,1.1407429576199964e-97
GEMIN4,6.635297255443249e-102,0.7934621224360132,0.53,0.203,1.1999935086469116e-97
FOPNL,1.0077729334987044e-101,0.6905002892302339,0.738,0.396,1.822557350232407e-97
NUSAP1,1.453116466032791e-101,0.8684776158117152,0.672,0.349,2.627961128820302e-97
GNG10,2.093809949396559e-101,0.8621984358148678,0.627,0.299,3.786655293483677e-97
CD81,2.672607798480083e-101,0.8809848495555402,0.596,0.274,4.83341120355123e-97
REPIN1,3.783633218107973e-101,0.538712526079544,0.971,0.78,6.842700674948269e-97
POLI,3.793930148975569e-101,0.7028119152710441,0.718,0.357,6.861322674422316e-97
C11orf1,5.800006943610468e-101,0.7578987284470731,0.672,0.333,1.048931255751953e-96
ZNF496,6.061055881385395e-101,0.6114856194545595,0.662,0.298,1.0961419561485487e-96
PSMG1,1.1162303397002599e-100,0.8250352482393208,0.546,0.225,2.01870256934792e-96
ATIC,1.1560567512682384e-100,0.5515761468691665,0.911,0.625,2.090728634668609e-96
QARS,1.473435190784172e-100,0.5594578096512425,0.953,0.777,2.664707542533175e-96
UBE2V1,2.370854544988119e-100,0.8460715755153003,0.716,0.417,4.287690444611013e-96
ENAH,3.309366744544927e-100,0.6142959880941878,0.854,0.525,5.984989757509501e-96
IMMP2L,4.3774909371810686e-100,0.5706593515357987,0.922,0.616,7.916692359891963e-96
UNC119B,5.907380779411904e-100,0.8236861840429781,0.552,0.228,1.0683498139566428e-95
DTNB,8.532781740985899e-100,0.9133463170582952,0.414,0.13,1.5431535778573e-95
BICD1,1.26691194261281e-99,0.6852071807597582,0.556,0.224,2.2912102482152666e-95
ARVCF,1.341859986959258e-99,0.5727798272787785,0.76,0.38,2.426753786415818e-95
CTNNB1,1.4460010252468518e-99,0.9037747025423162,0.603,0.282,2.6150928541589313e-95
BLNK,2.2262180211198887e-99,0.6345575666156039,0.709,0.346,4.026115291195319e-95
PAFAH1B3,4.7160076815789754e-99,0.7179006205873261,0.642,0.296,8.528899892135577e-95
METAP1D,5.614865517175937e-99,0.6780019053933444,0.504,0.188,1.0154484287812683e-94
CASTOR2,5.656580585716148e-99,0.9199756468968272,0.379,0.11,1.0229925989267653e-94
BSPRY,9.68073858299523e-99,0.623843649493524,0.794,0.441,1.7507615727346875e-94
NETO2,1.3407224084907954e-98,0.7373965813498831,0.713,0.378,2.4246964757556035e-94
IL33,1.6925649946772354e-98,1.1338854624406605,0.401,0.133,3.06100379287378e-94
CCNB1IP1,2.5969803867980003e-98,0.8482168217212371,0.514,0.206,4.696639029524184e-94
TCEAL1,2.9443215733071285e-98,0.8421233340844259,0.472,0.169,5.324805565325942e-94
ARAP3,3.467465839777508e-98,1.1606240362321172,0.328,0.083,6.270911971237622e-94
NOP53,4.328441805790137e-98,0.6007465101555767,0.918,0.66,7.827987005771462e-94
CDH3,4.5839549077227053e-98,0.6524889421818008,0.578,0.244,8.290082450616512e-94
MTA1,4.732327664359779e-98,0.5232527902129633,0.932,0.671,8.558414580994661e-94
PUS7,8.24564559005627e-98,0.5801341482521889,0.733,0.371,1.4912250049616763e-93
CHRM3,8.886110352363067e-98,0.8376652012958479,0.413,0.132,1.6070530572248606e-93
AGBL5,1.4206253747663297e-97,0.6775207103524911,0.641,0.299,2.569200990264907e-93
RCBTB1,1.4253193900047434e-97,0.8948195205974465,0.468,0.17,2.5776901168235785e-93
TCF7,1.5000611450568895e-97,0.6814657961966175,0.571,0.246,2.712860580835385e-93
EMB,2.1283514582566422e-97,1.6967195897091982,0.274,0.056,3.849123612257137e-93
SATB1,3.3528911330353007e-97,0.5733135243956514,0.864,0.552,6.063703614094342e-93
SLC18A1,4.0257122532546483e-97,1.642227043383929,0.24,0.038,7.280500610011031e-93
GNL3,4.754255234751977e-97,0.5710972050940923,0.93,0.674,8.59807059204895e-93
SHROOM4,4.815180300749301e-97,0.9876686598668383,0.383,0.114,8.708253573905112e-93
CA8,6.331876875785946e-97,0.8685212121666561,0.386,0.114,1.1451199329858884e-92
TAF1D,8.779317287108178e-97,0.5492882237401561,0.918,0.64,1.587739531373514e-92
RAP1GAP,1.0033532536009905e-96,0.6923102205156304,0.64,0.308,1.8145643591373913e-92
GANAB,1.1331991089617647e-96,1.0705755771378938,0.478,0.189,2.0493905885573513e-92
PODXL2,1.1815847323439555e-96,0.8152998630035939,0.542,0.228,2.1368959884440437e-92
COX20,2.0891889096580917e-96,1.1987873231933728,0.403,0.133,3.778298143116659e-92
RSL1D1,2.5558488335870334e-96,0.8924036933494328,0.519,0.214,4.62225261554215e-92
ARMC10,2.8286889235758457e-96,0.8386600904897028,0.499,0.195,5.1156839182869166e-92
ZNF83,3.5525929776004978e-96,0.6662241567837823,0.606,0.265,6.4248643999905e-92
LIMCH1,4.686615785488322e-96,0.6563134981218135,0.56,0.236,8.47574464805563e-92
SH3PXD2B,5.514163249984512e-96,0.6379298913692453,0.575,0.24,9.97236423759699e-92
CHD6,6.1394784470229346e-96,0.667329585502059,0.67,0.323,1.1103246771440978e-91
PRTFDC1,6.1548964711433315e-96,0.7889453755338227,0.555,0.236,1.1131130268062715e-91
ELOVL7,1.6823558334034797e-95,0.8155541296223017,0.491,0.187,3.042540524710193e-91
SORD,1.8223013675019048e-95,0.6125454739392604,0.825,0.495,3.295632023127195e-91
FZD3,2.1600750779843873e-95,0.9289735963585004,0.393,0.122,3.906495778534764e-91
PABPC4,3.041791776939272e-95,0.9486101260457691,0.531,0.235,5.501080428594673e-91
YBX1,3.411017431242598e-95,0.49428036055361857,0.962,0.821,6.168825024402239e-91
SLC25A36,4.015573772045655e-95,0.6631312243113401,0.756,0.399,7.262165166744568e-91
DCPS,4.2646638325410995e-95,0.7246619754824595,0.59,0.259,7.712644541150579e-91
ZMIZ2,4.957518551689525e-95,0.5134473285682754,0.957,0.736,8.965672300730506e-91
FUT8,1.0268451556687873e-94,0.6213613168253346,0.768,0.431,1.8570494640270017e-90
STMP1,1.2229673309893822e-94,0.7871784306375733,0.68,0.365,2.2117364180942977e-90
TEAD2,1.3596492246355657e-94,0.8400266788553881,0.409,0.135,2.4589256227534207e-90
POC1B,1.637805238311798e-94,0.6649515559142637,0.695,0.358,2.961970773486887e-90
PHF10,1.9290199699176086e-94,0.6093878071206882,0.839,0.509,3.488632615595995e-90
SLC39A10,2.0480372680759108e-94,0.7077428384802915,0.557,0.238,3.7038753993152847e-90
STXBP1,2.1740126725307026e-94,0.7509035950690754,0.492,0.188,3.931701918271775e-90
KLHL3,2.2781398888633908e-94,0.6930855586284357,0.494,0.184,4.1200159890094425e-90
LRP11,2.888612903658407e-94,0.5983240691143316,0.822,0.493,5.224056436266229e-90
BIK,4.22331199539203e-94,0.7072750299522295,0.625,0.293,7.637859743666487e-90
TBC1D16,4.3555021874956397e-94,0.5735208084127489,0.788,0.439,7.876925706085865e-90
CSNK1E,5.020472779073803e-94,0.5251379836786074,0.915,0.636,9.079525020954971e-90
CASP4,5.585365443958014e-94,0.728057704840838,0.679,0.347,1.0101133405398068e-89
CAD,6.345268206649345e-94,0.8067388676737512,0.516,0.207,1.147541755172534e-89
ACTG1,6.546558263804579e-94,0.6003227344540756,0.948,0.806,1.183945062009058e-89
PGAP2,1.008014986636802e-93,0.4852925644949572,0.898,0.604,1.8229951033326564e-89
PPIL3,1.0658761374400633e-93,0.7100364828759596,0.626,0.291,1.9276369945603543e-89
PRRC2B,1.299503344434749e-93,0.5753751968495361,0.88,0.575,2.3501517984102436e-89
YAP1,2.7208044512530223e-93,0.5492099961118457,0.908,0.636,4.920574850091091e-89
ARID5B,3.434442361076869e-93,0.49789477723895825,0.955,0.722,6.2111890100075176e-89
HOXB8,3.6151670088605273e-93,0.5709061286667353,0.782,0.423,6.538029535524263e-89
ALDH5A1,3.6896559658768825e-93,0.6416052354696712,0.625,0.287,6.672742814288342e-89
POLR1E,4.117227584366974e-93,0.6165599149667086,0.634,0.291,7.446006086327673e-89
GGT7,6.048360345552219e-93,0.6796834632199893,0.522,0.209,1.0938459684931188e-88
TCEAL4,6.489685818750588e-93,0.6574078258880867,0.534,0.215,1.1736596803210438e-88
DAPK1,8.933442818059326e-93,0.7303797348597623,0.686,0.357,1.6156131336460292e-88
DDX17,1.0526570773114496e-92,0.5487585466114737,0.926,0.683,1.9037303243177566e-88
RAB11FIP3,1.4752418235797355e-92,0.6013610870335329,0.704,0.357,2.6679748379439517e-88
SERBP1,2.3900736201961828e-92,0.6331086532408874,0.83,0.553,4.3224481421247965e-88
KHDRBS1,2.416785185639972e-92,0.5884486464113916,0.825,0.49,4.370756008229889e-88
SUPT3H,2.8081925341417535e-92,0.8597708993550257,0.401,0.129,5.078616197995361e-88
LDLRAD4,3.0155750621609533e-92,0.6703201649778936,0.643,0.307,5.453667499918084e-88
PSTPIP2,3.69145555331521e-92,0.7773646532325229,0.465,0.174,6.675997368170558e-88
ICA1,3.738184902042694e-92,0.538714282030587,0.98,0.791,6.760507395344213e-88
NIPSNAP2,4.3862026690495184e-92,0.5643630647364799,0.901,0.613,7.932447526976054e-88
HIST1H1D,4.537718070348162e-92,0.613552578103091,0.881,0.607,8.20646313022465e-88
TIA1,7.037346660737976e-92,0.554633166038013,0.88,0.558,1.272704143594463e-87
MIS18BP1,7.774395039028686e-92,0.659365222772532,0.673,0.332,1.4059993428083377e-87
PTP4A3,1.0976833091494772e-91,0.48619580028364995,0.668,0.313,1.9851602645968295e-87
FAM174B,1.1154611478720241e-91,0.5580425426604994,0.729,0.387,2.0173114859265554e-87
NYNRIN,1.3953890333710413e-91,0.5634659716392358,0.631,0.281,2.523561066851528e-87
HDDC2,2.2485552710030686e-91,0.7482735977941529,0.625,0.304,4.0665122076090495e-87
SUMF2,2.4408219320032502e-91,0.4614456562422573,0.974,0.791,4.414226464027878e-87
RCC1,2.831461461384117e-91,0.7583657435318933,0.582,0.264,5.120698052913175e-87
ABHD14A,4.0489659326079887e-91,0.8677782067874107,0.388,0.126,7.3225548891215475e-87
EIF3H,5.288044141401522e-91,0.7400556149804451,0.753,0.439,9.563427829724653e-87
COQ8A,5.793400139153015e-91,0.5629304179824062,0.828,0.488,1.0477364151658227e-86
MTURN,5.82436778016932e-91,0.6141667104068185,0.699,0.352,1.0533369130436214e-86
CYP2W1,5.974043445516554e-91,1.2167905931755292,0.255,0.049,1.0804057571216689e-86
TARBP1,7.195196884989762e-91,0.5480571073788645,0.871,0.558,1.3012513566503983e-86
CCDC149,7.647441367012073e-91,0.5735622034328229,0.635,0.296,1.3830397712241334e-86
GART,8.043841060526435e-91,0.6741507704965486,0.724,0.396,1.4547286557962057e-86
NPRL3,1.118861537844719e-90,0.7512025207085817,0.539,0.225,2.023461091192174e-86
IRF2BP2,1.134253994686301e-90,0.6090119189287494,0.825,0.505,2.0512983493901757e-86
HNRNPK,1.17801161280425e-90,0.6760103361866558,0.697,0.373,2.130434001756486e-86
FARP1,1.18216072963907e-90,0.5625238224331371,0.823,0.484,2.137937679552258e-86
DUSP4,1.3790901874052196e-90,0.9317744712425013,0.384,0.125,2.4940846039223395e-86
SMTN,1.7620087789803182e-90,0.4836778706262508,0.976,0.752,3.1865928767859054e-86
CCDC175,1.9339548434236052e-90,0.9179432695867611,0.449,0.165,3.49755733433159e-86
PAPSS1,1.9887848985210657e-90,0.6680367042757511,0.665,0.338,3.596717488975347e-86
BLMH,2.487744606306415e-90,0.6333950194197437,0.567,0.246,4.499086120505151e-86
DHODH,2.56576896958586e-90,0.7089828525465238,0.468,0.173,4.640193181496028e-86
CHD7,3.3292399229311845e-90,0.5242255082651046,0.89,0.574,6.0209304006210474e-86
TRIM29,6.302285198314939e-90,0.4595424224073601,0.512,0.202,1.1397682781152567e-85
HIST3H2A,9.152295573586303e-90,0.9432130735559585,0.409,0.142,1.655192654483083e-85
LARP1,9.168692123560188e-90,0.6835012338225379,0.685,0.349,1.6581579705458598e-85
H1FX,9.475245652613735e-90,0.5211065165554916,0.954,0.731,1.713598176275194e-85
ENC1,1.1931491293885354e-89,0.48660358536331216,0.991,0.868,2.1578102004991665e-85
HIST1H2BH,1.4088065700123203e-89,0.787242838017786,0.607,0.3,2.5478266818672814e-85
GPSM2,1.4936294101831698e-89,0.5962837635858933,0.852,0.557,2.7012287883162626e-85
KCTD14,1.6731372354399243e-89,0.6007229679834963,0.622,0.288,3.025868690293103e-85
TBC1D5,1.7195704744944223e-89,0.5230192395721277,0.871,0.544,3.109843203123163e-85
TRMT112,2.2180858962030344e-89,0.5614100276132274,0.773,0.423,4.011408343283188e-85
HID1,2.3040449499954275e-89,0.6709170561500233,0.644,0.315,4.1668652920667303e-85
IPO5,2.583842321292934e-89,0.6740603779561938,0.741,0.404,4.672878838058271e-85
PCNX2,2.7917541808329276e-89,0.5080940035858887,0.671,0.32,5.04888743603635e-85
PNRC1,2.993636395449395e-89,0.6246076571136179,0.859,0.588,5.41399142117023e-85
CCNB2,2.9983382010585582e-89,0.6983518611959985,0.558,0.247,5.422494636614403e-85
FPGS,3.2479553575219455e-89,0.6316429111847162,0.761,0.433,5.873927264078439e-85
KDM1A,3.464620802955358e-89,0.5390578119314012,0.897,0.606,6.265766722144764e-85
RUNX1,3.6963410893343646e-89,0.5125461287553712,0.924,0.657,6.684832860061198e-85
CD47,3.830347422696216e-89,0.492442671285773,0.964,0.759,6.927183313946106e-85
LENG8,5.869764495159048e-89,0.5255406046770588,0.985,0.86,1.0615469089495138e-84
BCKDHA,7.875905624670549e-89,0.7510115692238815,0.59,0.276,1.4243575322216686e-84
TGFBR3,8.103137884553245e-89,1.069107928194454,0.323,0.088,1.4654524864214544e-84
DNAH14,9.341833038663329e-89,0.6479451993968319,0.523,0.216,1.689470505042263e-84
DTNA,1.7704522411455428e-88,0.6677264340088498,0.389,0.126,3.201862878111714e-84
POMGNT1,1.8172905593264383e-88,0.5749177878570042,0.683,0.343,3.2865699765418638e-84
GCC2,2.4209030853747725e-88,0.5616265480839188,0.934,0.736,4.378203229900276e-84
GMPS,2.5598761788102255e-88,0.6521533345975755,0.646,0.316,4.629536069378293e-84
APPL1,3.0484165775345835e-88,0.5358152807109506,0.802,0.472,5.513061380471294e-84
ARSJ,4.657754942078283e-88,0.7445639831529265,0.454,0.168,8.423549812748575e-84
KCNH8,5.088541947218623e-88,0.8817196297538623,0.359,0.11,9.20262811154488e-84
ZNF22,5.678531995649037e-88,0.48891343780606356,0.848,0.514,1.0269625114131284e-83
ABCC1,6.491234567789209e-88,0.517339177150392,0.868,0.548,1.1739397715846785e-83
KIAA1143,7.101948537092108e-88,0.6097844428584445,0.634,0.301,1.2843873929331078e-83
PCED1A,1.1223110095457324e-87,0.5026090044331095,0.807,0.456,2.029699460763457e-83
TESMIN,1.3557404878577177e-87,0.6026562442227024,0.559,0.242,2.4518566722906826e-83
HCFC1,2.1201741190009804e-87,0.6615915696420889,0.696,0.373,3.834334894213273e-83
PEMT,3.0713223482393973e-87,0.6698760687257195,0.543,0.23,5.55448646679095e-83
CTSH,3.963765723481349e-87,0.6873762219233415,0.741,0.44,7.16847031091602e-83
SPTBN2,4.46606295027389e-87,0.6283109557959796,0.514,0.214,8.07687484557033e-83
LRRC2,6.983567392818093e-87,0.8938289269366249,0.362,0.114,1.2629781629911522e-82
SMARCD2,7.692868096398807e-87,0.5343701312311232,0.888,0.621,1.3912551952337244e-82
TTC26,8.695786311115046e-87,1.034466553584997,0.308,0.083,1.5726329543651562e-82
TMEM123,1.0209199567354593e-86,0.8167950093574139,0.615,0.31,1.8463337417560783e-82
ASIC1,1.0268048519829841e-86,1.0609579680708547,0.29,0.072,1.8569765748112267e-82
PRPF19,1.1832730911881653e-86,0.6487728543385602,0.709,0.399,2.139949385413797e-82
ANKRD18A,1.2695738245410037e-86,0.4406854202872538,0.711,0.348,2.2960242616824053e-82
TYMS,1.3895131775217536e-86,0.5654791152625053,0.843,0.524,2.5129345815480916e-82
SCMH1,1.795891581778316e-86,0.5465216345715085,0.682,0.337,3.2478699256460843e-82
VSNL1,2.1014016823155707e-86,0.7070997518084938,0.393,0.132,3.8003849424677095e-82
ST6GAL1,3.2044447870960843e-86,0.64905131618382,0.755,0.436,5.795238397463269e-82
ST13,3.294848176800771e-86,0.7015612745280764,0.602,0.284,5.958732927744194e-82
HOXA13,3.416266736055424e-86,0.5829088453204571,0.815,0.501,6.178318392156234e-82
SPATC1L,3.773503087927076e-86,0.600092617236365,0.436,0.161,6.824380334516117e-82
ADD3,4.79529516590613e-86,0.5133359366002471,0.946,0.723,8.672291307541236e-82
NSUN7,5.4444653063385934e-86,0.5219290868337436,0.701,0.352,9.846315506513347e-82
DPH6,6.168630331186984e-86,0.5883875071030216,0.7,0.37,1.115596795395166e-81
PPP2R3B,7.74057131452714e-86,0.6483349799620479,0.571,0.253,1.3998823222322331e-81
IGF1R,1.0323538235911598e-85,0.5524826919129278,0.681,0.338,1.8670118899646125e-81
FMC1,1.1212784384639451e-85,0.6467510435525583,0.593,0.277,2.0278320559620447e-81
SHANK2,1.1234374190375193e-85,0.5165974747751837,0.642,0.299,2.0317365723293537e-81
DENND11,1.1404568510926095e-85,0.5315914210849764,0.951,0.72,2.0625162152009841e-81
AFAP1,1.354489497917259e-85,0.5387155029432116,0.881,0.581,2.4495942569833627e-81
TEAD1,1.523733242500152e-85,0.6331188511403991,0.548,0.239,2.755671569061525e-81
PRMT3,1.7064151123384085e-85,0.5531763765631844,0.732,0.384,3.0860517306640117e-81
PRKCSH,1.8684594349505158e-85,0.9136513753098454,0.462,0.185,3.379108888108008e-81
KLHL23,2.599153393337225e-85,0.654476908284485,0.509,0.211,4.700568911850371e-81
GNPAT,2.9462149948854605e-85,0.6610234829335125,0.648,0.319,5.328229818250355e-81
BTBD2,4.735430286289696e-85,0.4995403817620563,0.936,0.687,8.564025672754917e-81
HNRNPC,4.9549591508629244e-85,0.6095581732560837,0.83,0.558,8.961043624335598e-81
CDK6,5.011666319721556e-85,0.6066858169765743,0.764,0.442,9.063598539216435e-81
GVQW3,5.374319475562771e-85,0.8209783644086239,0.422,0.154,9.719456771555272e-81
BLACAT1,6.172548589128616e-85,0.7555079376341363,0.332,0.096,1.1163054123439102e-80
ZKSCAN1,7.082254088698933e-85,0.44171213723719815,0.981,0.811,1.280825651941202e-80
TXNDC16,7.476254548862295e-85,0.7516076363968334,0.479,0.192,1.3520806351617462e-80
HDAC2,7.541799137020991e-85,0.5174715701558248,0.861,0.541,1.3639343739302464e-80
ZFHX3,7.586649240763387e-85,0.6355166779456451,0.573,0.257,1.3720455151920586e-80
HIST1H2AE,8.779501199519204e-85,0.7172055774481081,0.552,0.249,1.587772791933048e-80
CRLS1,9.0915383786942e-85,0.49597785888203055,0.908,0.633,1.644204715786846e-80
CUEDC2,1.6109170181106619e-84,0.5290839082602938,0.738,0.393,2.913343427253132e-80
NAA20,1.7352439804370639e-84,0.6603361760005887,0.65,0.337,3.13818873862043e-80
FNDC3A,1.7438239667286534e-84,0.6319130297635445,0.671,0.352,3.1537056438287697e-80
PHKA2,1.7731035535999026e-84,0.5525525636455391,0.561,0.245,3.206657776685424e-80
BIN1,1.7774108011606817e-84,0.561168220162015,0.833,0.504,3.214447433899093e-80
TLR4,1.8232974880909105e-84,0.641386486182878,0.596,0.274,3.2974335072124114e-80
HOXB5,1.9162319460304492e-84,0.49828349638535596,0.94,0.687,3.465505474396068e-80
TPGS2,2.18617916174967e-84,0.5016052828495801,0.915,0.62,3.953705014024278e-80
PCBP1,2.446362318579084e-84,0.8707848972905727,0.564,0.275,4.424246253150273e-80
DSTN,2.8983580151039557e-84,0.638117546297065,0.851,0.618,5.2416804703155036e-80
CGNL1,2.999715344008417e-84,1.0231007803080505,0.288,0.072,5.424985199639222e-80
SLC4A7,3.105260378325526e-84,0.5392465293781659,0.654,0.314,5.615863394201714e-80
CEP68,3.3532462453832605e-84,0.5006301576371845,0.748,0.396,6.064345834775626e-80
PLS3,3.888461430212913e-84,0.6018409377538868,0.597,0.273,7.032282496540053e-80
ANXA13,4.123889045286401e-84,0.6759063812323032,0.554,0.247,7.458053338400456e-80
SESN3,5.383195708841544e-84,0.5398584051250512,0.776,0.443,9.735509439439932e-80
GMPR,6.308658179141436e-84,0.9894949212385873,0.291,0.077,1.1409208316977286e-79
GRWD1,7.587026339308344e-84,0.7102205284193497,0.557,0.251,1.372113713463914e-79
ALYREF,9.173236197257016e-84,0.8474874289978498,0.478,0.198,1.6589797662739314e-79
CEMIP,9.713918727179512e-84,0.6352077129601092,0.835,0.54,1.756762201810415e-79
METTL3,9.847707386641542e-84,0.5952862426389948,0.639,0.31,1.7809578808741227e-79
ZNF277,1.0757206972187963e-83,0.655719629024139,0.643,0.325,1.9454408809201932e-79
MBOAT2,1.085461417900915e-83,0.6155996465736047,0.713,0.39,1.9630569742738046e-79
BZW2,1.2615485753066678e-83,0.5853279246356053,0.82,0.519,2.2815105984421088e-79
PAAF1,1.3228243467672887e-83,0.6482027642361183,0.511,0.214,2.3923278311286416e-79
TMEM178B,1.6188979483793716e-83,1.293483438187125,0.281,0.073,2.9277769396440936e-79
FBXL4,1.7461148957001764e-83,0.5413055347252949,0.833,0.504,3.157848788873769e-79
NME7,1.8779482700072002e-83,0.7274723683623898,0.435,0.162,3.3962694463080216e-79
DAZAP1,2.2780533899128617e-83,0.7095319782140935,0.625,0.314,4.11985955565741e-79
NKTR,2.777568224461183e-83,0.5101697317746972,0.784,0.458,5.0232321339380495e-79
GK5,3.0303032281670445e-83,0.5629322831785534,0.812,0.491,5.4803033881401e-79
LRMDA,3.155758922645475e-83,0.7100930011648976,0.467,0.184,5.707190011604342e-79
LRRC61,3.708684919164695e-83,0.5578867895812194,0.61,0.288,6.70715667630935e-79
MED28,3.987467139850377e-83,0.5477593480135295,0.82,0.481,7.211334322419407e-79
GDPD5,4.287024848371903e-83,1.38462782513036,0.242,0.051,7.753084438280587e-79
EIF3M,4.9996851189392514e-83,0.6001988595336827,0.803,0.505,9.041930537601636e-79
RTKN2,5.099351452979807e-83,0.7047769954340795,0.471,0.186,9.222177102713981e-79
PIP4K2B,5.1928920923331584e-83,0.5708853704108402,0.616,0.3,9.391345348984517e-79
ATP1B1,5.602837165780581e-83,0.3852875372049782,0.987,0.884,1.0132731014314181e-78
AZGP1,5.81315806609239e-83,0.2814037593436194,0.607,0.277,1.0513096362528088e-78
ARHGAP11A,5.83547663992511e-83,0.8321102752336582,0.386,0.136,1.0553459503304561e-78
IMPACT,8.190778262375267e-83,0.6907576774347122,0.572,0.27,1.481302248750567e-78
ADAM32,8.802441644826686e-83,0.8005841453367086,0.409,0.148,1.5919215714669062e-78
SETMAR,9.148671493361683e-83,0.6501855449926539,0.442,0.168,1.6545372395744603e-78
KIAA1549,9.93555276496298e-83,0.5645941440646591,0.46,0.179,1.796844717543555e-78
GLMN,1.429198505374058e-82,0.7141771071497747,0.487,0.2,2.584705496968984e-78
CERS6,1.4370253082649046e-82,0.46895387649063713,0.951,0.713,2.59886026999708e-78
NMD3,2.0539846871729674e-82,0.6031866355104961,0.761,0.445,3.7146313067523115e-78
GTF2F1,2.845099887753495e-82,0.6257161516180105,0.7,0.385,5.145363147002196e-78
PODXL,3.1040221171837215e-82,0.7434795896219604,0.389,0.133,5.61362399892676e-78
NOP58,3.3719551657318486e-82,0.5022088547654942,0.855,0.555,6.098180917226048e-78
RAB3IP,3.704213005180537e-82,0.47596344025970183,0.906,0.622,6.699069219869002e-78
ATP1A1,3.7686293897650243e-82,0.5575571313299175,0.895,0.656,6.815566251390047e-78
PHKA1,4.526322074372723e-82,0.6009256366728283,0.617,0.297,8.185853471503069e-78
IFT80,5.559062735104008e-82,0.5226241940509526,0.602,0.277,1.0053564956435599e-77
ITGB3BP,5.966073573976845e-82,0.647435585679415,0.506,0.209,1.0789644058537124e-77
PRMT7,6.075075959341672e-82,0.5540644089263203,0.6,0.281,1.0986774872469415e-77
EIF1,9.165118752156237e-82,0.7933292347295192,0.658,0.365,1.6575117263274553e-77
GABPA,9.287095512389925e-82,0.7893734889026385,0.478,0.198,1.679571223415718e-77
NUCKS1,9.609479136608374e-82,0.5038896553837104,0.891,0.611,1.7378743018556244e-77
DHRSX,9.87916509608596e-82,0.6159429305582675,0.736,0.412,1.7866470076271457e-77
GUSB,1.0967792261166793e-81,0.5870863047904431,0.808,0.513,1.9835252304320147e-77
ZNF581,1.2024936327375124e-81,0.6060230469852668,0.49,0.205,2.174709734805791e-77
PFN2,1.4784595108835488e-81,0.5587815047188378,0.677,0.343,2.6737940254328982e-77
CBX3,1.6771054549908243e-81,0.509298846200108,0.917,0.66,3.0330452153509055e-77
IFITM2,1.8157893058070595e-81,0.6889807670349659,0.449,0.177,3.283854959552067e-77
KANSL1L,2.330186802138525e-81,0.5530599667019618,0.661,0.33,4.214142831667522e-77
NCL,2.5268409682334728e-81,0.5061780470239121,0.925,0.7,4.569791891050236e-77
FOCAD,3.163261974753025e-81,0.5719060093035528,0.706,0.376,5.720759281340846e-77
RRM1,4.259125836561153e-81,0.6023752590840065,0.712,0.384,7.702629075420846e-77
CLDN1,4.778562921467863e-81,0.6982903225987869,0.42,0.157,8.64203104347463e-77
B9D1,5.089081595073511e-81,0.5489855867348852,0.586,0.271,9.203604064690444e-77
SPRY2,5.898740244822914e-81,0.556793846386944,0.858,0.578,1.066787173276224e-76
FBXO21,6.4043525070605315e-81,0.745176975711314,0.508,0.22,1.1582271509018972e-76
TOP2A,8.150930642425849e-81,0.712447199179746,0.706,0.397,1.4740958066827147e-76
WDR31,9.86640546923922e-81,0.8260727748867729,0.335,0.103,1.784339429111913e-76
TRIM59,9.890578493053401e-81,0.7710219965632379,0.395,0.141,1.7887111204687076e-76
NIT2,1.2542341843497006e-80,0.5731337612569996,0.753,0.424,2.2682825223964333e-76
VENTX,1.5253181709226168e-80,0.9654031214794601,0.286,0.075,2.7585379121135524e-76
EDN1,1.757771322467245e-80,0.7205501919484192,0.549,0.261,3.1789294366820125e-76
THNSL2,1.8452849409193846e-80,0.528382645249908,0.635,0.305,3.337197815652707e-76
SPEF2,1.8493768141906677e-80,0.5823029540649958,0.589,0.27,3.3445979684638224e-76
DUSP18,1.949763140612737e-80,0.6032534580203988,0.598,0.284,3.526146639798135e-76
LYRM1,1.962016392338712e-80,0.7075288696433915,0.489,0.206,3.548306645544561e-76
PMFBP1,1.9782753808682884e-80,0.6398649045253297,0.501,0.214,3.5777110263003e-76
SLC44A3,2.349272373957672e-80,0.518247380470511,0.922,0.685,4.24865908830245e-76
FAM210B,2.493633835971415e-80,0.9153134575120467,0.369,0.127,4.509736792354304e-76
FAM169A,2.6034803278145216e-80,0.744012540280413,0.356,0.116,4.708394172852562e-76
GSAP,3.585414167239293e-80,0.4722713248576509,0.532,0.23,6.484221521452262e-76
FAIM,3.752547354117888e-80,0.5394472368284697,0.649,0.32,6.7864818899222e-76
C12orf45,4.092250879488406e-80,0.6080570090050843,0.489,0.204,7.400835715554782e-76
ST7,4.2405609642685595e-80,0.7548085993862204,0.477,0.2,7.66905450387969e-76
REPS2,5.071308238802878e-80,0.5851352475460607,0.698,0.37,9.171460949875004e-76
CRYZ,5.989679593760286e-80,0.5368896070221947,0.664,0.333,1.0832335545315477e-75
GATM,6.4399121598828884e-80,0.9790449599814346,0.469,0.204,1.1646581141148204e-75
ZNF337,6.619998196636085e-80,0.5192790830924794,0.705,0.371,1.197226673861636e-75
NPM3,7.261331486116394e-80,0.5867415590874057,0.584,0.275,1.31321179926415e-75
MAD2L2,8.648368230850123e-80,0.7033396092589848,0.408,0.151,1.5640573945492446e-75
SF3A3,8.797465782012433e-80,0.6601237351681142,0.479,0.201,1.5910216866769485e-75
MSI2,8.953748906178879e-80,0.4704882236925902,0.925,0.68,1.6192854896824503e-75
SEZ6L2,9.740548794730895e-80,0.5898581389481754,0.623,0.307,1.7615782495270823e-75
ILF2,1.002168652229595e-79,0.5745642146385266,0.817,0.521,1.8124220075572225e-75
LANCL1,1.4099123202299385e-79,0.5119112233664075,0.774,0.45,2.549826431135844e-75
HIST1H4C,1.4187740181897157e-79,0.6817263699579867,0.636,0.338,2.5658528118961007e-75
DDX39B,1.4875470012350594e-79,0.5669660126205585,0.726,0.416,2.690228751733605e-75
CACHD1,1.4935432942114458e-79,1.15611509235146,0.267,0.065,2.7010730475814e-75
AP2B1,1.6403245160204212e-79,0.657706806862332,0.603,0.296,2.966526887222932e-75
HNRNPDL,1.6575611012136508e-79,0.4794961904757405,0.9,0.623,2.9976992515448874e-75
RPGRIP1L,1.6833800510423292e-79,0.8059169661026018,0.378,0.131,3.0443928223100523e-75
ZBTB18,1.7168237567212541e-79,0.4803374642153019,0.836,0.5,3.104875764030388e-75
RCC1L,1.8467696257656192e-79,0.6546425120361351,0.658,0.35,3.3398828681971224e-75
RMND1,1.8977623328592922e-79,0.587096561211006,0.772,0.452,3.43210317897603e-75
AJUBA,2.172614295253808e-79,0.5977090969889405,0.44,0.167,3.9291729529665117e-75
KPNA5,2.225175332838719e-79,0.6063789754868476,0.416,0.153,4.024229589438823e-75
RASAL1,2.354098740321154e-79,0.4915525165387499,0.654,0.322,4.257387571870807e-75
ERGIC3,2.4250001920855606e-79,0.37806793087602575,0.978,0.853,4.3856128473867363e-75
POFUT1,2.967308248466947e-79,0.5492671025981015,0.757,0.444,5.366376967352474e-75
CKAP2,3.180916418916309e-79,0.6280931510521217,0.551,0.258,5.752687343610146e-75
AC091057.6,3.273487205881435e-79,0.7737544081891956,0.39,0.14,5.920101611836575e-75
CLUAP1,4.4170479520076e-79,0.6659924219586439,0.501,0.214,7.988231221205745e-75
PAQR7,4.6195792920527997e-79,0.7742989364988642,0.334,0.104,8.354509149677489e-75
NOC3L,4.821087714244287e-79,0.5436445008219375,0.62,0.299,8.718937131210794e-75
XPO1,5.35678744332292e-79,0.5990596327566503,0.632,0.317,9.6877500912495e-75
FUS,5.933780983391955e-79,0.5368250519196278,0.811,0.502,1.073124290846435e-74
PARP6,6.081731745552152e-79,0.6776521035821104,0.504,0.215,1.0998811861831066e-74
NOA1,7.288069239446135e-79,0.509555578548053,0.836,0.519,1.3180473219538335e-74
GDE1,7.533356262267863e-79,0.6518690272970238,0.822,0.57,1.362407480031143e-74
CCDC50,1.145661420936456e-78,0.4739221746919673,0.932,0.684,2.071928679763581e-74
REG1A,1.1689178750824846e-78,0.8231543552773919,0.4,0.157,2.1139879770866733e-74
LYRM9,1.2171529286332812e-78,0.6689860594932417,0.357,0.116,2.201221071433289e-74
RARG,1.2348529347433876e-78,0.5254720777563493,0.646,0.325,2.2332315324834164e-74
NET1,1.3367619243500358e-78,0.5232528286093754,0.904,0.668,2.4175339401870396e-74
CHD9,2.790496499795524e-78,0.6803525528359418,0.638,0.336,5.046612919880205e-74
TRAPPC6A,3.3774519934406666e-78,0.5071642833437134,0.737,0.409,6.108121930137446e-74
PDZD8,4.025383959806322e-78,0.45024420857231107,0.979,0.8,7.279906891309734e-74
MRE11,4.695574961507032e-78,0.6289293667162581,0.525,0.232,8.491947317885467e-74
GIGYF1,4.776581344721083e-78,0.4938324153395186,0.867,0.561,8.638447361928078e-74
GSTO1,5.058890321721189e-78,0.7084804665661626,0.558,0.261,9.14900314683277e-74
ARL3,5.952293620808265e-78,0.7906562264119972,0.429,0.169,1.0764723013231746e-73
EIF2D,6.2101151206397e-78,0.5171392236261795,0.763,0.439,1.1230993195676897e-73
RGL2,6.270742384061925e-78,0.50894438568791045,0.808,0.469,1.1340637601575992e-73
UXT,6.274123853616419e-78,0.5006978661060681,0.869,0.609,1.1346752989265293e-73
SET,6.674431501646595e-78,0.4978980368306516,0.919,0.666,1.2070709370727867e-73
LMF1,6.755084882380438e-78,0.5813064199098861,0.533,0.241,1.2216571009785022e-73
DHX40,6.966481730656092e-78,0.5063587302919242,0.758,0.425,1.2598882209891543e-73
AUTS2,7.064329152198424e-78,0.5591281360563346,0.793,0.486,1.277583927175085e-73
HMGN3,7.651724764559549e-78,0.5115441572833542,0.813,0.498,1.3838144236705944e-73
ERI3,8.991247289538172e-78,0.5437097163735811,0.678,0.359,1.6260670723129785e-73
FBXO9,9.025898240353546e-78,0.5788407335202773,0.726,0.412,1.6323336967679386e-73
MEX3C,9.768777011139782e-78,0.648823828598426,0.486,0.206,1.7666833224646294e-73
MPG,1.0788943608152858e-77,0.49971633732999543,0.633,0.32,1.9511804515344444e-73
G6PC3,1.1953325526875047e-77,0.5972974693666956,0.604,0.296,2.1617589215353523e-73
PHF19,1.260636235091499e-77,0.6198443947647274,0.717,0.402,2.279860631162976e-73
TMEM231,1.2790096715643754e-77,0.5429772838839533,0.412,0.152,2.313088991024173e-73
ELP2,1.3330580409602815e-77,0.47361412084472765,0.854,0.525,2.4108354670766692e-73
EDAR,1.3575891432338791e-77,0.8040397177604812,0.316,0.095,2.4551999655384704e-73
SETD6,1.611598652192859e-77,0.6260698245441725,0.457,0.181,2.914576162490785e-73
KIF11,1.8634839919891685e-77,0.7349623480066072,0.549,0.264,3.370110799512411e-73
ZBTB4,2.0758049533352785e-77,0.4942657272692649,0.626,0.31,3.754093258106851e-73
MMP7,2.2430607021876028e-77,0.4970107341230665,0.483,0.2,4.05657527990628e-73
FABP6,2.4350015106809203e-77,1.346130238233028,0.274,0.075,4.403700232066444e-73
GINS2,2.6021839124137047e-77,0.7364103580301029,0.52,0.238,4.706049605600185e-73
FITM2,2.904516636603768e-77,0.7984876942470911,0.427,0.169,5.2528183372979145e-73
NLE1,3.2226896314834646e-77,0.4681546891256192,0.592,0.277,5.828234198537846e-73
ZNF680,3.374683444239726e-77,0.5206728057650623,0.574,0.263,6.103115008907544e-73
TMPO,3.545230606837696e-77,0.5579046357910961,0.749,0.428,6.411549552465973e-73
PYROXD2,4.16653363921197e-77,0.6191069755520766,0.435,0.169,7.535176086514847e-73
ZNF503,5.144871153775058e-77,0.49117135588733163,0.513,0.218,9.304499481602192e-73
GMPR2,5.36659077653657e-77,0.5613238069873794,0.631,0.316,9.705479419366388e-73
R3HDM2,5.551978379660578e-77,0.5387949563751402,0.813,0.503,1.0040752899616156e-72
FKBP10,5.6859367870291446e-77,0.7172373542505692,0.376,0.133,1.0283016679342209e-72
CD99,6.3052983137755896e-77,0.4024890011196556,0.965,0.769,1.1403132000463153e-72
ASPM,8.22798925564445e-77,0.6533585316526755,0.552,0.256,1.4880318568832988e-72
IRAK1BP1,8.50428661174956e-77,0.83222344178477,0.325,0.101,1.5380002337349077e-72
C17orf49,8.595895496487611e-77,0.5132826755542365,0.775,0.45,1.5545677005397844e-72
CREG1,8.70062067473277e-77,0.5752150101118361,0.784,0.49,1.5735072490254216e-72
LARS,8.968106556200265e-77,0.47843981744069614,0.872,0.574,1.6218820706888179e-72
TRA2A,9.827391558718565e-77,0.45531562715158935,0.962,0.746,1.7772837633942525e-72
HIST1H2BB,1.0661489098296775e-76,0.9588028927479417,0.33,0.106,1.9281303034269717e-72
EPHX4,1.1630439392538622e-76,1.2528153365428447,0.224,0.045,2.1033649641406098e-72
RCL1,1.168002118814842e-76,0.5644147451713216,0.623,0.308,2.1123318318766417e-72
SPATA7,1.5010557483053227e-76,0.6735734189007743,0.383,0.136,2.714659320810176e-72
ZMYM3,1.5181706263434934e-76,0.5195439534098147,0.618,0.293,2.7456115777422077e-72
TERF1,1.7708483649521546e-76,0.7794313589786583,0.425,0.169,3.2025792680159716e-72
ZNF185,1.9317722660442625e-76,0.5051642899732303,0.447,0.177,3.4936101431410486e-72
CPD,2.0571365104653223e-76,0.6282362507114079,0.691,0.387,3.7203313791765355e-72
GABRB3,2.083457436823012e-76,1.3851247046536885,0.217,0.042,3.767932774494417e-72
CDCA7L,2.1592538975703053e-76,0.49746695434343113,0.703,0.364,3.905010673755897e-72
GALNT11,2.1725386739858137e-76,0.6552533379307262,0.607,0.304,3.9290361919033443e-72
CBLB,2.2397294103632748e-76,0.5457258459923044,0.717,0.392,4.0505506386419826e-72
CCT4,2.2582320330317167e-76,0.6330351060103565,0.663,0.355,4.0840126317378597e-72
BBS1,2.339471208407808e-76,0.46717715962677564,0.683,0.351,4.230933680405521e-72
FBXO22,2.3983266361969507e-76,0.5905056780079665,0.619,0.309,4.337373721562185e-72
CPSF3,2.5978835888070656e-76,0.5354014798861828,0.705,0.382,4.698272470357578e-72
RBBP7,3.4253236550894877e-76,0.5284413183805663,0.841,0.54,6.194697830229338e-72
NUMA1,3.6619239632766726e-76,0.44028900741457444,0.975,0.8,6.622589487585862e-72
CERS2,3.9202495140115525e-76,0.6026921135432155,0.663,0.361,7.089771246089893e-72
PPT1,4.197919180320644e-76,0.5385575511721227,0.674,0.359,7.591936837609884e-72
KLF7,4.432151850934197e-76,0.5668078726228711,0.457,0.185,8.015546622414495e-72
TLCD3A,4.85531297344205e-76,0.5750831641270726,0.56,0.261,8.780833512469947e-72
TIMM9,5.539445650930091e-76,0.5383894929127413,0.591,0.282,1.001808745970707e-71
SMARCAD1,5.666466841743942e-76,0.4896955671969139,0.748,0.414,1.0247805283293918e-71
FAM221A,5.946076966484558e-76,0.5665981458202196,0.676,0.356,1.0753480193887322e-71
FYCO1,6.12428214631784e-76,0.6614514453075777,0.455,0.187,1.1075764261615813e-71
DCAKD,6.624261493648277e-76,0.4362260373914462,0.764,0.433,1.197997691126291e-71
CCSER1,7.998667952606644e-76,0.5365382256736098,0.702,0.38,1.4465590992289116e-71
MGAT5,1.2557183389369406e-75,0.5324911485327359,0.762,0.446,2.270966615967457e-71
OXGR1,1.3529669555482784e-75,0.9003255719384105,0.262,0.067,2.4468407391090614e-71
MEST,1.3697048233811231e-75,0.8370812631682196,0.369,0.131,2.477111173084761e-71
EXOSC5,1.4104096112292283e-75,0.5776815992608528,0.599,0.29,2.550725781908059e-71
FOXA1,1.4423086351937745e-75,0.5788755375719061,0.648,0.34,2.608415166747941e-71
TTC27,1.6079427741836757e-75,0.5274928907351957,0.621,0.304,2.9079645071111775e-71
MDH2,2.0268248882766343e-75,0.577911827840145,0.784,0.506,3.665512810448293e-71
NPIPB15,2.1697942033902874e-75,0.7387969108852173,0.478,0.208,3.9240728168313346e-71
POLR3C,2.481398211851413e-75,0.5499774824602752,0.655,0.335,4.4876086661332806e-71
GOSR1,2.7339673442709266e-75,0.6694202089233183,0.507,0.228,4.944379942113971e-71
PIGP,2.9664261131187856e-75,0.5882610892092872,0.584,0.286,5.364781625575323e-71
PRMT1,3.1340722439801743e-75,0.5051617638091301,0.84,0.541,5.667969653238145e-71
RPE,3.415736880471501e-75,0.6400417985118612,0.481,0.204,6.1773601483327096e-71
PRSS21,3.902587902867968e-75,1.3397940190074702,0.252,0.063,7.05783022233672e-71
RAD50,3.9795243973347997e-75,0.5265929031039153,0.775,0.462,7.196969872579985e-71
NECTIN1,4.495308156867891e-75,0.5814771597065456,0.701,0.39,8.129764801695581e-71
MELTF,4.7772377641523e-75,0.5948113854720847,0.572,0.281,8.639634496469435e-71
ALKBH3,6.423692883170817e-75,0.6509992661609405,0.4,0.149,1.1617248579214424e-70
PCDHGA10,7.857762920615895e-75,0.5105471662637686,0.425,0.164,1.4210764241933845e-70
FAN1,8.470206838736855e-75,0.47531096319721144,0.674,0.351,1.5318369067855603e-70
NOTUM,8.696649714293536e-75,1.7787472768325192,0.228,0.051,1.572789100829986e-70
RYK,1.1138182156348067e-74,0.5615907115560115,0.577,0.275,2.014340242975548e-70
TFAM,1.2948416808507613e-74,0.6031874043138479,0.5,0.219,2.341721179818602e-70
ZNF69,1.4114687520120124e-74,0.49138621801347204,0.741,0.406,2.5526412380137244e-70
TUBB,1.4123518317071348e-74,0.7061607322670751,0.61,0.324,2.5542382876423534e-70
UBE2E1,1.5562928136985874e-74,0.6590984925058649,0.551,0.261,2.814555553573895e-70
LFNG,1.7029717877166662e-74,0.469415986529168,0.906,0.622,3.079824478085591e-70
SUSD1,1.762362249215207e-74,0.4847182928655316,0.837,0.526,3.1872321277057016e-70
ETF1,2.141752397398993e-74,0.7910777970184881,0.475,0.21,3.873359210696079e-70
GJB1,2.1540608067020777e-74,0.6336513417613803,0.588,0.288,3.8956189689207074e-70
SNRPE,2.2167777481451657e-74,0.5740240694877223,0.509,0.227,4.0090425575205323e-70
PMS1,2.453388690117609e-74,0.4967337347293036,0.676,0.361,4.436953446077696e-70
REV3L,2.994655199298669e-74,0.61806311644132,0.501,0.218,5.415833927931643e-70
ZNF32,3.4249773707206404e-74,0.5270114793907383,0.653,0.342,6.194071574948278e-70
SAP30,3.825920409912003e-74,0.47923085216809935,0.662,0.339,6.919177061325858e-70
B3GALNT2,3.91477723620499e-74,0.5976647854531523,0.584,0.282,7.079874631676724e-70
BCL7A,4.208764010355116e-74,0.5713179544985953,0.54,0.242,7.611549712727228e-70
PPL,4.250555317489371e-74,0.576998329261639,0.426,0.167,7.687129291679527e-70
GCA,4.4750910080767934e-74,0.6947066044315713,0.476,0.206,8.093202088106881e-70
PTBP3,5.2758194036959496e-74,0.39411170654322536,0.964,0.794,9.541319391584125e-70
SEPTIN2,5.370288573329837e-74,0.5131969351586381,0.8,0.506,9.71216688486701e-70
ST3GAL4,6.662451139551131e-74,0.5707875595715679,0.824,0.568,1.204904288587822e-69
GPR160,7.361540985109053e-74,0.7153675827982733,0.726,0.449,1.3313346871569723e-69
LYPLAL1,8.515348365632885e-74,0.5569043899239303,0.601,0.293,1.5400007519247073e-69
PROSER1,9.608623327428243e-74,0.46915801649230415,0.625,0.31,1.7377195287653977e-69
ARHGEF10L,1.0720273305749125e-73,0.38753688380251505,0.975,0.793,1.9387614273447293e-69
ABRAXAS1,1.1089806528410915e-73,0.6138350292391632,0.458,0.19,2.005591510663114e-69
SMAD5,1.162382887606748e-73,0.5387634947916315,0.742,0.419,2.1021694522368036e-69
BOD1,1.2627211622571981e-73,0.46555718557634274,0.609,0.296,2.2836312219421428e-69
REG3A,1.2916257028499918e-73,1.7317025443107819,0.283,0.084,2.33590508360421e-69
RNF130,1.6443736678401537e-73,0.5453792862448932,0.708,0.401,2.973849778288918e-69
FGFRL1,1.7965612551643947e-73,0.5668318025099854,0.674,0.368,3.249081029964808e-69
NICN1,1.8700930478999915e-73,0.520334816279725,0.602,0.293,3.382063277127135e-69
ADAMTSL2,2.1318819815845332e-73,1.1241162692215227,0.262,0.07,3.8555085636956283e-69
IFT46,2.2173935485918898e-73,0.5193437485938996,0.534,0.239,4.010156232628433e-69
RPUSD4,2.2983005711928125e-73,0.5179296792603971,0.706,0.386,4.1564765830022013e-69
GPCPD1,2.4677112395256532e-73,0.41090181178555707,0.957,0.711,4.462855776682144e-69
PRUNE2,2.6087708688905943e-73,0.4483558345191465,0.909,0.639,4.71796211638864e-69
FHDC1,2.7623343561727404e-73,0.5059933059677956,0.883,0.593,4.995681683138401e-69
CUTA,2.9656404475986485e-73,0.44721968587490746,0.879,0.621,5.363360749482156e-69
SNRNP40,3.0652742838733226e-73,0.49103230075541465,0.789,0.476,5.543548542384904e-69
ST3GAL5,3.0794939811159164e-73,0.5738273958568516,0.525,0.238,5.569264864848134e-69
BUB1,3.345139892350755e-73,0.744459819694455,0.427,0.175,6.04968549531634e-69
NR2C1,3.920037824772631e-73,0.6161497347126466,0.574,0.276,7.089388406101303e-69
P4HTM,4.0576609019124965e-73,0.444848390132886,0.869,0.563,7.338279741108749e-69
CCDC60,4.145715460602939e-73,0.7455733193669123,0.374,0.136,7.497526410500415e-69
NAV2,4.2452156377047675e-73,0.5698935422034226,0.56,0.263,7.677472480789072e-69
ODC1,4.391365083827146e-73,0.5953436629708877,0.604,0.31,7.941783754101393e-69
OST4,4.403382821490288e-73,0.5902179764518591,0.61,0.312,7.963517832665186e-69
DUS4L,4.441841229415384e-73,0.6915042313948958,0.388,0.145,8.033069863397722e-69
TNS4,4.5441725543579286e-73,0.5257388923193077,0.758,0.443,8.218136064556314e-69
CFAP97,4.845029880229091e-73,0.5292748102464737,0.59,0.283,8.762236538394311e-69
THG1L,5.1791642514523275e-73,0.47988261549675726,0.636,0.318,9.366518548751535e-69
TXNRD3,5.448973711674594e-73,0.4881868463754293,0.539,0.242,9.854468957563502e-69
UPK3A,5.681587227914206e-73,0.802212693254345,0.264,0.07,1.0275150501682843e-68
LRP3,5.914685886084182e-73,0.8530769937961047,0.371,0.134,1.0696709424983243e-68
TSGA10,8.83430395100713e-73,0.6597993607902537,0.445,0.184,1.5976838695396394e-68
SHTN1,9.813735421160833e-73,0.4629627685307944,0.863,0.552,1.7748140509169366e-68
GYG2,1.0032355253044071e-72,1.2480967977898514,0.253,0.066,1.8143514475130201e-68
SCNN1A,1.0192803956259171e-72,0.39142933359984555,0.988,0.848,1.843368595489471e-68
MAGEF1,1.0707254679805802e-72,0.5708424372448107,0.487,0.212,1.936407008842879e-68
DLGAP5,1.0736222632289668e-72,0.7122727968168612,0.501,0.232,1.9416458630495864e-68
PNPLA4,1.4292144661499003e-72,0.7631822779622621,0.49,0.222,2.5847343620320945e-68
POLG2,1.4642774161345893e-72,0.4789936999971951,0.695,0.365,2.6481457070794047e-68
PRRC2A,1.6608244424649642e-72,0.5781976775947549,0.631,0.325,3.003601004197888e-68
NPHP1,1.8707858982491214e-72,0.7584322353595399,0.289,0.084,3.383316296983536e-68
DKC1,1.9539816535645743e-72,0.5104306640573459,0.811,0.503,3.5337758204715327e-68
PTDSS1,1.9783719422665772e-72,0.5282920431291617,0.721,0.414,3.5778856575891048e-68
SYT1,2.0199002740642368e-72,0.8541122181777814,0.258,0.068,3.6529896456451724e-68
CCNB1,2.150538778178323e-72,0.5894018768396707,0.726,0.417,3.889249380335497e-68
GNL1,2.31354132014126e-72,0.5557596295930842,0.554,0.26,4.184039477475469e-68
ZFP36L1,2.3205091355473437e-72,0.3817842204625055,0.972,0.804,4.196640771637371e-68
DUT,2.641016836981073e-72,0.44121955520511635,0.716,0.395,4.77627894968027e-68
EPB41L2,2.8445571996113036e-72,0.3887482714561472,0.968,0.807,5.144381695497043e-68
GAS8,2.998668184223594e-72,0.4624774946576332,0.682,0.353,5.423091411168369e-68
ARMC9,3.26511527264513e-72,0.6792365406713592,0.391,0.148,5.9049609705787176e-68
TNS3,3.3015286664158175e-72,0.540286328907044,0.807,0.501,5.970814593213006e-68
G2E3,3.9382953855379344e-72,0.7837212955345505,0.354,0.124,7.122407204745355e-68
LSM14B,4.111306111196802e-72,0.42008237018077366,0.788,0.464,7.435297102099416e-68
MCRIP1,4.2849906961435833e-72,0.41721641336363113,0.681,0.353,7.749405673975671e-68
WDR3,5.172245174401201e-72,0.5302042401554401,0.573,0.276,9.354005397904572e-68
ZNF146,6.46646535949256e-72,0.504773539383398,0.723,0.407,1.1694602602642295e-67
CEP57,6.502129138123105e-72,0.5311079133069243,0.619,0.311,1.1759100546295635e-67
ZNF84,8.958215782188655e-72,0.546200365059107,0.586,0.287,1.6200933242088182e-67
GOLGA7,9.110616522614443e-72,0.6543559017807433,0.594,0.304,1.647654998114822e-67
TFAP4,9.113059084559902e-72,0.5947708119916366,0.356,0.125,1.6480967354426583e-67
DPYSL3,1.0131617555178261e-71,0.4916103866236621,0.396,0.149,1.8323030348539887e-67
TRIM66,1.187891288078449e-71,0.5769172041099493,0.475,0.205,2.1483013944898752e-67
EXOSC8,1.240273071911395e-71,0.6009428964142467,0.607,0.308,2.243033850551758e-67
NUBPL,1.4282676992362428e-71,0.47214372199308996,0.6,0.292,2.583022134068745e-67
GTF3C3,1.685255940534466e-71,0.4851617277214124,0.757,0.438,3.047785368456582e-67
ACP6,1.7196734748787907e-71,0.47503299194724713,0.7,0.373,3.1100294793182926e-67
GKAP1,2.1219179279457616e-71,0.6604615615930407,0.37,0.133,3.8374885726899095e-67
LPCAT2,2.203269741824869e-71,0.5318557959249046,0.544,0.259,3.984613328090276e-67
DAGLA,2.388325365609814e-71,0.5201847480444055,0.529,0.243,4.3192864237053485e-67
ECT2,2.5086719212235407e-71,0.5928279458290917,0.763,0.47,4.5369331695327734e-67
VEZF1,2.526320891828179e-71,0.5164280938856408,0.764,0.449,4.568851332871261e-67
GPN1,2.627539069971253e-71,0.5645217778802001,0.577,0.281,4.751904408043011e-67
SMAD6,2.677197352211975e-71,0.4224632746418643,0.867,0.553,4.8417114114753566e-67
RTKN,2.6909603662679075e-71,0.4967522148057685,0.838,0.532,4.866601822395511e-67
DLL4,2.82464110214123e-71,0.7151716966760362,0.366,0.132,5.108363433222414e-67
HDGFL2,3.0486518245964466e-71,0.4951030911821507,0.686,0.37,5.5134868247826735e-67
KRTCAP3,3.081858385025946e-71,0.4182869428456171,0.91,0.635,5.5735408893194233e-67
BBS9,3.123161687750425e-71,0.480252105919331,0.534,0.242,5.6482379122966433e-67
PPIL1,3.6070157887058173e-71,0.5180507168421222,0.523,0.242,6.52328805387447e-67
MOB1B,4.57445098414392e-71,0.5682630897732888,0.428,0.17,8.27289460482428e-67
USP28,4.960508609184612e-71,0.5561126586879956,0.546,0.26,8.97107981971037e-67
IL17RD,4.9616502586145e-71,1.0178961281762935,0.244,0.061,8.973144492704323e-67
NEPRO,5.2867508994711715e-71,0.615824150599678,0.513,0.233,9.561089001693613e-67
GPC2,5.3296447279946815e-71,0.6423386254273322,0.328,0.109,9.638662490578381e-67
HARS,5.466571143891822e-71,0.5336347999386039,0.629,0.328,9.88629391372836e-67
TRIT1,6.473525267308019e-71,0.4406062337704425,0.741,0.409,1.1707370445926553e-66
FBXO44,7.0516798667180284e-71,0.4828176667963291,0.443,0.181,1.2752963038959555e-66
DGAT2,7.166725524300532e-71,0.5408487094247121,0.417,0.164,1.2961023110697512e-66
SLC7A5,7.74605923830585e-71,0.5340870860744031,0.463,0.198,1.400874813247613e-66
ANKAR,8.054521410113422e-71,0.5048163055831114,0.556,0.262,1.4566601970190125e-66
IFT81,8.474167912083566e-71,0.46797315842308684,0.557,0.263,1.5325532669003128e-66
ARSE,8.642370279510124e-71,0.6952844989064288,0.691,0.398,1.5629726650494059e-66
NUP155,8.717021518486309e-71,0.47081923524190494,0.676,0.362,1.576473341618249e-66
CASTOR3,8.85171787025079e-71,0.6817957642896775,0.337,0.115,1.6008331768348554e-66
KLHL42,1.0098406481690347e-70,0.46379378498067014,0.632,0.319,1.8262968122136994e-66
C2CD4A,1.0356107065685563e-70,0.3570968849102165,0.42,0.165,1.872901962829234e-66
PTPRO,1.0735163477844983e-70,0.7915802255433715,0.388,0.152,1.9414543149682654e-66
HAUS2,1.0925327002128167e-70,0.4959634647012703,0.537,0.25,1.975845388334879e-66
TKT,1.1488601534523654e-70,0.485437580353944,0.807,0.528,2.0777135875186027e-66
SH3BP5,1.2663213380258374e-70,0.42908130059760596,0.459,0.19,2.2901421398197268e-66
GRB7,1.339089584231508e-70,0.4968610208883786,0.488,0.214,2.421743513082682e-66
EDF1,1.6475778683608513e-70,0.7677774886376747,0.559,0.293,2.9796445749305995e-66
HOXA10,1.754784407416998e-70,0.5201702350319358,0.784,0.474,3.173527600813641e-66
COLCA2,1.9183332959660912e-70,0.9164494077108332,0.267,0.075,3.469305765754676e-66
GLG1,2.0636458235430754e-70,0.5226870723174781,0.665,0.362,3.732103471877652e-66
GTF2H4,2.0778248130410742e-70,0.5135071540279195,0.501,0.219,3.757746174384783e-66
RCAN3,2.211778039064862e-70,0.4082051111588606,0.723,0.397,4.0000005836488026e-66
WARS2,2.2603731768705396e-70,0.46898046499643264,0.53,0.244,4.087884890370371e-66
FOXK1,2.275784960445383e-70,0.4742591742355851,0.826,0.509,4.1157571009654753e-66
MYBBP1A,2.2761153539163184e-70,0.4295995434921469,0.813,0.497,4.116354617557662e-66
GPBP1L1,2.6150544073466815e-70,0.503508033598773,0.9,0.67,4.7293258956864734e-66
SKP2,3.118824094789991e-70,0.45514069564702875,0.558,0.265,5.640393375427699e-66
SNRPN,3.1913088568034623e-70,0.7130779309892858,0.294,0.09,5.771482067529061e-66
ZDHHC4,3.250410046555924e-70,0.520413562859311,0.729,0.419,5.878366569196388e-66
SNRPB2,3.324693172493639e-70,0.7182465880349875,0.48,0.216,6.012707602454746e-66
TSNARE1,3.5922486985610445e-70,0.5001910303583701,0.581,0.281,6.496581771347649e-66
INTU,3.6512776832548354e-70,0.4608603543756624,0.493,0.214,6.60333569016637e-66
NR2C2AP,3.678741236769157e-70,0.47829256314121205,0.521,0.233,6.65300352669702e-66
CLN6,3.743898411690022e-70,0.5219448627630474,0.702,0.387,6.770840277541405e-66
LAMC1,4.5832307631430716e-70,0.5795868877696164,0.652,0.355,8.288772835144245e-66
PRR11,4.616466838018907e-70,1.205784168275092,0.277,0.083,8.348880276557192e-66
ATAT1,4.694114646260162e-70,0.4989438739629819,0.616,0.311,8.489306337761503e-66
NPAS2,4.789202619062878e-70,0.5618609486977817,0.736,0.436,8.661272936575215e-66
PRDM5,4.846749179371161e-70,0.26213898392770507,0.596,0.281,8.765345890892745e-66
MNAT1,5.1630748089051697e-70,0.4973997170093223,0.507,0.227,9.337420791905e-66
AMT,6.508068791732501e-70,0.39704097508822195,0.875,0.565,1.1769842409848228e-65
HACD3,6.638661223328756e-70,0.4992902022563746,0.734,0.415,1.2006018822390055e-65
ZKSCAN8,7.499573220465102e-70,0.4444972601510333,0.62,0.309,1.3562978169211137e-65
TMEM185B,7.645442078423686e-70,0.472546028296954,0.639,0.327,1.3826781998829236e-65
GET1,8.182752645085484e-70,0.6415243452062405,0.432,0.18,1.4798508158637098e-65
ASMTL,8.60324585524177e-70,0.4294427138461392,0.735,0.401,1.5558970129204742e-65
PRKAR1B,8.844114406895188e-70,0.49277382141893644,0.634,0.327,1.5994580904869947e-65
STX17,8.945238194002298e-70,0.4649218060069933,0.719,0.394,1.6177463273853155e-65
HOXB3,9.281886034868583e-70,0.4168058816126205,0.793,0.471,1.6786290894059833e-65
OXCT1,9.912566094629503e-70,0.621270768014083,0.431,0.177,1.7926875782137455e-65
TMEM237,1.0238816750175321e-69,0.7513689034404853,0.307,0.099,1.8516900092692068e-65
RBM28,1.092934783511881e-69,0.48162736887974367,0.628,0.319,1.9765725559812367e-65
RRP1,1.1537745519971428e-69,0.44618371136148705,0.701,0.378,2.0866012772868326e-65
MXRA7,1.2097821381222547e-69,0.384555308792521,0.624,0.314,2.1878909967940976e-65
RFT1,1.2854858485498163e-69,0.5042339182473186,0.584,0.289,2.324801157102343e-65
N4BP2L2,1.3195202464060036e-69,0.4799303013348077,0.913,0.657,2.3863523656252573e-65
ULK2,1.584768845674372e-69,0.7155560817081597,0.382,0.145,2.8660544574021017e-65
ITGA2,1.8305714602891803e-69,0.4351266160646804,0.796,0.477,3.3105884859329823e-65
FAM149A,1.861491583138108e-69,0.725349091681943,0.322,0.107,3.3665075281052685e-65
NHP2,1.8705968344556559e-69,0.4802361151000391,0.874,0.633,3.3829743751130534e-65
MECR,1.92258126006798e-69,0.5643360086148543,0.52,0.243,3.4769882088329416e-65
DDX31,2.0544016627155753e-69,0.4844262271514317,0.596,0.296,3.7153854070211178e-65
KIAA0586,2.2335615913703091e-69,0.5164222517505115,0.516,0.232,4.039396137993204e-65
TMPRSS3,2.343537166078255e-69,0.7575152242898948,0.28,0.084,4.2382869648525244e-65
SCCPDH,2.417984541487944e-69,0.4971074145428733,0.783,0.475,4.372925043280947e-65
PIK3IP1,2.459817896545594e-69,0.39604293854486394,0.655,0.341,4.448580665902706e-65
PLA2G6,2.49374539069649e-69,0.49614472756727945,0.612,0.303,4.509938539074602e-65
METTL1,3.326782333749088e-69,0.4847510667737982,0.508,0.226,6.016485850585225e-65
MCM7,3.3441698546569637e-69,0.40813133637662746,0.972,0.777,6.0479311821471184e-65
SRRM1,3.36607621247027e-69,0.41241276890018075,0.948,0.723,6.087548830252483e-65
SYT13,3.5022483495551417e-69,0.4591781231022105,0.527,0.243,6.333816140170474e-65
NFE2L3,3.69650016100812e-69,0.5374881357791006,0.498,0.226,6.685120541183185e-65
TMPRSS13,3.795923100356336e-69,0.9742984848725009,0.232,0.056,6.864926926994433e-65
PRPF6,3.7975139399570556e-69,0.4332716829745037,0.917,0.654,6.867803960412335e-65
CMSS1,3.9652797652287403e-69,0.5548010827005876,0.536,0.253,7.171208455416177e-65
BUB1B,4.036684704154778e-69,0.6413201774786947,0.382,0.148,7.3003442874639155e-65
AGBL4,4.105970350377645e-69,0.835921262366957,0.278,0.082,7.425647378657971e-65
CEP70,4.139501398010932e-69,0.4539400293624556,0.717,0.399,7.48628827830277e-65
AC118549.1,4.1509517280785904e-69,0.5139671599900764,0.717,0.405,7.506996200230131e-65
MYEF2,4.5434192783557916e-69,0.4547225297404812,0.52,0.237,8.21677376490645e-65
DCAF16,4.6216047656602525e-69,0.43691171722900524,0.83,0.525,8.358172218696566e-65
SPINDOC,4.969565105352684e-69,0.6047587079883139,0.418,0.168,8.98745849303033e-65
LSM7,5.319841985104628e-69,0.4276711961779588,0.927,0.695,9.62093423006172e-65
DYRK1B,5.470289327552685e-69,0.45548851547689106,0.607,0.305,9.89301824887903e-65
TRMT61B,5.506781121554973e-69,0.4812914447245842,0.599,0.293,9.95901365833217e-65
ICE2,5.593757033625472e-69,0.5875200683743442,0.538,0.257,1.0116309595311666e-64
SPIN3,5.95497594201498e-69,0.4559786456863557,0.691,0.365,1.076957399113409e-64
NSMCE3,6.157134772188283e-69,0.6734403635681661,0.449,0.193,1.113517823550251e-64
SMARCE1,6.584130902992651e-69,0.41695574034296895,0.752,0.442,1.1907400738062209e-64
SF3A2,6.64864880308261e-69,0.4331576519493567,0.813,0.516,1.2024081360374901e-64
THOC1,8.233801483043126e-69,0.5066846103692328,0.476,0.21,1.4890829982083492e-64
NAA15,8.341156117655461e-69,0.4891657893280976,0.739,0.432,1.5084980838779901e-64
FAM200A,9.200251735846311e-69,0.4815479238992757,0.353,0.127,1.6638655264278055e-64
TPD52L1,9.499407357215352e-69,0.5026961313459282,0.491,0.219,1.7179678205523964e-64
MAPK1IP1L,9.682143540009956e-69,0.6280746182208763,0.612,0.329,1.7510156592108007e-64
MEAF6,9.984483499730007e-69,0.4603949913093064,0.872,0.587,1.8056938409261717e-64
NHLRC3,1.0347768450818691e-68,0.5024686802915437,0.583,0.287,1.8713939243305603e-64
FCHO1,1.7387348798471223e-68,0.3529254789955083,0.586,0.281,3.144502030203521e-64
ZFP36L2,1.7659042302658164e-68,0.3992692396340851,0.988,0.878,3.193637800435729e-64
RBPMS,1.7986952846729172e-68,0.46663440752194185,0.634,0.335,3.2529404223309706e-64
FAM166C,1.83961490840444e-68,1.054951113250148,0.21,0.045,3.3269435618494296e-64
NUDT1,1.9446713814707767e-68,0.5278253725453337,0.529,0.246,3.5169381933899e-64
DLGAP4,2.0010097659248503e-68,0.43866036324359575,0.83,0.53,3.6188261616750915e-64
NCAPD2,2.0057258810255872e-68,0.48655747760560386,0.743,0.432,3.6273552558347745e-64
KPNA4,2.030531553874155e-68,0.5541722662447016,0.681,0.393,3.6722163151814094e-64
PLPP2,2.036480910443837e-68,0.4011923855208278,0.918,0.686,3.682975726537679e-64
FOXJ3,2.145429914332693e-68,0.5899470606978716,0.526,0.249,3.8800100000706756e-64
TBPL1,2.153026475856605e-68,0.5959321739518626,0.474,0.212,3.89374838158667e-64
TSG101,2.2678681358160982e-68,0.6450895717792884,0.555,0.28,4.101439523623414e-64
POT1,2.27398821014097e-68,0.7455755991287742,0.359,0.135,4.112507678039944e-64
ZNF280D,2.3926212919972196e-68,0.5525050794564594,0.513,0.238,4.327055606576972e-64
R3HDM1,2.5799892583299325e-68,0.5526856831309386,0.433,0.181,4.665910573689683e-64
COMMD6,2.6809773687108017e-68,0.5901007587309617,0.676,0.383,4.848547571313485e-64
CREB3L4,2.85324590926048e-68,0.46410550998012234,0.558,0.264,5.1600952268975776e-64
PRPF31,2.976418195441605e-68,0.5130702744723873,0.748,0.44,5.3828523064561426e-64
PLAGL2,3.0044145971367083e-68,0.40715589567757315,0.629,0.321,5.433483798921737e-64
CRTAP,3.2633675143741318e-68,0.3942647440079796,0.951,0.75,5.9018001497456175e-64
RPA1,3.499904569575306e-68,0.5385436593405694,0.605,0.312,6.329577414076941e-64
GCFC2,3.550967390444929e-68,0.7565989992310418,0.352,0.129,6.421924525619654e-64
FBXO42,3.636278279451883e-68,0.5640363768845067,0.535,0.255,6.57620926838873e-64
DEPTOR,3.666374221378337e-68,0.4009290547768656,0.606,0.293,6.630637779362722e-64
GSK3B,3.6826953793050447e-68,0.5376495363244651,0.742,0.452,6.660154593473173e-64
GNPNAT1,3.733500856291822e-68,0.6605507683749805,0.494,0.23,6.75203629860376e-64
FTSJ3,3.746440078853808e-68,0.5479026875351249,0.574,0.288,6.775436882607111e-64
TBC1D19,4.134487105313375e-68,0.7213693835663948,0.364,0.136,7.477219929959239e-64
SLCO3A1,4.1387746640883426e-68,0.5297629085386535,0.452,0.192,7.484973980003768e-64
THAP12,4.637234341416222e-68,0.44447095151772853,0.526,0.245,8.386438306451237e-64
TTYH3,4.779159153314432e-68,0.42214108366048725,0.887,0.617,8.643109328769151e-64
HNRNPM,5.146914292710448e-68,0.5723718647550431,0.61,0.325,9.308194498366845e-64
THNSL1,5.689674940195173e-68,0.5964012225131996,0.405,0.162,1.0289777129342971e-63
C19orf53,5.753345408157354e-68,0.5944847096708166,0.543,0.267,1.0404925170652574e-63
ANLN,6.134520429749913e-68,0.7780851409736034,0.551,0.29,1.1094280197202717e-63
ABCE1,6.165769924436627e-68,0.6597941102987788,0.382,0.147,1.115079490834364e-63
RBM26,7.634270108515427e-68,0.5521850372150072,0.683,0.377,1.380657749125015e-63
GEMIN8,7.761961512604212e-68,0.7603938685441647,0.362,0.136,1.4037507395544718e-63
KNL1,8.03386261838415e-68,0.6052033229340077,0.497,0.231,1.4529240545347735e-63
THYN1,8.152702012823391e-68,0.43221132003759993,0.744,0.433,1.4744161590191104e-63
PDCD7,8.22160417343331e-68,0.5036735100723739,0.563,0.271,1.486877114765414e-63
KCNQ1,9.007041992025514e-68,0.43822623032869923,0.833,0.539,1.628923544257814e-63
COPG2,9.269060650285275e-68,0.4805004590596994,0.755,0.445,1.676309618604092e-63
HPS4,9.272675407497706e-68,0.39371774926886255,0.771,0.441,1.67696334744596e-63
FAM98B,9.551063928378399e-68,0.487190833808666,0.744,0.441,1.7273099114472334e-63
GEMIN5,1.003118526270981e-67,0.6558360478722616,0.422,0.174,1.8141398547610692e-63
LYRM4,1.0675336669711844e-67,0.46245386430886404,0.491,0.218,1.9306346367173868e-63
TXLNG,1.0858028125315962e-67,0.5609521301764744,0.519,0.239,1.9636743864633918e-63
METAP2,1.2321526191228196e-67,0.5154220592724723,0.686,0.388,2.2283480116836192e-63
SHISA6,1.28652639233798e-67,1.2829872324998992,0.188,0.036,2.3266829805432367e-63
KDELR1,1.309188828074031e-67,0.5402932805911412,0.63,0.331,2.367667995571885e-63
RBBP6,1.3359674538067217e-67,0.4877963163342295,0.645,0.345,2.4160971402094562e-63
B3GNTL1,1.3818642643637962e-67,0.4598887253483057,0.477,0.209,2.4991015221019254e-63
APH1B,1.3938925689994725e-67,0.5560253255643852,0.318,0.106,2.520854711035546e-63
ZNF177,1.4390736061501988e-67,0.8047066154675333,0.299,0.096,2.6025646167226347e-63
SLC29A3,1.4814272149622902e-67,0.6798430735809653,0.365,0.138,2.679161118259302e-63
RGS13,1.5743366099489023e-67,0.9976731080617118,0.226,0.055,2.84718775909259e-63
YWHAE,1.590254946148536e-67,0.44858804795480933,0.916,0.717,2.875976070109627e-63
SLC25A26,1.663610748670557e-67,0.4227570200607187,0.679,0.36,3.0086400389707025e-63
UBE2I,1.6944255508272616e-67,0.38192731729102913,0.963,0.797,3.0643686086711023e-63
UBA2,1.7174600557737008e-67,0.49528155664065815,0.731,0.425,3.106026510866738e-63
CLK1,1.791600567691132e-67,0.46267898079908326,0.881,0.591,3.240109626669412e-63
TDP1,2.0154596273286545e-67,0.48592198431334155,0.539,0.257,3.6449587360238715e-63
VEZT,2.124606912528755e-67,0.49365601243472534,0.657,0.351,3.8423516013082534e-63
GAB2,2.5240702992726808e-67,0.6822111451783717,0.444,0.195,4.5647811362346433e-63
GOPC,2.6117686680338025e-67,0.43103891355666557,0.9,0.639,4.7233836361391316e-63
ARHGAP5,2.6751054414536735e-67,0.5038974803037504,0.732,0.424,4.8379281908689686e-63
MGMT,2.6850667205005058e-67,0.3384525191245368,0.768,0.439,4.855943164025165e-63
ZNF544,2.7602496271688987e-67,0.39794081891893823,0.829,0.502,4.991911450734953e-63
TMEM258,2.9406485040054414e-67,0.9247444377408955,0.345,0.127,5.31816281949384e-63
UBE2C,3.638230228534157e-67,0.5183217239124626,0.657,0.358,6.579739368304023e-63
RCN2,3.661453825334607e-67,0.5686406422593966,0.599,0.305,6.621739243117637e-63
NOL9,3.9853744862337183e-67,0.4769492782188569,0.604,0.304,7.207549758353679e-63
ZNF444,4.376159362866884e-67,0.4039966918595673,0.805,0.473,7.91428420774476e-63
SLC7A8,4.643684731175398e-67,0.41706106924992037,0.77,0.452,8.398103836330707e-63
ZDHHC1,4.934876494425598e-67,0.7171592790742931,0.373,0.145,8.924724140168694e-63
CARS2,5.320432769856194e-67,0.4513447159289687,0.809,0.497,9.622002664284926e-63
PLCB1,5.5517509469643975e-67,0.491669985129495,0.516,0.233,1.0040341587585112e-62
PSRC1,5.554838138291045e-67,0.6148530990054255,0.39,0.154,1.0045924773099355e-62
DBNDD1,5.610343862806068e-67,0.5135669509557874,0.389,0.151,1.0146306875884773e-62
HSPD1,5.622512548195555e-67,0.46956819835657104,0.848,0.594,1.016831394341166e-62
TRIM4,5.637391256567783e-67,0.47454604721540244,0.831,0.529,1.0195222087502836e-62
SMIM19,6.094788448459618e-67,0.49832804805702163,0.723,0.42,1.102242490903922e-62
PNISR,6.435011945769713e-67,0.4197792076603777,0.959,0.752,1.1637719103924524e-62
INTS13,6.469812379665567e-67,0.4525498744005714,0.643,0.337,1.1700655688625178e-62
IGBP1,7.515990547221235e-67,0.5009343321401903,0.767,0.473,1.3592668904649602e-62
NOP56,7.593072415896127e-67,0.4269270462260243,0.888,0.607,1.3732071464148147e-62
UBXN10,7.772051865564909e-67,0.45759837053864283,0.489,0.215,1.4055755798874138e-62
DNMT3A,8.402383645852907e-67,0.4097536527607292,0.799,0.472,1.5195710823524984e-62
RBP4,8.593868240282244e-67,0.6924781398293729,0.316,0.107,1.5542010712550437e-62
PRMT6,8.903287039980892e-67,0.43533230937574574,0.57,0.273,1.6101594611805443e-62
GTF2B,9.576662625425119e-67,0.5155761001555625,0.588,0.296,1.7319394358081328e-62
PLAAT3,9.580846941768015e-67,0.7106894638998655,0.389,0.155,1.7326961694187455e-62
RXYLT1,1.0378045487126356e-66,0.44495026783671476,0.586,0.291,1.8768695263468015e-62
CAMLG,1.3106603714399018e-66,0.486886979223335,0.672,0.366,2.3703292817490625e-62
CPNE1,1.3192233783550283e-66,0.465643214170518,0.891,0.647,2.3858154797550686e-62
QPRT,1.3423403185581116e-66,0.45719070801628553,0.875,0.586,2.427622466112345e-62
PCBP2,1.5994111809558719e-66,0.5501698034025687,0.646,0.352,2.8925351207586942e-62
GET3,1.642351919683369e-66,0.55499611905629,0.641,0.349,2.9701934467473727e-62
CDK1,1.7132241329336446e-66,0.651981709357424,0.626,0.352,3.0983658444104964e-62
TMEM201,1.783336174680089e-66,0.5056297127620704,0.425,0.178,3.2251634719089413e-62
TMEM67,1.8371921630804992e-66,0.6627186160941672,0.328,0.114,3.3225620269310827e-62
TGIF1,1.8546098295919656e-66,0.35940534521181644,0.975,0.787,3.35406187681707e-62
OXA1L,2.4135422575062946e-66,0.5353255506909745,0.767,0.494,4.3648911727001335e-62
EMD,2.4481483083142625e-66,0.4964987688605278,0.771,0.474,4.427476215586344e-62
WASHC3,2.567893793057069e-66,0.4874337059086758,0.731,0.419,4.644035924743709e-62
TMEM205,2.6815145355141867e-66,0.4692930754702014,0.628,0.329,4.8495190374774065e-62
NQO2,2.772514968820736e-66,0.5358284436126883,0.416,0.172,5.014093321112301e-62
TANC2,2.827851698169438e-66,0.38711779831645954,0.516,0.24,5.114169796139429e-62
PCM1,3.028315578482241e-66,0.4408430406064463,0.925,0.688,5.476708723685133e-62
GATA2,3.0521644371552735e-66,0.5434211043299401,0.558,0.283,5.519839384595312e-62
CEP95,3.1927454962069874e-66,0.48048487874008816,0.606,0.302,5.774080229890337e-62
NLN,3.3281321890506787e-66,0.44465900806853265,0.604,0.3,6.018927063898152e-62
REXO2,3.5155009364878354e-66,0.337061469875817,0.972,0.812,6.35778344363825e-62
ZMYND11,3.52308192986899e-66,0.45839384733130123,0.725,0.423,6.371493670168068e-62
CCDC106,3.584294468284235e-66,0.3236055121174153,0.428,0.174,6.482196545892039e-62
JPH1,3.975185951136569e-66,0.46727218486162103,0.695,0.378,7.189123792630485e-62
WDR75,4.0148169564904034e-66,0.4211401074717867,0.761,0.436,7.260796465812894e-62
ZNF287,4.075510648919785e-66,0.8090183390007692,0.264,0.077,7.370561008571431e-62
SPESP1,4.3080758311495625e-66,1.5535665049667289,0.179,0.032,7.791155140633983e-62
POLR1C,5.386318164301034e-66,0.5292606207750392,0.585,0.292,9.74115640013842e-62
MTERF2,5.75048217764546e-66,0.48157265082358497,0.732,0.422,1.0399747018271813e-61
DYRK4,6.498556394401876e-66,0.49280927407611186,0.567,0.28,1.1752639239275793e-61
ZNF559,9.183494595968151e-66,0.2904691070181422,0.612,0.3,1.66083499768084e-61
DTD1,9.742589696130574e-66,0.47053139982469216,0.643,0.344,1.761947346545214e-61
RBM12,1.066388190150549e-65,0.46331289119222385,0.652,0.349,1.9285630418872678e-61
INO80B,1.2966539437760915e-65,0.38435850833561375,0.918,0.642,2.3449986573190616e-61
PRAC2,1.331054481234588e-65,0.8753248536775113,0.262,0.075,2.407212029312752e-61
DEPDC1B,1.3545198187032894e-65,0.7921759353370044,0.389,0.158,2.4496490921248988e-61
TRIM28,1.4066510007729054e-65,0.4337102851623429,0.62,0.316,2.5439283348977995e-61
BBS5,1.4212532610557767e-65,0.5840843668515738,0.357,0.133,2.570336522619372e-61
KIF19,1.4442406922662036e-65,0.8818847397467078,0.27,0.082,2.6119092919634292e-61
AGK,1.5081711477756963e-65,0.4570629068473795,0.476,0.209,2.7275275207523466e-61
ACP1,1.5098532238119872e-65,0.765319521865409,0.397,0.164,2.730569555263979e-61
PLEKHS1,1.5665279712491746e-65,0.39275054718943503,0.551,0.264,2.833065836004132e-61
SERPINB5,1.6416165941795426e-65,0.29447057046046643,0.568,0.274,2.968863610573703e-61
GADD45A,1.7587795884246332e-65,0.5284617944132113,0.506,0.238,3.180752885665949e-61
SARS2,1.9388113588106786e-65,0.3725713077060153,0.545,0.257,3.506340342409112e-61
NSMAF,1.9483211082674876e-65,0.49046973044678843,0.695,0.391,3.5235387243017515e-61
MSH5,2.078013290034222e-65,0.4070695935732429,0.701,0.377,3.75808703502689e-61
FNBP1L,2.144288825284006e-65,0.4373052322616956,0.914,0.655,3.8779463405261246e-61
BCL9,2.1763608878164584e-65,0.4778364275566873,0.389,0.154,3.9359486656160646e-61
KLHDC3,2.2792230233745537e-65,0.4824129800131165,0.722,0.414,4.12197483777288e-61
LY6G6E,2.4167086493355686e-65,0.62218050216193,0.351,0.13,4.370617592323376e-61
RPA2,2.4920356476560066e-65,0.7117281957843518,0.317,0.109,4.5068464687858876e-61
SUPT16H,2.516901412499773e-65,0.4425153734121179,0.817,0.522,4.551816204505839e-61
GTSE1,2.6222456432504315e-65,0.7139773438815062,0.38,0.155,4.7423312458184054e-61
FBXO7,2.6686415213384234e-65,0.5016596497997095,0.816,0.549,4.826238191340539e-61
LMBR1,2.807717740236212e-65,0.5026089616878826,0.679,0.374,5.0777575332171895e-61
CXXC4,2.8294113826890986e-65,0.7305387824184284,0.286,0.089,5.116990485593235e-61
RPP30,2.8390764192579693e-65,0.490463242125728,0.586,0.292,5.134469704228038e-61
KIF18A,2.84262413787205e-65,0.7348471908163923,0.402,0.171,5.1408857533416024e-61
FBXO25,2.949929447202287e-65,0.578160725886598,0.497,0.235,5.334947405265336e-61
TTC8,3.0296905420201872e-65,0.43901900438257213,0.64,0.333,5.4791953452435084e-61
REST,3.2839770898025693e-65,0.4621265389488293,0.745,0.439,5.939072566907947e-61
ATPSCKMT,3.981641374890799e-65,0.4108882913770364,0.685,0.37,7.20079842649001e-61
CCT2,4.093862769447135e-65,0.5444796537764508,0.62,0.333,7.403750818545144e-61
SMYD2,4.304139315461851e-65,0.43699640120095223,0.818,0.503,7.784035952012757e-61
TRIM27,4.3777417132562835e-65,0.366513068912397,0.949,0.711,7.917145888423988e-61
USP6NL,4.521013097577341e-65,0.4632124919267713,0.694,0.386,8.176252186968621e-61
LRRC27,4.9841402648702346e-65,0.5034598010075657,0.416,0.172,9.01381766901782e-61
FSD1L,5.066489594289453e-65,0.46659565957360294,0.452,0.196,9.162746431272476e-61
CBY1,5.502530546407211e-65,0.5958723550509677,0.427,0.181,9.95132649317744e-61
TWNK,5.626678729773965e-65,0.5618479504659781,0.402,0.163,1.0175848482796215e-60
AMZ2,5.67725142168992e-65,0.7747178117675553,0.348,0.13,1.026730919612622e-60
IFT122,5.682083113716968e-65,0.43577843371873204,0.589,0.292,1.0276047311157136e-60
COL9A2,5.715193768180198e-65,0.33521388292247095,0.688,0.373,1.0335927929753888e-60
NME4,6.254284484474806e-65,0.3317932933369128,0.807,0.488,1.1310873490172686e-60
CEP250,7.061909013506253e-65,0.42786059064699955,0.732,0.41,1.2771462450926057e-60
GLO1,7.5743163645366215e-65,0.6328248424132965,0.565,0.295,1.369815114526448e-60
VWA2,7.611450469318285e-65,0.44616793089371865,0.863,0.563,1.3765308173762117e-60
CELSR1,7.93639980861746e-65,0.5413056515394468,0.337,0.122,1.4352979053884677e-60
TSPOAP1,8.06111382239429e-65,0.41783209711741165,0.543,0.254,1.4578524347800075e-60
GRM8,8.125745188488779e-65,1.0163771840180171,0.298,0.102,1.4695410173381956e-60
TEAD4,8.504748331336588e-65,0.7063972993567389,0.376,0.149,1.538083735722222e-60
ZC3HAV1L,8.824298132777612e-65,0.8246950364161512,0.306,0.104,1.5958743173128312e-60
ATP11A,9.017579914997468e-65,0.361812344810722,0.696,0.377,1.630829327627292e-60
KIAA1324L,9.069419730391161e-65,1.1186723356691786,0.303,0.108,1.6402045582412415e-60
FBXO5,1.0310023810211739e-64,0.4921611250522968,0.4,0.165,1.864567806076793e-60
STOML2,1.137496963212435e-64,0.48343175613262723,0.83,0.551,2.0571632579696886e-60
XRCC6,1.1902798337014892e-64,0.5148499290727884,0.713,0.42,2.1526210792491433e-60
FUZ,1.2084797314955742e-64,0.4492702925282477,0.403,0.162,2.185535594409746e-60
REPS1,1.3210145369386604e-64,0.4480307860009217,0.725,0.419,2.3890547900535674e-60
TOP2B,1.4115019953199524e-64,0.4025160915344571,0.799,0.479,2.552701358536134e-60
RNF4,1.4353066987358714e-64,0.5854589006049502,0.549,0.269,2.5957521646638236e-60
MND1,1.5674162891649686e-64,0.5798892884044236,0.407,0.168,2.834672358954846e-60
CENPH,1.6470433504397938e-64,0.6228295766386247,0.376,0.15,2.978677899270367e-60
RAB3D,1.7608661959552184e-64,0.4342435716869222,0.658,0.357,3.1845265153850123e-60
PTTG1,1.7809222648064864e-64,0.5614050087869356,0.519,0.253,3.2207979159025305e-60
SPNS2,1.9282990199129556e-64,0.4613712423359251,0.524,0.255,3.4873287775125804e-60
PRPF8,1.9428637941159025e-64,0.4513510680376944,0.703,0.402,3.5136691716586097e-60
PRKRA,2.027580743588743e-64,0.4445846848954141,0.769,0.461,3.6668797747802413e-60
APOLD1,2.0997703567676175e-64,0.8388832924226257,0.265,0.079,3.7974346902142364e-60
PKP4,2.213372433270261e-64,0.5143380076983746,0.512,0.241,4.002884045569267e-60
SRP72,2.417820548209206e-64,0.4832470394885109,0.747,0.441,4.372628461436349e-60
FAM136A,2.668951507365066e-64,0.5125625709544348,0.664,0.367,4.826798801069722e-60
PPAN,2.8591133572559612e-64,0.4380206329512464,0.701,0.39,5.170706506597405e-60
DIS3L,3.14554556626476e-64,0.426703439640836,0.703,0.39,5.688719156589818e-60
ASNSD1,3.2885885338800285e-64,0.4045831979991851,0.722,0.415,5.947412363522031e-60
ACVR1B,3.3600985862386105e-64,0.46343341894045853,0.857,0.585,6.076738293212527e-60
SLC16A2,3.3761873097796786e-64,0.9941861988768341,0.212,0.05,6.105834749736549e-60
H2AFY2,3.4248618331439054e-64,0.37238069044158495,0.615,0.311,6.193862625240753e-60
AC073111.4,3.4625285015304886e-64,0.42906845151410766,0.704,0.393,6.261982795017889e-60
TCTN1,3.574020875534977e-64,0.6868655070265581,0.308,0.105,6.463616753405006e-60
FGFR1OP,3.5854225420207355e-64,0.5408223854021641,0.596,0.312,6.4842366672445e-60
C19orf44,3.589631423454349e-64,0.5780036066611638,0.328,0.118,6.49184842931719e-60
FN3K,3.7908297331780384e-64,0.46014636790492736,0.649,0.352,6.855715572452482e-60
CHCHD6,4.120243182447809e-64,0.5046567544024443,0.417,0.174,7.451459795456863e-60
CENPW,4.141091646952642e-64,0.5981867927333688,0.592,0.319,7.489164243513853e-60
MAP3K7CL,4.280581773739256e-64,0.8920042848016045,0.255,0.075,7.741432137807444e-60
CANT1,4.400855977865745e-64,0.34668065153962013,0.976,0.834,7.9589480359702e-60
FBXW8,4.4602548686584845e-64,0.4164931926358895,0.762,0.443,8.06637092996887e-60
TROAP,4.5377364512065964e-64,0.6022263914228594,0.489,0.225,8.20649637200713e-60
ZC2HC1A,4.6519573988079335e-64,0.5102950153789951,0.453,0.197,8.413064955744148e-60
SIRT5,4.661059600813003e-64,0.46870336098498466,0.658,0.358,8.429526288070316e-60
HES6,5.019557857182076e-64,0.5291902396495042,0.923,0.683,9.077870384713784e-60
RBPJ,5.26835066832224e-64,0.4805396770711161,0.539,0.263,9.527812183660771e-60
BCDIN3D,6.0122751172851475e-64,0.7059812909305281,0.323,0.115,1.087319954961019e-59
BUB3,6.0647547544450696e-64,0.44098108218199067,0.809,0.512,1.096810897341391e-59
NAA16,6.106072454544876e-64,0.5333885998330041,0.453,0.199,1.1042832034044408e-59
HMGB2,6.958373328662412e-64,0.4570626954981258,0.887,0.613,1.2584218164885972e-59
AURKB,7.070138429709968e-64,0.6401735344631093,0.552,0.282,1.2786345350130475e-59
GLE1,7.150927605189441e-64,0.5388303598337395,0.655,0.359,1.2932452573985104e-59
UTP4,7.287676899562119e-64,0.5451965509136025,0.487,0.226,1.3179763672858092e-59
RRP12,7.30837594267321e-64,0.4190078575289915,0.443,0.192,1.3217197892324502e-59
HILPDA,7.587700673848157e-64,0.49356538332801003,0.464,0.21,1.3722356668654392e-59
DYNC1H1,7.594258543682135e-64,0.5701367387678928,0.465,0.213,1.373421657624914e-59
ULK1,7.663473623770114e-64,0.39244315413145525,0.686,0.373,1.3859392048588252e-59
CROCC,7.81086008180993e-64,0.3203788177821365,0.535,0.25,1.4125940457953259e-59
ABLIM1,7.971656134985948e-64,0.45690339893239335,0.885,0.64,1.4416740120122087e-59
TMEM39B,8.036512525822748e-64,0.4338443896916446,0.532,0.251,1.453403290295044e-59
NIPSNAP1,8.14796615452005e-64,0.45114222274034654,0.671,0.369,1.473559679044951e-59
RGS12,8.912316349977039e-64,0.4632235921393235,0.529,0.25,1.6117924118933475e-59
SLC41A3,1.0815035806987565e-63,0.547281669634879,0.39,0.158,1.955899225693701e-59
ZC3H14,1.1516854702647667e-63,0.48057188194296285,0.675,0.37,2.0828231729738304e-59
OCIAD1,1.1741275933395475e-63,0.5009015961950296,0.804,0.532,2.123409752554572e-59
C21orf58,1.2175883824942252e-63,0.47952800675342955,0.444,0.195,2.202008589740806e-59
RPAP2,1.220689570751076e-63,0.5194251005299813,0.478,0.217,2.2076170887033206e-59
ZNF785,1.3314008151003085e-63,0.34515204987080317,0.535,0.251,2.407838374108908e-59
HNF1B,1.3834664142301257e-63,0.35700660872156914,0.775,0.462,2.501999010135182e-59
ACTN1,1.397273301979196e-63,0.36678320474105564,0.957,0.768,2.526968766629376e-59
CYB5RL,1.4401856679148296e-63,0.4185172644135444,0.497,0.228,2.6045757804239695e-59
ZWILCH,1.45414462724288e-63,0.6712040902591712,0.394,0.161,2.6298205583687485e-59
SF1,1.5323776650780118e-63,0.5324032118606962,0.618,0.332,2.7713050072935844e-59
XAB2,1.5430600519691115e-63,0.4687280710878201,0.72,0.406,2.7906241039861383e-59
GABRP,1.546458604353496e-63,1.0528985727960167,0.193,0.041,2.7967703859732975e-59
BBX,1.7273753967309778e-63,0.40637195842159346,0.585,0.291,3.1239584049879734e-59
TBCD,1.9045446784351608e-63,0.4243910685339721,0.704,0.398,3.4443690509499883e-59
USP3,1.9961428942192544e-63,0.40967844978680695,0.929,0.671,3.6100244241955216e-59
ACCS,2.033124494972394e-63,0.39784985719330646,0.551,0.264,3.6769056491575745e-59
TPM4,2.0333284726117314e-63,0.5009317961929566,0.783,0.5,3.677274542718316e-59
NFATC4,2.0681190781380254e-63,0.47986731377793834,0.604,0.311,3.740193352812619e-59
PMEPA1,2.2381490970550288e-63,0.3485529007629474,0.61,0.307,4.04769264202402e-59
DOCK11,2.2857610742802373e-63,0.579016899621303,0.435,0.191,4.133798902835809e-59
NDUFS8,2.406747318064392e-63,0.6655317419984392,0.498,0.242,4.352602524719453e-59
SEC23IP,2.4498357581934115e-63,0.4453313341990819,0.697,0.4,4.430527968692785e-59
FN1,2.761801658877952e-63,1.629015083341392,0.295,0.102,4.994718300080777e-59
SRPK2,2.856089158442174e-63,0.46929734751034413,0.687,0.376,5.165237243042671e-59
ZNF774,3.0204844595240283e-63,0.369543166421886,0.628,0.329,5.4625461450492055e-59
THOC7,3.2932263071793855e-63,0.45980921311685197,0.791,0.515,5.955799776533918e-59
FAM227A,3.3239723974733494e-63,0.6523529036401663,0.277,0.088,6.011404080830552e-59
HEATR1,3.357894290232438e-63,0.3226407702785188,0.735,0.406,6.072751823885364e-59
FTL,3.436862901291451e-63,0.6584595716483399,0.881,0.726,6.215566556985589e-59
WDR5B,3.634318819040335e-63,0.4925234194042476,0.334,0.122,6.572665584234445e-59
PIK3R2,4.199477760802979e-63,0.4298644694760698,0.797,0.501,7.594755530412187e-59
CITED4,4.366115140771846e-63,0.37688612085195405,0.424,0.174,7.896119232085883e-59
RBIS,4.437234379257859e-63,0.6247900170322298,0.459,0.209,8.02473837488784e-59
PCID2,4.7190517840256667e-63,0.42923229522516704,0.814,0.505,8.534405151410417e-59
SUZ12,4.797461628524905e-63,0.4250169532634711,0.806,0.497,8.67620935518729e-59
RAE1,5.25849701307593e-63,0.56889782806014,0.614,0.326,9.50999184814782e-59
MKS1,5.280040208690042e-63,0.38178120763804535,0.474,0.214,9.548952717415942e-59
FPGT,5.571346191963565e-63,0.4984612193647562,0.567,0.286,1.0075779588166107e-58
LRRC34,5.858853404029306e-63,0.8516986653969516,0.214,0.052,1.0595736381187e-58
ZNF599,5.89801076735113e-63,0.4719106418199188,0.359,0.138,1.066655247275452e-58
LNX1,6.06556186029039e-63,0.37593755180977584,0.647,0.335,1.0969568624335171e-58
SF3B3,6.250010708687416e-63,0.40519491328703566,0.887,0.622,1.1303144366661192e-58
CENPU,6.612523085976102e-63,0.6070263286896584,0.523,0.26,1.195874800098778e-58
RASGEF1B,6.832357030345332e-63,0.4183878947816728,0.543,0.26,1.2356317689379533e-58
KIF9,6.97443785639303e-63,0.3980194153637724,0.573,0.287,1.2613270863286794e-58
MIS18A,7.176893156879102e-63,0.6929415579262244,0.437,0.196,1.2979411274215855e-58
PSMG4,7.385269346735216e-63,0.37013845148033786,0.501,0.234,1.3356259613570638e-58
LRP8,7.530082373783066e-63,0.5720001828262629,0.44,0.194,1.3618153972986673e-58
ZBED1,8.178940615374548e-63,0.443534591776367,0.836,0.547,1.479161410290487e-58
EXOSC7,8.673935817114771e-63,0.41775029439017347,0.826,0.515,1.5686812925252063e-58
ANKIB1,9.771804055640208e-63,0.4005687857155398,0.713,0.396,1.7672307634625314e-58
C14orf93,9.975414572731075e-63,0.45068096658117596,0.503,0.237,1.8040537254784148e-58
CUL7,1.0806512948205658e-62,0.39691940845296214,0.559,0.275,1.9543578666829934e-58
ORC3,1.084127987027968e-62,0.43320130748572483,0.399,0.163,1.9606454645400802e-58
FOXM1,1.1439341063033379e-62,0.6072695362044622,0.488,0.231,2.0688048312495864e-58
WDR27,1.1925336522140822e-62,0.4279773289390575,0.833,0.528,2.1566971100291675e-58
MZT1,1.226791545429793e-62,0.5216738032253607,0.395,0.165,2.2186525099097803e-58
RHPN1,1.2541338943735395e-62,0.3839105136924649,0.814,0.495,2.2681011479745464e-58
GALK1,1.2800788741351115e-62,0.42571942890233894,0.472,0.216,2.315022643873349e-58
WDR43,1.303022770162106e-62,0.437837833083684,0.833,0.535,2.3565166798381686e-58
CDC25C,1.4099174394109951e-62,0.6098908179673659,0.358,0.14,2.5498356891747846e-58
SSR2,1.421086048382337e-62,0.35899006420921886,0.941,0.757,2.5700341184994564e-58
HSCB,1.5069130438018555e-62,0.46077448792520825,0.484,0.225,2.725252239715656e-58
PLEKHG5,1.520100890631886e-62,0.43996320539414874,0.864,0.568,2.749102460707766e-58
OSBPL1A,1.581642473483168e-62,0.6000510747587469,0.322,0.114,2.860400413294309e-58
MCM8,1.5901706206534894e-62,0.5060545297380874,0.521,0.253,2.8758235674518355e-58
PRPF40B,1.7671654404899265e-62,0.35522168064283965,0.386,0.154,3.195918699126032e-58
GRIN2D,1.7858118074423948e-62,0.5201371385315148,0.459,0.203,3.229640653759571e-58
GNPDA2,1.8348669603035325e-62,0.6931751471493661,0.328,0.12,3.318356897708939e-58
CARF,1.8390767724389066e-62,0.404645078019668,0.572,0.281,3.3259703429557624e-58
PBX1,1.8923218923313258e-62,0.36736851729263204,0.779,0.45,3.4222641422812024e-58
FIG4,2.0308515057350986e-62,0.49252912436807406,0.528,0.255,3.6727949481219255e-58
TOX,2.1059904685176243e-62,0.8044508989144417,0.287,0.097,3.8086837623141234e-58
PRSS23,2.125623495862705e-62,0.45339680070780686,0.9,0.663,3.844190092267702e-58
INTS2,2.275235941625257e-62,0.3663800892578999,0.539,0.259,4.114764200429277e-58
SMC1A,2.3265566006940223e-62,0.542967109805617,0.759,0.482,4.207577612355139e-58
ESD,2.3371610359439334e-62,0.38378892042656865,0.921,0.677,4.226755733504604e-58
TUT4,2.493539579370622e-62,0.3981396586862067,0.79,0.469,4.50956632929177e-58
BYSL,2.84117350729947e-62,0.3777065027027904,0.59,0.293,5.1382622879510914e-58
CENPS,3.0114524713125484e-62,0.4307368712441597,0.454,0.205,5.446211794368744e-58
TMEM69,3.179181065024133e-62,0.536294746588069,0.405,0.172,5.749548956096144e-58
ARL5A,3.278194084731103e-62,0.5891198928179286,0.428,0.187,5.9286140022361995e-58
CNNM3,3.334556043213725e-62,0.4252730315684189,0.792,0.483,6.030544604152022e-58
ZBTB44,3.3381938549234973e-62,0.4102712457913112,0.76,0.446,6.0371235866291446e-58
PPM1F,3.4312423291302053e-62,0.33514586270213653,0.655,0.345,6.205401752231976e-58
RUVBL1,3.648205805446865e-62,0.4055464456473066,0.689,0.379,6.597780199150656e-58
TMEM106C,3.7657708475410444e-62,0.4275006200821303,0.954,0.774,6.810396577777979e-58
DONSON,3.8538378424074184e-62,0.4744879212755597,0.446,0.198,6.969665737993816e-58
FLOT1,4.064423830841221e-62,0.4706696203987876,0.83,0.566,7.350510498076348e-58
TEX10,4.103519924953606e-62,0.4051445517058101,0.607,0.312,7.421215784278596e-58
SEC11A,4.2604082722984764e-62,0.38542207138965656,0.934,0.737,7.704948360451794e-58
SLC16A11,4.335062606628558e-62,0.4461136883967183,0.306,0.104,7.839960724087747e-58
FBXO38,4.775894510263766e-62,0.4366634578203108,0.631,0.334,8.63720522181202e-58
TTC5,4.79721633403576e-62,0.5505787565427138,0.5,0.235,8.675765740103672e-58
ALG8,4.888320565026723e-62,0.5101328314557314,0.487,0.228,8.840527741850827e-58
ASF1A,4.9901589558040996e-62,0.40873534103175846,0.584,0.299,9.024702471571714e-58
TSEN34,5.700739761518367e-62,0.48838075853022467,0.569,0.29,1.0309787858705967e-57
GPATCH2,5.827940218294398e-62,0.44879774737118616,0.541,0.261,1.053982988478542e-57
FNTB,5.9572700404672675e-62,0.500596182314117,0.47,0.215,1.0773722868185053e-57
BTBD8,6.01093585886707e-62,0.412674961986755,0.649,0.343,1.0870777500761096e-57
SAPCD2,7.957167855076766e-62,0.5221697052240355,0.67,0.375,1.4390538065906332e-57
GPC4,8.025787054295602e-62,0.4563510563417028,0.519,0.251,1.4514635887693597e-57
COA7,8.243803843907803e-62,0.5577419165274589,0.42,0.18,1.490891925170726e-57
CPNE2,8.767796757597238e-62,0.4659218858856079,0.632,0.338,1.5856560436114606e-57
YPEL1,8.874930882505552e-62,0.48856114876433976,0.335,0.123,1.605031250101129e-57
CKAP2L,9.037508377414667e-62,0.6728157379030562,0.394,0.168,1.6344333900554424e-57
EXOSC2,9.763295795738536e-62,0.40739195911306064,0.732,0.417,1.7656920446593144e-57
ZNF507,1.0221060011292137e-61,0.4206382347028603,0.787,0.48,1.8484787030421829e-57
PRCP,1.0461928715188499e-61,0.5996507099229955,0.519,0.254,1.89203980814184e-57
DPEP1,1.1148176452094244e-61,1.13047869735193,0.487,0.273,2.0161477113612442e-57
SCAF8,1.2606645883827267e-61,0.48097978370703653,0.749,0.457,2.2799119080901613e-57
PRLR,1.5712954592378115e-61,0.5134406949330808,0.594,0.316,2.8416878380315823e-57
REC8,1.6222755533733098e-61,0.5991452046143166,0.432,0.196,2.9338853382756305e-57
MGST2,1.8124254636870818e-61,0.3936201021804294,0.929,0.722,3.277771451078087e-57
MTERF3,1.860770407964406e-61,0.4571679284408845,0.499,0.239,3.3652032828036284e-57
ANXA3,1.873205268340266e-61,0.36280890254268927,0.955,0.725,3.387691727793371e-57
WEE1,1.9787867255863e-61,0.39949470714896584,0.542,0.26,3.5786357932228236e-57
SYPL1,2.0985059512844035e-61,0.4833219863045557,0.688,0.389,3.7951480128978437e-57
POGLUT1,2.1953721859859848e-61,0.39694885615140796,0.617,0.327,3.9703305983556536e-57
TPX2,2.4997885239839203e-61,0.5314944230095106,0.748,0.464,4.52086754562492e-57
KIAA1328,2.513799591059049e-61,0.4461366698628173,0.394,0.163,4.5462065604302903e-57
MTMR14,2.617830410481877e-61,0.49219065622382874,0.517,0.249,4.7343462973564746e-57
FOXK2,2.6291036726321754e-61,0.4866988995696586,0.583,0.297,4.7547339919552893e-57
RNPS1,2.6330002918172708e-61,0.4789694429735875,0.734,0.454,4.761781027751534e-57
FXR1,2.672660096432742e-61,0.5113187756219899,0.489,0.23,4.833505784398614e-57
RAD51D,2.6991411056194647e-61,0.41613207535122587,0.506,0.237,4.881396689512802e-57
RBM19,3.0354584011965408e-61,0.4196125900334529,0.756,0.448,5.489626518563944e-57
MAP7,3.1978308942674726e-61,0.39719352544104636,0.938,0.714,5.783277172282724e-57
DUSP12,3.2341426342685e-61,0.4220984409274453,0.526,0.25,5.848946954074583e-57
NAT9,3.313150202296582e-61,0.3984643003575335,0.714,0.401,5.991832140853368e-57
ALG1L,3.617453260136567e-61,0.5754509250350344,0.328,0.122,6.542164220956981e-57
SKI,3.792234815141884e-61,0.428038154023236,0.813,0.52,6.858256663184097e-57
RAB13,4.037947830439672e-61,0.44147860064457484,0.922,0.68,7.302628651350147e-57
LRRC41,4.2592527087966214e-61,0.4538052208085839,0.702,0.401,7.70285852385869e-57
NRF1,4.459698574536131e-61,0.439864327184067,0.556,0.275,8.065364872048593e-57
CLCC1,4.4711699544356554e-61,0.3783492521211111,0.84,0.539,8.086110862596883e-57
PLXNB1,4.885267041276759e-61,0.4257335139198256,0.836,0.562,8.835005444149019e-57
GID4,5.026611948949873e-61,0.478531475862751,0.512,0.244,9.090627709675845e-57
C9orf72,5.068551137109171e-61,0.449760991583964,0.609,0.317,9.166474731461936e-57
WNK1,5.2617702354306466e-61,0.3353636287899848,0.961,0.769,9.515911470776324e-57
KRIT1,5.332683352063929e-61,0.4550544090822022,0.747,0.442,9.644157842207617e-57
NDC80,5.5439295513900074e-61,0.581173465049873,0.523,0.267,1.0026196593688829e-56
ATP5PO,6.17662082023204e-61,1.381937191281195,0.202,0.049,1.1170418753389644e-56
STARD13,6.758504601226745e-61,0.3436678485161524,0.634,0.33,1.2222755571318568e-56
DCUN1D5,7.356367447718016e-61,0.5535501221879011,0.375,0.151,1.3303990529198033e-56
CWC27,9.444712924799896e-61,0.4269784962510672,0.657,0.359,1.7080763324500612e-56
ENGASE,9.466247777440558e-61,0.4119581072780407,0.931,0.706,1.7119709105501248e-56
GTF2H5,9.764982928305019e-61,0.48939134904749193,0.626,0.343,1.7659971625839627e-56
SNRPA,9.959420975162196e-61,0.43186727154373356,0.839,0.549,1.801161283358083e-56
USP46,1.1381225303299655e-60,0.41554514084191885,0.399,0.164,2.0582945961017424e-56
TAF9B,1.1789819520150359e-60,1.101233084530398,0.204,0.05,2.1321888602191924e-56
SPIN4,1.2131111208067451e-60,0.3200862573470573,0.717,0.393,2.1939114619789984e-56
INTS3,1.2230746803505632e-60,0.4379093756122345,0.777,0.463,2.2119305594139935e-56
EFCAB2,1.2417857115660303e-60,0.3900096505499071,0.433,0.185,2.245769459367166e-56
ADORA2B,1.3135575351686935e-60,0.37379026874606613,0.614,0.317,2.375568802352582e-56
WRN,1.3140461835161253e-60,0.43243865071491827,0.671,0.369,2.3764525228889127e-56
GPN3,1.3499807991592167e-60,0.4366901315249154,0.495,0.232,2.4414402752794434e-56
TMEM161A,1.4178937306576133e-60,0.3792061568005023,0.69,0.383,2.5642608118942937e-56
CCDC138,1.472321494799793e-60,0.4052967557515681,0.462,0.211,2.662693423345426e-56
C1QTNF3,1.5492342163040234e-60,0.525954555564442,0.335,0.125,2.8017900801858265e-56
RSRC1,1.882345869233825e-60,0.4287976130270239,0.534,0.259,3.4042225045093724e-56
ZNF133,1.9705207480671776e-60,0.2856252162407047,0.612,0.31,3.5636867728794906e-56
FAM168A,2.062056592904472e-60,0.3736917517049978,0.617,0.322,3.7292293482677375e-56
CKS2,2.1262956420445158e-60,0.7882357161919846,0.343,0.135,3.8454056686375068e-56
AMOT,2.1436086007515605e-60,0.3632075028738795,0.525,0.255,3.8767161544591973e-56
DIMT1,2.4489540348684926e-60,0.3914792237093794,0.69,0.386,4.428933372059669e-56
MAML3,2.723478381606785e-60,0.46903363594023917,0.618,0.33,4.925410653135871e-56
NUF2,2.762336654845358e-60,0.5957015680609354,0.475,0.229,4.99568584028783e-56
FARSB,2.806714793120228e-60,0.3958575045215493,0.873,0.593,5.075943703357932e-56
ZSCAN26,2.834811547641307e-60,0.4375688555804469,0.436,0.19,5.126756683909304e-56
SP4,2.9220512045093355e-60,0.5268965732641555,0.372,0.148,5.284529603355134e-56
TTK,3.06570322685325e-60,0.6508836180922786,0.413,0.181,5.544324285764103e-56
DCAF4,3.1398705106078737e-60,0.5509861368846818,0.446,0.2,5.67845581843434e-56
HSPA8,3.191250167790488e-60,0.43440331594017634,0.936,0.797,5.771375928449097e-56
AK9,3.326967473411252e-60,0.33911362236460585,0.52,0.247,6.016820675664249e-56
SPPL2B,3.7717263854968216e-60,0.35030648336684855,0.98,0.841,6.821167168171002e-56
KIAA0319L,3.823190465532323e-60,0.4169690048826307,0.832,0.539,6.914239956915206e-56
NCAPG2,4.119395952067947e-60,0.5204547235842736,0.733,0.461,7.449927579314882e-56
BACE2,4.122914457848654e-60,0.44871321781197426,0.913,0.721,7.45629079701929e-56
CNTRL,4.5338521882797383e-60,0.40296615441134853,0.896,0.619,8.199471682503906e-56
RFC5,4.969561916835851e-60,0.5391576288297273,0.447,0.202,8.987452726597636e-56
PARP1,5.129887445070099e-60,0.37192352461430445,0.541,0.264,9.277401444409275e-56
MYLIP,5.247474772953315e-60,0.4869594829577308,0.711,0.414,9.49005812688607e-56
HAT1,5.293797527611353e-60,0.5455648817762482,0.511,0.253,9.573832828685133e-56
TNFRSF25,5.372906434733379e-60,0.3864653584108525,0.825,0.528,9.716901287215317e-56
POU2F3,5.535839079192658e-60,1.3021560072509684,0.164,0.029,1.0011564974719922e-55
GSTCD,5.554047739585569e-60,0.5690327917403788,0.506,0.248,1.0044495337040502e-55
SHLD1,5.626262291809649e-60,0.45949318949422313,0.526,0.256,1.017509535473775e-55
SH3BGRL,5.682875289785194e-60,0.3961028742861499,0.72,0.416,1.0277479961576522e-55
STK3,6.118564990649815e-60,0.4066257875137752,0.639,0.341,1.106542478559019e-55
BCL2L12,6.21742216103979e-60,0.5656931959927616,0.397,0.17,1.1244207978240461e-55
TMEM218,6.426655821173003e-60,0.39350572655617455,0.421,0.18,1.1622607052591377e-55
ST7L,6.913902386873283e-60,0.5542498615308655,0.445,0.201,1.2503792466660333e-55
ANAPC5,7.641350514429494e-60,0.3937991356014904,0.929,0.696,1.381938240534574e-55
PDPR,7.764427459315791e-60,0.3302975544407359,0.834,0.519,1.4041967060172607e-55
FRMD5,7.877846376712978e-60,0.5819377770269507,0.25,0.075,1.424708517228542e-55
FNTA,7.919593329238042e-60,0.4746934670910661,0.69,0.401,1.4322584535926999e-55
UBQLN4,8.308657424782097e-60,0.39799287819507545,0.503,0.236,1.5026206952718422e-55
CTPS2,8.480876084644967e-60,0.3823417739121006,0.827,0.519,1.5337664399080423e-55
IFT52,9.062665608245085e-60,0.43096046966168133,0.457,0.207,1.6389830752511238e-55
WBP11,9.38932650652456e-60,0.609795894467577,0.368,0.151,1.6980596987049668e-55
CSTF1,9.575365559803289e-60,0.4401224699580957,0.566,0.293,1.731704861490425e-55
LTA4H,9.669105489028126e-60,0.37333660256670465,0.957,0.763,1.7486577276907366e-55
CLDN3,1.002240442318152e-59,0.42444386751954877,0.91,0.701,1.8125518399323777e-55
SYBU,1.067430453040036e-59,0.41435950159009183,0.551,0.272,1.930447974322905e-55
CHEK1,1.1698951130883634e-59,0.536825790729931,0.422,0.183,2.115755312020305e-55
HIST1H2BG,1.1742229673160439e-59,0.45812046326488076,0.521,0.261,2.1235822363910652e-55
GIMAP2,1.474434794441628e-59,0.5456526507349575,0.381,0.159,2.6665153257476843e-55
FKBP14,1.4755194804689003e-59,0.4371774998757847,0.433,0.191,2.6684769804280063e-55
BLOC1S2,1.5053376038253158e-59,0.46189153643336445,0.339,0.13,2.7224030565180835e-55
C2orf15,1.5401161936559045e-59,0.5677681169520503,0.367,0.147,2.7853001362267034e-55
RAD23A,1.5468955280665603e-59,0.44304199921491005,0.847,0.579,2.7975605625083744e-55
UHRF2,1.7292527973015088e-59,0.45883357285826076,0.651,0.356,3.127353683919779e-55
FLAD1,1.7640884071761303e-59,0.4330525127955087,0.552,0.281,3.1903538843780317e-55
FANCA,1.7649798049067625e-59,0.40974029531716005,0.63,0.347,3.19196597717388e-55
EARS2,1.8835123873638326e-59,0.3705814991747296,0.625,0.332,3.406332152547491e-55
GRHPR,2.103779051775206e-59,0.44601347302597505,0.805,0.532,3.8046844151354594e-55
PLCG1,2.1423026559908183e-59,0.37652672435576195,0.72,0.408,3.874354353359395e-55
CCT6A,2.1925472675275443e-59,0.37192823477784476,0.939,0.729,3.965221733323564e-55
CEP295,2.223618857079574e-59,0.5003080500807271,0.514,0.252,4.0214147030284095e-55
USP11,2.239342730698408e-59,0.530737567492451,0.399,0.169,4.04985132846807e-55
C1orf43,2.2615136470059327e-59,0.46091569549068645,0.732,0.442,4.0899474306102296e-55
TKFC,2.298048893046959e-59,0.3705282138874463,0.746,0.449,4.156021423075426e-55
PSMA1,2.30908719860029e-59,0.5188077312166599,0.535,0.27,4.1759841986686246e-55
MAT2B,2.374933596606067e-59,0.4499404987632631,0.783,0.501,4.295067409462072e-55
SMYD5,2.375684224067384e-59,0.35200673647914016,0.551,0.27,4.296424919225864e-55
RAB36,2.4277572903206737e-59,1.3205311570166076,0.171,0.033,4.3905990595449386e-55
KIF20A,2.4728782264136323e-59,0.5821216485724703,0.436,0.2,4.472200272469054e-55
BIRC5,2.5104867993128314e-59,0.4974734699402099,0.5,0.242,4.540215376557256e-55
TMEM80,2.984774103408586e-59,0.3537749741812588,0.581,0.291,5.397963966014428e-55
NENF,3.175192903302035e-59,0.41652145385084005,0.923,0.699,5.74233636562173e-55
TRMT6,3.1831284075154518e-59,0.39987043161260094,0.42,0.185,5.7566877249916946e-55
BCAT2,3.205161530567519e-59,0.4664779485405821,0.574,0.301,5.796534628031358e-55
DIP2C,3.5036164112974772e-59,0.44839640850274565,0.377,0.153,6.336290279831488e-55
PSMB6,3.5526128295263117e-59,0.5393767040096609,0.586,0.314,6.4249003021983346e-55
LDB1,3.743248831545794e-59,0.3972893279753186,0.87,0.597,6.769665511850568e-55
SLC35C2,3.8063055300695848e-59,0.45768526532909926,0.609,0.322,6.883703551130843e-55
IVD,3.835928725172461e-59,0.35942718784998284,0.794,0.485,6.937277099474396e-55
DNAAF4,3.8797573037165563e-59,1.1346017838579727,0.191,0.044,7.016541083771392e-55
BAMBI,3.9080016846844956e-59,0.6422950115573478,0.356,0.145,7.06762104675191e-55
ZNF662,3.983922933602889e-59,0.5025235101326122,0.251,0.075,7.204924625420825e-55
MFSD8,4.45264119381688e-59,0.5170818729592155,0.522,0.258,8.052601599017827e-55
SLC4A8,4.678969642662068e-59,0.49332878463345486,0.537,0.268,8.46191659875435e-55
ZBTB47,4.897115899854309e-59,0.4064458181956203,0.358,0.14,8.856434104886518e-55
SNX5,5.1362322905286775e-59,0.42489396546341096,0.713,0.423,9.288876097421114e-55
TSR1,5.350354526836274e-59,0.349234954923186,0.719,0.409,9.676116161783402e-55
DPF2,5.547832495239422e-59,0.39705839294598455,0.655,0.354,1.0033255067640494e-54
PARP8,5.577697693943465e-59,0.3866470781467639,0.56,0.281,1.0087266279496756e-54
NSUN4,5.809874003840051e-59,0.45424443664559777,0.541,0.27,1.0507157135944732e-54
POF1B,5.849350936082429e-59,0.45008679025335385,0.98,0.849,1.0578551167905073e-54
GDF15,6.043322443265565e-59,0.3764267438418109,0.808,0.535,1.0929348638645774e-54
MLH3,6.3567109423904195e-59,0.36993862345123807,0.686,0.377,1.1496111739313074e-54
SIGIRR,6.9748223138021845e-59,0.33440803267702535,0.961,0.756,1.261396615451125e-54
PRSS16,6.976912070453418e-59,0.5076434559458347,0.478,0.226,1.2617745479415006e-54
ANGEL2,7.021928702753291e-59,0.42923038895529864,0.496,0.234,1.2699158058929327e-54
ARMC2,7.045191387290091e-59,0.6735337222146267,0.297,0.106,1.2741228623914129e-54
RBBP9,7.244558354616491e-59,0.437098483884633,0.447,0.203,1.3101783784323925e-54
GID8,7.644723377893072e-59,0.467066214124745,0.782,0.516,1.3825482228919622e-54
RBM15,7.687381424488435e-59,0.4288973483569106,0.82,0.532,1.3902629306187334e-54
DARS,9.456640173099447e-59,0.35973569657852933,0.884,0.603,1.710233375305035e-54
PKDCC,9.52984113071233e-59,0.5805125722594989,0.742,0.509,1.7234717684893248e-54
PILRB,9.818442289022417e-59,0.34551047323089,0.993,0.884,1.775665287969704e-54
ZNF33B,1.1004189024685466e-58,0.42261425444038725,0.573,0.294,1.9901075851143665e-54
CYP4F11,1.1051906071128711e-58,0.22028388974995927,0.533,0.25,1.9987372129636273e-54
CARMIL3,1.223515434067894e-58,0.7198235749043222,0.252,0.078,2.2127276625117862e-54
KREMEN1,1.2356992827556806e-58,0.3311177371108327,0.557,0.278,2.2347621528636483e-54
TTC12,1.2465467044648387e-58,0.36547547066590025,0.708,0.399,2.254379715024661e-54
MMD,1.2493916451295657e-58,0.43892930160734434,0.523,0.254,2.2595247902168196e-54
RBFOX2,1.3235509314004615e-58,0.4753563959301559,0.696,0.407,2.3936418594377348e-54
RFC3,1.3617990766595713e-58,0.4750155321960956,0.501,0.241,2.4628136301388345e-54
PPP2R5C,1.3992000602576983e-58,0.38576002363699585,0.813,0.515,2.5304533089760476e-54
P2RY11,1.4132532408256636e-58,0.2488654336348819,0.576,0.286,2.5558684860332126e-54
SYT7,1.4248339768123739e-58,0.4199691688118057,0.546,0.272,2.5768122470651783e-54
KNSTRN,1.4659856106423871e-58,0.4387004254233433,0.524,0.261,2.651234976846757e-54
PTGER2,1.4861975264254107e-58,0.45965445432910834,0.409,0.179,2.687788226540355e-54
TOMM6,1.491377462744171e-58,0.45807217490460417,0.625,0.343,2.697156141372833e-54
ZNF268,1.5116157251325184e-58,0.2488762987024753,0.571,0.282,2.7337570389021594e-54
HOXA11,1.5358532854217067e-58,0.45279056374761417,0.347,0.135,2.7775906666851563e-54
NTHL1,1.584631160547116e-58,0.36377583413010917,0.647,0.352,2.8658054538494594e-54
MSANTD3,1.6069260365390294e-58,0.5916211520860251,0.362,0.148,2.9061257370808345e-54
SLC18B1,1.6249977840711573e-58,0.31069779704306133,0.512,0.245,2.938808492492688e-54
LPAR6,1.690829623744407e-58,0.31527232805350813,0.552,0.274,3.05786537454176e-54
NEMP1,1.7585986260125607e-58,0.5131569334057215,0.461,0.213,3.180425615143716e-54
ANAPC7,1.8285457221443774e-58,0.428868497906903,0.813,0.518,3.3069249384981064e-54
CDKN1B,1.8731118423722194e-58,0.3759633041794219,0.959,0.756,3.3875227669301585e-54
CDK4,1.9519406560993017e-58,0.34919386404285113,0.894,0.635,3.530084676555587e-54
KCTD15,1.9991574259117425e-58,0.2976932123226488,0.567,0.284,3.615476204761386e-54
TPST1,2.0245474849195887e-58,0.45487040235037,0.288,0.099,3.661394126477076e-54
ZFP28,2.1377678277692584e-58,0.7789231759112982,0.226,0.063,3.866153116520704e-54
HDAC7,2.1518432940453435e-58,0.30040408638694327,0.754,0.439,3.891608597281004e-54
HDHD5,2.2634849951967493e-58,0.45018928095740085,0.637,0.348,4.093512613813321e-54
BRAT1,2.3711312661166162e-58,0.3892393706086962,0.854,0.573,4.2881908947719006e-54
TCP1,2.405270240399111e-58,0.5656461345567989,0.494,0.242,4.3499312297617925e-54
EIF3I,2.4055152655383694e-58,0.75820528349105,0.307,0.114,4.350374357726141e-54
PRIM1,2.493533063743541e-58,0.48837876496488564,0.393,0.166,4.509554545780194e-54
TGFBR1,2.563817263993867e-58,0.4102139818221411,0.548,0.275,4.6366635219329084e-54
MOCS2,2.5721718075600093e-58,0.4269330297370565,0.791,0.495,4.651772713972277e-54
GLB1,2.6177183819163792e-58,0.5222340895119453,0.569,0.307,4.734143693695772e-54
MALSU1,2.6458695599544162e-58,0.4556220287272639,0.652,0.368,4.785055099177562e-54
PARPBP,2.6854143660576828e-58,0.560862174825729,0.393,0.17,4.856571881015319e-54
AMPD2,2.7213674421258e-58,0.3442982984058226,0.716,0.404,4.921593019084509e-54
DDX51,2.7323706182860233e-58,0.4990505229238116,0.423,0.188,4.941492263170273e-54
NME1,2.9217140428121874e-58,0.4830610567474023,0.803,0.524,5.283919846425841e-54
GINS1,3.0313872258898882e-58,0.6391167456231213,0.381,0.164,5.482263798021863e-54
BSCL2,3.0940405651098977e-58,0.4364278676985248,0.752,0.474,5.59557236200125e-54
CLASP2,3.205740672457233e-58,0.41906422640218877,0.668,0.369,5.797582006138906e-54
CERS5,3.231861136903532e-58,0.3158341131378217,0.623,0.323,5.844820866090038e-54
SFXN4,3.262439702209243e-58,0.4312626837702288,0.757,0.45,5.900122201445416e-54
SPINK1,3.3477257135596416e-58,0.3260206803409069,0.974,0.829,6.054361952972611e-54
ZNF141,3.3608637049103384e-58,0.3400459942829013,0.692,0.385,6.078122010330347e-54
GNAI2,3.525105653302283e-58,0.4575543036690981,0.556,0.284,6.375153573997178e-54
PSMB2,3.5859928510785226e-58,0.47916106057910735,0.716,0.438,6.485268071175508e-54
ZNF131,3.626523270700367e-58,0.3831730287913069,0.549,0.275,6.558567335061614e-54
SDHAF3,3.749666532013908e-58,0.4386906343674768,0.544,0.271,6.781271923147154e-54
KIF14,4.126600306710489e-58,0.5351028113336336,0.419,0.19,7.462956654685918e-54
DALRD3,4.1395225765825256e-58,0.42079918209550105,0.535,0.268,7.486326579749498e-54
XYLT2,4.402140153772378e-58,0.3769853390843467,0.445,0.199,7.961270468097345e-54
KDM6A,4.717945709893072e-58,0.5190965064213269,0.515,0.255,8.532404816341621e-54
PPP1R21,4.7992034382912896e-58,0.4270565482334324,0.671,0.376,8.679359418149798e-54
NR2F2,4.9985090566970424e-58,0.35821065121481455,0.777,0.464,9.039803629036601e-54
AQP3,5.394685021008171e-58,0.35413377682051306,0.531,0.259,9.756287860493277e-54
NUDCD1,5.615440284306555e-58,0.4330400999449633,0.559,0.287,1.0155523754168404e-53
NUP205,5.619433788762122e-58,0.3966713609140558,0.804,0.506,1.0162746006976298e-53
SPATA13,5.684993358151221e-58,0.36955919489346767,0.664,0.376,1.0281310488216484e-53
CHD4,5.696063814069523e-58,0.377024290085497,0.848,0.57,1.0301331407744731e-53
NOXO1,6.745200815109627e-58,0.37481451467443855,0.723,0.425,1.2198695674125761e-53
FAM171A1,6.881191979488184e-58,0.3652946400241981,0.583,0.299,1.244463569490438e-53
NEK4,7.494115269040398e-58,0.3753884391484241,0.674,0.378,1.355310746405956e-53
ZP3,7.547497632724128e-58,0.6050797496429525,0.316,0.119,1.3649649468781586e-53
TAF1A,7.988167939524536e-58,0.42384224902559464,0.422,0.184,1.4446601718630122e-53
DPCD,8.192431847731063e-58,0.3054915844724273,0.681,0.37,1.4816012996621628e-53
GINM1,8.308468610306639e-58,0.535251554535727,0.492,0.241,1.5025865481739556e-53
SPATA5L1,8.673304832685375e-58,0.3733925571595047,0.456,0.207,1.56856717899115e-53
ATAD2,9.240819459998858e-58,0.5994138748799751,0.462,0.224,1.6712021993407935e-53
TIGD2,9.665443487083874e-58,0.3877752507053067,0.542,0.27,1.7479954546391187e-53
DUS3L,9.96203041040227e-58,0.3602249780261719,0.703,0.399,1.8016331997212507e-53
ZNF3,1.1855177148246491e-57,0.4419475151476828,0.675,0.378,2.144008787260378e-53
PTPRG,1.2479430826059527e-57,0.4411812970245522,0.62,0.338,2.256905064892865e-53
CIT,1.2627756817909447e-57,0.42678365988723993,0.655,0.375,2.2837298205189238e-53
IRX2,1.2808440963321996e-57,0.9017124279246431,0.257,0.083,2.316406548216783e-53
IL17RC,1.3497779997407005e-57,0.327640451319815,0.577,0.29,2.441073512531057e-53
OSCP1,1.3601225755405966e-57,0.9420542948739516,0.184,0.042,2.459781677865169e-53
SIN3A,1.3780968233130678e-57,0.4089897626392409,0.68,0.38,2.492288104961683e-53
NSD1,1.3791437976818347e-57,0.4042729982129768,0.741,0.441,2.494181558107598e-53
SIK2,1.3895651965945247e-57,0.34374066283543775,0.767,0.455,2.513028658041198e-53
EIF3J,1.3905456776769314e-57,0.4153340314488325,0.798,0.498,2.5148018580787303e-53
TEX261,1.420750516806283e-57,0.5714036730142902,0.41,0.181,2.5694273096441625e-53
TPR,1.435277974577515e-57,0.4031072649710775,0.894,0.656,2.595700217023436e-53
GTF3C2,1.561124681688383e-57,0.42138270498194985,0.672,0.38,2.8232939868334407e-53
TNPO2,1.631172205112618e-57,0.3774333894908342,0.74,0.441,2.94997493294617e-53
DEF6,1.701503871779959e-57,0.3481538469134001,0.635,0.336,3.077169752114056e-53
SPATA5,1.701598351325522e-57,0.3778837512987492,0.593,0.307,3.0773406183722067e-53
TRMT5,1.7872665571053722e-57,0.49533151271661136,0.449,0.209,3.2322715685250656e-53
WDR83OS,1.831878348664779e-57,0.39747626226594496,0.916,0.698,3.3129519935602526e-53
PES1,1.8492078225928965e-57,0.33080502590898975,0.776,0.461,3.3442923471592532e-53
PSPH,1.9099101758583837e-57,0.43825020631061773,0.633,0.346,3.454072553039887e-53
MACO1,1.9933162900976696e-57,0.42346738331266365,0.579,0.303,3.6049125106416357e-53
PTCD1,2.075938146914845e-57,0.3333426858265882,0.584,0.3,3.754334138695497e-53
RAD51AP1,2.1340787651781346e-57,0.6249461422433287,0.354,0.143,3.8594814468246564e-53
GPR135,2.1698992861634036e-57,0.5012050463459286,0.319,0.121,3.924262859026515e-53
CCNC,2.185213041197189e-57,0.44486470036989556,0.638,0.359,3.9519577850051164e-53
GPALPP1,2.3397275338516117e-57,0.341981352875792,0.769,0.46,4.23139724497064e-53
FAM83B,2.344518642102976e-57,0.3887560709237039,0.713,0.416,4.240061964243232e-53
INVS,2.3486437597656687e-57,0.39457339871318053,0.655,0.361,4.247522239536212e-53
PSMG2,2.525370116733516e-57,0.4136348115162837,0.813,0.54,4.567131856112564e-53
COX18,2.56633773037594e-57,0.40902026660766344,0.543,0.271,4.641221785384887e-53
SPAG16,2.5787609993684625e-57,0.40695411148981264,0.624,0.339,4.663689267357865e-53
STAT5B,2.5971784397062093e-57,0.4098076020362318,0.715,0.401,4.69699720820868e-53
UBAP2,2.629137156688364e-57,0.38925623345993365,0.661,0.364,4.754794547870906e-53
PTRHD1,2.657238076856323e-57,0.45217701302045654,0.659,0.374,4.80561506199466e-53
BEND3,2.884400652561669e-57,0.3529354961525848,0.394,0.165,5.216438580157778e-53
THAP2,2.8976422213598826e-57,0.4965676945992319,0.409,0.179,5.240385957329348e-53
RBM15B,2.9086713915430604e-57,0.36191011305294135,0.767,0.474,5.260332211605625e-53
CCDC146,3.024157364996635e-57,0.6077167424199559,0.445,0.21,5.469188594596415e-53
WFS1,3.095725881610675e-57,0.425684331932362,0.438,0.2,5.598620256892906e-53
GTPBP8,3.3453759802317864e-57,0.7716630353496035,0.296,0.108,6.050112460249186e-53
FKBP3,3.5848487142006485e-57,0.6578033094471216,0.371,0.156,6.483198899631873e-53
CNPY2,4.006405904409979e-57,0.37538464070212973,0.913,0.665,7.245585078125448e-53
ANKRD10,4.3055017105666334e-57,0.34243471233839706,0.984,0.842,7.786499843559756e-53
ATP6V1C2,4.392911189394301e-57,1.0248075999789714,0.241,0.075,7.9445798860195935e-53
TSPYL4,4.4960440582569487e-57,0.2568988800774954,0.577,0.286,8.131095679357692e-53
SUV39H1,4.599010172720183e-57,0.619122196467889,0.304,0.112,8.3173098973644515e-53
CCDC92,5.023758641672171e-57,0.3330374729100351,0.747,0.43,9.08546750346412e-53
ZNF74,5.11584226975951e-57,0.4198336684206687,0.361,0.146,9.252000744860074e-53
POLR2G,5.316302683297213e-57,0.33176161721936587,0.843,0.539,9.61453340274301e-53
HAUS6,5.501780903367014e-57,0.6334277547077956,0.405,0.181,9.949970763739244e-53
GALK2,5.553913311824745e-57,0.4564130958550145,0.71,0.425,1.004425222443505e-52
MYO1B,5.5790174469753e-57,0.3824346455293179,0.867,0.579,1.008965305285483e-52
TNFRSF11A,5.680172185618441e-57,0.4397924174757632,0.865,0.612,1.027259139769095e-52
DFFA,5.806062722049706e-57,0.30302674734235113,0.679,0.373,1.0500264432826893e-52
STX3,5.846102809838533e-57,0.4053069092609478,0.934,0.717,1.0572676931592987e-52
CEBPB,5.959479488190705e-57,0.5164489080566483,0.629,0.365,1.0777718654392891e-52
ZNF202,6.23094655817306e-57,0.3669538256054512,0.523,0.258,1.126866685045598e-52
METTL22,6.252035814763109e-57,0.47959445984230253,0.473,0.223,1.1306806770999082e-52
RBBP8NL,6.49198795197674e-57,0.7160004904063246,0.317,0.121,1.1740760211149934e-52
UBAP2L,7.076840501419764e-57,0.44622505860476425,0.787,0.504,1.2798466046817643e-52
SRSF10,7.235001719137482e-57,0.3627368676755436,0.565,0.287,1.3084500609060135e-52
UBXN7,7.267558896436804e-57,0.385679760549409,0.67,0.365,1.3143380264205961e-52
COL12A1,7.633947505039987e-57,0.6123457189654631,0.306,0.113,1.3805994062864817e-52
KDM5B,8.324870084981999e-57,0.3836986164076758,0.857,0.578,1.5055527548689946e-52
PIGM,8.353951527402207e-57,0.4323064780386072,0.442,0.201,1.5108121337306892e-52
SLC25A29,8.433306641063873e-57,0.21988931512348997,0.657,0.347,1.5251635060364014e-52
OSTC,8.820354512610476e-57,0.52722103751109906,0.452,0.21,1.5951611136056045e-52
PEA15,8.943310505832481e-57,0.33837978140627933,0.71,0.404,1.6173977049798042e-52
HAUS1,8.99894186722462e-57,0.6070757904219373,0.342,0.138,1.6274586366875727e-52
FERMT3,9.413653152311391e-57,0.5070434747753849,0.563,0.302,1.702459172595515e-52
LRRC75B,1.06854132391295e-56,0.33977244850229726,0.586,0.302,1.93245698429657e-52
TFB1M,1.10850380094915e-56,0.4503286030031761,0.54,0.274,2.0047291240165378e-52
AIDA,1.1085923920896182e-56,0.7614360061694163,0.292,0.106,2.0048893410940743e-52
PAPOLA,1.1418981267052762e-56,0.5842673973780264,0.505,0.255,2.065122762146492e-52
TSTD1,1.160785807739474e-56,0.35892244514247024,0.903,0.654,2.099281133296839e-52
ANO6,1.2020132945235557e-56,0.4961242513219253,0.489,0.239,2.1738410431458504e-52
PCDHGA12,1.2361129644077818e-56,0.5964114058321535,0.281,0.098,2.2355102961314735e-52
DDX50,1.2883389911168451e-56,0.3097754109639824,0.635,0.343,2.3299610654348145e-52
SIAH1,1.3352075620381782e-56,0.46777771888376907,0.535,0.271,2.4147228759460452e-52
HOXB4,1.3531254675210784e-56,0.2362479159804869,0.73,0.416,2.4471274080118704e-52
ATG4C,1.4254288342333042e-56,0.3921869321554481,0.523,0.26,2.5778880467109307e-52
FAM167B,1.6268511597970149e-56,0.5172001705171887,0.277,0.094,2.9421603224929014e-52
CENPB,1.8336987392443302e-56,0.5511329756619314,0.552,0.294,3.316244169923371e-52
GRHL2,1.8358520434998e-56,0.3647514912148384,0.883,0.603,3.320138420669388e-52
KRR1,1.8580349722745902e-56,0.41019308247118147,0.477,0.228,3.360256247358596e-52
SNAPIN,1.862639382652043e-56,0.40778237841994724,0.514,0.256,3.36858332352622e-52
RPUSD3,1.8791416770449008e-56,0.39214902236666904,0.519,0.253,3.398427722935703e-52
GPR35,1.9477927068196285e-56,0.46549223990365496,0.832,0.568,3.522583110283298e-52
CYB5D2,2.092248075008505e-56,0.4906465742649704,0.429,0.194,3.783830643652881e-52
GEMIN6,2.1026116702851542e-56,0.4767409242406613,0.448,0.204,3.802573205710701e-52
PRIM2,2.2186325770144144e-56,0.49846598774691553,0.438,0.201,4.012397015530568e-52
SMYD3,2.309085040027258e-56,0.5373128710981263,0.447,0.206,4.175980294889297e-52
ZNF620,2.3791359657538624e-56,0.5033013525569396,0.329,0.126,4.30266739406586e-52
SLC19A1,2.420355880870186e-56,0.37762632338462754,0.565,0.292,4.377213610553731e-52
TRIM45,2.4645220557837553e-56,0.4133812722657595,0.351,0.141,4.4570881378849215e-52
MFSD10,2.78407644724058e-56,0.3898130773137515,0.713,0.42,5.035002254834589e-52
POLR2I,2.843130212112843e-56,0.3921513722942097,0.87,0.611,5.1418009886060766e-52
SHMT2,2.9625152321448466e-56,0.49981494826805295,0.429,0.193,5.357708797333955e-52
ABHD10,3.229020786960296e-56,0.47595561572152634,0.428,0.193,5.839684093217696e-52
CENPF,3.2390255328112028e-56,0.4559150697210264,0.597,0.334,5.85777767608906e-52
ALG1,3.4346465979517956e-56,0.4369478158685871,0.578,0.306,6.211558372395822e-52
HIST1H1B,3.4408496690563555e-56,0.5274210960423189,0.939,0.798,6.222776626488419e-52
IFT57,3.4682687856532793e-56,0.38251733333665067,0.783,0.487,6.272364098853955e-52
ZNF398,3.6315520983178333e-56,0.3295012179716059,0.44,0.198,6.567661969807801e-52
SLC39A6,3.7224054660014093e-56,0.4472376980773711,0.443,0.204,6.731970285263549e-52
CINP,4.083180356149684e-56,0.4735934771382635,0.526,0.263,7.384431674096703e-52
ZNF770,4.243502190015908e-56,0.8710276960307941,0.249,0.08,7.67437371064377e-52
UBE4B,4.344712893032387e-56,0.33655236972108493,0.84,0.543,7.857413267049072e-52
OSGEPL1,4.354770561052599e-56,0.7125714366376932,0.276,0.097,7.875602559663625e-52
KCTD18,4.561050776013837e-56,0.3954021149683591,0.397,0.172,8.248660328421024e-52
ATF7IP,4.642373841648398e-56,0.3542727957740904,0.851,0.555,8.395733092621128e-52
SNRPC,4.658501070242078e-56,0.37861682053519186,0.903,0.65,8.424899185532799e-52
DNAL4,4.686435307622049e-56,0.41929555867535506,0.495,0.238,8.475418253834475e-52
SLC37A4,4.947644770431508e-56,0.34974671897316545,0.809,0.504,8.947815567325383e-52
PTEN,5.215167150927289e-56,0.5351567649950137,0.616,0.351,9.431629792452002e-52
FHIT,5.228941236981076e-56,0.43309670242804765,0.416,0.184,9.456540227080276e-52
GALC,5.332900468703913e-56,0.5471719444142034,0.587,0.33,9.644550497651027e-52
GTF2F2,5.436457479631454e-56,0.4317624962537303,0.704,0.413,9.831833351913486e-52
GLT8D1,5.548180522993736e-56,0.40449161332745653,0.479,0.23,1.0033884475834171e-51
CPLANE1,5.691252539673706e-56,0.2790219853882179,0.61,0.323,1.0292630217999897e-51
WDHD1,5.737002943169028e-56,0.5683610133065478,0.357,0.149,1.0375369822721187e-51
METTL8,5.809578640121276e-56,0.4988847881880334,0.383,0.163,1.0506622970659327e-51
RHNO1,5.854220501536907e-56,0.4065584934127302,0.588,0.309,1.0587357777029496e-51
PSMA3,5.873497765679966e-56,0.49914467984167343,0.581,0.313,1.0622220709232218e-51
SHLD2,6.512715714323596e-56,0.45463639259269417,0.455,0.213,1.1778246369354223e-51
CAB39L,6.528243730551375e-56,0.7352074718262158,0.269,0.093,1.1806328786702162e-51
PELP1,6.693527643116492e-56,0.3652751989859661,0.758,0.464,1.2105244742576175e-51
NUP43,6.880080721988555e-56,0.34723103985258796,0.719,0.421,1.2442625985716302e-51
USP10,7.206438644832585e-56,0.41604686101972155,0.64,0.355,1.303284428917973e-51
ATR,7.892195279366937e-56,0.4161885453346865,0.697,0.399,1.4273035162735104e-51
DROSHA,7.908555438856856e-56,0.41238681801403304,0.761,0.45,1.4302622511172623e-51
CC2D2A,8.32864872477311e-56,0.5480517966447116,0.336,0.134,1.506236121875217e-51
PRDX4,8.516473862172444e-56,0.4185366374447154,0.706,0.424,1.5402042979738863e-51
SUCO,9.114307180074993e-56,0.41166986094900637,0.601,0.322,1.6483224535165626e-51
GBP2,9.5648248318914e-56,0.5132762611106796,0.52,0.271,1.7297985708475597e-51
EPHA4,9.56576511903198e-56,0.4817064832586595,0.414,0.185,1.7299686217769338e-51
FAM120C,9.941243830027079e-56,0.3251123535167775,0.483,0.229,1.7978739466603973e-51
MBIP,1.0067485692321769e-55,0.4121284624673681,0.756,0.455,1.820704787456392e-51
SCG5,1.0302848273416656e-55,0.7814712977843992,0.223,0.065,1.8632701102474022e-51
ADGRG6,1.079920254202705e-55,0.39577492848710105,0.546,0.277,1.953035779725592e-51
WNK4,1.0922712825438463e-55,0.3538144469808724,0.956,0.758,1.975372614480546e-51
NFIC,1.0971124832472116e-55,0.31627876324974935,0.768,0.46,1.9841279259525823e-51
GJB3,1.1239060553857604e-55,0.7243785872184145,0.241,0.075,2.0325841011651478e-51
SMIM30,1.1727002261891067e-55,0.42127706535688536,0.558,0.287,2.1208283590629994e-51
DDX10,1.185385509339044e-55,0.5934035858758713,0.353,0.145,2.143769693639661e-51
HJURP,1.1872737796045172e-55,0.45951823444940265,0.597,0.335,2.1471846304147692e-51
FAM204A,1.1904394664037935e-55,0.4396179146343724,0.448,0.21,2.1529097749912607e-51
DPH7,1.1976284622968098e-55,0.33278053137466157,0.669,0.378,2.1659110740637804e-51
PPAT,1.2031696238908637e-55,0.3795616978933447,0.418,0.183,2.175932264806627e-51
FANCF,1.231100251658574e-55,0.34688899912014737,0.716,0.407,2.226444805124531e-51
KLF11,1.2415928204759038e-55,0.5977345278849957,0.371,0.158,2.245420615830672e-51
MRTFB,1.2430669679907842e-55,0.41700145348186957,0.643,0.349,2.2480866116113332e-51
ATG10,1.2826831601626896e-55,0.31809302883351387,0.652,0.355,2.3197324951542243e-51
ZNF138,1.6127306430369058e-55,0.480247269248971,0.368,0.154,2.916623367932244e-51
DMD,1.643076922091507e-55,0.488615133107281,0.321,0.124,2.9715046136024906e-51
GAA,1.6807071678298116e-55,0.44051031856119643,0.715,0.432,3.039558913020214e-51
DCP1B,1.7273246028281626e-55,0.3561278392657554,0.541,0.272,3.123866544214732e-51
C1orf198,1.8317670756171715e-55,0.33917450184928677,0.739,0.431,3.3127507562536544e-51
EMC4,1.836730389766625e-55,0.37891516015475646,0.92,0.712,3.3217269098929414e-51
ERCC8,1.9095444628531573e-55,0.5121470823652015,0.39,0.17,3.453411161069935e-51
SLC36A4,1.9201438112195896e-55,0.35738439181749415,0.378,0.161,3.472580082590628e-51
SKIL,1.9626266451459927e-55,0.3863584412343084,0.822,0.545,3.5494102877465277e-51
MANEA,2.0093210632958266e-55,0.40285712391080697,0.413,0.184,3.633857142970502e-51
RAI1,2.0422060091423597e-55,0.32941242347781396,0.545,0.277,3.6933295675339575e-51
ZNF736,2.0450751389202887e-55,0.5075548007161053,0.321,0.125,3.698518388737342e-51
H6PD,2.1585560890529696e-55,0.34755330721927624,0.582,0.307,3.9037486870522954e-51
GCNT1,2.200365364499114e-55,0.39826804939337723,0.464,0.22,3.9793607616966477e-51
SAP18,2.2710513390339496e-55,0.43639354146598164,0.809,0.544,4.107196346642898e-51
PAM,2.326389861852421e-55,0.4210264422888219,0.551,0.284,4.207276065160103e-51
SRM,2.5131766646458063e-55,0.35172844396962344,0.796,0.504,4.5450799980119407e-51
IARS,2.5823677878369566e-55,0.3825683937907156,0.695,0.402,4.670212144303136e-51
CCDC90B,2.6172469520279472e-55,0.411946687793012,0.451,0.211,4.7332911127425427e-51
RIN3,2.7264370058802847e-55,0.34468611127220916,0.648,0.359,4.9307613251344947e-51
NAE1,2.7378408150104325e-55,0.40016156188137303,0.746,0.449,4.951385113946367e-51
FRZB,2.7629496908174506e-55,0.58183478942921,0.37,0.159,4.9967945158433595e-51
IKZF5,2.857701221780881e-55,0.3981073290603141,0.606,0.322,5.168152659590723e-51
ZSCAN16,2.969477734771973e-55,0.3895210508393012,0.567,0.291,5.370300483335112e-51
SLC43A2,2.9755418999656593e-55,0.3461065563377569,0.731,0.427,5.381267526087894e-51
SLC12A9,2.9823640224663928e-55,0.35209383658385107,0.706,0.41,5.393605334630472e-51
RCOR3,2.9993105234744473e-55,0.3943027778408503,0.77,0.472,5.424253081703538e-51
BDH2,3.051095699269575e-55,0.39688199597114826,0.552,0.279,5.517906572129027e-51
TMEM18,3.1059048511183678e-55,0.36647736528900365,0.652,0.37,5.617028923247568e-51
DHX34,3.2193868193661278e-55,0.24446272193912089,0.533,0.264,5.822261062823642e-51
MCM2,3.235376067924653e-55,0.37436457929812983,0.72,0.424,5.851177618841735e-51
ZBTB20,3.2450625700710167e-55,0.3593613204170576,0.486,0.23,5.868695657973434e-51
RORC,3.428681711621263e-55,0.4582542320516072,0.548,0.285,6.200770875467054e-51
RCCD1,3.476172553500756e-55,0.3017852504033253,0.776,0.458,6.286658063006117e-51
KLHL32,3.66157619276798e-55,0.8492574364582937,0.211,0.059,6.621960544620892e-51
EPC2,3.738213361216834e-55,0.353926500301747,0.775,0.482,6.760558863760645e-51
CABLES2,3.847279944016587e-55,0.3519622591143081,0.451,0.21,6.957805778753998e-51
IL27RA,4.10232101668874e-55,0.5267863967165729,0.287,0.103,7.419047558681586e-51
ZNF207,4.2879702493177646e-55,0.4505826217733755,0.618,0.338,7.754794195891177e-51
OMA1,4.3845915747039345e-55,0.37818743078491224,0.571,0.297,7.929533862852065e-51
EXOSC10,4.393794526433206e-55,0.4313517163251759,0.721,0.436,7.946177401054453e-51
MET,4.402641292906778e-55,0.3706145670540637,0.939,0.708,7.962176778221908e-51
MANEAL,4.414773036803911e-55,0.23057148495165136,0.558,0.281,7.984117037059872e-51
AGR2,4.4586143608865195e-55,0.3197001413228815,0.948,0.805,8.06340407166327e-51
RCBTB2,4.520623627985716e-55,0.4943119581960178,0.342,0.138,8.175547831212167e-51
SEC63,4.58996155890792e-55,0.44398795310140815,0.723,0.442,8.300945479284974e-51
DACT1,4.68651419265893e-55,0.46341671013472197,0.376,0.161,8.475560917423676e-51
MED13L,4.732827107390026e-55,0.42738011892160044,0.721,0.426,8.559317823714863e-51
METTL5,5.0098662971670665e-55,0.40423722422061753,0.724,0.444,9.06034319842664e-51
KAT5,5.1773203339620616e-55,0.35214727450378447,0.705,0.405,9.363183823970388e-51
C1orf109,5.222036211722585e-55,0.3391404989624589,0.482,0.23,9.444052488900295e-51
LYAR,5.3375730758615796e-55,0.3265791304799659,0.583,0.307,9.653000907695667e-51
THUMPD3,5.5784081407147e-55,0.4627949817616205,0.638,0.357,1.0088551122482534e-50
RFWD3,5.627640592511107e-55,0.3882938421777765,0.618,0.333,1.0177588011556336e-50
DCAF17,5.833512125436196e-55,0.3881105023725915,0.538,0.272,1.0549906678851361e-50
L3HYPDH,6.605862924660596e-55,0.3556975275862296,0.824,0.519,1.1946703099248689e-50
DTD2,6.757498920801971e-55,0.45080564415003166,0.436,0.199,1.2220936798270364e-50
KDM2B,6.767419889650293e-55,0.3052729047642483,0.708,0.394,1.2238878870432555e-50
SPTY2D1OS,6.875504113029647e-55,0.47008276661254556,0.386,0.165,1.2434349188414116e-50
RIPK2,7.108053422177399e-55,0.4054181809668864,0.432,0.195,1.2854914614007827e-50
DNAJC15,7.317617801110916e-55,0.3935984354819781,0.833,0.545,1.3233911793309092e-50
GTF3C4,7.39292062963681e-55,0.34792658287947065,0.722,0.426,1.3370096958698172e-50
DHPS,7.42048026791895e-55,0.3796252831087175,0.734,0.429,1.3419938564531422e-50
HNRNPLL,7.923166027848755e-55,0.4152207749298639,0.81,0.523,1.4329045761364473e-50
ZNF783,8.075844065576291e-55,0.30558856661706396,0.751,0.443,1.4605163992594721e-50
ATP10D,8.112344741822745e-55,0.5089392232043362,0.41,0.184,1.4671175465586433e-50
FZD6,8.288173763063178e-55,0.3970008130511524,0.479,0.23,1.4989162250499757e-50
HDAC4,8.405256766980991e-55,0.37159407381423426,0.468,0.223,1.5200906863085121e-50
KEAP1,8.46359262940729e-55,0.35711257432011323,0.778,0.503,1.5306407270283085e-50
NIFK,8.651472252416315e-55,0.46140845409905884,0.429,0.196,1.5646187568494905e-50
MBD5,8.661808207721873e-55,0.2876689921547808,0.491,0.236,1.5664880143665007e-50
ARHGEF3,8.686893249915487e-55,0.3650749214127744,0.464,0.219,1.5710246442472157e-50
GNL2,8.827667626891734e-55,0.376663039380154,0.756,0.467,1.59648369032337e-50
HEBP2,9.217449511914376e-55,0.4528786502822435,0.818,0.551,1.666975744229715e-50
PRR7,9.547530570124727e-55,0.21348395353545868,0.4,0.173,1.7266709036070567e-50
KAT8,9.570223004470551e-55,0.45375008717276977,0.494,0.245,1.7307748303584992e-50
MLST8,9.717777840937104e-55,0.38706671054539304,0.749,0.459,1.7574601225334753e-50
BTRC,9.74281082056249e-55,0.5267548093737555,0.455,0.217,1.7619873368987263e-50
MKI67,9.762280213510564e-55,0.470427787628412,0.809,0.573,1.7655083766133854e-50
MAGOH,1.0290999948648428e-54,0.4177631894488145,0.617,0.335,1.8611273407130682e-50
PRDM11,1.029714083157812e-54,0.5146876993478893,0.319,0.123,1.862237919390903e-50
CDC40,1.0453099366236869e-54,0.6039750760500295,0.378,0.165,1.8904430203839377e-50
SRSF3,1.0479813105015043e-54,0.4298422299637892,0.843,0.59,1.8952742000419705e-50
SLC27A3,1.0482525745832986e-54,0.3099113011251746,0.555,0.282,1.8957647811338954e-50
UTP25,1.0497263338782075e-54,0.34611625037559757,0.725,0.416,1.8984300748187382e-50
PRCC,1.0958404462163535e-54,0.4424012144410445,0.6,0.323,1.9818274469822752e-50
WDR12,1.0998188586294674e-54,0.3732340620943604,0.573,0.301,1.9890224058313918e-50
MACROD1,1.1363702123809296e-54,0.2827841523452421,0.973,0.77,2.0551255290909112e-50
TECR,1.1953157478188616e-54,0.4336145577709552,0.747,0.464,2.161728529930411e-50
SLC16A7,1.2363352882314132e-54,0.6689859662896689,0.287,0.104,2.235912368766511e-50
NEIL2,1.2673713950495358e-54,0.3649463098709209,0.419,0.187,2.2920411679470856e-50
NUP160,1.2861172849340055e-54,0.37244938933359234,0.816,0.51,2.325943109803149e-50
RBMX2,1.3310295300990794e-54,0.6018323169738817,0.316,0.122,2.407166905184185e-50
WDR25,1.374706231513675e-54,0.23743415212173358,0.545,0.277,2.4861562196924815e-50
HSD17B12,1.4138706000016983e-54,0.48736484124321056,0.53,0.274,2.5569849801030714e-50
ADNP,1.4782354429703005e-54,0.3611746472031754,0.697,0.397,2.6733887986117884e-50
NAA25,1.4922422886274614e-54,0.3300733457871121,0.612,0.323,2.698720178982764e-50
STT3B,1.5112170487549483e-54,0.3718217877329115,0.963,0.819,2.733036032673324e-50
NABP2,1.515826258366339e-54,0.41342101580708285,0.749,0.467,2.741371788255524e-50
GCDH,1.5715103373109048e-54,0.3877282745344397,0.443,0.204,2.8420764450267715e-50
TMEM64,1.636713856705575e-54,0.3523937227046481,0.483,0.235,2.959997009852032e-50
XRCC5,1.730325188343883e-54,0.4596040674721342,0.481,0.237,3.1292931031199122e-50
IL22RA1,1.759645281971912e-54,0.4201353041857754,0.425,0.192,3.182318492446203e-50
THOC6,1.8708813862421693e-54,0.32579616204622897,0.728,0.42,3.383488987018963e-50
CEP164,1.8721511816967127e-54,0.36855722380462397,0.53,0.267,3.385785412098505e-50
ZBTB8A,2.0040568949855804e-54,0.4336617481361751,0.403,0.18,3.6243368945814223e-50
ASRGL1,2.0670992895647525e-54,0.3074224206085136,0.776,0.458,3.738349065177855e-50
TGFBRAP1,2.151668962018919e-54,0.3571340499849961,0.64,0.349,3.891293317811215e-50
LAMB2,2.1879241247175673e-54,0.3306618550718279,0.697,0.395,3.9568607795517205e-50
SAAL1,2.1924229927217806e-54,0.5074711290287102,0.41,0.184,3.96499698233734e-50
EFCAB7,2.1956776802993355e-54,0.4775655030790005,0.372,0.157,3.9708830848213484e-50
SOX12,2.2921726786685764e-54,0.3309406784653608,0.457,0.213,4.1453942893721205e-50
ARHGEF38,2.5543016757345645e-54,0.37370169949254795,0.854,0.553,4.61945458056596e-50
ASXL1,2.566258418192426e-54,0.3534903316215688,0.902,0.641,4.641078349301002e-50
GPRIN2,2.5807652309952027e-54,0.349900631060577,0.733,0.444,4.667313920254824e-50
CREB1,2.7123719056363404e-54,0.38192501763861086,0.751,0.449,4.905324591343322e-50
GAPVD1,2.998933591423951e-54,0.4796592589814652,0.478,0.236,5.423571400090216e-50
BCL7C,3.049043642376642e-54,0.3536632774095544,0.778,0.484,5.514195427238157e-50
HNRNPL,3.1184550228691216e-54,0.37870451716609965,0.917,0.693,5.639725908858807e-50
CUL4B,3.1513387915751075e-54,0.40947805825356487,0.745,0.454,5.699196204563581e-50
FOXRED2,3.53863820162548e-54,0.687311557738961,0.268,0.093,6.399627187639681e-50
FRAS1,3.68072669974014e-54,0.9830832459174599,0.172,0.038,6.656594236480043e-50
LYSMD2,4.0933591149343903e-54,0.49947513014729417,0.299,0.112,7.402839959358845e-50
TRIM24,4.1728450872959706e-54,0.3978100257820979,0.765,0.472,7.546590340374763e-50
CCDC34,4.190946932464874e-54,0.29850014899929045,0.659,0.359,7.579327527362725e-50
IFT172,4.3059678115526713e-54,0.38451904108976853,0.556,0.284,7.787342787193006e-50
MMACHC,4.4258726690311324e-54,0.41432788589440106,0.399,0.174,8.004190721942803e-50
KAT7,4.5920810728723236e-54,0.3381125111437536,0.651,0.357,8.304778620289597e-50
LZTFL1,4.664558026743591e-54,0.45115527603549266,0.455,0.217,8.435853191365784e-50
CDRT4,4.806069614923923e-54,0.2861124534274492,0.736,0.432,8.691776898589914e-50
GAR1,4.839863285744919e-54,0.47353184275824667,0.45,0.214,8.752892752269686e-50
CEP104,5.172260296517363e-54,0.32158950269103737,0.629,0.339,9.35403274625165e-50
CGREF1,5.434360043040063e-54,0.4766910278543799,0.356,0.149,9.828040137837954e-50
PSMB4,5.458193939904485e-54,0.38942887219946876,0.828,0.555,9.871143740317262e-50
GPR39,5.527346277485487e-54,0.4153794726682527,0.593,0.318,9.996205742832502e-50
PIMREG,5.559881987807786e-54,0.5841140972935741,0.311,0.122,1.0055046574950382e-49
PUM2,5.581570929422851e-54,0.38833302695357214,0.927,0.68,1.0094271025861226e-49
CCT8,5.656697122328692e-54,0.35578576495540004,0.897,0.645,1.023013674573144e-49
CCDC191,5.703981708166642e-54,0.3067794120082654,0.4,0.175,1.0315650919219372e-49
CCDC113,5.74250859723632e-54,0.31989186388469504,0.457,0.215,1.0385326798101885e-49
C2orf66,6.007184037175646e-54,0.7238950654699767,0.204,0.056,1.0863992331232156e-49
EIF4G2,6.069049692451952e-54,0.48824457270714144,0.681,0.412,1.0975876368799355e-49
CENPA,6.125463811320382e-54,0.5465498517541687,0.349,0.146,1.107790130277291e-49
GNPDA1,6.286734501830367e-54,0.41629551316872737,0.517,0.259,1.1369559346560219e-49
CCDC66,6.327133876979742e-54,0.38882361555006395,0.532,0.266,1.1442621616517864e-49
RFX7,6.537600508669532e-54,0.43158850536174853,0.399,0.175,1.1823250519928848e-49
NCAPG,6.833230120593763e-54,0.3935429680958793,0.536,0.281,1.2357896673093821e-49
UTP14A,7.185889823543477e-54,0.5820044651434007,0.268,0.094,1.2995681745878378e-49
PMS2,7.21060737818006e-54,0.41484355557576014,0.558,0.286,1.3040383443438638e-49
RNASEH2B,7.561937708170932e-54,0.7982766225115734,0.241,0.077,1.367576434522713e-49
N4BP2L1,7.629632676424706e-54,0.4678820777336692,0.359,0.149,1.3798190695314081e-49
CDAN1,7.679685556347671e-54,0.42930687936705114,0.398,0.177,1.3888711328654765e-49
SYMPK,7.757732244216817e-54,0.31109608722407533,0.928,0.712,1.4029858763666113e-49
PLA2G4B,7.821272819390549e-54,0.35780756654548895,0.57,0.296,1.4144771893867808e-49
NOL6,8.133660520419674e-54,0.3570119164299599,0.524,0.264,1.470972505117898e-49
SCN8A,8.559816241041235e-54,0.5860266529352915,0.329,0.132,1.5480427671923073e-49
NUP62CL,8.877093046573013e-54,0.7216741123219714,0.241,0.077,1.6054222774727294e-49
MAD2L1,9.053665944289474e-54,0.5587605028823255,0.307,0.118,1.6373554860247513e-49
PIGU,9.376590672685707e-54,0.5202821728181433,0.378,0.165,1.6957564231552102e-49
SPC25,9.808607673636283e-54,0.5091697976421965,0.495,0.256,1.7738866977771218e-49
ANKRD16,1.0142432286283183e-53,0.36680120220395285,0.5,0.245,1.8342588789743135e-49
SCAI,1.0305887388289874e-53,0.4832403542743626,0.472,0.226,1.863819734172224e-49
MYO10,1.0500997528995981e-53,0.3582788136375641,0.891,0.629,1.8991054031189233e-49
SPATA33,1.0695689928080533e-53,0.39925953826916494,0.693,0.406,1.9343155234933645e-49
RANGRF,1.0841081170869614e-53,0.3364935570908172,0.545,0.275,1.9606095297517697e-49
INTS14,1.1242219232432416e-53,0.3491898727215813,0.726,0.428,2.0331553481854024e-49
ZNF391,1.199346014079768e-53,0.6192031785177345,0.212,0.06,2.1690172664632602e-49
CREBBP,1.2200642271098181e-53,0.3441864819435061,0.724,0.432,2.206486154728106e-49
NOD1,1.2417140125274677e-53,0.3496360303008581,0.458,0.215,2.2456397916559253e-49
E2F8,1.2597396450687168e-53,0.4961693910728371,0.403,0.183,2.2782391481067744e-49
TOMM70,1.2613155207986477e-53,0.4334915811138668,0.722,0.435,2.2810891193643545e-49
CNIH1,1.2661074875358211e-53,0.41417914022804997,0.727,0.447,2.2897553912085325e-49
PATL1,1.269331005442367e-53,0.36787049661137705,0.7,0.401,2.2955851233425207e-49
FAHD2A,1.2855704012367016e-53,0.34597473542672663,0.516,0.257,2.324954070636575e-49
CCAR1,1.3044350619640965e-53,0.5114689903825722,0.402,0.183,2.3590708095620685e-49
TMEM184B,1.308358502400678e-53,0.36814933651612614,0.855,0.583,2.366166351591626e-49
SPIDR,1.3592609730487977e-53,0.3594401144107877,0.701,0.393,2.4582234697587505e-49
PBK,1.4261807889461026e-53,0.5628348982176183,0.416,0.196,2.5792479568090266e-49
JADE3,1.4487373648742134e-53,0.3922631612503866,0.381,0.164,2.620041524375015e-49
MID1,1.4651906501027295e-53,0.3350435466584005,0.652,0.363,2.6497972907107864e-49
SLC12A8,1.480876913561113e-53,0.3269967238104601,0.458,0.216,2.678165898175273e-49
CLDN12,1.511444164561795e-53,0.36728414336691284,0.737,0.457,2.7334467716100062e-49
DBT,1.6885523195765941e-53,0.35887294089524446,0.516,0.259,3.0537468699542706e-49
USP36,1.6928530127321925e-53,0.3296395880183536,0.689,0.396,3.0615246735261702e-49
HENMT1,1.708230203066246e-53,0.4733127869272735,0.546,0.287,3.0893343222453058e-49
HAUS4,1.7846067944006278e-53,0.3383086672555692,0.721,0.416,3.2274613876735354e-49
ABHD12,1.7881358954775892e-53,0.4943185952535558,0.513,0.266,3.23384376697122e-49
FAM89B,1.818751225397116e-53,0.34813101288937665,0.689,0.404,3.289211591130684e-49
ZNF445,1.8676364666501212e-53,0.3278771101496867,0.483,0.232,3.377620549936744e-49
RNF145,1.9295501112280831e-53,0.5412564423046369,0.452,0.217,3.489591376155988e-49
FCHSD2,2.34462948259704e-53,0.3229170136398889,0.499,0.246,4.240262419276747e-49
TAF15,2.3558408563969783e-53,0.3765101824062319,0.684,0.396,4.260538188793935e-49
PLD3,2.5057326439709987e-53,0.46064327483866535,0.793,0.541,4.5316174866215515e-49
UTRN,2.591291494195452e-53,0.4472789922773531,0.816,0.532,4.686350667252475e-49
C5,2.602196860699306e-53,0.6769243686637054,0.239,0.077,4.706073022574695e-49
HOXB13,2.628705995765565e-53,0.629300245838395,0.544,0.313,4.754014793342024e-49
EVA1A,2.782459546218975e-53,0.6773121081916806,0.209,0.058,5.0320780893370164e-49
ARHGEF10,2.8412062212785942e-53,0.32393961342249145,0.726,0.407,5.138321451182338e-49
SRPK3,2.8635613869986415e-53,0.7300716259144999,0.216,0.063,5.1787507683870434e-49
RNF114,2.8814684884870288e-53,0.3960952128000851,0.848,0.587,5.211135761428792e-49
IRF2BP1,2.942434917770368e-53,0.3239174773157647,0.598,0.319,5.321393548787711e-49
RNF113A,3.0748728876834985e-53,0.4960339123365656,0.442,0.211,5.560907617375607e-49
MDC1,3.2909963520033257e-53,0.41805385469987577,0.519,0.262,5.951766902598014e-49
CHAF1B,3.3505265046313867e-53,0.6785567016077017,0.291,0.111,6.059427183625863e-49
SLC43A1,3.376464994720408e-53,0.6219842521522807,0.292,0.11,6.106336942951857e-49
FUCA2,3.4579031978122483e-53,0.5055888431433037,0.612,0.348,6.253617933243451e-49
RAB21,3.4912778958508835e-53,0.3961875213375524,0.728,0.45,6.313976074646323e-49
SLC2A10,3.5396703657342053e-53,0.40443957926038276,0.473,0.229,6.40149385643031e-49
RABGGTB,3.5885291982558023e-53,0.3592397619379957,0.898,0.64,6.489855055045618e-49
METTL23,3.590038885030635e-53,0.3892072778350135,0.613,0.332,6.492585323577903e-49
GGPS1,3.627436498274186e-53,0.4619725201464162,0.438,0.204,6.560218907128865e-49
PEX5,3.639624608745195e-53,0.3488303139915585,0.557,0.288,6.5822611049156854e-49
POLE2,3.6778019995061987e-53,0.4713276553616197,0.419,0.192,6.65130491610696e-49
USP40,4.0707180841437313e-53,0.34644919452169537,0.844,0.557,7.361893655173939e-49
NXT1,4.1761832893157305e-53,0.4736346810136143,0.471,0.23,7.552627478727499e-49
TMEM14C,4.280503858230565e-53,0.43043167471148625,0.796,0.54,7.741291227609976e-49
TRIM65,4.292317292213096e-53,0.317949904832755,0.588,0.307,7.762655822967384e-49
HECTD4,4.542530415615455e-53,0.3612030461690724,0.73,0.438,8.21516625664055e-49
IPO4,4.636650166399975e-53,0.4074349336980556,0.393,0.171,8.385381825934355e-49
ZBTB12,4.643518453065135e-53,0.2473871161895147,0.349,0.143,8.397803122368296e-49
TIMP4,4.670046661040697e-53,0.7487877459091492,0.201,0.055,8.445779386492101e-49
LGR6,4.790284573747178e-53,0.7918577853121627,0.189,0.049,8.66322965162177e-49
MTIF3,4.798449969448474e-53,0.48371755097578806,0.524,0.274,8.677996769747565e-49
COMT,4.940319598911354e-53,0.3648744995893457,0.917,0.697,8.934567994631184e-49
POLD2,5.085000567300037e-53,0.37143789586124343,0.857,0.58,9.196223525962118e-49
FAAH2,5.2387234944205255e-53,0.43289429308974503,0.454,0.217,9.474231439659521e-49
AADAC,5.242581053118552e-53,1.26094909759528,0.155,0.031,9.4812078345649e-49
RTP4,5.307235699493708e-53,0.37511654736566147,0.422,0.191,9.59813576253437e-49
NAT10,5.56335036687984e-53,0.2698653797206677,0.743,0.435,1.006131913850219e-48
LIPT1,5.590636844513023e-53,0.6895948192027475,0.324,0.131,1.0110666733301803e-48
HDAC8,5.700108659690663e-53,0.3092368232166727,0.585,0.304,1.0308646511050565e-48
DHX9,5.784014815112016e-53,0.3855481974570611,0.793,0.512,1.0460390793130082e-48
POGLUT3,6.11506640941586e-53,0.38240098455072813,0.465,0.223,1.1059097601428583e-48
RO60,6.119488896663533e-53,0.35783085933353764,0.678,0.385,1.1067095669615999e-48
ZMYM4,6.1253329082737e-53,0.35865019901047013,0.822,0.547,1.1077664564612986e-48
FAHD2B,6.131188217471636e-53,0.45206878652821203,0.295,0.11,1.1088253891297454e-48
EZH2,6.15690083042371e-53,0.41150989598267507,0.793,0.517,1.113475515182128e-48
PGM2,6.360322352538635e-53,0.3784646317029815,0.635,0.349,1.1502642974566122e-48
DTYMK,6.5233377785645065e-53,0.36310121502364257,0.643,0.368,1.179745637253391e-48
TMEM230,6.650013571192502e-53,0.43712542375511654,0.512,0.261,1.2026549543501641e-48
ATRAID,6.731391699768775e-53,0.38681707077564015,0.809,0.536,1.217372188903183e-48
ZNF182,6.900868243956287e-53,0.4271210100444893,0.47,0.228,1.2480220219194946e-48
DEAF1,7.234630542181781e-53,0.3144475187699267,0.591,0.316,1.3083829335535751e-48
LYSMD4,7.409149845296007e-53,0.28404739657396494,0.59,0.311,1.3399447495217828e-48
PJVK,7.712347299358195e-53,0.6879834436500336,0.24,0.078,1.3947780090889295e-48
ALDH7A1,7.767878560595832e-53,0.32316752647930547,0.703,0.396,1.404820837683756e-48
TARS2,7.884169491943399e-53,0.3538639532910106,0.466,0.225,1.4258520526179638e-48
KPNA2,8.210515985899856e-53,0.47121358077311576,0.648,0.388,1.484871816049989e-48
KIF23,8.24924199752679e-53,0.39064255648353197,0.566,0.309,1.49187541525272e-48
TMEM43,8.2908290664474285e-53,0.33307148578071666,0.722,0.419,1.4993964366670176e-48
ERCC2,8.798204888477745e-53,0.3133812347603502,0.55,0.28,1.5911553540812e-48
C17orf75,8.845164124004269e-53,0.31910028317135475,0.616,0.334,1.599647931826172e-48
RAB11FIP2,9.08701840161715e-53,0.33272150388093236,0.567,0.3,1.6433872779324616e-48
MID2,9.190744248921993e-53,0.6530381633329316,0.28,0.103,1.6621460974175425e-48
CSNK2A2,9.299691258330773e-53,0.400282089149002,0.767,0.484,1.6818491640691202e-48
RNF20,9.430071346447809e-53,0.29859852504814477,0.688,0.397,1.7054284030050864e-48
MSRB2,9.679248394341869e-53,0.37926664070578664,0.855,0.602,1.750492072116727e-48
SMOX,9.830628727155453e-53,0.23171587646683278,0.569,0.291,1.777869205306064e-48
DBF4B,1.0200726434794999e-52,0.5206832816773832,0.351,0.147,1.8448013757326754e-48
FAM241B,1.0965090112570089e-52,0.3431313724848182,0.356,0.147,1.9830365468583006e-48
CDKN3,1.1138355880835574e-52,0.6436799928684662,0.346,0.149,2.0143716610491135e-48
POLK,1.142840853631981e-52,0.365312501251815,0.662,0.367,2.0668276837934378e-48
EIF2B3,1.2402015027811645e-52,0.4032935295509026,0.51,0.258,2.242904417779736e-48
AQR,1.325984648938305e-52,0.35732073310783047,0.755,0.458,2.3980432376049245e-48
ZNF766,1.3464183536535377e-52,0.47886108133172556,0.372,0.161,2.434997592582423e-48
DLG5,1.3512725861681283e-52,0.41816441280087013,0.708,0.417,2.4437764720850598e-48
FAM185A,1.439985685681983e-52,0.6524393868962672,0.297,0.114,2.6042141125558662e-48
AP2S1,1.5145204406402487e-52,0.5114646186822198,0.49,0.248,2.73901021689789e-48
SH2D6,1.5311895817597445e-52,0.8322902180309533,0.201,0.055,2.769156358612498e-48
AEN,1.554851836695015e-52,0.36535216343488974,0.567,0.303,2.8119495466629345e-48
PDIK1L,1.5744293384869771e-52,0.376854078436373,0.588,0.315,2.847355458653698e-48
STRAP,1.604047398352831e-52,0.42694904519500415,0.806,0.562,2.900919719921095e-48
UTP3,1.6210382184284527e-52,0.39188014630818424,0.605,0.324,2.931647618027857e-48
CXCL16,1.6375492693657457e-52,0.3889607580615406,0.736,0.459,2.961507853647951e-48
ZNF485,1.6508547723860056e-52,0.4434942023698589,0.361,0.153,2.9855708558600914e-48
CEP78,1.681676899411917e-52,0.4634015413145465,0.538,0.286,3.0413126725864515e-48
CDC25B,1.693581099127058e-52,0.41567887077097965,0.782,0.501,3.062841417771284e-48
DNAJC30,1.7663542948274912e-52,0.3057975141926663,0.477,0.232,3.194451742195518e-48
TBC1D4,1.851771060603521e-52,0.3494486416568465,0.564,0.297,3.348927963101468e-48
S100PBP,1.8767520478859376e-52,0.32641655400488784,0.755,0.449,3.394106078601718e-48
ZNF283,1.9420786433789233e-52,0.3968594896729958,0.52,0.265,3.512249226550783e-48
PSMB7,1.989424456407749e-52,0.4417340989242957,0.6,0.329,3.5978741294134144e-48
PTPRD,2.0386140165842296e-52,0.4012057511622581,0.758,0.47,3.686833448992579e-48
PXYLP1,2.080414095286329e-52,0.3358545484661324,0.333,0.135,3.762428891325326e-48
BRWD1,2.1686865090025443e-52,0.3465557874182207,0.845,0.574,3.9220695515311013e-48
SCML1,2.2091713633972227e-52,0.3852680281713159,0.617,0.335,3.9952864107038774e-48
SEPHS1,2.255790943648236e-52,0.3518783278037132,0.488,0.246,4.079597921587835e-48
CPSF6,2.3314365724108086e-52,0.3534412029332539,0.832,0.552,4.2164030412049475e-48
CAMSAP1,2.502059783946722e-52,0.3013426919918898,0.526,0.265,4.524975119267647e-48
PLSCR3,2.5372304106919023e-52,0.22735261842646848,0.612,0.324,4.588581197736305e-48
FAM172A,2.56649969242395e-52,0.3392290806242697,0.604,0.329,4.6415146937487135e-48
KIF15,2.5826579245916966e-52,0.41760566943228183,0.478,0.239,4.6707368566240835e-48
CBR4,2.6606335981698896e-52,0.3540896729906679,0.732,0.438,4.811755862290245e-48
PRMT5,2.7114614257452914e-52,0.3747394149987897,0.419,0.191,4.9036779884603595e-48
CDK18,2.7951570861549393e-52,0.34705584404374745,0.597,0.32,5.0550415903112076e-48
DENND6A,2.8155663828001164e-52,0.37947139074025005,0.559,0.292,5.091951803294011e-48
GPATCH2L,2.874267052607662e-52,0.36459272743132765,0.839,0.567,5.1981119646409566e-48
RPRD2,2.8842757401662835e-52,0.3905946488099641,0.621,0.35,5.216212676090724e-48
PAK1,2.9062705127361126e-52,0.42629273237479093,0.622,0.343,5.25599022228326e-48
ALDH4A1,2.9138548903759876e-52,0.6380416266270728,0.276,0.1,5.269706569244974e-48
ARRDC3,3.0154282490883348e-52,0.3548751876548152,0.932,0.69,5.4534019884762533e-48
MAN2B1,3.1207587474948687e-52,0.3803825495731733,0.645,0.374,5.64389219484447e-48
MARF1,3.3042639181986037e-52,0.38756977463549513,0.622,0.344,5.975761296062175e-48
TNKS,3.3832923691646115e-52,0.360196493248334,0.813,0.512,6.1186842496342e-48
PREPL,3.417878779446862e-52,0.35613944646556023,0.788,0.488,6.18123377262965e-48
QTRT1,3.454605603798605e-52,0.2730745338313396,0.958,0.713,6.2476542344697765e-48
TCTN2,3.4893537488367734e-52,0.5304143536418353,0.283,0.104,6.310496254771304e-48
FDX2,3.556961312322026e-52,0.29190192147310134,0.529,0.265,6.432764533334385e-48
INCENP,3.68200342248843e-52,0.421442147870126,0.593,0.324,6.658903189570326e-48
RAP1GAP2,3.695883651636605e-52,0.322955221277313,0.753,0.45,6.6840055839848e-48
PTPN3,3.8437571462384146e-52,0.36283010298001145,0.771,0.471,6.951434798972173e-48
PPP2CA,3.9001328223716454e-52,0.5280584112395745,0.41,0.189,7.05339020925912e-48
KIAA0895,3.907701191069774e-52,0.36972349580600516,0.342,0.142,7.067077604049686e-48
VANGL1,4.038252525719798e-52,0.3494089594516835,0.744,0.455,7.303179692764254e-48
NT5E,4.211406624987786e-52,0.42335743314488844,0.754,0.485,7.616328881290411e-48
CCDC40,4.456212381405658e-52,0.6802689016783896,0.259,0.09,8.059060091772132e-48
DDX42,4.5513475455911875e-52,0.339985703844017,0.848,0.559,8.231112036201663e-48
ZSCAN21,4.869526971578416e-52,0.2940481120620373,0.521,0.263,8.806539528099565e-48
NUAK2,5.1151220520710305e-52,0.2904253776563458,0.642,0.357,9.250698231170459e-48
YIPF2,5.320502265720648e-52,0.36417400298585556,0.708,0.421,9.622128347555792e-48
TAB1,5.610861113972695e-52,0.27062803510734135,0.678,0.384,1.0147242324619619e-47
DMAP1,5.617946097904534e-52,0.4097733558563775,0.764,0.468,1.016005551806035e-47
PASK,5.669614421413688e-52,0.28483676790931467,0.464,0.224,1.0253497681126654e-47
SLFN5,5.8277876115868254e-52,0.29109639552329725,0.567,0.297,1.0539553895554773e-47
UTP20,6.226344183346079e-52,0.25895824459939343,0.665,0.372,1.1260343455581384e-47
ELK4,6.262648322424643e-52,0.36790208869393476,0.738,0.441,1.1325999491104967e-47
FAM222A,6.340896633228343e-52,0.6016120252249801,0.288,0.108,1.146751156119346e-47
KDSR,7.058936062077137e-52,0.36457967360028776,0.731,0.434,1.27660858682665e-47
ZMAT1,7.1619390134804e-52,0.48035643397021,0.286,0.107,1.2952366705879302e-47
PSMD4,7.198848876922455e-52,0.3267303697291304,0.692,0.4,1.301911819391426e-47
SOS1,7.261283070987819e-52,0.3704634448400175,0.661,0.375,1.313203043388147e-47
ASTN2,7.30607652857026e-52,0.4394832879262651,0.362,0.157,1.3213039401919313e-47
SMARCA1,7.946796340606644e-52,0.8622643970056099,0.218,0.066,1.4371781181987116e-47
SFT2D1,8.01306059151094e-52,0.46252026538299695,0.535,0.286,1.4491620079747537e-47
SOGA1,8.026841404134279e-52,0.29996293467985236,0.617,0.332,1.4516542679376844e-47
TRMT10B,8.067468867275824e-52,0.2418666315718312,0.6,0.316,1.4590017446468329e-47
LEPR,8.183661122856656e-52,0.8472068288115953,0.224,0.071,1.4800151140686263e-47
WDR4,8.512658307976923e-52,0.31436235480985997,0.603,0.326,1.5395142549976264e-47
PAXIP1,8.525504866797388e-52,0.40554340648746057,0.554,0.29,1.5418375551603075e-47
TUBD1,8.545146472395673e-52,0.36241568997558926,0.473,0.23,1.5453897395327575e-47
ARID1B,9.31652949919506e-52,0.3790476351346602,0.776,0.485,1.6848943599294267e-47
FTO,9.529132373545719e-52,0.4327095629747604,0.447,0.216,1.7233435897557432e-47
PPRC1,9.73319574705311e-52,0.3113358563665305,0.693,0.394,1.760248450854555e-47
EXTL2,9.930659291008735e-52,0.33795641356856443,0.392,0.174,1.7959597327789298e-47
CARNMT1,1.0153633688591349e-51,0.3458732903549566,0.693,0.4,1.8362846525817454e-47
PHF20,1.0237195057351422e-51,0.35374204035606427,0.511,0.257,1.8513967261220048e-47
CNOT6L,1.0386336366970547e-51,0.3918839520243278,0.569,0.304,1.8783689319666234e-47
CLIC4,1.052015914749308e-51,0.44875919706946776,0.449,0.218,1.9025707818241235e-47
TBL2,1.0727791203166515e-51,0.3648970476871225,0.736,0.441,1.9401210390926643e-47
ATXN3,1.0786577585709288e-51,0.3309182126973023,0.778,0.47,1.9507525563755247e-47
RHBDF2,1.1066046666397562e-51,0.23352353174127627,0.375,0.164,2.001294539617999e-47
SUPT20H,1.1510508894356021e-51,0.32929092738132004,0.69,0.401,2.0816755335442864e-47
PIBF1,1.1518029278052223e-51,0.3806669688311568,0.506,0.254,2.0830355949357444e-47
AAR2,1.1774778427033734e-51,0.40222184154124063,0.329,0.133,2.1294686785290507e-47
HIST2H2BE,1.1785706902671993e-51,0.4444381472351977,0.349,0.15,2.1314450933482298e-47
SMIM29,1.2966436497067457e-51,0.29363752017348377,0.426,0.196,2.3449800404946495e-47
SERINC3,1.3154115333343848e-51,0.40741686918820047,0.741,0.462,2.378921758035235e-47
RAD51,1.4354782049358418e-51,0.6225336685339613,0.336,0.142,2.59606233362647e-47
YEATS4,1.4694202497475247e-51,0.23218560431568225,0.558,0.284,2.6574465216683985e-47
UGGT2,1.5184507550201532e-51,0.39519953728746593,0.629,0.348,2.746118190453947e-47
TFB2M,1.5240419052269234e-51,0.43957393562220903,0.433,0.205,2.756229785602891e-47
TMEM14A,1.5421085736966235e-51,0.37725201070247477,0.742,0.454,2.7889033555303435e-47
CCNG1,1.55612287457132e-51,0.40441025667695124,0.844,0.591,2.814248218662232e-47
UBIAD1,1.5891869714629206e-51,0.22740017071733343,0.5,0.249,2.874044637890692e-47
ZNF519,1.6392044629397972e-51,0.34422168854286417,0.412,0.188,2.9645012712266235e-47
ZFR,1.7513826845410842e-51,0.3832988101697014,0.78,0.493,3.1673755849925507e-47
UQCRH,1.8323325335135764e-51,0.49675711672764833,0.619,0.355,3.313773386859303e-47
SKA3,1.8879409520822308e-51,0.6083313846752612,0.299,0.118,3.4143412118407143e-47
VRK1,1.9309571757159228e-51,0.41779330650658864,0.694,0.41,3.492136052282246e-47
PHF14,1.9455017040526763e-51,0.4173883896078117,0.871,0.595,3.518439831779265e-47
METTL9,1.9489911314053786e-51,0.4027594406258094,0.893,0.65,3.524750461146627e-47
MED6,1.972292754914727e-51,0.338019761228302,0.669,0.381,3.5668914472632837e-47
DSTYK,2.020489924774378e-51,0.25937182857711316,0.457,0.218,3.6540560289544625e-47
ZMIZ1,2.3570066622009662e-51,0.3283394169871032,0.563,0.303,4.2626465485904476e-47
POLB,2.3726828545145903e-51,0.30778674317374466,0.48,0.234,4.290996942389637e-47
POLR1B,2.38824864317388e-51,0.3115609516707115,0.623,0.341,4.3191476711799617e-47
MAN1B1,2.424008796134583e-51,0.35057265040210384,0.753,0.464,4.383819907809393e-47
DCAF15,2.5476916107599738e-51,0.3227160021285115,0.732,0.432,4.607500278059413e-47
ZBTB25,2.6173162106008743e-51,0.31496719286838615,0.597,0.321,4.733416366871681e-47
CIP2A,2.6749972637881447e-51,0.4594491140919241,0.396,0.183,4.83773255156086e-47
EXTL3,2.679191745220039e-51,0.44155316947963463,0.346,0.143,4.84531827123044e-47
KIAA0753,2.6951006440210345e-51,0.31500846112578373,0.599,0.32,4.874089514712041e-47
CAPNS1,2.787400643664532e-51,0.46877981551394154,0.834,0.591,5.041014064067306e-47
LMNB1,2.9870760248948753e-51,0.39475409641724196,0.842,0.572,5.402126991022382e-47
E2F5,3.02844902215207e-51,0.4541864271083931,0.326,0.132,5.476950056562019e-47
IPO9,3.060219298302021e-51,0.39301208995596104,0.641,0.36,5.534406600979205e-47
PFAS,3.063941873568458e-51,0.2821566206909351,0.806,0.5,5.541138878348556e-47
LAS1L,3.07949745039426e-51,0.31064298636201915,0.65,0.361,5.569271139038019e-47
IK,3.120487077202982e-51,0.36553096872314245,0.814,0.54,5.643400879121593e-47
NDC1,3.2413690876810544e-51,0.3695763992923654,0.61,0.34,5.862015995071187e-47
GALNT2,3.2556088199021596e-51,0.46360243264959466,0.573,0.313,5.887768550793056e-47
STK19,3.2655335473695143e-51,0.3201025101756061,0.459,0.218,5.905717420417767e-47
ING4,3.3686086138162496e-51,0.2995115663746001,0.779,0.471,6.092128678086688e-47
TMEM256,3.3852588511237134e-51,0.40692595560377787,0.653,0.379,6.122240632257235e-47
HNMT,3.562546173664847e-51,0.43190843866624906,0.609,0.345,6.442864755072876e-47
ANKRD13B,3.681347214138632e-51,0.41358077198960697,0.406,0.186,6.657716436769716e-47
CTIF,3.691817556956434e-51,0.2748977223583682,0.609,0.325,6.676652051755711e-47
NOTCH2,3.9335923004393616e-51,0.27794695153065585,0.511,0.254,7.113901675344586e-47
TMCO4,4.210486582699148e-51,0.2556895517264428,0.716,0.412,7.614664984811409e-47
DDX54,4.421417947096358e-51,0.3537993726329729,0.701,0.42,7.996134357323764e-47
SMARCC1,4.446470767164411e-51,0.2604832228435765,0.99,0.869,8.041442382416838e-47
ZSCAN2,4.526286651089007e-51,0.23228511605827706,0.543,0.28,8.185789408494469e-47
CRKL,4.6392142041020175e-51,0.3352470328650088,0.845,0.563,8.3900188881184985e-47
CISD1,4.7006358438795216e-51,0.36136370146505525,0.471,0.232,8.501099923656115e-47
CYFIP2,4.866946954573438e-51,0.2879471037316621,0.577,0.308,8.801873567346063e-47
BRD8,4.877241471972715e-51,0.37267077870703014,0.819,0.543,8.820491202062655e-47
CAMKK1,5.142461563651789e-51,0.2653935330154211,0.548,0.28,9.300141737864261e-47
METTL16,5.1577707276449064e-51,0.3260374751997561,0.597,0.322,9.327828360945814e-47
GBE1,5.251951416680304e-51,0.465161105068717,0.399,0.183,9.49815413706633e-47
MEX3A,5.296927457589111e-51,0.3579960915968661,0.245,0.081,9.579493307049908e-47
FUBP3,5.398540626110597e-51,0.3997730714911246,0.727,0.442,9.763260722321014e-47
TMEM8B,5.755178506662928e-51,0.28649147393899044,0.836,0.541,1.0408240329299905e-46
PJA1,6.192448573546985e-51,0.3710202229804298,0.35,0.149,1.1199043245259723e-46
C11orf74,6.211746293156482e-51,0.5643604207736823,0.299,0.117,1.1233943171173499e-46
BRAF,6.351103917765087e-51,0.3453318737483796,0.638,0.354,1.1485971435278161e-46
WDR6,6.369774580029256e-51,0.31167540258501647,0.937,0.71,1.151973732798291e-46
ZNF510,6.689942570735263e-51,0.36661671951208863,0.456,0.223,1.2098761139174723e-46
SPATA6,6.694458214729851e-51,0.30054620867060056,0.491,0.238,1.2106927681338936e-46
RRP15,6.948259786794107e-51,0.2675854115043823,0.644,0.354,1.2565927824417143e-46
NUP54,7.39143704937106e-51,0.3794840202633775,0.759,0.474,1.3367413903787562e-46
CLHC1,7.396380462091443e-51,0.4272553132856711,0.413,0.19,1.3376354065692376e-46
LOXL1,7.494913462375761e-51,0.5787027111729399,0.216,0.065,1.3554550996706564e-46
ZSWIM7,7.509322459646036e-51,0.4286119867100382,0.453,0.216,1.3580609668269856e-46
ZSWIM4,7.889484448485757e-51,0.2958186142686232,0.362,0.155,1.4268132625086493e-46
FAM83D,7.912567475233341e-51,0.6123693353414441,0.331,0.14,1.4309878278959498e-46
SEC22C,7.966764021227638e-51,0.4428003465033967,0.378,0.169,1.4407892732390183e-46
NCOA5,8.034046469076085e-51,0.3671113663908605,0.49,0.243,1.45295730393241e-46
FAM53C,8.088269666582258e-51,0.2504677092549208,0.546,0.276,1.4627635692014013e-46
DMAC1,8.182768816939458e-51,0.409980201074146,0.793,0.528,1.479853740543501e-46
FUNDC1,8.226647088635138e-51,0.8933669647335623,0.22,0.069,1.4877891259796648e-46
GGACT,8.290397804877491e-51,0.2418728365980578,0.448,0.211,1.4993184430120942e-46
TUBGCP4,9.521231776118191e-51,0.3264620263857496,0.425,0.199,1.7219147667109748e-46
STRIP1,9.526853401611706e-51,0.32708045091907145,0.686,0.387,1.722931437681477e-46
GPATCH1,9.6693220319928e-51,0.3425971427731005,0.44,0.209,1.7486968894858977e-46
EMC1,1.0192586076662413e-50,0.3498669858325856,0.586,0.32,1.8433291919643975e-46
LRRN1,1.0656601992714883e-50,0.5279818255794266,0.263,0.095,1.9272464703824866e-46
MTSS2,1.0759925594135828e-50,0.2668183469076446,0.587,0.309,1.9459325436994644e-46
IQCB1,1.1147607035799425e-50,0.3689053399906841,0.677,0.39,2.016044732424326e-46
KIF7,1.1501126582671862e-50,0.3186602261876146,0.476,0.232,2.079978742476206e-46
PPOX,1.1751847418882383e-50,0.27750664482073173,0.501,0.249,2.125321605704879e-46
SCYL3,1.1795772472283171e-50,0.3123598660404925,0.601,0.323,2.1332654516124114e-46
PAK1IP1,1.202310960768957e-50,0.3473414674524562,0.561,0.295,2.174379372550659e-46
UNG,1.2079352526280278e-50,0.2919179189312824,0.725,0.432,2.1845509043777885e-46
RGL3,1.2473044779250482e-50,0.38643157423722574,0.356,0.153,2.2557501483274498e-46
RECQL5,1.2614104412609351e-50,0.34894953992083355,0.64,0.353,2.281260783020401e-46
ACYP1,1.3085543567356455e-50,0.3649116428122283,0.457,0.223,2.366520554156415e-46
CFAP69,1.3544934288762936e-50,0.47777573266431794,0.4,0.187,2.449601366122777e-46
MELK,1.385321978231505e-50,0.6474976046202805,0.325,0.135,2.5053547976316768e-46
HIST1H2AK,1.436102799834695e-50,0.7913758232664603,0.251,0.088,2.597191913501046e-46
LZTS2,1.482496000671537e-50,0.3467136486646563,0.762,0.468,2.6810940172144746e-46
GPAT4,1.5187042849723878e-50,0.33234568865770076,0.672,0.387,2.7465766993725636e-46
ZNF738,1.5607456909985353e-50,0.3423929162113142,0.368,0.16,2.822608582170851e-46
MANBAL,1.625677599422892e-50,0.3250798864720149,0.732,0.452,2.9400379385563e-46
SRCIN1,1.6751465386720703e-50,0.7965043352124073,0.204,0.059,3.0295025151884392e-46
CCT6B,1.7302137264268736e-50,0.6255022025895789,0.245,0.083,3.129091524243001e-46
TBCK,1.8368163734106574e-50,0.35836146280346426,0.687,0.401,3.321882411313174e-46
NUDCD2,1.9542516904088468e-50,0.37423425296454205,0.732,0.444,3.5342641821043996e-46
UCK2,1.955738460093281e-50,0.3765308310704907,0.768,0.475,3.536953005078699e-46
RRP9,1.9720610196090688e-50,0.2342766493463313,0.647,0.362,3.566472353963001e-46
CRYZL1,2.1267277991144725e-50,0.2737709892200413,0.281,0.105,3.846187224698523e-46
DUSP10,2.1747114710822597e-50,0.3902438597928679,0.404,0.185,3.932965695452267e-46
PTGS1,2.183059883680813e-50,0.244892520933518,0.381,0.169,3.94806379963675e-46
CDK13,2.2147503701773644e-50,0.37677031523074256,0.714,0.429,4.005376044465764e-46
PAICS,2.367710943495755e-50,0.998523635716809,0.213,0.066,4.282005241312073e-46
ZFP90,2.435910546456761e-50,0.3598758190625726,0.457,0.219,4.405344223267052e-46
NARS2,2.510806405683783e-50,0.2723365321961722,0.755,0.451,4.540793384679122e-46
TMEM241,2.6325502570412617e-50,0.3320325913854134,0.445,0.211,4.760967139859122e-46
CBFB,2.7241253536257147e-50,0.33825156936606415,0.845,0.568,4.926580702032105e-46
GTF2H3,2.835768639907055e-50,0.4971959457713675,0.357,0.156,5.1284875852719094e-46
LRRC57,3.0797126084497564e-50,0.3623093204694061,0.602,0.331,5.5696602523813845e-46
PTPN12,3.1939286676468356e-50,0.34485106097777085,0.786,0.5,5.776219995439302e-46
SOCS7,3.2092872452838093e-50,0.26631735724166106,0.563,0.295,5.8039959830957694e-46
BEND7,3.255448961118435e-50,0.2734068760115095,0.618,0.338,5.887479446182689e-46
GTF3C5,3.3196858300487446e-50,0.4564345251999593,0.448,0.22,6.0036518236431546e-46
PDE6D,3.3872475341470624e-50,0.38529113168259466,0.43,0.202,6.125837165504962e-46
PKD2,3.4001793554700415e-50,0.28051596603620377,0.536,0.277,6.1492243643675704e-46
NOLC1,3.484906108602301e-50,0.5240078829589021,0.383,0.174,6.3024526974072614e-46
SSBP1,3.5805978307450095e-50,0.388211499810883,0.757,0.477,6.4755111769023494e-46
CRIPT,3.616582883287916e-50,0.3612927920625102,0.713,0.418,6.5405901444261956e-46
TMEM35B,3.762608769599418e-50,0.3299575584188315,0.754,0.458,6.804677959820547e-46
ADAMTS13,3.9358447029874693e-50,0.28385882807385787,0.514,0.266,7.117975145352839e-46
N6AMT1,4.1209826698175094e-50,0.3043862763914926,0.47,0.228,7.452797158364965e-46
NDUFAF8,4.13449076704818e-50,0.34841439936682395,0.931,0.726,7.477226552206633e-46
FBF1,4.601647218571669e-50,0.2744609765809174,0.602,0.326,8.322078994786863e-46
RBFOX1,4.807825193566343e-50,0.5072070459873044,0.255,0.089,8.69495186256473e-46
WDR61,4.985807307402284e-50,0.3473271651161747,0.672,0.389,9.016832515437031e-46
RBM25,5.019399831173459e-50,0.35548207222888484,0.941,0.736,9.077584594677201e-46
ELP6,5.070748057297408e-50,0.29050086194560465,0.673,0.388,9.170447861622363e-46
AIG1,5.219399280028598e-50,0.3026521658625845,0.646,0.36,9.43928359793172e-46
MTHFD1L,5.47347707766337e-50,0.21958511877558062,0.561,0.291,9.898783294954206e-46
ADCY3,5.494285698459424e-50,0.3319519558194428,0.641,0.362,9.936415685663868e-46
PRPS2,5.529689277466583e-50,0.3437704119971864,0.825,0.538,1.0000443058298315e-45
BRK1,5.816471610670321e-50,0.9312983069664154,0.214,0.067,1.0519088907897275e-45
XPC,5.902508307588842e-50,0.3310794687869645,0.607,0.333,1.067468627427442e-45
RERE,5.954205025095464e-50,0.2892441599573057,0.972,0.813,1.0768179787885147e-45
XPNPEP3,6.102932106438972e-50,0.30327079241807153,0.355,0.152,1.1037152714494881e-45
PCDHGB7,6.24156393944622e-50,0.35170275660163064,0.335,0.139,1.1287868384488489e-45
MED17,6.352872203630245e-50,0.3333313462298715,0.732,0.432,1.1489169380265299e-45
HINT1,6.721393754270921e-50,0.45106825866452427,0.669,0.412,1.215564060459896e-45
EEF1AKMT4,7.301128806452479e-50,0.3880846370569371,0.367,0.162,1.3204091446469308e-45
REG1B,7.479295459622805e-50,0.977769370734435,0.246,0.088,1.3526305838727842e-45
NDUFA11,7.622673542571499e-50,0.3962185453712018,0.644,0.37,1.3785605101740556e-45
POU2F1,7.808112677628274e-50,0.33005355951360005,0.474,0.234,1.4120971777490732e-45
MLXIP,8.602463592051472e-50,0.29769392649443027,0.946,0.725,1.555755540622509e-45
BEX4,8.680945847758327e-50,0.34036376253720424,0.368,0.163,1.5699490565670934e-45
ETAA1,8.86813221447661e-50,0.2782126339223665,0.603,0.316,1.603801710988095e-45
MCTS1,8.904550619999678e-50,0.36893069238956877,0.6,0.332,1.6103879796269418e-45
TBCEL,8.93750105797692e-50,0.23932289823026576,0.357,0.152,1.6163470663351258e-45
STAMBPL1,8.963048739615468e-50,0.3373047556223575,0.913,0.686,1.6209673645594573e-45
NFIX,9.30940252498545e-50,0.2992574773823383,0.961,0.745,1.6836054466436184e-45
FKRP,9.337006269729127e-50,0.23120640591594555,0.394,0.175,1.6885975838805128e-45
NUP133,9.408980039452673e-50,0.312598637091386,0.748,0.452,1.701614040135016e-45
SBF2,9.611384500824955e-50,0.44337690762800186,0.541,0.293,1.7382188869741933e-45
CTCF,9.935377720032903e-50,0.3688294024251182,0.678,0.396,1.7968130606679506e-45
PLEKHA2,1.0004456191201727e-49,0.3250294058365012,0.743,0.452,1.8093059021788325e-45
MPZL1,1.0109308894432124e-49,0.39755803464427264,0.625,0.359,1.8282685135580496e-45
ST3GAL2,1.0169429945643125e-49,0.3422869809015512,0.407,0.189,1.839141405669559e-45
UBE3C,1.0233623728415435e-49,0.3630888447279328,0.861,0.591,1.8507508512839317e-45
UMPS,1.040969589053188e-49,0.25098285057654834,0.665,0.371,1.8825935018026903e-45
SEPTIN7,1.0418510919782906e-49,0.32022287846277364,0.49,0.248,1.8841876998427384e-45
PSIP1,1.0704666083559297e-49,0.4160407740372931,0.467,0.226,1.9359388612116988e-45
NEK2,1.108161455554987e-49,0.6406716501337577,0.343,0.15,2.004109992371194e-45
POP7,1.1793840297839022e-49,0.4686086129848972,0.426,0.205,2.1329160178641872e-45
ZNF346,1.1826934929149482e-49,0.29982605795622064,0.462,0.226,2.138901181936684e-45
TRNAU1AP,1.1924343471054448e-49,0.22792392310183218,0.589,0.316,2.156517516740197e-45
PCYOX1L,1.225879144605366e-49,0.28100013000967206,0.342,0.143,2.2170024330188043e-45
FAM111B,1.2471237348814925e-49,0.4396870145330414,0.538,0.289,2.255423274533179e-45
RINL,1.2840426498578469e-49,0.7139395194577354,0.219,0.07,2.3221911322679162e-45
THOP1,1.2956825177346276e-49,0.38005112301163124,0.634,0.357,2.343241833323074e-45
MAN1A2,1.3475482607422137e-49,0.3158231270606491,0.552,0.294,2.4370410295522934e-45
RPRD1A,1.450947993254186e-49,0.35940715482249996,0.847,0.564,2.6240394458001953e-45
NAPB,1.4739344959663489e-49,0.43414972329548274,0.362,0.16,2.6656105359551418e-45
TACC3,1.591756053907204e-49,0.41221345570485035,0.723,0.459,2.878690823491178e-45
RPAP3,1.596910294436045e-49,0.36954433010073906,0.542,0.286,2.888012267487587e-45
DHX37,1.6080695109561175e-49,0.30880091588463654,0.63,0.35,2.9081937105641387e-45
TMCO6,1.6231326585409247e-49,0.2338904126350052,0.432,0.203,2.9354354129712625e-45
TIMP1,1.648109729251856e-49,0.3575117851235654,0.839,0.604,2.9806064453519814e-45
RRP1B,1.6743233168309774e-49,0.2610669604507292,0.64,0.358,3.0280137184888224e-45
USP13,1.7085388466502142e-49,0.6073096444708779,0.22,0.07,3.089892504166912e-45
PRELID3A,1.8118415966079906e-49,0.293520701564836,0.511,0.258,3.276715527465551e-45
DCLRE1C,1.8840286074789152e-49,0.39321675617318697,0.372,0.166,3.4072657366256183e-45
BFAR,1.8861462084197477e-49,0.3187788974631488,0.717,0.424,3.4110954179271136e-45
CDC26,1.89038191925779e-49,0.4468185863483236,0.42,0.203,3.4187557009777133e-45
BCR,2.0143566133805667e-49,0.3304123652843943,0.766,0.468,3.642963935298755e-45
OARD1,2.017773719263274e-49,0.3226783436143685,0.843,0.551,3.6491437712876305e-45
GSPT1,2.0661755804450554e-49,0.46132778118382767,0.491,0.252,3.736678537234883e-45
NUP88,2.1557727512707514e-49,0.3402260856389907,0.83,0.538,3.898715020673154e-45
RIOX1,2.2387502575071043e-49,0.45862160159553955,0.352,0.155,4.048779840701598e-45
VKORC1L1,2.375833556426211e-49,0.37435172774370895,0.668,0.39,4.2966949867968026e-45
TMEM267,2.3771146992216645e-49,0.2899539108632099,0.499,0.251,4.2990119335423804e-45
FIBP,2.427517195696039e-49,0.43181768265373854,0.651,0.387,4.3901648484162865e-45
STRN3,2.451564368693652e-49,0.30955164410498437,0.731,0.438,4.43365416078247e-45
TNFSF12,2.481163911830148e-49,0.3437953379011933,0.414,0.191,4.487184934544822e-45
HES1,2.5591038276616265e-49,0.3383769123721865,0.972,0.79,4.628139272326052e-45
NMU,2.630575792432887e-49,0.9171847924713359,0.184,0.05,4.7573963206148766e-45
CTSO,2.6913167591013174e-49,0.37775695018918776,0.448,0.221,4.867246358834733e-45
MCMDC2,2.747429114205098e-49,0.41978704677747425,0.298,0.117,4.96872555303992e-45
BLOC1S6,2.856697872104887e-49,0.5952402416271965,0.296,0.118,5.166338101701688e-45
ANKS6,3.026500139406437e-49,0.23051085710262098,0.626,0.343,5.4734255021165415e-45
SLC5A6,3.2670718816380365e-49,0.30876900148381203,0.649,0.364,5.908499497942389e-45
HLTF,3.2922297477405123e-49,0.4148254031975096,0.513,0.271,5.953997498788717e-45
ATP13A3,3.3286562712381282e-49,0.3505124082755565,0.651,0.38,6.019874866534154e-45
PHF21A,3.3758967678919373e-49,0.35463408932206986,0.592,0.321,6.105309304732569e-45
NME5,3.4112539465390544e-49,0.8605334211072204,0.168,0.041,6.16925276231588e-45
NEDD1,3.450460486616578e-49,0.3296296254267286,0.601,0.326,6.240157790046081e-45
COPS8,3.507489829347383e-49,0.3433048371376062,0.399,0.182,6.343295356374742e-45
TYW3,3.731395823752991e-49,0.2991091744560965,0.604,0.326,6.748229347257284e-45
CLEC11A,3.763509507386304e-49,0.20175006770470105,0.372,0.164,6.80630694410813e-45
BBS10,3.782275197188423e-49,0.9037868138470153,0.214,0.067,6.840244694115263e-45
C17orf113,3.9277548208387035e-49,0.32725324558118496,0.342,0.144,7.103344593486796e-45
NUP35,3.928347922163449e-49,0.6067869488293223,0.297,0.118,7.104417217232599e-45
SAMD1,3.989259729884333e-49,0.3509418345279824,0.891,0.65,7.214576221495817e-45
RPGR,4.08661658910329e-49,0.3123290748924967,0.587,0.318,7.3906461013933e-45
TMEM216,4.1295657795004536e-49,0.3459330646594374,0.333,0.139,7.46831971222657e-45
CTPS1,4.4130523314525085e-49,0.4321556936512352,0.527,0.279,7.981005141431862e-45
PTPN14,4.681609055602544e-49,0.3871716157344496,0.349,0.15,8.466689977057201e-45
GJC2,4.992555712348833e-49,0.3297584845999535,0.262,0.094,9.029037005782865e-45
NHS,5.1333780883061316e-49,0.7855040382634053,0.224,0.073,9.283714272701639e-45
NBN,5.1876645402592485e-49,0.41291439574226474,0.673,0.397,9.38189132105885e-45
LAGE3,5.205428224599675e-49,0.3095962262427525,0.471,0.232,9.414016944188512e-45
SPOUT1,5.333713949260129e-49,0.24027498320880625,0.585,0.316,9.646021677236943e-45
OTUD4,5.374692988452054e-49,0.30961855405335004,0.588,0.317,9.72013226961554e-45
ZNF514,5.666814416582444e-49,0.34894763730967915,0.591,0.324,1.024843387238935e-44
KHSRP,6.161761042782386e-49,0.3540328179443505,0.822,0.554,1.1143544845871945e-44
CEP55,6.1982707667017884e-49,0.4428997428535425,0.546,0.305,1.1209572681580184e-44
PRPF4,6.2994258465725356e-49,0.32591527922118924,0.633,0.354,1.139251164352643e-44
MMS22L,6.364035561683704e-49,0.3734873416942688,0.343,0.148,1.1509358313304978e-44
NIPA1,6.549321992824848e-49,0.36349871434179337,0.444,0.216,1.1844448824023736e-44
UNK,6.614936517564147e-49,0.2999131090905901,0.768,0.473,1.196311269201476e-44
LAPTM4B,6.719139725762179e-49,0.305228743148124,0.707,0.419,1.21515641940409e-44
RIOX2,6.735331411805889e-49,0.3328655152127969,0.729,0.44,1.218084685825095e-44
NPAT,6.977482262167318e-49,0.4951996850946392,0.341,0.146,1.2618776671129596e-44
CD164,7.091140496808995e-49,0.46018432184321734,0.669,0.407,1.2824327588479066e-44
POLR1D,7.165850046312934e-49,0.2682629020433176,0.982,0.857,1.295943980875694e-44
MOAP1,7.247087672488916e-49,0.31826817210459124,0.554,0.296,1.3106358055696204e-44
CHCHD7,7.421117614903127e-49,0.3167021165027333,0.648,0.371,1.3421091206552307e-44
JAK1,7.576011470426979e-49,0.3290921818441127,0.854,0.593,1.3701216744267192e-44
VPS72,7.65275899876076e-49,0.3391654624457099,0.702,0.412,1.3840014649258835e-44
LRRC20,8.080199325740248e-49,0.3398658096377103,0.322,0.133,1.461304048060124e-44
ZCRB1,8.267330079219157e-49,0.34023898748644316,0.828,0.546,1.4951466448267846e-44
ZNF816,8.300772708449556e-49,0.42767688282952276,0.31,0.125,1.5011947443231022e-44
CKS1B,8.491635296603286e-49,0.3035552273633708,0.519,0.272,1.5357122433907043e-44
ZRANB3,8.579737569148749e-49,0.5017152685896229,0.271,0.103,1.5516455393805513e-44
GGA2,8.945891882722334e-49,0.2745355048657588,0.732,0.436,1.6178645469903341e-44
CEP290,9.100101885193182e-49,0.36897338083495157,0.638,0.359,1.645753425937187e-44
DPAGT1,9.475514371329022e-49,0.2963723355637944,0.476,0.237,1.7136467740548534e-44
GFOD1,9.519447898965898e-49,0.38482489918578877,0.393,0.182,1.7215921525279826e-44
BCOR,9.570618305528735e-49,0.35791377607995667,0.726,0.428,1.7308463205548716e-44
RAD51C,1.0191332906142951e-48,0.31271773864511565,0.425,0.199,1.8431025560759528e-44
KLK1,1.0213008819519819e-48,0.37409024736684227,0.919,0.673,1.8470226450101591e-44
GABPB1,1.0400886001689829e-48,0.3160350007176933,0.467,0.23,1.8810002334056055e-44
PSMC2,1.0491840898199001e-48,0.3886753223033246,0.734,0.452,1.8974494264392893e-44
SERTAD4,1.073394951521715e-48,0.26576800418939994,0.43,0.206,1.9412347698270216e-44
PDE7A,1.1228490700705802e-48,0.23481730935884082,0.488,0.242,2.0306725432226443e-44
ZNF236,1.1294726297884794e-48,0.31631235197534524,0.558,0.3,2.042651250972465e-44
BMPR1A,1.1448851859160387e-48,0.26440180629016297,0.512,0.26,2.070524858729156e-44
DDI2,1.1484885356997858e-48,0.3300794328428599,0.648,0.368,2.0770415168130627e-44
KARS,1.2189851213825001e-48,0.36026347088425204,0.695,0.416,2.2045345920202515e-44
CNTROB,1.2495233363224629e-48,0.24811068875880826,0.696,0.395,2.259762953739174e-44
MMP3,1.2651849055407467e-48,0.7890038478032619,0.243,0.089,2.2880869016704406e-44
CTNNBL1,1.2731063093633212e-48,0.32125606166434784,0.62,0.34,2.302412760483566e-44
MCM5,1.3094649781838024e-48,0.3314344755740308,0.701,0.416,2.368167413045407e-44
C12orf66,1.309785509694754e-48,0.2802234550759142,0.373,0.167,2.368747094282963e-44
WDR19,1.3110583594798886e-48,0.20516080401645498,0.407,0.188,2.371049043119379e-44
FTSJ1,1.327041381507377e-48,0.2988965521332796,0.501,0.252,2.3999543384560914e-44
SNAPC1,1.332967509013155e-48,0.5094596183505584,0.299,0.119,2.4106717400502907e-44
PKNOX1,1.3488163075113206e-48,0.3884172609797858,0.409,0.192,2.439334292134223e-44
KIF3C,1.3858187584356767e-48,0.3521185849149622,0.265,0.097,2.5062532246309215e-44
BCCIP,1.424214313681639e-48,0.3620490754534281,0.738,0.452,2.575691586293244e-44
ZSCAN30,1.460468823200034e-48,0.2178392690392409,0.716,0.413,2.6412578667572614e-44
ABCC4,1.6165430851575846e-48,0.2613778127809835,0.783,0.483,2.9235181695074917e-44
C12orf29,1.625618589316898e-48,0.30578370224172846,0.446,0.214,2.93993121877961e-44
GTF2A1,1.631367476103351e-48,0.3701902229041202,0.613,0.349,2.9503280805329105e-44
PEX10,1.6371062723579787e-48,0.24026714862160636,0.618,0.334,2.9607066935594046e-44
ZNF566,1.6936584055658605e-48,0.6569509693213149,0.299,0.122,3.0629812264658587e-44
CDK5RAP1,1.698626602784929e-48,0.32534133760816397,0.632,0.357,3.071966211136544e-44
ARL6,1.730019678826088e-48,0.24347710887201446,0.319,0.13,3.12874058915698e-44
CX3CL1,1.7493657450760874e-48,0.3574774409880672,0.281,0.106,3.1637279499701043e-44
MBTD1,1.7658807082739084e-48,0.32383970529131245,0.822,0.532,3.1935952609133634e-44
LMAN2L,1.7969080554177583e-48,0.33260116589915234,0.549,0.289,3.2497082182230157e-44
ZNF92,1.8534850308725167e-48,0.481374085887603,0.318,0.132,3.3520276783329465e-44
ATRIP,1.8726025388273287e-48,0.27193722871532056,0.501,0.251,3.386601691469224e-44
RAB2B,2.0136958393224867e-48,0.405233855001627,0.518,0.266,3.6417689254147173e-44
OGFOD3,2.0164659265626312e-48,0.29892205113165626,0.656,0.375,3.6467786281885186e-44
RAD51B,2.0320390108178605e-48,0.3423069529227272,0.734,0.438,3.6749425510641006e-44
SULT2B1,2.0696246795434217e-48,0.34677781908545713,0.358,0.157,3.7429162329542783e-44
PKMYT1,2.1565995938352526e-48,0.40428638941528483,0.49,0.251,3.9002103654510545e-44
BRIP1,2.1708792985925644e-48,0.3591907828102374,0.477,0.241,3.9260352115046525e-44
ZNF839,2.176709679618115e-48,0.2589523581883706,0.562,0.3,3.9365794555893607e-44
ALG6,2.279827038226327e-48,0.23737782087514203,0.659,0.369,4.123067198632312e-44
PLD2,2.3053291110274524e-48,0.23569555918700713,0.585,0.316,4.1691876972931475e-44
ZNF148,2.3719689205357663e-48,0.3589551039515775,0.609,0.338,4.289705792788933e-44
KIF4A,2.4340871666324364e-48,0.47536624416982276,0.362,0.164,4.4020466408547614e-44
RMI2,2.4782376888197348e-48,0.21229516695030637,0.454,0.221,4.48189286023049e-44
FN3KRP,2.5626031102950822e-48,0.3393029825402809,0.717,0.426,4.634467724968656e-44
GPR180,2.598685048980805e-48,0.39094420865864654,0.39,0.178,4.699721911081786e-44
SMIM26,2.6983310497470183e-48,0.32123404167447756,0.841,0.563,4.879931703467483e-44
EIF3G,2.7093517356415643e-48,0.29741157677041097,0.92,0.669,4.899862613907769e-44
ZC3H7A,2.7299232542094918e-48,0.3212886915852151,0.674,0.389,4.937066205237866e-44
HEXA,2.8422800065572656e-48,0.3279088570886739,0.898,0.642,5.140263391858815e-44
SLC24A3,2.862266707427557e-48,0.6930106819988286,0.245,0.087,5.176409340382737e-44
ANKMY1,2.907290352479075e-48,0.2974067290487121,0.617,0.341,5.257834602458407e-44
C2CD2,2.911505776114698e-48,0.31975800220600137,0.453,0.223,5.265458196103432e-44
IMP4,2.9238864693274386e-48,0.34148517658268907,0.85,0.58,5.287848679778673e-44
MAK16,2.964270887061933e-48,0.34469919896449763,0.597,0.326,5.360883899251506e-44
LTV1,3.088176226049653e-48,0.3221673906074292,0.764,0.465,5.584966704810797e-44
ATP13A1,3.140795016582121e-48,0.33559529967513013,0.668,0.393,5.680127787488766e-44
SHB,3.2618845943797073e-48,0.3088411416691284,0.78,0.491,5.899118288935701e-44
LMNTD2,3.267321664798634e-48,0.27997740833893126,0.386,0.174,5.90895123078833e-44
NCAPH,3.272745717989779e-48,0.4536568408856425,0.347,0.153,5.918760630984516e-44
RBL1,3.314763407831645e-48,0.42023428595505496,0.436,0.213,5.994749623063529e-44
MYC,3.3348089600275566e-48,0.25170445614054726,0.958,0.784,6.031002004209836e-44
PPIA,3.3355788653308335e-48,0.44592675239072344,0.836,0.615,6.032394377950812e-44
BICRAL,3.3380107502573144e-48,0.3052601736038716,0.596,0.327,6.036792441840354e-44
ATG12,3.375486906583614e-48,0.32968470360981295,0.58,0.316,6.104568070556466e-44
FIS1,3.381391003973706e-48,0.3341033176353918,0.934,0.749,6.115245630686448e-44
MYRIP,3.5564839892497975e-48,0.5437502154304372,0.387,0.181,6.431901294558259e-44
TMEM254,3.5988545513853233e-48,0.24066372262808566,0.471,0.234,6.508528456180357e-44
FBXW4,3.678097996028331e-48,0.33919228420541503,0.83,0.545,6.651840225817237e-44
PHIP,3.74134579399204e-48,0.3205683336948888,0.855,0.565,6.766223868434605e-44
TXNL4B,3.962875690468744e-48,0.21423391273799663,0.581,0.307,7.166860686212723e-44
MAPKBP1,4.080604820261373e-48,0.4657993550001174,0.31,0.126,7.379773817442693e-44
RHEB,4.2299696582407004e-48,0.37584738454918565,0.585,0.324,7.649900126928307e-44
IQSEC1,4.2702390554668415e-48,0.29812042912291675,0.745,0.453,7.722727331811783e-44
RBM41,4.2744159194114105e-48,0.3343294073996961,0.637,0.362,7.730281190255536e-44
C15orf41,4.387510644277442e-48,0.28764272325761464,0.386,0.174,7.934813000175754e-44
LATS1,4.388672771707097e-48,0.3453814373592373,0.732,0.45,7.936914707632285e-44
ZXDC,4.538229709889458e-48,0.37165712364198544,0.688,0.409,8.207388430335085e-44
HECTD2,4.555980395823883e-48,0.49781113021302215,0.283,0.109,8.239490545847492e-44
SNRNP200,4.718215867272595e-48,0.29517994189644836,0.965,0.797,8.532893395962488e-44
HDHD2,4.895331514308484e-48,0.3489765640650577,0.677,0.393,8.853207043626893e-44
KAT2A,4.964014852462442e-48,0.2662692503201364,0.636,0.356,8.9774208606783265e-44
RBM7,5.0421696532788877e-48,0.3238444538898102,0.555,0.3,9.118763817954868e-44
C5orf24,5.0514783969764805e-48,0.3134554616292453,0.653,0.376,9.135598680931966e-44
RRM2,5.0983536902842773e-48,0.35931460188134134,0.526,0.28,9.220372648879116e-44
GLB1L2,5.116246387311135e-48,0.37435094116847134,0.416,0.199,9.252731591452187e-44
KANK2,5.200544275664472e-48,0.32782290561001304,0.416,0.197,9.405184322539197e-44
TEX9,5.463798553946834e-48,0.29424719488814044,0.445,0.215,9.881279684812849e-44
LRRC36,5.555692623820706e-48,0.9775943435630916,0.199,0.061,1.0047470110179746e-43
C1orf112,5.610403704801055e-48,0.4252453911951699,0.412,0.197,1.0146415100132707e-43
THUMPD2,5.615980971535299e-48,0.3493828430707304,0.391,0.179,1.0156501587021588e-43
NDUFA4,5.792875024820126e-48,0.34474498478628957,0.958,0.797,1.0476414482387198e-43
ZNF239,5.855445338045299e-48,0.6166308849379352,0.233,0.08,1.0589572893854924e-43
UHRF1BP1,6.050989162636834e-48,0.33140423511611883,0.488,0.246,1.0943213900628714e-43
BCS1L,6.13434557110186e-48,0.26292362041273487,0.767,0.475,1.1093963965337715e-43
RBM12B,6.186331094687444e-48,0.2943023969165466,0.557,0.294,1.1187979784742241e-43
PRMT9,6.390110428949486e-48,0.27582926820910325,0.458,0.226,1.1556514710755145e-43
SNW1,6.781091903024144e-48,0.5083623895815053,0.338,0.146,1.2263604706619163e-43
TNPO1,6.921345970684074e-48,0.3265094471391219,0.594,0.321,1.2517254187982148e-43
LRRC58,7.038408595553489e-48,0.2997406600484769,0.574,0.311,1.2728961945058485e-43
CCNF,7.16356710456827e-48,0.4301581033823376,0.439,0.217,1.2955311108611715e-43
RIOK1,7.193321491708328e-48,0.29015670251232395,0.574,0.313,1.3009121917754512e-43
EXOSC1,7.200356163377187e-48,0.2610496979800625,0.544,0.286,1.3021844121467643e-43
C1QBP,7.214794504509472e-48,0.42659413672043256,0.684,0.415,1.304795586140538e-43
NUP62,7.70371537160377e-48,0.31092408270531946,0.766,0.474,1.393216924954542e-43
CRYM,7.95935945959524e-48,0.5102239140565707,0.383,0.177,1.4394501582677993e-43
BBC3,8.308522499949841e-48,0.2876522395532448,0.787,0.511,1.5025962941159289e-43
CHIC1,8.460086395858514e-48,0.3748907971676725,0.381,0.173,1.5300066246910123e-43
SCFD2,8.526863095990096e-48,0.30157361994970433,0.474,0.238,1.5420831909098088e-43
LLGL1,8.738056834592238e-48,0.2601679650746289,0.552,0.287,1.5802775785360062e-43
HSD17B8,9.005953174936602e-48,0.3001993905681237,0.609,0.333,1.6287266316872846e-43
CTDSPL,9.015502527996864e-48,0.2801566381407047,0.664,0.382,1.630453632188233e-43
DZIP3,9.029615017771715e-48,0.371064029362542,0.507,0.263,1.6330058759640148e-43
MINPP1,9.401310536848806e-48,0.36021305734450193,0.419,0.2,1.7002270105891065e-43
LRRC8B,9.533677948599946e-48,0.33633767424956296,0.48,0.242,1.7241656570043003e-43
NAA30,9.901375488975195e-48,0.3293940721221791,0.628,0.359,1.790663757181164e-43
TICRR,9.912853704558546e-48,0.5614372760455435,0.356,0.162,1.792739592469413e-43
PPP1R14B,9.956419635977427e-48,0.3942318537342777,0.767,0.486,1.8006184911665177e-43
PRORP,1.0138195871412024e-47,0.3253567153025503,0.685,0.406,1.8334927233448644e-43
RAD21,1.0399781389927956e-47,0.4432177643558146,0.532,0.291,1.8808004643684707e-43
ABL2,1.067483541867657e-47,0.22676722228799573,0.452,0.218,1.9305439854676576e-43
DNAJC2,1.0682657608464005e-47,0.34489657171299043,0.752,0.468,1.931958628490715e-43
FAM228B,1.1262052289423875e-47,0.8912229800303377,0.21,0.067,2.0367421565423077e-43
RNF115,1.1398674211107443e-47,0.3112252173869057,0.778,0.484,2.061450231078781e-43
HUNK,1.2008296362490364e-47,0.36726832402995835,0.44,0.215,2.1717003971563825e-43
C1RL,1.2216891451463524e-47,0.31095734274117004,0.828,0.538,2.209424818997178e-43
RP9,1.237614857746181e-47,0.4871713409888958,0.402,0.19,2.2382264702339683e-43
BBS4,1.2475468158259913e-47,0.3486090747504498,0.462,0.23,2.2561884164213053e-43
C1orf131,1.2909072229749655e-47,0.26737898244711555,0.55,0.29,2.3346057127502252e-43
ZMYM1,1.3062397863070362e-47,0.2907700727355509,0.448,0.221,2.362334653536275e-43
ARL14EP,1.3473960903523214e-47,0.21514566990997097,0.641,0.355,2.4367658294021735e-43
VPS35L,1.3569385086890065e-47,0.34419319336303844,0.815,0.53,2.4540232929640683e-43
ZMAT5,1.369232463118508e-47,0.34882374473299027,0.471,0.237,2.4762569095498217e-43
PLA2G4A,1.39873302860651e-47,0.3641186531616034,0.336,0.143,2.5296086822348736e-43
CENPE,1.3990157861099405e-47,0.40520900732316156,0.543,0.304,2.5301200491798276e-43
SERGEF,1.4121266073486468e-47,0.30744672801246686,0.611,0.341,2.5538309693900278e-43
BASP1,1.4196287479883783e-47,0.4018314089756396,0.514,0.27,2.5673985907369823e-43
FIGNL1,1.4292738465063001e-47,0.351827184402445,0.4,0.186,2.5848417514066436e-43
NCOR2,1.460740465471091e-47,0.34479702091597175,0.918,0.684,2.641749131804468e-43
COL9A3,1.5405414118916473e-47,0.7405475645487307,0.226,0.078,2.786069143406044e-43
B4GALT6,1.6355215244760398e-47,0.4817831703100035,0.332,0.143,2.957840677014918e-43
CCDC18,1.7073573444634998e-47,0.4623655081105591,0.372,0.172,3.0877557574622393e-43
TXNL1,1.7290842722189e-47,0.3256065579003445,0.877,0.632,3.1270489063078807e-43
OGT,1.7401410810234802e-47,0.2975046273618487,0.986,0.838,3.147045145030964e-43
HDAC3,1.757533883273318e-47,0.3600482846387765,0.668,0.387,3.1785000278997956e-43
MORC2,1.7652006548385432e-47,0.35007369138305555,0.661,0.387,3.1923653842755053e-43
DDX18,1.7721750653072117e-47,0.32860749040190085,0.718,0.441,3.2049786056080922e-43
NUFIP1,1.7980745879575795e-47,0.5834795116540006,0.248,0.09,3.2518178923212823e-43
UBFD1,1.8467082391618034e-47,0.2770943110164841,0.438,0.212,3.3397718505241216e-43
CCDC14,1.8766192132240819e-47,0.30046400654435823,0.98,0.827,3.393865847115752e-43
GATAD2B,1.9137244549883884e-47,0.3369985815928902,0.685,0.403,3.4609706768465004e-43
IFT88,1.923237060380003e-47,0.29908161386596865,0.689,0.4,3.4781742236972354e-43
HEXD,1.9285147576816957e-47,0.28803839210813553,0.744,0.446,3.4877189392673466e-43
TCEANC2,1.9381817747885354e-47,0.48958647728524163,0.238,0.083,3.5052017397050664e-43
ALG9,1.9427653344069632e-47,0.2686967746894271,0.547,0.286,3.513491107274993e-43
CEP97,2.0182254976176583e-47,0.5003612667473063,0.325,0.138,3.649960812441535e-43
CIDEB,2.0906130171072058e-47,0.3294961400410892,0.288,0.113,3.780873641438382e-43
SUV39H2,2.0975853382756176e-47,0.3826633990646071,0.322,0.136,3.7934830842714545e-43
HP1BP3,2.2214857099795424e-47,0.3174736451355271,0.881,0.629,4.017556906498002e-43
PUS7L,2.2898048672988406e-47,0.29144426978252613,0.663,0.375,4.1411121025099534e-43
RNF26,2.3072834341563865e-47,0.3020354688883484,0.539,0.284,4.172722090671825e-43
NMI,2.420881177644e-47,0.2997695468364029,0.705,0.427,4.3781636097691745e-43
BFSP1,2.4387816647051217e-47,0.8821971964058868,0.176,0.047,4.4105366406192125e-43
MFSD4B,2.4495872967103724e-47,0.34434304358392387,0.485,0.245,4.4300786261007085e-43
COQ8B,2.462610657809606e-47,0.2765051687880975,0.651,0.37,4.453631374648672e-43
CCDC28B,2.4703163186784307e-47,1.181143974267599,0.158,0.038,4.467567062329942e-43
EMSY,2.555059837411645e-47,0.24411456479018456,0.62,0.341,4.62082571595896e-43
SARM1,2.5698694382344146e-47,0.3267894874748829,0.529,0.277,4.647608879046939e-43
MTERF1,2.5920159704683382e-47,0.6471826160931098,0.286,0.114,4.68766088259199e-43
ZNF888,2.5945083755685654e-47,0.3868701384902269,0.448,0.221,4.692168397215751e-43
TAS2R38,2.7405017466408117e-47,0.7453479598097239,0.225,0.075,4.956197408799908e-43
ZNF358,2.7721865791104486e-47,0.30683755394763934,0.912,0.651,5.013499428321246e-43
LSM14A,2.856008422844254e-47,0.3506177331964886,0.57,0.31,5.1650912327138336e-43
TIAL1,2.85833624687157e-47,0.3160530575403723,0.935,0.706,5.169301102467234e-43
AP4S1,2.8896980843917487e-47,0.24754326843520458,0.268,0.1,5.2260189856224776e-43
RABEP1,2.902186986572778e-47,0.32746814357654513,0.755,0.467,5.248605165216869e-43
WBP1,3.2271791482376056e-47,0.2733222942372445,0.959,0.778,5.83635348958771e-43
CDCA2,3.478930344290403e-47,0.3016825904264342,0.525,0.284,6.291645527649194e-43
H2AFZ,3.570142306827304e-47,0.5695630082694186,0.62,0.388,6.456602361897179e-43
C11orf49,3.594520119587961e-47,0.27189720430482334,0.693,0.403,6.5006896362748275e-43
PSMA2,3.637213327465484e-47,0.3961466339528017,0.607,0.352,6.577900302721328e-43
TRMT2B,3.68624333490155e-47,0.2573797894760258,0.636,0.358,6.6665710711694535e-43
CANX,3.700483722417165e-47,0.46921577883696874,0.662,0.41,6.692324811991442e-43
BBS7,3.854896095833664e-47,0.3264148990314162,0.414,0.197,6.971579589315181e-43
PREP,3.9154741494190094e-47,0.3492572180457313,0.916,0.697,7.081134999224278e-43
CTTNBP2,3.9251762512884253e-47,0.5512882038055817,0.278,0.109,7.098681250455117e-43
DHX57,3.9975675586560843e-47,0.2755851212862026,0.539,0.281,7.229600929829528e-43
CDC20,4.020756454813233e-47,0.43862126438345006,0.542,0.306,7.271538048529732e-43
PARN,4.123057148375847e-47,0.32329796042141223,0.657,0.381,7.456548852837719e-43
TMA7,4.2381343931094103e-47,0.5011776511830106,0.463,0.241,7.664666049938369e-43
CFAP36,4.2675230861427193e-47,0.2359503169430801,0.565,0.301,7.717815501289107e-43
APTX,4.518057545451284e-47,0.3212881105542554,0.758,0.464,8.170907070948648e-43
RTL6,4.522599736160037e-47,0.2829587765385815,0.482,0.239,8.179121622845428e-43
TUBGCP5,4.532323047581106e-47,0.2957466906613644,0.511,0.259,8.196706231550431e-43
TRMT44,4.540722690340314e-47,0.307322210673344,0.437,0.211,8.211896985480457e-43
ZNF280C,4.822126804234203e-47,0.43402841387627955,0.27,0.103,8.720816325457557e-43
ZCCHC4,4.917923429750429e-47,0.3224874739133463,0.546,0.292,8.894064522703651e-43
CHADL,5.168544430060347e-47,0.6708546681180239,0.164,0.041,9.347312601764138e-43
PRKCQ,5.497073177100013e-47,0.3643399698715619,0.254,0.093,9.941456840785372e-43
RBFA,5.6386600773096615e-47,0.25304269263094714,0.764,0.465,1.0197516749814524e-42
TMEM243,5.705552171409221e-47,0.2465462468891353,0.339,0.146,1.0318491101993576e-42
DHX33,6.139777338211627e-47,0.2398720193187449,0.604,0.331,1.1103787316155727e-42
ERP29,6.165256804309113e-47,0.3613096996719085,0.776,0.495,1.1149866930593031e-42
ZNF704,6.177727283901424e-47,0.2998197218289631,0.588,0.318,1.1172419792935725e-42
ZNF511,6.465679279075108e-47,0.24983164019374193,0.633,0.359,1.1693180976207333e-42
B4GALT2,6.749250606137759e-47,0.31346520670948286,0.664,0.386,1.2206019721200137e-42
PTAR1,7.229236269129843e-47,0.3534236829255496,0.842,0.579,1.307407379272132e-42
C12orf10,7.395215490424222e-47,0.2761964566065804,0.759,0.476,1.3374247214432206e-42
SYNM,7.411564683098723e-47,0.7683884715995237,0.217,0.072,1.3403814729384042e-42
PKP1,7.531428773244469e-47,0.4244719588066568,0.174,0.046,1.3620588936412621e-42
COMMD9,7.6478741125133785e-47,0.3502917895476041,0.488,0.251,1.3831180332480445e-42
ATF7IP2,7.675689952298126e-47,0.28148198573941974,0.39,0.181,1.388148527873116e-42
GPX7,7.7788385742565965e-47,0.8188103856029159,0.188,0.055,1.4068029561543054e-42
IDUA,7.920511890628223e-47,0.32911041118657947,0.717,0.443,1.432424575420114e-42
CWF19L1,8.414048828243233e-47,0.3156435585558979,0.545,0.29,1.5216807305877886e-42
MAP1S,8.42541225988458e-47,0.2969220852414798,0.535,0.286,1.5237358072001264e-42
NCKAP5L,8.531878704036184e-47,0.3909825894540475,0.309,0.126,1.542990263624944e-42
TMEM91,8.612749245957595e-47,0.2945358699206784,0.332,0.141,1.557615701131431e-42
UBE2H,8.618475984704716e-47,0.34601422199226256,0.748,0.467,1.5586513818338478e-42
NCK2,8.624909608386339e-47,0.32805898892568586,0.728,0.438,1.5598149026766694e-42
NLRP2,8.750089442029499e-47,0.6096429101699132,0.265,0.101,1.5824536755910348e-42
DPH2,8.786815578942474e-47,0.23510301703982972,0.649,0.368,1.5890955974517465e-42
POLQ,9.046592689198355e-47,0.324036182439444,0.422,0.203,1.6360762878415226e-42
NCAPH2,9.140283467478822e-47,0.3405437925471715,0.611,0.34,1.653020265093545e-42
SLC39A2,9.396873399162209e-47,0.8609054626233976,0.181,0.051,1.6994245542384855e-42
RPP40,9.464291151929196e-47,0.21517617303356018,0.468,0.232,1.711617054826395e-42
ICK,9.554737743190591e-47,0.3705149420535099,0.471,0.239,1.7279743208560184e-42
UGT8,9.798059887297556e-47,0.3409210241089758,0.888,0.657,1.771979130617763e-42
UBXN11,9.816974191399997e-47,0.22610252889651217,0.65,0.373,1.7753997825146893e-42
MAP3K4,9.895638544026192e-47,0.2872588527361737,0.687,0.399,1.789626230687137e-42
C11orf53,1.031666208404758e-46,0.9377847400749624,0.153,0.035,1.865768337900005e-42
MINDY4,1.0411297312929864e-46,0.49180724903613493,0.262,0.098,1.882883119043366e-42
FAM222B,1.0536508788620756e-46,0.3319656505983468,0.557,0.307,1.9055276144220637e-42
DNASE1,1.0667788156172694e-46,0.2861542325538253,0.528,0.274,1.9292694880438318e-42
DPY19L4,1.0928057595404345e-46,0.2565212586139909,0.578,0.312,1.9763392161288757e-42
ARHGEF39,1.1222103026341874e-46,0.2959296995061491,0.452,0.226,2.029517332313928e-42
EHMT2,1.1371201931932319e-46,0.26933896656551204,0.844,0.546,2.0564818693899598e-42
TTC4,1.150377024431859e-46,0.37892091187517973,0.389,0.181,2.0804568486850168e-42
CDC14A,1.1520935548326993e-46,0.34496999411255214,0.444,0.216,2.0835611939149368e-42
SMIM3,1.1914942149110817e-46,0.28745771351431415,0.303,0.123,2.1548172876666912e-42
TRRAP,1.2319243167724653e-46,0.3221234046808204,0.825,0.525,2.2279351268830035e-42
PCLAF,1.2378259936778874e-46,0.4258197759639084,0.491,0.258,2.2386083095664594e-42
PRKAR1A,1.2871708097649481e-46,0.3290674530232275,0.925,0.712,2.3278484094599088e-42
BUD23,1.3317420118977536e-46,0.31698676623792543,0.849,0.615,2.4084554285170872e-42
WDR70,1.3485243616846255e-46,0.33174185705177917,0.615,0.347,2.438806308106645e-42
SRMS,1.3856284639705533e-46,0.5567864136008147,0.275,0.107,2.5059090770907458e-42
SPTLC3,1.3944292767432219e-46,0.3100899633580321,0.503,0.26,2.5218253469901167e-42
ACD,1.4117279582254844e-46,0.2520765983354287,0.477,0.242,2.5531100124507887e-42
PACC1,1.4554535755205933e-46,0.4081733088230588,0.268,0.101,2.632187791328993e-42
CEP162,1.4982797159879349e-46,0.40596228040418736,0.486,0.252,2.7096388663641802e-42
POLR3B,1.5540954335506224e-46,0.3400265818591439,0.402,0.19,2.8105815915763006e-42
TFDP2,1.5971705693134767e-46,0.2656196542780084,0.858,0.565,2.8884829746034223e-42
COA5,1.5998147696845191e-46,0.27477729327417744,0.516,0.268,2.8932650109744525e-42
STX8,1.625425108426661e-46,0.2811821064323772,0.58,0.313,2.9395813085896166e-42
GDAP1,1.6365055532904043e-46,0.3218474768586419,0.322,0.135,2.959620293125696e-42
SPRY1,1.6500553679868373e-46,0.2512035537086925,0.526,0.28,2.9841251330041953e-42
C7orf26,1.679446004199691e-46,0.3010222731480585,0.716,0.431,3.0372780985951414e-42
KIF2C,1.7104024635231304e-46,0.364150989690996,0.448,0.226,3.093262855281581e-42
NUDT7,1.7142433425895768e-46,0.41307003288871913,0.377,0.175,3.1002090850732495e-42
SKAP1,1.721082177475717e-46,0.5765314881608252,0.232,0.081,3.1125771179648345e-42
CCDC7,1.7278175766951305e-46,0.4635749730788099,0.41,0.196,3.1247580874531434e-42
TMEM182,1.7418826598441723e-46,0.2481071278726925,0.488,0.249,3.150194790328186e-42
LMBR1L,1.7707186922473295e-46,0.29031399490863485,0.552,0.296,3.2023447549292955e-42
MTMR6,1.819480701459084e-46,0.3112811826599782,0.543,0.292,3.2905308485887535e-42
RAI2,1.8233321701233805e-46,1.012056910268662,0.161,0.04,3.297496229668134e-42
AKAP6,1.8568399775876636e-46,0.5143317609599456,0.203,0.063,3.3580950994672896e-42
UBN2,1.882906095723477e-46,0.3279208397450626,0.584,0.32,3.405235674115908e-42
GTF2E1,1.884993826017974e-46,0.2811372695444887,0.397,0.184,3.409011334353506e-42
RDH14,1.909475549649872e-46,0.2926939674600515,0.573,0.31,3.4532865315417936e-42
TRIM32,1.992910804432353e-46,0.25373096752154667,0.572,0.308,3.6041791898159104e-42
CHTF18,2.008790450116173e-46,0.26935779203154686,0.549,0.292,3.632897529035099e-42
TK2,2.0267934091222477e-46,0.27492085932313703,0.651,0.37,3.665455880397585e-42
FRS2,2.0677641204870648e-46,0.34292929084599644,0.514,0.268,3.739551411900857e-42
SSX2IP,2.111599493374122e-46,0.3475962082999837,0.399,0.187,3.8188276837671e-42
ACTR3B,2.1636897896018847e-46,0.22463410945473639,0.372,0.169,3.9130329844950084e-42
PIK3CA,2.2037308113866357e-46,0.2993350946274804,0.539,0.283,3.9854471723927304e-42
HACE1,2.2988220155338542e-46,0.2619623598023224,0.434,0.212,4.1574196150929757e-42
PLEKHA5,2.319915235282762e-46,0.30538979720184845,0.896,0.666,4.195566703008875e-42
ZFX,2.4591850265070608e-46,0.33867066677474345,0.366,0.167,4.4474361204380196e-42
DMAC2L,2.544896163284584e-46,0.30827560301166557,0.679,0.389,4.60244471130017e-42
TYW5,2.586089878880107e-46,0.27820060616392506,0.59,0.321,4.676943545954673e-42
GLYR1,2.5865000561663688e-46,0.3805086869468477,0.511,0.269,4.677685351576878e-42
CCDC180,2.6463651193830067e-46,0.7702563958272273,0.206,0.065,4.7859513184041674e-42
TBC1D2,2.746296350974254e-46,0.427755989265455,0.511,0.275,4.9666769507369384e-42
PITHD1,2.749390436896547e-46,0.31748098300552163,0.694,0.422,4.9722726051274053e-42
WDR41,2.8586150933932733e-46,0.3084700534902003,0.522,0.276,5.169805396401735e-42
SNX7,3.101449448634237e-46,0.36530468610288946,0.57,0.312,5.608971327855017e-42
RAB25,3.1148975830110088e-46,0.38907827101037085,0.934,0.772,5.633292278875409e-42
MAPK8,3.152767546895075e-46,0.3499732676718441,0.514,0.271,5.701780108559743e-42
DNA2,3.2041157086224863e-46,0.3385450522421334,0.563,0.309,5.794643259043767e-42
MDN1,3.2568951855357823e-46,0.2709955603069465,0.583,0.319,5.890094943041462e-42
MCM6,3.2959110965351617e-46,0.310242940488214,0.677,0.397,5.96065521808384e-42
GFM1,3.315061930330017e-46,0.3527654347901541,0.625,0.361,5.995289501001835e-42
DYNC1LI1,3.333828837804646e-46,0.3627321223763098,0.34,0.149,6.029229453169703e-42
UBE2L6,3.4560536839058935e-46,0.27392500342618176,0.63,0.354,6.250273087343809e-42
RAD54B,3.48813555361244e-46,0.40110098686897633,0.373,0.171,6.308293148708097e-42
NUP93,3.488577849360122e-46,0.28558242291087366,0.594,0.328,6.309093040567781e-42
CBFA2T3,3.574921991074576e-46,0.3668340383811661,0.323,0.139,6.465246420858371e-42
LETMD1,3.840677959940934e-46,0.3240222064276034,0.856,0.596,6.945866090553178e-42
ZNF17,3.933318516900655e-46,0.3101569680923344,0.366,0.164,7.113406537814835e-42
C3orf67,4.09565933719455e-46,0.585111306745187,0.23,0.08,7.406999911316343e-42
KCTD3,4.120974260595432e-46,0.3390514089624832,0.907,0.662,7.452781950286839e-42
OIP5,4.1939815995240866e-46,0.4122212620195236,0.325,0.141,7.58481572273931e-42
NFS1,4.203301325283976e-46,0.359899812903393,0.547,0.299,7.60167044677607e-42
GLB1L,4.229716177222656e-46,0.5753233631056234,0.223,0.075,7.649441706507174e-42
EIF2AK4,4.309373327884065e-46,0.2975967758146256,0.56,0.304,7.793501663478332e-42
MFSD14A,4.499873985515588e-46,0.35284539087882516,0.563,0.309,8.138022102804942e-42
AP1M2,4.610838110391583e-46,0.5722615276122553,0.375,0.178,8.338700722643178e-42
BRCA2,4.6889040503477755e-46,0.34542470871192377,0.418,0.203,8.479882975053951e-42
ZNF664,4.705495875501587e-46,0.35331245531126765,0.862,0.618,8.50988929084462e-42
RIF1,4.984528004225734e-46,0.23167685911929214,0.79,0.485,9.01451889564224e-42
C10orf82,5.094992305432198e-46,0.9233097525442306,0.208,0.068,9.21429358437413e-42
TSC1,5.109193947846303e-46,0.3577003228554265,0.5,0.26,9.2399772546800385e-42
FAM200B,5.1311109048381175e-46,0.4248263818072504,0.449,0.228,9.279614071399736e-42
PIAS2,5.257264758927591e-46,0.37005744966536297,0.796,0.515,9.507763316520549e-42
SCAMP1,5.2688817221596136e-46,0.23180080698880712,0.517,0.272,9.528772594525661e-42
PTPRE,5.294341957466176e-46,0.34558547922224503,0.564,0.306,9.57481743007758e-42
PTPRK,5.382174951266587e-46,0.27627931395986116,0.985,0.861,9.733663399365621e-42
ZMYM2,5.42490919023552e-46,0.35358907299680625,0.928,0.688,9.810948270540937e-42
ARID5A,5.66569124381961e-46,0.24410316950443622,0.314,0.132,1.0246402614447765e-41
AGO4,5.6804235681746144e-46,0.2937805446113606,0.649,0.373,1.027304602304379e-41
CZIB,5.699984479798253e-46,0.36106380522466397,0.585,0.322,1.030842193171514e-41
RAB8B,5.7503863258733536e-46,0.22800985210407365,0.486,0.243,1.039957367034196e-41
RPF1,5.859759645085654e-46,0.28066563341502593,0.57,0.313,1.0597375318137406e-41
COIL,5.913166985995536e-46,0.24442246747109975,0.489,0.25,1.0693962494172927e-41
STEAP2,5.974267565276553e-46,0.3307526167231465,0.517,0.271,1.0804462891802646e-41
MTHFS,6.0340092318623636e-46,0.32989053021784165,0.533,0.283,1.0912505695823084e-41
NOC2L,6.164973894048697e-46,0.3129477066156998,0.661,0.383,1.1149355287387068e-41
WDR89,6.302846008691792e-46,0.23622794952275705,0.464,0.233,1.1398697006719106e-41
RHOBTB2,6.329426472108384e-46,0.3462654730504551,0.265,0.099,1.1446767774808013e-41
HINT3,6.65881109008474e-46,0.42522124961820973,0.453,0.228,1.2042459856418253e-41
METTL14,6.828043134443466e-46,0.3056317436656776,0.648,0.371,1.2348516008641007e-41
GALNT7,7.313502567164078e-46,0.43111579547512124,0.762,0.503,1.3226469392716234e-41
STXBP4,7.593355785638982e-46,0.36703032119019996,0.369,0.168,1.37325839383281e-41
DCTN5,7.92333329945502e-46,0.3723525252034734,0.37,0.169,1.4329348272064403e-41
MEGF8,8.088783889914616e-46,0.22250142258915373,0.491,0.247,1.4628565664910581e-41
TXNRD2,8.653656629874102e-46,0.3327486025112252,0.673,0.395,1.5650138015127313e-41
RAPGEF6,9.486778934318864e-46,0.2959110557364561,0.775,0.48,1.7156839702715664e-41
HAUS5,9.571096532805688e-46,0.24896631060910424,0.487,0.249,1.7309328079579086e-41
ABHD13,9.613492281665594e-46,0.32349632936186246,0.435,0.215,1.7386000791392227e-41
POLR1A,9.709197626674156e-46,0.29019550907684566,0.823,0.542,1.755908390784021e-41
VBP1,9.959188373992824e-46,0.42129373509323864,0.47,0.243,1.8011192174366023e-41
SDHAF4,1.0128027884890403e-45,0.3063908341313391,0.754,0.454,1.8316538429824295e-41
ZMYM5,1.0170792679393997e-45,0.45374989356301265,0.344,0.152,1.8393878560684042e-41
ODF2,1.0376197387947023e-45,0.29068442597744415,0.704,0.432,1.876535297610219e-41
BIVM,1.0432154028319239e-45,0.21703014899626427,0.645,0.362,1.8866550560215344e-41
UHRF1,1.0474688179672025e-45,0.3900832850115813,0.554,0.305,1.8943473572936858e-41
PIKFYVE,1.0544335624395935e-45,0.3456050758132956,0.725,0.439,1.9069430976720047e-41
ENOPH1,1.0948242909770449e-45,0.2961863246184945,0.709,0.425,1.9799897302319857e-41
NEMF,1.1473402427440456e-45,0.3435136023650536,0.823,0.553,2.0749648290026065e-41
PHTF2,1.1981576229380935e-45,0.2524826280205372,0.5,0.262,2.1668680610835422e-41
TAF1B,1.2031902560963842e-45,0.4241154394722386,0.339,0.15,2.1759695781503107e-41
PACS1,1.2818055351739163e-45,0.3130973359706086,0.59,0.333,2.318145310362028e-41
ZUP1,1.3395998717385607e-45,0.39047353326098677,0.435,0.214,2.422666368039187e-41
NHLRC1,1.4263284535027555e-45,0.3187218833214711,0.259,0.097,2.5795150081597333e-41
NTRK2,1.4451540030343063e-45,0.6553487032552736,0.226,0.079,2.613561014487543e-41
ASB3,1.4497151310421523e-45,0.2678486323427205,0.551,0.293,2.6218098144897325e-41
SRPK1,1.4691738059346013e-45,0.34462327732909137,0.983,0.868,2.657000828032726e-41
STK16,1.5080258436017534e-45,0.33468786807833295,0.588,0.327,2.727264738153771e-41
STRADA,1.529521560552733e-45,0.33240023620669024,0.519,0.279,2.7661397422596174e-41
NUDT2,1.534391330993727e-45,0.3626252592662801,0.691,0.417,2.774946722102155e-41
NEK11,1.5565062266519963e-45,0.29671690633432846,0.338,0.148,2.8149415109001354e-41
RASD1,1.5672577206313158e-45,0.3872441735479627,0.62,0.368,2.834385587761735e-41
PTPRB,1.5908719704798032e-45,0.382158811192308,0.546,0.304,2.877091958612724e-41
ZDHHC17,1.6513254506861213e-45,0.30619900518676824,0.669,0.391,2.9864220775658504e-41
ZBTB26,1.663635355429284e-45,0.33215372176767133,0.497,0.258,3.00868454029386e-41
PIGW,1.6689960970722523e-45,0.5213549262180952,0.335,0.149,3.0183794415551683e-41
NSMCE2,1.6831306871189183e-45,0.2723875537255245,0.565,0.308,3.043941847654564e-41
ATXN1,1.699720852317773e-45,0.3123634952640755,0.517,0.273,3.073945161416692e-41
URB2,1.707021944909784e-45,0.20451157323670355,0.393,0.184,3.0871491873693444e-41
DCLRE1A,1.7131194699692132e-45,0.34553511925620706,0.357,0.162,3.098176561439322e-41
FANCG,1.7344629338117307e-45,0.3058769346992505,0.438,0.218,3.136776215798515e-41
ZBTB10,1.794740945294873e-45,0.26470403809628285,0.585,0.321,3.2457889995657776e-41
TTC21B,1.871476689748574e-45,0.31455121333813785,0.6,0.334,3.384565593410296e-41
ATAD5,1.904433085560117e-45,0.38988792805173667,0.522,0.286,3.4441672352354715e-41
USPL1,1.948105378431856e-45,0.249087434224182,0.557,0.3,3.5231485768940116e-41
ARHGEF40,1.953714778132103e-45,0.26014146062434634,0.74,0.451,3.533293176251908e-41
UBXN2B,1.959990336422207e-45,0.3043607067991312,0.522,0.274,3.544642523419561e-41
TYW1,1.9887148195162518e-45,0.40547197860156414,0.343,0.153,3.5965907510951415e-41
DCAF1,2.0286417597014985e-45,0.2572733682057602,0.505,0.262,3.66879862242016e-41
EDC3,2.0531334901658672e-45,0.24986324630673862,0.638,0.364,3.713091916964971e-41
CXCL12,2.080442164650885e-45,0.27878499458248873,0.37,0.167,3.7624796547711256e-41
GAS2,2.1232668104765155e-45,0.5841186237552987,0.183,0.053,3.839928026746778e-41
STRN4,2.156861664563441e-45,0.3455842802047237,0.715,0.442,3.900684320362983e-41
KRT10,2.1692260292799963e-45,0.24746074187794775,0.511,0.268,3.9230452739528736e-41
ATXN2L,2.222267515432655e-45,0.3210084502982053,0.792,0.491,4.0189708016599564e-41
TMEM107,2.238883924243424e-45,0.21966283689111932,0.48,0.242,4.0490215769942324e-41
LYPD6,2.264281104423553e-45,0.5892707306192047,0.207,0.067,4.0949523773499957e-41
CHRNB1,2.265367077129105e-45,0.33228895174402817,0.299,0.123,4.0969163589879864e-41
PAIP1,2.2850195747511272e-45,0.4212192969955484,0.416,0.203,4.132457900937414e-41
ZFP1,2.3808198147481318e-45,0.26520118469782306,0.327,0.141,4.305712634971996e-41
CTDSPL2,2.403346310660201e-45,0.29380800144802555,0.571,0.31,4.3464518028289735e-41
INSIG2,2.437505914184245e-45,0.24001719251282627,0.574,0.309,4.4082294458022075e-41
TOP3A,2.4871471277728795e-45,0.25658163603736983,0.512,0.267,4.498005580577253e-41
TUT1,2.6053187300815916e-45,0.3394481516844685,0.415,0.2,4.711718923352558e-41
MBNL2,2.6182068718639814e-45,0.25091117172607014,0.737,0.439,4.73502712776601e-41
TMEM248,2.681298443165581e-45,0.3077731815323997,0.867,0.619,4.849128234464953e-41
CDCA3,2.8347161760631464e-45,0.37977122872369296,0.471,0.249,5.126584204410201e-41
KCTD12,2.8535883728531885e-45,0.20074772962080567,0.615,0.349,5.160714572304992e-41
MTAP,2.9388769084056936e-45,0.24946458754560075,0.444,0.22,5.314958888851697e-41
CMTM8,2.96248792366044e-45,0.2595678001885606,0.497,0.259,5.357659409939906e-41
C1QTNF1,2.983706794095914e-45,0.2598090104673836,0.482,0.249,5.396033737122461e-41
NFATC3,3.1369566492323046e-45,0.2802059703196693,0.563,0.304,5.673186100136623e-41
RNF11,3.2921357643221775e-45,0.38330222505830713,0.6,0.338,5.953827529776658e-41
ATP5MF,3.3337338415159224e-45,0.33930086125070524,0.903,0.689,6.029057652381546e-41
GALNT5,3.35633442042956e-45,0.4231796665404006,0.578,0.335,6.06993079934686e-41
GPAT2,3.447951032095714e-45,1.1197022632243012,0.233,0.088,6.235619441545099e-41
PTBP2,3.523602097126144e-45,0.28334929031698186,0.354,0.16,6.372434392652632e-41
MLLT6,4.083760611054764e-45,0.2657763414890193,0.976,0.82,7.385481065092541e-41
SENP6,4.104413412895373e-45,0.32044608277800013,0.946,0.737,7.422831657221282e-41
CETN2,4.2314568596801084e-45,0.2653712007212887,0.557,0.304,7.652589730731476e-41
ATF7,4.3100624869359996e-45,0.30466449162912423,0.638,0.372,7.794748007623755e-41
DYM,4.477653861344847e-45,0.3481423571544526,0.83,0.57,8.097837008242156e-41
STARD9,4.5243632359649336e-45,0.45923718210625974,0.236,0.084,8.182310912242583e-41
IFRD2,4.62224472476945e-45,0.32524150182728695,0.654,0.379,8.359329584745551e-41
AARSD1,4.7532794430273485e-45,0.29264136317365763,0.621,0.356,8.59630587271496e-41
FAH,4.791538417234097e-45,0.2545247749957644,0.51,0.265,8.665497227567865e-41
FRYL,4.851936827279615e-45,0.32081994510389067,0.968,0.804,8.774727752135184e-41
GTPBP4,4.951730003088448e-45,0.2771933707219639,0.745,0.453,8.955203710585459e-41
HEYL,5.164572247729277e-45,0.5258003996148912,0.194,0.059,9.340128910018397e-41
SWI5,5.261000111026758e-45,0.24065138308993528,0.511,0.268,9.514518700791892e-41
KIF27,5.4016180375406455e-45,0.28210205444642256,0.324,0.14,9.768826220892257e-41
HSPB11,5.545396011464883e-45,0.23173308721826436,0.507,0.263,1.0028848686734241e-40
RNF169,5.5465376171509365e-45,0.2908467525439631,0.668,0.386,1.0030913280617468e-40
NAF1,5.584857961618523e-45,0.4063080795077729,0.335,0.148,1.01002156235871e-40
CDT1,5.750591005081365e-45,0.2984295263117186,0.608,0.35,1.0399943832689648e-40
TSHZ1,5.893359953518843e-45,0.2584422721902542,0.566,0.309,1.0658141475938828e-40
EEF1E1,5.977169463708288e-45,0.49332990576372104,0.301,0.126,1.080971097511644e-40
EEF1AKMT1,6.000689894322817e-45,0.47724503347446223,0.275,0.109,1.0852247673882815e-40
KDM7A,6.428122492745499e-45,0.34526796621773936,0.951,0.757,1.1625259528130235e-40
ZBTB14,6.840456820694572e-45,0.2739650704755401,0.53,0.281,1.2370966160226133e-40
PHF6,6.859064076333636e-45,0.3021108077690622,0.565,0.31,1.240461738204938e-40
ANKRD22,7.01683322602262e-45,0.3180615981133177,0.713,0.433,1.2689942889261908e-40
NSMCE1,7.089210833437791e-45,0.3074829436767268,0.84,0.565,1.2820837792272244e-40
MCM3,7.270388693488968e-45,0.34488768005181547,0.84,0.589,1.3148497952174799e-40
TTLL5,7.420372308494974e-45,0.2904853450577002,0.888,0.636,1.3419743319913161e-40
MDM1,7.488118094416077e-45,0.24315132199613476,0.459,0.23,1.3542261573751475e-40
EXD2,7.7546052252229e-45,0.24041512642409057,0.642,0.367,1.4024203549815615e-40
VWA1,8.014002221532992e-45,0.27301974039907423,0.712,0.426,1.4493323017642418e-40
C1orf35,8.151870164994927e-45,0.22671202115732791,0.53,0.281,1.4742657193393325e-40
TRIM13,8.186443209800515e-45,0.2587083293616279,0.596,0.329,1.480518254492423e-40
HUWE1,8.367797314089584e-45,0.30999458295689614,0.775,0.503,1.5133161442531012e-40
P3H4,8.547298428570246e-45,0.3297032792116368,0.347,0.154,1.545778920806929e-40
MDFIC,8.64696513482158e-45,0.3188417087267852,0.554,0.308,1.5638036446324828e-40
ERAL1,8.664426628823152e-45,0.32898925720529437,0.617,0.356,1.566961555822667e-40
PRDX3,8.76278429446369e-45,0.32975659887944286,0.514,0.274,1.5847495396537583e-40
SLC25A17,8.772362843098995e-45,0.3292543825575338,0.428,0.21,1.5864818201744532e-40
NFYB,8.795750407433621e-45,0.25233557389880823,0.649,0.379,1.5907114611843703e-40
PQBP1,8.873935248534431e-45,0.292647013451033,0.822,0.534,1.604851189697452e-40
SASS6,8.999106723913058e-45,0.3590087415885119,0.405,0.194,1.6274884510196765e-40
MTHFD2L,9.221465357406941e-45,0.5311615856236198,0.255,0.096,1.6677020098870452e-40
CELF2,9.647501230953144e-45,0.2703607380817462,0.703,0.414,1.744750597617876e-40
PLGLB2,9.802937597221513e-45,0.21106678116187316,0.309,0.129,1.7728612644575108e-40
TMEM147,1.0209818050746416e-44,0.3568765537950185,0.762,0.507,1.846445594477489e-40
DTL,1.023473344451112e-44,0.2958044068424517,0.451,0.224,1.850951543439836e-40
RWDD2B,1.0494014558513956e-44,0.33448812825777763,0.385,0.18,1.897842532907249e-40
POLL,1.0530005869972983e-44,0.2487900026419293,0.726,0.436,1.904351561584614e-40
CCDC61,1.0593203102172287e-44,0.2182324350600342,0.558,0.3,1.915780781027858e-40
IPO11,1.0840690967271668e-44,0.3599133260248515,0.491,0.261,1.960538961431081e-40
TOE1,1.0898772927972821e-44,0.2897474103607971,0.454,0.229,1.9710430840238845e-40
PMPCA,1.1137780290345457e-44,0.2816997048134389,0.73,0.445,2.014267565508976e-40
PLEKHA3,1.134433815831411e-44,0.40858803402540467,0.371,0.174,2.051623555931107e-40
FANCB,1.166026257454098e-44,0.507338952607133,0.31,0.135,2.108758486605736e-40
MORC4,1.1716395542697398e-44,0.3471329240711256,0.368,0.171,2.1189101338968244e-40
TMEM71,1.1804075297203993e-44,0.5327866269138517,0.254,0.097,2.1347670174993423e-40
SARNP,1.1819612418676796e-44,0.5356847219693055,0.259,0.1,2.1375769059176987e-40
MSS51,1.203672790132397e-44,0.5292264023023341,0.24,0.088,2.17684224095444e-40
METTL6,1.2093313776608227e-44,0.2742379095045433,0.487,0.249,2.1870757964995977e-40
CARHSP1,1.2143781019621171e-44,0.28999506482760634,0.867,0.596,2.1962027973984887e-40
DDX19A,1.2389698903162753e-44,0.2716783204078712,0.478,0.246,2.240677046636984e-40
NUP42,1.2502192753489823e-44,0.3000977076514698,0.713,0.42,2.2610215594686346e-40
PITX1,1.280329960380757e-44,0.21622131367063868,0.635,0.356,2.315476733348599e-40
PUS3,1.2996519210821502e-44,0.306329975867627,0.452,0.228,2.3504204992770686e-40
NUTF2,1.3102943373305728e-44,0.29276761350574665,0.873,0.62,2.369667309062341e-40
WWOX,1.319281527512335e-44,0.2608586466172906,0.793,0.5,2.3859206425060577e-40
DNAL1,1.3426981853771277e-44,0.2971315720159957,0.348,0.156,2.4282696682545355e-40
C4orf3,1.3724909012730814e-44,0.35484502257530054,0.71,0.452,2.4821497949523676e-40
PAQR3,1.3886180913530081e-44,0.3909401774664776,0.335,0.148,2.5113158182119152e-40
TRIP6,1.3919084451206583e-44,0.26215842033972814,0.924,0.675,2.5172664230007108e-40
XKRX,1.4119191896330086e-44,0.3228124396881382,0.247,0.092,2.553455854451296e-40
C20orf27,1.543323512547933e-44,0.5822757687282989,0.235,0.086,2.791100572442937e-40
WDR73,1.548447413577106e-44,0.2877035660961682,0.717,0.438,2.800367147454196e-40
RAB26,1.5606327990003702e-44,0.29562797006605646,0.477,0.249,2.8224044169921697e-40
ZC3HC1,1.5625516511460925e-44,0.3267539528260148,0.435,0.216,2.8258746610977085e-40
ARSB,1.5681727679748555e-44,0.3986498227647344,0.383,0.183,2.836040450882526e-40
DDX19B,1.570578925250529e-44,0.24237079485139024,0.435,0.214,2.8403919863155817e-40
STX1A,1.5979798681591993e-44,0.26756919336929563,0.355,0.162,2.889946591565912e-40
EXOSC6,1.6024706993947852e-44,0.22235573618342258,0.794,0.502,2.898068259855469e-40
ESPL1,1.6062872978151815e-44,0.3235847255155182,0.437,0.223,2.9049705780987556e-40
MPHOSPH9,1.6147772593176012e-44,0.32104439613513236,0.509,0.271,2.920324673475882e-40
RNF41,1.616815723139689e-44,0.2583934586788741,0.588,0.323,2.9240112352981273e-40
HNRNPR,1.6168553614514782e-44,0.30508512919621383,0.813,0.539,2.9240829211849985e-40
TM7SF3,1.7472950039343062e-44,0.2635527341024363,0.842,0.563,3.159983014615193e-40
NKAP,1.7492655766148926e-44,0.28112822511864577,0.438,0.217,3.1635467953080332e-40
SP3,1.788175148450699e-44,0.31525369061544284,0.762,0.497,3.2339147559730895e-40
PDX1,1.8079937255814234e-44,0.3541018296430951,0.278,0.112,3.2697566527140042e-40
CDK7,1.8208769135235637e-44,0.22828303077703427,0.534,0.282,3.293055898107365e-40
KRT80,1.9273088973620774e-44,0.21200006912193503,0.339,0.15,3.485538140879317e-40
ALCAM,1.9399230724947118e-44,0.312329277514283,0.813,0.54,3.508350876606686e-40
PLK1,2.0127604851098228e-44,0.31051081675952313,0.665,0.394,3.6400773373211147e-40
PCDHB14,2.0190943052148981e-44,0.5260824817806791,0.256,0.099,3.6515320509811433e-40
NSUN5,2.051985066358639e-44,0.2834147080581628,0.378,0.177,3.711014992509599e-40
AASDHPPT,2.066196331852113e-44,0.2619963588215841,0.663,0.387,3.736716066154546e-40
HYAL2,2.2156872382119072e-44,0.23344013764207894,0.496,0.26,4.007070370306234e-40
ZC3H4,2.2430108240208064e-44,0.30840537123692996,0.868,0.597,4.056485075241628e-40
RANGAP1,2.3475942657662906e-44,0.3135037166613378,0.849,0.594,4.245624229638336e-40
CDC7,2.383232246736559e-44,0.5847101976376816,0.284,0.118,4.310075518223067e-40
BANF1,2.4045732922521773e-44,0.2734519186373088,0.96,0.76,4.348670799038062e-40
EFTUD2,2.429292006119303e-44,0.2936057580246372,0.825,0.554,4.39337459306676e-40
PCDHGA7,2.454812478536856e-44,0.6849050327229751,0.203,0.065,4.439528367433904e-40
HSDL1,2.554870144175026e-44,0.2989828350076156,0.43,0.213,4.620482655740534e-40
DDX21,2.5640432616546395e-44,0.36337224248558864,0.758,0.497,4.6370722387024154e-40
PTPN23,2.5920525127888714e-44,0.30985992143719043,0.709,0.434,4.687726969378674e-40
PRC1,2.5983963515386866e-44,0.3497031119777515,0.631,0.379,4.6991998017577144e-40
TTC9C,2.6168853280977527e-44,0.2916586445975704,0.606,0.346,4.732637115864786e-40
LRRCC1,2.626076428160455e-44,0.40861795865073436,0.397,0.191,4.749259220328182e-40
FAM133B,2.6275789385344956e-44,0.23429125861093247,0.413,0.199,4.7519765103396355e-40
ANAPC1,2.6706148352388236e-44,0.30769751866931805,0.43,0.212,4.8298069295294125e-40
NHLRC2,2.7007299339133284e-44,0.29503840105582047,0.809,0.52,4.8842700854822545e-40
PTPA,2.706195597780479e-44,0.3895920769245541,0.802,0.551,4.894154738585996e-40
SPATA6L,2.8506537468966934e-44,0.3856409635207707,0.455,0.23,5.15540730126267e-40
DGCR2,2.8544466016849155e-44,0.34497426715966134,0.704,0.444,5.1622666791471695e-40
ZNF627,2.8564281628049865e-44,0.2632679470923094,0.49,0.254,5.165850332432818e-40
CLBA1,2.863296456605724e-44,0.26926192420668116,0.371,0.172,5.1782716417714524e-40
RBM27,2.8831031999494554e-44,0.2960009456269565,0.758,0.466,5.21409213710859e-40
MNS1,2.9574686019458405e-44,0.42812508058633947,0.251,0.095,5.348581966619053e-40
KAZN,2.9636858557596217e-44,0.27290802831979644,0.471,0.239,5.3598258701412756e-40
MYADM,3.037956461385291e-44,0.3088340299101542,0.506,0.271,5.494144260415299e-40
PDS5A,3.1417436500568594e-44,0.34457668790920937,0.551,0.307,5.68184339112783e-40
CYB5R2,3.155325371481251e-44,0.25482501387013645,0.282,0.113,5.7064059343238426e-40
TM2D3,3.161151846307721e-44,0.26557513863773785,0.71,0.425,5.716943114047514e-40
MCFD2,3.3180426309623517e-44,0.29296694814753277,0.439,0.217,6.000680098095413e-40
PDCD11,3.564304002168605e-44,0.28284777705073977,0.739,0.45,6.446043787921922e-40
PIAS1,3.6319143979960715e-44,0.2664148714542782,0.591,0.326,6.568317188775895e-40
BMPER,3.704132542425011e-44,1.0377068430170353,0.154,0.039,6.6989237029756325e-40
SPC24,3.8169005300389385e-44,0.35320602907998094,0.614,0.362,6.9028646085754205e-40
CDC27,3.8372338145501655e-44,0.31274879650319587,0.494,0.26,6.939637353613975e-40
SNU13,3.9068589532042986e-44,0.28728296465588676,0.941,0.753,7.065554416869974e-40
CDCA4,3.97471362002554e-44,0.2646012586474662,0.427,0.21,7.188269581816189e-40
ISY1,3.981778010752949e-44,0.2596379431065012,0.748,0.464,7.2010455324467086e-40
CHAMP1,3.990409836368518e-44,0.24198543290294894,0.465,0.237,7.216656189072465e-40
ZNF254,4.0880794705230186e-44,0.3001504145424154,0.543,0.294,7.39329172244088e-40
MSL1,4.1049577592247014e-44,0.3098301826941668,0.828,0.555,7.423816107557873e-40
BLM,4.1243702815659366e-44,0.4751743903726169,0.269,0.107,7.458923654211996e-40
XPO4,4.2289759582807017e-44,0.29505942197986335,0.675,0.4,7.648103020550649e-40
SLC25A15,4.2652254965337743e-44,0.21975830852150247,0.459,0.231,7.713660310481331e-40
SLC2A11,4.26582476762128e-44,0.22914079936386567,0.46,0.232,7.714744092243085e-40
SLC38A5,4.29132356061367e-44,0.39814894681802593,0.371,0.177,7.760858659369822e-40
TTF1,4.440172296610382e-44,0.20263384826984443,0.525,0.279,8.030051598419876e-40
UBE2D4,4.532426645008791e-44,0.2295504235883694,0.528,0.28,8.196893587498399e-40
SRRD,4.553873911354261e-44,0.29922539983868646,0.522,0.277,8.23568096868418e-40
KLHL36,4.573302929530605e-44,0.2367188464579757,0.69,0.407,8.270818348056098e-40
ANKRA2,4.593397468166051e-44,0.29278804837883565,0.791,0.502,8.307159321178304e-40
PTRH2,4.594398358050493e-44,0.2806684190403068,0.564,0.309,8.308969430534317e-40
TMEM192,4.668518805698415e-44,0.3629986437116375,0.406,0.196,8.443016260105583e-40
KIF18B,4.668690563479481e-44,0.4814461197669022,0.355,0.168,8.443326884052641e-40
MSH6,4.676243276311405e-44,0.2901345034878602,0.606,0.346,8.456985965209176e-40
NPEPL1,4.720101899897646e-44,0.31995456810183365,0.889,0.641,8.536304285964892e-40
SRSF7,4.748654564253442e-44,0.32658992816413224,0.525,0.281,8.58794177945235e-40
JMY,4.817153749460608e-44,0.22872836283359543,0.596,0.335,8.71182255589951e-40
SLAIN1,4.885045862389098e-44,0.7583765807104816,0.164,0.044,8.834605442130684e-40
EMG1,4.958257780411058e-44,0.3760388545993874,0.765,0.486,8.967009195873398e-40
DIP2B,4.968715719377318e-44,0.28958639280694587,0.628,0.364,8.98592237849388e-40
DESI1,5.475666379732413e-44,0.2825875428815465,0.645,0.373,9.902742647746068e-40
PLEKHM2,5.511792934311002e-44,0.2155363801449809,0.741,0.449,9.968077521701448e-40
KIFC1,5.623499404839003e-44,0.36701590114471877,0.626,0.376,1.0170098673651337e-39
MFF,5.660592896462504e-44,0.3199199285296262,0.913,0.688,1.0237182253252439e-39
ZNF212,5.734586958526312e-44,0.23274375820666027,0.519,0.275,1.0371000514494834e-39
MORN2,5.907703613154363e-44,0.2698425374311664,0.388,0.183,1.0684081984389666e-39
MSX1,5.908517494256547e-44,0.35704897994504403,0.293,0.124,1.0685553888362964e-39
UBD,5.911704328375427e-44,0.573384922523986,0.235,0.087,1.0691317277866959e-39
KNOP1,5.997147743763931e-44,0.28519632051626265,0.663,0.391,1.084584169459707e-39
ZNF397,6.147134790788262e-44,0.30203775292298707,0.748,0.461,1.1117093269140571e-39
ZBED5,6.43842730100506e-44,0.2748639257407868,0.699,0.422,1.164389577386765e-39
FER,6.546448514142836e-44,0.29862850378832473,0.539,0.29,1.183925213782732e-39
ACTL6A,6.677324873163442e-44,0.33622070822863914,0.699,0.426,1.2075942033116084e-39
PHC2,6.88043084070151e-44,0.32713805846044874,0.823,0.551,1.244325917540868e-39
PIGT,7.0067866985741785e-44,0.33654171384107967,0.758,0.509,1.2671773744371401e-39
FAM120B,7.116074297035493e-44,0.24017768897134506,0.694,0.413,1.286942036618869e-39
SMAD4,7.670011319279411e-44,0.29077540255017664,0.842,0.569,1.3871215470916815e-39
TAF6,7.755248036197089e-44,0.31244079701291483,0.517,0.276,1.4025366073462435e-39
SSRP1,8.047727569658737e-44,0.28022736583261487,0.966,0.79,1.4554315309727827e-39
ZNF345,8.120613921868392e-44,0.20872465513959826,0.511,0.267,1.4686130277698988e-39
CDK8,8.313267945605914e-44,0.3170638522085374,0.481,0.251,1.5034545079628297e-39
ARNT,8.440355613939595e-44,0.3519812037021294,0.639,0.375,1.5264383127809756e-39
CRNKL1,8.565467179963448e-44,0.32528748341009583,0.472,0.244,1.5490647394963897e-39
ZNF638,8.856156380169552e-44,0.33043108534684634,0.912,0.661,1.6016358813536634e-39
WDR92,9.038715500203597e-44,0.2496014153490167,0.382,0.181,1.6346516982118204e-39
BOP1,9.341756631072257e-44,0.3083878840547747,0.484,0.251,1.6894566867294177e-39
UBE2T,9.397627136809974e-44,0.3931300107437463,0.543,0.306,1.699560867692084e-39
UBE2Q2,9.722006393426368e-44,0.2793823221360887,0.775,0.48,1.7582248562511586e-39
TINAGL1,9.74129661410427e-44,0.2804026289050081,0.951,0.764,1.7617134926607574e-39
HS6ST2,9.794437082291509e-44,0.3050508004293282,0.171,0.048,1.7713239463324192e-39
CCDC30,9.89354506175429e-44,0.4772198134409069,0.243,0.09,1.7892476244182632e-39
SGO2,1.005033971264893e-43,0.4423808240983842,0.291,0.121,1.817603937032559e-39
KAZALD1,1.0183549939728507e-43,0.2814188686904655,0.566,0.314,1.8416950065999003e-39
PKN1,1.0237897492379826e-43,0.25089174473161013,0.492,0.249,1.8515237614968913e-39
EPB41,1.0590356142091331e-43,0.2910143935852805,0.646,0.371,1.9152659082972174e-39
TOMM34,1.0835626437835028e-43,0.3015967839729433,0.608,0.353,1.9596230412824648e-39
MCCC1,1.0958791829144913e-43,0.29305494038851765,0.874,0.605,1.9818975023008576e-39
APPBP2,1.0975509846372959e-43,0.237066304512783,0.691,0.404,1.9849209557165495e-39
MTCL1,1.0996304036543931e-43,0.5257244970070749,0.232,0.084,1.98868158500897e-39
PHF5A,1.1028765566810815e-43,0.34201268888288827,0.626,0.37,1.994552252757736e-39
REEP6,1.144438680148636e-43,0.24913929352999586,0.383,0.181,2.069717353048808e-39
PTBP1,1.1650211294948944e-43,0.3067193174995438,0.773,0.499,2.1069407126915166e-39
CES4A,1.234271563012809e-43,0.24949496200705146,0.432,0.213,2.232180121708665e-39
ZNF524,1.2567338360541123e-43,0.21170624058506837,0.654,0.374,2.272803142503862e-39
MAP3K9,1.2722516235809365e-43,0.34863755603452207,0.355,0.164,2.3008670612461237e-39
DHRS12,1.3039926321818703e-43,0.2249550815618142,0.577,0.316,2.3582706753009126e-39
PTCD2,1.3179657632382298e-43,0.24658851281375904,0.401,0.192,2.3835410828163388e-39
ZNF548,1.3213135841851058e-43,0.3426957534592483,0.323,0.141,2.389595616998764e-39
RNASEH1,1.3328524027050456e-43,0.2901846266287842,0.662,0.386,2.410463570292075e-39
SNIP1,1.335266825548269e-43,0.24368658820826794,0.491,0.254,2.4148300540040446e-39
EEPD1,1.3395285485900853e-43,0.21242334685742836,0.595,0.331,2.422537380125169e-39
LDAH,1.3458560013152526e-43,0.2600241026722503,0.661,0.386,2.4339805783786345e-39
PVR,1.3587580260533045e-43,0.30215184723361543,0.708,0.426,2.457313890117401e-39
RIOK2,1.3678996917378567e-43,0.2979557282073908,0.557,0.31,2.4738465925079138e-39
MTRF1,1.3839950261066482e-43,0.32379606105451386,0.559,0.311,2.5029550047138732e-39
ZC3H7B,1.4520617744386882e-43,0.2800513223463715,0.762,0.474,2.6260537190723676e-39
POLR3F,1.4525532266486237e-43,0.5285459913345125,0.326,0.147,2.626942510394036e-39
NKAPD1,1.5063878178558823e-43,0.28172083538125514,0.716,0.433,2.724302368592363e-39
MARCH6,1.5244111631899002e-43,0.3122604579576743,0.833,0.563,2.7568975886289347e-39
FAM117B,1.5337273369098003e-43,0.25363042144049874,0.48,0.249,2.7737458888013738e-39
FCHSD1,1.536892673382417e-43,0.34537290600119963,0.325,0.143,2.7794703998121013e-39
ARNTL2,1.5381446824342334e-43,0.38324832193142755,0.463,0.244,2.781734658182311e-39
RXRB,1.5625900933553366e-43,0.2687039707974649,0.714,0.441,2.825944183833126e-39
KIF22,1.570821246805418e-43,0.28434730965162425,0.764,0.475,2.8408302248475984e-39
RBM22,1.5801873374067838e-43,0.3289851794059935,0.455,0.231,2.8577687997001687e-39
SRFBP1,1.6232359612820497e-43,0.27489027760302015,0.762,0.474,2.935622235978587e-39
ARHGAP33,1.6750116941505235e-43,0.34966761459450746,0.353,0.163,3.029258648871222e-39
RABEPK,1.7273946155273208e-43,0.2685541542691505,0.583,0.322,3.12399316218116e-39
PRKAG1,1.7340309682625468e-43,0.29224472200397666,0.623,0.363,3.135995006102816e-39
FKTN,1.7651276312174872e-43,0.2601065412451169,0.622,0.358,3.192233321056826e-39
U2AF2,1.7995656943258587e-43,0.2734743533034294,0.603,0.342,3.2545145581883156e-39
ARID3A,1.836080377793721e-43,0.213665669025218,0.672,0.389,3.320551363239944e-39
CSNK2B,1.843575240065289e-43,0.35491236383059654,0.787,0.508,3.3341058216580754e-39
SMIM10L1,1.8507505339232972e-43,0.2926602327178467,0.544,0.292,3.347082340600283e-39
UNC93B1,1.921124004460724e-43,0.37858831778794033,0.487,0.257,3.474352762067219e-39
WDR74,1.9523137435325756e-43,0.22469216958174665,0.774,0.48,3.530759405178663e-39
IBA57,1.9797693483596887e-43,0.24618025166329183,0.388,0.184,3.580412866508497e-39
PCMTD1,1.9891839821675223e-43,0.28843614771669734,0.952,0.743,3.597439231749964e-39
ACTR8,2.051885100642911e-43,0.29817851753273694,0.687,0.406,3.710834204512704e-39
DTX3,2.0642820933275147e-43,0.22209435453420268,0.303,0.127,3.7332541657828106e-39
DCAF7,2.1977744760616004e-43,0.31505256678376625,0.904,0.675,3.9746751399574044e-39
NT5DC2,2.213749227290052e-43,0.2979739969669435,0.59,0.335,4.0035654775540595e-39
SNAP47,2.2171990269326496e-43,0.3248824684126501,0.42,0.206,4.009804440207697e-39
GRIP2,2.344796681072293e-43,0.42196956039439204,0.191,0.06,4.240564797719242e-39
TRERF1,2.3559493904669154e-43,0.3011552494652894,0.274,0.11,4.2607344726594163e-39
NCEH1,2.358798007398927e-43,0.23215634374497518,0.517,0.273,4.2658861963809596e-39
OGFOD1,2.5038842283533738e-43,0.2580821674975098,0.539,0.297,4.5282746269770765e-39
PAK6,2.516958848148135e-43,0.4834561969226683,0.207,0.07,4.551920076875902e-39
SLC4A2,2.5302463154588277e-43,0.3346184470688036,0.786,0.51,4.57595046150729e-39
CDKAL1,2.5370820932012024e-43,0.23690793832695123,0.7,0.419,4.588312965554375e-39
ZNF614,2.5514120846948035e-43,0.6163406586616733,0.209,0.071,4.614228755170552e-39
NSL1,2.555266117923945e-43,0.2590957108674661,0.531,0.285,4.621198774265455e-39
KIF2A,2.559701193263079e-43,0.3078983130756382,0.637,0.374,4.629219608016278e-39
CENPI,2.6359654606984222e-43,0.2943913466903503,0.381,0.185,4.7671435356730967e-39
DIXDC1,2.6762407323877652e-43,0.2097741326884408,0.506,0.264,4.8399813645232736e-39
MAGI1,2.735754457113739e-43,0.2826010139405325,0.662,0.386,4.947611935690197e-39
SLC27A1,2.754114501521486e-43,0.5341480247737662,0.248,0.094,4.980816076001607e-39
CTNNA2,2.812180438600717e-43,0.8887518090421507,0.171,0.049,5.085828323209397e-39
TMEM126B,2.883156070754204e-43,0.31509575122648137,0.393,0.19,5.214187753958978e-39
CDC42EP3,2.89119343870833e-43,0.2087484090631102,0.542,0.29,5.228723333904014e-39
FLVCR1,2.891961465920123e-43,0.36715437535987716,0.458,0.233,5.230112311116542e-39
ZNF619,2.8985856439996906e-43,0.44931257946613057,0.344,0.158,5.2420921371734405e-39
COA1,2.945603884680375e-43,0.26268110641640496,0.554,0.307,5.327124625444458e-39
ZNF490,2.952061608325234e-43,0.38725879166400423,0.343,0.154,5.338803418656186e-39
CNOT2,3.138297366643371e-43,0.30451307911884995,0.832,0.554,5.6756107875745367e-39
XPO7,3.2318976437840687e-43,0.30921584143287373,0.654,0.379,5.844886888783488e-39
ZFAND1,3.2475319211650585e-43,0.2994798423974402,0.81,0.529,5.873161479427008e-39
SMIM20,3.3376829255178496e-43,0.3150129401219527,0.703,0.423,6.036199570799032e-39
PRRC1,3.352626577982545e-43,0.37172535805092233,0.73,0.463,6.063225166281433e-39
PAPOLG,3.453075249829422e-43,0.32919095853432223,0.409,0.201,6.24488658931651e-39
PINX1,3.667970620369476e-43,0.33801140037150157,0.334,0.148,6.633524866938199e-39
CLN5,3.675642294103563e-43,0.3671172303292418,0.429,0.216,6.647399088886294e-39
ZNF326,3.733930641981859e-43,0.3289734704007683,0.87,0.619,6.752813566024192e-39
BRWD3,3.73983970533351e-43,0.2693672040838564,0.582,0.325,6.763500107095653e-39
CRPPA,3.7486194133307545e-43,0.3206620574176835,0.347,0.16,6.77937820900867e-39
MFSD12,3.825387835111949e-43,0.443115395426096,0.275,0.112,6.91821389979996e-39
EEF1AKNMT,3.865831429848987e-43,0.30376735255084397,0.791,0.504,6.991356140881893e-39
NDUFAF7,3.9311838330340765e-43,0.2874292954301253,0.635,0.36,7.109545962042127e-39
PUM3,3.945521380256817e-43,0.2956996778475276,0.639,0.374,7.135475416194455e-39
ZNF26,4.010769413937433e-43,0.20205161696358132,0.525,0.28,7.253476485105847e-39
SLC39A3,4.0428177798678685e-43,0.24924334362230516,0.603,0.343,7.311435954891041e-39
KIAA0355,4.121801374824002e-43,0.24247897701817833,0.629,0.36,7.454277786369208e-39
CTNNAL1,4.141470938573364e-43,0.3461745655905044,0.49,0.263,7.489850192409929e-39
TULP3,4.1945837278607394e-43,0.5018908757214207,0.31,0.136,7.585904671836148e-39
BMP7,4.356080366636751e-43,0.6418685318056467,0.233,0.087,7.877971343062565e-39
PROM2,4.452307834821865e-43,0.26981420296965963,0.697,0.421,8.051998719275344e-39
GSK3A,4.454969032261052e-43,0.32394219649024114,0.559,0.312,8.056811494844112e-39
NDUFA5,4.526294128150962e-43,0.3750615624894609,0.414,0.206,8.185802930761014e-39
RAD18,4.674086024859855e-43,0.28226179513209004,0.422,0.21,8.453084575959048e-39
INO80C,4.810352321880053e-43,0.2902362383822994,0.632,0.365,8.699522174120077e-39
MYCBP2,4.836763356234421e-43,0.27807176616481333,0.536,0.287,8.74728652974995e-39
BRCA1,5.011149324860871e-43,0.315159978313982,0.485,0.258,9.062663554010885e-39
ZNF713,5.020174365824974e-43,0.325074298004302,0.323,0.143,9.078985340594466e-39
CIAO2B,5.103130527977964e-43,0.3728992815451291,0.55,0.307,9.229011559848148e-39
NT5DC1,5.116015091238558e-43,0.2610647974052843,0.79,0.503,9.252313292504932e-39
TRIAP1,5.1221764502693006e-43,0.2599239070826833,0.561,0.307,9.26345611031203e-39
TATDN1,5.1298535828646705e-43,0.3601813597959702,0.337,0.151,9.277340204610757e-39
PLK4,5.148445282022926e-43,0.38461283745747954,0.342,0.156,9.310963292538462e-39
PTPN6,5.216016921704015e-43,0.2777275665174209,0.623,0.361,9.433166602901712e-39
FEN1,5.323623123945686e-43,0.40844699204004487,0.378,0.183,9.627772419655773e-39
CDKN2AIPNL,5.349843865512611e-43,0.2507087404687266,0.698,0.416,9.675192630779557e-39
CGGBP1,5.606275602488941e-43,0.31641861747454825,0.879,0.623,1.013894942710125e-38
NDUFA6,5.616884035952282e-43,0.38403923174521193,0.505,0.273,1.0158134779019703e-38
WDR72,5.669081951672588e-43,0.3349187169875427,0.274,0.11,1.0252534709599876e-38
SNRPF,5.744906423276043e-43,0.2687785722210463,0.751,0.466,1.0389663266494724e-38
UBTD2,5.940780942273281e-43,0.3143987852994289,0.636,0.369,1.074390233410123e-38
LRRC49,6.54730061531574e-43,0.4694770917605089,0.247,0.094,1.1840793162798517e-38
RNF183,6.598049759853981e-43,0.2997054854017498,0.284,0.116,1.1932572990695925e-38
ADPRM,6.860445168016629e-43,0.35445733073664165,0.31,0.134,1.2407115086358073e-38
ACSL6,7.545925747599755e-43,0.8538630995027363,0.169,0.048,1.3646806714534158e-38
NTMT1,7.624357428984013e-43,0.28659468160942114,0.88,0.627,1.3788650410317588e-38
CRTC1,7.675597460865763e-43,0.2807031613541495,0.511,0.27,1.3881318007975732e-38
ATP6V1F,7.716928531721505e-43,0.33194698435859304,0.704,0.446,1.395606524961834e-38
SOCS5,7.762554985548199e-43,0.33878641726527325,0.382,0.184,1.4038580691363918e-38
WDR59,7.893718119037287e-43,0.27097755519336814,0.768,0.479,1.4275789218278934e-38
RANBP3,8.24183900511629e-43,0.26883410251966033,0.786,0.488,1.4905365840752811e-38
PCGF6,8.521040031414463e-43,0.49892273326429093,0.253,0.099,1.5410300896813056e-38
TASP1,8.781817907964214e-43,0.2076458286191073,0.726,0.434,1.588191768655328e-38
ZNF282,8.905446203402067e-43,0.2793696225899358,0.802,0.518,1.6105499458852637e-38
ZSWIM5,9.040986255124645e-43,0.32178847617629036,0.502,0.268,1.635062364239292e-38
PIGV,9.0790522958135e-43,0.20540089130650596,0.413,0.205,1.6419466076978716e-38
GAB1,9.0839972056964e-43,0.38885738407139403,0.436,0.224,1.642840894650194e-38
SRSF1,9.701335241396311e-43,0.28999167349738875,0.921,0.681,1.7544864784065228e-38
C12orf43,9.749211596568992e-43,0.28760997742539063,0.452,0.231,1.763144917239502e-38
MCM3AP,9.9034357577572e-43,0.2928636387633387,0.799,0.512,1.7910363567903896e-38
NAA50,1.0142162464104377e-42,0.4022565698194085,0.289,0.121,1.8342100816332766e-38
ZNF786,1.0926782704315456e-42,0.32593660698143,0.368,0.174,1.9761086520754502e-38
PTPN11,1.220045700109953e-42,0.6159728790558456,0.272,0.112,2.20645264864885e-38
PARG,1.2203733644834152e-42,0.29137336528562185,0.479,0.249,2.2070452296682563e-38
COPS2,1.2317960741436076e-42,0.2810593690010854,0.86,0.597,2.2277032000887145e-38
WDR62,1.2568987798999562e-42,0.5381481628920008,0.283,0.12,2.2731014434490708e-38
DELE1,1.3298946362546565e-42,0.3356196744339901,0.838,0.571,2.405114449666546e-38
CTU2,1.3696156456150905e-42,0.30242117109701594,0.353,0.163,2.476949895094891e-38
SLC15A4,1.3745190585616898e-42,0.24303412710070327,0.587,0.328,2.485817717408816e-38
DDX49,1.3798299365438947e-42,0.29250540559598504,0.649,0.381,2.4954224402396337e-38
SEC24B,1.4134568616333416e-42,0.3038667574191063,0.662,0.39,2.5562367342638984e-38
GALNT1,1.4240501260322153e-42,0.32203172795824825,0.774,0.516,2.5753946529292613e-38
PSPC1,1.5144132440193324e-42,0.28666968928115333,0.874,0.605,2.7388163518089627e-38
LIG1,1.53479506079526e-42,0.29674562177797015,0.774,0.497,2.7756768674482273e-38
RMI1,1.5414330089257334e-42,0.2629779824948415,0.43,0.213,2.787681596642189e-38
INTS4,1.5483825995763075e-42,0.28408324353130293,0.829,0.536,2.800249931333752e-38
CRAMP1,1.555596080169139e-42,0.24714499904834147,0.746,0.461,2.8132955109858877e-38
PIGK,1.5829459899853465e-42,0.3146151146690306,0.417,0.206,2.862757822888499e-38
PIH1D1,1.623533459238341e-42,0.2838929827947898,0.677,0.403,2.93616026103254e-38
GOLGA5,1.7535417134702404e-42,0.3136160321047414,0.587,0.332,3.17128018881093e-38
ORC6,1.786789449005619e-42,0.4632977647753509,0.354,0.165,3.231408718526662e-38
CCNH,1.7975625678044916e-42,0.2907675577923339,0.493,0.259,3.250891903874423e-38
TMEM101,1.826385465912713e-42,0.2325612524419196,0.622,0.349,3.3030181151031415e-38
CHST3,1.8355401133641878e-42,0.43640364800670906,0.204,0.068,3.3195742950191336e-38
SIL1,1.8364825075051548e-42,0.28692586004323395,0.743,0.46,3.3212786148230723e-38
TTC37,1.8633450172277873e-42,0.292543066235543,0.877,0.613,3.369859463656453e-38
SENP1,1.8860194760807605e-42,0.28568793533029724,0.471,0.245,3.4108662224920554e-38
CLPB,1.90544795256693e-42,0.2673310050467461,0.433,0.219,3.446002622217293e-38
PACS2,1.9294680687089294e-42,0.28536964368920437,0.638,0.366,3.4894430022600986e-38
TONSL,2.0078361587458573e-42,0.243914772696614,0.487,0.254,3.631171693091883e-38
TMEM245,2.101707571618175e-42,0.2753824645486483,0.751,0.474,3.800938143271469e-38
LRSAM1,2.147920924067753e-42,0.238326902755009,0.655,0.38,3.8845149911765314e-38
CCP110,2.1548130959440502e-42,0.3236057268065031,0.49,0.261,3.896979484014815e-38
DEK,2.1596962598106804e-42,0.29294813941854425,0.889,0.648,3.9058106858676157e-38
LRCH3,2.2789153385775856e-42,0.3253597974858804,0.733,0.462,4.1214183898175637e-38
C12orf75,2.2899037373241022e-42,0.36777131775811056,0.716,0.458,4.1412909089506387e-38
GPT2,2.4177602026065322e-42,0.28655834727113283,0.495,0.26,4.3725193264139135e-38
GLIS3,2.4231267863008907e-42,0.3905070345397408,0.303,0.132,4.382224793025161e-38
TMEM60,2.5337032896875627e-42,0.3261769917540882,0.522,0.283,4.5822023993999573e-38
TMEM120B,2.5447938392362993e-42,0.23747492119890268,0.483,0.251,4.602259658258847e-38
WDTC1,2.6159717170898662e-42,0.2716002340513603,0.764,0.476,4.730984850357023e-38
FANCI,2.6488223465297666e-42,0.3478995352502573,0.67,0.415,4.790395213699083e-38
AHI1,2.6979695931763765e-42,0.21801865441376023,0.651,0.371,4.879278009259477e-38
UTP6,2.7694016054470227e-42,0.296803699658186,0.546,0.297,5.008462803450941e-38
LSM12,2.8195966423575068e-42,0.3673545937746392,0.484,0.259,5.099240527703551e-38
ZBTB11,2.898552493788306e-42,0.26653293896961694,0.573,0.317,5.242032185016152e-38
AKIP1,2.9145774939943536e-42,0.22752504571184706,0.688,0.402,5.271013397888788e-38
ALG13,3.036494300462456e-42,0.331072029130659,0.88,0.619,5.491499942386352e-38
FHOD1,3.0683820863073763e-42,0.23373971216886114,0.399,0.194,5.54916900308689e-38
ZNF414,3.2844473072949804e-42,0.2805195244051628,0.516,0.276,5.939922955242972e-38
TNRC6A,3.324561870045064e-42,0.3080053283640538,0.677,0.4,6.012470141976498e-38
GDAP2,3.3398277542774095e-42,0.27274523977043064,0.553,0.304,6.040078493610695e-38
RPIA,3.344584580378176e-42,0.277105103994549,0.755,0.48,6.048681213613932e-38
FAM168B,3.347848364945004e-42,0.31636769090786715,0.746,0.488,6.054583768003041e-38
SLCO4A1,3.3652438412489724e-42,0.289115446745249,0.419,0.21,6.086043486898766e-38
ARMCX2,3.569509260904646e-42,0.36516377896775953,0.234,0.087,6.455457498346052e-38
RPF2,3.647376100658923e-42,0.3009458722287648,0.721,0.432,6.596279678041663e-38
POLR3H,3.695243583905989e-42,0.22689361545052977,0.662,0.393,6.682848021493981e-38
NR2C2,3.8974608588354426e-42,0.27422917693093624,0.745,0.461,7.048557963203897e-38
ZNF311,3.912589484101792e-42,0.4492347770149032,0.223,0.081,7.075918081998091e-38
EIF4A2,4.084298306675521e-42,0.3381952048462046,0.9,0.691,7.38645348762268e-38
LSM2,4.1475422820231396e-42,0.24835540057092664,0.733,0.455,7.500830217038848e-38
STRA6,4.340392777648228e-42,0.6701458855489881,0.164,0.046,7.84960033837682e-38
FUT10,4.345799243284881e-42,0.36531503440454083,0.368,0.174,7.859377931480708e-38
COMMD8,4.415477646871026e-42,0.40595021730136294,0.372,0.178,7.98539132436625e-38
SLC9A7,4.424959920751321e-42,0.5786026260668597,0.183,0.056,8.002540016678765e-38
DSN1,4.454016568466506e-42,0.33781650765237714,0.498,0.267,8.055088964071676e-38
TLN2,4.4587838465296956e-42,0.3595310151969628,0.761,0.501,8.063710586448955e-38
NFASC,4.465316571491953e-42,0.3259862440340964,0.322,0.145,8.075525019543197e-38
PAIP2B,4.6459015766580937e-42,0.3957964013313471,0.265,0.107,8.402113001386162e-38
SMAD1,4.828408274063612e-42,0.25607010383811546,0.536,0.292,8.732176363644043e-38
SART1,4.8888485263852854e-42,0.3142874415538818,0.724,0.449,8.841482559967789e-38
LSM6,5.013847190736113e-42,0.31715864242885783,0.704,0.436,9.06754264444626e-38
KRBA2,5.018026906476424e-42,0.30765196400716466,0.429,0.216,9.075101660362614e-38
JARID2,5.107725737677878e-42,0.2859901668941329,0.567,0.315,9.237321996590443e-38
ERH,5.1099635628761176e-42,0.396176852898104,0.643,0.394,9.241369103461459e-38
DNAJC16,5.143191750409705e-42,0.2993378525049535,0.481,0.249,9.301462280615951e-38
RNASE4,5.157920626547499e-42,0.3373163912657682,0.816,0.554,9.328099453111151e-38
RALGAPA2,5.3751494074481826e-42,0.30305960291350037,0.835,0.558,9.720957703370039e-38
ZC3H8,5.466223938665806e-42,0.21076853657064842,0.622,0.355,9.88566599307711e-38
PARP2,5.581201132790632e-42,0.26437393914872054,0.313,0.138,1.0093602248651857e-37
CEBPZOS,5.6034008830669756e-42,0.282136802577041,0.604,0.346,1.0133750497026625e-37
EPG5,5.784682318109364e-42,0.20576851102428972,0.569,0.313,1.0461597972300784e-37
SURF1,5.839144574156523e-42,0.3142535774582186,0.665,0.405,1.0560092962362072e-37
DIAPH3,5.968647680300798e-42,0.37872007832411025,0.376,0.183,1.0794299329823993e-37
DOP1B,5.990683521258667e-42,0.28949266110486693,0.611,0.349,1.08341511481963e-37
KYAT3,6.133895651795884e-42,0.3024903393102887,0.687,0.41,1.1093150286272856e-37
FAM221B,6.233263008972896e-42,0.7400901183704636,0.158,0.042,1.1272856151727482e-37
SGSH,6.34263741479674e-42,0.24955765080769718,0.806,0.525,1.1470659764659904e-37
IQCC,6.576311983207114e-42,0.38991023666425084,0.251,0.098,1.1893260221630065e-37
PAIP2,6.611988509452051e-42,0.436995835125519,0.325,0.144,1.1957781219344035e-37
CNN3,6.70684361660677e-42,0.35649921281448793,0.932,0.743,1.2129326680633344e-37
CDC5L,6.809250835025548e-42,0.3040285029032641,0.843,0.577,1.2314530135143703e-37
QTRT2,6.961593614794128e-42,0.23942049020206957,0.56,0.31,1.259004205235518e-37
UBE2W,6.975378576073594e-42,0.30706295081178925,0.434,0.219,1.2614972154829095e-37
BBIP1,7.166253484558722e-42,0.3775920642877253,0.334,0.154,1.2960169426824448e-37
ZNF573,7.555389103190514e-42,0.48261039250054427,0.294,0.126,1.3663921193120043e-37
CBLL1,7.56842308147362e-42,0.21173508352140935,0.587,0.329,1.3687493142845042e-37
ZSWIM1,7.706625482635911e-42,0.2175654969347698,0.424,0.211,1.3937432185347046e-37
ARPC1A,7.755850662415357e-42,0.3351521990467825,0.639,0.382,1.4026455922978174e-37
UBA3,7.758140918140025e-42,0.3242628811236957,0.809,0.529,1.4030597850456236e-37
SERPINA1,8.107727030961948e-42,0.6653543860210491,0.962,0.852,1.4662824335494682e-37
DZANK1,8.175342884952131e-42,0.36322865359871326,0.264,0.105,1.4785107607435928e-37
WDR48,8.38326504966936e-42,0.23133307384913127,0.658,0.382,1.5161134842327038e-37
TCOF1,8.478866429606984e-42,0.27072444227938447,0.717,0.438,1.5334029937944232e-37
PRKD1,8.566443695239995e-42,0.6280175710409521,0.175,0.053,1.549241342284153e-37
CLIC6,8.680330075608584e-42,0.5930900902608323,0.242,0.095,1.5698376941738124e-37
SLC25A51,8.780748146699121e-42,0.29724724989936346,0.351,0.162,1.587998302330536e-37
DMWD,8.8244145109973e-42,0.25373121759131034,0.727,0.447,1.5958953643138618e-37
GINS3,8.948916270544092e-42,0.3245438669266223,0.296,0.126,1.618411507527899e-37
CASP2,8.95110417036713e-42,0.28868138494372536,0.867,0.611,1.6188071892108954e-37
MEPCE,9.542477213011278e-42,0.30019448260548126,0.739,0.469,1.7257570039730896e-37
CFAP157,9.629873359642338e-42,0.5485682701056565,0.189,0.06,1.741562597091317e-37
SEC14L2,9.940865194201564e-42,0.42314944324319503,0.226,0.082,1.7978054703713528e-37
CXorf56,9.956790646026725e-42,0.3197685636537897,0.432,0.221,1.800685588333933e-37
SNCAIP,9.977355344559622e-42,0.9181803420752037,0.189,0.062,1.8044047140636076e-37
TPRKB,9.996638184455344e-42,0.2901640054710145,0.642,0.377,1.807892015658749e-37
GPAM,1.0208609974295757e-41,0.36235095522984695,0.301,0.13,1.8462271138513875e-37
MTPAP,1.0315158736477021e-41,0.3286849844241856,0.707,0.437,1.8654964574918693e-37
APOOL,1.0447398129484156e-41,0.30633950010758215,0.442,0.227,1.88941195171721e-37
UTP15,1.0630704649826173e-41,0.2295403120888917,0.415,0.207,1.9225629359210633e-37
ARHGEF12,1.067754321649012e-41,0.329981083477349,0.796,0.532,1.9310336907022385e-37
TASOR,1.0736664047226894e-41,0.27401875920605145,0.828,0.555,1.941725692940984e-37
ATXN7L3B,1.1100822640263094e-41,0.3000877332202838,0.859,0.604,2.0075837744915805e-37
DTWD1,1.1162504878519773e-41,0.45873141687969454,0.283,0.119,2.018739007280301e-37
GLRX3,1.1413258946220195e-41,0.328409852633965,0.796,0.525,2.0640878804239223e-37
KIAA1217,1.1991550651572776e-41,0.31778946804351016,0.889,0.64,2.1686719353369365e-37
PTPN2,1.2108721866920545e-41,0.2690150796370324,0.633,0.366,2.1898623496325804e-37
SMARCA4,1.2177534078672141e-41,0.28876819970694423,0.894,0.665,2.202307038127857e-37
FDXR,1.2352627564578177e-41,0.2842874972676488,0.516,0.278,2.233972695053963e-37
NGDN,1.2424647892875454e-41,0.2929944202645738,0.509,0.269,2.246997571426526e-37
PAQR8,1.2460406495169553e-41,0.408426329997284,0.641,0.401,2.2534645146514136e-37
TIMM10,1.3020547601309144e-41,0.3023991715784877,0.736,0.462,2.3547660336967586e-37
FAM161A,1.316568290471565e-41,0.6524479104547605,0.212,0.075,2.3810137533178252e-37
DAP3,1.3585256263589256e-41,0.29739758567802155,0.912,0.685,2.456893595270117e-37
GAS2L3,1.4401288232753582e-41,0.37226539962081606,0.535,0.298,2.6044729768934853e-37
MFSD14B,1.5019583492262375e-41,0.34792493312612394,0.758,0.501,2.7162916745756506e-37
VDAC1,1.550438006399657e-41,0.3907725929256455,0.703,0.459,2.8039671345737793e-37
XRCC1,1.553137388787653e-41,0.21452486727197803,0.813,0.536,2.8088489676224706e-37
UTP11,1.6064501260800665e-41,0.2954655740504928,0.527,0.289,2.9052650530158005e-37
PYGO2,1.6273122411157813e-41,0.23296574052353392,0.524,0.281,2.9429941880578903e-37
ILRUN,1.6305168099653912e-41,0.29058302247763024,0.497,0.266,2.94878965082241e-37
NLK,1.6389579097581078e-41,0.2477498197247623,0.742,0.46,2.964055379797538e-37
FMNL2,1.6994775608330565e-41,0.214519509590136,0.834,0.534,3.0735051687665826e-37
AK6,1.7273058702957459e-41,0.3428330417128347,0.397,0.194,3.123832666429856e-37
KLHL26,1.7293250705918313e-41,0.21795001619487353,0.317,0.141,3.127484390165327e-37
CBX5,1.734105121517574e-41,0.2883512924228271,0.646,0.383,3.1361291122645324e-37
ARHGEF28,1.7572185508585792e-41,0.256601773118607,0.682,0.404,3.1779297492277403e-37
MKRN2,1.8701171469135718e-41,0.20215702006613268,0.62,0.352,3.3821068601931944e-37
WDR36,1.9940068728544852e-41,0.29575187992932495,0.759,0.481,3.6061614295573367e-37
RFC4,2.15199459836121e-41,0.23521941285144776,0.48,0.254,3.891882231136248e-37
NRSN2,2.170203410011136e-41,0.3856637614881575,0.247,0.096,3.924812867005139e-37
STOX1,2.209203954994362e-41,0.6467308564329923,0.211,0.075,3.995345352607304e-37
PPIL4,2.2882173755360197e-41,0.40766799193578773,0.362,0.173,4.138241123656892e-37
DARS2,2.3080838845741236e-41,0.2652470861975148,0.639,0.371,4.174169705252302e-37
TCTEX1D2,2.349196618535886e-41,0.5191454094419803,0.245,0.096,4.2485220846221496e-37
LAMTOR5,2.4578499561937475e-41,0.3145590685144315,0.477,0.253,4.445021645776392e-37
ARL6IP1,2.512741495832197e-41,0.37022648679347436,0.588,0.343,4.544292995212528e-37
TRMT13,2.6221458030714434e-41,0.20495379871405178,0.755,0.465,4.7421506848547055e-37
ARHGAP24,2.7999079082170115e-41,0.2513627076229845,0.316,0.141,5.0636334520104655e-37
YTHDC1,2.803341880508363e-41,0.2861849068238603,0.93,0.699,5.0698437908993745e-37
SRSF8,2.830990399233801e-41,0.29599997828094693,0.783,0.524,5.119846137014329e-37
DET1,2.8448945301688167e-41,0.47418844467583865,0.239,0.091,5.144991757810305e-37
NAA10,2.935517507087271e-41,0.26316723586000634,0.764,0.49,5.308883411567329e-37
TNFAIP1,2.9566762090187445e-41,0.2101533723098854,0.594,0.325,5.347148924010399e-37
BMI1,3.0312280653726143e-41,0.23135009271158413,0.483,0.255,5.481975956226373e-37
DCAF11,3.155376657049296e-41,0.3092405585242932,0.681,0.414,5.706498684273652e-37
PLEKHA4,3.1680190196952934e-41,0.2836369857624699,0.272,0.112,5.7293623971189386e-37
GNA15,3.290212507950874e-41,0.39222688225091096,0.276,0.115,5.950349320629156e-37
ARHGAP8,3.3210859273114136e-41,0.28422115767249856,0.952,0.76,6.0061838995426914e-37
CNOT6,3.331880258920092e-41,0.26000668442958325,0.773,0.502,6.0257054482569865e-37
PPDPF,3.4307521128712393e-41,0.37965870592501094,0.938,0.774,6.204515196127636e-37
C12orf57,3.4322604731167945e-41,0.2715905613713807,0.96,0.822,6.207243065631723e-37
THOC5,3.5199323169026417e-41,0.20909263148857837,0.572,0.318,6.365797595118428e-37
NPRL2,3.5401365163861434e-41,0.2769866844716813,0.543,0.3,6.40233688988434e-37
MMADHC,3.5971417409264767e-41,0.2835399030591417,0.59,0.335,6.505430838465533e-37
ARL8A,3.645933357709114e-41,0.23398543808183914,0.629,0.367,6.5936704774169325e-37
RPN2,3.811332588780708e-41,0.3653332593854046,0.663,0.418,6.89279498680991e-37
PTCH1,3.9738809487140706e-41,0.21525514081594688,0.56,0.307,7.186763695749397e-37
RING1,4.2516637457376577e-41,0.21474757474499195,0.697,0.425,7.689133884166555e-37
TTLL1,4.256693059163103e-41,0.26384493551176735,0.298,0.128,7.698229397496471e-37
ZNRD1,4.523035665618292e-41,0.2518049673729661,0.515,0.278,8.179910001270681e-37
ZNF605,4.581618907817042e-41,0.26988284123202577,0.46,0.241,8.285857794787121e-37
CCNA2,4.63741383332307e-41,0.3221442377427324,0.57,0.33,8.386762917564773e-37
VPS54,4.69512814712803e-41,0.3252413570314462,0.739,0.469,8.491139254081043e-37
POGLUT2,5.173572715222873e-41,0.21449608201295112,0.248,0.097,9.356406255480566e-37
ABI1,5.387751071517348e-41,0.30290521492545114,0.849,0.596,9.7437478128391225e-37
CASC4,5.419319891995304e-41,0.5940833363209763,0.255,0.103,9.800840024673508e-37
HPN,5.575690389864274e-41,0.7712450903054218,0.17,0.051,1.008363607006954e-36
DNAJC14,5.690325980964689e-41,0.25972171410126865,0.552,0.304,1.029095453657464e-36
GRINA,5.717747922961446e-41,0.3184822398243987,0.759,0.496,1.0340547118675776e-36
TMEM19,6.045674590998867e-41,0.2642343298270159,0.638,0.371,1.0933602497821451e-36
VPS51,6.187335497210614e-41,0.2666884608630783,0.796,0.51,1.1189796246705396e-36
FBXL5,6.24612729911287e-41,0.3227360501754356,0.813,0.55,1.1296121220445627e-36
FBXL19,6.578315252959288e-41,0.22133069721022292,0.571,0.322,1.1896883134976872e-36
PURB,6.995723092328767e-41,0.2269353272835088,0.875,0.596,1.2651765212476575e-36
IYD,7.140469528464547e-41,0.24936401732461944,0.679,0.405,1.2913539142228135e-36
TMCC1,7.241728876572924e-41,0.33020803538900934,0.336,0.157,1.3096666673282133e-36
AEBP2,7.261154309596491e-41,0.32703692447120936,0.762,0.48,1.3131797568905255e-36
SIRT1,7.353002394167347e-41,0.2017899145605,0.577,0.322,1.3297904829851647e-36
TMEM177,7.367988296635557e-41,0.20210041247021793,0.477,0.247,1.3325006834465404e-36
LCMT1,7.419669122340982e-41,0.25356777398220864,0.669,0.4,1.3418471607753667e-36
TGIF2,7.497203033877357e-41,0.2357815233094338,0.347,0.16,1.35586916867672e-36
PSMD11,7.562943943722547e-41,0.2823295629621838,0.461,0.241,1.3677584122222225e-36
TRDMT1,7.682805190275107e-41,0.3185643161261402,0.284,0.12,1.389435318661253e-36
USP17L3,7.834370553899133e-41,0.6690645585184352,0.198,0.068,1.4168459146726582e-36
ZNF12,8.089938558159898e-41,0.2895267981457872,0.518,0.286,1.4630653882432176e-36
GASK1B,8.182625041871269e-41,0.6462117320030267,0.457,0.262,1.479827738822419e-36
EFCAB11,8.19747129073081e-41,0.29870945545239147,0.389,0.191,1.482512682928667e-36
PTER,8.532371851015599e-41,0.27684522791349764,0.659,0.384,1.543079449256171e-36
ZNF777,8.697362659576072e-41,0.2020405444199529,0.372,0.179,1.5729180369843328e-36
JAGN1,9.01893994700409e-41,0.27837615841972063,0.525,0.29,1.6310752894156897e-36
FOXO4,9.205776184679524e-41,0.3330184621139458,0.367,0.178,1.664864622999292e-36
AGO1,9.301484991906205e-41,0.26620606451145223,0.792,0.514,1.6821735607862372e-36
BRD7,9.413808785538425e-41,0.28634818645247406,0.874,0.626,1.7024873188646244e-36
C11orf52,9.659620620972575e-41,0.46107326147645145,0.301,0.132,1.74694238930289e-36
TAF7,9.82998195626805e-41,0.2916813900817209,0.904,0.673,1.777752236791077e-36
ZNF260,9.880501515832782e-41,0.37165657992043055,0.303,0.133,1.7868886991383586e-36
C1orf116,9.901972041023246e-41,0.2783668875523746,0.6,0.349,1.790771643619054e-36
RBM10,1.0101399906905574e-40,0.23438633027276135,0.693,0.431,1.8268381731638732e-36
F8A1,1.0530269623834756e-40,0.7585386368582547,0.197,0.067,1.9043992614705156e-36
MBTPS2,1.0554902239582476e-40,0.4179489984214708,0.245,0.095,1.908854070028491e-36
TOPBP1,1.0986215799761385e-40,0.27478884953699123,0.541,0.297,1.9868571273868463e-36
MXD3,1.1054868838947769e-40,0.25714189258052156,0.554,0.316,1.999273029523704e-36
TMLHE,1.1173580391902655e-40,0.2773887990977586,0.6,0.349,2.020742013875595e-36
DOCK9,1.1363155835497738e-40,0.2769749929050649,0.648,0.387,2.055026732849766e-36
PSMC1,1.1421736670409883e-40,0.2825907347325658,0.612,0.354,2.0656210768436273e-36
C18orf21,1.148140913307009e-40,0.33528430477857496,0.4,0.2,2.076412841715726e-36
FAM135A,1.1726214370883303e-40,0.2748225131075067,0.636,0.375,2.1206858689742453e-36
STYXL1,1.1770797933036063e-40,0.2809164346644397,0.578,0.325,2.128748806189572e-36
NOM1,1.1826556557545029e-40,0.232783724719269,0.608,0.35,2.1388327534320185e-36
PSMA4,1.1944974001694928e-40,0.28133975186290805,0.767,0.505,2.1602485482065278e-36
RNF38,1.1980762357415962e-40,0.24804643671675342,0.596,0.341,2.1667208723386766e-36
SIPA1L1,1.2379147781144947e-40,0.25864243130322206,0.567,0.317,2.2387688762200635e-36
TMEM268,1.2443843769031614e-40,0.33868662964574936,0.39,0.192,2.2504691456293673e-36
CD3EAP,1.2990886798572107e-40,0.2583159725097528,0.273,0.114,2.3494018775217656e-36
DENR,1.303266358899761e-40,0.24749086189077774,0.687,0.412,2.3569572100702177e-36
CLPP,1.325578206993287e-40,0.34155069764273405,0.558,0.322,2.3973081873473595e-36
PIWIL4,1.3438967601873537e-40,0.404090765931969,0.391,0.197,2.4304372907988292e-36
OSBPL8,1.356900016931049e-40,0.2261574163941742,0.632,0.368,2.453953680619802e-36
STARD3NL,1.4089099137570991e-40,0.2920511972022285,0.661,0.399,2.548013579029714e-36
TMEM87A,1.4229956775504838e-40,0.22751525793367666,0.725,0.442,2.57348768285005e-36
DCTN3,1.4264654289903782e-40,0.2791795249117083,0.699,0.432,2.579762728329099e-36
GORASP2,1.4441797382276592e-40,0.34313978265344225,0.663,0.409,2.6117990565847218e-36
RASSF1,1.4650624564662183e-40,0.2633439097907371,0.579,0.332,2.649565452519156e-36
CPSF4,1.4786941668409906e-40,0.23170069158793383,0.575,0.321,2.6742184007319314e-36
PELI1,1.5237274390932343e-40,0.22879500310458445,0.656,0.39,2.755661073600114e-36
CPA6,1.5574614289115518e-40,0.8842772535798247,0.183,0.059,2.8166689941865415e-36
PACRGL,1.5838717479317584e-40,0.24198330231421394,0.577,0.32,2.864432056134585e-36
CNP,1.5897900639192134e-40,0.21588890331932498,0.625,0.36,2.8751353305978974e-36
PDS5B,1.6442490734128727e-40,0.26550190334903423,0.549,0.301,2.9736244492671803e-36
NCDN,1.6446774765845003e-40,0.28380088995054553,0.342,0.158,2.974399216403069e-36
RIMKLB,1.6950721299853232e-40,0.39456546441532314,0.26,0.106,3.065537947078457e-36
SLC25A40,1.7353244095527992e-40,0.27614381164996216,0.645,0.383,3.1383341946762376e-36
FAXDC2,1.7385196526926937e-40,0.2616900984652739,0.336,0.157,3.144112791894737e-36
DTWD2,1.7467256557458434e-40,0.4285119862961957,0.258,0.104,3.158953348416358e-36
DNMT1,1.7652865863493157e-40,0.2638880463586386,0.752,0.478,3.1925207914127376e-36
NGRN,1.7679090390080569e-40,0.27948766085221044,0.683,0.419,3.197263497046071e-36
FMNL3,1.845153496837549e-40,0.47087287229121655,0.283,0.12,3.336960099030707e-36
TRUB1,1.846383145856766e-40,0.3134845250824545,0.614,0.36,3.3391839192819616e-36
NDRG2,1.9435766196950122e-40,0.3101430827093709,0.909,0.66,3.5149583167184297e-36
MLF1,1.956087724865981e-40,0.7797847171936514,0.17,0.051,3.5375846504201264e-36
MTMR2,2.0117276562093408e-40,0.23789722686330617,0.606,0.348,3.638209466254593e-36
CDC23,2.013427690522757e-40,0.20594525124491825,0.493,0.266,3.641283978310406e-36
ZNF532,2.0225118665961253e-40,0.20570357006239015,0.419,0.21,3.657712710739093e-36
LSM8,2.0533503742448725e-40,0.32579699426941505,0.868,0.607,3.713484151821852e-36
MARCH5,2.062424613372861e-40,0.31300869705742573,0.822,0.557,3.7298949132848194e-36
NUP58,2.102802042092798e-40,0.2756938016167858,0.763,0.487,3.802917493124825e-36
GAL3ST4,2.1647667971333423e-40,0.24830691202065092,0.334,0.155,3.9149807526156494e-36
CASD1,2.175383407967176e-40,0.2668652872626692,0.612,0.351,3.934180893308638e-36
UBE2R2,2.2004573927534365e-40,0.2933785849252769,0.824,0.561,3.97952719479459e-36
MED24,2.2430589093135715e-40,0.2868854161385289,0.818,0.546,4.056572037493594e-36
PARP3,2.2517298083201435e-40,0.2145709219664751,0.557,0.308,4.0722533583469797e-36
EIF3E,2.2530496564408203e-40,0.7762928539141845,0.187,0.061,4.074640303673223e-36
ARID2,2.2985786573251888e-40,0.23792917524277105,0.825,0.54,4.1569795017726035e-36
POLD1,2.3176207748281146e-40,0.23422702175388443,0.563,0.319,4.1914171712766453e-36
RPP38,2.322174826144101e-40,0.25849769279287116,0.688,0.412,4.199653173081607e-36
SZRD1,2.337859199074293e-40,0.29323586655278566,0.654,0.399,4.228018361525859e-36
WDR76,2.3558118577584776e-40,0.2632246828697353,0.533,0.301,4.2604857447562064e-36
ZFP69B,2.360180210831301e-40,0.27884742407102037,0.233,0.089,4.2683859112884084e-36
FSTL1,2.360645429702716e-40,0.3402899897418319,0.363,0.174,4.269227259617362e-36
DUSP14,2.3720983361633406e-40,0.30559999907146906,0.252,0.101,4.289939840951402e-36
CBR3,2.3933004400314183e-40,0.5723340818189255,0.207,0.073,4.3282838457968196e-36
HINT2,2.394159514008179e-40,0.2665899591348153,0.467,0.248,4.329837481083792e-36
POLR2D,2.4531339910303975e-40,0.2728431306393482,0.454,0.236,4.436492822778474e-36
PPHLN1,2.4659402327576846e-40,0.29991001035752596,0.877,0.615,4.459652910942273e-36
U2SURP,2.468989572543148e-40,0.30230343981398355,0.9,0.648,4.465167641944283e-36
P3H1,2.4696569885309444e-40,0.6117563836983013,0.192,0.065,4.4663746637582126e-36
EEFSEC,2.569313977207182e-40,0.2707331922480709,0.425,0.216,4.6466043277791885e-36
GPN2,2.5990676555828643e-40,0.2600055365898606,0.492,0.261,4.70041385512161e-36
TRMT10C,2.60104335235076e-40,0.25384288286324996,0.608,0.349,4.7039869027263495e-36
CDK2,2.736581385790178e-40,0.22216351725218275,0.535,0.292,4.949107436201537e-36
RNASEK,2.8083587807308168e-40,0.29289360192000835,0.633,0.383,5.078916854951682e-36
GNPTG,2.851220795072465e-40,0.2951161658659895,0.784,0.524,5.156432807888553e-36
NDUFB4,2.926696456030431e-40,0.4267831325722167,0.357,0.173,5.2929305407310346e-36
PPP4R3B,2.930265038232409e-40,0.33359704106992294,0.831,0.574,5.2993843216433115e-36
PRKDC,2.941606729820323e-40,0.35453334383530566,0.907,0.688,5.319895770880054e-36
TMEM97,3.126754520018668e-40,0.25114720504914523,0.694,0.415,5.654735549453761e-36
MRNIP,3.1351088917812665e-40,0.28647631841781707,0.882,0.597,5.66984443078642e-36
TRMT11,3.23861573416971e-40,0.3054346469063629,0.502,0.27,5.8570365552459205e-36
PPIL2,3.4558978843930903e-40,0.26179061591377284,0.629,0.366,6.249991323924904e-36
GGCX,3.4833223683759187e-40,0.43253979160551204,0.387,0.191,6.299588503207849e-36
NEIL3,3.4853625061112056e-40,0.4907938166197705,0.217,0.081,6.303278092302115e-36
TAF4B,3.5532977517857195e-40,0.33621837737485594,0.255,0.102,6.426138984104473e-36
QSOX2,3.6921763436323055e-40,0.26162009659579955,0.43,0.218,6.677300917459024e-36
ISCA1,4.1445967966906325e-40,0.29977957039385883,0.331,0.153,7.495503306815008e-36
RSL24D1,4.17613699656388e-40,1.360589083023946,0.135,0.033,7.552543758285778e-36
GXYLT1,4.216408308742901e-40,0.37531495040491336,0.253,0.101,7.625374426361536e-36
WDSUB1,4.352834856887118e-40,0.32072029875176433,0.558,0.317,7.872101838680353e-36
C7orf50,4.3918308768099955e-40,0.23733610029172014,0.912,0.686,7.942626140710877e-36
MGA,4.506625032799443e-40,0.24362498762032514,0.664,0.403,8.150231371817792e-36
MAML1,4.8718570864992025e-40,0.21840152530049456,0.781,0.499,8.810753540933808e-36
ARF5,4.875843809048553e-40,0.31686464570393597,0.893,0.659,8.817963528664308e-36
RAB4A,4.968569950216538e-40,0.3096123263319438,0.855,0.617,8.98565875496661e-36
HSPA2,5.0854002089168975e-40,0.2611383769132215,0.614,0.365,9.196946277826209e-36
RMDN1,5.1150894631554554e-40,0.30701687864298055,0.506,0.272,9.250639294116641e-36
CCNG2,5.219434172329995e-40,0.2744400286632741,0.693,0.419,9.439346700658796e-36
OBI1,5.222107491848659e-40,0.2815135654661356,0.383,0.187,9.4441813990083e-36
TMEM179B,5.3707018825687555e-40,0.3049478537800283,0.677,0.423,9.712914354625595e-36
STK36,5.3860037001294075e-40,0.2676570285074218,0.445,0.231,9.740587691684033e-36
SPATA24,5.452388867151726e-40,0.21083218394580205,0.319,0.144,9.860645266243897e-36
SPOPL,5.4709762479767226e-40,0.28616807788165666,0.414,0.209,9.894260544465903e-36
ZGLP1,5.548067330878519e-40,0.36068631893502623,0.242,0.095,1.0033679767893801e-35
VAMP4,5.58767145557184e-40,0.23142967549740368,0.386,0.188,1.0105303827401672e-35
RNH1,5.645840583521209e-40,0.28498584848894887,0.831,0.571,1.0210502695298107e-35
SMG8,5.900637216728061e-40,0.28159273912359684,0.294,0.129,1.0671302406452698e-35
IFITM1,6.17060856540554e-40,0.3589619644237918,0.351,0.168,1.1159545590535919e-35
TBC1D31,6.336890151785152e-40,0.3779153216112894,0.372,0.183,1.1460265839503447e-35
MMS19,6.338304836642101e-40,0.2403605762960092,0.743,0.461,1.146282429706724e-35
OSGIN2,6.351418375895312e-40,0.285114042447832,0.368,0.178,1.1486540132806672e-35
C15orf61,6.562313266369734e-40,0.32171701782251194,0.394,0.196,1.1867943542229665e-35
KBTBD12,6.5773607276523324e-40,0.4461768305200122,0.33,0.156,1.1895156875959244e-35
PIGQ,6.61015147823866e-40,0.2231814067974769,0.638,0.375,1.1954458948394617e-35
ZDHHC6,6.6139890507843904e-40,0.3016755533592816,0.8,0.523,1.196139919834357e-35
MAZ,6.6268488141970264e-40,0.2636800028712838,0.702,0.429,1.1984656080475323e-35
PTGFRN,6.7650813117304204e-40,0.28233158460379737,0.749,0.484,1.2234649552264464e-35
TRMT1L,6.769656415547349e-40,0.2273830981820799,0.684,0.409,1.224292362751738e-35
TRAP1,6.8376998644170895e-40,0.26024137715664997,0.935,0.738,1.2365980204798306e-35
XPO5,6.9336601672115174e-40,0.26898748599479483,0.845,0.564,1.253952441240203e-35
SPNS3,6.957493740895381e-40,0.397527575920833,0.179,0.057,1.2582627430409296e-35
TLE2,6.964527214169056e-40,0.3094391078725842,0.559,0.323,1.259534746682474e-35
PDSS2,7.180874113340063e-40,0.24107094311574784,0.689,0.412,1.2986610833975504e-35
FAM76B,7.246977143382706e-40,0.23506821424534607,0.634,0.37,1.3106158163807623e-35
SHISA5,7.3094001928177034e-40,0.2883748107135474,0.81,0.554,1.3219050248710818e-35
ZNF792,7.35761864228108e-40,0.33251705066095427,0.222,0.083,1.3306253314565333e-35
TLR5,7.424122449592253e-40,0.36178025645212974,0.177,0.056,1.342652545008759e-35
TCTN3,7.447952366019552e-40,0.2993755670349534,0.558,0.316,1.346962185394636e-35
C2CD5,7.507678969966284e-40,0.2687919258597407,0.895,0.64,1.3577637417184026e-35
LURAP1L,7.51354071234186e-40,0.22505932951596186,0.715,0.441,1.3588238378270254e-35
SKA1,7.696466052164131e-40,0.7860516852776844,0.165,0.049,1.3919058855338832e-35
DDX52,7.776950838984326e-40,0.3220063053267761,0.516,0.286,1.4064615592303153e-35
SF3B6,7.916400113911008e-40,0.33400276741032187,0.689,0.423,1.431680960600806e-35
JMJD8,7.917687780683071e-40,0.23826001014047904,0.59,0.338,1.4319138351365333e-35
FAM193A,8.129468581664501e-40,0.2329367018096682,0.63,0.368,1.470214392994025e-35
INTS9,8.180230077313908e-40,0.20620623959185713,0.594,0.335,1.4793946094822202e-35
RCHY1,8.18304373505679e-40,0.2963930546655671,0.598,0.351,1.4799034594850202e-35
SOX13,8.718311524881853e-40,0.4078330190341939,0.294,0.13,1.576706639274883e-35
ATP6V1C1,8.786473367341743e-40,0.30847585113813825,0.519,0.285,1.5890337084837543e-35
RNF216,8.890211332272794e-40,0.20444929743334184,0.454,0.23,1.6077947194415348e-35
CBFA2T2,9.48156701314815e-40,0.27195718431959665,0.905,0.659,1.714741394327843e-35
CMTR2,9.489693271026256e-40,0.22633232104447876,0.63,0.367,1.7162110280650983e-35
ZBTB9,9.797070841695825e-40,0.2272857348153816,0.341,0.159,1.7718002617206899e-35
OXLD1,9.92788182156027e-40,0.2361327858122801,0.735,0.455,1.795457427429175e-35
ARMC1,1.003913797960258e-39,0.26327852661834794,0.599,0.342,1.8155781036111266e-35
HMGB3,1.0202865905839735e-39,0.3546993707457602,0.41,0.208,1.8451882990711162e-35
SLX4IP,1.0248041251043143e-39,0.2157339534647087,0.572,0.319,1.8533582602511524e-35
ALG3,1.0259832278448954e-39,0.30494374633293986,0.69,0.428,1.8554906675574934e-35
ATXN2,1.0308508959012329e-39,0.2756783189358813,0.87,0.627,1.8642938452373798e-35
PAN2,1.0480982413532552e-39,0.24828784379587515,0.841,0.561,1.895485669487362e-35
FBXL20,1.088601136744616e-39,0.24572926980635623,0.49,0.262,1.968735155802638e-35
AASS,1.1490836795993095e-39,0.3295694438401644,0.289,0.126,2.078117834555351e-35
C21orf91,1.1770576516901631e-39,0.37824037449217984,0.316,0.145,2.12870876308166e-35
ZWINT,1.2103261324894524e-39,0.33079784422038283,0.777,0.524,2.1888748106071747e-35
NFYA,1.2222846674074393e-39,0.217592416972739,0.564,0.315,2.210501821006354e-35
TMEM260,1.2425881351464917e-39,0.24133772391910124,0.654,0.39,2.2472206424124303e-35
PEX6,1.2588235076882374e-39,0.3104296531915909,0.536,0.301,2.2765823136541774e-35
NDRG3,1.3428158389273883e-39,0.24119609330565472,0.616,0.352,2.428482444700182e-35
GLRX2,1.4575148652272677e-39,0.3151626436189261,0.387,0.193,2.635915633763514e-35
POLH,1.5377882055089738e-39,0.2184091017700287,0.606,0.346,2.781089969662979e-35
TNFSF15,1.6179700099684785e-39,0.28562735150891805,0.409,0.205,2.9260987630279935e-35
PRDX5,1.639873473305713e-39,0.3279143387937411,0.955,0.792,2.965711176473382e-35
DYNLRB1,1.6439632035042445e-39,0.31495402434444075,0.858,0.628,2.973107453537426e-35
NSD2,1.6829408048382264e-39,0.2444105588091129,0.7,0.423,3.0435984455499324e-35
BIRC2,1.6838358603791655e-39,0.24218291908880607,0.483,0.255,3.045217153495721e-35
STRN,1.687677965247454e-39,0.28537480214429206,0.781,0.5,3.052165600150021e-35
C19orf57,1.7970182754877756e-39,0.26082101728005824,0.312,0.141,3.249907551219642e-35
LRCH1,1.8403769587271188e-39,0.20568726300991147,0.669,0.397,3.3283217298579944e-35
YTHDF2,1.858241299945918e-39,0.2513947145242631,0.811,0.529,3.3606293909521925e-35
MAGED1,1.8591682208451814e-39,0.31412200865828316,0.748,0.491,3.3623057273985103e-35
BRD3,1.9095664921118535e-39,0.22368629764556025,0.751,0.476,3.453451000984287e-35
L3MBTL3,2.08343639435255e-39,0.21961372797866563,0.403,0.204,3.767894719186587e-35
ACBD6,2.12104913464365e-39,0.2891893330059974,0.821,0.538,3.835917360003041e-35
NOP10,2.2609444494319983e-39,0.2812692855535779,0.485,0.26,4.0889180367977686e-35
ZNF71,2.312916506474062e-39,0.3888833463859944,0.265,0.111,4.1829095019583415e-35
QSER1,2.335315456244391e-39,0.2390272899308623,0.479,0.255,4.2234180026179814e-35
CIAO1,2.3679582786475837e-39,0.31007950057505757,0.735,0.478,4.282452546934155e-35
ZNF214,2.4572179955739456e-39,0.45965068577514456,0.226,0.086,4.4438787449954806e-35
MIB1,2.5263606612097546e-39,0.3155793466339639,0.665,0.4,4.568923255797841e-35
ACADSB,2.6105912187212934e-39,0.26693456424053164,0.59,0.338,4.7212542190574593e-35
C2,2.6579546797701432e-39,0.2024286899617458,0.49,0.267,4.806911038364304e-35
NSA2,2.7252926358158667e-39,0.21321087610235334,0.945,0.752,4.928691731872995e-35
TMED10,2.727582524201721e-39,0.3865715819161122,0.519,0.296,4.932832995018813e-35
NIF3L1,2.7381644720941442e-39,0.2817128112704266,0.6,0.346,4.95197044778226e-35
HACL1,2.7502918947966148e-39,0.33975556781952454,0.278,0.119,4.973902891739678e-35
GRB10,2.7584792386410685e-39,0.24823119864111298,0.41,0.209,4.988709703082373e-35
C17orf80,2.7653976265290198e-39,0.27352255049903373,0.373,0.18,5.001221607577733e-35
KIF1BP,2.7758747919095924e-39,0.24788127316576825,0.297,0.132,5.020169561168498e-35
BTG2,2.7832873704738214e-39,0.23132342414265294,0.964,0.767,5.033575209501906e-35
ERCC3,2.9081517816310195e-39,0.22816677103320648,0.727,0.438,5.259392497079698e-35
TTI2,2.959427507839422e-39,0.31225495307925,0.406,0.205,5.352124647927595e-35
DNAJC24,2.984577198595612e-39,0.30483664273058153,0.381,0.187,5.397607863660165e-35
PSMD2,3.012962108360223e-39,0.3387750331887338,0.476,0.256,5.448941972969464e-35
CFAP20,3.021932882361353e-39,0.26476853163732494,0.578,0.331,5.465165617750506e-35
XRCC3,3.193913610837502e-39,0.21238594186849924,0.455,0.235,5.776192765199623e-35
ACTR6,3.209022718809437e-39,0.35010873461029623,0.295,0.13,5.803517586966866e-35
MSH2,3.214186543305233e-39,0.26684878020082964,0.738,0.461,5.812856363567514e-35
SNAPC4,3.349334792727412e-39,0.23182130910354737,0.703,0.429,6.057271972647525e-35
VPS39,3.4908940426007385e-39,0.24889729029985713,0.768,0.484,6.313281876043435e-35
VMA21,3.585022416066476e-39,0.23208591714947402,0.659,0.398,6.483513039456222e-35
SVIP,3.6726014840450024e-39,0.6921995922972592,0.184,0.061,6.641899783895387e-35
EXO1,3.777959444450537e-39,0.3332271264366349,0.371,0.184,6.832439655288796e-35
KRI1,3.778451703307506e-39,0.23667309761827898,0.766,0.483,6.833329905431624e-35
CYP2U1,3.972946656658919e-39,0.36101148227056834,0.296,0.131,7.185074028567655e-35
CFL2,4.0408134951855936e-39,0.33297026185903666,0.338,0.159,7.307811206043146e-35
EXOC4,4.08691631456718e-39,0.30308654319273165,0.903,0.671,7.391188154894745e-35
SMS,4.0887058800200946e-39,0.2829136976901677,0.812,0.552,7.394424584016342e-35
POM121C,4.1114043506788906e-39,0.2044436778421117,0.316,0.144,7.435474768202773e-35
MID1IP1,4.124696835934776e-39,0.26872832207646546,0.652,0.391,7.459514227788043e-35
TSEN15,4.262287385317473e-39,0.48195569556092854,0.19,0.065,7.708346736346649e-35
SLC35B2,4.3895150194035794e-39,0.26450447768779645,0.733,0.468,7.938437912591374e-35
ARRDC4,4.462483742566228e-39,0.241960691750163,0.716,0.445,8.070401848431024e-35
CLPX,4.525822720309681e-39,0.30894925082011726,0.71,0.445,8.184950389680058e-35
CCN3,4.622598984611525e-39,0.49683403593214637,0.203,0.072,8.359970263669944e-35
MSH3,4.784380935598368e-39,0.24857424457824928,0.657,0.391,8.652552922029648e-35
KBTBD3,4.8675825673459555e-39,0.29732190785172063,0.299,0.133,8.803023073045161e-35
SNRNP35,4.881336284196886e-39,0.21695551118422873,0.69,0.414,8.827896669970068e-35
PGAM5,5.009567520736859e-39,0.207517866859105,0.633,0.375,9.05980286125261e-35
H1F0,5.1222725615914016e-39,0.2551735520554904,0.921,0.729,9.26362992763805e-35
PPP2R5E,5.2739266260286335e-39,0.278379446874991,0.741,0.472,9.537896303172783e-35
UBQLN1,5.371323675216725e-39,0.22798493823244703,0.475,0.255,9.714038866629447e-35
SGSM2,5.5522254217757325e-39,0.2229849883013693,0.773,0.483,1.0041199675281413e-34
FYTTD1,5.682420357708939e-39,0.24085571110323145,0.67,0.403,1.0276657216916617e-34
KPNB1,5.706217432325377e-39,0.33280319146204335,0.8,0.535,1.0319694226360443e-34
LEF1,5.905834700816854e-39,0.4203475371248748,0.23,0.089,1.068070205642728e-34
AMER1,6.004860713402164e-39,0.3759805845991777,0.319,0.146,1.0859790600187813e-34
TDRD5,6.081279121065793e-39,0.22476282265292147,0.284,0.121,1.0997993290447487e-34
RARS,6.302376096862343e-39,0.27903746228722315,0.906,0.681,1.1397847171175547e-34
GTPBP1,6.501399367107428e-39,0.2589677277389211,0.736,0.474,1.1757780755413783e-34
CFAP73,6.969367206528932e-39,0.43845847917098,0.173,0.054,1.2604100593007573e-34
ZNF451,7.005616789743946e-39,0.25430600800966197,0.403,0.203,1.2669657964251925e-34
ASCC1,7.191406665644834e-39,0.24187086913152012,0.535,0.298,1.300565895481868e-34
MYBL2,7.435732037875707e-39,0.3523314309474394,0.633,0.396,1.3447521390498217e-34
CD99L2,7.647447963014365e-39,0.2846369087411258,0.408,0.207,1.383040964111148e-34
CPNE7,7.664942215500182e-39,0.30265729733407287,0.532,0.293,1.386204799673208e-34
MCUB,7.687367848231541e-39,0.5533663947539904,0.242,0.097,1.3902604753526742e-34
CENPN,7.947376959629855e-39,0.297734193817599,0.509,0.286,1.4372831231490594e-34
CDC16,8.048535193763363e-39,0.2936303484501248,0.939,0.735,1.4555775897921042e-34
AGO2,8.368802013166856e-39,0.2634643598980015,0.792,0.512,1.5134978440812258e-34
HMMR,8.54339897358858e-39,0.34066016360376616,0.667,0.441,1.5450737043734947e-34
RBBP4,8.760527997089486e-39,0.896839850209501,0.155,0.045,1.5843414882736336e-34
ZNF18,8.820109370327715e-39,0.2382832791106675,0.374,0.181,1.5951167796237672e-34
MED23,9.00807236286185e-39,0.2733844102111246,0.861,0.596,1.6291098868235656e-34
ZDHHC9,9.130457959723645e-39,0.23463190634599318,0.749,0.483,1.6512433220160212e-34
LCLAT1,9.230810095235273e-39,0.20323135309875595,0.609,0.349,1.669392005723299e-34
ATMIN,9.468509335725844e-39,0.3647100379971451,0.335,0.158,1.712379913366019e-34
PSMC3IP,9.894065340774197e-39,0.22159995378405695,0.341,0.162,1.7893417168790135e-34
SMARCD1,9.971891799679161e-39,0.24428782440081742,0.682,0.418,1.8034166319719762e-34
VPS41,1.0007253834062656e-38,0.3024365469569191,0.809,0.538,1.8098118558902313e-34
GON4L,1.0189108655098247e-38,0.24965001967924416,0.7,0.43,1.8427003002745181e-34
KCMF1,1.0616134893364057e-38,0.3130504526548923,0.776,0.511,1.9199279954648897e-34
ABRAXAS2,1.0681033194090391e-38,0.250799451475485,0.433,0.222,1.931664853151247e-34
RRAGA,1.1013671144447373e-38,0.25313319524954636,0.581,0.34,1.9918224264733073e-34
METTL4,1.2273864215883127e-38,0.22276371388828098,0.528,0.294,2.2197283434424634e-34
CLPTM1,1.264224072404623e-38,0.3146193072111634,0.767,0.515,2.2863492349437604e-34
RIN2,1.2740892562983657e-38,0.26939597874488164,0.654,0.404,2.3041904200155942e-34
MTR,1.2862669276576767e-38,0.23393115438365986,0.72,0.444,2.3262137386689083e-34
SINHCAF,1.2888336438238306e-38,0.43558845424041603,0.248,0.102,2.3308556448553977e-34
PSMF1,1.3065326701756224e-38,0.31614727003359555,0.893,0.68,2.362864334012613e-34
FAM160B1,1.309511544493572e-38,0.2345502691208594,0.505,0.276,2.3682516282166247e-34
AMMECR1,1.310386963791102e-38,0.2588552029643254,0.404,0.203,2.369834824016208e-34
SUGP1,1.3499905393578024e-38,0.22944234214035353,0.428,0.221,2.4414578904285856e-34
CADM4,1.3585642190898907e-38,0.2914222124758772,0.209,0.076,2.4569633902240674e-34
NBDY,1.4196625011672687e-38,0.36835248852141866,0.25,0.101,2.5674596333610056e-34
USP31,1.4243028775774377e-38,0.23006614536385284,0.342,0.162,2.575851754098796e-34
GTPBP6,1.4297214191271122e-38,0.24366582179762497,0.95,0.744,2.5856511864913826e-34
SGK3,1.445722295450521e-38,0.25611330821492234,0.73,0.452,2.614588771322267e-34
PPP1R11,1.4555061972948133e-38,0.30573533308076606,0.668,0.41,2.6322829578076697e-34
KDM3B,1.4579196067837381e-38,0.30839738948646706,0.916,0.677,2.6366476088683903e-34
AUNIP,1.4589740521600405e-38,0.5153496828003443,0.191,0.066,2.6385545733314334e-34
ZNF117,1.5369151840887215e-38,0.3146839806088326,0.46,0.248,2.7795111104244527e-34
ERMARD,1.5521322848763582e-38,0.2745462973504794,0.664,0.403,2.8070312371988936e-34
TMEM17,1.6082977275515922e-38,0.5718870300489636,0.17,0.053,2.9086064402770546e-34
DCAF10,1.6239085147473375e-38,0.24459594791036188,0.669,0.406,2.93683854892056e-34
RBM14,1.6243050102379096e-38,0.26829045787135164,0.888,0.639,2.9375556110152594e-34
EIF4EBP3,1.6353078047374736e-38,0.2108902779259545,0.54,0.299,2.957454164867721e-34
PRKCG,1.6959396260529794e-38,0.5011572861885787,0.134,0.033,3.0671068137168133e-34
GDF10,1.7146199643881535e-38,0.5327004689753183,0.181,0.06,3.1008902055959758e-34
GIN1,1.761263078648831e-38,0.3227129101420658,0.286,0.125,3.185244277736411e-34
POM121,1.7814489699789926e-38,0.2419074765841034,0.496,0.27,3.221750462207008e-34
ALMS1,1.787208012035189e-38,0.24521451974596853,0.575,0.328,3.232165689765639e-34
C2CD4D,1.8297626924517776e-38,0.2744418450078667,0.247,0.1,3.30912582929904e-34
RFC2,1.8499127983405842e-38,0.2900430871688988,0.568,0.33,3.3455672957989467e-34
TBCE,1.8564225429409863e-38,0.28583884364849754,0.424,0.219,3.357340168908774e-34
ARIH2,1.8583393602810007e-38,0.26332750739076916,0.769,0.503,3.3608067330681896e-34
KIF3A,1.859787374415565e-38,0.2010794366636386,0.423,0.218,3.3634254666305496e-34
WDPCP,1.8994985097173682e-38,0.27975483071745266,0.279,0.12,3.43524305482386e-34
SDAD1,1.9216992317049907e-38,0.5674468114272289,0.262,0.112,3.4753930605384757e-34
FLNA,1.92347631530478e-38,0.2572655665272623,0.473,0.257,3.478606916228695e-34
VTA1,1.980963019979874e-38,0.25197437410238943,0.532,0.298,3.582571621633602e-34
UQCC1,1.9920830348043896e-38,0.2652624368388918,0.775,0.499,3.6026821684437387e-34
YEATS2,2.0068659303575633e-38,0.2217645146463172,0.506,0.276,3.6294170350516534e-34
CHST5,2.054992804425113e-38,0.4520829305685788,0.619,0.407,3.7164544868028165e-34
BMT2,2.0896574494479696e-38,0.3814110788038225,0.294,0.132,3.7791454973266533e-34
EIF4E,2.1117741763618493e-38,0.27463125195789495,0.732,0.462,3.8191435979504046e-34
RNF208,2.1317283022310842e-38,0.22545323982682985,0.32,0.147,3.855230634584916e-34
OLFML3,2.1379928107605003e-38,0.6871919572949334,0.164,0.05,3.866559998260365e-34
FARS2,2.151023476562612e-38,0.29936622969436133,0.306,0.139,3.890125957363484e-34
RDH10,2.2132448235335442e-38,0.28808920495427137,0.638,0.38,4.0026532633604145e-34
UBOX5,2.301733354890054e-38,0.20641236465230461,0.404,0.204,4.162684772318663e-34
ARHGAP1,2.366912865097921e-38,0.268627924187374,0.741,0.483,4.28056191652959e-34
DDX28,2.417887914641296e-38,0.22237154665591286,0.348,0.166,4.372750293628784e-34
DNAJC10,2.50852759482622e-38,0.29078325046531783,0.661,0.397,4.5366721552432185e-34
ADCK5,2.557598620452694e-38,0.22838508748120856,0.724,0.448,4.625417105088697e-34
FANCC,2.567176750461811e-38,0.28357931383043855,0.473,0.255,4.642739153210185e-34
ATXN7L1,2.6989270905887193e-38,0.27228204481873197,0.866,0.615,4.881009643329699e-34
RNF13,2.710788623751825e-38,0.26387481658765743,0.503,0.275,4.902461226055175e-34
PUDP,2.7397362280603984e-38,0.5131925710357805,0.22,0.083,4.9548129684472305e-34
DCBLD1,2.869387766232135e-38,0.2737708148999438,0.602,0.352,5.189287775230816e-34
THUMPD1,2.8820252715172493e-38,0.3085560344587302,0.738,0.47,5.212142703538945e-34
KLHL28,2.890513343076126e-38,0.26052905986622354,0.499,0.272,5.227493380953173e-34
RILPL2,2.9923491651563894e-38,0.2518005984333085,0.333,0.156,5.41166346518533e-34
RNF212,3.091601954120098e-38,0.49247663004888853,0.178,0.058,5.591162134026197e-34
BARD1,3.2414270154422247e-38,0.22152131371385098,0.318,0.147,5.862120757427264e-34
TENT2,3.475107167606794e-38,0.2945622826504038,0.809,0.534,6.284731312616887e-34
KIF20B,3.525277873687091e-38,0.2669524197824296,0.7,0.438,6.375465034563104e-34
TBCE.1,3.5458219836024023e-38,0.2515022844754391,0.368,0.181,6.412619057344944e-34
RHOT1,3.5781357291189257e-38,0.25336168205713877,0.777,0.5,6.471058466111577e-34
MEA1,3.6777033387134483e-38,0.2818260913920996,0.703,0.438,6.651126488063271e-34
PLCH1,3.7458118546317216e-38,0.2164762832770366,0.482,0.258,6.774300739101469e-34
FKBP15,3.863255906115156e-38,0.22043379350628012,0.575,0.331,6.986698306209259e-34
MDM2,4.0051053681778743e-38,0.27782513272680237,0.837,0.583,7.2432330583496854e-34
EYS,4.0603834389270244e-38,0.5349076079456991,0.173,0.055,7.3432034492995235e-34
HOMEZ,4.1624167020819113e-38,0.2688432708600792,0.439,0.23,7.527730605715136e-34
COPS3,4.2389112276776873e-38,0.2081797118914866,0.759,0.475,7.666070955255097e-34
SF3B5,4.572316603675665e-38,0.2928682231958002,0.919,0.718,8.26903457774744e-34
CENPK,4.6410344055809144e-38,0.43095409476265667,0.299,0.137,8.393310722493083e-34
PIGS,5.007117258493575e-38,0.33040795564456915,0.485,0.271,9.05537156198563e-34
PMPCB,5.035759380338284e-38,0.3110304017075265,0.984,0.86,9.107170839341787e-34
LZTS3,5.225092217878214e-38,0.22359091092676975,0.556,0.314,9.44957927603275e-34
TADA2A,5.280140576169533e-38,0.25054039889985225,0.607,0.357,9.5491342320026e-34
TRIM62,5.285285160494243e-38,0.6695244678038743,0.172,0.055,9.558438212753839e-34
SELENOM,5.543304562298574e-38,0.21832932353341716,0.502,0.274,1.0025066300916972e-33
PIK3C3,5.55292159085829e-38,0.2739527604971297,0.496,0.271,1.0042458697067216e-33
GUF1,5.658265596644645e-38,0.20621343845004203,0.732,0.455,1.0232973331531841e-33
CMPK1,5.970121475684439e-38,0.28741470615568643,0.962,0.814,1.0796964688775308e-33
OTUD5,5.974831461449943e-38,0.26471285505817044,0.723,0.444,1.0805482698032222e-33
XPOT,6.147134799578477e-38,0.23099324622419815,0.45,0.239,1.1117093285037676e-33
RNF32,6.322587143328439e-38,0.8036276009687371,0.17,0.055,1.1434398848709483e-33
PROCA1,6.448259943939373e-38,0.33086993764258743,0.212,0.079,1.1661678108614357e-33
DAPK2,6.482562228174902e-38,0.2530083442060609,0.894,0.659,1.172371378965431e-33
ANG,6.485171591444037e-38,0.219347314035933,0.733,0.461,1.172843282312654e-33
PIF1,6.559882373698921e-38,0.3056828120436137,0.379,0.191,1.1863547272834498e-33
C2orf49,7.141505100253801e-38,0.23969857039081321,0.667,0.403,1.2915411973808999e-33
MTMR1,7.222762719651386e-38,0.2102216060295662,0.636,0.373,1.3062366378489532e-33
BCL2L10,7.80396649819208e-38,0.4005640858300552,0.177,0.058,1.4113473411980378e-33
SEC16B,7.894679283322803e-38,0.23580131903392185,0.832,0.558,1.4277527483889289e-33
RBM38,7.984391552122961e-38,0.21971566869668635,0.304,0.138,1.4439772122014375e-33
SFPQ,8.042892443216253e-38,0.27899522158967277,0.875,0.638,1.4545570983556595e-33
TXNDC15,8.256847513931128e-38,0.2474570375987033,0.643,0.38,1.4932508728944446e-33
TWISTNB,8.295485059182552e-38,0.2625742287349089,0.47,0.252,1.5002384729531645e-33
KNTC1,8.873773392126234e-38,0.26730731521211926,0.565,0.332,1.6048219179660294e-33
TMEM126A,8.969351361701287e-38,0.20785513784030618,0.477,0.254,1.622107193763678e-33
CSKMT,9.371442775243753e-38,0.2957576642882347,0.301,0.137,1.6948254259028328e-33
TBL1XR1,9.541045722724047e-38,0.3062798725683713,0.903,0.69,1.7254981189546438e-33
RWDD4,9.741587150525186e-38,0.22243433578080873,0.396,0.199,1.7617660361724798e-33
SLC25A46,9.931653714754514e-38,0.2426688947180642,0.486,0.262,1.7961395743133538e-33
PICK1,1.010635356651517e-37,0.22708036837334894,0.786,0.501,1.8277340425042685e-33
ZNF480,1.0170426040772759e-37,0.4098565543521526,0.295,0.133,1.8393215494737534e-33
SEC61B,1.0243471278628164e-37,0.3371063213008574,0.517,0.297,1.8525317807399034e-33
CHCHD4,1.0263226426902189e-37,0.4519535679053792,0.257,0.107,1.856104499305261e-33
NELFB,1.0493238984078127e-37,0.26426574403886494,0.723,0.459,1.8977022702705295e-33
FAM189B,1.0909094803066218e-37,0.21074382825026694,0.331,0.156,1.9729097951345257e-33
HEMK1,1.1241727033174766e-37,0.23711862800847827,0.736,0.457,2.0330663339496563e-33
PRPSAP2,1.1430473441998099e-37,0.2299546455431849,0.441,0.23,2.067201121985356e-33
TERF2,1.152894005429696e-37,0.2644345574187328,0.725,0.457,2.0850088088196052e-33
DNAJC8,1.1606985933063203e-37,0.25111275843031833,0.655,0.4,2.0991234059944802e-33
TTC9,1.1708584350139446e-37,0.4548224710450879,0.223,0.087,2.117497479722719e-33
GOLGA8B,1.2011987481848863e-37,0.2590245856713196,0.336,0.161,2.172367936092367e-33
POLR2B,1.2058877852894186e-37,0.2833014097474134,0.86,0.597,2.1808480596959136e-33
ZNF740,1.2263226907992429e-37,0.2181851935135237,0.797,0.516,2.217804586310431e-33
PWP1,1.2677592445290189e-37,0.24423184833109723,0.819,0.533,2.2927425937307307e-33
CTR9,1.2709490552285458e-37,0.2205426204409776,0.688,0.423,2.2985113663808253e-33
SMCO4,1.2762265673827602e-37,0.23389309393529745,0.657,0.392,2.308055747111722e-33
RC3H2,1.2954929698900394e-37,0.24266741491822247,0.758,0.49,2.3428990360461364e-33
DCBLD2,1.3042242836825562e-37,0.20609167249696503,0.363,0.175,2.358689617039903e-33
SHISA9,1.3143797353577663e-37,0.794409770702738,0.183,0.063,2.3770557513945205e-33
ELK3,1.3152250970270962e-37,0.21062079780710663,0.299,0.134,2.3785845879735035e-33
DMC1,1.3159659913724652e-37,0.9600604126085335,0.161,0.05,2.3799244953971034e-33
APOD,1.347524002496585e-37,0.6856683050530634,0.192,0.069,2.4369971585150743e-33
SNX13,1.365924896059063e-37,0.2949284342117346,0.741,0.465,2.4702751745228153e-33
RAPGEF2,1.419836612298952e-37,0.2606706797411035,0.69,0.423,2.567774513342655e-33
CNOT1,1.4574980613066845e-37,0.3147788383150948,0.707,0.448,2.635885243873139e-33
IFI44,1.5564152584554314e-37,0.28084290869733364,0.365,0.179,2.8147769949166476e-33
NEURL1,1.582142416268334e-37,0.20144554450960434,0.657,0.403,2.861304559821282e-33
CCNJ,1.6521235049604448e-37,0.52384339183922,0.202,0.074,2.9878653587209644e-33
ZNF112,1.6728441751208106e-37,0.37546398576739914,0.238,0.096,3.025338690705986e-33
PDPK1,1.7013217087595399e-37,0.2958477013531182,0.449,0.238,3.076840310291628e-33
YAE1,1.7235363564709767e-37,0.26776405021447314,0.595,0.347,3.117015500677761e-33
LANCL2,1.7346636704609286e-37,0.27242082424768266,0.6,0.354,3.1371392480285894e-33
USP14,1.9456399392316356e-37,0.2618098074434917,0.773,0.516,3.518689830100413e-33
XRCC2,2.1015731889800776e-37,0.3469039957579052,0.317,0.15,3.80069511227047e-33
DEPDC1,2.103046207665626e-37,0.4421963752769793,0.215,0.082,3.803359066563285e-33
CFAP70,2.1088510887342547e-37,0.42791330515317494,0.207,0.077,3.8138571939758994e-33
PCIF1,2.1519621507262145e-37,0.2395921821910556,0.745,0.468,3.891823549588359e-33
PSMD6,2.2259802552662267e-37,0.30461270623112585,0.752,0.495,4.025685291648971e-33
CCT3,2.2389649791447745e-37,0.27986450448376676,0.762,0.504,4.0491681647833245e-33
THAP6,2.3303784579602213e-37,0.20718405980683463,0.524,0.286,4.2144894412210605e-33
SPATS2,2.3395926342682536e-37,0.23265857201305795,0.635,0.379,4.231153279074136e-33
NXT2,2.3856197769243955e-37,0.2587057617552202,0.3,0.135,4.314393366567769e-33
SGTA,2.4196732511784576e-37,0.24528985033974626,0.671,0.406,4.3759790747562404e-33
MARCH3,2.4242094794284365e-37,0.22749884550144017,0.49,0.27,4.384182843546327e-33
YIPF4,2.4854557546474775e-37,0.27109881636850386,0.839,0.573,4.494946732279963e-33
SLC66A3,2.5369210062217085e-37,0.31966399167352,0.359,0.176,4.5880216397519596e-33
THRAP3,2.5425688265344748e-37,0.2541749904418463,0.896,0.667,4.598235722787598e-33
ZNF165,2.578283614418327e-37,0.3302866909700275,0.335,0.159,4.662825916675545e-33
GALNT10,2.6021610604463043e-37,0.27436833920417114,0.928,0.717,4.7060082778171415e-33
ADPRHL1,2.619050938540479e-37,0.3828935388636503,0.214,0.081,4.736553622350456e-33
TRUB2,2.640603701676611e-37,0.22911914217343599,0.693,0.42,4.775531794482151e-33
LHFPL6,2.6733892459646915e-37,0.35703832222347787,0.294,0.134,4.8348244513271445e-33
OGFR,3.0471278459604124e-37,0.20330645572946593,0.677,0.413,5.510730709419406e-33
CDKN2C,3.4251300210569994e-37,0.3205903823535161,0.406,0.213,6.194347643081584e-33
EMC9,3.4589398044102564e-37,0.21904559727660144,0.656,0.396,6.255492636275949e-33
PARS2,3.5018474204740273e-37,0.26212346002390863,0.324,0.151,6.333091059927278e-33
PEX3,3.5444354131461014e-37,0.22358390794013405,0.426,0.224,6.410111444674725e-33
PCGF2,3.644889919619291e-37,0.2068317536644435,0.615,0.367,6.591783419631488e-33
LRRC23,3.6459569933122755e-37,0.6103231505385507,0.172,0.057,6.593713222405251e-33
PPA2,3.6682894766638507e-37,0.24552891620692352,0.801,0.533,6.634101518546574e-33
CNPY3,3.6766676403187806e-37,0.21630063793995163,0.821,0.551,6.649253427516514e-33
SETD7,3.6963395842775877e-37,0.23884261056492928,0.55,0.308,6.684830138166017e-33
GOLGA1,3.812755183874109e-37,0.23716776476398915,0.617,0.367,6.895367750036326e-33
COPS7A,3.911222941596398e-37,0.22349960600589458,0.721,0.447,7.073446689877086e-33
CSDE1,3.911514721419416e-37,0.25460107093779205,0.948,0.767,7.073974373687014e-33
GIT1,3.991600998360951e-37,0.2162013086755587,0.753,0.469,7.218810405535779e-33
ZC3H18,4.112327749413756e-37,0.21207705885824824,0.655,0.398,7.437144734814778e-33
FCHO2,4.206657879973757e-37,0.2792806972782247,0.465,0.25,7.607740775932539e-33
TTC19,4.247722937017651e-37,0.2950277720493784,0.863,0.608,7.682006931596422e-33
TSPAN9,4.293890852209953e-37,0.2515526263606951,0.302,0.138,7.7655016062217e-33
ARL13B,4.35955218038001e-37,0.3043211038677609,0.229,0.09,7.884250118217249e-33
VAMP2,4.447456082688172e-37,0.2447915633223542,0.687,0.425,8.043224325541559e-33
TMEM135,4.447976910927682e-37,0.2538616910207252,0.388,0.197,8.044166243412714e-33
SIMC1,4.585186418191855e-37,0.2058576902069298,0.628,0.367,8.29230963729997e-33
PHACTR4,4.740289347260287e-37,0.25588218325311585,0.694,0.43,8.57281328452023e-33
FBP1,4.790273147215902e-37,0.2699428369773899,0.898,0.66,8.663208986739959e-33
DMRTA2,4.93351780174134e-37,0.346203978861348,0.171,0.055,8.922266944449214e-33
CEP41,5.075261684673414e-37,0.3551009277238588,0.256,0.109,9.178610756731869e-33
ATXN10,5.178371325934355e-37,0.2018521903430721,0.699,0.428,9.365084542952281e-33
RPAP1,5.290191684896802e-37,0.20284474045986078,0.619,0.365,9.567311662135867e-33
SMU1,5.46493521894805e-37,0.2420885763636642,0.415,0.217,9.883335343467549e-33
DDX1,5.580877042682619e-37,0.2817762429404247,0.783,0.525,1.0093016131691516e-32
ZNF16,5.911521049091148e-37,0.24997040477213783,0.377,0.187,1.0690985817281342e-32
MED1,5.961385495072027e-37,0.2734144593750075,0.722,0.459,1.0781165667837762e-32
SCARB1,6.057444878019001e-37,0.20633458876183108,0.562,0.32,1.0954889061897364e-32
DDX41,6.086254603921175e-37,0.21912497271303555,0.47,0.252,1.1006991451191445e-32
RAD54L,6.187196734400056e-37,0.28442291161981936,0.357,0.176,1.1189545294162502e-32
NAALADL2,6.213185765473662e-37,0.24785653609470554,0.868,0.589,1.1236546456859117e-32
DDB1,6.267445285712168e-37,0.26902362168358707,0.868,0.62,1.1334674799210456e-32
TIMM50,6.304940693424595e-37,0.2348582352524914,0.752,0.486,1.140248524405838e-32
TMEM109,6.538626232555249e-37,0.21645462859901377,0.647,0.39,1.1825105541576167e-32
SEM1,6.623281711487684e-37,0.2175385485527691,0.917,0.697,1.1978204975225477e-32
SNUPN,7.114048719926281e-37,0.2123327015062908,0.614,0.357,1.2865757109986678e-32
RBM23,7.1983315462402e-37,0.24549090492126352,0.752,0.486,1.3018182601375403e-32
PEX14,7.250206110164947e-37,0.3302237076182899,0.241,0.1,1.3111997750233306e-32
CUL1,7.290123703370004e-37,0.2708949612560308,0.768,0.502,1.3184188717544653e-32
HAAO,7.4094448530741244e-37,0.22813314464277368,0.62,0.385,1.3399981016784555e-32
SLC35B3,7.5094612997836145e-37,0.21659023593057103,0.674,0.413,1.3580860760658666e-32
SPG21,7.810752138361489e-37,0.28481903242660234,0.88,0.642,1.4125745242226753e-32
ZNF714,8.233884769630722e-37,0.230396685531713,0.347,0.17,1.489098060587716e-32
SP2,8.236957513109998e-37,0.2288636591485167,0.446,0.236,1.489653766245943e-32
SF3B2,8.261986053509456e-37,0.2874614106222855,0.738,0.481,1.494180177777185e-32
C2CD3,8.422634799940917e-37,0.20039823491330644,0.488,0.265,1.5232335035693147e-32
NUCB2,8.470464622064032e-37,0.27209545573591987,0.548,0.317,1.5318835269002804e-32
GTPBP10,8.571640787383002e-37,0.31512272801590985,0.839,0.568,1.550181236398216e-32
MYO5C,8.609446176284755e-37,0.2152025113790388,0.804,0.536,1.557018340981098e-32
LCMT2,8.642827102943765e-37,0.2384204979037916,0.307,0.142,1.56305528156738e-32
PUF60,8.874024055520108e-37,0.28423077683235876,0.83,0.57,1.6048672504408116e-32
PCDHGB6,8.93041250186697e-37,0.4244357711001827,0.196,0.071,1.6150651009626416e-32
CCDC117,9.308494465457358e-37,0.255079721975612,0.313,0.146,1.6834412240779633e-32
CCDC122,9.818647329673653e-37,0.3081164625235111,0.334,0.161,1.7757023695714802e-32
MGAM2,1.0460793197316314e-36,0.2056964726749455,0.364,0.181,1.8918344497346552e-32
OTUB2,1.0551833508081859e-36,0.4991339231836176,0.182,0.063,1.908299089936604e-32
USP5,1.0893160854816291e-36,0.22284268837494303,0.661,0.395,1.9700281405935262e-32
SF3B1,1.1012558335179418e-36,0.2809320540041785,0.856,0.604,1.9916211749171978e-32
DCTD,1.1358004471511878e-36,0.26861412926665335,0.853,0.606,2.054095108672923e-32
GINS4,1.1993908872962987e-36,0.30378723163334165,0.324,0.154,2.169098419675356e-32
AC093323.1,1.201969771552369e-36,0.2830146062328447,0.483,0.267,2.1737623318524593e-32
SIDT1,1.2509126510821619e-36,0.25020598959466744,0.603,0.358,2.2622755294820898e-32
ZADH2,1.3852891288476914e-36,0.2777296261146094,0.791,0.52,2.50529538952105e-32
ADAM22,1.385333948812196e-36,0.35579383451492363,0.244,0.101,2.505376446426856e-32
UPF3B,1.3903569257139006e-36,0.28577000936149544,0.397,0.203,2.5144605001535894e-32
PI4K2B,1.4422227946989443e-36,0.2875255042360222,0.701,0.439,2.608259924213041e-32
ME3,1.5317982079452915e-36,0.2681248482088584,0.888,0.64,2.7702570590690596e-32
NOP9,1.5757216262920298e-36,0.20746519872089242,0.61,0.357,2.8496925611491357e-32
CHCHD3,1.6126587002967677e-36,0.32274839048337944,0.616,0.374,2.916493259486704e-32
RAD23B,1.6383147476124562e-36,0.3130717813492172,0.66,0.412,2.962892221057127e-32
CHCHD5,1.707996083873733e-36,0.24722921958052568,0.729,0.479,3.088910917685646e-32
ARFIP1,1.7721792845070432e-36,0.28388018481322974,0.857,0.596,3.2049862360309876e-32
TUBG2,1.8092803351864427e-36,0.22815372839006187,0.333,0.159,3.2720834861846815e-32
HPF1,1.8419610565823185e-36,0.5261478550274981,0.212,0.081,3.331186570829123e-32
ZNF630,1.8822418887965868e-36,0.3433914982531676,0.314,0.15,3.4040344558886276e-32
PPP2R2A,1.908901455233017e-36,0.27141903387033467,0.741,0.478,3.452248281788911e-32
TAF6L,1.924860867279511e-36,0.3185174677681424,0.339,0.164,3.4811108784749957e-32
GLMP,2.086550925189826e-36,0.2026386407056513,0.503,0.278,3.7735273482058005e-32
CDC123,2.1547135776611754e-36,0.2263377953279625,0.87,0.6,3.8967995052002357e-32
TGFB3,2.2499162752477113e-36,0.69340863064257,0.152,0.046,4.068973583785486e-32
CETN3,2.31283124430805e-36,0.2627289943153519,0.395,0.203,4.1827553053311086e-32
ZRSR2,2.3169864930926583e-36,0.32051403633610853,0.285,0.128,4.1902700727580726e-32
COQ6,2.3316083759092127e-36,0.20069347234965784,0.298,0.135,4.216713747831811e-32
TMEM184C,2.3341533459413954e-36,0.2093131800240684,0.397,0.202,4.221316326135014e-32
MYCN,2.3627395239468583e-36,0.3159872127330643,0.227,0.091,4.273014429057893e-32
EIF4G1,2.3755907907090422e-36,0.2888284858009118,0.792,0.547,4.296255944997303e-32
RNF14,2.410647010849095e-36,0.26781147483246714,0.504,0.278,4.3596551191205886e-32
EI24,2.4248707468214974e-36,0.3154699359200312,0.824,0.599,4.385378745626678e-32
CDC45,2.4352282573177046e-36,0.28466499512727195,0.476,0.263,4.4041103033590687e-32
NUDC,2.4525342804089576e-36,0.2369671012333875,0.923,0.721,4.4354082461196e-32
TMEM106B,2.5972035821301543e-36,0.2696485836763306,0.876,0.637,4.697042678282384e-32
GTF2E2,2.623525081593897e-36,0.2481560783330765,0.651,0.396,4.744645110062562e-32
BORA,2.7651226618472434e-36,0.2434409488708993,0.548,0.319,5.000724333950739e-32
LIN54,2.8142453663281133e-36,0.21836572166595225,0.359,0.178,5.089562745004393e-32
CEP152,2.8554577442493618e-36,0.23763636938959132,0.426,0.223,5.164095330474971e-32
ITGA1,2.973641072203595e-36,0.2574225601684409,0.624,0.377,5.377829879080202e-32
ATG2B,3.0218082208706084e-36,0.20659637225879668,0.714,0.439,5.464940167444495e-32
ZNF639,3.080367594634403e-36,0.24812750124978034,0.493,0.274,5.570844794896318e-32
BANK1,3.104973320626189e-36,0.3693883702113743,0.179,0.061,5.615344250352463e-32
COMMD10,3.171536040547597e-36,0.23946222944299,0.396,0.203,5.73572292933033e-32
ZNF367,3.2192828302176064e-36,0.3160075588276703,0.331,0.161,5.822072998448541e-32
TRAPPC13,3.263891090416585e-36,0.2113712005917423,0.605,0.355,5.902747037018394e-32
MLLT1,3.2747656340007225e-36,0.22263153462418356,0.814,0.54,5.922413649090307e-32
AGTPBP1,3.45944320601315e-36,0.20539100845718927,0.663,0.397,6.256403038074782e-32
LIPA,3.464924268304848e-36,0.28856481663709743,0.609,0.368,6.266315539229318e-32
RNLS,3.486873875378974e-36,0.21585542011019765,0.386,0.195,6.306011403622875e-32
TTBK2,3.537532853067748e-36,0.24313647620307322,0.294,0.133,6.397628164773023e-32
MED30,3.555405924962051e-36,0.2008899538544422,0.446,0.238,6.42995161529387e-32
LUC7L2,3.574573333836715e-36,0.2640143756939226,0.984,0.852,6.464615874243699e-32
MAPKAPK3,3.6027013797119844e-36,0.251947910443468,0.719,0.45,6.515485445209124e-32
USP1,3.6696886880091786e-36,0.2678581677295951,0.831,0.573,6.6366319922646e-32
SLC16A13,3.7053474802268005e-36,0.22202921933696906,0.252,0.107,6.701120917990169e-32
TCEAL8,3.873474012108111e-36,0.2256635543750789,0.836,0.553,7.005177750897519e-32
NOL8,4.094153572455581e-36,0.21334276030772292,0.697,0.435,7.404276735785918e-32
LRRC8D,4.387063075838343e-36,0.21690441957507,0.549,0.314,7.934003572653643e-32
PLSCR2,4.4340407624624915e-36,0.28577387735312776,0.19,0.068,8.018962718913415e-32
DNAJC7,4.4839134211431356e-36,0.28449276826110337,0.817,0.566,8.109157422137361e-32
ERBB3,4.5482578264229656e-36,0.2748784734739719,0.919,0.722,8.225524279085933e-32
PKN3,4.555341692150751e-36,0.21977438809205352,0.401,0.208,8.238335450254633e-32
ATF4,4.836617590348205e-36,0.26109076509315005,0.841,0.593,8.747022912144728e-32
DAG1,4.837679010111865e-36,0.24570452058693223,0.844,0.601,8.748942489787307e-32
SMCR8,4.8457864743504165e-36,0.21631131418795735,0.577,0.334,8.763604838862728e-32
DNMT3B,4.9200337141408305e-36,0.5640868059773769,0.161,0.051,8.897880972023692e-32
FAM122C,4.9674911267143705e-36,0.22076036597960735,0.374,0.186,8.983707702662939e-32
TCFL5,5.071336978694848e-36,0.2223591973795056,0.381,0.192,9.171512925969633e-32
PAK2,5.101513404539904e-36,0.2046732346498601,0.578,0.34,9.226086992110416e-32
TSN,5.41593824983949e-36,0.23272808505713094,0.876,0.623,9.794724324834718e-32
ABLIM2,5.5199290202597646e-36,0.22428108664949264,0.462,0.255,9.982791633139785e-32
PHC3,5.6141376770922455e-36,0.24514250634492354,0.792,0.515,1.0153167989021325e-31
MPLKIP,5.823445647815695e-36,0.2235187051936598,0.749,0.475,1.0531701454074685e-31
SFT2D2,5.962350310026521e-36,0.2439661953475487,0.528,0.297,1.0782910535682962e-31
UBE2G1,6.361978628893524e-36,0.24728180154261503,0.605,0.357,1.1505638350353937e-31
ELMO2,6.385137792875495e-36,0.23901298138847338,0.483,0.265,1.1547521698415333e-31
ZNF106,6.393194668026543e-36,0.2166520171127433,0.709,0.44,1.1562092557126002e-31
SPAG5,6.484888733811592e-36,0.3038642176258497,0.628,0.397,1.1727921275098263e-31
PDE4B,6.536640053587459e-36,0.2925000341000894,0.258,0.111,1.1821513536912919e-31
SMAD7,6.58586726820127e-36,0.2851274942223283,0.883,0.67,1.1910540954541997e-31
PNO1,6.591548532093338e-36,0.25242575644006626,0.349,0.173,1.1920815520290802e-31
SDSL,6.961085947328128e-36,0.23393628969280345,0.488,0.273,1.258912393574292e-31
KSR2,7.525578072521807e-36,0.3237444127336029,0.24,0.1,1.3610007944155688e-31
TM9SF4,7.567830659171462e-36,0.2864607163204486,0.739,0.492,1.3686421747111589e-31
ODR4,7.655236585492223e-36,0.2384793786396564,0.66,0.4,1.3844495364862686e-31
MICALL1,7.831595129339446e-36,0.3731900319021211,0.245,0.103,1.4163439791410387e-31
ZNF276,8.026590744370885e-36,0.20366669985789354,0.727,0.454,1.4516089361194745e-31
RAB23,8.063715228888816e-36,0.2639641582338248,0.506,0.293,1.4583228991445424e-31
TTPA,8.094627495522577e-36,0.24969547990425855,0.571,0.332,1.463913382565258e-31
GOLT1B,8.122119357511327e-36,0.224554358466434,0.462,0.251,1.4688852858059235e-31
ARFGAP2,8.296123333021576e-36,0.23259259771884877,0.78,0.51,1.500353904776952e-31
ARMT1,8.315228246584325e-36,0.25096750256008526,0.344,0.167,1.503809028394775e-31
SNX16,8.321321328113484e-36,0.23318454980968584,0.477,0.261,1.5049109621893236e-31
CAT,8.379177121237766e-36,0.2477955787918673,0.969,0.813,1.51537418237585e-31
BTF3,8.483895509120194e-36,0.4897470332340368,0.239,0.1,1.534312502824387e-31
METTL27,8.621554787342861e-36,0.22352136105946352,0.471,0.26,1.5592081832909565e-31
ST5,9.187911917603854e-36,0.2201974132401302,0.898,0.652,1.661633870298657e-31
NUP214,9.598180027529402e-36,0.22349754934509214,0.555,0.319,1.7358308579786923e-31
SLC25A32,9.622170355471478e-36,0.2814067437054186,0.53,0.3,1.740169508787017e-31
PIGC,1.0149927349199905e-35,0.2040355903111326,0.48,0.263,1.8356143611028028e-31
ZC3H13,1.059575707962011e-35,0.2742663772085494,0.653,0.399,1.9162426678492968e-31
AGT,1.0798134112892601e-35,0.210920889045638,0.371,0.187,1.9528425543166268e-31
ENPP5,1.0845618344540786e-35,0.4776718484523368,0.18,0.063,1.9614300776102013e-31
TRIM8,1.0986653996444446e-35,0.2711562046554323,0.919,0.688,1.986936375256978e-31
CSNK1A1,1.1624244042759961e-35,0.2936809848712062,0.737,0.479,2.102244535133139e-31
SHROOM2,1.2006968986688654e-35,0.35700384537513585,0.233,0.097,2.171460341242643e-31
OTULINL,1.2177541344426863e-35,0.2932632063530125,0.637,0.397,2.2023083521395983e-31
PLD6,1.2627273769773413e-35,0.26302405805851015,0.25,0.106,2.2836424612635216e-31
FBXO45,1.2721186097306953e-35,0.23278681541072022,0.381,0.195,2.3006265056979625e-31
MICAL3,1.2779878628875794e-35,0.28705695727122554,0.797,0.546,2.3112410500321873e-31
RNPC3,1.3331053119498394e-35,0.24401855166686812,0.845,0.59,2.4109209566612845e-31
CNOT10,1.3592459172361016e-35,0.23369640051983764,0.71,0.443,2.45819624132149e-31
METTL18,1.4624465331933205e-35,0.2997568474543355,0.267,0.119,2.64483455528012e-31
CCDC59,1.5384352585155289e-35,0.273097049344035,0.4,0.207,2.782260165025334e-31
EIF2B4,1.557868048689736e-35,0.21822842813979304,0.471,0.257,2.8174043660553875e-31
PIK3C2A,1.5745147054303635e-35,0.2564955451600841,0.788,0.513,2.8475098447708125e-31
SHKBP1,1.643197964436986e-35,0.2565076445799104,0.666,0.409,2.971723518684289e-31
PRKD3,1.703965940564148e-35,0.22861007309214065,0.697,0.423,3.0816224035102614e-31
ALPK1,1.7524742952245222e-35,0.20981695444734305,0.625,0.368,3.1693497629135485e-31
DHRS3,1.7640872671738435e-35,0.24349410944591762,0.774,0.509,3.190351822683896e-31
SUFU,1.8472793321481244e-35,0.2252223367765569,0.335,0.163,3.340804672189883e-31
PSMB1,1.8716737584497751e-35,0.2851765552112555,0.955,0.795,3.3849219921564184e-31
AMIGO1,1.8900329274857412e-35,0.2982864002494656,0.187,0.067,3.4181245493579628e-31
FXR2,1.937674307887439e-35,0.2300463580426877,0.536,0.305,3.504283985814433e-31
RTF1,2.015219070889098e-35,0.25953439548439833,0.853,0.59,3.6445236897029337e-31
DSCC1,2.043908410422015e-35,0.33943623543212054,0.313,0.151,3.6964083602482143e-31
KLK6,2.045965522104756e-35,0.86352951901294706,0.152,0.048,3.700128646726451e-31
CAPZB,2.1096340114657432e-35,0.3313121612910071,0.855,0.642,3.8152731097357966e-31
C3orf33,2.265444352586137e-35,0.2264608763877911,0.27,0.119,4.097056111652029e-31
SLAIN2,2.3009349356062846e-35,0.2535861757916388,0.681,0.428,4.161240831043966e-31
PSMC5,2.5193659483150384e-35,0.25155533346616055,0.874,0.64,4.556273317527747e-31
UBXN8,2.595216765531618e-35,0.34279178362286267,0.3,0.141,4.693449520463931e-31
VPS13C,2.698083178813795e-35,0.24325272543558296,0.988,0.865,4.879483428884748e-31
VAPB,2.856347858822156e-35,0.23543686835485977,0.701,0.442,5.16570510267987e-31
SCARB2,2.902918050420821e-35,0.3027462389006002,0.722,0.471,5.249927294186055e-31
UCHL3,2.954842588012411e-35,0.31750874359222026,0.718,0.468,5.343832820420445e-31
SMARCA5,2.9986696184769824e-35,0.2596330412213895,0.926,0.714,5.423094005015623e-31
SRR,3.028691285178784e-35,0.2241453330790466,0.328,0.158,5.477388189245831e-31
URI1,3.069925110823842e-35,0.25384787231577177,0.951,0.766,5.551959562924918e-31
CMC4,3.2312204913045525e-35,0.23243106623498877,0.624,0.375,5.843662258524283e-31
FBXL18,3.286834985785915e-35,0.3251255135808937,0.294,0.137,5.944241071793828e-31
ZNF583,3.366833392333655e-35,0.33399155023799976,0.217,0.087,6.088918190035416e-31
SALL4,3.4796902793691624e-35,0.39194421809532765,0.173,0.059,6.29301987023913e-31
C11orf68,3.524265085228395e-35,0.23168754913002476,0.648,0.395,6.373633406635553e-31
TDG,3.6779618777493847e-35,0.2133453101439966,0.394,0.201,6.651594055909763e-31
PPIAL4G,3.684684646071258e-35,0.300053532952512,0.201,0.076,6.66375218241987e-31
TRIM33,3.99583561235161e-35,0.2466365308379026,0.771,0.498,7.226468704937887e-31
YAF2,4.04914125924486e-35,0.21021112116457275,0.711,0.441,7.322871967344329e-31
E2F1,4.0921133493740497e-35,0.25158592710163274,0.458,0.253,7.400586992342969e-31
HIST1H1E,4.126361585562697e-35,0.22433668257408368,0.92,0.71,7.462524927490138e-31
UFM1,4.407151797747451e-35,0.2481481298685375,0.751,0.491,7.970334026226265e-31
FRG1,4.5726302937376694e-35,0.23546676629998675,0.443,0.24,8.269601886224574e-31
NDE1,4.6840088367230265e-35,0.24814991669526343,0.866,0.596,8.471029981213594e-31
ZNF558,4.7182548168418315e-35,0.23788342716128308,0.402,0.211,8.532963836258453e-31
STK25,4.846895271092793e-35,0.24394295576685188,0.857,0.603,8.765610097771317e-31
NOX1,5.146177098513732e-35,0.37514612153330157,0.844,0.625,9.306861282662084e-31
CNTN3,5.367815939992859e-35,0.25317517178515203,0.48,0.27,9.707695127477086e-31
LCA5,5.449636589936704e-35,0.459875902944594,0.179,0.062,9.855667772900528e-31
ADNP2,5.684539650644242e-35,0.22797549527978866,0.632,0.38,1.0280489958190112e-30
GMEB2,6.179157591275794e-35,0.41940248039326633,0.275,0.124,1.1175006503822273e-30
OVGP1,6.219299563092631e-35,0.39976849059341024,0.22,0.089,1.1247603259853025e-30
H2AFX,6.249227582753913e-35,0.22426775112171687,0.771,0.516,1.1301728083410452e-30
PTPRA,6.305284820966111e-35,0.24376819687828133,0.663,0.408,1.1403107598717212e-30
CHMP4C,6.751725269123206e-35,0.27883795026068287,0.807,0.543,1.2210495149209318e-30
NFXL1,6.881137084168856e-35,0.20707540782913963,0.853,0.581,1.2444536416719376e-30
CHD3,6.937634829260643e-35,0.2585681269950751,0.901,0.66,1.2546712588717871e-30
RETREG3,7.190573219943319e-35,0.26098370448217134,0.743,0.483,1.3004151668267492e-30
SYT17,7.228465091355861e-35,0.4390259433049626,0.243,0.104,1.3072679117717074e-30
CAPZA1,7.251122084930384e-35,0.20349869458226655,0.281,0.129,1.31136542905966e-30
NISCH,7.251454282237127e-35,0.23468716271896875,0.826,0.561,1.3114255069425843e-30
SGO1,7.347030913766419e-35,0.575477513550259,0.226,0.094,1.3287105407546568e-30
ZNF669,8.0097211777233e-35,0.36468048575048995,0.203,0.077,1.4485580749912588e-30
ADAM10,8.024517087033805e-35,0.20881884177815419,0.723,0.46,1.4512339151900636e-30
FAM71E1,8.212257035560979e-35,0.33624768054952003,0.197,0.074,1.4851866848812032e-30
KCNE3,8.308228644188315e-35,0.217410362968577,0.852,0.578,1.5025431503014568e-30
EXOC6,8.846638041287387e-35,0.2299915927856997,0.617,0.371,1.599914489766824e-30
UPF2,9.008030470385988e-35,0.22544935705832803,0.638,0.384,1.629102310569306e-30
PLCH2,9.023427465606212e-35,0.5904717870628278,0.163,0.054,1.6318868571548836e-30
EIF3B,9.101433093938539e-35,0.24571305542952904,0.983,0.868,1.6459941750387848e-30
KLHL29,9.173388583242951e-35,0.253616255497648,0.301,0.141,1.6590073252794876e-30
GATD1,9.330379789045411e-35,0.22274735886292052,0.918,0.698,1.6873991848488625e-30
OGG1,9.339975453146721e-35,0.21094392963989084,0.636,0.378,1.6891345607015844e-30
WDR54,9.593758043034981e-35,0.29468954290701976,0.189,0.069,1.7350311420828762e-30
FRAT2,9.894669982284484e-35,0.20193598001937796,0.817,0.55,1.7894510662961488e-30
TK1,1.0083608723694083e-34,0.2950953420154001,0.665,0.437,1.8236206376800748e-30
KBTBD2,1.0393240935032018e-34,0.2870942741277397,0.696,0.443,1.8796176231005405e-30
UPRT,1.0680028615747283e-34,0.24584361631133378,0.359,0.181,1.931483175157896e-30
S100A11,1.171680241799422e-34,0.32812913730526966,0.831,0.628,2.1189837172942547e-30
FIP1L1,1.28867893307716e-34,0.21669515283742036,0.812,0.546,2.3305758504700437e-30
HTR1D,1.2994143241863322e-34,0.24501719412307832,0.193,0.072,2.3499908052909815e-30
ASPSCR1,1.3547908708234035e-34,0.21003798842055876,0.711,0.45,2.4501392898841254e-30
MBTPS1,1.396868677395913e-34,0.23907752074089283,0.966,0.794,2.5262370030705087e-30
SLC25A14,1.43723735657391e-34,0.3108356583699807,0.29,0.134,2.599243759363916e-30
FOSL2,1.4397899365402023e-34,0.2593641857570333,0.709,0.465,2.6038601002329557e-30
CCDC150,1.4471736086768204e-34,0.31164542751344193,0.258,0.115,2.6172134712920298e-30
SNX14,1.448217046433275e-34,0.2901908682923682,0.854,0.602,2.619100528474578e-30
SLC2A4RG,1.4752482298674906e-34,0.20657623331831743,0.681,0.429,2.667986423715357e-30
SYT8,1.5308849005828398e-34,0.9477807451706579,0.149,0.046,2.7686053427040656e-30
UCHL5,1.532325905626821e-34,0.22125519885115885,0.577,0.332,2.7712114003261057e-30
CDR2L,1.581610937855003e-34,0.3252532584753447,0.181,0.064,2.860343381110773e-30
SEMA3C,1.582156204144128e-34,0.3238610768668437,0.882,0.641,2.8613294951946555e-30
TTI1,1.5854447148786604e-34,0.20058296573853474,0.596,0.354,2.8672767668580575e-30
RAB3GAP2,1.5875986569908215e-34,0.22052777012556257,0.691,0.424,2.8711721711679006e-30
EEF1AKMT2,1.6103005410743056e-34,0.242563719773576,0.832,0.558,2.9122285285328817e-30
GIGYF2,1.754496473426928e-34,0.21468176170513575,0.777,0.511,3.1730068721925994e-30
GCLC,1.7706567456637359e-34,0.23248272008636567,0.839,0.58,3.202232724532866e-30
SELENOH,1.8119372423605565e-34,0.21839084636639394,0.972,0.834,3.276888502809066e-30
RNF2,1.8155650439787684e-34,0.4120373197001781,0.274,0.125,3.283449382035603e-30
ZFP62,1.8314018143169176e-34,0.21792548173719364,0.804,0.524,3.312090181192145e-30
FAF1,1.893460968163218e-34,0.22274153146983536,0.833,0.566,3.4243241609231795e-30
ZNF143,1.893883611915226e-34,0.21137298655824477,0.362,0.182,3.4250885121486866e-30
POMGNT2,1.9073932194475767e-34,0.375798572557382,0.195,0.073,3.4495206373709426e-30
ANP32A,1.9574893289351887e-34,0.25155321275292347,0.692,0.439,3.540119451379289e-30
CAND1,1.978241509548589e-34,0.27587640537436287,0.88,0.648,3.577649770018623e-30
ZC3H10,2.0440742426232388e-34,0.23889299227997451,0.273,0.124,3.696708267784127e-30
NRXN3,2.0730792398990237e-34,0.47390717650840086,0.213,0.085,3.749163805357384e-30
BCAS2,2.115000253707545e-34,0.241105284688925,0.333,0.164,3.824977958830095e-30
C2orf92,2.1168293048035725e-34,0.30234682495823284,0.257,0.113,3.828285797737261e-30
NPTX2,2.2850892139587327e-34,0.6099254288886646,0.193,0.074,4.132583843444368e-30
BCL2L1,2.3203658547733197e-34,0.23089315847953595,0.892,0.66,4.196381648357549e-30
SEL1L3,2.361608435604881e-34,0.23542046512145887,0.983,0.861,4.270968855791427e-30
MTCH2,2.376816500651246e-34,0.2775610912782528,0.612,0.374,4.298472641427779e-30
FGD4,2.5958300969476346e-34,0.22634615699505534,0.691,0.438,4.694558730329797e-30
DUS1L,2.7287524650671925e-34,0.2191783013793711,0.972,0.823,4.934948833074018e-30
HSF2,2.738677123282926e-34,0.24241795430461321,0.278,0.128,4.952897577457171e-30
ZNF592,2.8065002847825425e-34,0.20255297496406877,0.677,0.417,5.075555765029228e-30
TSC2,2.8121684348098563e-34,0.21305132227423113,0.809,0.546,5.085806614353625e-30
DNAJA3,2.9096657362997932e-34,0.2375385881953117,0.744,0.472,5.262130484098176e-30
NUDCD3,3.162196199824274e-34,0.22635246381321286,0.865,0.608,5.7188318273822e-30
AMN1,3.3021632048544e-34,0.26753317648051,0.332,0.166,5.9719621559791826e-30
USP49,3.3219801485838407e-34,0.5032294458205038,0.212,0.085,6.007801098713876e-30
RBMXL1,3.3307904067864888e-34,0.20925820456330424,0.327,0.159,6.023734450673365e-30
GCN1,3.437699826650981e-34,0.24943985654129097,0.806,0.551,6.2170801364982994e-30
IGFBP5,3.6054058428019533e-34,0.5093015308188069,0.369,0.203,6.520376466707333e-30
CAPRIN1,3.662782075557434e-34,0.23346576409134456,0.919,0.712,6.624141383645619e-30
FGD6,3.7246128344506084e-34,0.20121762985330682,0.454,0.248,6.735962311103925e-30
GLIPR1,4.0657262614193496e-34,0.4699839721107586,0.201,0.078,7.352865943776894e-30
SLX4,4.086440661378311e-34,0.23685559531471911,0.279,0.127,7.390327936102674e-30
RNF24,4.113175978448468e-34,0.2298665211908837,0.289,0.135,7.438678757024055e-30
DNASE2,4.258900342981795e-34,0.210366342312311,0.547,0.319,7.702221270282576e-30
DYNC1I2,4.4289946738215124e-34,0.2577433141497036,0.894,0.652,8.009836867606206e-30
TIMELESS,4.461484872786563e-34,0.20524810914693692,0.357,0.178,8.068595392434499e-30
MST1,4.6835171570281856e-34,0.243921084818564,0.383,0.2,8.470140778485474e-30
DNAJA1,4.959443545774558e-34,0.27563603240403034,0.535,0.312,8.969153652533288e-30
CSGALNACT2,5.023394973779291e-34,0.2535244175906608,0.325,0.158,9.084809810079849e-30
TRPC4AP,5.112288479847342e-34,0.27750218541735905,0.831,0.575,9.245573715803918e-30
MIOS,5.1807599522488836e-34,0.2765003568494513,0.783,0.521,9.369404373642105e-30
PTPMT1,5.6774079338508965e-34,0.5886613766070781,0.17,0.059,1.0267592248369346e-29
MDP1,5.92000003990845e-34,0.2514333689706483,0.364,0.185,1.0706320072174432e-29
CSNK1G1,6.45941103786859e-34,0.20572090311943958,0.591,0.348,1.1681844861985345e-29
TAS2R4,6.536789485515984e-34,0.23609061874998538,0.288,0.135,1.1821783784555657e-29
LAMTOR2,6.613802580611086e-34,0.2594579960008583,0.695,0.454,1.196106196703515e-29
CHTOP,6.945223771152134e-34,0.23740301299611355,0.958,0.766,1.2560437190128635e-29
BAX,6.997186334197351e-34,0.2741693656514037,0.904,0.736,1.265441148539591e-29
SLC9C1,7.025959777825229e-34,0.575069488720422,0.152,0.049,1.2706448258196925e-29
TNC,7.624537407014654e-34,0.4585358627663152,0.198,0.077,1.3788975900586002e-29
TNKS2,7.65364603566191e-34,0.225322587384081,0.728,0.468,1.3841618855494566e-29
MAP4,7.797198980068665e-34,0.2367399705908373,0.962,0.786,1.410123435545418e-29
ATP9B,8.073340557346637e-34,0.23219928414378707,0.796,0.544,1.4600636397961394e-29
BRAP,8.226345023952822e-34,0.20730414981320022,0.601,0.355,1.4877344975818678e-29
CENPQ,8.86490214496072e-34,0.40772572710434085,0.248,0.109,1.6032175529161462e-29
BUD31,9.06207015215007e-34,0.2598821144048098,0.902,0.674,1.6388753870163403e-29
RABGEF1,9.079722973403168e-34,0.2023865800647059,0.687,0.43,1.642067899739963e-29
CLCN4,9.514622696797519e-34,0.32610149974953373,0.15,0.047,1.7207195147158313e-29
GRPEL1,9.565859740419185e-34,0.25753050224546303,0.687,0.43,1.7299857340548095e-29
MYL12A,9.587533677144073e-34,0.315921939498359,0.468,0.265,1.7339054655115056e-29
PHF2,1.1016321435936881e-33,0.2176445021345887,0.765,0.501,1.992301731689185e-29
INTS1,1.1200036896831026e-33,0.23613831731055304,0.77,0.51,2.0255266727918911e-29
SLC25A19,1.1539155227916825e-33,0.29579752451362396,0.292,0.138,2.0868562229687577e-29
EP400,1.1678330191400606e-33,0.2604447246506001,0.288,0.135,2.1120260151147995e-29
CARD6,1.3220089030707205e-33,0.3169813724885109,0.261,0.116,2.3908531012033981e-29
CCDC77,1.3693934744023437e-33,0.2778184986164236,0.254,0.112,2.4765480984566387e-29
MCMBP,1.5350565958639157e-33,0.24529774167777058,0.799,0.536,2.7761498536198915e-29
SLC35E1,1.5644421858353926e-33,0.21293270133764608,0.668,0.411,2.829293693083308e-29
NRIP1,1.6296233878513794e-33,0.24900132891259458,0.874,0.62,2.9471738969292194e-29
SMPD4,1.6486247886837712e-33,0.2055597420372268,0.852,0.582,2.9815379303346006e-29
CENPO,1.736593674552875e-33,0.2826259486066136,0.377,0.197,3.1406296604288746e-29
HACD2,1.7971772333280173e-33,0.2559148679207548,0.539,0.314,3.2501950264737195e-29
JPT2,1.8093551713919504e-33,0.22347666051884105,0.883,0.64,3.2722188274623424e-29
PARD6A,1.84537044015001e-33,0.2060095332172751,0.238,0.102,3.337352441011293e-29
AP1S2,1.8702069428335615e-33,0.4229961111020768,0.189,0.071,3.382269256114496e-29
WDCP,1.8755264695667897e-33,0.2762306420583607,0.239,0.101,3.391889620211539e-29
PLAA,2.013457151551385e-33,0.22862585986486655,0.758,0.495,3.6413372585806795e-29
ANKRD36,2.019359770258905e-33,0.21665245443848935,0.323,0.159,3.6520121445132294e-29
WDR18,2.0429994415790613e-33,0.20156758240012285,0.771,0.507,3.6947644900957324e-29
ARID1A,2.0639144424710837e-33,0.25833304928337497,0.883,0.626,3.732589269208955e-29
NOL7,2.186952444404436e-33,0.20299293300500754,0.592,0.354,3.955103495705422e-29
XPO6,2.1930713427100306e-33,0.20605515131917107,0.529,0.301,3.9661695232910904e-29
MKLN1,2.264885590134759e-33,0.28476066964498115,0.693,0.441,4.096045589758712e-29
KIF13A,2.2719450918685853e-33,0.2378472093934585,0.965,0.781,4.1088126986443364e-29
AGR3,2.2944908770246347e-33,0.2902320782078808,0.808,0.587,4.1495867510990516e-29
DMTN,2.3022263303000588e-33,0.20451448114957083,0.75,0.476,4.163576318347656e-29
AGFG1,2.3804921718441936e-33,0.26109755455957373,0.873,0.643,4.305120092780224e-29
COMMD5,2.6792531720464072e-33,0.2375707393851526,0.643,0.398,4.845429361645928e-29
PRMT2,2.7068379751766456e-33,0.29768617606752357,0.817,0.587,4.895316478106964e-29
FBXO8,2.750790156956187e-33,0.25235881305011487,0.363,0.186,4.974803998855264e-29
TMEM159,2.8412134194449347e-33,0.21535580436398957,0.764,0.511,5.138334469066165e-29
KLHL7,2.8502147729547532e-33,0.2309395239734724,0.39,0.207,5.154613416888671e-29
POLR2C,3.0316403576263274e-33,0.23851964141235082,0.742,0.471,5.482721586767213e-29
PGBD1,3.170020166381376e-33,0.21788490110071068,0.242,0.106,5.732981470900718e-29
EIF4EBP1,3.199981202321342e-33,0.2611168049184908,0.784,0.533,5.787166004398148e-29
TUBB4B,3.2858663120206394e-33,0.3271292145646604,0.839,0.611,5.942489225289326e-29
SFR1,3.2991880552342755e-33,0.5844290583765779,0.179,0.066,5.966581597891188e-29
CD302,3.440217444516494e-33,0.29084502235536247,0.234,0.099,6.22163324840808e-29
SCLY,3.5746744970801424e-33,0.35120673919814394,0.238,0.103,6.464798827969437e-29
NBPF11,4.000231485529198e-33,0.25666764688411003,0.217,0.089,7.234418641579554e-29
NUP107,4.007653077058785e-33,0.22436794102332355,0.828,0.566,7.247840589860814e-29
RBM3,4.010513501356922e-33,0.23414426375500663,0.98,0.87,7.253013667203994e-29
ATP2C1,4.04257034354143e-33,0.26558047376084704,0.918,0.714,7.310988466294677e-29
SIN3B,4.154691659282571e-33,0.21844535647231486,0.856,0.599,7.513759865812529e-29
TCAIM,4.222987612860666e-33,0.21727604540771073,0.744,0.478,7.637273097858515e-29
KBTBD4,4.426895777350994e-33,0.21127043809671786,0.413,0.222,8.006041013339272e-29
FOXJ2,4.8719945754560915e-33,0.22382749488951603,0.314,0.154,8.811002189712341e-29
UBE2D2,5.009027807661186e-33,0.22954004111800497,0.632,0.391,9.058826790155255e-29
STARD10,5.106624174369668e-33,0.20992880626906762,0.989,0.875,9.235329819347545e-29
SPA17,5.2348213443187675e-33,0.24221532373560173,0.294,0.14,9.467174401200491e-29
NSD3,5.2838713141809376e-33,0.23590110210685578,0.694,0.436,9.555881271696225e-29
ZDHHC3,5.634788898961895e-33,0.2738958912402435,0.861,0.633,1.0190515723772588e-28
WDFY3,5.6494689189686876e-33,0.20160909293480067,0.604,0.354,1.0217064539954872e-28
MMGT1,5.810050890686835e-33,0.39079312957116086,0.235,0.101,1.0507477035807142e-28
RFX5,6.035790534084578e-33,0.20744418073758492,0.722,0.463,1.091572718089196e-28
ZNF174,6.0565939204843856e-33,0.26774630163638946,0.314,0.154,1.0953350105196012e-28
IPP,6.135178619135702e-33,0.20052679463164758,0.53,0.307,1.1095470532706917e-28
NRDC,6.297175921163685e-33,0.24825907064177494,0.904,0.689,1.1388442653424524e-28
TEDC2,6.733848889824856e-33,0.3308266197759613,0.22,0.092,1.2178165717248252e-28
ST6GAL2,6.907714396207828e-33,0.3481902089964133,0.164,0.057,1.2492601485541857e-28
RBL2,7.482065957778856e-33,0.2161472063152255,0.845,0.586,1.353131628464306e-28
PTPRM,7.71166210534521e-33,0.20964669911860723,0.354,0.181,1.3946540917516811e-28
UBE2N,8.111698477040816e-33,0.2456737087937646,0.294,0.14,1.4670006695728314e-28
PIH1D2,8.52614422828645e-33,0.5892609767773442,0.158,0.053,1.5419531836856044e-28
ELF1,8.538987665382504e-33,0.2405151400590021,0.766,0.521,1.544275919284426e-28
C16orf58,9.175748845556787e-33,0.21229131662246264,0.853,0.605,1.659434178718945e-28
NUFIP2,9.218287968348082e-33,0.2512587369278497,0.797,0.528,1.6671273790757505e-28
TEX264,9.530004520535534e-33,0.22433352815004926,0.641,0.397,1.7235013175388515e-28
RBM39,1.0100765297067161e-32,0.25108343339588096,0.918,0.696,1.826723403974596e-28
TWF1,1.0205622498697885e-32,0.2669979831755571,0.472,0.27,1.8456868288895126e-28
SLC39A8,1.085265974299615e-32,0.26857026764145775,0.89,0.655,1.9627035145208538e-28
AP2M1,1.0900629369512706e-32,0.2762681655199579,0.595,0.363,1.9713788214763728e-28
SAV1,1.1110877255917481e-32,0.20623069289094076,0.399,0.214,2.0094021517326764e-28
DDB2,1.2937925192807824e-32,0.22084161962220816,0.667,0.411,2.339823771119295e-28
SMC2,1.3527902131249536e-32,0.2397524583997262,0.669,0.429,2.4465211004364788e-28
G6PD,1.387056187643364e-32,0.21826206142942528,0.426,0.23,2.5084911153530237e-28
NSMCE4A,1.3903029807128925e-32,0.20967112163719892,0.902,0.665,2.5143629406192662e-28
GNA12,1.427230166160398e-32,0.26715393206179305,0.288,0.137,2.58114575550108e-28
HBP1,1.4521379250692694e-32,0.21581083588711245,0.807,0.532,2.6261914374877735e-28
ADCK2,1.4647205762348527e-32,0.25101579613930175,0.712,0.461,2.648947162120731e-28
LIN9,1.5120900740268879e-32,0.23426332958460794,0.339,0.172,2.7346148988776267e-28
VPS33B,1.5308836449730086e-32,0.26336558480085737,0.372,0.194,2.768603071933686e-28
PIAS3,1.5362326004528887e-32,0.2347537583932251,0.302,0.146,2.778276657919049e-28
KATNAL2,1.641357720328325e-32,0.37709731457583784,0.272,0.129,2.968395437213776e-28
MAGED2,1.6758231072276885e-32,0.25584369614353103,0.897,0.676,3.0307260894212745e-28
SLC41A1,1.6819507412465553e-32,0.2224720664809472,0.241,0.106,3.0418079155443954e-28
VPS29,1.7033131949194883e-32,0.2333295542864149,0.519,0.304,3.080441913011895e-28
YIPF1,1.7389474819040088e-32,0.23538602041411094,0.31,0.151,3.1448865210234e-28
DNAJC18,1.7687026348134724e-32,0.4223729776193377,0.19,0.073,3.198698715060165e-28
RBM18,1.7795681288872684e-32,0.22343598363340256,0.557,0.325,3.2183489610926247e-28
ZSCAN20,1.808300897308899e-32,0.2325375338983462,0.248,0.11,3.2703121727831436e-28
ANAPC2,1.8995981433680963e-32,0.23436848710430053,0.822,0.561,3.435423242281202e-28
CEMIP2,2.0127628282378703e-32,0.2405081605366359,0.87,0.616,3.6400815748681883e-28
FRMD4B,2.0744588305996263e-32,0.24013160388886456,0.235,0.101,3.7516587951394243e-28
C1orf174,2.1019166805233752e-32,0.22787582340916535,0.68,0.433,3.801316316726524e-28
EWSR1,2.116698695733992e-32,0.26306983596693984,0.835,0.584,3.8280495912349246e-28
MARK3,2.1282419051102113e-32,0.26294015313537145,0.783,0.528,3.8489254853918174e-28
COPS5,2.2560500515107252e-32,0.23777964843007127,0.717,0.46,4.080066518157146e-28
ATRX,2.553337021968253e-32,0.25370219375107783,0.913,0.684,4.617710004229586e-28
PCDHGA8,2.5604413265982744e-32,0.502225276096476,0.172,0.062,4.630558139152979e-28
PSTK,2.5735693151391753e-32,0.21613490210156439,0.268,0.124,4.654300106429199e-28
DPY19L1,2.603165648371181e-32,0.23481224394704903,0.583,0.345,4.707825075079281e-28
TMX3,2.6983431529586864e-32,0.27098775337262015,0.257,0.116,4.879953592125785e-28
PFKM,3.0751466073093135e-32,0.21469776130365548,0.696,0.432,5.561402639318893e-28
RUVBL2,3.2368342466477265e-32,0.20662358004193648,0.742,0.478,5.853814735062413e-28
TRNT1,3.4219486023489875e-32,0.2115265925186527,0.716,0.452,6.188594047348144e-28
BCKDHB,3.4243706390156957e-32,0.2272943712301196,0.817,0.552,6.192974300659885e-28
SIGMAR1,3.438705143832981e-32,0.23811724726248645,0.79,0.526,6.218898252621947e-28
CDIPT,3.452044084514572e-32,0.202415468031937,0.795,0.532,6.243021726844604e-28
YIPF3,3.699218849851888e-32,0.25894626491463957,0.81,0.574,6.6900372899571395e-28
ACOX2,3.7933931780600393e-32,0.3258015583824512,0.416,0.233,6.860351562521581e-28
THAP9,3.9256920316879614e-32,0.43401523002975484,0.192,0.075,7.099614039307678e-28
FAM49B,4.039855441206099e-32,0.23173993095653245,0.393,0.209,7.30607856542123e-28
RPN1,4.1259858324111576e-32,0.3018752889877905,0.652,0.42,7.4618453779155785e-28
RLIM,4.154724511752559e-32,0.4740074930858058,0.163,0.057,7.5138192795045025e-28
FAM53A,4.3222568498454737e-32,0.26655127834599357,0.186,0.071,7.816801512945539e-28
KLHL24,4.481765395705932e-32,0.2300331727712263,0.859,0.601,8.105272718134179e-28
CHD2,4.677717390603412e-32,0.20843595475957255,0.954,0.775,8.45965190090627e-28
ERCC6L,4.83264199323585e-32,0.2023893827290122,0.251,0.113,8.739833044767034e-28
MTHFD1,4.901865648587764e-32,0.25213838400794597,0.832,0.578,8.865024025470972e-28
ESCO2,5.002269573754922e-32,0.2703677466624097,0.375,0.203,9.046604524135776e-28
SND1,5.03813261249835e-32,0.24999961614778532,0.835,0.59,9.111462829703266e-28
SETDB1,5.067495345177773e-32,0.2384916962649349,0.868,0.606,9.164565331754003e-28
CLCN7,5.145910727271401e-32,0.2515992046931663,0.671,0.418,9.306379550270328e-28
CHAF1A,5.235347472544319e-32,0.20323784937883316,0.5,0.289,9.468125904096401e-28
ZNF470,5.589977452869844e-32,0.32849469464826964,0.202,0.081,1.0109474223515113e-27
TSPYL2,5.715093078436086e-32,0.22454282795670233,0.319,0.158,1.033574583235166e-27
PRPF39,5.754654934590707e-32,0.2525769382537713,0.886,0.631,1.0407293449207294e-27
FBXO32,5.848237969037153e-32,0.22097162711347718,0.387,0.203,1.0576538367003691e-27
KXD1,5.992323284284475e-32,0.23782763857386538,0.883,0.648,1.0837116659628474e-27
HOXB9,6.077209427737092e-32,0.2111323217445864,0.987,0.874,1.099063325006253e-27
TIGD4,6.127877155054843e-32,0.4965903806878509,0.164,0.058,1.1082265834916684e-27
MBD6,6.45939177763208e-32,0.2230714613210682,0.793,0.53,1.1681810029847615e-27
TGDS,6.631272159436191e-32,0.214699583791496,0.321,0.159,1.1992655700340351e-27
TMEM25,6.638759437556992e-32,0.45988739184962624,0.156,0.053,1.200619644282182e-27
RAF1,6.720547645248848e-32,0.25469055954422254,0.787,0.533,1.2154110416432542e-27
PBX3,6.801175058487387e-32,0.34434732571205906,0.209,0.086,1.229992509327444e-27
CCNY,7.04910893975965e-32,0.21809971813785006,0.766,0.502,1.2748313517555327e-27
BAZ1B,7.324780935081659e-32,0.23559870272136557,0.91,0.704,1.324686632109518e-27
ZFP14,7.894754749640674e-32,0.20898559946476158,0.308,0.152,1.4277663964725159e-27
TMPRSS5,8.031594035432852e-32,0.36706099847527573,0.185,0.072,1.4525137813080314e-27
CNTLN,8.054199249050195e-32,0.3179082820717447,0.283,0.135,1.4566019341907278e-27
HS2ST1,8.582587009717214e-32,0.22667699049540102,0.687,0.436,1.5521608607073581e-27
SSNA1,8.722550718884738e-32,0.2200151774833099,0.532,0.313,1.577473297510305e-27
NFKB1,8.832140997655436e-32,0.20380567035046765,0.832,0.571,1.5972926994259857e-27
NSFL1C,8.842079698358544e-32,0.20053092657849597,0.78,0.514,1.5990901134481428e-27
RASSF3,9.163749846053722e-32,0.21794324181139402,0.579,0.352,1.6572641596588158e-27
MDM4,9.274659058290987e-32,0.25412461843552925,0.981,0.833,1.677322090691925e-27
NIPBL,1.151544097032249e-31,0.23484980939710848,0.864,0.614,2.082567499482822e-27
RANBP6,1.161548127290892e-31,0.2608797620077339,0.29,0.139,2.100659788205578e-27
TMEM178A,1.1962301553037707e-31,0.304849142679799,0.252,0.115,2.1633822358668692e-27
KIAA1586,1.2756429263761148e-31,0.3429070634642253,0.235,0.104,2.3070002323512036e-27
IQGAP3,1.2944254506030067e-31,0.2161663146572318,0.62,0.383,2.3409684274155375e-27
NF1,1.2955931668969845e-31,0.24692676614415654,0.76,0.497,2.3430802423331965e-27
ZSCAN31,1.3202481275432422e-31,0.23624673492187886,0.312,0.155,2.3876687386619536e-27
TXLNA,1.373276417592263e-31,0.21168893297012614,0.87,0.628,2.4835704012156077e-27
FKBP11,1.5121604767884105e-31,0.2745773095627364,0.579,0.359,2.7347422222718404e-27
SULT1C3,1.5157414761633486e-31,0.6398553096380986,0.161,0.057,2.741218459641416e-27
BBS2,1.5260957530495074e-31,0.20591772701660427,0.717,0.461,2.759944169390034e-27
C12orf76,1.6261950021333112e-31,0.38190762826528335,0.199,0.08,2.9409736613580934e-27
RBM11,1.6824299734632806e-31,0.4986098658550091,0.167,0.061,3.042674607008343e-27
WDR34,1.6879262443424549e-31,0.2659506994761361,0.796,0.544,3.0526146128933296e-27
CHPT1,1.8077510055963678e-31,0.24983941781455157,0.883,0.633,3.269317693621031e-27
ZNF253,1.8242304959919386e-31,0.4321427802872253,0.182,0.07,3.299120852001421e-27
CNOT4,1.833849226772181e-31,0.25594067426545075,0.691,0.436,3.316516326617489e-27
ASF1B,1.9069519924824778e-31,0.24048461943821808,0.652,0.422,3.448722678404561e-27
E2F7,1.9690833970424945e-31,0.291448499594666,0.252,0.116,3.561087323551351e-27
RAB2A,2.0183167455024666e-31,0.2936673124764088,0.821,0.58,3.650125834241211e-27
ARID4B,2.0509212124637916e-31,0.23790546320221873,0.84,0.575,3.709091012740767e-27
VSIG10,2.0690541387190833e-31,0.20283121178300326,0.795,0.54,3.741884409873462e-27
TAF5L,2.1404613121344503e-31,0.20145273833336974,0.33,0.166,3.8710242829951534e-27
SCRIB,2.1772411087530783e-31,0.22286782557689405,0.873,0.619,3.937540545179942e-27
HADH,2.2256906775561363e-31,0.228310231347991,0.867,0.643,4.0251615903602726e-27
C1orf52,2.2829586486938213e-31,0.20192739153042238,0.67,0.418,4.128730716162776e-27
RIBC2,2.309129320255428e-31,0.47465479466612814,0.173,0.065,4.176060375681942e-27
ENPEP,2.340799156691104e-31,0.37590660315821633,0.254,0.119,4.233335274875862e-27
CXXC5,2.408339508583259e-31,0.24552241413105663,0.853,0.596,4.3554820012728244e-27
HES5,2.425484964268578e-31,0.21358793251470187,0.429,0.238,4.3864895578797235e-27
WAPL,2.479790774061751e-31,0.22211756711780767,0.749,0.491,4.484701614890677e-27
MTBP,2.525096397257873e-31,0.23355719889934523,0.275,0.13,4.566636834440864e-27
SENP7,2.5771625713308268e-31,0.23943048513518672,0.357,0.187,4.6607985102518e-27
DHX30,2.6640945093372963e-31,0.2221114024720723,0.842,0.573,4.8180149201365e-27
ARL2,2.7634958226050597e-31,0.20295103898574068,0.899,0.677,4.9977821951812506e-27
SNRPG,2.8230266732003626e-31,0.2464244531166726,0.562,0.34,5.1054437384828556e-27
SOCS2,2.957010490413287e-31,0.3690083283751857,0.256,0.118,5.347753471912429e-27
VHL,3.003604763435784e-31,0.20677554268199816,0.91,0.681,5.4320192146736156e-27
ABHD14B,3.0876587288330315e-31,0.24593731396331736,0.864,0.621,5.5840308110945375e-27
GMFB,3.3962296698791434e-31,0.43693230682027595,0.19,0.076,6.142081357976431e-27
WDR91,3.5926605468317633e-31,0.23328491890987157,0.325,0.165,6.497326598945243e-27
FDXACB1,3.633987861953451e-31,0.4019508625566486,0.185,0.072,6.572067048342816e-27
FNBP4,3.711665329587316e-31,0.23604888768427093,0.856,0.607,6.712546748558661e-27
UPF1,4.055611852262404e-31,0.20436893377318943,0.841,0.59,7.334574034816557e-27
HELLS,4.1024585787024135e-31,0.27946850223580555,0.892,0.682,7.419296339583315e-27
MAD1L1,4.398941318773943e-31,0.20645035500517617,0.376,0.201,7.955485375002676e-27
THAP5,4.611196896004156e-31,0.42476862865098264,0.179,0.068,8.339349586423517e-27
TMEM11,4.773788498799178e-31,0.2055619807146707,0.712,0.453,8.633396500078314e-27
MPST,5.039286747422975e-31,0.2688737913891197,0.914,0.749,9.113550082714451e-27
RNF44,5.27869334627346e-31,0.21308587209452312,0.957,0.764,9.546516916735553e-27
STK31,5.362602336332228e-31,0.5838875933760814,0.173,0.066,9.698266325256835e-27
KIDINS220,5.4900460238044715e-31,0.22569786095002486,0.867,0.613,9.928748234050386e-27
EME1,6.140002027852849e-31,0.20796676620931054,0.282,0.136,1.1104193667371878e-26
C12orf73,6.394131500075447e-31,0.27595971025635224,0.231,0.102,1.1563786817886446e-26
CLCN3,6.823053768758356e-31,0.2513642367326442,0.914,0.712,1.2339492740799487e-26
SEH1L,6.898663563514971e-31,0.21277495607115587,0.794,0.533,1.2476233054616825e-26
ERI2,7.1609614868666475e-31,0.24507495808488944,0.743,0.481,1.295059884899833e-26
SNX3,8.10118319343878e-31,0.2403076984873096,0.602,0.369,1.465098980533403e-26
KIAA0825,8.143744215336358e-31,0.2257789739228997,0.218,0.093,1.4727961413435803e-26
KLHL35,8.533030017159317e-31,0.40857512718595546,0.169,0.062,1.5431984786032625e-26
RNFT2,8.763128826791121e-31,0.20924520891253584,0.182,0.071,1.5848118483251742e-26
ZNF850,9.15021024507233e-31,0.21099630624393928,0.213,0.091,1.6548155228213306e-26
TMEM222,9.508201476625065e-31,0.2478073929226703,0.218,0.093,1.719558237047643e-26
PALD1,9.561729652937659e-31,0.2355920349660039,0.204,0.084,1.7292388077337757e-26
SLC9B2,1.0060380580608254e-30,0.25631459014860924,0.191,0.077,1.8194198280030028e-26
GALNT3,1.081161335349568e-30,0.2537137937773462,0.781,0.533,1.9552802749796937e-26
PEX12,1.142184831750521e-30,0.2972257880351057,0.188,0.074,2.065641268220817e-26
AC092835.1,1.2010698080051803e-30,0.2636987567514453,0.216,0.092,2.1721347477773685e-26
ZNF624,1.272278818774298e-30,0.25680081142023425,0.234,0.104,2.300916243753318e-26
DRAM2,1.2747758567402608e-30,0.2548726776404125,0.718,0.468,2.3054321369147616e-26
DXO,1.4736218361818282e-30,0.4416815742720863,0.177,0.068,2.6650450907348364e-26
H2AFY,1.4777442598391862e-30,0.20651897422254406,0.7,0.458,2.6725004939191686e-26
NADK2,1.526810395601985e-30,0.20957553265009277,0.595,0.363,2.7612366004461897e-26
TUBGCP6,1.5683470572446607e-30,0.21957396436469093,0.82,0.566,2.8363556530269687e-26
CTSV,1.6727082601400525e-30,0.31520165008278944,0.232,0.104,3.025092888463285e-26
ZNF711,1.6981093927557042e-30,0.4453304086982972,0.186,0.074,3.071030836798691e-26
MOSMO,1.9015431145609454e-30,0.30357601796313505,0.261,0.123,3.43894072268347e-26
NUPR1,2.0067879258989733e-30,0.2805070939555405,0.937,0.719,3.629275963988293e-26
COX6B1,2.0767717093045812e-30,0.2748574816815929,0.877,0.674,3.7558416362773353e-26
KCTD20,2.159667732282128e-30,0.21698062684950684,0.871,0.619,3.9057590938322286e-26
MYOM3,2.280377620514669e-30,0.21002481601003842,0.201,0.083,4.124062926700779e-26
ATF2,2.4183790889287526e-30,0.2245397082994528,0.756,0.495,4.373638582327649e-26
LRP5,2.428361299886294e-30,0.22328716932545922,0.927,0.707,4.391691410844362e-26
RPAIN,2.8192678743624383e-30,0.24907755508283524,0.921,0.716,5.0986459507844696e-26
MTX3,3.203726863830082e-30,0.33261487466170214,0.239,0.109,5.793940033236703e-26
TCERG1,3.41603485259085e-30,0.23105775073175694,0.926,0.726,6.177899030910552e-26
CCDC15,3.458402596640101e-30,0.20454045453147973,0.228,0.101,6.254521096023623e-26
LYSMD1,3.485466586295578e-30,0.32479048275934286,0.222,0.098,6.303466321315552e-26
GALNT8,3.5229021406392286e-30,0.3807856260927645,0.796,0.558,6.371168521346045e-26
COQ2,3.750682042146589e-30,0.2039339870048248,0.634,0.393,6.783108473222106e-26
FURIN,3.752124602024938e-30,0.20844045328558763,0.718,0.476,6.785717342762101e-26
FAM81A,3.8431964801759066e-30,0.3089107922042027,0.239,0.108,6.950420834398127e-26
NDUFB11,3.868179123832242e-30,0.21082277279520034,0.966,0.803,6.99560194545061e-26
PAN3,4.228997630657624e-30,0.22581651875079556,0.891,0.645,7.648142215044313e-26
DCK,4.329010526002384e-30,0.2046616815983131,0.611,0.37,7.829015536275311e-26
CHMP4A,4.577485705474978e-30,0.21252335837453212,0.877,0.621,8.278382898351497e-26
CTSB,4.864360247437131e-30,0.21966267285327,0.968,0.843,8.797195507490051e-26
COL4A5,4.9112657728463396e-30,0.28795667565508376,0.44,0.26,8.882024150192605e-26
SNX10,5.0219779625380386e-30,0.34582011739535856,0.203,0.085,9.082247145250043e-26
RNASE6,5.15048788839483e-30,0.567159277505342,0.175,0.068,9.31465734616205e-26
REEP3,5.2644961129803704e-30,0.21049461899474853,0.66,0.416,9.520841220325e-26
VWDE,5.291893227874531e-30,0.35350122618655355,0.156,0.056,9.57038890261109e-26
ZNF319,5.3223851086507286e-30,0.20676838390814867,0.212,0.091,9.625533468994842e-26
KDM5C,5.8739716702638015e-30,0.30916387504749254,0.962,0.803,1.0623077765672084e-25
BAZ2B,5.901391183471175e-30,0.24908908843836663,0.93,0.734,1.0672665955307619e-25
NEMP2,6.501265701085169e-30,0.23668479648363983,0.258,0.121,1.1757539020412528e-25
RAB5A,6.722572351911253e-30,0.2044326308912311,0.627,0.391,1.2157772098431502e-25
ERP44,6.727300691008402e-30,0.24800635791047798,0.726,0.478,1.2166323299688695e-25
C12orf74,7.373695880128673e-30,0.25296008109550794,0.286,0.142,1.3335328999212705e-25
MYSM1,7.715337040794431e-30,0.21065424238439157,0.7,0.452,1.3953187038276728e-25
TFPI,8.085342468525604e-30,0.28264800442692906,0.193,0.078,1.4622341854328555e-25
AURKA,8.102061213642761e-30,0.3121361794226618,0.265,0.129,1.4652577704872932e-25
C6orf62,8.194307235528231e-30,0.2035152813837877,0.784,0.523,1.4819404635452805e-25
RNF144B,8.238290957434224e-30,0.21473511296780812,0.235,0.105,1.4898949196519795e-25
STK38,9.292373149021756e-30,0.27019423750066174,0.928,0.743,1.6805256840005845e-25
TMED6,9.339799233973611e-30,0.2001302296735128,0.338,0.178,1.6891026914641275e-25
BRD2,9.888359141949551e-30,0.2141638449164105,0.966,0.814,1.7883097508215764e-25
TRMT12,1.0784861668256568e-29,0.25758132042540804,0.254,0.118,1.9504422327042004e-25
TXNDC9,1.1267149158149711e-29,0.21363353237075344,0.3,0.149,2.0376639252513753e-25
CDH11,1.2614031213290766e-29,0.28014713191832463,0.254,0.119,2.281247544923635e-25
FBXO36,1.2694892154907587e-29,0.27532712485388355,0.198,0.082,2.295871246215037e-25
CHID1,1.5577147692721083e-29,0.20745505190331115,0.928,0.715,2.8171271602286077e-25
PPP4R3A,1.6729713314902107e-29,0.2195003333838011,0.832,0.578,3.025568653000046e-25
SUPT6H,1.703949298329146e-29,0.21116617802328047,0.842,0.588,3.0815923060282603e-25
RBBP8,1.7605855025985e-29,0.27066235922158643,0.268,0.129,3.1840188814493876e-25
DOCK7,1.8044093879125632e-29,0.20163196774239706,0.771,0.507,3.2632743780398705e-25
TOM1L1,1.9540285989837244e-29,0.2570834022991183,0.893,0.663,3.5338607212620657e-25
PDPN,2.0636352004021348e-29,0.2443646936276096,0.188,0.077,3.7320842599272607e-25
INO80E,2.1378166965368338e-29,0.22347519169456387,0.957,0.788,3.866241495686864e-25
KBTBD6,2.2241528191861434e-29,0.2783140787968428,0.165,0.062,4.0223803734981406e-25
UFC1,2.428065677604745e-29,0.20039870475174837,0.983,0.848,4.391156777948181e-25
CYTH2,2.4491960234818767e-29,0.22388290056102722,0.957,0.774,4.429371008466974e-25
RASA1,2.450989400946321e-29,0.24527994020661398,0.85,0.609,4.4326143316114215e-25
OFD1,2.7049600072973483e-29,0.28120622589108624,0.837,0.603,4.891920173197255e-25
BCAS4,2.808713667766456e-29,0.45920996612401854,0.176,0.07,5.079558668155635e-25
VAV3,2.8204579075865177e-29,0.23787958031087264,0.958,0.752,5.100798125870217e-25
FABP5,3.1862166339079945e-29,0.2212423250283877,0.473,0.272,5.762272782422608e-25
MTFR2,3.5828445245305715e-29,0.209887941989646,0.249,0.116,6.479574322613538e-25
PGLS,4.1557530668211187e-29,0.23306663242093853,0.829,0.595,7.515679421345993e-25
LRMP,4.2622356926095795e-29,0.2804636553247888,0.216,0.095,7.708253250084425e-25
YWHAB,4.3558622166314263e-29,0.2659361452177247,0.556,0.345,7.877576818777934e-25
DCLRE1B,4.389608163406853e-29,0.2190515185252062,0.199,0.084,7.938606363521293e-25
RNASEH2A,4.7301738041155457e-29,0.3323858714383592,0.186,0.076,8.554519324742965e-25
CPNE3,4.9376900383979714e-29,0.22181614916577352,0.825,0.578,8.92981243444273e-25
FAM234A,4.979682052795788e-29,0.246039805382197,0.703,0.47,9.005754992481182e-25
GOLGB1,5.240780426542933e-29,0.20606226007561584,0.794,0.555,9.477951401402894e-25
SFXN5,5.25935343668105e-29,0.20271258767143818,0.312,0.162,9.511540690237678e-25
AGMAT,5.401771090076154e-29,0.21080140298045258,0.585,0.357,9.769103016402725e-25
EFCAB6,6.107367281745228e-29,0.38868669719256266,0.17,0.066,1.1045173729036246e-24
KATNBL1,6.551166543147604e-29,0.49613722431218266,0.162,0.061,1.1847784693282442e-24
C17orf53,6.723424409744164e-29,0.3135236851391152,0.208,0.091,1.215931304502232e-24
PPID,6.813901829457456e-29,0.21117724487478562,0.777,0.517,1.2322941458573809e-24
GNS,6.861275838510134e-29,0.21955973249478852,0.762,0.513,1.2408617353945578e-24
RAB22A,6.878577214008542e-29,0.20106424627303676,0.553,0.333,1.2439906891534449e-24
ANAPC10,7.271730301409971e-29,0.5975537751808773,0.17,0.067,1.3150924250099932e-24
MMP1,7.718415960125601e-29,0.6017431789576281,0.226,0.107,1.395875526388715e-24
PBDC1,7.791390197447734e-29,0.24469733471673538,0.575,0.355,1.4090729172084228e-24
ZNF572,7.901429000280981e-29,0.26322125264988694,0.242,0.112,1.4289734347008154e-24
GATAD2A,8.048114970472565e-29,0.22832458557218704,0.778,0.543,1.4555015924099634e-24
PKN2,8.12349714268125e-29,0.21289165857476777,0.786,0.533,1.469134458253904e-24
PRIMPOL,8.208952713428145e-29,0.31479003582547715,0.242,0.113,1.48458909822348e-24
NID2,8.353809142963608e-29,0.21767645017857795,0.249,0.117,1.5107863835049686e-24
STX16,8.591531312914802e-29,0.22556252716746983,0.94,0.744,1.553778437940642e-24
TMEM187,8.914159701934428e-29,0.23837404621995972,0.266,0.129,1.6121257820948413e-24
MARK1,1.0174561782175085e-28,0.2053304190841696,0.216,0.096,1.8400694983063642e-24
DAB2IP,1.023038504542945e-28,0.2596861252934937,0.858,0.638,1.850165135465916e-24
CRYBG1,1.0568525290150871e-28,0.21951946732898242,0.961,0.799,1.911317798723785e-24
SBNO1,1.1729601362655574e-28,0.21336675591208373,0.8,0.538,2.1212984064362604e-24
GSDMA,1.1921531283495976e-28,0.2529234465931558,0.179,0.072,2.1560089326202473e-24
SRRT,1.2004465079478552e-28,0.21153234662712816,0.945,0.75,2.171007509623696e-24
EIF2AK1,1.201032064031577e-28,0.24836670902536861,0.932,0.737,2.172066487801107e-24
SUGT1,1.2434554082390117e-28,0.21092726186015828,0.837,0.601,2.2487891058002525e-24
ZNF677,1.2551452043231325e-28,0.3260071305522749,0.163,0.062,2.269930102018385e-24
EPB41L1,1.4189091296780478e-28,0.20032545547936997,0.684,0.442,2.5660971610227495e-24
DDX46,1.483516100627987e-28,0.22754063948917003,0.906,0.694,2.6829388679857147e-24
XRN2,1.5615925082975818e-28,0.23875297254513644,0.874,0.653,2.8241400512561766e-24
KLK10,1.5654585971609275e-28,0.3603952369118004,0.191,0.081,2.8311318729655374e-24
PDIA4,1.7138178686538188e-28,0.2280084354914722,0.619,0.394,3.0994396154604312e-24
PGBD4,1.8208960653010294e-28,0.2777874391797299,0.218,0.097,3.2930905340969116e-24
ANAPC11,1.8481926349360725e-28,0.21724655991344333,0.931,0.755,3.342456380281887e-24
VPS26B,1.8898370047534731e-28,0.20790447963572697,0.814,0.554,3.417770223096656e-24
RTRAF,1.9098782959089475e-28,0.2229315105585078,0.913,0.687,3.4540148981513314e-24
FYN,2.070091125128446e-28,0.2223827842003221,0.242,0.113,3.743759799794795e-24
ZNF695,2.120673969130451e-28,0.3876415202915138,0.188,0.08,3.83523887317242e-24
PRDX1,2.1209784956455942e-28,0.2934255479130481,0.731,0.499,3.8357896093750574e-24
SMARCC2,2.288561201988278e-28,0.2295246020443687,0.856,0.612,4.138862933795801e-24
ZNF655,2.4368789043093826e-28,0.2709147282987268,0.869,0.61,4.407095498443518e-24
KBTBD7,2.6708977336941048e-28,0.2827108383667696,0.236,0.109,4.830318551385788e-24
ZFP69,2.748336834981705e-28,0.30571148991143415,0.194,0.082,4.970367166064414e-24
CFB,2.8360210370066433e-28,0.24755915416268948,0.667,0.436,5.128944045426515e-24
SEC61A1,3.2760669574576385e-28,0.22133434801584329,0.751,0.499,5.9247670925621395e-24
GLT8D2,3.637535215544151e-28,0.22120371897473357,0.235,0.108,6.578482437311597e-24
TMEM154,3.767543575512243e-28,0.4609927333389061,0.162,0.062,6.813602556313892e-24
NECTIN3,4.044597108999279e-28,0.20994526961063825,0.874,0.65,7.314653871625197e-24
WIPI2,4.141967116533476e-28,0.23879387015083914,0.901,0.67,7.49074753025079e-24
GOLPH3L,4.220747691155438e-28,0.24422498286460786,0.773,0.532,7.633222199454608e-24
LAPTM5,4.9429683486629955e-28,0.29500353680475433,0.345,0.188,8.939358258557028e-24
MYCBP,5.444178003878666e-28,0.21174911880829317,0.552,0.337,9.845795920014568e-24
PPP3CA,6.394346716165555e-28,0.2050012020129828,0.782,0.524,1.1564176036185406e-23
EPM2A,7.131287085973698e-28,0.3805381970418784,0.175,0.071,1.2896932694983432e-23
GOT2,7.141683418049509e-28,0.23820571408764096,0.807,0.568,1.2915734461542537e-23
ZNF284,7.461514501220176e-28,0.2428291104519822,0.22,0.1,1.349414897545669e-23
VSTM5,7.77955679440434e-28,0.37407765580730734,0.172,0.068,1.406932846268025e-23
SNRNP25,8.125833472255576e-28,0.2026901947629829,0.661,0.43,1.469556983457421e-23
VIRMA,9.154748057065826e-28,0.20034082233844563,0.657,0.414,1.6556361861203547e-23
TDRKH,1.1003956187114617e-27,0.20161786902435797,0.226,0.103,1.9900654764396785e-23
GOLGA7B,1.155781072830629e-27,0.5128996970317141,0.171,0.069,2.0902300702141927e-23
ZNF658,1.184067282787104e-27,0.3109355060747312,0.183,0.076,2.1413856809204776e-23
HOXA9,1.2558240772788668e-27,0.3762107050233916,0.86,0.701,2.2711578437588308e-23
MAB21L4,1.3269664637415886e-27,0.20047117187669938,0.184,0.077,2.399818849676663e-23
FANCD2,1.3785885761283148e-27,0.22534550884909343,0.288,0.148,2.4931774399280573e-23
RNF217,1.4640015051287688e-27,0.21317498905723742,0.269,0.132,2.6476467220253785e-23
CHURC1,1.49328434321203e-27,0.20900686581307304,0.897,0.682,2.700604734698956e-23
TPP2,1.6093107507576066e-27,0.20316176043098938,0.818,0.567,2.9104384927451317e-23
USO1,1.7706001096485385e-27,0.22069129772176316,0.751,0.509,3.202130298299382e-23
CDC34,2.0935260089824953e-27,0.21268199503121085,0.814,0.575,3.786141787244843e-23
LRIG1,2.4403426802505118e-27,0.22253829849618656,0.485,0.303,4.4133597372330503e-23
TMEM168,2.7274736394814235e-27,0.23023785409166586,0.951,0.76,4.9326360770021545e-23
C9orf152,2.9980106617952397e-27,0.20052252343197022,0.758,0.51,5.421902281856691e-23
BGN,3.11792619837701e-27,0.3272105774798182,0.184,0.077,5.638769529764822e-23
NRBP1,3.3618018728796665e-27,0.2086931539351591,0.827,0.587,6.079818687102877e-23
GGCT,3.934656191479492e-27,0.2581010477585104,0.786,0.545,7.115825722290661e-23
LARP4,4.039692518491862e-27,0.20083051768973897,0.849,0.588,7.305783919692533e-23
AC015871.1,4.23515450866602e-27,0.3342664643914959,0.172,0.07,7.659276928922497e-23
IL15,4.474103702246197e-27,0.304757194989973,0.207,0.092,8.091416545512247e-23
ZNF644,5.2659137617591e-27,0.2006011389355764,0.973,0.826,9.523405038141332e-23
ATF6B,6.979799849553992e-27,0.20296368147793742,0.948,0.752,1.2622968027918395e-22
AGBL2,7.260000774343427e-27,0.28217732600553447,0.189,0.081,1.3129711400400087e-22
AIMP1,8.1301901498375e-27,0.22303932107699653,0.923,0.711,1.470344888598112e-22
MACF1,8.622724175471796e-27,0.20122493218176382,0.885,0.632,1.5594196671340743e-22
CHORDC1,9.832706681080812e-27,0.2600124392343055,0.207,0.094,1.7782450032734648e-22
PON2,1.0822427230061194e-26,0.2417657195206,0.922,0.728,1.957235964556567e-22
RNF141,1.0994160606399358e-26,0.20160491475714254,0.817,0.569,1.988293945667324e-22
DPP7,1.3669962879899388e-26,0.2124806623929838,0.871,0.643,2.4722127868298045e-22
YWHAQ,1.422184930039006e-26,0.2086862501247465,0.884,0.655,2.572021445975542e-22
IRF8,1.4649514744848987e-26,0.2054165180811188,0.803,0.571,2.6493647416059394e-22
PIP4K2A,1.6314898970490775e-26,0.24063120148824346,0.232,0.109,2.9505494788132566e-22
SRP9,1.8344631272009012e-26,0.22956249446625265,0.918,0.716,3.3176265655428297e-22
FRY,2.6954325671848475e-26,0.29127961354052756,0.184,0.079,4.874689797753797e-22
EIF2AK2,2.821656557413277e-26,0.20811712984507538,0.792,0.545,5.102965884081911e-22
TMEM33,3.058486077133677e-26,0.2244282289532153,0.715,0.477,5.531272070496255e-22
AFF1,3.712924527316055e-26,0.20217274261088955,0.845,0.597,6.714824007651085e-22
CHM,4.1545964379459596e-26,0.21251881194440037,0.313,0.166,7.513587658025268e-22
SPATA20,4.425171070067311e-26,0.23618923348585852,0.947,0.77,8.002921880216732e-22
RPTOR,4.8120015434411123e-26,0.20743299565967419,0.816,0.569,8.70250479131325e-22
MCM4,4.829734347912636e-26,0.2427080287879656,0.808,0.575,8.734574568200002e-22
FHOD3,5.25734446953086e-26,0.206485462150237,0.227,0.107,9.507907473146561e-22
HSPA5,5.378839646170589e-26,0.2815329365492356,0.641,0.424,9.72763150009951e-22
ZNF286A,5.795020539426504e-26,0.24457474106920785,0.177,0.074,1.0480294645552833e-21
NDUFB2,6.072377815910063e-26,0.2168586187560371,0.838,0.614,1.0981895280073349e-21
LARP7,6.66468798829305e-26,0.22735740560462236,0.803,0.556,1.205308822682798e-21
STAG2,6.976110394657303e-26,0.20309736238639675,0.914,0.7,1.2616295648737732e-21
CS,8.256355358551106e-26,0.3129577329079396,0.255,0.128,1.4931618665939674e-21
ZNF681,1.1254657861546288e-25,0.23343654112457957,0.243,0.119,2.0354048742606462e-21
LDLRAD3,1.1667578200491045e-25,0.25152857839210174,0.187,0.082,2.1100815175588056e-21
ITGB1BP2,1.5241334385600916e-25,0.23443640054303527,0.179,0.076,2.7563953236359256e-21
UBAP1L,2.4152773979395e-25,0.23820524479767125,0.213,0.101,4.368029174173586e-21
TMEM176B,3.123875976984376e-25,0.23276248577543357,0.946,0.792,5.649529704376244e-21
IL1RL2,3.158837879321009e-25,0.35142172871569155,0.201,0.093,5.7127583047520454e-21
NUCB1,3.5149833661992757e-25,0.20438288278090866,0.934,0.772,6.35684741777139e-21
FKBP9,3.7374085925590046e-25,0.21140616858077144,0.801,0.553,6.75910343964296e-21
STAT3,3.8575737095017724e-25,0.21685620763247804,0.874,0.654,6.976422053633956e-21
WASHC4,3.9775811830864758e-25,0.2015626256670267,0.803,0.535,7.193455569611891e-21
ZNF25,4.48902623579393e-25,0.3575947455798363,0.218,0.104,8.118403947433323e-21
STAT4,4.545255658395258e-25,0.34228858161658104,0.191,0.086,8.220094858207824e-21
KIF5B,4.660321610667194e-25,0.23871684882541633,0.974,0.846,8.42819163289162e-21
GAL3ST1,5.717525796815039e-25,0.34156805427954495,0.206,0.097,1.0340145403539998e-20
NANP,6.252896867191103e-25,0.26601575931629506,0.196,0.089,1.130836398431511e-20
COPS6,6.926621637597376e-25,0.2011028886983166,0.86,0.617,1.2526795231594853e-20
GRHL1,8.683406566200449e-25,0.20471398580940026,0.185,0.081,1.5703940774973512e-20
RGS6,9.145901294275203e-25,0.6651532827302384,0.186,0.085,1.6540362490696705e-20
ZBTB49,9.716528472545692e-25,0.2562779982756056,0.209,0.098,1.7572341742598882e-20
PDIA3,1.2136910358730068e-24,0.22974315452966043,0.831,0.621,2.1949602383763328e-20
COX16,1.3405871216629038e-24,0.201420582272044,0.85,0.623,2.4244518095273614e-20
GNG5,1.4650839847985902e-24,0.2332972388394916,0.226,0.11,2.6496043865082503e-20
AKR1E2,1.5534459676434594e-24,0.3043961231182899,0.317,0.18,2.8094070324831964e-20
JMJD1C,1.5766939287107679e-24,0.22594353867930705,0.925,0.697,2.851450970073424e-20
CALR,1.8850312815381566e-24,0.28901479045999634,0.78,0.577,3.409079072661756e-20
SACS,2.289024693002571e-24,0.21287633696217334,0.193,0.088,4.13970115729515e-20
ORMDL1,2.664777096170901e-24,0.20750156344575554,0.864,0.613,4.819249378425075e-20
DCTN4,3.335417331400239e-24,0.20334908070459407,0.909,0.676,6.032102243837332e-20
NEK6,3.67519283290105e-24,0.21187843810625573,0.981,0.856,6.646586238301549e-20
ENY2,7.427045985703666e-24,0.21022997095231266,0.862,0.623,1.343181266514508e-19
NFAT5,1.0569513923257491e-23,0.2063598032172137,0.904,0.675,1.9114965930211174e-19
LMAN2,1.1580050669224991e-23,0.2121729638728469,0.916,0.725,2.0942521635293396e-19
TM9SF2,1.6289185101657254e-23,0.21020650964554077,0.955,0.833,2.9458991256347143e-19
SNRPB,1.7909238489032157e-23,0.20535695831525635,0.936,0.772,3.2388857807414657e-19
TSTA3,2.0029263898945238e-23,0.2091748723074039,0.853,0.639,3.622292376124246e-19
TOMM5,2.809595605923194e-23,0.21571360331962908,0.875,0.643,5.081153653312096e-19
ATP5MG,3.6871899796881773e-23,0.2092144888766848,0.858,0.651,6.668283078266069e-19
CEL,3.689249089608142e-23,0.3296309050646413,0.186,0.085,6.672006978556325e-19
TRABD2A,4.322566860841562e-23,0.22267280901359032,0.749,0.553,7.817362167831966e-19
UQCRC2,1.1179696586984672e-22,0.20337363688708476,0.832,0.601,2.021848127756178e-18
MSX2,1.942558508845849e-22,0.30280763061500426,0.396,0.247,3.513117063247718e-18
ZNF594,8.598060653667583e-22,0.2462852841349341,0.203,0.1,1.5549592692157824e-17
RIDA,1.214307299339639e-21,0.29988307729003116,0.249,0.132,2.196074750855737e-17
ZNF449,1.4855331263440026e-21,0.30565627309959176,0.202,0.1,2.6865866589931286e-17
LCN15,1.9351497433823223e-21,0.877490590876592,0.387,0.272,3.4997183109069297e-17
TMED2,4.1009356943406995e-20,0.200270749967318,0.762,0.549,7.416542203215155e-16
UBB,1.4607948828675204e-19,0.2070709905004624,0.807,0.617,2.6418475456659104e-15
ESYT2,1.5258362825490733e-18,0.2148508083099937,0.927,0.738,2.7594749169899992e-14
FLNB,1.5548421309389087e-17,0.20203817759015574,0.865,0.701,2.8119319938030164e-13
HEPACAM2,2.5245664453825284e-13,0.278832105396716,0.78,0.601,4.565678416474302e-9
