"barcode","sample_id","dpt_pseudotime"
"AACAGGATTCATAGTT-1","Pilot_large_2",0.24984843
"AACAGGTTATTGCACC-1","Pilot_large_2",0.6970787
"AACAGGTTCACCGAAG-1","Pilot_large_2",0.62456
"AACATACTCATATGCG-1","Pilot_large_2",0.89914703
"AACATAGTCTATCTAC-1","Pilot_large_2",0.80796385
"AACATCTAATGACCGG-1","Pilot_large_2",0.4176805
"AACATGACTTGGCTGC-1","Pilot_large_2",0.5833989
"AACATGCGCAAGTGAG-1","Pilot_large_2",0.77518576
"AACCAATCTGGTTGGC-1","Pilot_large_2",0.84390986
"AACCACTAACATGATT-1","Pilot_large_2",0.83568686
"AACCACTGCCATAGCC-1","Pilot_large_2",0.42739508
"AACCAGAATCAGACGT-1","Pilot_large_2",0.4940711
"AACCATCGGAAGCGAC-1","Pilot_large_2",0.9028639
"AACCATGAATTGCCTT-1","Pilot_large_2",0.82211494
"AACCGCATGTATGTTA-1","Pilot_large_2",0.7037899
"AACCGCCAGACTACTT-1","Pilot_large_2",0.8164484
"AACCGTGCTTATGTTG-1","Pilot_large_2",0.81919414
"AACCTAAGATACTGAG-1","Pilot_large_2",0.08529624
"AACCTACAGAGGTAGT-1","Pilot_large_2",0.30996487
"AACCTACTGTAACTCA-1","Pilot_large_2",0.81312037
"AACCTGACAGTGCCGC-1","Pilot_large_2",0.7713693
"AACCTTAGCGTCCGGT-1","Pilot_large_2",0.6472514
"AACGAATTGACCGGTT-1","Pilot_large_2",0.78371936
"AACGACATTAAGATGG-1","Pilot_large_2",0.7927863
"AACGACCATTCGAATC-1","Pilot_large_2",0.79679865
"AACGAGCCTCTTCGGC-1","Pilot_large_2",0.8549021
"AACGAGCTAATAACTA-1","Pilot_large_2",0.73612547
"AACGGCACAGAATATT-1","Pilot_large_2",0.9778512
"AACGGTAATCGACCTG-1","Pilot_large_2",0.9223214
"AACTAACGAACTAGAT-1","Pilot_large_2",0.032256335
"AACTAGCACTGTTCGA-1","Pilot_large_2",0.61921966
"AACTAGCATCACGTAC-1","Pilot_large_2",0.74839884
"AACTAGCCTAATAGCA-1","Pilot_large_2",0.8152508
"AACTAGCCTTGCAATA-1","Pilot_large_2",0.5324044
"AACTAGCGCTCCAGTT-1","Pilot_large_2",0.7570075
"AACTATCGTCATAGTC-1","Pilot_large_2",0.73034203
"AACTATCTAGCAGTAT-1","Pilot_large_2",0.8091206
"AACTATGCTGCATTCG-1","Pilot_large_2",0.79823965
"AACTATGTGCTTGTTA-1","Pilot_large_2",0.09069058
"AACTCACCGAACTTAT-1","Pilot_large_2",0.5010639
"AACTCACCTCGGTGTT-1","Pilot_large_2",0.7047037
"AACTCACGGAGTACGT-1","Pilot_large_2",0.4345787
"AACTGCAATACGGATT-1","Pilot_large_2",0.88359433
"AACTGCCGGAGTAACA-1","Pilot_large_2",0.84468967
"AACTGCCTCGATAGGT-1","Pilot_large_2",0.11400565
"AACTGCGAACCTTACC-1","Pilot_large_2",0.7791912
"AACTGCGATGAATAGG-1","Pilot_large_2",0.85040694
"AACTGCGGTCCGAAGC-1","Pilot_large_2",0.75421375
"AACTGGTCATGTGGTT-1","Pilot_large_2",0.8543149
"AACTTAACAGTGAGGA-1","Pilot_large_2",0.8601579
"AACTTCAAGGATAATC-1","Pilot_large_2",0.5631491
"AACTTCAGATACTACC-1","Pilot_large_2",0.08626279
"AACTTCAGCATGGCCG-1","Pilot_large_2",0.89284194
"AACTTCATCTTCTGGT-1","Pilot_large_2",0.93312633
"AACTTGCAACTTGGAC-1","Pilot_large_2",0.80904746
"AACTTGCTCGTAACCG-1","Pilot_large_2",0.89077765
"AACTTGGTTAATACTA-1","Pilot_large_2",0.72438186
"AACTTGGTTACATAAC-1","Pilot_large_2",0.922217
"AACTTGTTGACCGATA-1","Pilot_large_2",0.9104664
"AAGAATTCTGGCTGCA-1","Pilot_large_2",0.49675542
"AAGACAATCTCCTGCA-1","Pilot_large_2",0.3164225
"AAGACTCAAGGCTCCA-1","Pilot_large_2",0.7226724
"AAGACTGCTACTTCCT-1","Pilot_large_2",0.89113516
"AAGACTGTCATAGTGC-1","Pilot_large_2",0.71015936
"AAGAGCAGATGTGCCA-1","Pilot_large_2",0.7722648
"AAGATAGGCTTGCTTA-1","Pilot_large_2",0.7985385
"AAGATATTGGACGTCC-1","Pilot_large_2",0.7935354
"AAGATGCACTATACTT-1","Pilot_large_2",0.87212837
"AAGATGGCCGCTAGTT-1","Pilot_large_2",0.8601287
"AAGATTAGGCTGTCTA-1","Pilot_large_2",0.9999615
"AAGATTATCTAGCATA-1","Pilot_large_2",0.361907
"AAGCAGTATCAGAATC-1","Pilot_large_2",0.8462873
"AAGCAGTGAGTGCGAC-1","Pilot_large_2",0.8731158
"AAGCAGTGGCTCATCC-1","Pilot_large_2",0.88017726
"AAGCAGTGTACACCGC-1","Pilot_large_2",0.69204265
"AAGCAGTGTAGAATCT-1","Pilot_large_2",0.561429
"AAGCATCAAGCGTGAT-1","Pilot_large_2",0.7796117
"AAGCATTGAGTGGTTG-1","Pilot_large_2",0.7765982
"AAGCCACCATTCAAGA-1","Pilot_large_2",0.84451723
"AAGCCACTATGTCTAA-1","Pilot_large_2",0.6993323
"AAGCCAGATATCAGAA-1","Pilot_large_2",0.86905915
"AAGCCAGGCCGACGTG-1","Pilot_large_2",0.12306907
"AAGCCAGGCTGCTTGA-1","Pilot_large_2",0.60000795
"AAGCCAGGTTACGAAC-1","Pilot_large_2",0.83797866
"AAGCCATCCGTGCTAT-1","Pilot_large_2",0.888233
"AAGCCATCGCGATATG-1","Pilot_large_2",0.82697624
"AAGCCATTATCGAAGG-1","Pilot_large_2",0.5560929
"AAGCCATTATCTGCCA-1","Pilot_large_2",0.81312174
"AAGCGAGGAAGTGAAC-1","Pilot_large_2",0.67181164
"AAGCGTTCGTCTGTCC-1","Pilot_large_2",0.5275464
"AAGGACCAACATGGCT-1","Pilot_large_2",0.813733
"AAGGAGGCACTCAATT-1","Pilot_large_2",0.45766088
"AAGGAGTGGCTACCAA-1","Pilot_large_2",0.83771574
"AAGGCATGAACAGCTC-1","Pilot_large_2",0.7960299
"AAGGCCAATTCAATAA-1","Pilot_large_2",0.06474636
"AAGGCCAGTCGCAATT-1","Pilot_large_2",0.83767235
"AAGGCCGACTATGTAA-1","Pilot_large_2",0.7382513
"AAGGCCGATTCTGAGC-1","Pilot_large_2",0.05734275
"AAGGCCTCGCGAGGAA-1","Pilot_large_2",0.5170623
"AAGGCGAACTAGTAGA-1","Pilot_large_2",0.74470913
"AAGGCGACGGTGTCGG-1","Pilot_large_2",0.7177798
"AAGGCGAGGTTCATGT-1","Pilot_large_2",0.787757
"AAGGCGCCGACAATCT-1","Pilot_large_2",0.79082793
"AAGGCGCCTAACATAG-1","Pilot_large_2",0.78033197
"AAGGTGCCGCTAAGGT-1","Pilot_large_2",0.8295041
"AAGGTGGATATGATCG-1","Pilot_large_2",0.8960799
"AAGGTTCATGCGGTGC-1","Pilot_large_2",0.62821615
"AAGGTTGCAGAAGCAG-1","Pilot_large_2",0.77529216
"AAGGTTGCTGAGTTGA-1","Pilot_large_2",0.7149128
"AAGTACTAAGGTTACG-1","Pilot_large_2",0.49570885
"AAGTACTACAGTAGAA-1","Pilot_large_2",0.7748324
"AAGTATTGTAGGTCGC-1","Pilot_large_2",0.90156305
"AAGTCGCTATCCTGTC-1","Pilot_large_2",0.7909025
"AAGTCGGACACTTCAG-1","Pilot_large_2",0.80746305
"AAGTCTACCGGTTGGA-1","Pilot_large_2",0.57248574
"AAGTCTGTCAATTCTT-1","Pilot_large_2",0.6769814
"AAGTCTTAAGTTGCCA-1","Pilot_large_2",0.19816093
"AAGTCTTAATAGAACT-1","Pilot_large_2",0.9894678
"AAGTGAGCCTGTTACA-1","Pilot_large_2",0.03898791
"AAGTGGACGAATCTAC-1","Pilot_large_2",0.68057823
"AAGTGGCGAGTGTACA-1","Pilot_large_2",0.6942312
"AAGTGGTTCCTCGCGT-1","Pilot_large_2",0.77617323
"AAGTTAAGCACTATAA-1","Pilot_large_2",0.84142184
"AAGTTACTATTACATC-1","Pilot_large_2",0.68918186
"AAGTTCCTATTGCTGG-1","Pilot_large_2",0.69782853
"AATAACATGTGCTATG-1","Pilot_large_2",0.67261684
"AATAACATGTTACGTC-1","Pilot_large_2",0.24299803
"AATAACGTAACTGTGA-1","Pilot_large_2",0.7070731
"AATAACGTATTGAACA-1","Pilot_large_2",0.84106237
"AATAACTCTAATACAG-1","Pilot_large_2",0.89273185
"AATAACTCTACGATGT-1","Pilot_large_2",0.7895053
"AATACGGTACGGCCTA-1","Pilot_large_2",0.6963116
"AATACGTAGACAGTTA-1","Pilot_large_2",0.12993811
"AATACTAACCACTTAT-1","Pilot_large_2",0.8516663
"AATAGCACGGAAGCGA-1","Pilot_large_2",0.8134305
"AATAGTCGTTATCTAG-1","Pilot_large_2",0.86235285
"AATAGTCTGGAACAAT-1","Pilot_large_2",0.8842567
"AATAGTGCTCATAGAA-1","Pilot_large_2",0.5688611
"AATAGTGGAAGAGCAT-1","Pilot_large_2",0.07118257
"AATAGTTGGTGCTCAG-1","Pilot_large_2",0.16801478
"AATATTAGGCTTCTGG-1","Pilot_large_2",0.8184005
"AATCCGACCACGGTCC-1","Pilot_large_2",0.57623416
"AATCCGCCGACCTGAG-1","Pilot_large_2",0.50869936
"AATCCGCCTGGTCAAT-1","Pilot_large_2",0.7431548
"AATCCGGAGCTTGTCT-1","Pilot_large_2",0.8988557
"AATCGAACGGACGGAG-1","Pilot_large_2",0.8238972
"AATCGACTATCGCTAG-1","Pilot_large_2",0.83502555
"AATCTTAGCCTCTGTC-1","Pilot_large_2",0.5427756
"AATGAAGACGGTTCAG-1","Pilot_large_2",0.092258476
"AATGAAGAGGATGTAT-1","Pilot_large_2",0.87420714
"AATGCAATCACTGTCG-1","Pilot_large_2",0.79039145
"AATGCCGACGAGCAAC-1","Pilot_large_2",0.66568017
"AATGGACATCCTACTC-1","Pilot_large_2",0.020410474
"AATGGCATAGTATCAT-1","Pilot_large_2",0.40136755
"AATGGTCGAACGTGAA-1","Pilot_large_2",0.9093633
"AATGGTCGATACTCGG-1","Pilot_large_2",0.8167933
"AATGGTTATTCTAGCT-1","Pilot_large_2",0.9505276
"AATGTACTTAACATCA-1","Pilot_large_2",0.043346696
"AATGTAGTCTTACGAG-1","Pilot_large_2",0.8134714
"AATTAGCAACCGTTCC-1","Pilot_large_2",0.76421565
"AATTAGCTTAGGTGTA-1","Pilot_large_2",0.7796921
"AATTATACCTCAATGA-1","Pilot_large_2",0.7613312
"AATTCTAACATCGTGC-1","Pilot_large_2",0.8866705
"AATTCTCAGACGCAAC-1","Pilot_large_2",0.74780995
"AATTCTCGCACCAGTA-1","Pilot_large_2",0.72466713
"AATTCTTGGATACGGA-1","Pilot_large_2",0.61188036
"AATTGAATTCACTAGA-1","Pilot_large_2",0.88254607
"AATTGCATTGAAGAAT-1","Pilot_large_2",0.11362235
"AATTGCGGTGCTAATA-1","Pilot_large_2",0.81459063
"AATTGCGTCAGACACT-1","Pilot_large_2",0.794217
"AATTGGACGGCATCGT-1","Pilot_large_2",0.77305084
"AATTGGAGACATGGAG-1","Pilot_large_2",0.6458156
"AATTGGCTTGAGTTGC-1","Pilot_large_2",0.16037944
"AATTGTAGAATCCTAG-1","Pilot_large_2",0.40730888
"ACAACCTTGGTGTCAA-1","Pilot_large_2",0.90816504
"ACAACGAGCGATCTGA-1","Pilot_large_2",0.11838739
"ACAACGCCGATAGTAT-1","Pilot_large_2",0.8084149
"ACAACGTGGAGCTACT-1","Pilot_large_2",0.7467369
"ACAACTAAGTGGCGCT-1","Pilot_large_2",0.05415807
"ACAACTGAATCCAGTC-1","Pilot_large_2",0.051913954
"ACAATACACTTCCATC-1","Pilot_large_2",0.79079056
"ACAATACGCCTTATTC-1","Pilot_large_2",0.70599824
"ACAATAGGATCCAACC-1","Pilot_large_2",0.80125165
"ACAATATCATCCGGTA-1","Pilot_large_2",0.7962774
"ACAGAAGTGATCAATC-1","Pilot_large_2",0.9128029
"ACAGAATAAGAACCAT-1","Pilot_large_2",0.05496596
"ACAGAATAAGATAGTG-1","Pilot_large_2",0.1301788
"ACAGAATCTTGATAAG-1","Pilot_large_2",0.12149048
"ACAGAATGTTGAGTCC-1","Pilot_large_2",0.8445539
"ACAGCCAGGCATAAGC-1","Pilot_large_2",0.7047869
"ACAGGAACTACAGAAC-1","Pilot_large_2",0.17095865
"ACAGGATACCGGATTC-1","Pilot_large_2",0.8673262
"ACAGGCACGCGAGGAT-1","Pilot_large_2",0.798828
"ACAGGCATTGAACCAT-1","Pilot_large_2",0.8788597
"ACAGGCCTTCTAATGC-1","Pilot_large_2",0.74291754
"ACAGGTACCAAGGAAG-1","Pilot_large_2",0.7540001
"ACAGGTGGACGACCTC-1","Pilot_large_2",0.92289007
"ACAGGTTCAGTGAACG-1","Pilot_large_2",0.40042838
"ACAGTACGCACTACCT-1","Pilot_large_2",0.85433483
"ACATAAGACGCATATG-1","Pilot_large_2",0.22028054
"ACATAAGCAATGCGGT-1","Pilot_large_2",0.7632339
"ACATCACTGGCGTTCG-1","Pilot_large_2",0.69048613
"ACATCGAAGTGATTAA-1","Pilot_large_2",0.85880786
"ACATCGCCACAAGAGG-1","Pilot_large_2",0.80929077
"ACATCGGCTTACAAGG-1","Pilot_large_2",0.8237166
"ACATCGTAGACAGGTT-1","Pilot_large_2",0.8658639
"ACATCGTCGGTCTACC-1","Pilot_large_2",0.19578388
"ACATCTACCTGTTCTA-1","Pilot_large_2",0.8101246
"ACATCTATCCGAACCA-1","Pilot_large_2",0.904566
"ACATCTCAGTATTGCA-1","Pilot_large_2",0.7056411
"ACATCTCGCATAGAAT-1","Pilot_large_2",0.77517205
"ACATGTTCCACTGATA-1","Pilot_large_2",0.070550464
"ACATGTTGCTTGATCT-1","Pilot_large_2",0.85687304
"ACATTCCTGAGTTCCG-1","Pilot_large_2",0.91579616
"ACATTGAAGGCGGTGC-1","Pilot_large_2",0.77433634
"ACATTGAATACGCATA-1","Pilot_large_2",0.85428655
"ACATTGATCGTAATCC-1","Pilot_large_2",0.4058803
"ACATTGCAGTTCGGCA-1","Pilot_large_2",0.8646082
"ACATTGGTTCTGCCGT-1","Pilot_large_2",0.8238834
"ACATTGTACATTCTTG-1","Pilot_large_2",0.09122928
"ACCAAGGCTTCGCTAG-1","Pilot_large_2",0.8867238
"ACCAAGTGATGGTGAG-1","Pilot_large_2",0.7996895
"ACCAAGTGGCTGTATG-1","Pilot_large_2",0.4774789
"ACCAATGAGCCTCATC-1","Pilot_large_2",0.27116632
"ACCACGGATCCGGATA-1","Pilot_large_2",0.91357124
"ACCAGTATGAAGTTCC-1","Pilot_large_2",0.76344955
"ACCGAAGATGTCGGCA-1","Pilot_large_2",0.042807505
"ACCGAGAACGTGTTGG-1","Pilot_large_2",0.83879054
"ACCGAGGTGATACCGA-1","Pilot_large_2",0.74992436
"ACCGCAGGTCGAGTTG-1","Pilot_large_2",0.7109575
"ACCGCTTGCTAAGCAG-1","Pilot_large_2",0.7525016
"ACCGGACGCCAAGCGT-1","Pilot_large_2",0.8010468
"ACCGGCACCATACTGC-1","Pilot_large_2",0.7376705
"ACCGGCTATCGTGCGG-1","Pilot_large_2",0.76411957
"ACCGTACACGACCGTC-1","Pilot_large_2",0.6901852
"ACCGTACTATCGGAGG-1","Pilot_large_2",0.07107231
"ACCGTAGGCGGAGGTT-1","Pilot_large_2",0.7864547
"ACCGTCGAGTATACTC-1","Pilot_large_2",0.9204068
"ACCTAACAATCTTCAA-1","Pilot_large_2",0.8118991
"ACCTAATGTTACCAAT-1","Pilot_large_2",0.06045057
"ACCTAATTGTCGCTGA-1","Pilot_large_2",0.82889193
"ACCTATGCTACCGGAT-1","Pilot_large_2",0.8293047
"ACCTCCACAGAACTCA-1","Pilot_large_2",0.74937356
"ACCTCCGATTATAAGA-1","Pilot_large_2",0.91509235
"ACCTCCTAGAGGCATG-1","Pilot_large_2",0.6590407
"ACCTGCCACTATCAAT-1","Pilot_large_2",0.5458895
"ACCTGCTTATAGTTCG-1","Pilot_large_2",0.68733823
"ACCTGCTTGAGCCTGG-1","Pilot_large_2",0.54291314
"ACCTGCTTGCTACGAC-1","Pilot_large_2",0.22514339
"ACCTGTAACCGAATAA-1","Pilot_large_2",0.8784163
"ACCTGTCTGCGGTTGT-1","Pilot_large_2",0.5572945
"ACCTGTGGCGCTGCAA-1","Pilot_large_2",0.8207115
"ACCTGTGGTCACCTCG-1","Pilot_large_2",0.27652544
"ACCTTCAGACCTCGGT-1","Pilot_large_2",0.9543386
"ACCTTGGCTCTGTAAG-1","Pilot_large_2",0.575192
"ACGAACATAGGATCGG-1","Pilot_large_2",0.75560015
"ACGAAGCCACCTGAGG-1","Pilot_large_2",0.77740544
"ACGAAGCTCATCCTCG-1","Pilot_large_2",0.84525466
"ACGACAAGCACTTCAC-1","Pilot_large_2",0.7791141
"ACGACTGAAGACTTAC-1","Pilot_large_2",0.6266383
"ACGAGGACAACTCACC-1","Pilot_large_2",0.7620485
"ACGAGTGCGTGCGTTC-1","Pilot_large_2",0.74275684
"ACGATGCGAAGGAGCA-1","Pilot_large_2",0.040356606
"ACGATGCTCCAATACA-1","Pilot_large_2",0.8434841
"ACGATGTCGCACAATC-1","Pilot_large_2",0.14344749
"ACGATGTCGTTGCCAA-1","Pilot_large_2",0.0781105
"ACGATGTTACCTCATT-1","Pilot_large_2",0.14572918
"ACGCAACGAAGAGTAT-1","Pilot_large_2",0.71289593
"ACGCAAGCTCCGCTTA-1","Pilot_large_2",0.7641447
"ACGCAAGGCATAAGTC-1","Pilot_large_2",0.80130553
"ACGCAAGGCGTCCAAT-1","Pilot_large_2",0.95700276
"ACGCAATAGTATACGA-1","Pilot_large_2",0.76745105
"ACGCACATTGTAAGTA-1","Pilot_large_2",0.84255475
"ACGCGGAAGAGTTCCG-1","Pilot_large_2",0.8067437
"ACGCGTAGACTCAACT-1","Pilot_large_2",0.92319846
"ACGCGTTCCAGCCTTC-1","Pilot_large_2",0.9796934
"ACGCTCAGTGCTATTC-1","Pilot_large_2",0.8366417
"ACGCTGCGATTAACGA-1","Pilot_large_2",0.8462392
"ACGGCCGTCAACGTAT-1","Pilot_large_2",0.04609169
"ACGGCCGTGACATTAA-1","Pilot_large_2",0.7582342
"ACGGCCTGGCTAAGTT-1","Pilot_large_2",0.9854698
"ACGGCTATGGCATACC-1","Pilot_large_2",0.0609535
"ACGGCTTAACGATAGT-1","Pilot_large_2",0.63718
"ACGGCTTATTGGTATG-1","Pilot_large_2",0.8785581
"ACGGCTTCAGGTACCG-1","Pilot_large_2",0.874838
"ACGGCTTCCATCGGAA-1","Pilot_large_2",0.33236343
"ACGGCTTCGATTAAGC-1","Pilot_large_2",0.91391295
"ACGGTCGGACAGGCGA-1","Pilot_large_2",0.4362429
"ACGGTGATAATGTTAC-1","Pilot_large_2",0.9664585
"ACGGTGTACGGTGCCA-1","Pilot_large_2",0.8561535
"ACGGTTACATCCGAAG-1","Pilot_large_2",0.6880324
"ACGGTTCACCTTCCGG-1","Pilot_large_2",0.7962771
"ACGGTTCGCAAGTAAC-1","Pilot_large_2",0.6116614
"ACGGTTCGTACAGTTG-1","Pilot_large_2",0.644987
"ACGGTTCGTCCGACCG-1","Pilot_large_2",0.4264144
"ACGTCAGATTACTTCG-1","Pilot_large_2",0.7333553
"ACGTGAAGGTCGCCTC-1","Pilot_large_2",0.87102586
"ACGTGCAATTATTCGG-1","Pilot_large_2",0.8530156
"ACGTTAATACAATGAC-1","Pilot_large_2",0.25307804
"ACGTTACGCAGACAGC-1","Pilot_large_2",0.69040024
"ACGTTAGGCTCAAGCC-1","Pilot_large_2",0.7551115
"ACGTTCACATGATCTG-1","Pilot_large_2",0.08440678
"ACGTTCACTAGTTGTA-1","Pilot_large_2",0.6386274
"ACGTTCCATTACCTCA-1","Pilot_large_2",0.59980595
"ACGTTCGTCCGCCTAT-1","Pilot_large_2",0.7380348
"ACGTTCTATGCACGAC-1","Pilot_large_2",0.6137481
"ACGTTCTGCCATAATC-1","Pilot_large_2",0.07256374
"ACTAATAGTCAACATA-1","Pilot_large_2",0.7160992
"ACTACCAACTGTGGCT-1","Pilot_large_2",0.7206718
"ACTACGCCTCATGATT-1","Pilot_large_2",0.67729884
"ACTAGATCTGAAGCGG-1","Pilot_large_2",0.7379309
"ACTATCAAGGACGGAA-1","Pilot_large_2",0.8299824
"ACTATGAGGTTCTGTC-1","Pilot_large_2",0.6566691
"ACTATTACCAGGTGCT-1","Pilot_large_2",0.81009924
"ACTATTAGACAGGCTG-1","Pilot_large_2",0.7395161
"ACTATTAGCCTAATCG-1","Pilot_large_2",0.7736092
"ACTATTGCGAGCTAGA-1","Pilot_large_2",0.7790254
"ACTCAGCTCGAGTGTC-1","Pilot_large_2",0.873508
"ACTCAGCTTCTGAGAC-1","Pilot_large_2",0.8800965
"ACTCAGTAGATACAAT-1","Pilot_large_2",0.87028265
"ACTCAGTGAGCCTCCA-1","Pilot_large_2",0.16803761
"ACTCCACGTTCGCTAC-1","Pilot_large_2",0.05784208
"ACTCCAGGCCGAAGAC-1","Pilot_large_2",0.8019485
"ACTCCAGTAGCTCCAG-1","Pilot_large_2",0.2331758
"ACTCCTATGTTCCTAC-1","Pilot_large_2",0.897488
"ACTCCTGACCACTGAG-1","Pilot_large_2",0.7921812
"ACTCCTGCGGCAACCA-1","Pilot_large_2",0.8810477
"ACTCCTTGTCCAGACC-1","Pilot_large_2",0.9344855
"ACTCGAACGTTCGTTA-1","Pilot_large_2",0.8962673
"ACTCGAGTCCAAGTTG-1","Pilot_large_2",0.8033502
"ACTCGATAAGACCAGG-1","Pilot_large_2",0.88998455
"ACTCGATTGATATCCA-1","Pilot_large_2",0.3999456
"ACTCGTTCCTGATACA-1","Pilot_large_2",0.9114193
"ACTCTAAGCTTGCGCC-1","Pilot_large_2",0.20603837
"ACTCTACTTCCGCATT-1","Pilot_large_2",0.7448045
"ACTCTGACCTTACTGA-1","Pilot_large_2",0.9052409
"ACTCTTGCGGAGAACC-1","Pilot_large_2",0.5509787
"ACTGACGGCCATGTCT-1","Pilot_large_2",0.95220083
"ACTGACGGCGAATAGT-1","Pilot_large_2",0.809169
"ACTGACTGTCATCTAC-1","Pilot_large_2",0.6711183
"ACTGAGACCTTAGCAC-1","Pilot_large_2",0.8560006
"ACTGAGCGATTACTAA-1","Pilot_large_2",0.76706463
"ACTGAGCGCAACTCAT-1","Pilot_large_2",0.5846338
"ACTGAGGATAGGCGCT-1","Pilot_large_2",0.7749449
"ACTGATACAGAACGTC-1","Pilot_large_2",0.69740486
"ACTGATACCTTCACTA-1","Pilot_large_2",0.813636
"ACTGATACTCCATTAC-1","Pilot_large_2",0.87272316
"ACTGATGTCCACTCGC-1","Pilot_large_2",0.92504406
"ACTGCATCTTGTTCCA-1","Pilot_large_2",0.81775206
"ACTGGTAAGGCCTCAG-1","Pilot_large_2",0.9143895
"ACTGGTGATTCCGATC-1","Pilot_large_2",0.8367382
"ACTGGTTCTGAACGAT-1","Pilot_large_2",0.742891
"ACTGTACAATTCTACT-1","Pilot_large_2",0.7903919
"ACTGTACATCCGATAC-1","Pilot_large_2",0.8392447
"ACTGTAGACAAGGAAT-1","Pilot_large_2",0.6718757
"ACTGTAGCAGCTTCTG-1","Pilot_large_2",0.8124565
"ACTGTATGATCCTCAT-1","Pilot_large_2",0
"ACTTAAGCCAGTAGGA-1","Pilot_large_2",0.6366362
"ACTTCGACGGATCATT-1","Pilot_large_2",0.037893973
"ACTTGAGCCGTTCTTA-1","Pilot_large_2",0.1506017
"AGAACAGGAGCATGGA-1","Pilot_large_2",0.70952094
"AGAACATACTGGTCGT-1","Pilot_large_2",0.7592314
"AGAACTTCGATGCGTA-1","Pilot_large_2",0.50855356
"AGAAGCAATGAGGAAC-1","Pilot_large_2",0.7927965
"AGAAGGATGGTATGAA-1","Pilot_large_2",0.7941946
"AGAAGGCGTAGAATAG-1","Pilot_large_2",0.7640757
"AGAAGTTAACCAGAGC-1","Pilot_large_2",0.81849545
"AGAAGTTGAGCGCAAG-1","Pilot_large_2",0.40205154
"AGAATTCTGTTGACAA-1","Pilot_large_2",0.8665804
"AGACAAGACGTATCGC-1","Pilot_large_2",0.54913247
"AGACATCTTAGCACCT-1","Pilot_large_2",0.14835098
"AGACCGAACCGATGTC-1","Pilot_large_2",0.9094544
"AGACCGAAGACTACTC-1","Pilot_large_2",0.84461147
"AGACCGCCAAGTTCAA-1","Pilot_large_2",0.8076673
"AGACCGCCGGCCAATG-1","Pilot_large_2",0.34582213
"AGACCGGAGCAACGCT-1","Pilot_large_2",0.5395608
"AGACCGTCACTGAGCT-1","Pilot_large_2",0.09348763
"AGACCGTCATTAGTTA-1","Pilot_large_2",0.6771911
"AGACCTATCCTTATAG-1","Pilot_large_2",0.6585688
"AGACCTCAGCGAGGTG-1","Pilot_large_2",0.8648744
"AGACCTTCGCGTGAAC-1","Pilot_large_2",0.8555899
"AGACGCGTGATGCATC-1","Pilot_large_2",0.622169
"AGACGCTTGGCCTCAC-1","Pilot_large_2",0.7907407
"AGACGGCCTTACGGAG-1","Pilot_large_2",0.17200632
"AGACGTGGCGTTGAGT-1","Pilot_large_2",0.8021648
"AGACTACGTGCTCCAT-1","Pilot_large_2",0.6416454
"AGACTCAGACAGATAA-1","Pilot_large_2",0.8541285
"AGACTCATGACCTGGC-1","Pilot_large_2",0.82672966
"AGACTCGACTCCTAAT-1","Pilot_large_2",0.76842237
"AGACTCTATTAGCGCT-1","Pilot_large_2",0.7614655
"AGACTGGTAAGGAGGT-1","Pilot_large_2",0.076111786
"AGATAACCAATACGCC-1","Pilot_large_2",0.16929923
"AGATAAGTGCTACGAC-1","Pilot_large_2",0.7866317
"AGATACAAGGATGGTG-1","Pilot_large_2",0.87021124
"AGATACATCTACGCAC-1","Pilot_large_2",0.7924194
"AGATCAGTCGATAGAA-1","Pilot_large_2",0.122702196
"AGATCATTCACGCTGT-1","Pilot_large_2",0.6032523
"AGATCTAACGAGCTCA-1","Pilot_large_2",0.7865569
"AGATGAGGCGCCTCCA-1","Pilot_large_2",0.83223313
"AGATGCACGTAGGTGC-1","Pilot_large_2",0.7961291
"AGATTGCGCCTCGCTC-1","Pilot_large_2",0.85324997
"AGCAATAACAATTCCA-1","Pilot_large_2",0.7712882
"AGCACGATACCTAAGC-1","Pilot_large_2",0.6697956
"AGCACGCTCGATCTAA-1","Pilot_large_2",0.6549585
"AGCACGGAGGCAGTCA-1","Pilot_large_2",0.38711825
"AGCACGTGCACCTCTG-1","Pilot_large_2",0.9244397
"AGCACTCATACAGAAC-1","Pilot_large_2",0.77326375
"AGCACTGCATCCTAGC-1","Pilot_large_2",0.786131
"AGCAGGATAGGTCTCC-1","Pilot_large_2",0.8383771
"AGCAGGTAAGTATCTG-1","Pilot_large_2",0.74799675
"AGCAGGTATGCCATTG-1","Pilot_large_2",0.84084004
"AGCAGGTGCAATGGTT-1","Pilot_large_2",0.051807765
"AGCATAATTCCAGATA-1","Pilot_large_2",0.8447046
"AGCATCCTGACAGCCG-1","Pilot_large_2",0.8200861
"AGCATGAGCGAATATT-1","Pilot_large_2",0.81856865
"AGCATGCACCGCGTCA-1","Pilot_large_2",0.8299794
"AGCATTAGACGGATTG-1","Pilot_large_2",0.85670125
"AGCCAGATACTCGAAC-1","Pilot_large_2",0.72274035
"AGCCAGATCAAGATTC-1","Pilot_large_2",0.98254937
"AGCCGTAGACTCTGAA-1","Pilot_large_2",0.88067865
"AGCCGTAGTGGAGTGC-1","Pilot_large_2",0.233834
"AGCCGTATCTTCGTCT-1","Pilot_large_2",0.75700086
"AGCCGTATTCAACCGT-1","Pilot_large_2",0.055168882
"AGCCTACGGTGACCAA-1","Pilot_large_2",0.86568236
"AGCCTCCGAACTACCA-1","Pilot_large_2",0.48550662
"AGCCTCGCATGGTCCT-1","Pilot_large_2",0.05021916
"AGCCTCTATGCAGCAA-1","Pilot_large_2",0.75484836
"AGCGACATCCTTCTAA-1","Pilot_large_2",0.83694327
"AGCGACATTCGATCTG-1","Pilot_large_2",0.09028215
"AGCGACCGTTCTATAC-1","Pilot_large_2",0.7621566
"AGCGACTATGTATCTT-1","Pilot_large_2",0.82879484
"AGCGAGAACAGATTCT-1","Pilot_large_2",0.24324347
"AGCGAGGAACTGGTCC-1","Pilot_large_2",0.67661834
"AGCGCATCGTGGTCGA-1","Pilot_large_2",0.7916184
"AGCGGAATGTCGCTGT-1","Pilot_large_2",0.80303156
"AGCGGATCGCGGACAG-1","Pilot_large_2",0.8909664
"AGCGGCGAATAATCTT-1","Pilot_large_2",0.8367378
"AGCGGTACGCCGAGAA-1","Pilot_large_2",0.8247508
"AGCGGTACGGCGCATC-1","Pilot_large_2",0.8574166
"AGCGGTGCACCAAGCC-1","Pilot_large_2",0.9128842
"AGCGGTGCAGGCATCT-1","Pilot_large_2",0.84929836
"AGCGGTTAATCGAAGT-1","Pilot_large_2",0.7533677
"AGCGGTTACAATACGC-1","Pilot_large_2",0.18235283
"AGCGGTTAGACTCGCC-1","Pilot_large_2",0.77615225
"AGCGTGCGCCTGATCG-1","Pilot_large_2",0.60626704
"AGCGTGCTTCGCTCAT-1","Pilot_large_2",0.53038716
"AGCGTGTATGTACGGT-1","Pilot_large_2",0.72715086
"AGCGTTACAGTCCTGG-1","Pilot_large_2",0.97658306
"AGCGTTATACCTGTTG-1","Pilot_large_2",0.40378156
"AGCGTTGGCTCACGAT-1","Pilot_large_2",0.8254222
"AGCTATAAGTCCAGCA-1","Pilot_large_2",0.89275295
"AGCTATAGAATAGTCT-1","Pilot_large_2",0.83366215
"AGCTCAACATCGTCCG-1","Pilot_large_2",0.89498496
"AGCTCACTATGCAGTT-1","Pilot_large_2",0.06825965
"AGCTCGACAGGCGATA-1","Pilot_large_2",0.10482586
"AGCTGACGTAACGCTG-1","Pilot_large_2",0.8674903
"AGCTGATCGGATTGTT-1","Pilot_large_2",0.91168374
"AGCTGTACGCTGACTC-1","Pilot_large_2",0.7772656
"AGCTGTCCAGATGCTA-1","Pilot_large_2",0.39946413
"AGCTGTTCCGGTGATT-1","Pilot_large_2",0.65483904
"AGCTGTTGAAGGCCTT-1","Pilot_large_2",0.9234766
"AGCTTCGCTGCGGTCA-1","Pilot_large_2",0.9190027
"AGCTTGGATGCAAGCC-1","Pilot_large_2",0.9167871
"AGGAATTACGGTGACG-1","Pilot_large_2",0.65463185
"AGGACCAGTAACCTAA-1","Pilot_large_2",0.86205435
"AGGACCGCAATAGTTA-1","Pilot_large_2",0.8651585
"AGGACCGTAGATGCTA-1","Pilot_large_2",0.812443
"AGGACCTGTACCATTC-1","Pilot_large_2",0.8801484
"AGGACGAAGCCTCCTT-1","Pilot_large_2",0.91492546
"AGGACTAGGACCGCAG-1","Pilot_large_2",0.5933294
"AGGACTGGATGAAGAC-1","Pilot_large_2",0.3050762
"AGGAGCAGCGTTAATA-1","Pilot_large_2",0.8185206
"AGGAGCATAATCCACT-1","Pilot_large_2",0.091234654
"AGGAGCATCACTCAGC-1","Pilot_large_2",0.97143406
"AGGAGCATCTTAACTC-1","Pilot_large_2",0.862474
"AGGAGCCGCTGAGTAG-1","Pilot_large_2",0.78487194
"AGGAGCCTCGAACGTT-1","Pilot_large_2",0.7459608
"AGGAGTACAGTGCATA-1","Pilot_large_2",0.8709699
"AGGATACCTCCGAGCG-1","Pilot_large_2",0.75310063
"AGGATAGAGTTAATCA-1","Pilot_large_2",0.91262877
"AGGATATCGCGAATAC-1","Pilot_large_2",0.046455465
"AGGATCAACATTCGTT-1","Pilot_large_2",0.7228202
"AGGATCTTAATGGTGA-1","Pilot_large_2",0.06839772
"AGGATGCTCGACAGTC-1","Pilot_large_2",0.8041673
"AGGATTCCTTGCTGCG-1","Pilot_large_2",0.7995482
"AGGCATGCATGGAATT-1","Pilot_large_2",0.9351854
"AGGCATTAAGTCTGGC-1","Pilot_large_2",0.31073922
"AGGCATTACTATAGTA-1","Pilot_large_2",0.17479883
"AGGCCGCAGAATAACG-1","Pilot_large_2",0.6787187
"AGGCCTGTCTAGTGGC-1","Pilot_large_2",0.74045604
"AGGCGATTCCACTTCT-1","Pilot_large_2",0.8146422
"AGGCTGCAGCTCAGGC-1","Pilot_large_2",0.85980165
"AGGCTGCGCAGCAACT-1","Pilot_large_2",0.8239593
"AGGCTTAACCGATTGT-1","Pilot_large_2",0.8741197
"AGGCTTAGCATTAACC-1","Pilot_large_2",0.050422926
"AGGTACAGCTATGATA-1","Pilot_large_2",0.896261
"AGGTACTCTGCCACCG-1","Pilot_large_2",0.7103477
"AGGTCACCTCCGCCTC-1","Pilot_large_2",0.8573635
"AGGTCTCACGCCAATA-1","Pilot_large_2",0.8442301
"AGGTGAAGTGACGACT-1","Pilot_large_2",0.6817463
"AGGTGAATCCACAACC-1","Pilot_large_2",0.8209889
"AGGTGAGCAATGTCTT-1","Pilot_large_2",0.26314536
"AGGTGATTGGCGGTAT-1","Pilot_large_2",0.615947
"AGGTGGCACTTGTCAG-1","Pilot_large_2",0.8023864
"AGGTTACATTCCACGC-1","Pilot_large_2",0.77952856
"AGGTTAGTGGCCATAG-1","Pilot_large_2",0.713801
"AGGTTCCACGCCGAAG-1","Pilot_large_2",0.85279125
"AGTAACCGCAGGTCAA-1","Pilot_large_2",0.6384655
"AGTACATATGTAGGAA-1","Pilot_large_2",0.8378388
"AGTACCGTTGTACGCC-1","Pilot_large_2",0.36493164
"AGTAGACAGATAACGG-1","Pilot_large_2",0.7249648
"AGTAGACAGTAAGGAG-1","Pilot_large_2",0.13828374
"AGTAGAGCATGGACGT-1","Pilot_large_2",0.6657446
"AGTATTACGGTATTCG-1","Pilot_large_2",0.8390941
"AGTATTCGTCGGTATC-1","Pilot_large_2",0.74292755
"AGTATTGATTGAGTCA-1","Pilot_large_2",0.7816913
"AGTATTGGTATGTCTA-1","Pilot_large_2",0.10365308
"AGTCACCATACCTCCA-1","Pilot_large_2",0.8702493
"AGTCACTTATTCAAGG-1","Pilot_large_2",0.8312165
"AGTCGGACCGTGCTTA-1","Pilot_large_2",0.677385
"AGTCGGTTATACATAG-1","Pilot_large_2",0.7977867
"AGTCGGTTGGTTGGCG-1","Pilot_large_2",0.86187935
"AGTCGTTGCCTTACCT-1","Pilot_large_2",0.77643263
"AGTCTAGGATTGTCAC-1","Pilot_large_2",0.89754844
"AGTCTGTTACAATAGT-1","Pilot_large_2",0.906276
"AGTGAGGTCTGTGCTC-1","Pilot_large_2",0.82289886
"AGTGCAATAACTAACA-1","Pilot_large_2",0.24339947
"AGTGCAGCTTCATCGG-1","Pilot_large_2",0.79576284
"AGTGGTATGTCCAAGT-1","Pilot_large_2",0.76860106
"AGTGTAAGCCGAACAA-1","Pilot_large_2",0.8471574
"AGTGTAAGCCTGCAAG-1","Pilot_large_2",0.9442202
"AGTGTCATGGTTGTGG-1","Pilot_large_2",0.69510764
"AGTGTCTAGGCTAATA-1","Pilot_large_2",0.69444937
"AGTGTCTTAAGCTTGT-1","Pilot_large_2",0.7006819
"AGTTAACGAGCCACTC-1","Pilot_large_2",0.09111121
"AGTTAAGACTGGCTCC-1","Pilot_large_2",0.22072047
"AGTTACCTCACCAGCA-1","Pilot_large_2",0.17513207
"AGTTAGAAGGACGAAT-1","Pilot_large_2",0.733025
"AGTTATCCTGAACGAA-1","Pilot_large_2",0.20760565
"AGTTCGGCACATACGG-1","Pilot_large_2",0.7280193
"AGTTCGTCTAGTGCAG-1","Pilot_large_2",0.66908616
"AGTTGGACGTTGGTAT-1","Pilot_large_2",0.49573147
"AGTTGTACTTAATGGA-1","Pilot_large_2",0.14989117
"AGTTGTCCACAGACCA-1","Pilot_large_2",0.7550034
"ATAACCTAGAACCTGC-1","Pilot_large_2",0.18928933
"ATAACGAAGAGCACGC-1","Pilot_large_2",0.84444356
"ATAACGCCTGTAGGCA-1","Pilot_large_2",0.91907036
"ATAACGGCAAGACTCC-1","Pilot_large_2",0.81830025
"ATAACTGAACTCCTGG-1","Pilot_large_2",0.76099527
"ATAAGACCAATCGCGG-1","Pilot_large_2",0.63013846
"ATAAGGCGGACAAGTT-1","Pilot_large_2",0.87003833
"ATAAGGTTAGCTCACG-1","Pilot_large_2",0.80145365
"ATAATCCGTTCCGTTC-1","Pilot_large_2",0.8184015
"ATAATCGTAGTTATTC-1","Pilot_large_2",0.8622604
"ATAATTAGTTCTACGG-1","Pilot_large_2",0.44988972
"ATAATTCTCCGGTCGG-1","Pilot_large_2",0.9079279
"ATACATCACGCCTTCT-1","Pilot_large_2",0.37535238
"ATACATCACTGTCCGG-1","Pilot_large_2",0.7993934
"ATACCGTTCCAGTCCA-1","Pilot_large_2",0.08606404
"ATACGACATCTAGACC-1","Pilot_large_2",0.7590593
"ATACGCTGAGATCAGA-1","Pilot_large_2",0.12160912
"ATACGGCACGTTACGA-1","Pilot_large_2",0.81276923
"ATACGGCGACTGGTCT-1","Pilot_large_2",0.79314727
"ATACGGTCCTTGTCTT-1","Pilot_large_2",0.9123387
"ATACTAGCCACTTCGC-1","Pilot_large_2",0.029881483
"ATACTAGCCATTAGTT-1","Pilot_large_2",0.81445396
"ATACTATCAACTTGTA-1","Pilot_large_2",0.8802628
"ATACTATGAATGTCTT-1","Pilot_large_2",0.9119378
"ATACTATGCCAGTGAG-1","Pilot_large_2",0.7088262
"ATACTATGGTTACATT-1","Pilot_large_2",0.8801604
"ATACTGACTTCGGCAC-1","Pilot_large_2",0.7771495
"ATACTGGACCACAGCC-1","Pilot_large_2",0.9264182
"ATACTGGAGGATAACG-1","Pilot_large_2",0.647213
"ATAGAACCTCTACCGA-1","Pilot_large_2",0.76733756
"ATAGAACGTTCGATCT-1","Pilot_large_2",0.42634797
"ATAGAATTCTACTTGA-1","Pilot_large_2",0.82623696
"ATAGAATTCTAGGCCG-1","Pilot_large_2",0.9176535
"ATAGACATGGCTATGG-1","Pilot_large_2",0.6270677
"ATAGATCGGCATCCGA-1","Pilot_large_2",0.69391215
"ATAGATTGAGTTCGAG-1","Pilot_large_2",0.7438592
"ATAGCACCTGCTGTCT-1","Pilot_large_2",0.80658954
"ATAGCGGCGAGTAATT-1","Pilot_large_2",0.07567897
"ATAGCTATTCGCACTC-1","Pilot_large_2",0.3033638
"ATAGCTGTGAATCGGC-1","Pilot_large_2",0.8252908
"ATAGCTTCACAACCGT-1","Pilot_large_2",0.87648064
"ATAGCTTCGTGGAACG-1","Pilot_large_2",0.86439615
"ATAGGCCGATAGAAGT-1","Pilot_large_2",0.046017822
"ATAGGCCGGTAATTCT-1","Pilot_large_2",0.83572423
"ATAGTCCGCCGTTGGC-1","Pilot_large_2",0.414777
"ATAGTCGAAGGAAGCT-1","Pilot_large_2",0.69771165
"ATAGTCGCTAAGGTAT-1","Pilot_large_2",0.7450258
"ATAGTGACGAATAGAT-1","Pilot_large_2",0.7579967
"ATAGTGAGTGAGGATT-1","Pilot_large_2",0.39925712
"ATAGTGTCAGATGTAG-1","Pilot_large_2",0.91152185
"ATAGTTAAGCCTGCCG-1","Pilot_large_2",0.7106205
"ATAGTTCATCGGATCT-1","Pilot_large_2",0.88933736
"ATAGTTCGGTTCCAGA-1","Pilot_large_2",0.8310672
"ATCAACATAAGCGTAG-1","Pilot_large_2",0.8278194
"ATCAAGGAGCTTACAT-1","Pilot_large_2",0.8504638
"ATCAAGTGGTGATGGC-1","Pilot_large_2",0.7922462
"ATCAATCTGCAGGACC-1","Pilot_large_2",0.79062325
"ATCAATGGTTGTACCT-1","Pilot_large_2",0.97302365
"ATCAATGTCAACTCGG-1","Pilot_large_2",0.83678293
"ATCACCAGTTCGGCGA-1","Pilot_large_2",0.15384117
"ATCACGTTCAATGATA-1","Pilot_large_2",0.8333483
"ATCACTTAGGCCTTGT-1","Pilot_large_2",0.2314368
"ATCAGATACCAGCTGT-1","Pilot_large_2",0.13005379
"ATCAGTAAGCTCGCCG-1","Pilot_large_2",0.16174182
"ATCATTCACCAGATTG-1","Pilot_large_2",0.6380138
"ATCATTCCAACTTCGC-1","Pilot_large_2",0.702227
"ATCATTGTCCATGCCA-1","Pilot_large_2",0.4125083
"ATCCAACGCCACATCG-1","Pilot_large_2",0.8225425
"ATCCACATCACTGCCG-1","Pilot_large_2",0.9190052
"ATCCACATGTTGGACC-1","Pilot_large_2",0.7676859
"ATCCACGACACGAATG-1","Pilot_large_2",0.68560994
"ATCCACTCGTACTCGG-1","Pilot_large_2",0.8573618
"ATCCGAACAGGCTCGA-1","Pilot_large_2",0.8845152
"ATCCGAGTACAGGAAT-1","Pilot_large_2",0.71149427
"ATCCGAGTCACTTGTA-1","Pilot_large_2",0.036034614
"ATCCGATGACCTCGGA-1","Pilot_large_2",0.07753606
"ATCCGATGTCTGTCAC-1","Pilot_large_2",0.8808006
"ATCCGATTATCTACGT-1","Pilot_large_2",0.87741363
"ATCCGGATCGCCGTAT-1","Pilot_large_2",0.43366662
"ATCCGGATGACGTAAC-1","Pilot_large_2",0.7505519
"ATCCGGCGTAGTCTGA-1","Pilot_large_2",0.86959016
"ATCCGGTACCGTCCTT-1","Pilot_large_2",0.6796953
"ATCCGGTATCACAAGT-1","Pilot_large_2",0.5088171
"ATCCGTAGCTTCAGTA-1","Pilot_large_2",0.60929555
"ATCCGTGGAACTTCAA-1","Pilot_large_2",0.057546727
"ATCCTCCAGCCATTGT-1","Pilot_large_2",0.031482313
"ATCCTCGTTCCAGGCC-1","Pilot_large_2",0.7260706
"ATCGAACATGCTAAGC-1","Pilot_large_2",0.743396
"ATCGAATCTAGCAGAC-1","Pilot_large_2",0.84378254
"ATCGACCGGAGTATCG-1","Pilot_large_2",0.85888827
"ATCGACTAAGTACTGC-1","Pilot_large_2",0.86242765
"ATCGATGTCAGATAGA-1","Pilot_large_2",0.90377706
"ATCGCAATGCACTAAC-1","Pilot_large_2",0.10281044
"ATCGCAGTAACTTATT-1","Pilot_large_2",0.553579
"ATCGCATCACGCATCT-1","Pilot_large_2",0.7841915
"ATCGGCTCTATGCCTC-1","Pilot_large_2",0.75965095
"ATCGTAACTACCTCTT-1","Pilot_large_2",0.80509627
"ATCGTAATCCACATGC-1","Pilot_large_2",0.7973406
"ATCGTACACCTATGCC-1","Pilot_large_2",0.66543734
"ATCGTACCGCGTACGC-1","Pilot_large_2",0.061265647
"ATCGTATTACTCGGAG-1","Pilot_large_2",0.6321137
"ATCGTCAGTTAGTCCA-1","Pilot_large_2",0.7607331
"ATCGTCCTAGTACGAA-1","Pilot_large_2",0.7196774
"ATCGTCTTAACGAAGG-1","Pilot_large_2",0.8165733
"ATCTACCATATTCCAG-1","Pilot_large_2",0.89967674
"ATCTACTCACATCTCC-1","Pilot_large_2",0.19218564
"ATCTCCTTGCGATACA-1","Pilot_large_2",0.471326
"ATCTGAAGTATGCACG-1","Pilot_large_2",0.78230995
"ATCTGATACTTCATTA-1","Pilot_large_2",0.6752847
"ATCTGCCGTCTACAGC-1","Pilot_large_2",0.8585176
"ATCTGGATCCTCAGAC-1","Pilot_large_2",0.8577223
"ATCTTAAGCTCCTTGA-1","Pilot_large_2",0.7680447
"ATCTTAGACGCCTACT-1","Pilot_large_2",0.093326524
"ATCTTAGACTTGATCT-1","Pilot_large_2",0.8702638
"ATCTTAGATAGGTTCA-1","Pilot_large_2",0.66817737
"ATCTTAGTGGCATGGA-1","Pilot_large_2",0.75867456
"ATCTTCGGACATACTA-1","Pilot_large_2",0.04396554
"ATCTTGGCTTCGTCCT-1","Pilot_large_2",0.73135585
"ATGAACAATCGATGCG-1","Pilot_large_2",0.8775867
"ATGAAGCTGAATCCAG-1","Pilot_large_2",0.80704695
"ATGAATGTATCGTGGT-1","Pilot_large_2",0.8010329
"ATGACCAGACGGCCGG-1","Pilot_large_2",0.70912725
"ATGACCTCACGCACTG-1","Pilot_large_2",0.9740855
"ATGACCTCACTTAACC-1","Pilot_large_2",0.54169637
"ATGACGAGATCATTAA-1","Pilot_large_2",0.8259545
"ATGAGCATGGCATTCT-1","Pilot_large_2",0.91862583
"ATGAGCTACATGGAAG-1","Pilot_large_2",0.7626618
"ATGAGCTACTGGACAT-1","Pilot_large_2",0.89870626
"ATGAGCTATTCGAAGA-1","Pilot_large_2",0.7912098
"ATGAGGAACGACCAGC-1","Pilot_large_2",0.66342956
"ATGAGTACGCTTCCTA-1","Pilot_large_2",0.8448379
"ATGAGTCCTGAAGTGG-1","Pilot_large_2",0.7816231
"ATGAGTCTTAGGAAGG-1","Pilot_large_2",0.87181073
"ATGAGTTACAGATAGA-1","Pilot_large_2",0.7786311
"ATGATAATGCACGCAC-1","Pilot_large_2",0.8978038
"ATGATAATTCCTTGCG-1","Pilot_large_2",0.86277753
"ATGATATCTAGTCTTA-1","Pilot_large_2",0.09609504
"ATGCATCCTGACTCAC-1","Pilot_large_2",0.64878964
"ATGCATGCCTGCGATG-1","Pilot_large_2",0.118121184
"ATGCATGTATGTGAGT-1","Pilot_large_2",0.6804623
"ATGCATGTCACTCGTG-1","Pilot_large_2",0.8146274
"ATGCATTAGATATCCA-1","Pilot_large_2",0.085268915
"ATGCCAGCTGCCATCT-1","Pilot_large_2",0.80385536
"ATGCCGTCGATAAGAC-1","Pilot_large_2",0.28845945
"ATGCCGTTGTGAAGCG-1","Pilot_large_2",0.7881565
"ATGCTCATGCCTGCCT-1","Pilot_large_2",0.6416037
"ATGCTCCGTTCTACTG-1","Pilot_large_2",0.81502587
"ATGCTCGCCTCCAATT-1","Pilot_large_2",0.88724995
"ATGCTGACAGTTACAT-1","Pilot_large_2",0.77690965
"ATGCTGGCTTACTACA-1","Pilot_large_2",0.67577696
"ATGCTTACTCTAGGAA-1","Pilot_large_2",0.04459267
"ATGGAACGATAGTGAT-1","Pilot_large_2",0.79050297
"ATGGAGCGGACCGATT-1","Pilot_large_2",0.8849151
"ATGGAGGCCACGGCTT-1","Pilot_large_2",0.7987244
"ATGGAGGTTCACCGGT-1","Pilot_large_2",0.9065643
"ATGGAGTAATCGGACC-1","Pilot_large_2",0.6370475
"ATGGTAACGGACCGGA-1","Pilot_large_2",0.81260663
"ATGTAAGAGCCACCTC-1","Pilot_large_2",0.68339884
"ATGTAATTGTCGTTCG-1","Pilot_large_2",0.7710018
"ATGTACAGTGCCTATG-1","Pilot_large_2",0.8553183
"ATGTACATCGTGGTTA-1","Pilot_large_2",0.87030095
"ATGTACCATTATTGTC-1","Pilot_large_2",0.8397712
"ATGTACCGATCCAGAA-1","Pilot_large_2",0.80490506
"ATGTACCTTCACATTA-1","Pilot_large_2",0.76448905
"ATGTACTACCGACTTC-1","Pilot_large_2",0.6358412
"ATGTACTAGAGGAATT-1","Pilot_large_2",0.74288243
"ATGTACTCGTGGCTGT-1","Pilot_large_2",0.7794796
"ATGTAGCCGACCAAGG-1","Pilot_large_2",0.1062639
"ATGTAGGTAACCGTAC-1","Pilot_large_2",0.7309069
"ATGTATCCAAGGTGGC-1","Pilot_large_2",0.77518195
"ATGTATCCATAAGTTG-1","Pilot_large_2",0.83980083
"ATGTATGTTATTGAAG-1","Pilot_large_2",0.18841878
"ATGTCATACTTAGACC-1","Pilot_large_2",0.80373
"ATGTCATCAGGTTATG-1","Pilot_large_2",0.9185632
"ATGTCGCATGCCATAC-1","Pilot_large_2",0.7821059
"ATGTCGGACTGAAGTA-1","Pilot_large_2",0.82638836
"ATGTCGGATAAGCCGA-1","Pilot_large_2",0.32933354
"ATGTCGGCTGTCGTAA-1","Pilot_large_2",0.789217
"ATGTCGTTACCAGACG-1","Pilot_large_2",0.034545854
"ATGTGAATCCATACGA-1","Pilot_large_2",0.5509505
"ATGTGAATTGCTGACC-1","Pilot_large_2",0.8734672
"ATGTGATCCGTCTAAC-1","Pilot_large_2",0.8711774
"ATGTGCTAACATCGAA-1","Pilot_large_2",0.9003054
"ATGTGCTTGTGCTACC-1","Pilot_large_2",0.8327161
"ATGTTAAGATTACTGA-1","Pilot_large_2",0.7228355
"ATGTTACGCCATTCCT-1","Pilot_large_2",0.20494819
"ATGTTACTGGAGGCGG-1","Pilot_large_2",0.65333295
"ATGTTAGACTATCTCA-1","Pilot_large_2",0.08229872
"ATGTTCGCAGAAGTCT-1","Pilot_large_2",0.2810393
"ATGTTCTGCCTTATCT-1","Pilot_large_2",0.80818826
"ATTAAGAACAGCTCCG-1","Pilot_large_2",0.14435221
"ATTAAGAATAACGCTT-1","Pilot_large_2",0.5265246
"ATTAAGCGTCCTGCCG-1","Pilot_large_2",0.86844516
"ATTAAGTGGCCTAAGG-1","Pilot_large_2",0.83511865
"ATTACATGTTATTGAC-1","Pilot_large_2",0.90393114
"ATTACCTTCGCAGAAG-1","Pilot_large_2",0.8711775
"ATTACTCAGTTAACGA-1","Pilot_large_2",0.841101
"ATTACTCCGTGAAGCG-1","Pilot_large_2",0.6449025
"ATTACTGATATTCGCC-1","Pilot_large_2",0.71247613
"ATTACTGTACGCGGTG-1","Pilot_large_2",0.87161916
"ATTACTGTCGCATATT-1","Pilot_large_2",0.16431123
"ATTACTTAACCACTTC-1","Pilot_large_2",0.8683475
"ATTAGATAAGACGGCG-1","Pilot_large_2",0.6983522
"ATTAGATTCGTACTCA-1","Pilot_large_2",0.8439165
"ATTAGCAGGATGTATT-1","Pilot_large_2",0.8846115
"ATTAGCCTCACTTCTA-1","Pilot_large_2",0.7291924
"ATTAGCCTCAGTAGAT-1","Pilot_large_2",0.8169698
"ATTAGTCGTGTTATGC-1","Pilot_large_2",0.94064635
"ATTAGTGAGGTATCGC-1","Pilot_large_2",0.054044373
"ATTAGTGCTTGGTCAT-1","Pilot_large_2",0.7410383
"ATTAGTTCACAGACTC-1","Pilot_large_2",0.5197233
"ATTAGTTGGACGTGAT-1","Pilot_large_2",0.8707029
"ATTATCACAACTCGGC-1","Pilot_large_2",0.35446966
"ATTATCAGTTCGATGC-1","Pilot_large_2",0.8854342
"ATTATCCAGGTGAAGT-1","Pilot_large_2",0.87421453
"ATTATCCATTGTGACA-1","Pilot_large_2",0.035458237
"ATTATCGAAGCCTAAG-1","Pilot_large_2",0.842226
"ATTATCGAGTGCAGAT-1","Pilot_large_2",0.4907498
"ATTATGCCATCGTTAA-1","Pilot_large_2",0.04118713
"ATTCACATAGGATGAG-1","Pilot_large_2",0.07122551
"ATTCACATCGTCACAG-1","Pilot_large_2",0.80644864
"ATTCACGCTGTTATCG-1","Pilot_large_2",0.7522744
"ATTCACTCACGTGCAC-1","Pilot_large_2",0.2702429
"ATTCAGCTCCTACTAA-1","Pilot_large_2",0.34853223
"ATTCATAGCGAAGCGT-1","Pilot_large_2",0.7705498
"ATTCATAGTTCTAACT-1","Pilot_large_2",0.77475536
"ATTCCATTGTGAACGC-1","Pilot_large_2",0.753502
"ATTCCGCTCCATCAGC-1","Pilot_large_2",0.06612342
"ATTCCGGACCGGTCTT-1","Pilot_large_2",0.9021249
"ATTCGCTCGCGGAGGC-1","Pilot_large_2",0.3682652
"ATTCGGAAGCTATTAC-1","Pilot_large_2",0.78665626
"ATTCGTTAGAATTCGG-1","Pilot_large_2",0.88990694
"ATTCTAACGCCTGTTA-1","Pilot_large_2",0.8265296
"ATTCTACGTGGCAGAT-1","Pilot_large_2",0.6142215
"ATTCTAGGACATCAGT-1","Pilot_large_2",0.5506255
"ATTCTTGAGGCGACGC-1","Pilot_large_2",0.86700165
"ATTGACGAGCAGCGAC-1","Pilot_large_2",0.77292526
"ATTGACGCATCTCAAC-1","Pilot_large_2",0.881943
"ATTGACGCCACCTTCT-1","Pilot_large_2",0.58232325
"ATTGACGCCAGCCAAG-1","Pilot_large_2",0.059185926
"ATTGATAACACTAAGA-1","Pilot_large_2",0.87624663
"ATTGCAAGGCAATGGA-1","Pilot_large_2",0.69643277
"ATTGCAATTATGGTTG-1","Pilot_large_2",0.9882608
"ATTGCACGACCACTTG-1","Pilot_large_2",0.7329036
"ATTGCAGTTCTTCATT-1","Pilot_large_2",0.73982054
"ATTGCATATTGTTATC-1","Pilot_large_2",0.38827124
"ATTGCATCACTGACTG-1","Pilot_large_2",0.80392027
"ATTGCCTGATGTGCGG-1","Pilot_large_2",0.89327425
"ATTGCCTTGTCTAAGT-1","Pilot_large_2",0.7820282
"ATTGCGTAGTTAGGAG-1","Pilot_large_2",0.82560027
"ATTGGCACCACGCCAT-1","Pilot_large_2",0.91858053
"ATTGGCCTAGGAATCG-1","Pilot_large_2",0.81189466
"ATTGGCCTTCCGTGCA-1","Pilot_large_2",0.7665329
"ATTGGCGAATTGCACT-1","Pilot_large_2",0.8205565
"ATTGGCTAACAGACAA-1","Pilot_large_2",0.82839316
"ATTGTTAAGTAGACTA-1","Pilot_large_2",0.35678557
"ATTGTTATACTTCACG-1","Pilot_large_2",0.8595434
"ATTGTTATCGTAATAC-1","Pilot_large_2",0.80262077
"CAACAGCCGCCTTGAG-1","Pilot_large_2",0.85069686
"CAACCGTACTGATCTT-1","Pilot_large_2",0.8048715
"CAACCGTATTACTGTA-1","Pilot_large_2",0.74533063
"CAACCGTTAACAGACC-1","Pilot_large_2",0.8500694
"CAACCGTTAATGTCAT-1","Pilot_large_2",0.62170047
"CAACTGACAAGACAAG-1","Pilot_large_2",0.85026395
"CAACTTGGACATAGAT-1","Pilot_large_2",0.85128886
"CAACTTGGTACGATGT-1","Pilot_large_2",0.6468892
"CAAGACCACTATCGAA-1","Pilot_large_2",0.17052862
"CAAGATTACCGATCAT-1","Pilot_large_2",0.7690693
"CAAGATTAGATGAGTT-1","Pilot_large_2",0.96707433
"CAAGATTCGTCAGCTG-1","Pilot_large_2",0.06321806
"CAAGCCGCCATAGAGG-1","Pilot_large_2",0.41089272
"CAAGGCAAGATTAGCA-1","Pilot_large_2",0.90956205
"CAAGGCAAGCATCTCG-1","Pilot_large_2",0.8737803
"CAAGGTCTCAATACAG-1","Pilot_large_2",0.8202122
"CAAGTACTCCGCATCG-1","Pilot_large_2",0.670889
"CAAGTACTTCAATAGT-1","Pilot_large_2",0.84011704
"CAAGTAGCCTCGATCC-1","Pilot_large_2",0.81878215
"CAAGTATCGGCAACCA-1","Pilot_large_2",0.93257606
"CAAGTCCATCGGCGGT-1","Pilot_large_2",0.041176382
"CAAGTCCGCTACCGTT-1","Pilot_large_2",0.82099915
"CAAGTCTTGGCGATAG-1","Pilot_large_2",0.79154146
"CAAGTGAATTGGATGC-1","Pilot_large_2",0.8784843
"CAAGTGTTGACGGCCA-1","Pilot_large_2",0.74720335
"CAATAACTCAAGGCAA-1","Pilot_large_2",0.66547805
"CAATAAGAACCGACTT-1","Pilot_large_2",0.8790819
"CAATAAGCGGCCAGAT-1","Pilot_large_2",0.7938925
"CAATAAGGTAACTCGT-1","Pilot_large_2",0.84748334
"CAATAAGGTAGCGATG-1","Pilot_large_2",0.808208
"CAATAATCGTAGGATA-1","Pilot_large_2",0.7145526
"CAATCCATGCCGATGC-1","Pilot_large_2",0.6838494
"CAATCCGAGGTGCTAG-1","Pilot_large_2",0.7320315
"CAATCGTCGGAGCATG-1","Pilot_large_2",0.03722039
"CAATCTGAGTCGACTC-1","Pilot_large_2",0.807479
"CAATGCATTGACGGCA-1","Pilot_large_2",0.036536034
"CAATGCGGATGCTGGT-1","Pilot_large_2",0.8227143
"CAATGTCCGTTGCGTG-1","Pilot_large_2",0.85331774
"CAATTACAGGTGTCAT-1","Pilot_large_2",0.7952799
"CAATTGAACCGGCTCG-1","Pilot_large_2",0.4080262
"CAATTGTTGACGTGAG-1","Pilot_large_2",0.87124324
"CACCATAAGCTGGCTG-1","Pilot_large_2",0.7042401
"CACCATAGGTAACCAG-1","Pilot_large_2",0.10345758
"CACCATTCTTACGAGC-1","Pilot_large_2",0.8354176
"CACCGACAAGGCGTAT-1","Pilot_large_2",0.64416444
"CACCGAGTCTTGGACA-1","Pilot_large_2",0.7625636
"CACCTACATGATTGAT-1","Pilot_large_2",0.8439236
"CACCTACCGCTACCTT-1","Pilot_large_2",0.7500354
"CACCTAGAATACTTCT-1","Pilot_large_2",0.8561054
"CACCTATTACTCAGAT-1","Pilot_large_2",0.8447536
"CACCTCGAAGCGCTAG-1","Pilot_large_2",0.80433357
"CACCTCGAGCGATGCT-1","Pilot_large_2",0.6945924
"CACCTCGAGGACTCTA-1","Pilot_large_2",0.80041504
"CACCTTAGCTATTGTC-1","Pilot_large_2",0.12526353
"CACCTTGCGAGTTATG-1","Pilot_large_2",0.8346736
"CACGACCTCCGTCATA-1","Pilot_large_2",0.522706
"CACGAGGCCATCCACT-1","Pilot_large_2",0.04558717
"CACGAGGTATAGGTAT-1","Pilot_large_2",0.13822225
"CACGATAAGGCCTAAG-1","Pilot_large_2",0.8188041
"CACGATACAATAGCCA-1","Pilot_large_2",0.8029061
"CACGATCTTCGCCGAC-1","Pilot_large_2",0.8756497
"CACGATGGTGCTAATA-1","Pilot_large_2",0.76737607
"CACGCCACAATCGCAC-1","Pilot_large_2",0.33202058
"CACGCCACTCCTTCAT-1","Pilot_large_2",0.63083327
"CACGCTTATCAATCTT-1","Pilot_large_2",0.23914854
"CACGGATTCTCATCAC-1","Pilot_large_2",0.72324586
"CACGGCTGCGCTTGGC-1","Pilot_large_2",0.8484196
"CACGGCTTACTCCGTT-1","Pilot_large_2",0.4300319
"CACGGTCTTGGTTAAT-1","Pilot_large_2",0.038511656
"CACGTACACTCGCACC-1","Pilot_large_2",0.8218503
"CACGTAGGTAGGCTGA-1","Pilot_large_2",0.5548968
"CACGTCAAGTGCGATC-1","Pilot_large_2",0.4212079
"CACGTCCAATTCGACT-1","Pilot_large_2",0.8377419
"CACGTCCATCTACTGA-1","Pilot_large_2",0.8404825
"CACGTGGCGGCACTAG-1","Pilot_large_2",0.06563673
"CACGTTGCACATACCG-1","Pilot_large_2",0.62985414
"CACTACAATATTGCGG-1","Pilot_large_2",0.7495545
"CACTACCTTCGCTTCA-1","Pilot_large_2",0.89259714
"CACTACTGCGGAATTG-1","Pilot_large_2",0.70176244
"CACTACTGGCTGAACC-1","Pilot_large_2",0.6707119
"CACTCAAGACCATGCA-1","Pilot_large_2",0.68192124
"CACTCAAGGCGGCACT-1","Pilot_large_2",0.11222312
"CACTCAATAAGCCGAA-1","Pilot_large_2",0.75512904
"CACTCAATGGTTCGGA-1","Pilot_large_2",0.04327239
"CACTCAGAGCAACCGG-1","Pilot_large_2",0.8907089
"CACTCAGTACTCCGCT-1","Pilot_large_2",0.9144944
"CACTCAGTGGTCCTTC-1","Pilot_large_2",0.8202773
"CACTCATCACGTTACG-1","Pilot_large_2",0.8131327
"CACTGGATCGATACGA-1","Pilot_large_2",0.81115514
"CACTGGCCAGCCAGAT-1","Pilot_large_2",0.135625
"CACTGGCGGTAACACC-1","Pilot_large_2",0.85946524
"CACTGGTGAGTTATCG-1","Pilot_large_2",0.79305285
"CAGAACATGATAGGAC-1","Pilot_large_2",0.7238029
"CAGAACATGCCTAGTG-1","Pilot_large_2",0.91788083
"CAGAACGTATCGACTT-1","Pilot_large_2",0.81168497
"CAGAAGTCGCGGTTAT-1","Pilot_large_2",0.7081691
"CAGACGATACAGATCG-1","Pilot_large_2",0.8407865
"CAGACGCAGTAGGTCT-1","Pilot_large_2",0.5239088
"CAGAGGCACTTAAGTC-1","Pilot_large_2",0.7993005
"CAGAGGCAGCACATGG-1","Pilot_large_2",0.3090059
"CAGAGGCGAATTGCCA-1","Pilot_large_2",0.66666204
"CAGAGTCATGTACAGG-1","Pilot_large_2",0.67785627
"CAGATACAGCACTCGT-1","Pilot_large_2",0.75603384
"CAGATATGTCCTTAAG-1","Pilot_large_2",0.9396909
"CAGATTATCATAACGC-1","Pilot_large_2",0.82534593
"CAGCACGCTAATCAGA-1","Pilot_large_2",0.8078443
"CAGCATAGACTAGGCA-1","Pilot_large_2",0.8973343
"CAGCATCCTCGCCACT-1","Pilot_large_2",0.7643555
"CAGCCACGGCTCTACG-1","Pilot_large_2",0.8096463
"CAGCCAGTCCTGTCGG-1","Pilot_large_2",0.6783079
"CAGCCATGTCTGCCGT-1","Pilot_large_2",0.11700548
"CAGCCTCGTGGCTCAC-1","Pilot_large_2",0.7949855
"CAGCCTGGTTGAACTA-1","Pilot_large_2",0.70632505
"CAGCGATAACTGAACC-1","Pilot_large_2",0.8283425
"CAGCGATAATGCGATT-1","Pilot_large_2",0.85136664
"CAGCTCACGCACTAGA-1","Pilot_large_2",0.7380671
"CAGCTCCTCGGATTCT-1","Pilot_large_2",0.42733636
"CAGCTGGATGCGGCTA-1","Pilot_large_2",0.77083725
"CAGCTGGCGATAAGTG-1","Pilot_large_2",0.7969819
"CAGCTTCACTACCGTG-1","Pilot_large_2",0.78264195
"CAGCTTCTAGCTGGCA-1","Pilot_large_2",0.815097
"CAGCTTGACGCCATTA-1","Pilot_large_2",0.9236042
"CAGCTTGGTTCGGTCG-1","Pilot_large_2",0.078202695
"CAGGACATGGTAATGC-1","Pilot_large_2",0.3285397
"CAGGACCTACATAGTC-1","Pilot_large_2",0.88247716
"CAGGAGCGTATCGCAT-1","Pilot_large_2",0.5414456
"CAGGCCAACAGCGAGT-1","Pilot_large_2",0.7979169
"CAGGCCAACGGTCGTA-1","Pilot_large_2",0.728391
"CAGGCCGTATCTGTTA-1","Pilot_large_2",0.115935564
"CAGGCGAGGTCTTGGA-1","Pilot_large_2",0.24631064
"CAGGTTCCACTAATCC-1","Pilot_large_2",0.58046913
"CAGTAATATCACTACG-1","Pilot_large_2",0.75744784
"CAGTAGATTGACGGAT-1","Pilot_large_2",0.8733267
"CAGTATCTTACACTAA-1","Pilot_large_2",0.032840658
"CAGTCTCACTTAAGCA-1","Pilot_large_2",0.66540337
"CAGTCTGGACAATCTA-1","Pilot_large_2",0.7730862
"CAGTCTGGTAATCTAC-1","Pilot_large_2",0.8625815
"CAGTCTGTGGCGCTGC-1","Pilot_large_2",0.77698797
"CAGTGAAGATACATAA-1","Pilot_large_2",0.9175871
"CAGTGCCTTGCGGTCT-1","Pilot_large_2",0.14064054
"CAGTTGCAACCGAGAT-1","Pilot_large_2",0.33568764
"CAGTTGCACGGACAGG-1","Pilot_large_2",0.88976455
"CAGTTGCGACTTCTCG-1","Pilot_large_2",0.07446504
"CAGTTGCTCACGTGTC-1","Pilot_large_2",0.56360406
"CATACAATGAGTAGCT-1","Pilot_large_2",0.8509806
"CATACCTCGATTGTTC-1","Pilot_large_2",0.7864392
"CATAGAACATTGAACA-1","Pilot_large_2",0.40571153
"CATAGACGAGGTATTA-1","Pilot_large_2",0.855651
"CATATGTTGACTGGCG-1","Pilot_large_2",0.03934564
"CATATTCATCCGCATT-1","Pilot_large_2",0.13596717
"CATATTCTTGTCGTAA-1","Pilot_large_2",0.89046633
"CATCAGGTAGGACCGT-1","Pilot_large_2",0.93726057
"CATCAGTAATCAGACA-1","Pilot_large_2",0.08265445
"CATCCGAAGCGTATGG-1","Pilot_large_2",0.6454782
"CATCCGCCTAAGGAAC-1","Pilot_large_2",0.1319113
"CATCCGGTACCAACGA-1","Pilot_large_2",0.9035044
"CATCCGTGGTCGTAAG-1","Pilot_large_2",0.7296246
"CATCCGTTAAGCGTGC-1","Pilot_large_2",0.36609957
"CATCCTTCGACTAAGT-1","Pilot_large_2",0.77747756
"CATCGCGGATGATATG-1","Pilot_large_2",0.3207901
"CATCGGATCCTACCTG-1","Pilot_large_2",0.5418036
"CATCGGCCTGCATATC-1","Pilot_large_2",0.26291573
"CATCGGTAGCGTCCGA-1","Pilot_large_2",0.4925004
"CATCTGTACCACGCGA-1","Pilot_large_2",0.6713081
"CATCTTACTTGCACTC-1","Pilot_large_2",0.90265906
"CATGATACTCAGGATT-1","Pilot_large_2",0.8325594
"CATGATGCATGTGCTA-1","Pilot_large_2",0.8370932
"CATGATGCTAGCCATG-1","Pilot_large_2",0.054866355
"CATGCAGAAGTCAGGA-1","Pilot_large_2",0.8837967
"CATGCATATTCTGCCT-1","Pilot_large_2",0.73922384
"CATGCGAGTGAGCTAA-1","Pilot_large_2",0.6678188
"CATGCGCTACTGGAGG-1","Pilot_large_2",0.7268975
"CATGCGGCCGGAATTC-1","Pilot_large_2",0.70572054
"CATGCTCATCTGAACG-1","Pilot_large_2",0.73464274
"CATGGTGAGGCAGCAT-1","Pilot_large_2",0.8191942
"CATGTTATTGATGCAG-1","Pilot_large_2",0.8688559
"CATTAGGATAGTGAAT-1","Pilot_large_2",0.3523195
"CATTCTCCAGTCACCA-1","Pilot_large_2",0.8665844
"CATTGCAGCGAAGACC-1","Pilot_large_2",0.88387394
"CATTGCGTGCCACCTT-1","Pilot_large_2",0.7744142
"CATTGCTATGTTAGCT-1","Pilot_large_2",0.088468425
"CATTGGCGGTTGAGTC-1","Pilot_large_2",0.03845063
"CATTGTCGGTCGCTAG-1","Pilot_large_2",0.8475082
"CATTGTGGCCTCAGGC-1","Pilot_large_2",0.93175787
"CCAACAGGAACACGGT-1","Pilot_large_2",0.81413496
"CCAACTGGAGATTCAT-1","Pilot_large_2",0.8106608
"CCAACTTGCGTTAACC-1","Pilot_large_2",0.8760799
"CCAAGCCTGTATTAAT-1","Pilot_large_2",0.92634904
"CCAATACCAACACGCC-1","Pilot_large_2",0.741064
"CCAATAGAAGACTTGG-1","Pilot_large_2",0.049746383
"CCAATATTAGTGCGTT-1","Pilot_large_2",0.9331307
"CCAATCTAACGTGACG-1","Pilot_large_2",0.6565934
"CCAATTATGACACTGG-1","Pilot_large_2",0.8574672
"CCACAACCAGCAGGTG-1","Pilot_large_2",0.91768676
"CCACAGGAAGATGTGC-1","Pilot_large_2",0.8370842
"CCACGAACGCTGCCGC-1","Pilot_large_2",0.10509074
"CCACGATCCTAATCCG-1","Pilot_large_2",0.70838135
"CCACGGTACACCAACC-1","Pilot_large_2",0.85880214
"CCACGTCGGTCGCTTC-1","Pilot_large_2",0.16149484
"CCACGTGCCACCTCAA-1","Pilot_large_2",0.72166616
"CCACGTGGACTGCGGT-1","Pilot_large_2",0.7470737
"CCACTAATCACCGGTA-1","Pilot_large_2",0.6854704
"CCACTCCAGCACCTAC-1","Pilot_large_2",0.72042716
"CCAGAACCGTGCATCC-1","Pilot_large_2",0.8471197
"CCAGACATCGGCACGC-1","Pilot_large_2",0.75226074
"CCAGATAGACGAGGTG-1","Pilot_large_2",0.55663866
"CCAGATAGCGTAGTGA-1","Pilot_large_2",0.8130598
"CCAGATGATATGTAGG-1","Pilot_large_2",0.436954
"CCAGATTGTAGCCTAC-1","Pilot_large_2",0.8524881
"CCAGCGGATTCCGCTG-1","Pilot_large_2",0.8787549
"CCAGGTCCACATCCAT-1","Pilot_large_2",0.8889085
"CCAGGTTACGAGACTG-1","Pilot_large_2",0.86148334
"CCAGTGTCTAGCTACG-1","Pilot_large_2",0.052330967
"CCAGTTGTGATGCAAG-1","Pilot_large_2",0.817517
"CCATACGGAGCCAAGG-1","Pilot_large_2",0.7496179
"CCATAGTATTGTCTGC-1","Pilot_large_2",0.6610833
"CCATAGTTCGAGTAAG-1","Pilot_large_2",0.035793252
"CCATCGGACAACCGTG-1","Pilot_large_2",0.08427949
"CCATCTGTGGCATCGT-1","Pilot_large_2",0.30687535
"CCATGAACATCGTTGG-1","Pilot_large_2",0.70247084
"CCATGGTTCCAATGTC-1","Pilot_large_2",0.82879573
"CCATTATCGTTACCTT-1","Pilot_large_2",0.86173505
"CCATTCGTCTGCTCTA-1","Pilot_large_2",0.2740142
"CCATTGGCAATTCTCA-1","Pilot_large_2",0.9485257
"CCGAAGCCAGGTTCAG-1","Pilot_large_2",0.8593316
"CCGACAACGTCATCGG-1","Pilot_large_2",0.4278293
"CCGACAAGGCACGGTT-1","Pilot_large_2",0.8734143
"CCGACAAGTATTCATC-1","Pilot_large_2",0.81261355
"CCGACAGACTGTGCCT-1","Pilot_large_2",0.46723375
"CCGAGGATGACTCGTC-1","Pilot_large_2",0.046673357
"CCGATGGATCCGGCAG-1","Pilot_large_2",0.852684
"CCGATTCCATAAGAGT-1","Pilot_large_2",0.7605435
"CCGATTCCTCACTACA-1","Pilot_large_2",0.84821737
"CCGCAAGGAAGGAGGC-1","Pilot_large_2",0.8491155
"CCGCAAGGTACCGTTG-1","Pilot_large_2",0.070262924
"CCGCAAGTAGCGGACT-1","Pilot_large_2",0.9056058
"CCGCAATCCGTGGTTG-1","Pilot_large_2",0.06141517
"CCGCAGTGATCACTGT-1","Pilot_large_2",0.71472895
"CCGCATAGTACAGGTT-1","Pilot_large_2",0.86084545
"CCGCATGTAGTTAGAC-1","Pilot_large_2",0.8984893
"CCGCCATACTTCACCA-1","Pilot_large_2",0.6743636
"CCGCGAGGTGCGATGG-1","Pilot_large_2",0.87478745
"CCGCGGCCACAATCGG-1","Pilot_large_2",0.9442888
"CCGCGTAAGATTCCTT-1","Pilot_large_2",0.9146569
"CCGCGTATCGTTGCAG-1","Pilot_large_2",0.37510952
"CCGCGTCGTTGGTCTG-1","Pilot_large_2",0.39683306
"CCGCGTTACCTTGGCG-1","Pilot_large_2",0.73266506
"CCGCTCAATCTGGAAC-1","Pilot_large_2",0.8719126
"CCGCTCATACAAGTCA-1","Pilot_large_2",0.7090384
"CCGCTCGCTAGTCTAA-1","Pilot_large_2",0.8619475
"CCGCTCTGGATATCGG-1","Pilot_large_2",0.86603755
"CCGCTGGCACCAAGAC-1","Pilot_large_2",0.77624863
"CCGGATCAGCCGACTA-1","Pilot_large_2",0.8163075
"CCGGCAATGAAGTGAA-1","Pilot_large_2",0.8437064
"CCGGCATAGGCAAGTG-1","Pilot_large_2",0.71581525
"CCGGCATGAGCCGTCT-1","Pilot_large_2",0.80430526
"CCGGCGAACATCACGT-1","Pilot_large_2",0.70996743
"CCGGCGAACCGTGCAC-1","Pilot_large_2",0.48931453
"CCGGCGCTAAGGATGA-1","Pilot_large_2",0.7527216
"CCGGCGTCCTCATTGT-1","Pilot_large_2",0.7930942
"CCGGTGGAGCTGGCTC-1","Pilot_large_2",0.8223793
"CCGTACTGGACGCAGA-1","Pilot_large_2",0.91854197
"CCGTATAATCTGGCCG-1","Pilot_large_2",0.25115514
"CCGTGAAGGATAACAG-1","Pilot_large_2",0.6093021
"CCGTGCACATCTGGCA-1","Pilot_large_2",0.89064693
"CCGTGGCGTCGGTGCT-1","Pilot_large_2",0.58396786
"CCTAACGCGATTGCAT-1","Pilot_large_2",0.8610423
"CCTAACTACGAATATG-1","Pilot_large_2",0.709768
"CCTAACTTATGTTGGA-1","Pilot_large_2",0.80014926
"CCTAAGCATGCCTTGT-1","Pilot_large_2",0.70556635
"CCTAATAGCGGACAGA-1","Pilot_large_2",0.74060434
"CCTAATCAGGCCATTA-1","Pilot_large_2",0.9248203
"CCTAATCCACAAGGAT-1","Pilot_large_2",0.44588232
"CCTAATCGGCAGTCAC-1","Pilot_large_2",0.8433684
"CCTACACCGACATTAC-1","Pilot_large_2",0.76070404
"CCTACCACTCCAGTTA-1","Pilot_large_2",0.5338589
"CCTACCATCGCAGTAT-1","Pilot_large_2",0.80163544
"CCTACCATGTGATCAC-1","Pilot_large_2",0.8645673
"CCTACGAGCTGGCCGG-1","Pilot_large_2",0.7136231
"CCTACGGTAAGACTCG-1","Pilot_large_2",0.79871386
"CCTAGTCAGCGAACCA-1","Pilot_large_2",0.043937337
"CCTAGTCAGTCCTTAT-1","Pilot_large_2",0.86980957
"CCTAGTGAATGTCTGC-1","Pilot_large_2",0.89795816
"CCTATCTATCAATCGC-1","Pilot_large_2",0.07533129
"CCTATGATGGTCAATG-1","Pilot_large_2",0.66420823
"CCTATGCCTTCTTGTT-1","Pilot_large_2",0.66737586
"CCTATGTCGAATAGAA-1","Pilot_large_2",0.85959005
"CCTATGTCTTACCGGC-1","Pilot_large_2",0.073339134
"CCTCACAATACAACTG-1","Pilot_large_2",0.8478986
"CCTCACATGTACCTGG-1","Pilot_large_2",0.88427037
"CCTCACATGTCTTACT-1","Pilot_large_2",0.8323472
"CCTCACCTAGTGGCAA-1","Pilot_large_2",0.67081064
"CCTCACTTCCTTCCGA-1","Pilot_large_2",0.7959232
"CCTCATGATTATCTGA-1","Pilot_large_2",0.8133483
"CCTCCGAAGCTGTACC-1","Pilot_large_2",0.86161965
"CCTCGATAGAATAGGA-1","Pilot_large_2",0.70880204
"CCTCGCCAACTACAAG-1","Pilot_large_2",0.8279303
"CCTCGGATCTTGCGGT-1","Pilot_large_2",0.12677032
"CCTCGGTATGACAGTA-1","Pilot_large_2",0.071136944
"CCTCTAGCTCTGGCAG-1","Pilot_large_2",0.64547807
"CCTCTAGCTGGTCCGC-1","Pilot_large_2",0.40010154
"CCTCTATGTTGCTTAT-1","Pilot_large_2",0.754015
"CCTGAAGCGTATAGCA-1","Pilot_large_2",0.85673183
"CCTGAAGTGCATGCAT-1","Pilot_large_2",0.8369717
"CCTGGATCTAGAGCCA-1","Pilot_large_2",0.7345076
"CCTGGATTGCGTAACA-1","Pilot_large_2",0.7235191
"CCTGGCAACGAACGTC-1","Pilot_large_2",0.80675596
"CCTGTCATTGAATTAT-1","Pilot_large_2",0.72470456
"CCTGTCCTCAGTTGTA-1","Pilot_large_2",0.7945105
"CCTGTCTGATAGGTGA-1","Pilot_large_2",0.30662507
"CCTGTCTTACAATCCT-1","Pilot_large_2",0.82189286
"CCTTAATTGGAATATT-1","Pilot_large_2",0.7714729
"CCTTAGATCTGTAATA-1","Pilot_large_2",0.80311745
"CCTTAGCGTTCGCAGG-1","Pilot_large_2",0.79003024
"CCTTAGTCTGTCACTG-1","Pilot_large_2",0.87368107
"CCTTAGTTATACCAGA-1","Pilot_large_2",0.8474251
"CCTTATAGGCGAATAC-1","Pilot_large_2",0.8800163
"CCTTCACCGACGGACA-1","Pilot_large_2",0.7973717
"CCTTCATAGTACTTCA-1","Pilot_large_2",0.76428384
"CCTTCCAACCTTCAGA-1","Pilot_large_2",0.73723125
"CCTTGTCTTACGGTTC-1","Pilot_large_2",0.7162045
"CGAACCAGAAGTCTGG-1","Pilot_large_2",0.5811904
"CGAACGTGAAGTCCAA-1","Pilot_large_2",0.87473625
"CGAACTACAGATGTAA-1","Pilot_large_2",0.8397341
"CGAAGAACGACTCGAT-1","Pilot_large_2",0.72401845
"CGAAGACCGCCAGGCG-1","Pilot_large_2",0.66844934
"CGAAGAGCAGATGATT-1","Pilot_large_2",0.9040267
"CGAAGAGCTCGTTCTA-1","Pilot_large_2",0.79934865
"CGAATTACTGCTCCGG-1","Pilot_large_2",0.044356197
"CGACAAGCACTCAGCC-1","Pilot_large_2",0.80963814
"CGACAAGTACTCCTTA-1","Pilot_large_2",0.2071056
"CGACAATCATACGCAC-1","Pilot_large_2",0.8338015
"CGACAATTCGTCATGT-1","Pilot_large_2",0.8230407
"CGACATTGTATGGAGG-1","Pilot_large_2",0.8308726
"CGACCAAGGTGAGCCG-1","Pilot_large_2",0.28855813
"CGACCAGAACTGTCAT-1","Pilot_large_2",0.8052891
"CGACCAGAAGGATCCG-1","Pilot_large_2",0.31526083
"CGACCAGATTCAGTGA-1","Pilot_large_2",0.7353097
"CGACCAGCCTTGATTA-1","Pilot_large_2",0.7595948
"CGACCTATACTGACGT-1","Pilot_large_2",0.90809315
"CGACCTATCTCGCAAG-1","Pilot_large_2",0.8918556
"CGACCTGCATCTGCAT-1","Pilot_large_2",0.83555925
"CGACCTTGGCGTTCTA-1","Pilot_large_2",0.84410536
"CGACGCCAAGGTGCAA-1","Pilot_large_2",0.8390992
"CGACGCCGGAGTTGAG-1","Pilot_large_2",0.8452021
"CGACGCTCCGCACGTG-1","Pilot_large_2",0.16189176
"CGACTAAGCGGCAGAC-1","Pilot_large_2",0.9089651
"CGACTAATGTTAGGCT-1","Pilot_large_2",0.76775366
"CGACTAGGAGATAAGC-1","Pilot_large_2",0.6068605
"CGACTATTGGTACTAT-1","Pilot_large_2",0.8567222
"CGACTGAACGAATGCT-1","Pilot_large_2",0.74523187
"CGACTTAGCGCTATCT-1","Pilot_large_2",0.6443261
"CGACTTCACTCGGCAT-1","Pilot_large_2",0.8433761
"CGACTTCGCAAGCGGT-1","Pilot_large_2",0.7867745
"CGAGAACGACAAGACC-1","Pilot_large_2",0.7339618
"CGAGATGCGGTATGCG-1","Pilot_large_2",0.8429751
"CGAGCCTGCAAGGTTA-1","Pilot_large_2",0.86459714
"CGAGCGAGCCACGCTA-1","Pilot_large_2",0.8421081
"CGAGCGGCACAGTAGG-1","Pilot_large_2",0.67773896
"CGAGCGTATGCCAGCG-1","Pilot_large_2",0.5531438
"CGAGCGTGAAGTTAGC-1","Pilot_large_2",0.804251
"CGAGCGTGCATTGTGG-1","Pilot_large_2",0.8575839
"CGAGCTATGTCCTCGC-1","Pilot_large_2",0.7102394
"CGAGGAACGCTGTCCA-1","Pilot_large_2",0.84193736
"CGAGGACGTAATAGGC-1","Pilot_large_2",0.6346238
"CGAGGAGCATGCTATG-1","Pilot_large_2",0.82918
"CGAGGAGCGTTCGTTA-1","Pilot_large_2",0.36836085
"CGAGGAGTCTAAGGAT-1","Pilot_large_2",0.6618076
"CGAGGCATCCAAGTCC-1","Pilot_large_2",0.7784358
"CGAGTCACTCATAGAT-1","Pilot_large_2",0.12957965
"CGAGTCATCCGCACCA-1","Pilot_large_2",0.6587198
"CGAGTCCATGTCAACA-1","Pilot_large_2",0.8461344
"CGAGTCCGTTGGAACT-1","Pilot_large_2",0.8727237
"CGAGTCTTGTACTGCC-1","Pilot_large_2",0.6932509
"CGATAACTCCTTATGC-1","Pilot_large_2",0.8932612
"CGATAAGAATTCCAGT-1","Pilot_large_2",0.5587341
"CGATAAGGATAGGCAA-1","Pilot_large_2",0.6725633
"CGATAAGGTGCCTGAC-1","Pilot_large_2",0.22777633
"CGATGACCTCATCCTC-1","Pilot_large_2",0.8336965
"CGATGATATTAGGCCG-1","Pilot_large_2",0.7630441
"CGATGATCAGCTATAA-1","Pilot_large_2",0.74917686
"CGATGATCCTGCAGCC-1","Pilot_large_2",0.8528243
"CGATGCACCAGGCCTC-1","Pilot_large_2",0.3542949
"CGATGCCGACCGTGAC-1","Pilot_large_2",0.8862308
"CGATGTCCGACTACAG-1","Pilot_large_2",0.06254745
"CGATTAACTAATCTTA-1","Pilot_large_2",0.5504166
"CGATTGGAACAGGCCA-1","Pilot_large_2",0.8976623
"CGCAACCATGCACCGA-1","Pilot_large_2",0.5942306
"CGCAAGTAGAGCTTGA-1","Pilot_large_2",0.094674185
"CGCACGCAGGTAAGTC-1","Pilot_large_2",0.67525643
"CGCACGGCTGTCAGGT-1","Pilot_large_2",0.4671088
"CGCACGTGACTGTTGG-1","Pilot_large_2",0.8554441
"CGCACTAACTACCGGT-1","Pilot_large_2",0.7745936
"CGCACTCACCAGCACG-1","Pilot_large_2",0.87516415
"CGCACTGTGAGCCTGT-1","Pilot_large_2",0.76444846
"CGCAGACACTGGCGTA-1","Pilot_large_2",0.8765002
"CGCAGAGCAGTCCGAG-1","Pilot_large_2",0.80092317
"CGCAGATAGATGTTCT-1","Pilot_large_2",0.6003599
"CGCAGATATGGACAGT-1","Pilot_large_2",0.7720046
"CGCAGATTCGACCGAA-1","Pilot_large_2",0.839747
"CGCATCCTGTTGTAGC-1","Pilot_large_2",0.8613945
"CGCATCTTGACTTAGT-1","Pilot_large_2",0.63222665
"CGCATGAGGAGCGTCT-1","Pilot_large_2",0.72818226
"CGCCACAATAGCTCAA-1","Pilot_large_2",0.8424939
"CGCCACCTGGAAGACA-1","Pilot_large_2",0.6956429
"CGCCATGAGGCGATGA-1","Pilot_large_2",0.7232391
"CGCCGATTGTCCTTCG-1","Pilot_large_2",0.87793446
"CGCCGGATCATTAGAC-1","Pilot_large_2",0.72033477
"CGCCGGTATCTAGCAC-1","Pilot_large_2",0.91651374
"CGCCTAACTTGATGGT-1","Pilot_large_2",0.8205891
"CGCCTAGAGCGTGGAG-1","Pilot_large_2",0.8088457
"CGCCTATTGCCTCGCC-1","Pilot_large_2",0.8159894
"CGCCTCGAGCCACTCG-1","Pilot_large_2",0.4139619
"CGCCTCGGAACTGTGC-1","Pilot_large_2",0.73190475
"CGCCTCGTACGAAGGC-1","Pilot_large_2",0.84480643
"CGCCTCTAATTCGCGG-1","Pilot_large_2",0.82310236
"CGCCTCTACTCGGAAC-1","Pilot_large_2",0.8697225
"CGCCTCTGACTATTGT-1","Pilot_large_2",0.86129826
"CGCCTTAAGGTACGCT-1","Pilot_large_2",0.9222483
"CGCCTTACGAGTAGCG-1","Pilot_large_2",0.7686752
"CGCCTTAGCGGCCTCC-1","Pilot_large_2",0.77138793
"CGCCTTAGGATCGGCA-1","Pilot_large_2",0.78230435
"CGCCTTATCTTGGCGA-1","Pilot_large_2",0.3657982
"CGCCTTGACGTGAATC-1","Pilot_large_2",0.8932464
"CGCTAATTACATTAGG-1","Pilot_large_2",0.885287
"CGCTACTCAGCCATAG-1","Pilot_large_2",0.7201212
"CGCTAGACTTCATCAC-1","Pilot_large_2",0.7952318
"CGCTAGATGTATTCTA-1","Pilot_large_2",0.7045965
"CGCTAGCCGCATGCAT-1","Pilot_large_2",0.12160664
"CGCTATAGCGATCGCC-1","Pilot_large_2",0.87697524
"CGCTATAGTCTTCATC-1","Pilot_large_2",0.70831144
"CGCTATGGTTGGTTAA-1","Pilot_large_2",0.6994572
"CGCTATTATGATACGT-1","Pilot_large_2",0.763818
"CGCTCGCAATTGGCGA-1","Pilot_large_2",0.88784975
"CGCTGACGGCACATGA-1","Pilot_large_2",0.87311876
"CGCTGCAATCGCTGTT-1","Pilot_large_2",0.83812237
"CGCTGCAATTAGGCGT-1","Pilot_large_2",0.92126507
"CGCTGCGAGTCCACAT-1","Pilot_large_2",0.7913241
"CGCTGCTTCGCATACT-1","Pilot_large_2",0.20270355
"CGCTGTGACATAGGCA-1","Pilot_large_2",0.31620237
"CGCTTAGAATTCTTAC-1","Pilot_large_2",0.8124824
"CGCTTAGGCTGAGTCC-1","Pilot_large_2",0.78846204
"CGCTTGCTTGGTCTGG-1","Pilot_large_2",0.8073236
"CGCTTGGCTTGGATCT-1","Pilot_large_2",0.71678483
"CGGAACCGATTGAGTC-1","Pilot_large_2",0.7842742
"CGGACACTATGTATCA-1","Pilot_large_2",0.8658165
"CGGACTGTGAGTATAG-1","Pilot_large_2",0.15830536
"CGGAGCCATCTGGATA-1","Pilot_large_2",0.73328435
"CGGAGCGGTAAGACGC-1","Pilot_large_2",0.77691406
"CGGAGCGTCTGACAGT-1","Pilot_large_2",0.80886376
"CGGAGCTCCGATACCT-1","Pilot_large_2",0.7849303
"CGGAGCTCTTCCAACG-1","Pilot_large_2",0.88994306
"CGGAGGCTAGTCGGCA-1","Pilot_large_2",0.8583489
"CGGAGTAAGGTGCGGT-1","Pilot_large_2",0.7823858
"CGGAGTAAGTGCACAT-1","Pilot_large_2",0.8147238
"CGGAGTCTTACGTGAA-1","Pilot_large_2",0.80513126
"CGGAGTGGCGACTAAG-1","Pilot_large_2",0.03685163
"CGGATGTTGAACCACG-1","Pilot_large_2",0.109345324
"CGGATTCCAGACGGTT-1","Pilot_large_2",0.58818936
"CGGATTGCGTCTACCT-1","Pilot_large_2",0.1688138
"CGGATTGTGCAGGAGC-1","Pilot_large_2",0.9010702
"CGGCAACCACTAGCAT-1","Pilot_large_2",0.38362914
"CGGCAAGATGCGTCGG-1","Pilot_large_2",0.8355161
"CGGCAATCAACGTGGA-1","Pilot_large_2",0.20620075
"CGGCACTCCGGTTCGC-1","Pilot_large_2",0.7476261
"CGGCACTCTAGCGGAA-1","Pilot_large_2",0.82708836
"CGGCATGGCCGCTTGT-1","Pilot_large_2",0.03816817
"CGGCATTATCGCGTGG-1","Pilot_large_2",0.45583695
"CGGCCATCAACCGGCG-1","Pilot_large_2",0.7674941
"CGGCCTAACGATAATG-1","Pilot_large_2",0.09419331
"CGGCCTGCGATCGATG-1","Pilot_large_2",0.96990985
"CGGCCTGTCTGTCTGT-1","Pilot_large_2",0.6949972
"CGGCGTAGCGCTAGGA-1","Pilot_large_2",0.13831861
"CGGCGTTGGTTGCAGC-1","Pilot_large_2",0.8464197
"CGGCTCGTGGAGTACT-1","Pilot_large_2",0.8903578
"CGGCTGTCGGTATTAC-1","Pilot_large_2",0.91090363
"CGGCTTACGTGCACGA-1","Pilot_large_2",0.9012035
"CGGCTTATTCGCTAAT-1","Pilot_large_2",0.95587134
"CGGCTTCCAATAGGAA-1","Pilot_large_2",0.87409663
"CGGCTTCTACGATATG-1","Pilot_large_2",0.78279823
"CGGCTTGTGCCGGCCT-1","Pilot_large_2",0.79811645
"CGGTAGAACGTGACTT-1","Pilot_large_2",0.8066793
"CGGTAGATTCCTATGC-1","Pilot_large_2",0.8420943
"CGGTAGGTTCGATTCA-1","Pilot_large_2",0.9144003
"CGGTATAGGATGAGCG-1","Pilot_large_2",0.49115258
"CGGTCAACGGCGGATT-1","Pilot_large_2",0.85651016
"CGGTCAATTGGCCGAT-1","Pilot_large_2",0.9232003
"CGGTCATGGAGGACTC-1","Pilot_large_2",0.5271464
"CGGTCCATGCGACTCC-1","Pilot_large_2",0.8082219
"CGGTCCATTACAACTA-1","Pilot_large_2",0.8270177
"CGGTCCGGTTCTTAGC-1","Pilot_large_2",0.8033445
"CGGTCTAGATCGAATG-1","Pilot_large_2",0.7204707
"CGGTCTGCGTATCTGG-1","Pilot_large_2",0.092251785
"CGGTCTGCTTGAATGA-1","Pilot_large_2",0.85366297
"CGGTCTTATCCAAGCT-1","Pilot_large_2",0.6807423
"CGGTCTTGCTATTCTA-1","Pilot_large_2",0.82478
"CGGTGAACGGTTAGAT-1","Pilot_large_2",0.885488
"CGGTGAACTCCACCAG-1","Pilot_large_2",0.4850543
"CGGTGAGCATGTATAC-1","Pilot_large_2",0.6247111
"CGGTTATCTGTCTTAA-1","Pilot_large_2",0.5202382
"CGGTTGATTGAGCGCC-1","Pilot_large_2",0.840949
"CGTAACAGGTCTTGAA-1","Pilot_large_2",0.779029
"CGTAACATAAGTCATC-1","Pilot_large_2",0.76706386
"CGTAACATTCGCGATA-1","Pilot_large_2",0.75952053
"CGTAACATTGGCTGAG-1","Pilot_large_2",0.21895409
"CGTAACCTGACATCGA-1","Pilot_large_2",0.77863353
"CGTAAGCCGACCGCTT-1","Pilot_large_2",0.84616894
"CGTACACGGCGTCTCC-1","Pilot_large_2",0.6645572
"CGTACAGACGAGGACC-1","Pilot_large_2",0.78671986
"CGTACAGGCCGCACTG-1","Pilot_large_2",0.73266023
"CGTACAGTAAGTAATG-1","Pilot_large_2",0.69137555
"CGTAGCCAAGTCCGTC-1","Pilot_large_2",0.8518377
"CGTAGCCTTGAGCAAG-1","Pilot_large_2",0.7376276
"CGTAGTACAAGGTACT-1","Pilot_large_2",0.6047808
"CGTAGTACGCATAATG-1","Pilot_large_2",0.09791623
"CGTAGTCCGAGCATGA-1","Pilot_large_2",0.87380695
"CGTAGTGACTCAAGGA-1","Pilot_large_2",0.20982593
"CGTAGTTATTGGTAGT-1","Pilot_large_2",0.8238091
"CGTAGTTCGTTGGTAG-1","Pilot_large_2",0.12530708
"CGTCAGAACGTTGCCG-1","Pilot_large_2",0.07768347
"CGTCCAATCTGCGTCC-1","Pilot_large_2",0.56144434
"CGTCCATAATCCGCTT-1","Pilot_large_2",0.82182026
"CGTCCATCCTAGCATC-1","Pilot_large_2",0.67463756
"CGTCCATCGTCCAATA-1","Pilot_large_2",0.12962206
"CGTCCATGTAGCGTCT-1","Pilot_large_2",0.04315017
"CGTCGGATCGCAGAAC-1","Pilot_large_2",0.7809799
"CGTCGGCAGACGGTAT-1","Pilot_large_2",0.18448451
"CGTCGGCGGTAGATCA-1","Pilot_large_2",0.8872034
"CGTCTTGCAACTTCTG-1","Pilot_large_2",0.91265565
"CGTGAATGGTCCTGCG-1","Pilot_large_2",0.82338333
"CGTGAGCAATGGACAT-1","Pilot_large_2",0.7038998
"CGTGAGCTGTTATCGT-1","Pilot_large_2",0.60970956
"CGTGAGGAACATAGGT-1","Pilot_large_2",0.9389875
"CGTGAGGCATAATGGA-1","Pilot_large_2",0.70780534
"CGTGAGGCTCTTGTGC-1","Pilot_large_2",0.7717781
"CGTGCGGATTCATGTA-1","Pilot_large_2",0.8826378
"CGTGGCTACATCCATT-1","Pilot_large_2",0.013278188
"CGTGGCTCCTTGTCTT-1","Pilot_large_2",0.8010046
"CGTGTTAACCTGAAGC-1","Pilot_large_2",0.9373615
"CGTGTTACCATATGTA-1","Pilot_large_2",0.8631964
"CGTGTTAGATGGTATC-1","Pilot_large_2",0.7598411
"CGTGTTGGACGTCTGG-1","Pilot_large_2",0.60317564
"CGTTACAGTGCACTCA-1","Pilot_large_2",0.5723509
"CGTTACGTGCAGATGG-1","Pilot_large_2",0.68804574
"CGTTCCTGTCACCGTG-1","Pilot_large_2",0.7988508
"CGTTGGTCGTCACTGT-1","Pilot_large_2",0.6823766
"CGTTGGTGGCGTCTGC-1","Pilot_large_2",0.78050476
"CTAACAGTATACCGGC-1","Pilot_large_2",0.6526761
"CTAACGTTAGGCAATG-1","Pilot_large_2",0.8920503
"CTAAGAATTGATTCAC-1","Pilot_large_2",0.7176585
"CTAAGAGGCTATGTTC-1","Pilot_large_2",0.8219024
"CTAAGCGTGCCTGCAA-1","Pilot_large_2",0.2781341
"CTAAGCTCCACGATCA-1","Pilot_large_2",0.22245327
"CTAAGCTTACAGTACG-1","Pilot_large_2",0.14212345
"CTAAGTGGCCGATTAG-1","Pilot_large_2",0.7538287
"CTAATCACTCCGAGAC-1","Pilot_large_2",0.8750727
"CTAATCTGGCCGTGTT-1","Pilot_large_2",0.69222504
"CTAATGACATCATTCT-1","Pilot_large_2",0.7409046
"CTAATTACGCAATGGA-1","Pilot_large_2",0.82203805
"CTACAACCGCTGTCTA-1","Pilot_large_2",0.6078352
"CTACAGAACCAGTTGA-1","Pilot_large_2",0.6452911
"CTACAGAATTAATGAC-1","Pilot_large_2",0.26170695
"CTACAGATCGGTCGCC-1","Pilot_large_2",0.5877255
"CTACAGATGGTCATAC-1","Pilot_large_2",0.873233
"CTACAGGTCGCTAAGC-1","Pilot_large_2",0.6096453
"CTACCAGACCTCTTAG-1","Pilot_large_2",0.72100127
"CTACCAGGAGACATCT-1","Pilot_large_2",0.5371016
"CTACCATCGATGAGAA-1","Pilot_large_2",0.9275368
"CTACCTGTAATAAGCA-1","Pilot_large_2",0.8887009
"CTACCTTATCAACTGA-1","Pilot_large_2",0.038130675
"CTACGAATCAGCCTGG-1","Pilot_large_2",0.75479454
"CTACGAGCCGGACGGT-1","Pilot_large_2",0.86208034
"CTACGAGCCTGGAGAC-1","Pilot_large_2",0.89422077
"CTACGATGCGTCCGGC-1","Pilot_large_2",0.044050857
"CTACGCCTCCGCGTAT-1","Pilot_large_2",0.7225343
"CTACGCTACATCTGTT-1","Pilot_large_2",0.70735085
"CTACGCTTAGAAGTGC-1","Pilot_large_2",0.7776704
"CTACTCGGCGTCTAAT-1","Pilot_large_2",0.8026439
"CTACTGAGTGACGGAC-1","Pilot_large_2",0.80438757
"CTAGACGATTGAGCTA-1","Pilot_large_2",0.67028826
"CTAGCAACCAGTGCGG-1","Pilot_large_2",0.035769533
"CTAGCACGCCAAGCTT-1","Pilot_large_2",0.8734896
"CTAGCATAGAGCGAGC-1","Pilot_large_2",0.7571581
"CTAGCCGAAGATGGAC-1","Pilot_large_2",0.75129765
"CTAGCCGATTCAATGC-1","Pilot_large_2",0.7515474
"CTAGCGCCTAGCTTAA-1","Pilot_large_2",0.8204336
"CTAGGACGCAAGCATT-1","Pilot_large_2",0.8666177
"CTAGTCAGGCGACAGT-1","Pilot_large_2",0.91153497
"CTAGTTATGTCCAAGG-1","Pilot_large_2",0.9708506
"CTAGTTCTACATGACG-1","Pilot_large_2",0.8014047
"CTATAACCAGCAGTAT-1","Pilot_large_2",0.85372794
"CTATAACTACGCCTGG-1","Pilot_large_2",0.8663069
"CTATAACTCCTGGAGG-1","Pilot_large_2",0.64594984
"CTATAGATCCACAAGC-1","Pilot_large_2",0.7402535
"CTATCCATTAGCTCGA-1","Pilot_large_2",0.8584667
"CTATCCATTGAGCCAC-1","Pilot_large_2",0.7669513
"CTATCCGCTGCAATTG-1","Pilot_large_2",0.740124
"CTATCGAATGGTCTGT-1","Pilot_large_2",0.82705307
"CTATCGAGATGCCTAC-1","Pilot_large_2",0.7697908
"CTATCGCAGTCAATGG-1","Pilot_large_2",0.7362929
"CTATCGGATATCGGAG-1","Pilot_large_2",0.3843562
"CTATCGGCCGTCTGAC-1","Pilot_large_2",0.15091056
"CTATCGTATCAGCGTG-1","Pilot_large_2",0.88065463
"CTATCGTTACAACCTT-1","Pilot_large_2",0.73549736
"CTATCGTTATCCGTCG-1","Pilot_large_2",0.9149388
"CTATGCAACAGAGTCG-1","Pilot_large_2",0.834341
"CTATGCACCAATCCAG-1","Pilot_large_2",0.8994865
"CTATGCCATTGGAGAA-1","Pilot_large_2",0.81385106
"CTATGCCTATTGATCT-1","Pilot_large_2",0.7917629
"CTATGTAGCGCAGATA-1","Pilot_large_2",0.8152951
"CTATGTAGGCCGAACG-1","Pilot_large_2",0.16004561
"CTATGTGCGGTTGACT-1","Pilot_large_2",0.17261821
"CTATTAAGCCAGCACT-1","Pilot_large_2",0.8739356
"CTATTACCGTCATATT-1","Pilot_large_2",0.8362205
"CTATTAGCGGCTTCGT-1","Pilot_large_2",0.61694264
"CTATTAGTACTGGCTC-1","Pilot_large_2",0.99812394
"CTATTATGAGATACGA-1","Pilot_large_2",0.8761989
"CTATTATGGCACCTCG-1","Pilot_large_2",0.85697126
"CTATTCCGGCCGTCGG-1","Pilot_large_2",0.1454932
"CTATTCCTTACCTAGG-1","Pilot_large_2",0.066080205
"CTATTCTGCAACGCAC-1","Pilot_large_2",0.80220443
"CTATTCTGTAGGACCT-1","Pilot_large_2",0.19557911
"CTCAATACAGTATTCT-1","Pilot_large_2",0.9240199
"CTCAATACGTTAACCG-1","Pilot_large_2",0.08958091
"CTCAATGACCATTAAG-1","Pilot_large_2",0.06309377
"CTCAATTGGCGATTCC-1","Pilot_large_2",0.7395841
"CTCACCAGGAATTGAC-1","Pilot_large_2",0.86485165
"CTCACCAGTGTAAGTT-1","Pilot_large_2",0.72570777
"CTCACCGAGGATCCGC-1","Pilot_large_2",0.9645728
"CTCACCGCCTGTGAGT-1","Pilot_large_2",0.061907057
"CTCACCGTGACTCGGA-1","Pilot_large_2",0.67916834
"CTCACCTTAATAAGAT-1","Pilot_large_2",0.6162784
"CTCACCTTATCTCCTT-1","Pilot_large_2",0.6035531
"CTCACCTTCGGCGTCT-1","Pilot_large_2",0.8800205
"CTCACCTTCTGAAGTA-1","Pilot_large_2",0.76760167
"CTCACGAGTAGATGAG-1","Pilot_large_2",0.16493452
"CTCACGATCTCCGGAG-1","Pilot_large_2",0.8120281
"CTCACGTATTCAAGCG-1","Pilot_large_2",0.8360169
"CTCACGTGAACGTATT-1","Pilot_large_2",0.92792374
"CTCACGTTCGGTCTGC-1","Pilot_large_2",0.5745463
"CTCAGGATACGCGGCA-1","Pilot_large_2",0.38324097
"CTCAGGCACGTCAGAC-1","Pilot_large_2",0.81381
"CTCAGGTCACTACAGC-1","Pilot_large_2",0.4370913
"CTCAGGTCGTGCTCGC-1","Pilot_large_2",0.9018251
"CTCATAATAGCACCGT-1","Pilot_large_2",0.7046368
"CTCATATGTAACCGTG-1","Pilot_large_2",0.85119975
"CTCATCCTCGGCAAGT-1","Pilot_large_2",0.2195154
"CTCATCTATTCGATAC-1","Pilot_large_2",0.8801353
"CTCCAACCTTAGCCGG-1","Pilot_large_2",0.85690457
"CTCCAAGCGTCCTTCA-1","Pilot_large_2",0.034838483
"CTCCAATGGTCGCAGA-1","Pilot_large_2",0.724938
"CTCCACATAACCTATT-1","Pilot_large_2",0.9702206
"CTCCACGCTAGCTAGA-1","Pilot_large_2",0.78184533
"CTCCAGAATATTACAT-1","Pilot_large_2",0.9197799
"CTCCATGGCGACCAGT-1","Pilot_large_2",0.119422704
"CTCCGGCCTACAGCTT-1","Pilot_large_2",0.07104628
"CTCCGTAAGGTCTGTT-1","Pilot_large_2",0.8126703
"CTCCTACATTGTATCT-1","Pilot_large_2",0.11471662
"CTCCTGTCGAAGCCAA-1","Pilot_large_2",0.8753939
"CTCCTTATGGAACCTT-1","Pilot_large_2",0.75893795
"CTCCTTGAATTGGCTA-1","Pilot_large_2",0.0701779
"CTCGACATAATTCTAT-1","Pilot_large_2",0.83588177
"CTCGATGCGGTGTTAA-1","Pilot_large_2",0.32061607
"CTCGATGTTGAACGGC-1","Pilot_large_2",0.096165866
"CTCGATGTTGCTATGT-1","Pilot_large_2",0.8041676
"CTCGCATACTCAACTC-1","Pilot_large_2",0.85950565
"CTCGCTGTTCATAGAT-1","Pilot_large_2",0.7347184
"CTCGGAATTCTTGATA-1","Pilot_large_2",0.8558685
"CTCGGACTAACGTGGC-1","Pilot_large_2",0.8181584
"CTCGGAGTCTTAAGGA-1","Pilot_large_2",0.85848594
"CTCGGTCTCCAACTGC-1","Pilot_large_2",0.76390874
"CTCGTCGCGATTAATT-1","Pilot_large_2",0.66460973
"CTGAAGCGTGGTGAAG-1","Pilot_large_2",0.81697464
"CTGAAGGAGCCTCACT-1","Pilot_large_2",0.5899895
"CTGAAGGATCTGTACG-1","Pilot_large_2",0.81276304
"CTGAAGTTGCAGACAT-1","Pilot_large_2",0.8656661
"CTGAAGTTGGATCGGC-1","Pilot_large_2",0.9224561
"CTGAATACCAGCAACG-1","Pilot_large_2",0.6372114
"CTGACCGCCAATTAGG-1","Pilot_large_2",0.8303236
"CTGACGTATCCGCCAC-1","Pilot_large_2",0.81518734
"CTGACTCCGAATCTGC-1","Pilot_large_2",0.22186194
"CTGACTCGAATTCGTG-1","Pilot_large_2",0.34323117
"CTGACTGGTATGATAA-1","Pilot_large_2",0.8882377
"CTGACTGGTCTACCTT-1","Pilot_large_2",0.90333265
"CTGACTGTGGCCGGTT-1","Pilot_large_2",0.5271332
"CTGAGGTTCAGGCCAA-1","Pilot_large_2",0.8936396
"CTGATTAACAGCGGCC-1","Pilot_large_2",0.8214521
"CTGATTAACGCAAGAA-1","Pilot_large_2",0.7181715
"CTGATTACAATGTCCA-1","Pilot_large_2",0.685631
"CTGATTAGGTGCCGAA-1","Pilot_large_2",0.04745404
"CTGATTGCTTCTAGAA-1","Pilot_large_2",0.8727443
"CTGCATAATGGACCGC-1","Pilot_large_2",0.0418904
"CTGCATTGAGGAGCCG-1","Pilot_large_2",0.8149205
"CTGCCACGTGTTAATA-1","Pilot_large_2",0.91085374
"CTGCCGATTGCGATGT-1","Pilot_large_2",0.71030414
"CTGCCTAGTGAATAAG-1","Pilot_large_2",0.8154459
"CTGCCTATACATCCAT-1","Pilot_large_2",0.8198179
"CTGCCTCCAACACCAG-1","Pilot_large_2",0.3785713
"CTGCCTGACACGGATT-1","Pilot_large_2",0.5604734
"CTGCCTGTGAGCCAGG-1","Pilot_large_2",0.7706496
"CTGCGGCATGTAAGTA-1","Pilot_large_2",0.6908542
"CTGCTCATTAGAGTGC-1","Pilot_large_2",0.06227303
"CTGGAACAATAGACAG-1","Pilot_large_2",0.8483465
"CTGGAAGGCAACCGGA-1","Pilot_large_2",0.88889885
"CTGGAAGTCTAAGCTC-1","Pilot_large_2",0.09255506
"CTGGAATAGGAATTAG-1","Pilot_large_2",0.8591782
"CTGGAATAGTGCAAGT-1","Pilot_large_2",0.38243058
"CTGGAATGGATAGTTC-1","Pilot_large_2",0.87994313
"CTGGAATGGATCAGCA-1","Pilot_large_2",0.75006366
"CTGGAATGTCCGGCCT-1","Pilot_large_2",0.6760037
"CTGGAATTCGGCGAAC-1","Pilot_large_2",0.8917202
"CTGGCACTTCTGCGTC-1","Pilot_large_2",0.7054695
"CTGGCCTTACCACTTA-1","Pilot_large_2",0.697747
"CTGGCCTTGCATTCGG-1","Pilot_large_2",0.5909065
"CTGGCGCACTTACTGA-1","Pilot_large_2",0.6336821
"CTGGCGCATATCCGTG-1","Pilot_large_2",0.7295016
"CTGGCGGACAACGCAC-1","Pilot_large_2",0.86134565
"CTGGCTGGACGCTTGG-1","Pilot_large_2",0.8534724
"CTGGTGAGGTCTCGTC-1","Pilot_large_2",0.8690077
"CTGGTGATCCTGAAGG-1","Pilot_large_2",0.66349727
"CTGGTGATCGCCGTAG-1","Pilot_large_2",0.8193481
"CTGGTGCACCATACCA-1","Pilot_large_2",0.99007297
"CTGGTGCACGATCAAG-1","Pilot_large_2",0.9136432
"CTGGTGCGAGAAGCTT-1","Pilot_large_2",0.82612526
"CTGGTGCGTTCACGAG-1","Pilot_large_2",0.5654241
"CTGGTGCTACAGTATT-1","Pilot_large_2",0.80400246
"CTGGTGCTTATGACCA-1","Pilot_large_2",0.6048168
"CTGGTGGCCAATAAGT-1","Pilot_large_2",0.5919697
"CTGGTGGCCTTCCGAC-1","Pilot_large_2",0.08586703
"CTGGTTGCGTTAATTG-1","Pilot_large_2",0.86488855
"CTGGTTGGACATCACC-1","Pilot_large_2",0.46822825
"CTGGTTGGCTTGTTAC-1","Pilot_large_2",0.77941394
"CTGTATCGAAGTGGAT-1","Pilot_large_2",0.036836833
"CTGTATCTTCGCCATA-1","Pilot_large_2",0.075286046
"CTGTATGGCTCAACAT-1","Pilot_large_2",0.8493448
"CTGTCAGATCGATGCG-1","Pilot_large_2",0.7147319
"CTGTCAGGCTTCCTAA-1","Pilot_large_2",0.8413318
"CTGTCAGGTGGATCGT-1","Pilot_large_2",0.8887842
"CTGTCTATCCACATCT-1","Pilot_large_2",0.8210117
"CTGTGCAACATTGAGG-1","Pilot_large_2",0.96469903
"CTGTGCGTGAGCCGTC-1","Pilot_large_2",0.8434975
"CTGTTCGTATGCACCA-1","Pilot_large_2",0.28380835
"CTGTTCTGCTCAGGAC-1","Pilot_large_2",0.786097
"CTGTTGCTACTCACAG-1","Pilot_large_2",0.74339646
"CTGTTGGATCAACGCA-1","Pilot_large_2",0.8964641
"CTTAATACGGCTAGCA-1","Pilot_large_2",0.041482724
"CTTACGAACTCCGTCC-1","Pilot_large_2",0.063871525
"CTTACGACAACGATAC-1","Pilot_large_2",0.21121594
"CTTACGCAACTCAACG-1","Pilot_large_2",0.7230065
"CTTACGCCATGCACAG-1","Pilot_large_2",0.8334315
"CTTACGCTACGTAAGC-1","Pilot_large_2",0.8435727
"CTTACGGTAAGCCGAA-1","Pilot_large_2",0.11244743
"CTTACGTCATCCTTAT-1","Pilot_large_2",0.3843404
"CTTAGCAACTAGGACC-1","Pilot_large_2",0.8580017
"CTTAGCACGACAGAAC-1","Pilot_large_2",0.8768731
"CTTAGCCTGTAAGACA-1","Pilot_large_2",0.070207484
"CTTAGCGTAGCGTGCG-1","Pilot_large_2",0.8538197
"CTTAGCTACCATCTCA-1","Pilot_large_2",0.906036
"CTTAGCTACGCAAGGT-1","Pilot_large_2",0.12890442
"CTTAGCTATCCTTGCG-1","Pilot_large_2",0.942499
"CTTAGCTTAGTTCTCG-1","Pilot_large_2",0.74133086
"CTTAGCTTCGCTGACC-1","Pilot_large_2",0.8165322
"CTTAGTAAGCGTGGCA-1","Pilot_large_2",0.7402196
"CTTAGTAATGCAACGA-1","Pilot_large_2",0.934241
"CTTAGTCCTCATAAGT-1","Pilot_large_2",0.8191918
"CTTAGTCTATCGAGAC-1","Pilot_large_2",0.07776572
"CTTAGTCTCGACAACT-1","Pilot_large_2",0.76183856
"CTTAGTCTGTGCATCC-1","Pilot_large_2",0.8502108
"CTTAGTCTTATTCGGA-1","Pilot_large_2",0.09112914
"CTTAGTGCGACCTATT-1","Pilot_large_2",0.5746907
"CTTAGTGGCTAAGACG-1","Pilot_large_2",0.8353531
"CTTAGTGGTACACGAC-1","Pilot_large_2",0.6946109
"CTTAGTTCACCGCCAG-1","Pilot_large_2",0.9288104
"CTTAGTTGCTCGTTGT-1","Pilot_large_2",0.5824389
"CTTATTCACTAGCTGG-1","Pilot_large_2",0.7432777
"CTTCAAGACGCAAGTG-1","Pilot_large_2",0.7824327
"CTTCAAGTAACAGCTT-1","Pilot_large_2",0.77999395
"CTTCAAGTCGACCTTC-1","Pilot_large_2",0.3531164
"CTTCAATCGTACTACG-1","Pilot_large_2",0.05133543
"CTTCACAAGTTCCTCA-1","Pilot_large_2",0.6843424
"CTTCATGCCTAGACGG-1","Pilot_large_2",0.92956746
"CTTCATTGGATACCAC-1","Pilot_large_2",0.7133528
"CTTCCAATTGAAGATT-1","Pilot_large_2",0.7305689
"CTTCCACGATCCTGTA-1","Pilot_large_2",0.8148965
"CTTCCGTCGCTGCATC-1","Pilot_large_2",0.4426279
"CTTCGACTCCAGACTG-1","Pilot_large_2",0.41521662
"CTTCGAGCTGCAGCCT-1","Pilot_large_2",0.5389564
"CTTCGATATGTAGGAG-1","Pilot_large_2",0.7898673
"CTTCGATGGACGTACC-1","Pilot_large_2",0.71622133
"CTTCGCCGCAACATTA-1","Pilot_large_2",0.64362675
"CTTCGGCTCACTACCT-1","Pilot_large_2",0.7615397
"CTTCGTATTAATACGG-1","Pilot_large_2",0.33585605
"CTTCGTCAAGACTCGT-1","Pilot_large_2",0.32308272
"CTTCGTCACCAAGAGG-1","Pilot_large_2",0.7463009
"CTTCTGAGCCAGGAAC-1","Pilot_large_2",0.7999334
"CTTCTGTACGGACATC-1","Pilot_large_2",0.49141505
"CTTGAACTTAGAGGAA-1","Pilot_large_2",0.5228876
"CTTGAGCCTTGTTCCA-1","Pilot_large_2",0.75616556
"CTTGAGTCCAAGGCTG-1","Pilot_large_2",0.58300614
"CTTGAGTCTTACAGTG-1","Pilot_large_2",0.17495576
"CTTGATGCAATCACAA-1","Pilot_large_2",0.18672597
"CTTGCCGGAAGACGCA-1","Pilot_large_2",0.042625323
"CTTGCGTAACAGCAGT-1","Pilot_large_2",0.77186656
"CTTGGAACTCCACGCC-1","Pilot_large_2",0.70808274
"CTTGGACAGGTTAGAA-1","Pilot_large_2",0.340198
"CTTGGACATTACAGGA-1","Pilot_large_2",0.8070129
"CTTGGACTTGTCTGTC-1","Pilot_large_2",0.7650079
"CTTGGAGGCCACCTGC-1","Pilot_large_2",0.6592171
"CTTGGATCAACCGTAT-1","Pilot_large_2",0.65710765
"CTTGGTGCAGCCTCCA-1","Pilot_large_2",0.93148965
"CTTGGTTAGAGTCATC-1","Pilot_large_2",0.4723157
"CTTGTAAGCGCTTCAT-1","Pilot_large_2",0.84327614
"CTTGTATCGTATGATT-1","Pilot_large_2",0.6711181
"CTTGTCAAGGCGTCAA-1","Pilot_large_2",0.052368376
"CTTGTCAGTTCGGTAA-1","Pilot_large_2",0.73151916
"GAACAAGGTCGAGCAA-1","Pilot_large_2",0.643454
"GAACAGATCCGCTAGA-1","Pilot_large_2",0.77831644
"GAACAGCCATGTTGCA-1","Pilot_large_2",0.7406221
"GAACATTCGACACGTA-1","Pilot_large_2",0.7314408
"GAACCGAACGAAGACT-1","Pilot_large_2",0.8011114
"GAACCTTAGTTGATTA-1","Pilot_large_2",0.78445274
"GAACGCCACGGTGGTT-1","Pilot_large_2",0.8529651
"GAACGCCAGTGCATAC-1","Pilot_large_2",0.54562896
"GAACTAACATGTATCC-1","Pilot_large_2",0.70839745
"GAACTAACTCTACGTG-1","Pilot_large_2",0.37201717
"GAACTACAAGTAGGAG-1","Pilot_large_2",0.91176814
"GAACTCATAGTGAGTG-1","Pilot_large_2",0.12010831
"GAACTCCTCATACATA-1","Pilot_large_2",0.7308339
"GAACTCCTGGAGGCTC-1","Pilot_large_2",0.40249047
"GAACTGTAACTCAGGC-1","Pilot_large_2",0.6580638
"GAACTTGGTGAGGATA-1","Pilot_large_2",0.13547593
"GAAGCGAGAACATGGA-1","Pilot_large_2",0.288034
"GAAGCGATTGCCGAAT-1","Pilot_large_2",0.81371915
"GAAGCGGCTGATCAGT-1","Pilot_large_2",0.8092828
"GAAGCGTATCATCGTT-1","Pilot_large_2",0.8006136
"GAAGCGTCCATAGTTG-1","Pilot_large_2",0.8508154
"GAAGCTGTTCTACATC-1","Pilot_large_2",0.87175286
"GAAGCTTGACGCTTAA-1","Pilot_large_2",0.656318
"GAAGGATGGTATACGT-1","Pilot_large_2",0.8582628
"GAAGTAGCTGAGTCTA-1","Pilot_large_2",0.67630756
"GAAGTTCTGCAGTTCT-1","Pilot_large_2",0.8061631
"GAATACCTGCCACGGC-1","Pilot_large_2",0.8486326
"GAATACTAAGGCGAAT-1","Pilot_large_2",0.84388477
"GAATCAATTACCGACC-1","Pilot_large_2",0.8892566
"GAATCACCAGTGATAC-1","Pilot_large_2",0.94382125
"GAATCATGAACCAGTG-1","Pilot_large_2",0.08434341
"GAATCATTATGAGCTG-1","Pilot_large_2",0.8583986
"GAATGACAACTAGTCA-1","Pilot_large_2",0.875796
"GAATGACACGACTAGG-1","Pilot_large_2",0.21339956
"GAATGACCACAATCGA-1","Pilot_large_2",0.15026978
"GAATGGCCAAGGAGGC-1","Pilot_large_2",0.8207717
"GAATGTATTGGATCAA-1","Pilot_large_2",0.7862353
"GAATGTCAGAATTCTG-1","Pilot_large_2",0.5698271
"GAATGTGCCTAGCAGA-1","Pilot_large_2",0.8066004
"GAATTAACCTTCAATT-1","Pilot_large_2",0.68207157
"GACAACATCATGCCGC-1","Pilot_large_2",0.85072374
"GACAACCTAGGAGTCT-1","Pilot_large_2",0.8283148
"GACAACGGACTCAGCT-1","Pilot_large_2",0.15374108
"GACAACGGCGATGTTA-1","Pilot_large_2",0.590648
"GACAACTTAACCAACC-1","Pilot_large_2",0.2099557
"GACAACTTGATTGTGA-1","Pilot_large_2",0.86836046
"GACAAGCCTCGTTAGT-1","Pilot_large_2",0.79184026
"GACAAGTGTTATAGGC-1","Pilot_large_2",0.92875916
"GACAATCTATTAGATT-1","Pilot_large_2",0.6557241
"GACAATGACAAGCTTA-1","Pilot_large_2",0.85209584
"GACAATTGTATGCTTC-1","Pilot_large_2",0.5811077
"GACAGCAACTCAGAAC-1","Pilot_large_2",0.9035191
"GACATCACCGTTGCGT-1","Pilot_large_2",0.034128144
"GACATCCTTCATTATC-1","Pilot_large_2",0.7877368
"GACATCTGCGGTCTTG-1","Pilot_large_2",0.8479745
"GACATTATCTTAATCT-1","Pilot_large_2",0.86475253
"GACCAATTGCGTCAGA-1","Pilot_large_2",0.8444016
"GACCACATTCTTGAAT-1","Pilot_large_2",0.22968069
"GACCACGGCGTACATA-1","Pilot_large_2",0.88563603
"GACCACTCCTGACGTT-1","Pilot_large_2",0.7184033
"GACCACTTACGGACAT-1","Pilot_large_2",0.66315347
"GACCACTTAGACAGGT-1","Pilot_large_2",0.04696191
"GACCGAAGACTGGCAG-1","Pilot_large_2",0.70078164
"GACCGAATCTAATACG-1","Pilot_large_2",0.08418756
"GACCGACAATAGGAAT-1","Pilot_large_2",0.9073011
"GACCGAGGCAACGTTC-1","Pilot_large_2",0.9231061
"GACCGTATTAGACCGG-1","Pilot_large_2",0.85610425
"GACCGTGAATGTAAGT-1","Pilot_large_2",0.73522073
"GACCTGCTGTACGAAG-1","Pilot_large_2",0.88053405
"GACCTGCTGTCGTGTA-1","Pilot_large_2",0.9311857
"GACGAGAAGTTACAGA-1","Pilot_large_2",0.775997
"GACGAGCTGCACTCGT-1","Pilot_large_2",0.8177123
"GACGCCTCGTCAGAGG-1","Pilot_large_2",0.87482554
"GACGCCTCTTGATTGT-1","Pilot_large_2",0.89119333
"GACGCTCAACTGAGTG-1","Pilot_large_2",0.872385
"GACGCTCACCAACCGG-1","Pilot_large_2",0.7388176
"GACGCTGTACAAGGCG-1","Pilot_large_2",0.8199252
"GACGGCTTAGGTGCGA-1","Pilot_large_2",0.4919805
"GACGGTACCTGGCCGT-1","Pilot_large_2",0.8462029
"GACGGTGGTTGATGTC-1","Pilot_large_2",0.55614984
"GACGTACAGGAACGCT-1","Pilot_large_2",0.7820451
"GACGTGGTGCTCCAGA-1","Pilot_large_2",0.07627407
"GACGTTCGGTCTTACC-1","Pilot_large_2",0.9223825
"GACTACGAGTTCCATT-1","Pilot_large_2",0.3687189
"GACTACGCCTATAGCC-1","Pilot_large_2",0.1746967
"GACTAGATTAGCTAAC-1","Pilot_large_2",0.76063645
"GACTAGGCAGACTTGG-1","Pilot_large_2",0.8177458
"GACTAGTAATCTTGCT-1","Pilot_large_2",0.2585839
"GACTCGGCTTGCGGAT-1","Pilot_large_2",0.74977577
"GACTGAGGTGATTAAC-1","Pilot_large_2",0.8723061
"GACTGCCATAGAATAC-1","Pilot_large_2",0.57798463
"GACTGCGGTCTGCGTG-1","Pilot_large_2",0.7344613
"GACTTGAACGTCCGTA-1","Pilot_large_2",0.6505861
"GACTTGAAGCCATAGC-1","Pilot_large_2",0.86658734
"GAGCACCATTCGCTGT-1","Pilot_large_2",0.05901375
"GAGCATCTCCAGTCTG-1","Pilot_large_2",0.8506133
"GAGCCAAGCGCCTCAC-1","Pilot_large_2",0.7683834
"GAGCCAGCTTACGGTA-1","Pilot_large_2",0.1081394
"GAGCCTCACGTATGTA-1","Pilot_large_2",0.4217258
"GAGCCTCCAGTACCGA-1","Pilot_large_2",0.8188422
"GAGCGAATCGGTAGAA-1","Pilot_large_2",0.84359944
"GAGCGATACTCCAGGC-1","Pilot_large_2",0.8435696
"GAGCGGCAATGGAATA-1","Pilot_large_2",0.9680621
"GAGCGGTGTTATCAAC-1","Pilot_large_2",0.05633843
"GAGCTAACCTACTTAC-1","Pilot_large_2",0.4533265
"GAGCTAAGGTTGCGTT-1","Pilot_large_2",0.8507204
"GAGCTACAAGATCAAG-1","Pilot_large_2",0.8239516
"GAGCTACAGCTCGGTA-1","Pilot_large_2",0.4559937
"GAGCTGCGGTGGTAAT-1","Pilot_large_2",0.77072835
"GAGCTTGATGGAAGCT-1","Pilot_large_2",0.79088855
"GAGGAAGCCGATGTGA-1","Pilot_large_2",0.9162726
"GAGGAAGGACAATGAA-1","Pilot_large_2",0.91968936
"GAGGAAGGCAACGGCG-1","Pilot_large_2",0.7818936
"GAGGACAGATCGCCTA-1","Pilot_large_2",0.86509347
"GAGGACAGTGATCGGC-1","Pilot_large_2",0.059446067
"GAGGACGAGTCCTAGT-1","Pilot_large_2",0.77380216
"GAGGATCCAGAACTGG-1","Pilot_large_2",0.60758
"GAGGATGAGGATCCTC-1","Pilot_large_2",0.65914714
"GAGGATGATAGGAAGG-1","Pilot_large_2",0.72154814
"GAGGCCACAAGGTGCA-1","Pilot_large_2",0.90249074
"GAGGCCAGCAGAGGTT-1","Pilot_large_2",0.67823535
"GAGGCCATGGCTCGGA-1","Pilot_large_2",0.96982944
"GAGGCGCTCCATTCCT-1","Pilot_large_2",0.69363946
"GAGGTAACATTCGATC-1","Pilot_large_2",0.7411464
"GAGGTAACTAGACAGT-1","Pilot_large_2",0.7585044
"GAGGTATTAATAGCGG-1","Pilot_large_2",0.06600261
"GAGGTCACTGTAAGCT-1","Pilot_large_2",0.08021238
"GAGGTCCAAGTAGCTA-1","Pilot_large_2",0.8575149
"GAGGTGAGATCATTGG-1","Pilot_large_2",0.82256234
"GAGGTGAGGATTCATT-1","Pilot_large_2",0.85987025
"GAGGTGCATTCGGATC-1","Pilot_large_2",0.07536805
"GAGGTGCCTCTTCGTG-1","Pilot_large_2",0.91512257
"GAGGTGCGGCTGACCA-1","Pilot_large_2",0.86209184
"GAGGTGTAGCAACTCA-1","Pilot_large_2",0.60057986
"GAGTAACGTGGCTTGA-1","Pilot_large_2",0.19671732
"GAGTAGACGCAGGCTC-1","Pilot_large_2",0.7715679
"GAGTAGATACGTCAAC-1","Pilot_large_2",0.8000622
"GAGTAGATTATGGTTC-1","Pilot_large_2",0.7012761
"GAGTAGGATGGTAGTC-1","Pilot_large_2",0.21951158
"GAGTCCACGCCTGAAG-1","Pilot_large_2",0.04571569
"GAGTCCTACCTCTGCA-1","Pilot_large_2",0.9241398
"GAGTCCTCTAGCGACA-1","Pilot_large_2",0.8157334
"GAGTCTGACTATAGAA-1","Pilot_large_2",0.7592054
"GAGTCTGGTGAATGAG-1","Pilot_large_2",0.6314127
"GAGTGCGGATACAGTC-1","Pilot_large_2",0.8395219
"GAGTGGAGCAAGCGCA-1","Pilot_large_2",0.7645713
"GAGTTAGCAGTAGATG-1","Pilot_large_2",0.030406388
"GAGTTCTATCGTGCCT-1","Pilot_large_2",0.6886497
"GAGTTGGTATTAATAG-1","Pilot_large_2",0.69658005
"GATAAGCACGTGCGTA-1","Pilot_large_2",0.62040704
"GATAAGTTGGCGATTA-1","Pilot_large_2",0.37058687
"GATAATCAGCTATTGT-1","Pilot_large_2",0.84372
"GATACATAACGCATGT-1","Pilot_large_2",0.09916674
"GATACCTCGCGACTGC-1","Pilot_large_2",0.6704294
"GATACTTCACTCAGCA-1","Pilot_large_2",0.15561022
"GATACTTCTAGTGGAG-1","Pilot_large_2",0.119737804
"GATAGAGTCTGAATCG-1","Pilot_large_2",0.74635345
"GATAGAGTGATAAGCT-1","Pilot_large_2",0.7803453
"GATAGATATGGTTCCG-1","Pilot_large_2",0.85244894
"GATAGATGTTGAAGAT-1","Pilot_large_2",0.6020947
"GATAGCTAATGGATAG-1","Pilot_large_2",0.9313497
"GATAGTGACACTCCAA-1","Pilot_large_2",0.12077168
"GATATCCATATGAGGC-1","Pilot_large_2",0.87298673
"GATATCTTGTGACACG-1","Pilot_large_2",0.79809946
"GATATGCTCACGTTAC-1","Pilot_large_2",0.6886739
"GATCACGAACGTTGAG-1","Pilot_large_2",0.835525
"GATCACGTGATAGTTC-1","Pilot_large_2",0.71083283
"GATCACTTAACGGATT-1","Pilot_large_2",0.69647914
"GATCCATAGGATGTAA-1","Pilot_large_2",0.7854671
"GATCCGGACATACACC-1","Pilot_large_2",0.817678
"GATCGGAGATACGCAG-1","Pilot_large_2",0.42070788
"GATCGTAACATTAATA-1","Pilot_large_2",0.8356178
"GATCGTAAGAGTCGCA-1","Pilot_large_2",0.74557006
"GATCGTCATGCGGAGG-1","Pilot_large_2",0.7915043
"GATCGTGGCCACAACC-1","Pilot_large_2",0.78090996
"GATCGTTGGAATGACA-1","Pilot_large_2",0.9072824
"GATCTATGAAGATGCG-1","Pilot_large_2",0.17421977
"GATCTTGTCATGATCT-1","Pilot_large_2",0.46462753
"GATGACTCTGAATCTT-1","Pilot_large_2",0.5145099
"GATGAGTGAACGGCTG-1","Pilot_large_2",0.7709913
"GATGCAACTCGCGTTG-1","Pilot_large_2",0.79480207
"GATGCCACATTATCAC-1","Pilot_large_2",0.89353704
"GATGCCAGACATAATG-1","Pilot_large_2",0.795182
"GATGCCGACAGATATT-1","Pilot_large_2",0.8824287
"GATGCGGTCCAGCTTA-1","Pilot_large_2",0.8928839
"GATGGACCTGGACGGA-1","Pilot_large_2",0.19879048
"GATGGACGGCAGATGA-1","Pilot_large_2",0.61834866
"GATGTAGGAGTTGGCC-1","Pilot_large_2",0.22956172
"GATGTTCTATAGGATA-1","Pilot_large_2",0.7466492
"GATTATGTGACATGAT-1","Pilot_large_2",0.89255804
"GATTCCAAGTCCTGTA-1","Pilot_large_2",0.9441022
"GATTCCATACTGAACC-1","Pilot_large_2",0.23575374
"GATTCCGCTATCGGCT-1","Pilot_large_2",0.82235354
"GATTCCTGCAGATCGT-1","Pilot_large_2",0.8813028
"GATTCGCCATGTATCA-1","Pilot_large_2",0.87222916
"GATTGACTCCATGCGA-1","Pilot_large_2",0.66245645
"GCAACAGCCTGCTCTA-1","Pilot_large_2",0.990618
"GCAACAGCTCCTATGA-1","Pilot_large_2",0.81944746
"GCAACAGGCCATTGAC-1","Pilot_large_2",0.7192746
"GCAACATACATCAGCA-1","Pilot_large_2",0.59004515
"GCAACATCAGTCAAGT-1","Pilot_large_2",0.7961045
"GCAACATGGTTCTTCA-1","Pilot_large_2",0.8365247
"GCAAGAATGTTCCACC-1","Pilot_large_2",0.85005546
"GCAAGATAGGTTAACT-1","Pilot_large_2",0.10970435
"GCAAGCACTACCGCCA-1","Pilot_large_2",0.779459
"GCAAGCTTATTGACGT-1","Pilot_large_2",0.69945025
"GCAATACATGAGGACA-1","Pilot_large_2",0.7019265
"GCAATCAACTCCAGAT-1","Pilot_large_2",0.9083627
"GCAATCCTCGAGCGTT-1","Pilot_large_2",0.8007291
"GCAATCGTGACTCCAA-1","Pilot_large_2",0.77206486
"GCAATTCCTATCATAC-1","Pilot_large_2",0.11520484
"GCAATTCTGTGACAGA-1","Pilot_large_2",0.83849406
"GCACAGCAGTCTGTAA-1","Pilot_large_2",0.7903506
"GCACAGCTGTGGTTGA-1","Pilot_large_2",0.040635046
"GCACATGCCGGTCTGG-1","Pilot_large_2",0.81573296
"GCACCGAAGATGTCTA-1","Pilot_large_2",0.6285649
"GCACCTAGCCGAATCT-1","Pilot_large_2",0.737096
"GCACCTAGTAATTATC-1","Pilot_large_2",0.8052608
"GCACCTTAATCGGATA-1","Pilot_large_2",0.8080053
"GCACCTTAGCCTCGCA-1","Pilot_large_2",0.6802211
"GCACCTTCGCGGTAGA-1","Pilot_large_2",0.85887897
"GCACGAGCAGTACCGA-1","Pilot_large_2",0.854158
"GCACGAGCTATTGTCG-1","Pilot_large_2",0.8143029
"GCACGAGGTCACGGAC-1","Pilot_large_2",0.6500429
"GCACGCAACCATACCA-1","Pilot_large_2",0.8677843
"GCACGCATAGATTGCT-1","Pilot_large_2",0.77234834
"GCACGCTTCGTTGTTC-1","Pilot_large_2",0.25803787
"GCACTACACTATTGCG-1","Pilot_large_2",0.7572378
"GCACTCCGACTGGCGT-1","Pilot_large_2",0.7875909
"GCACTCTGTTGCCATA-1","Pilot_large_2",0.7561618
"GCACTCTTGCTACCGA-1","Pilot_large_2",0.80172384
"GCACTGAATATGACAG-1","Pilot_large_2",0.24773163
"GCACTGCCTCGATGCG-1","Pilot_large_2",0.8645773
"GCACTGGACGCAGCAC-1","Pilot_large_2",0.55718637
"GCACTGTTGCGGCCTT-1","Pilot_large_2",0.795118
"GCAGACGCCTGGTTAT-1","Pilot_large_2",0.030922594
"GCAGCCGGATGCCGCA-1","Pilot_large_2",0.72725755
"GCAGCGACAGTTCGGT-1","Pilot_large_2",0.83801955
"GCAGCGATCTAACGAA-1","Pilot_large_2",0.8044295
"GCAGGCAGTGATCTAC-1","Pilot_large_2",0.8268827
"GCAGGCTACCGTCCTT-1","Pilot_large_2",0.57897925
"GCAGGCTGGTTCCAAG-1","Pilot_large_2",0.8333047
"GCAGGTGCTGATGCTT-1","Pilot_large_2",0.82758325
"GCAGTAGATGTCCAAT-1","Pilot_large_2",0.9000463
"GCAGTTCGGCATTAGC-1","Pilot_large_2",0.70765746
"GCAGTTGACAATAGAA-1","Pilot_large_2",0.8896839
"GCATAACCGAGGTGAT-1","Pilot_large_2",0.4528478
"GCATACTAGCATCGAA-1","Pilot_large_2",0.13987726
"GCATGCGTCCTATTAA-1","Pilot_large_2",0.7517246
"GCATGCTGAGACAGGT-1","Pilot_large_2",0.89731866
"GCATGTCGAGTGTCTT-1","Pilot_large_2",0.060007572
"GCATTACCTGTCAAGA-1","Pilot_large_2",0.52393585
"GCATTGCTGTTCCATC-1","Pilot_large_2",0.83419174
"GCATTGGTTACCAAGC-1","Pilot_large_2",0.76411366
"GCCACGAAGGAATTCC-1","Pilot_large_2",0.83072037
"GCCACGACCGTTAAGT-1","Pilot_large_2",0.8891898
"GCCACGCCTTAGTACG-1","Pilot_large_2",0.79401636
"GCCACTCCGTCACCTC-1","Pilot_large_2",0.8429555
"GCCAGACAGACGCCTA-1","Pilot_large_2",0.78661317
"GCCAGTTAATTCTTGC-1","Pilot_large_2",0.8627726
"GCCAGTTCCTCGTGCC-1","Pilot_large_2",0.051681712
"GCCATTCTCGTGTAGA-1","Pilot_large_2",0.6450729
"GCCATTCTTGCAACCA-1","Pilot_large_2",0.8974683
"GCCATTGAGTGCTGCG-1","Pilot_large_2",0.760317
"GCCATTGATACTCAAG-1","Pilot_large_2",0.8958062
"GCCATTGCATGTTAAC-1","Pilot_large_2",0.80444145
"GCCATTGTAACTGATC-1","Pilot_large_2",0.03921893
"GCCATTGTAATGTCTT-1","Pilot_large_2",0.7994442
"GCCGAAGATGTATTGA-1","Pilot_large_2",0.694103
"GCCGAATCCACGACTC-1","Pilot_large_2",0.847049
"GCCGATCGAGTGAAGT-1","Pilot_large_2",0.74530935
"GCCGATCTCGTGACTC-1","Pilot_large_2",0.72445375
"GCCGCACTTCGTCTAT-1","Pilot_large_2",0.7406675
"GCCGCTGATTGGCCAG-1","Pilot_large_2",0.2623176
"GCCGCTTCTAAGGTGA-1","Pilot_large_2",0.8920481
"GCCGGCAATAGGCAGG-1","Pilot_large_2",0.6919883
"GCCGGCGAACCATTGT-1","Pilot_large_2",0.67303807
"GCCGGCGTGAACTTGC-1","Pilot_large_2",0.12369491
"GCCGTATGCGTTATAG-1","Pilot_large_2",0.56918913
"GCCTATAGCATACCTT-1","Pilot_large_2",0.88130224
"GCCTCATGCGAGCAGG-1","Pilot_large_2",0.5138108
"GCCTCCGTCTACCTCG-1","Pilot_large_2",0.88550806
"GCCTCCTGCGGCCGTT-1","Pilot_large_2",0.39139196
"GCCTGGAACGTCTGCT-1","Pilot_large_2",0.73872906
"GCCTGGACAATGTATC-1","Pilot_large_2",0.7249126
"GCCTGGACCTATTGTC-1","Pilot_large_2",0.84731776
"GCCTGGAGCAAGTTAG-1","Pilot_large_2",0.7317158
"GCCTGGTACATGGTCG-1","Pilot_large_2",0.737933
"GCCTGTGAAGTCGGCG-1","Pilot_large_2",0.78763014
"GCCTGTGACACCAGAA-1","Pilot_large_2",0.7787892
"GCCTGTGATAGATTGG-1","Pilot_large_2",0.4257703
"GCCTGTTAACGGACGA-1","Pilot_large_2",0.5097546
"GCCTGTTAGGTTGTGA-1","Pilot_large_2",0.087894544
"GCCTTAATTGACGGAT-1","Pilot_large_2",0.8096699
"GCCTTCGCTTATGTTC-1","Pilot_large_2",0.8952711
"GCCTTCTGATTCCGTC-1","Pilot_large_2",0.06536968
"GCCTTCTGTCACGCTC-1","Pilot_large_2",0.8835117
"GCCTTGAGATCTGAGC-1","Pilot_large_2",0.70702046
"GCCTTGCCACTTCTGA-1","Pilot_large_2",0.24632727
"GCCTTGCCTAGTCGAT-1","Pilot_large_2",0.9161591
"GCCTTGGCGAACAATC-1","Pilot_large_2",0.2964461
"GCGAAGTTGGCGTGCA-1","Pilot_large_2",0.1326169
"GCGACGTAGAGCGTTA-1","Pilot_large_2",0.5199208
"GCGAGCGGACCATAAC-1","Pilot_large_2",0.6183775
"GCGAGCTAACTCCTAG-1","Pilot_large_2",0.60686576
"GCGAGGATCGACCTTA-1","Pilot_large_2",0.2506703
"GCGAGGTGCTACCTCG-1","Pilot_large_2",0.9340884
"GCGATCTTGCTCACGC-1","Pilot_large_2",0.77903605
"GCGATGGAGCTACATT-1","Pilot_large_2",0.92591065
"GCGATGTACTGCTATT-1","Pilot_large_2",0.638372
"GCGATTCTAACAGTAA-1","Pilot_large_2",0.9032714
"GCGGAGCCTGTAACAT-1","Pilot_large_2",0.847088
"GCGGCAAGTGTTATGT-1","Pilot_large_2",0.104642004
"GCGGTCCGCTGTCTCA-1","Pilot_large_2",0.783337
"GCGGTCGTTGATCTTG-1","Pilot_large_2",0.6685404
"GCGGTGAATCCTGTTA-1","Pilot_large_2",0.7940576
"GCGGTGGCCGACGCAT-1","Pilot_large_2",0.05690841
"GCGGTTGCCTCGACGG-1","Pilot_large_2",0.8455093
"GCGTAACGTTACAGGT-1","Pilot_large_2",0.84443134
"GCGTAATTCTTGCCTT-1","Pilot_large_2",0.8778921
"GCGTACCGGATGGCTC-1","Pilot_large_2",0.80965585
"GCGTACCGTGTATCAG-1","Pilot_large_2",0.50559765
"GCGTACGAATCTAATC-1","Pilot_large_2",0.7021654
"GCGTCCAGCAATTGGC-1","Pilot_large_2",0.8838908
"GCGTCCTCTGCCGTTG-1","Pilot_large_2",0.78030264
"GCGTCGGAATGCTGCC-1","Pilot_large_2",0.692928
"GCGTCTCGCAACTCAT-1","Pilot_large_2",0.8269544
"GCGTGAACGTGACTCA-1","Pilot_large_2",0.9233331
"GCGTTAATAGTCAGTA-1","Pilot_large_2",0.608616
"GCGTTCGAGGCCACAA-1","Pilot_large_2",0.76868105
"GCGTTGTATCGGAGCT-1","Pilot_large_2",0.64682585
"GCTAACAGATTGGTAG-1","Pilot_large_2",0.83196336
"GCTAACCATAGGCGTT-1","Pilot_large_2",0.013939226
"GCTAACGTCCATTCTG-1","Pilot_large_2",0.86629176
"GCTACATCTGTACTCA-1","Pilot_large_2",0.8529359
"GCTACCATCCTGTAGA-1","Pilot_large_2",0.7555016
"GCTACCTAGTCCGTTC-1","Pilot_large_2",0.812683
"GCTAGTCGATAGGTGC-1","Pilot_large_2",0.6065751
"GCTATGCGTGAACGGT-1","Pilot_large_2",0.76019835
"GCTCAACCACGGCAAC-1","Pilot_large_2",0.8078617
"GCTCATACAATTAGAC-1","Pilot_large_2",0.2947828
"GCTCATACCTCAGGCA-1","Pilot_large_2",0.81447685
"GCTCATTGGTTCAACA-1","Pilot_large_2",0.81911445
"GCTCCGAGACTACATA-1","Pilot_large_2",0.19185562
"GCTCCTATGTCTTCGC-1","Pilot_large_2",0.75938
"GCTCGATGCTCGCATG-1","Pilot_large_2",0.7557995
"GCTCGCATCGTCATTA-1","Pilot_large_2",0.7610349
"GCTCGGACCTTCAAGT-1","Pilot_large_2",0.99146795
"GCTCGGAGATGAATGT-1","Pilot_large_2",0.63825387
"GCTCGTCTGCCGCAAT-1","Pilot_large_2",0.9188609
"GCTCTGACTCGACTTA-1","Pilot_large_2",0.7242845
"GCTGAATGACCGTGAG-1","Pilot_large_2",0.07009082
"GCTGACAGCCGGAGCG-1","Pilot_large_2",0.6903295
"GCTGACCGCATCGGAT-1","Pilot_large_2",0.7771754
"GCTGACTTGTCTCAAT-1","Pilot_large_2",0.887503
"GCTGAGGACAAGAAGT-1","Pilot_large_2",0.1744577
"GCTGAGTGTTCAACCG-1","Pilot_large_2",0.8610184
"GCTGCCGCCTATGTAG-1","Pilot_large_2",0.05286693
"GCTGCGCAATGGAAGC-1","Pilot_large_2",0.8925873
"GCTGCGTTATGTGGAC-1","Pilot_large_2",0.79181266
"GCTGGATGACTCTACC-1","Pilot_large_2",0.5316255
"GCTGTAGTGCTGTCGC-1","Pilot_large_2",0.6922251
"GCTGTCGCGATGGTAG-1","Pilot_large_2",0.8314154
"GCTGTTATGGTTGCCG-1","Pilot_large_2",0.889084
"GCTGTTCAACCGAATA-1","Pilot_large_2",0.84396154
"GCTGTTCATCAGCGTC-1","Pilot_large_2",0.6740678
"GCTGTTGATAGTCTTA-1","Pilot_large_2",0.7536566
"GCTTACAGATGTGCAC-1","Pilot_large_2",0.7351247
"GCTTACCTCGTGCTAT-1","Pilot_large_2",0.05177155
"GCTTAGACTACCAATG-1","Pilot_large_2",0.8723107
"GCTTCGCTAAGCGACC-1","Pilot_large_2",0.66964656
"GCTTCGCTCAAGCGAT-1","Pilot_large_2",0.69397795
"GCTTCGGCATCAGAGT-1","Pilot_large_2",0.084104344
"GCTTCTAGCGTTCATT-1","Pilot_large_2",0.30897826
"GCTTCTGTATCGACGC-1","Pilot_large_2",0.90659994
"GCTTCTGTTACGAGAA-1","Pilot_large_2",0.11059745
"GCTTCTTGGACGAGCG-1","Pilot_large_2",0.55041295
"GCTTGACCTCCGCTTC-1","Pilot_large_2",0.04671427
"GCTTGAGCTCTTGACA-1","Pilot_large_2",0.6619077
"GCTTGCAATACAAGGC-1","Pilot_large_2",0.78334385
"GCTTGCCATAGTGGAT-1","Pilot_large_2",0.7021364
"GCTTGCTTACTTAACG-1","Pilot_large_2",0.5961211
"GCTTGGATCCAACCGG-1","Pilot_large_2",0.6447401
"GCTTGGTCAACCGTGG-1","Pilot_large_2",0.78538644
"GCTTGGTGTTCGAACA-1","Pilot_large_2",0.7718352
"GGAACAGGTGATCTCC-1","Pilot_large_2",0.85409033
"GGAACATCGTGGAATC-1","Pilot_large_2",0.553356
"GGAACTTCGACATGTC-1","Pilot_large_2",0.7548871
"GGAAGAATAACTAACC-1","Pilot_large_2",0.6993088
"GGAAGCAGTCATTCAG-1","Pilot_large_2",0.8622674
"GGAAGCATTAGAGGCA-1","Pilot_large_2",0.051933676
"GGAAGCTATGGCACAG-1","Pilot_large_2",0.70882314
"GGAAGCTGAGATAAGG-1","Pilot_large_2",0.78095937
"GGAAGTCTTGTCGCAT-1","Pilot_large_2",0.20332867
"GGAATCCTTAGACTGT-1","Pilot_large_2",0.115454316
"GGACAGTGCGGCAACA-1","Pilot_large_2",0.6529933
"GGACCACTTATCGTTC-1","Pilot_large_2",0.04945347
"GGACCAGATAGGATGT-1","Pilot_large_2",0.8380815
"GGACCATCACCGCCAA-1","Pilot_large_2",0.87787616
"GGACCGATCTGGATTA-1","Pilot_large_2",0.17245921
"GGACCGGCTAAGTAGA-1","Pilot_large_2",0.7314396
"GGACGAGTCTGTTCAC-1","Pilot_large_2",0.6709535
"GGACGTACATACCAGA-1","Pilot_large_2",0.79798335
"GGACGTACTTCGGACA-1","Pilot_large_2",0.8211804
"GGACGTAGTGTAGAAG-1","Pilot_large_2",0.84726423
"GGACGTCGAACGGCTT-1","Pilot_large_2",0.788138
"GGACGTTACGTACATC-1","Pilot_large_2",0.7364686
"GGACGTTAGATATTAC-1","Pilot_large_2",0.8544978
"GGACGTTAGATTCAGG-1","Pilot_large_2",0.7964313
"GGACTCACGGTCCAAT-1","Pilot_large_2",0.6982343
"GGACTCACTAGAGCCG-1","Pilot_large_2",0.9156587
"GGACTCGTTCCTCGGA-1","Pilot_large_2",0.9325319
"GGACTCTGAACCTGAG-1","Pilot_large_2",0.8336157
"GGAGAAGCCAAGCGCT-1","Pilot_large_2",0.8330563
"GGAGACATGACCTAGG-1","Pilot_large_2",0.8433334
"GGAGATAGGAATGGTC-1","Pilot_large_2",0.04483218
"GGAGATGCGTGCAGTA-1","Pilot_large_2",0.7037612
"GGAGATGGCTCGAGAT-1","Pilot_large_2",0.69878733
"GGAGCGAATTGGACGG-1","Pilot_large_2",0.8620301
"GGAGCGGCACCTCGTA-1","Pilot_large_2",0.16863406
"GGAGGCACATAGCGTA-1","Pilot_large_2",0.6231117
"GGAGGTCGTAGGAGCT-1","Pilot_large_2",0.84497166
"GGAGTCCAGATAGCTT-1","Pilot_large_2",0.04322749
"GGAGTCTAAGGCCGCT-1","Pilot_large_2",0.6424371
"GGAGTGTCCATGTATT-1","Pilot_large_2",0.6356673
"GGATAAGTCAGGATAG-1","Pilot_large_2",0.7750056
"GGATAATTATGCTGGT-1","Pilot_large_2",0.832792
"GGATAATTCAATGCTG-1","Pilot_large_2",0.2606077
"GGATCGAGTGTCCACT-1","Pilot_large_2",0.82695615
"GGATCGATACCTCCGG-1","Pilot_large_2",0.9173041
"GGATCGCTGGCATATT-1","Pilot_large_2",0.7396052
"GGATCGGACGTCTTGT-1","Pilot_large_2",0.7278392
"GGATGGATCACTCATA-1","Pilot_large_2",0.21825428
"GGATTCCGACGTGATG-1","Pilot_large_2",0.7609121
"GGATTCGATGTCCGGA-1","Pilot_large_2",0.044337105
"GGCAAGACAATCAGCT-1","Pilot_large_2",0.36918345
"GGCACGACGGACGTCG-1","Pilot_large_2",0.5886792
"GGCAGCCGGCACTTCC-1","Pilot_large_2",0.8875374
"GGCAGGAAGTCTTCTA-1","Pilot_large_2",0.68229204
"GGCATAATCCTATCGC-1","Pilot_large_2",0.5376324
"GGCATAATCCTTCATG-1","Pilot_large_2",0.8484229
"GGCATACATGGCTCAG-1","Pilot_large_2",0.5460583
"GGCATACTATTGCACT-1","Pilot_large_2",0.84521097
"GGCATTGCTAAGAATG-1","Pilot_large_2",0.09196102
"GGCCAAGATGGATGGC-1","Pilot_large_2",0.8345668
"GGCCAGTAGGTATGAG-1","Pilot_large_2",0.74168813
"GGCCATGCTCCTCGTG-1","Pilot_large_2",1
"GGCCGCCAACTATTGC-1","Pilot_large_2",0.63342494
"GGCCGGCGGTCTGTTA-1","Pilot_large_2",0.85944444
"GGCCGTCCAGTAGGAC-1","Pilot_large_2",0.61440724
"GGCCTGCGTTATGCCG-1","Pilot_large_2",0.22315857
"GGCCTTGGATGTTGTC-1","Pilot_large_2",0.76139075
"GGCGACCATAGCGTTA-1","Pilot_large_2",0.094893165
"GGCGACCTATCTGGCG-1","Pilot_large_2",0.86398226
"GGCGCAGGTCGCGTCT-1","Pilot_large_2",0.72924864
"GGCGCCAAGGAGCGCT-1","Pilot_large_2",0.85783273
"GGCGCCACCGGAGCAA-1","Pilot_large_2",0.01623032
"GGCGCCACTGAACATC-1","Pilot_large_2",0.24273731
"GGCGCTAATATGCTCC-1","Pilot_large_2",0.6950006
"GGCGGAAGTCTTGTAG-1","Pilot_large_2",0.10235744
"GGCGGAGCACTGATAA-1","Pilot_large_2",0.22486784
"GGCGGAGTTGAACTAT-1","Pilot_large_2",0.78125966
"GGCGGATACAACGCAC-1","Pilot_large_2",0.6562741
"GGCGGATATTGATTGA-1","Pilot_large_2",0.8696827
"GGCGTCGGTAGTGATA-1","Pilot_large_2",0.4557892
"GGCGTGAACTCAACGG-1","Pilot_large_2",0.8292161
"GGCGTGGACCTTAGAT-1","Pilot_large_2",0.91120857
"GGCGTGGCACGGCACT-1","Pilot_large_2",0.37967256
"GGCTAATGTCTAGCGT-1","Pilot_large_2",0.738056
"GGCTCGATTAAGGCGG-1","Pilot_large_2",0.92050797
"GGCTGCTAACTTCGCT-1","Pilot_large_2",0.3989047
"GGCTGTTCAATGTCAA-1","Pilot_large_2",0.86292994
"GGTACCAGGTAGTGTT-1","Pilot_large_2",0.6590172
"GGTACGAAGAACTCGA-1","Pilot_large_2",0.86343914
"GGTACGCTTACCTGCG-1","Pilot_large_2",0.6708669
"GGTACGGAGCATCAGC-1","Pilot_large_2",0.59851104
"GGTACGTGCTCGGCAA-1","Pilot_large_2",0.88516784
"GGTACTGTGATCTTCC-1","Pilot_large_2",0.39712965
"GGTAGCCATCAATCCG-1","Pilot_large_2",0.6433838
"GGTAGCGTACATCTGT-1","Pilot_large_2",0.8617066
"GGTAGCTTAGCCAATC-1","Pilot_large_2",0.15711616
"GGTAGGTCTGGCTAAC-1","Pilot_large_2",0.05193765
"GGTAGGTTGTTCTAAG-1","Pilot_large_2",0.045151073
"GGTAGTACAGGTTAGA-1","Pilot_large_2",0.8643431
"GGTAGTACCGCAACAG-1","Pilot_large_2",0.80236244
"GGTATGCAACAGTGGC-1","Pilot_large_2",0.59201765
"GGTCACCGCATAACAA-1","Pilot_large_2",0.8334091
"GGTCATGCTCTGCCAA-1","Pilot_large_2",0.8396915
"GGTCCGGACGAGTGAA-1","Pilot_large_2",0.7796563
"GGTCCTGCGAGTAGGT-1","Pilot_large_2",0.70080155
"GGTCTGAAGGTTCGAA-1","Pilot_large_2",0.7515323
"GGTCTGAGATCCGCCA-1","Pilot_large_2",0.10147137
"GGTCTGTATCTTGTCG-1","Pilot_large_2",0.9925025
"GGTCTGTTCACTAATC-1","Pilot_large_2",0.86107445
"GGTCTTCCGCACATCC-1","Pilot_large_2",0.78730553
"GGTCTTCCGGCTGGAC-1","Pilot_large_2",0.91230416
"GGTCTTGAACCGGCCA-1","Pilot_large_2",0.067206904
"GGTCTTGATAACGTCA-1","Pilot_large_2",0.73991865
"GGTCTTGCACGTTGCG-1","Pilot_large_2",0.03150787
"GGTGCACTCCGGTTCG-1","Pilot_large_2",0.86760175
"GGTGCAGTGGTCTTAT-1","Pilot_large_2",0.7011743
"GGTGCAGTTCCATATG-1","Pilot_large_2",0.7503422
"GGTGCGCAACTAACGG-1","Pilot_large_2",0.39953378
"GGTGCGTGGAGTTGGT-1","Pilot_large_2",0.89065427
"GGTGGCTTATTGCGTG-1","Pilot_large_2",0.24648406
"GGTGTCAAGCTGCACC-1","Pilot_large_2",0.65080744
"GGTGTCACCAGCGAAC-1","Pilot_large_2",0.71325743
"GGTTACAGCCGGCCGG-1","Pilot_large_2",0.76474947
"GGTTACGGACGATTAA-1","Pilot_large_2",0.8849318
"GGTTAGACTCACTAGC-1","Pilot_large_2",0.66861814
"GGTTAGACTCGGAGGT-1","Pilot_large_2",0.69237304
"GGTTAGATGAGTCTAA-1","Pilot_large_2",0.89233506
"GGTTAGATGCCGTTGC-1","Pilot_large_2",0.82185966
"GGTTAGCACGCCTATG-1","Pilot_large_2",0.8482434
"GGTTAGCTTCATGAGT-1","Pilot_large_2",0.86754346
"GGTTAGTATGAGTGTC-1","Pilot_large_2",0.094970785
"GGTTAGTCGGCAGCGA-1","Pilot_large_2",0.7832351
"GGTTCAAGGTTAAGCC-1","Pilot_large_2",0.8346695
"GGTTCACCGACTCACG-1","Pilot_large_2",0.7142795
"GGTTCTATACCGCTTG-1","Pilot_large_2",0.86421907
"GGTTCTCCTATCAGTT-1","Pilot_large_2",0.7965474
"GGTTCTCGCTCACGCC-1","Pilot_large_2",0.6689349
"GGTTCTCGTGATGTGA-1","Pilot_large_2",0.70515424
"GGTTCTGGAGTCTACC-1","Pilot_large_2",0.7038816
"GGTTGACCAAGACATG-1","Pilot_large_2",0.8745714
"GGTTGACCATTGCTGT-1","Pilot_large_2",0.7426668
"GGTTGCGATTGAACAG-1","Pilot_large_2",0.8093053
"GTAACACCGAGCGTTA-1","Pilot_large_2",0.10378722
"GTAACATCTTATAATG-1","Pilot_large_2",0.6292866
"GTAACCACAAGGCTGA-1","Pilot_large_2",0.7187957
"GTAACCACCTACAACC-1","Pilot_large_2",0.91091084
"GTAACCTAGCGTCACG-1","Pilot_large_2",0.80520535
"GTAAGTTGCTGGTGGA-1","Pilot_large_2",0.83442396
"GTAATCACGCACAGCT-1","Pilot_large_2",0.61499107
"GTAATCAGGCGGACGG-1","Pilot_large_2",0.78092074
"GTAATCTTGTCTAGTT-1","Pilot_large_2",0.6006502
"GTAATGATCACGTAAG-1","Pilot_large_2",0.87483644
"GTACAACTCGGCAGAA-1","Pilot_large_2",0.5234118
"GTACAGAACAGGACTC-1","Pilot_large_2",0.7329914
"GTACAGAACCGATTAT-1","Pilot_large_2",0.7415638
"GTACAGATGACATCGC-1","Pilot_large_2",0.723917
"GTACAGCCGTTACAGA-1","Pilot_large_2",0.7983808
"GTACAGCTGAGCCGGA-1","Pilot_large_2",0.86145747
"GTACAGCTGTTGTCCT-1","Pilot_large_2",0.9199884
"GTACAGGAACGAATGG-1","Pilot_large_2",0.84974563
"GTACATAAGCTACGCC-1","Pilot_large_2",0.04349856
"GTACCTACAATACGAA-1","Pilot_large_2",0.7803612
"GTACCTGTCTTACTGT-1","Pilot_large_2",0.64951265
"GTACCTTCATGTGCAA-1","Pilot_large_2",0.8672263
"GTACGAAGATTATCCG-1","Pilot_large_2",0.7831048
"GTACGAATTCTACCAA-1","Pilot_large_2",0.74089634
"GTACGACAGCTCCGGA-1","Pilot_large_2",0.802222
"GTACGAGGTAGTGCAC-1","Pilot_large_2",0.86836714
"GTACGATTAGTCTACA-1","Pilot_large_2",0.09129632
"GTACGCACTCAATTGC-1","Pilot_large_2",0.5493226
"GTACGCCATAGATGGT-1","Pilot_large_2",0.9086065
"GTACGCCTCGCTTCCA-1","Pilot_large_2",0.8598197
"GTACGCTCGCCAACAT-1","Pilot_large_2",0.8800388
"GTACGCTTGATACCAC-1","Pilot_large_2",0.8612644
"GTACGGTTAATGCAGG-1","Pilot_large_2",0.9648371
"GTACTACCGTTAGGTG-1","Pilot_large_2",0.79494363
"GTACTGCATAAGGTTA-1","Pilot_large_2",0.84022135
"GTACTTAACTTCAGCG-1","Pilot_large_2",0.62726194
"GTACTTCTGATCCTCG-1","Pilot_large_2",0.7546441
"GTACTTGTTATTCAAG-1","Pilot_large_2",0.6722226
"GTAGAAGTAAGCTGCG-1","Pilot_large_2",0.8559392
"GTAGACCAGAATACTC-1","Pilot_large_2",0.2232834
"GTAGACCTGTCAACCA-1","Pilot_large_2",0.7534075
"GTAGCACGAGCTCAAG-1","Pilot_large_2",0.91396356
"GTAGCAGAAGACTCTT-1","Pilot_large_2",0.14001593
"GTAGCAGAGCAATAGC-1","Pilot_large_2",0.7306033
"GTAGCATAGTTACAGG-1","Pilot_large_2",0.67926663
"GTAGCATCGAAGGTCT-1","Pilot_large_2",0.83751607
"GTAGCCAGCTTAATTG-1","Pilot_large_2",0.844429
"GTAGCCAGTGCGGTTG-1","Pilot_large_2",0.7879048
"GTAGCGCCTGAACTCA-1","Pilot_large_2",0.83161557
"GTAGCGTGTAGCATGT-1","Pilot_large_2",0.8224466
"GTAGGAGCAACAGGCA-1","Pilot_large_2",0.89516896
"GTAGTCAGACCAATGT-1","Pilot_large_2",0.95682245
"GTAGTCCAGCGGACAT-1","Pilot_large_2",0.070811704
"GTAGTCCATTGTTCGT-1","Pilot_large_2",0.7996809
"GTAGTCCGTGTACTAA-1","Pilot_large_2",0.8948681
"GTAGTGACATTACGAC-1","Pilot_large_2",0.0615337
"GTATAACTTGTTGCGA-1","Pilot_large_2",0.82095444
"GTATAAGGCGTCTTCA-1","Pilot_large_2",0.82188565
"GTATACATAGGTTGCC-1","Pilot_large_2",0.8405373
"GTATACGATACCTTGT-1","Pilot_large_2",0.047154415
"GTATACGGTACACGCA-1","Pilot_large_2",0.084725104
"GTATCTACAGATCTCC-1","Pilot_large_2",0.024496017
"GTATCTAGCTACCAGC-1","Pilot_large_2",0.5369659
"GTATCTCAGCCTTGGT-1","Pilot_large_2",0.1673214
"GTATCTGTGGCGTCTA-1","Pilot_large_2",0.6958599
"GTATCTGTGGTCCAGC-1","Pilot_large_2",0.89881754
"GTATGACATAAGACGG-1","Pilot_large_2",0.81469965
"GTATGATAGTATGGAT-1","Pilot_large_2",0.82373744
"GTATGATCACTTGACG-1","Pilot_large_2",0.74598444
"GTATGCCTATCTTGCG-1","Pilot_large_2",0.042812474
"GTATGCCTTACTCCAC-1","Pilot_large_2",0.8099449
"GTATGCGGTATCATGA-1","Pilot_large_2",0.10413465
"GTATGCTTGCGACTAA-1","Pilot_large_2",0.7122216
"GTATGGTGCCGGCAGG-1","Pilot_large_2",0.57083946
"GTATGGTGGAGCGGCC-1","Pilot_large_2",0.9139346
"GTATGTAGCAGGCATA-1","Pilot_large_2",0.79680765
"GTATGTAGCTCACCTT-1","Pilot_large_2",0.34908617
"GTATGTGCAAGCCGGA-1","Pilot_large_2",0.13885827
"GTATGTTAGACTGCCT-1","Pilot_large_2",0.97924876
"GTATGTTAGTTCTACC-1","Pilot_large_2",0.69392353
"GTATGTTCTGGATCGC-1","Pilot_large_2",0.83219665
"GTATTACGAGTCAATC-1","Pilot_large_2",0.7222409
"GTATTACGGCCATTAT-1","Pilot_large_2",0.8657325
"GTATTACGGTATTGAG-1","Pilot_large_2",0.7859092
"GTATTAGATTGAGGTC-1","Pilot_large_2",0.6682925
"GTATTAGGTTATCTGC-1","Pilot_large_2",0.90547925
"GTATTCCGCTCGGATG-1","Pilot_large_2",0.47824538
"GTATTCGTGACTTGAT-1","Pilot_large_2",0.719462
"GTATTCTAAGTGCTGT-1","Pilot_large_2",0.9233705
"GTCAACAGACGCACGT-1","Pilot_large_2",0.64521164
"GTCAACAGCATAGATT-1","Pilot_large_2",0.85214764
"GTCAACAGCGCACCGA-1","Pilot_large_2",0.7586081
"GTCAACATAAGATAGA-1","Pilot_large_2",0.8738586
"GTCAACTCAACTGTTA-1","Pilot_large_2",0.8791977
"GTCACCAAGAGCGGTG-1","Pilot_large_2",0.06386009
"GTCACTAAGAGGAATA-1","Pilot_large_2",0.66870385
"GTCACTACTCGCGGAG-1","Pilot_large_2",0.9260227
"GTCACTTATCCAAGAC-1","Pilot_large_2",0.72939116
"GTCACTTATGAATGCG-1","Pilot_large_2",0.17566071
"GTCAGCCAACATCACG-1","Pilot_large_2",0.86929834
"GTCAGCCATTGTGCGG-1","Pilot_large_2",0.77613103
"GTCAGCCTAATTACGT-1","Pilot_large_2",0.7336627
"GTCAGCCTCCGAACCT-1","Pilot_large_2",0.8578272
"GTCAGCGATGTAATTG-1","Pilot_large_2",0.6962235
"GTCAGCGATTGATTCA-1","Pilot_large_2",0.6171326
"GTCAGCTAGATCGACA-1","Pilot_large_2",0.88342
"GTCAGGACAAGCCATG-1","Pilot_large_2",0.8230628
"GTCAGGATCAACCAAC-1","Pilot_large_2",0.71328485
"GTCAGGTACGTGGCAT-1","Pilot_large_2",0.072406806
"GTCAGTAATCCAATTA-1","Pilot_large_2",0.15924259
"GTCAGTAGGTGACCGG-1","Pilot_large_2",0.51122123
"GTCAGTGAGGATCGTT-1","Pilot_large_2",0.65720206
"GTCAGTGCAGCGTTGT-1","Pilot_large_2",0.86425984
"GTCAGTTCTGCCTGGA-1","Pilot_large_2",0.50104064
"GTCAGTTGGAACCACG-1","Pilot_large_2",0.88368905
"GTCATCACGTGGTTCA-1","Pilot_large_2",0.21425277
"GTCATCACTATTGTGC-1","Pilot_large_2",0.752918
"GTCATCAGTAGACCAG-1","Pilot_large_2",0.8416347
"GTCCAGCACGTTCAGA-1","Pilot_large_2",0.81172013
"GTCCATCTATACAAGG-1","Pilot_large_2",0.798652
"GTCCGACAGCCGCATT-1","Pilot_large_2",0.16973753
"GTCCGTCGGCATGCGT-1","Pilot_large_2",0.29567102
"GTCCTGCTTACGGCTG-1","Pilot_large_2",0.8634917
"GTCCTTATACATTACG-1","Pilot_large_2",0.8481095
"GTCCTTCATGGATTAG-1","Pilot_large_2",0.65759724
"GTCCTTCGGAACCTGC-1","Pilot_large_2",0.5351575
"GTCGAAGTCGTGTTCT-1","Pilot_large_2",0.85155606
"GTCGAGACCGTCCGTT-1","Pilot_large_2",0.919023
"GTCGCACGCAGCCTGC-1","Pilot_large_2",0.60213435
"GTCGCAGATTACTGCA-1","Pilot_large_2",0.89068365
"GTCGCAGTATTAGGAT-1","Pilot_large_2",0.7574861
"GTCGCATGCGGTAGAT-1","Pilot_large_2",0.09555099
"GTCGCATTACCAGGCA-1","Pilot_large_2",0.74795747
"GTCGGCCGTTGTGAAT-1","Pilot_large_2",0.8823341
"GTCGGCCTCCGGCATC-1","Pilot_large_2",0.61371624
"GTCGTAGACTGACAAG-1","Pilot_large_2",0.8533726
"GTCTAAGATCGGACTA-1","Pilot_large_2",0.13641925
"GTCTAAGCGGCACGCC-1","Pilot_large_2",0.7589629
"GTCTAATACGGCTAAG-1","Pilot_large_2",0.48266962
"GTCTAGCATGGTACGT-1","Pilot_large_2",0.8066182
"GTCTAGCGTTGTGACC-1","Pilot_large_2",0.8231149
"GTCTAGGACAGGATAA-1","Pilot_large_2",0.7296221
"GTCTATCAATGGATTA-1","Pilot_large_2",0.46784237
"GTCTATCAGTACTAAT-1","Pilot_large_2",0.668771
"GTCTATCCAGGACGTC-1","Pilot_large_2",0.83817124
"GTCTATGGTGAAGAGC-1","Pilot_large_2",0.8212941
"GTCTATGTTAATAGAA-1","Pilot_large_2",0.7446809
"GTCTATTAGTGAGGCC-1","Pilot_large_2",0.8817169
"GTCTATTGCGAGTTAC-1","Pilot_large_2",0.6641478
"GTCTCATGACTAGTTG-1","Pilot_large_2",0.116580755
"GTCTCGACTGACGAGT-1","Pilot_large_2",0.82159215
"GTCTGAACAAGGTTAG-1","Pilot_large_2",0.8465156
"GTCTGAAGGCCTTAAT-1","Pilot_large_2",0.7730083
"GTCTGATAGATTATAA-1","Pilot_large_2",0.0846714
"GTCTGCTCAACACCAA-1","Pilot_large_2",0.8378043
"GTCTGTGGATCTGACG-1","Pilot_large_2",0.82108414
"GTCTTCGATAGGTGTT-1","Pilot_large_2",0.85931605
"GTCTTCGGTAGCTACA-1","Pilot_large_2",0.84215504
"GTCTTGAACAATTACA-1","Pilot_large_2",0.15022515
"GTCTTGACAATAGCAA-1","Pilot_large_2",0.70252526
"GTCTTGACCGGAGGCC-1","Pilot_large_2",0.8783112
"GTCTTGACTTGCTCTG-1","Pilot_large_2",0.19008864
"GTCTTGATTGCCACCT-1","Pilot_large_2",0.8894397
"GTCTTGCGATGAATGC-1","Pilot_large_2",0.7795179
"GTCTTGCTGGACGATA-1","Pilot_large_2",0.69535726
"GTCTTGCTTGATCCAC-1","Pilot_large_2",0.8815072
"GTCTTGTATTGTAGAT-1","Pilot_large_2",0.04292445
"GTGAACATTCAACGAT-1","Pilot_large_2",0.3860953
"GTGAACTCGTGGTATC-1","Pilot_large_2",0.79412836
"GTGAACTGAGTTCGGC-1","Pilot_large_2",0.9001407
"GTGAAGATGAGTGCCT-1","Pilot_large_2",0.10792154
"GTGAAGTATTGGTCAC-1","Pilot_large_2",0.88906074
"GTGAATTAGACATTGC-1","Pilot_large_2",0.7211379
"GTGACAAGATGCTCAT-1","Pilot_large_2",0.14099064
"GTGACAATTGCGATAA-1","Pilot_large_2",0.870239
"GTGACACCAAGTGAAT-1","Pilot_large_2",0.74600416
"GTGACAGCCTAGCCTC-1","Pilot_large_2",0.8268675
"GTGACATACAGGTCCT-1","Pilot_large_2",0.42042592
"GTGACATAGTTAGCTG-1","Pilot_large_2",0.9120688
"GTGACATATGCTAGAT-1","Pilot_large_2",0.7870547
"GTGACCGTGGATTAGC-1","Pilot_large_2",0.82735085
"GTGACTATGGCATGGA-1","Pilot_large_2",0.70938134
"GTGAGCACCAGCATCC-1","Pilot_large_2",0.7986548
"GTGAGGATCTCAGCCT-1","Pilot_large_2",0.8376196
"GTGAGGTACGCTGAGT-1","Pilot_large_2",0.7906797
"GTGAGGTCACAGGCCA-1","Pilot_large_2",0.8356663
"GTGAGGTTGGACGGCG-1","Pilot_large_2",0.6945191
"GTGATCTACGAGATCC-1","Pilot_large_2",0.12370382
"GTGATGGATTAGAACA-1","Pilot_large_2",0.04365671
"GTGCAACTACTGTACG-1","Pilot_large_2",0.8674874
"GTGCACTTGTAAGCAC-1","Pilot_large_2",0.83771986
"GTGCACTTGTTCCTGG-1","Pilot_large_2",0.5902524
"GTGCAGAAGGTGCGAG-1","Pilot_large_2",0.825393
"GTGCAGCCGGTCTGCA-1","Pilot_large_2",0.9269536
"GTGCAGGACTCCAAGG-1","Pilot_large_2",0.79829544
"GTGCAGGCTGGACATG-1","Pilot_large_2",0.7809399
"GTGCAGTGGTAGATTC-1","Pilot_large_2",0.8924681
"GTGCAGTTGTGGCGCT-1","Pilot_large_2",0.86258197
"GTGCATGGTTGAGTTC-1","Pilot_large_2",0.6867594
"GTGCATTCCTGTGGTC-1","Pilot_large_2",0.87257344
"GTGCATTGCAATGTTG-1","Pilot_large_2",0.80342036
"GTGCCACCTTGAGCAT-1","Pilot_large_2",0.824579
"GTGCCGCATCCTTCCT-1","Pilot_large_2",0.8563284
"GTGCCGTCCTGTCAGC-1","Pilot_large_2",0.10791355
"GTGCCTGACACGTTGG-1","Pilot_large_2",0.36848232
"GTGCTCAATGCAACCT-1","Pilot_large_2",0.3882985
"GTGCTCGCTTGATCGG-1","Pilot_large_2",0.82510906
"GTGGACCAACTAGGAG-1","Pilot_large_2",0.031276938
"GTGGAGTACAATCAAT-1","Pilot_large_2",0.877232
"GTGGATTAACAGCGGT-1","Pilot_large_2",0.86719805
"GTGGCGACCTAATATT-1","Pilot_large_2",0.75047696
"GTGGCGACCTTGATTC-1","Pilot_large_2",0.77735126
"GTGGCGATAGGCAGAA-1","Pilot_large_2",0.8587669
"GTGGCGATCTGCGATA-1","Pilot_large_2",0.047999814
"GTGGCGCACCTGTTCC-1","Pilot_large_2",0.7394947
"GTGGCGCCAACAGCTC-1","Pilot_large_2",0.9218745
"GTGGCGCCACTACGCT-1","Pilot_large_2",0.10612644
"GTGGCGCCAGACTCGA-1","Pilot_large_2",0.85007614
"GTGGCGCCAGCTAACC-1","Pilot_large_2",0.063658394
"GTGGCGGTCCGGATGA-1","Pilot_large_2",0.9354634
"GTGGCTTCCTACCGTT-1","Pilot_large_2",0.6568142
"GTGGTAAGCCTCTTCG-1","Pilot_large_2",0.08570924
"GTGGTACTGGTTCCAA-1","Pilot_large_2",0.7085737
"GTGGTACTGTTGTAGC-1","Pilot_large_2",0.6849281
"GTGGTACTTGGTTGGA-1","Pilot_large_2",0.8990106
"GTGGTAGGTCTAAGAA-1","Pilot_large_2",0.864556
"GTGGTCGCTCTGTAGC-1","Pilot_large_2",0.30896035
"GTGGTTGACAAGGAGC-1","Pilot_large_2",0.8565986
"GTTAACAACTTCGGAT-1","Pilot_large_2",0.56260425
"GTTAACTCCGACCACT-1","Pilot_large_2",0.57549757
"GTTAATACGACACGCC-1","Pilot_large_2",0.79100245
"GTTAGAGGTGTTAAGA-1","Pilot_large_2",0.037860435
"GTTAGGAAGTATACGA-1","Pilot_large_2",0.10685537
"GTTAGGCCTGAACATC-1","Pilot_large_2",0.7557335
"GTTAGGTACTAACTGG-1","Pilot_large_2",0.7074302
"GTTAGGTCCACTGGCG-1","Pilot_large_2",0.8880905
"GTTATCCTATACTGGC-1","Pilot_large_2",0.7322063
"GTTATGATACGATTAT-1","Pilot_large_2",0.8665232
"GTTATGTTGCTTAGAT-1","Pilot_large_2",0.7744241
"GTTATTCGTAACGTCC-1","Pilot_large_2",0.7871076
"GTTATTGACCTCATTC-1","Pilot_large_2",0.5556606
"GTTATTGTCTATTCAT-1","Pilot_large_2",0.789208
"GTTCATACCTTGGTTA-1","Pilot_large_2",0.8450842
"GTTCATCTTACATTCC-1","Pilot_large_2",0.24265432
"GTTCATTGCCTGAATA-1","Pilot_large_2",0.8744367
"GTTCCAGTGCCTTACC-1","Pilot_large_2",0.22962454
"GTTCCGAGTATGATCG-1","Pilot_large_2",0.72019726
"GTTCCGGCTGAGCCGA-1","Pilot_large_2",0.124431744
"GTTCCGTATGGTAACG-1","Pilot_large_2",0.10216387
"GTTCCGTCATACGGCT-1","Pilot_large_2",0.050965767
"GTTCCGTCTTATCTTA-1","Pilot_large_2",0.70893437
"GTTCCTGAACCTTCAA-1","Pilot_large_2",0.8440137
"GTTCCTTGAGGAACGC-1","Pilot_large_2",0.71065867
"GTTCGAATCACGTACG-1","Pilot_large_2",0.8818587
"GTTCGCTGGTATTAGA-1","Pilot_large_2",0.7282518
"GTTCGTAGGTAGTGAA-1","Pilot_large_2",0.8658477
"GTTCTACTATACGAAC-1","Pilot_large_2",0.19583933
"GTTCTACTATCATATT-1","Pilot_large_2",0.3036988
"GTTCTACTTATGGTAG-1","Pilot_large_2",0.6431669
"GTTCTGGACACGCAAC-1","Pilot_large_2",0.8453867
"GTTCTTACTGAAGTAT-1","Pilot_large_2",0.8170409
"GTTGAACTACCGTTCA-1","Pilot_large_2",0.63716793
"GTTGAAGGAAGTCGGC-1","Pilot_large_2",0.66986793
"GTTGAATAAGTCAGCA-1","Pilot_large_2",0.32556903
"GTTGAATCAACCTGGC-1","Pilot_large_2",0.7249545
"GTTGAATGGTACAGTA-1","Pilot_large_2",0.029057767
"GTTGAATGTTGCTGCC-1","Pilot_large_2",0.8898885
"GTTGACATGAACCAAC-1","Pilot_large_2",0.79998624
"GTTGACGAACCAGAAC-1","Pilot_large_2",0.3082572
"GTTGACGGATAGCCAT-1","Pilot_large_2",0.48047757
"GTTGACGTCAGATTAG-1","Pilot_large_2",0.09340853
"GTTGACTTCTATGCTG-1","Pilot_large_2",0.8286052
"GTTGAGCTTCGTCCGG-1","Pilot_large_2",0.79360485
"GTTGCCACGACAAGAA-1","Pilot_large_2",0.72487104
"GTTGCCATCTACGCAC-1","Pilot_large_2",0.9430309
"GTTGCTACGTCTTAAT-1","Pilot_large_2",0.7531575
"GTTGCTAGATCGTTGA-1","Pilot_large_2",0.7453178
"GTTGCTCCTGAGATTC-1","Pilot_large_2",0.7585508
"GTTGCTGACTCATTCG-1","Pilot_large_2",0.7742808
"GTTGGCGTGAGCGACC-1","Pilot_large_2",0.91144365
"GTTGGTCCGCCAATCT-1","Pilot_large_2",0.7569124
"GTTGTCCTTGAGCGGT-1","Pilot_large_2",0.92052644
"GTTGTCGAACCATGTT-1","Pilot_large_2",0.80201274
"GTTGTCGTAATATGGA-1","Pilot_large_2",0.7533846
"GTTGTCGTGGCATTAC-1","Pilot_large_2",0.6884903
"TAACAGCAGGCCTTAC-1","Pilot_large_2",0.6300526
"TAACAGGAACCGACAA-1","Pilot_large_2",0.7669535
"TAACAGGTCCATACCA-1","Pilot_large_2",0.7187228
"TAACAGTCTACTATGG-1","Pilot_large_2",0.9349522
"TAACAGTTCCACTTCG-1","Pilot_large_2",0.9342549
"TAACATGCGTGCGAAC-1","Pilot_large_2",0.09712922
"TAACATGGCCACCTCC-1","Pilot_large_2",0.7275153
"TAACCAAGGTGCTCTA-1","Pilot_large_2",0.823456
"TAACCAGATACGCTTC-1","Pilot_large_2",0.7313429
"TAACCGGATGGACAGG-1","Pilot_large_2",0.8019235
"TAACCTACGGACTCGT-1","Pilot_large_2",0.07108722
"TAACCTTGAGACTTCG-1","Pilot_large_2",0.6810198
"TAACGAATCCTAGATA-1","Pilot_large_2",0.59359217
"TAACGAATGCTCCAAT-1","Pilot_large_2",0.81454605
"TAACGAGCCGAAGGTC-1","Pilot_large_2",0.20740418
"TAACGAGCGTCTGGCC-1","Pilot_large_2",0.73735714
"TAACGAGTTGCCAACC-1","Pilot_large_2",0.67654985
"TAACGCATTGGTCCAA-1","Pilot_large_2",0.6824795
"TAACGCCGAGTACACG-1","Pilot_large_2",0.7177453
"TAACGCGGCTATAGGT-1","Pilot_large_2",0.80539757
"TAACGCGTAATATGGC-1","Pilot_large_2",0.16786541
"TAACGCGTCAAGCGTT-1","Pilot_large_2",0.8092033
"TAACGCGTCCTACAAC-1","Pilot_large_2",0.8206363
"TAACGCTAGTACGCAG-1","Pilot_large_2",0.53588545
"TAACGCTCACATTCTA-1","Pilot_large_2",0.12337652
"TAACGCTCATACGGCA-1","Pilot_large_2",0.5903519
"TAACGCTTCGGCACTT-1","Pilot_large_2",0.8325608
"TAACGTGCCATAGTTA-1","Pilot_large_2",0.86931837
"TAACGTTGCGTCGATG-1","Pilot_large_2",0.6648713
"TAACTTGCACGGCGGA-1","Pilot_large_2",0.073725194
"TAAGAACAGGTGTAAC-1","Pilot_large_2",0.777084
"TAAGACCGAGTGAACA-1","Pilot_large_2",0.5283826
"TAAGATTGAGATTACA-1","Pilot_large_2",0.79678726
"TAAGATTGCTCACTTC-1","Pilot_large_2",0.8837057
"TAAGATTGGCGGTCGT-1","Pilot_large_2",0.71577454
"TAAGCAAGTAATGTGG-1","Pilot_large_2",0.5666134
"TAAGCACGAGACCTAC-1","Pilot_large_2",0.17307061
"TAAGCAGTAGATACTC-1","Pilot_large_2",0.760848
"TAAGCCACAATTGCCT-1","Pilot_large_2",0.76186186
"TAAGCCATACGACACG-1","Pilot_large_2",0.6809424
"TAAGCCTGGCTTCAGT-1","Pilot_large_2",0.15198459
"TAAGCCTGTAGCGTCC-1","Pilot_large_2",0.029444005
"TAAGCTCCTTCACGCC-1","Pilot_large_2",0.43946263
"TAAGGACGCCTGGTTG-1","Pilot_large_2",0.7514353
"TAAGGTATGAATGCTA-1","Pilot_large_2",0.041635007
"TAAGGTCCGTGACCGT-1","Pilot_large_2",0.6811347
"TAAGTGCTTGACGATT-1","Pilot_large_2",0.8436139
"TAAGTGGCCGCTCACC-1","Pilot_large_2",0.07261614
"TAAGTGTCAAGGTGGC-1","Pilot_large_2",0.7151844
"TAATAGCGCTGTACTC-1","Pilot_large_2",0.21728185
"TAATCGACATTGTTGG-1","Pilot_large_2",0.6876272
"TAATCTGATAAGATGT-1","Pilot_large_2",0.70347655
"TAATGACGAAGCGGCT-1","Pilot_large_2",0.7669762
"TAATGATCCGGTTATT-1","Pilot_large_2",0.85079455
"TAATGTGCACGATCTG-1","Pilot_large_2",0.64038545
"TAATTAAGGAGTACTG-1","Pilot_large_2",0.7338547
"TAATTACCGGTGCGAG-1","Pilot_large_2",0.82989657
"TAATTAGCTCGATTGT-1","Pilot_large_2",0.8484539
"TAATTGATTCTGTCGC-1","Pilot_large_2",0.6274052
"TACAACGGACGGCTCA-1","Pilot_large_2",0.3321921
"TACAAGCGCCATCGGA-1","Pilot_large_2",0.8744488
"TACAAGCGGAAGTACG-1","Pilot_large_2",0.44461057
"TACAAGGTCGACAAGT-1","Pilot_large_2",0.91669184
"TACAAGGTTATGCGGT-1","Pilot_large_2",0.0770464
"TACAAGTCGAATGCAA-1","Pilot_large_2",0.8000636
"TACAAGTGTCTGTCCG-1","Pilot_large_2",0.69888175
"TACAAGTTATACGCTG-1","Pilot_large_2",0.85545146
"TACACCGGTATGTATC-1","Pilot_large_2",0.8929557
"TACACCTCGTACTCCA-1","Pilot_large_2",0.77026576
"TACACGAACAGCTACT-1","Pilot_large_2",0.87309617
"TACACTCAGCGTATAA-1","Pilot_large_2",0.83070624
"TACACTCAGTAGAATG-1","Pilot_large_2",0.7186655
"TACACTGAATAGCAGA-1","Pilot_large_2",0.7506716
"TACACTGCGTCCGGAC-1","Pilot_large_2",0.8120369
"TACACTGTAGTCAACG-1","Pilot_large_2",0.70846707
"TACACTGTCGAACCAA-1","Pilot_large_2",0.7566282
"TACACTTAGTCGTGGT-1","Pilot_large_2",0.7218953
"TACACTTCGCACCGAT-1","Pilot_large_2",0.87077963
"TACAGTACTTAGTGTA-1","Pilot_large_2",0.77226293
"TACAGTCTCGGCACGG-1","Pilot_large_2",0.9952772
"TACATAGCAGACCAAG-1","Pilot_large_2",0.7996714
"TACATATGCACCAGTG-1","Pilot_large_2",0.7656042
"TACATCGGACAACTGG-1","Pilot_large_2",0.9335465
"TACATCGTCAGCGGTT-1","Pilot_large_2",0.6765047
"TACATTGAATACGATC-1","Pilot_large_2",0.8528472
"TACATTGACTGAGTCC-1","Pilot_large_2",0.8452128
"TACCAGACAACCTCAG-1","Pilot_large_2",0.7471904
"TACCATCTCGGCCGAA-1","Pilot_large_2",0.8180985
"TACCATTGATCATTAG-1","Pilot_large_2",0.7415647
"TACCGGACCGTTAGGT-1","Pilot_large_2",0.8563954
"TACCTCAGCGGTTGAT-1","Pilot_large_2",0.98366004
"TACCTCAGGCAACAGA-1","Pilot_large_2",0.8705388
"TACCTGCGGTTGTCCT-1","Pilot_large_2",0.8025385
"TACCTGTTAACGGCCT-1","Pilot_large_2",0.87131685
"TACGACGCGATTCAAG-1","Pilot_large_2",0.3342797
"TACGACGTCTCATATT-1","Pilot_large_2",0.6580384
"TACGACTCTGAACACT-1","Pilot_large_2",0.083557
"TACGAGATTGGTCTGT-1","Pilot_large_2",0.7954374
"TACGCCAGCACCGGAA-1","Pilot_large_2",0.9317378
"TACGCCGGAGTTCTGA-1","Pilot_large_2",0.040937115
"TACGCCTTGCCGTGTT-1","Pilot_large_2",0.7633831
"TACGCTCCGGTTGGTA-1","Pilot_large_2",0.7018455
"TACGCTGATAGCAGTC-1","Pilot_large_2",0.86039096
"TACGGAACAGACGCGG-1","Pilot_large_2",0.7571983
"TACGGAATACTCGTTC-1","Pilot_large_2",0.079265125
"TACGGAATTGAACCAA-1","Pilot_large_2",0.73245776
"TACGGAGGAAGCACCT-1","Pilot_large_2",0.8945978
"TACGGAGTCAACGAAG-1","Pilot_large_2",0.7690561
"TACGGATCAGCCATCC-1","Pilot_large_2",0.4909081
"TACGGATCCTTGCGAT-1","Pilot_large_2",0.6014553
"TACGGATCTTGCGATG-1","Pilot_large_2",0.06655691
"TACGGCCTTGTAGGAG-1","Pilot_large_2",0.8609368
"TACGGTAGTTGCGTGA-1","Pilot_large_2",0.048238527
"TACGGTTAATGTACTA-1","Pilot_large_2",0.070413254
"TACGTACACCTTAAGC-1","Pilot_large_2",0.8390162
"TACGTATCCTATCACG-1","Pilot_large_2",0.6715521
"TACGTATCGAGGTTGT-1","Pilot_large_2",0.7974047
"TACGTGACGGATCCAC-1","Pilot_large_2",0.7116927
"TACGTGGAGGCATGGC-1","Pilot_large_2",0.8393855
"TACGTGGCATCATATG-1","Pilot_large_2",0.8032695
"TACGTGTACATCCGTG-1","Pilot_large_2",0.82953626
"TACGTGTTGCCACTGA-1","Pilot_large_2",0.8327401
"TACGTTACTGGTAGCG-1","Pilot_large_2",0.7704268
"TACGTTATCCAGACGC-1","Pilot_large_2",0.7164536
"TACGTTCCACGCTCGT-1","Pilot_large_2",0.8899809
"TACGTTCTACCGCCAT-1","Pilot_large_2",0.92358357
"TACTAGGATCAATGGC-1","Pilot_large_2",0.5961604
"TACTAGTACACCTAAG-1","Pilot_large_2",0.078669615
"TACTAGTACCGGATGG-1","Pilot_large_2",0.73161584
"TACTCCGAAGTAGAAT-1","Pilot_large_2",0.7451695
"TACTCCGCCAATACAA-1","Pilot_large_2",0.65470135
"TACTCCTACATCAACT-1","Pilot_large_2",0.42150667
"TAGAACATGATTAACA-1","Pilot_large_2",0.88542324
"TAGAATTCAACGTGGC-1","Pilot_large_2",0.81556636
"TAGACAGTTCAGATTA-1","Pilot_large_2",0.7809652
"TAGACATGGTTAGGTC-1","Pilot_large_2",0.69604695
"TAGACATTGACTTGCA-1","Pilot_large_2",0.057709973
"TAGACCAGGATATCGG-1","Pilot_large_2",0.04834012
"TAGACCAGGTACGATC-1","Pilot_large_2",0.7687994
"TAGACCATCGATTGAG-1","Pilot_large_2",0.8627277
"TAGACCATTGCTTAGA-1","Pilot_large_2",0.78173107
"TAGACCGAAGCAGAGC-1","Pilot_large_2",0.7899232
"TAGACCGCGGAAGGAC-1","Pilot_large_2",0.7945377
"TAGACCGGCCAGTACG-1","Pilot_large_2",0.38874227
"TAGACCTGAGGAGCTG-1","Pilot_large_2",0.7774697
"TAGACTAATATGGCGA-1","Pilot_large_2",0.5276499
"TAGAGCAGACAGTCCA-1","Pilot_large_2",0.88195133
"TAGATGAGCCGTCATT-1","Pilot_large_2",0.8327409
"TAGATGAGGACGCTTA-1","Pilot_large_2",0.7913433
"TAGATGCTGTATCGTA-1","Pilot_large_2",0.9202348
"TAGATGGCTGTATGCC-1","Pilot_large_2",0.71634805
"TAGATGGTTCCTGATG-1","Pilot_large_2",0.75487435
"TAGATGTCACGGTCGA-1","Pilot_large_2",0.7116381
"TAGATGTCGAGGCCAG-1","Pilot_large_2",0.8201912
"TAGCAATTATGGACCG-1","Pilot_large_2",0.836954
"TAGCAGTGATTCTGTC-1","Pilot_large_2",0.90213525
"TAGCCGCAATACCTGC-1","Pilot_large_2",0.72741586
"TAGCCGCTGTGGCTGG-1","Pilot_large_2",0.7917729
"TAGCCGTAGCCAGGTG-1","Pilot_large_2",0.07321614
"TAGCGGACCACTGTTA-1","Pilot_large_2",0.66627187
"TAGCGTACCTTGACAT-1","Pilot_large_2",0.6930848
"TAGCGTACGGAGCGCC-1","Pilot_large_2",0.7979513
"TAGCGTCTCAAGGTGG-1","Pilot_large_2",0.732751
"TAGCGTCTCGGTCTAT-1","Pilot_large_2",0.8478146
"TAGCGTGGTATTGTGC-1","Pilot_large_2",0.37613195
"TAGCGTTATGACCTCC-1","Pilot_large_2",0.5198662
"TAGCTACCATACTGCT-1","Pilot_large_2",0.18164039
"TAGCTACCTGTAGGAT-1","Pilot_large_2",0.86043906
"TAGCTAGAAGCGATCA-1","Pilot_large_2",0.8292318
"TAGCTAGAGCACGCCG-1","Pilot_large_2",0.07362095
"TAGCTATGTTGAGCAC-1","Pilot_large_2",0.9095833
"TAGCTTAAGCTGGCGT-1","Pilot_large_2",0.41209894
"TAGGACATCAGCATGG-1","Pilot_large_2",0.7130239
"TAGGACCAATTGCCAA-1","Pilot_large_2",0.7762899
"TAGGCAGGCGGACGCC-1","Pilot_large_2",0.04445403
"TAGGCAGTGCGTAGAC-1","Pilot_large_2",0.07726021
"TAGGCATCGGAGCCTC-1","Pilot_large_2",0.92513704
"TAGGCATCTGCGGACC-1","Pilot_large_2",0.7228541
"TAGGCGAGCGATCGGT-1","Pilot_large_2",0.71074075
"TAGGCGCATATCTAAC-1","Pilot_large_2",0.84954464
"TAGGCTCCGGCATACA-1","Pilot_large_2",0.8507488
"TAGGCTTATCTAGCTC-1","Pilot_large_2",0.81157166
"TAGGTCTACTCGTGAA-1","Pilot_large_2",0.78357637
"TAGGTCTGCCTCTGTA-1","Pilot_large_2",0.78298
"TAGGTCTTGGCTCGTC-1","Pilot_large_2",0.15062338
"TAGTAAGCGGTGGATA-1","Pilot_large_2",0.67454267
"TAGTATCCAATTACGT-1","Pilot_large_2",0.6672756
"TAGTCACTGGATAGGC-1","Pilot_large_2",0.65316224
"TAGTGAACATGCAGAT-1","Pilot_large_2",0.7889746
"TAGTGACCGTCGATTA-1","Pilot_large_2",0.80007994
"TAGTGACTCGCTCCGC-1","Pilot_large_2",0.794368
"TAGTGAGGACATGTTG-1","Pilot_large_2",0.64487916
"TAGTGAGGTATCGACC-1","Pilot_large_2",0.86122876
"TAGTGATGACTCCTGG-1","Pilot_large_2",0.71012336
"TAGTGCACATAGTCTG-1","Pilot_large_2",0.98649985
"TAGTGCAGCTGGCGTC-1","Pilot_large_2",0.6874378
"TAGTGCAGTGCGGTAG-1","Pilot_large_2",0.8279772
"TAGTGCGTGGAGAAGT-1","Pilot_large_2",0.83897054
"TAGTTCAAGGTCCACG-1","Pilot_large_2",0.89684653
"TAGTTCAATCGACCTC-1","Pilot_large_2",0.81934893
"TAGTTCCGATAGAATC-1","Pilot_large_2",0.8540766
"TAGTTCGAAGACATGC-1","Pilot_large_2",0.7447
"TAGTTCGAGTAGGAAG-1","Pilot_large_2",0.588333
"TAGTTCGATCCTCACG-1","Pilot_large_2",0.7451357
"TAGTTCGTTGCTAATT-1","Pilot_large_2",0.7396167
"TAGTTGAGTTCTGCAC-1","Pilot_large_2",0.63347155
"TATCAAGGCTCGTCGG-1","Pilot_large_2",0.8651517
"TATCAATGCCGCTCAC-1","Pilot_large_2",0.7277727
"TATCACATAGCGAACT-1","Pilot_large_2",0.03489791
"TATCACCGGCATCGTG-1","Pilot_large_2",0.7834706
"TATCATGGATGTTGCC-1","Pilot_large_2",0.8800157
"TATCCAAGCGCCGTAG-1","Pilot_large_2",0.0666597
"TATCCAATACCGCAAT-1","Pilot_large_2",0.07109954
"TATCCGACGTCTAGAT-1","Pilot_large_2",0.04998093
"TATCCGATCTTGGCGG-1","Pilot_large_2",0.65469325
"TATCCGTAAGCCAGCG-1","Pilot_large_2",0.83799016
"TATCCTGCGGTTGATC-1","Pilot_large_2",0.7639852
"TATCTAATCACCTCGG-1","Pilot_large_2",0.22105178
"TATCTAGGAGTGGACA-1","Pilot_large_2",0.6876469
"TATCTAGTCGCATGCA-1","Pilot_large_2",0.7234391
"TATCTAGTGAGGTAGG-1","Pilot_large_2",0.9245351
"TATGAACTACGCGGTG-1","Pilot_large_2",0.8518021
"TATGAAGCGACCGTCC-1","Pilot_large_2",0.72631896
"TATGACAATGCTTGAA-1","Pilot_large_2",0.12195839
"TATGACAGCGAGAAGC-1","Pilot_large_2",0.8010428
"TATGACGCCTTCCGTG-1","Pilot_large_2",0.72509134
"TATGACGCGTATGTCG-1","Pilot_large_2",0.7445604
"TATGACGGAGATTGGC-1","Pilot_large_2",0.70970285
"TATGAGCGATCCATTA-1","Pilot_large_2",0.34735462
"TATGAGGATCTACTGG-1","Pilot_large_2",0.7167029
"TATGCCACAGCCGGTG-1","Pilot_large_2",0.87120104
"TATGCGTACCTGAGTC-1","Pilot_large_2",0.28299916
"TATGCTCCTGGTTAGT-1","Pilot_large_2",0.7471053
"TATGGAGTTCTACGGC-1","Pilot_large_2",0.8851613
"TATGGATATGGTGCGA-1","Pilot_large_2",0.8551167
"TATGGCAGTTCGTCTA-1","Pilot_large_2",0.1365949
"TATGGCCATAATAGAC-1","Pilot_large_2",0.110373065
"TATGGCCGGCGACACT-1","Pilot_large_2",0.12682298
"TATGGCCTCACGTACA-1","Pilot_large_2",0.8757683
"TATGTAGAGCTGATCA-1","Pilot_large_2",0.44993854
"TATGTTAGGCCGAACC-1","Pilot_large_2",0.79906493
"TATGTTGCAGTCTAGG-1","Pilot_large_2",0.28185004
"TATGTTGGTCCAGTGA-1","Pilot_large_2",0.087198325
"TATTAACTTCCGCTCA-1","Pilot_large_2",0.7562907
"TATTAAGCAGCGCCGG-1","Pilot_large_2",0.7883441
"TATTAATAGAATGGCA-1","Pilot_large_2",0.9378836
"TATTAATATGTCGACT-1","Pilot_large_2",0.87834156
"TATTCCGGTTGTTAAT-1","Pilot_large_2",0.8095791
"TATTCGATGATCTAGT-1","Pilot_large_2",0.85975343
"TATTCGGTGGAGATTC-1","Pilot_large_2",0.15806612
"TATTCGTTAATGCTCC-1","Pilot_large_2",0.8393656
"TATTCGTTATCGCCTG-1","Pilot_large_2",0.65211
"TATTCTAAGGCTCATC-1","Pilot_large_2",0.111801855
"TATTCTCAGCGGCTGG-1","Pilot_large_2",0.21436961
"TATTCTCCTATGATGG-1","Pilot_large_2",0.5297023
"TATTGAATCCGACTAA-1","Pilot_large_2",0.40887207
"TATTGAATTAAGCGTT-1","Pilot_large_2",0.77041906
"TATTGATCTACTTCGG-1","Pilot_large_2",0.60211587
"TCAACAATGGAGGCCT-1","Pilot_large_2",0.14688726
"TCAACACCAATCATTA-1","Pilot_large_2",0.8385911
"TCAACAGGACAGCAAC-1","Pilot_large_2",0.8441413
"TCAACAGGCCATGCCG-1","Pilot_large_2",0.7620491
"TCAACATGGATACAAC-1","Pilot_large_2",0.7093657
"TCAAGGAACCTATTGC-1","Pilot_large_2",0.885228
"TCAAGGACGTTAGGAG-1","Pilot_large_2",0.8052838
"TCAAGGCAACGCGGCT-1","Pilot_large_2",0.2458131
"TCAAGGCCATAGCCTG-1","Pilot_large_2",0.760834
"TCAAGGCGTCTACTCC-1","Pilot_large_2",0.05885082
"TCAAGGTCTGAATATG-1","Pilot_large_2",0.13923575
"TCAAGTGATGGTTAAT-1","Pilot_large_2",0.75891215
"TCAATCAGATGACGTG-1","Pilot_large_2",0.87391824
"TCAATTAATAGAACCT-1","Pilot_large_2",0.06226093
"TCACAAGACTTAGCTT-1","Pilot_large_2",0.06749658
"TCACAAGATGACTCGA-1","Pilot_large_2",0.28846785
"TCACAAGCTCGAGGCA-1","Pilot_large_2",0.15889616
"TCACAGCACCAAGGTT-1","Pilot_large_2",0.86682624
"TCACATAAGCGTTGCC-1","Pilot_large_2",0.88567287
"TCACATAGACCTCCGT-1","Pilot_large_2",0.8826063
"TCACATCCTGTCGCGG-1","Pilot_large_2",0.6450691
"TCACATCCTTCTCAGT-1","Pilot_large_2",0.6579567
"TCACATTGTCGGTGAC-1","Pilot_large_2",0.7699094
"TCACCGTTGCTAATGG-1","Pilot_large_2",0.41756737
"TCACGACATCAGAAGG-1","Pilot_large_2",0.5525024
"TCACTACGACTCTGCG-1","Pilot_large_2",0.7074521
"TCACTCCGCTCACTGG-1","Pilot_large_2",0.87457246
"TCAGAATCTAATAGTC-1","Pilot_large_2",0.8458328
"TCAGACCGGCCTGCTC-1","Pilot_large_2",0.91412294
"TCAGATTACCAGGTTA-1","Pilot_large_2",0.85421854
"TCAGCGCCTAGTCTTA-1","Pilot_large_2",0.8149996
"TCAGCGTGACCTTACC-1","Pilot_large_2",0.7254012
"TCAGCTACCAACTCCG-1","Pilot_large_2",0.70499146
"TCAGCTAGGATGTACT-1","Pilot_large_2",0.45874456
"TCAGCTATTAATCGCT-1","Pilot_large_2",0.48429638
"TCAGCTCGATGACTTC-1","Pilot_large_2",0.7904991
"TCAGGAATAGAACCTG-1","Pilot_large_2",0.9195207
"TCAGGAGCAACGGTCG-1","Pilot_large_2",0.04110495
"TCAGGATACACTACAA-1","Pilot_large_2",0.7023398
"TCAGGTCTAGTAAGCA-1","Pilot_large_2",0.03294001
"TCAGTATGTAGGACAA-1","Pilot_large_2",0.5731979
"TCAGTCAGCGATCAGA-1","Pilot_large_2",0.6898705
"TCAGTCCAACGGAAGT-1","Pilot_large_2",0.772179
"TCAGTCGAAGTATCTA-1","Pilot_large_2",0.87804884
"TCAGTCGTCACTGAGC-1","Pilot_large_2",0.796257
"TCAGTCGTGCCGGCAG-1","Pilot_large_2",0.66790944
"TCAGTCTGAGTGCTTG-1","Pilot_large_2",0.94044906
"TCAGTGAAGAGTTCTA-1","Pilot_large_2",0.8348132
"TCAGTGCCAAGTAGCA-1","Pilot_large_2",0.73110014
"TCAGTTCAGAATCTCG-1","Pilot_large_2",0.73854536
"TCAGTTGACAGTGCCA-1","Pilot_large_2",0.85163116
"TCAGTTGCAGTTCTTA-1","Pilot_large_2",0.9360289
"TCAGTTGCTAAGCCTA-1","Pilot_large_2",0.867128
"TCATAATTCGTGCAGA-1","Pilot_large_2",0.9009407
"TCATAGCTTCCAGTAC-1","Pilot_large_2",0.14310178
"TCATAGGTAGTGACGA-1","Pilot_large_2",0.7054326
"TCATAGGTATTGCGTG-1","Pilot_large_2",0.8083115
"TCATAGTAGACTCATA-1","Pilot_large_2",0.21525212
"TCATCCACGTGGTCAC-1","Pilot_large_2",0.89724934
"TCATCCATGCCAAGCG-1","Pilot_large_2",0.6010072
"TCATCCTAGGACTCGC-1","Pilot_large_2",0.8704428
"TCATCGCTGCGTATTG-1","Pilot_large_2",0.60697293
"TCATCGCTGTGCAACA-1","Pilot_large_2",0.7963556
"TCATCGGCCTGTGCGG-1","Pilot_large_2",0.3520399
"TCATCGGTCTCAGTTC-1","Pilot_large_2",0.88490963
"TCATCTATCCACGATT-1","Pilot_large_2",0.84315556
"TCATCTCCAACCACCT-1","Pilot_large_2",0.048565347
"TCATCTTCCACGTATG-1","Pilot_large_2",0.8576765
"TCATCTTCGACACCGT-1","Pilot_large_2",0.87806004
"TCATGAGGCTTGACGC-1","Pilot_large_2",0.82159126
"TCATGAGGTTGATATG-1","Pilot_large_2",0.8835417
"TCATGATTCACTCAGT-1","Pilot_large_2",0.5472549
"TCATGATTCTGATACT-1","Pilot_large_2",0.6202373
"TCATGCAGCGCCTTCG-1","Pilot_large_2",0.80750436
"TCATTACGGCACAGTA-1","Pilot_large_2",0.80069584
"TCATTCACGCGAGCTC-1","Pilot_large_2",0.8404676
"TCATTCTGATGGTGCG-1","Pilot_large_2",0.9469395
"TCATTGATAGACTTGC-1","Pilot_large_2",0.795522
"TCATTGCAAGTGCTCA-1","Pilot_large_2",0.90565366
"TCATTGGCGACCGACG-1","Pilot_large_2",0.78902245
"TCATTGTTCAATGCGT-1","Pilot_large_2",0.399514
"TCCAACAGATGCGGCA-1","Pilot_large_2",0.24100213
"TCCAACGAAGATGCTT-1","Pilot_large_2",0.18240911
"TCCAACGTGGTTGTTC-1","Pilot_large_2",0.77098083
"TCCAACTAAGACTCCA-1","Pilot_large_2",0.24872163
"TCCAACTGAATAAGGT-1","Pilot_large_2",0.6598671
"TCCAACTGGCTGAAGA-1","Pilot_large_2",0.7206963
"TCCAAGACCGCTTGAT-1","Pilot_large_2",0.07246465
"TCCAATAACGTGCTAG-1","Pilot_large_2",0.78508157
"TCCAATACTATCTGTT-1","Pilot_large_2",0.863788
"TCCAATACTGGAGCGT-1","Pilot_large_2",0.87930506
"TCCAATCCAGATACAT-1","Pilot_large_2",0.8745135
"TCCAATGTCCACGAGC-1","Pilot_large_2",0.8089464
"TCCAATTAGCAATCAA-1","Pilot_large_2",0.6609255
"TCCACCAAGTGACGAA-1","Pilot_large_2",0.902316
"TCCAGAGGCAAGAACT-1","Pilot_large_2",0.9385011
"TCCAGAGGTCGACAGC-1","Pilot_large_2",0.083803676
"TCCAGATCTTCGCTTA-1","Pilot_large_2",0.8532449
"TCCAGCTCTGCTATAG-1","Pilot_large_2",0.90532583
"TCCAGTACCGAGCGCA-1","Pilot_large_2",0.07951141
"TCCAGTACGTGCTATG-1","Pilot_large_2",0.63005245
"TCCAGTCACGGTGGCT-1","Pilot_large_2",0.81696975
"TCCAGTCAGTACATTA-1","Pilot_large_2",0.5890983
"TCCAGTGATTGGTGCT-1","Pilot_large_2",0.8747609
"TCCAGTTGAAGTAGCA-1","Pilot_large_2",0.7543124
"TCCAGTTGTACCTGTC-1","Pilot_large_2",0.63167816
"TCCATAGCGACTCAGT-1","Pilot_large_2",0.8647558
"TCCATCGGCTAGACGA-1","Pilot_large_2",0.034374934
"TCCATGCGTCGGTTAC-1","Pilot_large_2",0.861649
"TCCGAACCTCAACCAT-1","Pilot_large_2",0.34478188
"TCCGAAGTGACAGGCT-1","Pilot_large_2",0.88059753
"TCCGAATACCGAATAG-1","Pilot_large_2",0.84002703
"TCCGAATACTCGCTGG-1","Pilot_large_2",0.80467486
"TCCGAATCATGTTGTC-1","Pilot_large_2",0.7820696
"TCCGACCGCAAGTCCT-1","Pilot_large_2",0.8561695
"TCCGAGTACGACTTAG-1","Pilot_large_2",0.57515484
"TCCGATGCGTATCCGG-1","Pilot_large_2",0.82901907
"TCCGCCAACATTGCTC-1","Pilot_large_2",0.83887845
"TCCGCCAAGGTCCGTT-1","Pilot_large_2",0.11307381
"TCCGCCAGTGATTAAT-1","Pilot_large_2",0.11411469
"TCCGCCGGTCTATTCA-1","Pilot_large_2",0.80792695
"TCCGCCTTGTTCTGAT-1","Pilot_large_2",0.13371882
"TCCGGCTATGCTCAGT-1","Pilot_large_2",0.1473285
"TCCGGCTCTATGGACA-1","Pilot_large_2",0.6932877
"TCCGGTACGTGGCCTC-1","Pilot_large_2",0.82321405
"TCCGGTTCCGTTCTAG-1","Pilot_large_2",0.05645091
"TCCGTCCACTCGGAGC-1","Pilot_large_2",0.69531995
"TCCGTCGGTACAAGTT-1","Pilot_large_2",0.8438777
"TCCGTGTTCTGTTCTG-1","Pilot_large_2",0.6771211
"TCCGTTGGTTCACTCG-1","Pilot_large_2",0.86699146
"TCCTAATTGCGGCCTG-1","Pilot_large_2",0.66114384
"TCCTAATTGCTCAACG-1","Pilot_large_2",0.84483373
"TCCTACAAGCTCGAAC-1","Pilot_large_2",0.04433768
"TCCTACCGATCGTGGC-1","Pilot_large_2",0.8454008
"TCCTAGGTATCTGATG-1","Pilot_large_2",0.83941174
"TCCTATCCTCGAATCA-1","Pilot_large_2",0.7216549
"TCCTATCCTGTCAATA-1","Pilot_large_2",0.789311
"TCCTATGAGGATTGTT-1","Pilot_large_2",0.8685501
"TCCTATTGACTGTTGA-1","Pilot_large_2",0.8618952
"TCCTCAGTCGGATGCG-1","Pilot_large_2",0.9519015
"TCCTCATCGTGCTGGA-1","Pilot_large_2",0.3072772
"TCCTCATGGCACCGTT-1","Pilot_large_2",0.8775219
"TCCTGAAGCGTGCACT-1","Pilot_large_2",0.7804432
"TCCTGACAGGCAGCAA-1","Pilot_large_2",0.88055986
"TCCTGATAAGTGCCGT-1","Pilot_large_2",0.75323397
"TCCTGATCACCGGTCC-1","Pilot_large_2",0.014821184
"TCCTGCCGTGTCTAAG-1","Pilot_large_2",0.4068394
"TCCTGCTACATGCAGA-1","Pilot_large_2",0.85393286
"TCCTGGTGCGAGGCCT-1","Pilot_large_2",0.8041934
"TCCTGGTGGCAATAGC-1","Pilot_large_2",0.40501544
"TCCTTACTCGCAATGA-1","Pilot_large_2",0.6631185
"TCCTTCCAACCGCAAC-1","Pilot_large_2",0.6991368
"TCCTTGAACAGGACCA-1","Pilot_large_2",0.8511589
"TCCTTGGCTCAAGAGT-1","Pilot_large_2",0.84216577
"TCGAACAGGTTGCACG-1","Pilot_large_2",0.89507776
"TCGAATCTTGCGTTAC-1","Pilot_large_2",0.6515483
"TCGAATGGTTCCACGC-1","Pilot_large_2",0.7785715
"TCGAATTAGTTACTCC-1","Pilot_large_2",0.78016436
"TCGAATTGTACACTAT-1","Pilot_large_2",0.81824195
"TCGACGAAGAGCAAGT-1","Pilot_large_2",0.5054017
"TCGACGAAGCAGCTCA-1","Pilot_large_2",0.8453376
"TCGACTCAGGTTAACC-1","Pilot_large_2",0.8537833
"TCGATATTAGACATAC-1","Pilot_large_2",0.7957582
"TCGATCCAACGTCCTT-1","Pilot_large_2",0.8745955
"TCGATCGTGAGGCGCC-1","Pilot_large_2",0.73291993
"TCGATCTAATGTTAGT-1","Pilot_large_2",0.78242815
"TCGATCTAGCCGATTC-1","Pilot_large_2",0.7828451
"TCGCAATAGTGACGCA-1","Pilot_large_2",0.5813842
"TCGCACCTCATGTCAG-1","Pilot_large_2",0.74378777
"TCGCACGATTCGGTGG-1","Pilot_large_2",0.7295685
"TCGCACTCTTGGACAG-1","Pilot_large_2",0.724548
"TCGCACTGCTGTGCTC-1","Pilot_large_2",0.39995593
"TCGCACTGTACGGCGA-1","Pilot_large_2",0.15298471
"TCGCACTTACTGAAGT-1","Pilot_large_2",0.7744828
"TCGCACTTCAGTGACA-1","Pilot_large_2",0.7083194
"TCGCACTTGGTCCGTC-1","Pilot_large_2",0.9072903
"TCGCCAGGCATGCCTC-1","Pilot_large_2",0.90588695
"TCGCCTAATGACCGGT-1","Pilot_large_2",0.886424
"TCGCCTAGATAATTAA-1","Pilot_large_2",0.85245854
"TCGCCTGACGGCCACT-1","Pilot_large_2",0.20328139
"TCGCCTGCGTGCGTGG-1","Pilot_large_2",0.93292314
"TCGCCTGCTATCAGTC-1","Pilot_large_2",0.79824835
"TCGCCTGGTGGATTCT-1","Pilot_large_2",0.71499413
"TCGCGACGTGGTAAGT-1","Pilot_large_2",0.8920042
"TCGCGGAAGCACCACG-1","Pilot_large_2",0.9330527
"TCGCGGAGTACAACCA-1","Pilot_large_2",0.8811386
"TCGCGGTAGTATGATC-1","Pilot_large_2",0.8470165
"TCGCGGTCCGGATCAG-1","Pilot_large_2",0.7050843
"TCGCTTACTCGCAAGT-1","Pilot_large_2",0.82657737
"TCGGAATCAGCCTAAC-1","Pilot_large_2",0.73458374
"TCGGACATTCTATGAG-1","Pilot_large_2",0.75621825
"TCGGACCAACCATACA-1","Pilot_large_2",0.9280596
"TCGGACCAGATTCAAT-1","Pilot_large_2",0.88326305
"TCGGACGGCCGAGGAA-1","Pilot_large_2",0.4346458
"TCGGACGTTGCCTCAG-1","Pilot_large_2",0.8002064
"TCGGAGCGTTACCTCG-1","Pilot_large_2",0.09266279
"TCGGAGGCTGTAGTTG-1","Pilot_large_2",0.7838017
"TCGGAGTGGTACTTGC-1","Pilot_large_2",0.9130862
"TCGGAGTTGTCTTGTT-1","Pilot_large_2",0.7752018
"TCGGCACTGGCGCCGA-1","Pilot_large_2",0.5873511
"TCGGCGACCTCGCTGA-1","Pilot_large_2",0.072028026
"TCGGCGCAGATAGATA-1","Pilot_large_2",0.76974964
"TCGGCGCTATCACGTG-1","Pilot_large_2",0.7098644
"TCGGCGGAACATACGC-1","Pilot_large_2",0.7821124
"TCGGCGTAAGGCCTTA-1","Pilot_large_2",0.054724284
"TCGGTAATTACGTGGA-1","Pilot_large_2",0.045270752
"TCGGTATCGTAATTGG-1","Pilot_large_2",0.8658346
"TCGGTATCTAGTATAC-1","Pilot_large_2",0.86389613
"TCGGTGATCGCCGGCC-1","Pilot_large_2",0.85917217
"TCGGTGTCAACAGGCA-1","Pilot_large_2",0.8208346
"TCGGTGTCTAACCAAG-1","Pilot_large_2",0.74791443
"TCGTAAGGCGTTCAGG-1","Pilot_large_2",0.93059313
"TCGTATACAAGACGAG-1","Pilot_large_2",0.898471
"TCGTATCAACAGCACC-1","Pilot_large_2",0.7801935
"TCGTATCACGTTATGA-1","Pilot_large_2",0.7439052
"TCGTATCCTGATGCAA-1","Pilot_large_2",0.8658353
"TCGTATCGGTCTCCTT-1","Pilot_large_2",0.91918373
"TCGTATGCCGGACGTT-1","Pilot_large_2",0.05062917
"TCGTATGTCGTGCCTA-1","Pilot_large_2",0.90434647
"TCGTATTAGATCCGGT-1","Pilot_large_2",0.6092359
"TCGTCAAGCCTAATCT-1","Pilot_large_2",0.6489629
"TCGTCACGATGTTCGA-1","Pilot_large_2",0.79055595
"TCGTCAGAACAGCCAG-1","Pilot_large_2",0.9022664
"TCGTCATCGTACCAAT-1","Pilot_large_2",0.79946965
"TCGTTAGCCAGGCCAG-1","Pilot_large_2",0.81692445
"TCTAACAAGCCAATCC-1","Pilot_large_2",0.79652053
"TCTAACCGTGCTAGCT-1","Pilot_large_2",0.07987959
"TCTACACTAATTACTC-1","Pilot_large_2",0.284003
"TCTACACTCCGGCTCC-1","Pilot_large_2",0.6838701
"TCTACAGCACCGAACC-1","Pilot_large_2",0.8615711
"TCTACAGCACGTCCGA-1","Pilot_large_2",0.8333344
"TCTACATGAACTATAC-1","Pilot_large_2",0.80344385
"TCTACATGAATCTGAT-1","Pilot_large_2",0.6667409
"TCTACATTGGAGTAAT-1","Pilot_large_2",0.85798407
"TCTACCGGTCAATAGC-1","Pilot_large_2",0.9110977
"TCTACTGTCTCAATGA-1","Pilot_large_2",0.0903152
"TCTACTTAGGTTCTTA-1","Pilot_large_2",0.652779
"TCTACTTAGTATTAGT-1","Pilot_large_2",0.84977984
"TCTACTTCACCGTGGA-1","Pilot_large_2",0.86791193
"TCTAGAACTTCTTGCA-1","Pilot_large_2",0.8529342
"TCTAGAGTCTCCACGC-1","Pilot_large_2",0.8163287
"TCTAGATAAGGTTAGC-1","Pilot_large_2",0.050614383
"TCTAGCGACACCGAGC-1","Pilot_large_2",0.039544966
"TCTAGCGGAATGGATC-1","Pilot_large_2",0.8796893
"TCTAGCTTATTCGCCA-1","Pilot_large_2",0.7911759
"TCTAGGACTGCCACCG-1","Pilot_large_2",0.80858445
"TCTAGGCGGAAGGCAC-1","Pilot_large_2",0.15866505
"TCTAGGCTTAAGACTG-1","Pilot_large_2",0.7607137
"TCTATGATCGGTGCCT-1","Pilot_large_2",0.05288122
"TCTATTCCTTCCGGAA-1","Pilot_large_2",0.8464351
"TCTATTCTGCATTGGC-1","Pilot_large_2",0.19114314
"TCTATTGGCTTCGATC-1","Pilot_large_2",0.81814104
"TCTGAGCGTAATTGTC-1","Pilot_large_2",0.84553415
"TCTGAGTCAGATCTTG-1","Pilot_large_2",0.6743162
"TCTGATCATAATGATT-1","Pilot_large_2",0.7792142
"TCTGCAATTCACAAGA-1","Pilot_large_2",0.15542233
"TCTGCCTGGATGTCAG-1","Pilot_large_2",0.9054808
"TCTGCGCTTGCAGATA-1","Pilot_large_2",0.79279983
"TCTGGACGCTAAGACA-1","Pilot_large_2",0.79069287
"TCTGGATATTAACCTA-1","Pilot_large_2",0.74328315
"TCTGGTATCTGTAGCC-1","Pilot_large_2",0.5913876
"TCTGGTCCTCCACTGT-1","Pilot_large_2",0.9132271
"TCTGTACCTCACTCGC-1","Pilot_large_2",0.8400164
"TCTGTACGCTGTCCTC-1","Pilot_large_2",0.34712556
"TCTTACCATTCTAAGC-1","Pilot_large_2",0.7561075
"TCTTACCGCACTGAAT-1","Pilot_large_2",0.9309813
"TCTTACCGGATCCGCT-1","Pilot_large_2",0.9295437
"TCTTACGAATCAGTGC-1","Pilot_large_2",0.6461802
"TCTTACGAGGAATAAG-1","Pilot_large_2",0.76643115
"TCTTACGAGGCCGACA-1","Pilot_large_2",0.78767556
"TCTTACGGCCGCAACA-1","Pilot_large_2",0.7807717
"TCTTACTCTGTATGCG-1","Pilot_large_2",0.12181464
"TCTTAGATGCCTCCGA-1","Pilot_large_2",0.78757524
"TCTTAGGCGACAGTCA-1","Pilot_large_2",0.63462716
"TCTTAGTCGTCTCGGC-1","Pilot_large_2",0.060486346
"TCTTCGAACAGCGTTA-1","Pilot_large_2",0.05103735
"TCTTCGAATTGTATAC-1","Pilot_large_2",0.8847137
"TCTTGAGTCATTATAC-1","Pilot_large_2",0.47009376
"TCTTGAGTCTCCGAAT-1","Pilot_large_2",0.74106014
"TCTTGCACCAATCTAT-1","Pilot_large_2",0.8999203
"TCTTGCACGTATGGAC-1","Pilot_large_2",0.8118629
"TCTTGCACGTCTAATG-1","Pilot_large_2",0.8990885
"TCTTGCACTATTCAGA-1","Pilot_large_2",0.66657346
"TCTTGCACTGGTGCTC-1","Pilot_large_2",0.71386975
"TCTTGCATAGACAATA-1","Pilot_large_2",0.9001687
"TCTTGCCATCGTTGTA-1","Pilot_large_2",0.7411319
"TCTTGCCGGAGCCAGA-1","Pilot_large_2",0.76201284
"TCTTGCCGGCAGTCTA-1","Pilot_large_2",0.13907385
"TCTTGCTCCGTCGGCA-1","Pilot_large_2",0.7708885
"TCTTGCTGTCCTAGGC-1","Pilot_large_2",0.029953483
"TCTTGTTATTCTTGAT-1","Pilot_large_2",0.03759237
"TGAACCAATGTTGAGC-1","Pilot_large_2",0.81439596
"TGAACGAATCTTAATT-1","Pilot_large_2",0.81437665
"TGAACGGACACGTATC-1","Pilot_large_2",0.5956598
"TGAACGGACATTGAGT-1","Pilot_large_2",0.854008
"TGAACGGATCTGGTAC-1","Pilot_large_2",0.81933457
"TGAACGGATTCAAGTT-1","Pilot_large_2",0.040163483
"TGAAGATACAATCTGC-1","Pilot_large_2",0.841272
"TGAAGTATGATCGTGC-1","Pilot_large_2",0.15557964
"TGAATACAGACTGCTC-1","Pilot_large_2",0.72869533
"TGAATGCGGTTATGGA-1","Pilot_large_2",0.8880201
"TGAATGTTGACATCGT-1","Pilot_large_2",0.5953942
"TGAATTATGCCGCAGT-1","Pilot_large_2",0.8650954
"TGACAGTACTATTCTA-1","Pilot_large_2",0.1530116
"TGACATTACAACGCCG-1","Pilot_large_2",0.7010024
"TGACCAACAGATAGGT-1","Pilot_large_2",0.6267137
"TGACCAACTTGGTCAA-1","Pilot_large_2",0.71250147
"TGACCAAGCTGCACAT-1","Pilot_large_2",0.48507917
"TGACCAAGTAAGGACC-1","Pilot_large_2",0.64518553
"TGACCAGGCTCATGCA-1","Pilot_large_2",0.7822271
"TGACCAGGTATGACCT-1","Pilot_large_2",0.65686095
"TGACCATCCATCTGCT-1","Pilot_large_2",0.85534966
"TGACCATCCGCCACGT-1","Pilot_large_2",0.8589189
"TGACCATGTACACTCA-1","Pilot_large_2",0.8877885
"TGACCTCACTCCTTAT-1","Pilot_large_2",0.770047
"TGACCTCCTTCAGATT-1","Pilot_large_2",0.35013804
"TGACCTGTCTATCTCG-1","Pilot_large_2",0.778514
"TGACGCCTGCTTGTGA-1","Pilot_large_2",0.034745887
"TGACGCTCACCAAGCC-1","Pilot_large_2",0.76736313
"TGACGCTCGCGGTAGT-1","Pilot_large_2",0.79659945
"TGACGCTGCAGCTCAT-1","Pilot_large_2",0.9153988
"TGACGCTGCGATAGTA-1","Pilot_large_2",0.80528927
"TGACGGCAGCCAGACC-1","Pilot_large_2",0.74019474
"TGACTCGGCCGACCGA-1","Pilot_large_2",0.82003266
"TGACTCGGTGTCATCG-1","Pilot_large_2",0.7915239
"TGACTTAATGCGTTGG-1","Pilot_large_2",0.94372493
"TGACTTCGGCGTAACA-1","Pilot_large_2",0.8388343
"TGACTTGCACTCACGG-1","Pilot_large_2",0.7715532
"TGAGACAAGGACGACC-1","Pilot_large_2",0.10705623
"TGAGACAGAAGTGCTC-1","Pilot_large_2",0.17056315
"TGAGACTATTGAATCT-1","Pilot_large_2",0.07630811
"TGAGATGCTCTAATGA-1","Pilot_large_2",0.87454826
"TGAGCCGCGTGATCAT-1","Pilot_large_2",0.9079769
"TGAGGAATCCATAGAA-1","Pilot_large_2",0.84289324
"TGAGGTAGGACTACTG-1","Pilot_large_2",0.13682488
"TGAGTAAGCGCAATCC-1","Pilot_large_2",0.86970925
"TGAGTACGCTGCTCAG-1","Pilot_large_2",0.7830698
"TGAGTGACCTACTCGT-1","Pilot_large_2",0.8393152
"TGAGTGAGATCGCTAA-1","Pilot_large_2",0.47185186
"TGAGTTCGCTTGACCT-1","Pilot_large_2",0.86870795
"TGATAGGAGCATCAAC-1","Pilot_large_2",0.14593801
"TGATCCGCACTCCTTA-1","Pilot_large_2",0.81430984
"TGATCGGACCTGGATG-1","Pilot_large_2",0.10842373
"TGATGGATGATCACGG-1","Pilot_large_2",0.76709837
"TGATGGCCGGCATCGC-1","Pilot_large_2",0.13968539
"TGATGGCTGCGACGAT-1","Pilot_large_2",0.8446741
"TGATTAGAATGACATA-1","Pilot_large_2",0.66156167
"TGATTCAAGATCGAGC-1","Pilot_large_2",0.8944503
"TGATTCACATGCAGAA-1","Pilot_large_2",0.82728696
"TGATTCGTCTGGATCT-1","Pilot_large_2",0.57059675
"TGCAACAGTGAAGCTC-1","Pilot_large_2",0.7085972
"TGCACCGGTCACCTCC-1","Pilot_large_2",0.7640893
"TGCACGAGTGTCAGCC-1","Pilot_large_2",0.061614547
"TGCACGCTCCTATCCG-1","Pilot_large_2",0.83102185
"TGCACGGCTGAGACTT-1","Pilot_large_2",0.76525426
"TGCACGGCTGGTAAGG-1","Pilot_large_2",0.8876332
"TGCACGGTAGACGGTA-1","Pilot_large_2",0.5048691
"TGCACTCCAGCTACTC-1","Pilot_large_2",0.2473789
"TGCAGAATCGGAGGCT-1","Pilot_large_2",0.8869572
"TGCAGAGCCTTGCCGG-1","Pilot_large_2",0.8265578
"TGCAGATGAGATCTAG-1","Pilot_large_2",0.8833716
"TGCAGTACAACGAGTG-1","Pilot_large_2",0.8603142
"TGCAGTCGAGCACCAA-1","Pilot_large_2",0.14012395
"TGCAGTTATTCCACTC-1","Pilot_large_2",0.3601947
"TGCAGTTGTCGGAGCG-1","Pilot_large_2",0.8146229
"TGCATTAATGGCCACC-1","Pilot_large_2",0.6880578
"TGCATTCACGTGTACT-1","Pilot_large_2",0.8949327
"TGCATTCGCCAGCGAT-1","Pilot_large_2",0.8531791
"TGCATTCGCTACAATG-1","Pilot_large_2",0.15193382
"TGCATTCTTACGGAGG-1","Pilot_large_2",0.86609674
"TGCCAATCCATGTCTA-1","Pilot_large_2",0.55141944
"TGCCACAATGCTACCG-1","Pilot_large_2",0.87821627
"TGCCACCTATTACATT-1","Pilot_large_2",0.8392044
"TGCCACTATCAGGCAG-1","Pilot_large_2",0.86029476
"TGCCACTCAACCGGCC-1","Pilot_large_2",0.79637164
"TGCCACTTAAGTGATG-1","Pilot_large_2",0.864879
"TGCCAGGATGAGGTTC-1","Pilot_large_2",0.381298
"TGCCAGTGATTCGTGC-1","Pilot_large_2",0.633942
"TGCCAGTTATGCAGCT-1","Pilot_large_2",0.8897625
"TGCCGAATCAAGCGTC-1","Pilot_large_2",0.75775474
"TGCCGACGATGAACTG-1","Pilot_large_2",0.9034864
"TGCCGAGTTAAGAACG-1","Pilot_large_2",0.054874994
"TGCCGGAACTTAGGCA-1","Pilot_large_2",0.8862867
"TGCCTATCGGCTATGT-1","Pilot_large_2",0.8572291
"TGCCTATGGACTGGTC-1","Pilot_large_2",0.83459806
"TGCCTTAGGCGTCTAT-1","Pilot_large_2",0.6037499
"TGCGAATCCGGCTTGA-1","Pilot_large_2",0.950198
"TGCGACTACGTGCGAG-1","Pilot_large_2",0.8688544
"TGCGAGCCAGACGAAT-1","Pilot_large_2",0.7492232
"TGCGATCTTGCTCGAT-1","Pilot_large_2",0.056227252
"TGCGCCGAACGGACTC-1","Pilot_large_2",0.03286173
"TGCGCCGATCGCGAAG-1","Pilot_large_2",0.6870938
"TGCGCCTCTGGCTACA-1","Pilot_large_2",0.7291918
"TGCGCCTCTTCGGCGA-1","Pilot_large_2",0.7536308
"TGCGGACATTCGCCGG-1","Pilot_large_2",0.7134746
"TGCGGACCATGGTACC-1","Pilot_large_2",0.03899043
"TGCGGACGATACGGAC-1","Pilot_large_2",0.86881995
"TGCGGACTCACGTGAT-1","Pilot_large_2",0.32878697
"TGCGGACTTAACTTCC-1","Pilot_large_2",0.845742
"TGCGGACTTCTGTCGC-1","Pilot_large_2",0.11913525
"TGCGGATCATCCTAGA-1","Pilot_large_2",0.7462761
"TGCGGATCGGATCTTA-1","Pilot_large_2",0.839633
"TGCGTATCTTGTACCG-1","Pilot_large_2",0.83750325
"TGCGTCCTAAGTTCCA-1","Pilot_large_2",0.90006655
"TGCGTCTGGATCGGAT-1","Pilot_large_2",0.89589214
"TGCGTGTCAGCCAGTG-1","Pilot_large_2",0.4023113
"TGCGTTAGCACGTACC-1","Pilot_large_2",0.68889266
"TGCGTTATTGTTGCGA-1","Pilot_large_2",0.90830463
"TGCGTTGTATTGCCTG-1","Pilot_large_2",0.76642877
"TGCTACGCTGCGTGGA-1","Pilot_large_2",0.85068196
"TGCTACTTGTGGCTGG-1","Pilot_large_2",0.7835201
"TGCTATCCATGTAATA-1","Pilot_large_2",0.37628934
"TGCTATCCTAAGACGA-1","Pilot_large_2",0.8910496
"TGCTATGGTTGCGACA-1","Pilot_large_2",0.7001803
"TGCTATTGCGGCGTGG-1","Pilot_large_2",0.8795171
"TGCTATTGTCAAGGAG-1","Pilot_large_2",0.85095537
"TGCTCCTAACGGAAGA-1","Pilot_large_2",0.9389503
"TGCTGTATTAGCGGTC-1","Pilot_large_2",0.73787236
"TGCTGTCAGAACGAAG-1","Pilot_large_2",0.7099426
"TGCTGTGAAGTCAAGA-1","Pilot_large_2",0.8518699
"TGCTGTTCTGTAGACC-1","Pilot_large_2",0.7217153
"TGCTTACTCACCGGTC-1","Pilot_large_2",0.7503925
"TGCTTAGCTCCTGGCT-1","Pilot_large_2",0.5510082
"TGCTTAGTTGACTTAC-1","Pilot_large_2",0.76034015
"TGCTTATGACGCTGGC-1","Pilot_large_2",0.04678902
"TGCTTATGCGGTTCTG-1","Pilot_large_2",0.7537289
"TGGAAGCCATAACAGT-1","Pilot_large_2",0.86742765
"TGGAAGCTCCATCGAC-1","Pilot_large_2",0.8622493
"TGGACGCCTGCGACCG-1","Pilot_large_2",0.7125952
"TGGACTGACGTACCAC-1","Pilot_large_2",0.9924928
"TGGACTGAGTACCTAG-1","Pilot_large_2",0.87322354
"TGGAGTCGGCAAGCTC-1","Pilot_large_2",0.8761503
"TGGAGTGAACGCGGTC-1","Pilot_large_2",0.77790844
"TGGAGTGATGGCTCTT-1","Pilot_large_2",0.8588559
"TGGAGTTGAGTCGACA-1","Pilot_large_2",0.7908449
"TGGATCATTGTAACGG-1","Pilot_large_2",0.88755655
"TGGATCGGCCTCCATG-1","Pilot_large_2",0.9061639
"TGGATTAGTACATTGC-1","Pilot_large_2",0.73437583
"TGGCAAGCGACACTTA-1","Pilot_large_2",0.89963174
"TGGCATCGATCAATTG-1","Pilot_large_2",0.8673314
"TGGCATGCGTTCACGC-1","Pilot_large_2",0.8391678
"TGGCATGTTCGAACAG-1","Pilot_large_2",0.8934971
"TGGCCAACATTCTGAG-1","Pilot_large_2",0.6410462
"TGGCCAAGCGTACAAG-1","Pilot_large_2",0.29527834
"TGGCCAAGCTGGCACC-1","Pilot_large_2",0.9479278
"TGGCCAGAGTATCTCC-1","Pilot_large_2",0.67095137
"TGGCCGTCTATCAGGA-1","Pilot_large_2",0.83155084
"TGGCCTGACATACTCA-1","Pilot_large_2",0.10886583
"TGGCCTGGCACTGTGG-1","Pilot_large_2",0.36653224
"TGGCGAATTCTATGGT-1","Pilot_large_2",0.90845054
"TGGCGACACTCGCATC-1","Pilot_large_2",0.8713252
"TGGCGACACTGCCGGA-1","Pilot_large_2",0.40181348
"TGGCGACAGCACGGCC-1","Pilot_large_2",0.05399902
"TGGCGAGCTCCACGTG-1","Pilot_large_2",0.79597586
"TGGCGATGAGTGGCAG-1","Pilot_large_2",0.905026
"TGGCTCCGCATCAGAT-1","Pilot_large_2",0.7118268
"TGGTACAAGACACTGA-1","Pilot_large_2",0.3735701
"TGGTACAAGACCAATC-1","Pilot_large_2",0.8259138
"TGGTACCAATACTTAC-1","Pilot_large_2",0.9270217
"TGGTACCAGATTGTTA-1","Pilot_large_2",0.8431496
"TGGTACGGACGTAGTT-1","Pilot_large_2",0.5717595
"TGGTACGGTCGGCGAA-1","Pilot_large_2",0.7711893
"TGGTACGTGCTGTTGA-1","Pilot_large_2",0.7861297
"TGGTACTGACCGCTGC-1","Pilot_large_2",0.89544237
"TGGTACTGGTATCTTG-1","Pilot_large_2",0.9003984
"TGGTAGACGTATTAAT-1","Pilot_large_2",0.84340954
"TGGTAGCATCAAGTCT-1","Pilot_large_2",0.097950324
"TGGTAGCCAGTTGACA-1","Pilot_large_2",0.49802014
"TGGTATGCAAGTCTAT-1","Pilot_large_2",0.6917696
"TGGTATTAGCTAGACC-1","Pilot_large_2",0.5628149
"TGGTATTGAGTTGTAA-1","Pilot_large_2",0.19714358
"TGGTCATCTAGGTCAT-1","Pilot_large_2",0.88574
"TGGTCGAGATCTGTAA-1","Pilot_large_2",0.16742598
"TGGTCTCAGAATGCAC-1","Pilot_large_2",0.666828
"TGGTGCACGACCTTAG-1","Pilot_large_2",0.7171983
"TGGTGCAGACCGAAGT-1","Pilot_large_2",0.18836746
"TGGTGCCGCTGCAACA-1","Pilot_large_2",0.9774186
"TGGTGCCTTCCGCTAA-1","Pilot_large_2",0.80524534
"TGGTGCGAGGTCGTAT-1","Pilot_large_2",0.7052268
"TGGTTGAACACGCCAA-1","Pilot_large_2",0.4792094
"TGGTTGCCTCCGGCTT-1","Pilot_large_2",0.6845141
"TGGTTGGTATCGGCAT-1","Pilot_large_2",0.7961313
"TGTAAGTGATCAGACC-1","Pilot_large_2",0.9205945
"TGTAATCATATGAGAC-1","Pilot_large_2",0.75897264
"TGTAATCGAGACTGGC-1","Pilot_large_2",0.8634526
"TGTAATGCCTAACACC-1","Pilot_large_2",0.756433
"TGTAATTGTATCCTCG-1","Pilot_large_2",0.725398
"TGTACCAACTACGCAT-1","Pilot_large_2",0.6174638
"TGTACCAATATTAGTC-1","Pilot_large_2",0.87603223
"TGTACCTGCAGGAACA-1","Pilot_large_2",0.8883849
"TGTAGCCGTACATAAC-1","Pilot_large_2",0.8363024
"TGTAGGATCAGAGCGT-1","Pilot_large_2",0.67019504
"TGTAGGCAGGTCTAGC-1","Pilot_large_2",0.878877
"TGTAGGTCTGAACGCA-1","Pilot_large_2",0.8873858
"TGTAGGTTCTGGCTTA-1","Pilot_large_2",0.7086888
"TGTATCACGGTGGAAC-1","Pilot_large_2",0.8249106
"TGTATCGGCGGTCGCA-1","Pilot_large_2",0.94347775
"TGTATGATTGTAGGTG-1","Pilot_large_2",0.7890674
"TGTATGCAGGATTCAC-1","Pilot_large_2",0.84475875
"TGTATGGTGCCAAGGT-1","Pilot_large_2",0.7790566
"TGTCAACTCATCAACG-1","Pilot_large_2",0.79576194
"TGTCAACTTATTCAAT-1","Pilot_large_2",0.8480732
"TGTCAAGCGGATCGGT-1","Pilot_large_2",0.06037036
"TGTCACAGACGTATCC-1","Pilot_large_2",0.80830127
"TGTCACTAGCTCAGAC-1","Pilot_large_2",0.8072462
"TGTCAGAAGTTGTAAC-1","Pilot_large_2",0.76741177
"TGTCAGACGAAGCACC-1","Pilot_large_2",0.84282166
"TGTCAGTGGCTTCCAT-1","Pilot_large_2",0.0861363
"TGTCATCCAAGCTGCG-1","Pilot_large_2",0.631296
"TGTCCATGTATGGAAT-1","Pilot_large_2",0.7319438
"TGTCCGATAGTCACAG-1","Pilot_large_2",0.87619317
"TGTCCGGATGGCAGTT-1","Pilot_large_2",0.8406598
"TGTCCTCAACGTTCTA-1","Pilot_large_2",0.7992514
"TGTCGAGTGCGTTAGC-1","Pilot_large_2",0.86031294
"TGTCGATTCACGTAGT-1","Pilot_large_2",0.66449845
"TGTCGCGGAAGAGCTA-1","Pilot_large_2",0.8661225
"TGTCGTTCATACGATA-1","Pilot_large_2",0.8622172
"TGTCTAAGCAGACGTA-1","Pilot_large_2",0.8302396
"TGTCTACTAGATTGCC-1","Pilot_large_2",0.82638824
"TGTCTTGCGACTAATT-1","Pilot_large_2",0.35570174
"TGTCTTGGAATTGGCA-1","Pilot_large_2",0.8324533
"TGTTAAGGAAGTCTTA-1","Pilot_large_2",0.03842499
"TGTTCACTCACGGTAA-1","Pilot_large_2",0.7183873
"TGTTCACTGTCTTCCT-1","Pilot_large_2",0.9192716
"TGTTCAGAACGGTGTA-1","Pilot_large_2",0.6338273
"TGTTCAGCGAGGCAGT-1","Pilot_large_2",0.84229606
"TGTTCATAGTATGACG-1","Pilot_large_2",0.5346895
"TGTTCGTGACCAGTAG-1","Pilot_large_2",0.91621274
"TGTTGGAACCTTCCGC-1","Pilot_large_2",0.80005145
"TGTTGGAACGAGGTCA-1","Pilot_large_2",0.59564984
"TGTTGGATGGACTTCT-1","Pilot_large_2",0.8728067
"TGTTGGCCAGACCTAC-1","Pilot_large_2",0.11534253
