"barcode","sample_id","dpt_pseudotime"
"AACACTTGGCAAGGAA-1","Pilot_large_1",0.060868412
"AACAGGATTCATAGTT-1","Pilot_large_1",0.035696696
"AACAGGTTATTGCACC-1","Pilot_large_1",0.23674066
"AACAGGTTCACCGAAG-1","Pilot_large_1",0.27435213
"AACATAGTCTATCTAC-1","Pilot_large_1",0.82586485
"AACATCTAATGACCGG-1","Pilot_large_1",0.5863248
"AACCAAGGTATCAGGC-1","Pilot_large_1",0.5939873
"AACCAGAATCAGACGT-1","Pilot_large_1",0.004843334
"AACCGCCAGACTACTT-1","Pilot_large_1",0.024218412
"AACCGTGCTTATGTTG-1","Pilot_large_1",0.42671108
"AACCTAAGATACTGAG-1","Pilot_large_1",0.4125644
"AACCTACAGAGGTAGT-1","Pilot_large_1",0.687247
"AACCTGACAGTGCCGC-1","Pilot_large_1",0.0053090206
"AACCTTAGCGTCCGGT-1","Pilot_large_1",0.23265111
"AACGACATTAAGATGG-1","Pilot_large_1",0.771466
"AACGAGCTAATAACTA-1","Pilot_large_1",0.5059074
"AACGGCACAGAATATT-1","Pilot_large_1",0.90261453
"AACTAGCATCACGTAC-1","Pilot_large_1",0.8074007
"AACTAGCCTAATAGCA-1","Pilot_large_1",0.057839535
"AACTAGGCCTGACACC-1","Pilot_large_1",0.44181553
"AACTATCGTCATAGTC-1","Pilot_large_1",0.83182496
"AACTATCTAGCAGTAT-1","Pilot_large_1",0.05550179
"AACTATGCTGCATTCG-1","Pilot_large_1",0.07428085
"AACTATGTGCTTGTTA-1","Pilot_large_1",0.19821398
"AACTATTCTGCGGCCT-1","Pilot_large_1",0.7462321
"AACTCAACTTGACAGC-1","Pilot_large_1",0.23899613
"AACTCACCTCGGTGTT-1","Pilot_large_1",0.02208683
"AACTGCAACGTCCTGG-1","Pilot_large_1",0.43264058
"AACTGCAATACGGATT-1","Pilot_large_1",0.40200004
"AACTGCGAACCTTACC-1","Pilot_large_1",0.015646745
"AACTGCGGTCCGAAGC-1","Pilot_large_1",0.37727937
"AACTGCTACCTCGATA-1","Pilot_large_1",0.37240636
"AACTGGTCATGTGGTT-1","Pilot_large_1",0.13539675
"AACTTCAAGGATAATC-1","Pilot_large_1",0.025287427
"AACTTCAGATACTACC-1","Pilot_large_1",0.17542553
"AACTTGCAACTTGGAC-1","Pilot_large_1",0.6033507
"AACTTGCTCGTAACCG-1","Pilot_large_1",0.81910694
"AAGAATTCTGGCTGCA-1","Pilot_large_1",0.01774244
"AAGACAATCTCCTGCA-1","Pilot_large_1",0.093247004
"AAGACTAAGGAGATCC-1","Pilot_large_1",0.5398291
"AAGACTCAAGGCTCCA-1","Pilot_large_1",0.39430216
"AAGAGCAGATGTGCCA-1","Pilot_large_1",0.28511795
"AAGATAGGCTTGCTTA-1","Pilot_large_1",0.43084195
"AAGATATTGGACGTCC-1","Pilot_large_1",0.277442
"AAGATCTGTAACTTGT-1","Pilot_large_1",0.92680293
"AAGATGAAGGTCATCG-1","Pilot_large_1",0.7447322
"AAGATGCACTATACTT-1","Pilot_large_1",0.19547686
"AAGATGGCCGCTAGTT-1","Pilot_large_1",0.8005445
"AAGATTAGGCTGTCTA-1","Pilot_large_1",0.87957835
"AAGCAGCGGACACGTG-1","Pilot_large_1",0.013181783
"AAGCAGTGAGTGCGAC-1","Pilot_large_1",0.25013024
"AAGCAGTGGCATCACT-1","Pilot_large_1",0.02713248
"AAGCAGTGTAGAATCT-1","Pilot_large_1",0.008687633
"AAGCATCAAGCGTGAT-1","Pilot_large_1",0.51813704
"AAGCCAGGCTGCTTGA-1","Pilot_large_1",0.6914248
"AAGCCATCCGTGCTAT-1","Pilot_large_1",0.30989873
"AAGCCATTATCTGCCA-1","Pilot_large_1",0.45096752
"AAGCGACGAACCGCCT-1","Pilot_large_1",0.8656589
"AAGCGAGGAAGTGAAC-1","Pilot_large_1",0.7111675
"AAGGACCAACATGGCT-1","Pilot_large_1",0.5578995
"AAGGCAGTCTGATCAC-1","Pilot_large_1",0.28499457
"AAGGCCAATTCAATAA-1","Pilot_large_1",0.8081827
"AAGGCCGACCTACCTG-1","Pilot_large_1",0.079582006
"AAGGCCGACTATGTAA-1","Pilot_large_1",0.83481264
"AAGGCCGATTCTGAGC-1","Pilot_large_1",0.0708682
"AAGGCGACGGTGTCGG-1","Pilot_large_1",0.032643676
"AAGGCGAGGTTCATGT-1","Pilot_large_1",0.012606587
"AAGGCGCCTAACATAG-1","Pilot_large_1",0.4859302
"AAGGTTGCAGAAGCAG-1","Pilot_large_1",0.58144706
"AAGTACTAAGGTTACG-1","Pilot_large_1",0.2125594
"AAGTACTACAGTAGAA-1","Pilot_large_1",0.51180094
"AAGTACTGGATGCGCA-1","Pilot_large_1",0.06493871
"AAGTCGCTATCCTGTC-1","Pilot_large_1",0.33012375
"AAGTCTACCGGTTGGA-1","Pilot_large_1",0.0074908077
"AAGTCTGTCAATTCTT-1","Pilot_large_1",0.09185261
"AAGTCTTAATAGAACT-1","Pilot_large_1",0.61706567
"AAGTGAGCCTGTTACA-1","Pilot_large_1",0.522765
"AAGTGGACGAATCTAC-1","Pilot_large_1",0.42004874
"AAGTTAAGCACTATAA-1","Pilot_large_1",0.78588617
"AAGTTACTATTACATC-1","Pilot_large_1",0.032475047
"AATAACATGTGCTATG-1","Pilot_large_1",0.13750339
"AATAACTCTAATACAG-1","Pilot_large_1",0.44720584
"AATAACTCTACGATGT-1","Pilot_large_1",0.008679435
"AATACGTAGACAGTTA-1","Pilot_large_1",0.01718582
"AATACTAACCACTTAT-1","Pilot_large_1",0.47274014
"AATAGATAGCCTAACC-1","Pilot_large_1",0.14886618
"AATAGCACGGAAGCGA-1","Pilot_large_1",0.8193206
"AATAGTATAGTTGTCG-1","Pilot_large_1",0.047895063
"AATAGTCGTTATCTAG-1","Pilot_large_1",0.9210694
"AATAGTGGAAGAGCAT-1","Pilot_large_1",0.08642167
"AATAGTTGGTGCTCAG-1","Pilot_large_1",0.2336817
"AATCCGCCGACCTGAG-1","Pilot_large_1",0.08291987
"AATCCGCCTGGTCAAT-1","Pilot_large_1",0.02355711
"AATCGAACGGACGGAG-1","Pilot_large_1",0.0073173745
"AATCTTAGCCTCTGTC-1","Pilot_large_1",0.38222447
"AATGAATCGGAAGGCA-1","Pilot_large_1",0.08311943
"AATGATTACAACCTAA-1","Pilot_large_1",0.2523029
"AATGCCGACGAGCAAC-1","Pilot_large_1",0.27776834
"AATGGAGGACCTGGTG-1","Pilot_large_1",0.59839886
"AATGGCATAGTATCAT-1","Pilot_large_1",0.006082086
"AATGGTCGATACTCGG-1","Pilot_large_1",0.20917353
"AATGGTGCGTCCTAAC-1","Pilot_large_1",0.80745035
"AATGGTTATTCTAGCT-1","Pilot_large_1",0.86918724
"AATGTACTTAACATCA-1","Pilot_large_1",0.29361674
"AATGTAGTCTTACGAG-1","Pilot_large_1",0.45424753
"AATTAGCAACCGTTCC-1","Pilot_large_1",0.47098652
"AATTAGCTTAGGTGTA-1","Pilot_large_1",0.012786822
"AATTCTCGCACCAGTA-1","Pilot_large_1",0.45821208
"AATTCTTGGATACGGA-1","Pilot_large_1",0.04553866
"AATTGCGGTGCTAATA-1","Pilot_large_1",0.52592343
"AATTGCGTCAGACACT-1","Pilot_large_1",0.6519271
"AATTGGACGGCATCGT-1","Pilot_large_1",0.47669074
"AATTGGAGACATGGAG-1","Pilot_large_1",0.21935512
"AATTGGCTTGAGTTGC-1","Pilot_large_1",0.015676819
"AATTGTAGAATCCTAG-1","Pilot_large_1",0.10030591
"ACAACCTTGGTGTCAA-1","Pilot_large_1",0.086652234
"ACAACGCCGATAGTAT-1","Pilot_large_1",0.7924011
"ACAACGTGGAGCTACT-1","Pilot_large_1",0.3564734
"ACAACTAAGGTGTTAT-1","Pilot_large_1",0.017828561
"ACAACTAAGTGGCGCT-1","Pilot_large_1",0.5065775
"ACAACTGTCGTGGATA-1","Pilot_large_1",0.7293594
"ACAATACAATCCTTAA-1","Pilot_large_1",0.9025362
"ACAATACAGGCGCCGT-1","Pilot_large_1",0.18476216
"ACAATACGCCTTATTC-1","Pilot_large_1",0.47141257
"ACAATAGGATCCAACC-1","Pilot_large_1",0.34149325
"ACAATATCATCCGGTA-1","Pilot_large_1",0.8446322
"ACAATTGGTCGCGTAA-1","Pilot_large_1",0.1350713
"ACAGAATAAGAACCAT-1","Pilot_large_1",0.4693196
"ACAGAATAAGATAGTG-1","Pilot_large_1",0.026300756
"ACAGAATCCGTTGCTT-1","Pilot_large_1",0.42511868
"ACAGAATCTTGATAAG-1","Pilot_large_1",0.04168342
"ACAGAATGTCTTATTG-1","Pilot_large_1",0.28048268
"ACAGAATGTTGAGTCC-1","Pilot_large_1",0.57245654
"ACAGCCAGGCATAAGC-1","Pilot_large_1",0.010708042
"ACAGGCATTGAACCAT-1","Pilot_large_1",0.108491965
"ACAGGCCTTCTAATGC-1","Pilot_large_1",0.43785053
"ACAGGTACCAAGGAAG-1","Pilot_large_1",0.6188359
"ACAGTCACAATATTAG-1","Pilot_large_1",0.8590175
"ACATAAGCAATGCGGT-1","Pilot_large_1",0.015565921
"ACATCGGCTTACAAGG-1","Pilot_large_1",0.021842197
"ACATCGTCGGTCTACC-1","Pilot_large_1",0.034236666
"ACATCTCGACAACCAC-1","Pilot_large_1",0.41682586
"ACATCTCGCATAGAAT-1","Pilot_large_1",0.088112935
"ACATGGATGCGTAAGC-1","Pilot_large_1",0.059876755
"ACATGTTCCAGGACGT-1","Pilot_large_1",0.0116317365
"ACATGTTGCTTGATCT-1","Pilot_large_1",0.8556628
"ACATTCCTGAGTTCCG-1","Pilot_large_1",0.751111
"ACATTGAATACGCATA-1","Pilot_large_1",0.41728827
"ACCAAGTGATGGTGAG-1","Pilot_large_1",0.019416815
"ACCAATGAGCCTCATC-1","Pilot_large_1",0.01760144
"ACCACGGCCTCGCACC-1","Pilot_large_1",0.4546112
"ACCATAACTCCTCGTA-1","Pilot_large_1",0.033881452
"ACCATTAGATCGTGGC-1","Pilot_large_1",0.4777191
"ACCGAAGATGTCGGCA-1","Pilot_large_1",0.836016
"ACCGATTGAGGATCTG-1","Pilot_large_1",0.5426091
"ACCGCAGGTCGAGTTG-1","Pilot_large_1",0.5541148
"ACCGGACGCCAAGCGT-1","Pilot_large_1",0.15639687
"ACCGGCACCATACTGC-1","Pilot_large_1",0.03620547
"ACCGGCACGTACGAAC-1","Pilot_large_1",0.41920927
"ACCGGCCTCAGGAGTT-1","Pilot_large_1",0.91972023
"ACCGGCTATCGTGCGG-1","Pilot_large_1",0.015761865
"ACCGTACTATCGGAGG-1","Pilot_large_1",0.32132384
"ACCTAAGTAGAACAGA-1","Pilot_large_1",0.896705
"ACCTAATGTTACCAAT-1","Pilot_large_1",0.5769431
"ACCTAATTGTCGCTGA-1","Pilot_large_1",0.034046844
"ACCTATAACGAACTAC-1","Pilot_large_1",0.31816867
"ACCTCCTAGAGGCATG-1","Pilot_large_1",0.4471649
"ACCTGCCACTATCAAT-1","Pilot_large_1",0.6414246
"ACCTGCCAGAGGATCT-1","Pilot_large_1",0.8874115
"ACCTGCTTGAGCCTGG-1","Pilot_large_1",0.51639014
"ACCTGTGGTCACCTCG-1","Pilot_large_1",0.02465231
"ACGAACATAGGATCGG-1","Pilot_large_1",0.1780167
"ACGAACGCACGAGCAC-1","Pilot_large_1",0.5042122
"ACGAAGCCACCTGAGG-1","Pilot_large_1",0.267391
"ACGACAAGCACTTCAC-1","Pilot_large_1",0.02384056
"ACGACTGAAGACTTAC-1","Pilot_large_1",0.013477552
"ACGAGGACAACTCACC-1","Pilot_large_1",0.41861856
"ACGAGGACCTGCTAGT-1","Pilot_large_1",0.8164853
"ACGAGTGCGTGCGTTC-1","Pilot_large_1",0.4291673
"ACGATGACTATTAGAT-1","Pilot_large_1",0.47837526
"ACGATGCGAAGGAGCA-1","Pilot_large_1",0.31411552
"ACGATGCTCCAATACA-1","Pilot_large_1",0.27358076
"ACGATGTCGCACAATC-1","Pilot_large_1",0.046398785
"ACGATGTCGTTGCCAA-1","Pilot_large_1",0.22469899
"ACGCAAGCTCCGCTTA-1","Pilot_large_1",0.82234246
"ACGCAAGGCGTCCAAT-1","Pilot_large_1",0.886265
"ACGCAATAGTATACGA-1","Pilot_large_1",0.063050985
"ACGCCGGCATCACTGG-1","Pilot_large_1",0.5032276
"ACGCGGAAGAGTTCCG-1","Pilot_large_1",0.47913033
"ACGCGTAGACTCAACT-1","Pilot_large_1",0.060697757
"ACGCTCAGTGCTATTC-1","Pilot_large_1",0.29494432
"ACGCTGCGATTAACGA-1","Pilot_large_1",0.021631235
"ACGGCCGTGACATTAA-1","Pilot_large_1",0.11842371
"ACGGCCTTGCCAGAAC-1","Pilot_large_1",0.9112952
"ACGGCTATGGCATACC-1","Pilot_large_1",0.045239814
"ACGGCTTATTGGTATG-1","Pilot_large_1",0.87340546
"ACGGCTTCAGGTACCG-1","Pilot_large_1",0.4826144
"ACGGTCGGACAGGCGA-1","Pilot_large_1",0.7751536
"ACGGTGTACGGTGCCA-1","Pilot_large_1",0.45249477
"ACGGTTCACCTTCCGG-1","Pilot_large_1",0.08886679
"ACGGTTCGCAAGTAAC-1","Pilot_large_1",0.080514416
"ACGGTTCGTACAGTTG-1","Pilot_large_1",0.017239803
"ACGTCAGATTACTTCG-1","Pilot_large_1",0.44971204
"ACGTTACGCAGACAGC-1","Pilot_large_1",0.8881646
"ACGTTAGGCTCAAGCC-1","Pilot_large_1",0.80738103
"ACGTTAGTACTGGACA-1","Pilot_large_1",0.8802099
"ACGTTCACGACTAGGT-1","Pilot_large_1",0.020602016
"ACGTTCCATTACCTCA-1","Pilot_large_1",0.5631393
"ACGTTCGTCCGCCTAT-1","Pilot_large_1",0.6331325
"ACGTTCTATGCACGAC-1","Pilot_large_1",0.022777988
"ACGTTCTGCCATAATC-1","Pilot_large_1",0.12495383
"ACTAATAGTCAACATA-1","Pilot_large_1",0.1487764
"ACTACGCCTCATGATT-1","Pilot_large_1",0.6869459
"ACTAGATCTGAAGCGG-1","Pilot_large_1",0.052379988
"ACTATGAGGTTCTGTC-1","Pilot_large_1",0.556906
"ACTATTACCAGGTGCT-1","Pilot_large_1",0.40614343
"ACTATTAGACAGGCTG-1","Pilot_large_1",0.012070279
"ACTATTAGCCTAATCG-1","Pilot_large_1",0.6982355
"ACTATTGCGAGCTAGA-1","Pilot_large_1",0.015335808
"ACTCAGCTCGAGTGTC-1","Pilot_large_1",0.83725756
"ACTCAGGCCTGCAACT-1","Pilot_large_1",0.02655165
"ACTCCAGGCCGAAGAC-1","Pilot_large_1",0.22877413
"ACTCCAGTAGCTCCAG-1","Pilot_large_1",0.8838894
"ACTCCTGACCACTGAG-1","Pilot_large_1",0.42616397
"ACTCCTGCGGCAACCA-1","Pilot_large_1",0.44133526
"ACTCGACGTACACGCC-1","Pilot_large_1",0.89687407
"ACTCGATAAGACCAGG-1","Pilot_large_1",0.9028519
"ACTCGTATTGTCAGAA-1","Pilot_large_1",0.037516274
"ACTCTAAGCTTGCGCC-1","Pilot_large_1",0.47609985
"ACTCTACTTCCGCATT-1","Pilot_large_1",0.013443298
"ACTCTTGCGGAGAACC-1","Pilot_large_1",0.053805873
"ACTGACGGCGAATAGT-1","Pilot_large_1",0.024805972
"ACTGACGTGATATTGG-1","Pilot_large_1",0.32365492
"ACTGACTGTCATCTAC-1","Pilot_large_1",0.2766737
"ACTGAGCGCAACTCAT-1","Pilot_large_1",0.0019306014
"ACTGAGGATAGGCGCT-1","Pilot_large_1",0.16484623
"ACTGATACTCCATTAC-1","Pilot_large_1",0.17274205
"ACTGATGTCCACTCGC-1","Pilot_large_1",0.86493516
"ACTGGTGATTCCGATC-1","Pilot_large_1",0.9000896
"ACTGGTTCTGAACGAT-1","Pilot_large_1",0.30642235
"ACTGTACAATTCTACT-1","Pilot_large_1",0.34683937
"ACTGTAGCAGCTTCTG-1","Pilot_large_1",0.4939536
"ACTGTATTCTAGTCCA-1","Pilot_large_1",0.06674116
"ACTTAAGCCAGTAGGA-1","Pilot_large_1",0.2666185
"AGAACTTCGATGCGTA-1","Pilot_large_1",0.48771986
"AGAAGCAGCCTAAGCT-1","Pilot_large_1",0.009365075
"AGAAGGATGGTATGAA-1","Pilot_large_1",0.21634811
"AGAAGGCGTAGAATAG-1","Pilot_large_1",0.22331023
"AGAAGTTAACCAGAGC-1","Pilot_large_1",0.79237026
"AGAAGTTGAGCGCAAG-1","Pilot_large_1",0.021294734
"AGAATTCTGTTGACAA-1","Pilot_large_1",0.6131788
"AGACAAGACGTATCGC-1","Pilot_large_1",0.4738009
"AGACATCTTAGCACCT-1","Pilot_large_1",0.055815917
"AGACCGAAGACTACTC-1","Pilot_large_1",0.44627672
"AGACCGCCGGCCAATG-1","Pilot_large_1",0.0608145
"AGACCGGACTGTCCAT-1","Pilot_large_1",0.8435127
"AGACCGGAGCAACGCT-1","Pilot_large_1",0.15040141
"AGACCGTCATTAGTTA-1","Pilot_large_1",0.026274994
"AGACCTATCCTTATAG-1","Pilot_large_1",0.4733042
"AGACCTTCGCGTGAAC-1","Pilot_large_1",0.4546293
"AGACGCGTGATGCATC-1","Pilot_large_1",0.48516974
"AGACGCTTGGCCTCAC-1","Pilot_large_1",0.5026221
"AGACGTAGGCGGACCG-1","Pilot_large_1",0.7460286
"AGACTCATGACCTGGC-1","Pilot_large_1",0.016436195
"AGACTCGACTCCTAAT-1","Pilot_large_1",0.092351645
"AGACTCTATTAGCGCT-1","Pilot_large_1",0.5220657
"AGACTGGTAAGGAGGT-1","Pilot_large_1",0.25352368
"AGATAACCAATACGCC-1","Pilot_large_1",0.032234672
"AGATAAGCCACTCATA-1","Pilot_large_1",0.009500038
"AGATAAGTGCTACGAC-1","Pilot_large_1",0.7874217
"AGATCAAGCATCTACT-1","Pilot_large_1",0.89982873
"AGATCAGTCGATAGAA-1","Pilot_large_1",0.04139701
"AGATCTCCGCCTTATT-1","Pilot_large_1",0.047584496
"AGATGAGGCGCCTCCA-1","Pilot_large_1",0.04174572
"AGATGCTCCGTCATCT-1","Pilot_large_1",0.48790702
"AGATTGCGCCTCGCTC-1","Pilot_large_1",0.093815535
"AGCAATAACAATTCCA-1","Pilot_large_1",0.38296577
"AGCACGAGATAACGGT-1","Pilot_large_1",0.9481644
"AGCACGATACCTAAGC-1","Pilot_large_1",0.017315395
"AGCACGGAGGCAGTCA-1","Pilot_large_1",0.030202642
"AGCACTCATACAGAAC-1","Pilot_large_1",0.47347966
"AGCACTGCATCCTAGC-1","Pilot_large_1",0.5219521
"AGCAGGTAAGTATCTG-1","Pilot_large_1",0.06782844
"AGCATAATTCCAGATA-1","Pilot_large_1",0.786089
"AGCATCCTGACAGCCG-1","Pilot_large_1",0.44682956
"AGCATGAGCGAATATT-1","Pilot_large_1",0.026369156
"AGCATGCACCGCGTCA-1","Pilot_large_1",0.052371513
"AGCATTAGACGGATTG-1","Pilot_large_1",0.10213692
"AGCCAGATACTCGAAC-1","Pilot_large_1",0.3845442
"AGCCAGATCAAGATTC-1","Pilot_large_1",0.74294776
"AGCCAGCGGCAAGCGT-1","Pilot_large_1",0.4675638
"AGCCGATGTTCTACTC-1","Pilot_large_1",0.32815573
"AGCCGTAGTGGAGTGC-1","Pilot_large_1",0.100816414
"AGCCGTATCTTCGTCT-1","Pilot_large_1",0.01863847
"AGCCGTATTCAACCGT-1","Pilot_large_1",0.40824407
"AGCCTACGGTGACCAA-1","Pilot_large_1",0.85228133
"AGCCTCCGAACTACCA-1","Pilot_large_1",0.02927158
"AGCCTCGCATGGTCCT-1","Pilot_large_1",0.3012954
"AGCCTCTATGCAGCAA-1","Pilot_large_1",0.5787273
"AGCGACCGTTCTATAC-1","Pilot_large_1",0.573559
"AGCGACTATGTATCTT-1","Pilot_large_1",0.804881
"AGCGAGGAACTGGTCC-1","Pilot_large_1",0.12333261
"AGCGCATCGTGGTCGA-1","Pilot_large_1",0.80656826
"AGCGGAATGTCGCTGT-1","Pilot_large_1",0.3347105
"AGCGGTGCAGGCATCT-1","Pilot_large_1",0.14633384
"AGCGGTTAATCGAAGT-1","Pilot_large_1",0.016272586
"AGCGGTTAGACTCGCC-1","Pilot_large_1",0.26990122
"AGCGTGGCACCGACAA-1","Pilot_large_1",0.0082484055
"AGCGTGTATGTACGGT-1","Pilot_large_1",0.30620745
"AGCTAGCGTACAGTAA-1","Pilot_large_1",0.7936619
"AGCTCGACAGGCGATA-1","Pilot_large_1",0.041253135
"AGCTGACGTAACGCTG-1","Pilot_large_1",0.23575234
"AGCTGATCGGATTGTT-1","Pilot_large_1",0.89504737
"AGCTGTCCAGATGCTA-1","Pilot_large_1",0.8073208
"AGCTGTTCCGGTGATT-1","Pilot_large_1",0.027855376
"AGCTTGAGTCAGGCCG-1","Pilot_large_1",0.0012785677
"AGGAATTACGGTGACG-1","Pilot_large_1",0.02177502
"AGGACCGCAATAGTTA-1","Pilot_large_1",0.8136117
"AGGACCGTAGATGCTA-1","Pilot_large_1",0.044773016
"AGGACCTGTACCATTC-1","Pilot_large_1",0.34052393
"AGGACGAATGCTTCAA-1","Pilot_large_1",0.536642
"AGGACGTATCGCCGTA-1","Pilot_large_1",0.35753384
"AGGACTAGGACCGCAG-1","Pilot_large_1",0.011501828
"AGGACTGAAGTGCCTT-1","Pilot_large_1",0.40966293
"AGGAGCAGCGTTAATA-1","Pilot_large_1",0.35126662
"AGGAGCCGCTGAGTAG-1","Pilot_large_1",0.08114905
"AGGAGCTATGAACACT-1","Pilot_large_1",0.9100877
"AGGAGTACAGTGCATA-1","Pilot_large_1",0.86805445
"AGGATACCTCCGAGCG-1","Pilot_large_1",0.034857083
"AGGATAGAGTTAATCA-1","Pilot_large_1",0.90496147
"AGGATATCGCGAATAC-1","Pilot_large_1",0.3121268
"AGGATCAACATTCGTT-1","Pilot_large_1",0.33945563
"AGGATCCGTGAGGCGG-1","Pilot_large_1",0.77128536
"AGGATTCTACGCCTAG-1","Pilot_large_1",0.2605548
"AGGCAACTAGCGTACC-1","Pilot_large_1",0.0119170165
"AGGCCGCAGAATAACG-1","Pilot_large_1",0.45937994
"AGGCGATTCCACTTCT-1","Pilot_large_1",0.4234934
"AGGCTGCAGCTCAGGC-1","Pilot_large_1",0.12919888
"AGGTACAGCTATGATA-1","Pilot_large_1",0.44049966
"AGGTGAAGTGACGACT-1","Pilot_large_1",0.45738596
"AGGTGAGCAATGTCTT-1","Pilot_large_1",0.022231832
"AGGTGATTGGCGGTAT-1","Pilot_large_1",0.08057514
"AGGTTACATTCCACGC-1","Pilot_large_1",0.3900657
"AGGTTAGTGGCCATAG-1","Pilot_large_1",0.40812376
"AGGTTGAGTAGGAGAT-1","Pilot_large_1",0.026911065
"AGTAACCGCAGGTCAA-1","Pilot_large_1",0.82465136
"AGTAAGCTCGGCCAAT-1","Pilot_large_1",0.025207095
"AGTACATATGTAGGAA-1","Pilot_large_1",0.682625
"AGTAGACAGATAACGG-1","Pilot_large_1",0.5678839
"AGTAGAGCATGGACGT-1","Pilot_large_1",0.018749075
"AGTATTCGTCGGTATC-1","Pilot_large_1",0.024794506
"AGTATTGGTATGTCTA-1","Pilot_large_1",0.944955
"AGTCACTTATTCAAGG-1","Pilot_large_1",0.3022764
"AGTCCGTGATCACTAC-1","Pilot_large_1",0.72135454
"AGTCGGTTATACATAG-1","Pilot_large_1",0.73336947
"AGTCGGTTGGTTGGCG-1","Pilot_large_1",0.80898404
"AGTCGTTGCCTTACCT-1","Pilot_large_1",0.28677085
"AGTGAGTATTCTAAGT-1","Pilot_large_1",0.038189303
"AGTGCAATAACTAACA-1","Pilot_large_1",0.08009874
"AGTGCCAGATGCTCTG-1","Pilot_large_1",0.019152783
"AGTGCGCAACATGCGT-1","Pilot_large_1",0.015382902
"AGTGGTATGTCCAAGT-1","Pilot_large_1",0.04744133
"AGTGTAGCTCTTATCT-1","Pilot_large_1",0.8971316
"AGTGTCATGGTTGTGG-1","Pilot_large_1",0.021929568
"AGTGTCTTAAGCTTGT-1","Pilot_large_1",0.917612
"AGTTAAGACTGGCTCC-1","Pilot_large_1",0.0060379542
"AGTTACCTCACCAGCA-1","Pilot_large_1",0.006507855
"AGTTAGAAGGACGAAT-1","Pilot_large_1",0.014894529
"AGTTCGGCACATACGG-1","Pilot_large_1",0.009140816
"AGTTCGTCTAGTGCAG-1","Pilot_large_1",0.45490295
"AGTTCGTGCAGACCTT-1","Pilot_large_1",0.37338358
"AGTTCGTGCATGTCGA-1","Pilot_large_1",0.8740885
"AGTTGGCACCAGTTAC-1","Pilot_large_1",0.02285492
"AGTTGTCCACAGACCA-1","Pilot_large_1",0.012441388
"ATAACGGCAAGACTCC-1","Pilot_large_1",0.79260784
"ATAACGGCGTTACACT-1","Pilot_large_1",0.9107361
"ATAACTGAACTCCTGG-1","Pilot_large_1",0.8027298
"ATAAGAATCATGCATC-1","Pilot_large_1",0.7971706
"ATAAGACCAATCGCGG-1","Pilot_large_1",0.6731577
"ATAAGGAATAGAACAT-1","Pilot_large_1",0.7184389
"ATAAGGCGGACAAGTT-1","Pilot_large_1",0.8880435
"ATAAGTACCACGAGTT-1","Pilot_large_1",0.44272783
"ATAATCCGTTCCGTTC-1","Pilot_large_1",0.64402574
"ATAATTAGTTCTACGG-1","Pilot_large_1",0.2560374
"ATACAAGGTCAGTAGA-1","Pilot_large_1",0.014205721
"ATACAATTGCGGTATT-1","Pilot_large_1",0.24074654
"ATACATCACGCCTTCT-1","Pilot_large_1",0.0363798
"ATACATCACTGTCCGG-1","Pilot_large_1",0.033969007
"ATACATCATGCACCAA-1","Pilot_large_1",0.88859487
"ATACGACATCTAGACC-1","Pilot_large_1",0.22802807
"ATACGGCACGTTACGA-1","Pilot_large_1",0.8813993
"ATACGGCGACTGGTCT-1","Pilot_large_1",0.06539585
"ATACTAGCCACTTCGC-1","Pilot_large_1",0.1933539
"ATACTAGTAACTGAGT-1","Pilot_large_1",0.88728094
"ATACTGACTTCGGCAC-1","Pilot_large_1",0.42488766
"ATACTGGACCACAGCC-1","Pilot_large_1",0.049892664
"ATACTGTCCACTACCG-1","Pilot_large_1",0.88407475
"ATAGAACCTCTACCGA-1","Pilot_large_1",0.55926126
"ATAGAACGTTCGATCT-1","Pilot_large_1",0.056959625
"ATAGAATTCTAGGCCG-1","Pilot_large_1",0.5468172
"ATAGATGCCTAAGCAC-1","Pilot_large_1",0.016692188
"ATAGATTGAGTTCGAG-1","Pilot_large_1",0.018899387
"ATAGCACCTGCTGTCT-1","Pilot_large_1",0.39816427
"ATAGCTTCACAACCGT-1","Pilot_large_1",0.5337967
"ATAGGCCGATAGAAGT-1","Pilot_large_1",0.7838123
"ATAGTACTATGGTTCT-1","Pilot_large_1",0.26769873
"ATAGTGACGAATAGAT-1","Pilot_large_1",0.4218907
"ATAGTGAGTGAGGATT-1","Pilot_large_1",0.5195185
"ATAGTGTCAGATGTAG-1","Pilot_large_1",0.7713754
"ATAGTTAAGCCTGCCG-1","Pilot_large_1",0.31037134
"ATAGTTCATCGGATCT-1","Pilot_large_1",0.065163404
"ATCAAGGAGCTTACAT-1","Pilot_large_1",0.84735394
"ATCAAGTGGTGATGGC-1","Pilot_large_1",0.9299365
"ATCAATCTGCAGGACC-1","Pilot_large_1",0.65777
"ATCAATGTCAACTCGG-1","Pilot_large_1",0.36611134
"ATCACCAGTTCGGCGA-1","Pilot_large_1",0.5363281
"ATCACGTTCAATGATA-1","Pilot_large_1",0.94404745
"ATCACTTAGGCCTTGT-1","Pilot_large_1",0.9010203
"ATCAGATACCAGCTGT-1","Pilot_large_1",0.011748961
"ATCAGTAAGCTCGCCG-1","Pilot_large_1",0.028075904
"ATCATTCCAACTTCGC-1","Pilot_large_1",0.4166432
"ATCCACATGTTGGACC-1","Pilot_large_1",0.023586296
"ATCCGAGTACAGGAAT-1","Pilot_large_1",0.008332999
"ATCCGAGTACCACGTG-1","Pilot_large_1",0.016971447
"ATCCGAGTCACTTGTA-1","Pilot_large_1",0.7093211
"ATCCGATGACCTCGGA-1","Pilot_large_1",0.11865648
"ATCCGGATCGCCGTAT-1","Pilot_large_1",0.06621949
"ATCCGGTACCGTCCTT-1","Pilot_large_1",0.53257185
"ATCCGTAGTGTCGCTC-1","Pilot_large_1",0.83196384
"ATCCTCGTTCCAGGCC-1","Pilot_large_1",0.05383749
"ATCGAACATGCTAAGC-1","Pilot_large_1",0.4160279
"ATCGAATCTAGCAGAC-1","Pilot_large_1",0.563027
"ATCGACAGCGGCAACA-1","Pilot_large_1",0.890534
"ATCGACCGGAGTATCG-1","Pilot_large_1",0.7482612
"ATCGCAGTAACTTATT-1","Pilot_large_1",0.03567888
"ATCGCAGTCTATGGCA-1","Pilot_large_1",0.50478965
"ATCGTAACTACCTCTT-1","Pilot_large_1",0.03619869
"ATCGTACAACTGGCTA-1","Pilot_large_1",0.29431716
"ATCGTAGCATGTAGAT-1","Pilot_large_1",0.8434236
"ATCGTATTACTCGGAG-1","Pilot_large_1",0.068951
"ATCGTCAGTTAGTCCA-1","Pilot_large_1",0.023852652
"ATCGTCCTAGTACGAA-1","Pilot_large_1",0.76085865
"ATCGTCTATGATGCCG-1","Pilot_large_1",0.92161405
"ATCTACAGGAGTGCAC-1","Pilot_large_1",0.016669255
"ATCTACCATATTCCAG-1","Pilot_large_1",0.8207079
"ATCTGAAGTATGCACG-1","Pilot_large_1",0.24479607
"ATCTGACCGGAGTCCT-1","Pilot_large_1",0.1657314
"ATCTGATACTTCATTA-1","Pilot_large_1",0.8528503
"ATCTGCCGTCTACAGC-1","Pilot_large_1",0.5892008
"ATCTGGATCCTCAGAC-1","Pilot_large_1",0.0224762
"ATCTGTACGCGTCTCC-1","Pilot_large_1",0.018808777
"ATCTTAGACGCCTACT-1","Pilot_large_1",0.03111521
"ATCTTAGATAGGTTCA-1","Pilot_large_1",0.52195644
"ATCTTAGTGGCATGGA-1","Pilot_large_1",0.5231053
"ATCTTCGGACATACTA-1","Pilot_large_1",0.30455086
"ATGAAGCTGAATCCAG-1","Pilot_large_1",0.42938447
"ATGAATGTATCGTGGT-1","Pilot_large_1",0.63891476
"ATGACACTAATCGCAC-1","Pilot_large_1",0.23676682
"ATGACCTCACGCACTG-1","Pilot_large_1",0.89102155
"ATGAGCTACATGGAAG-1","Pilot_large_1",0.09204712
"ATGAGCTATTCGAAGA-1","Pilot_large_1",0.345346
"ATGAGTATCAGATCTG-1","Pilot_large_1",0.82678825
"ATGAGTCCTGAAGTGG-1","Pilot_large_1",0.8335354
"ATGAGTCTAGATACTC-1","Pilot_large_1",0.90383273
"ATGAGTTACAGATAGA-1","Pilot_large_1",0.850731
"ATGCATCCTGACTCAC-1","Pilot_large_1",0.022253966
"ATGCATGCCTGCGATG-1","Pilot_large_1",0.02352936
"ATGCATGGTTCCGCCT-1","Pilot_large_1",0.04547597
"ATGCATGTCACTCGTG-1","Pilot_large_1",0.7189466
"ATGCCGTTGTGAAGCG-1","Pilot_large_1",0.05666455
"ATGCCTTCGTAAGTTA-1","Pilot_large_1",0.753733
"ATGCTACTGAATAGTA-1","Pilot_large_1",0.10371383
"ATGCTCCAACCTGGCC-1","Pilot_large_1",0.035134155
"ATGCTCCGTTCTACTG-1","Pilot_large_1",0.03421327
"ATGCTGAATGCAATAG-1","Pilot_large_1",0.28032634
"ATGCTGCCGGCATACT-1","Pilot_large_1",0.89456487
"ATGCTGCGGATGGTTG-1","Pilot_large_1",0.9008352
"ATGCTTACTCTAGGAA-1","Pilot_large_1",0.055502843
"ATGGAACGATAGTGAT-1","Pilot_large_1",0.66281295
"ATGGAGGCCACGGCTT-1","Pilot_large_1",0.68293345
"ATGGCATTATGGCTCG-1","Pilot_large_1",0.47138
"ATGTAAGAGCCACCTC-1","Pilot_large_1",0.4797889
"ATGTAATTGTCGTTCG-1","Pilot_large_1",0.058611464
"ATGTACATGAACTCCG-1","Pilot_large_1",0.5680394
"ATGTACCATTATTGTC-1","Pilot_large_1",0.43431112
"ATGTACCGATCCAGAA-1","Pilot_large_1",0.2767127
"ATGTACCTTCACATTA-1","Pilot_large_1",0.43787208
"ATGTACGGTGGCGTAT-1","Pilot_large_1",0.87463504
"ATGTACTCGTGGCTGT-1","Pilot_large_1",0.88314146
"ATGTACTGGTCGAAGC-1","Pilot_large_1",0.7963044
"ATGTAGAAGCGAATAG-1","Pilot_large_1",0.918034
"ATGTAGCCGACCAAGG-1","Pilot_large_1",0.04195105
"ATGTAGGTAACCGTAC-1","Pilot_large_1",0.03483611
"ATGTAGGTGGTCTAAC-1","Pilot_large_1",0.8675137
"ATGTAGGTTGGCGAGG-1","Pilot_large_1",0.7785334
"ATGTATCCAAGGTGGC-1","Pilot_large_1",0.502502
"ATGTATGAGTACCGGA-1","Pilot_large_1",0.5786189
"ATGTCGGATAAGCCGA-1","Pilot_large_1",0.06102267
"ATGTCGGCTGTCGTAA-1","Pilot_large_1",0.63578135
"ATGTGAATTGCTGACC-1","Pilot_large_1",0.8943713
"ATGTGCTAACATCGAA-1","Pilot_large_1",0.13984628
"ATGTGCTTGTGCTACC-1","Pilot_large_1",0.08569776
"ATGTTAAGATTACTGA-1","Pilot_large_1",0.07138593
"ATGTTACCTCGTCTGT-1","Pilot_large_1",0.8302631
"ATGTTAGACTATCTCA-1","Pilot_large_1",0.83839077
"ATGTTCGCAGAAGTCT-1","Pilot_large_1",0.28614807
"ATTAAGAACAGCTCCG-1","Pilot_large_1",0.008509804
"ATTAAGAATAACGCTT-1","Pilot_large_1",0.025839081
"ATTACTCAGTTAACGA-1","Pilot_large_1",0.8155816
"ATTACTGAGTGCCTCC-1","Pilot_large_1",0.27819523
"ATTACTGTCGCATATT-1","Pilot_large_1",0.05311279
"ATTAGCGAGCATGCTG-1","Pilot_large_1",0.8593065
"ATTAGTCGTGTTATGC-1","Pilot_large_1",0.037533034
"ATTAGTGAGGTATCGC-1","Pilot_large_1",0.45942894
"ATTAGTGCTTGGTCAT-1","Pilot_large_1",0.04295878
"ATTAGTTCACAGACTC-1","Pilot_large_1",0.0051426
"ATTATCACAACTCGGC-1","Pilot_large_1",0.04526393
"ATTATCCAGGTGAAGT-1","Pilot_large_1",0.814561
"ATTATCGAGTGCAGAT-1","Pilot_large_1",0.22752449
"ATTATCTAGATTAACG-1","Pilot_large_1",0.4522158
"ATTATGCCATCGTTAA-1","Pilot_large_1",0.46014464
"ATTCAAGATTAGTTGC-1","Pilot_large_1",0.41323864
"ATTCACATAGGATGAG-1","Pilot_large_1",0.3357024
"ATTCACATCGTCACAG-1","Pilot_large_1",0.8390545
"ATTCACATCTTATTCT-1","Pilot_large_1",0.019107968
"ATTCACTCACGTGCAC-1","Pilot_large_1",0.3945287
"ATTCATAGCGAAGCGT-1","Pilot_large_1",0.051207554
"ATTCATAGTTCTAACT-1","Pilot_large_1",0.63212687
"ATTCCGCAACGCCGCT-1","Pilot_large_1",0.51615965
"ATTCCGCTCCATCAGC-1","Pilot_large_1",0.30459437
"ATTCCGTAAGGATTCC-1","Pilot_large_1",0.7975018
"ATTCCTGCCTTAACAG-1","Pilot_large_1",0.5096316
"ATTCTACGTGGCAGAT-1","Pilot_large_1",0.005442137
"ATTCTAGGACATCAGT-1","Pilot_large_1",0.016029093
"ATTCTAGTCCACAAGA-1","Pilot_large_1",0.4243676
"ATTCTTGAGGCGACGC-1","Pilot_large_1",0.30874848
"ATTCTTGGAGTGATAG-1","Pilot_large_1",0.15768394
"ATTGACGCATCTCAAC-1","Pilot_large_1",0.38577953
"ATTGACGCCACCTTCT-1","Pilot_large_1",0.103875294
"ATTGACGCCAGCCAAG-1","Pilot_large_1",0.2950965
"ATTGCAATTATGGTTG-1","Pilot_large_1",0.8916079
"ATTGCACGACCACTTG-1","Pilot_large_1",0.1628496
"ATTGCAGTTCTTCATT-1","Pilot_large_1",0.041375205
"ATTGCATCACTGACTG-1","Pilot_large_1",0.014308558
"ATTGCCTGATGTGCGG-1","Pilot_large_1",0.83342844
"ATTGCCTTGTCTAAGT-1","Pilot_large_1",0.10096777
"ATTGGCCTAGGAATCG-1","Pilot_large_1",0.804713
"ATTGGCCTTCCGTGCA-1","Pilot_large_1",0.38917544
"ATTGGCTAACAGACAA-1","Pilot_large_1",0.40770763
"ATTGTTAAGTAGACTA-1","Pilot_large_1",0.009887333
"ATTGTTACGACTAGCG-1","Pilot_large_1",0.84266996
"ATTGTTATCGTAATAC-1","Pilot_large_1",0.4499376
"CAACAGGTCAGAGGAC-1","Pilot_large_1",0.54617286
"CAACCGTACTGATCTT-1","Pilot_large_1",0.46044126
"CAACCGTATTACTGTA-1","Pilot_large_1",0.022557965
"CAACCGTTAACAGACC-1","Pilot_large_1",0.57208467
"CAACGGCACTCAGTCC-1","Pilot_large_1",0.03311858
"CAACTGACAAGACAAG-1","Pilot_large_1",0.7596409
"CAACTGCATTCGACTC-1","Pilot_large_1",0.9375224
"CAACTTGGACATAGAT-1","Pilot_large_1",0.533826
"CAACTTGGTACGATGT-1","Pilot_large_1",0.029072152
"CAAGACCACTATCGAA-1","Pilot_large_1",0.03923145
"CAAGATTACCGATCAT-1","Pilot_large_1",0.7996675
"CAAGATTCGTCAGCTG-1","Pilot_large_1",0.7495592
"CAAGCATGCCTGACTT-1","Pilot_large_1",0.86888885
"CAAGGTCTCAATACAG-1","Pilot_large_1",0.4182354
"CAAGTACTCCGCATCG-1","Pilot_large_1",0.25943607
"CAAGTACTTCAATAGT-1","Pilot_large_1",0.30830112
"CAAGTAGCCTCGATCC-1","Pilot_large_1",0.5141755
"CAAGTCCGCTACCGTT-1","Pilot_large_1",0.6449954
"CAAGTCTTGGCGATAG-1","Pilot_large_1",0.09145973
"CAAGTGAATTGGATGC-1","Pilot_large_1",0.67810166
"CAATAACTACATTAAC-1","Pilot_large_1",0.3173578
"CAATAACTCAAGGCAA-1","Pilot_large_1",0.03538281
"CAATAAGCGGCCAGAT-1","Pilot_large_1",0.33492422
"CAATAATCGTAGGATA-1","Pilot_large_1",0.04939866
"CAATCCATGCCGATGC-1","Pilot_large_1",0.8360395
"CAATCCGAGGTGCTAG-1","Pilot_large_1",0.021876877
"CAATGCATTGACGGCA-1","Pilot_large_1",0.38323155
"CAATGCGGATGCTGGT-1","Pilot_large_1",0.33881345
"CAATTACAGGTGTCAT-1","Pilot_large_1",0.57965696
"CAATTGAACCGGCTCG-1","Pilot_large_1",0.0077293715
"CAATTGTTGACGTGAG-1","Pilot_large_1",0.6826553
"CACCAGGCACGCTATC-1","Pilot_large_1",0.015483225
"CACCATAAGCTGGCTG-1","Pilot_large_1",0.22911485
"CACCTACATGATTGAT-1","Pilot_large_1",0.61130595
"CACCTACCGCTACCTT-1","Pilot_large_1",0.60522383
"CACCTAGAATACTTCT-1","Pilot_large_1",0.8613861
"CACCTATTACTCAGAT-1","Pilot_large_1",0.758283
"CACCTCGAGGACTCTA-1","Pilot_large_1",0.89146566
"CACGAGGCCATCCACT-1","Pilot_large_1",0.11309627
"CACGAGGTATAGGTAT-1","Pilot_large_1",0.06496687
"CACGATACAATAGCCA-1","Pilot_large_1",0.85270524
"CACGATCATACAATTA-1","Pilot_large_1",0.044879984
"CACGATGGTGCTAATA-1","Pilot_large_1",0.649677
"CACGGATTCTCATCAC-1","Pilot_large_1",0.15286118
"CACGGCGATACATACG-1","Pilot_large_1",0.83638597
"CACGGCTGCGCTTGGC-1","Pilot_large_1",0.12213693
"CACGGTCTTGGTTAAT-1","Pilot_large_1",0.31413174
"CACGTACGTAGCTCAT-1","Pilot_large_1",0.048960138
"CACGTCCACGACCTAT-1","Pilot_large_1",0.024721734
"CACGTCCATCTACTGA-1","Pilot_large_1",0.691281
"CACGTTGCACATACCG-1","Pilot_large_1",0.010280016
"CACTACAATATTGCGG-1","Pilot_large_1",0.012528966
"CACTACCTTCGCTTCA-1","Pilot_large_1",0.3626819
"CACTACTGGCTGAACC-1","Pilot_large_1",0.007187969
"CACTAGTCGACATCTA-1","Pilot_large_1",0.027134985
"CACTCAAGACCATGCA-1","Pilot_large_1",0.910649
"CACTCAATAAGCCGAA-1","Pilot_large_1",0.043225534
"CACTCAATGGTTCGGA-1","Pilot_large_1",0.57878214
"CACTCAGAGCAACCGG-1","Pilot_large_1",0.349436
"CACTGGCGGTAACACC-1","Pilot_large_1",0.59980404
"CACTGGTGAGACGCTT-1","Pilot_large_1",0.013169894
"CACTGGTGAGTTATCG-1","Pilot_large_1",0.82175136
"CACTTGACATTCAGAA-1","Pilot_large_1",0.056633506
"CAGAACATGATAGGAC-1","Pilot_large_1",0.51513493
"CAGAACGTATCGACTT-1","Pilot_large_1",0.33336252
"CAGAAGTCGCGGTTAT-1","Pilot_large_1",0.566247
"CAGAATTCTTGAACCA-1","Pilot_large_1",0.35823524
"CAGACACTTACAAGAC-1","Pilot_large_1",0.61720663
"CAGACGAATGAGGAAC-1","Pilot_large_1",0.48623347
"CAGAGTCATGTACAGG-1","Pilot_large_1",0.54316485
"CAGATTCGAACAGGTG-1","Pilot_large_1",0.42313328
"CAGCACGCTAATCAGA-1","Pilot_large_1",0.501797
"CAGCATCCTCGCCACT-1","Pilot_large_1",0.018546857
"CAGCCATGTCTGCCGT-1","Pilot_large_1",0.07792169
"CAGCCTCGTGGCTCAC-1","Pilot_large_1",0.47991186
"CAGCCTGGTTGAACTA-1","Pilot_large_1",0.35338888
"CAGCGATAACTGAACC-1","Pilot_large_1",0.12898143
"CAGCGATAATGCGATT-1","Pilot_large_1",0.004229505
"CAGCTGGATGCGGCTA-1","Pilot_large_1",0.26903313
"CAGCTGGCGATAAGTG-1","Pilot_large_1",0.8345394
"CAGCTTCACTACCGTG-1","Pilot_large_1",0.04791973
"CAGCTTGGTTCGGTCG-1","Pilot_large_1",0.3381977
"CAGGACAGAAGGCTGG-1","Pilot_large_1",0.4327534
"CAGGACATGGTAATGC-1","Pilot_large_1",0.02291391
"CAGGAGCGTATCGCAT-1","Pilot_large_1",0.037880886
"CAGGCCAACAGCGAGT-1","Pilot_large_1",0.25938
"CAGGCCAACGGTCGTA-1","Pilot_large_1",0.038467865
"CAGGCGAGGTCTTGGA-1","Pilot_large_1",0.013189496
"CAGTAATATCACTACG-1","Pilot_large_1",0.07244784
"CAGTAGATTGACGGAT-1","Pilot_large_1",0.54844683
"CAGTATCTTACACTAA-1","Pilot_large_1",0.510168
"CAGTATGCGTGGCGCT-1","Pilot_large_1",0.0338527
"CAGTCAGCCGATCCGG-1","Pilot_large_1",0.008948155
"CAGTCTGGACAATCTA-1","Pilot_large_1",0.88619936
"CAGTGAACAGCAACGA-1","Pilot_large_1",0.62920403
"CAGTGCCTTGCGGTCT-1","Pilot_large_1",0.027585536
"CAGTTGCAACCGAGAT-1","Pilot_large_1",0.40440467
"CAGTTGCGACTTCTCG-1","Pilot_large_1",0.3619965
"CAGTTGCTCACGTGTC-1","Pilot_large_1",0.030844307
"CATACAATGAGTAGCT-1","Pilot_large_1",0.8541356
"CATACCTCGATTGTTC-1","Pilot_large_1",0.12129912
"CATAGAACATTGAACA-1","Pilot_large_1",0.01042178
"CATATCCGTTCACCTC-1","Pilot_large_1",0.21787389
"CATATGTTGACTGGCG-1","Pilot_large_1",0.868469
"CATATTCATCCGCATT-1","Pilot_large_1",0.37099084
"CATCAGAAGGCTTCGG-1","Pilot_large_1",0.9119796
"CATCAGGTGCCTGATA-1","Pilot_large_1",0.0069931666
"CATCAGTAATCAGACA-1","Pilot_large_1",0.65280074
"CATCCGAAGCGTATGG-1","Pilot_large_1",0.033982325
"CATCCGGTACCAACGA-1","Pilot_large_1",0.25426182
"CATCCGTGCGGTCTAC-1","Pilot_large_1",0.8143965
"CATCCGTGGTCGTAAG-1","Pilot_large_1",0.30511928
"CATCCTTCGACTAAGT-1","Pilot_large_1",0.79058045
"CATCGCGGTCGGTGCG-1","Pilot_large_1",0.33165368
"CATCGGATCCTACCTG-1","Pilot_large_1",1
"CATCGGCATGTCGAAG-1","Pilot_large_1",0.91987324
"CATCGGTAGCGTCCGA-1","Pilot_large_1",0.83633804
"CATGCACGCCGACGGA-1","Pilot_large_1",0.8060375
"CATGCGCTACTGGAGG-1","Pilot_large_1",0.58581144
"CATGCGGCCGGAATTC-1","Pilot_large_1",0.822411
"CATGCTCATCTGAACG-1","Pilot_large_1",0.013260678
"CATGGTGAGGCAGCAT-1","Pilot_large_1",0.73247045
"CATGTCCACCTGCGTC-1","Pilot_large_1",0.013027825
"CATGTTACCGAAGGCG-1","Pilot_large_1",0.009037989
"CATTAGGATAGTGAAT-1","Pilot_large_1",0.010307999
"CATTAGGCAATGGTTA-1","Pilot_large_1",0.5233326
"CATTGCAGCGAAGACC-1","Pilot_large_1",0.04382114
"CATTGCGTGCCACCTT-1","Pilot_large_1",0.3385922
"CATTGCTATGTTAGCT-1","Pilot_large_1",0.03768285
"CATTGGCGGTTGAGTC-1","Pilot_large_1",0.45556545
"CATTGTCGGTCGCTAG-1","Pilot_large_1",0.35510984
"CCAACAGGAACACGGT-1","Pilot_large_1",0.4448005
"CCAACTTGCCACCGTA-1","Pilot_large_1",0.4980521
"CCAACTTGCGTTAACC-1","Pilot_large_1",0.27585813
"CCAAGCTGGCCATTGC-1","Pilot_large_1",0.017265595
"CCAATACCAACACGCC-1","Pilot_large_1",0.3997833
"CCAATATTAGTGCGTT-1","Pilot_large_1",0.8072896
"CCAATCTAACGTGACG-1","Pilot_large_1",0.1121963
"CCAATCTTGCCTATGG-1","Pilot_large_1",0.027720828
"CCAATTATGACACTGG-1","Pilot_large_1",0.36492693
"CCACAGGAAGATGTGC-1","Pilot_large_1",0.82295924
"CCACATGGCGACGTCT-1","Pilot_large_1",0.42156366
"CCACGAACGCTGCCGC-1","Pilot_large_1",0.0058354214
"CCACGATCCTAATCCG-1","Pilot_large_1",0.018702539
"CCACGCCTGGAGAAGT-1","Pilot_large_1",0.90812457
"CCACGGTACACCAACC-1","Pilot_large_1",0.38120472
"CCACGTGCCACCTCAA-1","Pilot_large_1",0.018265076
"CCACTAATCACCGGTA-1","Pilot_large_1",0.48018256
"CCACTCCAGCACCTAC-1","Pilot_large_1",0.33613005
"CCAGACAGAACCTAAG-1","Pilot_large_1",0.38029385
"CCAGACATCCGGTTCT-1","Pilot_large_1",0.72654
"CCAGACATCGGCACGC-1","Pilot_large_1",0.8295513
"CCAGATAGCGTAGTGA-1","Pilot_large_1",0.6347149
"CCAGATGATATGTAGG-1","Pilot_large_1",0.03105906
"CCAGCATCTACCGCTT-1","Pilot_large_1",0.91028565
"CCAGTTGTGATGCAAG-1","Pilot_large_1",0.59894294
"CCATAGTATTGTCTGC-1","Pilot_large_1",0.015274907
"CCATAGTTCGAGTAAG-1","Pilot_large_1",0.8269482
"CCATGAACAATGCTCC-1","Pilot_large_1",0.8911907
"CCATGAACATCGTTGG-1","Pilot_large_1",0.8523138
"CCATGGTTCCAATGTC-1","Pilot_large_1",0.55968916
"CCATTCGTCTGCTCTA-1","Pilot_large_1",0.5943057
"CCGACAAGACTGTACT-1","Pilot_large_1",0.51849955
"CCGACAAGTATTCATC-1","Pilot_large_1",0.702352
"CCGATAATGGAGCCTT-1","Pilot_large_1",0.2948019
"CCGATGGAACATCAGC-1","Pilot_large_1",0.35377952
"CCGATTAGCGAGTGTA-1","Pilot_large_1",0.82795334
"CCGATTCCATAAGAGT-1","Pilot_large_1",0.6909935
"CCGATTCCTCACTACA-1","Pilot_large_1",0.41788778
"CCGCAAGGTACCGTTG-1","Pilot_large_1",0.29856646
"CCGCAATCCGTGGTTG-1","Pilot_large_1",0.34530565
"CCGCAGTGATCACTGT-1","Pilot_large_1",0.57786137
"CCGCATAGTACAGGTT-1","Pilot_large_1",0.120141685
"CCGCATGTAGTTAGAC-1","Pilot_large_1",0.8879794
"CCGCGTATCGTTGCAG-1","Pilot_large_1",0.123268895
"CCGCGTTACCTTGGCG-1","Pilot_large_1",0.024562139
"CCGCTCAATCTGGAAC-1","Pilot_large_1",0.035908543
"CCGCTCATACAAGTCA-1","Pilot_large_1",0.37449485
"CCGCTCGCTAGTCTAA-1","Pilot_large_1",0.07698553
"CCGCTCTGCTGAATTC-1","Pilot_large_1",0.44693497
"CCGCTGGCACCAAGAC-1","Pilot_large_1",0.87450373
"CCGGAGAAGCTAACCA-1","Pilot_large_1",0.036605604
"CCGGAGACAAGAATAA-1","Pilot_large_1",0.50064635
"CCGGATCACTATGGCC-1","Pilot_large_1",0.91365254
"CCGGATCAGCCGACTA-1","Pilot_large_1",0.83354884
"CCGGATCTCCGAAGCG-1","Pilot_large_1",0.056215316
"CCGGCAATGAAGTGAA-1","Pilot_large_1",0.7565873
"CCGGCATAGGCAAGTG-1","Pilot_large_1",0.07071846
"CCGGCGAACATCACGT-1","Pilot_large_1",0.77381444
"CCGGCGCAGCATGCGA-1","Pilot_large_1",0.007752704
"CCGGCGCTAAGGATGA-1","Pilot_large_1",0.48879805
"CCGGCGTCCTCATTGT-1","Pilot_large_1",0.28856176
"CCGGCGTCTTAATAAG-1","Pilot_large_1",0.22683944
"CCGGTGGCAAGCCGTA-1","Pilot_large_1",0.88948476
"CCGTACTGGACGCAGA-1","Pilot_large_1",0.89453405
"CCGTCTTATGGACGAG-1","Pilot_large_1",0.17287086
"CCGTGCACTACCAGAA-1","Pilot_large_1",0.8925733
"CCGTGGCGTCGGTGCT-1","Pilot_large_1",0.11192137
"CCTAAGCATGCCTTGT-1","Pilot_large_1",0.0126460465
"CCTAATCAGGCCATTA-1","Pilot_large_1",0.9025265
"CCTAATCCACAAGGAT-1","Pilot_large_1",0.004361645
"CCTAATCGGCAGTCAC-1","Pilot_large_1",0.7834509
"CCTAATGGCACTGTTC-1","Pilot_large_1",0.8075273
"CCTACACCGACATTAC-1","Pilot_large_1",0.0059493985
"CCTACCATGTGATCAC-1","Pilot_large_1",0.37102842
"CCTACGGTAAGACTCG-1","Pilot_large_1",0.43110088
"CCTAGCCTAGTACCGG-1","Pilot_large_1",0.056006093
"CCTAGTCAGCGAACCA-1","Pilot_large_1",0.88626665
"CCTAGTCAGTCCTTAT-1","Pilot_large_1",0.20478232
"CCTATGATGGTCAATG-1","Pilot_large_1",0.74624264
"CCTATGCCAGCAATCC-1","Pilot_large_1",0.012546246
"CCTATGCCTTCTTGTT-1","Pilot_large_1",0.54906446
"CCTATGTCTTACCGGC-1","Pilot_large_1",0.12003366
"CCTCACATGTACCTGG-1","Pilot_large_1",0.45685062
"CCTCACATGTCTTACT-1","Pilot_large_1",0.13046688
"CCTCACCTAGTGGCAA-1","Pilot_large_1",0.3588174
"CCTCACGTTACTCGCA-1","Pilot_large_1",0.33890143
"CCTCATGATTATCTGA-1","Pilot_large_1",0.12383202
"CCTCGCCAACTACAAG-1","Pilot_large_1",0.79277295
"CCTCGGAAGGCATGCA-1","Pilot_large_1",0.8151003
"CCTCGGATCTTGCGGT-1","Pilot_large_1",0.021854779
"CCTCTAGCTCTGGCAG-1","Pilot_large_1",0.52155507
"CCTCTTCGAGCGGTTG-1","Pilot_large_1",0.88758266
"CCTGAAGCGTATAGCA-1","Pilot_large_1",0.0038176407
"CCTGAAGTGCATGCAT-1","Pilot_large_1",0.6591043
"CCTGCTCGCCGTCCAG-1","Pilot_large_1",0.0936744
"CCTGGATCTAGAGCCA-1","Pilot_large_1",0.5110822
"CCTGGATTGCGTAACA-1","Pilot_large_1",0.19748278
"CCTGTCCTCAGTTGTA-1","Pilot_large_1",0.11179171
"CCTGTCTAAGTAGGCT-1","Pilot_large_1",0.91153735
"CCTGTCTGCATAGGTC-1","Pilot_large_1",0.01413978
"CCTGTCTTACAATCCT-1","Pilot_large_1",0.82582027
"CCTTAATTGGAATATT-1","Pilot_large_1",0.64682394
"CCTTAGATCTGTAATA-1","Pilot_large_1",0.59172916
"CCTTAGCGTTCGCAGG-1","Pilot_large_1",0.17799987
"CCTTATAGGCGAATAC-1","Pilot_large_1",0.48282963
"CCTTCATAGTACTTCA-1","Pilot_large_1",0.68576896
"CCTTCCAACCTTCAGA-1","Pilot_large_1",0.3588742
"CCTTCCGCTCCGGCAT-1","Pilot_large_1",0.020087691
"CCTTGTCTACTTAGAC-1","Pilot_large_1",0.8065339
"CCTTGTGATGGTCTAG-1","Pilot_large_1",0.04627868
"CGAACTACAGATGTAA-1","Pilot_large_1",0.2781146
"CGAAGACCGCCAGGCG-1","Pilot_large_1",0.34434777
"CGAAGAGCTCGTTCTA-1","Pilot_large_1",0.5285244
"CGAATGGACCGTCTTG-1","Pilot_large_1",0.5054498
"CGAATTACTGCTCCGG-1","Pilot_large_1",0.17571427
"CGACAAGCACTCAGCC-1","Pilot_large_1",0.2876537
"CGACAATCATACGCAC-1","Pilot_large_1",0.34365338
"CGACAATTCGTCATGT-1","Pilot_large_1",0.8179716
"CGACCAGAACTGTCAT-1","Pilot_large_1",0.31137952
"CGACCAGATTCAGTGA-1","Pilot_large_1",0.07248113
"CGACCTGCATCTGCAT-1","Pilot_large_1",0.64644426
"CGACGCAACATGGCGA-1","Pilot_large_1",0.76541
"CGACGCCGCAAGTAGC-1","Pilot_large_1",0.86185414
"CGACGCTCCGCACGTG-1","Pilot_large_1",0.011476721
"CGACTAATGTTAGGCT-1","Pilot_large_1",0.3936463
"CGACTAGGAGATAAGC-1","Pilot_large_1",0.008754321
"CGACTAGGTCCTTAAC-1","Pilot_large_1",0.013635507
"CGACTGAACGAATGCT-1","Pilot_large_1",0.34525663
"CGACTTCACTCGGCAT-1","Pilot_large_1",0.06843884
"CGACTTCGCAAGCGGT-1","Pilot_large_1",0.63732505
"CGACTTGCACGCCTGC-1","Pilot_large_1",0.86352175
"CGAGATGCCGCATCTT-1","Pilot_large_1",0.6108762
"CGAGATGCGGTATGCG-1","Pilot_large_1",0.78913337
"CGAGCGAGCCACGCTA-1","Pilot_large_1",0.34744722
"CGAGCGGCACAGTAGG-1","Pilot_large_1",0.44633853
"CGAGCGTAATGGAGTG-1","Pilot_large_1",0.8639998
"CGAGCGTGGACTGGAA-1","Pilot_large_1",0.31240392
"CGAGCTATGTCCTCGC-1","Pilot_large_1",0.035190202
"CGAGCTTAGAATACCT-1","Pilot_large_1",0.47445968
"CGAGGAACGCTGTCCA-1","Pilot_large_1",0.49826446
"CGAGGAAGACTTAGAT-1","Pilot_large_1",0.020210033
"CGAGGAAGGCAGAAGG-1","Pilot_large_1",0.84815246
"CGAGGATTCGATCATA-1","Pilot_large_1",0.08066266
"CGAGGCATCCAAGTCC-1","Pilot_large_1",0.27878287
"CGAGTCACTCATAGAT-1","Pilot_large_1",0.04842721
"CGAGTCATCCGCACCA-1","Pilot_large_1",0.03181092
"CGAGTCCGTTGGAACT-1","Pilot_large_1",0.82630324
"CGATAAGAATTCCAGT-1","Pilot_large_1",0.017855376
"CGATAAGGATAGGCAA-1","Pilot_large_1",0.48788187
"CGATAAGGTGCCTGAC-1","Pilot_large_1",0.3118021
"CGATGACCAGATCTGT-1","Pilot_large_1",0.7655614
"CGATGAGGCCAACGTA-1","Pilot_large_1",0.26643214
"CGATGATCAGCTATAA-1","Pilot_large_1",0.07829044
"CGATTAACTAATCTTA-1","Pilot_large_1",0.84970564
"CGCACGCAGGTAAGTC-1","Pilot_large_1",0.30144116
"CGCACGTAGCATTGTT-1","Pilot_large_1",0.64873385
"CGCACGTATGAAGGCC-1","Pilot_large_1",0.262164
"CGCACTCACCAGCACG-1","Pilot_large_1",0.49014506
"CGCACTTAAGGCATGC-1","Pilot_large_1",0.3650319
"CGCAGACACTGGCGTA-1","Pilot_large_1",0.66994387
"CGCAGAGCAGTCCGAG-1","Pilot_large_1",0.9072498
"CGCAGATAGATGTTCT-1","Pilot_large_1",0.0039146687
"CGCAGATATGGACAGT-1","Pilot_large_1",0.24530953
"CGCAGATTCGACCGAA-1","Pilot_large_1",0.05668768
"CGCATCCTGTTGTAGC-1","Pilot_large_1",0.8104835
"CGCATCTTGACTTAGT-1","Pilot_large_1",0.012367567
"CGCATGAGGAGCGTCT-1","Pilot_large_1",0.10071544
"CGCATGGAATTCACGA-1","Pilot_large_1",0.6200241
"CGCCACAATAGCTCAA-1","Pilot_large_1",0.680132
"CGCCACCTGGAAGACA-1","Pilot_large_1",0.8834896
"CGCCGATTGTCCTTCG-1","Pilot_large_1",0.8066618
"CGCCGGACTAGGTACA-1","Pilot_large_1",0.84267515
"CGCCGGATCATTAGAC-1","Pilot_large_1",0.66290194
"CGCCGGTATCTAGCAC-1","Pilot_large_1",0.7899548
"CGCCTAGAGCGTGGAG-1","Pilot_large_1",0.6618324
"CGCCTATTGCCTCGCC-1","Pilot_large_1",0.5512856
"CGCCTCGAGCCACTCG-1","Pilot_large_1",0.52000934
"CGCCTCGATAATGCGG-1","Pilot_large_1",0.5161234
"CGCCTCGGAACTGTGC-1","Pilot_large_1",0.45989066
"CGCCTCGTACGAAGGC-1","Pilot_large_1",0.86155695
"CGCCTCTAATTCGCGG-1","Pilot_large_1",0.2585751
"CGCCTCTACTCGGAAC-1","Pilot_large_1",0.73410314
"CGCCTTACGAGTAGCG-1","Pilot_large_1",0.3234162
"CGCCTTAGCGGCCTCC-1","Pilot_large_1",0.5461628
"CGCCTTAGGATCGGCA-1","Pilot_large_1",0.31171483
"CGCCTTATCTTGGCGA-1","Pilot_large_1",0.5072281
"CGCCTTGTGAAGTCTA-1","Pilot_large_1",0.055632
"CGCTACTCAGCCATAG-1","Pilot_large_1",0.60920024
"CGCTAGACTTCATCAC-1","Pilot_large_1",0.19637674
"CGCTAGCCGCATGCAT-1","Pilot_large_1",0.018008882
"CGCTATAGTCTTCATC-1","Pilot_large_1",0.69406116
"CGCTATGGTTGGTTAA-1","Pilot_large_1",0.34207258
"CGCTATTAATCTATAA-1","Pilot_large_1",0.8674869
"CGCTCGGCCGGTTGTC-1","Pilot_large_1",0.0049687037
"CGCTGCGAGTCCACAT-1","Pilot_large_1",0.20036441
"CGCTGCGGTTGAGTAG-1","Pilot_large_1",0.88853216
"CGCTGCTATGACAGAC-1","Pilot_large_1",0.91501623
"CGCTGTGACATAGGCA-1","Pilot_large_1",0.04658959
"CGCTTAGAATTCTTAC-1","Pilot_large_1",0.4198793
"CGCTTGCTTGGTCTGG-1","Pilot_large_1",0.40421444
"CGCTTGGCTTGGATCT-1","Pilot_large_1",0.37964928
"CGGAACCGATTGAGTC-1","Pilot_large_1",0.5503666
"CGGAGCCGCAATAGCC-1","Pilot_large_1",0.5370729
"CGGAGCGGTAAGACGC-1","Pilot_large_1",0.072409205
"CGGAGCGTAGAATCTT-1","Pilot_large_1",0.8166439
"CGGAGCGTCTGACAGT-1","Pilot_large_1",0.83139366
"CGGAGCTCCGATACCT-1","Pilot_large_1",0.7415316
"CGGAGGCTAGTCGGCA-1","Pilot_large_1",0.04874239
"CGGAGTAAGGTGCGGT-1","Pilot_large_1",0.6482834
"CGGAGTAAGTGCACAT-1","Pilot_large_1",0.7273007
"CGGAGTCTTACGTGAA-1","Pilot_large_1",0.48695704
"CGGAGTGGCGACTAAG-1","Pilot_large_1",0.2745841
"CGGAGTGGTCAAGTAT-1","Pilot_large_1",0.014153894
"CGGATGTTGAACCACG-1","Pilot_large_1",0.04334661
"CGGATTCCAGACGGTT-1","Pilot_large_1",0.11294294
"CGGATTGCGTCTACCT-1","Pilot_large_1",0.033833645
"CGGCAACCACTAGCAT-1","Pilot_large_1",0.008164217
"CGGCAAGATGCGTCGG-1","Pilot_large_1",0.35180396
"CGGCAATCAACGTGGA-1","Pilot_large_1",0.0549314
"CGGCACTCCGGTTCGC-1","Pilot_large_1",0.047068607
"CGGCCTAACGATAATG-1","Pilot_large_1",0.06555086
"CGGCCTGTCTGTCTGT-1","Pilot_large_1",0.8452863
"CGGCTGTACATGATGT-1","Pilot_large_1",0.33614334
"CGGCTTCTACGATATG-1","Pilot_large_1",0.32380897
"CGGCTTGTGCCGGCCT-1","Pilot_large_1",0.2696411
"CGGTAGAACGTGACTT-1","Pilot_large_1",0.52822256
"CGGTAGATTCCTATGC-1","Pilot_large_1",0.45073506
"CGGTCAACGGCGGATT-1","Pilot_large_1",0.78249407
"CGGTCATGGAGGACTC-1","Pilot_large_1",0.021318397
"CGGTCCATGCGACTCC-1","Pilot_large_1",0.21930777
"CGGTCCATTACAACTA-1","Pilot_large_1",0.043876905
"CGGTCCGGTTCTTAGC-1","Pilot_large_1",0.537139
"CGGTCTAGATCGAATG-1","Pilot_large_1",0.17290255
"CGGTCTGCGTATCTGG-1","Pilot_large_1",0.27116668
"CGGTCTTATCCAAGCT-1","Pilot_large_1",0.7663313
"CGGTCTTGCTATTCTA-1","Pilot_large_1",0.8207364
"CGGTGAACTCACATTG-1","Pilot_large_1",0.22024895
"CGGTGAGCATGTATAC-1","Pilot_large_1",0.8219615
"CGGTTGATTGAGCGCC-1","Pilot_large_1",0.8557422
"CGTAACAGGTCTTGAA-1","Pilot_large_1",0.878745
"CGTAACATAAGTCATC-1","Pilot_large_1",0.074834146
"CGTAACATTCGCGATA-1","Pilot_large_1",0.32377607
"CGTAACATTGGCTGAG-1","Pilot_large_1",0.5471902
"CGTAACCTGACATCGA-1","Pilot_large_1",0.119485356
"CGTAAGCCGACCGCTT-1","Pilot_large_1",0.81702065
"CGTACAGACGAGGACC-1","Pilot_large_1",0.014604661
"CGTACAGTAAGTAATG-1","Pilot_large_1",0.50230074
"CGTACATCACTGGATG-1","Pilot_large_1",0.38568464
"CGTAGCCAAGTCCGTC-1","Pilot_large_1",0.65606487
"CGTAGTACAAGGTACT-1","Pilot_large_1",0.45313716
"CGTAGTCCGAGCATGA-1","Pilot_large_1",0.8341793
"CGTAGTGACTCAAGGA-1","Pilot_large_1",0.2987379
"CGTAGTTCGTTGGTAG-1","Pilot_large_1",0.5234833
"CGTCAGAACGTTGCCG-1","Pilot_large_1",0.023693074
"CGTCCAATCTGCGTCC-1","Pilot_large_1",0.010635859
"CGTCCATCCTAGCATC-1","Pilot_large_1",0.18070644
"CGTCCATGTAGCGTCT-1","Pilot_large_1",0.35777462
"CGTCGGATCGCAGAAC-1","Pilot_large_1",0.29420114
"CGTGAATGGTCCTGCG-1","Pilot_large_1",0.88507867
"CGTGAGCAATGGACAT-1","Pilot_large_1",0.11886388
"CGTGAGCTGTTATCGT-1","Pilot_large_1",0.010482576
"CGTGCGGATTCATGTA-1","Pilot_large_1",0.35236293
"CGTGTACGATGATTGT-1","Pilot_large_1",0.5039871
"CGTGTTAGATGGTATC-1","Pilot_large_1",0.032061424
"CGTGTTGGACGTCTGG-1","Pilot_large_1",0.32872692
"CGTTACAGTGCACTCA-1","Pilot_large_1",0.06629342
"CGTTCCTGTCACCGTG-1","Pilot_large_1",0.14435616
"CGTTGTGAGCAAGTGG-1","Pilot_large_1",0.4827542
"CTAACAGTATACCGGC-1","Pilot_large_1",0.49030143
"CTAAGAATTGATTCAC-1","Pilot_large_1",0.83721125
"CTAAGAGGCTATGTTC-1","Pilot_large_1",0.49377614
"CTAAGCGTGCCTGCAA-1","Pilot_large_1",0.19262913
"CTAAGCTCCACGATCA-1","Pilot_large_1",0.020659668
"CTAAGCTTACAGTACG-1","Pilot_large_1",0.01087739
"CTAAGTCAAGATCATG-1","Pilot_large_1",0.09006211
"CTAATGACATCATTCT-1","Pilot_large_1",0.3455604
"CTAATGAGCGAGGCTA-1","Pilot_large_1",0.02086814
"CTAATTACGCAATGGA-1","Pilot_large_1",0.80674934
"CTAATTATGTTGCCGC-1","Pilot_large_1",0.7353185
"CTACAGAACCAGTTGA-1","Pilot_large_1",0.01953946
"CTACAGATCGGTCGCC-1","Pilot_large_1",0.007794568
"CTACAGATGGTCATAC-1","Pilot_large_1",0.29153422
"CTACAGCGTCTACACT-1","Pilot_large_1",0.00927154
"CTACAGGTAGAATTCC-1","Pilot_large_1",0.63064355
"CTACAGGTCGCTAAGC-1","Pilot_large_1",0.8845486
"CTACCAGGAGACATCT-1","Pilot_large_1",0.034490224
"CTACGAATCAGCCTGG-1","Pilot_large_1",0.014207082
"CTACGAATTGGCTGGT-1","Pilot_large_1",0.3078141
"CTACGAGCCGGACGGT-1","Pilot_large_1",0.88882405
"CTACGATGCGTCCGGC-1","Pilot_large_1",0.90027755
"CTACGCTACATCTGTT-1","Pilot_large_1",0.06332292
"CTACGCTTAGAAGTGC-1","Pilot_large_1",0.054687068
"CTACTCGGCGTCTAAT-1","Pilot_large_1",0.8872632
"CTACTGCTCCGACAGT-1","Pilot_large_1",0.33605143
"CTACTTATGAACATAA-1","Pilot_large_1",0.078480475
"CTAGCAACCAGTGCGG-1","Pilot_large_1",0.6649191
"CTAGCACGATCACTGT-1","Pilot_large_1",0.41784275
"CTAGCACGCCAAGCTT-1","Pilot_large_1",0.112037234
"CTAGCATAGAGCGAGC-1","Pilot_large_1",0.2759281
"CTAGCCGAAGATGGAC-1","Pilot_large_1",0.037111335
"CTAGCCGATTCAATGC-1","Pilot_large_1",0.63428503
"CTAGCGCCTAGCTTAA-1","Pilot_large_1",0.044990122
"CTAGGACGCAAGCATT-1","Pilot_large_1",0.07145746
"CTAGGCCAGGAGTACG-1","Pilot_large_1",0.03171328
"CTATAACTCCTGGAGG-1","Pilot_large_1",0.33950567
"CTATACCGACTCGCAT-1","Pilot_large_1",0.017434884
"CTATAGATCCACAAGC-1","Pilot_large_1",0.5749972
"CTATCCATTAGCTCGA-1","Pilot_large_1",0.3489595
"CTATCCATTGAGCCAC-1","Pilot_large_1",0.05914184
"CTATCCGCTGCAATTG-1","Pilot_large_1",0.4136685
"CTATCGCAGTCAATGG-1","Pilot_large_1",0.823539
"CTATCGTATCAGCGTG-1","Pilot_large_1",0.8997911
"CTATCGTATGATAGGA-1","Pilot_large_1",0.81936616
"CTATCGTATGGTGATG-1","Pilot_large_1",0.8913237
"CTATCGTTACAACCTT-1","Pilot_large_1",0.068939246
"CTATGCAACAGAGTCG-1","Pilot_large_1",0.6959907
"CTATGCCATGCGGACA-1","Pilot_large_1",0.49034113
"CTATGCCTATTGATCT-1","Pilot_large_1",0.6727156
"CTATGTAGCGCAGATA-1","Pilot_large_1",0.6570209
"CTATTAAGCCAGCACT-1","Pilot_large_1",0.083588
"CTATTCGTCTTACATA-1","Pilot_large_1",0.21803126
"CTATTCTGCAACGCAC-1","Pilot_large_1",0.4353608
"CTATTCTGTAGGACCT-1","Pilot_large_1",0.504807
"CTCAATTGGCGATTCC-1","Pilot_large_1",0.27435166
"CTCACCAGTGTAAGTT-1","Pilot_large_1",0.57222116
"CTCACCTGCCGACTAA-1","Pilot_large_1",0.36932516
"CTCACCTTAATAAGAT-1","Pilot_large_1",0.04379881
"CTCACCTTATCTCCTT-1","Pilot_large_1",0.39476073
"CTCACGATCTCCGGAG-1","Pilot_large_1",0.8342099
"CTCACGTATTCAAGCG-1","Pilot_large_1",0.3555362
"CTCAGAAGACAACTCG-1","Pilot_large_1",0.0888466
"CTCAGGATACGCGGCA-1","Pilot_large_1",0.06986687
"CTCAGGCACGTCAGAC-1","Pilot_large_1",0.84635985
"CTCAGGTCGTGCTCGC-1","Pilot_large_1",0.8563099
"CTCATAATAGCACCGT-1","Pilot_large_1",0.5497084
"CTCATAGCCAATGTCG-1","Pilot_large_1",0.3411332
"CTCATCCTGGCAAGTC-1","Pilot_large_1",0.41552502
"CTCCACATAACCTATT-1","Pilot_large_1",0.6797991
"CTCCACTGGCTAATGG-1","Pilot_large_1",0.8742575
"CTCCATGGCGACCAGT-1","Pilot_large_1",0.048028607
"CTCCGGATCCTCGCTC-1","Pilot_large_1",0.4102204
"CTCCGGCCTACAGCTT-1","Pilot_large_1",0.01441905
"CTCCGTAAGGTCTGTT-1","Pilot_large_1",0.8759712
"CTCCTACCTCGTGGTA-1","Pilot_large_1",0.70089775
"CTCCTACTTGAGTAAG-1","Pilot_large_1",0.43801078
"CTCCTGTCGAAGCCAA-1","Pilot_large_1",0.8070052
"CTCGACATAATTCTAT-1","Pilot_large_1",0.89314413
"CTCGACTCCTAATGGA-1","Pilot_large_1",0.014771347
"CTCGATGCGGTGTTAA-1","Pilot_large_1",0.07549963
"CTCGATGTTGAACGGC-1","Pilot_large_1",0.24232736
"CTCGATGTTGCTATGT-1","Pilot_large_1",0.39132318
"CTCGCATACTCAACTC-1","Pilot_large_1",0.8227972
"CTCGCTGTTCATAGAT-1","Pilot_large_1",0
"CTCGGAATTCTTGATA-1","Pilot_large_1",0.33757684
"CTCGGACTAACGTGGC-1","Pilot_large_1",0.7600629
"CTCGGATCGGAATACG-1","Pilot_large_1",0.007686435
"CTCGTCGCGATTAATT-1","Pilot_large_1",0.036063932
"CTCGTTCTGTCACGTT-1","Pilot_large_1",0.32211334
"CTGAAGCGTGGTGAAG-1","Pilot_large_1",0.6214411
"CTGAAGGAGCCTCACT-1","Pilot_large_1",0.014820781
"CTGAAGGTGCTCGAGG-1","Pilot_large_1",0.024358502
"CTGAAGTGCTATGGCG-1","Pilot_large_1",0.8692745
"CTGAAGTTGCAGACAT-1","Pilot_large_1",0.9127644
"CTGAATTCGCGTAAGG-1","Pilot_large_1",0.21918233
"CTGACTCCGAATCTGC-1","Pilot_large_1",0.008279214
"CTGACTCGAATTCGTG-1","Pilot_large_1",0.035960726
"CTGACTGATTAGGCTG-1","Pilot_large_1",0.6026053
"CTGACTGGTATGATAA-1","Pilot_large_1",0.0438573
"CTGACTGGTCTACCTT-1","Pilot_large_1",0.5342778
"CTGACTGTGGCCGGTT-1","Pilot_large_1",0.025324859
"CTGATTAACGCAAGAA-1","Pilot_large_1",0.20360176
"CTGATTACAATGTCCA-1","Pilot_large_1",0.22812529
"CTGCATAATGGACCGC-1","Pilot_large_1",0.79271334
"CTGCATTGAGCACGGA-1","Pilot_large_1",0.8857871
"CTGCATTGAGGAGCCG-1","Pilot_large_1",0.8887838
"CTGCCGATTGCGATGT-1","Pilot_large_1",0.00739147
"CTGCCTAGTGAATAAG-1","Pilot_large_1",0.4423637
"CTGCCTATACATCCAT-1","Pilot_large_1",0.4620389
"CTGCCTCCAACACCAG-1","Pilot_large_1",0.3055083
"CTGCCTGACACGGATT-1","Pilot_large_1",0.043459408
"CTGCCTGTGAGCCAGG-1","Pilot_large_1",0.28834957
"CTGGAACAATAGACAG-1","Pilot_large_1",0.005326049
"CTGGAAGGCAACCGGA-1","Pilot_large_1",0.71615
"CTGGAAGTCTAAGCTC-1","Pilot_large_1",0.7045763
"CTGGCCTTACCACTTA-1","Pilot_large_1",0.021754961
"CTGGCCTTGCATTCGG-1","Pilot_large_1",0.072168395
"CTGGCGCACTTACTGA-1","Pilot_large_1",0.02912571
"CTGGCGCATATCCGTG-1","Pilot_large_1",0.3557746
"CTGGCGGACAACGCAC-1","Pilot_large_1",0.8593203
"CTGGCTGGACGCTTGG-1","Pilot_large_1",0.5531057
"CTGGTGATCCTGAAGG-1","Pilot_large_1",0.031523246
"CTGGTGATCGCCGTAG-1","Pilot_large_1",0.08169772
"CTGGTGCACCATACCA-1","Pilot_large_1",0.9022933
"CTGGTGCTTATGACCA-1","Pilot_large_1",0.40553734
"CTGGTTGGCTTGTTAC-1","Pilot_large_1",0.81157196
"CTGTATGGCTCAACAT-1","Pilot_large_1",0.5375619
"CTGTCACTATGTGCAT-1","Pilot_large_1",0.8999804
"CTGTCAGATCGATGCG-1","Pilot_large_1",0.00848989
"CTGTCTATCCACATCT-1","Pilot_large_1",0.7078699
"CTGTGCAACATTGAGG-1","Pilot_large_1",0.8913552
"CTGTGGCTTGTCAGCT-1","Pilot_large_1",0.7988109
"CTGTGGTAAGCTAATA-1","Pilot_large_1",0.561631
"CTGTTCGTATGCACCA-1","Pilot_large_1",0.026757339
"CTGTTCTGCTCAGGAC-1","Pilot_large_1",0.15441994
"CTGTTGCTACTCACAG-1","Pilot_large_1",0.18279184
"CTGTTGGATCAACGCA-1","Pilot_large_1",0.8915725
"CTTACGCAACTCAACG-1","Pilot_large_1",0.56227076
"CTTACGCCATGCACAG-1","Pilot_large_1",0.78105974
"CTTACGTCATCCTTAT-1","Pilot_large_1",0.009803177
"CTTAGCAAGGACAGCC-1","Pilot_large_1",0.7151145
"CTTAGCCTAATGGTAA-1","Pilot_large_1",0.48768798
"CTTAGCGTAGCGTGCG-1","Pilot_large_1",0.78294885
"CTTAGCTACGCAAGGT-1","Pilot_large_1",0.011711429
"CTTAGCTTAGTTCTCG-1","Pilot_large_1",0.36318237
"CTTAGTAAGCGTGGCA-1","Pilot_large_1",0.6047651
"CTTAGTCTCGACAACT-1","Pilot_large_1",0.044234652
"CTTAGTCTGTGCATCC-1","Pilot_large_1",0.033525113
"CTTAGTCTTATTCGGA-1","Pilot_large_1",0.3186158
"CTTAGTGCGACCTATT-1","Pilot_large_1",0.03707765
"CTTAGTGGCTAAGACG-1","Pilot_large_1",0.11379802
"CTTAGTTCACCGCCAG-1","Pilot_large_1",0.86070704
"CTTAGTTGCTCGTTGT-1","Pilot_large_1",0.56053007
"CTTATTCACTAGCTGG-1","Pilot_large_1",0.5383164
"CTTCACAAGTTCCTCA-1","Pilot_large_1",0.28608647
"CTTCATGCCTAGACGG-1","Pilot_large_1",0.011322095
"CTTCATTGGATACCAC-1","Pilot_large_1",0.25981173
"CTTCCACGATCCTGTA-1","Pilot_large_1",0.05267091
"CTTCCGTCGCTGCATC-1","Pilot_large_1",0.052513376
"CTTCCTGGTGTTGGAC-1","Pilot_large_1",0.8741697
"CTTCGACTCCAGACTG-1","Pilot_large_1",0.6917045
"CTTCGAGCTGCAGCCT-1","Pilot_large_1",0.8721994
"CTTCGATACTCCGACC-1","Pilot_large_1",0.006896963
"CTTCGATATGTAGGAG-1","Pilot_large_1",0.16256846
"CTTCGATGGACGTACC-1","Pilot_large_1",0.009934727
"CTTCGCCGCAACATTA-1","Pilot_large_1",0.019833164
"CTTCGGCTCACTACCT-1","Pilot_large_1",0.40991035
"CTTCGTATTAATACGG-1","Pilot_large_1",0.044193447
"CTTCGTCACCAAGAGG-1","Pilot_large_1",0.7113927
"CTTCTGAGCCAGGAAC-1","Pilot_large_1",0.089367785
"CTTGAACTTAGAGGAA-1","Pilot_large_1",0.20460428
"CTTGAGCCTTGTTCCA-1","Pilot_large_1",0.229802
"CTTGAGTCCAAGGCTG-1","Pilot_large_1",0.6477278
"CTTGAGTCTTACAGTG-1","Pilot_large_1",0.8870676
"CTTGATGCAATCACAA-1","Pilot_large_1",0.0140505135
"CTTGCCGGAAGACGCA-1","Pilot_large_1",0.5156366
"CTTGCGTAACAGCAGT-1","Pilot_large_1",0.44161767
"CTTGGAACTCCACGCC-1","Pilot_large_1",0.91181165
"CTTGGACAGGTTAGAA-1","Pilot_large_1",0.78525317
"CTTGGACTTGTCTGTC-1","Pilot_large_1",0.76584667
"CTTGGAGGCCACCTGC-1","Pilot_large_1",0.58509904
"CTTGGATCAACCGTAT-1","Pilot_large_1",0.90166235
"CTTGTAAGCGCTTCAT-1","Pilot_large_1",0.71038
"CTTGTATCGTATGATT-1","Pilot_large_1",0.4545716
"CTTGTCAAGGCGTCAA-1","Pilot_large_1",0.74774694
"CTTGTCAGTTCGGTAA-1","Pilot_large_1",0.43738762
"GAACAAGGTCGAGCAA-1","Pilot_large_1",0.049235288
"GAACAGATAACCTTAA-1","Pilot_large_1",0.060765598
"GAACAGATCCGCTAGA-1","Pilot_large_1",0.570093
"GAACAGCCATGTTGCA-1","Pilot_large_1",0.9465854
"GAACGCCAGTGCATAC-1","Pilot_large_1",0.016045136
"GAACGCTAGAAGGCTA-1","Pilot_large_1",0.45507053
"GAACTACCTTATCATA-1","Pilot_large_1",0.07751768
"GAACTCATAGTGAGTG-1","Pilot_large_1",0.03665254
"GAACTCCTCATACATA-1","Pilot_large_1",0.013737108
"GAACTTGGTGAGGATA-1","Pilot_large_1",0.009361518
"GAAGCGGCTGATCAGT-1","Pilot_large_1",0.597398
"GAAGCGTCCATAGTTG-1","Pilot_large_1",0.44613862
"GAAGCTGTTCTACATC-1","Pilot_large_1",0.51008886
"GAAGTCCAATCGTGTT-1","Pilot_large_1",0.8724537
"GAAGTTCTGCAGTTCT-1","Pilot_large_1",0.38606873
"GAATACAGACGAACTG-1","Pilot_large_1",0.37858453
"GAATACTAAGGCGAAT-1","Pilot_large_1",0.3347356
"GAATCATAGTCTGAAG-1","Pilot_large_1",0.05177016
"GAATCATTATGAGCTG-1","Pilot_large_1",0.78161085
"GAATGACCACAATCGA-1","Pilot_large_1",0.024866309
"GAATGAGTATAGACCA-1","Pilot_large_1",0.45554912
"GAATGGCCAAGGAGGC-1","Pilot_large_1",0.23124357
"GAATGTGCCTAGCAGA-1","Pilot_large_1",0.27122065
"GAATTAACCTTCAATT-1","Pilot_large_1",0.22260466
"GACAACCTAGGAGTCT-1","Pilot_large_1",0.76150644
"GACAACGGCGATGTTA-1","Pilot_large_1",0.13926515
"GACAACTTAACCAACC-1","Pilot_large_1",0.09604666
"GACAAGCCTCGTTAGT-1","Pilot_large_1",0.78644705
"GACAATCTATTAGATT-1","Pilot_large_1",0.038744852
"GACAATGACAAGCTTA-1","Pilot_large_1",0.15727203
"GACAATTGTATGCTTC-1","Pilot_large_1",0.013949324
"GACATCAGATTCTTAC-1","Pilot_large_1",0.9021357
"GACATCCTTCATTATC-1","Pilot_large_1",0.590511
"GACATTATCTTAATCT-1","Pilot_large_1",0.4831942
"GACCAATTGCGTCAGA-1","Pilot_large_1",0.010913661
"GACCACTCCTGACGTT-1","Pilot_large_1",0.39682415
"GACCACTTACGGACAT-1","Pilot_large_1",0.8130159
"GACCACTTAGACAGGT-1","Pilot_large_1",0.40138075
"GACCGGCCATGTACCG-1","Pilot_large_1",0.5000214
"GACCGTATTAGACCGG-1","Pilot_large_1",0.48208517
"GACCTGCTGTACGAAG-1","Pilot_large_1",0.7551686
"GACGAGCTGCACTCGT-1","Pilot_large_1",0.47023413
"GACGCAGCGTCAAGTT-1","Pilot_large_1",0.067413665
"GACGCCTCGTCAGAGG-1","Pilot_large_1",0.60307455
"GACGCTCACCAACCGG-1","Pilot_large_1",0.6023452
"GACGCTGTACAAGGCG-1","Pilot_large_1",0.2964401
"GACGGTACCTGGCCGT-1","Pilot_large_1",0.71501213
"GACGGTGGTTGATGTC-1","Pilot_large_1",0.013829412
"GACGTACAGGAACGCT-1","Pilot_large_1",0.54978514
"GACGTGGTGCTCCAGA-1","Pilot_large_1",0.15507476
"GACTAGATTAGCTAAC-1","Pilot_large_1",0.05611817
"GACTAGGCAGACTTGG-1","Pilot_large_1",0.2818789
"GACTCGGCTTGCGGAT-1","Pilot_large_1",0.625006
"GACTGCGGTCTGCGTG-1","Pilot_large_1",0.0958268
"GACTTCATACCGCTGT-1","Pilot_large_1",0.24870579
"GACTTGAACGTCCGTA-1","Pilot_large_1",0.39663705
"GACTTGAAGCCATAGC-1","Pilot_large_1",0.82920855
"GACTTGCTTCTAGGAG-1","Pilot_large_1",0.82423806
"GAGCCAAGCGATCGTA-1","Pilot_large_1",0.6181609
"GAGCCAAGCGCCTCAC-1","Pilot_large_1",0.5991027
"GAGCCAGCTTACGGTA-1","Pilot_large_1",0.04260568
"GAGCCTCCAGTACCGA-1","Pilot_large_1",0.5709807
"GAGCGAATCGGTAGAA-1","Pilot_large_1",0.040379867
"GAGCGATACTCCAGGC-1","Pilot_large_1",0.8469796
"GAGCTAACCTACTTAC-1","Pilot_large_1",0.7349676
"GAGCTACAAGATCAAG-1","Pilot_large_1",0.011657347
"GAGCTTGATGGAAGCT-1","Pilot_large_1",0.81715995
"GAGGACGAGTCCTAGT-1","Pilot_large_1",0.854383
"GAGGCCACAAGGTGCA-1","Pilot_large_1",0.3721386
"GAGGCCAGCAGAGGTT-1","Pilot_large_1",0.036397282
"GAGGCCATGGCTCGGA-1","Pilot_large_1",0.875089
"GAGGCGCTCCATTCCT-1","Pilot_large_1",0.1000968
"GAGGTAACATTCGATC-1","Pilot_large_1",0.30437884
"GAGGTAACTAGACAGT-1","Pilot_large_1",0.38453785
"GAGGTAACTGCGAGAC-1","Pilot_large_1",0.2406606
"GAGGTCACTGTAAGCT-1","Pilot_large_1",0.3087744
"GAGGTGCGGCTGACCA-1","Pilot_large_1",0.11906131
"GAGGTGGCTCGAGGTT-1","Pilot_large_1",0.7879857
"GAGGTGTAGCAACTCA-1","Pilot_large_1",0.024414057
"GAGTAACGTGGCTTGA-1","Pilot_large_1",0.009344933
"GAGTAGACGCAGGCTC-1","Pilot_large_1",0.043927595
"GAGTAGATACGTCAAC-1","Pilot_large_1",0.2360662
"GAGTAGATTATGGTTC-1","Pilot_large_1",0.35528466
"GAGTAGGATGGTAGTC-1","Pilot_large_1",0.021354755
"GAGTCCACGCCTGAAG-1","Pilot_large_1",0.3773026
"GAGTCCTCTAGCGACA-1","Pilot_large_1",0.44809124
"GAGTCTCGAGATAGTC-1","Pilot_large_1",0.55056083
"GAGTCTGACTATAGAA-1","Pilot_large_1",0.018119048
"GAGTGCAGCGTCATCG-1","Pilot_large_1",0.2933896
"GAGTGCGGATACAGTC-1","Pilot_large_1",0.5975001
"GAGTGGAGCAAGCGCA-1","Pilot_large_1",0.42882335
"GAGTTAATCTCGTTAT-1","Pilot_large_1",0.0073097255
"GAGTTAATTCCACTGG-1","Pilot_large_1",0.074523196
"GAGTTACTCAATGGAA-1","Pilot_large_1",0.66633755
"GAGTTAGCAGTAGATG-1","Pilot_large_1",0.81927884
"GAGTTGGTATTAATAG-1","Pilot_large_1",0.06990019
"GATAAGCACGTGCGTA-1","Pilot_large_1",0.4889852
"GATAAGTTGGCGATTA-1","Pilot_large_1",0.09671332
"GATAATCAGCTATTGT-1","Pilot_large_1",0.7892151
"GATACCTCGCGACTGC-1","Pilot_large_1",0.13375705
"GATACTTCACTCAGCA-1","Pilot_large_1",0.009758883
"GATAGAGTCTGAATCG-1","Pilot_large_1",0.29424092
"GATAGAGTGATAAGCT-1","Pilot_large_1",0.82353103
"GATAGATATGGTTCCG-1","Pilot_large_1",0.8835431
"GATAGATGTTGAAGAT-1","Pilot_large_1",0.016734522
"GATAGTGACACTCCAA-1","Pilot_large_1",0.03722328
"GATATCTTGTGACACG-1","Pilot_large_1",0.42828098
"GATATGCTCACGTTAC-1","Pilot_large_1",0.4419528
"GATCACTTAACGGATT-1","Pilot_large_1",0.88041234
"GATCCACCGCGTGCAA-1","Pilot_large_1",0.024725989
"GATCCATAGGATGTAA-1","Pilot_large_1",0.8966626
"GATCCGGACATACACC-1","Pilot_large_1",0.4540237
"GATCGTAACATTAATA-1","Pilot_large_1",0.016882805
"GATCGTAAGAGTCGCA-1","Pilot_large_1",0.4445736
"GATCGTCATGCGGAGG-1","Pilot_large_1",0.7669852
"GATCTATGAAGATGCG-1","Pilot_large_1",0.008762947
"GATCTTGTCATGATCT-1","Pilot_large_1",0.22754185
"GATGACTCTGAATCTT-1","Pilot_large_1",0.47820285
"GATGCCACATTATCAC-1","Pilot_large_1",0.79845953
"GATGCCAGACATAATG-1","Pilot_large_1",0.39255342
"GATGCCGACAGATATT-1","Pilot_large_1",0.015048835
"GATGGACCTGGACGGA-1","Pilot_large_1",0.0057882583
"GATGGACGGCAGATGA-1","Pilot_large_1",0.417279
"GATGTAGCGAGGTCCA-1","Pilot_large_1",0.01866279
"GATGTTCTATAGGATA-1","Pilot_large_1",0.20232993
"GATTCCATACTGAACC-1","Pilot_large_1",0.048167273
"GATTCCATTGAGTTGA-1","Pilot_large_1",0.06745482
"GATTCCGCTATCGGCT-1","Pilot_large_1",0.09426229
"GATTCCGTGCGTATAC-1","Pilot_large_1",0.7171675
"GATTGACTCCATGCGA-1","Pilot_large_1",0.2717539
"GATTGTCGCAACGAGG-1","Pilot_large_1",0.466024
"GCAACAGGCCATTGAC-1","Pilot_large_1",0.28583968
"GCAACATCAGTCAAGT-1","Pilot_large_1",0.8081561
"GCAAGAATGTTCCACC-1","Pilot_large_1",0.8725591
"GCAAGCTTATTGACGT-1","Pilot_large_1",0.043835472
"GCAATACATGAGGACA-1","Pilot_large_1",0.4634799
"GCAATCCTCGAGCGTT-1","Pilot_large_1",0.49207374
"GCAATCGTGACTCCAA-1","Pilot_large_1",0.08350677
"GCAATTAATCAACGTA-1","Pilot_large_1",0.6475979
"GCAATTCCTATCATAC-1","Pilot_large_1",0.004093607
"GCAATTCTGTGACAGA-1","Pilot_large_1",0.78958374
"GCACAGCAGTCTGTAA-1","Pilot_large_1",0.7220341
"GCACAGCTGTGGTTGA-1","Pilot_large_1",0.03213021
"GCACATGCCGGTCTGG-1","Pilot_large_1",0.53080916
"GCACCGAAGATGTCTA-1","Pilot_large_1",0.016522761
"GCACCTAGCCGAATCT-1","Pilot_large_1",0.25663826
"GCACCTAGTAATTATC-1","Pilot_large_1",0.36409733
"GCACCTTACTGGCTAC-1","Pilot_large_1",0.031034904
"GCACCTTAGCCTCGCA-1","Pilot_large_1",0.54256314
"GCACCTTCGCGGTAGA-1","Pilot_large_1",0.7217125
"GCACGAGCAGTACCGA-1","Pilot_large_1",0.61873454
"GCACGCATAGATTGCT-1","Pilot_large_1",0.03983549
"GCACGCATAGGCGATC-1","Pilot_large_1",0.01651021
"GCACGCTTCGTTGTTC-1","Pilot_large_1",0.011896639
"GCACGGAAGGATAGTA-1","Pilot_large_1",0.69415116
"GCACTACACTATTGCG-1","Pilot_large_1",0.0336317
"GCACTGGACGCAGCAC-1","Pilot_large_1",0.47340423
"GCACTGTTGCGGCCTT-1","Pilot_large_1",0.26619545
"GCAGATACGTTGAACG-1","Pilot_large_1",0.15194198
"GCAGCCGGATGCCGCA-1","Pilot_large_1",0.0607973
"GCAGCGATCTAACGAA-1","Pilot_large_1",0.03930459
"GCAGGCAGTGATCTAC-1","Pilot_large_1",0.66924983
"GCAGGTCACTACCTCA-1","Pilot_large_1",0.06954739
"GCAGGTGCTGATGCTT-1","Pilot_large_1",0.06951664
"GCAGTTCGGCATTAGC-1","Pilot_large_1",0.7901963
"GCATAACCGAGGTGAT-1","Pilot_large_1",0.10764543
"GCATGACGGATTATCA-1","Pilot_large_1",0.05098699
"GCATGCTGAGACAGGT-1","Pilot_large_1",0.019663554
"GCATGTCGAGTGTCTT-1","Pilot_large_1",0.7831114
"GCATTGACTACAGCGA-1","Pilot_large_1",0.4917497
"GCATTGCTGTTCCATC-1","Pilot_large_1",0.39239174
"GCATTGGTTACCAAGC-1","Pilot_large_1",0.01622237
"GCCAGACATCTATCAC-1","Pilot_large_1",0.021958318
"GCCAGTTCCTCGTGCC-1","Pilot_large_1",0.07625067
"GCCATTCTTGCAACCA-1","Pilot_large_1",0.80828196
"GCCATTGAGTGCTGCG-1","Pilot_large_1",0.97743255
"GCCATTGATACTCAAG-1","Pilot_large_1",0.7318043
"GCCATTGTAACTGATC-1","Pilot_large_1",0.049057305
"GCCATTGTAATGTCTT-1","Pilot_large_1",0.24732608
"GCCGAAGATGTATTGA-1","Pilot_large_1",0.8919791
"GCCGAGTCCTCGTCCA-1","Pilot_large_1",0.013471616
"GCCGATCTCGTGACTC-1","Pilot_large_1",0.07506809
"GCCGCTGATTGGCCAG-1","Pilot_large_1",0.0035371608
"GCCGCTTCTAAGGTGA-1","Pilot_large_1",0.40486673
"GCCGGCAATAGGCAGG-1","Pilot_large_1",0.2344177
"GCCGGCGAACCATTGT-1","Pilot_large_1",0.030473216
"GCCGGTATGCTCATGC-1","Pilot_large_1",0.02609343
"GCCGTACCAGATCTAG-1","Pilot_large_1",0.44636342
"GCCGTATGCCAGTCTT-1","Pilot_large_1",0.5492923
"GCCTATAGCATACCTT-1","Pilot_large_1",0.28916338
"GCCTCATGCGAGCAGG-1","Pilot_large_1",0.8029914
"GCCTCCAACAGTAGCC-1","Pilot_large_1",0.8909689
"GCCTGGAACGTCTGCT-1","Pilot_large_1",0.2935197
"GCCTGGACCTATTGTC-1","Pilot_large_1",0.62997156
"GCCTGGAGCAAGTTAG-1","Pilot_large_1",0.4179312
"GCCTGGTAAGGCGACT-1","Pilot_large_1",0.82343876
"GCCTGTGAAGTCGGCG-1","Pilot_large_1",0.015486535
"GCCTGTGACACCAGAA-1","Pilot_large_1",0.010251739
"GCCTGTGATAGATTGG-1","Pilot_large_1",0.3863432
"GCCTTAATTGACGGAT-1","Pilot_large_1",0.031234644
"GCCTTCTGATTCCGTC-1","Pilot_large_1",0.5371572
"GCCTTCTGTCACGCTC-1","Pilot_large_1",0.04386924
"GCCTTGAGATCTGAGC-1","Pilot_large_1",0.6744294
"GCGAATAGTGGCTAAT-1","Pilot_large_1",0.44499913
"GCGAATGCAGTGTCAA-1","Pilot_large_1",0.43697742
"GCGAATTGGCTAGCCA-1","Pilot_large_1",0.6882651
"GCGACAGTGCCGCACC-1","Pilot_large_1",0.4588069
"GCGACGTAGAGCGTTA-1","Pilot_large_1",0.6670749
"GCGAGCGGTTGTCATG-1","Pilot_large_1",0.81435347
"GCGAGGATCGACCTTA-1","Pilot_large_1",0.42578852
"GCGAGGTGCTACCTCG-1","Pilot_large_1",0.679891
"GCGATCTTGCTCACGC-1","Pilot_large_1",0.041507263
"GCGATGACCGTGTAAT-1","Pilot_large_1",0.459246
"GCGATGTACTGCTATT-1","Pilot_large_1",0.39460024
"GCGGTCCTGTAGTCTG-1","Pilot_large_1",0.68961453
"GCGGTCGTTGATCTTG-1","Pilot_large_1",0.28807008
"GCGTAATTCTTGCCTT-1","Pilot_large_1",0.40322316
"GCGTACCGGATGGCTC-1","Pilot_large_1",0.05560097
"GCGTACGAATCTAATC-1","Pilot_large_1",0.297409
"GCGTCCTCTGCCGTTG-1","Pilot_large_1",0.50603586
"GCGTCGGTCACGCCAG-1","Pilot_large_1",0.5598167
"GCGTCTCGCAACTCAT-1","Pilot_large_1",0.34497476
"GCGTTAATAGTCAGTA-1","Pilot_large_1",0.25817022
"GCGTTCGAGGCCACAA-1","Pilot_large_1",0.14872994
"GCGTTCGATCTTGGCC-1","Pilot_large_1",0.9006168
"GCGTTGTATCGGAGCT-1","Pilot_large_1",0.37761322
"GCTAACCATAGGCGTT-1","Pilot_large_1",0.3120681
"GCTACTTCTGACGCGA-1","Pilot_large_1",0.0102481
"GCTATGCGTGAACGGT-1","Pilot_large_1",0.057976414
"GCTCAACCACGGCAAC-1","Pilot_large_1",0.051144835
"GCTCCGAGACTACATA-1","Pilot_large_1",0.2763351
"GCTCGATGCTCGCATG-1","Pilot_large_1",0.016672444
"GCTCGCATCGTCATTA-1","Pilot_large_1",0.037854157
"GCTCGGACCTTCAAGT-1","Pilot_large_1",0.8252468
"GCTGAATGACCGTGAG-1","Pilot_large_1",0.21670182
"GCTGACCGCATCGGAT-1","Pilot_large_1",0.90280944
"GCTGACTTGTCTCAAT-1","Pilot_large_1",0.015444381
"GCTGAGGACAAGAAGT-1","Pilot_large_1",0.046686523
"GCTGAGTGTTCAACCG-1","Pilot_large_1",0.67563874
"GCTGCCGCCTATGTAG-1","Pilot_large_1",0.26133594
"GCTGCGTTATGTGGAC-1","Pilot_large_1",0.8495405
"GCTGTTGATAGTCTTA-1","Pilot_large_1",0.13418444
"GCTTACAGATGTGCAC-1","Pilot_large_1",0.8905129
"GCTTCGCTCAAGCGAT-1","Pilot_large_1",0.3390613
"GCTTCGGCATCAGAGT-1","Pilot_large_1",0.04744335
"GCTTCTAAGTCTGACG-1","Pilot_large_1",0.63367516
"GCTTCTCCAGAACCGC-1","Pilot_large_1",0.297906
"GCTTCTGTTACGAGAA-1","Pilot_large_1",0.0059782267
"GCTTGACCTCCGCTTC-1","Pilot_large_1",0.48659158
"GCTTGAGCTCTTGACA-1","Pilot_large_1",0.20431943
"GCTTGGATCCAACCGG-1","Pilot_large_1",0.36387154
"GCTTGGCTGCGGTAAC-1","Pilot_large_1",0.5085998
"GCTTGGTGTTCGAACA-1","Pilot_large_1",0.04746649
"GGAACAGGTGATCTCC-1","Pilot_large_1",0.49583703
"GGAACATCGTGGAATC-1","Pilot_large_1",0.19921185
"GGAACTTCGACATGTC-1","Pilot_large_1",0.029105086
"GGAAGAATAACTAACC-1","Pilot_large_1",0.0070564966
"GGAAGCATTAGAGGCA-1","Pilot_large_1",0.63258076
"GGAAGCTATGGCACAG-1","Pilot_large_1",0.87866193
"GGAAGTCTTGTCGCAT-1","Pilot_large_1",0.21000631
"GGAATGGCAACTTGGA-1","Pilot_large_1",0.048389047
"GGAATGTCTTGTGCAC-1","Pilot_large_1",0.8054399
"GGACCACTTATCGTTC-1","Pilot_large_1",0.845051
"GGACCATCACCGCCAA-1","Pilot_large_1",0.39437017
"GGACCGATCTGGATTA-1","Pilot_large_1",0.29515135
"GGACGAGTCTGTTCAC-1","Pilot_large_1",0.9079455
"GGACGGCTATCGACCA-1","Pilot_large_1",0.06934395
"GGACGGTGCAGTAGGA-1","Pilot_large_1",0.010870845
"GGACGTACATACCAGA-1","Pilot_large_1",0.2617488
"GGACGTAGTGTAGAAG-1","Pilot_large_1",0.066025555
"GGACGTCGAACGGCTT-1","Pilot_large_1",0.27453223
"GGACGTCGAGGATTCA-1","Pilot_large_1",0.8408254
"GGACGTCGCACGAGAA-1","Pilot_large_1",0.53143734
"GGACGTTAGATTCAGG-1","Pilot_large_1",0.4982484
"GGACGTTGGAGGTGAT-1","Pilot_large_1",0.4966075
"GGACTCACGGTCCAAT-1","Pilot_large_1",0.01406269
"GGACTCACTAGAGCCG-1","Pilot_large_1",0.91331196
"GGAGAAGCCAAGCGCT-1","Pilot_large_1",0.18961824
"GGAGACATGACCTAGG-1","Pilot_large_1",0.8465549
"GGAGATCCGTAGGATA-1","Pilot_large_1",0.8364016
"GGAGATCCTGTACCAG-1","Pilot_large_1",0.04786959
"GGAGATGCGTGCAGTA-1","Pilot_large_1",0.0045487024
"GGAGATGGCTCGAGAT-1","Pilot_large_1",0.21052416
"GGAGCGAATTGGACGG-1","Pilot_large_1",0.5018828
"GGAGGTCGTAGGAGCT-1","Pilot_large_1",0.014744374
"GGAGTCCAGATAGCTT-1","Pilot_large_1",0.029921008
"GGAGTCTAAGGCCGCT-1","Pilot_large_1",0.049911715
"GGAGTCTAAGTGGTCC-1","Pilot_large_1",0.59252673
"GGATAATTCAATGCTG-1","Pilot_large_1",0.013869007
"GGATCGGACGTCTTGT-1","Pilot_large_1",0.5115094
"GGATGGATCACTCATA-1","Pilot_large_1",0.056541573
"GGATTCCGACGTGATG-1","Pilot_large_1",0.7962253
"GGCAAGACAATCAGCT-1","Pilot_large_1",0.026177414
"GGCACGACGGACGTCG-1","Pilot_large_1",0.012187611
"GGCAGCCGGCACTTCC-1","Pilot_large_1",0.34854707
"GGCAGCGTATACGACT-1","Pilot_large_1",0.01710166
"GGCAGCTCCTGGACGG-1","Pilot_large_1",0.44994667
"GGCAGGAAGTCTTCTA-1","Pilot_large_1",0.50730413
"GGCATAATCCTATCGC-1","Pilot_large_1",0.010653713
"GGCATACATGGCTCAG-1","Pilot_large_1",0.13123402
"GGCATTCCGATGCTCG-1","Pilot_large_1",0.8978535
"GGCCAGTAGGTATGAG-1","Pilot_large_1",0.3925353
"GGCCATGCTCCTCGTG-1","Pilot_large_1",0.9015148
"GGCCGCCAACTATTGC-1","Pilot_large_1",0.2501152
"GGCCGGCTTCGTCAAC-1","Pilot_large_1",0.5570682
"GGCCGTCCAGTAGGAC-1","Pilot_large_1",0.17147432
"GGCCTTGGATGTTGTC-1","Pilot_large_1",0.4033888
"GGCGACCATAGCGTTA-1","Pilot_large_1",0.29219988
"GGCGAGGCAGCCTACT-1","Pilot_large_1",0.8553173
"GGCGCCACCGGAGCAA-1","Pilot_large_1",0.054510403
"GGCGCCACTGAACATC-1","Pilot_large_1",0.40034258
"GGCGCCGTCGGACATA-1","Pilot_large_1",0.28582716
"GGCGCCGTGGTTACAT-1","Pilot_large_1",0.88416207
"GGCGCTAATATGCTCC-1","Pilot_large_1",0.2114884
"GGCGCTTCACCAGCGA-1","Pilot_large_1",0.90059114
"GGCGGAGTTGAACTAT-1","Pilot_large_1",0.48054913
"GGCGGATATTGATTGA-1","Pilot_large_1",0.84464127
"GGCGTCGCCGTATGAT-1","Pilot_large_1",0.35183963
"GGCGTCGGTAGTGATA-1","Pilot_large_1",0.15158652
"GGCGTGAACTCAACGG-1","Pilot_large_1",0.8193199
"GGCGTGCGCTAGATTA-1","Pilot_large_1",0.92073935
"GGCTAATGTCTAGCGT-1","Pilot_large_1",0.8001299
"GGCTCAATCAACATGA-1","Pilot_large_1",0.02629345
"GGCTGTTCAATGTCAA-1","Pilot_large_1",0.81205076
"GGCTTGCCATAGGCTC-1","Pilot_large_1",0.005119081
"GGTAACTCAACACTCC-1","Pilot_large_1",0.8874366
"GGTACCAGGTAGTGTT-1","Pilot_large_1",0.011834062
"GGTACGATCGACTTAA-1","Pilot_large_1",0.44004276
"GGTACGCTTACCTGCG-1","Pilot_large_1",0.099604145
"GGTACGGAGCATCAGC-1","Pilot_large_1",0.050904147
"GGTACGGTATGCTCCA-1","Pilot_large_1",0.01054842
"GGTACTGTGATCTTCC-1","Pilot_large_1",0.03952789
"GGTAGCGTACATCTGT-1","Pilot_large_1",0.87317216
"GGTAGCTTAGCCAATC-1","Pilot_large_1",0.033987332
"GGTAGGTTGTTCTAAG-1","Pilot_large_1",0.3759414
"GGTATGCAACAGTGGC-1","Pilot_large_1",0.008563706
"GGTCACCGCATAACAA-1","Pilot_large_1",0.33727813
"GGTCATGCTCTGCCAA-1","Pilot_large_1",0.25092694
"GGTCCGGACGAGTGAA-1","Pilot_large_1",0.8924564
"GGTCTGAAGGTTCGAA-1","Pilot_large_1",0.6058056
"GGTCTGAAGTATGTCA-1","Pilot_large_1",0.47390646
"GGTCTGCGAACTGTAT-1","Pilot_large_1",0.50432163
"GGTCTGGTTGTAGAAC-1","Pilot_large_1",0.91265815
"GGTCTGTATCTTGTCG-1","Pilot_large_1",0.8814567
"GGTCTGTTCACTAATC-1","Pilot_large_1",0.5435752
"GGTCTTATAGGCTGGC-1","Pilot_large_1",0.48981464
"GGTCTTGATAACGTCA-1","Pilot_large_1",0.90089434
"GGTGCAATCAGACTTC-1","Pilot_large_1",0.66224515
"GGTGCACTCCGGTTCG-1","Pilot_large_1",0.6467523
"GGTGCAGGCACCGCGT-1","Pilot_large_1",0.41171974
"GGTGCAGTGGTCTTAT-1","Pilot_large_1",0.5315231
"GGTGCAGTTCCATATG-1","Pilot_large_1",0.8419828
"GGTGCGTGGAGTTGGT-1","Pilot_large_1",0.93401366
"GGTGGCTTATTGCGTG-1","Pilot_large_1",0.02418175
"GGTGTATGTTCCGATC-1","Pilot_large_1",0.882551
"GGTTACCAGACAACAT-1","Pilot_large_1",0.8406976
"GGTTAGACTCACTAGC-1","Pilot_large_1",0.16339791
"GGTTAGACTCGGAGGT-1","Pilot_large_1",0.3331274
"GGTTAGATGAGTCTAA-1","Pilot_large_1",0.017835822
"GGTTAGATGCCGTTGC-1","Pilot_large_1",0.8210893
"GGTTAGCACGCCTATG-1","Pilot_large_1",0.6024415
"GGTTAGTATGAGTGTC-1","Pilot_large_1",0.24362904
"GGTTAGTCGGCAGCGA-1","Pilot_large_1",0.348949
"GGTTCAAGGTTAAGCC-1","Pilot_large_1",0.1386096
"GGTTCACCGACTCACG-1","Pilot_large_1",0.08170712
"GGTTCATTCCGGCCTC-1","Pilot_large_1",0.28234124
"GGTTCTATACCGCTTG-1","Pilot_large_1",0.48472595
"GGTTCTCCTATCAGTT-1","Pilot_large_1",0.35412723
"GGTTCTCGTGATGTGA-1","Pilot_large_1",0.29262826
"GGTTCTGGAGTCTACC-1","Pilot_large_1",0.0035991143
"GGTTGACCATTGCTGT-1","Pilot_large_1",0.36078292
"GGTTGCGATTGAACAG-1","Pilot_large_1",0.1866761
"GTAACACCGAGCGTTA-1","Pilot_large_1",0.0059750783
"GTAACCACCTACAACC-1","Pilot_large_1",0.08749452
"GTAACCTAGCGTCACG-1","Pilot_large_1",0.006950434
"GTAAGTTGCTGGTGGA-1","Pilot_large_1",0.34075376
"GTAATCACGCACAGCT-1","Pilot_large_1",0.014107161
"GTAATCAGGCGGACGG-1","Pilot_large_1",0.7445256
"GTAATCTTGTCTAGTT-1","Pilot_large_1",0.16022085
"GTAATGATCACGTAAG-1","Pilot_large_1",0.059080113
"GTACAGAACAGGACTC-1","Pilot_large_1",0.30055505
"GTACAGAACCGATTAT-1","Pilot_large_1",0.33045888
"GTACAGATGACATCGC-1","Pilot_large_1",0.019913616
"GTACAGCCGTTACAGA-1","Pilot_large_1",0.461753
"GTACATAAGCTACGCC-1","Pilot_large_1",0.6533912
"GTACCTCCTGATTCTT-1","Pilot_large_1",0.8543171
"GTACGAAGATTATCCG-1","Pilot_large_1",0.4326648
"GTACGAAGGATTATTG-1","Pilot_large_1",0.00929958
"GTACGAATTCTACCAA-1","Pilot_large_1",0.044677544
"GTACGATTAGTCTACA-1","Pilot_large_1",0.06127913
"GTACGCCTCGCTTCCA-1","Pilot_large_1",0.8124441
"GTACGGTTAATGCAGG-1","Pilot_large_1",0.8910299
"GTACTGCATAAGGTTA-1","Pilot_large_1",0.8142361
"GTACTTCCATCTGGCA-1","Pilot_large_1",0.8914545
"GTACTTGGTTCGCTTA-1","Pilot_large_1",0.889659
"GTAGAAGTAAGCTGCG-1","Pilot_large_1",0.636913
"GTAGACCTGTCAACCA-1","Pilot_large_1",0.3938043
"GTAGCAGAACATGGTG-1","Pilot_large_1",0.45635363
"GTAGCAGAGCAATAGC-1","Pilot_large_1",0.19335566
"GTAGCATAGTTACAGG-1","Pilot_large_1",0.47259083
"GTAGCCAGTGCGGTTG-1","Pilot_large_1",0.35980242
"GTAGCCGCACTCCATC-1","Pilot_large_1",0.4013166
"GTAGCGCCTGAACTCA-1","Pilot_large_1",0.084780045
"GTAGCGCTCATCAGGT-1","Pilot_large_1",0.19529825
"GTAGCGTGTAGCATGT-1","Pilot_large_1",0.5513317
"GTAGTCCAGCGGACAT-1","Pilot_large_1",0.32857504
"GTATACATTGGCTCAG-1","Pilot_large_1",0.08111562
"GTATCTACAGATCTCC-1","Pilot_large_1",0.008228
"GTATCTAGCTACCAGC-1","Pilot_large_1",0.06632621
"GTATCTGTCAACGGTG-1","Pilot_large_1",0.044076584
"GTATCTGTGGCGTCTA-1","Pilot_large_1",0.9915283
"GTATGACATAAGACGG-1","Pilot_large_1",0.5914261
"GTATGATAGTATGGAT-1","Pilot_large_1",0.028634448
"GTATGATCACTTGACG-1","Pilot_large_1",0.4585674
"GTATGTAGCAGGCATA-1","Pilot_large_1",0.3391669
"GTATGTTAGACTGCCT-1","Pilot_large_1",0.80919135
"GTATGTTCTGGATCGC-1","Pilot_large_1",0.42795748
"GTATTACGAGTCAATC-1","Pilot_large_1",0.6573242
"GTATTACGGCCATTAT-1","Pilot_large_1",0.7729127
"GTATTACGGTATTGAG-1","Pilot_large_1",0.3777729
"GTATTAGATTGAGGTC-1","Pilot_large_1",0.6588092
"GTATTATGAGTTAGCG-1","Pilot_large_1",0.4901053
"GTATTCCAAGTTACCT-1","Pilot_large_1",0.011548435
"GTATTCCGCTCGGATG-1","Pilot_large_1",0.5612927
"GTATTCGTGACTTGAT-1","Pilot_large_1",0.040726893
"GTCAACAGACGCACGT-1","Pilot_large_1",0.5493194
"GTCAACAGCATAGATT-1","Pilot_large_1",0.9095919
"GTCAACAGCGCACCGA-1","Pilot_large_1",0.058805827
"GTCAACAGTTAAGTGA-1","Pilot_large_1",0.7413874
"GTCAACATAAGATAGA-1","Pilot_large_1",0.8141176
"GTCACTAAGAGGAATA-1","Pilot_large_1",0.06816837
"GTCACTAAGCCAGCGG-1","Pilot_large_1",0.41384405
"GTCACTACTTAATGGA-1","Pilot_large_1",0.088874504
"GTCACTGAATCTCACC-1","Pilot_large_1",0.42294845
"GTCACTTATCCAAGAC-1","Pilot_large_1",0.011634215
"GTCACTTATGAATGCG-1","Pilot_large_1",0.029034035
"GTCACTTATGTCGTAT-1","Pilot_large_1",0.67369115
"GTCAGCCAACATCACG-1","Pilot_large_1",0.63669336
"GTCAGCCATTGTGCGG-1","Pilot_large_1",0.036865946
"GTCAGCCTAATTACGT-1","Pilot_large_1",0.48255944
"GTCAGCCTCCGAACCT-1","Pilot_large_1",0.018175285
"GTCAGCGATGTAATTG-1","Pilot_large_1",0.4882846
"GTCAGCGATTGATTCA-1","Pilot_large_1",0.19301043
"GTCAGGACAAGCCATG-1","Pilot_large_1",0.3818989
"GTCAGGATCAACCAAC-1","Pilot_large_1",0.6432817
"GTCAGGTACGTGGCAT-1","Pilot_large_1",0.5504049
"GTCAGTAATCCAATTA-1","Pilot_large_1",0.02756567
"GTCAGTAGGTGACCGG-1","Pilot_large_1",0.04332435
"GTCAGTGCCAGAATAA-1","Pilot_large_1",0.4193204
"GTCATCAGTAGACCAG-1","Pilot_large_1",0.29528534
"GTCCATCTATACAAGG-1","Pilot_large_1",0.054168086
"GTCCGACAGCCGCATT-1","Pilot_large_1",0.5030235
"GTCCTTCATCAGATCA-1","Pilot_large_1",0.011602863
"GTCCTTCATGGATTAG-1","Pilot_large_1",0.8600878
"GTCCTTCGGAACCTGC-1","Pilot_large_1",0.053665172
"GTCGAAGTCGTGTTCT-1","Pilot_large_1",0.73731256
"GTCGCACGCAGCCTGC-1","Pilot_large_1",0.0814179
"GTCGCATTACCAGGCA-1","Pilot_large_1",0.30868518
"GTCGCTAAGTGAGGTT-1","Pilot_large_1",0.5928895
"GTCGGCCGTTGTGAAT-1","Pilot_large_1",0.12835734
"GTCGGCCTCCGGCATC-1","Pilot_large_1",0.7575999
"GTCGTAGACTGACAAG-1","Pilot_large_1",0.70056456
"GTCGTGTTCATGTCAG-1","Pilot_large_1",0.15356296
"GTCTAAGCGGCACGCC-1","Pilot_large_1",0.1496705
"GTCTAATACGGCTAAG-1","Pilot_large_1",0.017834201
"GTCTAATCGAATTGGA-1","Pilot_large_1",0.89862907
"GTCTAGCATGGTACGT-1","Pilot_large_1",0.59159565
"GTCTAGCGTTGTGACC-1","Pilot_large_1",0.53388566
"GTCTAGGACAGGATAA-1","Pilot_large_1",0.49830025
"GTCTAGTCTAGCGACG-1","Pilot_large_1",0.3334396
"GTCTATCAATGGATTA-1","Pilot_large_1",0.092575096
"GTCTATCAGTACTAAT-1","Pilot_large_1",0.4643697
"GTCTATGGTGAAGAGC-1","Pilot_large_1",0.8914676
"GTCTATGTTAATAGAA-1","Pilot_large_1",0.28082302
"GTCTATTAGTGAGGCC-1","Pilot_large_1",0.8804918
"GTCTGATAGATTATAA-1","Pilot_large_1",0.04204912
"GTCTGCTCAACACCAA-1","Pilot_large_1",0.42578515
"GTCTGTGGATCTGACG-1","Pilot_large_1",0.6559101
"GTCTTCGATAGGTGTT-1","Pilot_large_1",0.01239941
"GTCTTCGGTAGCTACA-1","Pilot_large_1",0.39399254
"GTCTTGAACAATTACA-1","Pilot_large_1",0.0038361659
"GTCTTGATTGCCACCT-1","Pilot_large_1",0.37452507
"GTCTTGCTGGACGATA-1","Pilot_large_1",0.03275052
"GTCTTGCTTGATCCAC-1","Pilot_large_1",0.8193354
"GTCTTGTATTGTAGAT-1","Pilot_large_1",0.014276219
"GTGAAGCCACAACCGG-1","Pilot_large_1",0.09163075
"GTGAAGTGATCGTGCT-1","Pilot_large_1",0.43876493
"GTGAATTAGACATTGC-1","Pilot_large_1",0.010259404
"GTGACATACAGGTCCT-1","Pilot_large_1",0.611222
"GTGACATATGCTAGAT-1","Pilot_large_1",0.2944571
"GTGACCAGATCGAGAT-1","Pilot_large_1",0.62413967
"GTGACCGTGGATTAGC-1","Pilot_large_1",0.37411645
"GTGAGCACCAGCATCC-1","Pilot_large_1",0.6027945
"GTGAGGATCTCAGCCT-1","Pilot_large_1",0.13103434
"GTGAGGTCACAGGCCA-1","Pilot_large_1",0.70658654
"GTGATCTACGAGATCC-1","Pilot_large_1",0.01234198
"GTGATGGATTAGAACA-1","Pilot_large_1",0.58141756
"GTGCACTTGTAAGCAC-1","Pilot_large_1",0.035293605
"GTGCACTTGTTCCTGG-1","Pilot_large_1",0.8856263
"GTGCAGAAGGTGCGAG-1","Pilot_large_1",0.54768026
"GTGCAGGACTCCAAGG-1","Pilot_large_1",0.83864236
"GTGCAGGCACTCTAGG-1","Pilot_large_1",0.42982212
"GTGCAGGCTGGACATG-1","Pilot_large_1",0.015693689
"GTGCATGGTTGAGTTC-1","Pilot_large_1",0.41501972
"GTGCATTCCTGTGGTC-1","Pilot_large_1",0.1379763
"GTGCATTGCAATGTTG-1","Pilot_large_1",0.3208128
"GTGCCGCATCCTTCCT-1","Pilot_large_1",0.0851592
"GTGCCGTCCTGTCAGC-1","Pilot_large_1",0.33090642
"GTGCCTGACACGTTGG-1","Pilot_large_1",0.015691215
"GTGCGTTCACGGATAA-1","Pilot_large_1",0.029297901
"GTGCTCAATGCAACCT-1","Pilot_large_1",0.043445613
"GTGGAACAGAAGTCGA-1","Pilot_large_1",0.45146063
"GTGGCGACCTAATATT-1","Pilot_large_1",0.014305289
"GTGGCGACCTTGATTC-1","Pilot_large_1",0.80079013
"GTGGCGATAGGCAGAA-1","Pilot_large_1",0.42073324
"GTGGCGATCTGCGATA-1","Pilot_large_1",0.09141483
"GTGGCGCCAACAGCTC-1","Pilot_large_1",0.08295387
"GTGGCGCCACTACGCT-1","Pilot_large_1",0.30976444
"GTGGCGCCAGACTCGA-1","Pilot_large_1",0.14818285
"GTGGCGCCAGCTAACC-1","Pilot_large_1",0.5422303
"GTGGCTTCCTACCGTT-1","Pilot_large_1",0.70635843
"GTGGTACTGTTGTAGC-1","Pilot_large_1",0.4923143
"GTGGTAGGTCTAAGAA-1","Pilot_large_1",0.22079799
"GTGGTTGACAAGGAGC-1","Pilot_large_1",0.46203032
"GTTAACTCCGACCACT-1","Pilot_large_1",0.0212875
"GTTAGACAATGGATGA-1","Pilot_large_1",0.33304211
"GTTAGAGGTGTTAAGA-1","Pilot_large_1",0.9260686
"GTTAGGCCTGAACATC-1","Pilot_large_1",0.47173083
"GTTAGGTACTAACTGG-1","Pilot_large_1",0.015886674
"GTTATCCTATACTGGC-1","Pilot_large_1",0.8402097
"GTTATGTTGCTTAGAT-1","Pilot_large_1",0.058670428
"GTTATTCGGCCATTCG-1","Pilot_large_1",0.051980454
"GTTCATACCTTGGTTA-1","Pilot_large_1",0.23812844
"GTTCATCTTACATTCC-1","Pilot_large_1",0.08664516
"GTTCATTGCCTGAATA-1","Pilot_large_1",0.26637053
"GTTCCAGTGCCTTACC-1","Pilot_large_1",0.017765393
"GTTCCGAGTATGATCG-1","Pilot_large_1",0.72217137
"GTTCCGTCATACGGCT-1","Pilot_large_1",0.76837915
"GTTCCGTCTTATCTTA-1","Pilot_large_1",0.015969483
"GTTCCTGAACCTTCAA-1","Pilot_large_1",0.33047664
"GTTCGCTGGTATTAGA-1","Pilot_large_1",0.10598434
"GTTCGTAGGTAGTGAA-1","Pilot_large_1",0.16744246
"GTTCTACTATCATATT-1","Pilot_large_1",0.8800927
"GTTCTTGATCTGTTGA-1","Pilot_large_1",0.52721286
"GTTGAAGGAAGTCGGC-1","Pilot_large_1",0.57934815
"GTTGAATAAGTCAGCA-1","Pilot_large_1",0.00693819
"GTTGAATCAACCTGGC-1","Pilot_large_1",0.55522996
"GTTGAATGGTACAGTA-1","Pilot_large_1",0.18868092
"GTTGACATGAACCAAC-1","Pilot_large_1",0.31212756
"GTTGACGAACCAGAAC-1","Pilot_large_1",0.020327598
"GTTGACGGATAGCCAT-1","Pilot_large_1",0.40167585
"GTTGACGTCAGATTAG-1","Pilot_large_1",0.03118073
"GTTGAGCTTCGTCCGG-1","Pilot_large_1",0.016688038
"GTTGCCACGACAAGAA-1","Pilot_large_1",0.3187527
"GTTGCTACGTCTTAAT-1","Pilot_large_1",0.10618501
"GTTGCTAGATCGTTGA-1","Pilot_large_1",0.7893459
"GTTGCTCCTGAGATTC-1","Pilot_large_1",0.60643774
"GTTGGTCCGCCAATCT-1","Pilot_large_1",0.024630168
"GTTGTCCTGTGATGTA-1","Pilot_large_1",0.03558123
"GTTGTCGTGGCATTAC-1","Pilot_large_1",0.90458244
"TAACAGCAGGCCTTAC-1","Pilot_large_1",0.55391407
"TAACAGGAACCGACAA-1","Pilot_large_1",0.037690636
"TAACATGCGTGCGAAC-1","Pilot_large_1",0.35736266
"TAACATGGCCACCTCC-1","Pilot_large_1",0.046038058
"TAACCAAGGTGCTCTA-1","Pilot_large_1",0.13463639
"TAACCGGATGGACAGG-1","Pilot_large_1",0.30099794
"TAACCTTGAGACTTCG-1","Pilot_large_1",0.5519019
"TAACGAATCCTAGATA-1","Pilot_large_1",0.45558476
"TAACGAATGCTCCAAT-1","Pilot_large_1",0.09984515
"TAACGACCTTGCCTAT-1","Pilot_large_1",0.53536344
"TAACGAGCCGAAGGTC-1","Pilot_large_1",0.06937386
"TAACGCATTGGTCCAA-1","Pilot_large_1",0.029589957
"TAACGCGGCTATAGGT-1","Pilot_large_1",0.8882949
"TAACGCGTCAAGCGTT-1","Pilot_large_1",0.88190377
"TAACGCGTCCTACAAC-1","Pilot_large_1",0.5005904
"TAACGCTCACATTCTA-1","Pilot_large_1",0.8724366
"TAACGCTCATACGGCA-1","Pilot_large_1",0.13070467
"TAACGTGCCATAGTTA-1","Pilot_large_1",0.43623632
"TAACGTTGCGTCGATG-1","Pilot_large_1",0.39419284
"TAACTTAACCTCGGTG-1","Pilot_large_1",0.8317392
"TAACTTGCACGGCGGA-1","Pilot_large_1",0.098928645
"TAAGAATATGAGATAG-1","Pilot_large_1",0.5202377
"TAAGACCGAGTGAACA-1","Pilot_large_1",0.08976758
"TAAGATTGAGATTACA-1","Pilot_large_1",0.050179083
"TAAGATTGCTCACTTC-1","Pilot_large_1",0.28645673
"TAAGATTGGCGGTCGT-1","Pilot_large_1",0.799461
"TAAGCAAGTAATGTGG-1","Pilot_large_1",0.039521832
"TAAGCACGAGACCTAC-1","Pilot_large_1",0.38996208
"TAAGCAGTAGATACTC-1","Pilot_large_1",0.03995525
"TAAGCCATACGACACG-1","Pilot_large_1",0.778771
"TAAGCCTGGCTTCAGT-1","Pilot_large_1",0.06667009
"TAAGCCTGTAGCGTCC-1","Pilot_large_1",0.1447338
"TAAGCTCCTTCACGCC-1","Pilot_large_1",0.77927154
"TAAGGATCTGAAGATA-1","Pilot_large_1",0.26728132
"TAAGGTATGAATGCTA-1","Pilot_large_1",0.42675832
"TAAGGTCCGTGACCGT-1","Pilot_large_1",0.82841
"TAAGTGCTTGACGATT-1","Pilot_large_1",0.4034306
"TAAGTGTCAAGGTGGC-1","Pilot_large_1",0.68182456
"TAATCGACATTGTTGG-1","Pilot_large_1",0.36233202
"TAATCTGATAAGATGT-1","Pilot_large_1",0.34459618
"TAATGATCCGGTTATT-1","Pilot_large_1",0.50192285
"TAATGTGCACGATCTG-1","Pilot_large_1",0.021564564
"TAATTAAGGAGTACTG-1","Pilot_large_1",0.56267756
"TAATTACCGGTGCGAG-1","Pilot_large_1",0.0640319
"TAATTAGCTCGATTGT-1","Pilot_large_1",0.3270414
"TAATTGATTCTGTCGC-1","Pilot_large_1",0.23835859
"TACAACGGACGGCTCA-1","Pilot_large_1",0.0038614133
"TACAAGCGCCTCTACA-1","Pilot_large_1",0.08201925
"TACAAGTCGAATGCAA-1","Pilot_large_1",0.33702374
"TACAAGTGGTCTGAGG-1","Pilot_large_1",0.91199845
"TACACCGGTATGTATC-1","Pilot_large_1",0.8439535
"TACACCTCGTACTCCA-1","Pilot_large_1",0.6297489
"TACACCTTGCGGCAGG-1","Pilot_large_1",0.75830245
"TACACTCAGTAGAATG-1","Pilot_large_1",0.31930786
"TACACTGAATAGCAGA-1","Pilot_large_1",0.8123275
"TACACTGCGTCCGGAC-1","Pilot_large_1",0.81890947
"TACACTTAGTCGTGGT-1","Pilot_large_1",0.4795921
"TACACTTCGAGGTGAC-1","Pilot_large_1",0.012607032
"TACATAGCAGACCAAG-1","Pilot_large_1",0.26167998
"TACATATGCACCAGTG-1","Pilot_large_1",0.02104181
"TACATCGTCAGCGGTT-1","Pilot_large_1",0.011856468
"TACATTGAATACGATC-1","Pilot_large_1",0.89178175
"TACCAGACAACCTCAG-1","Pilot_large_1",0.15494783
"TACCATTGGTCTCCAA-1","Pilot_large_1",0.7052795
"TACCTCAGGCAACAGA-1","Pilot_large_1",0.3090299
"TACCTGCGGTTGTCCT-1","Pilot_large_1",0.30352303
"TACGACGCGATTCAAG-1","Pilot_large_1",0.039475575
"TACGACGTCTCATATT-1","Pilot_large_1",0.4737893
"TACGACTCTGAACACT-1","Pilot_large_1",0.3566801
"TACGAGATTGGTCTGT-1","Pilot_large_1",0.109080285
"TACGCCTTGCCGTGTT-1","Pilot_large_1",0.08404172
"TACGCTCCGGTTGGTA-1","Pilot_large_1",0.470531
"TACGCTGATAGCAGTC-1","Pilot_large_1",0.9527681
"TACGGAATTGAACCAA-1","Pilot_large_1",0.859523
"TACGGAGTCAACGAAG-1","Pilot_large_1",0.56767344
"TACGGATCCTTGCGAT-1","Pilot_large_1",0.13300632
"TACGGCCTTGTAGGAG-1","Pilot_large_1",0.32192588
"TACGGTAGTTGCGTGA-1","Pilot_large_1",0.3514261
"TACGGTTAATGTACTA-1","Pilot_large_1",0.33894175
"TACGTATCCTATCACG-1","Pilot_large_1",0.6099371
"TACGTATCGAGGTTGT-1","Pilot_large_1",0.46140772
"TACGTGAGGACAACCG-1","Pilot_large_1",0.97040075
"TACGTGGAGGCATGGC-1","Pilot_large_1",0.50609094
"TACGTTACTGGTAGCG-1","Pilot_large_1",0.14443743
"TACTAGACTAGTGACA-1","Pilot_large_1",0.8520467
"TACTAGGATCAATGGC-1","Pilot_large_1",0.043679446
"TACTAGTACCGGATGG-1","Pilot_large_1",0.69275045
"TACTATGTTGAATCTT-1","Pilot_large_1",0.030684208
"TACTCCGAAGTAGAAT-1","Pilot_large_1",0.02171651
"TACTCCTACATCAACT-1","Pilot_large_1",0.012697273
"TAGAATTCAACGTGGC-1","Pilot_large_1",0.2673357
"TAGACAGGAGATCATT-1","Pilot_large_1",0.6735007
"TAGACATACGTCTAAT-1","Pilot_large_1",0.38124338
"TAGACATGGTTAGGTC-1","Pilot_large_1",0.37831765
"TAGACCAGGATATCGG-1","Pilot_large_1",0.11099301
"TAGACCGAAGCAGAGC-1","Pilot_large_1",0.012049054
"TAGACCGGCCAGTACG-1","Pilot_large_1",0.060995407
"TAGACCTGAGGAGCTG-1","Pilot_large_1",0.12321679
"TAGAGCAGACAGTCCA-1","Pilot_large_1",0.8841165
"TAGATGAGGACGCTTA-1","Pilot_large_1",0.7883277
"TAGATGCGTGCCAGCG-1","Pilot_large_1",0.05728397
"TAGATGGCTGTATGCC-1","Pilot_large_1",0.009026208
"TAGATGTCGAGGCCAG-1","Pilot_large_1",0.11175344
"TAGCAATTATGGACCG-1","Pilot_large_1",0.20046246
"TAGCAGTGATTCTGTC-1","Pilot_large_1",0.593807
"TAGCCGCAATACCTGC-1","Pilot_large_1",0.54977274
"TAGCCGCTGTGGCTGG-1","Pilot_large_1",0.66509646
"TAGCGGACCACTGTTA-1","Pilot_large_1",0.61911106
"TAGCGTACCTTGACAT-1","Pilot_large_1",0.1943726
"TAGCGTACGGAGCGCC-1","Pilot_large_1",0.16592453
"TAGCGTCACGACAGGC-1","Pilot_large_1",0.5167158
"TAGCGTCTCAAGGTGG-1","Pilot_large_1",0.67218584
"TAGCGTCTCGGTCTAT-1","Pilot_large_1",0.155267
"TAGCGTTATGACCTCC-1","Pilot_large_1",0.8921117
"TAGCTACCATACTGCT-1","Pilot_large_1",0.023167815
"TAGCTACCTGTAGGAT-1","Pilot_large_1",0.0861787
"TAGCTAGAAGCGATCA-1","Pilot_large_1",0.65284896
"TAGCTAGACACTGGTT-1","Pilot_large_1",0.76061565
"TAGCTAGAGCACGCCG-1","Pilot_large_1",0.2497748
"TAGCTAGAGGCCTGAA-1","Pilot_large_1",0.0033522267
"TAGCTCGAATCGTCCG-1","Pilot_large_1",0.015730811
"TAGGACATCAGCATGG-1","Pilot_large_1",0.019629803
"TAGGACGGCCAGCCGA-1","Pilot_large_1",0.25947323
"TAGGACTTCATGTTAT-1","Pilot_large_1",0.39686993
"TAGGAGCCAGACTCAG-1","Pilot_large_1",0.903304
"TAGGAGGCGTATTGCC-1","Pilot_large_1",0.889436
"TAGGATGCACCGTTCA-1","Pilot_large_1",0.0063201776
"TAGGCATCGGAGCCTC-1","Pilot_large_1",0.02153248
"TAGGCGCATATCTAAC-1","Pilot_large_1",0.3211872
"TAGGCTCCGGCATACA-1","Pilot_large_1",0.83344257
"TAGGCTTATCTAGCTC-1","Pilot_large_1",0.06383811
"TAGGTCTACTCGTGAA-1","Pilot_large_1",0.27190295
"TAGGTCTGCCTCTGTA-1","Pilot_large_1",0.1882191
"TAGTATAACCTCGACA-1","Pilot_large_1",0.8398343
"TAGTCACTGGATAGGC-1","Pilot_large_1",0.030711893
"TAGTGAATGTTCAGTG-1","Pilot_large_1",0.36782685
"TAGTGACTCGCTCCGC-1","Pilot_large_1",0.88641065
"TAGTGAGGTATCGACC-1","Pilot_large_1",0.47579703
"TAGTGCACTATTGTCA-1","Pilot_large_1",0.36538145
"TAGTGCAGCTGGCGTC-1","Pilot_large_1",0.18716201
"TAGTGCAGTGCGGTAG-1","Pilot_large_1",0.020134505
"TAGTGCGTGGAGAAGT-1","Pilot_large_1",0.72784615
"TAGTGGTTGAACCAAT-1","Pilot_large_1",0.53505576
"TAGTTCCGATAGAATC-1","Pilot_large_1",0.08471551
"TAGTTCGAATTAGCGG-1","Pilot_large_1",0.09385796
"TAGTTCGATCCTCACG-1","Pilot_large_1",0.5547093
"TAGTTCGTTGCTAATT-1","Pilot_large_1",0.3484995
"TAGTTGAGTTCTGCAC-1","Pilot_large_1",0.03434533
"TAGTTGGCTTAGGCCT-1","Pilot_large_1",0.8103088
"TATCAACGAATATGAG-1","Pilot_large_1",0.6084382
"TATCAAGGCCGCGTGG-1","Pilot_large_1",0.43600607
"TATCAATGCCGCTCAC-1","Pilot_large_1",0.5943501
"TATCACATAGCGAACT-1","Pilot_large_1",0.3030396
"TATCACCGGCATCGTG-1","Pilot_large_1",0.45390958
"TATCACTTCGAGCCGT-1","Pilot_large_1",0.29819927
"TATCATGGATGTTGCC-1","Pilot_large_1",0.45214507
"TATCCAAGCGCCGTAG-1","Pilot_large_1",0.29874665
"TATCCAATACCGCAAT-1","Pilot_large_1",0.6986681
"TATCCGATCTTGGCGG-1","Pilot_large_1",0.29169238
"TATCCTGCGGTTGATC-1","Pilot_large_1",0.03936567
"TATCTAATCACCTCGG-1","Pilot_large_1",0.82978356
"TATCTAGGAGTGGACA-1","Pilot_large_1",0.8793543
"TATGAAGCGACCGTCC-1","Pilot_large_1",0.19252943
"TATGACAGCGAGAAGC-1","Pilot_large_1",0.8038924
"TATGACGCGTATGTCG-1","Pilot_large_1",0.3499285
"TATGACGGAGATTGGC-1","Pilot_large_1",0.4732357
"TATGAGCGATCCATTA-1","Pilot_large_1",0.009031725
"TATGAGGATCTACTGG-1","Pilot_large_1",0.01027994
"TATGAGTTCCGAGTGA-1","Pilot_large_1",0.52217495
"TATGCCACAGCCGGTG-1","Pilot_large_1",0.6612919
"TATGCTCCTGGTTAGT-1","Pilot_large_1",0.070487276
"TATGGAGTTCTACGGC-1","Pilot_large_1",0.88760066
"TATGGATATGGTGCGA-1","Pilot_large_1",0.5658104
"TATGGCAGTTCGTCTA-1","Pilot_large_1",0.016945073
"TATGGCCATAATAGAC-1","Pilot_large_1",0.0048301364
"TATGTAGAGCTGATCA-1","Pilot_large_1",0.014487521
"TATGTCATAAGCGTCG-1","Pilot_large_1",0.015972126
"TATGTTAGGCCGAACC-1","Pilot_large_1",0.82815033
"TATGTTGCAGTCTAGG-1","Pilot_large_1",0.051434703
"TATGTTGGTAGGTCGT-1","Pilot_large_1",0.32702082
"TATGTTGGTCCAGTGA-1","Pilot_large_1",0.0059832446
"TATTAACTTCCGCTCA-1","Pilot_large_1",0.28916624
"TATTAAGCAGCGCCGG-1","Pilot_large_1",0.34142417
"TATTCCGGTTGTTAAT-1","Pilot_large_1",0.40653044
"TATTCGACAACCGTGA-1","Pilot_large_1",0.45472363
"TATTCGACATTACTAT-1","Pilot_large_1",0.4407881
"TATTCGGTGGAGATTC-1","Pilot_large_1",0.007862163
"TATTCGTTAATGCTCC-1","Pilot_large_1",0.31762803
"TATTCGTTATCGCCTG-1","Pilot_large_1",0.049772136
"TATTCTAAGGCTCATC-1","Pilot_large_1",0.07187834
"TATTCTAGAATCGGAC-1","Pilot_large_1",0.66952294
"TATTCTCAGCGGCTGG-1","Pilot_large_1",0.049702752
"TATTCTCCTATGATGG-1","Pilot_large_1",0.023399908
"TATTGATCTACTTCGG-1","Pilot_large_1",0.537308
"TCAACAGGACAGCAAC-1","Pilot_large_1",0.7520107
"TCAACATGGATACAAC-1","Pilot_large_1",0.5036459
"TCAACCGGAGACCTCG-1","Pilot_large_1",0.08513498
"TCAAGGAACCTATTGC-1","Pilot_large_1",0.9016478
"TCAAGGACGTTAGGAG-1","Pilot_large_1",0.30736178
"TCAAGGCAACGCGGCT-1","Pilot_large_1",0.5368926
"TCAAGGCCATAGCCTG-1","Pilot_large_1",0.019396212
"TCAAGGTCTGAATATG-1","Pilot_large_1",0.03259874
"TCAAGTGATGGTTAAT-1","Pilot_large_1",0.18941705
"TCAATTAATAGAACCT-1","Pilot_large_1",0.35685506
"TCACAAGATGACTCGA-1","Pilot_large_1",0.32908693
"TCACAAGGAGAACAAG-1","Pilot_large_1",0.11867533
"TCACAGCACCAAGGTT-1","Pilot_large_1",0.32162008
"TCACATCCTGTCGCGG-1","Pilot_large_1",0.5755653
"TCACATCCTTATACAG-1","Pilot_large_1",0.8128255
"TCACATCCTTCTCAGT-1","Pilot_large_1",0.03437481
"TCACCATAGATTGTTA-1","Pilot_large_1",0.01277139
"TCACGACATCAGAAGG-1","Pilot_large_1",0.5372345
"TCACGATACCTAGCCA-1","Pilot_large_1",0.0059360927
"TCACGCTATCCACTAC-1","Pilot_large_1",0.33411294
"TCACTACGACTCTGCG-1","Pilot_large_1",0.36393663
"TCAGAATCCTACGGTG-1","Pilot_large_1",0.8320463
"TCAGAATCTAATAGTC-1","Pilot_large_1",0.8228487
"TCAGCGCCTAGTCTTA-1","Pilot_large_1",0.06451637
"TCAGCTACCAACTCCG-1","Pilot_large_1",0.01711743
"TCAGCTCGATGACTTC-1","Pilot_large_1",0.9034297
"TCAGGATACACTACAA-1","Pilot_large_1",0.011099732
"TCAGTATGTAGGACAA-1","Pilot_large_1",0.003417637
"TCAGTCAGCGATCAGA-1","Pilot_large_1",0.016567236
"TCAGTCATTGCAAGTG-1","Pilot_large_1",0.53105724
"TCAGTCCAACGGAAGT-1","Pilot_large_1",0.55887955
"TCAGTCGAAGTATCTA-1","Pilot_large_1",0.08887128
"TCAGTCGTCACTGAGC-1","Pilot_large_1",0.7089452
"TCAGTCGTGCCGGCAG-1","Pilot_large_1",0.47421598
"TCAGTCTGAGTGCTTG-1","Pilot_large_1",0.80616486
"TCAGTGAAGAGTTCTA-1","Pilot_large_1",0.5286024
"TCAGTGTAGGACGTCG-1","Pilot_large_1",0.83461934
"TCAGTTCAGAATCTCG-1","Pilot_large_1",0.034406982
"TCAGTTGACAGTGCCA-1","Pilot_large_1",0.49089396
"TCATAGGTAGTGACGA-1","Pilot_large_1",0.11772935
"TCATAGGTGAGTCGAC-1","Pilot_large_1",0.69012654
"TCATCCATGCCAAGCG-1","Pilot_large_1",0.10492835
"TCATCCTAGGACTCGC-1","Pilot_large_1",0.32827762
"TCATCGCTGTGCAACA-1","Pilot_large_1",0.41928738
"TCATCGGCCTGTGCGG-1","Pilot_large_1",0.014635689
"TCATCGTTATGTATCT-1","Pilot_large_1",0.46763647
"TCATCTATCCACGATT-1","Pilot_large_1",0.8165733
"TCATCTTCCACGTATG-1","Pilot_large_1",0.2600843
"TCATGAGGTTGATATG-1","Pilot_large_1",0.89891905
"TCATGAGTAAGACATC-1","Pilot_large_1",0.58669496
"TCATGATTCTGATACT-1","Pilot_large_1",0.009702507
"TCATTACGGCACAGTA-1","Pilot_large_1",0.8156761
"TCATTCACGCGAGCTC-1","Pilot_large_1",0.85335326
"TCATTCACTGTAATGG-1","Pilot_large_1",0.47066006
"TCCAACGAAGATGCTT-1","Pilot_large_1",0.0035742174
"TCCAACGTGGTTGTTC-1","Pilot_large_1",0.03617058
"TCCAACTAAGACTCCA-1","Pilot_large_1",0.02673686
"TCCAACTGAATAAGGT-1","Pilot_large_1",0.0678904
"TCCAACTGCCGCCATA-1","Pilot_large_1",0.09571278
"TCCAACTGGCTGAAGA-1","Pilot_large_1",0.016316867
"TCCAAGACCGCTTGAT-1","Pilot_large_1",0.055712342
"TCCAATAACGTGCTAG-1","Pilot_large_1",0.30957285
"TCCAATCCAGATACAT-1","Pilot_large_1",0.90207654
"TCCAATCTAACACGCA-1","Pilot_large_1",0.58731127
"TCCAATGTCCACGAGC-1","Pilot_large_1",0.3503843
"TCCAATTAGCAATCAA-1","Pilot_large_1",0.18377848
"TCCAATTGGTTACAGT-1","Pilot_large_1",0.016409425
"TCCACCAAGTGACGAA-1","Pilot_large_1",0.8308879
"TCCAGATCTTCGCTTA-1","Pilot_large_1",0.025135854
"TCCAGTACCGAGCGCA-1","Pilot_large_1",0.042141873
"TCCAGTCACGGTGGCT-1","Pilot_large_1",0.52807003
"TCCAGTCAGTACATTA-1","Pilot_large_1",0.015919603
"TCCAGTGATTGGTGCT-1","Pilot_large_1",0.83115137
"TCCAGTTGTACCTGTC-1","Pilot_large_1",0.88869864
"TCCATCGGCTAGACGA-1","Pilot_large_1",0.50637054
"TCCATGCGTCCACCAG-1","Pilot_large_1",0.024878666
"TCCGAACATAGTCTGA-1","Pilot_large_1",0.5213566
"TCCGAATACCGAATAG-1","Pilot_large_1",0.85235
"TCCGAATACTCGCTGG-1","Pilot_large_1",0.88310426
"TCCGAATAGAAGCACC-1","Pilot_large_1",0.7266372
"TCCGAATCATGTTGTC-1","Pilot_large_1",0.020163951
"TCCGAATCGCAGGTTC-1","Pilot_large_1",0.008622931
"TCCGAGTACGACTTAG-1","Pilot_large_1",0.023762956
"TCCGATGCGTATCCGG-1","Pilot_large_1",0.20179889
"TCCGCCAACATTGCTC-1","Pilot_large_1",0.50099075
"TCCGCCAAGGTCCGTT-1","Pilot_large_1",0.036745977
"TCCGCCGGTCTATTCA-1","Pilot_large_1",0.7505106
"TCCGCCTTGTTCTGAT-1","Pilot_large_1",0.015168601
"TCCGGCTATGCTCAGT-1","Pilot_large_1",0.025394754
"TCCGGTACGTGGCCTC-1","Pilot_large_1",0.28084266
"TCCGGTTCCGTTCTAG-1","Pilot_large_1",0.26663417
"TCCGTCCACTCGGAGC-1","Pilot_large_1",0.38747138
"TCCGTGTTCTGTTCTG-1","Pilot_large_1",0.040480573
"TCCTAATTGCGGCCTG-1","Pilot_large_1",0.37965155
"TCCTAATTGCTCAACG-1","Pilot_large_1",0.61193126
"TCCTACAAGCTCGAAC-1","Pilot_large_1",0.32775778
"TCCTAGGTATCTGATG-1","Pilot_large_1",0.8687843
"TCCTATCCTGTCAATA-1","Pilot_large_1",0.02675401
"TCCTATGAGGATTGTT-1","Pilot_large_1",0.19293159
"TCCTCAATGCTAAGGC-1","Pilot_large_1",0.8861052
"TCCTCATCGTGCTGGA-1","Pilot_large_1",0.47464862
"TCCTGAAGCGTGCACT-1","Pilot_large_1",0.026514433
"TCCTGACACTTCACGG-1","Pilot_large_1",0.21078533
"TCCTGATAAGTGCCGT-1","Pilot_large_1",0.1310859
"TCCTGCCGTGTCTAAG-1","Pilot_large_1",0.75624806
"TCCTGGTGCGAGGCCT-1","Pilot_large_1",0.7765047
"TCCTTACTCGCAATGA-1","Pilot_large_1",0.37713245
"TCCTTCCAACCGCAAC-1","Pilot_large_1",0.006456376
"TCCTTGGCTCAAGAGT-1","Pilot_large_1",0.813259
"TCGAATCTTGCGTTAC-1","Pilot_large_1",0.3420547
"TCGAATGGTTCCACGC-1","Pilot_large_1",0.22125636
"TCGAATTAGTTACTCC-1","Pilot_large_1",0.2848107
"TCGAATTGTACACTAT-1","Pilot_large_1",0.8372217
"TCGACGAAGAGCAAGT-1","Pilot_large_1",0.44392717
"TCGACGAAGCAGCTCA-1","Pilot_large_1",0.80744207
"TCGAGTGGTAGGTCAC-1","Pilot_large_1",0.009670647
"TCGATAGGAGCTGCAG-1","Pilot_large_1",0.8616598
"TCGATATTAGACATAC-1","Pilot_large_1",0.29826754
"TCGATCGTGAGGCGCC-1","Pilot_large_1",0.5706023
"TCGATCGTTGTCTGAA-1","Pilot_large_1",0.03627097
"TCGATCTAATGTTAGT-1","Pilot_large_1",0.21185207
"TCGATCTAGCCGATTC-1","Pilot_large_1",0.31594962
"TCGCAATAGTGACGCA-1","Pilot_large_1",0.64481926
"TCGCACCTCATGTCAG-1","Pilot_large_1",0.47367993
"TCGCACGATTCGGTGG-1","Pilot_large_1",0.33406484
"TCGCACTGCTGTGCTC-1","Pilot_large_1",0.03768094
"TCGCACTTACTGAAGT-1","Pilot_large_1",0.18633392
"TCGCCGTATCATGCTT-1","Pilot_large_1",0.26687813
"TCGCCTAGATAATTAA-1","Pilot_large_1",0.115291186
"TCGCCTGCTATCAGTC-1","Pilot_large_1",0.90549535
"TCGCCTGGTGGATTCT-1","Pilot_large_1",0.5380494
"TCGCGGTAGTATGATC-1","Pilot_large_1",0.0588544
"TCGCTTACTCGCAAGT-1","Pilot_large_1",0.23761436
"TCGCTTGTTCCAGTTG-1","Pilot_large_1",0.04258492
"TCGGAACGTCTGCAAG-1","Pilot_large_1",0.48569268
"TCGGAATCAGCCTAAC-1","Pilot_large_1",0.033241257
"TCGGACATTCTATGAG-1","Pilot_large_1",0.16961937
"TCGGACGGCCGAGGAA-1","Pilot_large_1",0.07937343
"TCGGACGTTGCCTCAG-1","Pilot_large_1",0.068120725
"TCGGACTGCCACCTCC-1","Pilot_large_1",0.034978595
"TCGGAGCGTTACCTCG-1","Pilot_large_1",0.027437292
"TCGGAGTTGTCTTGTT-1","Pilot_large_1",0.19578716
"TCGGCACTGGCGCCGA-1","Pilot_large_1",0.16332714
"TCGGCGACCTCGCTGA-1","Pilot_large_1",0.81086
"TCGGCGCAGAATGTCT-1","Pilot_large_1",0.011776999
"TCGGCGCAGATAGATA-1","Pilot_large_1",0.0470852
"TCGGCGCTATCACGTG-1","Pilot_large_1",0.52241224
"TCGGCGGAACATACGC-1","Pilot_large_1",0.59396684
"TCGGTAATTACGTGGA-1","Pilot_large_1",0.41594765
"TCGGTAGGCATCACGC-1","Pilot_large_1",0.37646076
"TCGGTGATCGCCGGCC-1","Pilot_large_1",0.14432238
"TCGGTGTCTAACCAAG-1","Pilot_large_1",0.027967546
"TCGTAAGGCGTTCAGG-1","Pilot_large_1",0.06910858
"TCGTATCAACAGCACC-1","Pilot_large_1",0.036834635
"TCGTATCCTGATGCAA-1","Pilot_large_1",0.04802555
"TCGTATGCCGGACGTT-1","Pilot_large_1",0.3225209
"TCGTATTAGATCCGGT-1","Pilot_large_1",0.84878683
"TCGTATTCTGAGTGGC-1","Pilot_large_1",0.005636836
"TCGTCACGATGTTCGA-1","Pilot_large_1",0.8086321
"TCGTGCCTCGGTAGTT-1","Pilot_large_1",0.5972227
"TCTACAACTGGAACTT-1","Pilot_large_1",0.7412421
"TCTACACTCCGGCTCC-1","Pilot_large_1",0.89808357
"TCTACACTGAGCTTCT-1","Pilot_large_1",0.037501227
"TCTACAGCACGTCCGA-1","Pilot_large_1",0.48921147
"TCTACAGGTACGCAGT-1","Pilot_large_1",0.050313104
"TCTACATAGACGTGAG-1","Pilot_large_1",0.91288674
"TCTACATGAACTATAC-1","Pilot_large_1",0.8181837
"TCTACATGAATCTGAT-1","Pilot_large_1",0.12916014
"TCTACATGTCCGACTT-1","Pilot_large_1",0.057222337
"TCTACATTCGATCGCC-1","Pilot_large_1",0.8934061
"TCTACTCCGACTCGGC-1","Pilot_large_1",0.03173179
"TCTACTCGAGCAGAGG-1","Pilot_large_1",0.8592543
"TCTACTTAGGTTCTTA-1","Pilot_large_1",0.032494314
"TCTACTTCACCGTGGA-1","Pilot_large_1",0.05139566
"TCTAGAATTGCGGTTG-1","Pilot_large_1",0.8299776
"TCTAGATAAGGTTAGC-1","Pilot_large_1",0.16017395
"TCTAGGCTTAAGACTG-1","Pilot_large_1",0.8624289
"TCTATGATCGGTGCCT-1","Pilot_large_1",0.277893
"TCTATTGGCTTCGATC-1","Pilot_large_1",0.8137743
"TCTGCAAGGACGGCAA-1","Pilot_large_1",0.015432288
"TCTGCAGTAGTTATGA-1","Pilot_large_1",0.8928754
"TCTGCCTGGATGTCAG-1","Pilot_large_1",0.53899443
"TCTGCGCTTGCAGATA-1","Pilot_large_1",0.21746393
"TCTGCGTGCTATTCTA-1","Pilot_large_1",0.50300854
"TCTGCGTGCTTCAGAC-1","Pilot_large_1",0.007668927
"TCTGGACGCTAAGACA-1","Pilot_large_1",0.878671
"TCTGGTATCTGTAGCC-1","Pilot_large_1",0.63135344
"TCTGTACCTCACTCGC-1","Pilot_large_1",0.7811806
"TCTGTACGCTGTCCTC-1","Pilot_large_1",0.44840935
"TCTGTCACCGTTAATA-1","Pilot_large_1",0.88224334
"TCTTACATTACTTCGC-1","Pilot_large_1",0.17962818
"TCTTACCGCTCGTATG-1","Pilot_large_1",0.3326487
"TCTTACGAATCAGTGC-1","Pilot_large_1",0.018479599
"TCTTACGAGGAATAAG-1","Pilot_large_1",0.48961335
"TCTTACGAGGCCGACA-1","Pilot_large_1",0.03143269
"TCTTACTGAGACTAGT-1","Pilot_large_1",0.5118707
"TCTTAGATGCCTCCGA-1","Pilot_large_1",0.11733967
"TCTTCGAACAGCGTTA-1","Pilot_large_1",0.20712137
"TCTTCGTCAGACCAGG-1","Pilot_large_1",0.8893173
"TCTTGAGTCATTATAC-1","Pilot_large_1",0.4612067
"TCTTGCACCAATCTAT-1","Pilot_large_1",0.507044
"TCTTGCACGTCTAATG-1","Pilot_large_1",0.797837
"TCTTGCACTGGTGCTC-1","Pilot_large_1",0.30230853
"TCTTGCCATCGTTGTA-1","Pilot_large_1",0.062512696
"TCTTGCTCCGTCGGCA-1","Pilot_large_1",0.425885
"TCTTGTTATTCTTGAT-1","Pilot_large_1",0.44131973
"TGAACGGATTCAAGTT-1","Pilot_large_1",0.814802
"TGAAGTATGATCGTGC-1","Pilot_large_1",0.039667457
"TGAATGTACCTTCGTC-1","Pilot_large_1",0.77462626
"TGAATTATGCCGCAGT-1","Pilot_large_1",0.31844243
"TGAATTCGTGGTATAA-1","Pilot_large_1",0.4514455
"TGACAGTACTATTCTA-1","Pilot_large_1",0.040730074
"TGACATTACAACGCCG-1","Pilot_large_1",0.03894718
"TGACCAACAGATAGGT-1","Pilot_large_1",0.14019749
"TGACCAACTTGGTCAA-1","Pilot_large_1",0.33609858
"TGACCAAGCTGCACAT-1","Pilot_large_1",0.029613368
"TGACCAAGTAAGGACC-1","Pilot_large_1",0.13245462
"TGACCAGCACTCCAGC-1","Pilot_large_1",0.38968465
"TGACCAGGCTCATGCA-1","Pilot_large_1",0.64901656
"TGACCAGGTATGACCT-1","Pilot_large_1",0.028186465
"TGACCATCCATCTGCT-1","Pilot_large_1",0.8655154
"TGACCTCCTTCAGATT-1","Pilot_large_1",0.03779906
"TGACCTGTCTATCTCG-1","Pilot_large_1",0.24271324
"TGACGCTCACCAAGCC-1","Pilot_large_1",0.021407137
"TGACGCTCGCGGTAGT-1","Pilot_large_1",0.653556
"TGACGCTTACTAGACA-1","Pilot_large_1",0.8756761
"TGACTCCAAGTCTACC-1","Pilot_large_1",0.51527655
"TGACTCTGCTCGCACG-1","Pilot_large_1",0.049746104
"TGACTTCGGCGTAACA-1","Pilot_large_1",0.38392186
"TGAGACAGAAGTGCTC-1","Pilot_large_1",0.11815699
"TGAGACTATTGAATCT-1","Pilot_large_1",0.111510515
"TGAGATGCTCTAATGA-1","Pilot_large_1",0.15306288
"TGAGCACCTCGACGTT-1","Pilot_large_1",0.83469987
"TGAGGAATCCATAGAA-1","Pilot_large_1",0.76236796
"TGAGTAAGCGCAATCC-1","Pilot_large_1",0.3374833
"TGAGTATTCTAGGACT-1","Pilot_large_1",0.49388877
"TGAGTGACCTACTCGT-1","Pilot_large_1",0.5344157
"TGAGTGAGGCACGCCT-1","Pilot_large_1",0.31631717
"TGATAAGCAGTAAGAA-1","Pilot_large_1",0.34038693
"TGATAGGAGCATCAAC-1","Pilot_large_1",0.005027665
"TGATCCGCACTCCTTA-1","Pilot_large_1",0.76279664
"TGATCGGACCTGGATG-1","Pilot_large_1",0.03457082
"TGATGGATGATCACGG-1","Pilot_large_1",0.76856494
"TGATGGCTGCGACGAT-1","Pilot_large_1",0.08966677
"TGATTCACATGCAGAA-1","Pilot_large_1",0.57712054
"TGATTCGTCTGGATCT-1","Pilot_large_1",0.009363059
"TGCAACAGTGAAGCTC-1","Pilot_large_1",0.009241309
"TGCAACGTTACCTGGT-1","Pilot_large_1",0.01408488
"TGCACCGGTCACCTCC-1","Pilot_large_1",0.84447896
"TGCACGAGTAGAGTTA-1","Pilot_large_1",0.0046302676
"TGCACGAGTGTCAGCC-1","Pilot_large_1",0.16754922
"TGCACGCTCCTATCCG-1","Pilot_large_1",0.75500935
"TGCACGGCTGAGACTT-1","Pilot_large_1",0.34346393
"TGCACGTAGTTCGAAG-1","Pilot_large_1",0.052842755
"TGCACTCCAGCTACTC-1","Pilot_large_1",0.6448335
"TGCAGAGGTCGTAATT-1","Pilot_large_1",0.71953976
"TGCAGTCGAGCACCAA-1","Pilot_large_1",0.022883795
"TGCAGTTGTCGGAGCG-1","Pilot_large_1",0.7850876
"TGCATTAATGGCCACC-1","Pilot_large_1",0.45925254
"TGCATTCGCCAGCGAT-1","Pilot_large_1",0.8909652
"TGCATTCGCTACAATG-1","Pilot_large_1",0.018057358
"TGCATTCTTACGGAGG-1","Pilot_large_1",0.8270815
"TGCCAATCCATGTCTA-1","Pilot_large_1",0.022521583
"TGCCACAATGCTACCG-1","Pilot_large_1",0.8275966
"TGCCACTATCAGGCAG-1","Pilot_large_1",0.82017595
"TGCCACTCAACCGGCC-1","Pilot_large_1",0.42036086
"TGCCAGCTATTGTAGA-1","Pilot_large_1",0.26391968
"TGCCAGGATGAGGTTC-1","Pilot_large_1",0.49586666
"TGCCGAATCAAGCGTC-1","Pilot_large_1",0.12781866
"TGCCGGAACTTAGGCA-1","Pilot_large_1",0.58286077
"TGCCGGCATTATAGAT-1","Pilot_large_1",0.69650227
"TGCCTAAGTTAATTAT-1","Pilot_large_1",0.009500761
"TGCCTATCAATGCCAT-1","Pilot_large_1",0.7355545
"TGCCTATCGGCTATGT-1","Pilot_large_1",0.46277437
"TGCCTTAGGCGTCTAT-1","Pilot_large_1",0.018332554
"TGCGAATCCGGCTTGA-1","Pilot_large_1",0.9024593
"TGCGAATTCTCCGCAC-1","Pilot_large_1",0.34991002
"TGCGAGCCAGACGAAT-1","Pilot_large_1",0.4220738
"TGCGATACGCCTCGCA-1","Pilot_large_1",0.9144627
"TGCGATTAGCTCCGCC-1","Pilot_large_1",0.6505479
"TGCGCCTCTGGCTACA-1","Pilot_large_1",0.78737175
"TGCGCTCATAGAACGA-1","Pilot_large_1",0.04337714
"TGCGGACTTCTGTCGC-1","Pilot_large_1",0.11411405
"TGCGGATCATCCTAGA-1","Pilot_large_1",0.4983994
"TGCGGATCGGATCTTA-1","Pilot_large_1",0.47197223
"TGCGTATCTTGTACCG-1","Pilot_large_1",0.815459
"TGCGTGTCAGCCAGTG-1","Pilot_large_1",0.079032674
"TGCGTGTCGGCGGATA-1","Pilot_large_1",0.45873684
"TGCGTTAGCACGTACC-1","Pilot_large_1",0.82573444
"TGCGTTGTATTGCCTG-1","Pilot_large_1",0.33480018
"TGCTATAATGTCGCTG-1","Pilot_large_1",0.9038347
"TGCTATCCTAAGACGA-1","Pilot_large_1",0.08524035
"TGCTATGGTTGCGACA-1","Pilot_large_1",0.2984256
"TGCTGTCAGAACGAAG-1","Pilot_large_1",0.017855141
"TGCTGTCTTGTTAATG-1","Pilot_large_1",0.38015473
"TGCTGTGAAGTCAAGA-1","Pilot_large_1",0.8314343
"TGCTTACTCACCGGTC-1","Pilot_large_1",0.45720458
"TGCTTAGCTCCTGGCT-1","Pilot_large_1",0.022090394
"TGCTTAGTTGACTTAC-1","Pilot_large_1",0.45801637
"TGCTTATGACGCTGGC-1","Pilot_large_1",0.06353926
"TGGAAGCCATAACAGT-1","Pilot_large_1",0.806252
"TGGACTGAGTACCTAG-1","Pilot_large_1",0.5244862
"TGGAGTGAACGCGGTC-1","Pilot_large_1",0.80600584
"TGGAGTGATGGCTCTT-1","Pilot_large_1",0.8129398
"TGGAGTGCTCCTGATC-1","Pilot_large_1",0.65563166
"TGGAGTTGAGTCGACA-1","Pilot_large_1",0.24757747
"TGGATCATTGTAACGG-1","Pilot_large_1",0.15966204
"TGGATCCAGTCACTTC-1","Pilot_large_1",0.5094684
"TGGATTAGTACATTGC-1","Pilot_large_1",0.832603
"TGGCAAGCGACACTTA-1","Pilot_large_1",0.90265936
"TGGCATGCGTTCACGC-1","Pilot_large_1",0.39089927
"TGGCCACTCCGCGGAC-1","Pilot_large_1",0.38594365
"TGGCCACTCCTGAGTG-1","Pilot_large_1",0.8230841
"TGGCCAGAATCACTTG-1","Pilot_large_1",0.882849
"TGGCCAGAGTATCTCC-1","Pilot_large_1",0.5883457
"TGGCCAGATCCGGACA-1","Pilot_large_1",0.02290945
"TGGCGACACTCGCATC-1","Pilot_large_1",0.88355494
"TGGCGAGCTCCACGTG-1","Pilot_large_1",0.056077383
"TGGTACAAGACACTGA-1","Pilot_large_1",0.0816471
"TGGTACCAGATTGTTA-1","Pilot_large_1",0.018342193
"TGGTACGGTCGGCGAA-1","Pilot_large_1",0.0485789
"TGGTACGTGCTGTTGA-1","Pilot_large_1",0.515349
"TGGTACTGGTATCTTG-1","Pilot_large_1",0.34272748
"TGGTAGACGTATTAAT-1","Pilot_large_1",0.070425965
"TGGTATTAGCTAGACC-1","Pilot_large_1",0.8331879
"TGGTATTGAGTTGTAA-1","Pilot_large_1",0.025994046
"TGGTCATCTAGGTCAT-1","Pilot_large_1",0.931751
"TGGTCTGCTCAGGTTG-1","Pilot_large_1",0.03084548
"TGGTGCACGACCTTAG-1","Pilot_large_1",0.03621361
"TGGTGCAGTACCATGC-1","Pilot_large_1",0.8522693
"TGGTGCCTAGCACGGC-1","Pilot_large_1",0.3376205
"TGGTGCGAGGTCGTAT-1","Pilot_large_1",0.042326063
"TGGTTGCCAGTGTCAA-1","Pilot_large_1",0.9081187
"TGTAATCATATGAGAC-1","Pilot_large_1",0.086146876
"TGTAATGCACTACGAG-1","Pilot_large_1",0.538122
"TGTAATGCCTAACACC-1","Pilot_large_1",0.9663628
"TGTAATTGTATCCTCG-1","Pilot_large_1",0.5356156
"TGTACCAACTACGCAT-1","Pilot_large_1",0.51885957
"TGTACCACATACTGGT-1","Pilot_large_1",0.83112484
"TGTAGGAGCTTCAATA-1","Pilot_large_1",0.91637605
"TGTAGGATCAGAGCGT-1","Pilot_large_1",0.40881273
"TGTAGGTCACTACATG-1","Pilot_large_1",0.4939329
"TGTAGGTTCTGGCTTA-1","Pilot_large_1",0.06740904
"TGTATGATTGTAGGTG-1","Pilot_large_1",0.47219795
"TGTATGGAACTACGCA-1","Pilot_large_1",0.88651454
"TGTATGGTGCCAAGGT-1","Pilot_large_1",0.05778556
"TGTCAAGCGGATCGGT-1","Pilot_large_1",0.48080993
"TGTCACAGACGTATCC-1","Pilot_large_1",0.3804254
"TGTCAGAAGTTGTAAC-1","Pilot_large_1",0.04056274
"TGTCAGTGGCTTCCAT-1","Pilot_large_1",0.029523991
"TGTCATGCATGAGCAC-1","Pilot_large_1",0.8502736
"TGTCCATGTATGGAAT-1","Pilot_large_1",0.65134126
"TGTCCTCAACGTTCTA-1","Pilot_large_1",0.35740414
"TGTCGAGTGCGTTAGC-1","Pilot_large_1",0.4829924
"TGTCGATTCACGTAGT-1","Pilot_large_1",0.04898507
"TGTCGCGGAAGAGCTA-1","Pilot_large_1",0.83089215
"TGTCGTTCATACGATA-1","Pilot_large_1",0.01028409
"TGTCTAAGCAGACGTA-1","Pilot_large_1",0.011547839
"TGTCTGGCTTGTCTGT-1","Pilot_large_1",0.86816454
"TGTCTGTAAGCGAACT-1","Pilot_large_1",0.026194917
"TGTCTTGCGACTAATT-1","Pilot_large_1",0.038789846
"TGTCTTGGAATTGGCA-1","Pilot_large_1",0.08813725
"TGTTAAGGAAGTCTTA-1","Pilot_large_1",0.35347372
"TGTTCAGAACGGTGTA-1","Pilot_large_1",0.07733213
"TGTTCATAGTATGACG-1","Pilot_large_1",0.26231793
"TGTTCATTGGTCCAAG-1","Pilot_large_1",0.46906805
"TGTTCCTCACATTAAT-1","Pilot_large_1",0.5328167
"TGTTCTGCTCTGTCGT-1","Pilot_large_1",0.1529388
"TGTTGCGTCCAAGATT-1","Pilot_large_1",0.024682865
"TGTTGGATGGACTTCT-1","Pilot_large_1",0.14605768
