"barcode","sample_id","dpt_pseudotime"
"AACACGTGCATCGCAC-1","R3_large_1",0.03857041
"AACACTTGGCAAGGAA-1","R3_large_1",0.09614427
"AACAGGATTCATAGTT-1","R3_large_1",0.16329952
"AACAGGTTCACCGAAG-1","R3_large_1",0.06165751
"AACATACTCATATGCG-1","R3_large_1",0.14882669
"AACCAAGGTATCAGGC-1","R3_large_1",0.45777246
"AACCACTGCCATAGCC-1","R3_large_1",0.41407987
"AACCAGAATCAGACGT-1","R3_large_1",0.055301588
"AACCTAAGATACTGAG-1","R3_large_1",0.4963212
"AACCTACAGAGGTAGT-1","R3_large_1",0.32504678
"AACCTACTGTAACTCA-1","R3_large_1",0.25781068
"AACGAATTGACCGGTT-1","R3_large_1",0.22030894
"AACGAGCTAATAACTA-1","R3_large_1",0.06886355
"AACGGTAATCGACCTG-1","R3_large_1",0.40314686
"AACTAGCCTAATAGCA-1","R3_large_1",0.7728149
"AACTAGGCCTGACACC-1","R3_large_1",0.07236961
"AACTATCTAGCAGTAT-1","R3_large_1",0.0019856808
"AACTATGCTGCATTCG-1","R3_large_1",0.31506976
"AACTATGTGCTTGTTA-1","R3_large_1",0.036901195
"AACTCAACCTTGACCA-1","R3_large_1",0.030086296
"AACTCAACTTGACAGC-1","R3_large_1",0.028487477
"AACTCACCTCGGTGTT-1","R3_large_1",0.057151265
"AACTCACGGAGTACGT-1","R3_large_1",0.4706922
"AACTGCAACGTCCTGG-1","R3_large_1",0.04063959
"AACTGCAATACGGATT-1","R3_large_1",0.6489781
"AACTGCCTCGATAGGT-1","R3_large_1",0.48700905
"AACTGCGAACCTTACC-1","R3_large_1",0.0391252
"AACTGCGGTCCGAAGC-1","R3_large_1",0.6576327
"AACTGCTACCTCGATA-1","R3_large_1",0.3605045
"AACTGGATACTTCACT-1","R3_large_1",0.014292941
"AACTGGTCATGTGGTT-1","R3_large_1",0.66878
"AACTTCAAGGATAATC-1","R3_large_1",0.28972322
"AACTTCAGATACTACC-1","R3_large_1",0.012169754
"AACTTCATCTTCTGGT-1","R3_large_1",0.50309765
"AACTTCGCTTAGTCAG-1","R3_large_1",0.0107509
"AACTTGCAACTTGGAC-1","R3_large_1",0.43661827
"AACTTGGTTACATAAC-1","R3_large_1",0.92985886
"AAGACTCAAGGCTCCA-1","R3_large_1",0.009254332
"AAGACTGTCATAGTGC-1","R3_large_1",0.4450323
"AAGAGCAGATGTGCCA-1","R3_large_1",0.033211704
"AAGATAGTCGACCTTG-1","R3_large_1",0.019467374
"AAGATGCACTATACTT-1","R3_large_1",0.8016007
"AAGATGGCCGCTAGTT-1","R3_large_1",0.027550241
"AAGATTATCTAGCATA-1","R3_large_1",0.8376964
"AAGCAGCGGACACGTG-1","R3_large_1",0.017749963
"AAGCAGTATCAGAATC-1","R3_large_1",0.4103026
"AAGCAGTGAGTGCGAC-1","R3_large_1",0.019441955
"AAGCAGTGGCATCACT-1","R3_large_1",0.2048016
"AAGCAGTGGCTCATCC-1","R3_large_1",0.9292609
"AAGCAGTGTACACCGC-1","R3_large_1",0.6109
"AAGCATTGAGTGGTTG-1","R3_large_1",0.11884942
"AAGCCACCATTCAAGA-1","R3_large_1",0.012800261
"AAGCCACTATGTCTAA-1","R3_large_1",0.05664893
"AAGCCATCCGTGCTAT-1","R3_large_1",0.015298791
"AAGCCGGTTACAAGGC-1","R3_large_1",0.07505617
"AAGCGTTCGTCTGTCC-1","R3_large_1",0.35383922
"AAGGACCAACATGGCT-1","R3_large_1",0.558573
"AAGGACCTGCAAGCAT-1","R3_large_1",0.03972192
"AAGGAGTGGCTACCAA-1","R3_large_1",0.012419549
"AAGGCAGTCTGATCAC-1","R3_large_1",0.03189315
"AAGGCATGAACAGCTC-1","R3_large_1",0.067517765
"AAGGCCAGTCGCAATT-1","R3_large_1",0.29782823
"AAGGCCGACCTACCTG-1","R3_large_1",0.011481709
"AAGGCCGACTATGTAA-1","R3_large_1",0.47094175
"AAGGCCGATTCTGAGC-1","R3_large_1",0.017859556
"AAGGCGAACTAGTAGA-1","R3_large_1",0.34968606
"AAGGCGAGGTTCATGT-1","R3_large_1",0.75961
"AAGGCGCCTAACATAG-1","R3_large_1",0.66352373
"AAGGTTGCAGAAGCAG-1","R3_large_1",0.52042365
"AAGGTTGCTGAGTTGA-1","R3_large_1",0.1508676
"AAGTACTACAGTAGAA-1","R3_large_1",0.37554637
"AAGTACTGGATGCGCA-1","R3_large_1",0.48750365
"AAGTATTGTAGGTCGC-1","R3_large_1",0.3270141
"AAGTCGCTATCCTGTC-1","R3_large_1",0.09806578
"AAGTCGGACACTTCAG-1","R3_large_1",0.20349558
"AAGTCTGTCAATTCTT-1","R3_large_1",0.060556065
"AAGTGAGCCTGTTACA-1","R3_large_1",0.6655414
"AAGTGATCCACGAGCG-1","R3_large_1",0.14135559
"AAGTGGTTCCTCGCGT-1","R3_large_1",0.010310521
"AAGTTAAGCACTATAA-1","R3_large_1",0.3264003
"AAGTTACTATTACATC-1","R3_large_1",0.10564155
"AAGTTCCTATTGCTGG-1","R3_large_1",0.4538273
"AATAACATGTGCTATG-1","R3_large_1",0.12955892
"AATAACATGTTACGTC-1","R3_large_1",0.062751316
"AATAACGTATTGAACA-1","R3_large_1",0.8068914
"AATAACTCTAATACAG-1","R3_large_1",0.2966929
"AATAACTCTACGATGT-1","R3_large_1",0.010329185
"AATACGGTACGGCCTA-1","R3_large_1",0.010715324
"AATACGTAGACAGTTA-1","R3_large_1",0.08073557
"AATACTAACCACTTAT-1","R3_large_1",0.010764962
"AATAGATAGCCTAACC-1","R3_large_1",0.037953604
"AATAGCACGGAAGCGA-1","R3_large_1",0.49941352
"AATAGTATAGTTGTCG-1","R3_large_1",0.011972659
"AATAGTCGTTATCTAG-1","R3_large_1",0.0060616885
"AATAGTGCTCATAGAA-1","R3_large_1",0.12939307
"AATATTAGGCTTCTGG-1","R3_large_1",0.18794717
"AATCCGCCTGGTCAAT-1","R3_large_1",0.37410584
"AATCCGGAGCTTGTCT-1","R3_large_1",0.42635915
"AATCGAACGGACGGAG-1","R3_large_1",0.039698284
"AATCGACTATCGCTAG-1","R3_large_1",0.31720558
"AATGAAGACGGTTCAG-1","R3_large_1",0.92575914
"AATGAATCGGAAGGCA-1","R3_large_1",0.00576301
"AATGATTACAACCTAA-1","R3_large_1",0.008579625
"AATGCAATCACTGTCG-1","R3_large_1",0.16958448
"AATGCCGCGATTGAGC-1","R3_large_1",0.42191598
"AATGCGAACCTCGCGT-1","R3_large_1",0.5664013
"AATGGAGGACCTGGTG-1","R3_large_1",0.17846552
"AATGGCATAGTATCAT-1","R3_large_1",0.9727241
"AATGGTCGATACTCGG-1","R3_large_1",0.26401657
"AATGGTGCGTCCTAAC-1","R3_large_1",0.34717932
"AATGGTTATTCTAGCT-1","R3_large_1",0.4659225
"AATGTACTTAACATCA-1","R3_large_1",0.48080164
"AATGTAGTCTTACGAG-1","R3_large_1",0.057866
"AATGTCAGGTCATTAC-1","R3_large_1",0.056588694
"AATTAGCAACCGTTCC-1","R3_large_1",0.701416
"AATTAGCTTAGGTGTA-1","R3_large_1",0.6673816
"AATTCTCAGACGCAAC-1","R3_large_1",0.024911268
"AATTCTCGCACCAGTA-1","R3_large_1",0.04537845
"AATTGCGGTGCTAATA-1","R3_large_1",0.23819241
"AATTGCGTCAGACACT-1","R3_large_1",0.23369725
"AATTGGACGGCATCGT-1","R3_large_1",0.042823993
"AATTGGAGACATGGAG-1","R3_large_1",0.025456328
"AATTGGTTATGATACA-1","R3_large_1",0.12174198
"ACAACCTTGGTGTCAA-1","R3_large_1",0.5285397
"ACAACGCCGATAGTAT-1","R3_large_1",0.32716465
"ACAACGTGGAGCTACT-1","R3_large_1",0.5054528
"ACAACTAAGGTGTTAT-1","R3_large_1",0.1649283
"ACAACTAAGTGGCGCT-1","R3_large_1",0.57073396
"ACAACTGTCGTGGATA-1","R3_large_1",0.5928989
"ACAATACAGGCGCCGT-1","R3_large_1",0.021879133
"ACAATACGCCTTATTC-1","R3_large_1",0.014252415
"ACAATTGGTCGCGTAA-1","R3_large_1",0.023620255
"ACAGAAGTGATCAATC-1","R3_large_1",0.02193346
"ACAGAATAAGAACCAT-1","R3_large_1",0.63107663
"ACAGAATAAGATAGTG-1","R3_large_1",0.038504273
"ACAGAATCCGTTGCTT-1","R3_large_1",0.023325333
"ACAGAATGTCTTATTG-1","R3_large_1",0.011073434
"ACAGAATGTTGAGTCC-1","R3_large_1",0.021375539
"ACAGGATACCGGATTC-1","R3_large_1",0.5172951
"ACAGGCATTGAACCAT-1","R3_large_1",0.5871644
"ACAGTACGCACTACCT-1","R3_large_1",0.008237093
"ACATAACCTCTGCCTT-1","R3_large_1",0.7679158
"ACATCACTGGCGTTCG-1","R3_large_1",0.4225558
"ACATCGCCACAAGAGG-1","R3_large_1",0.08810081
"ACATCGTAGACAGGTT-1","R3_large_1",0.21112563
"ACATCGTCGGTCTACC-1","R3_large_1",0.04122446
"ACATCTATCCGAACCA-1","R3_large_1",0.6622951
"ACATCTCGACAACCAC-1","R3_large_1",0.58559823
"ACATCTCGCATAGAAT-1","R3_large_1",0.7699544
"ACATGGATGCGTAAGC-1","R3_large_1",0.013656008
"ACATTCCTGAGTTCCG-1","R3_large_1",0.71922356
"ACATTGAAGGCGGTGC-1","R3_large_1",0.25624162
"ACATTGAATACGCATA-1","R3_large_1",0.74282414
"ACATTGCAGTTCGGCA-1","R3_large_1",0.84725326
"ACATTGGTTCACAGTG-1","R3_large_1",0.14627452
"ACATTGGTTCTGCCGT-1","R3_large_1",0.030080007
"ACCAAGTGATGGTGAG-1","R3_large_1",0.09440119
"ACCAATCATGGTTCAT-1","R3_large_1",0.6321975
"ACCAATGAGCCTCATC-1","R3_large_1",0.15264413
"ACCACGGAAGTTAATT-1","R3_large_1",0.016049115
"ACCACGGCCTCGCACC-1","R3_large_1",0.36970752
"ACCATCCGTTCGAGTG-1","R3_large_1",0.005884053
"ACCATTAGATCGTGGC-1","R3_large_1",0.12674387
"ACCGAAGCCGAATTAA-1","R3_large_1",0.5963188
"ACCGATTGAGGATCTG-1","R3_large_1",0.47993007
"ACCGCAGGTCGAGTTG-1","R3_large_1",0.6471
"ACCGGACGCCAAGCGT-1","R3_large_1",0.004574758
"ACCGGCACCATACTGC-1","R3_large_1",0.20539981
"ACCGGCACGTACGAAC-1","R3_large_1",0.68249273
"ACCGGCCTCAGGAGTT-1","R3_large_1",0.39051646
"ACCGGCTATCGTGCGG-1","R3_large_1",0.8262265
"ACCGTACACGACCGTC-1","R3_large_1",0.37642345
"ACCGTACTATCGGAGG-1","R3_large_1",0.010063154
"ACCGTAGGCGGAGGTT-1","R3_large_1",0.33834782
"ACCTAATTGTCGCTGA-1","R3_large_1",0.13467138
"ACCTATAACGAACTAC-1","R3_large_1",0.020943865
"ACCTATGCTACCGGAT-1","R3_large_1",0.022653066
"ACCTCCTAGAGGCATG-1","R3_large_1",0.07134732
"ACCTCGCACTAAGAGC-1","R3_large_1",0.554188
"ACCTGAGCAGGACCGC-1","R3_large_1",0.03167326
"ACCTGCCACTATCAAT-1","R3_large_1",0.21983744
"ACCTGCCACTGCGGTT-1","R3_large_1",0.017457955
"ACCTGCTTATAGTTCG-1","R3_large_1",0.027585302
"ACCTGCTTGAGCCTGG-1","R3_large_1",0.017534198
"ACCTGCTTGCTACGAC-1","R3_large_1",0.058739167
"ACCTTGGCTCTGTAAG-1","R3_large_1",0.70422643
"ACGAACGCACGAGCAC-1","R3_large_1",0.038905602
"ACGAAGCTCATCCTCG-1","R3_large_1",0.032070167
"ACGACAAGCACTTCAC-1","R3_large_1",0.014780817
"ACGACTGAAGACTTAC-1","R3_large_1",0.38502476
"ACGAGGACCTGCTAGT-1","R3_large_1",0.7118358
"ACGAGTGCGTGCGTTC-1","R3_large_1",0.17863953
"ACGATGACTATTAGAT-1","R3_large_1",0.13528877
"ACGATGCGAAGGAGCA-1","R3_large_1",0.27048668
"ACGATGCTCCAATACA-1","R3_large_1",0.12843706
"ACGATGTCGCACAATC-1","R3_large_1",0.089226894
"ACGATGTCGTTGCCAA-1","R3_large_1",0.033072278
"ACGCAACGAAGAGTAT-1","R3_large_1",0.016448341
"ACGCAAGGCATAAGTC-1","R3_large_1",0.66257906
"ACGCAATAGTATACGA-1","R3_large_1",0.03218941
"ACGCCGGCATAGTCAG-1","R3_large_1",0.021709025
"ACGCGGAAGAGTTCCG-1","R3_large_1",0.010883127
"ACGCGTAGACTCAACT-1","R3_large_1",0.5582781
"ACGCTCAGTGCTATTC-1","R3_large_1",0.0033561666
"ACGCTGCGATTAACGA-1","R3_large_1",0.40048665
"ACGGCCGTCAACGTAT-1","R3_large_1",0.054610886
"ACGGCTTAACGATAGT-1","R3_large_1",0.13371123
"ACGGCTTATTGGTATG-1","R3_large_1",0.03575431
"ACGGCTTCAGGTACCG-1","R3_large_1",0.5218876
"ACGGTGTACGGTGCCA-1","R3_large_1",0.22440645
"ACGGTTACATCCGAAG-1","R3_large_1",0.19340245
"ACGGTTCACCTTCCGG-1","R3_large_1",0.02124532
"ACGGTTCGTACAGTTG-1","R3_large_1",0.5093626
"ACGTCAGATTACTTCG-1","R3_large_1",0.10353227
"ACGTGCAATTATTCGG-1","R3_large_1",0.2074652
"ACGTTAATACAATGAC-1","R3_large_1",0.49538112
"ACGTTCACGACTAGGT-1","R3_large_1",0.015383175
"ACGTTCGTCCGCCTAT-1","R3_large_1",0.14102943
"ACGTTCTATGCACGAC-1","R3_large_1",0.15528932
"ACGTTCTGCCATAATC-1","R3_large_1",0.03333759
"ACTAATAGTCAACATA-1","R3_large_1",0.7288593
"ACTAATGCCTTGCATC-1","R3_large_1",0.3515612
"ACTACGCCTCATGATT-1","R3_large_1",0.34944665
"ACTAGATCTGAAGCGG-1","R3_large_1",0.10164615
"ACTATGAGGTTCTGTC-1","R3_large_1",0.7581879
"ACTATTAGACAGGCTG-1","R3_large_1",0.3747378
"ACTATTGCGAGCTAGA-1","R3_large_1",0.2666028
"ACTCAGCTCGAGTGTC-1","R3_large_1",0.56613034
"ACTCAGCTTCTGAGAC-1","R3_large_1",0.39914417
"ACTCAGGCCTGCAACT-1","R3_large_1",0.008176838
"ACTCCAGGCCGAAGAC-1","R3_large_1",0.37592083
"ACTCCTTGTCCAGACC-1","R3_large_1",0.020038672
"ACTCGTATTGTCAGAA-1","R3_large_1",0.442127
"ACTCTACTTCCGCATT-1","R3_large_1",0.30341232
"ACTCTTGCGGAGAACC-1","R3_large_1",0.6348594
"ACTGACGGCGAATAGT-1","R3_large_1",0.14750846
"ACTGACGTGATATTGG-1","R3_large_1",0.013328089
"ACTGAGCGCAACTCAT-1","R3_large_1",0.9579754
"ACTGATACTCCATTAC-1","R3_large_1",0.67382324
"ACTGGTAAGGCCTCAG-1","R3_large_1",0.40584108
"ACTGGTGATTCCGATC-1","R3_large_1",0.59967464
"ACTGGTTCTGAACGAT-1","R3_large_1",0.09543745
"ACTGTACAATTCTACT-1","R3_large_1",0.4211344
"ACTGTACATCCGATAC-1","R3_large_1",0.14307831
"ACTGTAGACAAGGAAT-1","R3_large_1",0.19390775
"ACTGTAGCAGCTTCTG-1","R3_large_1",0.5573219
"ACTTGAGCCGTTCTTA-1","R3_large_1",0.5887122
"AGAACAGGAGCATGGA-1","R3_large_1",0.3686649
"AGAACATACTGGTCGT-1","R3_large_1",0.54844403
"AGAAGCAGCCTAAGCT-1","R3_large_1",0.016959786
"AGAAGGATGGTATGAA-1","R3_large_1",0.71133626
"AGAAGGCGTAGAATAG-1","R3_large_1",0.008728507
"AGAAGTTAACCAGAGC-1","R3_large_1",0.5929061
"AGAAGTTGAGCGCAAG-1","R3_large_1",0.520309
"AGAATTCTGTTGACAA-1","R3_large_1",0.6828745
"AGACAAGACGTATCGC-1","R3_large_1",0.03435089
"AGACATCTTAGCACCT-1","R3_large_1",0.045601726
"AGACCGAACCGATGTC-1","R3_large_1",0.6480085
"AGACCGACCGCAGACA-1","R3_large_1",0.0037756125
"AGACCGCCGGCCAATG-1","R3_large_1",0.816365
"AGACCGGAGCAACGCT-1","R3_large_1",0.7519492
"AGACCGTCATTAGTTA-1","R3_large_1",0.22199076
"AGACCTCAGCGAGGTG-1","R3_large_1",0.03773166
"AGACGAGTATACGGAA-1","R3_large_1",0.020225316
"AGACGATGCTGATAAT-1","R3_large_1",0.69086874
"AGACGCGTGATGCATC-1","R3_large_1",0.7373207
"AGACGTAGGCGGACCG-1","R3_large_1",0.12625174
"AGACGTGGCGTTGAGT-1","R3_large_1",0.47519103
"AGACTCAGACAGATAA-1","R3_large_1",0.0048263143
"AGACTCATGACCTGGC-1","R3_large_1",0.41766718
"AGACTCATTGCGGACA-1","R3_large_1",0.13113555
"AGACTCCTGTATGGCG-1","R3_large_1",0.65230817
"AGACTCTATTAGCGCT-1","R3_large_1",0.6711077
"AGACTGGTAAGGAGGT-1","R3_large_1",0.24497873
"AGATAACCAATACGCC-1","R3_large_1",0.41034883
"AGATAAGCCACTCATA-1","R3_large_1",0.53332186
"AGATAGGTGACCGCGT-1","R3_large_1",0.03278167
"AGATCAACTCGCTATG-1","R3_large_1",0.48929116
"AGATCTCCGCCTTATT-1","R3_large_1",0.09864756
"AGATGAGGCGCCTCCA-1","R3_large_1",0.3059231
"AGATGCTCCGTCATCT-1","R3_large_1",0.0049247327
"AGATTGCGCCTCGCTC-1","R3_large_1",0.31618306
"AGCACCTCCAATCACG-1","R3_large_1",0.45510727
"AGCACGAGATAACGGT-1","R3_large_1",0.5235678
"AGCACGATACCTAAGC-1","R3_large_1",0.20577346
"AGCACGCTCGATCTAA-1","R3_large_1",0.25525138
"AGCACGGAGGCAGTCA-1","R3_large_1",0.45378935
"AGCACGTGCACCTCTG-1","R3_large_1",0.13903788
"AGCACTCATACAGAAC-1","R3_large_1",0.078272656
"AGCAGGTAAGTATCTG-1","R3_large_1",0.01564502
"AGCAGGTGCAATGGTT-1","R3_large_1",0.5159713
"AGCATGAGCGAATATT-1","R3_large_1",0.60684025
"AGCATGCACCGCGTCA-1","R3_large_1",0.3912585
"AGCATTAGACGGATTG-1","R3_large_1",0.77088773
"AGCCAGCGGCAAGCGT-1","R3_large_1",0.20841154
"AGCCGATGTTCTACTC-1","R3_large_1",0.08263432
"AGCCGGCCTATTCCAG-1","R3_large_1",0.4880951
"AGCCGTATCTTCGTCT-1","R3_large_1",0.09674726
"AGCCGTATTCAACCGT-1","R3_large_1",0.46886405
"AGCCTCGCATGGTCCT-1","R3_large_1",0.01884522
"AGCCTCTATGCAGCAA-1","R3_large_1",0.4847685
"AGCGACTATGTATCTT-1","R3_large_1",0.71038663
"AGCGAGGAACTGGTCC-1","R3_large_1",0.019859975
"AGCGCTAGGTACGCAA-1","R3_large_1",0.036910325
"AGCGGAATGTCGCTGT-1","R3_large_1",0.10421477
"AGCGGTACGCCGAGAA-1","R3_large_1",0.28854012
"AGCGGTACGGCGCATC-1","R3_large_1",0.85351115
"AGCGGTGAGTGACATG-1","R3_large_1",0.9677829
"AGCGGTGCAGGCATCT-1","R3_large_1",0.12230342
"AGCGGTTAGACTCGCC-1","R3_large_1",0.036414888
"AGCGTGCGCCTGATCG-1","R3_large_1",0.613739
"AGCGTGCTTCGCTCAT-1","R3_large_1",0.49246687
"AGCGTGGCACCGACAA-1","R3_large_1",0.022365924
"AGCGTTATAGCGCACT-1","R3_large_1",0.019081106
"AGCGTTGGCTCACGAT-1","R3_large_1",0.03481927
"AGCTATAAGTCCAGCA-1","R3_large_1",0.14302658
"AGCTCAACATCGTCCG-1","R3_large_1",0.032364167
"AGCTCATTAACGAATG-1","R3_large_1",0.04598574
"AGCTGACGTAACGCTG-1","R3_large_1",0.0410359
"AGCTGTTCCGGTGATT-1","R3_large_1",0.3905947
"AGCTTCGCTGCGGTCA-1","R3_large_1",0.038609624
"AGCTTGAGTCAGGCCG-1","R3_large_1",0.79270655
"AGGAATTACGGTGACG-1","R3_large_1",0.32143402
"AGGACCAGTAACCTAA-1","R3_large_1",0.5490688
"AGGACCGCAATAGTTA-1","R3_large_1",0.08463193
"AGGACCGTAGATGCTA-1","R3_large_1",0.46617192
"AGGACCTGTACCATTC-1","R3_large_1",0.21849081
"AGGACGAATGCTTCAA-1","R3_large_1",0.1309262
"AGGACGTATCGCCGTA-1","R3_large_1",0.014052679
"AGGACGTCGGCACGAA-1","R3_large_1",0.9386029
"AGGACTGAAGTGCCTT-1","R3_large_1",0.6571726
"AGGAGCAGAACATCTT-1","R3_large_1",0.025312481
"AGGAGCAGCGTTAATA-1","R3_large_1",0.7181744
"AGGAGCATAATCCACT-1","R3_large_1",0.026400847
"AGGAGCCTTCGCCTTA-1","R3_large_1",0.007994828
"AGGATAACCGGTCGGA-1","R3_large_1",0.11374866
"AGGATACCTCCGAGCG-1","R3_large_1",0.59007835
"AGGATAGATAATTGGA-1","R3_large_1",0.016110357
"AGGATATCGCGAATAC-1","R3_large_1",0.017010288
"AGGATCAACATTCGTT-1","R3_large_1",0.14509067
"AGGATCCGTGAGGCGG-1","R3_large_1",0.6345746
"AGGATGAGTGCGTGCG-1","R3_large_1",0.036582533
"AGGATTCTACGCCTAG-1","R3_large_1",0.029348304
"AGGCAATGTCAGCTGG-1","R3_large_1",0.014715406
"AGGCATTACTATAGTA-1","R3_large_1",0.008128501
"AGGCCGCAGAATAACG-1","R3_large_1",0.038523175
"AGGCTGCAGCTCAGGC-1","R3_large_1",0.20995195
"AGGCTTAACCGATTGT-1","R3_large_1",0.47504604
"AGGTACAGCTATGATA-1","R3_large_1",0.7390832
"AGGTACGGAAGTCAAC-1","R3_large_1",0.042061202
"AGGTCACCTCCGCCTC-1","R3_large_1",0.026510512
"AGGTCTCACGCCAATA-1","R3_large_1",0.09386716
"AGGTGAAGTGACGACT-1","R3_large_1",0.009717948
"AGGTGAGCAATGTCTT-1","R3_large_1",0.25100404
"AGGTGATTGGCGGTAT-1","R3_large_1",0.091296956
"AGGTGGCACTTGTCAG-1","R3_large_1",0.0056572864
"AGGTTAGTGGCCATAG-1","R3_large_1",0.05641285
"AGGTTCCACGCCGAAG-1","R3_large_1",0.023593314
"AGGTTGAGTAGGAGAT-1","R3_large_1",0.18329929
"AGTAAGCTCGGCCAAT-1","R3_large_1",0.021474153
"AGTACCGAACCGCAAT-1","R3_large_1",0.63225734
"AGTACCGTTGTACGCC-1","R3_large_1",0.6306946
"AGTAGAGCATGGACGT-1","R3_large_1",0.37643185
"AGTATTCAGCTGAATG-1","R3_large_1",0.012017806
"AGTATTCGTCGGTATC-1","R3_large_1",0.22903663
"AGTCACCATACCTCCA-1","R3_large_1",0.44860908
"AGTCACTTATTCAAGG-1","R3_large_1",0.029318353
"AGTCGCCACTCGGCGA-1","R3_large_1",1
"AGTCGGACCGTGCTTA-1","R3_large_1",0.57132816
"AGTCGGTCTAATCTGT-1","R3_large_1",0.77325886
"AGTCGGTTATACATAG-1","R3_large_1",0.15031469
"AGTCTAGGATTGTCAC-1","R3_large_1",0.48863646
"AGTCTGTTACAATAGT-1","R3_large_1",0.10927727
"AGTGAGCGCCTGTCCT-1","R3_large_1",0.007255541
"AGTGAGTATTCTAAGT-1","R3_large_1",0.009439537
"AGTGCAATAACTAACA-1","R3_large_1",0.057564717
"AGTGCGCAACATGCGT-1","R3_large_1",0.83387744
"AGTGCTAACTCCTGGA-1","R3_large_1",0.08107836
"AGTGGTATGTCCAAGT-1","R3_large_1",0.023840753
"AGTGTCATGGTTGTGG-1","R3_large_1",0.08513644
"AGTGTCTAGGCTAATA-1","R3_large_1",0.84283227
"AGTGTCTTAAGCTTGT-1","R3_large_1",0.44512194
"AGTTAAGACTGGCTCC-1","R3_large_1",0.1992047
"AGTTACCTCACCAGCA-1","R3_large_1",0.051168453
"AGTTCGGCACATACGG-1","R3_large_1",0.5797307
"AGTTCGTGCAGACCTT-1","R3_large_1",0.007418966
"AGTTGTCCACAGACCA-1","R3_large_1",0.49205798
"ATAAGAATCATGCATC-1","R3_large_1",0.7009562
"ATAAGACCAATCGCGG-1","R3_large_1",0.039560962
"ATAAGGAATAGAACAT-1","R3_large_1",0.090818405
"ATAAGGCGGACAAGTT-1","R3_large_1",0.46888417
"ATAAGTACCACGAGTT-1","R3_large_1",0.14068946
"ATAATCCGTTCCGTTC-1","R3_large_1",0.5458534
"ATAATCGTAGTTATTC-1","R3_large_1",0.44787717
"ATACAATTGCGGTATT-1","R3_large_1",0.01775994
"ATACAGATAGATTGAC-1","R3_large_1",0.025893942
"ATACATCAAGGATTGC-1","R3_large_1",0.46909174
"ATACATCACGCCTTCT-1","R3_large_1",0.38323703
"ATACCATAGCCAATCG-1","R3_large_1",0.07754235
"ATACGCTGAGATCAGA-1","R3_large_1",0.91143334
"ATACGGCGACTGGTCT-1","R3_large_1",0.1597011
"ATACTAGCCACTTCGC-1","R3_large_1",0.036424328
"ATACTAGCCATTAGTT-1","R3_large_1",0.10139435
"ATACTATGAATGTCTT-1","R3_large_1",0.03425767
"ATACTATGACTTCTTA-1","R3_large_1",0.019996667
"ATACTGACTTCGGCAC-1","R3_large_1",0.538596
"ATACTGGACCACAGCC-1","R3_large_1",0.54639477
"ATACTGGAGGATAACG-1","R3_large_1",0.41522196
"ATAGAACCTCTACCGA-1","R3_large_1",0.34743667
"ATAGAACGTTCGATCT-1","R3_large_1",0.026753182
"ATAGAATTCTAGGCCG-1","R3_large_1",0.5684186
"ATAGACATGGCTATGG-1","R3_large_1",0.39890647
"ATAGATTGAGTTCGAG-1","R3_large_1",0.40413016
"ATAGCACCTGCTGTCT-1","R3_large_1",0.326864
"ATAGCCGGCGACCGTC-1","R3_large_1",0.04779209
"ATAGCTATTCGCACTC-1","R3_large_1",0.14382175
"ATAGCTTCACAACCGT-1","R3_large_1",0.33718616
"ATAGTACTATGGTTCT-1","R3_large_1",0.007891343
"ATAGTCCGCCGTTGGC-1","R3_large_1",0.0025147588
"ATAGTTCATCGGATCT-1","R3_large_1",0.11731481
"ATCACCAGTTCGGCGA-1","R3_large_1",0.020304797
"ATCAGTAAGCTCGCCG-1","R3_large_1",0.044791758
"ATCATTCCAACTTCGC-1","R3_large_1",0.2670628
"ATCATTCGGACAACAG-1","R3_large_1",0.008277938
"ATCCAACGCCACATCG-1","R3_large_1",0.23464224
"ATCCACATCACTGCCG-1","R3_large_1",0.027902571
"ATCCACGACACGAATG-1","R3_large_1",0.3187959
"ATCCGAGTCACTTGTA-1","R3_large_1",0.6845216
"ATCCGGATGACGTAAC-1","R3_large_1",0.2867959
"ATCCGGTACCGTCCTT-1","R3_large_1",0.6832344
"ATCCGTTATCGAAGGC-1","R3_large_1",0.00750109
"ATCCTCGTTCCAGGCC-1","R3_large_1",0.19808908
"ATCGAACTCGTCCGGC-1","R3_large_1",0.37351695
"ATCGACCGGAGTATCG-1","R3_large_1",0.019184222
"ATCGACTAAGTACTGC-1","R3_large_1",0.026148882
"ATCGCAGTAACTTATT-1","R3_large_1",0.5745467
"ATCGCAGTCTATGGCA-1","R3_large_1",0.041994162
"ATCGCATCACGCATCT-1","R3_large_1",0.59788656
"ATCGTAACTACCTCTT-1","R3_large_1",0.4014686
"ATCGTAATCCACATGC-1","R3_large_1",0.15106638
"ATCGTATTACTCGGAG-1","R3_large_1",0.11924163
"ATCGTCACCATGTCAC-1","R3_large_1",0.012303792
"ATCGTCAGTTAGTCCA-1","R3_large_1",0.4847797
"ATCGTCTTAACGAAGG-1","R3_large_1",0.18466166
"ATCTACAGGAGTGCAC-1","R3_large_1",0.30906048
"ATCTCCTTGCGATACA-1","R3_large_1",0.06370131
"ATCTGACCGGAGTCCT-1","R3_large_1",0.6004276
"ATCTGCCGTCTACAGC-1","R3_large_1",0.34510475
"ATCTGGATCCTCAGAC-1","R3_large_1",0.20964181
"ATCTGTACGCGTCTCC-1","R3_large_1",0.41212535
"ATCTTAGACGCCTACT-1","R3_large_1",0.20644645
"ATCTTAGTGGCATGGA-1","R3_large_1",0.4041785
"ATCTTCGGACATACTA-1","R3_large_1",0.034270156
"ATCTTGGCTTCGTCCT-1","R3_large_1",0.38841414
"ATGACACTAATCGCAC-1","R3_large_1",0.8257562
"ATGACCAGACGGCCGG-1","R3_large_1",0.277132
"ATGACCTCACTTAACC-1","R3_large_1",0.84090966
"ATGACGAGATCATTAA-1","R3_large_1",0.0059540705
"ATGAGCTATTCGAAGA-1","R3_large_1",0.042812824
"ATGAGGAACGACCAGC-1","R3_large_1",0.43466103
"ATGAGTACGCTTCCTA-1","R3_large_1",0.079614155
"ATGCATCCTGACTCAC-1","R3_large_1",0.03177762
"ATGCATGTATGTGAGT-1","R3_large_1",0.3972726
"ATGCATGTCACTCGTG-1","R3_large_1",0.097518414
"ATGCATGTCGATGTGG-1","R3_large_1",0.27557492
"ATGCCGTTGTGAAGCG-1","R3_large_1",0.25269398
"ATGCCTTCGTAAGTTA-1","R3_large_1",0.35219607
"ATGCTCCAACCTGGCC-1","R3_large_1",0.18747005
"ATGCTCCGTTCTACTG-1","R3_large_1",0.2733582
"ATGCTCGCCTCCAATT-1","R3_large_1",0.72606534
"ATGCTGAATGCAATAG-1","R3_large_1",0.016804866
"ATGCTGCGGAACTACC-1","R3_large_1",0.29857543
"ATGCTTACTCTAGGAA-1","R3_large_1",0.010358097
"ATGCTTGGACGAACTT-1","R3_large_1",0.029805971
"ATGGAGCGGACCGATT-1","R3_large_1",0.11362465
"ATGGAGTAATCGGACC-1","R3_large_1",0.4522488
"ATGGAGTCTTCGCAGT-1","R3_large_1",0.462593
"ATGGCATTATGGCTCG-1","R3_large_1",0.027262611
"ATGTAAGAGCCACCTC-1","R3_large_1",0.09574008
"ATGTAATTGTCGTTCG-1","R3_large_1",0.009901012
"ATGTACATGAACTCCG-1","R3_large_1",0.017490663
"ATGTACTCTGCAGCAC-1","R3_large_1",0.9398257
"ATGTAGGTAACCGTAC-1","R3_large_1",0.042976834
"ATGTAGTCCAGAACAT-1","R3_large_1",0.01671955
"ATGTATCCAAGGTGGC-1","R3_large_1",0.23262568
"ATGTATCCATAAGTTG-1","R3_large_1",0.5283873
"ATGTATGAGTACCGGA-1","R3_large_1",0.22856802
"ATGTCGGACTGAAGTA-1","R3_large_1",0.781036
"ATGTCGGATAAGCCGA-1","R3_large_1",0.15374728
"ATGTCGGCTGTCGTAA-1","R3_large_1",0.4157691
"ATGTCGTTACCAGACG-1","R3_large_1",0.4060877
"ATGTGAATTGCTGACC-1","R3_large_1",0.47019464
"ATGTGATCCGTCTAAC-1","R3_large_1",0.5257902
"ATGTGCGTCTGAACAG-1","R3_large_1",0.0044686557
"ATGTGCTAACATCGAA-1","R3_large_1",0.73727375
"ATGTGCTTGTGCTACC-1","R3_large_1",0.07067928
"ATGTTAAGATTACTGA-1","R3_large_1",0.035828516
"ATGTTAGAATAGTACT-1","R3_large_1",0.031822413
"ATTAAGAACAGCTCCG-1","R3_large_1",0.062336627
"ATTAAGAATAACGCTT-1","R3_large_1",0.72180104
"ATTAAGTGGCCTAAGG-1","R3_large_1",0.028900137
"ATTACTCCGTGAAGCG-1","R3_large_1",0.20404135
"ATTACTGAGTGCCTCC-1","R3_large_1",0.019677347
"ATTACTGTCGCATATT-1","R3_large_1",0.16114117
"ATTAGACCAAGTATAC-1","R3_large_1",0.27196777
"ATTAGCCTCACTTCTA-1","R3_large_1",0.45315188
"ATTAGCGAGCATGCTG-1","R3_large_1",0.74544847
"ATTAGTCGTGTTATGC-1","R3_large_1",0.28234506
"ATTAGTGAGGTATCGC-1","R3_large_1",0.5597193
"ATTAGTTCACAGACTC-1","R3_large_1",0.49498197
"ATTATCCAGGTGAAGT-1","R3_large_1",0.021926323
"ATTATCGAGTGCAGAT-1","R3_large_1",0.08471296
"ATTATCTAGATTAACG-1","R3_large_1",0.33107126
"ATTATGATACTGCGCA-1","R3_large_1",0.4130546
"ATTATGCCATCGTTAA-1","R3_large_1",0.56226504
"ATTCACATAGGATGAG-1","R3_large_1",0.011779458
"ATTCACATCTTATTCT-1","R3_large_1",0.019708436
"ATTCACCTGACCAGTT-1","R3_large_1",0.73124164
"ATTCACGCTGCCTAGG-1","R3_large_1",0.023092644
"ATTCACGCTGTTATCG-1","R3_large_1",0.2617211
"ATTCACGTCGCAGGCT-1","R3_large_1",0.0035488312
"ATTCACTCACGTGCAC-1","R3_large_1",0.01348485
"ATTCAGCTCCTACTAA-1","R3_large_1",0.46787837
"ATTCATAGCGAAGCGT-1","R3_large_1",0.8570792
"ATTCCATTGTGAACGC-1","R3_large_1",0.022710497
"ATTCCGCAACGCCGCT-1","R3_large_1",0.01612849
"ATTCCGCTCCATCAGC-1","R3_large_1",0.09805971
"ATTCCGGACCGGTCTT-1","R3_large_1",0.008295751
"ATTCCGGTTACATACC-1","R3_large_1",0.7993686
"ATTCCGTAAGGATTCC-1","R3_large_1",0.24782819
"ATTCCTCAATTCCATA-1","R3_large_1",0.01113651
"ATTCCTGCCTTAACAG-1","R3_large_1",0.04999212
"ATTCGGAAGCTATTAC-1","R3_large_1",0.5235321
"ATTCGTTAGAATTCGG-1","R3_large_1",0.028038818
"ATTCTACGTGGCAGAT-1","R3_large_1",0.32071465
"ATTCTAGTCCACAAGA-1","R3_large_1",0.36337075
"ATTCTGAGTACTGTAG-1","R3_large_1",0.8935472
"ATTCTTGGAGTGATAG-1","R3_large_1",0.011737684
"ATTGACGCATCTCAAC-1","R3_large_1",0.23895307
"ATTGACGCCACCTTCT-1","R3_large_1",0.18917418
"ATTGACGCCAGCCAAG-1","R3_large_1",0.020439586
"ATTGACTGAATACTAT-1","R3_large_1",0.6184657
"ATTGATAACACTAAGA-1","R3_large_1",0.009263069
"ATTGCACGACCACTTG-1","R3_large_1",0.06335679
"ATTGCAGTTCTTCATT-1","R3_large_1",0.08157433
"ATTGCATATTGTTATC-1","R3_large_1",0.017492969
"ATTGCATCACTGACTG-1","R3_large_1",0.016568108
"ATTGCCTTGTCTAAGT-1","R3_large_1",0.70300895
"ATTGGCCTTCCGTGCA-1","R3_large_1",0.02509583
"ATTGGCTAACAGACAA-1","R3_large_1",0.09031399
"ATTGTTAAGTAGACTA-1","R3_large_1",0.55641085
"CAACAGGTCAGAGGAC-1","R3_large_1",0.11679994
"CAACCGTACTGATCTT-1","R3_large_1",0.23407155
"CAACCGTTCCACTCAC-1","R3_large_1",0.35013247
"CAACGCTTGCTCCTAC-1","R3_large_1",0.36765343
"CAACGGCACTCAGTCC-1","R3_large_1",0.02332708
"CAACTGACAAGACAAG-1","R3_large_1",0.14911729
"CAACTGCTGGAGTTAT-1","R3_large_1",0.005967582
"CAACTTGGTACGATGT-1","R3_large_1",0.509737
"CAAGACCACTATCGAA-1","R3_large_1",0.05020582
"CAAGATTACCGATCAT-1","R3_large_1",0.25249258
"CAAGCCGCCATAGAGG-1","R3_large_1",0.42935085
"CAAGGCAAGCATCTCG-1","R3_large_1",0.0052580805
"CAAGGTCTCAATACAG-1","R3_large_1",0.052018084
"CAAGTACTCCGCATCG-1","R3_large_1",0.005777332
"CAAGTACTTCAATAGT-1","R3_large_1",0.23884219
"CAAGTAGCCTCGATCC-1","R3_large_1",0.24451645
"CAAGTCCATCGGCGGT-1","R3_large_1",0.64976066
"CAAGTCCGCTACCGTT-1","R3_large_1",0.39570147
"CAAGTCGTAGGACTCG-1","R3_large_1",0.35224137
"CAAGTCTTGGCGATAG-1","R3_large_1",0.7041625
"CAAGTGGATCATCCAG-1","R3_large_1",0.0094442135
"CAAGTGTTCGCCACGC-1","R3_large_1",0.030802637
"CAAGTGTTGACGGCCA-1","R3_large_1",0.0021436836
"CAATAACTACATTAAC-1","R3_large_1",0.27800545
"CAATAACTCAAGGCAA-1","R3_large_1",0.8064447
"CAATAACTCAGATGAG-1","R3_large_1",0.017081521
"CAATAAGGTAACTCGT-1","R3_large_1",0.008438501
"CAATAATCGTAGGATA-1","R3_large_1",0.48376524
"CAATCCGAGGTGCTAG-1","R3_large_1",0.78170294
"CAATCGTCGGAGCATG-1","R3_large_1",0.00699965
"CAATGCATTGACGGCA-1","R3_large_1",0.055434227
"CAATGCGGATGCTGGT-1","R3_large_1",0.32724616
"CAATGGCTGAGCGATT-1","R3_large_1",0.017620485
"CAATGTCCGTTGCGTG-1","R3_large_1",0.20016763
"CAATTGAACCGGCTCG-1","R3_large_1",0.8091998
"CACCATAAGCTGGCTG-1","R3_large_1",0.22061017
"CACCATTCTTACGAGC-1","R3_large_1",0.16837592
"CACCGAGTCTTGGACA-1","R3_large_1",0.017645473
"CACCTACCGCTACCTT-1","R3_large_1",0.11422633
"CACCTAGAATACTTCT-1","R3_large_1",0.03860566
"CACCTAGACGAGCCGG-1","R3_large_1",0.016117241
"CACCTCGAGCGATGCT-1","R3_large_1",0.6786707
"CACCTTGCGAGTTATG-1","R3_large_1",0.025302636
"CACGAGGTATAGGTAT-1","R3_large_1",0.025213206
"CACGATCATACAATTA-1","R3_large_1",0.012158468
"CACGATCTTCGCCGAC-1","R3_large_1",0.7464786
"CACGATGGTGCTAATA-1","R3_large_1",0.45034128
"CACGGATTCTCATCAC-1","R3_large_1",0.09675049
"CACGGCTGCGCTTGGC-1","R3_large_1",0.017271994
"CACGGCTTACTCCGTT-1","R3_large_1",0.15353633
"CACGGTCTTGGTTAAT-1","R3_large_1",0.015667466
"CACGTACACTCGCACC-1","R3_large_1",0.34304896
"CACGTCCACGACCTAT-1","R3_large_1",0.005489072
"CACGTCCATCTACTGA-1","R3_large_1",0.015893288
"CACGTTGCACATACCG-1","R3_large_1",0.1555906
"CACTACAATATTGCGG-1","R3_large_1",0.24593301
"CACTACCTTCGCTTCA-1","R3_large_1",0.8644611
"CACTACTGCGGAATTG-1","R3_large_1",0.5235321
"CACTCAAGACCATGCA-1","R3_large_1",0.6059033
"CACTCAATAAGCCGAA-1","R3_large_1",0.015046279
"CACTCATCACGTTACG-1","R3_large_1",0.44399709
"CACTCGTAGGCCACGG-1","R3_large_1",0.6092917
"CACTGGATCGATACGA-1","R3_large_1",0.030064203
"CACTGGCGGTAACACC-1","R3_large_1",0.44400203
"CACTGGTGAGTTATCG-1","R3_large_1",0.018487768
"CAGAACATGATAGGAC-1","R3_large_1",0.30433702
"CAGAACATGCCTAGTG-1","R3_large_1",0.14815855
"CAGAACGTATCGACTT-1","R3_large_1",0.014533033
"CAGAAGTCGCGGTTAT-1","R3_large_1",0.0026808647
"CAGAATTCTTGAACCA-1","R3_large_1",0.1816794
"CAGACACTTACAAGAC-1","R3_large_1",0.46808642
"CAGACGAATGAGGAAC-1","R3_large_1",0.012367128
"CAGACGCAGTAGGTCT-1","R3_large_1",0.037860017
"CAGAGCTTGTACTCGC-1","R3_large_1",0.06305149
"CAGAGGCACTTAAGTC-1","R3_large_1",0.18015401
"CAGATACAGCACTCGT-1","R3_large_1",0.5285255
"CAGATATGTCCTTAAG-1","R3_large_1",0.02867507
"CAGATTATCATAACGC-1","R3_large_1",0.040332936
"CAGATTCCGTATGCGA-1","R3_large_1",0.0076921056
"CAGATTGCCTGTAAGT-1","R3_large_1",0.4877572
"CAGCACGCTAATCAGA-1","R3_large_1",0.20166877
"CAGCCACGGCTCTACG-1","R3_large_1",0.7874199
"CAGCCAGTCCTGTCGG-1","R3_large_1",0.12932968
"CAGCCTCGTGGCTCAC-1","R3_large_1",0.09526817
"CAGCGATAATGCGATT-1","R3_large_1",0.079310164
"CAGCTGGATGCGGCTA-1","R3_large_1",0.03469353
"CAGCTTCACTACCGTG-1","R3_large_1",0.023820937
"CAGCTTCTCCGCTCTT-1","R3_large_1",0.0095652705
"CAGCTTGGTTCGGTCG-1","R3_large_1",0.023444371
"CAGGACAGAAGGCTGG-1","R3_large_1",0.64601696
"CAGGACATGGTAATGC-1","R3_large_1",0.5637873
"CAGGACCTACATAGTC-1","R3_large_1",0.18306285
"CAGGAGCGTATCGCAT-1","R3_large_1",0.803198
"CAGGCCAACGGTCGTA-1","R3_large_1",0.021066915
"CAGGCGAGGTCTTGGA-1","R3_large_1",0.05718441
"CAGGTACCACTCGCGG-1","R3_large_1",0.7161564
"CAGTAGATTGACGGAT-1","R3_large_1",0.03232059
"CAGTATCTTACACTAA-1","R3_large_1",0.5379828
"CAGTATGCGTGGCGCT-1","R3_large_1",0.8757067
"CAGTCAGCCGATCCGG-1","R3_large_1",0.018761465
"CAGTCTGGTAATCTAC-1","R3_large_1",0.0054899016
"CAGTCTGTGGCGCTGC-1","R3_large_1",0.0376171
"CAGTGAACAGCAACGA-1","R3_large_1",0.03756856
"CAGTGAAGATACATAA-1","R3_large_1",0.6542338
"CAGTGCCTTGCGGTCT-1","R3_large_1",0.4266887
"CAGTTGCACGGACAGG-1","R3_large_1",0.33992782
"CAGTTGCGACTTCTCG-1","R3_large_1",0.033159785
"CAGTTGCTCACGTGTC-1","R3_large_1",0.017029556
"CATAAGTCTTCGAGTT-1","R3_large_1",0.0073411316
"CATACAATGAGTAGCT-1","R3_large_1",0.008188588
"CATACCTCGATTGTTC-1","R3_large_1",0.013999653
"CATATTCTTGTCGTAA-1","R3_large_1",0.85066164
"CATCAGATACTAATCG-1","R3_large_1",0.06503229
"CATCCGAAGCGTATGG-1","R3_large_1",0.0168663
"CATCCGGTACCAACGA-1","R3_large_1",0.8114333
"CATCCGTGGTCGTAAG-1","R3_large_1",0.047946833
"CATCGCGGTCGGTGCG-1","R3_large_1",0.005649601
"CATCGGCCTGCATATC-1","R3_large_1",0.0330765
"CATGATACTCAGGATT-1","R3_large_1",0.17696415
"CATGATGCATGTGCTA-1","R3_large_1",0.016189648
"CATGCAGAAGTCAGGA-1","R3_large_1",0.012957826
"CATGCAGGTAGTTGTA-1","R3_large_1",0.013160207
"CATGCGCTACTGGAGG-1","R3_large_1",0.37647545
"CATGCTCATCTGAACG-1","R3_large_1",0.3884319
"CATGTTACCGAAGGCG-1","R3_large_1",0.011705135
"CATGTTATTGATGCAG-1","R3_large_1",0.49921933
"CATGTTGAGCCGGAAC-1","R3_large_1",0.80349225
"CATTAACTATTGTTCC-1","R3_large_1",0.80916065
"CATTAAGTAGCTTACC-1","R3_large_1",0.6600991
"CATTAGGCAATGGTTA-1","R3_large_1",0.035749253
"CATTCTGTGCATGCTC-1","R3_large_1",0.023088356
"CATTGCAGCGAAGACC-1","R3_large_1",0.58391273
"CATTGCGTGCCACCTT-1","R3_large_1",0.016354881
"CATTGGCGGTTGAGTC-1","R3_large_1",0.24081647
"CATTGTCGGTCGCTAG-1","R3_large_1",0.6888496
"CCAACAGGAACACGGT-1","R3_large_1",0.018839026
"CCAACTTGCCACCGTA-1","R3_large_1",0.021501614
"CCAACTTGCGTTAACC-1","R3_large_1",0.77717006
"CCAATACCAACACGCC-1","R3_large_1",0.588145
"CCAATCTAACGTGACG-1","R3_large_1",0.0348445
"CCAATTATGACACTGG-1","R3_large_1",0.016298665
"CCACAACCAGCAGGTG-1","R3_large_1",0.47268847
"CCACATGGCGACGTCT-1","R3_large_1",0.21843147
"CCACGATCCTAATCCG-1","R3_large_1",0.008328931
"CCACGTCGGTCGCTTC-1","R3_large_1",0.1413491
"CCACGTGCCACCTCAA-1","R3_large_1",0.4967713
"CCACGTGGACTGCGGT-1","R3_large_1",0.44760993
"CCACTAATCACCGGTA-1","R3_large_1",0.736981
"CCAGACAGAACCTAAG-1","R3_large_1",0.13868564
"CCAGACATCCGGTTCT-1","R3_large_1",0.100999445
"CCAGACATCGGCACGC-1","R3_large_1",0.28930238
"CCAGATAGACGAGGTG-1","R3_large_1",0.85628897
"CCAGATGATATGTAGG-1","R3_large_1",0.7290585
"CCAGATTGTAGCCTAC-1","R3_large_1",0.06617124
"CCAGCGGATTCCGCTG-1","R3_large_1",0.025254805
"CCAGGTTACGAGACTG-1","R3_large_1",0.5326361
"CCATAGGACCGCCAAC-1","R3_large_1",0.015783262
"CCATAGTATTGTCTGC-1","R3_large_1",0.121094316
"CCATCGGACAACCGTG-1","R3_large_1",0.20914829
"CCATGAGGCTATGCCA-1","R3_large_1",0.024563149
"CCATTCCGGTTCTTCC-1","R3_large_1",0.63207024
"CCATTCGTCTGCTCTA-1","R3_large_1",0.09750804
"CCGACAACGTCATCGG-1","R3_large_1",0.0061482685
"CCGACAAGGCACGGTT-1","R3_large_1",0.39021847
"CCGAGGATGACTCGTC-1","R3_large_1",0.97843844
"CCGAGTAATACACGAG-1","R3_large_1",0.7944605
"CCGATAATGGAGCCTT-1","R3_large_1",0.022786135
"CCGATGGAACATCAGC-1","R3_large_1",0.008210508
"CCGATGGATCCGGCAG-1","R3_large_1",0.008412706
"CCGATTCCATAAGAGT-1","R3_large_1",0.43826708
"CCGATTCCTCACTACA-1","R3_large_1",0.07659187
"CCGCAAGGAAGGAGGC-1","R3_large_1",0.49280235
"CCGCAAGGTACCGTTG-1","R3_large_1",0.035672422
"CCGCAAGTAGCGGACT-1","R3_large_1",0.45842502
"CCGCATAGTACAGGTT-1","R3_large_1",0.76506215
"CCGCATGTAGTTAGAC-1","R3_large_1",0.73967606
"CCGCCATACTTCACCA-1","R3_large_1",0.2260068
"CCGCGAGGTGCGATGG-1","R3_large_1",0.01936571
"CCGCGGCCACAATCGG-1","R3_large_1",0.007673052
"CCGCGTTACCTTGGCG-1","R3_large_1",0.40900537
"CCGCGTTGACGGAACG-1","R3_large_1",0.1551247
"CCGCTCAATCTGGAAC-1","R3_large_1",0.01229787
"CCGCTCGCTAGTCTAA-1","R3_large_1",0.080304734
"CCGCTCTGCTGAATTC-1","R3_large_1",0.16643898
"CCGCTCTGGATATCGG-1","R3_large_1",0.1692611
"CCGCTGTCACCTGCAA-1","R3_large_1",0.6303805
"CCGGAGAAGCTAACCA-1","R3_large_1",0.2721691
"CCGGAGACAAGAATAA-1","R3_large_1",0.65411884
"CCGGCAATGAAGTGAA-1","R3_large_1",0.49970078
"CCGGCATGAGCCGTCT-1","R3_large_1",0.27151164
"CCGGCGAACATCACGT-1","R3_large_1",0.52315366
"CCGGCGAATGTACAGG-1","R3_large_1",0.5184959
"CCGGCGCAGCATGCGA-1","R3_large_1",0.7214694
"CCGGCGTCCTCATTGT-1","R3_large_1",0.028370611
"CCGGTGAAGCGGAGTG-1","R3_large_1",0.34526956
"CCGTATAATCTGGCCG-1","R3_large_1",0.051296044
"CCGTCTTATGGACGAG-1","R3_large_1",0.06262665
"CCGTGAAGGATAACAG-1","R3_large_1",0.74988234
"CCGTGGCGTCGGTGCT-1","R3_large_1",0.34428656
"CCTAACTTATGTTGGA-1","R3_large_1",0.061234154
"CCTAAGCATGCCTTGT-1","R3_large_1",0.753216
"CCTAATCGCTCACCAT-1","R3_large_1",0.7048835
"CCTAATGGCACTGTTC-1","R3_large_1",0.25875026
"CCTACACCGACATTAC-1","R3_large_1",0.43028495
"CCTACCACTCCAGTTA-1","R3_large_1",0.014849783
"CCTACCATGTGATCAC-1","R3_large_1",0.019671697
"CCTACGAGCTGGCCGG-1","R3_large_1",0.6800893
"CCTAGCCTAGTACCGG-1","R3_large_1",0.55058837
"CCTAGTCAGTCCTTAT-1","R3_large_1",0.09238707
"CCTAGTGAATGTCTGC-1","R3_large_1",0.015571415
"CCTATGCCGTCGGCAC-1","R3_large_1",0.02428773
"CCTATGCCTTCTTGTT-1","R3_large_1",0.026752647
"CCTATGTCGAATAGAA-1","R3_large_1",0.67442995
"CCTATGTCTTACCGGC-1","R3_large_1",0.030631436
"CCTCACATGTACCTGG-1","R3_large_1",0.8354026
"CCTCACATGTCTTACT-1","R3_large_1",0.0067008683
"CCTCACCTAGTGGCAA-1","R3_large_1",0.00873446
"CCTCACTTCCTTCCGA-1","R3_large_1",0.26553738
"CCTCATGATTATCTGA-1","R3_large_1",0.077072054
"CCTCGATAGAATAGGA-1","R3_large_1",0.8240007
"CCTCGGAAGGCATGCA-1","R3_large_1",0.7175569
"CCTCGGTATGACAGTA-1","R3_large_1",0.111090556
"CCTCTACCACGTATCG-1","R3_large_1",0.020801857
"CCTCTACCGTGATTGG-1","R3_large_1",0.88906807
"CCTGAAGCGTATAGCA-1","R3_large_1",0.19848731
"CCTGAAGTGCATGCAT-1","R3_large_1",0.7716962
"CCTGCTCGCCGTCCAG-1","R3_large_1",0.026810667
"CCTGGATTGCGTAACA-1","R3_large_1",0.6042001
"CCTGGCAACGAACGTC-1","R3_large_1",0.72010446
"CCTGTCATCCGGTATG-1","R3_large_1",0.025545968
"CCTGTCCTCAGTTGTA-1","R3_large_1",0.23029816
"CCTGTCTGCATAGGTC-1","R3_large_1",0.0062546222
"CCTTAGATCTGTAATA-1","R3_large_1",0.5076349
"CCTTAGTCTGTCACTG-1","R3_large_1",0.02768291
"CCTTAGTGGATCCACG-1","R3_large_1",0.02842403
"CCTTATAGGTCTCAAC-1","R3_large_1",0.45753247
"CCTTCCAACCTTCAGA-1","R3_large_1",0.37621453
"CCTTGTCTACTTAGAC-1","R3_large_1",0.14674425
"CCTTGTGATGGTCTAG-1","R3_large_1",0.008519964
"CGAACCAGAAGTCTGG-1","R3_large_1",0.91973126
"CGAACTACAGATGTAA-1","R3_large_1",0.24617645
"CGAAGACCGCCAGGCG-1","R3_large_1",0.043763023
"CGAAGAGCAGATGATT-1","R3_large_1",0.011777273
"CGAATGGACCGTCTTG-1","R3_large_1",0.005504801
"CGAATTAAGTGGACTA-1","R3_large_1",0.008792643
"CGAATTACTGCTCCGG-1","R3_large_1",0.37643644
"CGACAATCATACGCAC-1","R3_large_1",0.06898585
"CGACAATTATTCTGTC-1","R3_large_1",0.51178056
"CGACATTGTATGGAGG-1","R3_large_1",0.080723606
"CGACCAGAACTGTCAT-1","R3_large_1",0.41657937
"CGACCAGAAGGATCCG-1","R3_large_1",0.7523775
"CGACCAGATTCAGTGA-1","R3_large_1",0.124815285
"CGACCAGCCTTGATTA-1","R3_large_1",0.022258827
"CGACCTATACTGACGT-1","R3_large_1",0.40176868
"CGACCTGCATCTGCAT-1","R3_large_1",0.44724455
"CGACCTTGGCGTTCTA-1","R3_large_1",0.021601725
"CGACGCAGCCTTAGTC-1","R3_large_1",0.0073353527
"CGACGCCAAGGTGCAA-1","R3_large_1",0.2070052
"CGACGCCGCAAGTAGC-1","R3_large_1",0.64696586
"CGACGCTCCGCACGTG-1","R3_large_1",0.64393324
"CGACTAGGAGATAAGC-1","R3_large_1",0.22750643
"CGACTAGGTCCTTAAC-1","R3_large_1",0.46965244
"CGACTGAACGAATGCT-1","R3_large_1",0.057891358
"CGACTTCACTCGGCAT-1","R3_large_1",0.21940471
"CGAGATGCCGCATCTT-1","R3_large_1",0.3597799
"CGAGCCTGCAAGGTTA-1","R3_large_1",0.45620522
"CGAGCGAGCCACGCTA-1","R3_large_1",0.2579015
"CGAGCGGCACAGTAGG-1","R3_large_1",0.048536398
"CGAGCGTAATGGAGTG-1","R3_large_1",0.6456543
"CGAGCGTGAAGTTAGC-1","R3_large_1",0.31151676
"CGAGCGTGCATTGTGG-1","R3_large_1",0.5935251
"CGAGCTATGTCCTCGC-1","R3_large_1",0.01773854
"CGAGCTTAGAATACCT-1","R3_large_1",0.121350735
"CGAGGAAGACTTAGAT-1","R3_large_1",0.007970652
"CGAGGCATCCAAGTCC-1","R3_large_1",0.31698886
"CGAGTCATCCGCACCA-1","R3_large_1",0.41739142
"CGAGTCCATGTCAACA-1","R3_large_1",0.044797003
"CGAGTCCGTTGGAACT-1","R3_large_1",0.032511972
"CGAGTGCGGCTCGTGG-1","R3_large_1",0.9344421
"CGATAACTCCTTATGC-1","R3_large_1",0.031188576
"CGATAAGGATAGGCAA-1","R3_large_1",0.19073203
"CGATGACCTCATCCTC-1","R3_large_1",0.38955802
"CGATGATCAGCTATAA-1","R3_large_1",0.04403531
"CGATTGGAACAGGCCA-1","R3_large_1",0.6417667
"CGCACGCAGGTAAGTC-1","R3_large_1",0.100730054
"CGCACGGCTGTCAGGT-1","R3_large_1",0.17939734
"CGCACGTAGCATTGTT-1","R3_large_1",0.7154038
"CGCACGTATGAAGGCC-1","R3_large_1",0.6239026
"CGCACGTGACTGTTGG-1","R3_large_1",0.021394415
"CGCACTAACTACCGGT-1","R3_large_1",0.029925114
"CGCACTGTGAGCCTGT-1","R3_large_1",0.2538366
"CGCACTTAAGGCATGC-1","R3_large_1",0.7281446
"CGCAGAGCAGTCCGAG-1","R3_large_1",0.6128742
"CGCAGATTCGACCGAA-1","R3_large_1",0.16412188
"CGCATCTTGACTTAGT-1","R3_large_1",0.1762655
"CGCATGAGGAGCGTCT-1","R3_large_1",0.07893244
"CGCATGGAATTCACGA-1","R3_large_1",0.3142603
"CGCCACAATAGCTCAA-1","R3_large_1",0.46217936
"CGCCATGAGGCGATGA-1","R3_large_1",0.23884615
"CGCCTCGAGCCACTCG-1","R3_large_1",0.007959269
"CGCCTCGATAATGCGG-1","R3_large_1",0.13190311
"CGCCTCGGAACTGTGC-1","R3_large_1",0.4593547
"CGCCTCGTAGTCGTGA-1","R3_large_1",0.7333024
"CGCCTCTACTCGGAAC-1","R3_large_1",0.020128936
"CGCCTTAAGGTACGCT-1","R3_large_1",0.021239547
"CGCCTTACGAGTAGCG-1","R3_large_1",0.048377603
"CGCCTTAGGATCGGCA-1","R3_large_1",0.028022433
"CGCCTTGTGAAGTCTA-1","R3_large_1",0.002841202
"CGCTAGACTTCATCAC-1","R3_large_1",0.036183327
"CGCTAGCCGCATGCAT-1","R3_large_1",0.00465394
"CGCTATAGTCTTCATC-1","R3_large_1",0.34979886
"CGCTATTAATCTATAA-1","R3_large_1",0.7963974
"CGCTATTATGATACGT-1","R3_large_1",0.114746906
"CGCTCGCAATTGGCGA-1","R3_large_1",0.3994005
"CGCTCGGCCGGTTGTC-1","R3_large_1",0.5789069
"CGCTCGGTACTGCGAA-1","R3_large_1",0.0042075105
"CGCTGCAATTAGGCGT-1","R3_large_1",0.512007
"CGCTGCTATGACAGAC-1","R3_large_1",0.47739464
"CGCTGTGACATAGGCA-1","R3_large_1",0.073968194
"CGCTTATGGTTAGGAT-1","R3_large_1",0.0064599453
"CGGAGCCGCAATAGCC-1","R3_large_1",0.66785574
"CGGAGCGGTAAGACGC-1","R3_large_1",0.23458849
"CGGAGGCTAGTCGGCA-1","R3_large_1",0.03608297
"CGGAGGTATCCTGCTA-1","R3_large_1",0.7488313
"CGGAGTAAGGTGCGGT-1","R3_large_1",0.7474433
"CGGAGTCTTACGTGAA-1","R3_large_1",0.010577337
"CGGAGTGGCGACTAAG-1","R3_large_1",0.010476112
"CGGAGTGGTCAAGTAT-1","R3_large_1",0.71925575
"CGGATTCCAGACGGTT-1","R3_large_1",0.07764067
"CGGATTGTGCAGGAGC-1","R3_large_1",0.06247397
"CGGCAAGATGCGTCGG-1","R3_large_1",0.060582608
"CGGCAATTAATTGGAC-1","R3_large_1",0.012779028
"CGGCACTCCGGTTCGC-1","R3_large_1",0.23457375
"CGGCCTAACGATAATG-1","R3_large_1",0.020686138
"CGGCCTGCGATCGATG-1","R3_large_1",0.66659015
"CGGCTCGTGGAGTACT-1","R3_large_1",0.0098683955
"CGGCTGACCGCTCGCA-1","R3_large_1",0.43318138
"CGGCTTACGTGCACGA-1","R3_large_1",0.42513648
"CGGCTTCCAATAGGAA-1","R3_large_1",0.6576169
"CGGCTTGTGCCGGCCT-1","R3_large_1",0.00923745
"CGGTAGAACGTGACTT-1","R3_large_1",0.25391087
"CGGTAGATTCCTATGC-1","R3_large_1",0.22288561
"CGGTCAACGGCGGATT-1","R3_large_1",0.030070078
"CGGTCAATTGGCCGAT-1","R3_large_1",0.66321516
"CGGTCATGGAGGACTC-1","R3_large_1",0.49422675
"CGGTCCATACTTGAGC-1","R3_large_1",0.48058414
"CGGTCCATTACAACTA-1","R3_large_1",0.4792451
"CGGTCTGCTTGAATGA-1","R3_large_1",0.017263243
"CGGTCTTGCTATTCTA-1","R3_large_1",0.4560338
"CGGTGAACTCACATTG-1","R3_large_1",0.16530707
"CGTAACATTCGCGATA-1","R3_large_1",0.11613469
"CGTAACATTGGCTGAG-1","R3_large_1",0.007503544
"CGTAACCTGACATCGA-1","R3_large_1",0.019047933
"CGTAAGCCGACCGCTT-1","R3_large_1",0.012228008
"CGTACAGACGAGGACC-1","R3_large_1",0.20435227
"CGTACAGTAAGTAATG-1","R3_large_1",0.09148094
"CGTACATCACTGGATG-1","R3_large_1",0.26419955
"CGTAGCCAAGTCCGTC-1","R3_large_1",0.03506247
"CGTAGCCTTGAGCAAG-1","R3_large_1",0.4786352
"CGTAGTGACTCAAGGA-1","R3_large_1",0.026228828
"CGTCAAGGCGGAATGT-1","R3_large_1",0.78627306
"CGTCCAATCTGCGTCC-1","R3_large_1",0.6136612
"CGTCCATCGGTACCTA-1","R3_large_1",0.017974986
"CGTCCATGTAGCGTCT-1","R3_large_1",0.19116835
"CGTCGGCGGTAGATCA-1","R3_large_1",0.5162392
"CGTCTTGCAACTTCTG-1","R3_large_1",0.014212101
"CGTGAGCAATGGACAT-1","R3_large_1",0.69192195
"CGTGAGCTGTTATCGT-1","R3_large_1",0.38806525
"CGTGAGGAACATAGGT-1","R3_large_1",0.03749524
"CGTGCGGATTCATGTA-1","R3_large_1",0.012334585
"CGTGGCTCCTTGTCTT-1","R3_large_1",0.18187435
"CGTGTACGATGATTGT-1","R3_large_1",0.2020485
"CGTGTTAACCTGAAGC-1","R3_large_1",0.013084022
"CGTGTTACCATATGTA-1","R3_large_1",0.11805529
"CGTGTTAGATGGTATC-1","R3_large_1",0.13239646
"CGTGTTGGACGTCTGG-1","R3_large_1",0.7631682
"CGTTACAGTGCACTCA-1","R3_large_1",0.03946306
"CGTTGGTCGTCACTGT-1","R3_large_1",0.3972023
"CGTTGGTGGCGTCTGC-1","R3_large_1",0.689264
"CGTTGTGAGCAAGTGG-1","R3_large_1",0.03245637
"CTAACAGTATACCGGC-1","R3_large_1",0.020796789
"CTAACGTGAATGATGT-1","R3_large_1",0.47873566
"CTAACGTTAGGCAATG-1","R3_large_1",0.6115193
"CTAAGACCTTGGTTAA-1","R3_large_1",0.3158646
"CTAAGCCTAGGCTCAT-1","R3_large_1",0.030315628
"CTAAGCTCCACGATCA-1","R3_large_1",0.025855344
"CTAAGCTTACAGTACG-1","R3_large_1",0.056496862
"CTAATGACATCATTCT-1","R3_large_1",0.618584
"CTAATGAGCGAGGCTA-1","R3_large_1",0.9027153
"CTACAGAATTAATGAC-1","R3_large_1",0.4303899
"CTACAGATCGGTCGCC-1","R3_large_1",0.34362963
"CTACAGATGGTCATAC-1","R3_large_1",0.090026125
"CTACAGCGTCTACACT-1","R3_large_1",0.15226983
"CTACAGGTAGAATTCC-1","R3_large_1",0.70641214
"CTACATCTACTGGCTT-1","R3_large_1",0.9370518
"CTACATGGTGACCGAA-1","R3_large_1",0.03824639
"CTACCAGGAGACATCT-1","R3_large_1",0.77692497
"CTACCTTATCAACTGA-1","R3_large_1",0.0064162198
"CTACGAATCAGCCTGG-1","R3_large_1",0.18036814
"CTACGAATTGGCTGGT-1","R3_large_1",0.01423124
"CTACGAGCCGGACGGT-1","R3_large_1",0.48945788
"CTACGAGCCTGGAGAC-1","R3_large_1",0.019520866
"CTACGCTACATCTGTT-1","R3_large_1",0.01518807
"CTACGCTTAGAAGTGC-1","R3_large_1",0.59659207
"CTACTGCTCCGACAGT-1","R3_large_1",0.025038006
"CTAGACGATTGAGCTA-1","R3_large_1",0.044098888
"CTAGCAACCAGTGCGG-1","R3_large_1",0.6985339
"CTAGCACGATCACTGT-1","R3_large_1",0.3186708
"CTAGCACGCCAAGCTT-1","R3_large_1",0.69746375
"CTAGCATCGACTTGTT-1","R3_large_1",0.007339697
"CTAGCCGAAGATGGAC-1","R3_large_1",0.057312354
"CTAGCGCCTAGCTTAA-1","R3_large_1",0.056209125
"CTAGGACGCAAGCATT-1","R3_large_1",0.070805326
"CTAGGCCAGGAGTACG-1","R3_large_1",0.768646
"CTAGTCAGGCGACAGT-1","R3_large_1",0.52496564
"CTAGTTGTGCGTCACT-1","R3_large_1",0.1214051
"CTATAACCAGCAGTAT-1","R3_large_1",0.6074513
"CTATAACTACGCCTGG-1","R3_large_1",0.021410985
"CTATAGATCCACAAGC-1","R3_large_1",0.06618089
"CTATCCATTAGCTCGA-1","R3_large_1",0.0846701
"CTATCCATTGAGCCAC-1","R3_large_1",0.1272941
"CTATCCGCTGCAATTG-1","R3_large_1",0.15284972
"CTATCGAGATGCCTAC-1","R3_large_1",0.01488138
"CTATCGGATATCGGAG-1","R3_large_1",0.7634992
"CTATCGTTACAACCTT-1","R3_large_1",0.45109007
"CTATCGTTCCGCTCGT-1","R3_large_1",0.47618565
"CTATGCCATGCGGACA-1","R3_large_1",0.48095536
"CTATGCCGTACAGCGT-1","R3_large_1",0.00232473
"CTATGTAGGCCGAACG-1","R3_large_1",0.016887415
"CTATGTCACTTGAACC-1","R3_large_1",0.03212122
"CTATGTGCGGTTGACT-1","R3_large_1",0.5907775
"CTATTAAGCCAGCACT-1","R3_large_1",0.6190736
"CTATTAGACTAAGTGG-1","R3_large_1",0.038051404
"CTATTAGCGGCTTCGT-1","R3_large_1",0.03352274
"CTATTATGAGATACGA-1","R3_large_1",0.12482696
"CTATTCCGGCCGTCGG-1","R3_large_1",0.055566348
"CTATTCGTCTTACATA-1","R3_large_1",0.0059520383
"CTATTCTGCAACGCAC-1","R3_large_1",0.33232316
"CTATTCTGTAGGACCT-1","R3_large_1",0.033506148
"CTCAAGATACAACGGA-1","R3_large_1",0.7004894
"CTCAATACGTTAACCG-1","R3_large_1",0.96966076
"CTCAATTGGCGATTCC-1","R3_large_1",0.49269527
"CTCACCAGTGTAAGTT-1","R3_large_1",0.16507854
"CTCACCGCTCTAATCA-1","R3_large_1",0.5811711
"CTCACCTGAGACTAAG-1","R3_large_1",0.5287792
"CTCACCTGCCGACTAA-1","R3_large_1",0.0071989256
"CTCACCTTAATAAGAT-1","R3_large_1",0.7753687
"CTCACCTTATCTCCTT-1","R3_large_1",0.44744092
"CTCACCTTCGGCGTCT-1","R3_large_1",0.009603901
"CTCACCTTCTGAAGTA-1","R3_large_1",0.20000483
"CTCACCTTGGAAGAAC-1","R3_large_1",0.5458154
"CTCACGATCTCCGGAG-1","R3_large_1",0.20735443
"CTCACGTATTCAAGCG-1","R3_large_1",0.29266906
"CTCACGTTCGGTCTGC-1","R3_large_1",0.08554881
"CTCAGGATACGCGGCA-1","R3_large_1",0.79934
"CTCAGGCACGTCAGAC-1","R3_large_1",0.48156515
"CTCAGGTCGTGCTCGC-1","R3_large_1",0.035323117
"CTCATAATAGCACCGT-1","R3_large_1",0.2771181
"CTCATAGCCAATGTCG-1","R3_large_1",0.012672371
"CTCATCTATTCGATAC-1","R3_large_1",0.00888015
"CTCCAACCTTAGCCGG-1","R3_large_1",0.4583614
"CTCCACGCTAGCTAGA-1","R3_large_1",0.41117027
"CTCCAGAATATTACAT-1","R3_large_1",0.059513126
"CTCCGGATCCTCGCTC-1","R3_large_1",0.593184
"CTCCGGCCTACAGCTT-1","R3_large_1",0.0033215077
"CTCCGGTTATGGCACG-1","R3_large_1",0.29574987
"CTCCTACATTGTATCT-1","R3_large_1",0.9355597
"CTCCTACCTCGTGGTA-1","R3_large_1",0.19044684
"CTCCTACTTGAGTAAG-1","R3_large_1",0.7046673
"CTCCTGTCGAAGCCAA-1","R3_large_1",0.059912495
"CTCCTTATCTTAAGAC-1","R3_large_1",0.97433466
"CTCGACAGCACTCGGA-1","R3_large_1",0.88454556
"CTCGACTCCTAATGGA-1","R3_large_1",0.68795776
"CTCGATGCCGTGCGTC-1","R3_large_1",0.010256182
"CTCGATGCGGTGTTAA-1","R3_large_1",0.099382125
"CTCGATGTTGAACGGC-1","R3_large_1",0.029393446
"CTCGATGTTGCTATGT-1","R3_large_1",0.043983288
"CTCGCTAGCACCATCT-1","R3_large_1",0.8528664
"CTCGCTGTTCATAGAT-1","R3_large_1",0.38102588
"CTCGGAATTCTTGATA-1","R3_large_1",0.0051582935
"CTCGGACTAACGTGGC-1","R3_large_1",0.49128887
"CTCGGAGTCTTAAGGA-1","R3_large_1",0.3769539
"CTCGGATCGGAATACG-1","R3_large_1",0.047788475
"CTCGGTCTCCAACTGC-1","R3_large_1",0.12003336
"CTCGTCGCGATTAATT-1","R3_large_1",0.47448277
"CTCGTTCTGTCACGTT-1","R3_large_1",0.021837115
"CTGAAGCGTGGTGAAG-1","R3_large_1",0.72885424
"CTGAAGGAGCCTCACT-1","R3_large_1",0.15626074
"CTGAAGGATCTGTACG-1","R3_large_1",0.20006125
"CTGAAGGTGCTCGAGG-1","R3_large_1",0.031810205
"CTGAAGTTGCAGACAT-1","R3_large_1",0.4247325
"CTGAATTCGCGTAAGG-1","R3_large_1",0.23358046
"CTGACGTATCCGCCAC-1","R3_large_1",0.017298702
"CTGACTCGAATTCGTG-1","R3_large_1",0.37280262
"CTGACTGATTAGGCTG-1","R3_large_1",0.62214655
"CTGACTGGTATGATAA-1","R3_large_1",0.666897
"CTGACTGGTCTACCTT-1","R3_large_1",0.5555343
"CTGAGGTTCAGGCCAA-1","R3_large_1",0.009782805
"CTGATTAACGCAAGAA-1","R3_large_1",0.69162756
"CTGATTACAATGTCCA-1","R3_large_1",0.3686324
"CTGCCACGTGTTAATA-1","R3_large_1",0.021508895
"CTGCCGATTGCGATGT-1","R3_large_1",0.20208834
"CTGCCGTGAAGTCGCA-1","R3_large_1",0.31718957
"CTGCCTCCAACACCAG-1","R3_large_1",0.016310032
"CTGCCTGACACGGATT-1","R3_large_1",0.70413524
"CTGCGGAAGCAGGCAC-1","R3_large_1",0.012264551
"CTGCGGCATGTAAGTA-1","R3_large_1",0.75217706
"CTGGAACAATAGACAG-1","R3_large_1",0.19312435
"CTGGAATGGATAGTTC-1","R3_large_1",0.5614339
"CTGGCCTTACCACTTA-1","R3_large_1",0.43748245
"CTGGCCTTGCATTCGG-1","R3_large_1",0.51255953
"CTGGCGCACTTACTGA-1","R3_large_1",0.39739266
"CTGGCGCATATCCGTG-1","R3_large_1",0.13866904
"CTGGCGGACAACGCAC-1","R3_large_1",0.3327814
"CTGGCTGGACGCTTGG-1","R3_large_1",0.13022307
"CTGGTGATCCTGAAGG-1","R3_large_1",0.80795276
"CTGGTGCACGATCAAG-1","R3_large_1",0.7995938
"CTGGTGCGTTCACGAG-1","R3_large_1",0.7620704
"CTGGTGCTACAGTATT-1","R3_large_1",0.0058969664
"CTGGTGCTTATGACCA-1","R3_large_1",0.015696557
"CTGGTGGCCAATAAGT-1","R3_large_1",0.06644855
"CTGGTGGCTTAGACTC-1","R3_large_1",0.5251074
"CTGGTTGCGTTAATTG-1","R3_large_1",0.023141844
"CTGTATGGCTCAACAT-1","R3_large_1",0.010745676
"CTGTCACTCGGCCTTA-1","R3_large_1",0.007613117
"CTGTCTATCCACATCT-1","R3_large_1",0.3242427
"CTGTGGCTTGTCAGCT-1","R3_large_1",0.5253768
"CTGTGGTAAGCTAATA-1","R3_large_1",0.34296745
"CTGTTCCAGAAGCTGA-1","R3_large_1",0.30987185
"CTTACGCAACTCAACG-1","R3_large_1",0.75013345
"CTTACGCCATGCACAG-1","R3_large_1",0.489898
"CTTACGGTAAGCCGAA-1","R3_large_1",0.9973633
"CTTAGCAAGGACAGCC-1","R3_large_1",0.48846456
"CTTAGCACGACAGAAC-1","R3_large_1",0.4338033
"CTTAGCTACGCAAGGT-1","R3_large_1",0.047796067
"CTTAGCTATCCTTGCG-1","R3_large_1",0.48510453
"CTTAGCTTAGTTCTCG-1","R3_large_1",0.084199674
"CTTAGCTTCGCTGACC-1","R3_large_1",0.14256251
"CTTAGTAAGCGTGGCA-1","R3_large_1",0.13787301
"CTTAGTAATGCAACGA-1","R3_large_1",0.0086476
"CTTAGTCTATCGAGAC-1","R3_large_1",0.83462447
"CTTAGTCTCGACAACT-1","R3_large_1",0.5280711
"CTTAGTCTGTGCATCC-1","R3_large_1",0.69514436
"CTTAGTCTTATTCGGA-1","R3_large_1",0.075572565
"CTTAGTGCGACCTATT-1","R3_large_1",0.827868
"CTTAGTGGCTAAGACG-1","R3_large_1",0.029762315
"CTTAGTGGTACACGAC-1","R3_large_1",0.3934805
"CTTAGTTGCTCGTTGT-1","R3_large_1",0.048610743
"CTTATTCACTAGCTGG-1","R3_large_1",0.14262637
"CTTCATGCCTAGACGG-1","R3_large_1",0.11431287
"CTTCATTGGATACCAC-1","R3_large_1",0.06844528
"CTTCCAATTGAAGATT-1","R3_large_1",0.23145051
"CTTCCACGTCACGCCA-1","R3_large_1",0.01916834
"CTTCGACCAAGCCGAG-1","R3_large_1",0.027974755
"CTTCGATAACATTGGT-1","R3_large_1",0.06442487
"CTTCGATACTCCGACC-1","R3_large_1",0.00402524
"CTTCGATATGTAGGAG-1","R3_large_1",0.8832544
"CTTCGCCGCAACATTA-1","R3_large_1",0.61292773
"CTTCGGCTCACTACCT-1","R3_large_1",0.5705963
"CTTCGTATTAATACGG-1","R3_large_1",0.67049855
"CTTCTGAGCCAGGAAC-1","R3_large_1",0.013635442
"CTTCTGTACGGACATC-1","R3_large_1",0.6881346
"CTTGAACTTAGAGGAA-1","R3_large_1",0.17007193
"CTTGAGCCTTGTTCCA-1","R3_large_1",0.17270306
"CTTGAGTCTAAGATCA-1","R3_large_1",0.026518997
"CTTGATGCAATCACAA-1","R3_large_1",0.03537029
"CTTGCCGGAAGACGCA-1","R3_large_1",0.69337344
"CTTGCGTAACAGCAGT-1","R3_large_1",0.08111052
"CTTGGACATTACAGGA-1","R3_large_1",0.0074982215
"CTTGGTCGGAAGTAGC-1","R3_large_1",0.76436937
"CTTGTATCGTATGATT-1","R3_large_1",0.2243638
"CTTGTCAAGGCGTCAA-1","R3_large_1",0.5612795
"GAACAAGGTCGAGCAA-1","R3_large_1",0.4523988
"GAACAGATAACCTTAA-1","R3_large_1",0.034042124
"GAACATTCGACACGTA-1","R3_large_1",0.50185776
"GAACGCCAGTGCATAC-1","R3_large_1",0.37059477
"GAACGCTAGAAGGCTA-1","R3_large_1",0.13806032
"GAACGCTTAGAACGTC-1","R3_large_1",0.008877507
"GAACTACAAGTAGGAG-1","R3_large_1",0.23614721
"GAACTACCTTATCATA-1","R3_large_1",0.010573712
"GAACTCCTGGAGGCTC-1","R3_large_1",0.4592166
"GAACTGTAACTCAGGC-1","R3_large_1",0.1325222
"GAACTTGGTGAGGATA-1","R3_large_1",0.06052503
"GAAGCGAACTGACATT-1","R3_large_1",0.02760257
"GAAGCTGTTCTACATC-1","R3_large_1",0.2601342
"GAAGCTTGACGCTTAA-1","R3_large_1",0.7641188
"GAATAAGGAGAACTAA-1","R3_large_1",0.57648563
"GAATACAGACGAACTG-1","R3_large_1",0.01140763
"GAATACCTGCCACGGC-1","R3_large_1",0.8517598
"GAATACTAAGGCGAAT-1","R3_large_1",0.19411626
"GAATCACCAGTGATAC-1","R3_large_1",0.011986154
"GAATCATAGTCTGAAG-1","R3_large_1",0.10623594
"GAATGAGTATAGACCA-1","R3_large_1",0.11026078
"GAATGGCCAAGGAGGC-1","R3_large_1",0.016900288
"GAATGTATTGGATCAA-1","R3_large_1",0.05081565
"GAATGTGCCTAGCAGA-1","R3_large_1",0.66476345
"GACAACATCATGCCGC-1","R3_large_1",0.025408592
"GACAACCTAGGAGTCT-1","R3_large_1",0.44580612
"GACAACGGACTCAGCT-1","R3_large_1",0.53405327
"GACAACGGCGATGTTA-1","R3_large_1",0.027731758
"GACAACTTGATTGTGA-1","R3_large_1",0.50430876
"GACAAGCTGAATCTGG-1","R3_large_1",0.015692301
"GACAATCTATTAGATT-1","R3_large_1",0.03464002
"GACAATGACAAGCTTA-1","R3_large_1",0.020978618
"GACAATTGTATGCTTC-1","R3_large_1",0.5148188
"GACAGAGGTCGCTTCG-1","R3_large_1",0.012906231
"GACAGTCACTTCGCTC-1","R3_large_1",0.0024826827
"GACATCTGCGGTCTTG-1","R3_large_1",0.013268911
"GACATTATCTTAATCT-1","R3_large_1",0.6332743
"GACCAATTGCGTCAGA-1","R3_large_1",0.657955
"GACCACATTCTTGAAT-1","R3_large_1",0.5747429
"GACCACTCCTGACGTT-1","R3_large_1",0.24507435
"GACCACTTACGGACAT-1","R3_large_1",0.49449554
"GACCACTTAGACAGGT-1","R3_large_1",0.4637533
"GACCGACAATAGGAAT-1","R3_large_1",0.045882154
"GACCGAGGCAACGTTC-1","R3_large_1",0.34806886
"GACCGGCCATGTACCG-1","R3_large_1",0.035544097
"GACCGTATTAGACCGG-1","R3_large_1",0.5341187
"GACCTGCTGTACGAAG-1","R3_large_1",0.0036323331
"GACCTGCTGTCGTGTA-1","R3_large_1",0.0110401325
"GACGAGAAGTTACAGA-1","R3_large_1",0.0046983035
"GACGAGCTGCACTCGT-1","R3_large_1",0.25584128
"GACGCAGCGTCAAGTT-1","R3_large_1",0.18384299
"GACGCCTCGTCAGAGG-1","R3_large_1",0.014826107
"GACGCTCAACTGAGTG-1","R3_large_1",0.32185894
"GACGGCTTAGGTGCGA-1","R3_large_1",0.4256523
"GACGGTACCTGGCCGT-1","R3_large_1",0.09326822
"GACGTACTGCGTGCGG-1","R3_large_1",0.01975583
"GACGTGGTGCTCCAGA-1","R3_large_1",0.67573714
"GACTACGAGTTCCATT-1","R3_large_1",0.9198789
"GACTAGATTAGCTAAC-1","R3_large_1",0.023897197
"GACTGAGGTGATTAAC-1","R3_large_1",0.5909285
"GACTGCCATAGAATAC-1","R3_large_1",0.00556421
"GACTGCGGTCTGCGTG-1","R3_large_1",0.8662636
"GACTTCATACCGCTGT-1","R3_large_1",0.16639186
"GACTTGAACGTCCGTA-1","R3_large_1",0.008173339
"GAGCCAAGTTACTACA-1","R3_large_1",0.028902989
"GAGCCAGCTTACGGTA-1","R3_large_1",0.08853715
"GAGCGAATCGGTAGAA-1","R3_large_1",0.050275438
"GAGCTAACCTACTTAC-1","R3_large_1",0.39217487
"GAGCTACAAGATCAAG-1","R3_large_1",0.17984532
"GAGCTACAGCTCGGTA-1","R3_large_1",0.0036236392
"GAGCTATCCATCACGC-1","R3_large_1",0.86106634
"GAGGAAGGACAATGAA-1","R3_large_1",0.011085669
"GAGGAAGGCAACGGCG-1","R3_large_1",0.13118927
"GAGGACAGATCGCCTA-1","R3_large_1",0.015864048
"GAGGACGAGTCCTAGT-1","R3_large_1",0.6161353
"GAGGATCCAGAACTGG-1","R3_large_1",0.89745986
"GAGGATCGGTAGCATC-1","R3_large_1",0.4117488
"GAGGATGATAGGAAGG-1","R3_large_1",0.7932708
"GAGGCCACAAGGTGCA-1","R3_large_1",0.013994013
"GAGGCCAGCAGAGGTT-1","R3_large_1",0.1805464
"GAGGCGCTCCATTCCT-1","R3_large_1",0.034637943
"GAGGTAACATTCGATC-1","R3_large_1",0.8277773
"GAGGTAACTAGACAGT-1","R3_large_1",0.34359154
"GAGGTAACTGCGAGAC-1","R3_large_1",0.24258105
"GAGGTACAACCTTCCG-1","R3_large_1",0.0643244
"GAGGTATTAATAGCGG-1","R3_large_1",0.96299934
"GAGGTCACTGTAAGCT-1","R3_large_1",0.008247976
"GAGGTGAGATCATTGG-1","R3_large_1",0.017880773
"GAGGTGCATTCGGATC-1","R3_large_1",0.93928164
"GAGGTGCGGCTGACCA-1","R3_large_1",0.079367585
"GAGGTGTAGCAACTCA-1","R3_large_1",0.1325182
"GAGTAGACGCAGGCTC-1","R3_large_1",0.2256721
"GAGTAGATTATGGTTC-1","R3_large_1",0.05762
"GAGTAGGATGGTAGTC-1","R3_large_1",0.079999246
"GAGTCCACGCCTGAAG-1","R3_large_1",0.022032805
"GAGTCCTACCTCTGCA-1","R3_large_1",0.95137733
"GAGTCCTCTAGCGACA-1","R3_large_1",0.020098059
"GAGTCTCGAGATAGTC-1","R3_large_1",0.4171119
"GAGTCTGACTATAGAA-1","R3_large_1",0.3606183
"GAGTCTGGTGAATGAG-1","R3_large_1",0.9703814
"GAGTGCAGCGTCATCG-1","R3_large_1",0.052606665
"GAGTGCCGCATTAGGC-1","R3_large_1",0.9185968
"GAGTGCGGATACAGTC-1","R3_large_1",0.7118558
"GAGTGGAGCAAGCGCA-1","R3_large_1",0.0653049
"GAGTTACTCAATGGAA-1","R3_large_1",0.083718464
"GAGTTGGTATTAATAG-1","R3_large_1",0.124368966
"GATAAGCACGTGCGTA-1","R3_large_1",0.059602905
"GATAAGTTGGCGATTA-1","R3_large_1",0.70975494
"GATAATCAGCTATTGT-1","R3_large_1",0.47477084
"GATACCTCGCGACTGC-1","R3_large_1",0.56224865
"GATACGACTGAACAGA-1","R3_large_1",0.009442049
"GATAGAGTCTGAATCG-1","R3_large_1",0.021113858
"GATAGATGTTGAAGAT-1","R3_large_1",0.09437283
"GATAGCTAATGGATAG-1","R3_large_1",0.7025051
"GATATCTTGTGACACG-1","R3_large_1",0.083568
"GATCCGGACATACACC-1","R3_large_1",0.0945073
"GATCGTAACATTAATA-1","R3_large_1",0.5710659
"GATCGTAAGAGTCGCA-1","R3_large_1",0.36195537
"GATCGTCATGCGGAGG-1","R3_large_1",0.015464642
"GATCGTTGTATCTACT-1","R3_large_1",0.0139019005
"GATCTATGAAGATGCG-1","R3_large_1",0.71019465
"GATGAGTGAACGGCTG-1","R3_large_1",0.3894622
"GATGCCAGACATAATG-1","R3_large_1",0.037036274
"GATGCCGACAGATATT-1","R3_large_1",0.06472345
"GATGCCTAGAGTCTGT-1","R3_large_1",0.97995615
"GATGCGGTCCAGCTTA-1","R3_large_1",0.053204812
"GATGGACCTGGACGGA-1","R3_large_1",0.7863025
"GATGTAGCGAGGTCCA-1","R3_large_1",0.033947084
"GATGTAGGAGTTGGCC-1","R3_large_1",0.6119447
"GATTATGTGACATGAT-1","R3_large_1",0.36804038
"GATTCCGCTATCGGCT-1","R3_large_1",0.2997189
"GATTCCGCTGCAAGAT-1","R3_large_1",0.9562097
"GATTCCGTCTAACGTT-1","R3_large_1",0.024004621
"GATTCCGTGCGTATAC-1","R3_large_1",0.1088345
"GATTCCTGCAGATCGT-1","R3_large_1",0.023050012
"GATTCCTGTTCGCACC-1","R3_large_1",0.016705636
"GATTCGCCATGTATCA-1","R3_large_1",0.035711918
"GATTGACTCCATGCGA-1","R3_large_1",0.43155232
"GATTGTCGCAACGAGG-1","R3_large_1",0.030651234
"GCAACAGGCCATTGAC-1","R3_large_1",0.043885898
"GCAACATGGTTCTTCA-1","R3_large_1",0.88822955
"GCAAGAATGTTCCACC-1","R3_large_1",0.27588862
"GCAAGATAGGTTAACT-1","R3_large_1",0.8411394
"GCAAGCACTACCGCCA-1","R3_large_1",0.22018822
"GCAATACATGAGGACA-1","R3_large_1",0.4185236
"GCAATCCTCGAGCGTT-1","R3_large_1",0.012626573
"GCAATCGTGACTCCAA-1","R3_large_1",0.8201036
"GCAATTAATCAACGTA-1","R3_large_1",0.14976025
"GCACAGTCTTGATAGA-1","R3_large_1",0.6283659
"GCACCGAAGATGTCTA-1","R3_large_1",0.3557659
"GCACCTAGCCGAATCT-1","R3_large_1",0.347989
"GCACCTTACTGGCTAC-1","R3_large_1",0.0101346485
"GCACCTTAGCCTCGCA-1","R3_large_1",0.07159763
"GCACGACTGGTGCGTA-1","R3_large_1",0.13155659
"GCACGAGCTATTGTCG-1","R3_large_1",0.8472708
"GCACGCAACCATACCA-1","R3_large_1",0.06144527
"GCACGCATAGATTGCT-1","R3_large_1",0.5146923
"GCACGCATAGGCGATC-1","R3_large_1",0.026401887
"GCACGGAAGGATAGTA-1","R3_large_1",0.44294623
"GCACTACACTATTGCG-1","R3_large_1",0.17672741
"GCACTCCGACTGGCGT-1","R3_large_1",0.8031029
"GCACTCTGTTGCCATA-1","R3_large_1",0.021895632
"GCACTCTTGCTACCGA-1","R3_large_1",0.020954087
"GCACTGCCTCGATGCG-1","R3_large_1",0.25434965
"GCACTGGACGCAGCAC-1","R3_large_1",0.024330823
"GCACTGTTGCGGCCTT-1","R3_large_1",0.1484053
"GCAGACGCCTGGTTAT-1","R3_large_1",0.05244445
"GCAGATACGTTGAACG-1","R3_large_1",0.019640615
"GCAGCGATCTAACGAA-1","R3_large_1",0.032037683
"GCAGGCAGTGATCTAC-1","R3_large_1",0.02348836
"GCAGGCCATTCCTGCC-1","R3_large_1",0.028406786
"GCAGGCTACCGTCCTT-1","R3_large_1",0.13769622
"GCAGGCTGGTTCCAAG-1","R3_large_1",0.090131536
"GCAGGTCACTACCTCA-1","R3_large_1",0.029297017
"GCAGGTGCTGATGCTT-1","R3_large_1",0.5013645
"GCAGTAGATGTCCAAT-1","R3_large_1",0.4938363
"GCAGTTCGGCATTAGC-1","R3_large_1",0.38872954
"GCAGTTGACAATAGAA-1","R3_large_1",0.17797977
"GCATAACCGAGGTGAT-1","R3_large_1",0.62158906
"GCATGACGGATTATCA-1","R3_large_1",0.017295558
"GCATGCTGAGACAGGT-1","R3_large_1",0.38344365
"GCATTACCTGTCAAGA-1","R3_large_1",0.15963604
"GCATTGCTGTTCCATC-1","R3_large_1",0.73765045
"GCATTGGTTACCAAGC-1","R3_large_1",0.4336247
"GCCACGAAGGAATTCC-1","R3_large_1",0.30450177
"GCCACGACCGTTAAGT-1","R3_large_1",0.05521098
"GCCACGCCTTAGTACG-1","R3_large_1",0.0129329655
"GCCACTCCGTCACCTC-1","R3_large_1",0.4821014
"GCCAGACAGACGCCTA-1","R3_large_1",0.6761415
"GCCAGACATCTATCAC-1","R3_large_1",0.05671637
"GCCAGTAGACGATACC-1","R3_large_1",0.78069377
"GCCAGTTCCTCGTGCC-1","R3_large_1",0.0089032445
"GCCATTCTCGTGTAGA-1","R3_large_1",0.5074385
"GCCATTGCATGTTAAC-1","R3_large_1",0.0019483201
"GCCATTGTAACTGATC-1","R3_large_1",0.022981739
"GCCATTGTAATGTCTT-1","R3_large_1",0.43646023
"GCCGAGTCCTCGTCCA-1","R3_large_1",0.027795205
"GCCGATCGAGTGAAGT-1","R3_large_1",0.039174747
"GCCGATCTCGTGACTC-1","R3_large_1",0.78105325
"GCCGCTGATTGGCCAG-1","R3_large_1",0.68010575
"GCCGCTTCTAAGGTGA-1","R3_large_1",0.7486762
"GCCGGCGAACCATTGT-1","R3_large_1",0.031408615
"GCCGGTATGCTCATGC-1","R3_large_1",0.025246866
"GCCGTACCAGATCTAG-1","R3_large_1",0.79086024
"GCCGTATGCCAGTCTT-1","R3_large_1",0.05813643
"GCCTATAGCATACCTT-1","R3_large_1",0.04529251
"GCCTCCGTCTACCTCG-1","R3_large_1",0.045925487
"GCCTCCGTGCTGTAAT-1","R3_large_1",0.10772316
"GCCTGGAGCAAGTTAG-1","R3_large_1",0.5953253
"GCCTGGATCTGTGCTG-1","R3_large_1",0.12628505
"GCCTGTGAAGTCGGCG-1","R3_large_1",0.7534847
"GCCTTAATTGACGGAT-1","R3_large_1",0.7502928
"GCCTTCGATCAGGTCG-1","R3_large_1",0.028267447
"GCCTTCGCTTATGTTC-1","R3_large_1",0.1562099
"GCCTTCTGATTCCGTC-1","R3_large_1",0.5202481
"GCCTTCTGTCACGCTC-1","R3_large_1",0.44010732
"GCCTTGAGATCTGAGC-1","R3_large_1",0.061936352
"GCCTTGGCGAACAATC-1","R3_large_1",0.84550023
"GCGAATAGTGGCTAAT-1","R3_large_1",0.11177208
"GCGAATCGAGAACACG-1","R3_large_1",0.018689767
"GCGAATGCAGTGTCAA-1","R3_large_1",0.30727735
"GCGAATTGGCTAGCCA-1","R3_large_1",0.725932
"GCGACACTAAGCTAAG-1","R3_large_1",0.004263062
"GCGACAGTGCCGCACC-1","R3_large_1",0.041556485
"GCGACCTCTACGTCCA-1","R3_large_1",0.012830451
"GCGAGCGGTTGTCATG-1","R3_large_1",0.39204216
"GCGAGTTGAACGTCGA-1","R3_large_1",0.6608216
"GCGATCTTGCTCACGC-1","R3_large_1",0.49385545
"GCGATTCTAACAGTAA-1","R3_large_1",0.2385663
"GCGGTCGTTGATCTTG-1","R3_large_1",0.44552353
"GCGGTTCTGTGGACGT-1","R3_large_1",0.012601208
"GCGTACCGGATGGCTC-1","R3_large_1",0.1313782
"GCGTACCGTGTATCAG-1","R3_large_1",0.019970188
"GCGTACGAATCTAATC-1","R3_large_1",0.24567017
"GCGTCCAGCAATTGGC-1","R3_large_1",0.44145185
"GCGTCGGAATGCTGCC-1","R3_large_1",0.40918437
"GCGTCGGTCACGCCAG-1","R3_large_1",0.37447706
"GCGTCTCGCAACTCAT-1","R3_large_1",0.12204076
"GCGTTAATAGTCAGTA-1","R3_large_1",0.8123867
"GCTAACCATAGGCGTT-1","R3_large_1",0.07721611
"GCTAACGTCCATTCTG-1","R3_large_1",0.44957462
"GCTACCATCCTGTAGA-1","R3_large_1",0.4178689
"GCTACTTCTGACGCGA-1","R3_large_1",0.26673964
"GCTATCTGTCGCCGAG-1","R3_large_1",0.03290421
"GCTATGCGTGAACGGT-1","R3_large_1",0.028088648
"GCTCAACCACGGCAAC-1","R3_large_1",0.16439249
"GCTCATACAATTAGAC-1","R3_large_1",0.80200917
"GCTCATTGGTTCAACA-1","R3_large_1",0.16103971
"GCTCCGAGACTACATA-1","R3_large_1",0.02485333
"GCTCGATCGCAGCCAC-1","R3_large_1",0.024149632
"GCTCGTCTGCCGCAAT-1","R3_large_1",0.15658288
"GCTGAATGACCGTGAG-1","R3_large_1",0.0065384586
"GCTGACAGCCGGAGCG-1","R3_large_1",0.018053673
"GCTGACTTGTCTCAAT-1","R3_large_1",0.18630096
"GCTGAGTGTTCAACCG-1","R3_large_1",0.021987185
"GCTGCCGCCTATGTAG-1","R3_large_1",0.024638439
"GCTGGATGACTCTACC-1","R3_large_1",0.010917568
"GCTGTAGTGCTGTCGC-1","R3_large_1",0.38355574
"GCTGTTATGGTTGCCG-1","R3_large_1",0.012176507
"GCTGTTGATAGTCTTA-1","R3_large_1",0.16064428
"GCTTACATGTTGCGCT-1","R3_large_1",0.5203579
"GCTTACCTATTAATAC-1","R3_large_1",0.02987101
"GCTTCGATTGCGGTGC-1","R3_large_1",0.013607388
"GCTTCTAAGTCTGACG-1","R3_large_1",0.14286314
"GCTTCTAGCCGAACAG-1","R3_large_1",0.11040839
"GCTTCTCACGACCACT-1","R3_large_1",0.53670895
"GCTTCTCAGACCGCCT-1","R3_large_1",0.8878515
"GCTTCTCCAGAACCGC-1","R3_large_1",0.4133293
"GCTTGAACTCCATCCA-1","R3_large_1",0.80845636
"GCTTGACCTCCGCTTC-1","R3_large_1",0.6637055
"GCTTGAGCTCTTGACA-1","R3_large_1",0.035225287
"GCTTGCTTACTTAACG-1","R3_large_1",0.33241117
"GCTTGGATCCAACCGG-1","R3_large_1",0.09503414
"GCTTGGATGCTCGCTT-1","R3_large_1",0.059275243
"GCTTGGCACTCCGTCT-1","R3_large_1",0.017774954
"GCTTGGCTGCGGTAAC-1","R3_large_1",0.040715024
"GCTTGGTCAACCGTGG-1","R3_large_1",0.011378885
"GCTTGGTGTTCGAACA-1","R3_large_1",0.05300921
"GGAACATCGTGGAATC-1","R3_large_1",0.0746126
"GGAACTTCGACATGTC-1","R3_large_1",0.42175522
"GGAATCCTTAGACTGT-1","R3_large_1",0.79778934
"GGAATGCGCCGACAGG-1","R3_large_1",0.011829277
"GGACCATCACCGCCAA-1","R3_large_1",0.29794416
"GGACGGCTATCGACCA-1","R3_large_1",0.65998995
"GGACGTACATACCAGA-1","R3_large_1",0.71885246
"GGACGTAGTGTAGAAG-1","R3_large_1",0.006550345
"GGACGTCGAACGGCTT-1","R3_large_1",0.017311424
"GGACGTCGAGGATTCA-1","R3_large_1",0.6869575
"GGACGTTGGAGGTGAT-1","R3_large_1",0.030052835
"GGACTCGTTCCTCGGA-1","R3_large_1",0.055775873
"GGAGAAGCCAAGCGCT-1","R3_large_1",0.025110925
"GGAGATGCGTGCAGTA-1","R3_large_1",0.6571734
"GGAGATGGCTCGAGAT-1","R3_large_1",0.16923618
"GGAGCCAGTCTGCTGA-1","R3_large_1",0.030758636
"GGAGCGAATTGGACGG-1","R3_large_1",0.024350617
"GGAGGCACATAGCGTA-1","R3_large_1",0.38632256
"GGAGGCTCGCACTTAC-1","R3_large_1",0.030300576
"GGAGGTCGTAGGAGCT-1","R3_large_1",0.41501623
"GGAGTCCAGATAGCTT-1","R3_large_1",0.0101505
"GGAGTCTAAGTGGTCC-1","R3_large_1",0.4697069
"GGATAATTATGCTGGT-1","R3_large_1",0.02713064
"GGATCGAGTGTCCACT-1","R3_large_1",0.4561507
"GGATCGCTGGCATATT-1","R3_large_1",0.20269309
"GGATGGATCACTCATA-1","R3_large_1",0.40335345
"GGCAAGACAATCAGCT-1","R3_large_1",0.15234636
"GGCACGTCCATAACCT-1","R3_large_1",0.39644495
"GGCAGCCGGCACTTCC-1","R3_large_1",0.03411346
"GGCAGCGTATACGACT-1","R3_large_1",0.018042034
"GGCAGCTCCTGGACGG-1","R3_large_1",0.6525431
"GGCAGGAAGTCTTCTA-1","R3_large_1",0.20220281
"GGCATACATGGCTCAG-1","R3_large_1",0.110575646
"GGCCAAGATGGATGGC-1","R3_large_1",0.019340612
"GGCCAGTAGGTATGAG-1","R3_large_1",0.26601845
"GGCCTGCGTTATGCCG-1","R3_large_1",0.43590522
"GGCCTTGGATGTTGTC-1","R3_large_1",0.12551862
"GGCGACCATAGCGTTA-1","R3_large_1",0.010873413
"GGCGAGGCAGCCTACT-1","R3_large_1",0.5232255
"GGCGCCAAGGAGCGCT-1","R3_large_1",0.3277091
"GGCGCCACCGGAGCAA-1","R3_large_1",0.014604433
"GGCGCCGTCGGACATA-1","R3_large_1",0.27132884
"GGCGCTAATATGCTCC-1","R3_large_1",0.0199702
"GGCGGACATATTGATG-1","R3_large_1",0.10858113
"GGCGGAGCACTGATAA-1","R3_large_1",0.9390944
"GGCGGAGTTGAACTAT-1","R3_large_1",0.040342834
"GGCGGATACAACGCAC-1","R3_large_1",0.27827588
"GGCGGATATTGATTGA-1","R3_large_1",0.5162268
"GGCGTCGCCGTATGAT-1","R3_large_1",0
"GGCGTGGCACGGCACT-1","R3_large_1",0.015400438
"GGCTCAATCAACATGA-1","R3_large_1",0.20160227
"GGTAAGGCGACGATGA-1","R3_large_1",0.8509173
"GGTACGAAGAACTCGA-1","R3_large_1",0.53129065
"GGTACGATCGACTTAA-1","R3_large_1",0.015987545
"GGTACGCTTACCTGCG-1","R3_large_1",0.021377316
"GGTACGGAGCATCAGC-1","R3_large_1",0.016751664
"GGTACGTGCTCGGCAA-1","R3_large_1",0.45445114
"GGTAGCCATCAATCCG-1","R3_large_1",0.46089894
"GGTAGCTTAGCCAATC-1","R3_large_1",0.28189927
"GGTAGGTTGTTCTAAG-1","R3_large_1",0.7209462
"GGTAGTACCGCAACAG-1","R3_large_1",0.48850682
"GGTATGGTCAGGTTGG-1","R3_large_1",0.729227
"GGTCACCGCATAACAA-1","R3_large_1",0.07939127
"GGTCCTGCGAGTAGGT-1","R3_large_1",0.40846524
"GGTCTGAAGGTTCGAA-1","R3_large_1",0.7469561
"GGTCTGAAGTATGTCA-1","R3_large_1",0.010826091
"GGTCTGCGAACTGTAT-1","R3_large_1",0.011390994
"GGTCTTATAGGCTGGC-1","R3_large_1",0.0048772707
"GGTCTTCCGCACATCC-1","R3_large_1",0.44298062
"GGTCTTCCGGCTGGAC-1","R3_large_1",0.09563823
"GGTCTTGAACCGGCCA-1","R3_large_1",0.5292816
"GGTCTTGATTCAACCT-1","R3_large_1",0.014633363
"GGTGATCGTATCGTCT-1","R3_large_1",0.43732062
"GGTGATGGTACAATGG-1","R3_large_1",0.010271192
"GGTGCAACCATGAGGA-1","R3_large_1",0.03462586
"GGTGCAATCAGACTTC-1","R3_large_1",0.40622935
"GGTGCAGGCACCGCGT-1","R3_large_1",0.009074074
"GGTGCAGTGGTCTTAT-1","R3_large_1",0.515349
"GGTGCATGATACGGAT-1","R3_large_1",0.011058597
"GGTGTCAAGCTGCACC-1","R3_large_1",0.4560337
"GGTTACAGCCGGCCGG-1","R3_large_1",0.029827494
"GGTTACCAAGGAATCT-1","R3_large_1",0.062846094
"GGTTAGACTCACTAGC-1","R3_large_1",0.017576527
"GGTTAGACTCGGAGGT-1","R3_large_1",0.0286144
"GGTTAGATGAGTCTAA-1","R3_large_1",0.8485445
"GGTTAGTATGAGTGTC-1","R3_large_1",0.008776672
"GGTTCAAGGCGTGCGT-1","R3_large_1",0.015513236
"GGTTCAAGGTTAAGCC-1","R3_large_1",0.731831
"GGTTCATTCCGGCCTC-1","R3_large_1",0.012336453
"GGTTCTATACCGCTTG-1","R3_large_1",0.384926
"GGTTCTATCATATGGC-1","R3_large_1",0.015289866
"GGTTCTCCTATCAGTT-1","R3_large_1",0.25574252
"GGTTCTCGTGATGTGA-1","R3_large_1",0.06682212
"GGTTCTGGAGTCTACC-1","R3_large_1",0.47985592
"GGTTGACCATTGCTGT-1","R3_large_1",0.7409536
"GGTTGCGATTGAACAG-1","R3_large_1",0.766444
"GTAACACCGAGCGTTA-1","R3_large_1",0.08191054
"GTAACATCTTATAATG-1","R3_large_1",0.68245906
"GTAACCACCTACAACC-1","R3_large_1",0.71811664
"GTAACCTAGCGTCACG-1","R3_large_1",0.46218097
"GTAAGTAATTACAATC-1","R3_large_1",0.75006324
"GTAAGTATTGCTATCG-1","R3_large_1",0.77547514
"GTAAGTTGCTGGTGGA-1","R3_large_1",0.03390901
"GTAATAGTCCTAAGCC-1","R3_large_1",0.013254134
"GTAATCAGGCGGACGG-1","R3_large_1",0.4982443
"GTAATCTTGTCTAGTT-1","R3_large_1",0.03316513
"GTAATGATCACGTAAG-1","R3_large_1",0.02890145
"GTACAACTCGGCAGAA-1","R3_large_1",0.01664698
"GTACAGAACAGGACTC-1","R3_large_1",0.8773638
"GTACAGAACGCAGCGT-1","R3_large_1",0.62976867
"GTACAGACCGTCGGCG-1","R3_large_1",0.01646056
"GTACAGATGACATCGC-1","R3_large_1",0.39863396
"GTACAGCCGTTACAGA-1","R3_large_1",0.21472247
"GTACAGCTGTTGTCCT-1","R3_large_1",0.022505041
"GTACCTGAAGTGAATG-1","R3_large_1",0.95532924
"GTACCTTCATGTGCAA-1","R3_large_1",0.07321969
"GTACGAACAGACTAGG-1","R3_large_1",0.47567475
"GTACGAAGATTATCCG-1","R3_large_1",0.01572017
"GTACGACAGCTCCGGA-1","R3_large_1",0.56276774
"GTACGAGGTAGTGCAC-1","R3_large_1",0.3637488
"GTACGATTAGTCTACA-1","R3_large_1",0.008263549
"GTACGCTCGCCAACAT-1","R3_large_1",0.0031810233
"GTACGCTTGATACCAC-1","R3_large_1",0.021291953
"GTACTACCGTTAGGTG-1","R3_large_1",0.021981241
"GTACTGCATAAGGTTA-1","R3_large_1",0.4814206
"GTACTTACTTCATACC-1","R3_large_1",0.25178093
"GTACTTCTGATCCTCG-1","R3_large_1",0.02008798
"GTAGAAGGACATCATA-1","R3_large_1",0.04140194
"GTAGAAGTAAGCTGCG-1","R3_large_1",0.48557186
"GTAGACCTGTCAACCA-1","R3_large_1",0.06364233
"GTAGACGTGCATGTGC-1","R3_large_1",0.006721636
"GTAGCACGAGCTCAAG-1","R3_large_1",0.6171781
"GTAGCAGAACATGGTG-1","R3_large_1",0.026378473
"GTAGCATAGTTACAGG-1","R3_large_1",0.22910571
"GTAGCATCGAAGGTCT-1","R3_large_1",0.7851904
"GTAGCCAGCTTAATTG-1","R3_large_1",0.03920986
"GTAGCCAGTGCGGTTG-1","R3_large_1",0.36329025
"GTAGCCGCACTCCATC-1","R3_large_1",0.7170177
"GTAGCCTCTAAGTGTA-1","R3_large_1",0.027624147
"GTAGCGCCTGAACTCA-1","R3_large_1",0.044607393
"GTAGCGCTCATCAGGT-1","R3_large_1",0.22098768
"GTAGGAGCAACAGGCA-1","R3_large_1",0.030121988
"GTAGTCAGACCAATGT-1","R3_large_1",0.9543465
"GTAGTCCAGCGGACAT-1","R3_large_1",0.16605943
"GTAGTCCATTGTTCGT-1","R3_large_1",0.60636145
"GTAGTCCGTGTACTAA-1","R3_large_1",0.017730538
"GTATCTAGCTACCAGC-1","R3_large_1",0.20314276
"GTATCTGTCAACGGTG-1","R3_large_1",0.018497126
"GTATGACATAAGACGG-1","R3_large_1",0.7068102
"GTATGATAGTATGGAT-1","R3_large_1",0.102225885
"GTATGATCACTTGACG-1","R3_large_1",0.22420512
"GTATGTAGCAGGCATA-1","R3_large_1",0.10110431
"GTATGTAGCTCACCTT-1","R3_large_1",0.14237471
"GTATGTGCAAGCCGGA-1","R3_large_1",0.5304842
"GTATTACGGCCATTAT-1","R3_large_1",0.4895915
"GTATTACGGTATTGAG-1","R3_large_1",0.013063989
"GTATTAGATTGAGGTC-1","R3_large_1",0.4338319
"GTATTAGGTTATCTGC-1","R3_large_1",0.015032466
"GTATTATGAGTTAGCG-1","R3_large_1",0.030229483
"GTATTCCAAGTTACCT-1","R3_large_1",0.8709308
"GTATTCGTGACTTGAT-1","R3_large_1",0.2050454
"GTATTCTAAGTGCTGT-1","R3_large_1",0.88297105
"GTCAACAGCGCACCGA-1","R3_large_1",0.035248008
"GTCAACAGTTAAGTGA-1","R3_large_1",0.16752718
"GTCAACCTGACGATAG-1","R3_large_1",0.811281
"GTCACTAAGAGGAATA-1","R3_large_1",0.815011
"GTCACTAAGCCAGCGG-1","R3_large_1",0.011851944
"GTCACTACTTAATGGA-1","R3_large_1",0.11195663
"GTCACTGAATCTCACC-1","R3_large_1",0.06477308
"GTCACTTATCCAAGAC-1","R3_large_1",0.4894813
"GTCACTTATGAATGCG-1","R3_large_1",0.028788283
"GTCACTTATGTCGTAT-1","R3_large_1",0.31476405
"GTCACTTCTGGAGCGG-1","R3_large_1",0.012166527
"GTCAGCCAACATCACG-1","R3_large_1",0.004505387
"GTCAGCCATTGTGCGG-1","R3_large_1",0.6868383
"GTCAGCCTCCGAACCT-1","R3_large_1",0.4753304
"GTCAGCGATGTAATTG-1","R3_large_1",0.027126307
"GTCAGCGATTGATTCA-1","R3_large_1",0.1684703
"GTCAGCTAGATCGACA-1","R3_large_1",0.62974644
"GTCAGGTACGTGGCAT-1","R3_large_1",0.637887
"GTCAGTGAGGATCGTT-1","R3_large_1",0.7012148
"GTCAGTGCCAGAATAA-1","R3_large_1",0.28871605
"GTCAGTTGGAACCACG-1","R3_large_1",0.28826594
"GTCATCACTATTGTGC-1","R3_large_1",0.2183481
"GTCATCAGTAGACCAG-1","R3_large_1",0.010609823
"GTCCATCTATACAAGG-1","R3_large_1",0.076083645
"GTCCGAATGCGGACAG-1","R3_large_1",0.7661291
"GTCCGACAGCCGCATT-1","R3_large_1",0.0048946384
"GTCCTGCTTACGGCTG-1","R3_large_1",0.017749546
"GTCCTTCATCAGATCA-1","R3_large_1",0.41546425
"GTCCTTCGGAACCTGC-1","R3_large_1",0.12573695
"GTCGAAGTCGTGTTCT-1","R3_large_1",0.034155875
"GTCGCTAAGTGAGGTT-1","R3_large_1",0.5056109
"GTCGGCCGTTGTGAAT-1","R3_large_1",0.033548366
"GTCGTGTTCATGTCAG-1","R3_large_1",0.01599288
"GTCTAAGATCGGACTA-1","R3_large_1",0.53065646
"GTCTAGGACAGGATAA-1","R3_large_1",0.5622533
"GTCTAGTCTAGCGACG-1","R3_large_1",0.0122121535
"GTCTATCAATGGATTA-1","R3_large_1",0.4052415
"GTCTATCAGTACTAAT-1","R3_large_1",0.021312406
"GTCTATGTTAATAGAA-1","R3_large_1",0.12989637
"GTCTATTAGTGAGGCC-1","R3_large_1",0.49795896
"GTCTATTGCGAGTTAC-1","R3_large_1",0.32909688
"GTCTGATATCTGAATT-1","R3_large_1",0.023239575
"GTCTGTGGATCTGACG-1","R3_large_1",0.6754088
"GTCTTCGATAGGTGTT-1","R3_large_1",0.5888641
"GTCTTCGGTAGCTACA-1","R3_large_1",0.0142330555
"GTCTTGAACAATTACA-1","R3_large_1",0.0704441
"GTCTTGACCGGAGGCC-1","R3_large_1",0.8419642
"GTCTTGATTGCCACCT-1","R3_large_1",0.19964667
"GTCTTGCGATGAATGC-1","R3_large_1",0.583165
"GTCTTGTATTGTAGAT-1","R3_large_1",0.021191994
"GTGAACTCACCAGTAT-1","R3_large_1",0.019015709
"GTGAACTCGTGGTATC-1","R3_large_1",0.8087762
"GTGAAGATGAGTGCCT-1","R3_large_1",0.45597422
"GTGAAGTGATCGTGCT-1","R3_large_1",0.04238575
"GTGAATTAGACATTGC-1","R3_large_1",0.6455764
"GTGACAAGATGCTCAT-1","R3_large_1",0.042065214
"GTGACATACAGGTCCT-1","R3_large_1",0.17717478
"GTGACATATGCTAGAT-1","R3_large_1",0.14163454
"GTGACATGCAATTAAT-1","R3_large_1",0.48490936
"GTGACATGTACCACCT-1","R3_large_1",0.53436744
"GTGACCAGATCGAGAT-1","R3_large_1",0.49468258
"GTGACCGGAGTCATAC-1","R3_large_1",0.8646503
"GTGACCGTGGATTAGC-1","R3_large_1",0.005853624
"GTGCAACGACGGTGTT-1","R3_large_1",0.81236774
"GTGCACTTGTAAGCAC-1","R3_large_1",0.31028822
"GTGCAGCCGGTCTGCA-1","R3_large_1",0.37878436
"GTGCAGGACTCCAAGG-1","R3_large_1",0.080026805
"GTGCATGGTTGAGTTC-1","R3_large_1",0.10775911
"GTGCATTCCTGTGGTC-1","R3_large_1",0.016719906
"GTGCATTGCAATGTTG-1","R3_large_1",0.017511709
"GTGCCACCTAGCAGCC-1","R3_large_1",0.7454051
"GTGCCGTCCTGTCAGC-1","R3_large_1",0.032649
"GTGCTCAATGCAACCT-1","R3_large_1",0.14148374
"GTGGAACAGAAGTCGA-1","R3_large_1",0.016231619
"GTGGCGACCTAATATT-1","R3_large_1",0.48844528
"GTGGCGAGGAAGGCTA-1","R3_large_1",0.09368643
"GTGGCGATAGGCAGAA-1","R3_large_1",0.8105627
"GTGGCGATCTGCGATA-1","R3_large_1",0.2877264
"GTGGCGCACCTGTTCC-1","R3_large_1",0.41261747
"GTGGCGCCAACAGCTC-1","R3_large_1",0.80118525
"GTGGCGCCACTACGCT-1","R3_large_1",0.01312957
"GTGGCGCCAGACTCGA-1","R3_large_1",0.01778513
"GTGGCGCCAGCTAACC-1","R3_large_1",0.48167858
"GTGGCGGTCCGGATGA-1","R3_large_1",0.7238798
"GTGGCTGAATGCGAGT-1","R3_large_1",0.63256603
"GTGGCTTCCTACCGTT-1","R3_large_1",0.120863
"GTGGTACTGGTTCCAA-1","R3_large_1",0.4342698
"GTGGTACTGTTGTAGC-1","R3_large_1",0.19745623
"GTGGTACTTGGTTGGA-1","R3_large_1",0.6093536
"GTGGTAGGTCTAAGAA-1","R3_large_1",0.02823316
"GTGGTTGACAAGGAGC-1","R3_large_1",0.46484187
"GTGGTTGCCGCTTCAA-1","R3_large_1",0.31183425
"GTTAACAACTTCGGAT-1","R3_large_1",0.035448834
"GTTAGACAATGGATGA-1","R3_large_1",0.0058486722
"GTTATGATACGATTAT-1","R3_large_1",0.39177525
"GTTATGTTGCTTAGAT-1","R3_large_1",0.14668123
"GTTATTCGTAACGTCC-1","R3_large_1",0.37992296
"GTTATTGGCATGTAGA-1","R3_large_1",0.70218676
"GTTCATACCTTGGTTA-1","R3_large_1",0.16725329
"GTTCATTGCCTGAATA-1","R3_large_1",0.70776707
"GTTCCGTCTTATCTTA-1","R3_large_1",0.45565823
"GTTCCTGAACCTTCAA-1","R3_large_1",0.22536837
"GTTCCTTGAGGAACGC-1","R3_large_1",0.1645017
"GTTCGTAGGTAGTGAA-1","R3_large_1",0.050184123
"GTTCTGCGCCAAGCGA-1","R3_large_1",0.035234477
"GTTCTTGATCTGTTGA-1","R3_large_1",0.099545434
"GTTGAAGGAAGTCGGC-1","R3_large_1",0.6066724
"GTTGAATAAGTCAGCA-1","R3_large_1",0.7295589
"GTTGAATCAACCTGGC-1","R3_large_1",0.37003008
"GTTGAATGGTACAGTA-1","R3_large_1",0.035953403
"GTTGAATGTCCTTCTG-1","R3_large_1",0.010311125
"GTTGAATGTTGCTGCC-1","R3_large_1",0.5178912
"GTTGAATTATTCGGTG-1","R3_large_1",0.78453034
"GTTGAATTCATAAGAT-1","R3_large_1",0.66639394
"GTTGACATGAACCAAC-1","R3_large_1",0.09821657
"GTTGACGAACCAGAAC-1","R3_large_1",0.34407926
"GTTGACGGATAGCCAT-1","R3_large_1",0.04912629
"GTTGACGTCAGATTAG-1","R3_large_1",0.09807817
"GTTGACTAGAGCACGT-1","R3_large_1",0.80179596
"GTTGAGCTTCGTCCGG-1","R3_large_1",0.38589928
"GTTGCTCCTGAGATTC-1","R3_large_1",0.7128055
"GTTGGTCCGCCAATCT-1","R3_large_1",0.22757426
"GTTGTCCTGTGATGTA-1","R3_large_1",0.0077967225
"GTTGTCGAACCATGTT-1","R3_large_1",0.19286127
"TAACAGCAGGCCTTAC-1","R3_large_1",0.583066
"TAACAGGAACCGACAA-1","R3_large_1",0.15875363
"TAACATGCGTGCGAAC-1","R3_large_1",0.0031660998
"TAACATGGCCACCTCC-1","R3_large_1",0.9157511
"TAACCAAGGTGCTCTA-1","R3_large_1",0.33973348
"TAACCTTGAGACTTCG-1","R3_large_1",0.28792492
"TAACGAATGCTCCAAT-1","R3_large_1",0.55384815
"TAACGAATGGTAGTAC-1","R3_large_1",0.25276634
"TAACGACCTTGCCTAT-1","R3_large_1",0.4799795
"TAACGAGTTGCCAACC-1","R3_large_1",0.8538192
"TAACGCATTGGTCCAA-1","R3_large_1",0.015082575
"TAACGCGTCCTACAAC-1","R3_large_1",0.055717126
"TAACGCTCATACGGCA-1","R3_large_1",0.007849733
"TAACGCTTCGGCACTT-1","R3_large_1",0.026725963
"TAACGTCACTATAATC-1","R3_large_1",0.81738174
"TAACGTGCCATAGTTA-1","R3_large_1",0.015187919
"TAACGTTGCGTCGATG-1","R3_large_1",0.02842785
"TAACTTGCACGGCGGA-1","R3_large_1",0.016606573
"TAAGAACAGGTGTAAC-1","R3_large_1",0.8138877
"TAAGAATATGAGATAG-1","R3_large_1",0.22146365
"TAAGACCGAGTGAACA-1","R3_large_1",0.14317194
"TAAGATTGAGATTACA-1","R3_large_1",0.31891885
"TAAGATTGCTCACTTC-1","R3_large_1",0.14551036
"TAAGCAAGTAATGTGG-1","R3_large_1",0.61943203
"TAAGCACGAGACCTAC-1","R3_large_1",0.024764689
"TAAGCAGTAGATACTC-1","R3_large_1",0.018834444
"TAAGCCACAATTGCCT-1","R3_large_1",0.023312276
"TAAGCCTGTAGCGTCC-1","R3_large_1",0.010900199
"TAAGCTCCTTCACGCC-1","R3_large_1",0.45648968
"TAAGGATCTGAAGATA-1","R3_large_1",0.020118926
"TAAGGTATGAATGCTA-1","R3_large_1",0.43467787
"TAAGGTCCGTGACCGT-1","R3_large_1",0.6830076
"TAAGTGTCAAGGTGGC-1","R3_large_1",0.51296043
"TAATCGACATTGTTGG-1","R3_large_1",0.89366686
"TAATCTGATAAGATGT-1","R3_large_1",0.08761835
"TAATGACGAAGCGGCT-1","R3_large_1",0.045049734
"TAATGATCCGGTTATT-1","R3_large_1",0.41120905
"TAATGTGCACGATCTG-1","R3_large_1",0.5093581
"TAATTAAGGAGTACTG-1","R3_large_1",0.46859413
"TAATTACCGGTGCGAG-1","R3_large_1",0.36662427
"TAATTAGCTCGATTGT-1","R3_large_1",0.0062365243
"TACAAGTGTCTGTCCG-1","R3_large_1",0.27590793
"TACACCTTGCGGCAGG-1","R3_large_1",0.5896775
"TACACTCAGCGTATAA-1","R3_large_1",0.487597
"TACACTCAGTAGAATG-1","R3_large_1",0.78132695
"TACACTGCGTCCGGAC-1","R3_large_1",0.3878615
"TACACTGTAGTCAACG-1","R3_large_1",0.5769681
"TACACTGTCGAACCAA-1","R3_large_1",0.23437929
"TACACTTCGCACCGAT-1","R3_large_1",0.021764515
"TACATAGCAGACCAAG-1","R3_large_1",0.7608371
"TACATATGCACCAGTG-1","R3_large_1",0.026331794
"TACCACAGGCCATTGC-1","R3_large_1",0.7099844
"TACCAGACAACCTCAG-1","R3_large_1",0.71885365
"TACCATGGCGCCTTGT-1","R3_large_1",0.057573605
"TACCGTAGGTATAACA-1","R3_large_1",0.021347815
"TACCTCAGGCAACAGA-1","R3_large_1",0.076444335
"TACCTGCGGTTGTCCT-1","R3_large_1",0.026235957
"TACCTGTTAACGGCCT-1","R3_large_1",0.030388782
"TACGACGTGAAGTATC-1","R3_large_1",0.010607425
"TACGACTCTGAACACT-1","R3_large_1",0.4727843
"TACGAGATTGGTCTGT-1","R3_large_1",0.9320633
"TACGCCGGAGTTCTGA-1","R3_large_1",0.023595935
"TACGCTCCGGTTGGTA-1","R3_large_1",0.026250139
"TACGGAACAGACGCGG-1","R3_large_1",0.040184993
"TACGGAATACTCGTTC-1","R3_large_1",0.48406497
"TACGGAATTGAACCAA-1","R3_large_1",0.18754184
"TACGGACCTCACGTAC-1","R3_large_1",0.023899514
"TACGGAGGAAGCACCT-1","R3_large_1",0.42851692
"TACGGAGTCAACGAAG-1","R3_large_1",0.55592036
"TACGGCCTTGTAGGAG-1","R3_large_1",0.69176143
"TACGGTAGTTGCGTGA-1","R3_large_1",0.04713293
"TACGGTGAGCCGATGT-1","R3_large_1",0.0062496606
"TACGGTTAATGTACTA-1","R3_large_1",0.1145903
"TACGTAATCTAGTAAG-1","R3_large_1",0.60781866
"TACGTATCCTATCACG-1","R3_large_1",0.32937905
"TACGTATCGAGGTTGT-1","R3_large_1",0.12285335
"TACGTGGAGGCATGGC-1","R3_large_1",0.9115737
"TACGTGTACATCCGTG-1","R3_large_1",0.042337157
"TACTAGGATCAATGGC-1","R3_large_1",0.118301935
"TACTAGTACCGGATGG-1","R3_large_1",0.11566693
"TAGAAGTATTCAGTTG-1","R3_large_1",0.017482901
"TAGAATTCAACGTGGC-1","R3_large_1",0.46271887
"TAGACAGGAGATCATT-1","R3_large_1",0.29952306
"TAGACAGTTCAGATTA-1","R3_large_1",0.53587323
"TAGACATGGTTAGGTC-1","R3_large_1",0.012994786
"TAGACCAGGATATCGG-1","R3_large_1",0.5839269
"TAGACCATCGATTGAG-1","R3_large_1",0.013079411
"TAGACCATTGCTTAGA-1","R3_large_1",0.014775478
"TAGACCGAAGCAGAGC-1","R3_large_1",0.23730376
"TAGACCGCGGAAGGAC-1","R3_large_1",0.2704918
"TAGACCTGAGGAGCTG-1","R3_large_1",0.066049956
"TAGAGGCGATTGATTC-1","R3_large_1",0.8099422
"TAGATGCGTGCCAGCG-1","R3_large_1",0.20340523
"TAGATGGCTGTATGCC-1","R3_large_1",0.44813237
"TAGATGTCGAGGCCAG-1","R3_large_1",0.4860746
"TAGCAGTGATTCTGTC-1","R3_large_1",0.00892572
"TAGCCGCAATACCTGC-1","R3_large_1",0.6567001
"TAGCGTACCTTGACAT-1","R3_large_1",0.02319062
"TAGCGTATAGCGCTAA-1","R3_large_1",0.11319904
"TAGCGTCACGACAGGC-1","R3_large_1",0.42249063
"TAGCTACCATACTGCT-1","R3_large_1",0.04339309
"TAGCTACCTGTAGGAT-1","R3_large_1",0.35383317
"TAGCTAGAAGCGATCA-1","R3_large_1",0.0263239
"TAGCTAGAGCACGCCG-1","R3_large_1",0.0074254214
"TAGCTATGTTGAGCAC-1","R3_large_1",0.64740694
"TAGCTCGAATCGTCCG-1","R3_large_1",0.0049066963
"TAGGACATCAGCATGG-1","R3_large_1",0.4030428
"TAGGACGGCCAGCCGA-1","R3_large_1",0.008513832
"TAGGACTTCATGTTAT-1","R3_large_1",0.51350516
"TAGGATGCACCGTTCA-1","R3_large_1",0.0074863713
"TAGGCATAAGTGAGGC-1","R3_large_1",0.6865818
"TAGGCATCGGAGCCTC-1","R3_large_1",0.17183505
"TAGGCGAGCGATCGGT-1","R3_large_1",0.1249175
"TAGGCGCATATCTAAC-1","R3_large_1",0.06812844
"TAGGCTTATCTAGCTC-1","R3_large_1",0.55966383
"TAGGTCCGTAGCCTAT-1","R3_large_1",0.6170715
"TAGGTCTACTCGTGAA-1","R3_large_1",0.6965947
"TAGGTCTGCCTCTGTA-1","R3_large_1",0.07751623
"TAGGTCTTGGCTCGTC-1","R3_large_1",0.021908358
"TAGTAAGCGGTGGATA-1","R3_large_1",0.56256664
"TAGTATCCAATTACGT-1","R3_large_1",0.6433393
"TAGTCACTGGATAGGC-1","R3_large_1",0.27897957
"TAGTGAACATGCAGAT-1","R3_large_1",0.40069032
"TAGTGAATGTTCAGTG-1","R3_large_1",0.3327517
"TAGTGACCGTCGATTA-1","R3_large_1",0.04282042
"TAGTGACTCAATTGCT-1","R3_large_1",0.008285938
"TAGTGACTCGCTCCGC-1","R3_large_1",0.36336863
"TAGTGAGGACATGTTG-1","R3_large_1",0.54521537
"TAGTGAGGTATCGACC-1","R3_large_1",0.23697913
"TAGTGAGGTGCCATCA-1","R3_large_1",0.5986365
"TAGTGATGACTCCTGG-1","R3_large_1",0.4258311
"TAGTGCAGCTGGCGTC-1","R3_large_1",0.7003149
"TAGTGCAGTGCGGTAG-1","R3_large_1",0.18149567
"TAGTGCGTGGAGAAGT-1","R3_large_1",0.4562703
"TAGTGGTTGAACCAAT-1","R3_large_1",0.38804376
"TAGTTCAAGGTCCACG-1","R3_large_1",0.01841926
"TAGTTCAATCGACCTC-1","R3_large_1",0.05755884
"TAGTTCCGATAGAATC-1","R3_large_1",0.22583279
"TAGTTCGAATTAGCGG-1","R3_large_1",0.611525
"TAGTTGAGCGACGCTA-1","R3_large_1",0.020776553
"TAGTTGGCTTAGGCCT-1","R3_large_1",0.6612712
"TATCAACGAATATGAG-1","R3_large_1",0.08072053
"TATCAAGGCCGCGTGG-1","R3_large_1",0.012052406
"TATCAATCGCCGAGTG-1","R3_large_1",0.80245274
"TATCAATGCCGCTCAC-1","R3_large_1",0.051490165
"TATCACATAGCGAACT-1","R3_large_1",0.022816425
"TATCACCGGCATCGTG-1","R3_large_1",0.050426666
"TATCACTTCGAGCCGT-1","R3_large_1",0.013621227
"TATCATGGATGTTGCC-1","R3_large_1",0.025114283
"TATCCAAGCGCCGTAG-1","R3_large_1",0.04288943
"TATCCAATACCGCAAT-1","R3_large_1",0.49098364
"TATCCACTTGCGTATC-1","R3_large_1",0.72219807
"TATCCGATCTTGGCGG-1","R3_large_1",0.5748069
"TATCCTGCGGTTGATC-1","R3_large_1",0.24435638
"TATCCTGGCCGGCATA-1","R3_large_1",0.0071981912
"TATCGGCTTCCTCGAA-1","R3_large_1",0.3785862
"TATCTAGTCGCATGCA-1","R3_large_1",0.018657794
"TATGAAGCGACCGTCC-1","R3_large_1",0.50543964
"TATGACAATGCTTGAA-1","R3_large_1",0.7125831
"TATGACAGCGAGAAGC-1","R3_large_1",0.39895198
"TATGACGCGTATGTCG-1","R3_large_1",0.10145338
"TATGACGGAGATTGGC-1","R3_large_1",0.008870482
"TATGAGCGATCCATTA-1","R3_large_1",0.4816296
"TATGAGGATCTACTGG-1","R3_large_1",0.43282047
"TATGCTCCTGGTTAGT-1","R3_large_1",0.23790027
"TATGGCAGTTCGTCTA-1","R3_large_1",0.09991367
"TATGGCCGGCGACACT-1","R3_large_1",0.46664762
"TATGTCATAAGCGTCG-1","R3_large_1",0.116731726
"TATGTCGAGGTTGAAG-1","R3_large_1",0.005781114
"TATGTTGGAGTTGTAA-1","R3_large_1",0.026831867
"TATGTTGGTAGGTCGT-1","R3_large_1",0.034805186
"TATGTTGGTCCAGTGA-1","R3_large_1",0.4961685
"TATTAACTTCCGCTCA-1","R3_large_1",0.4676589
"TATTAATAGAATGGCA-1","R3_large_1",0.27130222
"TATTCCGGTTGTTAAT-1","R3_large_1",0.00591623
"TATTCGACAACCGTGA-1","R3_large_1",0.5065971
"TATTCGACATTACTAT-1","R3_large_1",0.45541677
"TATTCGTTAATGCTCC-1","R3_large_1",0.8109628
"TATTCGTTATCGCCTG-1","R3_large_1",0.62266976
"TATTCTCCTATGATGG-1","R3_large_1",0.7869523
"TATTGATCGTGATCTT-1","R3_large_1",0.017991612
"TCAACCGGAGACCTCG-1","R3_large_1",0.045133505
"TCAAGGAACCTATTGC-1","R3_large_1",0.6526218
"TCAAGGCAACGCGGCT-1","R3_large_1",0.007832719
"TCAAGGCCATAGCCTG-1","R3_large_1",0.6552776
"TCAATCAGATGACGTG-1","R3_large_1",0.55383384
"TCAATTAATAGAACCT-1","R3_large_1",0.30865654
"TCACAAGATGACTCGA-1","R3_large_1",0.013548791
"TCACAAGGAGAACAAG-1","R3_large_1",0.21472286
"TCACAGCACCAAGGTT-1","R3_large_1",0.013094789
"TCACATAGACCTCCGT-1","R3_large_1",0.49273205
"TCACATCCTGTCGCGG-1","R3_large_1",0.055788096
"TCACATCCTTCTCAGT-1","R3_large_1",0.50150734
"TCACATGGATAACTGT-1","R3_large_1",0.10730112
"TCACATTGTCGGTGAC-1","R3_large_1",0.22080138
"TCACCATAGATTGTTA-1","R3_large_1",0.18543741
"TCACGACATCAGAAGG-1","R3_large_1",0.014370547
"TCACGATACCTAGCCA-1","R3_large_1",0.004763734
"TCACGCTATCCACTAC-1","R3_large_1",0.022355266
"TCACTACGACTCTGCG-1","R3_large_1",0.8850249
"TCAGAATCGATATCAT-1","R3_large_1",0.54348904
"TCAGATTACCAGGTTA-1","R3_large_1",0.02801879
"TCAGGAATAGAACCTG-1","R3_large_1",0.049354006
"TCAGTATGTAGGACAA-1","R3_large_1",0.018116225
"TCAGTCATTGCAAGTG-1","R3_large_1",0.66869587
"TCAGTCCAACGGAAGT-1","R3_large_1",0.087245636
"TCAGTCGAAGTATCTA-1","R3_large_1",0.60322
"TCAGTCGTGCCGGCAG-1","R3_large_1",0.005817102
"TCAGTTCAGAATCTCG-1","R3_large_1",0.37766662
"TCAGTTCTCCGGACCG-1","R3_large_1",0.03641976
"TCAGTTGACAGTGCCA-1","R3_large_1",0.1743164
"TCATAATTCGTGCAGA-1","R3_large_1",0.015152978
"TCATCCACGTGGTCAC-1","R3_large_1",0.11855657
"TCATCCTAGGACTCGC-1","R3_large_1",0.5223745
"TCATCGGCCTGTGCGG-1","R3_large_1",0.17307322
"TCATCGTTATGTATCT-1","R3_large_1",0.014967799
"TCATCTCCAACCACCT-1","R3_large_1",0.43025407
"TCATCTGCCGCTATTC-1","R3_large_1",0.016650554
"TCATCTTCCACGTATG-1","R3_large_1",0.016349172
"TCATGAGGTTGATATG-1","R3_large_1",0.24825215
"TCATGAGTAAGACATC-1","R3_large_1",0.3395499
"TCATTCACTGTAATGG-1","R3_large_1",0.13791348
"TCATTCTGATGGTGCG-1","R3_large_1",0.53731453
"TCATTCTTGGCATCGG-1","R3_large_1",0.01191225
"TCATTGATAGACTTGC-1","R3_large_1",0.07227266
"TCATTGGCGACCGACG-1","R3_large_1",0.011816013
"TCCAACGAAGATGCTT-1","R3_large_1",0.040087156
"TCCAACGCGACGTTGG-1","R3_large_1",0.01406057
"TCCAACGTGGTTGTTC-1","R3_large_1",0.41516632
"TCCAACTAAGACTCCA-1","R3_large_1",0.8695039
"TCCAACTGGCTGAAGA-1","R3_large_1",0.27417538
"TCCAAGACCGCTTGAT-1","R3_large_1",0.031828407
"TCCAATACTATCTGTT-1","R3_large_1",0.58008224
"TCCAATCCAGATACAT-1","R3_large_1",0.43329206
"TCCAATCTAACACGCA-1","R3_large_1",0.036808357
"TCCAATTAGCAATCAA-1","R3_large_1",0.041653436
"TCCAATTGGTTACAGT-1","R3_large_1",0.5464363
"TCCAGATCTTCGCTTA-1","R3_large_1",0.6991444
"TCCAGTACCGAGCGCA-1","R3_large_1",0.36119634
"TCCAGTCACGGTGGCT-1","R3_large_1",0.46800387
"TCCAGTCAGTACATTA-1","R3_large_1",0.15041572
"TCCAGTGATTGGTGCT-1","R3_large_1",0.4167129
"TCCATCGGCTAGACGA-1","R3_large_1",0.6531437
"TCCATGATGTGATCAA-1","R3_large_1",0.12523876
"TCCATGCCATTCCAGC-1","R3_large_1",0.46681854
"TCCATGCGTCGGTTAC-1","R3_large_1",0.018813021
"TCCGAACATAGTCTGA-1","R3_large_1",0.08981228
"TCCGAAGTGACAGGCT-1","R3_large_1",0.06201112
"TCCGAATAGAAGCACC-1","R3_large_1",0.21931455
"TCCGAATCGCAGGTTC-1","R3_large_1",0.040463075
"TCCGACCGCAAGTCCT-1","R3_large_1",0.6944726
"TCCGATGCGTATCCGG-1","R3_large_1",0.047134995
"TCCGCCAACATTGCTC-1","R3_large_1",0.014822436
"TCCGCCAAGGTCCGTT-1","R3_large_1",0.049646992
"TCCGCCTTGTTCTGAT-1","R3_large_1",0.09005896
"TCCGGCTATGCTCAGT-1","R3_large_1",0.032688614
"TCCGGTACGTGGCCTC-1","R3_large_1",0.026382286
"TCCGGTTCCGTTCTAG-1","R3_large_1",0.040859327
"TCCGTCACGCTAAGGT-1","R3_large_1",0.047533542
"TCCGTCCACTCGGAGC-1","R3_large_1",0.14785947
"TCCGTTGGTTCACTCG-1","R3_large_1",0.4927747
"TCCTAATTGCTCAACG-1","R3_large_1",0.36418736
"TCCTACAAGCTCGAAC-1","R3_large_1",0.14730829
"TCCTACCGGTTCCTAG-1","R3_large_1",0.4766981
"TCCTAGGTATCTGATG-1","R3_large_1",0.1947106
"TCCTATCCTGTCAATA-1","R3_large_1",0.7472264
"TCCTATGAGGATTGTT-1","R3_large_1",0.10482083
"TCCTATTGACTGTTGA-1","R3_large_1",0.3478413
"TCCTCAATGAGGAACG-1","R3_large_1",0.08695735
"TCCTCACGTGTAGACG-1","R3_large_1",0.46687022
"TCCTGAAGCGTGCACT-1","R3_large_1",0.11874483
"TCCTGATAAGTGCCGT-1","R3_large_1",0.4252402
"TCCTTACTCGCAATGA-1","R3_large_1",0.03804599
"TCCTTGAACAGGACCA-1","R3_large_1",0.3291239
"TCCTTGGCTCAAGAGT-1","R3_large_1",0.4338788
"TCGAATGGTTCCACGC-1","R3_large_1",0.057280794
"TCGAATTAGTTACTCC-1","R3_large_1",0.05233469
"TCGAATTGTACACTAT-1","R3_large_1",0.27663243
"TCGACTCAGGTTAACC-1","R3_large_1",0.183777
"TCGATATTAGACATAC-1","R3_large_1",0.12470077
"TCGATCCAACGTCCTT-1","R3_large_1",0.13683443
"TCGATCCAGTCTGTAG-1","R3_large_1",0.55957437
"TCGATCGTTGTCTGAA-1","R3_large_1",0.7237597
"TCGATCTAATGTTAGT-1","R3_large_1",0.25255427
"TCGATCTAGCCGATTC-1","R3_large_1",0.01897721
"TCGCACCTCATGTCAG-1","R3_large_1",0.75357836
"TCGCACTCTTGGACAG-1","R3_large_1",0.054974798
"TCGCACTGCTGTGCTC-1","R3_large_1",0.23902565
"TCGCACTTACTGAAGT-1","R3_large_1",0.0121029
"TCGCACTTGGTCCGTC-1","R3_large_1",0.007691857
"TCGCCGTATCATGCTT-1","R3_large_1",0.43281296
"TCGCCGTTCGCCACAG-1","R3_large_1",0.29652718
"TCGCCGTTGTTACAAG-1","R3_large_1",0.05274492
"TCGCCTAGATAATTAA-1","R3_large_1",0.012184007
"TCGCGGTAGTATGATC-1","R3_large_1",0.44805676
"TCGCGGTCCGGATCAG-1","R3_large_1",0.41361398
"TCGCTTGTTCCAGTTG-1","R3_large_1",0.66029054
"TCGGAACGTCTGCAAG-1","R3_large_1",0.053380065
"TCGGAATCAGCCTAAC-1","R3_large_1",0.2578306
"TCGGACATTCTATGAG-1","R3_large_1",0.22406481
"TCGGACGGCCGAGGAA-1","R3_large_1",0.69983
"TCGGACGTTGCCTCAG-1","R3_large_1",0.6474992
"TCGGAGCGTTACCTCG-1","R3_large_1",0.02568692
"TCGGAGTGGTACTTGC-1","R3_large_1",0.072019994
"TCGGAGTTGTCTTGTT-1","R3_large_1",0.028368099
"TCGGCACTGGCGCCGA-1","R3_large_1",0.0526403
"TCGGCGCAGAATGTCT-1","R3_large_1",0.008882917
"TCGGCGCAGATAGATA-1","R3_large_1",0.4776311
"TCGGTAATTACGTGGA-1","R3_large_1",0.058618877
"TCGGTAGGCATCACGC-1","R3_large_1",0.018937072
"TCGGTGATCGCCGGCC-1","R3_large_1",0.013735332
"TCGGTGTCTAACCAAG-1","R3_large_1",0.893298
"TCGTAAGGCGTTCAGG-1","R3_large_1",0.22399987
"TCGTATACAAGACGAG-1","R3_large_1",0.019386126
"TCGTATCCTGATGCAA-1","R3_large_1",0.7954552
"TCGTATCGGTCTCCTT-1","R3_large_1",0.7295414
"TCGTATGCCGGACGTT-1","R3_large_1",0.052353274
"TCGTATGTCGTGCCTA-1","R3_large_1",0.16645153
"TCGTCAAGCCTAATCT-1","R3_large_1",0.43754908
"TCGTCAGAACAGCCAG-1","R3_large_1",0.13389806
"TCGTCCAGCATGGCTT-1","R3_large_1",0.4896982
"TCGTGCCTCGGTAGTT-1","R3_large_1",0.0199807
"TCGTTAGCCAGGCCAG-1","R3_large_1",0.018126229
"TCTAACAAGCCAATCC-1","R3_large_1",0.35191348
"TCTACAACTGGAACTT-1","R3_large_1",0.42597702
"TCTACACTAATTACTC-1","R3_large_1",0.052356917
"TCTACAGCACCGAACC-1","R3_large_1",0.39886275
"TCTACAGCACGTCCGA-1","R3_large_1",0.496187
"TCTACAGGTACGCAGT-1","R3_large_1",0.99400324
"TCTACATGAACTATAC-1","R3_large_1",0.48359492
"TCTACATGTCCGACTT-1","R3_large_1",0.007822461
"TCTACATTGGAGTAAT-1","R3_large_1",0.27597174
"TCTACCGGTCAATAGC-1","R3_large_1",0.058266543
"TCTACTCCGACTCGGC-1","R3_large_1",0.37662476
"TCTACTGTCTCAATGA-1","R3_large_1",0.5202948
"TCTACTTAGGTTCTTA-1","R3_large_1",0.2180153
"TCTACTTCACCGTGGA-1","R3_large_1",0.43534005
"TCTAGAATTGCGGTTG-1","R3_large_1",0.5281614
"TCTAGATAAGGTTAGC-1","R3_large_1",0.03753685
"TCTAGCGGAATGGATC-1","R3_large_1",0.38178796
"TCTAGCTCCGAGGACC-1","R3_large_1",0.023380997
"TCTAGGCTCGCACCAA-1","R3_large_1",0.016510978
"TCTATGATCGGTGCCT-1","R3_large_1",0.039562117
"TCTATTCCTTCCGGAA-1","R3_large_1",0.78120446
"TCTGAGTCAGATCTTG-1","R3_large_1",0.39057517
"TCTGCAAGGACGGCAA-1","R3_large_1",0.7671285
"TCTGCCTGGATGTCAG-1","R3_large_1",0.015338322
"TCTGCGCTTGCAGATA-1","R3_large_1",0.79291964
"TCTGCGTTAGATAGGT-1","R3_large_1",0.46273816
"TCTGGATATTAACCTA-1","R3_large_1",0.34597722
"TCTGGTAATCGTCCAA-1","R3_large_1",0.46207747
"TCTGGTATCTGTAGCC-1","R3_large_1",0.2513768
"TCTGGTCCTCCACTGT-1","R3_large_1",0.4042116
"TCTGTCACCGTTAATA-1","R3_large_1",0.53434646
"TCTTACATTACTTCGC-1","R3_large_1",0.014217714
"TCTTACCGCACTGAAT-1","R3_large_1",0.039646305
"TCTTACCGCTCGTATG-1","R3_large_1",0.03340026
"TCTTACCGGATCCGCT-1","R3_large_1",0.011625068
"TCTTACGAATCAGTGC-1","R3_large_1",0.5704575
"TCTTACGAGGAATAAG-1","R3_large_1",0.2774165
"TCTTACGAGGCCGACA-1","R3_large_1",0.0924245
"TCTTACGGCCGCAACA-1","R3_large_1",0.23434761
"TCTTACTGAGACTAGT-1","R3_large_1",0.032461014
"TCTTAGATGCCTCCGA-1","R3_large_1",0.01422611
"TCTTAGTCGTCTCGGC-1","R3_large_1",0.80471957
"TCTTCGAACAGCGTTA-1","R3_large_1",0.017749121
"TCTTGCACCAATCTAT-1","R3_large_1",0.5193173
"TCTTGCCATCGTTGTA-1","R3_large_1",0.015477139
"TCTTGCTCCGTCGGCA-1","R3_large_1",0.048577856
"TCTTGTTATTCTTGAT-1","R3_large_1",0.67183405
"TGAACGAATCTTAATT-1","R3_large_1",0.48802587
"TGAACGGATCTGGTAC-1","R3_large_1",0.3876701
"TGAACTCAAGGTCGGT-1","R3_large_1",0.013606997
"TGAAGATACAATCTGC-1","R3_large_1",0.60037655
"TGAAGCACCGTCATGA-1","R3_large_1",0.33981973
"TGAAGTATGATCGTGC-1","R3_large_1",0.50036824
"TGAATGCGGTTATGGA-1","R3_large_1",0.5008392
"TGAATGTACCTTCGTC-1","R3_large_1",0.38208792
"TGAATGTTGACATCGT-1","R3_large_1",0.032671157
"TGAATTATGCCGCAGT-1","R3_large_1",0.07288093
"TGAATTCGTGGTATAA-1","R3_large_1",0.023758516
"TGACAGTACTATTCTA-1","R3_large_1",0.11225131
"TGACATTACAACGCCG-1","R3_large_1",0.1268015
"TGACCAACAGATAGGT-1","R3_large_1",0.018069485
"TGACCAAGCTGCACAT-1","R3_large_1",0.26758415
"TGACCAAGTAAGGACC-1","R3_large_1",0.4268905
"TGACCAATCAGCCACG-1","R3_large_1",0.10088099
"TGACCACGAAGCCGAG-1","R3_large_1",0.34963042
"TGACCAGCACTCCAGC-1","R3_large_1",0.025770023
"TGACCAGGCTCATGCA-1","R3_large_1",0.46313477
"TGACCATGTACACTCA-1","R3_large_1",0.32204917
"TGACGCTCACCAAGCC-1","R3_large_1",0.011459511
"TGACGCTCGCGGTAGT-1","R3_large_1",0.34400332
"TGACGCTGCGATAGTA-1","R3_large_1",0.24868615
"TGACGGAGCGCTATAC-1","R3_large_1",0.35510576
"TGACTCCAAGTCTACC-1","R3_large_1",0.59416276
"TGACTCGGCCGACCGA-1","R3_large_1",0.4513662
"TGACTTAATGCGTTGG-1","R3_large_1",0.0202485
"TGACTTCGGCGTAACA-1","R3_large_1",0.060996704
"TGACTTGCACTCACGG-1","R3_large_1",0.16704248
"TGAGAACGAGTTCTGT-1","R3_large_1",0.21903966
"TGAGACAAGGACGACC-1","R3_large_1",0.017943207
"TGAGACAGAAGTGCTC-1","R3_large_1",0.012217009
"TGAGACCTGAGCCGAG-1","R3_large_1",0.3192253
"TGAGATGCTCTAATGA-1","R3_large_1",0.28143096
"TGAGCCGCGTGATCAT-1","R3_large_1",0.095148385
"TGAGCCTTGATGTATC-1","R3_large_1",0.0065113683
"TGAGGTAGGACTACTG-1","R3_large_1",0.82277805
"TGAGGTCGGCTCGGCT-1","R3_large_1",0.025615089
"TGAGGTGCTTAAGCGA-1","R3_large_1",0.0128814
"TGAGTAAGCGCAATCC-1","R3_large_1",0.009670481
"TGAGTATTCTAGGACT-1","R3_large_1",0.3890831
"TGAGTGACCTACTCGT-1","R3_large_1",0.29357243
"TGAGTGAGGCACGCCT-1","R3_large_1",0.027717983
"TGAGTTGTTAGCACCG-1","R3_large_1",0.754987
"TGATAAGCAGTAAGAA-1","R3_large_1",0.16044345
"TGATAGGAGCATCAAC-1","R3_large_1",0.45711002
"TGATCCGCACTCCTTA-1","R3_large_1",0.038245488
"TGATGGCTAATCCATA-1","R3_large_1",0.60279024
"TGATGGCTGCGACGAT-1","R3_large_1",0.019896273
"TGATTCGTCTGGATCT-1","R3_large_1",0.6852842
"TGCAACAGTGAAGCTC-1","R3_large_1",0.40618548
"TGCAACGTTACCTGGT-1","R3_large_1",0.0214996
"TGCACGAGTGTCAGCC-1","R3_large_1",0.017351873
"TGCACGCTCCTATCCG-1","R3_large_1",0.3157759
"TGCACGGCCTGTGATA-1","R3_large_1",0.11274368
"TGCACGGCTGAGACTT-1","R3_large_1",0.22444703
"TGCACGTAGTTCGAAG-1","R3_large_1",0.008441824
"TGCAGAACTATCAACT-1","R3_large_1",0.011005822
"TGCAGACAATACTGTT-1","R3_large_1",0.94125515
"TGCAGAGGAAGGCCTG-1","R3_large_1",0.0051423754
"TGCAGAGGTCGTAATT-1","R3_large_1",0.60941887
"TGCAGTACAACGAGTG-1","R3_large_1",0.015165587
"TGCAGTCGAGCACCAA-1","R3_large_1",0.0700337
"TGCATTAATGGCCACC-1","R3_large_1",0.024247942
"TGCATTCACTTCGCCG-1","R3_large_1",0.7677195
"TGCATTCGCCAGCGAT-1","R3_large_1",0.62541986
"TGCATTCTTACGGAGG-1","R3_large_1",0.013222356
"TGCATTGCTGTCGGCG-1","R3_large_1",0.0545108
"TGCCACAATGCTACCG-1","R3_large_1",0.26297548
"TGCCACTATCAGGCAG-1","R3_large_1",0.7936703
"TGCCACTCAACCGGCC-1","R3_large_1",0.04027005
"TGCCACTTAAGTGATG-1","R3_large_1",0.015060801
"TGCCAGCTATTGTAGA-1","R3_large_1",0.030616965
"TGCCGAATCAAGCGTC-1","R3_large_1",0.46455505
"TGCCGGAACTTAGGCA-1","R3_large_1",0.017494004
"TGCCGGCATTATAGAT-1","R3_large_1",0.55786973
"TGCCTAAGTTAATTAT-1","R3_large_1",0.36997387
"TGCCTATCAATGCCAT-1","R3_large_1",0.39859015
"TGCCTATCGGCTATGT-1","R3_large_1",0.20115672
"TGCCTTAGGCGTCTAT-1","R3_large_1",0.4290829
"TGCGAGCCAGACGAAT-1","R3_large_1",0.75380856
"TGCGATCGCAATGAGC-1","R3_large_1",0.029171154
"TGCGATTAGCTCCGCC-1","R3_large_1",0.29715917
"TGCGCCGAACGGACTC-1","R3_large_1",0.040271003
"TGCGCCGATCGCGAAG-1","R3_large_1",0.03977238
"TGCGCTCATAGAACGA-1","R3_large_1",0.00945446
"TGCGGACGATACGGAC-1","R3_large_1",0.526598
"TGCGGACTCACGTGAT-1","R3_large_1",0.86886716
"TGCGGAGGCTGGACCG-1","R3_large_1",0.030007983
"TGCGGATCGGATCTTA-1","R3_large_1",0.008141676
"TGCGTATCTTGTACCG-1","R3_large_1",0.396779
"TGCGTCCTAAGTTCCA-1","R3_large_1",0.4779062
"TGCGTCTGGATCGGAT-1","R3_large_1",0.42065448
"TGCGTGTCGGCGGATA-1","R3_large_1",0.03239267
"TGCGTTGTATTGCCTG-1","R3_large_1",0.009517154
"TGCTACGCTGCGTGGA-1","R3_large_1",0.75566775
"TGCTACTTGTGGCTGG-1","R3_large_1",0.5144245
"TGCTATCCATGTAATA-1","R3_large_1",0.08860378
"TGCTATCCTAAGACGA-1","R3_large_1",0.70347655
"TGCTATTGCGGCGTGG-1","R3_large_1",0.42468542
"TGCTCCTAACGGAAGA-1","R3_large_1",0.033888366
"TGCTGTCAGAACGAAG-1","R3_large_1",0.45832083
"TGCTGTCTTGTTAATG-1","R3_large_1",0.031972036
"TGCTGTGAAGTCAAGA-1","R3_large_1",0.01015715
"TGCTTACTCACCGGTC-1","R3_large_1",0.05935875
"TGCTTAGCTCCTGGCT-1","R3_large_1",0.049226236
"TGCTTATGACGCTGGC-1","R3_large_1",0.010421747
"TGGAAGCTCCATCGAC-1","R3_large_1",0.39387792
"TGGACTGAGTACCTAG-1","R3_large_1",0.38850757
"TGGAGTGAACGCGGTC-1","R3_large_1",0.24119082
"TGGAGTGATGGCTCTT-1","R3_large_1",0.33948955
"TGGAGTGCTCCTGATC-1","R3_large_1",0.11663611
"TGGATCATTGTAACGG-1","R3_large_1",0.14352822
"TGGATCCAGTCACTTC-1","R3_large_1",0.007092375
"TGGATCGGCCTCCATG-1","R3_large_1",0.011824826
"TGGCAAGCGACACTTA-1","R3_large_1",0.044674214
"TGGCATGCGTTCACGC-1","R3_large_1",0.18422017
"TGGCATGTTCGAACAG-1","R3_large_1",0.47818282
"TGGCCAACATTCTGAG-1","R3_large_1",0.050709985
"TGGCCAAGCTGGCACC-1","R3_large_1",0.53131485
"TGGCCACTCCGCGGAC-1","R3_large_1",0.48992524
"TGGCCAGAGTATCTCC-1","R3_large_1",0.09100474
"TGGCCGTCTATCAGGA-1","R3_large_1",0.35933495
"TGGCCTGACATACTCA-1","R3_large_1",0.8568548
"TGGCGACACTGCCGGA-1","R3_large_1",0.50943345
"TGGCGAGCCACTAGCG-1","R3_large_1",0.48890814
"TGGCGAGCTCCACGTG-1","R3_large_1",0.7781039
"TGGCTCCGCATCAGAT-1","R3_large_1",0.9070269
"TGGTACCAATACTTAC-1","R3_large_1",0.12396979
"TGGTACCAGATTGTTA-1","R3_large_1",0.016214093
"TGGTACGGACGTAGTT-1","R3_large_1",0.004970275
"TGGTACGGTCGGCGAA-1","R3_large_1",0.011139881
"TGGTACGTGCTGTTGA-1","R3_large_1",0.67464566
"TGGTACTGGTATCTTG-1","R3_large_1",0.10834853
"TGGTAGCATCAAGTCT-1","R3_large_1",0.8988423
"TGGTATGCAAGTCTAT-1","R3_large_1",0.21355397
"TGGTCGCCGGCTTACT-1","R3_large_1",0.47494563
"TGGTGCACGACCTTAG-1","R3_large_1",0.5121403
"TGGTGCATTGTAATCC-1","R3_large_1",0.3346492
"TGGTGCCTAGCACGGC-1","R3_large_1",0.02634223
"TGGTGCGAGGTCGTAT-1","R3_large_1",0.67037106
"TGGTTGTCTATCGACA-1","R3_large_1",0.01802342
"TGTAAGGTGAGCGACC-1","R3_large_1",0.46734276
"TGTAATACTACACGGT-1","R3_large_1",0.02241242
"TGTAATCATATGAGAC-1","R3_large_1",0.2324348
"TGTAATTGTATCCTCG-1","R3_large_1",0.59735596
"TGTACCAACTACGCAT-1","R3_large_1",0.2943753
"TGTACCACATACTGGT-1","R3_large_1",0.5262573
"TGTACCTGCAGGAACA-1","R3_large_1",0.3477499
"TGTAGGATCAGAGCGT-1","R3_large_1",0.0092559755
"TGTAGGTTCTGGCTTA-1","R3_large_1",0.02940206
"TGTATGGTGCCAAGGT-1","R3_large_1",0.40273035
"TGTCAACTCATCAACG-1","R3_large_1",0.06868281
"TGTCAAGCGGATCGGT-1","R3_large_1",0.4808543
"TGTCACTCCGTCAAGT-1","R3_large_1",0.01806302
"TGTCAGAAGTTGTAAC-1","R3_large_1",0.4117772
"TGTCATGCATGAGCAC-1","R3_large_1",0.38067913
"TGTCCATGTATGGAAT-1","R3_large_1",0.03686961
"TGTCGAGTGCGTTAGC-1","R3_large_1",0.5075322
"TGTCGATTCACGTAGT-1","R3_large_1",0.54211897
"TGTCGTTCATACGATA-1","R3_large_1",0.071211964
"TGTCTAAGCAGACGTA-1","R3_large_1",0.1375234
"TGTTAAGGAAGTCTTA-1","R3_large_1",0.34153062
"TGTTCAGAACGGTGTA-1","R3_large_1",0.49895388
"TGTTCAGATAACGGTC-1","R3_large_1",0.009175449
"TGTTCATAGTATGACG-1","R3_large_1",0.015520006
"TGTTCATTGGTCCAAG-1","R3_large_1",0.5716952
"TGTTCCTCACATTAAT-1","R3_large_1",0.031744834
"TGTTCGTGACCAGTAG-1","R3_large_1",0.68175185
"TGTTCTGCTCTGTCGT-1","R3_large_1",0.27210912
"TGTTGCGTCCAAGATT-1","R3_large_1",0.8594388
"TGTTGGAACGAGGTCA-1","R3_large_1",0.7233415
"TGTTGGATGGACTTCT-1","R3_large_1",0.016887613
"TGTTGGCCAGACCTAC-1","R3_large_1",0.24716152
"CGGCGTAGCGCTAGGA-1","R3_large_1",0.5473466
"CGGTCTGCGTATCTGG-1","R3_large_1",0.7065362
"TGGTATTGAGTTGTAA-1","R3_large_1",0.75083363
"TGTAGGTCACTACATG-1","R3_large_1",0.3111365
