"barcode","sample_id","dpt_pseudotime"
"AACAGGAAGAGCATAG-1","R3_large_2",0.057298012
"AACAGGTTATTGCACC-1","R3_large_2",0.28465378
"AACAGTCAGGCTCCGC-1","R3_large_2",0.028779669
"AACAGTCCACGCGGTG-1","R3_large_2",0.35962397
"AACAGTCGTGTCGCGG-1","R3_large_2",0.6079582
"AACATATTCTTGCGAA-1","R3_large_2",0.5137578
"AACATCGCGTGACCAC-1","R3_large_2",0.6206931
"AACATCTAATGACCGG-1","R3_large_2",0.044320684
"AACATCTTAAGGCTCA-1","R3_large_2",0.07240338
"AACATGACGCAGCGTG-1","R3_large_2",0.41793686
"AACCAAGGTATCAGGC-1","R3_large_2",0.19456689
"AACCACTAACATGATT-1","R3_large_2",0.114372686
"AACCACTGCCATAGCC-1","R3_large_2",0.079936214
"AACCATGAATTGCCTT-1","R3_large_2",0.09425402
"AACCGTGCTTATGTTG-1","R3_large_2",0.06525004
"AACCTACAGAGGTAGT-1","R3_large_2",0.5325956
"AACCTACCTACCGGTT-1","R3_large_2",0.305869
"AACCTACTGTAACTCA-1","R3_large_2",0.04387956
"AACCTGACAGTGCCGC-1","R3_large_2",0.48348114
"AACCTTAGCGTCCGGT-1","R3_large_2",0.055773553
"AACGAAGCGTGGAAGT-1","R3_large_2",0.19317007
"AACGAATTGACCGGTT-1","R3_large_2",0.1440471
"AACGAGCTAATAACTA-1","R3_large_2",0.43386495
"AACGCATGCCTCAATA-1","R3_large_2",0.13836034
"AACGGCACAGAATATT-1","R3_large_2",0.18953525
"AACGTCGCGACAAGGT-1","R3_large_2",0.063174635
"AACTAGCACTGTTCGA-1","R3_large_2",0.037759673
"AACTAGCATCACGTAC-1","R3_large_2",0.044469118
"AACTAGCCTTGCAATA-1","R3_large_2",0.059287217
"AACTAGCGCTCCAGTT-1","R3_large_2",0.38441658
"AACTATCGTCATAGTC-1","R3_large_2",0.07305
"AACTATCTAGCAGTAT-1","R3_large_2",0.59383696
"AACTATGCTGCATTCG-1","R3_large_2",0.07973657
"AACTATGTGCTTGTTA-1","R3_large_2",0.05740222
"AACTATTCTGCGGCCT-1","R3_large_2",0.29943183
"AACTCAACTTGACAGC-1","R3_large_2",0.024306692
"AACTCACCGAACTTAT-1","R3_large_2",0.15608796
"AACTCACCTCGGTGTT-1","R3_large_2",0.18263152
"AACTCACGGAGTACGT-1","R3_large_2",0.06395833
"AACTCAGATCCATGCC-1","R3_large_2",0.06083575
"AACTGCAACGTCCTGG-1","R3_large_2",0.04734944
"AACTGCCGGAGTAACA-1","R3_large_2",0.266133
"AACTGCGAACCTTACC-1","R3_large_2",0.9532399
"AACTGCGATCGACTAA-1","R3_large_2",0.3300213
"AACTGCGATGAATAGG-1","R3_large_2",0.22863583
"AACTGGATACTTCACT-1","R3_large_2",0.07228079
"AACTTATGATACGTAC-1","R3_large_2",0.2471619
"AACTTCAAGGATAATC-1","R3_large_2",0.02945916
"AACTTCACAATAACTG-1","R3_large_2",0.19619079
"AACTTCAGATACTACC-1","R3_large_2",0.027165018
"AACTTCAGCATGGCCG-1","R3_large_2",0.51580673
"AACTTGCAACTTGGAC-1","R3_large_2",0.104638465
"AACTTGTTGACCGATA-1","R3_large_2",0.8769435
"AAGACAATCTCCTGCA-1","R3_large_2",0.049640276
"AAGACTCAAGGCTCCA-1","R3_large_2",0.39715955
"AAGACTGTCATAGTGC-1","R3_large_2",0.069786064
"AAGAGCAGATGTGCCA-1","R3_large_2",0.5351595
"AAGATACAGGCGAACG-1","R3_large_2",0.48627773
"AAGATAGGCTTGCTTA-1","R3_large_2",0.16252485
"AAGATAGTCGACCTTG-1","R3_large_2",0.12547301
"AAGATATTGGACGTCC-1","R3_large_2",0.050049484
"AAGATCTGTAACTTGT-1","R3_large_2",0.18173571
"AAGATGAAGGTCATCG-1","R3_large_2",0.6814507
"AAGATTAGGCTGTCTA-1","R3_large_2",0.30295184
"AAGATTATCTAGCATA-1","R3_large_2",0.036467146
"AAGATTCTGGTCGCGA-1","R3_large_2",0.034412004
"AAGATTGACACTCGAT-1","R3_large_2",0.15764166
"AAGCAAGAGCGTGATC-1","R3_large_2",0.37060753
"AAGCAGTATCAGAATC-1","R3_large_2",0.07482163
"AAGCAGTGTACACCGC-1","R3_large_2",0.120165564
"AAGCAGTGTAGAATCT-1","R3_large_2",0.25218245
"AAGCATCAAGCGTGAT-1","R3_large_2",0.14819665
"AAGCATTGAGTGGTTG-1","R3_large_2",0.22965778
"AAGCCACTATGTCTAA-1","R3_large_2",0.28528476
"AAGCCAGATATCAGAA-1","R3_large_2",0.26983428
"AAGCCAGATCCAACAT-1","R3_large_2",0.11107132
"AAGCCAGGCTGCTTGA-1","R3_large_2",0.051888335
"AAGCCATTATCGAAGG-1","R3_large_2",0.36910668
"AAGCGAGGAAGTGAAC-1","R3_large_2",0.5167605
"AAGCGTTCGTCTGTCC-1","R3_large_2",0.41350555
"AAGGACATAACCGCAC-1","R3_large_2",0.90225905
"AAGGAGGCACTCAATT-1","R3_large_2",0.055976644
"AAGGAGTGGCTACCAA-1","R3_large_2",0.0843533
"AAGGCAGTCTGATCAC-1","R3_large_2",0.074281834
"AAGGCATGAACAGCTC-1","R3_large_2",0.5402978
"AAGGCCAATTCAATAA-1","R3_large_2",0.04550055
"AAGGCCAGCAATCGCC-1","R3_large_2",0.003468678
"AAGGCCAGTCGCAATT-1","R3_large_2",0.04108207
"AAGGCCGACTATGTAA-1","R3_large_2",0.23763518
"AAGGCCGATTCTGAGC-1","R3_large_2",0.0057518925
"AAGGCCTCGCGAGGAA-1","R3_large_2",0.12910263
"AAGGCGAACTAGTAGA-1","R3_large_2",0.22493654
"AAGGCGACGGTGTCGG-1","R3_large_2",0.04855876
"AAGGCGAGGTTCATGT-1","R3_large_2",0.26100358
"AAGGCGCCGACAATCT-1","R3_large_2",0.063354656
"AAGGTGATCCGTGACG-1","R3_large_2",0.58549696
"AAGGTGTCCATTAAGA-1","R3_large_2",0.5957278
"AAGGTTCATGCGGTGC-1","R3_large_2",0.58181816
"AAGGTTGCAGAAGCAG-1","R3_large_2",0.79212916
"AAGGTTGCTGAGTTGA-1","R3_large_2",0.8473998
"AAGTACTACAGTAGAA-1","R3_large_2",0.45449325
"AAGTATTGTAGGTCGC-1","R3_large_2",0.64828116
"AAGTCGCTATCCTGTC-1","R3_large_2",0.26679435
"AAGTCGGACACTTCAG-1","R3_large_2",0.13930707
"AAGTCTACCGGTTGGA-1","R3_large_2",0.22409084
"AAGTCTGTCAATTCTT-1","R3_large_2",0.3650585
"AAGTGAGCCTGTTACA-1","R3_large_2",0.056867026
"AAGTGGACGAATCTAC-1","R3_large_2",0.5770978
"AAGTGGTTCCTCGCGT-1","R3_large_2",0.4753955
"AAGTTAAGCACTATAA-1","R3_large_2",0.029896777
"AAGTTACTATTACATC-1","R3_large_2",0.040680245
"AAGTTCCTATTGCTGG-1","R3_large_2",0.11034404
"AATAACATGTTACGTC-1","R3_large_2",0.026157677
"AATAACGTAACTGTGA-1","R3_large_2",0.06011582
"AATAACGTATTGAACA-1","R3_large_2",0.05111559
"AATAACTCTACGATGT-1","R3_large_2",0.50563157
"AATAACTTCATACGGA-1","R3_large_2",0.17538065
"AATACGAGAACACTCG-1","R3_large_2",0.35701263
"AATACGCATATCCAGA-1","R3_large_2",0.34528005
"AATACGGTACGGCCTA-1","R3_large_2",0.5126261
"AATACGTAGACAGTTA-1","R3_large_2",0.045517303
"AATAGATAGCCTAACC-1","R3_large_2",0.1834413
"AATAGCACGGAAGCGA-1","R3_large_2",0.123178765
"AATAGTCTGGAACAAT-1","R3_large_2",0.9103794
"AATAGTGCTCATAGAA-1","R3_large_2",0.035719614
"AATAGTGGAAGAGCAT-1","R3_large_2",0.04152403
"AATATTAGGCTTCTGG-1","R3_large_2",0.14585172
"AATCCGACCACGGTCC-1","R3_large_2",0.101651356
"AATCCGCCGACCTGAG-1","R3_large_2",0.067946024
"AATCCGCCTGGTCAAT-1","R3_large_2",0.047091775
"AATCCGGAGCTTGTCT-1","R3_large_2",0.13499135
"AATCGAACGGACGGAG-1","R3_large_2",0.073257655
"AATCGACTATCGCTAG-1","R3_large_2",0.12409986
"AATCTATCTAACCGAG-1","R3_large_2",0.5794812
"AATCTGCGAGACGTTC-1","R3_large_2",0.084037825
"AATCTTAGCCTCTGTC-1","R3_large_2",0.045850568
"AATGAACTACGTCCAG-1","R3_large_2",0.21371682
"AATGAAGAGGATGTAT-1","R3_large_2",0.111168616
"AATGAATCGGAAGGCA-1","R3_large_2",0.03144092
"AATGATCTTGACAGCG-1","R3_large_2",0.31748122
"AATGATTACAACCTAA-1","R3_large_2",0.006942897
"AATGCAATCACTGTCG-1","R3_large_2",0.37935838
"AATGCCGACGAGCAAC-1","R3_large_2",0.05549689
"AATGGAGGACCTGGTG-1","R3_large_2",0.11507067
"AATGGCATAGTATCAT-1","R3_large_2",0.052724168
"AATGGTCTCGAGCGCT-1","R3_large_2",0.116447985
"AATGGTGCGTCCTAAC-1","R3_large_2",0.45655853
"AATGGTTATTCTAGCT-1","R3_large_2",0.2616061
"AATGTACTTAACATCA-1","R3_large_2",0.043895744
"AATGTCAGGTCATTAC-1","R3_large_2",0.03809216
"AATTAGCTTAGGTGTA-1","R3_large_2",0.6714026
"AATTATACCTCAATGA-1","R3_large_2",0.02851202
"AATTCTAACATCGTGC-1","R3_large_2",0.2679244
"AATTCTCAGACGCAAC-1","R3_large_2",0.4954345
"AATTCTCGCACCAGTA-1","R3_large_2",0.27040958
"AATTCTTGCATTGGTC-1","R3_large_2",0.40562168
"AATTCTTGGATACGGA-1","R3_large_2",0.124183975
"AATTGAATTCACTAGA-1","R3_large_2",0.0640825
"AATTGCGGTGCTAATA-1","R3_large_2",0.31093907
"AATTGCGTCAGACACT-1","R3_large_2",0.34990484
"AATTGGAGACATGGAG-1","R3_large_2",0.42895064
"AATTGGCTTGAGTTGC-1","R3_large_2",0.04654404
"AATTGTAGAATCCTAG-1","R3_large_2",0.06601992
"ACAACGAGCGATCTGA-1","R3_large_2",0.07291822
"ACAACGCCGATAGTAT-1","R3_large_2",0.15973322
"ACAACGTGAATTCACG-1","R3_large_2",0.040664885
"ACAACGTGGAGCTACT-1","R3_large_2",0.11501007
"ACAACTAAGGTGTTAT-1","R3_large_2",0.32753572
"ACAACTAAGTGGCGCT-1","R3_large_2",0.11432238
"ACAACTGAATCCAGTC-1","R3_large_2",0.5064859
"ACAACTGTCGTGGATA-1","R3_large_2",0.024640668
"ACAATACACTTCCATC-1","R3_large_2",0.35762298
"ACAATACAGGCGCCGT-1","R3_large_2",0.08910749
"ACAATACGCCTTATTC-1","R3_large_2",0.5232899
"ACAATTGGTCGCGTAA-1","R3_large_2",0.07705397
"ACAGAATAAGATAGTG-1","R3_large_2",0.0401924
"ACAGAATCCGTTGCTT-1","R3_large_2",0.013506662
"ACAGAATGTCTTATTG-1","R3_large_2",0.058253348
"ACAGAATGTTGAGTCC-1","R3_large_2",0.20340979
"ACAGCCAGGCATAAGC-1","R3_large_2",0.211228
"ACAGGACTGAGCCGAT-1","R3_large_2",0.025221083
"ACATAAGCAATGCGGT-1","R3_large_2",0.1843812
"ACATCACTGGCGTTCG-1","R3_large_2",0.19003846
"ACATCGAATGCGAACC-1","R3_large_2",0.023115551
"ACATCGCCACAAGAGG-1","R3_large_2",0.42408544
"ACATCGGCTTACAAGG-1","R3_large_2",0.16588627
"ACATCGTCGGTCTACC-1","R3_large_2",0.048487004
"ACATCTACCTGTTCTA-1","R3_large_2",0.09480842
"ACATCTATCCGAACCA-1","R3_large_2",0.0619285
"ACATCTCGACAACCAC-1","R3_large_2",0.10124914
"ACATGTTCACCGGCAG-1","R3_large_2",0.047589406
"ACATGTTCCACTGATA-1","R3_large_2",0.071751475
"ACATGTTCCAGGACGT-1","R3_large_2",0.05906281
"ACATTCCTGAGTTCCG-1","R3_large_2",0.044287257
"ACATTGAAGGCGGTGC-1","R3_large_2",0.3451187
"ACATTGAATACGCATA-1","R3_large_2",0.074131854
"ACATTGATCGTAATCC-1","R3_large_2",0.22883394
"ACATTGCAGTTCGGCA-1","R3_large_2",0.070446014
"ACATTGGTTCACAGTG-1","R3_large_2",0.053443857
"ACCAAGCACTTGCGCA-1","R3_large_2",0.33345443
"ACCAAGGCTTCGCTAG-1","R3_large_2",0.14979626
"ACCAAGTGATGGTGAG-1","R3_large_2",0.2215399
"ACCAATCATGGTTCAT-1","R3_large_2",0.25078356
"ACCAATGAGCCTCATC-1","R3_large_2",0.03176588
"ACCAATGATCGCGGCC-1","R3_large_2",0.58898705
"ACCACGGAAGTTAATT-1","R3_large_2",0.041488837
"ACCACGGATCCGGATA-1","R3_large_2",0.009911964
"ACCACGGCCTCGCACC-1","R3_large_2",0.10700261
"ACCAGTATGAAGTTCC-1","R3_large_2",0.04483269
"ACCATAACTCCTCGTA-1","R3_large_2",0.52600414
"ACCATCCGTTCGAGTG-1","R3_large_2",0.08212641
"ACCATTAGATCGTGGC-1","R3_large_2",0.06260208
"ACCGAGAACGTGTTGG-1","R3_large_2",0.049033467
"ACCGATTCCGGATACT-1","R3_large_2",0.3169738
"ACCGATTGAGGATCTG-1","R3_large_2",0.7516572
"ACCGCAGGTCGAGTTG-1","R3_large_2",0.6467122
"ACCGGACGCCAAGCGT-1","R3_large_2",0.42944735
"ACCGGCACCATACTGC-1","R3_large_2",0.3100435
"ACCGGCACGTACGAAC-1","R3_large_2",0.04565823
"ACCGGCCGACCTGCAC-1","R3_large_2",0.14151959
"ACCGGCCTCAGGAGTT-1","R3_large_2",0.39181814
"ACCGGCTATCGTGCGG-1","R3_large_2",0.21628146
"ACCGTACACGACCGTC-1","R3_large_2",0.047372665
"ACCGTAGGCGGAGGTT-1","R3_large_2",0.46028233
"ACCTAAGTAGAACAGA-1","R3_large_2",0.49565876
"ACCTAAGTGATAATCA-1","R3_large_2",0.44832593
"ACCTAATGTTACCAAT-1","R3_large_2",0.043366387
"ACCTCCACAGAACTCA-1","R3_large_2",0.2334045
"ACCTCCGATTATAAGA-1","R3_large_2",0.083997235
"ACCTCCTAGAGGCATG-1","R3_large_2",0.30501664
"ACCTCGCACTAAGAGC-1","R3_large_2",0.42753688
"ACCTGAGCAGGACCGC-1","R3_large_2",0.36365053
"ACCTGCCACTATCAAT-1","R3_large_2",0.40688628
"ACCTGCCACTGCGGTT-1","R3_large_2",0.41318548
"ACCTGCTTATAGTTCG-1","R3_large_2",0.18688226
"ACCTGCTTGAGCCTGG-1","R3_large_2",0.26367968
"ACCTGCTTGCTACGAC-1","R3_large_2",0.041965913
"ACCTGTAACCGAATAA-1","R3_large_2",0.124454565
"ACCTGTCTGCGGTTGT-1","R3_large_2",0.10650543
"ACCTGTGGCGCTGCAA-1","R3_large_2",0.08137185
"ACCTGTGGTCACCTCG-1","R3_large_2",0.061067782
"ACCTTCAGACCTCGGT-1","R3_large_2",0.5826754
"ACCTTGGCTCTGTAAG-1","R3_large_2",0.49238595
"ACGAAGCTCATCCTCG-1","R3_large_2",0.7376666
"ACGACAAGCACTTCAC-1","R3_large_2",0.060490683
"ACGACTGAAGACTTAC-1","R3_large_2",0.05958044
"ACGAGGACCTGCTAGT-1","R3_large_2",0.1308176
"ACGAGTGCGTGCGTTC-1","R3_large_2",0.16070156
"ACGATGACTATTAGAT-1","R3_large_2",0.055365026
"ACGATGCTCCAATACA-1","R3_large_2",0.049973745
"ACGATGTCGCACAATC-1","R3_large_2",0.043465994
"ACGATGTCGTTGCCAA-1","R3_large_2",0.02673175
"ACGCAACGAAGAGTAT-1","R3_large_2",0.4588717
"ACGCAAGGCATAAGTC-1","R3_large_2",0.35395613
"ACGCAATAGTATACGA-1","R3_large_2",0.5770876
"ACGCCGGCATAGTCAG-1","R3_large_2",0.07455278
"ACGCGGCTCAAGTTCA-1","R3_large_2",0.79412013
"ACGCGTTCCAGCCTTC-1","R3_large_2",0.100556016
"ACGCGTTCGCGATCAT-1","R3_large_2",0.03952189
"ACGGCCGTGACATTAA-1","R3_large_2",0.04728233
"ACGGCCTTGCCAGAAC-1","R3_large_2",0.29312557
"ACGGCTATGGCATACC-1","R3_large_2",0.052339893
"ACGGCTTAACGATAGT-1","R3_large_2",0.44263068
"ACGGCTTACGTATGCC-1","R3_large_2",0.5468318
"ACGGCTTCAGGTACCG-1","R3_large_2",0.3538402
"ACGGCTTCCATCGGAA-1","R3_large_2",0.05483365
"ACGGCTTCGATTAAGC-1","R3_large_2",0.23302722
"ACGGTGTACGGTGCCA-1","R3_large_2",0.3542326
"ACGGTTACATCCGAAG-1","R3_large_2",0.5456363
"ACGGTTCACCTTCCGG-1","R3_large_2",0.29057512
"ACGGTTCGCAAGTAAC-1","R3_large_2",0.050631307
"ACGGTTCGTACAGTTG-1","R3_large_2",0.052139096
"ACGGTTCGTCCGACCG-1","R3_large_2",0.34655654
"ACGTCAGATTACTTCG-1","R3_large_2",0.60160595
"ACGTGAAGGTCGCCTC-1","R3_large_2",0.46597537
"ACGTTCACATGATCTG-1","R3_large_2",0.43860847
"ACGTTCCATTACCTCA-1","R3_large_2",0.4592491
"ACGTTCGTCCGCCTAT-1","R3_large_2",0.10318018
"ACGTTCTATGCACGAC-1","R3_large_2",0.33011147
"ACGTTCTGCCATAATC-1","R3_large_2",0.032996982
"ACTAATAGTCAACATA-1","R3_large_2",0.84438014
"ACTAATTCTATGCGCA-1","R3_large_2",0.8433093
"ACTACAATGACCGTAA-1","R3_large_2",0.2298443
"ACTAGATCTGAAGCGG-1","R3_large_2",0.09675333
"ACTATCAAGGACGGAA-1","R3_large_2",0.19731413
"ACTATGAGGTTCTGTC-1","R3_large_2",0.5649464
"ACTATTACCAGGTGCT-1","R3_large_2",0.0744537
"ACTATTAGACAGGCTG-1","R3_large_2",0.120239444
"ACTCAGCGGTAGATTG-1","R3_large_2",0.61151356
"ACTCAGCTCGAGTGTC-1","R3_large_2",0.35303575
"ACTCAGCTTCTGAGAC-1","R3_large_2",0.10708919
"ACTCAGTAGATACAAT-1","R3_large_2",0.2814752
"ACTCCACGTTCGCTAC-1","R3_large_2",0.46896854
"ACTCCAGGCCGAAGAC-1","R3_large_2",0.19020239
"ACTCCAGTAGCTCCAG-1","R3_large_2",0.49595213
"ACTCCTATGTTCCTAC-1","R3_large_2",0.008995192
"ACTCCTTGTCCAGACC-1","R3_large_2",0.10522268
"ACTCGAACGTTCGTTA-1","R3_large_2",0.2681767
"ACTCGAGTCCAAGTTG-1","R3_large_2",0.05140777
"ACTCGATAAGACCAGG-1","R3_large_2",0.49288785
"ACTCGATTGATATCCA-1","R3_large_2",0.15908268
"ACTCGTTCCTGATACA-1","R3_large_2",0.24007566
"ACTCTAAGCTTGCGCC-1","R3_large_2",0.031952377
"ACTCTACTTCCGCATT-1","R3_large_2",0.026360216
"ACTCTGACCTTACTGA-1","R3_large_2",0.30011442
"ACTCTTGCGGAGAACC-1","R3_large_2",0.028577697
"ACTGACGGCCATGTCT-1","R3_large_2",0.019172873
"ACTGACGTGATATTGG-1","R3_large_2",0.09105544
"ACTGACTCTGCTGGCC-1","R3_large_2",0.04903905
"ACTGACTGTCATCTAC-1","R3_large_2",0.080196746
"ACTGAGCGATTACTAA-1","R3_large_2",0.061611008
"ACTGATACAGAACGTC-1","R3_large_2",0.18525958
"ACTGATACCTTCACTA-1","R3_large_2",0.0352869
"ACTGATAGCACGGTCT-1","R3_large_2",0.20421015
"ACTGCAAGGCTTCTCG-1","R3_large_2",0.45084277
"ACTGGTAAGGCCTCAG-1","R3_large_2",0.057905633
"ACTGGTGATTCCGATC-1","R3_large_2",0.28605735
"ACTGGTTCTGAACGAT-1","R3_large_2",0.3228403
"ACTGTAGACAAGGAAT-1","R3_large_2",0.1087009
"ACTGTAGAGTGCCGGC-1","R3_large_2",0.41946274
"ACTGTATGATCCTCAT-1","R3_large_2",0.10627956
"ACTGTATTCTAGTCCA-1","R3_large_2",0.65205526
"ACTTAAGCCAGTAGGA-1","R3_large_2",0.054172575
"ACTTCGACGGATCATT-1","R3_large_2",0.17797096
"ACTTGAATTAGCCGGT-1","R3_large_2",0.058680836
"AGAACAGGAGCATGGA-1","R3_large_2",0.03881344
"AGAACATACTGGTCGT-1","R3_large_2",0.42246327
"AGAACTTCGATGCGTA-1","R3_large_2",0.15753846
"AGAAGCAATGAGGAAC-1","R3_large_2",0.11920852
"AGAAGCGATGTTCTAA-1","R3_large_2",0.5133424
"AGAAGCTTGCCTCCGC-1","R3_large_2",0.009713585
"AGAAGGATGGTATGAA-1","R3_large_2",0.22611462
"AGAAGGCGTAGAATAG-1","R3_large_2",0.061916903
"AGAAGTTAACCAGAGC-1","R3_large_2",0.319001
"AGAAGTTGAGCGCAAG-1","R3_large_2",0.3858981
"AGACAAGACGTATCGC-1","R3_large_2",0.13170612
"AGACATCTTAGCACCT-1","R3_large_2",0.07734459
"AGACCGCCGGCCAATG-1","R3_large_2",0.060307585
"AGACCGGACTGTCCAT-1","R3_large_2",0.0531069
"AGACCGGAGCAACGCT-1","R3_large_2",0.07820871
"AGACCGGTATCCGTGG-1","R3_large_2",0.05038992
"AGACCGTCACTGAGCT-1","R3_large_2",0.34539646
"AGACCGTCATTAGTTA-1","R3_large_2",0.3239372
"AGACGAGTATACGGAA-1","R3_large_2",0.035050843
"AGACGCGTGATGCATC-1","R3_large_2",0.45051846
"AGACGCTTGGCCTCAC-1","R3_large_2",0.9051375
"AGACGTAGGCGGACCG-1","R3_large_2",0.13477162
"AGACGTGGCGTTGAGT-1","R3_large_2",0.21883331
"AGACTACGTGCTCCAT-1","R3_large_2",0.15730697
"AGACTCATGACCTGGC-1","R3_large_2",0.013208703
"AGACTCCGCTTCGTAT-1","R3_large_2",0.375769
"AGACTCCTTATCATAC-1","R3_large_2",0.24241501
"AGACTCGACTCCTAAT-1","R3_large_2",0.87912357
"AGACTCTATTAGCGCT-1","R3_large_2",0.73925996
"AGACTGGAACCGTTGG-1","R3_large_2",0.339574
"AGACTGGTAAGGAGGT-1","R3_large_2",0.064025074
"AGATAACCAATACGCC-1","R3_large_2",0.03673957
"AGATACAAGGATGGTG-1","R3_large_2",0.28636247
"AGATACTAATCAGGCG-1","R3_large_2",0.03975491
"AGATAGGTGAATTGCC-1","R3_large_2",0.85682845
"AGATAGGTGACCGCGT-1","R3_large_2",0.3983024
"AGATCTAACGAGCTCA-1","R3_large_2",0.09794888
"AGATCTAACGTAATGT-1","R3_large_2",0.35997167
"AGATGCACGTAGGTGC-1","R3_large_2",0.05725727
"AGATGCTCCGTCATCT-1","R3_large_2",0.2884712
"AGATTGAGTTAGGAAC-1","R3_large_2",0.071080215
"AGATTGCGCCTCGCTC-1","R3_large_2",0.28514898
"AGCACCTCCAATCACG-1","R3_large_2",0.88928366
"AGCACGAGATAACGGT-1","R3_large_2",0.3809908
"AGCACGCTCGATCTAA-1","R3_large_2",0.10339079
"AGCACGGAGGCAGTCA-1","R3_large_2",0.38177836
"AGCACGTGCACCTCTG-1","R3_large_2",0.6031461
"AGCACTCATACAGAAC-1","R3_large_2",0.24320129
"AGCAGGTAAGTATCTG-1","R3_large_2",0.50695133
"AGCAGGTGCAATGGTT-1","R3_large_2",0.08803084
"AGCATGAGCGAATATT-1","R3_large_2",0.058644123
"AGCCAGATACTCGAAC-1","R3_large_2",0.6061291
"AGCCAGCGGCAAGCGT-1","R3_large_2",0.09988614
"AGCCAGCGTTACAGTC-1","R3_large_2",0.80821705
"AGCCATCCGTCAACTC-1","R3_large_2",0.3821699
"AGCCGTAGACTCTGAA-1","R3_large_2",0.05483221
"AGCCGTAGTGGAGTGC-1","R3_large_2",0.053441294
"AGCCGTATCTTCGTCT-1","R3_large_2",0.07235072
"AGCCGTATTCAACCGT-1","R3_large_2",0.07327222
"AGCCGTTGCATCCTAG-1","R3_large_2",0.055512402
"AGCCTACGGTGACCAA-1","R3_large_2",0.1432514
"AGCCTCCGAACTACCA-1","R3_large_2",0.039375048
"AGCCTCGCATGGTCCT-1","R3_large_2",0.06995918
"AGCCTCTATGCAGCAA-1","R3_large_2",0.56451887
"AGCGACAGCTACATCG-1","R3_large_2",0.18369526
"AGCGACATCCTTCTAA-1","R3_large_2",0.4889157
"AGCGACATTCGATCTG-1","R3_large_2",0.056307144
"AGCGACCGTTCTATAC-1","R3_large_2",0.9203439
"AGCGACTATGTATCTT-1","R3_large_2",0.06367635
"AGCGAGAACAGATTCT-1","R3_large_2",0.06018012
"AGCGCAGATGAGGTGC-1","R3_large_2",0.4411768
"AGCGCATCGTGGTCGA-1","R3_large_2",0.14466746
"AGCGGAATGTCGCTGT-1","R3_large_2",0.14778517
"AGCGGATCGCGGACAG-1","R3_large_2",0.45497254
"AGCGGTACGCCGAGAA-1","R3_large_2",0.124083966
"AGCGGTACGGCGCATC-1","R3_large_2",0.12219163
"AGCGGTTAATCGAAGT-1","R3_large_2",0.86108977
"AGCGGTTACAATACGC-1","R3_large_2",0.058278706
"AGCGGTTAGACTCGCC-1","R3_large_2",0.024697391
"AGCGTGCCTGTATGCC-1","R3_large_2",0.39774647
"AGCGTGTATGTACGGT-1","R3_large_2",0.4190613
"AGCGTTACAGTCCTGG-1","R3_large_2",0.09631416
"AGCGTTATAGCGCACT-1","R3_large_2",0.11298749
"AGCGTTGGCTCACGAT-1","R3_large_2",0.055002317
"AGCTACCAGCGTTACT-1","R3_large_2",0.35901865
"AGCTAGCGTACAGTAA-1","R3_large_2",0.4402477
"AGCTCACTATGCAGTT-1","R3_large_2",0.08433958
"AGCTCATTAACGAATG-1","R3_large_2",0.47874728
"AGCTCGACAGGCGATA-1","R3_large_2",0.060078416
"AGCTCGCATTAGGATT-1","R3_large_2",0.40325415
"AGCTGACGTAACGCTG-1","R3_large_2",0.43490472
"AGCTGTCCAGATGCTA-1","R3_large_2",0.72879875
"AGCTGTTCCGGTGATT-1","R3_large_2",0.022282476
"AGCTGTTGAAGGCCTT-1","R3_large_2",0.06135285
"AGCTTCGCTGCGGTCA-1","R3_large_2",0.08148375
"AGCTTGGATGCAAGCC-1","R3_large_2",0.098184586
"AGGACCAGTAACCTAA-1","R3_large_2",0.3149527
"AGGACCAGTGCGCCAG-1","R3_large_2",0.13290228
"AGGACCGTAGATGCTA-1","R3_large_2",0.2622329
"AGGACGAAGCCTCCTT-1","R3_large_2",0.25700015
"AGGACGAATGCTTCAA-1","R3_large_2",0.09226413
"AGGACGTATCGCCGTA-1","R3_large_2",0.040654458
"AGGACTAGGACCGCAG-1","R3_large_2",0.18319118
"AGGACTGAAGTGCCTT-1","R3_large_2",0.035158098
"AGGACTGGATGAAGAC-1","R3_large_2",0.28559896
"AGGAGCAGAACATCTT-1","R3_large_2",0.0043548513
"AGGAGCATAATCCACT-1","R3_large_2",0.07024883
"AGGAGCATCACTCAGC-1","R3_large_2",0.19181345
"AGGAGCATCTTAACTC-1","R3_large_2",0.071845025
"AGGAGCCGCTGAGTAG-1","R3_large_2",0.018793225
"AGGAGCCTCGAACGTT-1","R3_large_2",0.037247024
"AGGAGCCTTCGCCTTA-1","R3_large_2",0.32402706
"AGGAGCGAATGCGTTA-1","R3_large_2",0.8408722
"AGGATAGATAATTGGA-1","R3_large_2",0.092199445
"AGGATAGGCTCAGTTG-1","R3_large_2",0.14681955
"AGGATCAACATTCGTT-1","R3_large_2",0.5149119
"AGGATCCGTGAGGCGG-1","R3_large_2",0.13758539
"AGGATCGAGCACCGCC-1","R3_large_2",0.8270857
"AGGATCTTAATGGTGA-1","R3_large_2",0.2563331
"AGGATGAGTGCGTGCG-1","R3_large_2",0.41027474
"AGGATGCTCGACAGTC-1","R3_large_2",0.25030515
"AGGATTCCTTGCTGCG-1","R3_large_2",0.04683049
"AGGATTCTACGCCTAG-1","R3_large_2",0.079321474
"AGGCAATGTCAGCTGG-1","R3_large_2",0.21350545
"AGGCATGCATGGAATT-1","R3_large_2",0.41748518
"AGGCATTAAGTCTGGC-1","R3_large_2",0.044224385
"AGGCCGCAGAATAACG-1","R3_large_2",0.44173032
"AGGCCTGTCTAGTGGC-1","R3_large_2",0.5787399
"AGGCTGCGCAGCAACT-1","R3_large_2",0.12811011
"AGGCTTAGCATTAACC-1","R3_large_2",0.2963931
"AGGTACAGCTATGATA-1","R3_large_2",0.35132137
"AGGTACCAGACGCCAG-1","R3_large_2",0.046962317
"AGGTACGGAAGTCAAC-1","R3_large_2",0.39701885
"AGGTACTCTGCCACCG-1","R3_large_2",0.1519875
"AGGTGAAGTGACGACT-1","R3_large_2",0.28514352
"AGGTGAATCCACAACC-1","R3_large_2",0.053342372
"AGGTGAGGTAGAATAC-1","R3_large_2",0.14522433
"AGGTGATTGGCGGTAT-1","R3_large_2",0.03723447
"AGGTGGACTTGCCACC-1","R3_large_2",0.0070230365
"AGGTGGCTGTCGCCAA-1","R3_large_2",0.31492957
"AGGTTAGTGGCCATAG-1","R3_large_2",0.46109283
"AGTACCGAACCGCAAT-1","R3_large_2",0.44948772
"AGTACCGTTGTACGCC-1","R3_large_2",0.04607124
"AGTAGAGCATGGACGT-1","R3_large_2",0.04985998
"AGTATTACGGTATTCG-1","R3_large_2",0.15900946
"AGTATTAGCTGATCGA-1","R3_large_2",0.24746528
"AGTATTCGTCGGTATC-1","R3_large_2",0.10677568
"AGTATTGGTATGTCTA-1","R3_large_2",0.5577299
"AGTCGGACCGTGCTTA-1","R3_large_2",0.017994937
"AGTCGGTTATACATAG-1","R3_large_2",0.11466857
"AGTCGGTTGGTTGGCG-1","R3_large_2",0.32753336
"AGTCGTTGCCGCCAAC-1","R3_large_2",0.91322726
"AGTCGTTGCCTTACCT-1","R3_large_2",0.06641771
"AGTCTAGGATTGTCAC-1","R3_large_2",0.19353682
"AGTCTGTTACAATAGT-1","R3_large_2",0.22750469
"AGTGAGCGCCTGTCCT-1","R3_large_2",0.16888379
"AGTGAGGTCTGTGCTC-1","R3_large_2",0.2619175
"AGTGCAATAACTAACA-1","R3_large_2",0.061772563
"AGTGCAGCTTCATCGG-1","R3_large_2",0.3181897
"AGTGCTAACTCCTGGA-1","R3_large_2",0.23523109
"AGTGCTTCGCGGACGC-1","R3_large_2",0.85997576
"AGTGGTATGTCCAAGT-1","R3_large_2",0.3478184
"AGTGTAAGCCTGCAAG-1","R3_large_2",0.7638525
"AGTGTACCTCTGTATG-1","R3_large_2",0.29627982
"AGTGTCATGGTTGTGG-1","R3_large_2",0.020689687
"AGTGTCGTGGCATGTT-1","R3_large_2",0.12636656
"AGTGTCTAGGCTAATA-1","R3_large_2",0.25326386
"AGTGTCTGAACTGTGG-1","R3_large_2",0.23800547
"AGTGTCTTAAGCTTGT-1","R3_large_2",0.34110746
"AGTGTTCGAGGATGAA-1","R3_large_2",0.050764784
"AGTTAACGAGCCACTC-1","R3_large_2",0.27993968
"AGTTAGAAGGACGAAT-1","R3_large_2",0.74499613
"AGTTCGGCACATACGG-1","R3_large_2",0.15205635
"AGTTCGTGCAGACCTT-1","R3_large_2",0.023688601
"AGTTCGTGCATGTCGA-1","R3_large_2",0.28610379
"AGTTGGCAACGTTGTC-1","R3_large_2",0.09663679
"AGTTGTCCACAGACCA-1","R3_large_2",0.2308417
"ATAACCTAGAACCTGC-1","R3_large_2",0.05134677
"ATAACGCCTGTAGGCA-1","R3_large_2",0.40704706
"ATAAGACCAATCGCGG-1","R3_large_2",0.36667818
"ATAAGGAATAGAACAT-1","R3_large_2",0.019361963
"ATAAGGAGCCGTGATG-1","R3_large_2",0.8654787
"ATAAGGCGGACAAGTT-1","R3_large_2",0.28145075
"ATAAGTACCACGAGTT-1","R3_large_2",0.033474594
"ATAATCGTAGTTATTC-1","R3_large_2",0.08394677
"ATAATTAGTTCTACGG-1","R3_large_2",0.049830366
"ATAATTATCGACCACG-1","R3_large_2",0.0678033
"ATACAATTGCGGTATT-1","R3_large_2",0.07656423
"ATACAGATAGATTGAC-1","R3_large_2",0.31254345
"ATACATCACTGTCCGG-1","R3_large_2",0.63330126
"ATACATCATGCACCAA-1","R3_large_2",0.4303392
"ATACCATAGCCAATCG-1","R3_large_2",0.043955483
"ATACCGTTCCAGTCCA-1","R3_large_2",0.46781886
"ATACGACATCTAGACC-1","R3_large_2",0.10510528
"ATACGCGGTGAAGCCG-1","R3_large_2",0.7911708
"ATACGGTCCTTGTCTT-1","R3_large_2",0.2529587
"ATACTAGCCACTTCGC-1","R3_large_2",0.058523793
"ATACTAGCCATTAGTT-1","R3_large_2",0.10797616
"ATACTAGTAACTGAGT-1","R3_large_2",0.25605616
"ATACTATCCGAACATA-1","R3_large_2",0.8451497
"ATACTATGAATGTCTT-1","R3_large_2",0.19892772
"ATACTATGACTTCTTA-1","R3_large_2",0.16124429
"ATACTATGGTTACATT-1","R3_large_2",0.19959047
"ATACTGACTTCGGCAC-1","R3_large_2",0.024356255
"ATACTGGAGGATAACG-1","R3_large_2",0.07076125
"ATAGAACCTCTACCGA-1","R3_large_2",0.800622
"ATAGAACGTTCGATCT-1","R3_large_2",0.3661219
"ATAGAATTCTAGGCCG-1","R3_large_2",0.3560738
"ATAGACATGGCTATGG-1","R3_large_2",0.049361233
"ATAGATTGAGTTCGAG-1","R3_large_2",0.29302254
"ATAGCACCTGCTGTCT-1","R3_large_2",0.29273942
"ATAGCCGGCGACCGTC-1","R3_large_2",0.019360222
"ATAGCGGCGAGTAATT-1","R3_large_2",0.49809003
"ATAGCTTCGTGGAACG-1","R3_large_2",0.20828275
"ATAGGCCGATGATCTA-1","R3_large_2",0.7520198
"ATAGTCCGCCGTTGGC-1","R3_large_2",0.021682076
"ATAGTCGCTAAGGTAT-1","R3_large_2",0.24750765
"ATAGTGAGTGAGGATT-1","R3_large_2",0.118413255
"ATAGTGTCAGATGTAG-1","R3_large_2",0.08520038
"ATAGTTAAGCCTGCCG-1","R3_large_2",0.063867606
"ATAGTTAGTCCTTAAT-1","R3_large_2",0.29358205
"ATAGTTCGGTTCCAGA-1","R3_large_2",0.14118162
"ATCAAGGAGCTTACAT-1","R3_large_2",0.085997544
"ATCACCAGTTCGGCGA-1","R3_large_2",0.31796214
"ATCACTTAGGCCTTGT-1","R3_large_2",0.80170614
"ATCAGATACCAGCTGT-1","R3_large_2",0.0892967
"ATCAGTAAGCTCGCCG-1","R3_large_2",0.051835112
"ATCATTCACCAGATTG-1","R3_large_2",0.06329402
"ATCATTCCAACTTCGC-1","R3_large_2",0.88884014
"ATCATTCGGACAACAG-1","R3_large_2",0.07497588
"ATCCAACGCCACATCG-1","R3_large_2",0.36355507
"ATCCACATGTTGGACC-1","R3_large_2",0.3437113
"ATCCACGACACGAATG-1","R3_large_2",0.2919721
"ATCCACTCGTACTCGG-1","R3_large_2",0.0057810005
"ATCCGAACAGGCTCGA-1","R3_large_2",0.9197845
"ATCCGAGTACAGGAAT-1","R3_large_2",0.4065204
"ATCCGAGTACCACGTG-1","R3_large_2",0.2524727
"ATCCGAGTCACTTGTA-1","R3_large_2",0.11354304
"ATCCGATGACCTCGGA-1","R3_large_2",0.04739477
"ATCCGATGTCTGTCAC-1","R3_large_2",0.0471724
"ATCCGATTATCTACGT-1","R3_large_2",0.1406517
"ATCCGGATCGCCGTAT-1","R3_large_2",0.054942142
"ATCCGGATGACGTAAC-1","R3_large_2",0.23663104
"ATCCGGCGTAGTCTGA-1","R3_large_2",0.3622001
"ATCCGGTACCGTCCTT-1","R3_large_2",0.69905305
"ATCCGGTATCACAAGT-1","R3_large_2",0.06373554
"ATCCGTAGCTTCAGTA-1","R3_large_2",0.058819473
"ATCCGTAGTGTCGCTC-1","R3_large_2",0.40685564
"ATCCGTGGAACTTCAA-1","R3_large_2",0.03084951
"ATCCGTTATCGAAGGC-1","R3_large_2",0.24886768
"ATCCTCCAGCCATTGT-1","R3_large_2",0.16425873
"ATCCTCGTTCCAGGCC-1","R3_large_2",0.32630348
"ATCGAACATGCTAAGC-1","R3_large_2",0.09993792
"ATCGAACTCGTCCGGC-1","R3_large_2",0.3558259
"ATCGACAGCGGCAACA-1","R3_large_2",0.30900243
"ATCGCAGTAACTTATT-1","R3_large_2",0.017666228
"ATCGCAGTAATATCAG-1","R3_large_2",0.6348959
"ATCGCAGTCTATGGCA-1","R3_large_2",0.11933228
"ATCGCATCACGCATCT-1","R3_large_2",0.055701215
"ATCGGCTCTATGCCTC-1","R3_large_2",0.11318884
"ATCGTAACTACCTCTT-1","R3_large_2",0.21725832
"ATCGTAATCCACATGC-1","R3_large_2",0.35776484
"ATCGTACAACTGGCTA-1","R3_large_2",0.888331
"ATCGTACACCTATGCC-1","R3_large_2",0.0467577
"ATCGTACCGCGTACGC-1","R3_large_2",0.20614824
"ATCGTAGCATGTAGAT-1","R3_large_2",0.046386026
"ATCGTATTACTCGGAG-1","R3_large_2",0.3370977
"ATCGTATTGGAATCCT-1","R3_large_2",0.0660615
"ATCGTCCTAGTACGAA-1","R3_large_2",0.94521344
"ATCTACAGGAGTGCAC-1","R3_large_2",0.394946
"ATCTACGACAGCTCTT-1","R3_large_2",0.17212532
"ATCTCCTTGCGATACA-1","R3_large_2",0.108525716
"ATCTGAAGTATGCACG-1","R3_large_2",0.033798274
"ATCTGACCGGAGTCCT-1","R3_large_2",0.06021243
"ATCTGATACTTCATTA-1","R3_large_2",0.05642691
"ATCTGCCGTCTACAGC-1","R3_large_2",0.3473212
"ATCTTAAGCTCCTTGA-1","R3_large_2",0.17672476
"ATCTTAGACGCCTACT-1","R3_large_2",0.010062885
"ATCTTAGACTTGATCT-1","R3_large_2",0.62917596
"ATCTTAGATAGGTTCA-1","R3_large_2",0.039624926
"ATCTTAGTGGCATGGA-1","R3_large_2",0.50629044
"ATCTTATCAGCAATAC-1","R3_large_2",0.43068346
"ATCTTGGCTTCGTCCT-1","R3_large_2",0.37874952
"ATGAACAATCGATGCG-1","R3_large_2",0.040865146
"ATGAAGCTGAATCCAG-1","R3_large_2",0.05703384
"ATGACACTAATCGCAC-1","R3_large_2",0.046134423
"ATGACCAGACGGCCGG-1","R3_large_2",0.03172158
"ATGACCTCACTTAACC-1","R3_large_2",0.056622136
"ATGACGAGATCATTAA-1","R3_large_2",0.24256699
"ATGAGCATGGCATTCT-1","R3_large_2",0.9162605
"ATGAGCTACATGGAAG-1","R3_large_2",0.63042736
"ATGAGGAACGACCAGC-1","R3_large_2",0.13490078
"ATGAGTCTTAGGAAGG-1","R3_large_2",0.7770695
"ATGATAATGCACGCAC-1","R3_large_2",0.44716257
"ATGATTGATTCCGAAT-1","R3_large_2",0.22144207
"ATGCATCCTGACTCAC-1","R3_large_2",0.3743946
"ATGCATGGTTGCTGTA-1","R3_large_2",0.056381557
"ATGCATGTCGATGTGG-1","R3_large_2",0.57870615
"ATGCATTAGATATCCA-1","R3_large_2",0.41400072
"ATGCCGTCGATAAGAC-1","R3_large_2",0.037746005
"ATGCCTTCGTAAGTTA-1","R3_large_2",0.101231985
"ATGCTACTGAATAGTA-1","R3_large_2",0.06445293
"ATGCTCCGTTCTACTG-1","R3_large_2",0.2907461
"ATGCTCGCCTCCAATT-1","R3_large_2",0.30260915
"ATGCTGAATGCAATAG-1","R3_large_2",0.07131983
"ATGCTGACAGTTACAT-1","R3_large_2",0.09794801
"ATGCTGCGCTGTTGCA-1","R3_large_2",0.7358951
"ATGCTGCGGAACTACC-1","R3_large_2",0.6754339
"ATGCTGCGGATGGTTG-1","R3_large_2",0.567593
"ATGCTGGCTTACTACA-1","R3_large_2",0.15401308
"ATGGAGCGGACCGATT-1","R3_large_2",0.2294242
"ATGGAGGCCACGGCTT-1","R3_large_2",0.013949433
"ATGGAGGTTCACCGGT-1","R3_large_2",0.8576238
"ATGGCATTATGGCTCG-1","R3_large_2",0.15788785
"ATGTAAGAGCCACCTC-1","R3_large_2",0.29148296
"ATGTAATTGTCGTTCG-1","R3_large_2",0.34062272
"ATGTACATCGTGGTTA-1","R3_large_2",0.05779328
"ATGTACATGAACTCCG-1","R3_large_2",0.08108376
"ATGTACCGATCCAGAA-1","R3_large_2",0.06792058
"ATGTACTACCGACTTC-1","R3_large_2",0.04709802
"ATGTAGAAGCGAATAG-1","R3_large_2",0.053147163
"ATGTAGCCGACCAAGG-1","R3_large_2",0.067995936
"ATGTAGGTAACCGTAC-1","R3_large_2",0.37024742
"ATGTAGGTTGGCGAGG-1","R3_large_2",0.32586214
"ATGTATCCAAGGTGGC-1","R3_large_2",0.57191014
"ATGTATCCATAAGTTG-1","R3_large_2",0.09371793
"ATGTATGAGTACCGGA-1","R3_large_2",0.11532061
"ATGTATGTTATTGAAG-1","R3_large_2",0.16252114
"ATGTCATCAGGTTATG-1","R3_large_2",0.034502093
"ATGTCGGCTGTCGTAA-1","R3_large_2",0.086433835
"ATGTCGTTACCAGACG-1","R3_large_2",0.12892596
"ATGTCTGCGTTGCAGC-1","R3_large_2",0.43899575
"ATGTGAATCCATACGA-1","R3_large_2",0.49172953
"ATGTGAATTGCTGACC-1","R3_large_2",0.06655947
"ATGTGCTTGTGCTACC-1","R3_large_2",0.8681163
"ATGTTAAGATTACTGA-1","R3_large_2",0.39802936
"ATGTTACGCCATTCCT-1","R3_large_2",0.17201233
"ATGTTAGAATAGTACT-1","R3_large_2",0.0842785
"ATGTTAGACTATCTCA-1","R3_large_2",0.12450872
"ATGTTCGCAGAAGTCT-1","R3_large_2",0.07113978
"ATTAAGAATAACGCTT-1","R3_large_2",0.046135668
"ATTAAGCGTCCTGCCG-1","R3_large_2",0.24302886
"ATTACATGTTATTGAC-1","R3_large_2",0.35874608
"ATTACTCCGTGAAGCG-1","R3_large_2",0.055364788
"ATTACTGAGTGCCTCC-1","R3_large_2",0.037522323
"ATTACTGATATTCGCC-1","R3_large_2",0.10222918
"ATTACTTAACCACTTC-1","R3_large_2",0.49659598
"ATTAGATAAGACGGCG-1","R3_large_2",0.04174117
"ATTAGATTCGTACTCA-1","R3_large_2",0.1408278
"ATTAGCAGGATGTATT-1","R3_large_2",0.30565363
"ATTAGCCTCACTTCTA-1","R3_large_2",0.06631314
"ATTAGCGAGCATGCTG-1","R3_large_2",0.08278595
"ATTAGTGAGGTATCGC-1","R3_large_2",0.0408947
"ATTAGTTCACAGACTC-1","R3_large_2",0.06376436
"ATTAGTTGGACGTGAT-1","R3_large_2",0.06436847
"ATTATCACAACTCGGC-1","R3_large_2",0.3312895
"ATTATCAGTTCGATGC-1","R3_large_2",0.28042543
"ATTATCCATTGTGACA-1","R3_large_2",0.06190898
"ATTATCGAAGCCTAAG-1","R3_large_2",0.062115848
"ATTATCGAGTGCAGAT-1","R3_large_2",0.039856747
"ATTATCTAGATTAACG-1","R3_large_2",0.047875103
"ATTATCTTATTGAGAC-1","R3_large_2",0.20359735
"ATTATGTTAAGGTAGT-1","R3_large_2",0.2664274
"ATTCAAGATTAGTTGC-1","R3_large_2",0.095350526
"ATTCACATAGGATGAG-1","R3_large_2",0.04329384
"ATTCACCTGACCAGTT-1","R3_large_2",0.03819809
"ATTCACGCTGCCTAGG-1","R3_large_2",0.084118776
"ATTCACGCTGTTATCG-1","R3_large_2",0.18466379
"ATTCACTCACGTGCAC-1","R3_large_2",0.120213024
"ATTCAGCTCCTACTAA-1","R3_large_2",0.28052932
"ATTCAGTCACCGCCAT-1","R3_large_2",0.37748572
"ATTCATAGCGAAGCGT-1","R3_large_2",0.109410785
"ATTCATAGTTCTAACT-1","R3_large_2",0.80152744
"ATTCCATTGTGAACGC-1","R3_large_2",0.5544706
"ATTCCGCAACGCCGCT-1","R3_large_2",0.057163876
"ATTCCGGTTACATACC-1","R3_large_2",0.048833508
"ATTCCGTAAGGATTCC-1","R3_large_2",0.31439677
"ATTCCTGCCTTAACAG-1","R3_large_2",0.122162245
"ATTCCTTCGAAGGTGC-1","R3_large_2",0.36312726
"ATTCGCTCGCGGAGGC-1","R3_large_2",0.0052895416
"ATTCGGAAGCTATTAC-1","R3_large_2",0.17701417
"ATTCGTGCCGACATGT-1","R3_large_2",0.34413397
"ATTCTACGTGGCAGAT-1","R3_large_2",0.026391152
"ATTCTACTGGTCGTTC-1","R3_large_2",0.017546264
"ATTCTAGGACATCAGT-1","R3_large_2",0.2256302
"ATTCTAGTCCACAAGA-1","R3_large_2",0.11981366
"ATTCTTGGAGTGATAG-1","R3_large_2",0.04231287
"ATTGACGAGCAGCGAC-1","R3_large_2",0.6663901
"ATTGACGCATCTCAAC-1","R3_large_2",0.24267721
"ATTGACGCCAGCCAAG-1","R3_large_2",0.06820473
"ATTGACTGAATACTAT-1","R3_large_2",0.503616
"ATTGACTTATGTGGTA-1","R3_large_2",0.039506752
"ATTGCACGCATAACAG-1","R3_large_2",0.0751827
"ATTGCATATTGTTATC-1","R3_large_2",0.10682887
"ATTGCATCACTGACTG-1","R3_large_2",0.35310844
"ATTGCCTGATGTGCGG-1","R3_large_2",0.017906552
"ATTGCGTAGTTAGGAG-1","R3_large_2",0.054711446
"ATTGGCACCACGCCAT-1","R3_large_2",0.26777595
"ATTGGCCTAGGAATCG-1","R3_large_2",0.07130467
"ATTGGCCTTCCGTGCA-1","R3_large_2",0.5988639
"ATTGGCGAATTGCACT-1","R3_large_2",0.059663255
"ATTGGCTAACAGACAA-1","R3_large_2",0.54823655
"ATTGTTAAGTAGACTA-1","R3_large_2",0.03850278
"ATTGTTACGACTAGCG-1","R3_large_2",0.07628897
"CAACAGCCGCCTTGAG-1","R3_large_2",0.3060734
"CAACAGGTCAGAGGAC-1","R3_large_2",0.5642703
"CAACCGTACTGATCTT-1","R3_large_2",0.8037673
"CAACCGTATTACTGTA-1","R3_large_2",0.12332699
"CAACCGTTAACAGACC-1","R3_large_2",0.20021595
"CAACCGTTAATGTCAT-1","R3_large_2",0.34525308
"CAACCGTTCCACTCAC-1","R3_large_2",0.021596616
"CAACTGACAAGACAAG-1","R3_large_2",0.029430632
"CAACTGCATTCGACTC-1","R3_large_2",0.3817862
"CAACTTGGTACGATGT-1","R3_large_2",0.052444026
"CAAGATAAGTGCAATG-1","R3_large_2",0.19388776
"CAAGATAATGAGACCG-1","R3_large_2",0.8094023
"CAAGATTACCGATCAT-1","R3_large_2",0.16723645
"CAAGATTAGATGAGTT-1","R3_large_2",0.11059549
"CAAGATTCGTCAGCTG-1","R3_large_2",0.04215394
"CAAGCCGCCATAGAGG-1","R3_large_2",0.060487572
"CAAGCCTCCACTATCT-1","R3_large_2",0.14817905
"CAAGGCAAGCATCTCG-1","R3_large_2",0.05409405
"CAAGTACTCCGCATCG-1","R3_large_2",0.42117855
"CAAGTACTTATTAAGC-1","R3_large_2",0.18859527
"CAAGTACTTCAATAGT-1","R3_large_2",0.094151855
"CAAGTAGCCTCGATCC-1","R3_large_2",0.037257437
"CAAGTATCGGCAACCA-1","R3_large_2",0.25790042
"CAAGTCCATCGGCGGT-1","R3_large_2",0.51089686
"CAAGTCCGCTACCGTT-1","R3_large_2",0.06471658
"CAAGTCGCAGTCACTC-1","R3_large_2",0.051848553
"CAAGTGTTCGCCACGC-1","R3_large_2",0.05496239
"CAAGTGTTGACGGCCA-1","R3_large_2",0.54271734
"CAATAACTACATTAAC-1","R3_large_2",0.038318377
"CAATAACTCAGATGAG-1","R3_large_2",0.38955468
"CAATAAGAACCGACTT-1","R3_large_2",0.25873494
"CAATAAGCGGCCAGAT-1","R3_large_2",0.28291702
"CAATAAGGTAGCGATG-1","R3_large_2",0.19013153
"CAATAATCGTAGGATA-1","R3_large_2",0.41652095
"CAATCGTCGGAGCATG-1","R3_large_2",0.05082767
"CAATCGTGAAGTGATA-1","R3_large_2",0.40893942
"CAATCTGAGTCGACTC-1","R3_large_2",0.09706644
"CAATGCATTGACGGCA-1","R3_large_2",0.04691783
"CAATGCGGATGCTGGT-1","R3_large_2",0.019783963
"CAATGGCTGAGCGATT-1","R3_large_2",0.04325776
"CAATTGAACCGGCTCG-1","R3_large_2",0.030891478
"CACCAGGCACGCTATC-1","R3_large_2",0.5525095
"CACCATAGGTAACCAG-1","R3_large_2",0.82628673
"CACCGACAAGGCGTAT-1","R3_large_2",0.23216997
"CACCGAGTCTTGGACA-1","R3_large_2",0.42448342
"CACCTACATGATTGAT-1","R3_large_2",0.0615448
"CACCTACCGCTACCTT-1","R3_large_2",0.078482114
"CACCTAGACGAGCCGG-1","R3_large_2",0.05945432
"CACCTCGAGCGATGCT-1","R3_large_2",0.08283888
"CACCTCGAGGACTCTA-1","R3_large_2",0.3640063
"CACCTTGCGAGTTATG-1","R3_large_2",0.17938721
"CACGACCTCCGTCATA-1","R3_large_2",0.064237304
"CACGATCTTCGCCGAC-1","R3_large_2",0.076500684
"CACGCCACAATCGCAC-1","R3_large_2",0.07823714
"CACGCCACTCCTTCAT-1","R3_large_2",0.06147666
"CACGCTTATCAATCTT-1","R3_large_2",0.040457744
"CACGGCGACGGTGCCT-1","R3_large_2",0.06218882
"CACGGCGATACATACG-1","R3_large_2",0.131786
"CACGGCGTCAGCCTGC-1","R3_large_2",0.78027856
"CACGGCTGCGCTTGGC-1","R3_large_2",0.19533284
"CACGGCTTACTCCGTT-1","R3_large_2",0.0073737795
"CACGGTCTTGGTTAAT-1","R3_large_2",0.06006184
"CACGTACACTCGCACC-1","R3_large_2",0.24576323
"CACGTACGTAGCTCAT-1","R3_large_2",0.038289104
"CACGTAGGTAGGCTGA-1","R3_large_2",0.0557072
"CACGTCCAATTCGACT-1","R3_large_2",0.20283899
"CACGTGCCAGAATTCT-1","R3_large_2",0.8239667
"CACGTGGCGGCACTAG-1","R3_large_2",0.3336674
"CACGTTGCACATACCG-1","R3_large_2",0.051630158
"CACTACAATATTGCGG-1","R3_large_2",0.407686
"CACTACCTTCGCTTCA-1","R3_large_2",0.11299611
"CACTACTGCGGAATTG-1","R3_large_2",0.047694728
"CACTACTGGCTGAACC-1","R3_large_2",0.27083448
"CACTCAAGACGGACTA-1","R3_large_2",0.31140146
"CACTCAAGGCGGCACT-1","R3_large_2",0.3834766
"CACTCAATAAGCCGAA-1","R3_large_2",0.30555823
"CACTCAATAGTGATGC-1","R3_large_2",0.8098415
"CACTCAATGGTTCGGA-1","R3_large_2",0.12898295
"CACTCAGTACTCCGCT-1","R3_large_2",0.28702992
"CACTCGTAGGCCACGG-1","R3_large_2",0.44365966
"CACTGGATCGATACGA-1","R3_large_2",0.529884
"CACTGGTGGCGTCGTT-1","R3_large_2",0.3921596
"CAGAACATGATAGGAC-1","R3_large_2",0.49458838
"CAGAACATGCCTAGTG-1","R3_large_2",0.8186167
"CAGAACGTATCGACTT-1","R3_large_2",0.063286304
"CAGAAGATTAGAATGG-1","R3_large_2",0.3493713
"CAGAAGTCGCGGTTAT-1","R3_large_2",0.20950298
"CAGACACTTACAAGAC-1","R3_large_2",0.12341434
"CAGACGAATGAGGAAC-1","R3_large_2",0.09409637
"CAGACGATACAGATCG-1","R3_large_2",0.1782626
"CAGACGCAGTAGGTCT-1","R3_large_2",0.04293273
"CAGAGCAATGGCTTCT-1","R3_large_2",0.07508465
"CAGAGCTTGTACTCGC-1","R3_large_2",0.028706877
"CAGAGGCACTTAAGTC-1","R3_large_2",0.059231903
"CAGAGGCGAATTGCCA-1","R3_large_2",0.06537808
"CAGAGTCATGTACAGG-1","R3_large_2",0.12261657
"CAGATACAGCACTCGT-1","R3_large_2",0.79201007
"CAGATATGTCCTTAAG-1","R3_large_2",0.8917833
"CAGATTATCATAACGC-1","R3_large_2",0.3211455
"CAGCACGCTAATCAGA-1","R3_large_2",0.21756756
"CAGCATAGACTAGGCA-1","R3_large_2",0.2482213
"CAGCATCCTCGCCACT-1","R3_large_2",0.6210598
"CAGCCACGGCTCTACG-1","R3_large_2",0.51854914
"CAGCCAGTCCTGTCGG-1","R3_large_2",0.033552106
"CAGCCTGGTTGAACTA-1","R3_large_2",0.7239728
"CAGCGATAACTGAACC-1","R3_large_2",0.03218465
"CAGCGATAATGCGATT-1","R3_large_2",0.9398727
"CAGCTCACGCACTAGA-1","R3_large_2",0.22770758
"CAGCTCCTCGGATTCT-1","R3_large_2",0.038362093
"CAGCTGCCATAACCAG-1","R3_large_2",0.047433548
"CAGCTGGATGCGGCTA-1","R3_large_2",0.077614345
"CAGCTGGCGATAAGTG-1","R3_large_2",0.29560012
"CAGCTGTTGCCGGAGT-1","R3_large_2",0.11991426
"CAGCTTCACTACCGTG-1","R3_large_2",0.921817
"CAGCTTCTCCGCTCTT-1","R3_large_2",0.04674315
"CAGCTTGACGCCATTA-1","R3_large_2",0.5732345
"CAGCTTGGTTCGGTCG-1","R3_large_2",0.061015025
"CAGGACAGAAGGCTGG-1","R3_large_2",0.05621818
"CAGGACATGGTAATGC-1","R3_large_2",0.039565295
"CAGGAGCGTATCGCAT-1","R3_large_2",0.14846888
"CAGGCCAACAGCGAGT-1","R3_large_2",0.061531167
"CAGGTACCACTCGCGG-1","R3_large_2",0.28978047
"CAGTAATATCACTACG-1","R3_large_2",0.93743414
"CAGTACAGTTGTGGAA-1","R3_large_2",0.063512
"CAGTATACTGCAGCAA-1","R3_large_2",0.026849259
"CAGTATCTTACACTAA-1","R3_large_2",0.060669187
"CAGTATGCGTGGCGCT-1","R3_large_2",0.1705011
"CAGTCTGTGGCGCTGC-1","R3_large_2",0.5880036
"CAGTGAACAGCAACGA-1","R3_large_2",0.07647817
"CAGTGATATTGATGTC-1","R3_large_2",0.6597704
"CAGTTGCAACCGAGAT-1","R3_large_2",0.040475536
"CAGTTGCACGGACAGG-1","R3_large_2",0.2969795
"CAGTTGCGACTTCTCG-1","R3_large_2",0.037897125
"CAGTTGCTCACGTGTC-1","R3_large_2",0.29974017
"CATAAGTCTTCGAGTT-1","R3_large_2",0.081328355
"CATACCTCGATTGTTC-1","R3_large_2",0.16009416
"CATAGAACATTGAACA-1","R3_large_2",0.16404526
"CATAGACGAGGTATTA-1","R3_large_2",0.15453926
"CATAGCTTGACAACGG-1","R3_large_2",0.5156247
"CATATCAGACTATCCA-1","R3_large_2",0.5375277
"CATATGTTGACTGGCG-1","R3_large_2",0.17208448
"CATATTCATCCGCATT-1","R3_large_2",0.038440425
"CATATTCTTGTCGTAA-1","R3_large_2",0.043779377
"CATCAGGTAGGACCGT-1","R3_large_2",0.058274936
"CATCAGGTGCCTGATA-1","R3_large_2",0.23260915
"CATCAGTAATCAGACA-1","R3_large_2",0.008133752
"CATCCGGTACCAACGA-1","R3_large_2",0.0646674
"CATCCGTGCGGTCTAC-1","R3_large_2",0.037193876
"CATCCTAGTGGTATGT-1","R3_large_2",0.08770254
"CATCGCGGTCGGTGCG-1","R3_large_2",0.015771326
"CATCGGCATGTCGAAG-1","R3_large_2",0.31973115
"CATCGGCCTGCATATC-1","R3_large_2",0.038846582
"CATCGGTAGCGTCCGA-1","R3_large_2",0.03262036
"CATCTGGCCATACTAG-1","R3_large_2",0.105682164
"CATCTTACTTGCACTC-1","R3_large_2",0.6860362
"CATGATACTCAGGATT-1","R3_large_2",0.63460875
"CATGATGCTAGCCATG-1","R3_large_2",0.14013347
"CATGCAGAAGTCAGGA-1","R3_large_2",0.5044831
"CATGCAGGTAGTTGTA-1","R3_large_2",0.059186358
"CATGCATATTCTGCCT-1","R3_large_2",0.70618033
"CATGCGCTACTGGAGG-1","R3_large_2",0.5120895
"CATGCGGCCGGAATTC-1","R3_large_2",0.042168934
"CATGCTCATCTGAACG-1","R3_large_2",0.13391097
"CATGGTGAGGCAGCAT-1","R3_large_2",0.07917061
"CATTAAGTAGCTTACC-1","R3_large_2",0.6863586
"CATTAGGATAGTGAAT-1","R3_large_2",0.271311
"CATTAGGCAATGGTTA-1","R3_large_2",0.043973014
"CATTCTGTGCATGCTC-1","R3_large_2",0.034515478
"CATTGCGTGCCACCTT-1","R3_large_2",0.29463062
"CATTGGCGGTTGAGTC-1","R3_large_2",0.06425455
"CCAACTGGAGATTCAT-1","R3_large_2",0.05704611
"CCAACTTGCCACCGTA-1","R3_large_2",0.055159774
"CCAAGCCTGTATTAAT-1","R3_large_2",0.21939348
"CCAATACCAACACGCC-1","R3_large_2",0.29315007
"CCAATAGAAGACTTGG-1","R3_large_2",0.44582283
"CCAATAGCGGTACGTG-1","R3_large_2",0.3029346
"CCAATCTAACGTGACG-1","R3_large_2",0.34801048
"CCAATTATGACACTGG-1","R3_large_2",0.26494876
"CCACAACCAGCAGGTG-1","R3_large_2",0.6561447
"CCACAGGAAGATGTGC-1","R3_large_2",0.108441114
"CCACGAACGCTGCCGC-1","R3_large_2",0.048623566
"CCACGATCCTAATCCG-1","R3_large_2",0.32687727
"CCACGTCAATCAACAT-1","R3_large_2",0.7877384
"CCACGTGCCACCTCAA-1","R3_large_2",0.059543837
"CCACGTGGACTGCGGT-1","R3_large_2",0.52520025
"CCACTCCAGCACCTAC-1","R3_large_2",0.7438311
"CCACTCTGTAGTCGGA-1","R3_large_2",0.053569257
"CCAGAACCGTGCATCC-1","R3_large_2",0.24977447
"CCAGACAGAACCTAAG-1","R3_large_2",0.19650672
"CCAGACATCCGGTTCT-1","R3_large_2",0.3182041
"CCAGACATCGGCACGC-1","R3_large_2",0.05925446
"CCAGACCAGCGGCAAG-1","R3_large_2",0.4225365
"CCAGATAGACGAGGTG-1","R3_large_2",0
"CCAGATGATATGTAGG-1","R3_large_2",0.06612798
"CCAGCACTCGACTGAC-1","R3_large_2",0.024214447
"CCAGGTTACGAGACTG-1","R3_large_2",0.052135285
"CCAGTGTCACAGCGCC-1","R3_large_2",0.09263235
"CCAGTGTCTAGCTACG-1","R3_large_2",0.10757196
"CCATACGGAGCCAAGG-1","R3_large_2",0.13511428
"CCATAGCCGTACGCAC-1","R3_large_2",0.18446967
"CCATAGGACCGCCAAC-1","R3_large_2",0.032487046
"CCATAGTATTGTCTGC-1","R3_large_2",0.33630246
"CCATAGTTCGAGTAAG-1","R3_large_2",0.11390977
"CCATCGGACAACCGTG-1","R3_large_2",0.56953293
"CCATCTGTGGCATCGT-1","R3_large_2",0.050629664
"CCATGAACAATGCTCC-1","R3_large_2",0.39601126
"CCATGAACATCGTTGG-1","R3_large_2",0.79421324
"CCATGAGGCTATGCCA-1","R3_large_2",0.06768168
"CCATGGTTCCAATGTC-1","R3_large_2",0.12215947
"CCATTCCGGTTCTTCC-1","R3_large_2",0.48778772
"CCATTCGTCTGCTCTA-1","R3_large_2",0.4248839
"CCGAAGCCAGGTTCAG-1","R3_large_2",0.0643553
"CCGACAAGACTGTACT-1","R3_large_2",0.046815567
"CCGACAAGGCACGGTT-1","R3_large_2",0.9084937
"CCGACAGACTGTGCCT-1","R3_large_2",0.14963375
"CCGAGTAATACACGAG-1","R3_large_2",0.005013268
"CCGATGGAACATCAGC-1","R3_large_2",0.032382682
"CCGATTAGCGAGTGTA-1","R3_large_2",0.08126517
"CCGATTCCATAAGAGT-1","R3_large_2",0.3004288
"CCGATTCCTCACTACA-1","R3_large_2",0.15563306
"CCGCAAGGAAGGAGGC-1","R3_large_2",0.28360075
"CCGCAATCCGTGGTTG-1","R3_large_2",0.15778431
"CCGCAGTGATCACTGT-1","R3_large_2",0.84463364
"CCGCATGTAGTTAGAC-1","R3_large_2",0.2968625
"CCGCCACTGCGTTGGC-1","R3_large_2",0.09971827
"CCGCCATACTTCACCA-1","R3_large_2",0.13544978
"CCGCGACCGTAGCTAT-1","R3_large_2",0.043165863
"CCGCGAGGTGCGATGG-1","R3_large_2",0.13058726
"CCGCGGCCACAATCGG-1","R3_large_2",0.10080252
"CCGCGTAAGATTCCTT-1","R3_large_2",0.3566284
"CCGCGTATCGTTGCAG-1","R3_large_2",0.048026957
"CCGCGTCGTTGGTCTG-1","R3_large_2",0.02649645
"CCGCGTTACCTTGGCG-1","R3_large_2",0.24223281
"CCGCGTTGACGGAACG-1","R3_large_2",0.6429376
"CCGCTCAATCTGGAAC-1","R3_large_2",0.72339904
"CCGCTCATACAAGTCA-1","R3_large_2",0.018143058
"CCGCTCTGCTGAATTC-1","R3_large_2",0.1363107
"CCGCTCTGGATATCGG-1","R3_large_2",0.06018437
"CCGCTGTTGCCATACG-1","R3_large_2",0.06091708
"CCGGAGACAAGAATAA-1","R3_large_2",0.0784463
"CCGGATCTCCGAAGCG-1","R3_large_2",0.045315146
"CCGGCAATGAAGTGAA-1","R3_large_2",0.036952548
"CCGGCATAGGCAAGTG-1","R3_large_2",0.61254025
"CCGGCGAACCGTGCAC-1","R3_large_2",0.028944168
"CCGGCGAATGTACAGG-1","R3_large_2",0.45610946
"CCGGCGTCCTCATTGT-1","R3_large_2",0.65302986
"CCGGTGAAGCGGAGTG-1","R3_large_2",0.033557624
"CCGGTGGAGCTGGCTC-1","R3_large_2",0.13168378
"CCGGTGGCTTCTGAGC-1","R3_large_2",0.8816808
"CCGTATAATCTGGCCG-1","R3_large_2",0.058265164
"CCGTGAAGGATAACAG-1","R3_large_2",0.038358103
"CCGTGCACATCTGGCA-1","R3_large_2",0.215391
"CCGTGCTGGCAATATG-1","R3_large_2",0.22978647
"CCTAACGCGATTGCAT-1","R3_large_2",0.2588301
"CCTAACTTATGTTGGA-1","R3_large_2",0.40809566
"CCTAAGCATGCCTTGT-1","R3_large_2",0.038547184
"CCTAAGGTTACAGTAA-1","R3_large_2",0.11095293
"CCTAATAGCGGACAGA-1","R3_large_2",0.8141157
"CCTAATCCACAAGGAT-1","R3_large_2",0.16602585
"CCTAATCGGCAGTCAC-1","R3_large_2",0.04127361
"CCTAATGGCACTGTTC-1","R3_large_2",0.28201103
"CCTACCACTCCAGTTA-1","R3_large_2",0.039777625
"CCTACGAGCTGGCCGG-1","R3_large_2",0.03957338
"CCTAGTCAGTCCTTAT-1","R3_large_2",0.31337082
"CCTAGTGAATGTCTGC-1","R3_large_2",0.10474264
"CCTATCTATCAATCGC-1","R3_large_2",0.10944213
"CCTATGATGGTCAATG-1","R3_large_2",0.028998928
"CCTATGCCTTCTTGTT-1","R3_large_2",0.20639302
"CCTATGTCTTACCGGC-1","R3_large_2",0.03988863
"CCTCACAATACAACTG-1","R3_large_2",0.35696575
"CCTCACATGTACCTGG-1","R3_large_2",0.046243712
"CCTCACATGTCTTACT-1","R3_large_2",0.46814245
"CCTCACCTAGTGGCAA-1","R3_large_2",0.38547513
"CCTCACGTTACTCGCA-1","R3_large_2",0.38890752
"CCTCATGATTATCTGA-1","R3_large_2",0.30361566
"CCTCCGAAGCTGTACC-1","R3_large_2",0.07109154
"CCTCGATAGAATAGGA-1","R3_large_2",0.035282705
"CCTCGGAAGGCATGCA-1","R3_large_2",0.051830027
"CCTCTACCACGTATCG-1","R3_large_2",0.07256619
"CCTCTAGCTGGTCCGC-1","R3_large_2",0.04947689
"CCTCTATGTTGCTTAT-1","R3_large_2",0.18095385
"CCTCTTCGAGCGGTTG-1","R3_large_2",0.36811355
"CCTGAAGCAATGCACG-1","R3_large_2",0.36773854
"CCTGAAGTGCATGCAT-1","R3_large_2",0.05904728
"CCTGGATCTAGAGCCA-1","R3_large_2",0.7698642
"CCTGGATTGCGTAACA-1","R3_large_2",0.053493816
"CCTGGCAACGAACGTC-1","R3_large_2",0.44382596
"CCTGGCATACCTGTCA-1","R3_large_2",0.54956347
"CCTGGCTTATGGTCTG-1","R3_large_2",0.049428448
"CCTGTCATCCGGTATG-1","R3_large_2",0.0321403
"CCTGTCTAAGTAGGCT-1","R3_large_2",0.47079918
"CCTTAGTGGATCCACG-1","R3_large_2",0.3839751
"CCTTAGTTATACCAGA-1","R3_large_2",0.06250798
"CCTTATAGGTCTCAAC-1","R3_large_2",0.82977223
"CCTTGTCTACTTAGAC-1","R3_large_2",0.3179288
"CCTTGTCTAGTTCTTG-1","R3_large_2",0.10005655
"CGAACCAGAAGTCTGG-1","R3_large_2",0.021164501
"CGAACGTGAAGTCCAA-1","R3_large_2",0.16498972
"CGAAGACCGCCAGGCG-1","R3_large_2",0.30643585
"CGAAGAGCAGATGATT-1","R3_large_2",0.13367118
"CGAAGATCCGAAGGCA-1","R3_large_2",0.19673002
"CGAAGTCGTTGGCTCG-1","R3_large_2",0.058940202
"CGAATCCTGATAGGTG-1","R3_large_2",0.58745337
"CGAATTAAGTGGACTA-1","R3_large_2",0.064878576
"CGAATTACTGCTCCGG-1","R3_large_2",0.05075921
"CGACAAGTACTCCTTA-1","R3_large_2",0.05246315
"CGACAAGTGATGCGCA-1","R3_large_2",0.67495537
"CGACAATCATACGCAC-1","R3_large_2",0.60869163
"CGACAATTCGTCATGT-1","R3_large_2",0.06902336
"CGACATTGTATGGAGG-1","R3_large_2",0.19542941
"CGACCAGCCTTGATTA-1","R3_large_2",0.26665202
"CGACCTATACTGACGT-1","R3_large_2",0.32453352
"CGACCTATCTCGCAAG-1","R3_large_2",0.1196835
"CGACGCAGCCTTAGTC-1","R3_large_2",0.026619732
"CGACGCCAAGGTGCAA-1","R3_large_2",0.05733736
"CGACGCCGCAAGTAGC-1","R3_large_2",0.1424655
"CGACGCCGGAGTTGAG-1","R3_large_2",0.05034127
"CGACTAAGCGGCAGAC-1","R3_large_2",0.24066547
"CGACTAATCGGCTCCT-1","R3_large_2",0.36954167
"CGACTAATGTTAGGCT-1","R3_large_2",0.044253536
"CGACTATTGGTACTAT-1","R3_large_2",0.36579365
"CGACTGAACGAATGCT-1","R3_large_2",0.36041495
"CGACTTAGCGCTATCT-1","R3_large_2",0.17034355
"CGACTTCGCAAGCGGT-1","R3_large_2",0.70937014
"CGAGATGCCGCATCTT-1","R3_large_2",0.7773789
"CGAGCCTGCAAGGTTA-1","R3_large_2",0.13646953
"CGAGCGAGCCACGCTA-1","R3_large_2",0.08769883
"CGAGCGGCACAGTAGG-1","R3_large_2",0.4824831
"CGAGCGTAATGGAGTG-1","R3_large_2",0.17331772
"CGAGCGTGAAGTTAGC-1","R3_large_2",0.650097
"CGAGCGTGCATTGTGG-1","R3_large_2",0.051708993
"CGAGCGTGGACTGGAA-1","R3_large_2",0.58148116
"CGAGCTAAGGCCTGTA-1","R3_large_2",0.28035605
"CGAGCTATGTCCTCGC-1","R3_large_2",0.35096392
"CGAGCTTAGAATACCT-1","R3_large_2",0.054617427
"CGAGGACGTAATAGGC-1","R3_large_2",0.13083544
"CGAGGAGCATGCTATG-1","R3_large_2",0.2614552
"CGAGGAGCGTTCGTTA-1","R3_large_2",0.030699082
"CGAGGAGTCTAAGGAT-1","R3_large_2",0.047341987
"CGAGTCCATGTCAACA-1","R3_large_2",0.08297724
"CGATAAGGTGCCTGAC-1","R3_large_2",0.05735589
"CGATGACCTCATCCTC-1","R3_large_2",0.066600755
"CGATGAGGCCAACGTA-1","R3_large_2",0.045776416
"CGATGATCAGCTATAA-1","R3_large_2",0.35138407
"CGATGATCCTGCAGCC-1","R3_large_2",0.24380992
"CGATGCCGACCGTGAC-1","R3_large_2",0.37365532
"CGATGCCTGCTCACCG-1","R3_large_2",0.088495605
"CGATTAACTAATCTTA-1","R3_large_2",0.064507864
"CGCAACCATGCACCGA-1","R3_large_2",0.055626653
"CGCAAGTAGAGCTTGA-1","R3_large_2",0.309264
"CGCAATGTATCCAATG-1","R3_large_2",0.19156691
"CGCACGCAGGTAAGTC-1","R3_large_2",0.30852747
"CGCACGCATAATGGTG-1","R3_large_2",0.6577763
"CGCACGGCTGTCAGGT-1","R3_large_2",0.39746636
"CGCACGTAGCATTGTT-1","R3_large_2",0.008569571
"CGCACGTATGAAGGCC-1","R3_large_2",0.049350422
"CGCACTAACTACCGGT-1","R3_large_2",0.37869406
"CGCACTCACCAGCACG-1","R3_large_2",0.07550089
"CGCACTGTGAGCCTGT-1","R3_large_2",0.0980942
"CGCACTTAAGGCATGC-1","R3_large_2",0.06383723
"CGCAGAGCAGTCCGAG-1","R3_large_2",0.33202258
"CGCATCTTGACTTAGT-1","R3_large_2",0.36589736
"CGCATGAGGAGCGTCT-1","R3_large_2",0.20555669
"CGCATGGAATTCACGA-1","R3_large_2",0.17928822
"CGCCAACCTGGCGAAT-1","R3_large_2",0.7973807
"CGCCACATGCGTCCAA-1","R3_large_2",0.35816884
"CGCCATGAGGCGATGA-1","R3_large_2",0.0754322
"CGCCTCGAGCCACTCG-1","R3_large_2",0.05683461
"CGCCTCGGAACTGTGC-1","R3_large_2",0.28083885
"CGCCTCGTACGAAGGC-1","R3_large_2",0.08164396
"CGCCTCGTAGTCGTGA-1","R3_large_2",0.26563114
"CGCCTCTAATTCGCGG-1","R3_large_2",0.140968
"CGCCTCTACTCGGAAC-1","R3_large_2",0.2344568
"CGCCTCTGACTATTGT-1","R3_large_2",0.11323475
"CGCCTTAAGGTACGCT-1","R3_large_2",0.07520909
"CGCCTTACGAGTAGCG-1","R3_large_2",0.49199432
"CGCCTTAGCGGCCTCC-1","R3_large_2",0.96237236
"CGCCTTAGGATCGGCA-1","R3_large_2",0.040988557
"CGCCTTATCTTGGCGA-1","R3_large_2",0.04988507
"CGCCTTGACGTGAATC-1","R3_large_2",0.11359524
"CGCTAGACTTCATCAC-1","R3_large_2",0.44187415
"CGCTAGCCGCATGCAT-1","R3_large_2",0.035380263
"CGCTATAGCGATCGCC-1","R3_large_2",0.18437734
"CGCTATAGTCTTCATC-1","R3_large_2",0.46511912
"CGCTATGGTTGGTTAA-1","R3_large_2",0.5121933
"CGCTATTATGATACGT-1","R3_large_2",0.10439093
"CGCTGACATTGCGGTC-1","R3_large_2",0.56587636
"CGCTGACGGCACATGA-1","R3_large_2",0.22415583
"CGCTGCAATCGCTGTT-1","R3_large_2",0.2944733
"CGCTGCGAGTCCACAT-1","R3_large_2",0.05151119
"CGCTGCTATGACAGAC-1","R3_large_2",0.43096498
"CGCTGCTTCGCATACT-1","R3_large_2",0.029707588
"CGCTGTGACATAGGCA-1","R3_large_2",0.054987933
"CGCTTAGAATTCTTAC-1","R3_large_2",0.1867411
"CGCTTAGGCTGAGTCC-1","R3_large_2",0.28427616
"CGCTTGCGTACGGCAC-1","R3_large_2",0.15900269
"CGCTTGGCTTGGATCT-1","R3_large_2",0.2908859
"CGGACACTATGTATCA-1","R3_large_2",0.41304243
"CGGAGCCGCAATAGCC-1","R3_large_2",0.07592247
"CGGAGCGGTAAGACGC-1","R3_large_2",0.054015674
"CGGAGCTCTTCCAACG-1","R3_large_2",0.76941395
"CGGAGGCTAGTCGGCA-1","R3_large_2",0.8252372
"CGGAGTAAGGTGCGGT-1","R3_large_2",0.8468225
"CGGAGTGGCGACTAAG-1","R3_large_2",0.054555178
"CGGATGTTGAACCACG-1","R3_large_2",0.0034369838
"CGGATTGCGTCTACCT-1","R3_large_2",0.04993948
"CGGATTGTGCAGGAGC-1","R3_large_2",0.109483376
"CGGCAAGATGCGTCGG-1","R3_large_2",0.11005354
"CGGCAATTAATTGGAC-1","R3_large_2",0.8962818
"CGGCACTCCGGTTCGC-1","R3_large_2",0.19627428
"CGGCATGGCCGCTTGT-1","R3_large_2",0.04979024
"CGGCATTATCGCGTGG-1","R3_large_2",0.35671687
"CGGCCATCAACCGGCG-1","R3_large_2",0.20309708
"CGGCCTAACGATAATG-1","R3_large_2",0.040944558
"CGGCTGACCGCTCGCA-1","R3_large_2",0.58270663
"CGGCTTACGTGCACGA-1","R3_large_2",0.11016108
"CGGCTTATTCGCTAAT-1","R3_large_2",0.12702736
"CGGCTTCTACGATATG-1","R3_large_2",0.8981537
"CGGCTTGTGCCGGCCT-1","R3_large_2",0.21319954
"CGGTAGTGAGGCCGTT-1","R3_large_2",0.39790118
"CGGTATAGGATGAGCG-1","R3_large_2",0.08505022
"CGGTCAATTGGCCGAT-1","R3_large_2",0.9010925
"CGGTCCATACTTGAGC-1","R3_large_2",0.58417434
"CGGTCTAGATCGAATG-1","R3_large_2",0.049839415
"CGGTCTTGCTATTCTA-1","R3_large_2",0.052803535
"CGGTGAACTCCACCAG-1","R3_large_2",0.1383714
"CGGTTACCATCAACCA-1","R3_large_2",0.08871458
"CGGTTACGTCCATGAA-1","R3_large_2",0.49997032
"CGGTTATCTGTCTTAA-1","R3_large_2",0.049733486
"CGGTTGATTGAGCGCC-1","R3_large_2",0.32295612
"CGTAACATAAGTCATC-1","R3_large_2",0.45571697
"CGTAACATTCGCGATA-1","R3_large_2",0.28758487
"CGTAACATTGGCTGAG-1","R3_large_2",0.38956198
"CGTAACCGGTATGCTA-1","R3_large_2",0.124700695
"CGTAACCTGACATCGA-1","R3_large_2",0.5856591
"CGTAAGGATACGGCAC-1","R3_large_2",0.81144756
"CGTACAGACGAGGACC-1","R3_large_2",0.28260723
"CGTACAGGCCGCACTG-1","R3_large_2",0.48736918
"CGTACAGTAAGTAATG-1","R3_large_2",0.4823972
"CGTACATCACTGGATG-1","R3_large_2",0.04825071
"CGTAGCCTTGAGCAAG-1","R3_large_2",0.6580268
"CGTAGTACAAGGTACT-1","R3_large_2",0.056460794
"CGTAGTTCGTTGGTAG-1","R3_large_2",0.27662522
"CGTCCAATCTGCGTCC-1","R3_large_2",0.03360517
"CGTCCACCATTCGGTG-1","R3_large_2",0.0739793
"CGTCCATAATCCGCTT-1","R3_large_2",0.12974182
"CGTCCATCCTAGCATC-1","R3_large_2",0.055826005
"CGTCCATCGGTACCTA-1","R3_large_2",0.04032923
"CGTCGGCGGTAGATCA-1","R3_large_2",0.066974655
"CGTCTTGCAACTTCTG-1","R3_large_2",0.09877929
"CGTGAGCAATGGACAT-1","R3_large_2",0.07568721
"CGTGAGCTGTTATCGT-1","R3_large_2",0.04703976
"CGTGAGGAACATAGGT-1","R3_large_2",0.3141983
"CGTGAGGCCTACAAGT-1","R3_large_2",0.12536162
"CGTGCGGATTCATGTA-1","R3_large_2",0.4638376
"CGTGGCTACATCCATT-1","R3_large_2",0.17754588
"CGTGGCTCCTTGTCTT-1","R3_large_2",0.11389182
"CGTGTACGATGATTGT-1","R3_large_2",0.049682733
"CGTGTATGAGGCCAGG-1","R3_large_2",0.25738463
"CGTGTTAGATGGTATC-1","R3_large_2",0.11000815
"CGTTACAGTGCACTCA-1","R3_large_2",0.41829947
"CGTTACGTGCAGATGG-1","R3_large_2",0.12909839
"CGTTCTCGAGGTTCGC-1","R3_large_2",0.18602812
"CGTTGTGAGCAAGTGG-1","R3_large_2",0.06550676
"CTAACAGTATACCGGC-1","R3_large_2",0.2721367
"CTAACCTCACCGAAGA-1","R3_large_2",0.7415444
"CTAAGCCTAGGCTCAT-1","R3_large_2",0.38061324
"CTAAGCTCCACGATCA-1","R3_large_2",0.024039589
"CTAAGCTTACAGTACG-1","R3_large_2",0.0618916
"CTAAGTCAAGATCATG-1","R3_large_2",0.02377404
"CTAAGTGGCCGATTAG-1","R3_large_2",0.22013257
"CTAATCTGGCCGTGTT-1","R3_large_2",0.08210752
"CTAATGACATCATTCT-1","R3_large_2",0.18597478
"CTAATGAGCGAGGCTA-1","R3_large_2",0.09547122
"CTAATTATGTTGCCGC-1","R3_large_2",0.10401234
"CTACAACCGCTGTCTA-1","R3_large_2",0.049356923
"CTACAGAACCAGTTGA-1","R3_large_2",0.19172171
"CTACAGAATTAATGAC-1","R3_large_2",0.018971628
"CTACAGATCGGTCGCC-1","R3_large_2",0.03422889
"CTACAGATGGTCATAC-1","R3_large_2",0.30968598
"CTACAGGTAGAATTCC-1","R3_large_2",0.023558853
"CTACAGGTCGCTAAGC-1","R3_large_2",0.042229917
"CTACATGGTGACCGAA-1","R3_large_2",0.0127118435
"CTACCATCGATGAGAA-1","R3_large_2",0.09260213
"CTACCTGTAATAAGCA-1","R3_large_2",0.17001823
"CTACCTGTGCGATGTA-1","R3_large_2",0.22432595
"CTACCTTATCAACTGA-1","R3_large_2",0.02745546
"CTACGAATCAGCCTGG-1","R3_large_2",0.937243
"CTACGAATTGGCTGGT-1","R3_large_2",0.07325411
"CTACGAGCCGGACGGT-1","R3_large_2",0.04967424
"CTACGATGCGTCCGGC-1","R3_large_2",0.053104337
"CTACGCTACATCTGTT-1","R3_large_2",0.57313126
"CTACGCTTAGAAGTGC-1","R3_large_2",0.13678451
"CTACTGCTCCGACAGT-1","R3_large_2",0.06390065
"CTACTTATGAACATAA-1","R3_large_2",0.804496
"CTAGACCTATCGTGCC-1","R3_large_2",0.22111106
"CTAGACGATTGAGCTA-1","R3_large_2",0.024607753
"CTAGCAACCAGTGCGG-1","R3_large_2",0.16777787
"CTAGCATCGACTTGTT-1","R3_large_2",0.3804725
"CTAGCCGAAGATGGAC-1","R3_large_2",0.8033752
"CTAGCGCCTAGCTTAA-1","R3_large_2",0.56854767
"CTAGGACGCAAGCATT-1","R3_large_2",0.5090918
"CTAGTCAGGCGACAGT-1","R3_large_2",0.30907696
"CTAGTGTTCAGATCCG-1","R3_large_2",0.4800575
"CTAGTTATGTCCAAGG-1","R3_large_2",0.06668349
"CTAGTTCTACATGACG-1","R3_large_2",0.05097612
"CTAGTTGTGCGTCACT-1","R3_large_2",0.5664571
"CTATAACTACGCCTGG-1","R3_large_2",0.055629376
"CTATAACTCCTGGAGG-1","R3_large_2",0.07128045
"CTATAGATCCACAAGC-1","R3_large_2",0.23719287
"CTATAGGTTGATGCCT-1","R3_large_2",0.83812
"CTATCCATAATCGATA-1","R3_large_2",0.15807952
"CTATCCATTAGCTCGA-1","R3_large_2",0.2559597
"CTATCCGCTGCAATTG-1","R3_large_2",0.3214282
"CTATCCGTACGTTGGC-1","R3_large_2",0.3193756
"CTATCGAATGGTCTGT-1","R3_large_2",0.08004274
"CTATCGAGATGCCTAC-1","R3_large_2",0.47380662
"CTATCGATCTGCGTGA-1","R3_large_2",0.1635426
"CTATCGGATATCGGAG-1","R3_large_2",0.03952939
"CTATCGGCCGTCTGAC-1","R3_large_2",0.15680605
"CTATCGGCTTAACTAG-1","R3_large_2",0.20115848
"CTATCGTATCAGCGTG-1","R3_large_2",0.25217146
"CTATCGTATGATAGGA-1","R3_large_2",0.08658018
"CTATCGTTACAACCTT-1","R3_large_2",0.050120685
"CTATCGTTCCGCTCGT-1","R3_large_2",0.5222158
"CTATGCACCAATCCAG-1","R3_large_2",0.43828186
"CTATGCAGACCTCGCC-1","R3_large_2",0.6562087
"CTATGCCATTGGAGAA-1","R3_large_2",0.099315986
"CTATGGCCAACGCCGG-1","R3_large_2",0.36223066
"CTATGTCACTTGAACC-1","R3_large_2",0.38120228
"CTATGTGCCTTCAGGT-1","R3_large_2",0.18503672
"CTATTAAGCCAGCACT-1","R3_large_2",0.06568547
"CTATTAGACTAAGTGG-1","R3_large_2",0.39494404
"CTATTAGCGGCTTCGT-1","R3_large_2",0.20991234
"CTATTATGAGATACGA-1","R3_large_2",0.14970475
"CTATTATGGCACCTCG-1","R3_large_2",0.17307864
"CTATTCCTTACCTAGG-1","R3_large_2",0.69690496
"CTATTCGTCTTACATA-1","R3_large_2",0.05579517
"CTATTCTGCAACGCAC-1","R3_large_2",0.77995837
"CTATTCTGTAGGACCT-1","R3_large_2",0.07204155
"CTCAACATCCAGATTG-1","R3_large_2",0.097080365
"CTCAATTGGCGATTCC-1","R3_large_2",0.14006965
"CTCACCAGGAATTGAC-1","R3_large_2",0.12730798
"CTCACCAGTGTAAGTT-1","R3_large_2",0.7402104
"CTCACCGTGACTCGGA-1","R3_large_2",0.25950056
"CTCACCTGGCTTAGGT-1","R3_large_2",0.22073199
"CTCACCTTAATAAGAT-1","R3_large_2",0.014402698
"CTCACCTTCGGCGTCT-1","R3_large_2",0.9011446
"CTCACCTTCTGAAGTA-1","R3_large_2",0.28536832
"CTCACGTATTCAAGCG-1","R3_large_2",0.27747345
"CTCACGTTCGGTCTGC-1","R3_large_2",0.03205732
"CTCAGGCACGTCAGAC-1","R3_large_2",0.05306033
"CTCATAATAGCACCGT-1","R3_large_2",0.66319215
"CTCATAGCCAATGTCG-1","R3_large_2",0.058576245
"CTCATATGATAACTAT-1","R3_large_2",0.3068806
"CTCATATGTAACCGTG-1","R3_large_2",0.16102727
"CTCATCCTCGGCAAGT-1","R3_large_2",0.7794783
"CTCATCTATTCGATAC-1","R3_large_2",0.2550243
"CTCCAACCTTAGCCGG-1","R3_large_2",0.7993853
"CTCCAAGCGTCCTTCA-1","R3_large_2",0.059349615
"CTCCACTGGCTAATGG-1","R3_large_2",0.27190995
"CTCCGGATCCTCGCTC-1","R3_large_2",0.048223045
"CTCCGGTTCAGCGGAT-1","R3_large_2",0.25809836
"CTCCTACCTCGTGGTA-1","R3_large_2",0.54442513
"CTCCTACTTGAGTAAG-1","R3_large_2",0.041263692
"CTCCTTATCTTAAGAC-1","R3_large_2",0.14087209
"CTCCTTATGGAACCTT-1","R3_large_2",0.038132813
"CTCCTTGAATTGGCTA-1","R3_large_2",0.6539519
"CTCGATGCCGTGCGTC-1","R3_large_2",0.039851118
"CTCGATGTTGAACGGC-1","R3_large_2",0.046251986
"CTCGATGTTGCTATGT-1","R3_large_2",0.18138722
"CTCGCTGTTCATAGAT-1","R3_large_2",0.23125863
"CTCGGACTAACGTGGC-1","R3_large_2",0.36008528
"CTCGGATCGGAATACG-1","R3_large_2",0.058784742
"CTCGTCGCGATTAATT-1","R3_large_2",0.09844152
"CTCGTTCTGTCACGTT-1","R3_large_2",0.045612674
"CTCGTTGCACCTTAGG-1","R3_large_2",0.22475062
"CTGAAGCGGTTGCCAA-1","R3_large_2",0.108247034
"CTGAAGGAGCCTCACT-1","R3_large_2",0.3435968
"CTGAAGTGCTATGGCG-1","R3_large_2",0.3141386
"CTGAAGTGCTGAACTG-1","R3_large_2",0.06978491
"CTGAAGTTGCAGACAT-1","R3_large_2",0.058267813
"CTGAAGTTGGATCGGC-1","R3_large_2",0.13114075
"CTGACCGCCAATTAGG-1","R3_large_2",0.2563064
"CTGACGTATCCGCCAC-1","R3_large_2",0.21002981
"CTGACTGATTAGGCTG-1","R3_large_2",0.1918601
"CTGACTGTGGCCGGTT-1","R3_large_2",0.08454376
"CTGAGGTTCAGGCCAA-1","R3_large_2",0.14188579
"CTGATTACAATGTCCA-1","R3_large_2",0.83982044
"CTGATTAGGTGCCGAA-1","R3_large_2",0.12064448
"CTGATTATCAATAGAC-1","R3_large_2",0.03694756
"CTGATTGCTTCTAGAA-1","R3_large_2",0.4189313
"CTGCACTACACTCATT-1","R3_large_2",0.88542616
"CTGCATAATGGACCGC-1","R3_large_2",0.13096453
"CTGCCACGTGTTAATA-1","R3_large_2",0.40002123
"CTGCCGATTGCGATGT-1","R3_large_2",0.24214405
"CTGCCGCTTCGGCTGC-1","R3_large_2",0.056079604
"CTGCGGAAGCAGGCAC-1","R3_large_2",0.01901423
"CTGCGGCATGTAAGTA-1","R3_large_2",0.069623716
"CTGCTCATTAGAGTGC-1","R3_large_2",0.054933496
"CTGGAAGGCAACCGGA-1","R3_large_2",0.06188029
"CTGGAAGTCTAAGCTC-1","R3_large_2",0.07677369
"CTGGAATGGATAGTTC-1","R3_large_2",0.041004106
"CTGGAATGTCCGGCCT-1","R3_large_2",0.4084222
"CTGGCACTTCTGCGTC-1","R3_large_2",0.09513424
"CTGGCCTTGCATTCGG-1","R3_large_2",0.044783883
"CTGGCGCACTTACTGA-1","R3_large_2",0.40259832
"CTGGCGCATATCCGTG-1","R3_large_2",0.5305557
"CTGGCGGACAACGCAC-1","R3_large_2",0.041177172
"CTGGCTGGACGCTTGG-1","R3_large_2",0.1444716
"CTGGTAATTAATCTGG-1","R3_large_2",0.4641412
"CTGGTGAGGTCTCGTC-1","R3_large_2",0.29865426
"CTGGTGATCCTGAAGG-1","R3_large_2",0.049486395
"CTGGTGATCGCCGTAG-1","R3_large_2",0.33365792
"CTGGTGCACCATACCA-1","R3_large_2",0.4054166
"CTGGTGCGAGAAGCTT-1","R3_large_2",0.048768226
"CTGGTGCGTTCACGAG-1","R3_large_2",0.021687532
"CTGGTGCTACAGTATT-1","R3_large_2",0.045066807
"CTGGTGGCCAATAAGT-1","R3_large_2",0.053675517
"CTGGTGGCCTTCCGAC-1","R3_large_2",0.09703432
"CTGGTGGCTTAGACTC-1","R3_large_2",0.043062884
"CTGGTTGCGTTAATTG-1","R3_large_2",0.07909537
"CTGGTTGGACATCACC-1","R3_large_2",0.32247597
"CTGTATCGAAGTGGAT-1","R3_large_2",0.14384513
"CTGTATCGGAAGCTCC-1","R3_large_2",0.2559487
"CTGTCAGATCGATGCG-1","R3_large_2",0.07476587
"CTGTCAGGCTTCCTAA-1","R3_large_2",0.1583693
"CTGTCAGGTGGATCGT-1","R3_large_2",0.29635626
"CTGTCTATCCACATCT-1","R3_large_2",0.119722486
"CTGTGCGTGAGCCGTC-1","R3_large_2",0.06185667
"CTGTGGCTTGTCAGCT-1","R3_large_2",0.41486144
"CTGTGGTAAGCTAATA-1","R3_large_2",0.19914822
"CTGTTCGTATGCACCA-1","R3_large_2",0.059386585
"CTGTTCTGCTCAGGAC-1","R3_large_2",0.3233744
"CTGTTGCTACTCACAG-1","R3_large_2",0.4623261
"CTTAATACGGCTAGCA-1","R3_large_2",0.24930678
"CTTACGAACTCCGTCC-1","R3_large_2",0.024731742
"CTTACGACAACGATAC-1","R3_large_2",0.85065424
"CTTACGCAACTCAACG-1","R3_large_2",0.6987171
"CTTACGCCATGCACAG-1","R3_large_2",0.0554867
"CTTACGTCATCCTTAT-1","R3_large_2",0.06453916
"CTTAGCACGACAGAAC-1","R3_large_2",0.045358744
"CTTAGCCTAATGGTAA-1","R3_large_2",0.31587538
"CTTAGCCTGTAAGACA-1","R3_large_2",0.014805946
"CTTAGCGTAGCGTGCG-1","R3_large_2",0.32035723
"CTTAGCTACCATCTCA-1","R3_large_2",0.09111666
"CTTAGCTATCCTTGCG-1","R3_large_2",0.17232074
"CTTAGCTTAGTTCTCG-1","R3_large_2",0.22607678
"CTTAGTAATGCAACGA-1","R3_large_2",0.022454737
"CTTAGTCCTCATAAGT-1","R3_large_2",0.13825211
"CTTAGTCTCGACAACT-1","R3_large_2",0.16447933
"CTTAGTCTGTGCATCC-1","R3_large_2",0.8189157
"CTTAGTCTTCGATGTC-1","R3_large_2",0.036210723
"CTTAGTGCGTTGACGC-1","R3_large_2",0.45937598
"CTTAGTGGCTAAGACG-1","R3_large_2",0.8556257
"CTTAGTGGTACACGAC-1","R3_large_2",0.082091406
"CTTAGTTGAATCACCT-1","R3_large_2",0.45077962
"CTTAGTTGCTCGTTGT-1","R3_large_2",0.2676026
"CTTAGTTGGAGCGACC-1","R3_large_2",0.247011
"CTTATTCACTAGCTGG-1","R3_large_2",0.31848058
"CTTATTGAGTTCTGTA-1","R3_large_2",0.6933849
"CTTCAAGTAACAGCTT-1","R3_large_2",0.10938529
"CTTCAAGTCGACCTTC-1","R3_large_2",0.056696087
"CTTCAATCGTACTACG-1","R3_large_2",0.114267714
"CTTCATTGGATACCAC-1","R3_large_2",0.5302138
"CTTCCAATTGAAGATT-1","R3_large_2",0.17697273
"CTTCCACGCCTTCCTG-1","R3_large_2",0.34045362
"CTTCCACGTCACGCCA-1","R3_large_2",0.46872327
"CTTCCATAACCTTACG-1","R3_large_2",0.59319174
"CTTCCGTCGCTGCATC-1","R3_large_2",0.05427076
"CTTCGACCAAGCCGAG-1","R3_large_2",0.07293283
"CTTCGACTCCAGACTG-1","R3_large_2",0.39119995
"CTTCGAGTGATGGAAT-1","R3_large_2",0.45032325
"CTTCGATATGTAGGAG-1","R3_large_2",0.24194361
"CTTCGATGGACGTACC-1","R3_large_2",0.6450062
"CTTCGCACCTGGCGGA-1","R3_large_2",0.39160484
"CTTCGCCGCAACATTA-1","R3_large_2",0.027911471
"CTTCGGCTCACTACCT-1","R3_large_2",0.18010612
"CTTCTACTCAAGTCGT-1","R3_large_2",0.18445174
"CTTCTGAGCCAGGAAC-1","R3_large_2",0.6591351
"CTTCTGAGGTCGCATA-1","R3_large_2",0.36545566
"CTTGAGCCTTGTTCCA-1","R3_large_2",0.16316912
"CTTGAGTCCAAGGCTG-1","R3_large_2",0.05140243
"CTTGAGTCTAAGATCA-1","R3_large_2",0.007852596
"CTTGAGTCTTACAGTG-1","R3_large_2",0.7731354
"CTTGATGCAATCACAA-1","R3_large_2",0.05721707
"CTTGCCGGAAGACGCA-1","R3_large_2",0.07111766
"CTTGGACAGGTTAGAA-1","R3_large_2",0.09595141
"CTTGGACATTACAGGA-1","R3_large_2",0.12944645
"CTTGGACTTGTCTGTC-1","R3_large_2",0.7825008
"CTTGGAGGCCACCTGC-1","R3_large_2",0.605367
"CTTGGTTAGAGTCATC-1","R3_large_2",0.0668549
"CTTGTATCGTATGATT-1","R3_large_2",0.6076867
"CTTGTCAAGGCGTCAA-1","R3_large_2",0.04921144
"CTTGTCAGTTCGGTAA-1","R3_large_2",0.025966814
"GAACAAGGTCGAGCAA-1","R3_large_2",0.007768065
"GAACAGATCCGCTAGA-1","R3_large_2",0.21411273
"GAACATTCGACACGTA-1","R3_large_2",0.07318428
"GAACCTTAGTTGATTA-1","R3_large_2",0.108508185
"GAACGCCACGGTGGTT-1","R3_large_2",0.076101564
"GAACGCCAGTGCATAC-1","R3_large_2",0.019892797
"GAACGCTAGAAGGCTA-1","R3_large_2",0.16244796
"GAACTACAAGTAGGAG-1","R3_large_2",0.031160256
"GAACTATCGTCTCGTC-1","R3_large_2",0.40510333
"GAACTCATAGTGAGTG-1","R3_large_2",0.058062237
"GAACTCCTCATACATA-1","R3_large_2",0.016937155
"GAACTGTAACTCAGGC-1","R3_large_2",0.014217346
"GAAGCGATTGCCGAAT-1","R3_large_2",0.257794
"GAAGCGGCTGATCAGT-1","R3_large_2",0.06638341
"GAAGCGTCCATAGTTG-1","R3_large_2",0.0614465
"GAAGCTGTTCTACATC-1","R3_large_2",0.07112597
"GAAGCTTGACGCTTAA-1","R3_large_2",0.052141476
"GAAGGATGGTATACGT-1","R3_large_2",0.17265156
"GAAGTAGCTGAGTCTA-1","R3_large_2",0.27765113
"GAATACCTGCCACGGC-1","R3_large_2",0.03317583
"GAATACTAAGGCGAAT-1","R3_large_2",0.111903675
"GAATCACCAGTGATAC-1","R3_large_2",0.8502948
"GAATCATGAACCAGTG-1","R3_large_2",0.051024225
"GAATGACAACTAGTCA-1","R3_large_2",0.28784752
"GAATGACCACGTGCAG-1","R3_large_2",0.92751193
"GAATGAGTATAGACCA-1","R3_large_2",0.10057111
"GAATGGCCAAGGAGGC-1","R3_large_2",0.15009552
"GAATGTATTGGATCAA-1","R3_large_2",0.33855316
"GAATGTGCCTAGCAGA-1","R3_large_2",0.8690686
"GAATTAACCTTCAATT-1","R3_large_2",0.035117682
"GAATTCACAACTGCAG-1","R3_large_2",0.29016286
"GACAACCTAGGAGTCT-1","R3_large_2",0.06046703
"GACAACTTAACCAACC-1","R3_large_2",0.06690141
"GACAAGGTGGTCCGGC-1","R3_large_2",0.04913654
"GACAATCTATTAGATT-1","R3_large_2",0.2699017
"GACAATGACAAGCTTA-1","R3_large_2",0.9385013
"GACAGAGGTCGCTTCG-1","R3_large_2",0.061196547
"GACATCACCGTTGCGT-1","R3_large_2",0.107350826
"GACATCCTCAACCTCG-1","R3_large_2",0.15359773
"GACATTATCTTAATCT-1","R3_large_2",0.8340486
"GACCAATTGCGTCAGA-1","R3_large_2",0.8481001
"GACCACTCCTGACGTT-1","R3_large_2",0.4046702
"GACCGAAGACTGGCAG-1","R3_large_2",0.18291163
"GACCGAATCTAATACG-1","R3_large_2",0.04616516
"GACCGAGGCAACGTTC-1","R3_large_2",0.63615537
"GACCGGCCATGTACCG-1","R3_large_2",0.06702257
"GACCTGCTGTCGTGTA-1","R3_large_2",0.8534993
"GACCTGTCGATTGCAG-1","R3_large_2",0.769286
"GACGAGAAGTTACAGA-1","R3_large_2",0.0328622
"GACGAGCTGCACTCGT-1","R3_large_2",0.047811285
"GACGCCTCTTGATTGT-1","R3_large_2",0.0961597
"GACGGCTTAGGTGCGA-1","R3_large_2",0.37223387
"GACGGTGGTTGATGTC-1","R3_large_2",0.056735724
"GACGTACTGCGTGCGG-1","R3_large_2",0.029802589
"GACGTAGACTGCCGCA-1","R3_large_2",0.90097713
"GACGTCTTATCTCAGC-1","R3_large_2",0.2676004
"GACGTGGTGCTCCAGA-1","R3_large_2",0.051652588
"GACTACGAGTTCCATT-1","R3_large_2",0.06758703
"GACTACGCCTATAGCC-1","R3_large_2",0.047487814
"GACTAGATTAGCTAAC-1","R3_large_2",0.7889899
"GACTGAGGTGATTAAC-1","R3_large_2",0.7211581
"GACTGCCATAGAATAC-1","R3_large_2",0.3079513
"GACTGCGGTCTGCGTG-1","R3_large_2",0.18147752
"GACTTGAAGCCATAGC-1","R3_large_2",0.16810176
"GACTTGACGATGCTGT-1","R3_large_2",0.80930895
"GAGCACCATTCGCTGT-1","R3_large_2",0.50741315
"GAGCAGACTAGTGGTA-1","R3_large_2",0.11690199
"GAGCATCTCCAGTCTG-1","R3_large_2",0.12851991
"GAGCCAAGTTACTACA-1","R3_large_2",0.062994294
"GAGCCAGCTTACGGTA-1","R3_large_2",0.041781824
"GAGCCAGTATTGTCAA-1","R3_large_2",0.037882313
"GAGCCTCACGTATGTA-1","R3_large_2",0.064456396
"GAGCCTCCAGTACCGA-1","R3_large_2",0.13847654
"GAGCGATACTCCAGGC-1","R3_large_2",0.3471325
"GAGCGGTGTTATCAAC-1","R3_large_2",0.7167376
"GAGCTAACCTACTTAC-1","R3_large_2",0.4719201
"GAGCTGCGGTGGTAAT-1","R3_large_2",0.04491731
"GAGGAAGCCGATGTGA-1","R3_large_2",0.17139839
"GAGGACAGTGATCGGC-1","R3_large_2",0.55145055
"GAGGACGAGTCCTAGT-1","R3_large_2",0.33930102
"GAGGATACCAGGTACG-1","R3_large_2",0.45221427
"GAGGATCCAGAACTGG-1","R3_large_2",0.04350966
"GAGGATGAGGATCCTC-1","R3_large_2",0.1897036
"GAGGATGATAGGAAGG-1","R3_large_2",0.04020941
"GAGGCCACAAGGTGCA-1","R3_large_2",0.447541
"GAGGCCACTTCTAGAT-1","R3_large_2",0.11343878
"GAGGCCAGCAGAGGTT-1","R3_large_2",0.38385803
"GAGGCGCTCCATTCCT-1","R3_large_2",0.102696694
"GAGGTAACATTCGATC-1","R3_large_2",0.24375929
"GAGGTAACTAGACAGT-1","R3_large_2",0.40357813
"GAGGTACAACCTTCCG-1","R3_large_2",0.05071263
"GAGGTCACTGTAAGCT-1","R3_large_2",0.05940301
"GAGGTCCAAGTAGCTA-1","R3_large_2",0.2727421
"GAGGTGAGATCATTGG-1","R3_large_2",0.26593557
"GAGGTGAGGATTCATT-1","R3_large_2",0.25195038
"GAGGTGCCTCTTCGTG-1","R3_large_2",0.24916849
"GAGGTGGCTCGAGGTT-1","R3_large_2",0.255267
"GAGGTGTAGCAACTCA-1","R3_large_2",0.3483991
"GAGGTTAGATCGAAGA-1","R3_large_2",0.33059114
"GAGTAACGTGGCTTGA-1","R3_large_2",0.044169456
"GAGTAGACGCAGGCTC-1","R3_large_2",0.22760755
"GAGTAGATTATGGTTC-1","R3_large_2",0.49196923
"GAGTCACGTCCTTAGA-1","R3_large_2",0.32923862
"GAGTCCACGCCTGAAG-1","R3_large_2",0.041100346
"GAGTCCACTCATAACA-1","R3_large_2",0.03610433
"GAGTCCTCTAGCGACA-1","R3_large_2",0.04792036
"GAGTCTCGAGATAGTC-1","R3_large_2",0.06951404
"GAGTCTGACTATAGAA-1","R3_large_2",0.050053082
"GAGTCTGGTGAATGAG-1","R3_large_2",0.050041948
"GAGTGCAGCGTCATCG-1","R3_large_2",0.113173805
"GAGTGCGTACTGTAAC-1","R3_large_2",0.53687364
"GAGTGGAGCAAGCGCA-1","R3_large_2",0.25540417
"GAGTTAATCTCGTTAT-1","R3_large_2",0.37721506
"GAGTTAATTCCACTGG-1","R3_large_2",0.006232052
"GAGTTACTCAATGGAA-1","R3_large_2",0.108191326
"GAGTTAGCAGTAGATG-1","R3_large_2",0.12313266
"GAGTTCTATCGTGCCT-1","R3_large_2",0.06469227
"GATAAGCACGTGCGTA-1","R3_large_2",0.5478067
"GATAAGTTGGCGATTA-1","R3_large_2",0.031370256
"GATAATCAGCTATTGT-1","R3_large_2",0.041286584
"GATACATAACGCATGT-1","R3_large_2",0.7479402
"GATACGACTGAACAGA-1","R3_large_2",0.07429068
"GATACTTCACTCAGCA-1","R3_large_2",0.04968747
"GATACTTCTAGTGGAG-1","R3_large_2",0.14012776
"GATAGAGTGATAAGCT-1","R3_large_2",0.05351743
"GATAGATGTTGAAGAT-1","R3_large_2",0.0052402825
"GATATGCTCACGTTAC-1","R3_large_2",0.051964454
"GATCACGAACGTTGAG-1","R3_large_2",0.21867824
"GATCCGGACATACACC-1","R3_large_2",0.36369985
"GATCGTAACATTAATA-1","R3_large_2",0.58233565
"GATCGTAAGAGTCGCA-1","R3_large_2",0.22836663
"GATCGTGGCCACAACC-1","R3_large_2",0.100511715
"GATCGTTGATGGATGC-1","R3_large_2",0.3828785
"GATCGTTGGAATGACA-1","R3_large_2",0.3938773
"GATCGTTGTATCTACT-1","R3_large_2",0.210988
"GATCTTGTCATGATCT-1","R3_large_2",0.06552448
"GATGACTCTGAATCTT-1","R3_large_2",0.10447236
"GATGAGTGAACGGCTG-1","R3_large_2",0.10290393
"GATGCCAGACATAATG-1","R3_large_2",0.7076141
"GATGCGGTCCAGCTTA-1","R3_large_2",0.3662973
"GATGGACGGCAGATGA-1","R3_large_2",0.03948718
"GATGTAGCGAGGTCCA-1","R3_large_2",0.018254887
"GATTCCAAGTCCTGTA-1","R3_large_2",0.60107076
"GATTCCATACTGAACC-1","R3_large_2",0.07264168
"GATTCCATTGAGTTGA-1","R3_large_2",0.052768767
"GATTCCGCTATCGGCT-1","R3_large_2",0.78603864
"GATTCCGTGCGTATAC-1","R3_large_2",0.17406023
"GATTCCTGTTCGCACC-1","R3_large_2",0.44721478
"GATTGACTCCATGCGA-1","R3_large_2",0.041429255
"GATTGTCGCAACGAGG-1","R3_large_2",0.03276283
"GCAACAGCCTGCTCTA-1","R3_large_2",0.2001215
"GCAACAGCTCCTATGA-1","R3_large_2",0.071269
"GCAACAGGCCATTGAC-1","R3_large_2",0.3200898
"GCAAGAATGTTCCACC-1","R3_large_2",0.051541116
"GCAAGCACTACCGCCA-1","R3_large_2",0.37233526
"GCAATACATGAGGACA-1","R3_large_2",0.27592835
"GCAATCAACTCCAGAT-1","R3_large_2",0.107690565
"GCAATCGTGACTCCAA-1","R3_large_2",0.094960034
"GCAATTAATCAACGTA-1","R3_large_2",0.48002008
"GCAATTCCTATCATAC-1","R3_large_2",0.040275015
"GCAATTCTGTGACAGA-1","R3_large_2",0.039142407
"GCACAGTCTTGATAGA-1","R3_large_2",0.27646613
"GCACATGCCGGTCTGG-1","R3_large_2",0.049141925
"GCACCGAAGATGTCTA-1","R3_large_2",0.052852333
"GCACCTAGCCGAATCT-1","R3_large_2",0.010511795
"GCACCTAGTAATTATC-1","R3_large_2",0.05566993
"GCACCTTAATCGGATA-1","R3_large_2",0.062313575
"GCACCTTAGCCTCGCA-1","R3_large_2",0.2867748
"GCACGACTGGTGCGTA-1","R3_large_2",0.024434472
"GCACGAGCAGTACCGA-1","R3_large_2",0.34247592
"GCACGAGCTATTGTCG-1","R3_large_2",0.042924687
"GCACGAGGTCACGGAC-1","R3_large_2",0.42531812
"GCACGCATAGATTGCT-1","R3_large_2",0.095021196
"GCACGCTTCGTTGTTC-1","R3_large_2",0.045739777
"GCACGGAAGGATAGTA-1","R3_large_2",0.33577138
"GCACTCCGACTGGCGT-1","R3_large_2",0.057967365
"GCACTCTGTTGCCATA-1","R3_large_2",0.07020781
"GCACTGAATATGACAG-1","R3_large_2",0.033850104
"GCACTGCCTCGATGCG-1","R3_large_2",0.0566722
"GCACTGGACGCAGCAC-1","R3_large_2",0.33883026
"GCACTGTTGCGGCCTT-1","R3_large_2",0.05728915
"GCAGATAGTTGGAGAC-1","R3_large_2",0.62828183
"GCAGATCGGTAATTAT-1","R3_large_2",0.4373055
"GCAGCCGGATGCCGCA-1","R3_large_2",0.662714
"GCAGCGACAGTTCGGT-1","R3_large_2",0.2183762
"GCAGCGATCTAACGAA-1","R3_large_2",0.88974065
"GCAGGCTACCGTCCTT-1","R3_large_2",0.2688186
"GCAGGCTGGTTCCAAG-1","R3_large_2",0.08664437
"GCAGGTCACTACCTCA-1","R3_large_2",0.029931339
"GCAGGTGCTGATGCTT-1","R3_large_2",0.21791683
"GCAGTAGATGTCCAAT-1","R3_large_2",0.064449005
"GCAGTTCGGCATTAGC-1","R3_large_2",0.67769617
"GCAGTTGACAATAGAA-1","R3_large_2",0.09188476
"GCATGTCGAGTGTCTT-1","R3_large_2",0.022683902
"GCATTACCTGTCAAGA-1","R3_large_2",0.045389913
"GCATTGACTACAGCGA-1","R3_large_2",0.085686564
"GCATTGGTTACCAAGC-1","R3_large_2",0.21150379
"GCCAACGAGCGGCATA-1","R3_large_2",0.40249345
"GCCACGACCGTTAAGT-1","R3_large_2",0.2751064
"GCCACGCCTTAGTACG-1","R3_large_2",0.049449217
"GCCACTATAGACCATA-1","R3_large_2",0.0890483
"GCCAGACAGACGCCTA-1","R3_large_2",0.29744488
"GCCAGGCTTAATGGCC-1","R3_large_2",0.44130555
"GCCAGTTAATTCTTGC-1","R3_large_2",0.18396176
"GCCATTCTCGTGTAGA-1","R3_large_2",0.6771497
"GCCGAATCCACGACTC-1","R3_large_2",0.36724162
"GCCGATACGGTATCAG-1","R3_large_2",0.23362425
"GCCGATCGAGTGAAGT-1","R3_large_2",0.48843014
"GCCGCTTCTAAGGTGA-1","R3_large_2",0.35755667
"GCCGGCAATAGGCAGG-1","R3_large_2",0.03321627
"GCCGGCGAACCATTGT-1","R3_large_2",0.34545353
"GCCGGCGTAGGTGACG-1","R3_large_2",0.38521606
"GCCGTATGCCAGTCTT-1","R3_large_2",0.5280743
"GCCTATAGCATACCTT-1","R3_large_2",0.13185115
"GCCTCATGCGAGCAGG-1","R3_large_2",0.10205474
"GCCTCCTGCGGCCGTT-1","R3_large_2",0.20841482
"GCCTGGAACGTCTGCT-1","R3_large_2",0.8811305
"GCCTGGAGCAAGTTAG-1","R3_large_2",0.2651428
"GCCTGGTACATGGTCG-1","R3_large_2",0.09974163
"GCCTGGTCAGGTTGCC-1","R3_large_2",0.03323271
"GCCTGTGAAGTCGGCG-1","R3_large_2",0.06125222
"GCCTGTGACACCAGAA-1","R3_large_2",0.28926295
"GCCTGTGATAGATTGG-1","R3_large_2",0.026579237
"GCCTGTTAACGGACGA-1","R3_large_2",0.2546003
"GCCTGTTAGGTTGTGA-1","R3_large_2",0.49871907
"GCCTTCTGATTCCGTC-1","R3_large_2",0.02823756
"GCCTTCTGTCACGCTC-1","R3_large_2",0.023736656
"GCCTTGAGATCTGAGC-1","R3_large_2",0.2707908
"GCCTTGCCACTTCTGA-1","R3_large_2",0.06769884
"GCGAAGTTGGCGTGCA-1","R3_large_2",0.29181248
"GCGAATAGTGGCTAAT-1","R3_large_2",0.1280777
"GCGAATTGGCTAGCCA-1","R3_large_2",0.053028367
"GCGACCTCTACGTCCA-1","R3_large_2",0.07172183
"GCGAGCGGACCATAAC-1","R3_large_2",0.026781395
"GCGAGCGGTTGTCATG-1","R3_large_2",0.42089966
"GCGAGCTAACTCCTAG-1","R3_large_2",0.02529691
"GCGAGGATCGACCTTA-1","R3_large_2",0.054166712
"GCGAGTTGAACGTCGA-1","R3_large_2",0.35390154
"GCGATCTTGCTCACGC-1","R3_large_2",0.1499443
"GCGATGACCGTGTAAT-1","R3_large_2",0.06265741
"GCGATGGAGCTACATT-1","R3_large_2",0.21065624
"GCGATGTACTGCTATT-1","R3_large_2",0.04405412
"GCGGAGCCTGTAACAT-1","R3_large_2",0.055816315
"GCGGTCCTGTAGTCTG-1","R3_large_2",0.1614138
"GCGGTCGGCGTACCTT-1","R3_large_2",0.06754086
"GCGGTCGTTGATCTTG-1","R3_large_2",0.2576232
"GCGGTTCTGTGGACGT-1","R3_large_2",0.0531323
"GCGGTTGCCTCGACGG-1","R3_large_2",0.05075459
"GCGTAACGTTACAGGT-1","R3_large_2",0.16627163
"GCGTACCGGAACGACA-1","R3_large_2",0.15260917
"GCGTACCGGATGGCTC-1","R3_large_2",0.14385046
"GCGTACGAATCTAATC-1","R3_large_2",0.083927594
"GCGTCCTCTGCCGTTG-1","R3_large_2",0.616028
"GCGTCGGAATGCTGCC-1","R3_large_2",0.038681366
"GCGTCGGTCACGCCAG-1","R3_large_2",0.11699206
"GCGTCGTAGGCTCATC-1","R3_large_2",0.81979364
"GCGTTAATAGTCAGTA-1","R3_large_2",0.0630726
"GCGTTCGAGGCCACAA-1","R3_large_2",0.80555964
"GCTAACCATAGGCGTT-1","R3_large_2",0.03182605
"GCTACATCTGTACTCA-1","R3_large_2",0.1542905
"GCTACCATCCTGTAGA-1","R3_large_2",0.085974276
"GCTACCTAGTCCGTTC-1","R3_large_2",0.13414653
"GCTATCTGTCGCCGAG-1","R3_large_2",0.03194217
"GCTATGCGTGAACGGT-1","R3_large_2",0.3049788
"GCTCAACCACGGCAAC-1","R3_large_2",0.17832066
"GCTCATTGGTTCAACA-1","R3_large_2",0.19471939
"GCTCCGAGACTACATA-1","R3_large_2",0.07221377
"GCTCCGGCAACATGAT-1","R3_large_2",0.05064858
"GCTCGATCGCAGCCAC-1","R3_large_2",0.010552256
"GCTCGATGCTCGCATG-1","R3_large_2",0.2481861
"GCTCGCATCGTCATTA-1","R3_large_2",0.15084343
"GCTCGGAGATGAATGT-1","R3_large_2",0.038330544
"GCTCGTAACGGAGCAC-1","R3_large_2",0.49450648
"GCTGAATGACCGTGAG-1","R3_large_2",0.05031958
"GCTGACAGCCGGAGCG-1","R3_large_2",0.3950852
"GCTGAGGACAAGAAGT-1","R3_large_2",0.03939426
"GCTGCGCAATGGAAGC-1","R3_large_2",0.93109286
"GCTGCGTTATGTGGAC-1","R3_large_2",0.11519139
"GCTGGATGACTCTACC-1","R3_large_2",0.27275825
"GCTGTCGCGATGGTAG-1","R3_large_2",0.13128912
"GCTGTTGATAGTCTTA-1","R3_large_2",0.06933905
"GCTTAATAGAGGCGAG-1","R3_large_2",0.051408075
"GCTTAGACTACCAATG-1","R3_large_2",0.1301684
"GCTTCGATTGCGGTGC-1","R3_large_2",0.38449126
"GCTTCGCTCAAGCGAT-1","R3_large_2",0.030975299
"GCTTCTAAGTCTGACG-1","R3_large_2",0.2885261
"GCTTCTAGCCGAACAG-1","R3_large_2",0.44982526
"GCTTCTCCAGAACCGC-1","R3_large_2",0.18148415
"GCTTCTGTATCGACGC-1","R3_large_2",0.054013476
"GCTTCTGTTACGAGAA-1","R3_large_2",0.04991604
"GCTTCTTGAATCGGTT-1","R3_large_2",0.13246827
"GCTTGAACTCGCCATG-1","R3_large_2",0.5362323
"GCTTGACCTCCGCTTC-1","R3_large_2",0.08950836
"GCTTGAGCTCTTGACA-1","R3_large_2",0.5379918
"GCTTGCCATAGTGGAT-1","R3_large_2",0.2507979
"GCTTGCTCAGTGTCCG-1","R3_large_2",0.69614846
"GCTTGCTTACTTAACG-1","R3_large_2",0.056657866
"GCTTGGATCCAACCGG-1","R3_large_2",0.4102429
"GCTTGGCACTCCGTCT-1","R3_large_2",0.3363263
"GCTTGGCTGCGGTAAC-1","R3_large_2",0.11429694
"GCTTGGTGTTCGAACA-1","R3_large_2",0.061373316
"GGAACGATAACATTAT-1","R3_large_2",0.07053077
"GGAACTTCGACATGTC-1","R3_large_2",0.30036053
"GGAAGAATAACTAACC-1","R3_large_2",0.5122102
"GGAAGCAGTCATTCAG-1","R3_large_2",0.24791758
"GGAAGCATTAGAGGCA-1","R3_large_2",0.04147434
"GGAAGCTGAGATAAGG-1","R3_large_2",0.234131
"GGAAGTCTTGTCGCAT-1","R3_large_2",0.06249252
"GGAATGCGCCGACAGG-1","R3_large_2",0.39695844
"GGACAGGTCGCATAAT-1","R3_large_2",0.8111489
"GGACAGTGCGGCAACA-1","R3_large_2",0.020155847
"GGACCACTTATCGTTC-1","R3_large_2",0.10203945
"GGACCAGATAGGATGT-1","R3_large_2",0.28372604
"GGACCGATCTGGATTA-1","R3_large_2",0.049687974
"GGACGGTGCAGTAGGA-1","R3_large_2",0.26221973
"GGACGTACATACCAGA-1","R3_large_2",0.06449729
"GGACGTACTTCGGACA-1","R3_large_2",0.3059254
"GGACGTAGTGTAGAAG-1","R3_large_2",0.5432405
"GGACGTCGAGGATTCA-1","R3_large_2",0.07605644
"GGACGTTAGATTCAGG-1","R3_large_2",0.09682647
"GGACGTTGGAGGTGAT-1","R3_large_2",0.14330612
"GGACTCACGGTCCAAT-1","R3_large_2",0.54654646
"GGACTCGTTCCTCGGA-1","R3_large_2",0.8357198
"GGACTCTGAACCTGAG-1","R3_large_2",0.311712
"GGAGACTATTGTGACA-1","R3_large_2",0.56027573
"GGAGATAGGAATGGTC-1","R3_large_2",0.56343263
"GGAGATCCGTAGGATA-1","R3_large_2",0.062761866
"GGAGATCCTGTACCAG-1","R3_large_2",0.13430956
"GGAGATGCGTGCAGTA-1","R3_large_2",0.04271541
"GGAGATGTGCCATAAC-1","R3_large_2",0.32945323
"GGAGCAATGCGGTGCA-1","R3_large_2",0.75215423
"GGAGCCAGTCTGCTGA-1","R3_large_2",0.004180897
"GGAGCGAGTGTAACTT-1","R3_large_2",0.012685048
"GGAGGCACATAGCGTA-1","R3_large_2",0.55048096
"GGAGGCTCGCACTTAC-1","R3_large_2",0.3899795
"GGAGTCTAAGGCCGCT-1","R3_large_2",0.3761475
"GGAGTGTCCATGTATT-1","R3_large_2",0.22695234
"GGATAATTCAATGCTG-1","R3_large_2",0.29812744
"GGATCGATACCTCCGG-1","R3_large_2",0.57440805
"GGATCGCTGGCATATT-1","R3_large_2",0.06182115
"GGATCGGACGTCTTGT-1","R3_large_2",0.5871265
"GGATGTAACTAATCCG-1","R3_large_2",0.057419267
"GGATTCCGACGTGATG-1","R3_large_2",0.06852347
"GGATTCGATGTCCGGA-1","R3_large_2",0.046869177
"GGATTCGTGGTAATCA-1","R3_large_2",0.020188812
"GGCAATGCGAACTTAA-1","R3_large_2",0.4494739
"GGCACGACGGACGTCG-1","R3_large_2",0.48563245
"GGCACGTCCATAACCT-1","R3_large_2",0.05763618
"GGCAGCCGGCACTTCC-1","R3_large_2",0.47409984
"GGCAGCTCCTGGACGG-1","R3_large_2",0.018179603
"GGCAGGAAGTCTTCTA-1","R3_large_2",0.5913094
"GGCATAATCCTATCGC-1","R3_large_2",0.030495338
"GGCATAATCCTTCATG-1","R3_large_2",0.24201673
"GGCATACTATTGCACT-1","R3_large_2",0.2833069
"GGCCAAGATGGATGGC-1","R3_large_2",0.38856837
"GGCCAATAACGCTACA-1","R3_large_2",0.22328179
"GGCCAGTAGGTATGAG-1","R3_large_2",0.6836013
"GGCCATGCTCCTCGTG-1","R3_large_2",0.31111977
"GGCCATTAGCTAGTGG-1","R3_large_2",0.6785216
"GGCCGCCAACTATTGC-1","R3_large_2",0.04314293
"GGCCGGCGGTCTGTTA-1","R3_large_2",0.32871684
"GGCCGTCCAGTAGGAC-1","R3_large_2",0.054402154
"GGCCTTGGATGTTGTC-1","R3_large_2",0.2065943
"GGCGACTTCTTGATGT-1","R3_large_2",0.13293071
"GGCGAGGCAGCCTACT-1","R3_large_2",0.3454055
"GGCGATCGGTCTGCTC-1","R3_large_2",0.019051597
"GGCGCCAAGGAGCGCT-1","R3_large_2",0.13337278
"GGCGCCACTGAACATC-1","R3_large_2",0.051083487
"GGCGCCGTCGGACATA-1","R3_large_2",0.032786455
"GGCGCCTTGGCCTAAG-1","R3_large_2",0.7463842
"GGCGGACATATTGATG-1","R3_large_2",0.009812271
"GGCGGAGCACTGATAA-1","R3_large_2",0.019069681
"GGCGGATACAACGCAC-1","R3_large_2",0.02760034
"GGCGGATATTGATTGA-1","R3_large_2",0.05854335
"GGCGTCGGTAGTGATA-1","R3_large_2",0.021195829
"GGCGTGGACCTTAGAT-1","R3_large_2",0.29090697
"GGCTGCTAACTTCGCT-1","R3_large_2",0.37816563
"GGCTGCTCCATAGCTG-1","R3_large_2",0.38532212
"GGCTTGCCATAGGCTC-1","R3_large_2",0.23372057
"GGTACCACCTATACCT-1","R3_large_2",0.06625774
"GGTACCAGGTAGTGTT-1","R3_large_2",0.07919478
"GGTACGAAGAACTCGA-1","R3_large_2",0.48534903
"GGTACGATCGACTTAA-1","R3_large_2",0.22334641
"GGTACGCTTACCTGCG-1","R3_large_2",0.71170926
"GGTACGGAGCATCAGC-1","R3_large_2",0.45888716
"GGTACGGTATGCTCCA-1","R3_large_2",0.04070809
"GGTACGTGCTCGGCAA-1","R3_large_2",0.1370315
"GGTACTGTGATCTTCC-1","R3_large_2",0.036977064
"GGTAGCCAAGGTACTT-1","R3_large_2",0.2183759
"GGTAGCCATCAATCCG-1","R3_large_2",0.04949495
"GGTAGCGTACATCTGT-1","R3_large_2",0.13058239
"GGTAGGTCTGGCTAAC-1","R3_large_2",0.13725416
"GGTAGGTTGTTCTAAG-1","R3_large_2",0.067142725
"GGTAGTACCGCAACAG-1","R3_large_2",0.20064412
"GGTAGTTGAAGTCCAT-1","R3_large_2",0.22736543
"GGTATGCAACAGTGGC-1","R3_large_2",0.04311586
"GGTATGGTTGTCCTCG-1","R3_large_2",0.048981693
"GGTCCTGCGAGTAGGT-1","R3_large_2",0.09889472
"GGTCTGAAGGTTCGAA-1","R3_large_2",0.5317951
"GGTCTGAAGTATGTCA-1","R3_large_2",0.0639713
"GGTCTGAGATCCGCCA-1","R3_large_2",0.069187194
"GGTCTGCGAACTGTAT-1","R3_large_2",0.064676
"GGTCTGGTTGTAGAAC-1","R3_large_2",0.32259098
"GGTCTTATAGGCTGGC-1","R3_large_2",0.05737462
"GGTCTTCCGCACATCC-1","R3_large_2",0.10658778
"GGTCTTCCGGCTGGAC-1","R3_large_2",0.3478179
"GGTCTTGATAACGTCA-1","R3_large_2",0.82929856
"GGTCTTGATTCAACCT-1","R3_large_2",0.34247604
"GGTCTTGCACGTTGCG-1","R3_large_2",0.16453578
"GGTGATGGTACAATGG-1","R3_large_2",0.3647629
"GGTGCAATCAGACTTC-1","R3_large_2",0.30411974
"GGTGCACTCCGGTTCG-1","R3_large_2",0.35858747
"GGTGCAGGCACCGCGT-1","R3_large_2",0.00889011
"GGTGCAGTGGTCTTAT-1","R3_large_2",0.43074945
"GGTGCAGTTCCATATG-1","R3_large_2",0.07602967
"GGTGCGCAACTAACGG-1","R3_large_2",0.0994852
"GGTGTCAAGCTGCACC-1","R3_large_2",0.084671415
"GGTGTCACCAGCGAAC-1","R3_large_2",0.26959583
"GGTTACAGCCGGCCGG-1","R3_large_2",0.5862415
"GGTTACCAAGGAATCT-1","R3_large_2",0.59970087
"GGTTACCAGACAACAT-1","R3_large_2",0.044282287
"GGTTAGACTCGGAGGT-1","R3_large_2",0.40914592
"GGTTCAAGGCGTGCGT-1","R3_large_2",0.043471128
"GGTTCATTCCGGCCTC-1","R3_large_2",0.05226313
"GGTTCTATACCGCTTG-1","R3_large_2",0.33820206
"GGTTCTATCATATGGC-1","R3_large_2",0.052033823
"GGTTCTCCTATCAGTT-1","R3_large_2",0.039255407
"GGTTCTCGCTCACGCC-1","R3_large_2",0.8963164
"GGTTCTCGTGATGTGA-1","R3_large_2",0.50266856
"GGTTCTGGAGTCTACC-1","R3_large_2",0.30716878
"GGTTGACCAAGACATG-1","R3_large_2",0.18060726
"GGTTGCTACCGGAACA-1","R3_large_2",0.057816416
"GTAACCACAAGGCTGA-1","R3_large_2",0.34257272
"GTAACCTAGCGTCACG-1","R3_large_2",0.7875698
"GTAAGTTGCTGGTGGA-1","R3_large_2",0.3321621
"GTAATAGTCCTAAGCC-1","R3_large_2",0.038413554
"GTAATCACGCACAGCT-1","R3_large_2",0.30197722
"GTAATCAGGCGGACGG-1","R3_large_2",0.044113316
"GTAATGACGGTCTACG-1","R3_large_2",0.33451793
"GTAATGATCACGTAAG-1","R3_large_2",0.8647201
"GTACAACTCGGCAGAA-1","R3_large_2",0.22728136
"GTACAGAACAGGACTC-1","R3_large_2",0.2272805
"GTACAGAACCGATTAT-1","R3_large_2",0.8727137
"GTACAGAACGCAGCGT-1","R3_large_2",0.55161065
"GTACAGACCGTCGGCG-1","R3_large_2",0.46913174
"GTACAGCCGTTACAGA-1","R3_large_2",0.3436094
"GTACAGCTGAGCCGGA-1","R3_large_2",0.28793833
"GTACAGCTGTTGTCCT-1","R3_large_2",0.18194808
"GTACAGGAACGAATGG-1","R3_large_2",0.23976943
"GTACATAAGCTACGCC-1","R3_large_2",0.12983099
"GTACCTACAATACGAA-1","R3_large_2",0.10892363
"GTACCTGTCTTACTGT-1","R3_large_2",0.23552077
"GTACCTTCATGTGCAA-1","R3_large_2",0.58510625
"GTACGAAGGATTATTG-1","R3_large_2",0.25075737
"GTACGAATTACATAAT-1","R3_large_2",0.047246296
"GTACGACAGCTCCGGA-1","R3_large_2",0.059850432
"GTACGATTAGTCTACA-1","R3_large_2",0.015975308
"GTACGCCATAGATGGT-1","R3_large_2",0.20127462
"GTACTACCGTTAGGTG-1","R3_large_2",0.45853826
"GTACTGCATAAGGTTA-1","R3_large_2",0.050352085
"GTACTTACTTCATACC-1","R3_large_2",0.09712215
"GTACTTCTGATCCTCG-1","R3_large_2",0.53640974
"GTACTTGTTATTCAAG-1","R3_large_2",0.69352734
"GTAGAAGGACATCATA-1","R3_large_2",0.069818705
"GTAGAAGTAAGCTGCG-1","R3_large_2",0.0783903
"GTAGAATCGCACATCG-1","R3_large_2",0.074779995
"GTAGACCAGAATACTC-1","R3_large_2",0.07271592
"GTAGACCTGTCAACCA-1","R3_large_2",0.04788018
"GTAGACGTGCATGTGC-1","R3_large_2",0.20554596
"GTAGCAGAAGACTCTT-1","R3_large_2",0.09529679
"GTAGCAGAGCAATAGC-1","R3_large_2",0.047073845
"GTAGCATAGTTACAGG-1","R3_large_2",0.5943011
"GTAGCATCGAAGGTCT-1","R3_large_2",0.053945947
"GTAGCCAGTGCGGTTG-1","R3_large_2",0.37121654
"GTAGCCGCACTCCATC-1","R3_large_2",0.06388557
"GTAGCCTCTAAGTGTA-1","R3_large_2",0.05136131
"GTAGCGCCTGAACTCA-1","R3_large_2",0.62478197
"GTAGCGCTCATCAGGT-1","R3_large_2",0.030969791
"GTAGGTGATAATTCAC-1","R3_large_2",0.069510534
"GTAGTCCAGCGGACAT-1","R3_large_2",0.053377774
"GTAGTCCGTGTACTAA-1","R3_large_2",0.05399988
"GTAGTGACATTACGAC-1","R3_large_2",0.6544755
"GTAGTTGTTCATGTAG-1","R3_large_2",0.072468944
"GTATAAGGCGTCTTCA-1","R3_large_2",0.34335515
"GTATACATAAGGACTA-1","R3_large_2",0.08466248
"GTATACATAGGTTGCC-1","R3_large_2",0.12343027
"GTATACATTGGCTCAG-1","R3_large_2",0.027233552
"GTATACGATACCTTGT-1","R3_large_2",0.050013755
"GTATACGGTACACGCA-1","R3_large_2",0.050178062
"GTATCTATGAAGATGT-1","R3_large_2",0.060370643
"GTATCTGTGGCGTCTA-1","R3_large_2",0.06114367
"GTATCTGTGGTCCAGC-1","R3_large_2",0.9189658
"GTATGACATAAGACGG-1","R3_large_2",0.43010858
"GTATGATAGTATGGAT-1","R3_large_2",0.277179
"GTATGATCACTTGACG-1","R3_large_2",0.5297505
"GTATGCCTATCTTGCG-1","R3_large_2",0.044609
"GTATGCCTTACTCCAC-1","R3_large_2",0.16854133
"GTATGCGGTATCATGA-1","R3_large_2",0.1599237
"GTATGCTTGCGACTAA-1","R3_large_2",0.39196214
"GTATGGTGGAGCGGCC-1","R3_large_2",0.30240762
"GTATGTTCTGGATCGC-1","R3_large_2",0.047280617
"GTATTACGAGTCAATC-1","R3_large_2",0.30167526
"GTATTACGGCCATTAT-1","R3_large_2",0.3498843
"GTATTAGATTGAGGTC-1","R3_large_2",0.8394775
"GTATTATGAGTTAGCG-1","R3_large_2",0.05136901
"GTATTCCAAGTTACCT-1","R3_large_2",0.054389395
"GTATTCCGCTCGGATG-1","R3_large_2",0.017242322
"GTATTCGTGACTTGAT-1","R3_large_2",0.05727103
"GTCAACAGACGCACGT-1","R3_large_2",0.04724287
"GTCAACAGCATAGATT-1","R3_large_2",0.27951136
"GTCAACAGCGCACCGA-1","R3_large_2",0.055632208
"GTCAACAGTTAAGTGA-1","R3_large_2",0.28837156
"GTCAACATGGTGCTAT-1","R3_large_2",0.25879616
"GTCAACCTGACGATAG-1","R3_large_2",0.04976831
"GTCAACTCAACTGTTA-1","R3_large_2",0.9287528
"GTCACCAAGAGCGGTG-1","R3_large_2",0.10298836
"GTCACTAAGCCAGCGG-1","R3_large_2",0.024587868
"GTCACTACTTAATGGA-1","R3_large_2",0.058134377
"GTCACTTATCCAAGAC-1","R3_large_2",0.049845297
"GTCACTTATGTCGTAT-1","R3_large_2",0.27096492
"GTCACTTCTGGAGCGG-1","R3_large_2",0.3835661
"GTCAGCCATTGTGCGG-1","R3_large_2",0.9502776
"GTCAGCGATGTAATTG-1","R3_large_2",0.29671013
"GTCAGCTAGATCGACA-1","R3_large_2",0.4537908
"GTCAGCTCAATCAAGG-1","R3_large_2",0.26641008
"GTCAGCTGGTGAGGCG-1","R3_large_2",0.36605966
"GTCAGGTACGTGGCAT-1","R3_large_2",0.04142716
"GTCAGTAATCCAATTA-1","R3_large_2",0.05845982
"GTCAGTAGGTGACCGG-1","R3_large_2",0.07450939
"GTCAGTGAGGATCGTT-1","R3_large_2",0.047504038
"GTCAGTGCAGCGTTGT-1","R3_large_2",0.07020798
"GTCAGTGCTGACAGCG-1","R3_large_2",0.38662156
"GTCAGTTCTGCCTGGA-1","R3_large_2",0.04369381
"GTCATCACGTGGTTCA-1","R3_large_2",0.05356258
"GTCATCACTATTGTGC-1","R3_large_2",0.09776798
"GTCATCAGTAGACCAG-1","R3_large_2",0.31161925
"GTCATCGTATTGGCGA-1","R3_large_2",0.04038519
"GTCCAGCACGTTCAGA-1","R3_large_2",0.18223222
"GTCCATCTATACAAGG-1","R3_large_2",0.07051888
"GTCCGACAGCCGCATT-1","R3_large_2",0.041922204
"GTCCTTATACATTACG-1","R3_large_2",0.13223715
"GTCCTTCATGGATTAG-1","R3_large_2",0.0496071
"GTCGAGTGATTACTGT-1","R3_large_2",0.78723085
"GTCGCAACGAGCTGAC-1","R3_large_2",0.35788327
"GTCGCACGCAGCCTGC-1","R3_large_2",0.058722313
"GTCGCATGCGGTAGAT-1","R3_large_2",0.33494365
"GTCGCATTACCAGGCA-1","R3_large_2",0.05362496
"GTCGCTAAGTGAGGTT-1","R3_large_2",0.3469368
"GTCGGCCTCCGGCATC-1","R3_large_2",0.05209592
"GTCGTAGACTGACAAG-1","R3_large_2",0.35449928
"GTCGTGTTCATGTCAG-1","R3_large_2",0.037913825
"GTCTAATACGGCTAAG-1","R3_large_2",0.075681426
"GTCTAGCGTTGTGACC-1","R3_large_2",0.0396616
"GTCTAGTCTAGCGACG-1","R3_large_2",0.036950693
"GTCTATAGAATCGAGC-1","R3_large_2",0.26439956
"GTCTATCAATGGATTA-1","R3_large_2",0.07433645
"GTCTATCAGTACTAAT-1","R3_large_2",0.21414202
"GTCTATGGTGAAGAGC-1","R3_large_2",0.3192283
"GTCTATTAGTGAGGCC-1","R3_large_2",0.13077272
"GTCTATTGCGAGTTAC-1","R3_large_2",0.05785506
"GTCTCGACTGACGAGT-1","R3_large_2",0.10947536
"GTCTGAACAAGGTTAG-1","R3_large_2",0.28282663
"GTCTGATAGATTATAA-1","R3_large_2",0.035632547
"GTCTGCTCAACACCAA-1","R3_large_2",0.07526389
"GTCTGTGGATCTGACG-1","R3_large_2",0.3592867
"GTCTTCGATAGGTGTT-1","R3_large_2",0.7989834
"GTCTTCGGTAGCTACA-1","R3_large_2",0.064846635
"GTCTTGAACAATTACA-1","R3_large_2",0.029819211
"GTCTTGACAATAGCAA-1","R3_large_2",0.054419715
"GTCTTGACCGGAGGCC-1","R3_large_2",0.06407362
"GTCTTGACTTGCTCTG-1","R3_large_2",0.26237333
"GTCTTGATTGCCACCT-1","R3_large_2",0.24327838
"GTCTTGCGATGAATGC-1","R3_large_2",0.30870187
"GTCTTGCTCAGATTAC-1","R3_large_2",0.5213473
"GTCTTGCTGGACGATA-1","R3_large_2",0.2547742
"GTGAACATTCAACGAT-1","R3_large_2",0.059372064
"GTGAACGGTTCTAACG-1","R3_large_2",0.007188521
"GTGAACTCACCAGTAT-1","R3_large_2",0.04911897
"GTGAACTCGTGGTATC-1","R3_large_2",0.044055298
"GTGAACTGAGTTCGGC-1","R3_large_2",0.491809
"GTGAAGCCACAACCGG-1","R3_large_2",0.59026873
"GTGAATTAGACATTGC-1","R3_large_2",0.92878276
"GTGACAATTGCGATAA-1","R3_large_2",0.17964327
"GTGACATACAGGTCCT-1","R3_large_2",0.51582617
"GTGACATAGTTAGCTG-1","R3_large_2",0.8394652
"GTGACATATGCTAGAT-1","R3_large_2",0.8206802
"GTGACATGCAATTAAT-1","R3_large_2",0.5024856
"GTGACATGTACCACCT-1","R3_large_2",0.037470836
"GTGACCAGATCGAGAT-1","R3_large_2",0.8025843
"GTGACTTCAACATCCG-1","R3_large_2",0.11950605
"GTGACTTCCTCACGAC-1","R3_large_2",0.30058655
"GTGAGCACCAGCATCC-1","R3_large_2",0.09756876
"GTGAGGTACGCTGAGT-1","R3_large_2",0.44599465
"GTGATGGATTAGAACA-1","R3_large_2",0.030048657
"GTGCACCAATCATAAC-1","R3_large_2",0.043101884
"GTGCACCGAATGTTAA-1","R3_large_2",0.35790348
"GTGCACTTGTTCCTGG-1","R3_large_2",0.7993069
"GTGCAGGCACTCTAGG-1","R3_large_2",0.06771681
"GTGCAGGCTGGACATG-1","R3_large_2",0.115608364
"GTGCAGTGGTAGATTC-1","R3_large_2",0.68408513
"GTGCATGGTTGAGTTC-1","R3_large_2",0.4690709
"GTGCATTCCTGTGGTC-1","R3_large_2",0.45306093
"GTGCCACCTTGAGCAT-1","R3_large_2",0.12301203
"GTGCCGTCCTGTCAGC-1","R3_large_2",0.057899345
"GTGCCTGACACGTTGG-1","R3_large_2",0.25440383
"GTGCGTTCACGGATAA-1","R3_large_2",0.6490329
"GTGCTCAATGCAACCT-1","R3_large_2",0.02540331
"GTGCTCGCTTGATCGG-1","R3_large_2",0.26671878
"GTGGACCAACTAGGAG-1","R3_large_2",0.58003026
"GTGGAGTACAATCAAT-1","R3_large_2",0.22960402
"GTGGATAATCATAATC-1","R3_large_2",0.761874
"GTGGATTAACAGCGGT-1","R3_large_2",0.20314679
"GTGGCGACCTAATATT-1","R3_large_2",0.8496045
"GTGGCGACTGATTAAC-1","R3_large_2",0.20399602
"GTGGCGAGGAAGGCTA-1","R3_large_2",0.2504809
"GTGGCGATAGGCAGAA-1","R3_large_2",0.06849497
"GTGGCGATCTGCGATA-1","R3_large_2",0.015568178
"GTGGCGCACCTGTTCC-1","R3_large_2",0.05011161
"GTGGCGCCACGCTGAG-1","R3_large_2",0.3640023
"GTGGCGCCACTACGCT-1","R3_large_2",0.022583544
"GTGGCGCCAGACTCGA-1","R3_large_2",0.4568698
"GTGGCGCCAGCTAACC-1","R3_large_2",0.008101032
"GTGGCTTCCTACCGTT-1","R3_large_2",0.22649595
"GTGGTAAGCCTCTTCG-1","R3_large_2",0.52418345
"GTGGTACTGGTTCCAA-1","R3_large_2",0.1944542
"GTGGTACTGTTGTAGC-1","R3_large_2",0.17575474
"GTGGTACTTGGTTGGA-1","R3_large_2",0.2356756
"GTGGTAGGTCTAAGAA-1","R3_large_2",0.4726008
"GTGGTCGCTCTGTAGC-1","R3_large_2",0.07559963
"GTGGTTACCTTGCGCA-1","R3_large_2",0.2724151
"GTGGTTGACAAGGAGC-1","R3_large_2",0.79514015
"GTTAACAACTTCGGAT-1","R3_large_2",0.3300675
"GTTAACTCCGACCACT-1","R3_large_2",0.028431967
"GTTAATGGCGCAACGC-1","R3_large_2",0.45203176
"GTTAGACAATGGATGA-1","R3_large_2",0.05811969
"GTTAGAGGTGTTAAGA-1","R3_large_2",0.19902709
"GTTAGGAAGTATACGA-1","R3_large_2",0.3023908
"GTTAGGCCTGAACATC-1","R3_large_2",0.93618166
"GTTAGGTACTAACTGG-1","R3_large_2",0.2708391
"GTTATGTTGCTTAGAT-1","R3_large_2",0.18710315
"GTTATTCGCCGATCGC-1","R3_large_2",0.81833524
"GTTATTCGGCCATTCG-1","R3_large_2",0.052451953
"GTTATTCGTAACGTCC-1","R3_large_2",0.16552481
"GTTATTGCTGAATCCG-1","R3_large_2",0.5017061
"GTTCCAGTGCCTTACC-1","R3_large_2",0.052659802
"GTTCCGATGAACCGGC-1","R3_large_2",0.029625306
"GTTCCGGCTGAGCCGA-1","R3_large_2",0.76732254
"GTTCCGGCTGCAGTCA-1","R3_large_2",0.31800884
"GTTCCGTATGGTAACG-1","R3_large_2",0.26263973
"GTTCCGTCATACGGCT-1","R3_large_2",0.104340106
"GTTCCGTCTTATCTTA-1","R3_large_2",0.042086218
"GTTCCTGAACCTTCAA-1","R3_large_2",0.108425155
"GTTCGAATCACGTACG-1","R3_large_2",0.9006586
"GTTCGAGCTCGCGAAT-1","R3_large_2",0.9056792
"GTTCGCTGGTATTAGA-1","R3_large_2",0.047983628
"GTTCTACTATACGAAC-1","R3_large_2",0.3703824
"GTTCTACTATCATATT-1","R3_large_2",0.3665659
"GTTCTACTTATGGTAG-1","R3_large_2",0.06747509
"GTTCTGCGCCAAGCGA-1","R3_large_2",0.3908062
"GTTCTTACTGAAGTAT-1","R3_large_2",0.049965695
"GTTCTTGATCTGTTGA-1","R3_large_2",0.08511105
"GTTGAACTACCGTTCA-1","R3_large_2",0.09982942
"GTTGAAGGAAGTCGGC-1","R3_large_2",0.39726186
"GTTGAATCAACCTGGC-1","R3_large_2",0.55991876
"GTTGAATGTCCTTCTG-1","R3_large_2",0.037786454
"GTTGAATGTTGCTGCC-1","R3_large_2",0.068043545
"GTTGAATTATTCGGTG-1","R3_large_2",0.3073212
"GTTGAATTCATAAGAT-1","R3_large_2",0.45063773
"GTTGACATGAACCAAC-1","R3_large_2",0.2993896
"GTTGACGGATAGCCAT-1","R3_large_2",0.36065358
"GTTGACTTCTATGCTG-1","R3_large_2",0.10248561
"GTTGAGAATCACGGAG-1","R3_large_2",0.3684974
"GTTGCCACAAGTCATA-1","R3_large_2",0.4583977
"GTTGCCACGACAAGAA-1","R3_large_2",0.049694695
"GTTGCTACGTCTTAAT-1","R3_large_2",0.04225277
"GTTGCTCCTGAGATTC-1","R3_large_2",0.80135006
"GTTGCTTGCAATCACT-1","R3_large_2",0.20713484
"GTTGGCGTGAGCGACC-1","R3_large_2",0.26313725
"GTTGGTCCGCCAATCT-1","R3_large_2",0.25273198
"GTTGTCGAACCATGTT-1","R3_large_2",0.15842599
"TAACAGCAGGCCTTAC-1","R3_large_2",0.407871
"TAACAGGAACCGACAA-1","R3_large_2",0.25916687
"TAACAGTCTACTATGG-1","R3_large_2",0.8120035
"TAACAGTTCCACTTCG-1","R3_large_2",0.4246666
"TAACATGGCCACCTCC-1","R3_large_2",0.15361993
"TAACCAGATACGCTTC-1","R3_large_2",0.52253276
"TAACCGGATGGACAGG-1","R3_large_2",0.08304188
"TAACCGTACCATCCTG-1","R3_large_2",0.36300576
"TAACCTTGAGACTTCG-1","R3_large_2",0.5042928
"TAACGAATCCTAGATA-1","R3_large_2",0.05843203
"TAACGACCTTGCCTAT-1","R3_large_2",0.078414895
"TAACGACTGGCCGTCG-1","R3_large_2",0.37553987
"TAACGAGCGTCTGGCC-1","R3_large_2",0.07012899
"TAACGAGCTATCCGTC-1","R3_large_2",0.8418727
"TAACGCATTGGTCCAA-1","R3_large_2",0.35695106
"TAACGCGTAATATGGC-1","R3_large_2",0.04709433
"TAACGCGTCCTACAAC-1","R3_large_2",0.1964911
"TAACGCTCACATTCTA-1","R3_large_2",0.78612316
"TAACGCTCATACGGCA-1","R3_large_2",0.32868022
"TAACGCTTATGCCATA-1","R3_large_2",0.054463293
"TAACGTGATTCACTAG-1","R3_large_2",0.14779775
"TAACGTTGCGTCGATG-1","R3_large_2",0.3868563
"TAACTCCAACATGGAC-1","R3_large_2",0.03656608
"TAACTCCAGGTAGGCT-1","R3_large_2",0.20913996
"TAACTCCGATACGTAA-1","R3_large_2",0.79662174
"TAAGAATATGAGATAG-1","R3_large_2",0.14000022
"TAAGATTGAGATTACA-1","R3_large_2",0.216934
"TAAGATTGGCGGTCGT-1","R3_large_2",0.86494005
"TAAGCAAGTAATGTGG-1","R3_large_2",0.044603243
"TAAGCACGAGACCTAC-1","R3_large_2",0.2417477
"TAAGCAGTAGATACTC-1","R3_large_2",0.3398544
"TAAGCCACAATTGCCT-1","R3_large_2",0.6035092
"TAAGCCATACGACACG-1","R3_large_2",0.67241836
"TAAGCCTGGCTTCAGT-1","R3_large_2",0.04448737
"TAAGCTCCTTCACGCC-1","R3_large_2",0.3919882
"TAAGGATCTGAAGATA-1","R3_large_2",0.049576115
"TAAGGTACGGATAGTG-1","R3_large_2",0.5610924
"TAAGGTATGAATGCTA-1","R3_large_2",0.032494236
"TAAGGTCCGTGACCGT-1","R3_large_2",0.33290204
"TAAGTGTCAAGGTGGC-1","R3_large_2",0.8030229
"TAATACCATTCTAGAT-1","R3_large_2",0.38807502
"TAATAGGCTTGCTGAA-1","R3_large_2",0.23064268
"TAATCGACATTGTTGG-1","R3_large_2",0.24947543
"TAATCGCAATGTAATA-1","R3_large_2",0.28609434
"TAATCTGATAAGATGT-1","R3_large_2",0.58629245
"TAATGATCCGGTTATT-1","R3_large_2",0.7955676
"TAATGTGCACGATCTG-1","R3_large_2",0.047987394
"TAATTAAGGAGTACTG-1","R3_large_2",0.2655405
"TAATTCCTGCAGAAGG-1","R3_large_2",0.3779446
"TAATTGATTCTGTCGC-1","R3_large_2",0.041718192
"TACAACGGACGGCTCA-1","R3_large_2",0.036025167
"TACAAGCAGATCGTTG-1","R3_large_2",0.15266326
"TACAAGCGCCATCGGA-1","R3_large_2",0.22586028
"TACAAGCGCCTCTACA-1","R3_large_2",0.060315058
"TACAAGCGGAAGTACG-1","R3_large_2",0.23642004
"TACAAGGTCGACAAGT-1","R3_large_2",0.22198966
"TACAAGGTTATGCGGT-1","R3_large_2",0.6688204
"TACAAGTGTCTGTCCG-1","R3_large_2",0.44009587
"TACAAGTTATACGCTG-1","R3_large_2",0.067645125
"TACACCTTGCGGCAGG-1","R3_large_2",0.31302258
"TACACGAACAGCTACT-1","R3_large_2",0.2834302
"TACACTCAGCGTATAA-1","R3_large_2",0.24784768
"TACACTGCAGGTTAGA-1","R3_large_2",0.045575906
"TACACTGCGTCCGGAC-1","R3_large_2",0.093561456
"TACACTGTCGAACCAA-1","R3_large_2",0.25615185
"TACACTTCGAGGTGAC-1","R3_large_2",0.2852051
"TACAGTACTTAGTGTA-1","R3_large_2",0.04911854
"TACATATGCACCAGTG-1","R3_large_2",0.29128683
"TACATCGTCAGCGGTT-1","R3_large_2",0.19950053
"TACATCTAACATGTCC-1","R3_large_2",0.0668657
"TACATTGAATGAACGT-1","R3_large_2",0.17088023
"TACATTGACTGAGTCC-1","R3_large_2",0.064142615
"TACCACAGGCCATTGC-1","R3_large_2",0.31442258
"TACCAGACAACCTCAG-1","R3_large_2",0.23383799
"TACCATCTCGGCCGAA-1","R3_large_2",0.094595425
"TACCATTGATCATTAG-1","R3_large_2",0.2323524
"TACCGGACCGTTAGGT-1","R3_large_2",0.22041906
"TACCGTAGGTATAACA-1","R3_large_2",0.060404465
"TACCTCAGGCAACAGA-1","R3_large_2",0.311467
"TACCTGCGGTTGTCCT-1","R3_large_2",0.17793395
"TACCTGTTAACGGCCT-1","R3_large_2",0.20580116
"TACGACGCGATTCAAG-1","R3_large_2",0.06931467
"TACGACGTGAAGTATC-1","R3_large_2",0.106606655
"TACGACTCTGAACACT-1","R3_large_2",0.02173426
"TACGAGATTGGTCTGT-1","R3_large_2",0.22997172
"TACGCCTTGCCGTGTT-1","R3_large_2",0.35396025
"TACGCTTCCGCAAGCT-1","R3_large_2",0.15549752
"TACGGAACAGACGCGG-1","R3_large_2",0.45085564
"TACGGAATTGAACCAA-1","R3_large_2",0.0911315
"TACGGACCTCACGTAC-1","R3_large_2",0.00866611
"TACGGAGGAAGCACCT-1","R3_large_2",0.05145124
"TACGGAGTCAACGAAG-1","R3_large_2",0.83325756
"TACGGATCAGCCATCC-1","R3_large_2",0.04671509
"TACGGATCCTTGCGAT-1","R3_large_2",0.0735855
"TACGGATCTTGCGATG-1","R3_large_2",0.24913661
"TACGGCCTTGTAGGAG-1","R3_large_2",0.3525464
"TACGGTAGTTGCGTGA-1","R3_large_2",0.03645552
"TACGGTGAGCCGATGT-1","R3_large_2",0.1650201
"TACGTATCCTATCACG-1","R3_large_2",0.76506364
"TACGTATCGAGGTTGT-1","R3_large_2",0.25783345
"TACGTGGAGGCATGGC-1","R3_large_2",0.09364053
"TACGTGGCATCATATG-1","R3_large_2",0.060884137
"TACGTGTACATCCGTG-1","R3_large_2",0.1361634
"TACGTTACTGGTAGCG-1","R3_large_2",0.82102925
"TACGTTATCCAGACGC-1","R3_large_2",0.34304392
"TACTAAGGAACATCAA-1","R3_large_2",0.84811354
"TACTAGGATCAATGGC-1","R3_large_2",0.031546377
"TACTAGTACACCTAAG-1","R3_large_2",0.78250146
"TACTAGTACCGGATGG-1","R3_large_2",0.2758914
"TACTATGTTGAATCTT-1","R3_large_2",0.28077614
"TACTCCGCCAATACAA-1","R3_large_2",0.10598687
"TACTCCTACATCAACT-1","R3_large_2",0.039236892
"TAGAACATGATTAACA-1","R3_large_2",0.3639683
"TAGAAGTATTCAGTTG-1","R3_large_2",0.08891049
"TAGAATTCAACGTGGC-1","R3_large_2",0.09601515
"TAGACACCGGCGTCAA-1","R3_large_2",0.03767728
"TAGACAGGAGATCATT-1","R3_large_2",0.0682224
"TAGACAGTTCAGATTA-1","R3_large_2",0.8305966
"TAGACATACGTCTAAT-1","R3_large_2",0.06502939
"TAGACATATGGCGAGG-1","R3_large_2",0.42262778
"TAGACATGGTTAGGTC-1","R3_large_2",0.5495694
"TAGACATTGACTTGCA-1","R3_large_2",0.19605441
"TAGACCAGGATATCGG-1","R3_large_2",0.08373203
"TAGACCAGGTACGATC-1","R3_large_2",0.08349016
"TAGACCATTGCTTAGA-1","R3_large_2",0.13049012
"TAGACCGAAGCAGAGC-1","R3_large_2",0.6407315
"TAGACCGGCCAGTACG-1","R3_large_2",0.049004965
"TAGACCTGAGGAGCTG-1","R3_large_2",0.3527649
"TAGAGCAGACAGTCCA-1","R3_large_2",0.32528132
"TAGATGAGCCGTCATT-1","R3_large_2",0.2908459
"TAGATGCTGTATCGTA-1","R3_large_2",0.48665398
"TAGATGGCTGTATGCC-1","R3_large_2",0.23072533
"TAGATGTCGAGGCCAG-1","R3_large_2",0.02819129
"TAGCAATTATGGACCG-1","R3_large_2",0.038285036
"TAGCAGTCGTCATGAA-1","R3_large_2",0.055278145
"TAGCCGTAGCCAGGTG-1","R3_large_2",0.7059549
"TAGCGGACCACTGTTA-1","R3_large_2",0.49538904
"TAGCGTCACGACAGGC-1","R3_large_2",0.29291472
"TAGCGTGGTATTGTGC-1","R3_large_2",0.4616464
"TAGCTACCTGTAGGAT-1","R3_large_2",0.8468856
"TAGCTAGAAGCGATCA-1","R3_large_2",0.21472873
"TAGCTAGAGCACGCCG-1","R3_large_2",0.05734519
"TAGCTATGTTGAGCAC-1","R3_large_2",0.31229758
"TAGGACGGCCAGCCGA-1","R3_large_2",0.0626972
"TAGGACTTCATGTTAT-1","R3_large_2",0.07106976
"TAGGAGGCGTATTGCC-1","R3_large_2",0.06030186
"TAGGCAGGCGGACGCC-1","R3_large_2",0.0909075
"TAGGCAGTGCGTAGAC-1","R3_large_2",0.7746667
"TAGGCATCGGAGCCTC-1","R3_large_2",0.9553254
"TAGGCATCTGCGGACC-1","R3_large_2",0.07594231
"TAGGCGAGCGATCGGT-1","R3_large_2",0.100654885
"TAGGCTCCGGCATACA-1","R3_large_2",0.33146575
"TAGGCTTATCTAGCTC-1","R3_large_2",0.015364956
"TAGGTCCGTAGCCTAT-1","R3_large_2",0.27047777
"TAGGTCTACTCGTGAA-1","R3_large_2",0.2519038
"TAGGTCTGCCTCTGTA-1","R3_large_2",0.8168371
"TAGTAAGCGGTGGATA-1","R3_large_2",0.05361162
"TAGTATAACCTCGACA-1","R3_large_2",0.39832735
"TAGTATCCAATTACGT-1","R3_large_2",0.033945493
"TAGTATTGCCGAGTTG-1","R3_large_2",0.05559787
"TAGTCACTGGATAGGC-1","R3_large_2",0.037980843
"TAGTGAACATGCAGAT-1","R3_large_2",0.071289234
"TAGTGAATGTTCAGTG-1","R3_large_2",0.023547456
"TAGTGACCGTCGATTA-1","R3_large_2",0.7533061
"TAGTGACTCGCTCCGC-1","R3_large_2",0.03175548
"TAGTGAGGACATGTTG-1","R3_large_2",0.03985697
"TAGTGAGGACGCGAAT-1","R3_large_2",0.33426574
"TAGTGATGACTCCTGG-1","R3_large_2",0.047894143
"TAGTGCACTATTGTCA-1","R3_large_2",0.12264121
"TAGTGCTGTAGCGTTG-1","R3_large_2",0.040722195
"TAGTTACATAGAAGAT-1","R3_large_2",0.21641177
"TAGTTCAAGGTCCACG-1","R3_large_2",0.08372601
"TAGTTCGAATTAGCGG-1","R3_large_2",0.052900087
"TAGTTGAGCCAGCCAG-1","R3_large_2",0.17917489
"TAGTTGAGTTCTGCAC-1","R3_large_2",0.025537012
"TAGTTGGCTTAGGCCT-1","R3_large_2",0.11317223
"TATCAACGAATATGAG-1","R3_large_2",0.13491493
"TATCAAGGCTCGTCGG-1","R3_large_2",0.14972895
"TATCAATGCCGCTCAC-1","R3_large_2",0.31387177
"TATCATGGATGTTGCC-1","R3_large_2",0.3857823
"TATCCAAGCGCCGTAG-1","R3_large_2",0.05095396
"TATCCAATACCGCAAT-1","R3_large_2",0.07235731
"TATCCGACGTCTAGAT-1","R3_large_2",0.6705497
"TATCCTGCGGTTGATC-1","R3_large_2",0.31131247
"TATCCTGGCCGGCATA-1","R3_large_2",0.027394982
"TATCTAATCACCTCGG-1","R3_large_2",0.7976577
"TATCTAGGAGTGGACA-1","R3_large_2",0.7653983
"TATCTAGTCGCATGCA-1","R3_large_2",0.13483728
"TATCTAGTGAATGATC-1","R3_large_2",0.35063395
"TATCTAGTGCCATATT-1","R3_large_2",0.099970244
"TATGAACTACGCGGTG-1","R3_large_2",0.13126267
"TATGAAGCGACCGTCC-1","R3_large_2",0.27011475
"TATGACAAGTGGAAGA-1","R3_large_2",0.46414462
"TATGACAGCGAGAAGC-1","R3_large_2",0.06087757
"TATGACGGAGATTGGC-1","R3_large_2",0.2703953
"TATGACTCAATGATCG-1","R3_large_2",0.3823347
"TATGAGGATCTACTGG-1","R3_large_2",0.109030105
"TATGAGTTCCGAGTGA-1","R3_large_2",0.31969044
"TATGCCACAGCCGGTG-1","R3_large_2",0.05702845
"TATGCGTACCTGAGTC-1","R3_large_2",0.055490553
"TATGCTCCTGGTTAGT-1","R3_large_2",0.8281263
"TATGGATATGGTGCGA-1","R3_large_2",0.051977973
"TATGGCAGTTCGTCTA-1","R3_large_2",0.018670274
"TATGGCCATAATAGAC-1","R3_large_2",0.028990231
"TATGTAGAGCTGATCA-1","R3_large_2",0.04297936
"TATGTCGAGGTTGAAG-1","R3_large_2",0.4237112
"TATGTCTAAGACGCAA-1","R3_large_2",0.06994693
"TATGTTGCAGTCTAGG-1","R3_large_2",0.063877806
"TATGTTGGAGTTGTAA-1","R3_large_2",0.037030235
"TATGTTGGCGAGAACA-1","R3_large_2",0.46968195
"TATTAACTTCCGCTCA-1","R3_large_2",0.1983027
"TATTAAGCAGCGCCGG-1","R3_large_2",0.05737254
"TATTAATATGTCGACT-1","R3_large_2",0.26773852
"TATTCGACAACCGTGA-1","R3_large_2",0.124764234
"TATTCGACATTACTAT-1","R3_large_2",0.05049257
"TATTCGATGATCTAGT-1","R3_large_2",0.39882192
"TATTCGGTGGAGATTC-1","R3_large_2",0.068743356
"TATTCGTTAACAGGCA-1","R3_large_2",0.061725948
"TATTCGTTAATGCTCC-1","R3_large_2",0.83350414
"TATTCGTTATCGCCTG-1","R3_large_2",0.042308394
"TATTCTAAGGCTCATC-1","R3_large_2",0.015125416
"TATTCTAGAATCGGAC-1","R3_large_2",0.06904812
"TATTCTCCTATGATGG-1","R3_large_2",0.031278815
"TATTCTCGTGCTTGGC-1","R3_large_2",0.51235443
"TATTGAATCCGACTAA-1","R3_large_2",0.050269436
"TATTGAATGAATGTGG-1","R3_large_2",0.70955163
"TATTGAATTAAGCGTT-1","R3_large_2",0.21642216
"TATTGAGCATGGACCG-1","R3_large_2",0.63158154
"TATTGATCTACTTCGG-1","R3_large_2",0.050662342
"TATTGTTAACCGAGAC-1","R3_large_2",0.61432225
"TCAACAGGCCATGCCG-1","R3_large_2",0.6372807
"TCAACATGGATACAAC-1","R3_large_2",0.053199038
"TCAAGGAACCTATTGC-1","R3_large_2",0.33899757
"TCAAGGACGTTAGGAG-1","R3_large_2",0.10609865
"TCAAGGCAACGCGGCT-1","R3_large_2",0.17506605
"TCAAGGCCATAGCCTG-1","R3_large_2",0.5066053
"TCAAGGCGTCTACTCC-1","R3_large_2",0.08009202
"TCAAGGTACACGAAGA-1","R3_large_2",0.42502782
"TCAAGGTCTGAATATG-1","R3_large_2",0.055174787
"TCAAGTGATGGTTAAT-1","R3_large_2",0.04406905
"TCAATATTCCGGTTAG-1","R3_large_2",0.027764399
"TCAATCAGATGACGTG-1","R3_large_2",0.55862784
"TCAATTAATAGAACCT-1","R3_large_2",0.020860413
"TCACAAGACTTAGCTT-1","R3_large_2",0.55004674
"TCACAAGATGACTCGA-1","R3_large_2",0.09647391
"TCACAAGGAGAACAAG-1","R3_large_2",0.010177225
"TCACAGCACCAAGGTT-1","R3_large_2",0.54342055
"TCACATAGACCTCCGT-1","R3_large_2",0.26552135
"TCACATCCTGTCGCGG-1","R3_large_2",0.2118552
"TCACATCCTTCTCAGT-1","R3_large_2",0.18186986
"TCACATTGTCGGTGAC-1","R3_large_2",0.14888753
"TCACGACATCAGAAGG-1","R3_large_2",0.14247955
"TCACGCTATCCACTAC-1","R3_large_2",0.052241895
"TCACGTCTAAGACTAG-1","R3_large_2",0.77023935
"TCACTACCAAGCCTGT-1","R3_large_2",0.6214823
"TCACTACGACTCTGCG-1","R3_large_2",0.31661436
"TCAGACCGGCCTGCTC-1","R3_large_2",0.2838188
"TCAGCGCCTAGTCTTA-1","R3_large_2",0.027776482
"TCAGCGTGACCTTACC-1","R3_large_2",0.027691687
"TCAGCTACCAACTCCG-1","R3_large_2",0.25123313
"TCAGCTAGGATGTACT-1","R3_large_2",0.059875622
"TCAGCTATTAATCGCT-1","R3_large_2",0.08223473
"TCAGCTCGCCAGGATG-1","R3_large_2",0.05815114
"TCAGGAATAGAACCTG-1","R3_large_2",0.2970289
"TCAGGATACACTACAA-1","R3_large_2",0.09998508
"TCAGGTCTAGTAAGCA-1","R3_large_2",0.5130295
"TCAGTATGTAGGACAA-1","R3_large_2",0.26999387
"TCAGTCAGCGATCAGA-1","R3_large_2",0.21488568
"TCAGTCATTGCAAGTG-1","R3_large_2",0.051424477
"TCAGTCGTGCCGGCAG-1","R3_large_2",0.29822257
"TCAGTGAAGAGTTCTA-1","R3_large_2",0.043163612
"TCAGTTCAGAATCTCG-1","R3_large_2",0.39951587
"TCAGTTGCTAAGCCTA-1","R3_large_2",0.22717163
"TCATACTGGTGAACCG-1","R3_large_2",0.8385367
"TCATAGGTAGTGACGA-1","R3_large_2",0.0698208
"TCATAGGTGAGTCGAC-1","R3_large_2",0.3094897
"TCATAGTAGACTCATA-1","R3_large_2",0.40401757
"TCATCCATGCCAAGCG-1","R3_large_2",0.03914955
"TCATCGCTGTGCAACA-1","R3_large_2",0.059855435
"TCATCGGCCTGTGCGG-1","R3_large_2",0.038612295
"TCATCGTTATGTATCT-1","R3_large_2",0.21499807
"TCATCTCATGATACGT-1","R3_large_2",0.8499767
"TCATCTCCAGCCGGTG-1","R3_large_2",0.17043562
"TCATCTGCCGCTATTC-1","R3_large_2",0.043719362
"TCATCTTCCACGTATG-1","R3_large_2",0.20562921
"TCATCTTCGACACCGT-1","R3_large_2",0.2832181
"TCATGAGGCTTGACGC-1","R3_large_2",0.24833027
"TCATGAGGTTGATATG-1","R3_large_2",0.059094027
"TCATGAGTAAGACATC-1","R3_large_2",0.58353645
"TCATGATTCTGATACT-1","R3_large_2",0.3089371
"TCATGCAGCGCCTTCG-1","R3_large_2",0.13234605
"TCATTCACGCGAGCTC-1","R3_large_2",0.16112234
"TCATTCACTGTAATGG-1","R3_large_2",0.22114275
"TCATTCTGATGGTGCG-1","R3_large_2",0.8064195
"TCATTCTTGGCATCGG-1","R3_large_2",0.017261775
"TCATTGATAGACTTGC-1","R3_large_2",0.079918794
"TCATTGATAGGTGGAA-1","R3_large_2",0.23170958
"TCATTGCAAGTGCTCA-1","R3_large_2",0.6446642
"TCATTGTTCAATGCGT-1","R3_large_2",0.068422526
"TCCAACAGATGCGGCA-1","R3_large_2",0.26882806
"TCCAACGAAGATGCTT-1","R3_large_2",0.050059907
"TCCAACTGAATAAGGT-1","R3_large_2",0.05017472
"TCCAACTGCCGCCATA-1","R3_large_2",0.055345234
"TCCAACTGGCTGAAGA-1","R3_large_2",0.42660198
"TCCAATAACGTGCTAG-1","R3_large_2",0.060537748
"TCCAATACTATCTGTT-1","R3_large_2",0.21493807
"TCCAATACTGGAGCGT-1","R3_large_2",0.26401153
"TCCAATCCAGATACAT-1","R3_large_2",0.055319037
"TCCAATCTAACACGCA-1","R3_large_2",0.13692784
"TCCAATTAGCAATCAA-1","R3_large_2",0.5239337
"TCCACGCTGAGTACTT-1","R3_large_2",0.2517491
"TCCAGAGGTCGACAGC-1","R3_large_2",0.41510376
"TCCAGTACCGAGCGCA-1","R3_large_2",0.03713752
"TCCAGTACGTGCTATG-1","R3_large_2",0.050465923
"TCCAGTCAGTACATTA-1","R3_large_2",0.034344733
"TCCAGTGATTGGTGCT-1","R3_large_2",0.059434865
"TCCAGTTGAAGTAGCA-1","R3_large_2",0.1906499
"TCCAGTTGCGGTGCAC-1","R3_large_2",0.49435052
"TCCATAGCGACTCAGT-1","R3_large_2",0.534259
"TCCATCGGCTAGACGA-1","R3_large_2",0.20012125
"TCCATGATGTGATCAA-1","R3_large_2",0.03105933
"TCCATGCCATTCCAGC-1","R3_large_2",0.0090382425
"TCCATGCGTCCACCAG-1","R3_large_2",0.26143992
"TCCATGTCGGACCGAC-1","R3_large_2",0.34984812
"TCCGAACATAGTCTGA-1","R3_large_2",0.2634023
"TCCGAACCTCAACCAT-1","R3_large_2",0.04918325
"TCCGAAGTGACAGGCT-1","R3_large_2",0.13043503
"TCCGAATACTCGCTGG-1","R3_large_2",0.32089758
"TCCGAATAGAAGCACC-1","R3_large_2",0.03444822
"TCCGATGCGTATCCGG-1","R3_large_2",0.34042385
"TCCGCCTTGTTCTGAT-1","R3_large_2",0.066231064
"TCCGGCTATGCTCAGT-1","R3_large_2",0.057662994
"TCCGGCTCTATGGACA-1","R3_large_2",0.051909294
"TCCGGTACGTGGCCTC-1","R3_large_2",0.14954887
"TCCGGTTCCGTTCTAG-1","R3_large_2",0.022378402
"TCCGTCACGCTAAGGT-1","R3_large_2",0.3864224
"TCCGTCATAAGATGAC-1","R3_large_2",0.71658874
"TCCGTCCACTCGGAGC-1","R3_large_2",0.3553311
"TCCGTGTTCTGTTCTG-1","R3_large_2",0.20204128
"TCCGTTGGAGCTCACT-1","R3_large_2",0.19032006
"TCCTAATTGCGGCCTG-1","R3_large_2",0.035026092
"TCCTAATTGCTCAACG-1","R3_large_2",0.33736643
"TCCTACCGATCGTGGC-1","R3_large_2",0.26800403
"TCCTACGTAAGCCAGA-1","R3_large_2",0.09197143
"TCCTAGGTATCTGATG-1","R3_large_2",0.09295811
"TCCTATCCTCGAATCA-1","R3_large_2",0.55333674
"TCCTATCCTGTCAATA-1","R3_large_2",0.9439152
"TCCTCACGTGTAGACG-1","R3_large_2",0.053403635
"TCCTCAGTCGGATGCG-1","R3_large_2",0.18014526
"TCCTCATCGTGCTGGA-1","R3_large_2",0.038158406
"TCCTGAAGCGTGCACT-1","R3_large_2",0.08517822
"TCCTGACAACGCTCGT-1","R3_large_2",0.8113475
"TCCTGACACTTCACGG-1","R3_large_2",0.44013476
"TCCTGACAGGCAGCAA-1","R3_large_2",0.7405172
"TCCTGATAAGTGCCGT-1","R3_large_2",0.18025114
"TCCTGATCACCGGTCC-1","R3_large_2",0.81096655
"TCCTGCCGTGTCTAAG-1","R3_large_2",0.034564275
"TCCTGCTACATGCAGA-1","R3_large_2",0.05201168
"TCCTTACTCGCAATGA-1","R3_large_2",0.48448062
"TCCTTCCAACCGCAAC-1","R3_large_2",0.62409776
"TCCTTGGCTCAAGAGT-1","R3_large_2",0.040142786
"TCGAATCTTGCGTTAC-1","R3_large_2",0.04141248
"TCGAATGGTTCCACGC-1","R3_large_2",0.18972039
"TCGAATTGTACACTAT-1","R3_large_2",0.07070553
"TCGACCAATCCGGTTG-1","R3_large_2",0.2100303
"TCGACGAAGAGCAAGT-1","R3_large_2",0.14024214
"TCGACTCAGGTTAACC-1","R3_large_2",0.1825162
"TCGACTTATTAATCCT-1","R3_large_2",0.44332415
"TCGAGCTGGTTGCCGA-1","R3_large_2",0.56856734
"TCGATATTAGACATAC-1","R3_large_2",0.33829117
"TCGATATTGTCCTAAC-1","R3_large_2",0.42018148
"TCGATCCAACGTCCTT-1","R3_large_2",0.87187666
"TCGATCGCACCTAATC-1","R3_large_2",0.18420176
"TCGATCGTGAGGCGCC-1","R3_large_2",0.9043662
"TCGATCTAGCCGATTC-1","R3_large_2",0.07586964
"TCGCAATAGTGACGCA-1","R3_large_2",0.06970536
"TCGCAATGATAGTTCA-1","R3_large_2",0.18325725
"TCGCACGATTCGGTGG-1","R3_large_2",0.91746986
"TCGCACTCTTGGACAG-1","R3_large_2",0.41917756
"TCGCACTGTACGGCGA-1","R3_large_2",0.021824893
"TCGCACTTCAGTGACA-1","R3_large_2",0.19615339
"TCGCCAGGCATGCCTC-1","R3_large_2",0.3920141
"TCGCCGTATCATGCTT-1","R3_large_2",0.014781115
"TCGCCTAATGACCGGT-1","R3_large_2",0.3630305
"TCGCCTAGATAATTAA-1","R3_large_2",0.39406416
"TCGCCTGCACGGAAGG-1","R3_large_2",0.7757915
"TCGCCTGGTGGATTCT-1","R3_large_2",0.35262892
"TCGCGACGTGGTAAGT-1","R3_large_2",0.22832757
"TCGCGGAGTACAACCA-1","R3_large_2",0.29019365
"TCGCGGAGTTAGACTT-1","R3_large_2",0.08158849
"TCGCGGTCCGGATCAG-1","R3_large_2",0.1109229
"TCGCGTTACGCAGAAT-1","R3_large_2",0.7345938
"TCGCTTACTCGCAAGT-1","R3_large_2",0.0406539
"TCGGAACGTCTGCAAG-1","R3_large_2",0.069289185
"TCGGAATCAGCCTAAC-1","R3_large_2",0.657939
"TCGGACCAGATTCAAT-1","R3_large_2",0.27076858
"TCGGACCAGGATCGCC-1","R3_large_2",0.3636588
"TCGGACTGCCACCTCC-1","R3_large_2",0.058634568
"TCGGAGCGTTACCTCG-1","R3_large_2",0.02222144
"TCGGAGGCTGTAGTTG-1","R3_large_2",0.081006505
"TCGGAGTTGTCTTGTT-1","R3_large_2",0.52295035
"TCGGCGACCTCGCTGA-1","R3_large_2",0.103067786
"TCGGCGCAGATAGATA-1","R3_large_2",0.003178086
"TCGGCGCTATCACGTG-1","R3_large_2",0.57760036
"TCGGTAATTACGTGGA-1","R3_large_2",0.061498664
"TCGGTAGGCATCACGC-1","R3_large_2",0.056323893
"TCGGTATCGTAATTGG-1","R3_large_2",0.26632327
"TCGGTATCTAGTATAC-1","R3_large_2",0.31759793
"TCGGTGTCAACAGGCA-1","R3_large_2",0.11125264
"TCGGTGTCTAACCAAG-1","R3_large_2",0.19546477
"TCGTATACAAGACGAG-1","R3_large_2",0.19388321
"TCGTATAGGAGCCTAT-1","R3_large_2",0.55875623
"TCGTATCAACAGCACC-1","R3_large_2",0.7750769
"TCGTATCACGTTATGA-1","R3_large_2",0.04213277
"TCGTATTAGATCCGGT-1","R3_large_2",0.061876528
"TCGTATTCTGAGTGGC-1","R3_large_2",0.039666746
"TCGTCAAGCCTAATCT-1","R3_large_2",0.42783743
"TCGTCAAGTCCAGGTT-1","R3_large_2",0.06990887
"TCGTCACGATGTTCGA-1","R3_large_2",0.061933827
"TCGTCATCGTACCAAT-1","R3_large_2",0.04257368
"TCGTGCCTCGGTAGTT-1","R3_large_2",0.113316156
"TCGTTAGCTTACTCAT-1","R3_large_2",0.39685643
"TCTAACAAGCCAATCC-1","R3_large_2",0.3539423
"TCTAACCGTGCTAGCT-1","R3_large_2",0.57216996
"TCTAACTCTATGTTCT-1","R3_large_2",0.55547583
"TCTACAACTGGAACTT-1","R3_large_2",0.2797619
"TCTACACTGAGCTTCT-1","R3_large_2",0.53039587
"TCTACAGCACCGAACC-1","R3_large_2",0.32561344
"TCTACAGCTGAATCAA-1","R3_large_2",0.7658858
"TCTACATGAACTATAC-1","R3_large_2",0.047021177
"TCTACATGAATCTGAT-1","R3_large_2",0.05673648
"TCTACTATGCTAGCTC-1","R3_large_2",0.17672238
"TCTACTTAGGTTCTTA-1","R3_large_2",0.30473495
"TCTACTTAGTATTAGT-1","R3_large_2",0.1420423
"TCTAGAATTGCGGTTG-1","R3_large_2",0.34976935
"TCTAGATAAGGTTAGC-1","R3_large_2",0.05109058
"TCTAGCGACACCGAGC-1","R3_large_2",0.04828655
"TCTAGCGGAATGGATC-1","R3_large_2",0.15177949
"TCTAGCTCCGAGGACC-1","R3_large_2",0.2502357
"TCTAGCTTATTCGCCA-1","R3_large_2",0.049612936
"TCTAGGACTGCCACCG-1","R3_large_2",0.93649966
"TCTAGGCTCGCACCAA-1","R3_large_2",0.048761245
"TCTATTCCTTCCGGAA-1","R3_large_2",0.045649808
"TCTATTCTGCATTGGC-1","R3_large_2",0.04214696
"TCTGAGTCAGATCTTG-1","R3_large_2",0.07912084
"TCTGATCATAATGATT-1","R3_large_2",0.07010058
"TCTGCGTGCTATTCTA-1","R3_large_2",0.036806013
"TCTGGATATTAACCTA-1","R3_large_2",0.08914864
"TCTGGTAATCGTCCAA-1","R3_large_2",0.37804228
"TCTGGTATCTGTAGCC-1","R3_large_2",0.40754908
"TCTGGTCCTCCACTGT-1","R3_large_2",0.35817698
"TCTGTACGCTGTCCTC-1","R3_large_2",0.05767977
"TCTGTCACCGTTAATA-1","R3_large_2",0.43499455
"TCTTACATTACTTCGC-1","R3_large_2",0.08901647
"TCTTACCGCACTGAAT-1","R3_large_2",0.36978063
"TCTTACCGCTCGTATG-1","R3_large_2",0.074325874
"TCTTACCGGATCCGCT-1","R3_large_2",0.120726414
"TCTTACGAATCAGTGC-1","R3_large_2",0.46501422
"TCTTACGAGGAATAAG-1","R3_large_2",0.05496812
"TCTTACGAGGCCGACA-1","R3_large_2",0.834887
"TCTTACGGCCGCAACA-1","R3_large_2",0.12470257
"TCTTACTGAGACTAGT-1","R3_large_2",0.13856551
"TCTTAGATGCCTCCGA-1","R3_large_2",0.35131344
"TCTTAGGCCTGGCGTA-1","R3_large_2",0.79361457
"TCTTAGGCGACAGTCA-1","R3_large_2",0.118872344
"TCTTAGTCGCGGCAGA-1","R3_large_2",0.08627137
"TCTTCGAACAGCGTTA-1","R3_large_2",0.037585028
"TCTTCGAATTGTATAC-1","R3_large_2",0.1079437
"TCTTCGTCAGACCAGG-1","R3_large_2",0.17018394
"TCTTGAGCGGCAACGC-1","R3_large_2",0.3228882
"TCTTGAGTCATTATAC-1","R3_large_2",0.0638948
"TCTTGCACCAATCTAT-1","R3_large_2",0.10457287
"TCTTGCACGTCTAATG-1","R3_large_2",0.061287284
"TCTTGCACTATTCAGA-1","R3_large_2",0.087718226
"TCTTGCACTGGTGCTC-1","R3_large_2",0.05889352
"TCTTGCAGACTGCGAG-1","R3_large_2",0.1215208
"TCTTGCATAGACAATA-1","R3_large_2",0.27633628
"TCTTGCCACGTTCACT-1","R3_large_2",0.09400169
"TCTTGCCATCGTTGTA-1","R3_large_2",0.0722567
"TCTTGCCGGAGCCAGA-1","R3_large_2",0.14146693
"TCTTGTTATTCTTGAT-1","R3_large_2",0.087671906
"TGAACGAATCTTAATT-1","R3_large_2",0.54754823
"TGAACGGATCTGGTAC-1","R3_large_2",0.1882772
"TGAACGGATTCAAGTT-1","R3_large_2",0.04324208
"TGAACTCAAGGTCGGT-1","R3_large_2",0.049577475
"TGAATGCGGTTATGGA-1","R3_large_2",0.10317838
"TGAATGGTGCTTCGAT-1","R3_large_2",0.37964526
"TGAATGTACCTTCGTC-1","R3_large_2",0.44498816
"TGAATGTTGACATCGT-1","R3_large_2",0.14531225
"TGAATTATGCCGCAGT-1","R3_large_2",0.13931488
"TGACAGTACTATTCTA-1","R3_large_2",0.043565094
"TGACATTACAACGCCG-1","R3_large_2",0.32453865
"TGACCAACAGATAGGT-1","R3_large_2",0.42079496
"TGACCAAGCTGCACAT-1","R3_large_2",0.35945058
"TGACCAAGTAAGGACC-1","R3_large_2",0.03062203
"TGACCAATCAGCCACG-1","R3_large_2",0.099067226
"TGACCACGAAGCCGAG-1","R3_large_2",0.014435569
"TGACCAGGTATGACCT-1","R3_large_2",0.073117025
"TGACCATCCATCTGCT-1","R3_large_2",0.15164524
"TGACCATCCGCCACGT-1","R3_large_2",0.26756912
"TGACCTCCTTCAGATT-1","R3_large_2",0.058221176
"TGACCTGTCTATCTCG-1","R3_large_2",0.054526962
"TGACGCCTGCTTGTGA-1","R3_large_2",0.8074474
"TGACGCTCACCAAGCC-1","R3_large_2",0.4573108
"TGACGCTCGCGGTAGT-1","R3_large_2",0.034669667
"TGACGCTGCAGCTCAT-1","R3_large_2",0.15785196
"TGACGCTGCGATAGTA-1","R3_large_2",0.18414843
"TGACGCTTACTAGACA-1","R3_large_2",0.3337678
"TGACGGAGCGCTATAC-1","R3_large_2",0.16367607
"TGACGGAGTGAGGTTA-1","R3_large_2",0.7919937
"TGACTCCAAGTCTACC-1","R3_large_2",0.053693086
"TGACTTCGGCGTAACA-1","R3_large_2",0.32659504
"TGACTTGCACTCACGG-1","R3_large_2",0.3780614
"TGAGAACGAGTTCTGT-1","R3_large_2",0.4241341
"TGAGACAAGGACGACC-1","R3_large_2",0.025836924
"TGAGACGTGAACGGTC-1","R3_large_2",0.80710876
"TGAGACTATTGAATCT-1","R3_large_2",0.024713859
"TGAGATGCTCTAATGA-1","R3_large_2",0.89728534
"TGAGCATAGTCTTATT-1","R3_large_2",0.17032887
"TGAGCCTTGATGTATC-1","R3_large_2",0.10093965
"TGAGGACCACTGTTAC-1","R3_large_2",0.03417581
"TGAGGTCGGCTCGGCT-1","R3_large_2",0.041885104
"TGAGGTGCTTAAGCGA-1","R3_large_2",0.38210925
"TGAGTAAGCGCAATCC-1","R3_large_2",0.031219192
"TGAGTACGCTGCTCAG-1","R3_large_2",0.04619045
"TGAGTGACCTACTCGT-1","R3_large_2",0.06606814
"TGAGTGAGATCGCTAA-1","R3_large_2",0.30336875
"TGAGTTGTCCTCGCTT-1","R3_large_2",0.37620386
"TGAGTTGTTAGCACCG-1","R3_large_2",0.4594719
"TGATAAGCAGTAAGAA-1","R3_large_2",0.047033582
"TGATGGAACTAACGAA-1","R3_large_2",0.084925555
"TGATGGATGATCACGG-1","R3_large_2",0.15841964
"TGATGGCTGCGACGAT-1","R3_large_2",0.11964243
"TGATGGTTCCACTGAT-1","R3_large_2",0.11045619
"TGATTAGAATGACATA-1","R3_large_2",0.07704374
"TGATTCAAGATCGAGC-1","R3_large_2",0.24304995
"TGATTCGTCTGGATCT-1","R3_large_2",0.05139142
"TGCAACAGTGAAGCTC-1","R3_large_2",0.044931553
"TGCACCGGTCACCTCC-1","R3_large_2",0.32831147
"TGCACGAATGTACTAA-1","R3_large_2",0.8497949
"TGCACGAGTAGAGTTA-1","R3_large_2",0.61811143
"TGCACGAGTGTCAGCC-1","R3_large_2",0.046464108
"TGCACGCTCCTATCCG-1","R3_large_2",0.33314404
"TGCACGGCTGAGACTT-1","R3_large_2",0.026512435
"TGCACGGCTGGTAAGG-1","R3_large_2",0.17668423
"TGCACGGTAGACGGTA-1","R3_large_2",0.101022266
"TGCACGTGATTATCAA-1","R3_large_2",0.13561407
"TGCACTCCAGCTACTC-1","R3_large_2",0.5989228
"TGCAGAACTATCAACT-1","R3_large_2",0.17126903
"TGCAGAAGCAGTAGGC-1","R3_large_2",0.24090973
"TGCAGAATCGGAGGCT-1","R3_large_2",0.60638416
"TGCAGACGAACCAGAT-1","R3_large_2",0.030742716
"TGCAGAGCCTTGCCGG-1","R3_large_2",0.19864956
"TGCAGATGAGATCTAG-1","R3_large_2",0.28955102
"TGCAGTCGAGCACCAA-1","R3_large_2",0.053117596
"TGCAGTTATTCCACTC-1","R3_large_2",0.06125098
"TGCATTAATGGCCACC-1","R3_large_2",0.18914688
"TGCATTCACGTGTACT-1","R3_large_2",0.6819858
"TGCATTCGCCAGCGAT-1","R3_large_2",0.31679982
"TGCATTCGCTACAATG-1","R3_large_2",0.050430227
"TGCCAATCCATGTCTA-1","R3_large_2",0.029282851
"TGCCACAATGCTACCG-1","R3_large_2",0.27194864
"TGCCACCTATTACATT-1","R3_large_2",0.24417868
"TGCCACTATCAGGCAG-1","R3_large_2",0.04959408
"TGCCACTTAAGTGATG-1","R3_large_2",0.054983377
"TGCCAGGATGAGGTTC-1","R3_large_2",0.06528938
"TGCCGACGATGAACTG-1","R3_large_2",0.23316304
"TGCCGAGTTAAGAACG-1","R3_large_2",0.05270717
"TGCCGGCATTATAGAT-1","R3_large_2",0.06808711
"TGCCTACGCAGGCTGC-1","R3_large_2",0.7518476
"TGCCTATCAATGCCAT-1","R3_large_2",0.23996179
"TGCCTATCGGCTATGT-1","R3_large_2",0.15880191
"TGCCTATGGACTGGTC-1","R3_large_2",0.08453607
"TGCCTTAGGCGTCTAT-1","R3_large_2",0.013105266
"TGCGAACATATCGGCT-1","R3_large_2",0.26057345
"TGCGAATTCTCCGCAC-1","R3_large_2",0.05104513
"TGCGAGCCAGACGAAT-1","R3_large_2",0.54731065
"TGCGATCGCAATGAGC-1","R3_large_2",0.056640085
"TGCGATCTTGCTCGAT-1","R3_large_2",0.097093575
"TGCGATGTGCCTTGGC-1","R3_large_2",0.33356145
"TGCGATTAGCTCCGCC-1","R3_large_2",0.31086558
"TGCGCCAGTAATGATC-1","R3_large_2",0.03967928
"TGCGCCGAACGGACTC-1","R3_large_2",0.036888346
"TGCGCCGATCGCGAAG-1","R3_large_2",0.32736024
"TGCGCCTCTGGCTACA-1","R3_large_2",0.76899385
"TGCGCCTCTTCGGCGA-1","R3_large_2",0.06063161
"TGCGCTCATAGAACGA-1","R3_large_2",0.041936126
"TGCGGACCATGGTACC-1","R3_large_2",0.10000994
"TGCGGACGATACGGAC-1","R3_large_2",0.47142756
"TGCGGACTTAACTTCC-1","R3_large_2",0.13317202
"TGCGGACTTCTGTCGC-1","R3_large_2",0.058784332
"TGCGGATCATCCTAGA-1","R3_large_2",0.31594393
"TGCGTATCTTGTACCG-1","R3_large_2",0.044082813
"TGCGTCTGGATCGGAT-1","R3_large_2",0.09198317
"TGCGTGTCAGCCAGTG-1","R3_large_2",0.06717544
"TGCGTGTCGGCGGATA-1","R3_large_2",0.060238093
"TGCGTTATGTTCCGGA-1","R3_large_2",0.024295881
"TGCTACTTGTGGCTGG-1","R3_large_2",0.18362325
"TGCTATAATGTCGCTG-1","R3_large_2",0.007212234
"TGCTATGGTTGCGACA-1","R3_large_2",0.61674297
"TGCTATTGCGGCGTGG-1","R3_large_2",0.1311857
"TGCTATTGGTAAGTTC-1","R3_large_2",0.8881198
"TGCTATTGTCAAGGAG-1","R3_large_2",0.238512
"TGCTCAGATTGGTAGC-1","R3_large_2",0.066553175
"TGCTGTATTAGCGGTC-1","R3_large_2",0.15907247
"TGCTGTCTTGTTAATG-1","R3_large_2",0.040248796
"TGCTTACTCACCGGTC-1","R3_large_2",0.5842517
"TGCTTAGCCTGTTGGT-1","R3_large_2",0.36172688
"TGCTTAGCTCCTGGCT-1","R3_large_2",0.25757697
"TGCTTAGTTGACTTAC-1","R3_large_2",0.040730175
"TGCTTATGAATAAGCA-1","R3_large_2",0.13887793
"TGCTTATGCGGTTCTG-1","R3_large_2",0.8272606
"TGGAAGACGTGAGTAG-1","R3_large_2",0.09621874
"TGGAAGACTAGTCTTG-1","R3_large_2",0.055408217
"TGGAAGCCATAACAGT-1","R3_large_2",0.3489039
"TGGAAGCTCCATCGAC-1","R3_large_2",0.05550865
"TGGAAGGTTCGCTTGC-1","R3_large_2",0.14951849
"TGGACGCCTGCGACCG-1","R3_large_2",0.110708766
"TGGACTGACGTACCAC-1","R3_large_2",0.19275756
"TGGAGTCGGCAAGCTC-1","R3_large_2",0.17807059
"TGGAGTGAACGCGGTC-1","R3_large_2",0.24552697
"TGGAGTGATGGCTCTT-1","R3_large_2",0.04274102
"TGGAGTGCTCCTGATC-1","R3_large_2",0.41586453
"TGGAGTTGGTGAATCA-1","R3_large_2",0.19591627
"TGGATCCAGTCACTTC-1","R3_large_2",0.05567355
"TGGATCGGCCTCCATG-1","R3_large_2",0.41314968
"TGGCATCGATCAATTG-1","R3_large_2",0.30704972
"TGGCATGCGTTCACGC-1","R3_large_2",0.6499497
"TGGCATGTTCGAACAG-1","R3_large_2",0.17667204
"TGGCCAACATTCTGAG-1","R3_large_2",0.36324552
"TGGCCACTCCGCGGAC-1","R3_large_2",0.07049837
"TGGCCACTCCTGAGTG-1","R3_large_2",0.015965387
"TGGCCAGAGTATCTCC-1","R3_large_2",0.32341906
"TGGCGACACTGCCGGA-1","R3_large_2",0.3088935
"TGGCGACAGCACGGCC-1","R3_large_2",0.028568545
"TGGCGATGAGTGGCAG-1","R3_large_2",0.1030799
"TGGCTCACTCAATCAC-1","R3_large_2",0.23240405
"TGGCTCCGCATCAGAT-1","R3_large_2",0.054825004
"TGGCTGGACCTTAGGA-1","R3_large_2",0.06921345
"TGGTACAAGACACTGA-1","R3_large_2",0.065598056
"TGGTACAAGACCAATC-1","R3_large_2",0.31257638
"TGGTACCAGATTGTTA-1","R3_large_2",0.8946183
"TGGTACGGACGTAGTT-1","R3_large_2",0.11549485
"TGGTACGGTCGGCGAA-1","R3_large_2",0.22061941
"TGGTACGTGCTGTTGA-1","R3_large_2",0.8208397
"TGGTACTGACCGCTGC-1","R3_large_2",0.112482324
"TGGTACTGGTATCTTG-1","R3_large_2",0.54087806
"TGGTAGCCAGTTGACA-1","R3_large_2",0.08007475
"TGGTATGCAAGTCTAT-1","R3_large_2",0.036319196
"TGGTATTAGCTAGACC-1","R3_large_2",0.054785565
"TGGTATTGAGTTGTAA-1","R3_large_2",0.060563345
"TGGTCGAGATCTGTAA-1","R3_large_2",0.37455955
"TGGTGCACGACCTTAG-1","R3_large_2",0.0680986
"TGGTGCAGTACCATGC-1","R3_large_2",0.11791132
"TGGTGCCGCTGCAACA-1","R3_large_2",0.05351092
"TGGTGCCTAGCACGGC-1","R3_large_2",0.07570131
"TGGTGCGAACGTGGCG-1","R3_large_2",0.21037094
"TGGTGCGAATCCTGCT-1","R3_large_2",0.4879408
"TGGTGCGAGGTCGTAT-1","R3_large_2",0.06129751
"TGGTTGCCTCCGGCTT-1","R3_large_2",0.10619879
"TGGTTGGCGAAGCCTT-1","R3_large_2",0.88476074
"TGGTTGGTATCGGCAT-1","R3_large_2",0.049525775
"TGGTTGTCTATCGACA-1","R3_large_2",0.033657942
"TGTAAGTGATCAGACC-1","R3_large_2",0.12199994
"TGTAATACTACACGGT-1","R3_large_2",0.054517996
"TGTAATAGCCGATTAT-1","R3_large_2",0.5947019
"TGTAATCGAGACTGGC-1","R3_large_2",0.053289328
"TGTAATGCACTACGAG-1","R3_large_2",0.19829123
"TGTAATTGTATCCTCG-1","R3_large_2",0.37836096
"TGTACCAACTACGCAT-1","R3_large_2",0.4882817
"TGTACCAATATTAGTC-1","R3_large_2",0.3202313
"TGTACCACATACTGGT-1","R3_large_2",0.3771129
"TGTACCTGCAGGAACA-1","R3_large_2",0.59432477
"TGTAGCCGTACATAAC-1","R3_large_2",0.09809477
"TGTAGGCACGTACCTC-1","R3_large_2",0.08324092
"TGTAGGCAGGTCTAGC-1","R3_large_2",0.12739284
"TGTAGGTCACTACATG-1","R3_large_2",0.21376273
"TGTAGGTTCTGGCTTA-1","R3_large_2",0.08013853
"TGTATCACGGTGGAAC-1","R3_large_2",0.41084328
"TGTATCGGCGGTCGCA-1","R3_large_2",0.17500629
"TGTATGATTGTAGGTG-1","R3_large_2",0.033265788
"TGTATGCAGGATTCAC-1","R3_large_2",1
"TGTATGCCTATCTTAT-1","R3_large_2",0.6976928
"TGTATGCTCGCCTAGT-1","R3_large_2",0.31754327
"TGTCAACTCATCAACG-1","R3_large_2",0.07876406
"TGTCAACTTATTCAAT-1","R3_large_2",0.18387175
"TGTCAAGCGGATCGGT-1","R3_large_2",0.09979061
"TGTCACTAGCTCAGAC-1","R3_large_2",0.10185751
"TGTCACTCCGTCAAGT-1","R3_large_2",0.0036302884
"TGTCAGAAGTTGTAAC-1","R3_large_2",0.09621643
"TGTCAGACGAAGCACC-1","R3_large_2",0.23805381
"TGTCAGATAAGGTGAC-1","R3_large_2",0.03252104
"TGTCATGCATGAGCAC-1","R3_large_2",0.29402414
"TGTCATGTGACACGCT-1","R3_large_2",0.8673021
"TGTCCATGTATGGAAT-1","R3_large_2",0.18331264
"TGTCCGATAGTCACAG-1","R3_large_2",0.36977476
"TGTCGTTCATACGATA-1","R3_large_2",0.12780207
"TGTCTAAGCAGACGTA-1","R3_large_2",0.78687626
"TGTCTGTAAGCGAACT-1","R3_large_2",0.2525654
"TGTCTTGCGACTAATT-1","R3_large_2",0.06229928
"TGTTACCTATTGGACA-1","R3_large_2",0.005719918
"TGTTCACTGTCTTCCT-1","R3_large_2",0.2050531
"TGTTCAGCGAGGCAGT-1","R3_large_2",0.29858005
"TGTTCCTCACATTAAT-1","R3_large_2",0.15710631
"TGTTGGAACCTTCCGC-1","R3_large_2",0.15528901
"TGTTGGAACGAGGTCA-1","R3_large_2",0.020736087
"TGTTGGATGGACTTCT-1","R3_large_2",0.6115294
"TGTTGGCCTACACGTG-1","R3_large_2",0.8875694
